﻿2022-07-26T22:36:23.000Z,Euro 2022: Is women's football coming home?
2022-07-27T17:24:16.000Z,Euro 2022: Lionesses' success shows how far game has come
2022-07-27T13:19:46.000Z,Euro 2022: Young England fan whose dance went viral speaks to BBC
2022-07-27T17:50:18.000Z,"North and Midlands rail plans should be reconsidered, MPs say"
2022-07-27T05:05:31.000Z,Commonwealth Games: Bright colours transform Birmingham landmarks
2022-07-27T17:40:54.000Z,Archie Battersbee's family granted more time to appeal against ruling
2022-07-27T14:35:15.000Z,"Allison Bailey: Barrister awarded £22,000 in discrimination case"
2022-07-27T17:19:07.000Z,Transport for London: Bosses want more time to consider bailout offer
2022-07-27T15:48:00.000Z,Charles and Camilla attend 139th Sandringham Flower Show
2022-07-27T18:55:46.000Z,Britishvolt: Electric car battery plant's funding confirmed
2022-07-27T17:29:38.000Z,Officer suspected of sharing more suicide images
2022-07-27T17:13:48.000Z,Gun licence backlog declared critical incident by PSNI
2022-07-27T14:36:55.000Z,Randox: UK government criticised over £777m contracts
2022-07-27T17:35:03.000Z,"Monkeypox: More vaccines needed for 2,500 people most at risk"
2022-07-27T17:16:35.000Z,Waits of more than 12 hours in emergency departments rise by 49%
2022-07-27T20:29:54.000Z,Online abuser of BBC reporter Aileen Moynagh given probation order
2022-06-21T16:17:44.000Z,Rail strike: Labour MPs defy Keir Starmer's picket line plea
2022-07-25T22:05:34.000Z,Tory leadership debate: Highlights from Our Next Prime Minister
2022-07-26T17:57:20.000Z,Kate McCann: Tory debate scrapped after presenter faints on live TV
2022-07-27T09:50:13.000Z,Labour's shadow transport minister Sam Tarry backs striking rail workers
2022-07-27T10:27:12.000Z,Rail strikes: Shadow transport minister backs workers from picket line
2022-07-27T17:36:06.000Z,Keir Starmer sacks shadow transport minister who backed rail strikes
2022-07-27T13:33:35.000Z,Latest Network Rail strikes cut 90% of Scottish services
2022-07-27T16:04:31.000Z,Hundreds of schools in Scotland could shut over pay dispute
2022-07-27T15:05:10.000Z,Greenock cruise ship tourists lose out to rail strike
2022-07-27T14:42:48.000Z,Council leader quits amid sexual harassment claims
2022-07-27T20:45:51.000Z,"Scottish Power to recruit 1,000 green energy staff"
2022-07-27T15:06:52.000Z,Train strikes Wales: Avoid travel warning as services halted
2022-07-27T20:14:09.000Z,"Saundersfoot grandmother's eviction by church 'immoral', says family"
2022-07-27T18:47:29.000Z,"Cardiff dad and son poisoned in Bangladesh, police say"
2022-07-27T21:56:04.000Z,Teen 'traumatised' by Blaenau Gwent hospital restraints
2022-07-27T21:56:27.000Z,Aryan Ghoniya: Cardiff boy's river death 'won't be the last'
2022-07-27T13:57:15.000Z,Jamie Wallis: Man admits spitting at MP outside London Paddington
2022-07-27T15:01:25.000Z,TikTok: Teacher died in Snowdon fall looking for beauty spot
2022-07-27T20:22:08.000Z,"Tributes to 'sweet, friendly' poisoned father and son, 16"
2022-07-27T23:46:24.000Z,
