﻿2022-09-07T16:10:37.000Z,Peppa Pig: First same-sex couple for children's show
2022-09-07T18:52:04.000Z,"Rwanda migrant flights plan legally viable, government lawyers say"
2022-09-07T17:30:54.000Z,Newcastle arrest over alleged Liberian civil war crimes
2022-09-07T22:46:09.000Z,
2022-09-07T16:18:45.000Z,The women turning rice farming into wealth in Sierra Leone
2022-09-06T22:08:45.000Z,On a mission with China's pet detectives
2022-09-06T23:08:26.000Z,South Korea: 'They cancelled my job interviews because I'm disabled'
2022-09-06T23:06:04.000Z,Rahul Gandhi: Can long march revive India's Congress party in digital age?
2022-09-07T23:06:49.000Z,John Pennycuick: The British-era colonel revered in Tamil Nadu
2022-09-07T23:27:13.000Z,How the ‘man in black’ was exposed by the Russian women he terrorised
2022-09-07T17:48:18.000Z,Ukraine urges Europe not to wobble on war support
2022-09-07T13:44:13.000Z,EU plans Russian gas price cap despite Putin threat
2022-09-07T13:44:13.000Z,EU plans Russian gas price cap despite Putin threat
2022-09-07T17:50:28.000Z,Saky airfield: Ukraine claims Crimea blasts responsibility after denial
2022-09-07T18:24:24.000Z,Albania severs diplomatic ties with Iran over cyber-attack
2022-09-07T23:03:07.000Z,Greece wiretap and spyware claims circle around PM Mitsotakis
2022-09-07T14:28:31.000Z,Watch: Firefighters tackle Italy chemical plant fire
2022-09-07T21:04:04.000Z,Ukraine round-up: Eastern advance and Crimea claim
2022-09-07T19:43:15.000Z,"Paul Urey: Captured Briton possibly suffered 'unspeakable' torture, says Ukraine"
2022-09-07T22:46:09.000Z,Zelensky hails 'good news' as settlements recaptured from Russia
2022-09-05T23:11:45.000Z,Hermit faces eviction from beachside cave home
2022-09-07T19:28:01.000Z,Canada stabbings: Police identify the 10 victims killed in Saskatchewan
2022-09-07T12:14:58.000Z,California wildfires: Two dead and mass evacuations amid heatwave
2022-09-07T21:55:16.000Z,New York state ends 28-month mask mandate on public transport
2022-09-07T14:10:57.000Z,Shark attack kills US cruise passenger in Bahamas
2022-09-07T21:26:59.000Z,"Canada stabbings suspect has 59 prior convictions, documents show"
2022-09-07T19:21:42.000Z,Oath Keepers: Leaked membership list includes police and politicians
2022-09-07T23:31:36.000Z,Canadian mass stabbing suspect arrested
2022-09-07T23:07:20.000Z,Obamas unveil 'stunning' White House portraits
