﻿2022-08-12T10:23:07.000Z,Is there a hosepipe ban in my area?
2022-08-13T06:05:45.000Z,2022 World Cup: Will Wales fan zones make a comeback?
2022-08-13T00:53:37.000Z,UK heatwave: Five common myths debunked
2022-08-12T01:56:18.000Z,Heat: How different sectors are coping
2022-08-12T11:43:20.000Z,Dust devil: Footage shows the whirlwind blowing in County Durham
2022-08-13T19:19:19.000Z,"England drought: Everyone must rethink their water use, experts say"
2022-08-13T19:44:34.000Z,Transformers: Royal Mail issues stamps to mark global franchise
2022-08-12T19:57:30.000Z,"Extreme heat 'making us sick', say homeless in Bristol"
2022-08-13T16:43:08.000Z,Large wildfire in Cornwall tackled by nine crews
2022-08-13T14:29:43.000Z,UK heatwave: Studland fire caused by barbecue - fire service
2022-08-13T06:22:45.000Z,Grace Millane's family awarded for supporting women's refuges
2022-08-13T12:22:36.000Z,Broomfield blaze 'one of the largest field fires we had ever seen'
2022-08-13T15:45:55.000Z,Harlow gardens damaged after field fire spreads
2022-08-13T16:20:14.000Z,Southend police officer pulls unconscious boy from sea
2022-08-13T12:21:43.000Z,Forest of Dean: Millionaire jailed over unauthorised 'man cave'
2022-08-13T15:56:39.000Z,A63 barriers buckle at South Cave during hot weather
2022-08-13T10:12:48.000Z,Ramsgate: Man charged over family hit-and-run deaths
2022-08-12T23:01:04.000Z,'I got told off for playing football'
2022-08-13T16:31:46.000Z,Rammey Marsh: Enfield blaze tackled by 70 firefighters
2022-08-13T15:14:23.000Z,Shropshire's NHS health and care system declares critical incident
2022-08-13T15:28:45.000Z,Parts of Surrey without water during drought and heatwave
2022-08-13T06:03:27.000Z,Institute FC: Fans share memories of Riverside Stadium
2022-08-12T05:30:23.000Z,"‘I was a dentist before Ukraine war, I want to help others’"
2022-08-13T18:49:42.000Z,Apprentice Boys' annual Relief of Derry Parade takes place
2022-08-13T19:04:54.000Z,Noah Donohoe: Thousands at Belfast protest
2022-08-13T09:17:31.000Z,Scotland's papers: Rushdie stabbed in neck and NHS angels strike vote
2022-08-13T17:59:57.000Z,Edinburgh Fringe: Jerry Sadowitz show cancelled by venue bosses
2022-08-13T14:54:29.000Z,Nurseries closed in East Lothian E. coli outbreak
2022-08-13T13:53:20.000Z,"Climber, 82, completes 282 mountain challenge"
2022-08-13T13:13:31.000Z,Scottish council leaders want 5% staff pay offer to avert strikes
2022-08-13T20:57:34.000Z,More new mothers over 40 than under 20 in Wales for first time
2022-08-13T20:57:39.000Z,Brecon walkers pick up 80 dog poos in 90 minutes in town
2022-08-13T13:17:30.000Z,Heatwave: Two-day warning for rain and thunderstorms
2022-08-13T08:23:05.000Z,Caldicot: Military railway to become cycle path
2022-08-13T11:18:33.000Z,Green Man: Two ministers won't make decisions after meet-up
2022-08-13T15:56:58.000Z,Anglesey: Public to have say on £23m charitable trust spending
2022-08-13T11:37:56.000Z,Wales Coast Path: Walker does 75th birthday challenge
2022-08-13T18:35:08.000Z,"Jonathan Edwards: MP who assaulted wife should quit, Plaid leader says"
2022-08-13T19:52:36.000Z,St Davids: Roads reopen after large corn fields fire put out
2022-08-13T18:18:32.000Z,Gower: Two rescued from burning boat after it caught fire
2022-08-13T23:00:32.000Z,
2022-08-13T20:26:31.000Z,Salman Rushdie stabbing suspect charged with attempted murder
