﻿2022-09-01T17:03:46.000Z,Second cruise ship for Ukrainian refugees arrives in Glasgow
2022-09-01T22:44:17.000Z,
2022-09-01T17:36:56.000Z,Enyobeni Tavern toxicology report: Suggestions victims suffocated
2022-09-01T16:55:16.000Z,Why is Emirates halting business in Nigeria?
2022-08-31T13:51:44.000Z,Pakistan floods: Shelter staff rescue 250 dogs
2022-09-01T10:02:10.000Z,Floppy disks in Japan: Minister declares war on old-fashioned technology
2022-09-01T16:14:56.000Z,Pakistan floods: Time running out for families in Sindh
2022-09-01T17:12:50.000Z,Uyghurs UN report: International community must take action or be 'wilfully complicit'
2022-09-02T00:30:10.000Z,My ‘Parasite’-style apartment was like a five-star hotel
2022-09-01T15:50:01.000Z,Covid in China: Chengdu lockdown after outbreak
2022-09-02T00:24:56.000Z,Karnataka: The leopard that has put India state in a spot
2022-09-01T15:07:59.000Z,'Brit in the bush': Backpacker who became an accidental outback cook
2022-08-18T05:29:52.000Z,Ukraine: Preparing for the worst as situation at nuclear plant ‘approaches critical’
2022-09-01T21:56:32.000Z,Ukraine nuclear plant: How risky is stand-off over Zaporizhzhia?
2022-08-30T21:44:05.000Z,Mikhail Gorbachev: Last Soviet leader dies aged 91
2022-09-01T00:17:19.000Z,Ukraine war: 'I'm more scared of my new teacher than of war'
2022-09-01T05:22:44.000Z,"In the east, Ukraine braces to launch counter-attack"
2022-08-31T17:40:00.000Z,Giant hailstones lash parts of Spain
2022-09-01T13:48:14.000Z,Ravil Maganov: Russian Lukoil chief dies in 'fall from hospital window'
2022-09-01T11:33:20.000Z,Spain's Tomatina food fight returns after Covid hiatus
2022-09-01T16:33:57.000Z,Putin will not attend Gorbachev's funeral
2022-09-01T22:44:17.000Z,Zaporizhzhia nuclear plant: UN experts make first inspection
2022-09-01T19:03:17.000Z,Earthquake rocks Liechtenstein Parliament... during earthquake debate
2022-09-01T19:17:01.000Z,A risky inspection and Russian oil boss dies - Ukraine round-up
2022-09-02T02:37:33.000Z,Cristina Fernandez de Kirchner: 'Assassination attempt' on ex-Argentina president
2022-09-01T10:34:38.000Z,Palestinian prisoners held by Israel set to go on mass hunger strike
2022-09-01T23:55:15.000Z,Canada: Why ERs are struggling to stay open nationwide
2022-09-01T16:20:22.000Z,Canada: 12 diners sent to hospital from likely aconite poisoning
2022-09-01T21:52:02.000Z,January 6: Ex-police officer gets record 10-year sentence over Capitol riots
2022-09-02T01:35:43.000Z,"Jackson, Mississippi residents told to shower with mouths shut"
2022-09-02T01:33:20.000Z,Biden says 'Maga forces' threaten US democracy
