﻿2022-07-11T21:01:23.000Z,Sir Mo Farah reveals he was trafficked to the UK as a child
2022-07-11T21:02:59.000Z,"Most people know me as Mo Farah, but it's not my name"
2022-07-11T16:16:57.000Z,Ukraine refugees: Scotland pauses super sponsor scheme
2022-07-11T21:59:21.000Z,Gary Speed: Wales manager's mother talks about his death
2022-07-11T15:34:53.000Z,
2022-07-11T20:12:25.000Z,Ukraine round-up: Afghan commander and Russia gas cut fears
2022-07-11T14:32:48.000Z,José Eduardo dos Santos: Spain approves autopsy for ex-Angola leader
2022-07-10T14:22:08.000Z,Sri Lanka: 'The protests have changed thinking for the better'
2022-07-11T13:29:05.000Z,Sri Lanka: First fuel in days trickles through to residents
2022-07-09T11:09:21.000Z,Sri Lanka crisis: Demonstrators take over presidential residence
2022-07-11T15:28:34.000Z,Shinzo Abe: 'It's just so sad' - Mourners attend a vigil for Japan's ex-leader
2022-07-11T00:08:13.000Z,Gujarat: The unusual lion sightings on India's beaches
2022-07-09T23:06:54.000Z,Tamil Nadu: The Indian man who makes art from sunlight
2022-07-09T23:08:56.000Z,Ukraine war: A welcome on two wheels for refugee children
2022-07-10T23:07:56.000Z,Pikku-Finlandia: Helsinki's new building held up by trees
2022-07-10T23:06:40.000Z,The Afghan refugee commanding Ukrainian troops
2022-07-10T17:28:05.000Z,Ukraine war: Apartment block destroyed after Russian rocket strike
2022-07-10T23:16:06.000Z,Wildfires break out across parts of Portugal
2022-07-11T15:34:53.000Z,Ukraine war: Germany fears Russia gas cut may become permanent
2022-07-11T15:34:53.000Z,Ukraine war: Germany fears Russia gas cut may become permanent
2022-07-11T14:52:03.000Z,"Ukraine war: 7,200 Ukrainian service personnel missing - ombudsman"
2022-07-11T15:20:29.000Z,Lisa Smith: Ex-Irish soldier turned IS member 'vulnerable'
2022-07-11T22:22:14.000Z,Ukraine war: Russian military equipment on show in Prague
2022-07-11T19:36:50.000Z,Jafar Panahi: Acclaimed film maker held in Iran amid crackdown
2022-07-11T23:03:34.000Z,Jenin in the West Bank: Guns and grief on the rise
2022-07-11T14:19:42.000Z,"In first, US considers over-the-counter birth control pills"
2022-07-11T17:12:28.000Z,Texas woman argues unborn baby counts as passenger after fine
2022-07-11T20:20:17.000Z,What looming US Capitol riot hearings might tell us
