﻿2022-07-19T12:43:20.000Z,Heatwave: Why is Heathrow so hot?
2022-07-18T23:56:00.000Z,Ros Atkins on… Why this heatwave isn’t like 1976
2022-07-19T22:05:48.000Z,Heatwave: Fires blaze after UK passes 40C for first time
2022-07-19T22:05:48.000Z,Heatwave: Fires blaze after UK passes 40C for first time
2022-07-19T21:31:08.000Z,UK forecast: Cooler temperatures ahead
2022-07-19T13:45:13.000Z,UK heatwave: How do you keep animals cool?
2022-07-19T12:35:55.000Z,How to keep animals cool in the hot weather
2022-07-19T16:16:59.000Z,Fires blaze across London and south-east England
2022-07-19T18:52:45.000Z,"Teachers, police officers, nurses: What pay rise are they getting?"
2022-07-19T22:11:09.000Z,EuroMillions: UK ticket-holder wins record £195m jackpot
2022-07-19T15:28:44.000Z,The hidden dangers of summertime swims
2022-07-19T20:14:09.000Z,Human skulls deposited by badgers in Dudley garden
2022-07-19T20:12:27.000Z,Clacton: Swimmer missing after five saved from sea
2022-07-19T20:48:48.000Z,Huge fire breaks out in Stourport nature reserve
2022-07-19T17:54:40.000Z,Agnes Akom: Lorry driver Necolai Paizan guilty of power tool murder
2022-07-19T20:39:00.000Z,London fires: Major incident declared as crews tackle blazes
2022-07-19T18:46:25.000Z,Fire services in East declare major incidents due to heatwave blazes
2022-07-19T20:37:11.000Z,Blidworth: Homes evacuated as 15 crews tackle forest fire
2022-07-19T16:32:51.000Z,Paul Rowlands death: Portrush victim was father of five from Cambridge
2022-07-19T18:16:27.000Z,Asbestos 'only a risk if disturbed' says Housing Executive
2022-07-19T22:02:51.000Z,Newtownards: Two people believed to have died in air crash
2022-07-17T20:43:34.000Z,Conservative Party leadership: The candidates step up their attacks
2022-07-19T16:52:16.000Z,"Anti-Semitism used as factional weapon within Labour, says report"
2022-07-19T20:48:54.000Z,The surprising joviality of Tory leadership votes
2022-07-19T16:14:32.000Z,Tory leadership: Badenoch out as race to be next PM tightens
2022-07-19T16:14:32.000Z,Tory leadership: Badenoch out as race to be next PM tightens
2022-07-19T22:27:53.000Z,Public sector pay: Police and most NHS staff get below-inflation rises
2022-07-19T20:39:06.000Z,Pay rise of 4.5% for NHS doctors and dentists
2022-07-19T20:33:14.000Z,Temperature hits 34.8C on Scotland's hottest day
2022-07-19T22:00:50.000Z,Baglan Energy Park: £6m to connect energy park with no power
2022-07-19T21:39:15.000Z,TikTok: Video of woman harassed in Cardiff gets two million views
2022-07-19T18:43:44.000Z,New Tredegar: Woman charged with murder following man's death
2022-07-19T20:37:04.000Z,Martin Dyer: Ex-Ipswich player killed paragliding in France
2022-07-19T22:00:04.000Z,"Energy bills: Wales' £200 payment going to 200,000 more homes"
2022-07-19T19:53:27.000Z,Funding warning over Welsh public sector pay rises
2022-07-19T21:41:33.000Z,
2022-07-19T15:57:56.000Z,Heatwave: The UK and Europe's record temperatures in maps and charts
