﻿2022-08-22T21:53:45.000Z,Jagtar Singh Johal case: UK spy agencies accused of tip-off that led to torture
2022-08-22T22:55:29.000Z,
2022-08-22T16:16:39.000Z,Raila Odinga - Kenya's eternal candidate
2022-08-22T17:02:16.000Z,Kenya election: Raila Odinga challenges William Ruto win in Supreme Court
2022-08-22T20:52:04.000Z,Kenya elections 2022: Raila Odinga's lawyer outlines the case for contesting elections
2022-08-22T09:45:30.000Z,Imran Khan: Pakistan police charge ex-PM under terrorism act
2022-08-22T23:32:40.000Z,377A: Gay marriage looms as new front line in Singapore battle for LGBT rights
2022-08-22T14:04:01.000Z,Watch: The moment Singaporeans learn gay sex ban will end
2022-08-22T14:47:16.000Z,Imran Khan: Supporters show solidarity with ex-Pakistan PM
2022-08-22T23:46:30.000Z,India and Pakistan: Tales of partition trauma bringing families closer
2022-08-22T23:53:44.000Z,Kolkata St Xavier's teacher: ‘I was forced to resign over Instagram photos’
2022-08-22T00:30:28.000Z,Melting glaciers: Germany's 'could disappear' in 50 years
2022-08-22T22:55:29.000Z,"Darya Dugina: Ukraine killed Putin ally's daughter, Russia says"
2022-08-22T13:36:45.000Z,Darya Dugina: Speculation rife as Russians ponder journalist's killing
2022-08-22T12:19:11.000Z,Sanna Marin: Dancing women show support for Finland's PM
2022-08-22T19:09:37.000Z,Ukraine round-up: Russia blames Ukraine for Dugina killing and mass events banned in Kyiv
2022-08-22T17:56:09.000Z,Moment superyacht sinks off the coast of Italy
2022-08-22T16:12:07.000Z,Sanna Marin: Finland PM's drugs test negative after party video
2022-08-22T18:45:10.000Z,Hungary's weather chief sacked over wrong forecast
2022-08-22T13:20:50.000Z,Pedro I: Emperor's embalmed heart arrives in Brazil
2022-08-10T16:11:42.000Z,How big are Donald Trump's legal problems?
2022-08-21T23:01:02.000Z,Why are these Americans turning in (some of) their guns?
2022-08-10T02:11:47.000Z,Could Trump investigation stop him running in 2024?
2022-08-18T22:26:47.000Z,What we do and don't know about the FBI search of Trump's home
2022-08-22T18:36:40.000Z,Arkansas: Three officers suspended after video shows beating
2022-08-22T16:50:37.000Z,Dr Anthony Fauci to step down from government in December
2022-08-22T19:14:41.000Z,Three Arkansas officers suspended over violent arrest video
2022-08-22T23:26:47.000Z,"Parkland gunman's brain irretrievably broken, jury hears"
2022-08-22T23:20:06.000Z,Trump sues justice department over Mar-a-Lago search
2022-08-22T20:47:52.000Z,Texas flash floods leaves cars almost underwater
