﻿2022-06-16T09:24:03.000Z,How hot is it where you are?
2022-07-17T23:41:36.000Z,Harrison McDonald: The 16-year-old DJ juggling gigs and GCSEs
2022-07-17T23:50:11.000Z,Barristers' strike: Crime victims in despair as court delays worsen
2022-07-14T15:33:36.000Z,"Ice in hats, ventilated suits - keeping cool at work"
2022-07-16T23:15:05.000Z,UK heatwave: The unusual things happening because of the heat
2022-07-15T22:53:07.000Z,The next PM: The first debate in 90 seconds
2022-07-17T23:18:55.000Z,"Rwanda migrant scheme: No evidence that UK policy deters migrants, say MPs"
2022-07-16T16:32:56.000Z,UK heatwave: Health secretary sets out steps for public to cope with heatwave
2022-07-17T20:56:59.000Z,UK heatwave: Amber warning in place as UK has hottest day of the year
2022-07-17T15:52:41.000Z,"Rugby player Ricky Bibey, 40, found dead in Italy - reports"
2022-07-16T23:01:47.000Z,TikTok Trucker Tim inspiring new lorry drivers
2022-07-17T09:48:33.000Z,UK heatwave: Reduced speeds on South West railways amid buckling concern
2022-07-17T15:46:18.000Z,UK heatwave: Significant Great Western Railway disruption warning
2022-07-17T18:36:36.000Z,"Isle of Wight boy, 15, accused of planning terrorist attacks"
2022-07-17T16:30:45.000Z,Bury tractor crash: Mum's tribute to 'sunshine boy' who died
2022-07-15T23:15:54.000Z,"'Stress can't fly, that's just how it is'"
2022-07-17T12:27:54.000Z,Rotherham: Dog that killed woman a legal 'American Bully XL'
2022-07-17T12:02:56.000Z,Heatwave: Longleat animals keeping cool with ice lollies
2022-07-17T14:29:56.000Z,Salisbury Plain fire spreads smoke across county to Swindon
2022-07-17T13:33:06.000Z,Omagh: Motorcycle set on fire in suspected arson attack
2022-07-17T15:13:20.000Z,Glenavy: Man in his 20s seriously injured after 'bladed weapon' attack
2022-07-17T20:45:39.000Z,RNLI: Nine rescued from boat off County Antrim coast
2022-07-17T10:43:51.000Z,PM's Partygate account more fiction than reality - Tom Tugendhat
2022-07-17T11:31:58.000Z,People want to get away from toxic politics - Penny Mordaunt
2022-07-17T22:27:12.000Z,Tory leadership: Rivals get personal in latest TV debate
2022-07-17T20:43:34.000Z,Conservative Party leadership: The candidates step up their attacks
2022-07-17T21:55:48.000Z,Chris Mason: Conservative leadership TV debate turns colleagues into opponents
2022-07-17T14:14:41.000Z,Extreme heat warning extended to east of Scotland
2022-07-17T06:13:42.000Z,Bear photography takes great-grandmother round the world
2022-07-17T20:57:16.000Z,Heatwave: Royal Welsh pigs need sunscreen amid record heat
2022-07-17T14:18:31.000Z,The springer spaniel helping stop rhino poachers in South Africa
2022-07-17T20:57:31.000Z,Covid: Poorer pupils in Wales falling further behind after pandemic
2022-07-17T13:59:47.000Z,Kidwelly: Arrest as biker and passenger seriously hurt in crash
2022-07-17T15:14:35.000Z,Heatwave: Cardiff child cancer ward's air con fails
2022-07-17T20:56:34.000Z,Royal Welsh Show returns in heatwave conditions
2022-07-17T16:48:12.000Z,New Tredegar: Woman held on suspicion of murder after man dies
2022-07-16T23:22:10.000Z,
