﻿2022-07-30T00:40:52.000Z,Winland Academy caught hiring writers for uni applications
2022-07-28T10:31:36.000Z,Watch: The first televised court sentencing takes place at the Old Bailey
2022-07-29T16:30:21.000Z,Wagatha Christie case: Judgement at a glance
2022-07-30T14:28:14.000Z,Ex-health secretaries call for urgent blood scandal pay-outs
2022-07-30T15:25:59.000Z,"Lillia Valutyte: Man arrested after girl, 9, stabbed to death"
2022-07-30T13:54:15.000Z,Commonwealth Games: Welsh fans turn Birmingham red
2022-07-30T15:36:12.000Z,Camp Bestival 2022: Dancers beat world disco record
2022-07-30T14:35:42.000Z,London Gateway: £40m cocaine stash found in banana boxes
2022-07-30T15:56:25.000Z,Archie Battersbee's parents appeal to Health Secretary
2022-07-30T07:08:42.000Z,Guy's and St Thomas' systems hit by 'ludicrous' heatwave
2022-07-30T23:00:03.000Z,'I adopt wobbly cats'
2022-07-29T23:05:33.000Z,'My first Pride is in memory of my brother'
2022-07-29T05:10:19.000Z,Farmers warn 'if the rain doesn't come we're really in trouble'
2022-07-30T15:47:02.000Z,Three teenagers killed in car crash in North Yorkshire
2022-07-30T05:46:54.000Z,Latest Northern Ireland weather forecast
2022-07-30T06:08:28.000Z,Flooding: What to do if your NI home is hit by flooding
2022-07-30T19:51:45.000Z,"Belfast Pride 2022: Parade 'biggest ever', police say"
2022-07-30T05:42:51.000Z,Shauna Lennon: From wheelchair to walking on stage at graduation
2022-07-30T12:05:05.000Z,Strangford Lough: Driver taken to hospital after car found overturned
2022-07-30T14:48:19.000Z,"Translink: Man, 31, released on bail after train conductor assault"
2022-07-30T19:45:05.000Z,Belfast Pride returns to city after three-year Covid absence
2022-07-29T04:17:46.000Z,Truss courts Johnson loyalists as Sunak faces jibes
2022-07-30T09:39:55.000Z,Scotland's papers: Unbeatable Fachie and NHS faces 'perpetual winter'
2022-07-30T08:47:55.000Z,Witness protection threw my life into turmoil
2022-07-30T08:54:05.000Z,The Ukrainians living on a cruise ship in Edinburgh
2022-07-30T08:50:49.000Z,I want to be the first disabled Ms Great Britain
2022-07-30T08:54:38.000Z,Viking-age treasure hoard goes on show in Aberdeen
2022-07-30T07:20:21.000Z,Misdiagnosed fractures saw children put in care
2022-07-30T20:57:29.000Z,Flesh-eating bug: Swansea DJ tells how graze almost killed him
2022-07-30T08:46:44.000Z,"Snakes: Don't be alarmed by more Bridgend sightings, council says"
2022-07-30T16:40:30.000Z,In pictures: My life growing up in a Chinese takeaway
2022-07-30T14:57:03.000Z,Train strikes: Avoid travel warning as Wales' services halt
2022-07-30T20:53:24.000Z,Flesh-eating bug: Knee infection almost kills Swansea DJ
2022-07-30T10:14:34.000Z,Church offers overnight camping to avoid closure
2022-07-30T15:49:40.000Z,Llanberis: 'Lagoons' parking to be expanded and resurfaced
2022-07-30T15:38:04.000Z,Betsi Cadwaladr: Health board's urgent vascular measures
2022-07-30T19:43:12.000Z,Powys: Motorbike passenger injured in ambulance crash
2022-07-30T19:56:34.000Z,Anglesey: Dinghy 'hero' rescues six child paddleboarders
2022-07-30T09:36:05.000Z,
2022-07-28T10:59:34.000Z,Neighbours: On set with the stars for the finale
2022-07-30T22:22:49.000Z,Beach body ad edited out my prosthetic leg - model
