﻿2022-07-15T15:33:25.000Z,Ukraine war: British man Paul Urey held by separatists dies
2022-07-15T17:00:28.000Z,"No new probe into SAS claims, defence chief says"
2022-07-15T14:55:01.000Z,Appledore Shipyard lands £55m vessel refit contract
2022-07-15T14:24:47.000Z,
2022-07-14T07:58:00.000Z,New exhibition explores African fantasy and race through art
2022-07-15T14:18:55.000Z,Morocco wildfires: Toxic smoke and raging blazes
2022-07-15T14:36:14.000Z,Ranil Wickremesinghe: Can Sri Lanka's acting president restore order?
2022-07-15T01:06:42.000Z,She treated Myanmar's resistance and paid with her life
2022-07-13T10:14:05.000Z,Sri Lanka: Inside the prime minister's office stormed by protesters
2022-07-13T19:39:15.000Z,Sri Lanka: Four key moments from storming of PM's office
2022-07-15T14:25:07.000Z,Sri Lanka seeks way forward after president quits
2022-07-15T23:10:24.000Z,China heatwave: Shanghai workers swelter in 40C heat
2021-02-24T20:37:14.000Z,Jamal Khashoggi: All you need to know about Saudi journalist's death
2022-07-14T23:17:02.000Z,'They started hunting for me': Ukraine politicians face torture in Russian detention
2022-07-13T20:14:33.000Z,"'We hope for the best, son' - War nears Ukraine maternity ward"
2022-07-15T12:59:05.000Z,Tom Hanks learned Saving Private Ryan lines from helmet on Irish beach
2022-07-15T17:47:22.000Z,"Europe heatwave: Thousands escape wildfires in France, Spain and Greece"
2022-07-15T20:17:31.000Z,Heatwave: RNLI 'concerned' ahead of soaring NI temperatures
2022-07-15T16:40:21.000Z,Yulia Tsvetkova: Russian LGBT activist acquitted of 'porn' charges
2022-07-15T14:24:47.000Z,Ukraine war: Four-year-old Liza killed by Russian attack on Vinnytsia
2022-07-15T15:22:47.000Z,German officer who posed as Syrian refugee jailed in terror trial
2022-07-15T19:15:43.000Z,"Ukraine round-up: Girl, 4, among Russian rocket attack victims and British aid worker dies"
2022-07-15T10:15:22.000Z,Haiti fuel terminal reopens but gang war persists
2022-07-15T21:27:22.000Z,Mexican drugs lord Rafael Caro Quintero arrested - reports
2022-07-15T19:09:55.000Z,Saudi Arabia: Biden meets crown prince amid criticism
2022-07-15T11:29:44.000Z,Palestinian people deserve a state of their own - Biden
2022-07-15T13:48:58.000Z,Biden offers Palestinians warm words but deep rift remains
2022-07-15T18:36:22.000Z,Shireen Abu Aqla's brother: 'I feel abandoned'
2021-02-26T21:45:44.000Z,Jamal Khashoggi: US says Saudi prince approved Khashoggi killing
2022-07-15T22:16:58.000Z,Nova Scotia shooting: Gunman's partner describes night of terror
2022-07-14T23:37:30.000Z,Why Biden's Saudi trip has proved so thorny
2022-07-15T16:37:18.000Z,Jayland Walker: Autopsy shows black man 'shot or grazed' 46 times
2022-07-15T22:52:25.000Z,Saudi Arabia: Biden raised Khashoggi murder with crown prince
