﻿2022-09-06T20:12:57.000Z,
2022-09-06T23:05:33.000Z,Hadraawi: Tribute to the poet on the lips of every Somali
2022-09-06T22:08:45.000Z,Meet China's lost pet detectives
2022-09-06T14:28:27.000Z,Pakistan floods: Officials struggle to stop biggest lake overflowing
2022-09-06T23:08:26.000Z,South Korea: 'They cancelled my job interviews because I'm disabled'
2022-09-04T23:05:13.000Z,Chinese motorcyclists join Chongqing wildfire battle
2022-09-03T23:04:41.000Z,Tamil Nadu: India woman's food paintings you will want to eat
2022-09-06T23:06:04.000Z,Rahul Gandhi: Can a long march revive India’s Grand Old Party?
2022-09-06T07:04:42.000Z,Italy elections: Who's who and how the vote works
2022-09-06T15:15:55.000Z,"Ukraine war: North Korea supplying Russia with weapons, says US"
2022-09-06T15:15:55.000Z,"Ukraine war: North Korea supplying Russia with weapons, says US"
2022-09-06T21:36:58.000Z,Zaporizhzhia: UN nuclear agency calls for Ukraine plant safety zone
2022-09-06T14:56:45.000Z,PSG football coach faces backlash over 'sand yacht' response to private jet question
2022-09-06T15:38:34.000Z,Dutch city of Haarlem may be world’s first to ban most meat ads
2022-09-06T16:20:04.000Z,Ukraine war: Russians to pay €45 more to enter EU under new rules
2022-09-06T20:12:57.000Z,Ukraine round-up: UN nuclear safety call and Russia 'gets North Korean arms'
2022-09-06T12:18:39.000Z,Tracking Tico: Manatee rescued after frantic search
2022-09-05T23:11:45.000Z,Hermit faces eviction from beachside cave home
2022-09-06T14:35:36.000Z,Israel defence minister's cleaner jailed for trying to spy for Iran-linked hackers
2022-09-06T19:18:17.000Z,Netflix: Saudi Arabia and GCC warn streaming giant over violating 'Islamic values'
2022-09-06T16:05:11.000Z,Fat Leonard: Malaysian businessman linked to US Navy scandal escapes
2022-09-06T23:29:00.000Z,Canada stabbings: Relatives identify 'random' victims of Saskatchewan attack
2022-09-06T23:52:58.000Z,Eliza Fletcher: Police identify body found in search for heiress
2022-09-06T21:39:51.000Z,Canada stabbings: Town 'shattered' amid stabbings manhunt
2022-09-06T23:27:34.000Z,Deadly attack leaves small town residents afraid and mourning
