﻿2022-07-09T23:56:28.000Z,RAF fighter jets deploy to Sweden and Finland training exercises
2022-07-10T16:06:08.000Z,Greenham Common exhibition tells Ugandan Asian refugees' stories
2022-07-10T15:46:57.000Z,Richard Burton's overgrown grave in Switzerland restored
2022-07-10T14:50:45.000Z,
2022-07-10T07:52:40.000Z,Atiku Abubakar woos Nigerians with a reminder of the good times
2022-07-09T23:44:48.000Z,Durban riots: South Africa still bears the scars one year on
2022-07-10T14:22:08.000Z,Sri Lanka: 'The protests have changed thinking for the better'
2022-07-09T11:09:21.000Z,Sri Lanka crisis: Demonstrators take over presidential residence
2022-07-10T14:29:43.000Z,"Shinzo Abe killing: Security was flawed, Japan police say"
2022-07-10T06:44:49.000Z,Sri Lanka: President Rajapaksa to resign after palace stormed
2022-07-10T14:32:54.000Z,South Africa: Fifteen shot dead in Soweto township bar
2022-07-10T19:53:55.000Z,Sri Lanka: Protesters 'will occupy palace until leaders go'
2022-07-10T16:49:20.000Z,Inside the presidential palace now full of Sri Lankans
2022-07-10T23:07:56.000Z,Pikku-Finlandia: Helsinki's new building held up by trees
2022-07-10T23:06:40.000Z,The Afghan refugee commanding Ukrainian troops
2022-07-10T14:50:45.000Z,"Russian rockets kill 15 in Chasiv Yar housing block, Ukraine says"
2022-07-10T17:15:10.000Z,Faroe Islands to limit dolphin hunt after outcry
2022-07-10T17:28:05.000Z,Ukraine war: Apartment block destroyed after Russian rocket strike
2022-07-10T23:16:06.000Z,Wildfires break out across parts of Portugal
2022-07-08T23:23:51.000Z,Flash of light as meteor spotted over Chile
2022-07-08T20:08:53.000Z,Roe v Wade: Biden signs executive order on abortion access
2022-07-09T21:39:59.000Z,Roe v Wade: Thousands march to White House for abortion rights
2022-07-10T03:54:50.000Z,Canada's internet outage caused by 'maintenance'
2022-07-10T23:32:00.000Z,Steve Bannon willing to testify at Capitol riot hearing
