﻿2022-08-23T23:01:44.000Z,The Scots Guards perform Eurovision 'Stefania' tribute for Ukraine's Independence Day
2022-08-24T15:53:34.000Z,Eurotunnel Le Shuttle: Passengers stuck for hours inside Channel Tunnel
2022-08-24T15:27:56.000Z,Red Arrows: What is going wrong at the RAF?
2022-08-24T20:49:05.000Z,Liverpool shootings: Are UK gun crimes on the rise again?
2022-08-24T18:56:49.000Z,"Olivia Pratt-Korbel: CCTV shows moments before girl, 9, shot dead"
2022-08-24T15:55:54.000Z,Learner drivers travelling hundreds of miles to Carlisle for tests
2022-08-20T23:04:03.000Z,'I broke the world record with my last ever run'
2022-08-20T06:30:48.000Z,"DJ Archie, aged seven, has hopes of playing Glastonbury"
2022-08-24T17:26:29.000Z,Owami Davies: Police watchdog drops case now she is safe
2022-08-24T18:17:00.000Z,Mayor approves skyscraper for London's South Bank
2022-08-24T16:49:31.000Z,"Benjamin Mendy: Footballer tried to 'debate' woman into sex, court told"
2022-08-23T16:41:37.000Z,"Liverpool shooting: Olivia Pratt-Korbel was ray of sunshine, head teacher says"
2022-08-24T18:20:21.000Z,Olivia Pratt-Korbel: Former drug dealer held after Liverpool shooting
2022-08-24T15:59:32.000Z,Civil servant Neil Gibson takes control of Stormont finances
2022-08-24T14:45:51.000Z,Northern Ireland ports record busiest year for freight traffic
2022-08-24T23:04:25.000Z,"GCSE results: More than 30,000 NI pupils to receive grades"
2022-08-24T20:22:16.000Z,Ukrainians in Belfast mark their country's Independence Day
2022-08-24T20:16:48.000Z,Boris Johnson: Endure energy crisis to counter Russia in Ukraine
2022-08-24T20:16:48.000Z,Boris Johnson: Endure energy crisis to counter Russia in Ukraine
2022-08-24T20:47:30.000Z,Bin strikes escalate across Scotland despite new pay offer
2022-08-24T17:09:35.000Z,Olympian Katie Archibald tried to save dying partner Rab Wardell
2022-08-24T21:52:44.000Z,No bin strike deal as Edinburgh public health concerns grow
2022-08-24T21:54:17.000Z,Hundreds affected by tuition fees residency rules in Scotland
2022-08-24T21:53:33.000Z,Edinburgh Fringe visitors shocked by stinking bin strike mess
2022-08-24T16:00:20.000Z,Gers: Public finances feel impact of extraordinary times
2022-08-24T13:51:53.000Z,A-levels: 'I failed business and now own a £10m company'
2022-08-24T21:56:57.000Z,Water: Should Wales sell to England amid heatwave droughts?
2022-08-24T16:48:50.000Z,Gwynedd: Family thank rescuers of girl swept out to sea
2022-08-24T21:54:00.000Z,GCSE results: Pupils anxious as Wales' top grades set to drop
2022-08-24T16:38:53.000Z,"Clydach murder probe: Woman, 71, named as Wendy Buckney"
2022-08-24T20:49:13.000Z,"Barmouth 999 call: 'Coastguard, my two daughters are drowning'"
2022-08-24T15:16:53.000Z,Newport: Man charged with murder over death of Carl Ball
2022-08-24T19:08:20.000Z,Newport: Conman sold bogus holidays posing as fake captain
2022-08-24T22:15:00.000Z,
2022-08-24T19:51:34.000Z,"British-Belgian pilot, 17, becomes youngest to fly around the world solo"
