﻿2022-06-16T09:24:03.000Z,How hot is it where you are?
2022-08-09T13:09:44.000Z,Will there be a hosepipe ban in my area?
2022-08-08T14:09:17.000Z,Campaigners call for artificial grass tax
2022-08-11T08:09:15.000Z,Why have so many children's homes opened in Blackpool?
2022-08-11T17:47:21.000Z,UK wildfires: Firefighters on tackling flames moving faster than you can run
2022-08-11T19:33:30.000Z,UK heatwave: Soaring temperatures prompt wildfire warnings
2022-08-11T19:33:30.000Z,UK heatwave: Soaring temperatures prompt wildfire warnings
2022-08-11T09:22:44.000Z,How Europe's hot air is feeding the UK heatwave
2022-08-11T19:53:48.000Z,Monkeypox: Lack of vaccines pauses rollout in Brighton
2022-08-11T19:18:04.000Z,Tributes after Musical Youth drummer Frederick Waite Jr dies
2022-08-11T17:29:54.000Z,Unattended barbecue starts fire close to M32 in Bristol
2022-08-11T20:08:27.000Z,Body found in Ullswater search for missing paddleboarder
2022-08-11T18:08:20.000Z,"Ramsgate: Car hits family, killing Israeli man and woman"
2022-08-07T21:36:14.000Z,Plumes of smoke and huge flames at Feltham fire
2022-08-09T23:01:08.000Z,King's College London: Disabled student fighting for better access to campus
2022-08-11T08:13:14.000Z,UK heatwave: Londoner caught filling paddling pool in Pimlico park
2022-08-11T15:19:26.000Z,Thornton Heath explosion: Photo of killed four-year-old girl released
2022-08-11T20:37:54.000Z,Liverpool's Beatles tourism pioneers receive citizens of honour award
2022-08-11T21:08:17.000Z,Liverpool: Several hurt in suspected machete attack in Anfield
2022-08-11T05:48:55.000Z,Enterprise rail link between Belfast and Dublin marks 75 years
2022-08-11T17:18:10.000Z,Damien Heagney: Police follow several lines of enquiry as searches continue
2022-08-11T17:50:25.000Z,Pitt Park: Charges dropped against David Matthews over 'UVF display'
2022-08-11T16:55:30.000Z,Crawfordsburn: Five officers injured in trouble at country park
2022-08-11T17:28:21.000Z,Cyber-attack targets IT firm used by Northern Ireland's health service
2022-08-11T17:27:01.000Z,Coleraine: Police investigating potential link between petrol bomb attacks
2022-08-11T17:07:04.000Z,"Enterprise train service's 75 years: Customs, comedy and contraceptives"
2022-08-10T09:01:43.000Z,Martin Lewis: Rishi Sunak and Liz Truss must set out energy bill plans
2022-08-11T17:07:35.000Z,Tories told not to criticise MPs' probe into Boris Johnson
2022-08-11T23:00:27.000Z,Liz Truss defends energy firms saying profit is not evil
2022-08-11T17:14:43.000Z,Breakdown in talks over ScotRail workers' pay
2022-08-11T18:42:00.000Z,Nurseries warn of closure risk without new funding
2022-08-11T21:49:35.000Z,Last resident in doomed Wishaw flats refuses to leave
2022-08-11T16:28:27.000Z,Man charged with murder and attacks around Skye
2022-08-11T21:55:17.000Z,Aboyne businesses struggle as energy bills soar
2022-08-11T21:50:40.000Z,Is indyref2 showdown Nicola Sturgeon's last stand?
2022-08-11T17:03:39.000Z,Heatwave: Water levels monitored by Wales Drought Liaison group
2022-08-11T21:50:09.000Z,"Climate change: Wales' wet, green landscape at risk - expert"
2022-08-11T18:21:19.000Z,"Ryan Giggs: Covid lockdown was hell, ex tells court"
2022-08-11T17:05:45.000Z,In pictures: The Welsh heatwave
2022-08-11T20:38:45.000Z,Jonathan Edwards: Assaulted wife 'appalled' by MP's return to Plaid
2022-08-11T18:36:16.000Z,
