﻿2022-07-08T18:07:29.000Z,Euro 2022 kicks off for London schoolgirls
2022-07-08T20:46:08.000Z,Shinzo Abe was a 'special friend to Northern Ireland'
2022-07-08T13:19:22.000Z,
2022-07-09T00:24:07.000Z,Syria: Food aid to 3m people at risk after UN stalemate
2022-07-08T20:11:43.000Z,"Ukraine war round-up: Russia jails critic, US trains fighters"
2022-07-08T23:35:58.000Z,"Madagascar’s Eid: Zebus, dumplings and samosas"
2022-07-08T08:16:13.000Z,Shinzo Abe: The moment a gunshot is heard
2022-07-09T01:23:47.000Z,Shinzo Abe: Japan ex-leader's alleged killer held grudge against group - police
2022-07-08T17:32:27.000Z,Shinzo Abe: World leaders express shock over assassination
2022-07-08T16:54:08.000Z,Shinzo Abe: Mourners gather on street where Japan's ex-leader was shot
2022-07-08T03:45:25.000Z,Mumbai floods: India city on red alert for further rain
2022-07-08T23:11:36.000Z,Haryana: The 105-year-old 'Bolt granny' breaking running records in India
2022-07-08T11:00:12.000Z,Mohammed Zubair: The Indian fact-checker arrested for a tweet
2022-07-07T21:56:48.000Z,Kiteboarders take to sky in southern Spain
2022-07-08T21:17:35.000Z,Sinn Féin tables no confidence motion in Irish government
2022-07-08T13:19:22.000Z,Russia-Ukraine war: Moscow politician gets 7 years for denouncing war
2022-07-08T23:17:32.000Z,Italians wait for rain where longest river runs dry
2022-07-08T23:23:51.000Z,Flash of light as meteor spotted over Chile
2022-07-08T23:25:16.000Z,Saudi artists confront change as kingdom shifts
2022-07-08T23:37:04.000Z,National lifeguard shortage forces pool closures across US
2022-07-08T19:33:50.000Z,Roe v Wade: Biden calls for federal law to restore abortion rights
2022-07-08T23:47:03.000Z,Americans in the crosshairs of China's spy game
2022-07-08T19:31:42.000Z,Arizona to ban people filming police officers within 8 feet
2022-07-08T19:33:48.000Z,US border agents' horseback charge on Haiti migrants 'unnecessary'
2022-07-08T20:08:53.000Z,Roe v Wade: Biden signs executive order on abortion access
2022-07-08T22:18:38.000Z,Canada hit by massive mobile and internet outage
