﻿2022-08-20T04:51:07.000Z,Zimbabwe: Australian firm drills for oil and gas
2022-08-20T08:11:54.000Z,US sisters retrace father's WW2 journey in Suffolk
2022-08-20T20:57:07.000Z,
2022-08-20T21:34:20.000Z,Turkey bus crash: At least 16 killed near Gaziantep
2017-12-22T17:48:13.000Z,Who are Somalia's al-Shabab?
2022-08-20T23:00:35.000Z,Pondoland: South Africa's cannabis growers left behind by legalisation plans
2022-08-20T23:04:07.000Z,"Inside Amapiano, the new sound of South Africa"
2022-08-20T15:30:00.000Z,Zulu King Misuzulu ka Zwelithini crowned in South Africa
2022-08-20T18:00:08.000Z,Al-Shabab: Islamists kill 12 in Somali hotel attack
2022-08-20T18:28:33.000Z,New Zulu king crowned in South Africa
2022-08-20T22:25:45.000Z,Al-Shabab: Somali forces claim end to deadly 30-hour hotel siege
2022-08-19T23:20:43.000Z,Afghanistan: Peace at a price in the Taliban’s heartlands
2022-08-20T23:13:26.000Z,Maharashtra: Missing girl found after nine years recounts ordeal
2022-08-19T19:47:22.000Z,Freya the walrus: Did she have to be euthanised?
2022-08-19T19:40:46.000Z,Ukraine war: Bombardments near nuclear plant a concern for all - UN chief
2022-08-19T20:12:42.000Z,Sweden: Man dies in shooting at Malmo shopping centre
2022-08-20T03:51:02.000Z,Ukraine war: Russia to allow inspectors at Zaporizhzhia nuclear plant - Putin
2022-08-20T11:02:05.000Z,Ukraine war: Billowing smoke after strike in Sevastopol
2022-08-20T09:32:39.000Z,Seized £63m Russian superyacht Axioma to be sold at Gibraltar auction
2022-08-20T19:34:59.000Z,Turkey: Separate bus crashes leave 32 dead and 51 injured
2022-08-20T11:54:21.000Z,Ukraine displays destroyed Russian tanks in Kyiv
2022-08-20T20:57:07.000Z,Ukraine war: Drone attack targets Russian Black Sea fleet in Crimea
2022-08-19T23:02:04.000Z,Climate change forces indigenous islanders in Panama to relocate
2022-08-20T03:05:20.000Z,Mexico missing students: Former top official arrested over probe
2022-08-20T15:09:52.000Z,Frank Stella: 'Competing with mother nature is tough'
2022-08-19T18:13:34.000Z,Elshafee El Sheikh: Ex-Briton 'Isis Beatle' sentenced to life in prison
2022-08-19T22:25:41.000Z,Woman slips handcuffs and shoots at police in Oklahoma
