﻿2022-07-03T23:44:43.000Z,Cost of living: How can I save money on my food shop?
2022-07-02T15:30:10.000Z,Chris Pincher MP seeking medical support after groping claim
2022-07-02T22:22:08.000Z,Pride in London: Celebrating the 50th anniversary of the UK's first Pride parade
2022-07-03T17:05:29.000Z,"Covid: UK hospital cases set to rise, says health chief"
2022-07-03T20:57:28.000Z,Army's YouTube and Twitter accounts hacked
2022-07-03T06:25:57.000Z,England's Big Picture: 27 June - 3 July 2022
2022-07-03T15:43:05.000Z,Michael Buble fans angry at missing gig due to traffic chaos
2022-07-02T23:18:45.000Z,'Drawing doodles for Ant and Dec was my dream job'
2022-07-03T12:02:49.000Z,Car lands on top of caravans after Glossop collision
2022-07-03T23:36:08.000Z,Ben Raemers: The skateboarding hero who couldn't handle fame
2022-07-02T23:35:08.000Z,Paris terror attacks: 'I refuse to hate my brother's killers'
2022-07-03T17:18:35.000Z,Firefighters tackle Bromley tower block fire
2022-07-03T12:12:14.000Z,"Boy, 14, arrested after woman raped at Manchester nightclub"
2022-07-03T05:29:47.000Z,Latest Northern Ireland weather forecast
2022-07-03T05:38:29.000Z,Licensing laws: Brewers call for review of surrender principle
2022-07-03T06:07:28.000Z,'I'm shocked stress caused broken heart syndrome'
2022-07-03T15:47:30.000Z,Leo Varadkar says border poll not appropriate at this time
2022-07-03T14:22:58.000Z,Cullybackey burglary: Man injured in hammer attack
2022-07-03T22:26:20.000Z,Londonderry: Police attacked with petrol bombs during security alert
2022-07-03T20:39:58.000Z,"Michael Longley: Belfast poet wins €250,000 Feltrinelli Poetry Prize"
2022-07-03T13:55:05.000Z,Chris Pincher: New claims emerge against former Tory MP
2022-07-03T17:29:11.000Z,Chris Pincher suspension: Boris Johnson unaware of specific claims - minister
2022-07-03T09:11:49.000Z,Scotland's papers: The fight for independence and Goram tributes
2022-07-03T12:52:44.000Z,Scottish independence: Greens back general election route to indyref2
2022-07-03T06:29:32.000Z,Boats: Call for rules to stop old vessels being dumped
2022-07-03T20:56:02.000Z,Terrence Higgins: A name that gave hope to those with HIV and Aids
2022-07-03T16:21:02.000Z,Ukraine: Cardiff photojournalist shares photos of war
2022-07-03T06:30:34.000Z,Roe v Wade: Women tell of abortions to protest Supreme Court ruling
2022-07-03T20:56:13.000Z,Sunbeds: Investigation shows Wales tanning salons not checking ID
2022-07-03T06:55:03.000Z,Plaid Cymru fails to challenge Mark Drakeford - Tories
2022-07-03T20:55:42.000Z,"Terrence Higgins: 'He was incredibly funny, a complete daredevil and very Welsh'"
2022-07-03T13:36:40.000Z,Craig Mulligan: Call to publish Logan Mwangi killer's custody court papers
2022-07-03T14:09:14.000Z,Senedd: Gender quotas 'absolutely core' to proposed reforms
