﻿2022-08-19T05:31:05.000Z,Should parents take their babies to a comedy show?
2022-08-19T15:41:09.000Z,
2022-08-19T17:04:07.000Z,Ethiopian Airlines pilots 'overshoot runway after falling asleep'
2022-08-19T23:25:19.000Z,Zulu King Misuzulu ka Zwelithini to be crowned in South Africa
2022-08-19T22:57:18.000Z,Al-Shabab: Islamist militants attack hotel in Somali capital
2022-08-19T22:41:29.000Z,Mogadishu hotel attack: Two car bombs and gunfire reported
2022-08-19T23:20:43.000Z,Afghanistan: Peace at a price in the Taliban’s heartlands
2022-08-19T14:25:57.000Z,New Zealand: Seal breaks into marine biologist's home
2022-08-19T11:48:13.000Z,Billionaire Xiao Jianhua jailed for 13 years in China
2022-08-19T21:26:23.000Z,"Covid in China: Hippo, fish and crabs get PCR tests"
2022-08-19T23:00:31.000Z,Partition: Remembering the refugee road from Pakistan to India
2022-08-19T23:06:57.000Z,Chandrashekhar Harbola: They waited 38 years for him - then his body came from Siachen
2022-08-18T15:09:56.000Z,Scott Morrison: Is this the end for 'Side Hustle Scotty'?
2022-04-15T17:24:47.000Z,Russian warship: Moskva sinks in Black Sea
2022-08-09T22:32:20.000Z,Ukraine war: Blasts rock Russian airbase in annexed Crimea
2022-08-19T19:47:22.000Z,Freya the walrus: Did she have to be euthanised?
2022-08-18T23:45:29.000Z,Russian-speakers in Latvia told to pick sides in test of patriotism
2022-08-19T15:41:09.000Z,Ukraine's Crimean fightback having 'psychological impact' on Russia
2022-08-19T19:40:46.000Z,Ukraine war: Russia must leave Zaporizhzhia power plant - UN chief says
2022-08-19T16:21:15.000Z,Sanna Marin: Finnish PM reveals she has taken drug test
2022-08-19T21:13:37.000Z,Ballyjamesduff: Man dies after hit-and-run in County Cavan
2022-08-19T16:18:48.000Z,Sanna Marin: Drug test demand unjust but I've done one
2022-08-19T20:12:42.000Z,Sweden: Man dies in shooting at Malmo shopping centre
2022-08-19T20:49:28.000Z,Ukraine war: Russia to allow inspectors at Zaporizhzhia nuclear plant - Putin
2022-08-19T23:02:04.000Z,Climate change forces indigenous islanders in Panama to relocate
2022-08-19T11:43:12.000Z,Escaped bull wrecks shop in Peru
2022-08-19T23:01:12.000Z,Frank Stella: 'Competing with mother nature is tough'
2022-08-19T19:58:45.000Z,Vancouver Zoo: Missing wolf found safe after pack escaped
2022-08-19T18:13:34.000Z,Elshafee El Sheikh: Ex-Briton 'Isis Beatle' sentenced to life in prison
2022-08-19T21:25:34.000Z,Vanessa Bryant testifies she was 'blindsided' by leaked photos
2022-08-19T22:25:41.000Z,Woman slips handcuffs and shoots at police in Oklahoma
