﻿2022-08-16T20:37:10.000Z,Rwanda asylum scheme: Warning over political killings before UK flight
2022-08-14T23:37:01.000Z,The nine-year-old boy who fled war-torn Cyprus for London
2022-08-16T17:42:31.000Z,"'If I stayed in Afghanistan, I would have been killed'"
2022-08-16T17:15:25.000Z,Modern slavery accused denies forcing man to hand pay over
2022-08-16T16:43:24.000Z,
2022-08-15T17:31:15.000Z,Kenya election result: William Ruto defies the odds for victory
2022-08-15T01:38:06.000Z,"Egypt church fire: 'We saved who we could', says survivor"
2022-08-16T14:36:02.000Z,Kenya election 2022: Raila Odinga rejects William Ruto's victory
2022-08-16T19:43:16.000Z,Kenya Election 2022: Raila Odinga rejects presidential result
2022-08-16T15:04:49.000Z,New Zealand: Human remains found in suitcase bought at auction
2022-08-15T08:36:05.000Z,"From Kabul and beyond, a year of Taliban rule in Afghanistan"
2022-08-16T05:33:02.000Z,Afghan contractors: 'I wish I'd never worked for the UK government'
2022-08-16T12:25:00.000Z,Polio vaccine in Pakistan: Two policemen guarding vaccinators shot dead
2022-08-16T17:09:54.000Z,'Every day we live our lives in fear' under Taliban rule
2022-08-16T05:09:34.000Z,Siachen glacier: Missing Indian soldier's body found after 38 years
2022-08-14T21:03:10.000Z,Mangrove forests: How 40 million Australian trees died of thirst
2022-08-12T18:34:45.000Z,Ukraine war: Crimea blasts significantly hit Russian navy - UK
2022-08-15T08:44:31.000Z,"Forty metres above the forest, searching for smoke"
2022-08-15T17:45:45.000Z,Norway bridge collapse: Drivers of two vehicles rescued
2022-08-16T16:43:24.000Z,Ukraine war: Russia blames sabotage for new Crimea blasts
2022-08-16T16:43:24.000Z,Ukraine war: Russia blames sabotage for new Crimea blasts
2022-08-16T14:59:32.000Z,"Turkey-Greece migrants: 38 people found stranded on tiny, unnamed island"
2022-08-16T13:58:10.000Z,Estonia begins removing Soviet-era war monuments
2022-08-16T19:33:42.000Z,Ukraine war round-up: Explosions in Crimea and Soviet relics torn down
2022-08-16T17:36:30.000Z,German driver who killed five in Trier sentenced to life
2022-08-16T17:34:11.000Z,Killarney: Murder inquiry into woman's death in County Kerry
2022-08-16T19:15:29.000Z,Lebanese man who held bank staff hostage to access savings released
2022-08-16T03:19:11.000Z,Liz Cheney: Trump’s nemesis faces Republican day of reckoning
2022-08-16T18:43:39.000Z,Mariah Carey 'Queen of Christmas' trademark attempt prompts backlash
2022-08-16T22:01:50.000Z,"Biden signs tax, health and climate bill into law"
2022-08-16T23:15:48.000Z,Alaska primary: Sarah Palin seeks comeback backed by Trump
2022-08-16T18:01:21.000Z,Liz Cheney: Republican Trump critic faces election battle in Wyoming
