﻿2022-07-20T18:15:36.000Z,Prince Charles: No inquiry into £2.5m cash donation to his charity
2022-07-20T16:49:23.000Z,Check your postcode: Is your area vulnerable to extreme heat?
2022-07-20T18:06:48.000Z,Pen Farthing: Watchdog has no concerns over Afghan animal rescue
2022-07-20T20:45:50.000Z,Migrant crisis: Border Force may have made it worse - report
2022-07-20T17:47:21.000Z,UK heatwave: Wildfire left garden like Armageddon - Norfolk renters
2022-07-20T19:32:43.000Z,Public transport push for Birmingham Commonwealth Games
2022-07-20T17:15:17.000Z,Warwickshire village without water on hottest day
2022-07-20T18:27:48.000Z,Dorset: Bomb squad called after WW1 grenade handed to museum
2022-07-20T17:54:26.000Z,David Venables jailed for wife's septic tank murder
2022-07-20T00:12:45.000Z,London Olympics: Residents 'betrayed' over housing promise
2022-07-20T16:05:33.000Z,London wildfires: Crews say they experienced absolute hell
2022-07-20T19:39:19.000Z,Grenfell Tower Inquiry: Vulnerable residents 'died alone'
2022-07-20T19:09:23.000Z,Fire services in East stand down major incidents
2022-07-20T17:13:50.000Z,Sizewell C: What is it and where is it planned to be?
2022-07-20T20:53:04.000Z,Field catches fire on outskirts of Ipswich
2022-07-20T22:16:54.000Z,Newtownards air crash: Separate investigations launched after two deaths
2022-07-20T19:41:11.000Z,Newtownards: Building collapse closes town centre street
2022-07-20T18:52:10.000Z,NI protocol: Legislation clears House of Commons
2022-07-20T18:48:43.000Z,Coronavirus: Son's health service anger after mother tests positive for Covid
2022-07-20T15:07:47.000Z,Liz Truss: Fast-track career of foreign secretary
2022-07-20T17:14:21.000Z,Tory leadership: Liz Truss and Rishi Sunak policy guide
2022-07-20T16:02:29.000Z,Tory leadership: How will the new party leader and PM be chosen?
2022-07-20T15:12:27.000Z,"Rishi Sunak or Liz Truss will be next PM, Tory MPs decide"
2022-07-20T12:09:17.000Z,PMQs: 'Hasta la vista baby' - Johnson bids farewell
2022-07-20T12:01:01.000Z,PMQs: Watch Boris Johnson's final exchange with Sir Keir Starmer in full
2022-07-20T17:09:59.000Z,Tory leadership: Why newspapers matter in race to be next PM
2022-07-20T15:37:59.000Z,Boris Johnson’s last PMQs marked with banter and ‘hasta la vista’ farewell
2022-07-20T19:05:43.000Z,Tory leadership: Mordaunt out as Sunak and Truss in run-off to be next PM
2022-07-20T19:05:43.000Z,Tory leadership: Mordaunt out as Sunak and Truss in run-off to be next PM
2022-07-20T13:10:54.000Z,Scotland's warmest day was even hotter at 35.1C
2022-07-20T18:49:43.000Z,London-bound sleeper passenger 'wakes up in wrong city'
2022-07-20T18:43:57.000Z,Scottish Police Federation reject improved 3.4% pay offer
2022-07-20T17:11:08.000Z,Glasgow Central train passengers tell of the long wait to get home
2022-07-20T19:10:10.000Z,Rhymney: Eight dogs die in arson attack on kennels
2022-07-20T21:56:28.000Z,Ukrainian refugees ‘broken’ after fleeing UK host
2022-07-20T18:10:31.000Z,Network Rail ordered to improve train services in Wales
2022-07-20T20:29:34.000Z,"Fountain fall: Grace, two, still critically ill"
2022-07-20T20:51:31.000Z,Cost of living: 'Butter bill is more expensive than our three rents'
2022-07-20T18:22:28.000Z,"Energy bills: Wales' £200 payment going to 200,000 more homes"
2022-07-20T21:57:01.000Z,Call for Wales gene-edited crops to fight 'food crisis'
2022-07-20T13:32:58.000Z,
