﻿2022-07-31T19:44:02.000Z,"Euro 2022: Fans react to England's historic win, as it happened"
2022-08-01T11:40:42.000Z,Excited Lioness superfan Tess attends the Euros final
2022-08-02T18:07:10.000Z,Archie Battersbee's mum 'let down' by court ruling
2022-08-02T15:48:43.000Z,Treason Act charge after Windsor Castle crossbow incident
2022-08-02T16:49:46.000Z,Princess Charlotte joins Duke and Duchess at Commonwealth Games
2022-08-02T13:55:52.000Z,Claire Holland: Man re-arrested on suspicion of murder
2022-08-02T16:56:56.000Z,Snorkeler suffers 'suspected shark bite'
2022-08-02T20:45:19.000Z,Rapper Pa Salieu 'dropped from games closing ceremony'
2022-08-02T22:12:34.000Z,Archie Battersbee: Mum says life support could end on Wednesday
2022-08-02T20:37:28.000Z,Darrell Meekcom: Man who 'mooned' speed camera cleared of offence
2022-08-02T19:34:51.000Z,Channel Migrants: New daily high for 2022 set on Monday
2022-08-01T23:01:07.000Z,Line of Duty's Vicky McClure visits real-life AC-12
2022-08-02T17:17:52.000Z,"Sutton Heath: Death of soldier, 20, to be investigated by police"
2022-08-02T13:19:37.000Z,David Trimble: NI Assembly recalled to pay tribute
2022-08-02T13:26:42.000Z,Lough Neagh: No evidence dog deaths caused by water
2022-08-02T15:55:47.000Z,Adriana Brownlee: 'Russian roulette' for youngest woman to climb K2
2022-08-02T18:45:16.000Z,Tory leadership: Truss backtracks on public worker pay plan after backlash
2022-08-02T18:45:16.000Z,Tory leadership: Truss backtracks on public worker pay plan after backlash
2022-08-02T15:09:30.000Z,Susie Wolff: The Scot quietly making a noise in Formula E
2022-08-02T14:47:29.000Z,Big Brother winner Cameron Stout plans reunion of housemates
2022-08-02T21:49:34.000Z,Epic challenge for MND cyclist who has defied the odds
2022-08-02T21:50:14.000Z,Is Scotland facing a summer of discontent?
2022-08-02T17:43:02.000Z,SNP formally seeks to intervene in indyref2 Supreme Court case
2022-08-02T14:10:47.000Z,Bridgend: 'Serious concerns' with children's services
2022-08-02T21:47:05.000Z,"Drug deaths: Lives saved by new approach, says charity"
2022-08-02T21:43:14.000Z,Bangladesh: No concrete evidence dad and son poisoned
2022-08-02T20:36:06.000Z,I'm A Celebrity: Gwrych Castle thanks for hosting 'honour'
2022-08-02T17:52:31.000Z,"Nitrous oxide: Laughing gas dealer caught with 25,000 cylinders jailed"
2022-08-02T21:11:47.000Z,Betsi Cadwaladr: Second English hospital to take vascular patients
2022-08-02T17:38:34.000Z,National Eisteddfod: Toilets lead to complaints in Tregaron
2022-08-02T21:55:40.000Z,"Drug abuse: 'It grips you straight away', says recovering addict"
2022-08-02T15:12:00.000Z,Tory leadership: Rishi Sunak backs Wales-only Covid inquiry
2022-08-02T16:01:03.000Z,"£1.5m wasted on early voting trial, say Conservatives"
2022-08-02T22:26:34.000Z,
