﻿2022-08-25T17:36:26.000Z,Only 21 foreign nationals removed from UK under post-Brexit asylum rules
2022-08-25T23:18:55.000Z,Latvia brings down World War II memorial
2022-08-25T21:11:40.000Z,
2022-08-25T00:18:50.000Z,Turkey's Bayraktar TB2 drone: Why African states are buying them
2022-08-25T15:53:34.000Z,Phophi Ramathuba: South African official's hospital rant at Zimbabwean goes viral
2022-08-25T21:31:13.000Z,Angola election: Ruling MPLA party looks set to hold off Unita challenge
2022-08-24T16:17:46.000Z,Floods deluge parts of southern Pakistan
2022-08-25T07:45:51.000Z,South Korea records world's lowest fertility rate again
2022-08-25T08:24:13.000Z,Shinzo Abe: Japan police chief resigns over ex-PM assassination
2022-08-25T13:51:42.000Z,Bali: Transgender student dies in police custody
2022-08-25T16:53:38.000Z,Vicky Bowman: UK ex-ambassador to Myanmar arrested
2022-08-25T00:02:33.000Z,Trade agreement: Why India made a U-turn on free trade deals
2022-08-24T23:16:06.000Z,"Rohingya: ‘Kill us, but don’t deport us to Myanmar’"
2022-08-19T16:37:13.000Z,Ukraine nuclear plant: How risky is stand-off over Zaporizhzhia?
2022-08-20T03:51:02.000Z,Ukraine war: Russia to allow inspectors at Zaporizhzhia nuclear plant - Putin
2022-08-21T22:06:24.000Z,Ukraine war: Allies seek more security at Zaporizhzhia nuclear plant
2022-08-23T23:01:28.000Z,"Front line frontmen: Antytila, the rock band fighting Russia"
2022-08-23T17:24:43.000Z,Stolen car found stuck in metro station in Madrid
2022-08-23T23:56:03.000Z,"Ukraine war: The war is static, but ousting Russia is a seismic task"
2022-08-25T15:48:27.000Z,France's Emmanuel Macron to mend Algeria ties as energy crisis bites
2022-08-24T23:01:21.000Z,On call with Italy's horseback doctor
2022-08-25T11:49:04.000Z,"Ukraine war: Russia railway station strike kills 25, injures dozens"
2022-08-25T08:44:48.000Z,Sewage in sea: French appeal to EU over UK discharges of waste
2022-08-25T08:44:48.000Z,Sewage in sea: French appeal to EU over UK discharges of waste
2022-08-25T13:43:04.000Z,French oil firm TotalEnergies denies link to Russian jet supplies
2022-08-25T17:01:48.000Z,Baby left at Dublin roadside after being driven off in stolen car
2022-08-25T15:02:26.000Z,Putin orders 10% boost in Russian troop numbers
2022-08-25T15:02:26.000Z,Putin orders 10% boost in Russian troop numbers
2022-08-25T19:41:26.000Z,Ukraine war round-up: Nuclear plant off grid and Putin orders army expansion
2022-08-25T21:11:40.000Z,Zaporizhzhia: World narrowly avoided radiation accident - Zelensky
2022-08-25T18:30:51.000Z,'I need an abortion': The text that gets pills sent in secret
2022-08-25T14:04:20.000Z,Is Biden's student debt forgiveness fair?
2022-08-25T22:39:01.000Z,Trump: Judge orders release of redacted search court papers
2022-08-25T22:48:44.000Z,'I honestly think they should waive all student debt'
