﻿2022-07-12T11:36:36.000Z,Sir Mo Farah describes calling his mum after years of separation
2022-07-14T23:08:07.000Z,Why is it so hot (in under 60 seconds)?
2022-07-14T15:33:36.000Z,"Ice in hats, ventilated suits - keeping cool at work"
2022-07-14T20:14:49.000Z,NHS facing surge in demand amid extreme weather warning
2022-07-14T21:43:55.000Z,Rail workers to strike for another two days in August
2022-07-14T17:07:44.000Z,County lines drugs raids leads to dozens of arrests
2022-07-14T18:17:41.000Z,Police arrest 17 in Cornwall and Merseyside county lines investigation
2022-07-14T20:56:33.000Z,Mudeford church fire: Smoke seen billowing from miles around
2022-07-14T16:33:37.000Z,UK heatwave: Rail attraction to shut amid extreme weather warning
2022-07-12T23:23:37.000Z,'Flying my parrot is a reason to go out'
2022-07-14T17:43:09.000Z,"Doctor knifed fellow surgeon after arson bid, court told"
2022-07-14T05:06:00.000Z,Ipswich tower block residents endure heatwave behind plastic
2022-07-14T17:53:55.000Z,Gatwick Airport: Burst pipe limits water supply during heatwave
2022-07-14T17:03:00.000Z,Twelfth: Hanging bonfire effigies condemned by DUP leader
2022-07-14T16:03:42.000Z,Joan Lingard: Kevin and Sadie author dies aged 90
2022-07-14T14:17:00.000Z,Who will replace Boris Johnson?
2022-07-13T23:16:45.000Z,Conservative candidates compete with campaign videos
2022-07-14T11:03:17.000Z,Tory leadership contest: The big government plans put on ice for new PM
2022-07-14T14:13:53.000Z,Tory leadership: Do rivals' tax pledges add up?
2022-07-14T15:59:42.000Z,Tory leadership: Who gets to choose the UK's next prime minister?
2022-07-13T11:36:19.000Z,PMQs: Speaker orders two Alba Party MPs out of noisy Commons
2022-07-15T01:15:00.000Z,Tory leadership race: Liz Truss's backing grows as contest tightens
2022-07-14T21:55:51.000Z,"Complex needs cuts are discriminatory, say parents"
2022-07-14T21:55:56.000Z,Runrig put their stamp on new Inverness musical
2022-07-14T21:57:03.000Z,Periods: Company offers staff time off and flexible working
2022-07-14T16:09:08.000Z,Monmouth: Cyclist jailed for fatal crash with pedestrian
2022-07-14T13:46:35.000Z,"Disabled woman fined more than £1,000 for parking in disabled spot"
2022-07-14T18:05:05.000Z,Prestatyn: Murder arrest after man dies on railway line
2022-07-14T20:23:29.000Z,Rhod Gilbert: Comedian being treated for cancer
2022-07-14T19:40:26.000Z,Ucas: Record number of applicants to Welsh universities
2022-07-14T21:56:59.000Z,Periods: 'My employer gives me time off work during menstruation'
2022-07-14T21:57:29.000Z,Plaid Cymru asks members to help set out party's future
2022-07-14T21:34:05.000Z,
