﻿2022-06-30T05:07:47.000Z,Ukrainian troops being trained in the UK
2022-06-30T14:15:33.000Z,Police domestic abuse victim: I just felt despair
2022-06-30T20:55:06.000Z,TV ad breaks could get longer as rules are reviewed
2022-06-30T15:32:43.000Z,UK defence spending to rise as dangers increase - PM
2022-06-30T15:32:43.000Z,UK defence spending to rise as dangers increase - PM
2022-06-30T16:55:22.000Z,Birmingham gas explosion: Leaking gas pipe identified
2022-06-30T15:06:15.000Z,"Policeman killed son and then himself in Kidderminster, inquest finds"
2022-06-30T12:31:48.000Z,Extreme hoarder jailed for leaving sister to die on floor
2022-06-30T00:30:13.000Z,Invisible disabilities: How an autism diagnosis changed my life
2022-06-30T19:11:11.000Z,Salmonella victim taken to hospital three days after first ambulance call
2022-06-30T14:01:11.000Z,Suffolk farmers warn of cuts to production as costs increase
2022-06-30T14:45:51.000Z,Muckamore: Elderly witness weeps over brother's mistreatment
2022-06-30T16:52:31.000Z,Ex RUC officer awarded £50k in negligence case
2022-06-30T17:13:42.000Z,"Brexit: UK government not 'even handed' in protocol row, says tánaiste"
2022-06-29T15:43:53.000Z,Chris Mason: Stark language as Nato assesses threat from Russia
2022-06-30T13:27:13.000Z,Vladimir Putin hits back at G7 leaders' topless photo jibes
2022-06-30T20:33:02.000Z,Chris Pincher: Tory whip resigns saying he 'embarrassed himself'
2022-06-30T14:20:04.000Z,Scottish ministers pledge £65m to Ukraine war effort
2022-06-30T10:17:39.000Z,"Former SNP MP Natalie McGarry jailed for embezzling £25,000"
2022-06-30T13:58:52.000Z,'Catastrophic failures' to blame for ferries saga
2022-06-30T17:34:02.000Z,"Three-quarters of Police Scotland incidents not crimes, report says"
2022-06-30T05:05:05.000Z,A field of cows set me off on a new career path
2022-06-30T16:02:03.000Z,Queen makes third public appearance in four days
2022-06-30T15:35:31.000Z,Logan Mwangi: Juror traumatised by murder trial evidence
2022-06-30T16:30:48.000Z,"Logan Mwangi murder: Mum, stepdad and teen sentenced"
2022-06-30T15:18:32.000Z,Logan Mwangi murder: How boy's killers tried to fool police
2022-06-30T14:23:48.000Z,Logan Mwangi murder: 'No amount of justice can bring him back'
2022-06-30T17:26:09.000Z,Lucas Munslow: Baby died day after Glan Clwyd Hospital discharge
2022-06-30T17:04:19.000Z,"Knighton: Cocaine driver jailed after woman, 79, injured"
2022-06-30T16:52:38.000Z,"Knighton: Drug-driver on cocaine left woman, 79, injured"
2022-06-30T17:20:53.000Z,Logan Mwangi: Why murderer Craig Mulligan can be named
