﻿2022-07-07T13:22:47.000Z,Boris Johnson: 48 hours of political chaos
2022-07-08T19:33:32.000Z,"Terrorism: Lone actors make stopping attacks harder, say FBI and MI5 chiefs"
2022-07-07T23:01:17.000Z,Bristol longboarding group 'a blessing' during lockdown
2022-07-09T00:21:49.000Z,Aardman helps open doors for student with animation
2022-07-08T23:02:31.000Z,The care leaver who made a number one album
2022-07-08T12:43:15.000Z,Skelmersdale MP accuses government of station snub 'betrayal'
2022-07-08T19:46:00.000Z,Met Police commissioner: Sir Mark Rowley named as force's new leader
2022-07-09T00:25:48.000Z,Portland Tiara theft: Plastic bag 'blew case open'
2022-07-08T15:47:54.000Z,Men guilty over Ashley Cole raid and £3.5m Portland Tiara heist
2022-07-08T19:38:59.000Z,Former South Yorkshire police officer recounts domestic abuse ordeal
2022-07-08T20:53:58.000Z,Chris Pincher: Councillor 'told to hold grope allegation'
2022-07-08T16:39:46.000Z,Father Dermott Donnelly: Declan Donnelly's brother dies after illness
2022-07-08T17:00:27.000Z,Latest Northern Ireland weather forecast
2022-07-07T16:06:55.000Z,Shailesh Vara: Who is the new Northern Ireland secretary?
2022-07-08T13:32:22.000Z,British-Irish Council: Taoiseach hopes new PM will rebuild relations
2022-07-08T10:52:23.000Z,Keady: Vice-principal jailed for making threats to kill
2022-07-08T17:21:22.000Z,Avian flu confirmed in dead birds found on Rathlin Island
2022-07-08T13:56:07.000Z,Who will replace Boris Johnson?
2022-07-07T18:06:39.000Z,Boris Johnson resigns: Voters across England react to the news
2022-07-08T16:53:06.000Z,Sir Keir Starmer cleared by police over Durham lockdown beers
2022-07-08T16:53:06.000Z,Sir Keir Starmer cleared by police over Durham lockdown beers
2022-07-08T21:33:39.000Z,Ex-Chancellor Rishi Sunak launches bid to be Conservative leader
2022-07-08T21:21:03.000Z,Political landscape being re-shaped before our eyes
2022-07-08T14:53:20.000Z,Four-year-old boy from Glasgow drowns on holiday in Mauritius
2022-07-08T21:43:15.000Z,Paolo Nutini closes the show on first day of TRNSMT
2022-07-08T16:19:40.000Z,Scotland still has highest Covid rate in the UK
2022-07-08T13:57:27.000Z,Covid in Wales: What do the stats tell us?
2022-07-08T21:45:14.000Z,Water pollution: Affordable housing hit by phosphate targets
2022-07-08T21:54:25.000Z,Bowel cancer: Call to lower screening age in Wales sooner
2022-07-08T14:15:21.000Z,Covid: Wales' infections rise for five weeks in a row
2022-07-08T13:22:24.000Z,Boris Johnson's behaviour was irrational - top Welsh Tory
2022-07-08T17:35:46.000Z,Tenby: Huge shark gives sailor surprise on dinghy trip
2022-07-08T12:32:46.000Z,Powys slurry pond described as open sewer is approved
2022-07-08T18:13:12.000Z,Cwm Taf Morgannwg fined £850k after Maesteg patient death
2022-07-08T15:21:42.000Z,Boris Johnson: 'Fall more dramatic than Love Island'
2022-07-08T16:50:05.000Z,"Ceredigion salmon poacher pays just £1 of £61,000 ordered by court"
2022-07-08T17:34:52.000Z,Sailor spots 12ft shark lurking in sea off Tenby
2022-07-08T13:19:22.000Z,
2022-07-07T20:26:17.000Z,Boris Johnson: European Union reacts as UK PM resigns
