﻿2022-07-16T13:27:54.000Z,Sir Mo Farah reveals he was trafficked to the UK as a child
2022-07-14T23:08:07.000Z,Why it is so hot - in under 60 seconds
2022-07-16T05:37:06.000Z,Heatwave: National emergency declared after UK's first red extreme heat warning
2022-07-15T15:33:25.000Z,Ukraine war: British man Paul Urey held by separatists dies
2022-07-16T10:53:43.000Z,Stevenage stabbing: Five men charged with murder
2022-07-16T06:08:04.000Z,War in Ukraine: RAF personnel reflect on Nato Romania mission
2022-07-16T21:09:07.000Z,Bear photography takes great-grandmother round the world
2022-07-16T23:22:10.000Z,
2022-07-16T23:27:25.000Z,Russia-Ukraine war: Priest detained for criticising Putin
2022-07-14T13:08:06.000Z,Trapped baby elephant and mum rescued in Thailand
2022-07-16T23:23:19.000Z,Ethiopia's Tigray conflict: The beauty queen who risked her life to reach the UK
2022-07-16T00:29:29.000Z,Nigeria's big push to grow its own coconuts
2022-07-14T07:58:00.000Z,New exhibition explores African fantasy and race through art
2022-07-16T11:46:50.000Z,Ethiopia's chief justice wants gender-based violence tackled
2022-07-16T01:11:08.000Z,Pacific Islands urge unity in face of China ambition
2022-07-16T08:28:24.000Z,Sri Lanka seeks way forward after president quits
2022-07-16T16:14:23.000Z,Sri Lanka: 'I've spent 10 days in line for petrol'
2022-07-15T23:10:24.000Z,China heatwave: Shanghai workers swelter in 40C heat
2022-07-16T23:20:58.000Z,Assam: The India couple in 'one pizza a month' wedding contract
2022-07-16T01:15:09.000Z,Adam Harry: India transgender pilot's long fight to fly
2022-07-08T23:17:32.000Z,Italians wait for rain where longest river runs dry
2022-07-13T20:14:33.000Z,"'We hope for the best, son' - War nears Ukraine maternity ward"
2022-07-16T23:22:10.000Z,Ukraine War: The Donbas body collector who has lost count
2022-07-16T23:00:21.000Z,How did a captain survive? - The mysterious death of 21 men on a Spanish fishing boat
2022-07-16T13:35:08.000Z,Europe heatwave: Deadly wildfires spread in Mediterranean
2022-07-16T15:45:55.000Z,Missile strike on Ukraine space plant in Dnipro kills three
2022-07-16T17:48:12.000Z,Ukraine space plant hit and US wants more Saudi oil - round-up
2022-07-16T03:02:38.000Z,Mexican drugs lord Rafael Caro Quintero arrested
2022-07-16T14:58:29.000Z,Haiti gang violence: UN votes to ban small arms sales
2022-07-15T11:29:44.000Z,Palestinian people deserve a state of their own - Biden
2022-07-16T11:14:28.000Z,Saudi Arabia: The significance of Biden's fist bump with crown prince
2022-07-15T16:37:18.000Z,Jayland Walker: Autopsy shows black man 'shot or grazed' 46 times
2022-07-16T00:09:05.000Z,Ivana Trump died of blunt impact injuries to torso - NYC medical examiner
2022-07-16T00:34:47.000Z,US monkeypox outbreak: Demand for vaccines outstrips supply
