﻿2022-08-25T23:22:33.000Z,Campsites call for new rules to stay open longer
2022-08-25T19:43:52.000Z,Stephen Barclay challenged on ambulance delays
2022-08-26T08:54:08.000Z,"Martin Lewis 'begging, praying' for more energy bills help"
2022-08-26T19:21:18.000Z,"Ukrainian refugees: More finding work in UK, ONS survey shows"
2022-08-26T16:20:23.000Z,British brothers die on family holiday in Germany
2022-08-26T21:04:00.000Z,Olivia Pratt-Korbel: Second murder arrest over shooting
2022-08-26T18:42:17.000Z,"Government must help with energy costs, businesses say"
2022-08-26T15:54:21.000Z,Leicester man jailed after killing wife and jumping off cliff
2022-08-26T16:25:04.000Z,"Moderation is the key to life, GB's oldest man says on 110th birthday"
2022-08-26T15:36:12.000Z,Keanu Reeves visits Northamptonshire pub for meal and meeting
2022-08-27T00:23:56.000Z,Harry Dunn: Family's bid for answers three years on from crash death
2022-08-26T07:28:14.000Z,'I live on ready meals as my electric cooker costs too much'
2022-08-26T07:34:21.000Z,Scar House Reservoir: Sunken medieval village reappears
2022-08-26T16:57:06.000Z,"Cost of living: £400 energy discount for NI confirmed, says Murphy"
2022-08-26T14:56:37.000Z,"Irish language: Stormont in breach of strategy, judge rules"
2022-08-26T22:22:34.000Z,SSE gas and electricity prices in Northern Ireland to rise again
2022-08-26T15:18:32.000Z,Londonderry: Robert Gillespie jailed for firing shotgun at love rival
2022-08-26T22:57:50.000Z,Cathal McLaughlin: Ex-Sinn Féin councillor on sex offenders register
2022-08-26T22:14:24.000Z,Cost of living: Carers struggling with rising prices
2022-08-26T07:02:49.000Z,Tory leadership rivals have 'almost nothing to say' on energy - Reeves
2022-08-26T16:09:40.000Z,Macron says UK and France face problems if leaders unsure over friendship
2022-08-26T22:35:24.000Z,No bin strike deal yet as talks continue
2022-08-26T05:30:25.000Z,Bin strikes: The people using baths and hiring skips to store rubbish
2022-08-26T13:43:47.000Z,Covid in Wales: What do the stats tell us?
2022-08-26T21:46:37.000Z,LGBTQ+ Pride: Firms accused of 'rainbow-washing'
2022-08-26T15:12:24.000Z,Ryan Giggs trial: Jurors sent home for the weekend
2022-08-26T12:58:51.000Z,Cost of living: People worried for future following price cap rise
2022-08-26T15:04:21.000Z,Covid infections fall for the fifth successive week in Wales
2022-08-26T12:51:06.000Z,Lily Sullivan: Murderer walked past teenage victim's mum
2022-08-26T21:48:04.000Z,Snowdon: Can new technology stop parking chaos?
2022-08-26T16:50:26.000Z,Harry Styles: International superstar announces gig in Cardiff
2022-08-26T16:41:29.000Z,Green Man Festival: Police issue E-fit in alleged rape investigation
2022-08-26T21:03:31.000Z,
2022-08-26T23:32:48.000Z,Salman Rushdie: Did a ‘chance’ airport meeting lead to fatwa?
