﻿2022-08-18T20:58:04.000Z,Robert Kaweesi: Father missing after trying to save son in River Nile
2022-08-18T16:51:13.000Z,Jack Fenton: Family tells of grief over Briton's Greek helicopter death
2022-08-18T21:52:34.000Z,Scots mechanic turned soldier hailed a war hero by Ukrainians
2022-08-18T21:48:58.000Z,
2022-03-04T19:32:49.000Z,Nuclear plant: How close was nuclear plant attack to catastrophe?
2022-08-17T06:57:51.000Z,Whales surprise two paddleboarders in Argentina
2022-08-18T23:38:35.000Z,Africa's week in pictures: 12-18 August 2022
2022-08-16T17:09:54.000Z,'Every day we live our lives in fear' under Taliban rule
2022-08-18T13:39:39.000Z,Afghanistan: Deadly blast rips through crowded Kabul mosque
2022-08-18T14:14:14.000Z,Japan urges its young people to drink more to boost economy
2022-08-18T23:53:00.000Z,Manjula Patel: The 85-year-old India-origin chef wowing a UK town
2022-08-18T15:09:56.000Z,Scott Morrison: Is this the end for 'Side Hustle Scotty'?
2022-08-17T12:05:45.000Z,Water levels on Italy's Lake Garda at 15-year low
2022-08-18T05:29:52.000Z,Ukraine: Preparing for the worst as situation at nuclear plant ‘approaches critical’
2022-08-17T17:35:33.000Z,Bag thief caught on live TV in Barcelona
2022-08-18T16:45:40.000Z,Sanna Marin: Finland PM partying video causes backlash
2022-08-18T12:23:12.000Z,France's deadly 'urban rodeo' bikers prompt crackdown
2022-08-18T23:45:29.000Z,Russian speakers in Latvia told to pick sides in test of patriotism
2022-08-18T16:22:23.000Z,IAEA needs access to Ukraine nuclear plant - ambassador
2022-08-18T21:48:58.000Z,Ukraine war: Damage to nuclear plant would be suicide - UN chief
2022-08-18T20:52:34.000Z,Ukraine round-up: Using drones in the war and new concern over nuclear power plant
2022-08-18T18:50:33.000Z,"Europe storms: Deaths are reported in France, Austria and Italy"
2022-08-18T14:12:49.000Z,Cuba mourns firefighters killed in fuel depot blaze
2022-08-18T17:27:48.000Z,Anteater rescued from wildfire by Bolivian firefighters
2022-08-18T22:14:07.000Z,Bolsonaro: Brazil's president attempts to grab heckler's phone
2022-08-18T22:21:38.000Z,Palestinian rights groups' offices raided by Israeli troops
2022-08-16T03:19:11.000Z,Liz Cheney: Trump’s nemesis faces Republican day of reckoning
2022-08-18T22:26:47.000Z,What we do and don't know about the FBI search of Trump's home
2022-08-18T15:58:48.000Z,Trump Organization: Allen Weisselberg pleads guilty to tax crimes
2022-08-18T19:59:32.000Z,Pope rules out sexual misconduct probe of Canadian cardinal
2022-08-18T22:17:21.000Z,R. Kelly trial: Witness testifies she was sexually abused by the singer
2022-08-19T01:00:28.000Z,"James ""Whitey"" Bulger: Three men charged in mob boss murder"
