﻿2022-08-03T21:34:23.000Z,Banned Russian oligarchs exploited UK secrecy loophole
2022-08-03T16:57:55.000Z,Dorset cattle breeder says exports at a standstill post-Brexit
2022-08-03T20:50:42.000Z,Bangladesh: Cardiff father and son poisoned by gas - police
2022-08-03T18:57:59.000Z,
2022-08-03T17:17:48.000Z,No Nigeria amnesty guarantees for gay dating app victims
2022-08-03T15:25:26.000Z,Kenya: Wildlife trafficking suspect seized after $1m reward
2022-08-03T05:24:26.000Z,Pelosi visit: Taiwan puts the ball firmly in Xi Jinping's court
2022-08-03T16:19:08.000Z,Taiwan: Pelosi leaves Taipei to sound of Chinese fury
2022-08-03T10:26:14.000Z,"China-Taiwan: As China broods, Taiwan is in a 'Pelosi lovefest'"
2022-08-03T21:33:03.000Z,China gears up for military drills after Pelosi visit to Taiwan
2022-08-02T09:20:35.000Z,China and Taiwan: A really simple guide
2022-08-03T23:20:48.000Z,"Kerala: Remembering Afra Rafeeq, whose viral video saved her brother's life"
2022-08-03T23:04:45.000Z,Fatima Payman: Meet Australia's first hijab-wearing senator
2022-08-03T18:09:23.000Z,Space debris Australia: Piece of SpaceX capsule crashes to Earth in field
2022-08-03T21:23:52.000Z,Viktor Orban alone in Europe but among friends in Texas
2022-08-03T17:04:38.000Z,Nord Stream 1: The 12-metre turbine threatening Europe's gas supply
2022-08-03T18:57:59.000Z,Ukraine war: IAEA says Zaporizhzhia nuclear plant out of control
2022-08-03T20:10:17.000Z,"Ukraine war round-up: Nuclear plant fears, and war zones and football"
2022-08-03T22:04:20.000Z,French sailor survives 16 hours in capsized boat in Atlantic
2022-08-02T13:07:57.000Z,Authorities investigate after mysterious sinkhole appears in Chile
2022-08-03T14:43:03.000Z,Mecca: Joy as pilgrims able to touch ancient Black Stone
2022-08-02T20:28:55.000Z,Nancy Pelosi: How she rose to the top - and stayed there
2022-08-03T01:13:43.000Z,All-women team breaks record rowing to Hawaii
2022-08-02T15:28:37.000Z,Watch: Nancy Pelosi lands in Taiwan amid China tensions
2022-08-03T03:29:02.000Z,Ayman al-Zawahiri: How US strike could kill al-Qaeda leader - but not his family
2022-08-02T23:00:09.000Z,Kentucky floods: 'Guardian angel' saves family from deluge
2022-08-03T18:12:20.000Z,"US primaries: Rusty Bowers, who defied Trump, loses re-election bid"
2022-08-03T19:27:05.000Z,Zawahiri's victims: What it feels like to hear he's gone
2022-08-03T19:51:24.000Z,"After Kansas defeat, what's next for abortion bans?"
2022-08-03T19:26:41.000Z,Alex Jones concedes Sandy Hook school shooting was '100% real'
2022-08-03T21:48:43.000Z,US to probe claims Sikh turbans taken at border with Mexico
2022-08-03T20:34:59.000Z,"Alex Jones's texts sent mistakenly to Sandy Hook lawyers, court hears"
