﻿2022-08-08T16:55:21.000Z,NI Protocol: UK given extra time to respond to EU
2022-08-08T16:41:22.000Z,The Ukrainian ballet dancers waiting for a call to war
2022-08-08T16:38:54.000Z,Martin Dyer: Paraglider died from multiple injuries
2022-08-08T17:11:21.000Z,
2022-08-09T00:47:31.000Z,Kenya elections 2022: Raila Odinga and William Ruto in tight race for president
2022-08-08T17:25:17.000Z,Blinken Africa trip: The world should not dictate to the continent
2022-08-08T23:01:39.000Z,China housing crisis: The people living in unfinished apartments
2022-08-07T23:00:35.000Z,The newborns fighting for survival in Afghanistan
2022-08-08T10:02:24.000Z,"Ukraine: Any attack on a nuclear plant is 'suicidal', says UN"
2022-08-08T12:51:56.000Z,Tighter export controls on electronics could hamper Russia's war effort - report
2022-08-08T13:44:11.000Z,Climate change: Alps glaciers melting faster as heatwaves hit
2022-08-08T14:21:56.000Z,In pictures: Drought hits Europe's rivers and crops
2022-08-08T20:56:18.000Z,Ukraine round-up: Russia's tech weakness and latest fighting
2022-08-08T20:03:19.000Z,Russia halts US inspections of nuclear arsenal under New START treaty
2022-08-08T17:11:21.000Z,Russia using Zaporizhzhia nuclear power plant as army base - Ukraine
2022-08-09T01:01:21.000Z,Panama Canal grapples with climate change threat
2022-08-08T15:33:35.000Z,How I taught a vulture to fly with me
2022-08-08T23:18:43.000Z,Bolivia's 'death road' becomes wildlife haven
2022-08-08T16:44:53.000Z,Israel-Gaza: Unusual pre-emptive hit by Israel pays off
2022-08-09T00:58:32.000Z,Afghanistan: The Taliban sniper now working behind a desk
2022-02-10T23:37:57.000Z,US National Archives requests legal probe of Trump over handling of documents
2022-06-25T21:44:56.000Z,Jan 6 hearings: Four big things we've learned
2022-08-08T14:28:35.000Z,Amanda Todd: Dutch man convicted of sexually extorting teenager
2022-08-09T00:52:34.000Z,"Sania Khan: She TikToked her divorce, then her husband killed her"
2022-08-08T22:02:37.000Z,"US Senate passes sweeping climate, tax and healthcare package"
2022-08-07T15:25:48.000Z,US President Biden leaves White House for first time since Covid
2022-08-08T20:17:45.000Z,Ahmaud Arbery: Three sentenced for hate crimes over jogger's murder
2022-08-09T00:46:01.000Z,FBI executes search warrant on Trump's Florida home
