﻿2022-07-22T23:02:19.000Z,Kennel space shortages reported ahead of holidays
2022-07-23T23:02:03.000Z,Kate Moss: I can tell a wrong 'un a mile away
2022-07-23T23:41:17.000Z,Family courts: One fifth of divorces wrongly ending up in court - top judge
2022-07-23T17:23:31.000Z,Fire breaks out in Kent field
2022-07-24T00:52:55.000Z,Dover and Eurotunnel queues: Travellers warned of third day of delays
2022-07-23T06:45:45.000Z,England's Big Picture: 18 July - 24 July 2022
2022-07-23T23:02:55.000Z,Chatsworth's hidden 17th Century garden revealed in drone footage
2022-07-23T10:20:57.000Z,Clacton: Body found in search for 21-year-old swimmer
2022-07-22T16:40:38.000Z,Dover traffic: Eurotunnel rejects French explanation for Dover delays
2022-07-23T18:28:58.000Z,Dover and Eurotunnel queues: Gridlock persists for travellers to France
2022-07-23T06:27:36.000Z,Tamara Ecclestone heist: Serbia refuses to extradite £26m raid suspect
2022-07-23T06:48:47.000Z,Peckham flat death: Peabody sorry for not spotting dead woman
2022-07-23T23:17:15.000Z,'Why I cut homeless people's hair for free'
2022-07-23T06:47:54.000Z,Latest Northern Ireland weather forecast
2022-07-23T23:12:45.000Z,‘A group of builders changed our lives’
2022-07-23T13:47:24.000Z,Ulster Fleadh in Dromore 'a major celebration of Irish culture'
2022-07-23T06:44:40.000Z,Camlough: Sculptures tell story of south Armagh village's fair
2022-07-23T12:44:48.000Z,Unite strike: Most Mid Ulster bin collections to halt for a month
2022-07-23T17:45:34.000Z,Drug-related deaths: Action demanded to support homeless and vulnerable in Belfast
2022-07-23T16:25:08.000Z,Tory leadership: Rishi Sunak says massive NHS backlog is national emergency
2022-07-24T00:23:37.000Z,Tory leadership: Truss and Sunak promise crackdown on migration
2022-07-23T09:18:34.000Z,Scotland's papers: Indyref2 legal argument and 'one nurse per ward'
2022-07-23T08:29:26.000Z,"Water shortages to become more frequent, says Sepa"
2022-07-23T09:41:13.000Z,Police Scotland officers worked a million hours of overtime
2022-07-23T13:34:14.000Z,"Scots cricket institutionally racist, review finds"
2022-07-23T17:23:45.000Z,Monkeypox: Fifty-four cases confirmed in Scotland
2022-07-23T16:23:36.000Z,Five hospital wards run with one registered nurse each
2022-07-23T20:58:38.000Z,Countryside: Who really has access to the great outdoors?
2022-07-23T21:00:03.000Z,Driving Tests: Why are more men passing than women?
2022-07-23T06:42:43.000Z,WWE: How a head teacher became a professional wrestler
2022-07-23T07:40:28.000Z,WWE: From private school maths teacher to pro wrestler
2022-07-23T17:22:42.000Z,Ruthin: Four people in hospital after crash
2022-07-24T01:17:07.000Z,
