﻿2022-07-05T15:32:27.000Z,UK reinstates warning against travel to Sri Lanka
2022-07-05T23:35:15.000Z,"Dea-John Reid killing: I got no justice at trial, says mother"
2022-07-05T18:26:59.000Z,Portsmouth Port owner wants cash for costly border check point
2022-07-05T16:28:37.000Z,Jermaine Baker: Fatal shooting of unarmed man lawful but Met criticised
2022-07-05T23:37:05.000Z,Roe v Wade: How Norfolk's Sir Edward Coke was invoked in US abortion ruling
2022-07-05T05:24:10.000Z,Boy in sequined prom dress ‘living his best life’
2022-07-05T13:27:32.000Z,Dark Hedges image wins World Landscape Photographer competition
2022-07-05T16:19:52.000Z,Respite care: 'I am burnt out - it's a 24/7 job'
2022-07-05T16:54:41.000Z,"Newry: Drugs, fake goods and cash worth £250,000 seized"
2022-07-05T22:16:13.000Z,Boris Johnson: NI politicians react to Westminster resignations
2022-07-05T20:50:05.000Z,Rishi Sunak and Sajid Javid quit Boris Johnson's cabinet
2022-07-05T17:20:16.000Z,Chris Pincher: PM 'bitterly regrets' appointing MP after complaint
2022-07-05T19:23:50.000Z,Can Boris Johnson survive these resignations?
2022-07-05T18:47:16.000Z,First pictures of PM after cabinet resignations
2022-07-05T19:24:31.000Z,Sir Keir Starmer: The government is now collapsing
2022-07-05T20:42:00.000Z,Rishi Sunak's and Sajid Javid's resignation letters in full
2022-07-05T19:44:41.000Z,Sajid Javid and Rishi Sunak share more than a love of Star Wars
2022-07-05T19:23:39.000Z,Sajid Javid seen after shock resignation
2022-07-05T21:49:45.000Z,We're so short staffed our hotel has to turn people away
2022-07-05T21:49:50.000Z,Blind woman explains how guide running 'feels like flying'
2022-07-05T16:28:48.000Z,Lord Advocate would not sign off indyref2 bill without ruling
2022-07-05T15:31:17.000Z,Covid in Wales: What do the stats tell us?
2022-07-05T13:41:23.000Z,Prince Charles airs climate frustration on BBC Wales visit
2022-07-05T14:04:54.000Z,"Floating wind farms at sea to create 29,000 jobs - Crown Estate"
2022-07-05T14:52:01.000Z,Covid Wales: All hospitals ask for masks as cases rise
2022-07-05T22:00:05.000Z,Farming in Wales: Farmers must plant trees to get cash
2022-07-05T22:00:10.000Z,Covid: After-school clubs face recruitment survival fight
2022-07-05T17:37:39.000Z,Breastfeeding mum told to leave Rhyl swimming pool
2022-07-05T21:38:46.000Z,Boris Johnson: Virginia Crosbie quits and calls for PM to resign
2022-07-05T16:53:25.000Z,"Covid map: Coronavirus cases, deaths, vaccinations by country"
2022-07-06T00:57:09.000Z,
