﻿2022-08-25T23:18:55.000Z,Latvia brings down World War Two memorial
2022-08-28T07:53:35.000Z,Hidden Bristol stories told through virtual reality tour
2022-08-28T18:05:16.000Z,
2022-08-28T23:29:39.000Z,"Venus and Serena Williams' coach: ""We changed history"""
2022-08-27T23:18:12.000Z,Tunisia racism: 'I lost the will to leave my home'
2022-08-28T11:59:18.000Z,Libya clashes: UN calls for ceasefire after 32 killed
2022-08-28T14:32:36.000Z,José Eduardo dos Santos: State funeral for Angola ex-president
2022-08-10T00:20:59.000Z,Pakistan floods: 'I lost everything'
2022-08-28T15:29:06.000Z,In pictures: Floods and fear in Pakistan
2022-08-28T15:29:53.000Z,Pakistan floods: Appeals for aid as 119 more die in a day
2022-08-28T11:52:30.000Z,Taiwan: Two US warships sail through strait
2022-08-28T10:40:18.000Z,Pakistan floods: Bed frames used to pull victims over rushing water
2022-08-28T17:10:42.000Z,Pakistan floods: Sindh province awaits more deluges and devastation
2022-08-28T22:48:02.000Z,Pakistan flood victims throw note pleading for help
2022-08-26T23:05:23.000Z,China's severe drought from the air
2022-08-28T21:56:30.000Z,From Maruti to Amul: Five brands that shaped India after independence
2022-08-28T11:08:16.000Z,Noida towers demolition: The moment Supertech skyscrapers imploded
2022-08-27T23:23:06.000Z,Australia: Scott Morrison saga casts scrutiny on Queen's representative
2022-08-27T23:11:22.000Z,Electricity and drought killing white storks
2022-08-28T06:06:11.000Z,"EuroPride 2022: Serbia will not host event, says president"
2022-08-27T18:01:08.000Z,"Serbia-Kosovo ID document row settled, says EU"
2022-08-28T18:05:16.000Z,Ukraine war: Russian recruitment drive unlikely to have impact - UK
2022-08-28T22:45:39.000Z,Bike protest takes over German motorway
2022-08-28T04:11:27.000Z,Cristina Fernandez de Kirchner: Protesters and police clash near Argentina vice-president's home
2022-08-28T23:00:54.000Z,The Palestinians facing mass eviction in the West Bank
2022-08-28T23:24:09.000Z,The sudden silencing of Guantanamo's artists
2022-08-28T00:05:13.000Z,Three off-duty Dutch commandos shot outside hotel in Indianapolis
2022-08-28T06:56:53.000Z,California freeway split in half by monsoon floods
2022-08-28T20:16:16.000Z,Roland Mesnier: Former White House pastry chef dies at 78
