﻿2022-08-14T07:16:14.000Z,
2022-08-14T21:13:33.000Z,Fireworks explosion rocks Armenia shopping market
2022-08-14T18:34:06.000Z,Kenya elections 2022: Live result updates
2022-08-14T00:50:02.000Z,Lessons in heartbreak: I coach women to get over their ex
2022-08-14T18:34:29.000Z,Kenya elections 2022: Raila Odinga and William Ruto in tight presidential race
2022-08-14T00:34:28.000Z,Afghanistan: Taliban fire shots to stop Afghan women's Kabul protest
2022-08-14T13:47:58.000Z,US Taiwan: Congress team follows Pelosi with second high-level visit in a month
2022-08-14T19:13:26.000Z,Tropical Storm Meari leaves trail of devastation in central Japan
2022-08-14T22:32:47.000Z,Marshall Islands: Covid-19 cases surge
2022-08-14T04:14:38.000Z,Independence Day: The Partition baggage young Indians and Pakistanis carry
2022-08-14T05:27:56.000Z,Rakesh Jhunjhunwala: Tributes for India's 'stock market king' who died at 62
2022-08-13T20:45:47.000Z,Miriam Margolyes: 'I now look up to Australian bogans'
2022-08-14T21:03:10.000Z,Mangrove forests: How 40 million Australian trees died of thirst
2022-08-14T21:40:23.000Z,Australia: Gunman charged over Canberra airport shooting
2022-08-13T16:38:47.000Z,Medusa festival: High speeds winds cut Spanish festival short
2022-08-13T20:20:22.000Z,Tonnes of dead fish found in river on German-Polish border
2022-08-14T07:16:14.000Z,Ukraine war: Zelensky warns Russian soldiers at Zaporizhzhia nuclear plant
2022-08-14T10:31:28.000Z,"'We are waiting for rain, for winter, for God' - Fighting a megafire in France"
2022-08-14T11:31:17.000Z,Walrus Freya who became attraction in Norway's Oslo Fjord put down
2022-08-14T16:44:02.000Z,Cats to be freed from special lockdown in German town
2022-08-14T15:27:05.000Z,Palestinian gunman wounds eight in Jerusalem attack
2022-08-14T12:48:44.000Z,Egypt fire: Dozens dead in Giza Coptic church
2022-08-10T20:56:31.000Z,A new reality for women seeking an abortion in Texas
2022-08-13T21:12:58.000Z,"Horrifying, ghastly: Authors condemn attack on Salman Rushdie"
2022-08-14T15:53:03.000Z,"Salman Rushdie's 'defiant sense of humour' remains, son says"
