﻿2022-07-27T15:48:28.000Z,Sheffield: Swedish football fans caught up in rail strike
2022-07-27T18:47:29.000Z,"Cardiff dad and son poisoned in Bangladesh, police say"
2022-07-27T20:22:08.000Z,"Tributes to 'sweet, friendly' poisoned father and son, 16"
2022-07-27T23:46:24.000Z,
2022-07-26T23:20:26.000Z,"In one of the poorest slums in Argentina, families rely on a huge landfill site for food."
2022-07-27T21:50:28.000Z,Iraq: Muqtada al-Sadr supporters storm parliament building in Baghdad
2022-07-27T00:02:05.000Z,South Africa gun crime: 'Every night there are bullets'
2022-07-26T21:43:26.000Z,DR Congo: Violence flares in anti-UN protests
2022-07-27T18:33:41.000Z,Lulo Rose: Largest pink diamond in 300 years found in Angola
2022-07-27T23:06:38.000Z,"Climate change killing elephants, says Kenya"
2022-07-27T17:36:11.000Z,Nigeria’s Chibok girls: Two victims found eight years on
2022-07-26T23:50:59.000Z,Afghanistan: In a quiet valley the Taliban face armed resistance
2022-07-27T18:13:06.000Z,Covid in China: Million in lockdown in Wuhan after four cases
2022-07-28T00:01:07.000Z,Chess Olympiad 2022: Why India may sweep medals at the Chennai edition
2022-07-26T16:01:18.000Z,BBC footage reveals abuse of disabled Ukrainians
2022-07-27T13:21:22.000Z,Ukraine war: Officials say work at grain ports resumes after deal
2022-07-27T23:46:24.000Z,Ukraine war: West's modern weapons halt Russia's advance in Donbas
2022-07-27T12:27:54.000Z,Brazilian footballer Neymar faces fraud trial in Barcelona
2022-07-27T20:49:34.000Z,"Every woman's body is beach ready, says Spanish government campaign"
2022-07-27T16:30:49.000Z,Yaimé Pérez: Cuban athlete defects after World Championships
2022-07-27T22:01:38.000Z,Protesters storm Iraqi parliament in Baghdad
2022-07-25T23:39:16.000Z,Utah's Great Salt Lake is running out of water
2022-07-27T05:20:45.000Z,Pelosi Taiwan visit: Beijing vows consequences if US politician travels to island
2022-07-27T17:19:47.000Z,George Floyd death: Last two ex-officers sentenced to prison
2022-07-27T20:35:15.000Z,Brittney Griner: US makes 'substantial' offer to bring basketball star home
2022-07-27T23:47:16.000Z,US mortgage lender to pay $20m in redlining case
