﻿2022-08-25T23:18:55.000Z,Latvia brings down World War Two memorial
2022-08-26T16:20:23.000Z,British brothers die on family holiday in Germany
2022-08-26T16:09:40.000Z,Macron says UK and France face problems if leaders unsure over friendship
2022-08-26T21:03:31.000Z,
2022-08-27T00:41:20.000Z,Kenya's tech hub: Meeting the DIY coders and gurus of the future
2022-08-26T22:37:10.000Z,Ethiopia's Tigray war: Tedros Ghebreyesus unable to send money to 'starving' family
2022-08-24T16:17:46.000Z,Floods deluge parts of southern Pakistan
2022-08-26T15:13:03.000Z,Pakistan floods: Monsoons bring misery to millions in Pakistan
2022-08-27T00:29:04.000Z,Najib Razak: The verdict that sent Malaysia's untouchable ex-PM to prison
2022-08-26T23:27:52.000Z,Pakistan: Millions affected by heavy flooding
2022-08-26T23:05:23.000Z,China's severe drought from the air
2022-08-27T00:24:12.000Z,Asia Cup: India and Pakistan gear up for next cricket battle
2022-08-23T23:01:28.000Z,"Front line frontmen: Antytila, the rock band fighting Russia"
2022-08-23T17:24:43.000Z,Stolen car found stuck in metro station in Madrid
2022-08-24T23:01:21.000Z,On call with Italy's horseback doctor
2022-08-27T00:13:11.000Z,Sanna Marin: How much partying is too much for a leader?
2022-08-27T00:22:39.000Z,Oder mass fish deaths: Searching for clues to Polish-German border mystery
2022-08-26T21:03:31.000Z,Ukraine war round-up: Russia burns off its excess gas and war memorial torn down
2022-08-26T16:01:38.000Z,Huge dinosaur skeleton unearthed in Portuguese garden
2022-08-26T19:29:26.000Z,Turkish singer Gulsen arrested over religious schools joke
2022-08-27T00:26:17.000Z,Women with hijab found to face bias in Egypt
2022-08-10T16:11:42.000Z,How big are Donald Trump's legal problems?
2022-08-26T18:29:12.000Z,What we do and don't know about the FBI search of Trump's home
2022-08-26T20:39:45.000Z,FBI cites 'evidence of obstruction' in Trump Florida home search
2022-08-26T23:59:08.000Z,Trump affidavit drops clues on scale of FBI investigation
2022-08-27T00:45:32.000Z,Alabama pastor arrested while watering neighbour's plants
