﻿2022-09-02T20:39:48.000Z,Floods: Mosque hopes to raise thousands for Pakistan
2022-09-02T22:02:54.000Z,South Wales Police apology 70 years after hanging injustice
2022-09-02T20:57:26.000Z,
2022-09-02T05:10:56.000Z,"Ros Atkins On… how inflation, Ukraine and drought are linked"
2022-09-02T08:41:57.000Z,Gun jams as it is pointed at Argentina's vice-president
2022-09-02T23:31:45.000Z,Inside Libya's secret jail: 'Being alive is a miracle'
2022-08-31T13:51:44.000Z,Pakistan floods: Shelter staff rescue 250 dogs
2022-09-02T18:56:18.000Z,Gotabaya Rajapaksa: Sri Lanka's ousted former president returns
2022-09-02T23:17:24.000Z,Pakistan floods: 'We spent the whole night running from the flood'
2022-09-02T16:23:54.000Z,Ukraine crisis: Russian oil turns to Asia as sanctions bite
2022-09-01T15:07:59.000Z,'Brit in the bush': Backpacker who became an accidental outback cook
2022-09-01T11:33:20.000Z,Spain's Tomatina food fight returns after Covid hiatus
2022-09-01T19:03:17.000Z,Earthquake rocks Liechtenstein Parliament... during earthquake debate
2022-09-02T20:57:26.000Z,Ukraine war: Russia to keep key gas pipeline to EU closed
2022-09-02T19:55:51.000Z,Ukraine round-up: G7 attempts oil price cap and Russia extends gas pipeline outage
2022-09-02T22:19:20.000Z,Cristina Fernández de Kirchner: Argentines rally after botched assassination attempt
2022-09-02T23:56:14.000Z,Colombia: Eight police officers killed following president's push for peace
2022-09-02T23:28:04.000Z,Israeli rules say West Bank visitors must declare love interest
2022-09-02T17:30:08.000Z,Iran says it seized US surface drones from Red Sea
2022-09-02T17:33:58.000Z,What we do and don't know about the FBI search of Trump's home
2022-09-02T22:52:32.000Z,Trump investigation: Empty folders marked classified found at Mar-a-Lago
2022-09-02T20:25:33.000Z,Jackson water crisis: Troops hand out 1.1m bottles of water in a day
2022-09-02T23:46:23.000Z,"US approves $1.1bn Taiwan arms sale, angering China"
