﻿2022-08-12T13:24:56.000Z,Covid-19 in the UK
2022-08-15T23:03:12.000Z,ADHD clinic: 'I'm 22 and I've just been diagnosed'
2022-08-14T10:50:45.000Z,Green spaces across England parched in weekend heatwave
2022-08-15T21:17:33.000Z,Thunderstorms begin in the UK after heatwave
2022-08-15T16:12:42.000Z,Emergency alert system to launch in October across Great Britain
2022-08-15T16:57:22.000Z,Man stabbed to death near London's Oxford Street
2022-08-15T14:26:21.000Z,Monkeypox: Lack of vaccines sparks pause in UK rollout
2022-08-14T23:37:01.000Z,The nine-year-old boy who fled war-torn Cyprus for London
2022-08-15T16:19:33.000Z,Ricardo Dos Santos: Sprinter pulled over for second time by police
2022-08-15T21:17:17.000Z,Tube and bus fares could rise by up to 14% in 2023
2022-08-15T17:23:12.000Z,"Benjamin Mendy: Women disposable to 'predator' footballer, jury told"
2022-08-15T05:07:02.000Z,Kettering family's concerns investigated after baby death
2022-08-15T19:55:29.000Z,Lisburn: Man in his 80s assaulted when exiting train
2022-08-15T18:13:19.000Z,Cost of living: NI taskforce to explore £400 energy bill discount options
2022-08-15T18:22:10.000Z,'Casual sectarianism' incidents in Belfast and Derry criticised by MP
2022-08-15T15:25:16.000Z,From sunshine to thunderstorms: High temperatures give way to rain and flood warnings
2022-08-15T17:37:04.000Z,Noah Donohoe: NI secretary 'would meet' family over teenager's death
2022-08-15T17:36:29.000Z,NI secretary happy to meet Noah Donohoe's mother
2022-08-15T08:06:44.000Z,I'm not going to apologise for going on holiday - Keir Starmer
2022-08-15T17:57:36.000Z,Not just hardest up that need bill help - Sir Keir Starmer
2022-08-15T21:00:30.000Z,Alun Cairns switches support from Sunak to Truss
2022-08-15T17:31:28.000Z,Edinburgh Fringe: Sadowitz hits back at venue over racism claims
2022-08-15T15:23:54.000Z,Network Rail strikes to disrupt almost all ScotRail services
2022-08-15T21:23:27.000Z,Scottish council workers reject pay offer from Cosla
2022-08-15T17:47:22.000Z,Police in Scotland agree to improved 5% pay offer
2022-08-15T21:58:40.000Z,Cost of living 'could increase youth homelessness'
2022-08-15T21:54:14.000Z,Tory hopefuls to target Scottish votes at Perth hustings
2022-08-15T21:55:41.000Z,What can we expect from Scottish Tory hustings?
2022-08-15T15:10:32.000Z,Heatwave: Two-day thunderstorm warning for Wales
2022-08-15T18:37:59.000Z,"Ryan Giggs headbutted ex and threatened her sister, court hears"
2022-08-15T21:55:53.000Z,"Cost of living: Demand for free school uniforms rockets, says charity"
2022-08-15T21:56:33.000Z,Child loss: Mother who lost husband and son welcomes support plan
2022-08-15T17:50:01.000Z,Covid: Invites start for Wales autumn booster campaign
2022-08-15T19:10:47.000Z,
