﻿2022-07-07T15:29:05.000Z,"Prince Harry faced tensions with royal officials as security downgraded, court hears"
2022-07-06T16:59:29.000Z,No reason to call early election - Boris Johnson
2022-07-07T11:55:41.000Z,Boris Johnson's resignation speech as he quits as Tory leader
2022-07-07T13:22:47.000Z,Boris Johnson: 48 hours of political chaos
2022-07-07T17:37:42.000Z,UK heatwave: Temperatures to hit low 30s as heat-health alert issued
2022-07-07T19:42:41.000Z,"PM 'thinks' he reported oligarch meeting, MPs told"
2022-07-07T00:11:12.000Z,Hemel Hempstead mother's funding plea for daughter's rare disease
2022-07-07T17:35:20.000Z,"Bushey man murdered after honeytrap set-up, court hears"
2022-07-07T23:01:17.000Z,Bristol longboarding group 'a blessing' during lockdown
2022-07-07T18:59:09.000Z,Baby P's mother Tracey Connelly released from prison
2022-07-07T12:12:59.000Z,Chris Pincher: Fresh sex assault claims about suspended Tamworth MP
2022-07-07T17:37:34.000Z,Sizewell C: Decision on nuclear power plant delayed
2022-07-07T15:02:38.000Z,Police officers 'shared images of person who died by suicide'
2022-07-07T19:00:03.000Z,Boris Johnson: Shailesh Vara replaces Brandon Lewis as NI Secretary
2022-07-07T16:12:37.000Z,Boris Johnson resigns: NI politicians and organisations react to PM's departure
2022-07-07T16:59:04.000Z,NI health: Serious adverse incidents 'likely to be repeated'
2022-07-07T16:06:55.000Z,Shailesh Vara: Who is the new Northern Ireland secretary?
2022-07-07T09:19:34.000Z,Boris Johnson: The prime minister who broke all the rules
2022-07-07T14:41:04.000Z,Who will replace Boris Johnson?
2022-07-06T11:46:56.000Z,Clapping in Commons as Tory MP Sambrook calls on PM to go
2022-07-07T16:26:30.000Z,Boris Johnson resignation: What happens now?
2022-07-07T09:25:10.000Z,Boris Johnson resigns: Five things that led to the PM's downfall
2022-07-07T13:49:45.000Z,Resignation speech: 'No-one is indispensable' - Boris Johnson's statement in full
2022-07-07T21:39:50.000Z,Boris Johnson pledges no big policy changes before departure
2022-07-07T21:39:50.000Z,Boris Johnson pledges no big policy changes before departure
2022-07-07T18:06:39.000Z,Boris Johnson resigns: Voters across England react to the news
2022-07-07T16:26:01.000Z,Jail for woman who claimed Darren Russell murder was accident
2022-07-07T22:12:34.000Z,Paolo Nutini to headline as TRNSMT returns to summer slot
2022-07-07T12:14:21.000Z,Nicola Sturgeon: Sense of relief at Johnson exit
2022-07-07T17:49:20.000Z,Scottish Conservative Douglas Ross says 'very difficult' for PM to continue
2022-07-07T21:58:14.000Z,RSPCA urges Wales-wide ban on pets as funfair prizes
2022-07-07T17:13:15.000Z,Quarry fall in Pontypool leaves boy dead and girl critical
2022-07-07T14:49:38.000Z,Boris Johnson: People in Wales react to resignation
2022-07-07T21:56:56.000Z,Cost of living crisis: Mosque food bank capacity rises
2022-07-07T16:57:02.000Z,Llanelli woman jailed for taking 150 driving tests for others
2022-07-07T18:55:34.000Z,Boris Johnson: Welsh Secretary Robert Buckland took job because PM quit
2022-07-07T19:37:36.000Z,
2022-07-07T16:59:07.000Z,Boris Johnson: World reacts as UK PM resigns
2022-07-07T16:33:27.000Z,Boris Johnson: What does the world make of UK PM's exit?
2022-07-07T14:01:07.000Z,China: MI5 and FBI heads warn of ‘immense’ threat
2022-07-07T20:26:17.000Z,Boris Johnson: European Union reacts as UK PM resigns
2022-07-07T17:13:43.000Z,Poland confirms scientist being detained in Iran
