﻿2022-08-12T10:23:07.000Z,Is there a hosepipe ban in my area?
2022-08-12T01:56:18.000Z,Heat: How different sectors are coping
2022-08-12T20:49:46.000Z,UK Heatwave: Official drought declared across large parts of England
2022-08-12T11:43:20.000Z,Dust devil: Footage shows the whirlwind blowing in County Durham
2022-08-12T17:04:06.000Z,How to protect your skin in the heat
2022-08-14T23:03:24.000Z,UK heatwave: Final day of 'extreme' heat with thunder on way
2022-08-14T10:50:45.000Z,Green spaces across England parched in weekend heatwave
2022-08-14T16:31:09.000Z,500 more wildfires this year than whole of 2021 - fire chief
2022-08-14T11:38:22.000Z,Watford homes evacuated and Lottery HQ threatened by field fire
2022-08-12T19:57:30.000Z,"Extreme heat 'making us sick', say homeless in Bristol"
2022-08-14T12:09:57.000Z,Wildfires continue across Cornwall and Devon
2022-08-14T09:35:07.000Z,Studland Heath major fire incident gets scaled back
2022-08-14T14:44:55.000Z,Southampton homes without water after pipe bursts
2022-08-14T13:13:32.000Z,"Channel migrants: More than 20,000 people arrive in UK in 2022"
2022-08-12T23:01:04.000Z,'I got told off for playing football'
2022-08-14T10:57:32.000Z,Skegness: Body of teenage boy recovered from the sea
2022-08-14T15:08:05.000Z,Sarah Everard: Vigil protesters no longer face prosecution
2022-08-14T17:13:49.000Z,UK Black Pride event returns to London
2022-08-14T16:06:55.000Z,Arson arrests in Norfolk over barbecue fire in park
2022-08-14T15:14:45.000Z,Avanti West Coast: MP in plea to reconsider suspending rail service
2022-08-14T10:04:55.000Z,Sudbury fire crews tackle 'challenging' large field fire
2022-08-14T10:08:12.000Z,Criticism over Surrey water disruption in heatwave
2022-08-14T15:07:22.000Z,Magherafelt: Man in 20s dies in scrambler bike crash
2022-08-14T21:06:44.000Z,Thunderstorms: Amber warning for parts of Northern Ireland ends
2022-08-14T11:23:37.000Z,Police probe threat to JK Rowling over Salman Rushdie support
2022-08-14T12:48:54.000Z,Water scarcity: Crop failure warning as ban comes into force in Fife
2022-08-14T16:31:21.000Z,Terminal MND cyclist completes Cairngorms ride
2022-08-14T12:59:56.000Z,In pictures: Pipe band world champions 2022 are crowned
2022-08-14T17:52:16.000Z,Mountain Rescuers called up Ben Nevis for struggling dog
2022-08-14T00:58:37.000Z,The Italian town that celebrates fish and chips
2022-08-14T06:13:50.000Z,More new mothers over 40 than under 20 in Wales for first time
2022-08-14T21:08:23.000Z,Duke of Edinburgh's Award camping death memorial call
2022-08-14T07:25:08.000Z,Silence of the Lambs caterpillars turn up in Bridgend garden
2022-08-14T21:08:02.000Z,Cost of living: Families choosing between food and children's sport
2022-08-14T12:17:37.000Z,"Ryan Reynolds, Rob McElhenney: £20k to girl's cancer fund"
2022-08-14T09:52:37.000Z,Rhyl: Welsh-only car park ticket machine delays drivers
2022-08-14T11:23:56.000Z,Gower: Two rescued from burning boat after it caught fire
2022-08-14T11:18:16.000Z,"Parc Prison, Bridgend: Investigation after inmate death"
2022-08-14T14:39:48.000Z,Brecon Beacons waterfall jumper airlifted to hospital
2022-08-14T21:41:49.000Z,Firefighters tackling grass and recycling fires across Wales
2022-08-14T07:16:14.000Z,
2022-08-13T20:45:47.000Z,Miriam Margolyes: 'I now look up to Australian bogans'
2022-08-14T15:53:03.000Z,"Salman Rushdie's 'defiant sense of humour' remains, son says"
