﻿2022-07-03T22:41:48.000Z,
2022-07-01T17:51:39.000Z,Same-sex couples legally marry in Switzerland
2022-07-03T23:37:48.000Z,Kenya's cost-of-living crisis: 'I can't afford rice for my children'
2022-07-03T00:06:52.000Z,Nigeria rejects Ukraine online degrees: 'It's not fair'
2022-07-03T08:28:32.000Z,"Taiwan: China attack not imminent, but US watching closely, says Gen Milley"
2022-07-02T17:41:29.000Z,Crew member of sinking ship airlifted to safety
2022-07-02T23:50:32.000Z,Sarfaraz Khan: The 'wandering cricketer' on the road to stardom
2022-07-03T23:17:22.000Z,Bihar: Their son vanished - then an imposter took over for 41 years
2022-06-30T23:02:49.000Z,Assam: Death and despair after deadliest urban flood in India
2022-07-03T10:25:35.000Z,Sydney floods: Tens of thousands told to evacuate
2022-07-03T23:49:45.000Z,Sydney floods: Tens of thousands told to evacuate
2022-07-02T23:58:40.000Z,Daphne du Maurier: Novelist who traced past to a French debtors' jail
2022-07-02T23:28:54.000Z,Ukraine: The teachers swapping classrooms for trenches
2022-07-03T19:03:56.000Z,Turkey detains Russian-flagged grain ship from Ukraine
2022-07-03T11:54:06.000Z,Ukraine blamed by Russia for deadly blast in border city of Belgorod
2022-07-03T15:04:41.000Z,Egypt: Red Sea beaches close after deadly shark attack
2022-07-03T16:13:53.000Z,At least five killed in Italian Marmolada glacier collapse
2022-07-03T22:41:48.000Z,Ukraine confirms Russia captured eastern city Lysychansk
2022-07-03T20:20:02.000Z,Ukraine round-up: Russia takes Lysychansk and border city hit
2022-07-03T22:53:12.000Z,Video captures moment glacier collapses in Italian alps
2022-07-03T23:09:52.000Z,Copenhagen shooting: Gunman kills three in Field's shopping mall
2022-07-03T20:21:50.000Z,Russian scientist Kolker held in spy probe dies of cancer
2022-07-03T21:14:50.000Z,Copenhagen shooting: Panic as people flee gunfire inside shopping centre
2022-07-01T10:49:17.000Z,Watch: The moment a landslide descends on town in Peru
2022-07-03T00:48:44.000Z,Argentina's economy minister makes sudden exit
