﻿2022-08-11T15:50:38.000Z,George Jack Temperley-Wells: Concern for boy missing in Turkey
2022-08-11T05:48:55.000Z,Enterprise rail link between Belfast and Dublin marks 75 years
2022-08-11T18:36:16.000Z,
2022-03-04T19:32:49.000Z,Nuclear plant: How close was nuclear plant attack to catastrophe?
2022-08-11T16:00:45.000Z,Europe's largest nuclear plant shelled in Ukraine
2022-08-10T17:38:57.000Z,French freediver breaks deep dive world record
2022-08-11T15:55:05.000Z,Kenya Election 2022: Why the count is taking so long
2022-08-11T16:14:18.000Z,Rahimullah Haqqani: Afghan cleric killed by bomb hidden in artificial leg - reports
2022-08-11T16:24:38.000Z,Japan dolphin: Two more swimmers bitten
2022-08-10T23:43:05.000Z,Uttar Pradesh: India son born out of rape helping mum get justice
2022-08-11T08:36:29.000Z,India man wins 22-year court battle against railways over 21 pence
2022-08-11T15:40:30.000Z,The mystery deaths of two Saudi sisters in Sydney
2022-08-08T17:11:21.000Z,Russia using Zaporizhzhia nuclear power plant as army base - Ukraine
2022-08-10T11:01:17.000Z,Whale dies during rescue mission in France
2022-08-11T20:03:19.000Z,France firefighters battle 'monster' wildfire near Bordeaux
2022-08-11T21:23:52.000Z,UN alarm as Ukraine nuclear power plant shelled again
2022-08-11T13:51:51.000Z,Megafire rips through swathes of land near Bordeaux
2022-08-11T18:36:16.000Z,Zaporizhzhia nuclear workers: We're kept at gunpoint by Russians
2022-08-11T15:45:00.000Z,German army reserve officer on trial over claims of spying for Russia
2022-08-11T20:40:42.000Z,Legoland: Rollercoaster crash at Germany resort injures 31
2022-08-11T19:41:29.000Z,"Ukraine war: Fears over Zaporizhzhia nuclear power plant, and major damage at Crimea airbase"
2022-08-11T08:58:59.000Z,Panamanian politician posts SOS after crashing in jungle
2022-08-10T23:35:00.000Z,Iranian women who need certificates to prove they are virgins
2022-08-11T17:06:15.000Z,The 'traumatic experience' of US monkeypox patients
2022-08-10T20:56:31.000Z,A new reality for women seeking an abortion in Texas
2022-08-10T13:33:41.000Z,Thousands of beagles saved from drug trials in US
2022-08-11T08:58:05.000Z,Firenado rages in California
2022-08-11T23:12:32.000Z,Donald Trump: Mar-a-Lago search warrant could be unsealed
