﻿2022-08-06T23:13:44.000Z,Lambeth Conference: Welby unites bishops with compromise on sexuality
2022-08-08T00:29:03.000Z,"Street harassment will end in charges, Crown Prosecution Service vows"
2022-08-06T13:32:48.000Z,Archie Battersbee: 'He fought until the end'
2022-08-07T14:26:04.000Z,Gordon Brown demands emergency budget before 'financial timebomb'
2022-08-07T06:22:15.000Z,England's Big Picture: 1 August - 7 August 2022
2022-08-07T14:01:11.000Z,Girl dies after going missing at Windsor water park
2022-08-06T23:50:39.000Z,Gambling disorder: 'It took me to save Peter Shilton'
2022-08-06T23:03:07.000Z,Wingwalker Betty Bromage completes fifth high-flying challenge
2022-08-07T13:53:33.000Z,Owami Davies: Fifth arrest over missing student nurse
2022-08-07T15:18:20.000Z,Horniman Museum to return 72 artefacts to Nigeria
2022-08-07T21:39:26.000Z,Feltham: Homes evacuated as crews tackle west London blaze
2022-08-07T21:36:14.000Z,Plumes of smoke and huge flames at Feltham fire
2022-08-07T05:39:00.000Z,"DadBods: Support, tips, tricks and 'dadventures'"
2022-08-07T05:57:32.000Z,Changeable summer weather dampens Northern Ireland's cricket season
2022-08-06T23:07:33.000Z,Portadown: Large fire on Blackisland Road
2022-08-07T12:24:26.000Z,Portadown: Four vehicles extensively damaged in arson attack
2022-08-07T20:42:24.000Z,North Belfast: Two people seriously injured after being hit by car
2022-08-07T17:19:49.000Z,Ballymurphy: parade marks fifty-first anniversary
2022-08-06T23:25:54.000Z,The mysteries that gave birth to the world’s newest micronation
2022-08-07T09:42:02.000Z,Scotland's papers: Ukrainian refugee baby born and ferry spending
2022-08-07T12:20:30.000Z,Bird fossils dating back 50 million years gifted to National Museums Scotland
2022-08-07T06:12:54.000Z,"Port Talbot: Tata Steel faces crunch-time, professor warns"
2022-08-07T23:01:16.000Z,Ysbyty Glan Clwyd: Stroke patients would rather go to England
2022-08-07T10:44:40.000Z,Prestatyn girl makes homeless blankets from crisp packets
2022-08-07T13:30:38.000Z,Denbigh locals fight to save fields from quarrying
2022-08-07T17:31:24.000Z,Swansea: Half Ironman welcome but 'at wrong time' for businesses
2022-08-07T18:39:51.000Z,Abersoch: Two injured after vehicle falls off cliff face
2022-08-07T06:10:37.000Z,Macro photography: The hidden world of garden insects
2022-08-07T12:59:36.000Z,
