﻿2022-07-04T18:27:35.000Z,Minions: Cinemas ban teens in suits over #gentleminions trend
2022-07-04T17:38:15.000Z,Fuel protests: Arrests for slow driving during motorway delays
2022-07-04T15:36:00.000Z,Fuel protests: Motorways brought to a standstill
2022-07-04T17:49:30.000Z,Bedford gas explosion: One dead as blast wrecks flats
2022-07-02T23:18:45.000Z,'Drawing doodles for Ant and Dec was my dream job'
2022-07-04T23:55:29.000Z,Conversion therapy: 'I thought God hated me because I was gay'
2022-07-04T17:49:41.000Z,Towie: Yazmin Oukhellou stable in hospital after crash which killed man
2022-07-04T15:13:49.000Z,Protest held in Colchester against housing plans for MOD land
2022-07-04T18:17:55.000Z,Climate protesters glue themselves to John Constable masterpiece
2022-07-04T20:05:48.000Z,Oldham child sex abuse: Victim highlighted in report wants justice
2022-07-04T20:17:36.000Z,Woman given months to live celebrates cancer all-clear
2022-07-04T15:17:29.000Z,Caterpillar NI staff ends strike after 'strong' response to direct pay offer
2022-07-04T21:02:58.000Z,NI Troubles: Legacy bill passes Commons stages
2022-07-04T22:36:28.000Z,East Belfast shooting: Masked men fire shots inside property
2022-07-04T14:47:44.000Z,Sadiq Khan: UK best served being member of single market
2022-07-01T19:34:34.000Z,Chris Pincher suspended as Tory MP after groping allegation
2022-07-03T17:29:11.000Z,Chris Pincher suspension: Boris Johnson unaware of specific claims - minister
2022-07-04T07:54:28.000Z,Chris Pincher: PM under pressure over appointment
2022-07-04T20:05:39.000Z,"Brexit: No case for UK returning to EU, Labour leader Starmer says"
2022-07-04T19:57:43.000Z,"New public buildings must have separate male and female toilets, says minister"
2022-07-04T16:00:31.000Z,Keir Starmer: We're not trading on divisions
2022-07-04T21:40:12.000Z,Boris Johnson was made aware of formal Chris Pincher complaint
2022-07-04T22:12:27.000Z,Why Labour's leader has made peace with Brexit
2022-07-04T21:42:50.000Z,The state of Scotland's NHS in five charts
2022-07-04T20:27:05.000Z,Nicola Sturgeon raises indyref2 plan in call with Boris Johnson
2022-07-04T14:34:22.000Z,"No deals, no pacts, no coalition with SNP - Labour's Anas Sarwar"
2022-07-04T19:56:12.000Z,Covid: How many people have been vaccinated in Wales?
2022-07-04T22:03:11.000Z,Michael Sheen: I broke down hearing kids' care stories
2022-07-04T12:30:40.000Z,"Pembrokeshire: Zac Thompson, 11, dies in sea tragedy"
2022-07-04T17:37:50.000Z,Second homes: Welsh councils to get powers to set limit
2022-07-04T22:02:43.000Z,Michael Sheen asks why children in care disappear
2022-07-04T14:58:35.000Z,Sunbeds: Underage teens allowed to use tanning salons
2022-07-04T15:55:20.000Z,"Zip World: Daredevil, 96, becomes oldest man on Gwynedd ride"
2022-07-04T16:30:32.000Z,Kyle Walley death: Fatal stabbing posted on Snapchat
2022-07-04T22:02:54.000Z,Children in care: 'Nobody knew where I was - I was at risk'
