﻿2022-08-31T16:49:44.000Z,Queen to appoint new prime minister at Balmoral
2022-09-01T08:47:53.000Z,Ovo Energy's Stephen Fitzpatrick gives stark warning over fuel bill rises
2022-09-02T00:56:10.000Z,The people who wish they had an energy price cap
2022-09-01T19:00:18.000Z,Friends and colleagues pay tribute to Bill Turnbull
2022-09-02T14:12:32.000Z,Martin Bashir Diana interview: BBC donates sales to charity
2022-09-02T23:50:09.000Z,EuroMillions: UK ticket-holder wins £110m jackpot
2022-09-02T17:27:28.000Z,Millwall vs Birmingham City: Images released by police in football violence probe
2022-09-02T14:34:06.000Z,Former Dudley soldier's mountain race for scar charity
2022-09-02T05:42:18.000Z,Bristol Zoo memories as 'major part' of city's life closes
2022-09-02T14:30:49.000Z,Lilia Valutyte: Funeral held for Boston stabbing victim
2022-09-01T11:42:30.000Z,Boy's stag photo scoops Wildlife Photographer of the Year accolade
2022-09-02T15:37:34.000Z,ITV South Bank tower demolition called in by ministers
2022-09-02T18:25:47.000Z,Cressida Dick: Sadiq Khan intimidated Met chief into quitting- report
2022-09-02T17:03:00.000Z,Molly Russell: Meta and Pinterest executives must appear at inquest
2022-09-02T16:06:44.000Z,Drone footage shows extent of railway flooding in Audenshaw
2022-09-02T17:09:07.000Z,Government decides against commissioners for Nottingham City Council
2022-09-02T16:43:54.000Z,European Ploughing Championships arrive in Ballykelly
2022-09-02T16:20:32.000Z,European Ploughing Championships 'a huge deal for Northern Ireland'
2022-09-02T15:09:34.000Z,William Patterson jailed for sexual abuse of children in wife's care
2022-09-02T22:34:58.000Z,Larne: Kayaker in serious condition after Brown's Bay rescue
2022-09-01T09:04:07.000Z,Tory leadership: How will the new party leader and PM be chosen?
2022-08-30T23:01:16.000Z,Meet Conservative members choosing the next PM
2022-09-01T11:47:21.000Z,"Boris Johnson: Go nuclear, go large and go with Sizewell C"
2022-09-02T14:56:23.000Z,"Partygate probe is flawed and unfair, says lawyer advising Boris Johnson"
2022-09-02T23:54:39.000Z,Ex-minister Liam Fox gets donation from Covid test firm he recommended
2022-09-02T17:17:19.000Z,Extinction Rebellion: Climate activists arrested after protest in Commons chamber
2022-09-02T17:04:29.000Z,Tory leadership: Voting closes in race to decide next PM
2022-09-02T05:15:58.000Z,'My mesh horror story is now on public display'
2022-09-02T22:01:20.000Z,Scotland's Covid contact tracing staff lacked training - watchdog
2022-09-02T16:38:32.000Z,Unions call off Scottish school and bin strikes
2022-09-02T16:33:10.000Z,Union ballots Scottish teachers over strike action
2022-09-02T22:02:08.000Z,Entrance to forgotten square revealed by huge fire in Edinburgh
2022-09-02T12:36:21.000Z,Covid in Wales: What do the stats tell us?
2022-09-02T22:02:54.000Z,South Wales Police apology 70 years after hanging injustice
2022-09-02T15:18:27.000Z,Capel Celyn: One rescued from lakebed mud of submerged village
2022-09-02T16:27:06.000Z,Cost of living: Mum starts school uniform exchange amid 'huge' costs
2022-09-02T18:58:25.000Z,"Mumbles Pier: Fire at ex-Cinderella's club not deliberate, say police"
2022-09-02T22:00:10.000Z,WWE's Seth Rollins thinks Wales could be wrestling's new home
2022-09-02T20:57:26.000Z,
2022-09-02T14:12:16.000Z,Vicky Bowman: UK former ambassador jailed in Myanmar
