﻿2022-06-16T09:24:03.000Z,How hot is it where you are?
2022-08-12T10:23:07.000Z,Is there a hosepipe ban in my area?
2022-08-12T21:44:18.000Z,2022 World Cup: Will Wales fan zones make a comeback?
2022-08-12T01:56:18.000Z,Heat: How different sectors are coping
2022-08-12T20:49:46.000Z,UK Heatwave: Official drought declared across large parts of England
2022-08-12T11:43:20.000Z,Dust devil: Footage shows the whirlwind blowing in County Durham
2022-08-12T17:04:06.000Z,How to protect your skin in the heat
2022-08-12T17:03:57.000Z,Warning over disposable BBQs after grassfire near M32
2022-08-12T19:57:30.000Z,"Extreme heat 'making us sick', say homeless in Bristol"
2022-08-12T13:46:16.000Z,Louis Thorold: Driver cleared by reason of insanity over Waterbeach pram death
2022-08-12T17:31:14.000Z,Drinking water tankers brought in for Boardmasters festival
2022-08-12T18:35:35.000Z,Plymouth shooting: Community marks 12 months since tragedy
2022-08-12T14:23:13.000Z,Bournemouth daughter turns detective to find dad's stolen car
2022-08-12T20:51:34.000Z,St Helen's Fort Walk: Emergency services urge walkers not to take part
2022-08-12T23:01:04.000Z,'I got told off for playing football'
2022-08-12T13:20:41.000Z,UK heatwave: London officially declared in drought
2022-08-12T12:46:49.000Z,Boy missing in Turkey found safe and well
2022-08-12T05:30:23.000Z,"‘I was a dentist before Ukraine war, I want to help others’"
2022-08-12T21:13:42.000Z,Heat warning in Ireland as sunny weather continues
2022-08-12T16:56:36.000Z,Damien Heagney: Police confirm human remains are those of missing man
2022-08-12T16:59:12.000Z,Causeway Coast: Fine warning for beach littering
2022-08-12T16:40:43.000Z,Omagh: Petrol poured into living room in 'reckless attack'
2022-08-12T20:03:52.000Z,"BBC scrapping classified football results 'disappointing,' says blind listener"
2022-08-12T21:19:57.000Z,A remarkable night of stargazing in Northern Ireland
2022-08-12T15:04:01.000Z,"Energy bills: Current support is not enough, says Boris Johnson"
2022-08-12T15:04:01.000Z,"Energy bills: Current support is not enough, says Boris Johnson"
2022-08-12T14:43:27.000Z,Why decisions on more cost of living action will have to wait
2022-08-12T21:54:04.000Z,How the king's visit saw kilts become Scotland's national dress
2022-08-12T16:16:47.000Z,Man in court accused of murder and attacks around Skye
2022-08-12T16:41:17.000Z,PM agrees to UK-wide talks on cost of living crisis
2022-08-12T21:45:58.000Z,Rail strikes: Wales tourism bosses worry for industry
2022-08-12T14:48:37.000Z,"Ryan Giggs' ex screamed in pain during 999 call, trial hears"
2022-08-12T18:25:25.000Z,Commonwealth homecoming: Cardiff crowds greet squad
2022-08-12T16:28:06.000Z,River Ogmore: Over 100 rescued after getting trapped by tide
2022-08-12T21:43:17.000Z,World Cup: Fan zone goal in sight as hundreds sign petition
2022-08-12T18:38:29.000Z,Jonathan Edwards: Assaulted wife appalled by MP's return to Plaid
2022-08-12T16:11:19.000Z,
2022-08-12T20:40:31.000Z,Salman Rushdie: Author in surgery after being stabbed on stage
2022-08-12T15:57:00.000Z,Video from the scene where Salman Rushdie was attacked on stage
