﻿2022-08-22T14:00:15.000Z,Criminal barristers in England and Wales vote to go on all-out strike
2022-08-22T18:59:10.000Z,"Who's going on strike, and when?"
2022-08-22T11:44:35.000Z,Adelaide Cottage: William and Kate to move to cottage on Windsor estate
2022-08-22T15:38:50.000Z,Water firms face growing criticism over beach sewage
2022-08-22T15:38:50.000Z,Water firms face growing criticism over beach sewage
2022-08-22T21:53:45.000Z,Jagtar Singh Johal case: UK spy agencies accused of tip-off that led to torture
2022-08-22T15:21:55.000Z,GPs to prescribe walking and cycling to improve health
2022-08-22T12:04:36.000Z,Broadmead West turns to art installation to entice shoppers back
2022-08-22T14:32:37.000Z,Scheme expanded to fish for more big game in South West waters
2022-08-20T23:04:03.000Z,'I broke the world record with my last ever run'
2022-08-20T06:30:48.000Z,"DJ Archie, aged seven, has hopes of playing Glastonbury"
2022-08-22T17:42:14.000Z,Park Royal crash: Woman killed as car ends up on Tube tracks
2022-08-22T17:19:44.000Z,Owami Davies: Missing student nurse could be sleeping rough
2022-08-22T17:57:26.000Z,"Wallaby missing after escaping near Omagh, County Tyrone"
2022-08-22T12:38:41.000Z,Bereavement support: Teachers to be given training in pilot scheme
2022-08-22T14:57:20.000Z,Ards Peninsula: Kite lovers take to the skies
2022-08-22T16:30:17.000Z,Coleraine: Police investigate possible link in petrol bomb attacks
2022-08-22T20:02:43.000Z,RRS Sir David Attenborough: 'Boaty McBoatface' ship docks in Belfast
2022-08-22T23:53:19.000Z,Energy crisis: UK expands gas emergency exercise ahead of winter
2022-08-22T12:24:27.000Z,"Tory leadership: Liz Truss dodging scrutiny of tax plans, claims Sunak"
2022-08-22T22:06:39.000Z,Probe launched after officials' expenses claims published
2022-08-22T12:55:00.000Z,Scottish firm ordered to halt legal action in Kenyan tea pickers case
2022-08-22T19:53:02.000Z,Bin strikes continue as unions query pay offer
2022-08-22T16:42:09.000Z,The Herald appoints Catherine Salmond as first female editor
2022-08-22T21:40:43.000Z,Edinburgh Festival Fireworks display will not take place this year
2022-08-22T20:12:55.000Z,Man arrested after five youths hit by car in Glasgow
2022-08-22T19:03:45.000Z,Parking: Ceredigion ticket machines 'driving tourists away'
2022-08-22T17:10:35.000Z,"Ryan Giggs: It's time for him to pay the price, jury told"
2022-08-22T21:55:52.000Z,Call for more help for older male domestic abuse victims
2022-08-22T21:55:46.000Z,Cost of living: 700 doctors could leave Welsh NHS over pay - union
2022-08-22T12:25:54.000Z,Cardiff burglar who raped mum and teenage daughter jailed for life
2022-08-22T17:37:55.000Z,Lily Sullivan: Lewis Haines told partner he 'strangled somebody'
2022-08-22T22:55:29.000Z,
