﻿2022-07-09T23:56:28.000Z,RAF fighter jets deploy to Sweden and Finland training exercises
2022-07-09T14:12:52.000Z,
2022-07-09T23:44:48.000Z,Durban riots: South Africa still bears the scars one year on
2022-07-09T16:39:40.000Z,Paul Kagame to seek fourth term as president of Rwanda
2022-07-05T00:31:01.000Z,Sri Lanka: 'I can’t afford milk for my babies'
2022-07-07T23:15:48.000Z,Sri Lanka crisis: Daily heartbreak of life in a country gone bankrupt
2022-07-08T08:16:13.000Z,Shinzo Abe: The moment a gunshot is heard
2022-07-08T16:54:08.000Z,Shinzo Abe: Mourners gather on street where Japan's ex-leader was shot
2022-07-09T10:09:10.000Z,Sri Lanka: Protesters storm President Gotabaya Rajapaksa's residence
2022-07-09T09:08:13.000Z,Sri Lanka crisis: Protesters swim in president's pool
2022-07-09T10:30:22.000Z,Sri Lanka crisis: Demonstrators take over presidential residence
2022-07-09T11:09:21.000Z,Sri Lanka crisis: Demonstrators take over presidential residence
2022-07-09T22:53:16.000Z,"Shinzo Abe killing: Security was flawed, Japan police say"
2022-07-09T23:38:25.000Z,Sri Lanka: President Rajapaksa to resign after palace stormed
2022-07-09T19:25:39.000Z,Sri Lanka crowd breaks Rajapaksa grip on power
2022-07-09T19:25:40.000Z,Sri Lanka protesters set PM's home on fire
2022-07-09T23:06:54.000Z,Tamil Nadu: The Indian man who makes art from sunlight
2022-07-09T23:08:56.000Z,Ukraine war: A welcome on two wheels for refugee children
2022-07-08T23:17:32.000Z,Italians wait for rain where longest river runs dry
2022-07-09T04:45:20.000Z,Russia's McDonald's replacement runs low on fries
2022-07-09T14:12:52.000Z,Ukraine reports heavy Russian missile strikes in east and south
2022-07-09T17:00:45.000Z,Donegal Orange Order parade takes place in Rossnowlagh
2022-07-08T23:23:51.000Z,Flash of light as meteor spotted over Chile
2022-07-09T16:41:48.000Z,Politician Tajzadeh and two film directors arrested in Iran
2022-07-08T23:47:03.000Z,Americans in the crosshairs of China's spy game
2022-07-08T19:31:42.000Z,Arizona to ban people filming police officers within 8 feet
2022-07-08T19:33:48.000Z,US border agents' horseback charge on Haiti migrants 'unnecessary'
2022-07-08T20:08:53.000Z,Roe v Wade: Biden signs executive order on abortion access
2022-07-09T21:39:59.000Z,Roe v Wade: Thousands march to White House for abortion rights
