﻿2022-07-31T19:44:02.000Z,"Euro 2022: Fans react to England's historic win, as it happened"
2022-08-01T11:40:42.000Z,Excited Lioness superfan Tess attends the Euros final
2022-08-01T16:13:54.000Z,"'This team is everything', says nine-year-old Beau"
2022-08-01T21:23:59.000Z,Ukraine war: Britons held by rebels in Ukraine to stand trial
2022-08-01T18:22:28.000Z,Archie Battersbee: Judges reject allowing more time for UN to consider case
2022-08-01T17:40:16.000Z,Euro 2022: Young fans celebrate Lionesses' historic victory
2022-08-01T17:05:28.000Z,Escaped giant tortoise halts Cambridge to Norwich trains
2022-08-01T23:01:07.000Z,Line of Duty's Vicky McClure visits real-life AC-12
2022-08-01T09:24:33.000Z,Hinkley B: UK's most productive nuclear power plant closes
2022-08-01T10:53:28.000Z,Good Friday Agreement: What is it?
2022-08-01T18:23:18.000Z,"David Trimble had 'considerable strength of character and integrity', mourners told"
2022-08-01T22:20:13.000Z,Victor Hamilton: Second man charge with murder
2022-08-01T16:41:19.000Z,"Sion Mills: Kevin McCrory, 77, dies five days after crash"
2022-08-01T18:22:01.000Z,Lord Trimble's funeral hears tributes to the politician and the family man
2022-08-01T15:25:35.000Z,"Barry Noone, charged with murdering mother, has bail overturned"
2022-08-01T15:31:14.000Z,David Trimble's extraordinary life of ups and downs
2022-08-01T16:35:39.000Z,Londonderry: Man who beat Chihuahua gets suspended sentence
2022-07-29T04:17:46.000Z,Truss courts Johnson loyalists as Sunak faces jibes
2022-07-31T14:54:23.000Z,Nadine Dorries criticised for sharing edited image of Sunak wielding knife
2022-08-01T11:50:13.000Z,Rishi Sunak vows to take 4p off income tax
2022-08-02T00:06:45.000Z,Tory leadership: Penny Mordaunt backs Liz Truss to be prime minister
2022-08-01T17:30:31.000Z,"England's Euro 2022 success will benefit us, say Scots"
2022-08-01T18:08:41.000Z,Ukraine war: Russia bans several Scottish politicians from country
2022-08-01T21:53:06.000Z,Eleven accused of child sex ring and 'witchcraft' in Glasgow
2022-08-01T21:22:34.000Z,Truss says best to ignore attention-seeking Sturgeon
2022-08-01T15:52:59.000Z,Caernarfon family's despair over care for son with rare condition
2022-08-01T21:48:00.000Z,Slave owner Sir Thomas Picton portrait returns in bid to reframe past
2022-08-01T19:33:38.000Z,Caldicot: Two new 20mph speed limits face axe after three months
2022-08-01T22:00:11.000Z,Bitcoin: Newport man steps up bid to find lost £150m hard drive
2022-08-01T20:51:19.000Z,National Eisteddfod: Lion King song name fires language drive
2022-08-01T14:54:33.000Z,Modern slavery: Latvian man allegedly made to work in factory
2022-08-01T21:50:20.000Z,Bitcoin: Missing hard drive could fund Newport crypto hub
2022-08-01T14:56:53.000Z,Broadband: Slow speeds risk 'excluding people from modern life'
2022-08-01T15:55:44.000Z,
