﻿2022-07-06T18:05:22.000Z,Boris Johnson met Russian oligarch Lebedev without aides
2022-07-07T09:25:10.000Z,Boris Johnson resigns: Five things that led to the PM's downfall
2022-07-07T17:00:03.000Z,"Boris Johnson's support for Ukraine was special, President Zelensky says"
2022-07-07T19:37:36.000Z,
2022-07-07T14:33:54.000Z,What is a war crime and could Putin be prosecuted over Ukraine?
2022-07-07T16:59:07.000Z,Boris Johnson: World reacts as UK PM resigns
2022-07-07T14:32:31.000Z,Sea lion found in polluted Riachuelo River returned to sea
2022-07-07T16:33:27.000Z,Boris Johnson: What does the world make of UK PM's exit?
2022-07-07T19:37:36.000Z,Ukraine round-up: Putin dares West as Zelensky pays tribute to Johnson
2022-07-07T23:15:48.000Z,Sri Lanka crisis: Daily heartbreak of life in a country gone bankrupt
2022-07-07T23:13:27.000Z,Zero Covid holds danger for China's Xi
2022-07-07T21:56:48.000Z,Kiteboarders take to sky in southern Spain
2022-07-05T23:36:36.000Z,Ukraine war: The Russian woman rescued from a Kyiv bomb site
2022-07-06T20:55:15.000Z,Revelry and protests as Spanish bull festival returns
2022-07-07T11:29:35.000Z,Genoa bridge: Hopes for new Italy as disaster trial opens
2022-07-07T20:26:17.000Z,Boris Johnson: European Union reacts as UK PM resigns
2022-07-07T15:36:28.000Z,Brittney Griner pleads guilty to Russian drugs charge
2022-07-07T17:13:43.000Z,Poland confirms scientist being detained in Iran
2022-07-07T14:24:34.000Z,Pakistan goat: Long-eared kid becomes star
2022-07-07T20:23:11.000Z,Theranos exec Sunny Balwani convicted of fraud
2022-07-07T23:22:10.000Z,The US army base training Ukrainian fighters
2022-07-07T17:47:22.000Z,Abortions stopped at Mississippi's last clinic as trigger ban enacted
2022-07-07T18:54:25.000Z,James Caan: Oscar-nominated actor and Godfather star dies at 82
2022-07-07T23:32:25.000Z,Abortions stopped at Mississippi's last clinic as trigger ban enacted
2022-07-07T20:35:25.000Z,Derek Chauvin sentenced to 20 years for violating George Floyd's rights
