﻿2022-08-08T14:09:17.000Z,Campaigners call for artificial grass tax
2022-08-10T16:49:27.000Z,Homes for Ukraine: Quarter of refugee sponsors do not want to carry on
2022-08-10T21:33:04.000Z,Aine Davis: Alleged fourth IS 'Beatle' arrested in UK on terror charges
2022-08-10T15:08:57.000Z,Heatwave: Earlier bin collections across Midlands as temperatures soar
2022-08-10T15:14:07.000Z,Bristol Balloon Fiesta: No fireworks due to 'significant' fire risk
2022-08-10T20:45:57.000Z,Cumbria coal mine: Decision delayed until November
2022-08-10T19:39:13.000Z,River Wye at Hereford Bridge now 2cm deep amid dry spell
2022-08-07T21:36:14.000Z,Plumes of smoke and huge flames at Feltham fire
2022-08-10T17:23:10.000Z,Heatwave: Warning over children starting deliberate fires
2022-08-10T15:55:16.000Z,Owami Davies: New CCTV footage released by police
2022-08-10T20:54:26.000Z,Thornton Heath explosion: Girl's death investigated by crime unit
2022-08-10T16:52:20.000Z,Rochdale car thief tried to hide from police inside teddy bear
2022-08-10T14:42:23.000Z,Nottinghamshire Police officer rescues dog from 'sweltering hot' car
2022-08-10T17:42:37.000Z,Cost of living: Chancellor to meet ministers next week over energy scheme
2022-08-10T16:56:13.000Z,Cost of living: Customers saving for Christmas dinner in July
2022-08-10T17:41:18.000Z,Damien Heagney: Suspected human remains found in search at Cappagh reservoir
2022-08-10T18:12:00.000Z,Cost of living: 'We're stretched to our limit'
2022-08-10T09:01:43.000Z,Martin Lewis: Rishi Sunak and Liz Truss must set out energy bill plans
2022-08-10T17:10:52.000Z,Rishi Sunak insists he's the Tory contender to fix problems facing UK
2022-08-10T16:15:28.000Z,Sunak: I'd rather lose being true to my values
2022-08-10T22:05:44.000Z,"Tory leadership: I'd rather lose doing right thing, says Sunak"
2022-08-10T22:02:24.000Z,Glasgow City footballer Clare Shine on tackling addiction
2022-08-10T21:55:59.000Z,Glasgow students denied university accommodation
2022-08-10T17:15:07.000Z,"One dead, three injured in string of attacks around Skye"
2022-08-10T15:48:10.000Z,"Ryan Giggs' ex became slave to his demands, court hears"
2022-08-10T21:54:35.000Z,"Covid lockdowns normalised harmful drinking, medic says"
2022-08-10T21:55:29.000Z,Housing: Families left feeling helpless in search for homes
2022-08-10T17:31:28.000Z,Bluebells: Council probe after Llanbradach wood torn up
2022-08-10T15:29:57.000Z,Carmarthenshire chapel spared demolition after villagers' pleas
2022-08-10T16:11:53.000Z,Cat killer who poisoned pets gets suspended sentence
2022-08-10T22:07:14.000Z,Jonathan Edwards: Wife assault MP to represent Plaid in Commons
2022-08-07T06:10:37.000Z,Macro photography: The hidden world of garden insects
2022-08-10T23:10:45.000Z,
2022-04-29T17:11:19.000Z,Who were the jihadists nicknamed the Islamic State 'Beatles'?
