﻿2022-08-09T21:52:47.000Z,Aberdeen woman wins world's hardest ultra triathlon in Norway
PT24S,
2022-08-09T15:19:17.000Z,Kenya Elections 2022: Raila Odinga and William Ruto in tight race for president
2022-08-09T23:31:38.000Z,South Africa sex crime: 'We want our bodies to be secure 24/7'
2022-08-09T20:41:29.000Z,Kenya 2022 elections: 'What is it like to vote as a blind person?
2022-08-10T00:20:59.000Z,Pakistan floods: 'I lost everything'
2022-08-09T09:12:00.000Z,South Korea: Eight dead as floods submerge streets of Seoul
2022-08-09T10:55:51.000Z,Issey Miyake: Japanese fashion designer dies aged 84
2022-08-09T23:23:15.000Z,China property crisis: Why homeowners stopped paying their mortgages
2022-08-09T23:29:15.000Z,Laal Singh Chaddha: How Aamir Khan adapted Forrest Gump to Bollywood
2022-08-08T15:50:53.000Z,Ukraine war in maps: Tracking the Russian invasion
2022-08-08T12:51:56.000Z,Tighter export controls on electronics could hamper Russia's war effort - report
2022-08-09T23:20:37.000Z,Ex-inmates reveal details of Russia prison torture scandal
2022-08-09T23:08:46.000Z,Robert Pope: Guinness-fuelled man runs width of Ireland in a day
2022-08-08T17:11:21.000Z,Russia using Zaporizhzhia nuclear power plant as army base - Ukraine
2022-08-09T14:44:02.000Z,"Ukraine conflict: Ban Russian visitors, Zelensky urges West"
2022-08-09T22:32:20.000Z,Ukraine war: Blasts rock Russian airbase in annexed Crimea
2022-08-09T14:40:16.000Z,US officials concerned as Russia launches Iranian satellite
2022-08-09T17:51:31.000Z,Drought leaves boats stranded on dried-up river bed along French-Swiss border
2022-08-09T19:20:16.000Z,Ukraine round-up: Blasts in Crimea and travel dispute
2022-08-09T19:03:49.000Z,Loire Valley: Intense European heatwave parches France's 'garden'
2022-08-09T19:08:19.000Z,Crimea beachgoers run after airfield explosion
2022-08-09T22:14:39.000Z,France whale: Rescue operation begins to save beluga stuck in Seine
2022-08-09T21:30:45.000Z,Cuban fuel depot fire spreads to third tank
2022-08-09T17:17:26.000Z,Israel-Gaza: Nine-year-old Gazan recalls fear as Israeli strike hit
2022-08-09T22:43:14.000Z,Albuquerque police hold suspect in murders of Muslim men
2022-08-09T20:52:33.000Z,Mar-a-Lago: Republican uproar over FBI raid on Trump home
2022-08-09T20:20:00.000Z,Will an FBI 'raid' supercharge Trump?
2022-08-09T22:05:18.000Z,Emmett Till: Mississippi jury declines to indict accuser
2022-08-09T20:44:07.000Z,Donald Trump supporters upset with FBI search
2022-08-09T23:11:19.000Z,Plucky pooches ride waves at dog surfing championships
