﻿2022-07-26T19:19:08.000Z,SAS killings: Ministry of Defence proposes judge-led review
2022-07-26T17:06:55.000Z,Briton Jack Fenton killed in Greek helicopter accident
2022-07-26T17:49:13.000Z,Eurovision: Sheffield makes Ukraine solidarity bid to host 2023 contest
2022-07-26T20:29:39.000Z,Liz Truss and Rishi Sunak debate scrapped after host Kate McCann faints
2022-07-26T18:17:40.000Z,Ukrainian refugees move onto Edinburgh cruise ship
2022-07-26T17:01:55.000Z,YouTuber sanctioned over Russian 'propaganda'
2022-07-26T16:40:11.000Z,Scot held in India since 2017 faces conspiracy to murder charge
2022-07-26T17:28:09.000Z,Cardiff: Trees gifted by Japan vandalised in city park
2022-07-26T17:29:04.000Z,Cardiff cherry tree saplings snapped in half by vandals
2022-07-25T21:18:48.000Z,
2022-07-24T23:44:18.000Z,Lawyer Dan Nguyen travels the world with his three cats
2022-07-25T23:54:54.000Z,Kenya Election 2022: A basic guide to the vote
2022-07-26T20:53:16.000Z,DR Congo protests: Ten die in fresh anti-UN demonstrations
2022-07-26T21:43:26.000Z,DR Congo: Violence flares in anti-UN protests
2022-07-24T23:34:14.000Z,Thai cave rescue: Meeting saved footballers four years later
2022-07-26T05:48:04.000Z,Ukraine war: Russia waging gas war with Nord Stream 1 cuts - Zelensky
2022-07-26T14:07:22.000Z,Freya the 600kg walrus causes a stir in Norway
2022-07-26T14:17:27.000Z,Czech forest fire smoke drifts across country
2022-07-26T17:40:07.000Z,Russia to pull out of International Space Station
2022-07-26T19:31:00.000Z,Ukraine war round-up: Spa town attacked and orphans tied up
2022-07-26T18:13:25.000Z,Fanfare as Croatia's Chinese-built bridge finally opens
2022-07-26T20:17:27.000Z,Hungary PM Viktor Orban adviser Hegedus resigns over 'pure Nazi' speech
2022-07-26T14:46:17.000Z,Haiti gang violence: 209 killed in Cité Soleil in 10 days
2022-07-26T15:50:21.000Z,Tala Safwan: Egyptian TikToker held in Saudi over 'immoral' video
2022-07-25T23:39:16.000Z,Utah's Great Salt Lake is running out of water
2022-07-25T22:51:36.000Z,Locals evacuate California's largest wildfire in 2022
2022-07-26T09:35:04.000Z,Wildfire tears through homes in Texas
2022-07-26T14:27:13.000Z,Monkeypox: CDC says US leads globally in most known cases
2022-07-26T23:15:29.000Z,Beijing vows 'consequences' if Nancy Pelosi visits Taiwan
2022-07-26T16:54:23.000Z,'Flashy' NYC bishop robbed of $1m in jewellery during live sermon
