﻿2022-08-21T06:21:46.000Z,England's Big Picture: 15 August - 21 August 2022
2022-08-21T11:58:36.000Z,St Austell religious leaders object to Earth Goddess statue
2022-08-20T23:04:03.000Z,'I broke the world record with my last ever run'
2022-08-21T10:02:42.000Z,South West Water runs out of water butts in hosepipe ban rush
2022-08-20T06:30:48.000Z,"DJ Archie, aged seven, has hopes of playing Glastonbury"
2022-08-21T08:20:46.000Z,Cheltenham group calls for action over 'eyesore' shop
2022-08-21T17:39:28.000Z,Tyson Fury makes emotional knife plea over cousin's death
2022-08-21T14:41:17.000Z,Owami Davies: Met Police spoke to woman on day of missing report
2022-08-21T14:44:50.000Z,Thomas O'Halloran: Musical tribute for man killed on mobility scooter
2022-08-21T06:15:36.000Z,Port of Felixstowe strike will cost us a stack of money - haulier
2022-08-22T00:01:58.000Z,Tony Nicklinson: Decade since death of right-to-die campaigner
2022-08-21T06:15:18.000Z,Latest Northern Ireland weather forecast
2022-08-20T16:43:40.000Z,Belfast Mela: Colour and culture returns after pandemic
2022-08-20T17:25:31.000Z,"Cullybackey: Man, 23, dies weeks after Craigs Road crash"
2022-08-21T19:19:32.000Z,Millisle: Thousands of people attend Ards Peninsula Kite Festival
2022-08-20T23:19:09.000Z,"Cost of living: Help is coming, says Kwasi Kwarteng"
2022-08-21T16:48:41.000Z,Extra ScotRail services for Coldplay concerts in Glasgow
2022-08-21T09:44:43.000Z,Scotland's papers: Energy rise legal fight and power chief's £11m wage
2022-08-21T23:08:12.000Z,Edinburgh Fringe funniest joke: Pasta gag wins top prize
2022-08-21T16:35:48.000Z,Three killed after collision between car and HGV
2022-08-21T15:55:35.000Z,"Nationalised energy should be an option, says Sturgeon"
2022-08-21T05:59:36.000Z,Map may show evidence of Wales' Atlantis off Ceredigion
2022-08-21T05:58:55.000Z,"Cost of living: More pets being abandoned, dogs home says"
2022-08-21T20:53:06.000Z,Parking: Ceredigion ticket machines 'driving tourists away'
2022-08-21T20:52:51.000Z,"Welsh speakers not welcoming to outsiders, says award winner"
2022-08-20T12:34:35.000Z,UK record after Welsh man shears 902 sheep in nine hours
2022-08-20T17:02:05.000Z,"Newport: Murder arrest after man, 51, dies in street"
2022-08-20T20:57:07.000Z,
2022-08-21T05:59:16.000Z,The enduring legacy of Michael Collins 100 years on
2022-08-21T16:39:13.000Z,"Michael Collins a 'great hero of Irish history', says Mícheál Martin"
2022-08-21T22:06:24.000Z,Ukraine war: Allies seek more security at Zaporizhzhia nuclear plant
