﻿2022-06-30T05:34:46.000Z,
2022-06-30T16:34:30.000Z,Vladimir Putin: Russian leader hits back over G7 jibes
2022-06-29T23:15:38.000Z,In pictures: V&A celebrates Africa's cutting-edge fashion
2022-06-30T15:15:40.000Z,Patrice Lumumba: DR Congo buries tooth of independence hero
2022-06-29T23:26:09.000Z,The bloody legacy of Rodrigo Duterte
2022-06-29T23:12:10.000Z,Hong Kong handover: Am I Chinese or a Hongkonger?
2022-06-30T12:40:46.000Z,China's President Xi arrives in Hong Kong for handover anniversary
2022-06-30T11:08:50.000Z,China's President Xi arrives in Hong Kong for handover anniversary
2022-06-28T23:36:42.000Z,Paris attacks: Survivors who found friendship in marathon terror trial
2022-06-30T12:27:43.000Z,Snake Island: Why Russia couldn't hold on to strategic Black Sea outcrop
2022-06-30T17:27:09.000Z,Irish Birth Information and Tracing Bill becomes law
2022-06-30T13:28:39.000Z,Calais migrant crisis: 15 arrested over Channel tragedy
2022-06-30T20:01:38.000Z,Ukraine round-up: Russia leaves Snake Island and Putin's topless G7 comments
2022-06-30T18:13:28.000Z,Danish mink cull: PM Frederiksen and officials heavily criticised
2022-06-30T20:52:26.000Z,A Nato summit in Madrid for hawks
2022-06-30T10:07:36.000Z,Israel to get new PM as Netanyahu targets comeback
2022-06-30T08:15:13.000Z,Yair Lapid: The ex-TV host set to be Israel's new PM
2022-06-30T15:19:03.000Z,"Remain In Mexico: Biden can end Trump-era policy, court rules"
2022-06-30T00:44:08.000Z,Jan 6 hearings: Trump film-maker now has 'two armed guards'
2022-06-30T16:35:41.000Z,Texas migrant deaths: Suspected truck driver is charged
2022-06-30T18:02:05.000Z,Controversial Florida abortion ban blocked by court
2022-06-30T19:39:12.000Z,"Smuggling 'a big business' along US-Mexico border, says trucker"
2022-06-30T17:49:33.000Z,Ketanji Brown Jackson sworn in as first black woman on US top court
