﻿2022-08-25T23:22:33.000Z,Campsites call for new rules to stay open longer
2022-08-25T11:22:56.000Z,Olivia Pratt-Korbel: 'We will find you' - detective tells killer
2022-08-25T17:36:26.000Z,Only 21 foreign nationals removed from UK under post-Brexit asylum rules
2022-08-25T19:43:52.000Z,Stephen Barclay challenged on ambulance delays
2022-08-25T19:25:21.000Z,Olivia family ask 'who took our baby away from us?'
2022-08-25T07:27:11.000Z,'Keeping my disabled son warm will put me in debt'
2022-08-25T15:51:48.000Z,Escaped 18ft python on roof of house in Chandlers Ford
2022-08-25T16:35:40.000Z,Mayor approves skyscraper for London's South Bank
2022-08-25T16:52:24.000Z,Owami Davies: Met Police rejects racial bias claims over handling of case
2022-08-25T20:37:06.000Z,Five injured after car ploughs into pedestrians in Harrow
2022-08-25T15:52:13.000Z,Benjamin Mendy: Rape accuser denies compensation claim
2022-08-25T11:36:05.000Z,Ashley Dale: Two arrests after woman shot in garden
2022-08-25T23:12:41.000Z,'I live on ready meals as my electric cooker costs too much'
2022-08-25T15:32:24.000Z,Janet Dunn jailed for killing husband at Ponteland home
2022-08-25T16:09:55.000Z,GCSE results: Fall in proportion of top grades awarded in NI
2022-08-25T21:41:45.000Z,Missing wallaby Winnie found after great escape in County Tyrone
2022-08-25T15:59:35.000Z,GCSE results: Northern Ireland students react to their grades
2022-08-25T20:00:56.000Z,County Antrim man jailed for offences against nine teenage girls
2022-08-25T21:18:01.000Z,Operation Arbacia: Two men charged in New IRA investigation
2022-08-25T16:15:09.000Z,Jamie Bryson: Abusive calls treated as sectarian hate crime
2022-08-25T21:37:25.000Z,Missing wallaby Winnie found after three-day search in County Tyrone
2022-08-25T22:10:36.000Z,Pay talks to continue as Scotland's bin strikes spread
2022-08-25T22:17:24.000Z,Bin strikes: Edinburgh locals use baths and hire skips to store waste
2022-08-25T15:39:49.000Z,GCSE results: Wales' top grades drop but improvement on 2019
2022-08-25T21:53:19.000Z,"Guide dog left squashed on Canada flights, owner says"
2022-08-25T21:48:51.000Z,Energy price cap: Cost prompts Swansea woman to stop using oven
2022-08-25T21:52:06.000Z,Energy price cap: Families in 'damp homes' as prices rise
2022-08-25T16:14:20.000Z,Beach sewage overflow prompts Pembrokeshire pollution warning
2022-08-25T18:18:12.000Z,Coldplay to play second Cardiff Principality Stadium show
2022-08-25T19:11:55.000Z,GCSEs: Woman's bid to be nurse after husband's Covid death
2022-08-25T19:53:06.000Z,Clydach: Murder suspect held under Mental Health Act
2022-08-25T21:11:40.000Z,
