﻿2022-06-16T09:24:03.000Z,How hot is it where you are?
2022-07-15T17:24:02.000Z,How do the rich and famous protect their homes?
2022-07-16T13:27:54.000Z,Sir Mo Farah reveals he was trafficked to the UK as a child
2022-07-14T23:08:07.000Z,Why it is so hot - in under 60 seconds
2022-07-14T15:33:36.000Z,"Ice in hats, ventilated suits - keeping cool at work"
2022-07-15T06:40:22.000Z,Give workers a piece of the pie - Unite union
2022-07-16T23:15:05.000Z,UK heatwave: The unusual things happening because of the heat
2022-07-15T22:53:07.000Z,The next PM: The first debate in 90 seconds
2022-07-16T21:33:39.000Z,"UK heatwave: Look out for family and friends, urges new health secretary"
2022-07-16T18:12:10.000Z,"Conservative Party leadership: I'd tackle inflation before cutting tax, says Sunak"
2022-07-16T16:32:56.000Z,UK heatwave: Health secretary sets out steps for public to cope with heatwave
2022-07-16T21:12:51.000Z,Camilla: New photo released to mark Duchess of Cornwall's 75th birthday
2022-07-16T23:01:47.000Z,TikTok Trucker Tim inspiring new lorry drivers
2022-07-16T11:48:15.000Z,UK heatwave: Precautions for elderly at Ullenhall care home
2022-07-16T17:13:25.000Z,Antarctic trekker aims to set new record this year
2022-07-16T15:47:18.000Z,Dorset: Rail union leader Mick Lynch addresses Tolpuddle followers
2022-07-16T18:01:26.000Z,Tom Cruise attends Royal International Air Tattoo (RIAT)
2022-07-16T10:49:45.000Z,Hampshire nature reserve fires prompt warnings
2022-07-16T15:17:18.000Z,Broadstairs residents lose water supply as temperatures soar
2022-07-16T16:52:04.000Z,"Boy, three, dies after farm tractor crash in Bury"
2022-07-15T23:15:54.000Z,"'Stress can't fly, that's just how it is'"
2022-07-16T11:28:46.000Z,"Rotherham: Woman, 43, dies after West Melton dog attack"
2022-07-16T14:27:26.000Z,Queen's Baton Relay event in Stoke-on-Trent cancelled due to heatwave
2022-07-16T12:13:28.000Z,"Fire reignites on Salisbury Plain, causing 'smog'"
2022-07-16T16:08:07.000Z,Heatwave: Northern Ireland could face highest temperature on record
2022-07-16T11:54:31.000Z,Advice NI: Cost of living payment to roll out from next week
2022-07-16T13:05:14.000Z,County Antrim: Four people escape injury in separate petrol bomb attacks
2022-07-16T08:55:17.000Z,Tory leadership race: Stakes high as debate exposes rifts
2022-07-16T13:05:25.000Z,I don't see myself as a socialist chancellor - Sunak
2022-07-16T17:42:34.000Z,Scotland extreme heat warning could be extended - minister
2022-07-16T12:34:58.000Z,Edinburgh Airport suspends helpline over baggage backlog abuse
2022-07-16T21:08:59.000Z,Heatwave: Sun cream cost spark child sunburn fears
2022-07-16T21:09:07.000Z,Bear photography takes great-grandmother round the world
2022-07-16T14:10:29.000Z,Evolution: Scientist Alfred Russel Wallace's medals auctioned
2022-07-16T15:28:29.000Z,Cardiff: Investigation as fire tears through block of flats
2022-07-16T17:33:45.000Z,Heatwave: Hot weather hits Covid jab clinics and rail travel
2022-07-16T14:21:08.000Z,Neath: Murder probe after man dies following street assault
2022-07-16T17:41:40.000Z,Disabled TfW rail passenger told to sit by train doors
2022-07-16T23:22:10.000Z,
