﻿2022-07-24T23:14:47.000Z,Afghan trans woman finds new home in Brighton
2022-07-25T23:07:25.000Z,Did the debate change these voters' minds?
2022-07-26T18:24:51.000Z,UK weather: Driest start to year in England since 1976
2022-07-26T18:24:51.000Z,UK weather: Driest start to year in England since 1976
2022-07-26T19:19:08.000Z,SAS killings: Ministry of Defence proposes judge-led review
2022-07-26T15:08:03.000Z,Ukraine war: UK sanctions leaders of Ukraine breakaway regions
2022-07-26T22:36:23.000Z,Euro 2022: Is women's football coming home?
2022-07-26T13:34:20.000Z,Greater Anglia: Trackside fire causes train delays in Essex
2022-07-26T17:06:55.000Z,Briton Jack Fenton killed in Greek helicopter accident
2022-07-26T13:32:52.000Z,Basketball player's missing wheelchair found in Amsterdam
2022-07-26T14:20:52.000Z,Heatwave: London family watched on TV as fire destroyed home
2022-07-26T17:10:03.000Z,Robyn Williams: Met must keep officer it sacked over abuse video
2022-07-26T17:30:04.000Z,Sarah Everard: Man convicted without knowing for attending vigil
2022-07-26T16:12:01.000Z,Tamim Ian Habimana stabbing: Five on trial for 'revenge' attack
2022-07-26T20:38:18.000Z,London Underground: RMT announces fifth 24-hour strike this year
2022-07-26T20:04:13.000Z,Amine Laouar guilty of Leon Street's murder and injuring two others
2022-07-26T16:02:25.000Z,Jim Fitton: Iraqi court overturns conviction of British geologist
2022-07-26T04:55:32.000Z,A1(M) Bowburn crash: Three-death smash remembered a year on
2022-07-26T16:02:29.000Z,David Trimble: Bill Clinton hails him a leader of courage
2022-07-26T14:24:06.000Z,Warning that Troubles injured may be missing out on compensation
2022-07-25T22:05:34.000Z,Tory leadership debate: Highlights from Our Next Prime Minister
2022-07-26T07:37:03.000Z,"Who won the debate? No knockout blows, but Sunak is short of time"
2022-07-26T17:57:20.000Z,Kate McCann: Tory debate scrapped after presenter faints on live TV
2022-07-26T20:29:39.000Z,Liz Truss and Rishi Sunak debate scrapped after host Kate McCann faints
2022-07-26T19:04:17.000Z,Council workers in Scotland vote for strike action
2022-07-26T18:07:45.000Z,Scottish ministers under 'great pressure' to investigate blood issues
2022-07-26T18:17:40.000Z,Ukrainian refugees move onto Edinburgh cruise ship
2022-07-26T21:45:55.000Z,Latest Network Rail strikes to affect services in Scotland
2022-07-26T05:04:17.000Z,The nine-year-old growing up in a circus
2022-07-26T16:59:33.000Z,Rail strikes Wales: Disruption warning as two days of action loom
2022-07-26T17:29:04.000Z,Cardiff cherry tree saplings snapped in half by vandals
2022-07-26T21:46:36.000Z,Train strikes Wales: Avoid travel warning as almost all services halted
2022-07-26T21:43:46.000Z,NHS: Dentist check-ups in Wales cut to once a year
2022-07-26T17:05:22.000Z,Family leave Wales after girl faces racism at school
2022-07-26T15:37:56.000Z,Monmouth: Tributes to Dorset man who died in alleged assault
2022-07-26T14:08:09.000Z,Welsh NHS staff advised how to access food banks
2022-07-25T21:18:48.000Z,
