﻿2022-07-21T21:33:38.000Z,New Prince George photo marks ninth birthday
2022-07-20T17:47:21.000Z,UK heatwave: Wildfire left garden like Armageddon - Norfolk renters
2022-07-21T14:52:11.000Z,Ukraine war: UK announces latest package of weaponry
2022-07-21T20:33:17.000Z,Charles Bronson requests first public parole hearing
2022-07-21T23:23:04.000Z,Commonwealth Games: Countries with homophobic laws unlikely to host
2022-07-21T16:28:52.000Z,Archie Battersbee: Family argue wishes not given 'proper weight'
2022-07-21T16:18:05.000Z,"Peckham woman lay undiscovered in flat for two years, inquest told"
2022-07-21T19:02:57.000Z,London left with three fire engines on hottest day - fire chief
2022-07-21T20:36:55.000Z,Grenfell tragedy: Inquiry hears of forgotten four victims
2022-07-21T00:08:42.000Z,Paraorchestra: 'Headlining Bluedot could be the start of serious change'
2022-07-21T20:52:32.000Z,Graham Mansfield: Failed suicide pact killer calls for law change
2022-07-21T14:58:09.000Z,Open water swimming: Tips on how to do it safely
2022-07-21T00:07:35.000Z,UK heatwave: How are homeless people in Ipswich coping?
2022-07-21T17:22:28.000Z,Guildford pub bomb inquest: Device could have been planted by a 'courting couple'
2022-07-21T17:31:53.000Z,Bloody Friday victims' families deserve truth - son
2022-07-21T14:11:59.000Z,Newtownards air crash: Philip Murdock and Caroline Mawhinney killed
2022-07-21T18:08:25.000Z,Teachers in Wales to get below inflation pay rise
2022-07-21T15:42:56.000Z,Northern Ireland Assembly to be recalled in Speaker election bid
2022-07-21T17:37:28.000Z,Paul Rowlands death: Jason Robert Murray accused of Portrush murder
2022-07-21T15:07:32.000Z,Covid-19: UK Inquiry team to hear from Northern Ireland public
2022-07-21T11:33:27.000Z,Conservative leadership: Liz Truss and Rishi Sunak policy guide
2022-07-20T15:12:27.000Z,"Rishi Sunak or Liz Truss will be next PM, Tory MPs decide"
2022-07-20T12:09:17.000Z,PMQs: 'Hasta la vista baby' - Johnson bids farewell
2022-07-21T05:06:27.000Z,Tory leadership: The two finalists have just weeks to charm the membership
2022-07-21T16:18:43.000Z,Truss on Treasury role: I controlled public spending effectively
2022-07-21T20:10:23.000Z,Rishi Sunak: I flew home to stop Christmas Covid lockdown
2022-07-21T21:14:21.000Z,Starmer: I hated being investigated by police over Beergate
2022-07-21T08:46:05.000Z,'What drives me to be an orca spotter'
2022-07-21T22:00:08.000Z,Tributes to therapist who took art to Barlinnie
2022-07-21T19:06:39.000Z,"'Drug addiction needs care and support, not stigmatisation and discrimination'"
2022-07-21T19:06:57.000Z,Drugs death taskforce chief says punishing addicts must stop
2022-07-21T21:19:33.000Z,Stonehaven crash: Concern at rail safety efforts raised by regulator
2022-07-21T18:52:11.000Z,Queen travels to Balmoral for summer holiday
2022-07-21T15:54:33.000Z,Tributes paid after comic book writer Alan Grant dies
2022-07-21T16:33:39.000Z,"Cardiff girl, 8, recites 195 capital cities in 7 minutes"
2022-07-21T14:41:28.000Z,Cardiff graffiti inspired by disabled parking row taken down
2022-07-21T21:55:59.000Z,Cost of Living: Student nurse down to her last pound
2022-07-21T21:56:24.000Z,Farming: Mark Drakeford wants tree planting for subsidies
2022-07-21T22:02:55.000Z,
2022-07-21T17:37:53.000Z,Russia about to run out of steam in Ukraine - MI6 chief
