﻿2022-06-30T05:34:46.000Z,
2022-06-30T16:34:30.000Z,Vladimir Putin: Russian leader hits back over G7 jibes
2022-06-30T15:15:40.000Z,Patrice Lumumba: DR Congo buries tooth of independence hero
2022-06-30T23:23:34.000Z,Living through Japan's hottest summer on record
2022-06-30T23:22:00.000Z,Sri Lanka fuel crisis: Waiting for days to get fuel
2022-06-30T23:07:42.000Z,Xi Jinping in Hong Kong to mark 25 years of handover
2022-07-01T00:12:53.000Z,Hong Kong handover: What will the next 25 years hold?
2022-06-29T23:12:10.000Z,Hong Kong handover: Am I Chinese or a Hongkonger?
2022-06-30T11:08:50.000Z,China's President Xi arrives in Hong Kong for handover anniversary
2022-06-30T23:02:49.000Z,Assam: 'I saw my husband die as flood water rose around us'
2022-06-30T23:19:00.000Z,Life inside the Dutch earthquake zone
2022-06-30T23:16:53.000Z,Russia's elite 331st paras regiment fight for public support
2022-06-30T12:27:43.000Z,Snake Island: Why Russia couldn't hold on to strategic Black Sea outcrop
2022-06-30T20:01:38.000Z,Ukraine round-up: Russia leaves Snake Island and Putin's topless G7 comments
2022-06-30T18:13:28.000Z,Danish mink cull: PM Frederiksen and officials heavily criticised
2022-06-30T20:52:26.000Z,A Nato summit in Madrid for hawks
2022-06-30T21:28:42.000Z,Israel gets new PM as Netanyahu targets comeback
2022-06-30T21:24:55.000Z,Yair Lapid: The ex-TV host who is Israel's new PM
2022-06-30T00:44:08.000Z,Jan 6 hearings: Trump film-maker now has 'two armed guards'
2022-06-30T16:35:41.000Z,Texas migrant deaths: Suspected truck driver is charged
2022-06-30T18:02:05.000Z,Controversial Florida abortion ban blocked by court
2022-06-30T19:39:12.000Z,"Smuggling 'a big business' along US-Mexico border, says trucker"
2022-06-30T17:49:33.000Z,Ketanji Brown Jackson sworn in as first black woman on US top court
2022-06-30T23:03:54.000Z,Missing Cryptoqueen: FBI adds Ruja Ignatova to top ten most wanted
