﻿2022-07-30T00:15:41.000Z,UK troops in Finland exercise amid Russia threats
2022-07-29T21:18:03.000Z,"Neighbours 'the gap between Australia, Ireland and England'"
2022-07-29T21:42:20.000Z,Ukrainian mother's shares her hopes for life in Scotland
2022-07-29T22:51:34.000Z,
2022-07-29T23:21:26.000Z,Mali and Burkina Faso: Did the coups halt jihadist attacks?
2022-07-27T23:06:38.000Z,"Climate change killing elephants, says Kenya"
2022-07-29T23:26:30.000Z,Nancy Pelosi's long history of opposing Beijing
2022-07-29T23:44:25.000Z,Kerala: Indian man who won lottery hours before selling house
2022-07-28T10:59:34.000Z,Neighbours: On set with the stars for the finale
2022-07-29T23:32:10.000Z,Pride jersey controversy - a reckoning for Australian sport?
2022-05-16T23:32:22.000Z,Ukraine: Fighters evacuated from Mariupol steelworks arrive in Russian-held town
2022-05-17T22:59:12.000Z,Mariupol: The 80 days that left a flourishing city in ruins
2022-07-28T23:44:55.000Z,Ukraine's shadow army resisting Russian occupation
2022-07-28T11:53:01.000Z,Every Ukrainian living in constant stress since February - Zelenska
2022-07-28T19:11:33.000Z,Notre-Dame Cathedral on track to reopen in 2024
2022-07-29T17:30:19.000Z,Ukraine ready for first grain ship in Russia deal
2022-07-29T15:28:31.000Z,Shakira: Prosecutor seeks eight-year sentence for star over tax evasion
2022-07-29T17:54:03.000Z,Spain heatwave: PM tells workers to stop wearing ties to save energy
2022-07-29T21:42:37.000Z,Wildfire spreads to hotel in Turkey
2022-07-29T22:51:34.000Z,"Ukraine war: UN and Red Cross should investigate prison deaths, says Ukraine"
2022-07-30T00:44:07.000Z,Migrant deaths: How an American dream ended in horror
2022-07-27T22:01:38.000Z,Protesters storm Iraqi parliament in Baghdad
2022-07-29T08:03:51.000Z,Samuel Alito: Top US judge mocks world leaders over abortion ruling
2022-07-29T21:53:23.000Z,Kentucky: At least 16 dead in flash floods that followed heavy rain
2022-07-29T20:36:51.000Z,Hitler's watch sells for $1.1m in controversial sale
2022-07-29T21:52:27.000Z,Kentucky floods: 'More water than any of us have ever seen'
2022-07-29T23:37:19.000Z,Islamic State group: Canadian narrator of propaganda videos jailed
2022-07-30T01:12:35.000Z,Mega Millions draw: Lotto fever grips US over $1.3bn jackpot
