﻿2022-08-25T23:18:55.000Z,Latvia brings down World War Two memorial
2022-08-27T11:48:14.000Z,American family killed in Highlands A9 crash named
2022-08-27T14:22:13.000Z,First direct China-Scotland shipping route begins
2022-08-27T14:42:27.000Z,Bangladesh deaths: Cardiff mum remains seriously unwell
2022-08-27T15:33:37.000Z,Bangladesh: Cardiff man pleads for family's death certificates
2022-08-27T09:41:31.000Z,
2022-08-27T23:18:12.000Z,Tunisia racism: 'I lost the will to leave my home'
2022-08-28T01:24:07.000Z,UN calls for Libya ceasefire after deadly clashes
2022-08-10T00:20:59.000Z,Pakistan floods: 'I lost everything'
2022-08-24T16:17:46.000Z,Floods deluge parts of southern Pakistan
2022-08-26T23:27:52.000Z,Pakistan: Millions affected by heavy flooding
2022-08-27T09:02:40.000Z,Hong Kong's Peak Tram reopens after 14 months
2022-08-27T16:10:11.000Z,Pakistan floods: Desperation and displacement in Sindh province
2022-08-27T23:48:28.000Z,Pakistan appeals to world for flood help amid devastation
2022-08-26T23:05:23.000Z,China's severe drought from the air
2022-08-27T21:50:26.000Z,Bilkis Bano: Protests in India over release of gang rapists
2022-08-27T23:23:06.000Z,Australia: Scott Morrison saga casts scrutiny on Queen's representative
2022-08-27T17:44:08.000Z,Shaquille O'Neal backs Australian Indigenous vote
2022-08-23T23:01:28.000Z,"Front line frontmen: Antytila, the rock band fighting Russia"
2022-08-24T23:01:21.000Z,On call with Italy's horseback doctor
2022-08-27T08:02:36.000Z,Oder mass fish deaths: Searching for clues to Polish-German border mystery
2022-08-27T23:11:22.000Z,Electricity and drought killing white storks
2022-08-27T03:58:32.000Z,Russia to build two nuclear reactors in Hungary
2022-08-27T12:11:59.000Z,"EuroPride 2022: Serbia will not host event, says president"
2022-08-27T18:01:08.000Z,"Serbia-Kosovo ID document row settled, says EU"
2022-08-26T20:39:45.000Z,FBI cites 'evidence of obstruction' in Trump Florida home search
2022-08-26T23:59:08.000Z,Trump affidavit drops clues on scale of FBI investigation
2022-08-27T09:41:31.000Z,Russia blocks nuclear treaty agreement over Ukraine reference
2022-08-27T10:52:00.000Z,US to appoint its first Arctic Ambassador
2022-08-28T00:05:13.000Z,Three off-duty Dutch commandos shot outside hotel in Indianapolis
