﻿2022-07-24T23:50:34.000Z,The secret mission to save LGBT Afghans
2022-07-24T23:14:47.000Z,Afghan trans woman finds new home in Brighton
2022-07-24T23:59:35.000Z,Sir Mo Farah: Calls to trafficking helpline go up after revelation
2022-07-24T18:19:28.000Z,Eurotunnel queues: AA says holiday gridlock easing
2022-07-24T17:17:10.000Z,British man Aran Chada feared drowned in Italy after saving son
2022-07-24T15:31:42.000Z,Tamara Ecclestone offers £6m reward for return of jewellery
2022-07-24T17:34:40.000Z,
2022-07-22T16:18:37.000Z,Why does the world need grain to be shipped from Ukraine?
2022-07-24T23:44:41.000Z,Ukraine conflict: How are are drones being used?
2022-07-23T09:02:51.000Z,Texas wind turbine catches fire after lightning strike
2022-07-24T23:59:11.000Z,Kenya election: Why health care is such a key issue
2022-07-24T23:25:46.000Z,Face to face with the bandit warlords of Nigeria
2022-07-24T02:05:35.000Z,Kenya: Life on the front-line of severe food shortages
2022-07-24T23:39:26.000Z,Tunisia vote marks a death of a dream for some Arab Spring protesters
2022-07-24T13:57:16.000Z,Philippines shooting: Ex-mayor among three dead
2022-07-24T13:37:54.000Z,China launches second module for its space station Heavenly Palace
2022-07-24T23:34:14.000Z,Thai cave rescue: Meeting saved footballers four years later
2022-07-21T00:42:46.000Z,Ukraine war: Russia's Lavrov says ready to expand war aims
2022-07-23T15:15:54.000Z,Ukraine war: Key Ukrainian port hit by explosions after grain deal
2022-07-24T16:28:11.000Z,Ukraine war: Kyiv's forces moving towards occupied Kherson - Zelensky
2022-07-24T14:18:09.000Z,"Italy migrants: Nearly 1,200 arrive by boat in 24 hours"
2022-07-24T14:41:25.000Z,"In pictures: From Tenerife to Greece, wildfires rage in Europe"
2022-07-24T15:21:06.000Z,Chess robot breaks seven-year-old boy's finger during Moscow Open
2022-07-24T19:28:11.000Z,France energy: Air-conditioned shops will be told to shut doors to cut waste
2022-07-23T23:16:09.000Z,"'I'd Defend Myself, Too': Chileans back abuse survivors"
2022-07-24T19:11:04.000Z,Brazil election: Bolsonaro launches campaign
2022-07-24T23:14:19.000Z,Haiti migrants: At least 17 Haitians die after boat capsizes in Bahamas
2022-07-24T17:34:40.000Z,Ukraine war: Russia denies causing global food crisis
2022-07-24T23:46:08.000Z,Abortion in US: How misinformation has fuelled the debate
2022-07-24T17:24:06.000Z,Pope Francis: The pontiff's 'pilgrimage of penance' to Canada
2022-07-24T13:34:48.000Z,Biden could declare climate emergency - Kerry
