﻿2022-07-24T23:49:00.000Z,Is hay fever getting worse in the UK?
2022-07-25T15:31:18.000Z,Rishi Sunak and Liz Truss: Your guide to the BBC Tory leadership debate
2022-07-24T23:50:34.000Z,The secret mission to save LGBT Afghans
2022-07-24T23:14:47.000Z,Afghan trans woman finds new home in Brighton
2022-07-25T23:07:25.000Z,Did the debate change these voters' minds?
2022-07-24T17:40:47.000Z,Grass fires break out in south-east England
2022-07-25T23:03:24.000Z,Convenience store spy cameras face legal challenge
2022-07-25T19:33:24.000Z,Caroline Flack: Berkshire festival celebrates TV star
2022-07-23T23:02:55.000Z,Chatsworth's hidden 17th Century garden revealed in drone footage
2022-07-25T15:41:22.000Z,Archie Battersbee: Parents lose appeal over life support
2022-07-25T17:06:56.000Z,Lickey Hills fire: Barbecue named as likely cause
2022-07-25T18:24:52.000Z,Disabled player's wheelchair missing after flight
2022-07-25T15:44:36.000Z,Lauren Saint George guilty of killing baby girl Lily-Mai
2022-07-25T16:39:12.000Z,London narrowly avoided post-heatwave blackout
2022-07-25T15:48:25.000Z,Oldham fire: Human remains found after four reported missing
2022-07-23T23:17:15.000Z,'Why I cut homeless people's hair for free'
2022-07-25T16:03:00.000Z,Emily Maitlis stalker guilty of trying to breach order
2022-07-25T17:13:21.000Z,Gateshead woman stabbed 29 times: 'I am a survivor - not a victim'
2022-07-25T18:38:23.000Z,"Obituary: David Trimble, Northern Ireland's first first minister"
2022-07-25T16:36:57.000Z,"Keyless cars: 'Spate' of thefts in Northern Ireland, says PSNI"
2022-07-25T22:17:14.000Z,David Trimble: Reaction to the death of former first minister
2022-07-25T22:23:51.000Z,David Trimble: Former Northern Ireland first minister and UUP leader dies
2022-07-22T23:43:28.000Z,Liz Truss v Rishi Sunak: Who's winning the social media war?
2022-07-25T23:01:11.000Z,Tory leadership: Rishi Sunak and Liz Truss in fiercest clash yet over tax
2022-07-25T22:05:34.000Z,Tory leadership debate: Highlights from Our Next Prime Minister
2022-07-25T17:17:27.000Z,Cricket Scotland inquiry hears 448 examples of racism
2022-07-25T16:48:17.000Z,I was treated like a criminal - cricketer Majid Haq
2022-07-25T17:07:32.000Z,"Racism 'brushed under carpet', claim former Scotland cricketers"
2022-07-24T06:09:52.000Z,Countryside: Who really has access to the great outdoors?
2022-07-25T17:51:56.000Z,Anglesey: Thousands of crab shells washed up on beach
2022-07-25T22:24:13.000Z,The nine-year-old growing up in a circus
2022-07-25T21:59:54.000Z,Rail strikes Wales: Disruption warning as two days of action loom
2022-07-25T20:25:00.000Z,Portugal stag do stabbing: Joel Collins' mum 'won't leave' bedside
2022-07-25T21:52:38.000Z,Welsh NHS staff advised how to access food banks
2022-07-25T21:18:48.000Z,
