﻿2022-08-04T11:26:16.000Z,Ukraine: Teenager gets a home in Oxford after fleeing war
2022-08-05T17:21:27.000Z,Kenyan tea pickers' court bid against Scottish farm brought to a halt
2022-08-05T17:43:34.000Z,Nicky Campbell teacher admits schoolboy abuse in court documents
2022-08-05T17:03:53.000Z,Mountain bike worth £10k goes missing on flight to US
2022-08-05T18:49:21.000Z,
2022-08-05T23:48:40.000Z,Kenya’s election wrestling match: Dynasties v Hustlers
2022-08-05T11:07:46.000Z,Thailand nightclub fire kills at least 14 and injures dozens
2022-08-05T23:34:57.000Z,Partition: My journey to the ‘place no-one spoke of’
2022-08-05T11:33:54.000Z,Covid-19: North Korea claims to have recovered from outbreak
2022-08-05T22:17:50.000Z,Taiwan tensions: China halts co-operation with US on key issues
2022-08-05T23:42:44.000Z,Laal Singh Chaddha to Raksha Bandhan: 'Struggling' Bollywood's online hate problem
2022-08-05T08:21:05.000Z,Watch: The Japanese road washed away in a flood
2022-08-05T23:01:13.000Z,Mariupolchanka FC: The women's football team under siege in Ukraine
2022-08-05T18:49:21.000Z,"Zaporizhzhia: Russian rockets damaged part of nuclear plant, Ukraine says"
2022-08-05T18:49:21.000Z,"Zaporizhzhia: Russian rockets damaged part of nuclear plant, Ukraine says"
2022-08-05T19:15:45.000Z,Ukraine round-up: Alarm at nuclear plant and US urges Griner deal
2022-08-05T13:38:11.000Z,"French mayor threatens €15,000 deposit to climb Mont Blanc"
2022-08-05T15:34:34.000Z,France drought: Parched towns left short of drinking water
2022-08-05T19:39:14.000Z,Gaza: Palestinian militant killed as Israel strikes after threats
2022-08-05T16:24:18.000Z,Gaza: Emergency services arrive at flats hit by strike
2022-08-04T18:58:14.000Z,Where does Taiwan crisis leave Biden's China policy?
2022-08-05T15:45:42.000Z,"Obituary: Gary Schroen, the CIA spy sent to get Osama Bin Laden"
2022-08-06T01:09:29.000Z,Three dead after lightning strike near White House
2022-08-05T11:15:36.000Z,Watch: Waterspout caught on camera in US
2022-08-05T22:02:03.000Z,Canada to ban import of handguns pending total freeze
2022-08-05T22:15:53.000Z,Alex Jones: Five revealing moments from Sandy Hook trial
2022-08-06T00:17:49.000Z,Pentagon denies plea to help with migrant buses to Washington
2022-08-06T01:41:00.000Z,Alex Jones must pay $50m for Sandy Hook hoax claim
