﻿2022-09-01T08:47:53.000Z,Ovo Energy's Stephen Fitzpatrick gives stark warning over fuel bill rises
2022-09-02T00:56:10.000Z,The people who wish they had an energy price cap
2022-09-01T19:00:18.000Z,Friends and colleagues pay tribute to Bill Turnbull
2022-09-01T15:57:11.000Z,Restaurants will just close until spring - Tom Kerridge
2022-09-01T17:56:33.000Z,"Heatwave: England has had joint hottest summer on record, Met Office says"
2022-09-01T13:29:44.000Z,Hakeem Hussain: 'Horrendous' lack of help for asthma death boy
2022-09-02T00:07:19.000Z,Bristol Zoo memories as 'major part' of city's life closes
2022-08-28T23:21:26.000Z,The female stonemason saving a little piece of history
2022-09-01T17:20:39.000Z,"Heatwave sparks increased interest in Lincolnshire nudist group, says founder"
2022-09-01T11:42:30.000Z,Boy's stag photo scoops Wildlife Photographer of the Year accolade
2022-09-01T13:48:20.000Z,Trains stopped as burst water main floods Audenshaw railway
2022-09-01T15:56:24.000Z,Olivia Pratt-Korbel: Police release footage of fleeing gunman
2022-09-01T14:04:58.000Z,Greenvale Hotel: Two men to be charged over Cookstown disco deaths
2022-09-01T14:39:22.000Z,Northern Ireland economic growth 'among weakest in UK'
2022-09-01T20:28:32.000Z,Enagh Lough: Vigil held for teenage boys who drowned
2022-08-30T13:00:09.000Z,Boris Johnson refuses to rule out political comeback
2022-08-30T23:01:16.000Z,Meet Conservative members choosing the next PM
2022-09-01T11:47:21.000Z,"Boris Johnson: Go nuclear, go large and go with Sizewell C"
2022-09-01T16:57:06.000Z,Nicola Sturgeon holding talks over council strikes
2022-09-01T23:16:21.000Z,'My mesh horror story is now on public display'
2022-09-01T23:17:41.000Z,Scottish firms facing 200% energy bill rises 'are the lucky ones'
2022-09-01T17:03:46.000Z,Second cruise ship for Ukrainian refugees arrives in Glasgow
2022-09-01T17:47:40.000Z,Suspended Scottish fire service chief steps down
2022-09-01T23:02:34.000Z,Scottish government talks to end council strikes to continue
2022-09-01T13:12:34.000Z,Drink driving: My husband of 54 years was killed by drink-driver
2022-09-01T15:40:05.000Z,Covid boosters: Wales' autumn rollout begins
2022-09-01T19:47:25.000Z,Parents' legal bid to ban sex education in schools fails
2022-09-01T17:51:26.000Z,WWE in Cardiff: Wrestling stars arrive ahead of historic clash
2022-09-01T15:27:02.000Z,Freeport: Bidding process opens for first one in Wales
2022-09-01T13:17:17.000Z,Motocross track where boy died should reopen - mum
2022-09-01T15:51:41.000Z,Dean Kayes: Tribute to motorcyclist killed in Powys crash
2022-09-01T17:26:29.000Z,Mumbles: Pier owner 'traumatised' by fire
2022-09-01T17:22:07.000Z,Llanelli school IT man sacked over indecent child images
2022-09-01T21:57:55.000Z,Wife assault MP Jonathan Edwards asks Plaid members to intervene
2022-09-01T22:44:17.000Z,
