﻿2022-08-17T23:00:59.000Z,Flash flooding: Videos of the impact in the South East
2022-08-18T12:56:35.000Z,In pictures: Flooding across UK this week after heavy rain
2022-08-18T10:33:31.000Z,'Don't panic but don't dither over clearing'
2022-08-18T21:55:11.000Z,"Covid pass app working again, says NHS Digital, after disruption"
2022-08-19T00:19:34.000Z,"Medieval Cambridge monks were riddled with worms, study finds"
2022-08-18T16:58:10.000Z,Archie Battersbee's mum felt backed into a corner by court system
2022-08-18T16:51:13.000Z,Jack Fenton: Family tells of grief over Briton's Greek helicopter death
2022-08-18T14:33:29.000Z,Owami Davies: Missing nurse could be dazed and confused on trains
2022-08-18T16:36:18.000Z,Wennington fire: Villagers brought together by disaster
2022-08-18T16:23:24.000Z,"Benjamin Mendy boasted of sex with 10,000 women, jury told"
2022-08-18T17:17:00.000Z,"Parents warned after girl, 6, abducted and sexually assaulted"
2022-08-18T16:36:11.000Z,A-level results: Number of NI students getting top grades falls
2022-08-18T20:28:00.000Z,Community Restorative Justice Ireland funding suspended
2022-08-18T19:50:32.000Z,CrossFit Games: Northern Ireland girl dubbed world's fittest teen after win
2022-08-18T17:07:50.000Z,Troubles legacy bill: NI secretary says he is open to changes
2022-08-18T16:11:40.000Z,Monkeypox: 27 cases in Northern Ireland
2022-08-18T16:34:41.000Z,Derry: Police investigate New IRA bonfire shots claim
2022-08-18T17:01:02.000Z,A-levels: 'It was hard sitting exams for first time'
2022-08-18T17:47:21.000Z,Rishi Sunak: I can still win Tory leadership race
2022-08-18T21:52:51.000Z,Should parents take their babies to a comedy show?
2022-08-18T21:52:34.000Z,Scots mechanic turned soldier hailed a war hero by Ukrainians
2022-08-18T15:01:39.000Z,Women's safety: 'Man taking pictures through my window scared me'
2022-08-18T14:55:23.000Z,A-levels: Wales top grades dip after exams return
2022-08-18T18:11:52.000Z,"Ryan Giggs told officer he hit ex Kate Greville in lip, court hears"
2022-08-18T21:58:58.000Z,Welsh Water: Hosepipe ban to come into force in Wales
2022-08-18T19:58:06.000Z,Wales Air Ambulance: Welshpool base could close
2022-08-18T21:59:05.000Z,Welsh Water impose hosepipe ban in parts of Wales
2022-08-18T22:00:32.000Z,Green Man boss surprised by Welsh government farm purchase reaction
2022-08-18T21:48:58.000Z,
2022-08-18T23:53:00.000Z,Manjula Patel: The 85-year-old India-origin chef wowing a UK town
