﻿2022-06-30T23:29:57.000Z,Cost of living: Families who care for relatives' children in crisis
2022-06-30T05:07:47.000Z,Ukrainian troops being trained in the UK
2022-06-30T14:15:33.000Z,Police domestic abuse victim: I just felt despair
2022-06-30T20:55:06.000Z,TV ad breaks could get longer as rules are reviewed
2022-06-30T15:32:43.000Z,UK defence spending to rise as dangers increase - PM
2022-06-30T16:55:22.000Z,Birmingham gas explosion: Leaking gas pipe identified
2022-06-30T15:06:15.000Z,"Policeman killed son and then himself in Kidderminster, inquest finds"
2022-06-30T12:31:48.000Z,Extreme hoarder jailed for leaving sister to die on floor
2022-06-30T00:30:13.000Z,Invisible disabilities: How an autism diagnosis changed my life
2022-06-30T23:36:28.000Z,"Missing homing pigeon Bob found 4,000 miles away in Alabama"
2022-06-30T16:52:31.000Z,Ex RUC officer awarded £50k in negligence case
2022-06-30T17:13:42.000Z,"Brexit: UK government not 'even handed' in protocol row, says tánaiste"
2022-06-29T15:43:53.000Z,Chris Mason: Stark language as Nato assesses threat from Russia
2022-07-01T00:36:21.000Z,Chris Pincher: Tory whip resigns saying he 'embarrassed himself'
2022-06-30T21:57:11.000Z,The fight to save our vanishing wildflower meadows
2022-06-30T17:34:02.000Z,"Three-quarters of Police Scotland incidents not crimes, report says"
2022-06-30T21:53:32.000Z,Scottish police officers set to take action in pay dispute
2022-06-30T05:05:05.000Z,A field of cows set me off on a new career path
2022-06-30T13:51:59.000Z,Man accused of pushing pregnant wife to her death at Arthur's Seat
2022-06-30T16:02:03.000Z,Queen makes third public appearance in four days
2022-06-30T15:35:31.000Z,Logan Mwangi: Juror traumatised by murder trial evidence
2022-06-30T16:30:48.000Z,"Logan Mwangi murder: Mum, stepdad and teen sentenced"
2022-06-30T21:58:23.000Z,End-of-life: How home nurses helped ease my husband's last days
2022-06-30T15:18:32.000Z,Logan Mwangi murder: How boy's killers tried to fool police
2022-06-30T21:58:55.000Z,Logan Mwangi: Inquiry calls to prevent other tragedies
2022-06-30T17:26:09.000Z,Lucas Munslow: Baby died day after Glan Clwyd Hospital discharge
2022-06-30T17:04:19.000Z,"Knighton: Cocaine driver jailed after woman, 79, injured"
2022-06-30T16:52:38.000Z,"Knighton: Drug-driver on cocaine left woman, 79, injured"
2022-06-30T17:20:53.000Z,Logan Mwangi: Why murderer Craig Mulligan can be named
