﻿2022-08-10T16:49:27.000Z,Homes for Ukraine: Quarter of refugee sponsors do not want to carry on
2022-08-10T21:33:04.000Z,Aine Davis: Alleged fourth IS 'Beatle' arrested in UK on terror charges
2022-08-10T23:10:45.000Z,
2022-08-10T17:38:57.000Z,French freediver breaks deep dive world record
2022-08-10T13:32:13.000Z,Kenya elections 2022: Raila Odinga and William Ruto in tight race for president
2022-08-10T15:48:52.000Z,South Africa sex crime: Authorities charge seven over gang rape
2022-08-09T23:23:15.000Z,China property crisis: Why homeowners stopped paying their mortgages
2022-08-10T09:15:39.000Z,Langya: New virus infects 35 people in eastern China
2022-08-10T12:42:20.000Z,China says Taiwan military drills are over after Pelosi visit
2022-08-10T15:24:05.000Z,Australia Covid: Contact tracing app branded expensive 'failure'
2022-08-09T23:20:37.000Z,Ex-inmates reveal details of Russia prison rape scandal
2022-08-09T19:08:19.000Z,Crimea beachgoers run after airfield explosion
2022-08-10T11:46:45.000Z,France whale: Beluga put down during dramatic rescue mission
2022-08-10T11:01:17.000Z,Whale dies during rescue mission in France
2022-08-10T19:32:15.000Z,Ukraine round-up: Is Russia running out of troops?
2022-08-10T23:17:21.000Z,'Italian pizza is better for sure' - Italians respond to Domino's pulling out of country
2022-08-10T23:10:45.000Z,"Ukraine war: Crimea airbase badly damaged, satellite images show"
2022-08-09T21:30:45.000Z,Cuban fuel depot fire spreads to third tank
2022-08-10T20:32:09.000Z,Panamanian politician posts SOS after crashing in jungle
2022-08-10T21:18:09.000Z,Enas Taleb: Iraqi actress to sue Economist over 'fat' picture
2022-08-10T21:18:51.000Z,Enas Taleb: Iraqi actress to sue Economist over 'fat' picture
2022-08-10T21:27:02.000Z,Enas Taleb: set to sue Economist over 'fat' picture
2022-08-10T16:11:42.000Z,How big are Donald Trump's legal problems?
2022-08-10T20:56:31.000Z,A new reality for women seeking an abortion in Texas
2022-08-09T20:20:00.000Z,Will an FBI 'raid' supercharge Trump?
2022-08-10T02:11:47.000Z,Could Trump investigation stop him running in 2024?
2022-08-10T13:33:41.000Z,Thousands of beagles saved from drug trials in US
2022-08-10T22:14:18.000Z,Donald Trump refuses to answer questions in New York investigation
2022-08-10T20:50:43.000Z,John Bolton: Iranian man charged in US over alleged assassination plot
2022-08-10T17:00:40.000Z,Montreal Pride: 'You can't cancel our identities'
2022-08-10T21:02:51.000Z,Trump on people pleading the Fifth Amendment: 'Disgraceful'
