﻿2022-08-08T15:21:46.000Z,Will there be a hosepipe ban in my area?
2022-08-08T14:09:17.000Z,Campaigners call for artificial grass tax
2022-08-08T21:50:24.000Z,UK heatwave: UK set for new heatwave as temperatures head to 35C
2022-08-08T17:01:20.000Z,Queen to interrupt Balmoral stay to meet new prime minister
2022-08-08T17:41:17.000Z,Avanti West Coast suspends sales and cuts timetables
2022-08-08T16:50:11.000Z,Louis Thorold A10 crash: Driver had 'undiagnosed Alzheimer's' court told
2022-08-06T23:03:07.000Z,Wingwalker Betty Bromage completes fifth high-flying challenge
2022-08-08T13:40:38.000Z,Eileen Barrott death: Life sentence for husband who killed wife
2022-08-07T21:36:14.000Z,Plumes of smoke and huge flames at Feltham fire
2022-08-08T16:20:16.000Z,"Thornton Heath: Girl, 4, killed as explosion destroys house"
2022-08-08T14:44:08.000Z,RSPB wants urgent probe into crab deaths off north-east coast
2022-08-08T18:39:52.000Z,Disappearing Dentists: Most practices in NI not taking new NHS patients
2022-08-08T16:55:21.000Z,NI Protocol: UK given extra time to respond to EU
2022-08-08T15:14:35.000Z,'The town rings through all the early music' - Ash comes home to Downpatrick
2022-08-08T18:15:22.000Z,'I rang them constantly for a cancellation' - most health service dentists not accepting new patients
2022-08-08T22:57:13.000Z,Dunluce Centre: Crews tackling fire at former tourist attraction
2022-08-08T10:28:30.000Z,Tory leadership: Cost of living crisis focus for contenders for PM job
2022-08-08T23:52:36.000Z,Tory leadership: Rishi Sunak vows more support for energy costs
2022-08-08T16:38:53.000Z,Finance Secretary Kate Forbes gives birth to baby girl
2022-08-08T16:45:16.000Z,Nicola Sturgeon issues cost of living warning to Boris Johnson
2022-08-08T22:10:03.000Z,Commonwealth Games success gives Scotland platform to build on
2022-08-08T14:11:39.000Z,'One person turned up to watch my Fringe show'
2022-08-08T11:31:48.000Z,Woman who ran over and killed boyfriend in Fife avoids jail
2022-08-08T22:19:19.000Z,Scottish pupils set to receive exam results
2022-08-08T11:46:24.000Z,BBC Proms: Composer turned to music to help with Tourette's
2022-08-08T19:28:03.000Z,Ryan Giggs: Ex-Man Utd and Wales star headbutted ex-girlfriend - court hears
2022-08-08T22:27:53.000Z,Covid: Parents urged to get help as speech referrals rise
2022-08-08T22:20:57.000Z,Wrexham: Ryan Reynolds surprises shop owner with gift
2022-08-08T16:38:54.000Z,Martin Dyer: Paraglider died from multiple injuries
2022-08-08T21:26:37.000Z,Rugby star Gareth Thomas sued after ex-partner gets HIV
2022-08-08T22:25:09.000Z,Cardiff man found dead four days after charity boxing match
2022-08-08T17:23:21.000Z,Green Man: Tories demand probe of ministers' meet-up is made public
2022-08-07T06:10:37.000Z,Macro photography: The hidden world of garden insects
2022-08-08T17:11:21.000Z,
