﻿2022-08-05T00:27:34.000Z,"Afghanistan refugees: Hotels and hopelessness, but opportunity too, in UK"
2022-08-04T13:53:26.000Z,Call for medal to honour killed emergency workers
2022-08-04T11:26:16.000Z,Ukraine: Teenager gets a home in Oxford after fleeing war
2022-08-04T23:50:34.000Z,LGBT groups demand more action on monkeypox
2022-08-04T19:04:24.000Z,Commonwealth Games: Sri Lankan athletes reported missing from athlete's village
2022-08-04T17:43:53.000Z,"Alan Turing sculpture for King's College, Cambridge, approved"
2022-08-04T14:48:08.000Z,Archie Battersbee: Family seek permission for hospice move
2022-08-05T02:23:29.000Z,Hosepipe ban set to begin in Hampshire and Isle of Wight
2022-08-04T15:10:12.000Z,Scunthorpe shop loses £1k of chocolate after heatwave causes it to melt
2022-08-04T12:27:29.000Z,Owami Davies: Fourth murder arrest over missing student nurse
2022-08-04T17:59:55.000Z,Stop and search of black schoolboy by Met Police investigated
2022-08-04T16:15:20.000Z,Sussex PCs used baton and Taser on elderly man in wheelchair
2022-08-04T05:13:55.000Z,Covid-19: Unprecedented levels of chronic absence in schools
2022-08-04T18:21:13.000Z,Strabane: Flood scheme work set to begin next month
2022-08-04T16:13:54.000Z,"Michelle O'Neill's IRA comments were sickening, victim says"
2022-08-04T19:00:31.000Z,Irish Pony Society Championship Show held in Northern Ireland for first time
2022-08-04T22:57:29.000Z,Simon Lee quits Green Party for SDLP
2022-07-21T12:31:11.000Z,Tory leadership: How will the new party leader and PM be chosen?
2022-08-04T16:15:09.000Z,Andrew Bailey on Bank of England interest rate rise warning
2022-08-04T21:31:35.000Z,Tory leadership: Highlights from the Battle for Number 10
2022-08-04T20:59:11.000Z,Sunak quizzed over view that he is 'too rich' to be PM
2022-08-04T20:24:51.000Z,My 'abolish the monarchy' comments were wrong - Truss
2022-08-05T00:39:46.000Z,Rishi Sunak and Liz Truss row over recession warning in latest TV clash
2022-08-04T23:33:52.000Z,Tory leadership: Next PM will have to grapple with economy quickly
2022-08-04T23:58:54.000Z,Sir Keir Starmer breached MPs' code of conduct eight times
2022-08-04T22:02:50.000Z,Why is a wet country like Scotland facing water scarcity?
2022-08-04T15:50:46.000Z,ScotRail strike threat as union rejects 5% pay offer
2022-08-04T22:02:28.000Z,Edinburgh Festival: Biggest arts festival in the world begins
2022-08-04T22:02:06.000Z,I forgive the man who tried to murder me
2022-08-04T17:38:25.000Z,Hosepipe ban in Pembrokeshire after driest year since 1976
2022-08-04T17:22:45.000Z,Tenerife: Man from Cardiff dies in suspected drowning
2022-08-04T17:12:45.000Z,Bird flu: Gannets on Pembrokshire island die of virus
2022-08-04T21:59:17.000Z,Mental health: Denbigh Men's Shed fully reopens after Covid
2022-08-04T17:20:14.000Z,Barmouth: Man charged with murder of Margaret Barnes
2022-08-04T20:04:07.000Z,Hosepipe ban: 'How will I water my tomatoes?'
2022-08-04T21:56:44.000Z,Hosepipe ban: Water-use targets not ambitious enough - charity
2022-08-04T11:51:32.000Z,
