﻿2022-08-24T15:53:34.000Z,Eurotunnel Le Shuttle: Passengers stuck for hours inside Channel Tunnel
2022-08-24T19:05:54.000Z,Ukraine war: Refugees in Canterbury mark independence day
2022-08-24T17:56:03.000Z,"Wellingborough rape accused jailed for girlfriend murder, jury told"
2022-08-24T20:22:16.000Z,Ukrainians in Belfast mark their country's Independence Day
2022-08-24T20:16:48.000Z,Boris Johnson: Endure energy crisis to counter Russia in Ukraine
2022-08-24T22:15:00.000Z,
2022-08-25T00:18:50.000Z,Turkey's Bayraktar TB2 drone: Why African states are buying them
2022-08-24T01:45:27.000Z,Somalia and al-Shabab: The struggle to defeat the militants
2022-08-24T14:41:11.000Z,South Africans in nationwide strike in protest against cost of living
2022-08-24T17:24:11.000Z,Ethiopia's Tigray war: Fresh fighting shatters humanitarian truce
2022-08-24T17:36:59.000Z,The perils of female gold miners in Sierra Leone
2022-08-24T16:17:46.000Z,Floods deluge parts of southern Pakistan
2022-08-24T00:04:27.000Z,What China's worst drought on record looks like
2022-08-25T00:02:33.000Z,Why India made a U-turn on free trade deals
2022-08-23T23:46:27.000Z,Missing baby girls: Is India’s skewed sex ratio at birth getting better?
2022-08-24T23:16:06.000Z,Rohingya crisis: Has the world forgotten the stateless refugees?
2022-08-23T16:04:59.000Z,Ukraine war in maps: Tracking the Russian invasion after six months
2022-08-23T23:01:28.000Z,"Front line frontmen: Antytila, the rock band fighting Russia"
2022-08-23T11:59:25.000Z,Darya Dugina's father speaks at her Moscow memorial service
2022-08-23T17:24:43.000Z,Stolen car found stuck in metro station in Madrid
2022-08-23T23:56:03.000Z,"Ukraine war: The war is static, but ousting Russia is a seismic task"
2022-08-24T09:35:11.000Z,Ukraine war: Kyiv residents share their views on six months of war
2022-08-24T23:01:21.000Z,On call with Italy's horseback doctor
2022-08-24T20:10:03.000Z,Ukraine war: Shock and defiance on Independence Day - round-up
2022-08-24T22:15:00.000Z,"Ukraine war: Russia railway station strike kills 22, injures dozens"
2022-08-24T19:51:34.000Z,"British-Belgian pilot, 17, becomes youngest to fly around the world solo"
2022-08-24T20:03:48.000Z,Band stuck in Calais queue perform surprise gig
2022-08-24T23:26:48.000Z,Ter Apel: Dutch investigate baby death at asylum centre
2022-08-25T00:35:45.000Z,Mexico missing students: Knowns and unknowns
2022-08-23T23:31:27.000Z,'Too dehydrated to cry' - a lethal trek for migrants
2022-08-24T17:37:36.000Z,Hamilton: US church apologies for modified rendition of hit musical
2022-08-24T19:18:29.000Z,"Student loan forgiveness: Biden cancels $10,000 in student debt for millions"
2022-08-25T00:57:54.000Z,Kobe Bryant's widow awarded $16m leaked crash photos payout
2022-08-25T01:20:08.000Z,Uvalde school shooting: Embattled police chief is put on leave
