﻿2022-08-25T23:22:33.000Z,Campsites call for new rules to stay open longer
2022-08-28T15:31:11.000Z,Notting Hill Carnival returns: 'Everything about it is beautiful'
2022-08-29T22:41:47.000Z,"Meghan interview: It takes effort to forgive, says Duchess of Sussex"
2022-08-30T02:56:16.000Z,Cost of living: Chancellor Nadhim Zahawi visits US for talks
2022-08-30T01:50:38.000Z,"Notting Hill Carnival: Man, 21, dies after stabbing"
2022-08-29T17:07:42.000Z,Man found with 'significant injuries' near cannabis grow
2022-08-29T07:39:43.000Z,Peterborough underpass mural represents Covid pandemic experience
2022-08-28T23:21:26.000Z,The female stonemason saving a little piece of history
2022-08-29T16:14:09.000Z,Royal Navy HMS Prince of Wales breaks down off south coast
2022-08-29T15:00:15.000Z,"Leeds Festival death: Family pay tribute to David Celino, 16"
2022-08-29T15:51:00.000Z,King’s Cross Underground: Man arrested after woman pulled on to Tube tracks - police
2022-08-29T16:04:54.000Z,Olivia Pratt-Korbel: Community's 'horror' one week after girl's murder
2022-08-29T06:34:51.000Z,Latest Northern Ireland weather forecast
2022-08-27T23:04:31.000Z,Community transport: ‘It was a reason to get up in the morning’
2022-08-29T15:17:59.000Z,Cost of living: 100 children a day getting uniform help at west Belfast hub
2022-08-29T20:35:01.000Z,Tory leadership: Liz Truss cancels BBC interview with Nick Robinson
2022-08-29T06:58:12.000Z,Scotland's papers: Hope for end of bin strikes and 'winter blackouts'
2022-08-29T07:17:42.000Z,Hope of new pay offer as bin strike continues
2022-08-29T11:39:59.000Z,Scotland's new disability benefits system comes into force
2022-08-29T17:05:44.000Z,Strike action in Scotland to continue as unions reject pay offer
2022-08-29T22:02:33.000Z,Most health boards could miss surgery waiting time target
2022-08-29T17:26:49.000Z,Parents urged to take up child flu vaccine offer
2022-08-29T15:45:42.000Z,Taking a walk through rubbish-laden Edinburgh's Grassmarket
2022-08-29T17:39:49.000Z,Rubbish dumped on pavement outside Glasgow's Dawsholm Recycling Centre
2022-08-29T19:50:29.000Z,"Man charged with attempted murder of woman, 84, in Moray"
2022-08-29T09:00:16.000Z,MSP Pam Gosal pushing for law to register domestic abusers
2022-08-29T06:22:49.000Z,Libraries: Powys becomes latest council in Wales to drop fines
2022-08-28T17:51:10.000Z,Pride: Wales' oldest gay bar remains amid developing city
2022-08-29T21:07:30.000Z,Electricity: Lack of capacity 'holds back green energy'
2022-08-29T09:26:03.000Z,Red Arrows jet's cockpit canopy smashed by bird at Rhyl Airshow
2022-08-29T10:05:04.000Z,Brecon Beacons: Woman rescued after fall in ravine
2022-08-29T15:53:22.000Z,Snowdonia: Craig yr Aderyn fall climber in rescue drama
2022-08-29T15:59:40.000Z,Cwmbran: Second man arrested on suspicion of woman's murder
2022-08-29T20:48:08.000Z,Mick Bates: Former Welsh Liberal Democrat AM dies aged 74
2022-08-30T03:46:32.000Z,
2022-08-29T22:09:38.000Z,County Londonderry: Rescue services search for boy in lough ‘tragedy’
2022-08-30T00:40:09.000Z,Secret deals ending Britain's control in Gulf revealed
