﻿2022-07-04T18:29:27.000Z,
2022-07-04T15:11:28.000Z,How many Ukrainian refugees are there and where have they gone?
2022-07-04T09:22:53.000Z,China: Buyout of UK's largest microchip plant raises concerns
2022-07-03T23:37:48.000Z,Kenya's cost-of-living crisis: 'I can't afford rice for my children'
2022-07-04T16:42:27.000Z,Philippines country profile
2022-07-03T10:25:35.000Z,Sydney floods: Tens of thousands told to evacuate
2022-07-04T11:20:29.000Z,Rescuers try to save stranded cargo ship near Sydney
2022-07-04T11:33:25.000Z,Ukraine war in maps: Tracking the Russian invasion
2022-07-04T14:50:04.000Z,Spinal muscular atrophy: Baby heel prick test 'could be life-changing'
2022-07-04T17:00:34.000Z,Marmolada glacier collapse in Italy kills seven
2022-07-03T21:14:50.000Z,Copenhagen shooting: Panic as people flee gunfire inside shopping centre
2022-07-04T18:29:27.000Z,Ukraine war: Putin presses on after Lysychansk capture
2022-07-04T18:29:27.000Z,Ukraine war: Putin presses on after Lysychansk capture
2022-07-04T15:04:22.000Z,Copenhagen shooting: Shopping mall gunman charged with murder
2022-07-04T12:16:14.000Z,Copenhagen shooting: Harry Styles fans praise Danish police for attack response
2022-07-04T14:26:35.000Z,Ukraine war: What is Putin's plan now Luhansk has fallen?
2022-07-04T17:10:01.000Z,Drug smuggling: Underwater drones seized by Spanish police
2022-07-04T16:00:12.000Z,Belgorod: Fear and denial in Russian city hit by shells
2022-07-04T19:39:37.000Z,Ukraine round-up: Putin vows to continue war and the mood in a shelled Russian city
2022-07-04T11:20:23.000Z,Storm Bonnie leaves deadly trail in Central America
2022-07-04T16:13:21.000Z,Shireen Abu Aqla: US releases result of test on bullet that killed reporter
2022-05-25T13:17:34.000Z,America's gun culture - in seven charts
2022-07-02T23:02:14.000Z,Inside a US abortion clinic in its final days
2022-07-04T22:33:33.000Z,Highland Park shooting: Six dead in 4 July parade shooting near Chicago
2022-07-04T21:33:56.000Z,Illinois shooting: 'I hid my son in a dumpster' - witness
