﻿2022-08-05T00:27:34.000Z,"Afghanistan refugees: Hotels and hopelessness, but opportunity too, in UK"
2022-08-05T16:33:23.000Z,In pictures: England's bare lawns and parched parks
2022-08-05T10:21:13.000Z,Birmingham Bull saved from scrap-heap
2022-08-03T14:27:33.000Z,Archie Battersbee: How did life support battle end up in court?
2022-08-05T21:36:29.000Z,Archie Battersbee: Family devastated as legal routes exhausted
2022-08-05T16:07:52.000Z,Hosepipe ban begins in Hampshire and Isle of Wight
2022-08-05T14:59:07.000Z,New Forest visitors urged not to smoke in bid to reduce fire risk
2022-08-05T17:51:37.000Z,Greenwich shooting: Man airlifted to hospital after armed police incident
2022-08-05T15:03:13.000Z,Jack Woodley: Teens sentenced for gang attack murder
2022-08-05T19:35:29.000Z,Hijacked Tesco van stopped by police stinger
2022-08-04T21:31:35.000Z,Tory leadership: Highlights from the Battle for Number 10
2022-08-04T20:59:11.000Z,Sunak quizzed over view that he is 'too rich' to be PM
2022-08-04T20:24:51.000Z,My 'abolish the monarchy' comments were wrong - Truss
2022-08-05T20:17:08.000Z,"Tory leadership: I took money out of deprived urban areas, says Sunak"
2022-08-05T18:58:09.000Z,Protesters interrupt Liz Truss speech
2022-08-05T05:06:49.000Z,Why is a wet country like Scotland facing water scarcity?
2022-08-05T21:55:03.000Z,Covid restrictions will finally be lifted for IVF couples in Glasgow
2022-08-05T17:21:27.000Z,Kenyan tea pickers' court bid against Scottish farm brought to a halt
2022-08-05T17:43:34.000Z,Nicky Campbell teacher admits schoolboy abuse in court documents
2022-08-05T18:44:43.000Z,Scottish councils to get extra £140m towards workers' pay
2022-08-05T21:53:33.000Z,The social enterprise hair salon in Edinburgh changing lives
2022-08-05T17:09:31.000Z,Edinburgh Festival: Biggest arts festival in the world begins
2022-08-05T14:43:57.000Z,Speeding driver who waved at police as he failed to stop is jailed
2022-08-05T21:03:45.000Z,Tory leadership: Where do the final candidates stand on indyref2?
2022-08-05T22:06:48.000Z,Anorexia: Welsh patient treated hundreds of miles from home
2022-08-05T14:44:51.000Z,Newport: Safety concerns over year-long bridge closure
2022-08-05T17:03:53.000Z,Mountain bike worth £10k goes missing on flight to US
2022-08-05T17:48:15.000Z,Jordan Moray: Family hikes for hours searching for missing son
2022-08-05T20:41:47.000Z,Cardiff 10k: Anger as run cancelled with no refunds offered
2022-08-05T23:36:00.000Z,NHS 111 software outage confirmed as cyber-attack
2022-08-05T21:38:45.000Z,"Bangladesh suspected poisoning: Woman, 20, third in family to die"
2022-08-05T19:29:46.000Z,Ruthin: Barn ablaze after 300 bales catch alight
2022-08-05T22:13:33.000Z,Morriston: Two badly injured in 'distressing' cemetery incident
2022-08-05T18:49:21.000Z,
