﻿2022-07-02T19:38:01.000Z,Flight cancellation plan aims to ease summer chaos
2022-07-02T15:30:10.000Z,Chris Pincher MP seeking medical support after groping claim
2022-07-02T22:22:08.000Z,Pride in London: Celebrating the 50th anniversary of the UK's first Pride parade
2022-07-02T11:19:11.000Z,Face mask rules return at Cornwall NHS hospitals
2022-07-02T23:18:45.000Z,'Drawing doodles for Ant and Dec was my dream job'
2022-07-02T15:11:58.000Z,"Dravet syndrome Devon girl, resuscitated 100 times"
2022-07-02T11:30:10.000Z,Greater Anglia cancels 90% of trains on Saturday over strike
2022-07-02T14:36:59.000Z,Thornbury: Anger as high street pedestrianised permanently
2022-07-02T08:31:08.000Z,Multi-billion-pound rail upgrade scheme in West Yorkshire approved
2022-07-02T20:25:23.000Z,Pride in London: More than a million attend 'biggest ever parade'
2022-07-02T18:11:35.000Z,Zara Aleena: Hundreds join vigil for Londoner killed on walk home
2022-07-02T08:01:21.000Z,Celery crop aims to prove peat bog's profitability to farmers
2022-07-02T06:54:34.000Z,Businesses criticise delays in EU import checks
2022-07-01T23:02:09.000Z,'Pavement parking frightens me'
2022-07-02T11:40:45.000Z,Bird flu confirmed at Northumberland roseate tern colony
2022-07-01T23:00:22.000Z,"Hot weather dries up swamp, uncovers ancient fort"
2022-07-02T11:51:43.000Z,Belfast: Two men injured in city centre stabbings
2022-07-01T19:34:34.000Z,Chris Pincher suspended as Tory MP after groping allegation
2022-07-03T00:36:13.000Z,Boris Johnson's 40 new hospitals pledge faces watchdog review
2022-07-02T11:05:39.000Z,Colin McRae: Three generations of family in track tribute
2022-07-02T09:09:31.000Z,Scotland's papers: Holiday 'chaos' and new claims put pressure on PM
2022-07-02T11:16:52.000Z,"Covid in Scotland: No need to panic despite virus surge, says expert"
2022-07-02T15:51:33.000Z,Rising prices push Scotland towards household debt crisis
2022-07-02T09:35:56.000Z,'He shouldn't have to be this brave at six years old'
2022-07-02T20:56:30.000Z,Boats: Call for rules to stop old vessels being dumped
2022-07-02T06:10:27.000Z,Logan Mwangi murder: What should happen to children who kill?
2022-07-02T20:56:34.000Z,Roe v Wade: Women tell of abortions to protest Supreme Court ruling
2022-07-02T09:55:15.000Z,Litter warning as ducklings mistake cigarette butts for food
2022-07-02T13:46:58.000Z,Monmouth: Teen charged after assault on man who later died
2022-07-02T20:02:29.000Z,Aberpergwm: Coal mine expansion facing legal challenge
2022-07-02T16:17:25.000Z,Street begging clampdown by police across south Wales
2022-07-02T14:24:58.000Z,Welsh independence: Thousands march through Wrexham
2022-07-02T19:05:10.000Z,Splott: Man's death in Cardiff park 'unexplained'
2022-07-02T16:33:33.000Z,Senedd: Welsh Labour agrees to plans for more politicians in Welsh Parliament
