﻿2022-07-28T17:56:03.000Z,Cardiff dad and son's funeral held after Bangladesh 'poisoning'
2022-07-28T20:50:03.000Z,Slavery: Three on trial accused of enslaving Latvian man
2022-07-28T19:22:38.000Z,
2022-07-28T00:22:00.000Z,Kenya election: How a handshake changed Odinga's heartland
2022-07-28T10:46:09.000Z,Russia-Ukraine crisis: Lavrov shows diplomatic clout in Africa
2022-07-27T23:06:38.000Z,"Climate change killing elephants, says Kenya"
2022-07-28T17:38:50.000Z,Nigeria shuts schools in Abuja over fears of attack
2022-07-28T23:12:19.000Z,Xi and Biden exchange warnings on Taiwan
2022-07-28T19:35:23.000Z,Mirror: Huge screen falls on dancers at Hong Kong boy band concert
2022-07-28T05:27:53.000Z,Madhya Pradesh Covid-19: Thirty India students vaccinated with one syringe
2022-07-28T10:59:34.000Z,Neighbours finale: 'Goodbye to a character I've grown up with'
2022-07-28T11:04:15.000Z,Saudi women in Sydney: Sisters' bodies lay undiscovered for a month
2022-07-28T16:20:26.000Z,Viktor Bout: Who is 'the merchant of death'?
2022-07-26T16:01:18.000Z,BBC footage reveals abuse of disabled Ukrainians
2022-07-27T23:46:24.000Z,Ukraine war: West's modern weapons halt Russia's advance in Donbas
2022-07-28T23:44:55.000Z,Ukraine's shadow army resisting Russian occupation
2022-07-28T11:53:01.000Z,Every Ukrainian living in constant stress since February - Zelenska
2022-07-28T17:56:26.000Z,Marina Ovsyannikova: Anti-war Russian journalist fined for 'discrediting army'
2022-07-28T18:19:27.000Z,Saudi Crown prince's lavish Macron visit prompts outcry
2022-07-28T19:22:38.000Z,Ukraine war: Russia hits Kyiv area as Ukraine seeks to retake south
2022-07-28T20:57:13.000Z,Farmers in Republic of Ireland to be asked to cut emissions by 25%
2022-07-28T19:01:35.000Z,Ukraine round-up: Kherson counter-offensive gains pace
2022-07-28T19:11:33.000Z,Notre-Dame Cathedral on track to reopen in 2024
2022-07-27T22:01:38.000Z,Protesters storm Iraqi parliament in Baghdad
2022-07-28T19:11:19.000Z,Joe Manchin: What's in US Democrats' 'inflation-fighting' bill?
2022-07-28T22:17:24.000Z,Washington DC at 'tipping point' as migrants arrive from border
2022-07-28T21:09:36.000Z,Gorgosaurus: Ancient dinosaur skeleton sells for $6m at auction
