﻿2022-07-31T19:44:02.000Z,"Euro 2022: Fans react to England's historic win, as it happened"
2022-08-01T21:23:59.000Z,Ukraine war: Britons held by rebels in Ukraine to stand trial
2022-08-01T21:48:00.000Z,Slave owner Sir Thomas Picton portrait returns in bid to reframe past
2022-08-01T15:55:44.000Z,
2022-08-01T08:57:41.000Z,Indigenous Australian senator calls the Queen a 'coloniser' as she's sworn in
2022-08-01T10:36:03.000Z,Ukraine war: The last remaining families in Bakhmut
2022-08-01T18:38:04.000Z,"Nuclear annihilation just one miscalculation away, UN chief warns"
2022-08-01T16:46:56.000Z,Mauritania country profile
2022-07-31T23:13:15.000Z,South Africa's clean President Ramaphosa faces his own scandal
2022-08-02T00:34:03.000Z,Kenya election 2022: Kikuyus split between Ruto and Odinga
2021-09-07T10:02:06.000Z,Afghanistan: The pledge binding al-Qaeda to the Taliban
2022-07-31T23:46:51.000Z,Afghanistan: How one TV presenter became a refugee
2022-08-02T01:36:12.000Z,Ayman al-Zawahiri: Al-Qaeda leader killed in US drone strike
2022-08-02T00:44:15.000Z,When Delhi and London colluded to deny passports to Indians
2022-08-02T00:11:09.000Z,Ukraine: Helping children to overcome the trauma of war
2022-07-31T23:00:14.000Z,Reality of Ukraine war hidden from Fortress Russia
2022-08-01T15:55:44.000Z,Ukraine war: First grain ship leaves under Russia deal
2022-08-01T15:55:44.000Z,Ukraine war: First grain ship leaves under Russia deal
2022-08-01T13:06:57.000Z,Ukraine war: 'We hope nothing will happen' - Grain ship crew
2022-08-01T18:48:49.000Z,Ukraine war: First grain ship leaves and the thoughts of rural Russians
2022-08-01T19:16:33.000Z,Aliku Ogorchukwu: Wife of Nigerian killed in Italy demands justice
2022-08-01T12:42:16.000Z,Colombians hold kiss-a-thon in support of gay couple
2022-08-01T23:56:41.000Z,Profile: Ayman al-Zawahiri
2022-07-31T17:47:44.000Z,Beirut: The moment part of the port grain silos collapsed caught on camera
2022-07-31T11:32:38.000Z,Arizona: Trapped woman pulled to safety from flooded car
2022-08-01T22:41:27.000Z,California wildfire: Two dead as firefighters battle McKinney blaze
2022-08-01T23:43:31.000Z,"Kentucky floods: Death toll rises to 37, hundreds still missing"
2022-08-01T21:59:42.000Z,Guy Reffitt: Capitol rioter turned in by son gets 87 months in prison
2022-08-01T21:21:07.000Z,China could make show of force if Pelosi visits Taiwan - US
2022-08-01T23:51:55.000Z,Biden on Zawahiri killing: 'Justice has been delivered'
