﻿2021-06-21T16:04:12.000Z,Contaminated blood inquiry: The school where dozens of pupils died
2022-07-30T00:40:52.000Z,Winland Academy caught hiring writers for uni applications
2022-07-29T10:57:48.000Z,UK heatwave: Weather forecasters report unprecedented trolling
2022-07-28T10:31:36.000Z,Watch: The first televised court sentencing takes place at the Old Bailey
2022-07-28T10:25:15.000Z,Tears in the studio as Vanessa Feltz announces radio departure
2022-07-29T16:30:21.000Z,Wagatha Christie case: Judgement at a glance
2022-07-30T00:15:41.000Z,UK troops in Finland exercise amid Russia threats
2022-07-29T19:39:37.000Z,UN request for Archie Battersbee life-support to continue
2022-07-29T20:13:20.000Z,Man arrested on suspicion of murdering missing woman from Basildon
2022-07-29T17:50:09.000Z,"Lilia Valutyte: Girl, 9, killed in Boston stab attack named by police"
2022-07-29T19:16:25.000Z,"Grenfell: Council liable for five deaths, High Court judge finds"
2022-07-29T23:05:33.000Z,'My first Pride is in memory of my brother'
2022-07-29T05:10:19.000Z,Farmers warn 'if the rain doesn't come we're really in trouble'
2022-07-29T17:16:39.000Z,Wayne Couzens: PC in WhatsApp group with Sarah Everard killer says he was exemplary
2022-07-29T23:03:07.000Z,Shauna Lennon: From wheelchair to walking on stage at graduation
2022-07-29T21:10:39.000Z,Ulster Fleadh 'sad and angry' at video of IRA chants in Dromore pub
2022-07-29T15:30:22.000Z,Cookstown: Man charged with murdering mother granted bail
2022-07-29T20:59:48.000Z,Victor Hamilton: Second arrest after body found in driveway
2022-07-29T04:17:46.000Z,Truss courts Johnson loyalists as Sunak faces jibes
2022-07-29T15:29:00.000Z,Foreign Office 'regrets' Afghanistan Nowzad animal charity row
2022-07-28T21:02:38.000Z,The designer behind Team Scotland's kilts
2022-07-29T15:48:37.000Z,Covid infection rate in Scotland starts to fall
2022-07-29T18:07:42.000Z,ScotRail alcohol ban to remain for the 'foreseeable future'
2022-07-29T17:38:22.000Z,Former Rangers owner Craig Whyte to sue over wrongful arrest
2022-07-29T21:42:20.000Z,Ukrainian mother's shares her hopes for life in Scotland
2022-07-29T21:42:52.000Z,The Ukrainians living on a cruise ship in Edinburgh
2022-07-29T15:39:28.000Z,Inquiry into deaths of three babies in Lanarkshire
2022-07-29T21:47:23.000Z,I want to be the first disabled Ms Great Britain
2022-07-29T15:13:18.000Z,Covid in Wales: What do the stats tell us?
2022-07-29T21:50:29.000Z,Children's misdiagnosed fractures saw them put in care
2022-07-29T21:52:29.000Z,Train strikes: Avoid travel warning as Wales' services halt
2022-07-29T17:20:23.000Z,Drink-driver jailed for killing Abby Hill in Llangollen crash
2022-07-29T16:46:58.000Z,Mayhill riot: Man pleads guilty to Swansea disorder involvement
2022-07-29T15:38:57.000Z,Tylorstown: Boys charged with ex-workingmen's club arson
2022-07-29T22:51:34.000Z,
2022-07-28T10:59:34.000Z,Neighbours: On set with the stars for the finale
