﻿2022-07-31T15:35:54.000Z,Women's Euro 2022: England and Germany fans arrive in Wembley
2022-07-31T19:44:02.000Z,"Euro 2022: Fans react to England's historic win, as it happened"
2022-07-31T15:44:31.000Z,Ukraine war: Welsh politician Mick Antoniw's relative dies
2022-07-31T22:20:40.000Z,
2022-07-22T16:18:37.000Z,Why does the world need grain to be shipped from Ukraine?
2022-07-31T23:13:15.000Z,South Africa's clean President Ramaphosa faces his own scandal
2022-07-31T12:55:16.000Z,Algerian leader in bold move to promote English at junior school
2022-07-31T16:10:58.000Z,Madagascar hunts cattle gang after 32 people killed in fires
2022-07-31T23:46:51.000Z,Afghanistan: How one TV presenter became a refugee
2022-07-31T15:35:09.000Z,Afghan-Iran border clash: Taliban says one killed
2022-08-01T04:21:54.000Z,New Zealand fully reopens borders after long pandemic closure
2022-07-31T23:43:20.000Z,India water crises: Why millions in India are still without tap water
2022-07-31T23:00:14.000Z,Reality of Ukraine war hidden from Fortress Russia
2022-07-28T23:44:55.000Z,Ukraine's shadow army resisting Russian occupation
2022-07-31T22:20:40.000Z,Oleksiy Vadatursky: Ukraine grain tycoon killed in Russian shelling of Mykolaiv
2022-07-31T20:42:17.000Z,Cancer survivor objects to Spanish beach ad image
2022-08-01T01:33:51.000Z,Kosovo postpones new car number plate rules amid tensions
2022-07-30T13:29:39.000Z,Iraq: Dozens injured as Iraqi parliament stormed again
2022-07-31T14:00:37.000Z,Thousands flock to ultra-Orthodox rabbi's funeral in Jerusalem
2022-07-31T17:47:44.000Z,Beirut: The moment part of the port grain silos collapsed caught on camera
2022-07-30T23:02:34.000Z,Kansas: The state where abortion is on the ballot
2022-07-29T21:52:27.000Z,Kentucky floods: 'More water than any of us have ever seen'
2022-07-31T10:00:05.000Z,"Nancy Pelosi begins Asia tour, with no mention of Taiwan"
2022-07-31T11:32:38.000Z,Arizona: Trapped woman pulled to safety from flooded car
2022-08-01T04:20:29.000Z,California wildfire: McKinney Fire spreads rapidly in north of state
2022-08-01T03:17:21.000Z,California wildfire: McKinney Fire tears through community
