﻿2022-08-30T20:45:33.000Z,Shamima Begum: Spy for Canada smuggled schoolgirl to Syria
2022-08-30T20:56:35.000Z,Video shows Shamima Begum during journey to Syria
2022-08-30T22:20:07.000Z,When Mikhail Gorbachev visited Margaret Thatcher in Downing Street
2022-08-31T03:13:22.000Z,Mikhail Gorbachev: Last Soviet leader dies aged 91
2022-08-30T17:48:32.000Z,"Pakistan flood disaster 'gut-wrenching', says aid worker"
2022-08-30T17:39:10.000Z,
2022-08-30T23:57:29.000Z,Ukraine war: 'They're brainwashing our children'
2022-08-30T23:53:06.000Z,Abortion pill: Why Japanese women will need their partner's consent to get a tablet
2022-08-30T23:49:22.000Z,The pilot who defected to the Taliban in his Black Hawk
2022-08-29T11:49:12.000Z,Pakistan floods: Helicopter lifts stranded boy
2022-08-30T14:02:55.000Z,"Pakistan floods are ‘a monsoon on steroids’, warns UN chief"
2022-08-30T14:56:03.000Z,Soldiers accused of killing and mutilating Papuans
2022-08-30T20:55:02.000Z,Pakistan floods: Map and before/after photos show extent of devastation
2022-08-31T01:47:26.000Z,Pakistan floods: 'The water came and now everything is gone'
2022-08-31T00:06:18.000Z,Kerala: Period pain simulator leaves Indian men hollering
2022-08-30T09:36:59.000Z,Jharkhand: Murdered India teen's dreams snuffed out by stalker
2022-08-30T16:03:47.000Z,Chris Dawson: Husband in podcast-famous case guilty of murder
2022-08-30T21:02:17.000Z,Mikhail Gorbachev: The Soviet leader who helped end the Cold War
2022-08-30T20:51:41.000Z,Mikhail Gorbachev: Remembering a warm-hearted and generous man
2022-08-30T11:16:06.000Z,Ukraine grain deal: Where are the ships going?
2022-08-30T16:15:36.000Z,Marta Temido: Portugal health minister quits after pregnant tourist dies
2022-08-30T20:01:48.000Z,Himars missiles and anti-radiation pills: Ukraine round-up
2022-08-30T15:45:09.000Z,Books and bomb shelters: Ukraine returns to school
2022-08-30T21:44:05.000Z,Mikhail Gorbachev: Last Soviet leader dies aged 91
2022-08-30T22:57:27.000Z,Henry Kissinger pays tribute to Mikhail Gorbachev
2022-08-30T17:39:10.000Z,Kherson: 'Heavy fighting' as Ukraine seeks to retake Russian-held region
2022-08-30T22:18:33.000Z,In pictures: The life of ex-Soviet leader Mikhail Gorbachev
2022-08-30T10:20:16.000Z,World's loneliest man: Rare footage of him in the Amazon
2022-08-30T13:54:40.000Z,Mexico's Queen of the Pacific sues Netflix over series
2022-08-30T14:23:12.000Z,Iraq: Tense calm in Baghdad after cleric issues appeal
2022-08-30T22:51:11.000Z,Young Thug: How rap lyrics put a rapper behind bars
2022-08-30T20:12:58.000Z,A penguin in California is getting new orthopaedic boots
2022-08-29T14:01:18.000Z,Guinness World Record: Man rides 38 miles in giant pumpkin
2022-08-30T21:27:25.000Z,In Canada fears of 'dangerous' politics mounting
2022-08-30T11:03:57.000Z,"Truck spills 150,000 tomatoes causing California crash"
2022-08-30T20:53:51.000Z,"Jackson, Mississippi has 'no water to drink or flush toilets'"
2022-08-30T15:13:28.000Z,Tomato truck crash causes huge mess on California highway
2022-08-30T20:57:54.000Z,Canada reviews anti-racism funding after 'vile' tweets
