﻿2022-08-05T00:27:34.000Z,"Afghanistan refugees: Hotels and hopelessness, but opportunity too, in UK"
2022-08-04T11:26:16.000Z,Ukraine: Teenager gets a home in Oxford after fleeing war
2022-08-04T19:04:24.000Z,Commonwealth Games: Sri Lankan athletes reported missing from athlete's village
2022-08-04T17:22:45.000Z,Tenerife: Man from Cardiff dies in suspected drowning
2022-08-04T11:51:32.000Z,
2022-08-04T23:46:06.000Z,Kenya election 2022: How a murder haunts the poll
2022-08-04T16:35:22.000Z,Migrants targeted in South Africa after gang rape outrage
2022-08-04T20:16:18.000Z,The Indian photographer 'expelled' from Uganda by Idi Amin
2022-08-04T10:42:29.000Z,The view from Taiwan: 'We've had this for 70 years'
2022-08-04T15:43:49.000Z,China fires missiles near Taiwan after Pelosi visit
2022-08-04T09:09:37.000Z,Loud bangs as China begins Taiwan drills
2022-08-04T12:14:12.000Z,Watch: China launches missiles in Taiwan drills
2022-08-04T23:54:12.000Z,India's 'most wanted' who acted in 28 films and hid for 30 years
2022-08-03T23:20:48.000Z,Afra Rafeeq: India teen who died but raised millions to save her brother
2022-08-03T23:04:45.000Z,Fatima Payman: Meet Australia's first hijab-wearing senator
2022-08-04T11:51:32.000Z,Ukraine war: No sleep in Ukraine’s relentlessly bombed city
2022-08-03T21:23:52.000Z,Viktor Orban alone in Europe but among friends at CPAC in Texas
2022-08-04T07:52:28.000Z,"Iceland volcano was so beautiful, I had a little cry"
2022-08-04T15:21:22.000Z,Grunewald: Blast at bomb storage site sparks Berlin wildfire
2022-08-04T19:45:58.000Z,The sleepless nights of Mykolaiv and Griner jailed - round-up
2022-08-04T21:28:02.000Z,Brittney Griner: US basketball star jailed for nine years on drug charges
2022-08-04T21:19:11.000Z,France mulls rescue plan for beluga whale stranded in River Seine
2022-08-04T23:33:37.000Z,Colombia peace deal failing as violent gangs recruit vulnerable children
2022-08-04T12:03:52.000Z,Men convicted over Brazil fire that killed 242 go free
2022-08-04T16:13:21.000Z,Venezuela politician sentenced over drone attack on Maduro
2022-08-04T15:37:07.000Z,Workers in Iraq get day off as temperatures pass 50C
2022-06-15T15:26:17.000Z,Brittney Griner: How can a US basketball star just vanish?
2022-08-03T23:56:12.000Z,Hockey Canada: A sex assault scandal disgraces country’s pastime
2022-08-04T15:25:55.000Z,Brittney Griner case throws spotlight on hostage diplomacy
2022-08-04T22:19:22.000Z,Monkeypox: US declares outbreak a public health emergency
2022-08-04T18:58:14.000Z,Where does Taiwan crisis leave Biden's China policy?
2022-08-05T00:52:24.000Z,Breonna Taylor: US police charged over shooting death
2022-08-04T23:02:35.000Z,Alex Jones must pay $4.1m in damages for Sandy Hook theories
2022-08-05T00:36:50.000Z,Brittney Griner: US urges Russia to accept deal to free jailed basketball star
