﻿2022-07-13T18:19:31.000Z,"Uefa Liverpool final: Fans faced smear campaign, mayor says"
2022-07-13T15:14:24.000Z,Ukraine conflict: Refugees treated to circus in Aberdeen
2022-07-13T09:20:16.000Z,
2022-07-13T09:29:36.000Z,Sri Lanka: Why is the country in an economic crisis?
2022-07-13T06:32:26.000Z,Gambia after Yahya Jammeh: 'I'll never get justice'
2022-07-13T11:34:10.000Z,Enyobeni Tavern: South African arrests made over mystery teen deaths
2022-07-13T17:18:27.000Z,Sri Lanka crisis: How war heroes became villains
2022-07-13T16:33:51.000Z,Ranil Wickremesinghe: Can Sri Lanka's acting president restore order?
2022-07-13T15:57:10.000Z,Sri Lanka: President Gotabaya Rajapaksa flees the country on military jet
2022-07-13T07:44:09.000Z,Sri Lanka: Police fire tear gas as protesters storm PM's office in Colombo
2022-07-13T10:14:05.000Z,Sri Lanka: Inside the prime minister's office stormed by protesters
2022-07-13T15:36:29.000Z,Sri Lanka: How a dramatic day unfolded
2022-07-13T21:04:22.000Z,Sri Lanka PM tells military to do whatever necessary to restore order
2022-07-13T19:39:15.000Z,Sri Lanka: Four key moments from storming of PM's office
2022-07-13T01:25:32.000Z,Shah Rukh Khan: Why the actor's charm has endured the test of time
2022-07-12T17:25:01.000Z,Australia floods: Kangaroo rescued from deep water
2022-07-10T23:16:06.000Z,Wildfires break out across parts of Portugal
2022-07-12T23:05:27.000Z,Ukraine's rock warrior Slava Vakarchuk: 'We need to be angry'
2022-07-13T14:45:22.000Z,"Uefa Liverpool final: Fans blamed unfairly for litany of errors, says report"
2022-07-13T09:20:16.000Z,Ukraine grain: Kyiv optimistic on Russia deal to reopen Black Sea
2022-07-13T11:33:00.000Z,Battle of Waterloo skeletons uncovered in Belgium
2022-07-13T19:52:20.000Z,Ukraine round-up: Claims of forced deportations and grain talks take place
2022-07-13T20:14:33.000Z,"'We hope for the best, son' - War nears Ukraine maternity ward"
2022-07-13T17:12:40.000Z,Lucky escape for hiker caught up in Kyrgyzstan avalanche
2022-07-12T16:13:32.000Z,Syria war: UN extends aid lifeline to rebel-held Idlib by six months
2022-07-13T15:41:39.000Z,Biden visits Israel ahead of thorny Saudi Arabia trip
2022-07-13T18:25:23.000Z,Nord Stream 1: Trudeau defends decision to return Russia-owned turbine
2022-07-12T22:31:57.000Z,"Capitol riots: 'Wild' Trump tweet incited attack, says inquiry"
2022-07-13T14:51:05.000Z,Uvalde shooting: Families express anger at leaked video of school attack
