﻿2022-08-18T10:33:31.000Z,'Don't panic over clearing'
2022-08-20T00:12:46.000Z,How students missing exams in pandemic felt 'stressed and alone'
2022-08-20T00:12:29.000Z,Train and Tube strikes: Salon owner says strikes make it feel like the pandemic
2022-08-20T06:27:41.000Z,England's Big Picture:15 August - 21 August 2022
2022-08-20T11:01:50.000Z,Rail strikes: No trains in Cornwall and services cut in Devon
2022-08-20T23:04:03.000Z,'I broke the world record with my last ever run'
2022-08-20T11:14:54.000Z,Poole beach hosts National Nipper Surf Life Saving Championships
2022-08-20T06:30:48.000Z,"DJ Archie, aged seven, has hopes of playing Glastonbury"
2022-08-20T16:35:32.000Z,Rail strikes: Portsmouth FC wheelchair user thanks fans who got him to match
2022-08-20T17:57:25.000Z,"Droylsden: Man charged after girl, 6, abducted and sexually assaulted"
2022-08-20T06:19:19.000Z,T&S Rabbits farm closure to see about 250 rabbits given to activists
2022-08-20T11:30:10.000Z,Holy Island fishing under threat from marine protection area
2022-08-20T12:40:09.000Z,Actor Stephen Tompkinson due in court charged with inflicting GBH
2022-08-20T05:50:07.000Z,Latest Northern Ireland weather forecast
2022-08-20T05:48:20.000Z,"Healthy Oceans, Healthy Minds hopes to lift litter and spirits"
2022-08-20T05:47:30.000Z,Surfing exhibition dives into Ireland's love of big waves
2022-08-20T16:43:40.000Z,Belfast Mela: Colour and culture returns after pandemic
2022-08-20T21:07:37.000Z,Belfast: Man dead after attack was Gareth Rynne
2022-08-20T17:25:31.000Z,"Cullybackey: Man, 23, dies weeks after Craigs Road crash"
2022-08-20T23:19:09.000Z,"Cost of living: Help is coming, says Kwasi Kwarteng"
2022-08-20T11:26:35.000Z,ScotRail passengers set for weekend of disruption
2022-08-20T08:45:32.000Z,Scotland's papers: New council pay offer and £150m NHS private deal
2022-08-20T06:24:12.000Z,Smoking: Can Wales reach smoke-free status by 2030?
2022-08-20T08:06:43.000Z,Cinema organs: Porth breathes new life into film music history
2022-08-20T20:57:06.000Z,Map may show evidence of Wales' Atlantis off Ceredigion
2022-08-20T11:22:32.000Z,"Pentyrch: Rescue bid in vain as woman, 65, dies in fire"
2022-08-20T20:57:19.000Z,"Cost of living: More pets being abandoned, dogs home says"
2022-08-20T12:34:35.000Z,UK record after Welsh man shears 902 sheep in nine hours
2022-08-20T17:02:05.000Z,"Newport: Murder arrest after man, 51, dies in street"
2022-08-20T20:57:07.000Z,
