﻿2022-09-05T21:29:16.000Z,Meghan: It is very nice to back in the UK
2022-09-06T19:07:05.000Z,Liz Truss outlines her three priorities in first speech
2022-09-06T19:13:18.000Z,"Bedfordshire Police apologise to Potton man, 81, for arrest injuries"
2022-09-06T11:57:43.000Z,Reading Festival: Burned teen describes 'horrific' ordeal
2022-09-06T20:53:21.000Z,Chris Kaba: Man shot dead by police in Streatham named
2022-09-06T16:09:25.000Z,London segregated cycle lanes made permanent
2022-09-06T20:19:53.000Z,"Olivia Pratt-Korbel's killer must own up, says mum"
2022-09-05T14:04:17.000Z,"Swaffham: Energy costs must be priority for Liz Truss, say constituents"
2022-09-06T16:31:12.000Z,Bloody Sunday: PPS to conduct fresh Soldier F case review
2022-09-06T17:39:31.000Z,NI offshore wind farms would boost jobs and cut emissions - report
2022-09-06T18:32:53.000Z,"Troubles legacy: Stephen Geddis 1975 killing unjustified, inquest finds"
2022-09-06T22:45:05.000Z,Chris Heaton-Harris announced as new Northern Ireland Secretary
2022-09-06T22:47:52.000Z,Chris Heaton-Harris: Refereeing new SoS takes NI from Vara to VAR
2022-09-05T16:43:35.000Z,Liz Truss: Who is the prime minister married to?
2022-09-05T16:00:42.000Z,Rishi Sunak plans to stay on as MP and says he will stand again
2022-09-06T07:11:52.000Z,Boris Johnson leaves No 10 - his departure speech in full
2022-09-06T13:00:56.000Z,Boris Johnson urges Tories to get behind Liz Truss in farewell speech
2022-09-06T13:00:56.000Z,Boris Johnson urges Tories to get behind Liz Truss in farewell speech
2022-09-06T20:28:02.000Z,"Therese Coffey's views on abortion concerning, charity says"
2022-09-06T16:27:49.000Z,Liz Truss's first Downing Street speech as prime minister
2022-09-06T20:48:39.000Z,"UK can ride out economic storm, says new PM Liz Truss"
2022-09-06T21:56:45.000Z,Liz Truss installs allies in key cabinet roles
2022-09-06T22:51:29.000Z,Liz Truss: New cabinet a near total purge of Sunak backers
2022-09-06T12:06:48.000Z,In pictures: The prime ministers appointed by the Queen
2022-09-06T21:55:15.000Z,'I caught my fraudster funeral director boss'
2022-09-06T20:32:47.000Z,At-a-glance: Scotland's programme for government
2022-09-06T20:07:48.000Z,Scotland's 'not proven' verdict set to be axed
2022-09-06T16:10:35.000Z,Rent freeze welcomed but 'more needs to be done'
2022-09-06T17:23:25.000Z,Rent freeze will see fewer available properties - landlord association
2022-09-06T21:43:12.000Z,Alister Jack reappointed as Scottish Secretary
2022-09-06T15:35:05.000Z,Rent freeze plan to tackle cost-of-living crisis in Scotland
2022-09-06T15:35:05.000Z,Rent freeze plan to tackle cost-of-living crisis in Scotland
2022-09-06T15:58:02.000Z,"Barrister strike: Criminal law is not dying, it's dead, says barrister"
2022-09-06T16:49:03.000Z,"HMP Berwyn: Wales' biggest prison criticised for health, violence and education"
2022-09-06T22:00:11.000Z,Free school meals launch in Wales for children seven and under
2022-09-06T20:39:56.000Z,Powys: Farm flooded for reservoir emerges following dry spell
2022-09-06T20:37:55.000Z,Powys: Flooded reservoir farm appears after another dry spell
2022-09-06T21:46:51.000Z,Liz Truss cabinet: Sir Robert Buckland reappointed as Welsh secretary
2022-09-06T20:12:57.000Z,
