﻿2022-07-22T23:02:19.000Z,Kennel space shortages reported ahead of holidays
2022-07-22T13:22:39.000Z,Dover traffic: 'We arrived in Dover at 7.30 and been in traffic since'
2022-07-22T18:42:27.000Z,Royal Navy tracks two Russian submarines in North Sea
2022-07-22T17:57:21.000Z,Rail strikes to go ahead next Wednesday
2022-07-22T13:29:02.000Z,Euromillions: Couple bought £17 backscratcher after win
2022-07-22T16:57:10.000Z,Derby fire deaths: Killer Paul Mosley returned to prison
2022-07-22T17:21:06.000Z,Ladybower Reservoir: Fire still burning after two days
2022-07-22T16:40:38.000Z,Dover traffic: Eurotunnel rejects French explanation for Dover delays
2022-07-22T20:51:12.000Z,Port of Dover gridlock 'could worsen' over weekend
2022-07-22T12:37:07.000Z,Sebastian Kalinowski: The harrowing home CCTV which helped convict child killers
2022-07-22T20:45:20.000Z,Sebastian Kalinowski: Mother and partner guilty of murdering teenage son
2022-07-22T08:58:37.000Z,Monkeypox: Vaccination programme to be stepped up in London
2022-07-22T05:20:57.000Z,Queen Elizabeth Olympic Park: The legacy London 2012 promised
2022-07-22T12:38:21.000Z,Kennie Carter death: Family left shattered by boy's unsolved murder
2022-07-22T06:59:40.000Z,Money saving tips on making your driving fuel go further
2022-07-22T14:36:10.000Z,County Armagh: Navan Fort on World Heritage Tentative List
2022-07-22T15:27:06.000Z,Paul Rowlands death: Jason Robert Murray remanded in custody
2022-07-22T17:52:19.000Z,Dr Heather Steen fails to have some tribunal allegations dismissed
2022-07-22T18:03:36.000Z,Belfast: Fifteen drug-related deaths since June
2022-07-22T05:43:47.000Z,Liz Truss's economic vision remains popular with Tory members
2022-07-22T16:55:35.000Z,EU launches fresh legal action over Northern Ireland border rules
2022-07-22T16:55:35.000Z,EU launches fresh legal action over Northern Ireland border rules
2022-07-21T08:46:05.000Z,'What drives me to be an orca spotter'
2022-07-22T17:33:49.000Z,Covid in Scotland: Virus cases increase for seventh week in a row
2022-07-22T15:50:29.000Z,Scots holidaymaker frustration at Dover port queues
2022-07-22T14:50:03.000Z,SQA staff could strike during student appeals period
2022-07-22T16:26:03.000Z,Lord Advocate publishes indyref2 legal argument to Supreme Court
2022-07-22T06:55:14.000Z,Endometriosis: Credit card to pay for surgery after 23 years in pain
2022-07-22T21:58:06.000Z,Wildlife photography: Magic of Skomer's puffins captured
2022-07-22T21:57:56.000Z,Covid staycation slump for Wales' holiday firms
2022-07-22T14:13:21.000Z,Port Talbot: Tata steelworks could close without subsidy deal
2022-07-22T18:54:46.000Z,Cardiff University graduation: Some students miss ceremony
2022-07-22T14:12:19.000Z,Port Talbot: Tata steelworks could close without subsidy deal
2022-07-22T17:54:16.000Z,Port Talbot 'would be 'dead' without its steelworks
2022-07-22T20:24:42.000Z,Doreen Morris: Inquest for Anglesey woman 28 years after murder
2022-07-22T21:14:08.000Z,NHS pay rise in Wales: RCN to ballot members on industrial action
2022-07-22T20:13:44.000Z,
2022-07-22T17:07:34.000Z,Dom Phillips and Bruno Pereira: Three charged with Brazil murder
