﻿2022-07-01T15:52:19.000Z,
2022-06-30T16:34:30.000Z,Vladimir Putin: Russian leader hits back over G7 jibes
2022-07-01T17:51:39.000Z,Same-sex couples legally marry in Switzerland
2022-07-01T18:15:27.000Z,South Sudan: Thousands facing food insecurity as food aid cuts hit
2022-07-02T00:54:32.000Z,Libya protesters storm parliament building
2022-07-01T16:08:16.000Z,Taliban leader makes first visit to capital city Kabul
2022-07-01T07:09:02.000Z,John Lee: Who is Hong Kong's new hardline pro-Beijing leader?
2022-07-01T09:52:14.000Z,Hong Kong: Xi Jinping defends China's rule at handover anniversary
2022-07-02T00:13:10.000Z,"India farm law: Seven months after repeal, farmers are ready for new protests"
2022-07-01T16:11:53.000Z,Ukraine weapons: What military equipment is the world giving?
2022-07-01T19:10:33.000Z,Ukraine war: Russian missile strikes kill 21 in Odesa region - emergency service
2022-07-02T00:27:46.000Z,Unique terror trial that changed France
2022-07-01T19:33:22.000Z,Brittney Griner: 'No higher priority' than bringing her home
2022-07-01T13:26:25.000Z,Watch: The moment a whale is cut free from ropes in Norwegian Sea
2022-07-01T20:19:31.000Z,Borsch soup in Ukraine added to Unesco endangered heritage list
2022-07-01T19:52:58.000Z,Ukraine round-up: Elite Russian regiment fights for support and the war for borsch
2022-07-02T00:19:49.000Z,Brazil: Rio's residents garden their way out of hunger
2022-07-01T10:49:17.000Z,Watch: The moment a landslide descends on town in Peru
2022-07-02T00:32:52.000Z,The rise of the video game Arab hero
2022-06-29T21:53:23.000Z,Migrants die daily in lorries hot as 'gates of hell'
2022-06-30T19:39:12.000Z,"Smuggling 'a big business' along US-Mexico border, says trucker"
2022-07-01T17:11:51.000Z,Texas migrant deaths: 'I still have to bring my children home'
2022-07-01T22:02:53.000Z,Roe v Wade: Women travelling for abortions will be protected - Biden
2022-07-02T00:23:25.000Z,Texas migrant deaths: Truck driver 'unaware air conditioner had stopped working'
