﻿2022-08-17T18:24:06.000Z,Islamic State 'Beatles': How 2011 arrests led to convictions
2022-08-17T17:02:12.000Z,Rwanda asylum plan: UK ministers partially lose Rwanda secrecy bid
2022-08-16T16:43:24.000Z,
2022-08-16T23:45:08.000Z,"Five countries, five meals - tackling the food inflation crisis"
2022-08-17T06:57:51.000Z,Whales surprise two paddleboarders in Argentina
2022-08-17T00:17:29.000Z,"Kenya election 2022: Raila Odinga likely to go to court, as others celebrate"
2022-08-17T13:51:11.000Z,Ethiopia: ‘We want future generations to have their own African heroes’
2022-08-17T21:58:10.000Z,"Algeria forest fires: At least 26 dead, minister says"
2022-08-15T08:36:05.000Z,"From Kabul and beyond, a year of Taliban rule in Afghanistan"
2022-08-16T05:33:02.000Z,Afghan contractors: 'I wish I'd never worked for the UK government'
2022-08-16T17:09:54.000Z,'Every day we live our lives in fear' under Taliban rule
2022-08-17T14:55:59.000Z,Haruyuki Takahashi: Tokyo 2020 Olympic official accused of taking bribes
2022-08-17T20:09:01.000Z,Kabul mosque attack: 'Many casualties feared'
2022-08-17T15:13:10.000Z,China inducing rainfall to combat severe drought
2022-08-17T11:03:22.000Z,Bilkis Bano: Why the rape case is back in the news
2022-08-15T17:45:45.000Z,Norway bridge collapse: Drivers of two vehicles rescued
2022-08-17T11:00:18.000Z,Spanish fires: Passengers injured fleeing train in Bejís
2022-08-17T12:05:45.000Z,Water levels on Italy's Lake Garda at 15-year low
2022-08-17T21:29:42.000Z,Surfers on Venice's Grand Canal invoke mayor's wrath
2022-08-17T17:35:33.000Z,Bag thief caught on live TV in Barcelona
2022-08-17T10:17:58.000Z,Israel and Germany condemn Palestinian leader's '50 Holocausts' claim
2022-08-17T20:57:25.000Z,Salma al-Shehab: Concern for Saudi student jailed for 34 years over tweets
2022-08-03T15:14:22.000Z,Arizona primary: What one Republican's fate reveals about Trump's future
2022-08-16T03:19:11.000Z,Liz Cheney: Trump’s nemesis faces Republican day of reckoning
2022-08-17T21:16:08.000Z,Liz Cheney vs Donald Trump: Why it's not over yet
2022-08-17T15:01:53.000Z,Liz Cheney: Trump critic blasts Republican 'personality cult' after defeat
2022-08-17T19:27:18.000Z,R. Kelly trial: Singer has dark side hidden from public - prosecutor
2022-08-17T23:07:40.000Z,US pharmacy chains ordered to pay $650m in Ohio opioids suit
