﻿2022-07-19T20:37:04.000Z,Martin Dyer: Ex-Ipswich player killed paragliding in France
2022-07-19T21:41:33.000Z,
2022-07-19T12:17:42.000Z,"Heatwave: Living at 40C in Abuja, Delhi, Madrid and Sydney"
2022-07-19T14:55:19.000Z,Ukraine war: Zelensky widens purge of security services
2022-07-19T19:15:46.000Z,In pictures: Western Europe swelters in heatwave
2022-07-18T17:15:37.000Z,Somalia plane crash: Firefighters tackle blaze by flipped-over plane
2022-07-19T23:09:59.000Z,Islamic veil: Why fewer women in North Africa are wearing it
2022-07-19T15:09:59.000Z,Kenya election 2022: William Ruto on corruption and state capture
2022-07-19T11:24:26.000Z,Sri Lanka's tea farmers struggling to survive
2022-07-19T23:06:14.000Z,Shanghai Covid lockdown: The struggle of blind massage therapists
2022-07-19T16:22:52.000Z,Covid in China: Officials sorry for break-ins amid hunt for contacts
2022-07-19T23:15:32.000Z,Sri Lanka presidential elections: Why India matters to the island nation's political future
2022-07-19T05:37:42.000Z,"Australia's environment in 'shocking' decline, report finds"
2022-07-18T15:44:11.000Z,Spain heatwave: Passengers alarmed as train surrounded by flames
2022-07-18T22:47:50.000Z,Spain heatwave: Man narrowly escapes wildfire
2022-07-19T22:21:32.000Z,Ukraine war: Putin visits Iran in rare international trip
2022-07-19T22:21:32.000Z,Ukraine war: Putin visits Iran in rare international trip
2022-07-19T21:10:40.000Z,Italian PM Mario Draghi's decision-time on government fate
2022-07-19T20:39:19.000Z,Ukraine round-up: Putin's trip and Ukraine purge
2022-07-19T22:11:52.000Z,Heatwave: Records fall as extreme heat bakes Western Europe
2022-07-19T21:41:33.000Z,Ukraine war: Russia plans to annex Ukrainian land - US
2022-07-19T19:56:31.000Z,Twitter-Musk takeover dispute heading for October trial
2022-07-19T09:31:39.000Z,Ukraine war: First lady in US for high-level meetings
2022-07-19T21:37:41.000Z,"US Capitol riot: Steve Bannon felt above the law, prosecutors say"
