﻿2022-07-06T16:41:53.000Z,"No diplomatic immunity in modern slavery cases, Supreme Court rules"
2022-07-06T16:59:29.000Z,No reason to call early election - Boris Johnson
2022-07-07T00:11:12.000Z,Hemel Hempstead mother's funding plea for daughter's rare disease
2022-07-07T00:46:18.000Z,Platinum Jubilee: Windsor Castle displays Queen's coronation gown and robe
2022-07-06T17:06:50.000Z,Thai cave rescue divers get honorary degrees in Bristol
2022-07-06T05:07:06.000Z,Household Cavalry take summer camp Holkham beach ride
2022-07-06T23:09:30.000Z,Covid: Norfolk man says he is 'fighting every day for life'
2022-07-06T11:59:50.000Z,Police probed Chris Pincher assault allegations
2022-07-06T13:40:40.000Z,"Trainee pilot from Suffolk died after mosquito bite, inquest hears"
2022-07-06T23:06:50.000Z,Police officers 'photographed and manipulated body of suicide victim'
2022-07-06T15:33:28.000Z,Muckamore inquiry: Father believes 10-year-old got black eyes in assault
2022-07-06T14:31:19.000Z,Flybe suspends three Belfast City Airport routes over summer
2022-07-06T15:31:24.000Z,NI farming: 'Fabricated documents' used in poultry applications
2022-07-06T17:19:49.000Z,Derry GAA: Translink to operate All-Ireland semi-final train
2022-07-06T21:55:10.000Z,"Government resignations: Who has gone, who is staying?"
2022-07-06T06:40:38.000Z,"Boris Johnson must go today, says Lib Dem leader Ed Davey"
2022-07-06T12:13:46.000Z,"Enough is enough, says Sajid Javid in resignation speech"
2022-07-06T11:46:56.000Z,Clapping in Commons as Tory MP Sambrook calls on PM to go
2022-07-06T10:35:33.000Z,Chris Mason: Boris Johnson facing day of judgement
2022-07-06T10:59:50.000Z,How might Boris Johnson be removed as PM?
2022-07-07T01:43:50.000Z,Boris Johnson vows to fight on despite resignations and calls to go
2022-07-06T17:46:02.000Z,Beleaguered Boris Johnson rejects Nicola Sturgeon's indyref2 call
2022-07-06T05:19:18.000Z,Blind woman explains how guide running 'feels like flying'
2022-07-06T16:54:34.000Z,Prestwick Airport workers to vote on strike action over pay
2022-07-06T21:24:15.000Z,US fugitive detained over aggression to Glasgow NHS staff
2022-07-06T17:39:06.000Z,Scottish secretary continues to back Boris Johnson as PM
2022-07-06T18:51:33.000Z,Caerphilly: Circus acrobat injured in human cannonball stunt
2022-07-06T22:15:07.000Z,Cost of living: Chocolate producers forced to raise prices
2022-07-06T22:14:48.000Z,Long Covid: Midwife's anger over new no-pay rule in NHS
2022-07-06T17:46:33.000Z,Pembroke: Archaeologists hunt for Ice Age life under castle
2022-07-06T20:03:39.000Z,Pembroke Castle: The hunt for clues to Wales' prehistoric past
2022-07-06T22:12:58.000Z,Gwynedd: Sheep rescued after 10 days stuck in mine shaft
2022-07-06T23:00:41.000Z,Boris Johnson: Welsh Secretary Simon Hart quits cabinet
2022-07-07T00:26:53.000Z,
2022-07-06T16:02:25.000Z,China: MI5 and FBI heads warn of ‘immense’ threat
