﻿2022-08-28T15:31:11.000Z,Notting Hill Carnival returns: 'Everything about it is beautiful'
2022-08-30T14:16:54.000Z,Melisa Raouf: Going make-up free in the Miss England final
2022-08-31T16:49:44.000Z,Queen to appoint new prime minister at Balmoral
2022-09-01T00:48:39.000Z,"Rwanda flight migrants include torture victims, say doctors"
2022-08-31T19:12:26.000Z,Milton Keynes murder trial hears accused did not want to use knife
2022-08-31T14:30:20.000Z,Lego William and Kate built to mark move to Windsor
2022-08-28T23:21:26.000Z,The female stonemason saving a little piece of history
2022-09-01T00:52:59.000Z,Kinder Scout 'mass trespass' reserve is extended
2022-08-31T17:28:28.000Z,Navy officer opposed to nuclear weapons sues MoD
2022-08-31T19:43:42.000Z,Hunstanton seafront water fountain vandalised with washing up liquid
2022-08-31T05:22:04.000Z,Nottingham maternity crisis: What are families calling for?
2022-09-01T00:55:35.000Z,Review into Nottingham NHS maternity failings launches
2022-08-27T23:04:31.000Z,Community transport: ‘It was a reason to get up in the morning’
2022-08-31T19:41:39.000Z,Derry drownings: Friends pay tribute to lough tragedy teens
2022-08-31T20:08:34.000Z,'They would always put a smile on our faces’
2022-08-30T13:00:09.000Z,Boris Johnson refuses to rule out political comeback
2022-08-30T23:01:16.000Z,Meet Conservative members choosing the next PM
2022-08-31T22:31:53.000Z,Energy bills: Lib Dems call for £10bn in grants to help smaller firms
2022-08-31T21:58:35.000Z,Tory hopeful Liz Truss rules out new taxes if elected PM
2022-08-23T16:23:03.000Z,Scottish Power's £100bn plan to freeze energy bills for two years
2022-08-31T05:19:44.000Z,Warning over early deaths of learning disabled
2022-08-31T15:22:55.000Z,Scotland's population forecast to go into decline
2022-08-31T11:33:50.000Z,"Borders area key to finding ex-teacher's body, say Police Scotland"
2022-08-31T12:49:31.000Z,'Devastating' fire at popular Pittenweem Fish Bar in Fife
2022-08-31T16:01:24.000Z,Ryan Giggs trial: Jury discharged after failing to reach verdicts
2022-08-31T21:56:42.000Z,Drink driving: My husband of 54 years was killed by drink-driver
2022-08-31T16:31:00.000Z,Energy prices: Businesses 'struggling to survive' as bills rise
2022-08-31T21:59:05.000Z,Covid boosters: Wales' autumn rollout set to begin
2022-08-31T16:50:15.000Z,Cwmbran: Thieves steal free food from Tasty not Wasty
2022-08-31T19:21:50.000Z,Mumbles Pier: Fire at ex-Cinderella's club in Swansea
2022-08-31T14:10:56.000Z,Mumbles Pier: Smoke as building burns near Swansea coast
2022-08-31T18:26:48.000Z,"Mayhill riot: Man just dropping car off before riot, court hears"
2022-08-31T17:27:40.000Z,Plaid councillor in 'anti-English' photo surrenders gun
2022-08-31T20:02:09.000Z,Cwmbran community free food project broken into
2022-08-31T19:49:13.000Z,
