﻿2022-07-01T13:26:09.000Z,Zara Aleena: Aunt remembers her as 'supportive and fearless'
2022-07-01T16:58:57.000Z,UK and New Zealand expand working holiday visas
2022-07-02T00:23:19.000Z,Special Covid leave scrapped for NHS England staff
2022-07-01T14:02:44.000Z,Gary Butcher: Inmate booked taxi from cell night before escape
2022-07-01T15:33:30.000Z,Zara Aleena's aunt wants to speak to UK leaders
2022-07-01T18:28:41.000Z,Met officers sacked for racist Meghan WhatsApp post
2022-07-01T23:02:09.000Z,'Pavement parking frightens me'
2022-07-01T23:00:22.000Z,"Hot weather dries up swamp, uncovers ancient fort"
2022-07-01T17:20:40.000Z,Covid-19: NI self-isolation guidance reduced to five days
2022-07-01T15:45:00.000Z,North Belfast: Man speaks out after racist hate crime
2022-07-01T19:34:34.000Z,Chris Pincher suspended as Tory MP after groping allegation
2022-07-01T15:35:03.000Z,Covid in Scotland: Do I still need to test and self-isolate?
2022-07-01T17:35:29.000Z,Scottish police officers take action in pay dispute
2022-07-01T12:15:23.000Z,ScotRail reveal six-figure salaries of senior executives
2022-07-01T16:56:02.000Z,Covid in Scotland: One in 18 people had virus last week
2022-07-01T14:43:34.000Z,Ex-priest awarded damages against Church over childhood abuse
2022-07-01T22:01:14.000Z,Colin McRae: Three generations of family in track tribute
2022-07-01T16:38:19.000Z,Angry boyfriend deliberately crashes lorry into house
2022-07-01T22:01:05.000Z,'He shouldn't have to be this brave at six years old'
2022-07-01T22:09:45.000Z,Logan Mwangi murder: What should happen to children who kill?
2022-07-01T12:11:26.000Z,TikTok: Stammering star Jessie on mission of kindness
2022-07-01T14:10:24.000Z,Logan Mwangi: Teen murderer turned on boy's mum in police interview
2022-07-01T11:39:35.000Z,Kinmel Bay: Boss guilty of death of worker trapped in machinery
2022-07-01T22:10:09.000Z,E-cigarettes: Young addict fear as 17-year-old can't stop vaping
2022-07-01T15:56:17.000Z,Swansea stabbing: Teen charged with attempted robbery
2022-07-01T16:39:43.000Z,Monmouth: Poole man found unconscious in street dies
2022-07-01T20:55:32.000Z,Aberpergwm: Welsh government facing legal challenge over mine
2022-07-01T15:35:22.000Z,Logan Mwangi murder: The moments killers were arrested
2022-07-01T16:21:44.000Z,Barristers' strike delays 'racist podcast' trial
2022-07-01T22:08:20.000Z,Nash Point: Cliff helicopter rescue of family cut off by tide
