﻿2022-07-05T17:06:58.000Z,Devon family tries to get baby home after Cyprus birth
2022-07-05T18:26:59.000Z,Portsmouth Port owner wants cash for costly border check point
2022-07-05T23:37:05.000Z,Roe v Wade: How Norfolk's Sir Edward Coke was invoked in US abortion ruling
2022-07-06T00:57:09.000Z,
2022-07-06T00:23:53.000Z,Trans rescue: A future refuge for those fleeing violence
2022-07-06T00:28:52.000Z,Sidhu Moose Wala: The unsettling legacy of the rapper's protest music
2022-07-06T00:57:28.000Z,Twitter mounts legal challenge against India orders
2022-07-03T10:25:35.000Z,Sydney floods: Tens of thousands told to evacuate
2022-07-04T11:20:29.000Z,Rescuers try to save stranded cargo ship near Sydney
2022-07-05T15:43:03.000Z,Sydney floods aftermath: 'Everybody is traumatised'
2022-07-05T09:25:53.000Z,Who are 'terrorists' Turkey wants from Sweden and Finland?
2022-07-03T21:14:50.000Z,Copenhagen shooting: Panic as people flee gunfire inside shopping centre
2022-07-05T23:36:36.000Z,Ukraine war: The Russian woman rescued from a Kyiv bomb site
2022-07-05T18:10:26.000Z,Drought emergency declared in northern Italy
2022-07-05T16:22:49.000Z,Belgium reveals aid worker held for months in Iran
2022-07-05T19:47:16.000Z,Ukraine round-up: 'Massive' shelling and playing dead to survive
2022-07-06T00:57:09.000Z,Ukraine war: Market hit as Russians shell frontline city Slovyansk
2022-07-05T13:29:29.000Z,Nicaragua police order five mayors to stand down
2022-07-06T00:16:02.000Z,Arabs believe economy is weak under democracy
2022-05-25T13:17:34.000Z,America's gun culture - in seven charts
2022-07-02T23:02:14.000Z,Inside a US abortion clinic in its final days
2022-07-04T21:33:56.000Z,People flee gunman at US Independence Day event
2022-07-05T22:54:54.000Z,Chicago shooting: Parents of two-year-old boy among victims
2022-07-05T11:28:07.000Z,Brittney Griner: US basketball star held in Russia asks Biden for help
2022-07-05T23:22:08.000Z,Roe v Wade: Mississippi judge refuses to block abortion ban
2022-07-06T00:27:57.000Z,Chicago shooting: Suspect charged with murder over 4 July attack
