﻿2022-07-13T11:59:21.000Z,DJ Tim Westwood accused of sex with a 14-year-old
2022-07-12T11:36:36.000Z,Sir Mo Farah describes calling his mum after years of separation
2022-07-13T18:27:01.000Z,Extreme weather warning extended to Tuesday
2022-07-13T18:27:01.000Z,Extreme weather warning extended to Tuesday
2022-07-13T17:16:18.000Z,Rail strike: New walkout to take place on 27 July
2022-07-13T17:16:18.000Z,Rail strike: New walkout to take place on 27 July
2022-07-13T22:16:39.000Z,Online Safety Bill put on hold until new prime minister in place
2022-07-13T05:13:51.000Z,Violet sea snails spotted in Isles of Scilly
2022-07-13T08:40:09.000Z,Shark spotted in River Stour leaves woman 'amazed'
2022-07-12T23:23:37.000Z,'Flying my parrot is a reason to go out'
2022-07-13T16:37:49.000Z,Alex Belfield: Jeremy Vine tells stalking trial of 'avalanche of hatred'
2022-07-13T12:47:08.000Z,Telford child sex abuse survivor: There was a stream of men
2022-07-13T17:13:03.000Z,Doncaster Sheffield Airport's future in doubt
2022-07-13T15:41:33.000Z,"Woodmancote gun killer lied on shotgun form, inquest told"
2022-07-13T17:31:14.000Z,MoD fire on Salisbury Plain: helicopter will be used to tackle flames
2022-07-13T19:45:37.000Z,Northern Ireland Protocol: MPs reject changes to controversial bill
2022-07-13T16:05:20.000Z,Condemnation of hanging effigies of female politicians on bonfire
2022-07-13T16:39:30.000Z,Temperatures in Northern Ireland set to soar over weekend
2022-07-13T16:15:01.000Z,Who will replace Boris Johnson?
2022-07-13T23:16:45.000Z,Conservative candidates compete with campaign videos
2022-07-13T16:55:09.000Z,Tory leadership: How will the new party leader and PM be chosen?
2022-07-13T11:36:19.000Z,PMQs: Speaker orders two Alba Party MPs out of noisy Commons
2022-07-13T19:34:50.000Z,Boris Johnson: The inside story of the prime minister's downfall
2022-07-13T20:59:07.000Z,Rishi Sunak wins first round of Tory leadership vote
2022-07-13T20:59:07.000Z,Rishi Sunak wins first round of Tory leadership vote
2022-07-13T20:30:27.000Z,"Conservative leadership race: I am backing Rishi Sunak, says Jeremy Hunt"
2022-07-13T21:55:22.000Z,Should Scots be worried about future heatwaves?
2022-07-13T21:54:56.000Z,The Open: Landlords tried to push students out
2022-07-13T16:09:09.000Z,Tory leadership: Where do candidates stand on indyref2?
2022-07-13T21:59:10.000Z,Mental health: 'Being in a mother and baby unit saved my life'
2022-07-13T18:55:37.000Z,Fishing ban as low rainfall sees Wales' river levels drop
2022-07-13T15:38:44.000Z,Drunk driver blames Covid for M4 drive with missing tyres
2022-07-13T21:50:41.000Z,Energy bills: Homes could be heated by floodwater from disused mines
2022-07-13T16:43:58.000Z,Fatal house fire started by child playing with lighter - inquest
2022-07-13T17:26:34.000Z,Barry: Three bailed after imitation firearm incident
2022-07-13T18:21:48.000Z,Cardiff: Archaeological dig uncovers earliest house in city
2022-07-13T18:38:10.000Z,Welsh rivers run low as lack of rain impacts country
2022-07-13T22:05:37.000Z,Uned Gobaith: Mother and baby unit helps 'build friendships'
2022-07-13T17:52:44.000Z,Senedd: Welsh Parliament to keep remote working for politicians
2022-07-13T16:45:10.000Z,Refugees in Wales grateful but want more help for those fleeing danger
2022-07-13T09:20:16.000Z,
