﻿2022-07-10T06:06:35.000Z,England's Big Picture: 4 July - 10 July 2022
2022-07-10T14:42:59.000Z,New minister Lia Nici repeats Angela Rayner legs slur
2022-07-09T00:21:49.000Z,Aardman helps open doors for student with animation
2022-07-10T12:49:03.000Z,Bristol Pride Day celebrations take place across the city
2022-07-08T23:02:31.000Z,The care leaver who made a number one album
2022-07-09T00:25:48.000Z,Portland Tiara theft: Plastic bag 'blew case open'
2022-07-10T00:00:31.000Z,Nottingham maternity crisis: Are voices finally being heard?
2022-07-10T13:05:50.000Z,Chris Pincher: Claim Tories tried to silence accuser 'categorically untrue'
2022-07-10T14:08:31.000Z,Latest Northern Ireland weather forecast
2022-07-10T06:03:38.000Z,The red diesel headache for pleasure boat operators
2022-07-10T22:07:46.000Z,Larne bonfire: Man dies after falling from a height
2022-07-10T16:04:08.000Z,Belfast: Man suffers facial injuries after Castle Street assault
2022-07-08T13:56:07.000Z,Who will replace Boris Johnson?
2022-07-10T06:43:54.000Z,Boris Johnson resignation: What happens now?
2022-07-08T21:21:03.000Z,Political landscape being re-shaped before our eyes
2022-07-09T15:13:54.000Z,Andrea Jenkyns: Minister says she raised her middle finger because of a 'baying mob'
2022-07-10T09:38:30.000Z,Javid says he gave Johnson the benefit of doubt
2022-07-10T12:05:49.000Z,Boris Johnson resignation: Sajid Javid says prayer meeting moved him to quit
2022-07-10T21:42:15.000Z,Foreign Secretary Liz Truss joins Tory leadership race
2022-07-10T08:59:00.000Z,Scotland's papers: PM candidates in tax row and 'TRNSMELT'
2022-07-10T14:42:31.000Z,In Pictures: TRNSMT's Sunday scorcher
2022-07-10T13:16:13.000Z,No indyref2 for a decade say Tory leader hopefuls
2022-07-10T21:01:31.000Z,Space: First Welsh satellite set to be launched later in 2022
2022-07-10T05:59:30.000Z,Pride in Wales: Rural towns to hold events for first time
2022-07-10T20:59:57.000Z,Social media firms 'must raise protection against harm'
2022-07-08T17:34:52.000Z,Sailor spots 12ft shark lurking in sea off Tenby
2022-07-10T05:59:53.000Z,Boris Johnson: Why Monmouthshire turned against PM
2022-07-10T12:18:28.000Z,Cardiff Castle: Refund criticism as Rag 'n' Bone Man cancels
2022-07-09T20:57:22.000Z,Pride comes to rural mid Wales towns for first time
2022-07-09T16:24:19.000Z,Swansea: Person flown to hospital after Fabian Way crash
2022-07-10T10:01:48.000Z,"Swansea: Two arrests after Fabian Way cyclist, 16, injured"
2022-07-10T16:12:57.000Z,"Boris Johnson: Ethics an issue under PM, says Welsh secretary"
2022-07-10T15:46:57.000Z,Richard Burton's overgrown grave in Switzerland restored
2022-07-10T20:59:53.000Z,"Social media is pretty dangerous, teenagers say"
2022-07-10T14:50:45.000Z,
2022-07-07T10:19:55.000Z,Boris Johnson: Moments from his leadership
