﻿2022-07-26T22:36:23.000Z,Euro 2022: Is women's football coming home?
2022-07-27T17:24:16.000Z,Euro 2022: Lionesses' success shows how far game has come
2022-07-28T17:22:39.000Z,Nicky Campbell: Abuse would have crushed my parents
2022-07-28T10:31:36.000Z,Watch: The first televised court sentencing takes place at the Old Bailey
2022-07-28T10:25:15.000Z,Tears in the studio as Vanessa Feltz announces radio departure
2022-07-28T18:27:43.000Z,NHS to close Tavistock child gender identity clinic
2022-07-28T15:00:46.000Z,"Leiland-James Corkill: Killer lied to social workers, report finds"
2022-07-28T18:50:28.000Z,Archie Battersbee: Supreme Court will not intervene in life-support case
2022-07-28T21:25:24.000Z,"Girl, 9, dies after suspected stabbing in Boston town centre"
2022-07-28T15:55:01.000Z,Paddington station: Inquiry after wheelie bin falls and blocks rails
2022-07-28T15:18:22.000Z,Wayne Couzens: PC 'shared rape fantasy' with Sarah Everard killer
2022-07-28T17:43:16.000Z,Mother left heartbroken after Cotswold Water Park death
2022-07-28T19:50:21.000Z,Victor Hamilton: Arrest made after body found in driveway of house
2022-07-28T14:28:21.000Z,Lyra McKee: Man who stored gun denied bail
2022-07-28T08:01:45.000Z,Why Nadine Dorries called out Rishi Sunak's suit
2022-07-28T21:40:22.000Z,What is happening with Scotland’s weather?
2022-07-28T14:13:14.000Z,I never enjoyed taking drugs - it was self harm
2022-07-28T15:36:01.000Z,Infected blood scandal: Malcolm Chisholm told to 'tough it out'
2022-07-28T21:02:38.000Z,The designer behind Team Scotland's kilts
2022-07-28T17:10:57.000Z,'Drugs broke me as a person' - Chris Middlemass
2022-07-28T21:40:06.000Z,Harry Potter café left in limbo after fire damage
2022-07-28T16:10:35.000Z,Scotland's record temperature of 34.8C at Charterhall confirmed
2022-07-28T17:56:03.000Z,Cardiff dad and son's funeral held after Bangladesh 'poisoning'
2022-07-28T22:04:55.000Z,Painkillers: 'Buying on web fuelled ruinous addiction'
2022-07-28T14:51:47.000Z,Caerphilly: Tributes to grandmother and granddaughter killed in crash
2022-07-28T22:04:51.000Z,Painkillers: Woman describes internet-fuelled drug addiction
2022-07-28T22:05:02.000Z,Heart health: Cure hope for inherited condition HCM
2022-07-28T15:41:07.000Z,Trees: Eight poisonings spark Baglan police investigation
2022-07-28T20:50:03.000Z,Slavery: Three on trial accused of enslaving Latvian man
2022-07-28T19:22:38.000Z,
2022-07-28T10:59:34.000Z,Neighbours finale: 'Goodbye to a character I've grown up with'
