﻿2022-08-06T07:58:15.000Z,Ukraine war: Wembley exhibition shows 'beauty' of country
2022-08-06T21:03:58.000Z,"Bangladesh: Samira Islam, 20, third family member to die"
2022-08-06T21:10:09.000Z,Macro photography: The hidden world of garden insects
2022-08-05T18:49:21.000Z,
2022-08-05T23:48:40.000Z,Kenya’s election wrestling match: Dynasties v Hustlers
2022-08-02T07:53:48.000Z,What's behind China-Taiwan tensions?
2022-08-05T23:34:57.000Z,Partition: My journey to the ‘place no-one spoke of’
2022-08-05T13:40:59.000Z,China and Taiwan: A really simple guide
2022-08-06T21:24:35.000Z,Taiwan: US hits out at 'irresponsible' China amid attack rehearsal claims
2022-08-05T23:42:44.000Z,Raksha Bandhan to Laal Singh Chaddha: 'Struggling' Bollywood's online hate problem
2022-08-05T08:21:05.000Z,Watch: The Japanese road washed away in a flood
2022-08-06T09:40:37.000Z,Judith Durham: Former Seekers lead singer dies aged 79
2022-08-05T23:01:13.000Z,Mariupolchanka FC: The women's football team under siege in Ukraine
2022-08-06T19:59:40.000Z,Dillon Quirke: Tipperary hurler dies after collapsing mid-game
2022-08-06T18:24:51.000Z,Croatia bus crash: Twelve Polish pilgrims killed and 32 injured
2022-08-06T16:51:36.000Z,Zaporizhzhia: Real risk of nuclear disaster in Ukraine - watchdog
2022-08-06T17:50:26.000Z,Lightning strike causes major fire at Cuban fuel depot
2022-08-05T16:24:18.000Z,Gaza: Emergency services arrive at flats hit by strike
2022-08-06T04:29:27.000Z,Gaza: Dozens of rockets fired into Israel from Gaza Strip
2022-08-06T21:23:51.000Z,Israel-Gaza: Death toll rises as Israel targets militants
2022-08-06T17:16:23.000Z,Hockey Canada: A sex assault scandal disgraces country’s pastime
2022-08-04T18:58:14.000Z,Where does Taiwan crisis leave Biden's China policy?
2022-08-05T15:45:42.000Z,"Obituary: Gary Schroen, the CIA spy sent to get Osama Bin Laden"
2022-08-06T01:09:29.000Z,Three dead after lightning strike near White House
2022-08-05T11:15:36.000Z,Watch: Waterspout caught on camera in US
2022-08-06T17:30:21.000Z,Island trip lays bare US-China tussle in the Pacific
2022-08-06T00:17:49.000Z,Pentagon denies plea to help with migrant buses to Washington
2022-08-06T01:41:00.000Z,Alex Jones must pay $49.3m for Sandy Hook hoax claim
2022-08-06T03:07:23.000Z,'I couldn't get in there to save them' - Firefighter loses family
2022-08-06T03:07:42.000Z,US fireman finds 10 dead in house blaze are his family
2022-08-06T18:01:06.000Z,Biden tests negative for Covid after 'rebound' case - doctor
2022-08-06T15:56:02.000Z,John Legend on abortion rights: 'Government should not be involved'
