﻿2022-07-14T23:08:07.000Z,Where is this weather coming from?
2022-07-19T00:06:29.000Z,Why did MI5 name Christine Lee as an 'agent of influence'?
2022-07-18T18:52:50.000Z,Prince Harry warns UN of global assault on freedom
2022-07-18T14:22:35.000Z,
2022-07-18T23:22:12.000Z,Zimbabwe food crisis: Replacing maize with sorghum and millet
2022-07-15T14:18:55.000Z,Morocco wildfires: Toxic smoke and raging blazes
2022-07-18T15:33:02.000Z,Ghana confirms first cases of deadly Marburg virus
2022-07-18T17:15:37.000Z,Somalia plane crash: Firefighters tackle blaze by flipped-over plane
2022-07-18T13:58:36.000Z,Pakistan: Former PM Imran Khan stuns rivals with Punjab by-election upset
2022-07-19T00:22:05.000Z,Maruti Suzuki: Why India's top carmaker is resisting more air bags
2022-07-18T07:33:36.000Z,US woman arrested for faking her kidnapping in India
2022-07-18T17:32:45.000Z,Heatwave engulfs much of Europe as wildfires rage
2022-07-18T19:25:45.000Z,Ukraine round-up: Treason claims and Russians regroup
2022-07-18T14:13:19.000Z,Heatwave: Wildfires spread across Europe
2022-07-18T15:44:11.000Z,Spain heatwave: Passengers alarmed as train surrounded by flames
2022-07-18T21:17:52.000Z,Heatwave: Ferocious European heat heads north
2022-07-18T22:38:12.000Z,Russia's independent TV Rain channel back on air from abroad
2022-07-18T22:47:50.000Z,Spain heatwave: Man narrowly escapes wildfire
2022-07-17T23:04:21.000Z,Alaa Abdel Fattah: 'My brother's certain he won't come out of Egypt prison alive'
2022-07-15T11:29:44.000Z,Palestinian people deserve a state of their own - Biden
2022-07-18T23:19:57.000Z,The country where having a pet could soon land you in jail
2022-07-18T20:22:08.000Z,Isfahan's Shah Mosque: iconic Iranian site damaged in restoration
2022-07-19T00:00:56.000Z,Will the Parkland gunman get the death penalty?
2022-07-18T22:57:08.000Z,Texas shooting: Uvalde report finds 'systemic failures' by authorities
2022-07-17T23:09:04.000Z,Texas shooting: Speak to us! Cowards! - Families yell over report
2022-07-18T23:27:51.000Z,Timed Teaser: What's Bennifer's married name?
2022-07-18T20:25:43.000Z,Parkland school shooting: Gunman faces death penalty as trial opens
2022-07-18T17:41:09.000Z,US Capitol riot: Steve Bannon goes on trial for contempt of Congress
