﻿2022-07-21T21:55:59.000Z,Cost of Living: Student nurse down to her last pound
2022-07-21T22:02:55.000Z,
2022-07-21T23:07:27.000Z,‘I can’t forget her'- Myanmar’s soldiers admit atrocities
2022-07-21T23:04:54.000Z,Sri Lanka: Forces raid anti-government protest camp
2022-07-21T23:24:13.000Z,Ukraine war: Family given sight back settle into Polish life
2022-07-21T05:09:51.000Z,The bottlenecks on alternative routes to export Ukrainian grain
2022-07-20T23:18:29.000Z,Germany scrambles for energy with no faith in Russian gas
2022-07-21T07:59:50.000Z,Ukraine war has made my son want to be a soldier - Zelenska
2022-07-21T16:23:08.000Z,Nord Stream: Key Russian pipeline resumes pumping gas to Europe
2022-07-21T16:23:08.000Z,Nord Stream: Key Russian pipeline resumes pumping gas to Europe
2022-07-21T18:17:29.000Z,Italian PM Mario Draghi resigns after week of turmoil
2022-07-21T18:35:37.000Z,What next for Italy after fall of Draghi?
2022-07-21T17:52:27.000Z,Russia moves to shut Jewish Agency in Ukraine rift
2022-07-21T22:02:55.000Z,"Food crisis: Ukraine grain export deal reached with Russia, says Turkey"
2022-07-21T19:09:54.000Z,Ukraine round-up: Putin 'too healthy' and Russian gas supply resumes
2022-07-21T17:37:53.000Z,Russia about to run out of steam in Ukraine - MI6 chief
2022-07-21T16:47:27.000Z,Payments for IOM hosts of Ukrainian families approved
2022-07-20T23:22:14.000Z,"Pesticide made us sterile, banana workers say"
2022-07-21T12:28:22.000Z,Mexican woman who had reported threats dies after being set on fire
2022-07-21T19:00:46.000Z,Capitol riot: Hearing to focus on Trump's response on 6 January
2022-07-21T21:25:15.000Z,US President Joe Biden 'doing great' after testing positive for Covid
2022-07-21T21:47:11.000Z,Polio: New York reports first US case in nearly a decade
