﻿2022-07-24T23:14:47.000Z,Afghan trans woman finds new home in Brighton
2022-07-25T16:39:12.000Z,London narrowly avoided post-heatwave blackout
2022-07-25T20:29:43.000Z,Portugal stag holiday stabbing victim in induced coma
2022-07-25T20:25:00.000Z,Portugal stag do stabbing: Joel Collins' mum 'won't leave' bedside
2022-07-25T21:18:48.000Z,
2022-07-25T14:46:49.000Z,Ukraine conflict: How are drones being used?
2022-07-25T06:47:16.000Z,Tunisia vote marks a death of a dream for some Arab Spring protesters
2022-07-25T22:28:44.000Z,Tunisia referendum: Turnout low in vote on increasing president's powers
2022-07-25T19:36:37.000Z,Zimbabwe launches gold coins to tackle soaring inflation
2022-07-25T11:11:17.000Z,Myanmar's executed activists: Phyo Zeya Thaw and Ko Jimmy
2022-07-25T16:07:58.000Z,Myanmar: Military executes four democracy activists including ex-MP
2022-07-25T13:08:21.000Z,Japan's police to take measures after wild monkey rampages
2022-07-24T13:37:54.000Z,China launches second module for its space station Heavenly Palace
2022-07-24T23:34:14.000Z,Thai cave rescue: Meeting saved footballers four years later
2022-07-20T23:18:29.000Z,Germany scrambles for energy with no faith in Russian gas
2022-07-23T15:15:54.000Z,Ukraine war: Key Ukrainian port hit by explosions after grain deal
2022-07-25T14:57:58.000Z,Czech police add Ferrari taken from criminals to fleet
2022-07-25T18:36:48.000Z,Ukraine war round-up: UK to host Eurovision as Moscow cuts gas exports
2022-07-25T16:13:57.000Z,Ukraine war: Grain exports could restart 'within days'
2022-07-23T23:16:09.000Z,"'I'd Defend Myself, Too': Chileans back abuse survivors"
2022-07-25T12:25:35.000Z,Diana Kennedy: Doyenne of Mexican cuisine dies aged 99
2022-07-25T14:22:22.000Z,Could US abortion receive a longer sentence than rape?
2022-07-25T22:45:13.000Z,Pope Francis: Pontiff says he is 'deeply sorry' to Canadian residential school survivors
2022-07-25T20:45:12.000Z,Langley shootings: Police confirm three deaths in British Columbia
2022-07-25T20:01:11.000Z,Paul Sorvino: 'Goodfellas' actor dies at 83
2022-07-25T22:48:40.000Z,Pope Francis apologises to indigenous people of Canada
2022-07-25T22:51:36.000Z,Locals evacuate California's largest wildfire in 2022
