﻿2021-02-26T13:10:59.000Z,"Shamima Begum cannot return to UK, Supreme Court rules"
2022-08-28T15:31:11.000Z,Notting Hill Carnival returns: 'Everything about it is beautiful'
2022-08-30T14:16:54.000Z,Melisa Raouf: Going make-up free in the Miss England final
2022-08-30T19:21:44.000Z,Notting Hill Carnival: Rapper Takayo Nembhard stabbed to death
2022-08-30T20:45:33.000Z,Shamima Begum: Spy for Canada smuggled schoolgirl to Syria
2022-08-30T23:35:11.000Z,Dad tells of teen daughter's long wait for rape trial
2022-08-30T22:20:07.000Z,When Mikhail Gorbachev visited Margaret Thatcher in Downing Street
2022-08-30T23:02:29.000Z,Rent cap: Consultation for social housing in England launched
2022-08-28T23:21:26.000Z,The female stonemason saving a little piece of history
2022-08-30T12:50:25.000Z,Plymouth's kelp forest to be dedicated to the Queen
2022-08-30T16:04:38.000Z,Channel migrants: Home Office pays firms to pick up people in small boats
2022-08-30T17:13:16.000Z,New £3.6bn London transport funding deal agreed
2022-08-30T17:33:11.000Z,"Olivia Pratt-Korbel: PC scooped up girl and ran, inquest told"
2022-08-30T17:09:07.000Z,Oxford to launch ANPR traffic filter plan consultation
2022-08-30T20:55:44.000Z,Latest Northern Ireland weather forecast
2022-08-27T23:04:31.000Z,Community transport: ‘It was a reason to get up in the morning’
2022-08-30T18:00:11.000Z,Enagh Lough: Two teenage boys drown after getting into difficulty
2022-08-30T23:04:01.000Z,"Doctors considering quitting health service over pay, says BMA"
2022-08-30T23:03:50.000Z,Prostate cancer: Pioneering research at Queen's University Belfast
2022-08-30T19:20:14.000Z,Dromore: Man charged after officer headbutted in attack
2022-08-30T13:00:09.000Z,Boris Johnson refuses to rule out political comeback
2022-08-30T23:01:16.000Z,Meet Conservative members choosing the next PM
2022-08-30T16:28:16.000Z,Recorded crime across Scotland falls after drop in Covid offences
2022-08-30T21:48:44.000Z,Warning over early deaths of learning disabled
2022-08-30T18:42:33.000Z,Scottish government 'cannot offer' more money to end pay dispute
2022-08-30T17:20:40.000Z,Edinburgh bin workers clear up after 12-day strike
2022-08-30T17:40:03.000Z,Edinburgh International Book Festival reports strong ticket sales
2022-08-30T21:51:34.000Z,Grieving father's anger at care of son assessed as 'low risk'
2022-08-30T18:19:32.000Z,Scottish Conservative councillor charged over romance fraud
2022-08-30T21:49:59.000Z,Cost of living: Charity urges more help over school uniforms
2022-08-30T21:43:16.000Z,Energy prices: Businesses pressures unbearable - Vaughan Gething
2022-08-30T16:57:03.000Z,Cadw: Wales heritage festival launched with special access locations
2022-08-30T20:37:06.000Z,Llanbradach: Council say digging halted at bluebell wood after talks
2022-08-30T17:39:10.000Z,
