﻿2022-07-07T00:07:56.000Z,Ukraine war: Is the tank is doomed for scrap?
2022-07-06T16:41:53.000Z,"No diplomatic immunity in modern slavery cases, Supreme Court rules"
2022-07-06T17:06:50.000Z,Thai cave rescue divers get honorary degrees in Bristol
2022-07-06T16:42:00.000Z,Norwich couple's bid to get premature baby home after Turkey birth
2022-07-06T18:05:22.000Z,Boris Johnson met Russian oligarch Lebedev without aides
2022-07-07T00:26:53.000Z,
2022-07-07T01:01:27.000Z,South Africa electricity crisis: No power for up to six hours
2022-07-06T15:37:00.000Z,South Africa's Enyobeni Tavern deaths: Tears for teenagers at mass funeral
2022-07-06T20:37:42.000Z,Nigeria Kuje prison break: More than 400 missing from Abuja jail
2022-07-06T09:12:00.000Z,China suspends officials for 'ignoring' alleged baby abduction
2022-07-06T16:02:25.000Z,China: MI5 and FBI heads warn of ‘immense’ threat
2022-07-07T01:04:10.000Z,In photos: The bleak lives of Assam flood survivors
2022-07-04T11:20:29.000Z,Rescuers try to save stranded cargo ship near Sydney
2022-07-03T21:14:50.000Z,Copenhagen shooting: Panic as people flee gunfire inside shopping centre
2022-07-05T23:36:36.000Z,Ukraine war: The Russian woman rescued from a Kyiv bomb site
2022-07-06T10:05:48.000Z,Rocco Morabito: Fugitive mobster handed over to Italy
2022-07-06T18:03:50.000Z,Ukraine war: Irish PM visits areas of war-torn Kyiv
2022-07-06T20:57:07.000Z,Ukraine round-up: Evacuation under fire and new oil tensions
2022-07-06T20:55:15.000Z,Revelry and protests as Spanish bull festival returns
2022-07-07T00:26:53.000Z,"Ukraine war: 21,000 alleged war crimes being investigated, prosecutor says"
2022-07-07T02:06:03.000Z,Lithuania donates crowdfunded drone to Ukraine
2022-07-07T01:56:09.000Z,Argentine ex-army officers jailed over 'Dirty War' crimes against humanity
2022-07-07T00:59:09.000Z,How TikTok is fuelling dreams of wealth in the Arab world
2022-05-25T13:17:34.000Z,America's gun culture - in seven charts
2022-07-04T21:33:56.000Z,People flee gunman at US Independence Day event
2022-07-06T08:53:06.000Z,Chicago shooting: Parents of two-year-old boy among victims
2022-07-06T01:40:26.000Z,How a Fourth of July parade turned into a massacre
2022-07-06T22:00:39.000Z,Highland Park shooting suspect considered second attack
2022-07-06T19:36:17.000Z,Rapper Nipsey Hussle's killer convicted of murder
2022-07-07T00:08:12.000Z,Jerry Harris: Star of Netflix's Cheer sentenced to 12 years
