﻿2022-09-05T20:56:56.000Z,Meghan shares her self-doubt with young audience
2022-09-05T21:29:16.000Z,Meghan: It is very nice to back in the UK
2022-09-05T13:23:25.000Z,Laughing gas: 'A 20-second high is not worth losing your life over'
2022-09-05T17:15:23.000Z,Devon and Cornwall Sea bathers warned of pollution after heavy rain
2022-09-04T23:06:40.000Z,'Why I made a film about my addiction'
2022-09-05T20:59:45.000Z,Loughborough: Hundred tonnes of straw burn in fire at farm
2022-09-05T20:37:44.000Z,"Shae Gordon: Boy, 17, stabbed to death in east London named"
2022-09-05T15:21:18.000Z,"Benjamin Mendy: Woman woke up with footballer raping her, court told"
2022-09-05T20:41:16.000Z,Olivia Pratt-Korbel: Police in fresh vow to identify girl's killer
2022-09-05T15:04:12.000Z,Emily Maitlis stalker jailed again for writing more letters
2022-09-05T12:18:37.000Z,Housing Executive workers begin strike over pay
2022-09-05T15:50:33.000Z,Liz Truss: New PM's past and future dealings with Northern Ireland
2022-09-05T16:55:59.000Z,Liz Truss's Brexit credentials yet to be fully tested
2022-09-05T16:39:17.000Z,Liz Truss: NI leaders react to new Conservative leader
2022-09-05T21:21:38.000Z,Dublin: Andy Cash charged with murdering his three siblings
2022-09-05T11:56:22.000Z,Moment Liz Truss announced as new Tory leader
2022-09-05T21:37:40.000Z,Liz Truss vows energy crisis action ahead of first day as PM
2022-09-05T21:37:40.000Z,Liz Truss vows energy crisis action ahead of first day as PM
2022-09-05T21:38:12.000Z,Liz Truss: What sort of prime minister will she be?
2022-09-05T16:00:42.000Z,Rishi Sunak plans to stay on as MP and says he will stand again
2022-09-05T22:03:21.000Z,Priti Patel and Nadine Dorries to step down ahead of new PM
2022-09-05T14:39:48.000Z,Truss campaign has shown she's out of touch - Starmer
2022-09-05T21:56:53.000Z,In Pictures: The 15 prime ministers appointed by the Queen
2022-09-05T15:53:59.000Z,Nicola Sturgeon tells Liz Truss to act now on energy crisis
2022-09-05T16:38:35.000Z,'I'm looking forward to working with Liz Truss' - Douglas Ross
2022-09-05T12:14:58.000Z,Energy bills: Fears power cuts will switch off nebuliser
2022-09-05T22:00:13.000Z,Restaurant floods as heavy rain and thunder hits Wales
2022-09-05T12:38:47.000Z,Pontypridd: Carrie McGuinness denies killing Steven Davies
2022-09-05T19:36:56.000Z,Welsh charity cyclists in Spain get £7k bike customs charge
2022-09-05T22:01:15.000Z,"Barrister strike: Criminal law is not dying, it's dead, says barrister"
2022-09-05T16:59:36.000Z,Cardiff: Worker with life-threatening injuries in hospital
2022-09-05T19:56:00.000Z,Cardiff restaurant floods as heavy rain hits Wales
2022-09-05T18:23:05.000Z,Liz Truss must tackle inflation 'felt across Wales' - Mark Drakeford
2022-09-05T18:23:34.000Z,Liz Truss: Mark Drakeford urges incoming PM to save millions from hardship
2022-09-05T22:01:05.000Z,Liz Truss: Energy crisis 'number one priority' says Andrew RT Davies
2022-09-05T20:28:32.000Z,
