﻿2022-08-12T16:27:59.000Z,Afghanistan: How many people has the UK resettled?
2022-08-12T18:04:50.000Z,Birmingham leaders hope for Commonwealth boost to Eurovision bid
2022-08-12T21:43:17.000Z,World Cup: Fan zone goal in sight as hundreds sign petition
2022-08-12T16:11:19.000Z,
2022-08-10T17:38:57.000Z,French freediver breaks deep dive world record
2022-08-12T10:19:52.000Z,Bear cub high on hallucinogenic 'mad honey' rescued by park rangers
2022-08-12T18:08:43.000Z,Kenya elections 2022: Live result updates
2022-08-12T16:13:59.000Z,Zimbabwe hails gold coin success and wants to issue more
2022-08-12T18:47:38.000Z,Sierra Leone: Protests was 'terrorism at the highest' says President Maada Bio
2022-08-12T23:02:36.000Z,The Afghan cyclists who fled to pursue their Olympic dreams
2022-08-11T23:42:27.000Z,Cantopop: Why Hong Kong is seeking solace in local music
2022-08-12T07:48:37.000Z,Who is Sir Ganga Ram and why his legacy lives on in India and Pakistan?
2022-08-11T23:38:30.000Z,Malta: The only EU country where abortion is illegal leaves women scared
2022-08-11T13:51:51.000Z,Megafire rips through swathes of land near Bordeaux
2022-08-12T16:10:30.000Z,Puck Fair: Wild goat removed from festival 'throne' amid Irish heat alert
2022-08-12T18:34:45.000Z,Ukraine war: Crimea blasts significantly hit Russian navy - UK
2022-08-12T14:51:58.000Z,Suspected bank robber rescued from tunnel near Vatican
2022-08-12T12:06:58.000Z,"Freya the walrus could be put down unless public back off, Norway warns"
2022-08-12T15:03:54.000Z,Drought hits Germany's Rhine River: 'We have 30cm of water left'
2022-08-12T16:11:19.000Z,Ukraine war: Predicting Russia's next step in Ukraine
2022-08-12T19:23:36.000Z,"Ukraine war: Moscow's next step, nuclear plant warning and clean-up raves"
2022-08-12T20:22:13.000Z,Montenegro: Gunman kills 10 after family dispute
2022-08-12T17:33:46.000Z,Ukraine plant shelling could be 'much worse than Chernobyl'
2022-08-12T16:34:26.000Z,Who are the Taliban?
2022-08-11T17:06:15.000Z,The 'traumatic experience' of US monkeypox patients
2022-08-10T13:33:41.000Z,Thousands of beagles saved from drug trials in US
2022-08-12T02:29:34.000Z,Lee Jae-yong: Why South Korea just pardoned the Samsung 'prince'
2022-08-11T08:58:05.000Z,Firenado rages in California
2022-08-12T20:40:31.000Z,Salman Rushdie: Author in surgery after being stabbed on stage
2022-08-12T15:57:00.000Z,Video from the scene where Salman Rushdie was attacked on stage
2022-08-12T22:32:27.000Z,Trump search warrant: FBI took top secret documents from Mar-a-Lago
