﻿2022-06-16T09:24:03.000Z,How hot is it where you are?
2022-07-18T20:47:18.000Z,‘It’s like an oven’: Life in Britain’s hottest neighbourhoods
2022-07-19T00:06:29.000Z,Why did MI5 name Christine Lee as an 'agent of influence'?
2022-07-15T22:53:07.000Z,The next PM: The first debate in 90 seconds
2022-07-16T16:32:56.000Z,UK heatwave: Health secretary sets out steps for public to cope with heatwave
2022-07-18T20:35:35.000Z,UK heatwave: Temperature tops 38C and likely to rise on Tuesday
2022-07-18T20:35:35.000Z,UK heatwave: Temperature tops 38C and likely to rise on Tuesday
2022-07-18T23:43:40.000Z,Wedding laws need biggest shake-up since 19th century - report
2022-07-18T18:52:50.000Z,Prince Harry warns UN of global assault on freedom
2022-07-18T23:56:00.000Z,Ros Atkins on… Why this heatwave isn’t like 1976
2022-07-18T20:51:37.000Z,England's Big Picture: 18 July - 24 July 2022
2022-07-18T19:40:14.000Z,West employers change plans with some halting work in heat
2022-07-16T23:01:47.000Z,TikTok Trucker Tim inspiring new lorry drivers
2022-07-18T16:24:11.000Z,Fares Maatou death: Two teenagers guilty of murdering boy with sword
2022-07-18T20:35:30.000Z,Richmond: Missing teenager presumed drowned in the Thames
2022-07-18T21:03:23.000Z,Middlewich fire: Blaze breaks out at chemicals factory
2022-07-18T22:05:30.000Z,Heatwave: Northern Ireland records hottest day of the year
2022-07-18T21:01:43.000Z,Portrush: Man arrested in murder investigation
2022-07-18T19:20:11.000Z,Who will replace Boris Johnson?
2022-07-18T19:18:56.000Z,Penny Mordaunt: Brexiteer and grassroots favourite
2022-07-17T20:43:34.000Z,Conservative Party leadership: The candidates step up their attacks
2022-07-18T23:47:16.000Z,Public sector pay: Millions of workers await deal decision
2022-07-18T21:14:00.000Z,"Rishi Sunak tops Tory leadership poll, as Tom Tugendhat out of race"
2022-07-18T19:04:29.000Z,Temperature passes 30C in parts of Scotland
2022-07-18T21:43:20.000Z,Scotland could see hottest day on record
2022-07-18T21:43:28.000Z,T in the Park: The rise and fall of Scotland's biggest music festival
2022-07-18T22:04:45.000Z,Cost of living: Will this mean more home grown fruit and veg?
2022-07-18T19:18:29.000Z,Bin strike: GMB union to meet RCT leader for talks
2022-07-18T19:58:31.000Z,Ceredigion eisteddfod: Free tickets taken by 'common greed'
2022-07-18T22:03:23.000Z,Cost of living: Gardener grows enough veg to feed family
2022-07-18T19:49:25.000Z,Plaid Cymru readmits assault caution MP Jonathan Edwards
2022-07-18T14:22:35.000Z,
