﻿2022-07-09T23:56:28.000Z,RAF fighter jets deploy to Sweden and Finland training exercises
2022-07-09T06:17:53.000Z,England's Big Picture: 4 July - 10 July 2022
2022-07-09T15:45:50.000Z,Met Police special constable charged with rape in Shropshire
2022-07-09T18:33:30.000Z,Dea-John Reid killing: Campaigners rally after boy stabbed
2022-07-07T23:01:17.000Z,Bristol longboarding group 'a blessing' during lockdown
2022-07-09T00:21:49.000Z,Aardman helps open doors for student with animation
2022-07-08T23:02:31.000Z,The care leaver who made a number one album
2022-07-09T18:08:53.000Z,Rory Stewart: Former MP appeals for help to find lost wedding ring
2022-07-09T00:25:48.000Z,Portland Tiara theft: Plastic bag 'blew case open'
2022-07-10T00:00:31.000Z,Nottingham maternity crisis: Are voices finally being heard?
2022-07-09T13:10:56.000Z,Collin Reeves: Sentence review for ex-soldier who murdered couple
2022-07-09T12:16:52.000Z,Father Dermott Donnelly: Ant McPartlin pays tribute to co-host's brother
2022-07-09T12:07:47.000Z,Latest Northern Ireland weather forecast
2022-07-08T17:21:22.000Z,Avian flu confirmed in dead birds found on Rathlin Island
2022-07-09T06:05:16.000Z,Irish Travellers: Apologises over wrong data in education report
2022-07-09T13:04:52.000Z,Eid al-Adha: Muslims across Ireland take part in celebration
2022-07-08T13:56:07.000Z,Who will replace Boris Johnson?
2022-07-09T14:24:57.000Z,Boris Johnson resignation: What happens now?
2022-07-08T21:21:03.000Z,Political landscape being re-shaped before our eyes
2022-07-09T15:13:54.000Z,Andrea Jenkyns: Minister says she raised her middle finger because of a 'baying mob'
2022-07-09T21:41:37.000Z,Sajid Javid and Jeremy Hunt join Conservative Party leadership race
2022-07-09T09:03:07.000Z,Scotland's papers: Tory leadership scramble and surgery death probes
2022-07-08T21:43:15.000Z,Paolo Nutini closes the show on first day of TRNSMT
2022-07-09T18:05:38.000Z,In Pictures: TRNSMT enjoys sunshine Saturday
2022-07-09T17:26:21.000Z,Dalmarnock Tesco superstore evacuated after woman stabbed
2022-07-09T12:19:59.000Z,Unconscious rower rescued from ocean boat in Dunbar
2022-07-09T06:02:55.000Z,Water pollution: Affordable housing hit by phosphate targets
2022-07-09T06:00:06.000Z,Bowel cancer: Call to lower screening age in Wales sooner
2022-07-09T09:24:00.000Z,UK Museum of the Year: Ty Pawb Wrexham 'unusual' entry
2022-07-09T20:57:33.000Z,Pride in Wales: Rural towns to hold events for first time
2022-07-08T17:35:46.000Z,Tenby: Huge shark gives sailor surprise on dinghy trip
2022-07-08T18:13:12.000Z,Cwm Taf Morgannwg fined £850k after Maesteg patient death
2022-07-08T17:34:52.000Z,Sailor spots 12ft shark lurking in sea off Tenby
2022-07-09T20:57:46.000Z,Boris Johnson: Why Monmouthshire turned against PM
2022-07-09T11:22:26.000Z,"Second homes: Council tax premium working, says Gwynedd"
2022-07-09T20:57:22.000Z,Pride comes to rural mid Wales towns for first time
2022-07-09T16:24:19.000Z,Swansea: Person flown to hospital after Fabian Way crash
2022-07-09T14:12:52.000Z,
2022-07-07T10:19:55.000Z,Boris Johnson: Moments from his leadership
2022-07-07T20:26:17.000Z,Boris Johnson: European Union reacts as UK PM resigns
