﻿2022-07-14T23:08:07.000Z,Why is it so hot (in under 60 seconds)?
2022-07-14T15:46:06.000Z,Dubai prisoner: Wife pleads for help to get husband home
2022-07-14T21:34:05.000Z,
2022-07-14T16:43:00.000Z,Sri Lanka: Why is the country in an economic crisis?
2022-07-14T23:59:36.000Z,Satellites give clues about the coming global harvest
2022-07-14T07:58:00.000Z,New exhibition explores African fantasy and race through art
2022-07-14T23:27:23.000Z,Africa's week in pictures: 8-14 July 2022
2022-07-15T01:06:42.000Z,She treated Myanmar's resistance and paid with her life
2022-07-13T07:44:09.000Z,Sri Lanka: Police fire tear gas as protesters storm PM's office in Colombo
2022-07-13T10:14:05.000Z,Sri Lanka: Inside the prime minister's office stormed by protesters
2022-07-13T19:39:15.000Z,Sri Lanka: Four key moments from storming of PM's office
2022-07-14T17:30:19.000Z,Sri Lanka: Gotabaya Rajapaksa resigns after fleeing Sri Lanka
2022-07-14T16:44:25.000Z,Sri Lanka: Central banker warns country faces shutdown without stable government
2022-07-15T01:21:40.000Z,B K Syngal: The man who brought the internet to India
2021-02-12T19:45:49.000Z,Draghi: Call of duty for Italy's 'Super Mario'
2022-07-14T23:17:02.000Z,'They started hunting for me': Ukraine politicians face torture in Russian detention
2022-07-13T20:14:33.000Z,"'We hope for the best, son' - War nears Ukraine maternity ward"
2022-07-14T16:31:46.000Z,Italian PM Draghi's government in crisis over confidence vote
2022-07-14T13:59:08.000Z,Europe wildfires: Heatwave fuels blazes across the continent
2022-07-14T15:00:55.000Z,Swedish court convicts Iranian ex-official over 1988 executions
2022-07-14T21:34:05.000Z,Ukraine war: 23 killed in Russian rocket attack on Vinnytsia
2022-07-14T18:46:35.000Z,Ukraine round-up: Deadly attack 'act of terrorism' - Zelensky
2022-07-14T14:42:25.000Z,"Girl, 14, killed in Cobra rollercoaster ride accident in Denmark"
2022-07-14T20:53:13.000Z,Ukraine war: Refugees to be housed in Irish military camp
2022-07-14T19:20:29.000Z,Italian PM Mario Draghi offers resignation after coalition falls apart
2022-07-14T23:37:30.000Z,Why Biden's Saudi trip has proved so thorny
2022-07-14T23:23:24.000Z,What comes next for US gun control?
2022-07-14T18:26:33.000Z,Alex Murdaugh: High-profile lawyer charged with murder of wife and son
2022-07-15T01:27:55.000Z,"Ivana Trump, Donald Trump's first wife, dies at 73"
