﻿2022-07-31T13:18:51.000Z,Prince Charles accepted £1m from Osama Bin Laden's family - report
2022-07-31T14:18:21.000Z,Euro 2022 final: Princess Charlotte wishes the Lionesses good luck
2022-07-31T19:44:02.000Z,"Euro 2022: Fans react to England's historic win, as it happened"
2022-08-01T01:35:41.000Z,Archie Battersbee: Last-minute hearing to be held over treatment
2022-07-31T05:58:18.000Z,England's Big Picture: 25 July - 31 July 2022
2022-07-31T18:32:00.000Z,"Lilia Valutyte: Man charged with murdering girl, 9"
2022-08-01T01:32:45.000Z,Banksy: The stories behind his 'Great British Spraycation'
2022-07-30T23:00:03.000Z,'I adopt wobbly cats'
2022-07-29T23:05:33.000Z,'My first Pride is in memory of my brother'
2022-07-31T13:24:58.000Z,Latest Northern Ireland weather forecast
2022-07-31T17:25:58.000Z,"Claudy: 'No matter what direction you went, there was a bomb'"
2022-07-30T05:42:51.000Z,Shauna Lennon: From wheelchair to walking on stage at graduation
2022-07-31T16:22:14.000Z,'They left everyone in the village to their own fate'
2022-07-31T06:28:03.000Z,Big Butterfly Count: NI public urged track population
2022-08-01T03:35:24.000Z,Rishi Sunak vows to take 4p off income tax
2022-07-31T09:05:25.000Z,Scotland's papers: 'You were warned' and Cox ready for indy campaign
2022-07-31T12:43:14.000Z,Call to raise school start age in Scotland to six
2022-07-31T14:23:29.000Z,No alternative to 'all-out' council strike - Unite
2022-07-31T16:33:27.000Z,Climate change protestors occupy Aberdeen harbour
2022-07-31T06:10:59.000Z,Flesh-eating bug: Swansea DJ tells how graze almost killed him
2022-07-31T12:28:12.000Z,Photography: Llyn Peninsula photos capture bygone way of life
2022-07-31T20:57:42.000Z,Caernarfon family's despair over care for son with rare condition
2022-07-31T20:58:20.000Z,Caernarfon family's anguish caring for son with rare disorder
2022-07-31T09:00:03.000Z,Swansea: Morriston Hospital electricity sub-stations 'may fail'
2022-07-31T15:44:31.000Z,Ukraine war: Welsh politician Mick Antoniw's relative dies
2022-07-31T14:11:49.000Z,National Eisteddfod: Spirits not dampened by heavy rain
2022-07-31T16:27:54.000Z,Tory leadership: Robert Buckland criticises 'Prada' row
2022-07-31T22:20:40.000Z,
2022-07-30T23:17:23.000Z,"The woman declared stateless in India, UK and Uganda"
2022-07-31T20:42:17.000Z,Cancer survivor objects to Spanish beach ad image
