﻿2022-08-19T15:51:10.000Z,Where are hosepipe bans in place and how can I save water?
2022-08-17T18:24:06.000Z,Islamic State 'Beatles': How 2011 arrests led to convictions
2022-08-17T23:00:59.000Z,Flash flooding: Videos of the impact in the South East
2022-08-18T10:33:31.000Z,'Don't panic over clearing'
2022-08-19T20:37:06.000Z,Cornwall bird flu outbreak confirmed near Newlyn
2022-08-19T13:44:10.000Z,Grimsby: Man who bit police dog on head jailed
2022-08-19T18:27:40.000Z,Mobility scooter death: Family's shock at 'horrendous' stabbing
2022-08-19T15:19:05.000Z,Sarah Everard: Wayne Couzens charged with indecent exposure
2022-08-19T15:35:10.000Z,"Benjamin Mendy: Accusers were in WhatsApp group, court hears"
2022-08-19T11:56:01.000Z,Liverpool: Ministers to increase city council intervention
2022-08-19T15:10:33.000Z,Belfast murder investigation after city centre attack
2022-08-19T14:52:36.000Z,Noah Donohoe: South Belfast bridge set to be named after schoolboy
2022-08-19T13:00:36.000Z,Covid-19: Free lateral flow testing to end in NI from Monday
2022-08-19T22:07:34.000Z,Michael Gove backs Rishi Sunak in Tory leadership bid
2022-08-19T20:43:37.000Z,Which trains will run in Scotland during the strike?
2022-08-19T13:25:19.000Z,Your pictures of Scotland: 12-19 August
2022-08-19T05:31:05.000Z,Should parents take their babies to a comedy show?
2022-08-19T14:40:21.000Z,Doctors in Scotland would take industrial action over pay
2022-08-19T22:02:00.000Z,ScotRail passengers set for weekend of disruption
2022-08-19T18:05:49.000Z,Cosla agrees to 5% pay offer for council workers
2022-08-19T16:52:55.000Z,Scots mechanic turned soldier hailed a war hero by Ukrainians
2022-08-19T15:22:49.000Z,Glasgow Museums to return seven stolen artefacts to India
2022-08-19T12:19:42.000Z,Covid in Wales: What do the stats tell us?
2022-08-19T21:58:08.000Z,"Long Covid: Girl, 10, struggles to walk and talk"
2022-08-19T21:57:30.000Z,Smoking: Can Wales reach smoke-free status by 2030?
2022-08-19T15:17:45.000Z,Hosepipe ban starts as drought declared in south-west Wales
2022-08-19T13:27:03.000Z,Ryan Giggs: Trial hears 'final goodbye' letter from ex-girlfriend
2022-08-19T12:48:32.000Z,Covid: Infections in Wales continue to fall
2022-08-19T15:35:05.000Z,Sir Alex Ferguson: Ryan Giggs has fantastic temperament
2022-08-19T16:49:57.000Z,"Pembrokeshire boy's death: Ifan, 4, found in pond, inquest told"
2022-08-19T18:07:00.000Z,Pentyrch: One person dies after fire in village house
2022-08-19T15:41:09.000Z,
2022-08-19T16:13:32.000Z,Isis Beatles: 'Four hours with the militant who murdered my son'
2022-08-19T18:13:34.000Z,Elshafee El Sheikh: Ex-Briton 'Isis Beatle' sentenced to life in prison
