﻿2022-07-24T23:49:00.000Z,Is hay fever getting worse in the UK?
2022-07-24T23:50:34.000Z,The secret mission to save LGBT Afghans
2022-07-24T23:14:47.000Z,Afghan trans woman finds new home in Brighton
2022-07-24T23:59:35.000Z,Sir Mo Farah: Calls to trafficking helpline go up after revelation
2022-07-24T11:46:26.000Z,Kate Moss: I can tell a wrong 'un a mile away
2022-07-24T18:19:28.000Z,Eurotunnel queues: AA says holiday gridlock easing
2022-07-24T17:40:47.000Z,Grass fires break out in south-east England
2022-07-24T06:11:20.000Z,England's Big Picture: 18 July - 24 July 2022
2022-07-24T08:21:14.000Z,Tips to avoid starting a wildfire in 60 seconds
2022-07-23T23:02:55.000Z,Chatsworth's hidden 17th Century garden revealed in drone footage
2022-07-24T17:17:10.000Z,British man Aran Chada feared drowned in Italy after saving son
2022-07-24T17:57:21.000Z,Girls Aloud race for late Sarah Harding in Hyde Park
2022-07-24T16:53:54.000Z,Liverpool water mains disruption 'major incident' as thousands cut off
2022-07-24T09:11:37.000Z,Fire damages 33 hectares at Springwatch's Wild Ken Hill
2022-07-23T23:17:15.000Z,'Why I cut homeless people's hair for free'
2022-07-24T19:53:30.000Z,Surrey fire: Firefighters to monitor blaze site overnight
2022-07-24T06:41:04.000Z,Latest Northern Ireland weather forecast
2022-07-24T05:32:46.000Z,Stormont department pays out £2m in public footpath claims
2022-07-24T20:21:38.000Z,Flooding: Six rescued during heavy rain in Londonderry and Strabane
2022-07-24T09:46:48.000Z,"Strabane: Woman, 46, charged over attempt to drive ambulance"
2022-07-24T15:15:30.000Z,Ballymena: Wrightbus founder Sir William Wright dies
2022-07-24T23:06:10.000Z,Rishi Sunak and Liz Truss: Stakes high for first head-to-head debate
2022-07-25T01:20:30.000Z,Labour government would prioritise growth - Starmer
2022-07-24T11:13:22.000Z,Monkeypox: Risk is low in Scotland as 54 cases confirmed
2022-07-24T08:46:06.000Z,Scotland's papers: Fire service meltdown and Sunak would cap refugees
2022-07-24T12:12:16.000Z,Cricket Scotland board resigns over racism report
2022-07-24T17:26:32.000Z,Six Loch Lomond campers rescued after tents submerged in water
2022-07-24T06:09:52.000Z,Countryside: Who really has access to the great outdoors?
2022-07-24T06:09:28.000Z,Driving Tests: Why are more men passing than women?
2022-07-24T12:32:57.000Z,"Caerphilly: Mountain Ash girl, 17, dies in Fochriw crash"
2022-07-24T10:14:37.000Z,Gwynedd: Man dies after A494 two-vehicle crash
2022-07-24T21:02:38.000Z,Welsh Parliament complaint window cut to six months
2022-07-24T09:26:25.000Z,Tory leadership: Welsh Conservatives seek assurances
2022-07-24T17:34:40.000Z,
