﻿2022-09-05T16:34:37.000Z,"Ministers warned about Rwanda's human rights, court told"
2022-09-04T23:06:40.000Z,'Why I made a film about my addiction'
2022-09-05T21:21:38.000Z,Dublin: Andy Cash charged with murdering his three siblings
2022-09-05T20:28:32.000Z,
2022-09-05T15:29:55.000Z,'The Iron Weathercock': World reacts to Truss win
2022-09-06T00:08:57.000Z,Canada stabbings: One suspect found dead
2022-09-05T17:03:41.000Z,Kenya election 2022: Supreme Court confirms William Ruto's victory against Raila Odinga
2022-09-05T15:21:03.000Z,Kenya election 2022: Supreme Court judges deliver boost for democracy
2022-09-05T19:22:41.000Z,Afghanistan: Russian embassy staff killed in Kabul bombing
2022-09-05T16:59:07.000Z,China quake: Deadly tremor rocks Sichuan city in lockdown
2022-09-04T23:05:13.000Z,Chinese motorcyclists join Chongqing wildfire battle
2022-09-05T18:05:13.000Z,China earthquake rocks town in Sichuan
2022-09-03T23:04:41.000Z,Tamil Nadu: India woman's food paintings you will want to eat
2022-09-05T17:29:33.000Z,Tallaght: 'It's one of the worst incidents I've come across'
2022-09-03T08:29:33.000Z,Mourners pay respects to Mikhail Gorbachev
2022-09-03T14:07:25.000Z,Ukraine's First Lady Olena Zelenska on human cost of war
2022-09-05T17:35:11.000Z,Klyuchevskaya Sopka: Climbers killed during a fall on Russian volcano
2022-09-05T11:02:12.000Z,Baltic crash: Latvia searches for mystery Cessna plane
2022-09-05T19:27:55.000Z,"Tallaght, Dublin: Vigil held for siblings killed in attack"
2022-09-05T15:59:31.000Z,Ukraine war: Russia postpones 'referendum' in occupied region
2022-09-05T16:33:05.000Z,Nice attack: Trial for Bastille Day massacre which killed 86 begins
2022-09-05T15:34:04.000Z,Liz Truss: The urgency of relations with Europe
2022-09-05T20:28:32.000Z,Ukraine round-up: Russian vote postpones and fresh gas fears
2022-09-05T08:40:04.000Z,Chile constitution: Voters overwhelmingly reject radical change
2022-09-05T14:08:59.000Z,Shireen Abu Aqla: Israel says 'high probability' soldier killed reporter
2022-09-05T14:16:47.000Z,Israeli U-turn over West Bank romance declarations
2022-09-05T23:11:45.000Z,Hermit faces eviction from beachside cave home
2022-09-05T20:41:57.000Z,Keith Davis: He was protecting the oceans - then he disappeared
2022-09-03T20:45:52.000Z,WATCH: Wall of dust sweeps across Arizona
2022-09-05T08:55:25.000Z,Canada stabbings: Police hunt suspects after killing spree in Saskatchewan
2022-09-05T18:06:54.000Z,Trump allowed 'special master' in case over handling of classified documents
2022-09-05T20:38:44.000Z,"Saskatchewan stabbings: Suspects still at large, police say"
