﻿2022-08-07T15:18:20.000Z,Horniman Museum to return 72 artefacts to Nigeria
2022-08-07T12:59:36.000Z,
2022-08-07T23:39:35.000Z,Kenya election 2022: Charts that explain the nation
2022-08-07T00:02:12.000Z,Uganda LGBT rights: Government shuts down key advocacy group
2022-08-07T13:59:13.000Z,China to run new drills in Yellow and Bohai seas - Chinese authorities
2022-08-07T23:00:35.000Z,The newborns fighting for survival in Afghanistan
2022-08-07T04:21:38.000Z,Taiwan: US hits out at 'irresponsible' China amid attack rehearsal claims
2022-08-07T10:47:50.000Z,Sanya: Covid lockdown strands tourists on 'China's Hawaii'
2022-08-07T00:08:19.000Z,Hamida Banu: Missing India woman found in Pakistan 'can't wait to go home'
2022-08-07T23:54:09.000Z,The rise and rise of anti-Muslim hate music in India
2022-08-05T23:01:13.000Z,Mariupolchanka FC: The women's football team under siege in Ukraine
2022-08-06T18:24:51.000Z,Croatia bus crash: Twelve Polish pilgrims killed and 32 injured
2022-08-07T15:22:16.000Z,France whale: Hopes fading for lost mammal stuck in River Seine
2022-08-07T12:59:36.000Z,Ukraine war: Four more grain ships leave Ukraine as hopes grow for export stability
2022-08-07T21:12:33.000Z,Drumcondra: Murder investigation after body found in Dublin flat
2022-08-07T23:44:08.000Z,It's like a warzone - Haitians surrounded by turf wars
2022-08-06T17:50:26.000Z,Lightning strike causes major fire at Cuban fuel depot
2022-08-07T10:45:39.000Z,Mexican mining rescue: Ten miners trapped underground
2022-08-07T20:50:11.000Z,Brazilian Jiu Jitsu great Leandro Lo shot in head in Sao Paulo club
2022-08-08T00:35:47.000Z,Colombia: New left-wing leader wants global drugs rethink
2022-08-08T00:35:05.000Z,The moment Colombia's new president is sworn into office
2022-08-07T05:40:40.000Z,Israel-Gaza: Death toll rises as Israel kills second top militant
2022-08-06T15:54:06.000Z,Israel-Gaza: Emergency services respond after air strike hits building in Gaza
2022-08-07T21:23:41.000Z,Israel-Gaza: Hopes as Gaza ceasefire comes into effect
2022-08-07T23:33:40.000Z,Anti-abortion Gen Zers see cause as social justice
2022-08-06T17:30:21.000Z,Island trip lays bare US-China tussle in the Pacific
2022-08-07T12:38:56.000Z,Biden tests negative for Covid after 'rebound' case - doctor
2022-08-07T08:51:13.000Z,Flash flooding swamps California's Death Valley
2022-08-07T21:33:37.000Z,Climate change: Tears of joy as US bill clears Senate hurdle
2022-08-07T15:25:48.000Z,US President Biden leaves White House for first time since Covid
