﻿2022-08-09T13:09:44.000Z,Will there be a hosepipe ban in my area?
2022-08-08T14:09:17.000Z,Campaigners call for artificial grass tax
2022-08-09T22:59:49.000Z,UK heatwave: Four-day extreme heat warning for parts of UK
2022-08-09T13:48:26.000Z,Thames Water plans to introduce hosepipe ban 'in weeks'
2022-08-09T13:48:26.000Z,Thames Water plans to introduce hosepipe ban 'in weeks'
2022-08-09T15:10:09.000Z,Body recovered from Cheshunt lake after boy reported missing
2022-08-09T13:41:46.000Z,Hull: Queens Gardens sunseekers warned over cooling off in fountain
2022-08-09T09:35:20.000Z,Miss England: Finalist with rare condition 'over the moon'
2022-08-07T21:36:14.000Z,Plumes of smoke and huge flames at Feltham fire
2022-08-09T14:30:34.000Z,"Thornton Heath fatal explosion: SGN faces 'serious questions', MP says"
2022-08-09T23:01:08.000Z,King's College London: Disabled student calls for better access to university
2022-08-09T15:30:56.000Z,Crews called to field fires during hot weather
2022-08-09T19:11:52.000Z,Linton-on-Ouse: Asylum centre plan for ex-RAF site scrapped
2022-08-09T21:33:13.000Z,Cost of living: Chancellor to meet Stormont ministers over energy discount
2022-08-09T15:04:03.000Z,Portrush: Fresh calls for skateboard park in town
2022-08-09T16:48:10.000Z,Hydebank Wood: Four men sentenced for involvement in riot
2022-08-09T22:48:10.000Z,Victor Hamilton: Third person charged with murder
2022-08-09T21:50:40.000Z,Tory leadership: Rivals trade blows over energy bills help
2022-08-09T13:05:34.000Z,Where does Scotland stand with the attainment gap?
2022-08-09T21:52:47.000Z,Aberdeen woman wins world's hardest ultra triathlon in Norway
2022-08-09T21:53:13.000Z,"Record numbers can't afford school uniforms, charity warns"
2022-08-09T21:47:56.000Z,Ferguson shipyard boss confident of brighter future
2022-08-09T16:16:42.000Z,Covid in Wales: What do the stats tell us?
2022-08-09T16:56:58.000Z,"Ryan Giggs threw ex out of hotel room naked, court told"
2022-08-09T21:50:58.000Z,Edinburgh Fringe: Dic Penderyn pardon petition to accompany play
2022-08-09T16:27:09.000Z,Thailand toad: Amphibian's lift in Cardiff student's suitcase
2022-08-09T15:21:30.000Z,Kristen Brekke: Cardiff terrorist jailed for breaches
2022-08-09T18:42:11.000Z,Welsh learner of the year: 'Numbers will not save the Welsh language'
2022-08-09T21:36:17.000Z,Commonwealth Games: Welsh squad celebrated at Senedd
2022-08-09T21:47:24.000Z,Dafydd Wigley: Welsh independence less likely if Scotland stays
2022-08-07T06:10:37.000Z,Macro photography: The hidden world of garden insects
PT24S,
2022-08-09T17:06:52.000Z,High temperature warning for Leinster and Munster by Met Éireann
