﻿2022-08-15T12:56:22.000Z,Tattoos reveal the stories of the partition of British India
2022-08-15T14:29:10.000Z,"French Alps skier died trying off-piste route, inquest hears"
2022-08-14T23:37:01.000Z,The nine-year-old boy who fled war-torn Cyprus for London
2022-08-15T21:56:23.000Z,We built a Thai Buddhist temple in an Edinburgh family home
2022-08-15T19:10:47.000Z,
2022-08-14T21:13:33.000Z,Fireworks explosion rocks Armenia shopping market
2022-08-15T15:49:27.000Z,William Ruto's rise from chicken seller to Kenya's president-elect
2022-08-15T15:51:59.000Z,Kenya elections 2022: Full results of presidential and parliamentary races
2022-08-15T17:31:15.000Z,Kenya election result: William Ruto defies the odds for victory
2022-08-15T01:38:06.000Z,"Egypt church fire: 'We saved who we could', says survivor"
2022-08-15T13:39:51.000Z,Kenya election result: Raila Odinga and William Ruto await verdict
2022-08-15T17:43:02.000Z,Kenya election result: William Ruto wins presidential poll
2022-08-15T15:34:23.000Z,Kenya election: Scuffles as results are announced
2022-08-15T16:16:51.000Z,Russia vows to expand relations with North Korea
2022-08-15T08:36:05.000Z,"From Kabul and beyond, a year of Taliban rule in Afghanistan"
2022-08-14T00:34:28.000Z,Afghanistan: Taliban fire shots to stop Afghan women's Kabul protest
2022-08-14T19:13:26.000Z,Tropical Storm Meari leaves trail of devastation in central Japan
2022-08-15T05:24:13.000Z,Marshall Islands: Covid-19 cases surge
2022-08-15T09:35:38.000Z,Shanghai Covid: Ikea shoppers flee attempt to lock down store
2022-08-14T21:03:10.000Z,Mangrove forests: How 40 million Australian trees died of thirst
2022-08-15T07:08:55.000Z,Scott Morrison: Australia's ex-PM 'secretly held ministry portfolios'
2022-08-15T08:44:31.000Z,"Forty metres above the forest, searching for smoke"
2022-08-15T17:20:46.000Z,Ukraine hits Russian Wagner mercenary HQ in east
2022-08-15T19:10:47.000Z,Ukraine war round-up: Strike on Wagner HQ and Russia to increase ties with North Korea
2022-08-15T17:45:45.000Z,Norway bridge collapse: Drivers of two vehicles rescued
2022-08-15T10:39:26.000Z,Trapped Mexico miners: Setback as water levels rise
2022-08-15T01:14:52.000Z,Ecuador: Guayaquil blast 'declaration of war' by gangs - officials
2022-08-15T22:42:13.000Z,Egypt church fire: Triplets and twins among 15 children killed
2022-08-15T15:59:26.000Z,What we do and don't know about the FBI search of Trump's home
2022-08-15T11:26:16.000Z,Salman Rushdie: Iran blames writer and supporters for stabbing
2022-08-15T17:45:32.000Z,Mar-a-Lago: FBI warns of increased threats after Trump search
