﻿2022-08-01T11:40:42.000Z,Excited Lioness superfan Tess attends the Euros final
2022-08-03T08:41:19.000Z,Russo: After school I would tag along with a boys' team
2022-08-03T10:38:23.000Z,Archie Battersbee's parents want to postpone the withdrawal of his life support.
2022-08-03T16:30:32.000Z,How can you save water during a hosepipe ban?
2022-08-03T21:34:23.000Z,Banned Russian oligarchs exploited UK secrecy loophole
2022-08-03T19:22:14.000Z,London Zoo's crocodile skin handbag display goes viral
2022-08-03T17:28:18.000Z,"Bird flu case identified in Bedfordshire, council confirms"
2022-08-03T16:57:55.000Z,Dorset cattle breeder says exports at a standstill post-Brexit
2022-08-03T22:25:12.000Z,"Archie Battersbee: Legal battle at the end, says mum"
2022-08-03T14:39:02.000Z,One dead and several hurt in M5 crashes near Worcester
2022-08-03T20:05:26.000Z,Scunthorpe shop loses £1k of chocolate after heatwave causes it to melt
2022-08-03T15:05:43.000Z,Kent and Sussex hosepipe ban announced from 12 August
2022-08-03T15:05:43.000Z,Kent and Sussex hosepipe ban announced from 12 August
2022-08-03T00:27:24.000Z,'I was chased by skinheads when I arrived in Leicester'
2022-08-03T17:12:19.000Z,East Coast train services disrupted after overhead wires damaged
2022-08-03T05:25:14.000Z,London taxis: The cabbie teaching women the Knowledge for free
2022-08-03T19:48:39.000Z,Owami Davies: Student nurse seen with man on night she vanished
2022-08-03T18:34:41.000Z,"London needs driverless Tube like Paris, says Grant Shapps"
2022-08-03T17:50:45.000Z,Stockport twins share secret to long life on 103rd birthday
2022-08-01T23:01:07.000Z,Line of Duty's Vicky McClure visits real-life AC-12
2022-08-03T21:18:39.000Z,Tory leadership: Sajid Javid endorses Liz Truss's bid to be PM
2022-08-03T21:49:10.000Z,Delays to network of NHS Scotland's treatment centres
2022-08-03T19:10:13.000Z,"Significantly improved pay offer needed, says union"
2022-08-03T21:50:11.000Z,The Neilston petrol pump offering low prices to locals
2022-08-03T05:24:40.000Z,Epic challenge for MND cyclist who has defied the odds
2022-08-03T21:51:50.000Z,Fence will protect walkers from bull on cow attack path in Pentland Hills
2022-08-03T16:27:38.000Z,Rhod Gilbert: Comedy tour for Cardiff cancer centre revealed
2022-08-03T21:56:58.000Z,NHS Wales: App helping keep heart patients out of hospital
2022-08-03T16:38:49.000Z,Logan Mwangi murder: Craig Mulligan won't get sentence increased
2022-08-03T20:50:42.000Z,Bangladesh: Cardiff father and son poisoned by gas - police
2022-08-03T19:03:31.000Z,"UK government a problem for Wales, says Rowan Williams"
2022-08-03T20:52:56.000Z,Tory leadership: Truss and Sunak attack Welsh government
2022-08-03T18:57:59.000Z,
