﻿2022-07-20T18:06:48.000Z,Pen Farthing: Watchdog has no concerns over Afghan animal rescue
2022-07-20T18:52:49.000Z,Baby born 16 weeks early on holiday flown home to Devon
2022-07-20T21:40:24.000Z,Couple launch South Africa swim programme after daughter's death
2022-07-20T21:56:28.000Z,Ukrainian refugees ‘broken’ after fleeing UK host
2022-07-20T13:32:58.000Z,
2022-05-11T20:05:54.000Z,Kherson: How is Russia imposing its rule in occupied Ukraine?
2022-07-20T22:41:00.000Z,Ukraine's First Lady asks US Congress for weapons
2022-07-20T23:03:49.000Z,Somalia drought: ‘I remember at least five children died’
2022-07-20T23:31:27.000Z,Kenya elections 2022: Why the ethnic factor may be losing its power
2022-07-20T17:58:44.000Z,Kenya elections 2022: President Kenyatta halves cost of maize flour
2022-07-20T23:02:20.000Z,Killed for blasphemy in Nigeria: 'It felt like a spear pierced my heart'
2022-07-20T10:01:52.000Z,Sri Lanka: Ranil Wickremesinghe elected president by MPs
2022-07-19T23:06:14.000Z,Shanghai Covid lockdown: The struggle of blind massage therapists
2022-07-20T13:37:02.000Z,Sri Lanka: 'If we want change we need new faces'
2022-07-20T18:09:58.000Z,Cheetahs to prowl India for first time in 70 years
2022-07-20T23:27:54.000Z,Is China really open to improving ties with Australia?
2022-06-17T02:36:45.000Z,Lavrov: Russia is not squeaky clean and not ashamed
2022-07-20T18:43:57.000Z,Italian PM Mario Draghi fails in bid to revive government
2022-07-19T23:32:43.000Z,Kyiv apartment residents hope to repair Russian rocket damage
2022-07-20T13:32:58.000Z,Ukraine war: Russia's Lavrov says ready to expand war aims
2022-07-20T13:32:58.000Z,Ukraine war: Russia's Lavrov says ready to expand war aims
2022-07-20T23:18:29.000Z,Germany scrambles for energy with no faith in Russian gas
2022-07-20T17:51:30.000Z,"Wildfires rage in Greece, Spain and Italy as heatwave moves across Europe"
2022-07-20T17:51:30.000Z,"Wildfires rage in Greece, Spain and Italy as heatwave moves across Europe"
2022-07-20T09:24:58.000Z,Greek wildfire: High winds fuel fire raging through outskirts of Athens
2022-07-20T17:33:06.000Z,Ukraine war round-up: Russia expands its aims and Putin's tricky Tehran moment
2022-07-20T20:11:28.000Z,Slovak village votes to keep sign honouring fascist leader
2022-07-20T23:22:14.000Z,"Pesticide made us sterile, banana workers say"
2022-07-20T23:14:29.000Z,Iraq accuses Turkey of attack that killed nine in Kurdistan
2022-07-20T18:47:27.000Z,Ivana Trump's funeral held in New York City
2022-07-20T22:09:20.000Z,Biden unveils $2.3bn plan to fight climate change
2022-07-20T20:54:35.000Z,Climate change: Biden warns of clear and present danger
