﻿2022-07-12T05:00:34.000Z,SAS killings: How a scandal was uncovered
2022-07-12T21:00:11.000Z,Sir Mo Farah 'relieved' Home Office won't take action over citizenship
2022-07-12T18:34:46.000Z,Stevenage stabbing: Victim named by police
2022-07-12T17:06:41.000Z,Charity working to get mother home after Cyprus birth
2022-07-12T11:55:12.000Z,
2022-07-12T15:39:09.000Z,Sri Lanka: Why is the country in an economic crisis?
2022-07-09T11:09:21.000Z,Sri Lanka crisis: Demonstrators take over presidential residence
2022-07-10T06:44:49.000Z,Sri Lanka: President Rajapaksa to resign after palace stormed
2022-07-12T11:45:00.000Z,What did Shinzo Abe mean to Japan?
2022-07-12T01:01:49.000Z,Sri Lanka: Opposition leader ready to run for presidency
2022-07-12T14:58:08.000Z,Shinzo Abe: Japanese mourners pay last respects to ex-PM at funeral
2022-07-12T23:15:21.000Z,Sri Lanka: President Gotabaya Rajapaksa flees the country on military jet
2022-07-12T15:39:21.000Z,"Sri Lanka President Rajapaksa faces 'terrible, massive protests' unless he quits"
2022-07-12T07:33:12.000Z,National emblem: Ferocious lions' statue on new parliament raises eyebrows
2022-07-12T17:25:01.000Z,Australia floods: Kangaroo rescued from deep water
2022-07-12T07:20:51.000Z,French Fécamp 'precious blood' relics recovered after abbey theft
2022-07-10T23:07:56.000Z,Pikku-Finlandia: Helsinki's new building held up by trees
2022-07-10T23:06:40.000Z,The Afghan refugee commanding Ukrainian troops
2022-07-10T17:28:05.000Z,Ukraine war: Apartment block destroyed after Russian rocket strike
2022-07-10T23:16:06.000Z,Wildfires break out across parts of Portugal
2022-07-12T19:18:10.000Z,Ukraine claims arms depot attack in occupied Kherson with Himars rockets
2022-07-12T13:32:41.000Z,Europe swelters as heatwave spreads
2022-07-12T23:05:27.000Z,Ukraine's rock warrior Slava Vakarchuk: 'We need to be angry.'
2022-07-12T19:46:40.000Z,Ireland's government wins confidence vote
2022-07-12T19:17:01.000Z,Ukraine war round-up: Kyiv's rocket attack and US says Iran to give Russia drones
2022-07-12T16:13:32.000Z,Syria war: UN extends aid lifeline to rebel-held Idlib by six months
2022-07-12T23:58:15.000Z,Joe Biden heads to Middle East amid faltering US sway
2022-07-12T22:31:57.000Z,"Capitol riots: 'Wild' Trump tweet incited attack, says inquiry"
