﻿2022-08-20T20:57:07.000Z,
2022-08-21T23:00:40.000Z,"Cameroon's Bamenda, where only the coffin trade is booming"
2022-08-20T23:00:35.000Z,Pondoland: South Africa's cannabis growers left behind by legalisation plans
2022-08-20T23:04:07.000Z,"Inside Amapiano, the new sound of South Africa"
2022-08-20T15:30:00.000Z,Zulu King Misuzulu ka Zwelithini crowned in South Africa
2022-08-21T14:15:34.000Z,Somalia hotel siege: More than 20 die in al-Shabab attack
2022-08-21T11:17:24.000Z,In Pictures: Festivities as Zulu King Misuzulu ka Zwelithini is crowned
2022-08-21T14:30:14.000Z,377A: Singapore to end ban on gay sex
2022-08-22T00:05:42.000Z,Imran Khan: Pakistan police open investigation into former PM
2022-08-21T23:01:57.000Z,Kashmir Hindus on edge after resurgence of targeted killings
2022-08-21T09:19:06.000Z,India monsoon rains cause fatal bridge collapse
2022-08-21T10:17:55.000Z,India monsoon rains cause fatal bridge collapse
2022-08-21T23:00:26.000Z,Ukraine war: Russia appeals for new recruits for war effort
2022-08-21T16:39:13.000Z,"Michael Collins a 'great hero of Irish history', says Mícheál Martin"
2022-08-20T03:51:02.000Z,Ukraine war: Russia to allow inspectors at Zaporizhzhia nuclear plant - Putin
2022-08-20T11:02:05.000Z,Ukraine war: Billowing smoke after strike in Sevastopol
2022-08-20T19:34:59.000Z,Turkey: Separate bus crashes leave 32 dead and 50 injured
2022-08-20T11:54:21.000Z,Ukraine displays destroyed Russian tanks in Kyiv
2022-08-20T20:57:07.000Z,Ukraine war: Drone attack targets Russian Black Sea fleet in Crimea
2022-08-21T13:34:28.000Z,"In pictures: Drought in Europe exposes sunken ships, lost villages and ominous 'hunger stones'"
2022-08-21T16:16:46.000Z,Darya Dugina: Daughter of Putin ally killed in Moscow blast
2022-08-21T11:42:19.000Z,Portugal wildfires: State of alert begins amid third heatwave
2022-08-21T22:06:24.000Z,Ukraine war: Allies seek more security at Zaporizhzhia nuclear plant
2022-08-21T17:45:48.000Z,Portugal wildfires: Blaze threatens several villages
2022-08-21T20:49:52.000Z,Iraq collapse: Bodies pulled from rubble after landslide hits shrine
2022-08-21T23:01:02.000Z,Why are these Americans turning in (some of) their guns?
