﻿2022-08-25T23:22:33.000Z,Campsites call for new rules to stay open longer
2022-08-29T00:00:06.000Z,Police corruption: Editors fear police guidance on links with journalists
2022-08-28T22:21:16.000Z,"Be less squeamish about drinking 'sewage water', says expert"
2022-08-28T15:31:11.000Z,Notting Hill Carnival returns: 'Everything about it is beautiful'
2022-08-28T22:16:50.000Z,"Leeds Festival: Boy, 16, dies after falling ill in suspected drugs incident"
2022-08-28T11:54:56.000Z,In pictures: Thousands enjoy Reading Festival 2022
2022-08-28T23:21:26.000Z,The female stonemason saving a little piece of history
2022-08-28T13:12:57.000Z,Tens of thousands attend Great Dorset Steam Fair
2022-08-27T17:40:13.000Z,Clacton's last indoor market closes after 40 years
2022-08-28T19:55:28.000Z,"Boy, 16, dies after falling ill at Leeds Festival"
2022-08-28T16:04:15.000Z,Notting Hill Carnival returns after two-year absence
2022-08-28T12:02:24.000Z,"Olivia Pratt-Korbel: Do not protect Liverpool killers, urge police"
2022-08-28T15:12:41.000Z,Telford: Balloon 'night glow' cancelled over safety fears
2022-08-28T12:57:51.000Z,Yeovil: Milford Junior shut 'indefinitely' over building concerns
2022-08-28T07:58:44.000Z,Chihuahuas 'dumped like rubbish' in Avebury during heatwave
2022-08-28T07:48:58.000Z,Latest Northern Ireland weather forecast
2022-08-27T23:04:31.000Z,Community transport: ‘It was a reason to get up in the morning’
2022-08-28T18:49:23.000Z,Energy bills: Liz Truss 'plans to tackle rising charges with tax cuts'
2022-08-28T08:06:59.000Z,Kayaker Nick Ray: I'll paddle off to sea and not come back for a year
2022-08-28T09:42:53.000Z,Scotland's papers: Starvation warnings and tax changes considered
2022-08-28T17:38:09.000Z,Bin strike talks continue but still no resolution
2022-08-28T16:24:03.000Z,'Catastrophic impact' of rising prices on children
2022-08-28T17:35:05.000Z,Fringe tickets slump blamed on accommodation costs
2022-08-28T06:32:37.000Z,TikTok: Welsh young people quitting their jobs for social media
2022-08-28T20:59:05.000Z,Libraries: Powys becomes latest council in Wales to drop fines
2022-08-28T17:51:10.000Z,Pride: Wales' oldest gay bar remains amid developing city
2022-08-28T06:32:19.000Z,Polycystic ovary syndrome treatment insufficient - charity
2022-08-28T14:28:03.000Z,Carmarthenshire wool mill saved by museum takeover
2022-08-28T20:58:50.000Z,Health: Wales' children get F in fitness in global study
2022-08-28T15:17:33.000Z,"No place for hate, says Pride Cymru after Cardiff protest"
2022-08-28T10:56:57.000Z,Conwy Marina boats destroyed in fire and 13 evacuated
2022-08-28T16:13:13.000Z,"Cost of living rise a national emergency, says minister"
2022-08-28T13:14:58.000Z,Sgt Gavin Hillier shot dead by soldier with 'poor eyesight'
2022-08-28T20:35:13.000Z,Powys: Motorcyclist dies after crash with van
2022-08-28T18:05:16.000Z,
2022-08-28T18:05:16.000Z,Ukraine war: Russian recruitment drive unlikely to have impact - UK
