﻿2022-08-13T03:00:00.000Z,My son with schizophrenia was 'unlawfully deported' to Jamaica
2022-08-13T06:22:45.000Z,Grace Millane's family awarded for supporting women's refuges
2022-08-13T23:00:32.000Z,
2022-08-12T10:19:52.000Z,Bear cub high on hallucinogenic 'mad honey' rescued by park rangers
2022-08-13T01:04:45.000Z,Salman Rushdie: The moments after author was attacked
2022-08-13T11:29:55.000Z,Kenya elections 2022: Live result updates
2022-08-13T21:54:11.000Z,Kenya elections 2022: Raila Odinga and William Ruto in tight presidential race
2022-08-12T23:39:50.000Z,HIV medicines: India patients say hit by drugs shortage
2022-08-13T20:45:47.000Z,Miriam Margolyes: 'I now look up to Australian bogans'
2022-08-13T05:55:39.000Z,Skellig Michael: 'I like the solitude and peace of the island'
2022-08-12T15:03:54.000Z,Drought hits Germany's Rhine River: 'We have 30cm of water left'
2022-08-12T20:22:13.000Z,Montenegro: Gunman kills 11 after family dispute
2022-08-13T16:38:47.000Z,Medusa festival: High speeds winds cut Spanish festival short
2022-08-13T14:05:22.000Z,Medusa festival: One killed as strong winds cause stage collapse in Spain
2022-08-13T16:58:57.000Z,Climate activists fill golf holes with cement after water ban exemption
2022-08-13T13:37:52.000Z,Ukraine says it has taken out vital bridge in occupied Kherson
2022-08-13T19:49:28.000Z,Athlone: Two arrested after fatal assault
2022-08-13T16:25:22.000Z,County Meath: Man charged over fatal assault of woman in Athboy
2022-08-13T18:58:00.000Z,Evacuated twice in a summer as France's fires burn
2022-08-13T20:20:22.000Z,Tonnes of dead fish found in river on German-Polish border
2022-08-13T23:00:32.000Z,Ukraine war: Zelensky warns Russian soldiers at Zaporizhzhia nuclear plant
2022-08-13T12:32:56.000Z,Taliban break up rare protest by Afghan women in Kabul
2022-08-10T20:56:31.000Z,A new reality for women seeking an abortion in Texas
2022-08-13T02:07:45.000Z,Trump search warrant: FBI took top secret files from Mar-a-Lago
2022-08-13T02:36:28.000Z,Trump warrant: Why did the FBI search Mar-a-Lago and what was found?
2022-08-13T21:12:58.000Z,"Horrifying, ghastly: Authors condemn attack on Salman Rushdie"
2022-08-13T09:50:04.000Z,Southern Baptist abuse claims under DoJ investigation
2022-08-13T20:26:31.000Z,Salman Rushdie stabbing suspect charged with attempted murder
