﻿2022-07-15T17:24:02.000Z,How do the rich and famous protect their homes?
2022-07-14T23:08:07.000Z,Why it is so hot - in under 60 seconds
2022-07-15T06:40:22.000Z,Give workers a piece of the pie - Unite union
2022-07-15T21:29:41.000Z,Heatwave: National emergency declared after UK's first red extreme heat warning
2022-07-15T21:29:41.000Z,Heatwave: National emergency declared after UK's first red extreme heat warning
2022-07-15T22:53:07.000Z,The next PM: The first debate in 90 seconds
2022-07-15T14:39:58.000Z,Heatwave: Nantwich ice cream firm Snugburys doubles production
2022-07-15T18:41:27.000Z,UK heatwave: Changes to West Midlands train timetables
2022-07-15T13:43:32.000Z,Queen makes surprise visit to open new Maidenhead hospice
2022-07-15T17:12:25.000Z,Woman who had to adopt own child made legal parent
2022-07-15T14:45:29.000Z,Crown Censure issued after death of Royal Marine recruit
2022-07-15T18:14:03.000Z,"Gaia Pope death: Teen's mental health a factor, inquest concludes"
2022-07-15T15:26:02.000Z,Archie Battersbee: Court rules life-support can end
2022-07-15T20:49:31.000Z,David Venables guilty of wife's septic tank murder 40 years ago
2022-07-15T15:49:21.000Z,Heatwave: Warnings issued in South East over extreme heat
2022-07-15T17:04:45.000Z,Lincoln St Christopher's School to close during heatwave for pupil safety
2022-07-15T23:15:54.000Z,"'Stress can't fly, that's just how it is'"
2022-07-15T15:44:42.000Z,Men jailed over Ashley Cole raid and £3.5m Portland Tiara heist
2022-07-15T16:24:09.000Z,Covid: All over-50s in NI to be offered booster vaccine
2022-07-15T20:21:21.000Z,Heatwave: RNLI 'concerned' ahead of soaring NI temperatures
2022-07-15T10:05:31.000Z,Who will replace Boris Johnson?
2022-07-13T23:16:45.000Z,Conservative candidates compete with campaign videos
2022-07-13T11:36:19.000Z,PMQs: Speaker orders two Alba Party MPs out of noisy Commons
2022-07-15T16:46:12.000Z,Liz Truss and Penny Mordaunt in bitter battle to stay in Tory leadership race
2022-07-15T22:09:15.000Z,Tory leadership rivals trade blows over tax and spending
2022-07-15T22:16:40.000Z,Tory leadership race: Stakes high as debate exposes rifts
2022-07-15T16:19:26.000Z,Over-50s in Scotland to get autumn booster jab
2022-07-15T18:48:17.000Z,Amber extreme heat warning extended to Scotland
2022-07-15T17:25:21.000Z,Covid in Wales: What do the stats tell us?
2022-07-15T21:58:17.000Z,Cost of living: University students 'priced out' of graduation
2022-07-15T21:58:29.000Z,Royal Welsh: Prize-winning horse found starving 'prancing again'
2022-07-15T17:36:44.000Z,Weather warning: Sunburn threat as Wales prepares for extreme heat
2022-07-15T16:06:28.000Z,Conwy: Family tributes to woman who died paddleboarding
2022-07-15T15:48:37.000Z,Covid: Wales infection levels rise for six weeks in a row
2022-07-15T15:44:09.000Z,Cardiff teen admits part in banned neo-Nazi terror group
2022-07-15T15:07:10.000Z,Torfaen: Two-year-old on life-support after fountain fall
2022-07-15T15:00:06.000Z,Covid: All over-50s in Wales to be offered booster vaccine
2022-07-15T15:58:00.000Z,Porthmadog boy blistered by sunburn says it 'really hurt'
2022-07-15T20:29:53.000Z,Heatwave: Wales braced for its hottest days on record
2022-07-15T14:24:47.000Z,
