﻿2022-07-30T14:18:59.000Z,Leicester plays mark 50th anniversary of Ugandan Asian exodus
2022-07-30T11:24:01.000Z,Looted artefacts in Oxford museums could be returned to Nigeria
2022-07-30T09:36:05.000Z,
2022-07-30T13:32:54.000Z,Iraq: Muqtada al-Sadr supporters storm parliament again
2022-07-30T19:11:54.000Z,Italy: Outcry over killing of African migrant in town centre
2022-07-29T23:21:26.000Z,Mali and Burkina Faso: Did the coups halt jihadist attacks?
2022-07-30T23:10:19.000Z,Kenya election: The influencers paid to push hashtags
2022-07-30T08:05:30.000Z,Pride jersey controversy - a reckoning for Australian sport?
2022-05-16T23:32:22.000Z,Ukraine: Fighters evacuated from Mariupol steelworks arrive in Russian-held town
2022-05-17T22:59:12.000Z,Mariupol: The 80 days that left a flourishing city in ruins
2022-07-28T23:44:55.000Z,Ukraine's shadow army resisting Russian occupation
2022-07-28T11:53:01.000Z,Every Ukrainian living in constant stress since February - Zelenska
2022-07-28T19:11:33.000Z,Notre-Dame Cathedral on track to reopen in 2024
2022-07-29T21:42:37.000Z,Wildfire spreads to hotel in Turkey
2022-07-30T09:36:05.000Z,"Ukraine war: UN and Red Cross should investigate prison deaths, says Ukraine"
2022-07-30T13:44:04.000Z,Gazprom stops Latvia's gas in latest Russian cut to EU
2022-07-30T22:04:36.000Z,Ukraine condemns Russia's 'humiliating death' tweet after prison attack
2022-07-30T22:22:49.000Z,Beach body ad edited out my prosthetic leg - model
2022-07-30T00:44:07.000Z,Migrant deaths: How an American dream ended in horror
2022-07-30T13:29:39.000Z,Iraq: Dozens injured as Iraqi parliament stormed again
2022-07-30T23:02:34.000Z,Kansas: The state where abortion is on the ballot
2022-07-30T12:57:28.000Z,Kentucky: At least 25 dead in worst Appalachia floods for years
2022-07-30T07:48:44.000Z,Pope Francis: Did the pontiff's apology in Canada go far enough?
2022-07-29T21:52:27.000Z,Kentucky floods: 'More water than any of us have ever seen'
2022-07-30T16:47:23.000Z,Mega Millions: Winning ticket for $1.3bn jackpot sold in Illinois
2022-07-30T07:06:36.000Z,Alexander Ionov case: US charges Russian with interfering in US politics
2022-07-30T07:40:51.000Z,"The Pope's health: I could step down - but not yet, says pontiff"
2022-07-30T20:09:00.000Z,US President Joe Biden tests positive for Covid after 'rebound' infection
