﻿2022-08-16T05:17:22.000Z,Dame Deborah James's mother on life without her daughter
2022-08-16T13:47:05.000Z,Heavy rain and storms sweep across the UK
2022-08-17T21:35:50.000Z,UK weather: Storms and rain bring flash floods to southern England
2022-08-17T18:24:06.000Z,Islamic State 'Beatles': How 2011 arrests led to convictions
2022-08-17T16:53:56.000Z,RAF diversity: Senior female recruitment officer resigns over targets
2022-08-17T17:02:12.000Z,Rwanda asylum plan: UK ministers partially lose Rwanda secrecy bid
2022-08-17T23:00:59.000Z,Flash flooding: Videos of the impact in the South East
2022-08-17T11:35:29.000Z,Beth Chatto: Tips for creating a dry weather garden
2022-08-17T19:47:14.000Z,Missing Madison Wright: Two further arrests in murder hunt
2022-08-17T19:52:11.000Z,Gloucestershire fire service calls almost tripled during heatwave
2022-08-17T16:22:26.000Z,"Dover: Boy died in fall off White Cliffs on 12th birthday, inquest told"
2022-08-17T20:24:52.000Z,Greenford: Manhunt for mobility scooter murder suspect
2022-08-17T10:47:41.000Z,Aitch vows to get Ian Curtis mural in Manchester fixed pronto
2022-08-17T16:03:20.000Z,Benjamin Mendy: Accuser says footballer threatened to kidnap her
2022-08-17T20:38:45.000Z,"Greater Manchester Police hunt man who 'snatched girl, 7, from street'"
2022-08-17T16:57:11.000Z,Cristiano Ronaldo: Man Utd star gets caution over fan's phone incident
2022-08-17T05:09:04.000Z,'My cat saved my life when I had a heart attack'
2022-08-17T11:53:45.000Z,Scarborough driving test twins pass at same time and place
2022-08-17T15:54:17.000Z,"Infected blood scandal: NI victims to receive £100,000"
2022-08-17T17:44:13.000Z,Cost of Living: NI households to face further gas price rises
2022-08-17T21:50:56.000Z,Mid Ulster strike: Industrial action expected to end
2022-08-17T15:37:27.000Z,Which trains will run in Scotland during the strike?
2022-08-17T15:39:33.000Z,Darius: The singer who turned down Simon Cowell and still got to No1
2022-08-17T21:53:37.000Z,ScotRail warns of disruption during latest round of strikes
2022-08-17T21:55:11.000Z,Edinburgh bin collectors begin strike over pay
2022-08-17T21:00:47.000Z,Women's safety: 'Man taking pictures through my window scared me'
2022-08-17T17:06:21.000Z,Ryan Giggs denies headbutting ex and cries over night in cell
2022-08-17T20:56:59.000Z,Swansea: Support group launched for women scared to go out alone
2022-08-17T18:32:11.000Z,Mostyn: Fears for 140 jobs as Warwick Chemicals factory closes
2022-08-17T17:59:34.000Z,Heatwave reveals Elan Valley mansion Shelley loved
2022-08-17T19:06:26.000Z,Inflation: 'We'll have to be very careful with our money'
2022-08-17T20:22:50.000Z,Fountain fall: Grace home for third birthday after recovery
2022-08-16T16:43:24.000Z,
