﻿2022-07-02T23:32:07.000Z,
2022-07-03T00:04:18.000Z,US woman denied termination in Malta: 'I was terrified'
2022-07-01T17:51:39.000Z,Same-sex couples legally marry in Switzerland
2022-07-03T00:06:52.000Z,Nigeria rejects Ukraine online degrees: 'It's not fair'
2022-07-02T11:35:28.000Z,Libya protesters storm parliament building in Tobruk
2022-07-02T09:20:08.000Z,Gambia bans all timber exports to combat rosewood smuggling
2022-07-02T15:46:07.000Z,Durban July: South Africa's most fashionable horse race returns
2022-07-02T22:29:26.000Z,Dozens freed from church awaiting 'Second Coming' in Ondo Nigeria
2022-07-02T17:41:29.000Z,Crew member of sinking ship airlifted to safety
2022-07-02T23:50:32.000Z,Sarfaraz Khan: The 'wandering cricketer' on the road to stardom
2022-06-30T23:02:49.000Z,Assam: Death and despair after deadliest urban flood in India
2022-06-27T12:21:38.000Z,Ukraine war in maps: Tracking the Russian invasion
2022-07-02T23:58:40.000Z,Daphne du Maurier: Novelist who traced past to a French debtors' jail
2022-07-01T16:11:53.000Z,Ukraine weapons: What military equipment is the world giving?
2022-07-02T23:28:54.000Z,Ukraine: The teachers swapping classrooms for trenches
2022-07-01T13:26:25.000Z,Watch: The moment a whale is cut free from ropes in Norwegian Sea
2022-07-02T20:45:58.000Z,Israel shoots down Hezbollah drones heading for gas rig
2022-07-02T23:32:07.000Z,Ukraine war: Ukraine and Russia both claim control over Lysychansk
2022-07-02T18:51:36.000Z,Russia dredges up landing ship hit by Ukraine missile fire
2022-07-02T16:39:45.000Z,Garda seriously injured in hit and run collision in County Limerick
2022-07-02T23:34:29.000Z,Israel releases footage it says shows three Hezbollah drones being shot down
2022-07-01T10:49:17.000Z,Watch: The moment a landslide descends on town in Peru
2022-07-03T00:48:44.000Z,Argentina's economy minister makes sudden exit
2022-07-02T13:48:30.000Z,Hormozgan: Quake near southern Iran coast kills five
2022-07-02T23:02:14.000Z,Inside a US abortion clinic in its final days
2022-07-02T07:11:15.000Z,Roe v Wade: Women travelling for abortions will be protected - Biden
2022-07-02T06:58:12.000Z,Texas migrant deaths: Truck driver 'unaware air conditioner had stopped working'
2022-07-02T11:46:47.000Z,Jerry Hall files for divorce from Rupert Murdoch
2022-07-02T10:10:51.000Z,New York overhauls gun laws after Supreme Court ruling
2022-07-03T02:34:09.000Z,Three police die in 'pure hell' Kentucky shooting
