﻿2022-08-02T18:30:02.000Z,Dean Kronsbein: Italy yacht crash victim was Ross-on-Wye facemask firm boss
2022-08-02T21:43:14.000Z,Bangladesh: No concrete evidence dad and son poisoned
2022-08-02T20:36:06.000Z,I'm A Celebrity: Gwrych Castle thanks for hosting 'honour'
2022-08-02T22:26:34.000Z,
2022-08-01T10:36:03.000Z,Ukraine war: The last remaining families in Bakhmut
2022-08-02T15:44:24.000Z,Komodo dragons: Indonesians strike over entry price hike
2022-08-02T16:40:10.000Z,What now for al-Qaeda?
2022-08-02T00:34:03.000Z,Kenya election 2022: Kikuyus split between Ruto and Odinga
2022-08-02T07:53:48.000Z,What's behind China-Taiwan tensions?
2022-07-31T23:46:51.000Z,Afghanistan: How one TV presenter became a refugee
2022-08-02T12:56:03.000Z,China-Taiwan: Why young people in Taiwan are learning to fight
2022-08-02T12:06:32.000Z,Ayman al-Zawahiri: Shock in Kabul as US kills al-Qaeda leader
2022-08-02T23:24:07.000Z,Taiwan: Nancy Pelosi trip labelled as 'extremely dangerous' by Beijing
2022-08-02T09:20:35.000Z,China and Taiwan: A really simple guide
2022-08-02T15:46:18.000Z,Nancy Pelosi's long history of opposing Beijing
2022-08-02T00:11:09.000Z,Ukraine: Helping children to overcome the trauma of war
2022-08-02T16:29:12.000Z,Ukraine war: Deal in sight to end Ukrainian grain blockade - Turkey
2022-07-31T23:00:14.000Z,Reality of Ukraine war hidden from Fortress Russia
2022-08-01T13:06:57.000Z,Ukraine war: 'We hope nothing will happen' - Grain ship crew
2022-08-02T22:26:34.000Z,Ukraine war: Russia accuses US of direct role in Ukraine war
2022-08-02T18:09:14.000Z,War in Ukraine: Irish president's wife defends letter after criticism
2022-08-02T19:39:18.000Z,Ukraine war: Russia says US involved and farmers report stolen seeds
2022-08-02T20:56:30.000Z,Ukraine war: First grain ship out of Ukraine reaches Turkish waters
2022-08-02T12:41:34.000Z,Maya rulers' ashes turned into pelota balls - expert
2022-08-02T13:07:57.000Z,Authorities investigate after mysterious sinkhole appears in Chile
2022-08-01T23:43:31.000Z,"Kentucky floods: Death toll rises to 37, hundreds still missing"
2022-08-02T09:43:32.000Z,People are being airlifted to safety to escape Kentucky floods
2022-08-02T15:28:37.000Z,Watch: Nancy Pelosi lands in Taiwan amid China tensions
2022-08-02T23:27:37.000Z,Ayman al-Zawahiri: How US strike could kill al-Qaeda leader - but not his family
2022-08-02T20:26:46.000Z,Abortion: Georgia offers tax credits for six-week-old embryos
2022-08-02T23:12:30.000Z,Stephen King testifies against merger of publishing giants
2022-08-02T23:00:09.000Z,Kentucky floods: 'Guardian angel' saves family from deluge
