﻿2022-09-06T19:07:05.000Z,Liz Truss outlines her three priorities in first speech
2022-09-07T23:14:04.000Z,Domestic abuse: Forensic marker spray helps victims rebuild lives
2022-09-07T21:30:06.000Z,"Royal Family: First day at school for George, Charlotte and Louis"
2022-09-07T18:52:04.000Z,"Rwanda migrant flights plan legally viable, government lawyers say"
2022-09-07T18:36:18.000Z,Queen postpones senior ministers meeting to rest
2022-09-07T21:18:43.000Z,Chris Kaba: No firearm found at scene of fatal police shooting
2022-09-06T23:09:27.000Z,Marc Diakiese: UFC MMA star on his fighting journey
2022-09-07T17:05:40.000Z,"Pret A Manger 'failed to check on dairy-free suppliers', inquest hears"
2022-09-07T22:12:37.000Z,NI Protocol: White House warns against unilateral action
2022-09-07T17:31:34.000Z,Bill of Rights shelving is 'good news for Northern Ireland'
2022-09-07T18:06:59.000Z,NI Protocol: Lakeland Dairies boss slams government plan
2022-09-07T22:55:41.000Z,"Dungannon: Man, 21, dies after single-vehicle crash on M1"
2022-09-06T07:11:52.000Z,Boris Johnson leaves No 10 - his departure speech in full
2022-09-06T16:27:49.000Z,Liz Truss's first Downing Street speech as prime minister
2022-09-06T17:22:33.000Z,"Truss in, Johnson out - the day in 90 seconds"
2022-09-06T22:51:29.000Z,Liz Truss: New cabinet a near-total purge of Sunak backers
2022-09-07T04:06:57.000Z,Liz Truss: What do voters make of her?
2022-09-07T13:49:54.000Z,Bill of Rights: Liz Truss shelves plans to reform human rights law
2022-09-07T19:50:15.000Z,"PMQ: Workers will pay for energy firm profits, Starmer tells Liz Truss"
2022-09-07T22:32:42.000Z,Veteran MP Nick Brown suspended from Labour Party
2022-09-07T22:03:15.000Z,Scottish hospitality firms in energy costs plea to Liz Truss
2022-09-07T18:07:59.000Z,Scottish government to make £500m in spending cuts
2022-09-07T22:03:42.000Z,Ex-minister Derek Mackay defends his ferry deal role
2022-09-07T17:49:23.000Z,Grace Handling death: 'Not proven verdict messes with your mind'
2022-09-07T17:00:30.000Z,Period dignity officer takes legal action after losing job
2022-09-07T22:02:51.000Z,Energy prices: Welsh businesses call for urgent help
2022-09-07T17:36:34.000Z,"Green Man: New site will support farmers and young people, boss says"
2022-09-07T20:21:23.000Z,Llanerch Colliery disaster memorial vandalised
2022-09-07T22:03:04.000Z,Liz Truss: Will the new prime minister and Mark Drakeford get on?
2022-09-07T18:14:14.000Z,Who is Welsh Secretary Sir Robert Buckland?
2022-09-07T18:45:17.000Z,Mark Drakeford says Tory Welsh Secretary 'keen to work' with him
2022-09-07T22:46:09.000Z,
2022-09-07T23:06:49.000Z,John Pennycuick: The British-era colonel revered in Tamil Nadu
2022-09-07T19:43:15.000Z,"Paul Urey: Captured Briton possibly suffered 'unspeakable' torture, says Ukraine"
