﻿2022-08-31T19:30:08.000Z,Shamima Begum: Spy for Canada smuggled schoolgirl to Syria
2022-09-01T00:48:39.000Z,"Rwanda flight migrants include torture victims, say doctors"
2022-08-31T21:51:48.000Z,Highlands nurse denied return to UK from Turkey after holiday
2022-08-31T19:49:13.000Z,
2022-08-31T15:21:41.000Z,Munich Olympics massacre compensation deal struck
2022-09-01T00:11:28.000Z,Ethiopia civil war: Why fighting has resumed in Tigray and Amhara
2022-08-31T12:54:35.000Z,Oscar Pistorius: South African ex-Paralympian seeks to force early prison release
2022-08-31T17:38:23.000Z,Suellen Tennyson: Kidnapped US Catholic nun freed in Burkina Faso
2022-08-29T11:49:12.000Z,Pakistan floods: Helicopter lifts stranded boy
2022-08-31T13:51:44.000Z,Pakistan floods: Shelter staff rescue 250 dogs
2022-09-01T03:30:41.000Z,China may have committed crimes against humanity in Xinjiang - UN report
2022-05-24T11:41:04.000Z,Who are the Uyghurs and why is China being accused of genocide?
2021-02-02T22:52:07.000Z,'Their goal is to destroy everyone': Uighur camp detainees allege systematic rape
2022-09-01T00:33:46.000Z,Netflix's Indian Matchmaking: ‘Sima aunty’ raises eyebrows - again
2022-08-30T15:45:09.000Z,Books and bomb shelters: Ukraine returns to school
2022-08-30T21:44:05.000Z,Mikhail Gorbachev: Last Soviet leader dies aged 91
2022-09-01T01:59:23.000Z,Nord Stream 1: Russia shuts major gas pipeline to Europe
2022-09-01T01:59:23.000Z,Nord Stream 1: Russia shuts major gas pipeline to Europe
2022-08-31T13:19:47.000Z,"Russia: Mikhail Gorbachev changed history, but was wrong about ties to West"
2022-08-31T15:54:32.000Z,Germans say goodbye to summer of €9 travel tickets
2022-08-31T19:49:13.000Z,Russia turns off gas and Gorbachev remembered - Ukraine round-up
2022-08-31T17:51:00.000Z,What a Pizza Hut ad says about Gorbachev - and Russia
2022-09-01T00:17:19.000Z,Ukraine war: 'I'm more scared of my new teacher than of war'
2022-08-31T18:33:45.000Z,John Simpson: Mikhail Gorbachev was a man of decency but not vision
2022-08-31T17:40:00.000Z,Giant hailstones lash parts of Spain
2022-08-31T19:34:52.000Z,EU Russia: Bloc toughens visa regime but no ban
2022-08-31T16:33:02.000Z,Saudi Arabia seizes record 46 million amphetamine pills hidden in flour
2022-08-31T19:08:53.000Z,Documents likely concealed at Donald Trump's Florida home - officials
2022-08-31T15:48:13.000Z,US life expectancy falls to lowest level since 1996
2022-08-31T16:24:54.000Z,Micky Dolenz: Last living Monkees member sues FBI for secret files on band
2022-08-31T23:58:56.000Z,Meet the BBC’s 'undercover voters' for the US midterms
2022-09-01T01:17:50.000Z,Sarah Palin loses comeback bid in Alaska upset to Democrat
2022-09-01T03:19:14.000Z,Trump team downplays sensitive files at Mar-a-Lago
