﻿2022-08-05T00:27:34.000Z,"Afghanistan refugees: Hotels and hopelessness, but opportunity too, in UK"
2022-08-05T16:33:23.000Z,In pictures: England's bare lawns and parched parks
2022-08-06T11:34:58.000Z,Cyclists who kill pedestrians could face tougher sentences
2022-08-06T15:41:50.000Z,"Lowering taxes best way to avoid recession, says Liz Truss"
2022-08-06T13:32:48.000Z,Archie Battersbee: 'He fought until the end'
2022-08-06T13:49:40.000Z,Party time as Brighton's Pride returns after Covid
2022-08-06T06:12:13.000Z,England's Big Picture: 1 August - 7 August 2022
2022-08-06T22:07:39.000Z,Girl dies after getting into difficulty at Windsor water park
2022-08-06T09:21:06.000Z,Chesterfield crash: Five injured as vehicle smashes into building
2022-08-06T14:50:33.000Z,Archie Battersbee: How did life support battle end up in court?
2022-08-06T14:57:22.000Z,"Archie Battersbee 'fought until the end', says mum after son dies"
2022-08-06T23:03:07.000Z,Wingwalker Betty Bromage completes fifth high-flying challenge
2022-08-06T06:22:09.000Z,Margate Winter Gardens: Questions linger over future of iconic venue
2022-08-06T07:58:15.000Z,Ukraine war: Wembley exhibition shows 'beauty' of country
2022-08-06T17:12:00.000Z,Teenager dead in Leytonstone stabbing
2022-08-06T15:03:13.000Z,Brighton Pride 2022: Festival celebrates 30th anniversary
2022-08-06T15:44:07.000Z,Camber Sands: Six arrested after holiday park death
2022-08-06T13:12:42.000Z,Cost of living: Minister urged to 'step up' over uniform costs
2022-08-06T17:06:17.000Z,Ballymoney: Man arrested after suspected sexual assault on girl
2022-08-06T21:37:37.000Z,Newry: Motorcyclist dies in two-vehicle collision
2022-08-06T23:07:33.000Z,Portadown: Large fire on Blackisland Road
2022-08-06T11:52:23.000Z,Liz Truss quizzed on 'no handouts' policy
2022-08-06T07:59:17.000Z,The social enterprise hair salon in Edinburgh changing lives
2022-08-06T09:43:40.000Z,Scotland's papers: Sunak 'to take on' SNP and Kaye set for Strictly
2022-08-06T15:25:12.000Z,"Council workers' pay deal will mean sacrifices, says Swinney"
2022-08-06T13:23:55.000Z,Royal Edinburgh Military Tattoo back with a bang after three years
2022-08-06T06:23:20.000Z,Anorexia: Welsh patient treated hundreds of miles from home
2022-08-06T21:06:16.000Z,"Port Talbot: Tata Steel faces crunch-time, professor warns"
2022-08-06T06:15:27.000Z,Bridgend avant garde hairdresser nominated for UK award
2022-08-06T15:02:47.000Z,Diversity: Does the National Eisteddfod reflect modern Wales?
2022-08-06T07:27:43.000Z,ESports: Welsh video gamers head for Commonwealth Games
2022-08-06T15:34:38.000Z,Eisteddfod: How inclusive is the Welsh language festival?
2022-08-06T12:08:25.000Z,NHS 111 software outage confirmed as cyber-attack
2022-08-06T21:03:58.000Z,"Bangladesh: Samira Islam, 20, third family member to die"
2022-08-06T13:50:08.000Z,National Eisteddfod: Mystery of disappearing sign letters
2022-08-06T21:10:09.000Z,Macro photography: The hidden world of garden insects
2022-08-05T18:49:21.000Z,
