﻿2022-08-16T00:34:13.000Z,Pet bills: The people reuniting families with their pets
2022-08-16T14:15:53.000Z,"Where are hosepipe bans in place, and what do they mean?"
2022-08-16T05:00:20.000Z,Dame Deborah James: Cancer campaigner lived a full life 'with no regrets'
2022-08-15T23:03:12.000Z,ADHD clinic: 'I'm 22 and I've just been diagnosed'
2022-08-16T05:17:22.000Z,Dame Deborah James's mother on life without her daughter
2022-08-16T20:37:10.000Z,Rwanda asylum scheme: Warning over political killings before UK flight
2022-08-16T13:47:05.000Z,Heavy rain and storms sweep across the UK
2022-08-16T23:05:41.000Z,Police officers violent to women will be sacked under new guidance
2022-08-16T16:01:48.000Z,First Barbie doll with hearing aids is 'really important' - Rose Ayling-Ellis
2022-08-16T18:11:34.000Z,UK denies Moscow claims RAF jet entered Russian airspace
2022-08-16T13:39:29.000Z,"Owami Davies: Police trawl through 50,000 hours of CCTV footage"
2022-08-16T21:28:05.000Z,Greenford: Elderly man on mobility scooter stabbed to death
2022-08-16T11:47:24.000Z,"Benjamin Mendy: Footballer tried to rape woman after shower, jury told"
2022-08-16T15:19:46.000Z,Badger baiting prevention scheme commended
2022-08-16T16:20:49.000Z,Hillsborough: Huntsman Jack Harris fined after attacks by foxhounds
2022-08-16T19:35:30.000Z,Lorry driver dies after Omagh crash
2022-08-16T18:49:35.000Z,Schools in England told not to cut days over energy price rises
2022-08-16T15:49:47.000Z,Maesteg: £250k fraud council had signed blank cheques
2022-08-16T21:39:33.000Z,Liz Truss accused of branding British workers lazy in leaked audio
2022-08-16T21:49:54.000Z,Will my child get free school meals this year?
2022-08-16T17:40:26.000Z,Covid: Scotland's autumn boosters to roll out from 5 September
2022-08-16T21:42:28.000Z,Tory leadership: Truss and Sunak reject indyref2 in Perth
2022-08-16T17:30:58.000Z,Group defends hiring man as period dignity officer
2022-08-16T20:28:16.000Z,Wales' thunderstorm warning extended to three days
2022-08-16T15:56:00.000Z,"Ryan Giggs an unfaithful 'love cheat' in relationships, court hears"
2022-08-16T13:40:09.000Z,Cost of living: Iceland to offer interest-free loans to customers
2022-08-16T16:10:59.000Z,Cancer survival rates show a mixed picture in Wales
2022-08-16T21:59:19.000Z,Cost of living: Shopkeeper fears for his business as prices rocket
2022-08-16T21:59:07.000Z,Conservative MP Virginia Crosbie on how tragedy made her strong
2022-08-16T16:43:24.000Z,
2022-08-16T05:33:02.000Z,Afghan contractors: 'I wish I'd never worked for the UK government'
