﻿2022-08-23T12:40:14.000Z,Liverpool police reveal how shooting of 9-year-old unfolded
2022-08-23T12:57:03.000Z,Liverpool gunman had 'no connection' to killed 9-year-old
2022-08-23T23:01:44.000Z,The Scots Guards perform Eurovision 'Stefania' tribute for Ukraine's Independence Day
2022-08-23T16:59:53.000Z,Yordanos Brhane: 'Obsessed' killer jailed for Birmingham stabbing
2022-08-20T23:04:03.000Z,'I broke the world record with my last ever run'
2022-08-20T06:30:48.000Z,"DJ Archie, aged seven, has hopes of playing Glastonbury"
2022-08-23T20:09:22.000Z,Wickford bonfire blaze spreads to seven gardens
2022-08-23T14:53:17.000Z,Cleethorpes Wildlife Rescue issues safety plea at drought-hit lake
2022-08-23T11:03:43.000Z,"Chelsea Bridge death: Tasering man was excessive force, family says"
2022-08-23T10:18:53.000Z,Greenford: Mobility scooter murder accused appears in court
2022-08-23T16:29:32.000Z,Park Royal residents warned of speeding before deadly car crash
2022-08-23T18:17:50.000Z,Owami Davies: Missing student nurse found alive and well
2022-08-23T15:41:35.000Z,Rico Burton: Man charged with murder of Tyson Fury's cousin
2022-08-23T20:49:08.000Z,Liverpool shooting: Victim named as Olivia Pratt-Korbel
2022-08-23T16:41:37.000Z,"Liverpool shooting: Olivia Pratt-Korbel was ray of sunshine, head teacher says"
2022-08-23T16:49:21.000Z,Omagh: Hunt continues for missing wallaby in County Tyrone
2022-08-23T18:01:06.000Z,Education Authority faces potential budget deficit of £200m
2022-08-23T18:22:20.000Z,Aaron Sloan: Ex-bar worker gets probation for sexual assault
2022-08-23T14:06:07.000Z,Cabinet Office staff accused of bullying and racism in leaked report
2022-08-23T16:55:14.000Z,"Ukraine refugee hosts should get £700 a month, says minister"
2022-08-23T21:47:59.000Z,What is Gers and how is it calculated?
2022-08-23T20:17:21.000Z,Cyclist Rab Wardell dies two days after winning Scottish title
2022-08-23T19:45:23.000Z,Bin strikes to go ahead across Scotland despite new pay offer
2022-08-23T21:47:12.000Z,The pre-loved baby boxes being sent to Ukraine’s frontline
2022-08-23T14:28:40.000Z,Jagtar Singh Johal: Tortured Scot's family astonished by tip-off claim
2022-08-23T15:39:15.000Z,School and nursery staff to strike over pay
2022-08-23T21:58:29.000Z,Welcome to Wrexham: City in spotlight with Ryan Reynolds' new show
2022-08-23T15:09:00.000Z,Ryan Giggs trial jury retires to considers verdicts
2022-08-23T15:05:58.000Z,Anglesey: Man in court accused of raping girl at beach
2022-08-23T15:25:47.000Z,Lily Sullivan: Man killed teenager after being rejected for sex
2022-08-23T21:58:22.000Z,Vaughan Gething: Trump and Brexit set Wales back on race
2022-08-23T21:11:01.000Z,Monkeypox: Smaller vaccine doses in Wales amid shortage
2022-08-23T16:21:36.000Z,Mayhill riot: Three plead guilty to Swansea disorder involvement
2022-08-23T15:55:55.000Z,Ex-Pembrokeshire councillor banned for illegal porn smear
2022-08-23T18:54:14.000Z,Anglesey: Tiny cameras offer bird's eye view of eel hunt
2022-08-23T19:24:07.000Z,
2022-08-23T16:30:15.000Z,Kenyans seek to sue UK for alleged colonial abuses
