﻿2022-07-12T05:00:34.000Z,SAS killings: How a scandal was uncovered
2022-07-12T21:38:50.000Z,UK heatwave: Temperatures set to peak on Monday
2022-07-12T21:38:50.000Z,UK heatwave: Temperatures set to peak on Monday
2022-07-12T17:46:20.000Z,Queen awards NHS George Cross medal
2022-07-12T21:00:11.000Z,Sir Mo Farah 'relieved' Home Office won't take action over citizenship
2022-07-12T11:36:36.000Z,Sir Mo Farah describes calling his mum after years of separation
2022-07-12T18:15:28.000Z,David Beckham 'felt helpless' as stalker targeted child at school
2022-07-12T20:22:35.000Z,Pub basement fire sends smoke across Trafalgar Square
2022-07-12T17:38:32.000Z,First beaver born in Cheshire for more than 400 years
2022-07-12T23:23:37.000Z,'Flying my parrot is a reason to go out'
2022-07-12T17:29:35.000Z,"Telford child sex abuse went on for generations, inquiry finds"
2022-07-12T17:37:31.000Z,MoD apologises for fires on Salisbury Plain
2022-07-12T23:03:05.000Z,Tory leadership: What candidates think about Northern Ireland Protocol
2022-07-12T20:55:36.000Z,Twelfth of July: Thousands take part in Orange Order parades
2022-07-12T17:12:27.000Z,Who will replace Boris Johnson?
2022-07-12T17:21:20.000Z,Boris Johnson: How will the new Tory leader and PM be chosen?
2022-07-10T09:38:30.000Z,Javid says he gave Johnson the benefit of doubt
2022-07-12T17:14:48.000Z,Tory leadership: Do rivals tax pledges add up?
2022-07-12T21:00:07.000Z,SAS killings: Former head of UK armed forces says he would order investigation
2022-07-12T20:52:46.000Z,"Eight left in contest to lead Conservatives, after Sajid Javid pulls out"
2022-07-12T17:03:55.000Z,NHS Scotland deal signed for mesh removal surgery in US
2022-07-12T14:18:58.000Z,UK government asks Supreme Court to dismiss indyref2 case
2022-07-12T18:35:40.000Z,Speed limit to be lowered to 20mph in Wales
2022-07-12T22:03:48.000Z,Menopause: specialists needed to reduce contradictory advice
2022-07-12T18:59:15.000Z,Q&A: How will new Wales-wide 20mph speed limit law work?
2022-07-12T22:07:38.000Z,Cost of living: Why we've given up our family car for bicycles
2022-07-12T22:06:34.000Z,Cost of living: The family who gave up a car to cycle every day
2022-07-12T22:03:21.000Z,Calls for more menopause specialists to end 'contradictory' advice
2022-07-12T20:08:11.000Z,Quarry death: Teenage boy who died in quarry fall named
2022-07-12T17:10:53.000Z,Barry: Three men arrested for possession of a firearm
2022-07-12T17:58:23.000Z,UK City of Culture 2029: Wrexham bids again
2022-07-12T17:40:30.000Z,"Tenants evicted to allow holiday lets, says Senedd member"
2022-07-12T17:13:22.000Z,Wales council tax: Extending homes could trigger bigger bills
2022-07-12T17:01:21.000Z,Wales council tax: 'Where's all that money going to?'
2022-07-12T18:07:22.000Z,Boris Johnson: I had issues with some of PM's actions - Simon Hart
2022-07-12T11:55:12.000Z,
