﻿2022-07-24T00:52:55.000Z,Dover and Eurotunnel queues: Travellers warned of third day of delays
2022-07-23T12:26:28.000Z,Lincoln: Ukraine refugee praises 'beautiful UK' for support
2022-07-24T00:23:37.000Z,Tory leadership: Truss and Sunak promise crackdown on migration
2022-07-24T01:17:07.000Z,
2022-07-22T16:18:37.000Z,Why does the world need grain to be shipped from Ukraine?
2022-07-22T14:42:16.000Z,The moment Ukraine grain deal is signed
2022-07-23T09:02:51.000Z,Texas wind turbine catches fire after lightning strike
2022-07-22T23:14:14.000Z,Hausas in Sudan: The pilgrims' descendants fighting for acceptance
2022-07-23T23:18:53.000Z,Tunisia referendum: President Kais Saied seeks mandate to extend powers
2022-07-24T02:05:35.000Z,Kenya: Life on the front-line of severe food shortages
2022-07-22T23:11:21.000Z,Shinzo Abe killing: Why a religious group has been put in the spotlight
2022-07-21T23:56:15.000Z,On the ground as security forces push back protesters in Sri Lanka
2022-07-23T11:48:55.000Z,China women: Killer of popular vlogger Lamu executed
2022-07-23T15:29:31.000Z,Teresa Xu: Chinese woman loses court case over bid to freeze eggs
2022-07-23T19:36:48.000Z,Covid in China: Xi Jinping and other leaders given domestic vaccine
2022-07-22T07:16:44.000Z,Splendour in the Grass: Rain causes chaos at Australian music festival
2022-07-22T20:13:44.000Z,Ukraine war: Deal signed to allow grain exports to resume by sea
2022-07-23T14:33:21.000Z,Ukraine war: Explosions rock Ukrainian port hours after grain deal
2022-07-24T01:17:07.000Z,Ukraine war: Zelensky accuses Russia of 'barbarism' over Odesa attack
2022-07-23T15:15:54.000Z,Ukraine war: Key Ukrainian port hit by explosions after grain deal
2022-07-23T23:15:38.000Z,Cuba protests: Mothers' trauma over harsh jail sentences
2022-07-23T23:16:09.000Z,"'I'd Defend Myself, Too': Chileans back abuse survivors"
2022-07-23T16:41:09.000Z,Iran floods: At least 21 killed in southern Fars province
2022-07-23T23:12:44.000Z,Pope Francis: The pontiff's 'pilgrimage of penance' to Canada
2022-07-22T22:00:22.000Z,Pizza delivery man saves children from burning house
2022-07-24T02:56:30.000Z,Oak Fire: Emergency declared as wildfire rages near Yosemite National Park
