﻿2022-07-14T23:08:07.000Z,Why it is so hot - in under 60 seconds
2022-07-16T05:37:06.000Z,Heatwave: National emergency declared after UK's first red extreme heat warning
2022-07-17T23:18:55.000Z,"Rwanda migrant scheme: No evidence that UK policy deters migrants, say MPs"
2022-07-17T15:52:41.000Z,"Rugby player Ricky Bibey, 40, found dead in Italy - reports"
2022-07-17T15:20:23.000Z,Captured Briton John Harding appears in video in Ukraine
2022-07-17T14:18:31.000Z,The springer spaniel helping stop rhino poachers in South Africa
2022-07-16T23:22:10.000Z,
2022-07-14T13:08:06.000Z,Trapped baby elephant and mum rescued in Thailand
2022-07-18T00:02:41.000Z,Kenya election: Taking on the sexist bullies to stand
2022-07-17T12:28:51.000Z,BBC Africa Eye expose: Chinese man extradited to Malawi over racist videos
2022-07-17T23:26:05.000Z,Ghana confirms first cases of deadly Marburg virus
2022-07-17T00:32:36.000Z,The hard choices Sri Lankans must make now
2022-07-17T23:53:47.000Z,Why Bollywood is struggling to beat pandemic blues
2022-07-08T23:17:32.000Z,Italians wait for rain where longest river runs dry
2022-07-17T23:51:31.000Z,Ukraine war: The fight to rescue our adopted children
2022-07-16T23:22:10.000Z,Ukraine War: The Donbas body collector who has lost count
2022-07-16T23:00:21.000Z,How did a captain survive? - The mysterious death of 21 men on a Spanish fishing boat
2022-07-17T13:13:24.000Z,Greece plane crash: Cargo aircraft was carrying weapons to Bangladesh - minister
2022-07-17T09:04:59.000Z,German Documenta art fair chief quits in anti-Semitism row
2022-07-17T11:52:47.000Z,Heatwave: More evacuations as Mediterranean wildfires spread
2022-07-17T17:17:44.000Z,Collecting the war dead and the anti-war priest - round-up
2022-07-17T19:07:48.000Z,"Restoring power-sharing a priority, says Micheál Martin"
2022-07-17T22:55:36.000Z,Ukraine war: Zelensky fires security chief and top prosecutor
2022-07-16T03:02:38.000Z,Mexican drugs lord Rafael Caro Quintero arrested
2022-07-17T23:04:21.000Z,Alaa Abdel Fattah: 'My brother's certain he won't come out of Egypt prison alive'
2022-07-15T11:29:44.000Z,Palestinian people deserve a state of their own - Biden
2022-07-17T15:17:09.000Z,Several arrests at protest over dying Iranian lake
2022-07-17T21:32:40.000Z,Texas shooting: Uvalde report finds 'systemic failures' by authorities
2022-07-17T23:09:04.000Z,Texas shooting: Speak to us! Cowards! - Families yell over report
