﻿2022-08-29T22:41:47.000Z,"Meghan interview: It takes effort to forgive, says Duchess of Sussex"
2022-08-30T02:56:16.000Z,Cost of living: Chancellor Nadhim Zahawi visits US for talks
2022-08-30T03:46:32.000Z,
2022-08-28T23:29:39.000Z,"Venus and Serena Williams' coach: ""We changed history"""
2022-08-30T00:24:17.000Z,Kenya fashion: The designers giving Nairobi a fashionable name
2022-08-29T16:02:09.000Z,Ghana zoo: Lions maul man to death in Accra
2022-08-29T16:29:19.000Z,Angola election: The MPLA defeats Unita in closest-ever election
2022-08-29T11:49:12.000Z,Pakistan floods: Helicopter lifts stranded boy
2022-08-30T01:05:04.000Z,Maharashtra: The Indian tribal families living on a highway with animals
2022-08-23T16:04:59.000Z,Ukraine war in maps: Tracking the Russian invasion after six months
2022-08-24T16:28:51.000Z,Ukraine weapons: What military equipment is the world giving?
2022-08-29T14:50:51.000Z,EU faces awful winters without gas cap - minister
2022-08-29T08:42:09.000Z,Two Air France pilots suspended after cockpit fistfight
2022-08-30T03:46:32.000Z,Kherson: Ukraine claims new push in Russian-held region
2022-08-30T00:31:42.000Z,Pakistan floods: One third of country is under water - minister
2022-08-29T21:00:12.000Z,Undeclared pools in France uncovered by AI technology
2022-08-29T04:46:52.000Z,Colombia holds huge concert to mark report into armed conflict
2022-08-29T11:37:16.000Z,Brazil election: Bolsonaro and Lula trade insults in first debate
2022-08-29T16:16:51.000Z,'Man of the Hole': Last of his tribe dies in Brazil
2022-08-28T23:00:54.000Z,The Palestinians facing mass eviction in the West Bank
2022-08-30T00:40:09.000Z,Secret deals ending Britain's control in Gulf revealed
2022-08-29T20:08:10.000Z,"Buildings stormed after Moqtada al-Sadr, Iraqi political leader, retires"
2022-08-29T17:38:58.000Z,Moqtada al-Sadr supporters storm Iraqi palace after he retires
2022-08-30T03:17:52.000Z,Moqtada al-Sadr: At least 15 dead amid fighting in Iraqi capital
2022-08-30T00:52:12.000Z,Indianapolis: Dutch commando dies after shooting outside US hotel
2022-08-29T14:01:18.000Z,Guinness World Record: Man rides 38 miles in giant pumpkin
