﻿2022-07-22T18:42:27.000Z,Royal Navy tracks two Russian submarines in North Sea
2022-07-22T20:13:44.000Z,
2022-07-22T16:18:37.000Z,Why does the world need grain to be shipped from Ukraine?
2022-07-22T14:42:16.000Z,The moment Ukraine grain deal is signed
2022-07-22T23:14:14.000Z,Hausas in Sudan: The pilgrims' descendants fighting for acceptance
2022-07-22T13:48:01.000Z,Willie Kimani: Kenyan policemen guilty of murdering human rights lawyer
2022-07-22T18:10:13.000Z,Tunisia referendum: A nation divided
2022-07-22T23:11:21.000Z,Shinzo Abe killing: Why a religious group has been put in the spotlight
2022-07-21T23:56:15.000Z,On the ground as security forces push back protesters in Sri Lanka
2022-07-22T20:44:11.000Z,China heatwave: Temperatures of 40C expected this weekend
2022-07-22T23:15:15.000Z,Kerala: Meet the Indian woman who flaunts her moustache
2022-07-22T07:16:44.000Z,Splendour in the Grass: Rain causes chaos at Australian music festival
2022-07-21T05:09:51.000Z,The bottlenecks on alternative routes to export Ukrainian grain
2022-07-22T11:04:46.000Z,Czechs demolish pig farm on Nazi concentration camp for Roma
2022-07-22T13:43:40.000Z,Ukraine's frontline farmers toil on amid explosions
2022-07-22T20:13:44.000Z,Ukraine war: Deal signed to allow grain exports to resume by sea
2022-07-22T20:13:44.000Z,Ukraine war: Deal signed to allow grain exports to resume by sea
2022-07-22T18:07:54.000Z,Grain deal signed and Russia's steel 'looting' - Ukraine round-up
2022-07-22T19:39:16.000Z,Micheál Martin visits Singapore prison that held his uncle
2022-07-22T20:42:40.000Z,Brazil violence: At least 19 killed in police raid on Rio favela
2022-07-22T22:30:19.000Z,Haiti gang violence: Children take shelter in school
2022-07-22T23:28:10.000Z,Huge jellyfish swarm surrounds boat in Israel
2022-07-22T22:01:47.000Z,Steve Bannon: Trump ally guilty of contempt of Congress
2022-07-22T23:27:21.000Z,Biden's doctor: President's Covid symptoms 'have improved'
2022-07-22T22:33:31.000Z,Monkeypox: US confirms first two cases in children
2022-07-22T22:00:22.000Z,Pizza delivery man saves children from burning house
