﻿2022-08-25T23:22:33.000Z,Campsites call for new rules to stay open longer
2022-08-25T19:43:52.000Z,Stephen Barclay challenged on ambulance delays
2022-08-26T08:54:08.000Z,"Martin Lewis 'begging, praying' for more energy bills help"
2022-08-27T23:55:44.000Z,Prince Charles guest edits special edition of The Voice
2022-08-27T08:04:41.000Z,England's Big Picture: 22 August - 28 August 2022
2022-08-27T16:19:58.000Z,Princess Diana's Ford Escort sells for £650K at auction
2022-08-27T17:40:13.000Z,Clacton's last indoor market closes after 40 years
2022-08-28T00:04:32.000Z,Tony Hudgell: Release of birth father halted under new law on offenders
2022-08-27T11:33:50.000Z,Man dies after entering River Thames during arrest
2022-08-27T17:26:36.000Z,Men held over Olivia Pratt-Korbel's murder bailed
2022-08-27T00:23:56.000Z,Harry Dunn: Family's bid for answers three years on from crash death
2022-08-27T13:23:39.000Z,Rebecca Adlington speaks of devastation after miscarriage
2022-08-26T07:28:14.000Z,'I live on ready meals as my electric cooker costs too much'
2022-08-27T09:40:24.000Z,Latest Northern Ireland weather forecast
2022-08-27T06:17:28.000Z,Handball: Ulster revival of the GAA's 'poor relative'
2022-08-27T23:04:31.000Z,Community transport: ‘It was a reason to get up in the morning’
2022-08-27T14:31:51.000Z,Royal Black Institution hold 'last Saturday' parades
2022-08-27T14:52:25.000Z,Bangor: Two children injured in racially-motived attack
2022-08-27T20:11:52.000Z,Carrickfergus: Two people taken from water after boat sinks
2022-08-27T13:49:41.000Z,"Energy bills: Middle-earners will need help with rising prices too, says chancellor"
2022-08-27T12:25:33.000Z,No bin strike deal yet as talks continue
2022-08-27T11:44:14.000Z,The Home and Away dream of an Aussie soap superfan
2022-08-27T09:19:41.000Z,Scotland's papers: Energy hikes to wipe out savings
2022-08-27T17:27:49.000Z,Public health warning as bin strikes continue
2022-08-27T16:29:01.000Z,Australian comic wins Edinburgh comedy award
2022-08-27T15:07:59.000Z,In pictures: Graffiti used to protest climate change and war
2022-08-27T21:03:59.000Z,TikTok: Welsh young people quitting their jobs for social media
2022-08-27T06:57:52.000Z,LGBTQ+ Pride: Firms accused of 'rainbow-washing'
2022-08-27T21:03:46.000Z,Polycystic ovary syndrome treatment insufficient - charity
2022-08-27T06:14:15.000Z,Snowdon: Can new technology stop parking chaos?
2022-08-27T14:42:27.000Z,Bangladesh deaths: Cardiff mum remains seriously unwell
2022-08-27T17:35:17.000Z,Energy price rise: Middle-aged people 'face double whammy'
2022-08-27T20:38:50.000Z,Pontypool: Artificial ski slope burned by vandals
2022-08-27T20:24:15.000Z,Brecon: Murder probe launched after 87-year-old woman dies
2022-08-27T09:41:31.000Z,
2022-08-26T23:32:48.000Z,Salman Rushdie: Did a ‘chance’ airport meeting lead to fatwa?
