﻿2022-06-16T09:24:03.000Z,How hot is it where you are?
2022-07-11T18:40:42.000Z,UK heatwave: Temperatures rise to 32C amid extreme heat warning
2022-07-11T18:40:42.000Z,UK heatwave: Temperatures rise to 32C amid extreme heat warning
2022-07-11T21:01:23.000Z,Sir Mo Farah reveals he was trafficked to the UK as a child
2022-07-11T15:29:01.000Z,Pug dog dies after being left in hot van at Baldock kennels
2022-07-11T16:30:13.000Z,Heatwave: 'My Australian husband thought UK summers were wet'
2022-07-08T23:02:31.000Z,The care leaver who made a number one album
2022-07-11T16:07:37.000Z,"Archie Battersbee has no prospect of recovery, court told"
2022-07-11T18:07:26.000Z,Wakefield: Boy's body pulled from canal as temperatures soar
2022-07-11T20:48:48.000Z,Nicki Minaj's Camden meet and greet cancelled due to overcrowding
2022-07-11T16:45:46.000Z,"Ava White: Boy who killed girl, 12, in Snapchat row gets life"
2022-07-11T16:31:40.000Z,Crash pilot Emily Collett may have suffered heart attack
2022-07-11T16:27:27.000Z,Salisbury Plain fires: Crews barred from tackling MoD blaze due to explosion risk
2022-07-11T18:52:45.000Z,South Belfast: Fly-tipping branded a health hazard for residents
2022-07-11T17:22:53.000Z,Larne bonfire: Council launches investigation after man's death
2022-07-11T19:58:48.000Z,Who will replace Boris Johnson?
2022-07-10T06:43:54.000Z,Boris Johnson resignation: What happens now?
2022-07-08T21:21:03.000Z,Political landscape being re-shaped before our eyes
2022-07-10T09:38:30.000Z,Javid says he gave Johnson the benefit of doubt
2022-07-11T17:19:54.000Z,"I'm not backing any Tory leadership contender, says Boris Johnson"
2022-07-11T17:19:54.000Z,"I'm not backing any Tory leadership contender, says Boris Johnson"
2022-07-11T22:07:03.000Z,Rishi Sunak hits back at Tory leadership tax critics
2022-07-11T21:54:59.000Z,'We have a zeal to protect our heritage through radio'
2022-07-11T16:16:57.000Z,Ukraine refugees: Scotland pauses super sponsor scheme
2022-07-11T15:13:02.000Z,ScotRail train drivers accept new pay deal to end disruption
2022-07-11T22:01:24.000Z,Speed limit to be lowered to 20mph in Wales
2022-07-11T21:59:21.000Z,Gary Speed: Wales manager's mother talks about his death
2022-07-08T17:34:52.000Z,Sailor spots 12ft shark lurking in sea off Tenby
2022-07-10T05:59:53.000Z,Boris Johnson: Why Monmouthshire turned against PM
2022-07-11T21:57:46.000Z,Gary Speed: Mum's pain over former Wales manager's death 'never goes away'
2022-07-11T17:53:35.000Z,Weather: Met Office warns of Wales 'exceptionally' high temperatures
2022-07-11T17:16:11.000Z,Met Office's extreme heat warning for eastern Wales
2022-07-11T16:32:08.000Z,Jamie Wallis: MP found guilty of driving offences
2022-07-11T15:34:53.000Z,
2022-07-07T10:19:55.000Z,Boris Johnson: Moments from his leadership
