﻿2022-08-23T23:01:44.000Z,The Scots Guards perform Eurovision 'Stefania' tribute for Ukraine's Independence Day
2022-08-23T16:59:53.000Z,Yordanos Brhane: 'Obsessed' killer jailed for Birmingham stabbing
2022-08-23T16:55:14.000Z,"Ukraine refugee hosts should get £700 a month, says minister"
2022-08-23T21:47:12.000Z,The pre-loved baby boxes being sent to Ukraine’s frontline
2022-08-23T19:24:07.000Z,
2022-08-23T23:40:25.000Z,Angola election: Long-dominant MPLA faces tough Unita challenge
2022-08-23T03:20:36.000Z,377A: Gay marriage looms as new frontline in Singapore battle for LGBT rights
2022-08-23T13:36:32.000Z,China textbooks revised after 'ugly' cartoons spark outcry
2022-08-22T23:53:44.000Z,Kolkata St Xavier's teacher: ‘I was forced to resign over bikini photos’
2022-08-23T23:46:27.000Z,Missing baby girls: Is India’s skewed sex ratio at birth getting better?
2022-08-21T13:34:28.000Z,"In pictures: Drought in Europe exposes sunken ships, lost villages and ominous 'hunger stones'"
2022-08-22T13:36:45.000Z,Darya Dugina: Speculation rife as Russians ponder journalist's killing
2022-08-23T23:01:28.000Z,"Front line frontmen: Antytila, the rock band fighting Russia"
2022-08-22T17:56:09.000Z,Moment superyacht sinks off the coast of Italy
2022-08-23T12:15:41.000Z,"Darya Dugina: Moscow murder accusation is fiction, says Ukraine"
2022-08-23T11:59:25.000Z,Darya Dugina's father speaks at her Moscow memorial service
2022-08-23T17:24:43.000Z,Stolen car found stuck in metro station in Madrid
2022-08-23T19:24:07.000Z,Ukraine round-up: UN warns against trial of POWs and the return of top-flight football
2022-08-23T14:26:07.000Z,Finnish PM Sanna Marin sorry for topless guest photo at official residence
2022-08-23T16:47:28.000Z,Europe's drought the worst in 500 years - report
2022-08-23T17:20:10.000Z,Ukraine war: Alarm over reports Ukrainian POWs face trial in cages
2022-08-23T21:20:48.000Z,Spain: Gunman euthanised before he can stand trial
2022-08-23T23:31:27.000Z,Darién Gap: Where migrant children's tears run dry
2022-08-23T11:48:48.000Z,Ben & Jerry's fails to stop sales in Israeli settlements
2022-08-23T08:51:43.000Z,Beirut: Further part of grain silos collapses 2 years after blast
2022-08-23T15:06:06.000Z,Qatar deports migrant workers after wage protest
2022-08-23T20:59:30.000Z,Breonna Taylor: Ex-officer pleads guilty to helping falsify search warrant
2022-08-22T20:47:52.000Z,Texas flash floods leave cars almost underwater
2022-08-23T13:55:21.000Z,Iconic Winston Churchill photo vanishes from Canada hotel
2022-08-23T16:48:16.000Z,Gretchen Whitmer: Two convicted in Michigan governor kidnap plot case
2022-08-23T21:52:32.000Z,Nancy Pelosi's husband sentenced for drink-driving crash
2022-08-23T23:06:28.000Z,Rayshard Brooks: No charges in police killing that sparked protests
