﻿Updated: 2017-08-31 08:54,American in Beijing lives his Chinese dream
Updated: 2017-08-31 11:17,
Updated: 2021-01-25 10:17,Sharon Fraser : The awareness of Chongqing needs to be built outside of China
Updated: 2021-08-20 09:00,Student explores city's attractions by bicycle
Updated: 2022-06-13 09:38,Senior Chinese military officer meets Pakistani chief of army staff
Updated: 2022-06-14 09:06,Chinese vice-premier urges solid efforts to contain COVID-19 in Beijing
Updated: 2022-06-14 09:48,"Musician changing lives, one note at a time"
Updated: 2022-06-14 14:39,Number of postgrads rises in last decade
Updated: 2022-06-15 08:33,Guideline takes aim at telecom fraud
Updated: 2022-06-15 09:20,Postgraduate education expanded in past decade
Updated: 2022-06-15 16:15,Xinjiang's former Party chief takes new post
Updated: 2022-06-16 09:12,HK LegCo passes plan on govt restructure
Updated: 2022-06-16 10:25,China to further reinforce legal guarantee for rural vitalization
Updated: 2022-06-16 11:19,Serving neighbors in pandemic gives teenager real-life lesson
Updated: 2022-06-17 07:58,Forum hails HK's progress
Updated: 2022-06-17 08:53,Moon water may have originated below ground
Updated: 2022-06-17 09:12,Coal's dominance a challenge for transition
Updated: 2022-06-17 09:30,Emergency center dispatcher praised
Updated: 2022-06-17 09:41,Government to provide more jobs
Updated: 2022-06-17 09:57,New carbon form has good potential
Updated: 2022-06-17 10:18,"Online, telecom fraud to get heavier penalties"
Updated: 2022-06-17 10:19,Northern China swelters as mercury rises as high as 40 C
Updated: 2022-06-17 16:35,Campus recruitment drives resume with caveats
Updated: 2022-06-18 08:30,Campuses welcome back job seekers
Updated: 2022-06-18 20:08,Chinese scientists identify genes for more heat-tolerant rice
Updated: 2022-06-19 22:25,HKSAR chief executive greets newly-appointed principal officials of incoming gov't
Updated: 2022-06-20 07:12,"Incoming HK chief says team united, loyal"
Updated: 2022-06-20 07:41,Scientists solve issues in growing seedless lychee
Updated: 2022-06-20 07:48,Alleged misuse of health code stirs public concern online
Updated: 2022-06-20 07:59,"For Wuhan donor, giving blood benefits him, too"
Updated: 2022-06-20 08:43,Structural changes boost media sector
