﻿Updated: 2017-08-31 08:54,American in Beijing lives his Chinese dream
Updated: 2017-08-31 11:17,
Updated: 2021-01-25 10:17,Sharon Fraser : The awareness of Chongqing needs to be built outside of China
Updated: 2021-08-20 09:00,Student explores city's attractions by bicycle
Updated: 2022-03-25 16:05,China rolls out policies to support grain production
Updated: 2022-03-27 22:16,Chinese vice premier urges reinforcing poverty-elimination achievements
Updated: 2022-03-28 09:39,Multicultural effort creates Long Tune
Updated: 2022-03-29 06:50,Xi mourns victims of plane crash
Updated: 2022-03-29 08:15,Tending the foundations
Updated: 2022-03-29 08:52,Students need real lives to aid growth
Updated: 2022-03-29 08:58,Unhealthy sector required guidance
Updated: 2022-03-29 14:43,Mainland sends TCM team to help fight outbreak in HK
Updated: 2022-03-29 15:13,Shenzhou XIII astronauts prep for return
Updated: 2022-03-29 15:20,"In Guangdong, esports gets new emphasis"
Updated: 2022-03-29 16:46,HKEX eyes being go-to intl market for China opportunities with connectivity drive
Updated: 2022-03-30 07:04,Postgraduate exam more competitive
Updated: 2022-03-30 07:07,Shanghai releases measures to support businesses
Updated: 2022-03-30 08:38,New measures to bolster job market
Updated: 2022-03-30 08:53,Central government aims to standardize administrative services
Updated: 2022-03-30 09:00,Hong Kong can't afford to let down its guard on COVID curbs
Updated: 2022-03-30 09:27,Robotic knees earn amputee inventor fame
Updated: 2022-03-30 09:31,Long March 6A blasts off in Shanxi
Updated: 2022-03-30 09:35,Former serf recalls 60 years of change in Tibet
Updated: 2022-03-30 09:47,Rail connects Chinese goods with the world
Updated: 2022-03-30 09:55,"New provincial, regional Party secretaries chosen"
Updated: 2022-03-30 10:48,Tests begin on emergency hospital in HK
Updated: 2022-03-30 10:49,Athletes engage in fight against COVID-19
Updated: 2022-03-30 14:45,IPR awareness efforts extended to students
Updated: 2022-03-30 15:06,China Satellite Navigation Exhibition to highlight applications in emerging fields
Updated: 2022-03-31 07:05,Minister warns against relaxing antivirus measures
Updated: 2022-03-31 07:09,Natural gas seen as Sino-Turkmen cooperation priority
Updated: 2022-03-31 07:13,Demand for vegetables met amid restrictions
