﻿Updated: 2017-08-31 08:54,American in Beijing lives his Chinese dream
Updated: 2017-08-31 11:17,
Updated: 2021-01-25 10:17,Sharon Fraser : The awareness of Chongqing needs to be built outside of China
Updated: 2021-08-20 09:00,Student explores city's attractions by bicycle
Updated: 2022-07-11 18:22,Universities encouraged to use expertise to help businesses with technological and industrial development
Updated: 2022-07-12 15:09,Zhuhai suspends all group teaching
Updated: 2022-07-13 07:36,US envoy slammed for 'untruthful' claims on HK
Updated: 2022-07-13 08:57,Hong Kong to utilize mainland connections
Updated: 2022-07-14 08:50,Award nominee muses on his achievements
Updated: 2022-07-14 09:07,Hong Kong sees boom in learning Mandarin
Updated: 2022-07-15 07:07,Admission letters catch eyes of freshmen
Updated: 2022-07-15 10:07,China creates over 6.5 million urban jobs in H1
Updated: 2022-07-15 10:40,Chinese premier pledges to ease burden of receiving medical treatment
Updated: 2022-07-15 10:42,Smart platform provides quality teaching resources
Updated: 2022-07-15 17:20,"Abandoned baby gets a father, and later wealth"
Updated: 2022-07-16 22:13,Maritime rescue forces deployed at Nansha Islands
Updated: 2022-07-17 09:28,Wang sits for interview on recent meetings
Updated: 2022-07-17 16:47,Tianzhou 3 cargo ship departs from Tiangong station
Updated: 2022-07-17 21:27,HKSAR govt continues tracing COVID-19 through sewage surveillance
Updated: 2022-07-18 07:20,Carbon trading shows worth at anniversary
Updated: 2022-07-18 07:22,Hubei's new airfreight hub marks a first for Asia
Updated: 2022-07-18 07:33,Maritime forces provide safe haven for public
Updated: 2022-07-18 07:00,River cleanup results in numerous benefits
Updated: 2022-07-18 09:37,Artificial heart gets green light to go on market
Updated: 2022-07-18 09:41,Zhejiang project aids common prosperity
Updated: 2022-07-18 09:47,Netizens moved by tribute to journalist
Updated: 2022-07-18 09:52,China accelerates building of computing infrastructure
Updated: 2022-07-19 06:52,Xi: Safeguard rural heritage of the world
Updated: 2022-07-19 07:20,"Celebrities shape up, triggering food for thought"
Updated: 2022-07-19 08:04,Xi's visit bridges two ancient cultures
Updated: 2022-07-19 08:43,Bride price tradition fueling fresh friction
Updated: 2022-07-19 08:49,Changing with the times
Updated: 2022-07-19 08:52,Number of legal disputes rises
Updated: 2022-07-19 09:00,Authorities investigate Tianjin residential blast
