﻿Updated: 2017-08-31 08:54,American in Beijing lives his Chinese dream
Updated: 2017-08-31 11:17,
Updated: 2021-01-25 10:17,Sharon Fraser : The awareness of Chongqing needs to be built outside of China
Updated: 2021-08-20 09:00,Student explores city's attractions by bicycle
Updated: 2022-05-30 16:45,Premier Li grants appointment certificate to John Lee as HKSAR chief executive
Updated: 2022-05-30 22:23,Interview: 6th-term HKSAR chief executive John Lee vows actions for new chapter
Updated: 2022-05-31 09:34,Lifesaving donations of organs gained by retiree
Updated: 2022-05-31 10:52,Political advisors discuss revising arbitration law
Updated: 2022-06-01 07:56,Lee supported by wide range of society in HK
Updated: 2022-06-01 08:58,Complete review of textbooks underway
Updated: 2022-06-01 09:14,
Updated: 2022-06-01 09:33,Defense minister to attend forum
Updated: 2022-06-01 10:03,"Lancang River reservoirs regulate flood, drought"
Updated: 2022-06-01 10:59,Chinese state councilor stresses need for efforts to defuse major safety risks
Updated: 2022-06-01 23:15,Chinese universities maintain top spots in Asia ranking
Updated: 2022-06-02 07:11,Xi highlights ecological civilization
Updated: 2022-06-02 07:13,President sends message to Brazil's leader over flooding
Updated: 2022-06-02 08:32,Blueprint to improve national health
Updated: 2022-06-02 08:40,New policy measures aim to stabilize shaky foreign trade situation
Updated: 2022-06-02 09:04,Collaborative research probes antimatter
Updated: 2022-06-02 09:12,Expat center celebrating Shanghai's return to normalcy
Updated: 2022-06-02 09:15,Father helps son lose weight to earn Children's Day present
Updated: 2022-06-02 09:48,Safety lines are designed
Updated: 2022-06-02 09:49,Volunteer work provides a fresh view of the world
Updated: 2022-06-02 15:48,China launches 9 satellites on one rocket
Updated: 2022-06-02 17:35,Xi's moments with children
Updated: 2022-06-03 13:53,HK breaks ground on two TCM projects
Updated: 2022-06-03 21:31,Shanghai reports three new cases
Updated: 2022-06-04 08:35,"China-Laos rail link boosts the flow of people, goods"
Updated: 2022-06-04 08:47,Dragon boat festival tantalizes the taste buds
