﻿Updated: 2017-08-31 08:54,American in Beijing lives his Chinese dream
Updated: 2017-08-31 11:17,
Updated: 2021-01-25 10:17,Sharon Fraser : The awareness of Chongqing needs to be built outside of China
Updated: 2021-08-20 09:00,Student explores city's attractions by bicycle
Updated: 2022-08-06 09:22,Young 'diplomats' discuss global challenges
Updated: 2022-08-08 12:12,Expansion of education
Updated: 2022-08-08 14:02,HK to shorten arrivals' quarantine period
Updated: 2022-08-10 09:05,"Chinese state councilor stresses importance of flood control, workplace safety"
Updated: 2022-08-10 10:25,"China strengthens monitoring production, storage of drugs in shortage"
Updated: 2022-08-11 09:20,Village head overcomes doubts with resolve
Updated: 2022-08-11 16:49,China continues crackdown on irregularities of off-campus training institutions
Updated: 2022-08-12 09:37,Expert hopes to brew success with coffee
Updated: 2022-08-12 11:40,CPC strong leadership core of national reunification
Updated: 2022-08-12 11:30,Inno-tech integration 'key catalyst' for growth
Updated: 2022-08-13 07:16,China outranks US in key science publishing
Updated: 2022-08-13 07:26,Two HK teens sentenced for riot chaos
Updated: 2022-08-13 07:46,"Disabled woman helps self, then others via livestreams"
Updated: 2022-08-13 09:37,China submits instruments of ratification of forced labor conventions with ILO
Updated: 2022-08-13 18:23,Shenzhou XIV astronauts to conduct their first spacewalk in coming days
Updated: 2022-08-14 16:56,Senior Chinese diplomat attends opening ceremony of 6th Silk Road Int'l Exposition
Updated: 2022-08-15 07:03,Friendship with Pakistan grows deeper
Updated: 2022-08-15 07:16,Korla section of International Army Games opens
Updated: 2022-08-15 07:40,"Rapid, solid containment efforts required"
Updated: 2022-08-15 09:14,Xinjiang works to assure trapped tourists
Updated: 2022-08-15 09:30,Postnatal light sensing in mice linked to later learning
Updated: 2022-08-15 09:31,Colleges axing public affairs management degrees
Updated: 2022-08-15 09:32,More men cleaning up with housekeeping businesses
Updated: 2022-08-15 09:33,Science majors surpass liberal arts at universities
Updated: 2022-08-15 17:24,Sichuan cuts industrial power to support residents
Updated: 2022-08-15 20:31,China renews red alert for high temperatures
Updated: 2022-08-15 21:51,"China to take resolute measures to safeguard national sovereignty, territorial integrity: FM spokesperson"
Updated: 2022-08-15 22:37,Nation goes all out to address drought
Updated: 2022-08-15 23:44,Nation hits back at new US lawmakers' Taiwan trip
