﻿Updated: 2017-08-31 08:54,American in Beijing lives his Chinese dream
Updated: 2017-08-31 11:17,
Updated: 2021-01-25 10:17,Sharon Fraser : The awareness of Chongqing needs to be built outside of China
Updated: 2021-08-20 09:00,Student explores city's attractions by bicycle
Updated: 2022-05-18 09:33,"Quake survivor Strong Pig, now plasticized, greets Sichuan museum visitors"
Updated: 2022-05-26 21:56,Deliveryman goes extra mile in helping people
Updated: 2022-05-27 13:53,Top legislator stresses legal safeguards for tranquil environment
Updated: 2022-05-27 17:06,"Schools and colleges to improve supplies, necessities, care for students and staff to contain COVID-19"
Updated: 2022-05-28 07:02,CPC leadership deliberates on political consultation
Updated: 2022-05-28 07:23,New phase of policy spells growth
Updated: 2022-05-28 21:16,Ministry orders redoing of textbook illustrations after public outcry
Updated: 2022-05-29 08:14,Vice Foreign Minister Ma Zhaoxu briefs the media on the visit of UN High Commissioner for Human Rights to China
Updated: 2022-05-29 08:15,Forum on national security law held in Hong Kong
Updated: 2022-05-29 08:23,Chinese vice premier stresses summer agricultural production
Updated: 2022-05-29 13:56,Shenzhou XIV mission preparing for launch
Updated: 2022-05-29 19:16,Rocket for China's Wentian lab module arrives at launch site
Updated: 2022-05-29 19:55,
Updated: 2022-05-29 22:39,"Xi's trips to Washington state deepen ties, knowledge"
Updated: 2022-05-30 07:34,Xi: Advance study of tracing nation's origins
Updated: 2022-05-30 07:38,"After outcry, primary school textbooks to be changed"
Updated: 2022-05-30 07:39,Professionals offer valuable advice on how to cope in times of high stress
Updated: 2022-05-30 07:41,Specialized wetland law clears water
Updated: 2022-05-30 07:51,Shanghai enacts post-lockdown action plan
Updated: 2022-05-30 08:19,"China punishes 11,351 officials in April for violating frugality rules"
Updated: 2022-05-30 08:20,HKSAR gov't continues tracing COVID-19 through sewage surveillance
Updated: 2022-05-30 09:12,Tibetan Opera gets grassroots training
Updated: 2022-05-30 09:43,Actor refuses to allow pandemic to stop him chasing his dream
Updated: 2022-05-30 09:44,"Acrobat finds her feet via marriage, family"
Updated: 2022-05-30 09:51,215 COVID-19 patients discharged from hospitals on Chinese mainland
Updated: 2022-05-30 09:54,"Microplastics discovered in remote, frozen plateau"
Updated: 2022-05-30 09:55,HK expected to raise security awareness
Updated: 2022-05-30 10:24,"Beijing reports 8 confirmed, 4 asymptomatic local COVID-19 cases"
