﻿Updated: 2017-08-31 08:54,American in Beijing lives his Chinese dream
Updated: 2017-08-31 11:17,
Updated: 2021-01-25 10:17,Sharon Fraser : The awareness of Chongqing needs to be built outside of China
Updated: 2021-08-20 09:00,Student explores city's attractions by bicycle
Updated: 2022-08-19 09:22,Shenzhen advances as demonstration city
Updated: 2022-08-19 17:27,Conference to promote family planning policies
Updated: 2022-08-20 07:49,China vows to strengthen cybersecurity
Updated: 2022-08-20 08:34,Collaborative system to expedite birth benefits
Updated: 2022-08-21 14:54,China's social security fund reaps 4.27 pct investment return in 2021
Updated: 2022-08-21 20:05,"Spread HKSAR's good stories, CE tells finalists in English-speaking contest"
Updated: 2022-08-22 06:54,103rd successful rocket launch breaks record
Updated: 2022-08-22 08:56,More changes expected for HK's 'social contract'
Updated: 2022-08-22 12:44,Six suspects arrested in HK for role in SE Asia job scam
Updated: 2022-08-22 13:40,Party chief among 27 punished over textbook illustrations
Updated: 2022-08-22 16:46,Exclusive: Hong Kong students could make it back in time for schools
Updated: 2022-08-23 06:46,Xi sends sympathy message to Japanese PM
Updated: 2022-08-23 07:20,Regulators seek to rein in overpriced festive treats
Updated: 2022-08-23 07:34,Taiwan Taekwondo teacher now rooted in Fuzhou
Updated: 2022-08-23 08:46,Fake healthcare projects a major source of fraud
Updated: 2022-08-23 09:02,Rice-producing areas rev up drought relief
Updated: 2022-08-23 09:04,Those responsible for 'strange' textbook illustrations punished
Updated: 2022-08-23 09:05,Artist brushes off disability to inspire with oil on canvas
Updated: 2022-08-23 09:05,Chongqing wildfires put under control
Updated: 2022-08-23 09:11,"From trash to treasure, straw brings in revenue"
Updated: 2022-08-23 09:11,Zhongguancun Forum to be better than ever
Updated: 2022-08-23 09:12,Qingdao world beer festival hops online this year
Updated: 2022-08-23 13:15,China launches new satellite via Kuaizhou 1A carrier rocket
Updated: 2022-08-23 16:23,Tianjin to hold second internet civilization conference
Updated: 2022-08-23 17:05,Wenchuan earthquake amputee admitted to medical school
Updated: 2022-08-23 22:34,Zhejiang University inspires youngsters in response to UN's 2030 Agenda
Updated: 2022-08-24 07:07,Environmental protection industry helping to bolster economic growth
Updated: 2022-08-24 07:19,Chengdu power shortage makes heat unbearable
Updated: 2022-08-24 07:25,Ministry: Nation to resolutely safeguard sovereignty
