﻿Updated: 2022-08-04 09:35,Kenyan avocado exports taste of things to come with expanded market
Updated: 2022-08-05 09:00,"Energy profits should be taxed, says UN chief"
Updated: 2022-08-06 16:04,Pelosi family under scrutiny for stock trades
Updated: 2022-08-08 09:03,Iran does not seek nuke weapons: FM
Updated: 2022-08-08 09:10,"China-Japan ties should tap wisdom, courage of five decades"
Updated: 2022-08-08 15:17,Mongolia says it firmly supports the one-China principle
Updated: 2022-08-09 01:34,Chinese envoy urges US political decisions to revive Iran nuke deal
Updated: 2022-08-09 16:46,Expert warns of West's toxic development advice for Africa
Updated: 2022-08-09 18:25,Voters cast ballots in Kenya's fiercely contested election
Updated: 2022-08-09 20:59,Africa reports decrease in COVID-19 cases but fatalities still high
Updated: 2022-08-10 07:05,9 killed as record downpours hit Seoul
Updated: 2022-08-10 07:23,Report says US crimes in Mideast violate human rights
Updated: 2022-08-10 19:52,"New Chinese ambassador pledges to deepen cooperation, friendship with Rwanda"
Updated: 2022-08-11 07:11,"US responsible for climate talks halt, envoy says"
Updated: 2022-08-11 07:57,58% of human infectious diseases worsen by climate change
Updated: 2022-08-11 07:57,Americans increasingly dubious about going to college
Updated: 2022-08-11 08:59,12 vessels authorized to depart Ukrainian ports for grain export: UN official
Updated: 2022-08-11 09:10,US Congress' stock trading under scrutiny
Updated: 2022-08-11 09:17,Donald Trump refuses to testify in New York deposition
Updated: 2022-08-11 09:19,UK faces energy price 'national cataclysm'
Updated: 2022-08-11 09:30,Salt shown to increase risk of an early death
Updated: 2022-08-11 16:41,Sierra Leone imposes nationwide curfew following bloody protest
Updated: 2022-08-11 17:17,Tehran says new 'baseless' US accusations continuation of failed policy of Iranophobia
Updated: 2022-08-11 22:33,"China, Nepal vow to step up cooperation"
Updated: 2022-08-12 07:10,"Smearing by Truss shows UK hypocrisy, ministry says"
Updated: 2022-08-12 07:27,Blocs spark concerns on divided world
Updated: 2022-08-12 09:04,Chinese envoy addresses risks at Ukraine nuclear facilities
Updated: 2022-08-12 09:07,Ambiguity paralyzes US system of politics
Updated: 2022-08-12 09:09,Finland and Estonia leaders call for Russian visa ban amid Ukraine row
Updated: 2022-08-12 09:16,Energy crisis could trigger food shortages
Updated: 2022-08-12 09:21,"Snowballing US rental crisis sparing no place, no one"
Updated: 2022-08-12 09:22,Hundreds of Americans still dying of COVID-19 each day: ABC News
Updated: 2022-08-12 09:30,"50 feared dead after migrant boat sinks near Greece, 29 are rescued"
Updated: 2022-08-12 09:33,Research into drone defense technology must continue
Updated: 2022-08-12 09:36,"Russian coal gone, adding to EU woes"
Updated: 2022-08-12 09:44,Latin America feels US rate rise pain
Updated: 2022-08-12 09:44,"Reset of ties with Australia possible, envoy says"
Updated: 2022-08-12 10:56,Reopened border on Borneo brings hope
