﻿Updated: 2022-06-04 06:40,Five things to know about the US gun lobby
Updated: 2022-06-07 19:12,"Senior Chinese diplomat, Japanese national security official talk over phone"
Updated: 2022-06-28 10:05,More hoped for UN biodiversity blueprint
Updated: 2022-06-29 02:53,Ghislaine Maxwell sentenced to 20 years in prison for sex trafficking
Updated: 2022-07-04 16:41,Iran says US failed to take initiative in Doha nuclear talks
Updated: 2022-07-04 17:24,S. African tourism grows 136% in April
Updated: 2022-07-04 17:26,Typhoon Aere forecast to make landfall on Japan's Kyushu Island: JMA
Updated: 2022-07-04 19:55,Africa treating monkeypox outbreak as emergency
Updated: 2022-07-04 20:40,South African countries commit to rebuilding economies post-COVID-19
Updated: 2022-07-05 08:01,China-backed light rail on track in Egypt
Updated: 2022-07-05 09:22,People of Guinea-Bissau hold CPC in high regard
Updated: 2022-07-05 09:25,"US threatens Iranians' economic, health rights: gov't spokesman"
Updated: 2022-07-05 16:07,Death toll in India's Manipur massive landslide rises to 48
Updated: 2022-07-05 18:25,World's largest waterlily discovered
Updated: 2022-07-06 00:23,"China's ambassador to UK visits Scottish businesses, city officials"
Updated: 2022-07-06 07:30,"Leaders of Palestinian Authority, Hamas meet in Algeria"
Updated: 2022-07-06 07:45,UK 'plans another Rwanda flight' before court ruling
Updated: 2022-07-06 07:51,Britons sweat on prospect of summer rail misery
Updated: 2022-07-06 09:55,Biodiversity riches seen giving ASEAN an edge
Updated: 2022-07-06 23:17,"China, Philippines seek ways to strengthen ties"
Updated: 2022-07-07 01:29,UK tests using drones to deliver vital medicines
Updated: 2022-07-07 01:32,"UK's health secretary, finance minister resign"
Updated: 2022-07-07 07:15,US called on to be sincere in Bali talks with China
Updated: 2022-07-07 08:00,NASA loses contact with key moon-bound spacecraft
Updated: 2022-07-07 09:07,US Fed minutes show officials see 'more restrictive stance' if inflation persists
Updated: 2022-07-07 09:13,"Leaders of Sudan, Ethiopia agree to focus on peace"
Updated: 2022-07-07 09:23,Scorching heat shows need for more green energy experts in Gulf
Updated: 2022-07-07 09:40,Belgium to launch a fourth COVID-19 vaccine dose in coming months
Updated: 2022-07-07 09:49,Report: US-Mexico border deadliest for migrants
Updated: 2022-07-07 09:50,Abortion clinics in US see surge in patients
Updated: 2022-07-07 11:04,World Bank provides over $44m to support Liberian women
Updated: 2022-07-08 07:35,US heads down wrong road on BRI tactics
Updated: 2022-07-08 07:50,"British PM Johnson quits, temporarily retains power"
Updated: 2022-07-08 08:02,Bankruptcy brings painful decisions for Sri Lanka
Updated: 2022-07-08 09:14,China wins deep trust with push for shared prosperity
Updated: 2022-07-08 09:40,Beijing slams false accusations
Updated: 2022-07-08 10:14,"Expert: US, Chinese universities can both lead, collaborate"
Updated: 2022-07-08 11:01,Former Japan PM Abe dead after shooting
