﻿Updated: 2022-05-31 01:10,Monet's Waterloo Bridge painting expected to sell for $30.3m
Updated: 2022-06-04 06:40,Five things to know about the US gun lobby
Updated: 2022-06-07 19:12,"Senior Chinese diplomat, Japanese national security official talk over phone"
Updated: 2022-06-10 10:20,"Monkeypox spread may take hold, WHO says"
Updated: 2022-06-15 15:05,Why DHS's Disinformation Governance Board dooms to be a failure?
Updated: 2022-06-16 09:32,Smartphone cameras still no match for dedicated devices
Updated: 2022-06-20 17:50,Bus attack kills 13 soldiers in northern Syria
Updated: 2022-06-21 09:05,2 states still best fix in Middle East
Updated: 2022-06-21 16:41,EAC heads commit to ending conflict in DR Congo
Updated: 2022-06-22 09:27,"China, Africa are partners on path of development"
Updated: 2022-06-22 09:33,S. Africa eyes more benefits from BRICS
Updated: 2022-06-22 10:28,EU is urged to stay on green track
Updated: 2022-06-22 11:00,Path laid for developing nations
Updated: 2022-06-22 14:24,Floods claim 36 lives in Bangladesh
Updated: 2022-06-22 20:14,China commits to peace mediation in Horn of Africa
Updated: 2022-06-22 23:17,China and India look forward to closer cooperation
Updated: 2022-06-23 07:10,Cost worries hang over Japan poll
Updated: 2022-06-23 07:11,Battle lines drawn as strike halts UK
Updated: 2022-06-23 07:42,Russian FM meets Iranian president in Tehran
Updated: 2022-06-23 07:25,"Afghan quake kills 1,000; toll expected to rise"
Updated: 2022-06-23 09:49,Inflation in UK rises to 9.1 percent in May
Updated: 2022-06-23 11:27,Saudi crown prince pays 1st visit to Turkey since death of Khashoggi
Updated: 2022-06-23 12:06,"Charity walk, art show to raise funds for young patients"
Updated: 2022-06-23 14:04,Higher prices in Yemen because of Ukraine crisis challenge aid efforts: UN
Updated: 2022-06-23 15:19,About 31 mln working-age Americans suffer from long COVID-19: Brookings Institution
Updated: 2022-06-23 15:47,Americans feel less secure despite growing military budget: The Washington Post
Updated: 2022-06-23 16:39,Economists see stagflation in US as long-term risk: report
Updated: 2022-06-23 19:37,"South Africa cancels mask mandate, travel certificates"
Updated: 2022-06-23 19:52,Staff shortage stifles Africa's healthcare system
Updated: 2022-06-24 07:18,Macron calls on rivals to show responsibility
Updated: 2022-06-24 07:19,Singapore bounces back as global events organizer
Updated: 2022-06-24 07:20,US grip on hegemony criticized as betrayal of values
Updated: 2022-06-24 07:22,Biden cut adrift on prices blame-shifting
Updated: 2022-06-24 07:23,More trust urged for Sino-Indian relations
Updated: 2022-06-24 08:01,Support for West's tough response frays
Updated: 2022-06-24 09:18,US policy toward China road to self-destruction: Asia Times
Updated: 2022-06-24 09:38,GDI viewed as helping to steer nations toward goals
Updated: 2022-06-24 10:17,US Supreme Court strikes down NY law restricting gun-carry
Updated: 2022-06-24 10:36,Jan 6 committee names 4 GOP congressmen who sought presidential pardons
