﻿Updated: 2017-08-31 08:54,American in Beijing lives his Chinese dream
Updated: 2017-08-31 11:17,
Updated: 2021-01-25 10:17,Sharon Fraser : The awareness of Chongqing needs to be built outside of China
Updated: 2021-08-20 09:00,Student explores city's attractions by bicycle
Updated: 2022-08-21 14:54,China's social security fund reaps 4.27 pct investment return in 2021
Updated: 2022-08-23 22:34,Zhejiang University inspires youngsters in response to UN's 2030 Agenda
Updated: 2022-08-24 09:20,Top political advisor meets with Chinese Catholic leaders
Updated: 2022-08-24 09:21,Former vice president of China Development Bank stands trial for multiple offenses
Updated: 2022-08-24 09:30,Lawyers from SARs start practicing on mainland
Updated: 2022-08-24 09:30,National security law for Macao set for amendment
Updated: 2022-08-24 16:24,"Facing raging fires, young man jumps into action"
Updated: 2022-08-25 06:45,China eases visa rules for international students
Updated: 2022-08-25 09:03,Ideas shared to improve job market
Updated: 2022-08-25 09:08,Strumming songs sparks village kids' passion
Updated: 2022-08-25 09:11,Changsha's disappearing sounds captured for posterity
Updated: 2022-08-25 14:13,"Whose democracy? Beijing, New York show vast contrast"
Updated: 2022-08-25 14:57,Handbook helps litigants involved in software disputes
Updated: 2022-08-25 22:53,"7 decades later, girl admitted to grandfather's alma mater"
Updated: 2022-08-26 06:43,"Xi: Teamwork of China, Africa media crucial"
Updated: 2022-08-26 06:44,Nation leads in supplying vaccines for developing countries
Updated: 2022-08-26 07:18,Ministry: Nations' military drills shouldn't target 3rd party
Updated: 2022-08-26 08:39,Innovative technology crucial to smart-city planning
Updated: 2022-08-26 09:05,Scientific publishing to be improved
Updated: 2022-08-26 09:17,Significant progress made in domestic medical science over past decade
Updated: 2022-08-26 09:18,Investment in water transport expands capacity
Updated: 2022-08-26 09:19,Better IP protection to innovate industry
Updated: 2022-08-26 09:44,Typhoon Ma-on lands in Guangdong
Updated: 2022-08-26 09:45,Forest camps bring young people closer to nature
Updated: 2022-08-26 09:45,"Policies aim to attract HK, Macao youth to Guangzhou"
Updated: 2022-08-27 21:04,"China, Myanmar scientists find new evidence on Qinghai-Tibet Plateau formation"
Updated: 2022-08-29 06:44,Xi: Heroic acts inspire growth of ties with UK
Updated: 2022-08-29 07:16,Official calls for advancing cyber civilization progress
Updated: 2022-08-29 07:21,"Vocational workshops to train skilled workers build bridges between China, world"
Updated: 2022-08-29 07:49,I join the battle as a city of heroes rises to the occasion in force
Updated: 2022-08-29 09:27,"Henan touts decade of progress, success"
Updated: 2022-08-29 09:30,Razor-toothed fish species invading parts of country
Updated: 2022-08-29 09:32,"China launches emergency response for floods in Sichuan, Chongqing"
