﻿Updated: 2022-06-04 06:40,Five things to know about the US gun lobby
Updated: 2022-07-05 08:01,China-backed light rail on track in Egypt
Updated: 2022-07-06 07:30,"Leaders of Palestinian Authority, Hamas meet in Algeria"
Updated: 2022-07-07 01:29,UK tests using drones to deliver vital medicines
Updated: 2022-07-07 09:23,Scorching heat shows need for more green energy experts in Gulf
Updated: 2022-07-09 22:15,Chinese premier extends condolences over passing away of former Japanese PM Abe
Updated: 2022-07-11 09:43,"Kenya, WHO launches hub for handling health emergencies in Africa"
Updated: 2022-07-11 10:00,Centers set to improve Africa health response
Updated: 2022-07-11 16:34,Arabs lose faith in Western democracy to deliver economic stability: BBC
Updated: 2022-07-11 22:37,S. Africa rocked by mass shootings
Updated: 2022-07-12 09:26,Case builds for curbs to go amid energy crunch
Updated: 2022-07-12 09:33,Africa sees chances to develop transport
Updated: 2022-07-12 15:28,Spike in COVID-19 cases major threat to Australian hospital system: authorities
Updated: 2022-07-12 19:01,Funeral of former Japanese PM Abe held in Tokyo
Updated: 2022-07-13 08:49,Evidence confirms germ warfare and more by Japanese Unit 731
Updated: 2022-07-13 00:20,200-year-old cobalt mine 'time capsule' discovered in UK
Updated: 2022-07-13 02:25,WHO advises governments to implement contact tracing on monkeypox
Updated: 2022-07-13 02:33,Lack of surveillance hampers COVID fight
Updated: 2022-07-13 08:05,Claims of Sri Lanka 'debt trap' dismissed
Updated: 2022-07-13 08:10,COVID-19 pandemic 'nowhere near over': WHO
Updated: 2022-07-13 08:28,Twitter lawsuit accuses Elon Musk of contract breach
Updated: 2022-07-13 08:53,Biden's Middle East goal likely to be missed
Updated: 2022-07-13 09:16,"Giant pandas bond China, US and their people together"
Updated: 2022-07-13 09:15,Sino-US collaboration on agriculture crucial
Updated: 2022-07-13 09:27,Young professionals forgo internships in big cities due to high inflation
Updated: 2022-07-13 09:31,African nations among most exposed to Ukraine crisis
Updated: 2022-07-13 09:32,Thailand's cannabis policy comes under fire
Updated: 2022-07-13 09:38,China leads growth of patent filing in Europe
Updated: 2022-07-13 12:00,Sri Lankan PM's Office says president has left country
Updated: 2022-07-13 09:45,Ukraine joins NATO's program of technological cooperation
Updated: 2022-07-13 10:07,French PM survives challenge in parliament
Updated: 2022-07-13 10:08,Europeans left fearing worst on gas supplies
Updated: 2022-07-13 10:10,Strained relations affecting Sino-Canadian business ties
Updated: 2022-07-13 10:51,China and Malaysia set goals to strengthen relationship
Updated: 2022-07-13 11:17,Ukrainian PM welcomes 1-bln-euro aid from EU
