﻿Updated: 2017-08-31 08:54,American in Beijing lives his Chinese dream
Updated: 2017-08-31 11:17,
Updated: 2021-01-25 10:17,Sharon Fraser : The awareness of Chongqing needs to be built outside of China
Updated: 2021-08-20 09:00,Student explores city's attractions by bicycle
Updated: 2022-08-03 08:32,Policies energize hard-hit economy
Updated: 2022-08-03 08:41,State Council working harder to shore up nation's job market
Updated: 2022-08-03 09:33,More students studying Spanish
Updated: 2022-08-05 17:01,Mine safety body strives to unleash coal production potential
Updated: 2022-08-06 09:20,National education mandatory in HK
Updated: 2022-08-06 09:22,Young 'diplomats' discuss global challenges
Updated: 2022-08-06 12:43,HKSAR govt fully supports countermeasures by central authorities in response to Pelosi's Taiwan visit
Updated: 2022-08-08 12:12,Expansion of education
Updated: 2022-08-08 12:14,State Council appoints secretary-general of Committee for Safeguarding National Security of HKSAR
Updated: 2022-08-08 14:02,HK to shorten arrivals' quarantine period
Updated: 2022-08-09 10:57,Footprints: How did a 'semi-suburban' economy work and transform Zhengding
Updated: 2022-08-09 22:30,"Xi stresses mutual assistance, win-win cooperation"
Updated: 2022-08-10 08:57,Photographer captures COVID moments
Updated: 2022-08-10 09:05,"Chinese state councilor stresses importance of flood control, workplace safety"
Updated: 2022-08-10 09:32,China builds first rare earth PML maglev line
Updated: 2022-08-10 09:54,5G to play important role in media future
Updated: 2022-08-10 10:25,"China strengthens monitoring production, storage of drugs in shortage"
Updated: 2022-08-10 23:43,Reunification stance laid out in white paper
Updated: 2022-08-11 07:05,"Nation fights outbreaks in Hainan, Tibet"
Updated: 2022-08-11 07:10,PLA to regularly patrol Taiwan region
Updated: 2022-08-11 09:14,"Promoting ethnic harmony, culture reaps rewards"
Updated: 2022-08-11 09:20,Village head overcomes doubts with resolve
Updated: 2022-08-11 09:42,"More water projects lead to jobs, stable economy"
Updated: 2022-08-11 10:02,Coal-rich Shanxi makes strides for bright future
Updated: 2022-08-11 10:17,New variety may break reliance on imported breeding beef cattle
Updated: 2022-08-11 16:49,China continues crackdown on irregularities of off-campus training institutions
Updated: 2022-08-11 17:26,China's scientific research climbs to No 1
Updated: 2022-08-11 18:26,Nanjing reaches out to bring stranded people home
Updated: 2022-08-12 07:06,More tourists return home from Hainan amid outbreak
Updated: 2022-08-12 07:08,"Spokesman: Taiwan compatriots will grow to understand, accept 'one country, two systems'"
