﻿Updated: 2017-08-31 08:54,American in Beijing lives his Chinese dream
Updated: 2017-08-31 11:17,
Updated: 2021-01-25 10:17,Sharon Fraser : The awareness of Chongqing needs to be built outside of China
Updated: 2021-08-20 09:00,Student explores city's attractions by bicycle
Updated: 2022-08-12 11:30,Inno-tech integration 'key catalyst' for growth
Updated: 2022-08-16 09:20,Tibetans tap safe water aided by Beijing cadres
Updated: 2022-08-16 19:47,Air Macau restarts flights to mainland
Updated: 2022-08-17 19:42,Duke Kunshan University welcomes class of 2026
Updated: 2022-08-18 07:00,Chinese democracy 'far more effective' than Western democracy: British commentator
Updated: 2022-08-18 07:27,Guideline for cultural development during 2021-25 period unveiled
Updated: 2022-08-18 08:45,Former teacher helps farmers get keen on quinoa
Updated: 2022-08-18 09:13,Efforts made to increase population
Updated: 2022-08-18 09:13,Senior political advisors discuss CPPCC innovation
Updated: 2022-08-18 09:15,Domestic combat drone gets upgrade
Updated: 2022-08-18 09:23,"China to bolster support for childbirth, parenting"
Updated: 2022-08-18 09:50,Every effort being made to expedite HK trial of 47
Updated: 2022-08-18 10:16,Elderly rock musician turned welfare activist
Updated: 2022-08-18 12:46,Xi: CPC is always with the people
Updated: 2022-08-18 13:17,Chinese researchers develop bio-based degradable footwear
Updated: 2022-08-19 07:17,HK activists plead guilty to subversion charges
Updated: 2022-08-19 07:20,Diverted power to ease shortage brought by heat
Updated: 2022-08-19 09:19,Mission to get public buzzing for science
Updated: 2022-08-19 09:22,Shenzhen advances as demonstration city
Updated: 2022-08-19 09:23,'Pairing-up' aiding Tibetan development
Updated: 2022-08-19 09:26,Airfreight traffic rebounds as epidemic disruption subsides
Updated: 2022-08-19 09:31,Qingdao town's wig workshops head and shoulders above rest
Updated: 2022-08-19 09:32,Sinology center to be hub of China studies
Updated: 2022-08-19 21:08,Businessman Xiao receives sentence for illegal activities
Updated: 2022-08-19 22:11,China allocates funds to help local authorities cope with drought and floods
Updated: 2022-08-20 07:26,Nation seeks stronger global ties in robotics industry
