﻿Updated: 2017-08-31 08:54,American in Beijing lives his Chinese dream
Updated: 2017-08-31 11:17,
Updated: 2021-01-25 10:17,Sharon Fraser : The awareness of Chongqing needs to be built outside of China
Updated: 2021-08-20 09:00,Student explores city's attractions by bicycle
Updated: 2022-07-20 07:00,China's changes in the eyes of a Cameroonian student
Updated: 2022-07-20 08:53,Science whiz kids take home prizes
Updated: 2022-07-21 09:25,China and ASEAN add to IP coaction
Updated: 2022-07-21 16:34,"Swimming lessons for 50,000 primary school students in Jiangxi"
Updated: 2022-07-22 07:00,A Cameroonian student's visit to Xinjiang
Updated: 2022-07-22 09:23,Disaster management system to be upgraded
Updated: 2022-07-23 15:03,Navigating toward a smart factory future
Updated: 2022-07-23 21:15,HKSAR govt keeps tracing COVID-19 through sewage surveillance
Updated: 2022-07-25 10:10,China launches new scientific expedition in Yangtze headwaters
Updated: 2022-07-25 17:25,Micro world reveals its hidden artistry
Updated: 2022-07-26 07:01,Xi: Take India ties forward on right track
Updated: 2022-07-26 08:58,HK's unique status and advantages conducive to China's development
Updated: 2022-07-26 10:04,University admonished for 'inappropriate' practices
Updated: 2022-07-26 10:37,HKSAR gov't launches policy address consultation
Updated: 2022-07-27 00:05,Xi: Strengthen solidarity with Indonesia
Updated: 2022-07-27 07:51,Thousands nationwide benefit from cultural heritage training
Updated: 2022-07-27 07:51,Handicrafts at heart of new policy
Updated: 2022-07-27 08:47,AC352 helicopter cleared to enter market
Updated: 2022-07-27 09:00,Dedicated scientists help build supercomputer
Updated: 2022-07-27 09:26,'Consequences' if Pelosi visits Taiwan
Updated: 2022-07-27 09:47,Experts warn after researcher goes missing in wilderness
Updated: 2022-07-27 10:19,Community work posts open to graduates
Updated: 2022-07-27 10:30,Ground stations monitoring carbon emissions to be set up in Shanghai
Updated: 2022-07-27 10:35,Beijing's new rules to improve safe operating practices
Updated: 2022-07-27 16:34,Cleaner's son wins spot at Peking University
Updated: 2022-07-28 07:43,Common hero touches hearts of millions
Updated: 2022-07-28 07:34,New carrier rocket makes debut flight
Updated: 2022-07-28 07:36,Cross-Straits consensus marked
