﻿Updated: 2022-05-31 01:10,Monet's Waterloo Bridge painting expected to sell for $30.3m
Updated: 2022-06-04 06:40,Five things to know about the US gun lobby
Updated: 2022-06-07 19:12,"Senior Chinese diplomat, Japanese national security official talk over phone"
Updated: 2022-06-15 15:05,Why DHS's Disinformation Governance Board dooms to be a failure?
Updated: 2022-06-16 09:32,Smartphone cameras still no match for dedicated devices
Updated: 2022-06-21 09:05,2 states still best fix in Middle East
Updated: 2022-06-22 09:27,"China, Africa are partners on path of development"
Updated: 2022-06-22 09:33,S. Africa eyes more benefits from BRICS
Updated: 2022-06-22 20:14,China commits to peace mediation in Horn of Africa
Updated: 2022-06-23 11:27,Saudi crown prince pays 1st visit to Turkey since death of Khashoggi
Updated: 2022-06-23 12:06,"Charity walk, art show to raise funds for young patients"
Updated: 2022-06-23 19:37,"South Africa cancels mask mandate, travel certificates"
Updated: 2022-06-24 07:23,More trust urged for Sino-Indian relations
Updated: 2022-06-24 09:18,US policy toward China road to self-destruction: Asia Times
Updated: 2022-06-24 17:20,Seeking global commitment to save biodiversity
Updated: 2022-06-24 17:56,Emergency preparedness requires gender-aware responses: UN report
Updated: 2022-06-25 10:25,"G20 aims to collect $1.5b to prevent, prepare for future pandemics"
Updated: 2022-06-25 10:37,"Suspected nightclub shooting kills two, injures 21 in Oslo: police"
Updated: 2022-06-25 12:41,"1 dead, scores injured in 5.6-magnitude quake in S. Iran"
Updated: 2022-06-25 19:03,Chinese FM extends condolences to Afghan acting FM over earthquake
Updated: 2022-06-25 22:36,China to provide 50 million yuan of emergency humanitarian assistance to Afghanistan
Updated: 2022-06-26 08:02,"Iran, EU say nuke talks to resume in days"
Updated: 2022-06-26 10:47,Multi-country monkeypox outbreak not public health emergency: WHO
Updated: 2022-06-26 14:13,Explosions occur in Ukraine's capital
Updated: 2022-06-26 19:07,US bakes South Pacific pie stuffed with anti-China filling: China Daily editorial
Updated: 2022-06-27 08:44,Violence mars protests as tempers flare after rights rollback
Updated: 2022-06-27 09:03,Africa virus rebound prompts appeal for vigilance
Updated: 2022-06-27 09:21,Chinese aid gives a lift to Pacific island countries
Updated: 2022-06-27 09:26,Royal charity 'accepted large Qatari cash donations'
Updated: 2022-06-27 09:30,President shows commitment to shared future
Updated: 2022-06-27 09:32,Hollow ring to gun control cheers in US
Updated: 2022-06-27 09:32,"G7 summit opens amid lower expectations, protests"
Updated: 2022-06-27 09:00,Russia fully takes Severodonetsk
