﻿Updated: 2022-07-20 09:58,Rocket falls from space posing an ever-increasing risk to life on Earth
Updated: 2022-07-26 09:34,Ups and downs of US inflation in 3D
Updated: 2022-08-04 09:35,Kenyan avocado exports taste of things to come with expanded market
Updated: 2022-08-05 09:00,"Energy profits should be taxed, says UN chief"
Updated: 2022-08-06 16:40,Asia-Pacific countries must increase ASEAN cooperation to promote peace
Updated: 2022-08-08 08:59,Israel confirms cease-fire with Gaza after 3 days of deadly strikes
Updated: 2022-08-08 09:03,Iran does not seek nuke weapons: FM
Updated: 2022-08-08 09:10,"China-Japan ties should tap wisdom, courage of five decades"
Updated: 2022-08-08 09:28,ASEAN looks to deal with climate change
Updated: 2022-08-08 15:17,Mongolia says it firmly supports the one-China principle
Updated: 2022-08-09 01:34,Chinese envoy urges US political decisions to revive Iran nuke deal
Updated: 2022-08-09 16:46,Expert warns of West's toxic development advice for Africa
Updated: 2022-08-09 18:25,Voters cast ballots in Kenya's fiercely contested election
Updated: 2022-08-09 20:59,Africa reports decrease in COVID-19 cases but fatalities still high
Updated: 2022-08-10 07:05,9 killed as record downpours hit Seoul
Updated: 2022-08-10 07:23,Report says US crimes in Mideast violate human rights
Updated: 2022-08-10 08:22,"US triples monkeypox cases in 15 days, with latest daily count of 1,424"
Updated: 2022-08-10 09:10,Nurses in England and Wales mull strike action
Updated: 2022-08-10 09:17,EU presents 'final text' to revive Iran nuclear deal
Updated: 2022-08-10 14:15,"Japanese PM reshuffles cabinet, LDP leadership as support rates tumble"
Updated: 2022-08-10 19:52,"New Chinese ambassador pledges to deepen cooperation, friendship with Rwanda"
Updated: 2022-08-10 23:10,China condemns 'unfair' US chip bill
Updated: 2022-08-10 23:17,"China, ROK vow to uphold industrial, supply chains' stability"
Updated: 2022-08-11 07:11,"US responsible for climate talks halt, envoy says"
Updated: 2022-08-11 07:13,Africans see through US ploy in Pelosi visit
Updated: 2022-08-11 07:15,"Meddling undermines US' global credibility, analysts say"
Updated: 2022-08-11 07:57,58% of human infectious diseases worsen by climate change
Updated: 2022-08-11 07:57,Americans increasingly dubious about going to college
Updated: 2022-08-11 08:19,It's almost certain US has entered a recession
Updated: 2022-08-11 08:59,12 vessels authorized to depart Ukrainian ports for grain export: UN official
Updated: 2022-08-11 09:08,Russia hits back at 'provocative' move
Updated: 2022-08-11 09:10,Laws struggle to curb US Congress' stock traders
Updated: 2022-08-11 09:17,Donald Trump refuses to testify in New York deposition
Updated: 2022-08-11 09:19,UK faces energy price 'national cataclysm'
Updated: 2022-08-11 09:19,Poland's PM calls for EU equality reform
Updated: 2022-08-11 09:30,Salt shown to increase risk of an early death
Updated: 2022-08-11 09:39,US inflation keeps elevated level in July amid Fed's rate hikes
Updated: 2022-08-11 16:41,Sierra Leone imposes nationwide curfew following bloody protest
