﻿Updated: 2022-07-05 08:01,China-backed light rail on track in Egypt
Updated: 2022-07-06 07:30,"Leaders of Palestinian Authority, Hamas meet in Algeria"
Updated: 2022-07-07 01:29,UK tests using drones to deliver vital medicines
Updated: 2022-07-07 09:23,Scorching heat shows need for more green energy experts in Gulf
Updated: 2022-07-09 22:15,Chinese premier extends condolences over passing away of former Japanese PM Abe
Updated: 2022-07-11 10:00,Centers set to improve Africa health response
Updated: 2022-07-11 16:34,Arabs lose faith in Western democracy to deliver economic stability: BBC
Updated: 2022-07-11 22:37,S. Africa rocked by mass shootings
Updated: 2022-07-12 09:26,Case builds for curbs to go amid energy crunch
Updated: 2022-07-12 09:33,Africa sees chances to develop transport
Updated: 2022-07-12 15:28,Spike in COVID-19 cases major threat to Australian hospital system: authorities
Updated: 2022-07-12 19:01,Funeral of former Japanese PM Abe held in Tokyo
Updated: 2022-07-13 08:49,Evidence confirms germ warfare and more by Japanese Unit 731
Updated: 2022-07-13 00:20,200-year-old cobalt mine 'time capsule' discovered in UK
Updated: 2022-07-13 02:33,Lack of surveillance hampers COVID fight
Updated: 2022-07-13 08:05,Claims of Sri Lanka 'debt trap' dismissed
Updated: 2022-07-13 08:10,COVID-19 pandemic 'nowhere near over': WHO
Updated: 2022-07-13 09:31,African nations among most exposed to Ukraine crisis
Updated: 2022-07-13 09:32,Thailand's cannabis policy comes under fire
Updated: 2022-07-13 09:45,Ukraine joins NATO's program of technological cooperation
Updated: 2022-07-13 10:07,French PM survives challenge in parliament
Updated: 2022-07-13 11:20,IMF slashes US growth forecast for 2022 to 2.3 pct
Updated: 2022-07-13 13:29,Former US official admits to helping plan coups in other countries
Updated: 2022-07-13 15:14,"US attempts to divide world dangerous, misguided, says renowned US economist"
Updated: 2022-07-13 17:33,"Kenya, Tanzania join forces to eradicate trachoma"
Updated: 2022-07-13 21:34,"FM pledges deepened cooperation, trust with Vietnam"
Updated: 2022-07-14 07:04,US laboratory Quest Diagnostics starts monkeypox testing
Updated: 2022-07-14 07:04,Sri Lanka's acting president declares nationwide curfew
Updated: 2022-07-14 07:14,Croatia clears hurdle for euro switch
Updated: 2022-07-14 07:23,Inflation hits 40-year high of 9.1% in US
Updated: 2022-07-14 07:28,Washington urged not to stir up trouble on South China Sea issue
Updated: 2022-07-14 07:29,PM contenders woo party colleagues
Updated: 2022-07-14 08:30,"Ukraine, Russia make some progress at talks on grain exports: Zelensky"
Updated: 2022-07-14 09:12,Resilient German ties seen holding up
Updated: 2022-07-14 09:18,US meddling in Middle East erodes hopes
Updated: 2022-07-14 09:23,Nations tout substantial progress in Central Asia
Updated: 2022-07-14 09:43,Frankfurt Airport records strong June as travel chaos continues
Updated: 2022-07-14 11:08,China works to advance UN 2030 SDGs
