﻿Updated: 2017-08-31 08:54,American in Beijing lives his Chinese dream
Updated: 2017-08-31 11:17,
Updated: 2021-01-25 10:17,Sharon Fraser : The awareness of Chongqing needs to be built outside of China
Updated: 2021-08-20 09:00,Student explores city's attractions by bicycle
Updated: 2022-02-24 11:28,China launches digital working platform for lawmakers
Updated: 2022-02-24 13:46,National political advisors urged to conduct in-depth study of public issues
Updated: 2022-02-25 21:46,International teachers discuss enhancing students' soft power
Updated: 2022-02-26 09:03,"New president, Party chief for Tsinghua"
Updated: 2022-02-27 10:53,China launches rocket to deploy Earth-observation satellite
Updated: 2022-02-27 20:46,Chinese lawmakers deliberate draft decision on ranks for active-duty soldiers
Updated: 2022-02-27 21:10,"Mainland sci-tech cooperation with HK, Macao advances"
Updated: 2022-02-28 07:16,Global experts look forward to the two sessions
Updated: 2022-02-28 07:16,COVID outbreaks affect more regions on Chinese mainland
Updated: 2022-02-28 07:19,HK could see shortage of health workers
Updated: 2022-02-28 07:20,Xi: Pursuit of human rights remains priority
Updated: 2022-02-28 07:24,"Lawmakers, advisers seek tougher penalties for human trafficking"
Updated: 2022-02-28 09:00,Wandering elephant herd enters rescue center valley
Updated: 2022-02-28 09:01,Record set as rocket blasts off
Updated: 2022-02-28 09:03,More passengers take trips on trains during this year's Spring Festival travel rush
Updated: 2022-02-28 09:11,"With bedtime stories, teacher entertains, comforts and educates"
Updated: 2022-02-28 09:14,Tibetan's new chart helps make math easier
Updated: 2022-02-28 09:20,Russia-Ukraine jokes hit social media wall
Updated: 2022-02-28 15:58,Last year's science Top 10 unveiled
Updated: 2022-02-28 16:29,"China releases 10-point conduct code for judicial, prosecuting, public security teams"
Updated: 2022-02-28 16:30,China's Engel coefficient down to 29.8 percent in 2021
Updated: 2022-02-28 17:56,Shortened HKDSE remains on track to start on April 22
Updated: 2022-03-01 07:15,Xi: Foster world-class enterprises
Updated: 2022-03-01 07:20,Lam expresses confidence as HK welcomes third medical team
Updated: 2022-03-01 07:21,New rocket to be partially reusable
Updated: 2022-03-01 07:28,Beijing's sub-center making strides
Updated: 2022-03-01 08:02,Latest on COVID-19 pandemic
Updated: 2022-03-01 08:39,Number of tutoring institutions plummets
