﻿Updated: 2017-08-31 08:54,American in Beijing lives his Chinese dream
Updated: 2017-08-31 11:17,
Updated: 2021-01-25 10:17,Sharon Fraser : The awareness of Chongqing needs to be built outside of China
Updated: 2021-08-20 09:00,Student explores city's attractions by bicycle
Updated: 2022-03-03 09:45,"Survey finds students, parents, teachers back policy"
Updated: 2022-03-04 08:27,"Prevent big shifts in population, expert says"
Updated: 2022-03-04 08:56,Two sessions to chart path for year ahead
Updated: 2022-03-04 09:41,Litigation better protects range of public interests
Updated: 2022-03-05 10:54,Work report lays out achievements in national education
Updated: 2022-03-07 10:29,Political adviser seeks to remove stigma of vocational education
Updated: 2022-03-08 09:24,Formerly impoverished children find their voice on big stage
Updated: 2022-03-08 15:13,"HKSAR chief executive lauds women's role in ensuring enduring success of 'one country, two systems'"
Updated: 2022-03-08 17:07,China receives data from land observation satellite
Updated: 2022-03-08 17:08,Chinese researchers discover new way to burn fat
Updated: 2022-03-09 07:11,Legal toolkit upgrade set to help safeguard State security
Updated: 2022-03-09 07:12,"Report notes progress in law, order"
Updated: 2022-03-09 07:23,Nation's personal information protection efforts bear fruit
Updated: 2022-03-09 09:04,"Xinjiang builds its medical expertise, helps neighboring regions in BRI"
Updated: 2022-03-09 09:24,Stable job market a priority
Updated: 2022-03-09 09:31,Xi Focus: Encouraging women trailblazers in science
Updated: 2022-03-09 09:43,Beijing faces severe COVID-19 situation
Updated: 2022-03-09 10:02,Science and tech reforms priority for new year
Updated: 2022-03-09 11:37,Business leader: HK not alone in battle against pandemic
Updated: 2022-03-09 15:33,"Organs have their own pace of aging, a Chinese study finds"
Updated: 2022-03-09 18:09,Woman's 2 sons die but give gift of sight
Updated: 2022-03-09 18:28,Guangzhou braces for wave of students
Updated: 2022-03-09 21:33,Political adviser recommends bolstering on-campus sports
Updated: 2022-03-10 07:33,Foreigner hails whole-process people's democracy
Updated: 2022-03-10 07:48,Child care changes aim to promote third-child policy
