﻿Updated: 2022-03-07 17:49,"FM hopes for peaceful development between China, Japan"
Updated: 2022-03-25 09:22,Polar heat waves trigger warning
Updated: 2022-03-31 10:34,World needs answer on US biolabs
Updated: 2022-04-15 11:04,Gulf oil states stand up for own interests
Updated: 2022-04-16 07:39,"China, Saudi Arabia pledge to boost ties"
Updated: 2022-04-18 10:06,"IAEA monitors nuclear activities without access, Iran says"
Updated: 2022-04-20 09:37,Electric chopsticks on the way to enhance taste
Updated: 2022-04-20 11:20,Horn of Africa hunger could soar to 20 mln by year end: UN
Updated: 2022-04-20 16:30,"AU calls for dialogue, peaceful solution to end Russia-Ukraine conflict"
Updated: 2022-04-21 06:30,Asian American hate crimes increased in US during pandemic
Updated: 2022-04-21 09:52,Late rains add to drought misery in Horn of Africa
Updated: 2022-04-21 20:56,Chinese embassy in S. Africa donates to flood victims
Updated: 2022-04-21 22:24,"Youth representatives from China, Russia discuss cooperation at forum"
Updated: 2022-04-22 09:19,"Leaders of ROK, DPRK exchange letters"
Updated: 2022-04-22 09:28,Italy eager to end its need for Russian gas
Updated: 2022-04-22 09:30,Presidential candidates square up in debate
Updated: 2022-04-22 09:46,Australian scientists to power Tesla car using printed solar panels
Updated: 2022-04-22 09:54,Global tourism industry to create nearly 126 mln jobs in 10 years: report
Updated: 2022-04-22 09:55,"UN chief calls for ambitious action on climate disruption, nature loss, pollution"
Updated: 2022-04-22 10:14,NJ weighs lifting ban on self-service gas-pumping
Updated: 2022-04-22 10:25,US announces program to admit refugees from Ukraine
Updated: 2022-04-23 12:17,"UK, India to step up defense and trade ties"
Updated: 2022-04-24 15:58,Russian forces hit logistics terminal of foreign weapons near Odessa
Updated: 2022-04-24 21:27,"12 killed, 10 missing after boats capsize off Tunisia's coast"
Updated: 2022-04-25 09:40,10 people confirmed dead from boat accident
Updated: 2022-04-25 04:40,Macron elected to continue to lead France
Updated: 2022-04-25 07:01,China offers solutions for global security
Updated: 2022-04-25 07:03,Beijing and Hanoi vow to boost military exchanges for stability
Updated: 2022-04-25 07:21,Palestinians' plight exposes West hypocrisy
Updated: 2022-04-25 09:26,Japanese policy adjustments seen amid Ukraine crisis
Updated: 2022-04-25 09:28,EU unveils new rule book to police tech companies
Updated: 2022-04-25 09:30,Property price revival putting tenants at risk in UK
Updated: 2022-04-25 09:32,Guns the No 1 cause for children deaths in US
Updated: 2022-04-25 09:43,Agriculture sows new seeds of friendship
Updated: 2022-04-25 09:51,Insect invasion adds to strains on Africa's food crisis
Updated: 2022-04-25 09:56,"Erdogan, Zelensky discuss Ukraine crisis over phone"
Updated: 2022-04-25 10:02,Pandemic linked to rise in anxiety among youngsters in US
Updated: 2022-04-25 10:02,Biden accepts Bennett's invitation to visit Israel
Updated: 2022-04-25 10:10,Border political battle brews
