﻿Updated: 2022-07-15 01:24,Hidden self-portrait discovered on back of Van Gogh painting
Updated: 2022-07-20 09:58,Rocket falls from space posing an ever-increasing risk to life on Earth
Updated: 2022-07-20 10:19,Scientists discover 'needle in a haystack' black hole
Updated: 2022-07-26 09:34,Ups and downs of US inflation in 3D
Updated: 2022-08-04 09:22,Africans keep focus on key partnership
Updated: 2022-08-04 09:35,Kenyan avocado exports taste of things to come with expanded market
Updated: 2022-08-04 11:51,Study: Israeli scientists make model synthetic mouse embryo with stem cells
Updated: 2022-08-05 09:00,"Energy profits should be taxed, says UN chief"
Updated: 2022-08-05 03:55,News platforms trending to short-form media formats
Updated: 2022-08-05 09:47,Ningxia medical aid team heads for Benin
Updated: 2022-08-06 13:16,"China, Brunei vow to further enhance bilateral ties, cooperation"
Updated: 2022-08-06 16:40,Asia-Pacific countries must increase ASEAN cooperation to promote peace
Updated: 2022-08-08 07:49,Gazan faction says reaches Egypt-brokered cease-fire with Israel
Updated: 2022-08-08 08:59,Israel confirms cease-fire with Gaza after 3 days of deadly strikes
Updated: 2022-08-08 09:03,Iran does not seek nuke weapons: FM
Updated: 2022-08-08 09:10,"China-Japan ties should tap wisdom, courage of five decades"
Updated: 2022-08-08 09:28,ASEAN looks to deal with climate change
Updated: 2022-08-08 15:17,Mongolia says it firmly supports the one-China principle
Updated: 2022-08-09 01:34,Chinese envoy urges US political decisions to revive Iran nuke deal
Updated: 2022-08-09 09:23,Warning over UK energy bills
Updated: 2022-08-09 09:38,Anglican conference rows over same-sex marriage
Updated: 2022-08-09 09:41,US has failed to contain monkeypox: WP
Updated: 2022-08-09 09:47,Colombia's new leader seeks unity
Updated: 2022-08-09 09:51,More US colleges feel heat amid slave reparations calls
Updated: 2022-08-09 10:39,CIA's focus shifts more to China
Updated: 2022-08-09 14:04,Japan marks 77th anniversary of atomic bombing of Nagasaki
Updated: 2022-08-09 16:46,Expert warns of West's toxic development advice for Africa
Updated: 2022-08-09 18:25,Voters cast ballots in Kenya's fiercely contested election
Updated: 2022-08-09 20:59,Africa reports decrease in COVID-19 cases but fatalities still high
Updated: 2022-08-10 07:05,9 killed as record downpours hit Seoul
Updated: 2022-08-10 07:02,Media urged to highlight nations' joint BRI efforts
Updated: 2022-08-10 07:22,"Continent needs sincerity, not smears, Foreign Ministry says"
Updated: 2022-08-10 07:23,Report says US crimes in Mideast violate human rights
Updated: 2022-08-10 08:21,"Chinese, ROK FMs have in-depth exchange of views on THAAD"
Updated: 2022-08-10 08:22,"US triples monkeypox cases in 15 days, with latest daily count of 1,424"
Updated: 2022-08-10 08:56,99 pct of monkeypox cases in US occur in men: research
Updated: 2022-08-10 09:10,Nurses in England and Wales mull strike action
Updated: 2022-08-10 09:11,July consumer spending growth strong in UK
Updated: 2022-08-10 09:17,EU presents 'final text' to revive Iran nuclear deal
Updated: 2022-08-10 09:38,Taiwan is part of China: British musician
