﻿Updated: 2022-08-04 09:35,Kenyan avocado exports taste of things to come with expanded market
Updated: 2022-08-06 16:04,Pelosi family under scrutiny for stock trades
Updated: 2022-08-09 16:46,Expert warns of West's toxic development advice for Africa
Updated: 2022-08-09 18:25,Voters cast ballots in Kenya's fiercely contested election
Updated: 2022-08-09 20:59,Africa reports decrease in COVID-19 cases but fatalities still high
Updated: 2022-08-11 07:57,58% of human infectious diseases worsen by climate change
Updated: 2022-08-11 09:30,Salt shown to increase risk of an early death
Updated: 2022-08-16 09:40,China urges fully implementing Yemen truce agreement
Updated: 2022-08-16 09:40,Synthetic embryos offer stem cell hope
Updated: 2022-08-16 13:55,"ROK, US to launch preliminary drills ahead of major combined exercise"
Updated: 2022-08-16 16:11,"Highly toxic, radioactive waste moved from Japan's Fukushima to Hokkaido amid protests"
Updated: 2022-08-16 21:24,Myanmar's former State Counsellor Aung San Suu Kyi sentenced to 6 more years in prison
Updated: 2022-08-23 10:29,UN chief calls for new global consensus on cooperation to ensure collective security
Updated: 2022-08-24 07:24,China's help on Africa's supply chain called crucial
Updated: 2022-08-24 07:25,Ministry: Nation to resolutely safeguard sovereignty
Updated: 2022-08-24 09:09,China-EU cooperation more crucial than ever
Updated: 2022-08-24 10:16,Turkiye's normalization with Israel not diminishes support for Palestinian cause: Turkish president
Updated: 2022-08-24 20:46,England's shellfish possibly contaminated with human waste
Updated: 2022-08-24 21:17,Edinburgh 'facing embarrassment' over litter
Updated: 2022-08-25 01:30,Almost half of Europe in drought
Updated: 2022-08-25 01:40,US airstrikes in E. Syria kill 6 fighters: war monitor
Updated: 2022-08-25 09:14,China's UN envoy: Bloc confrontation must be rejected
Updated: 2022-08-25 09:20,US announces largest weapons package for Ukraine
Updated: 2022-08-25 09:21,AI technology to help save an iconic species
Updated: 2022-08-25 16:30,"US shooting leaves 2 dead, 3 injured"
Updated: 2022-08-25 10:14,UK trials monkeypox treatment that could speed recovery
Updated: 2022-08-25 11:03,Kobe Bryant widow awarded $16M in trial over crash photos
Updated: 2022-08-26 06:45,Pandas highlight 50 years of US-China ties
Updated: 2022-08-26 07:03,"China, ROK urged to jointly boost growth"
Updated: 2022-08-26 07:22,Pelosi's Taiwan visit counter to law
Updated: 2022-08-26 09:25,UK sewage discharge slammed
Updated: 2022-08-26 09:29,UN Mideast envoy calls for revival of real political process
Updated: 2022-08-26 09:33,Ethiopia-Djibouti railway starts vehicle shipment
Updated: 2022-08-26 09:38,China-ROK ties advancing into new era
Updated: 2022-08-26 10:12,"US consultation request over Mexico's energy policy 'foolish,' says Mexican president"
Updated: 2022-08-26 10:13,"School police chief fired over mass shooting in Uvalde, Texas"
Updated: 2022-08-26 10:20,Webb telescope finds CO2 for first time in exoplanet atmosphere
Updated: 2022-08-27 09:57,"Half-year heat waves loom, study finds"
Updated: 2022-08-27 09:58,Biden draws on gains for midterms rally
Updated: 2022-08-27 10:18,"China, US jointly hold 'Pandaversary Night'"
Updated: 2022-08-27 09:54,Turkish bridge symbolizes cooperation with China
