﻿Updated: 2017-08-31 08:54,American in Beijing lives his Chinese dream
Updated: 2017-08-31 11:17,
Updated: 2021-01-25 10:17,Sharon Fraser : The awareness of Chongqing needs to be built outside of China
Updated: 2021-08-20 09:00,Student explores city's attractions by bicycle
Updated: 2022-05-13 16:11,Young teacher finds satisfaction in rural Shanxi
Updated: 2022-05-18 09:33,"Quake survivor Strong Pig, now plasticized, greets Sichuan museum visitors"
Updated: 2022-05-19 16:27,"Homework 1,300 years ago reveals Xinjiang's school life in ancient times"
Updated: 2022-05-20 09:30,Steps taken to ensure all students sit spring exam
Updated: 2022-05-21 08:28,Li pledges support for global firms
Updated: 2022-05-22 19:27,Hong Kong to distribute more RAT kits following sewage COVID-19 detection
Updated: 2022-05-23 07:19,"'One country, two systems' key to HK"
Updated: 2022-05-23 09:59,China ensures protection of human rights
Updated: 2022-05-23 19:32,Shared teaching helps left-behind children in Guizhou
Updated: 2022-05-24 07:19,Govt takes steps to get economy back on track
Updated: 2022-05-24 10:10,"100,000-ton intelligent fish farming ship casts off from Qingdao"
Updated: 2022-05-24 10:13,Greater accountability set for textbooks
Updated: 2022-05-24 15:02,Chinese delegation vilified by CNN's false report
Updated: 2022-05-24 15:25,CE: HK to launch anniversary celebrations as pandemic eases
Updated: 2022-05-24 16:01,Researchers start planting space-bred seeds returned by Shenzhou 13
Updated: 2022-05-25 07:13,3 sites in China recognized as agricultural heritage
Updated: 2022-05-25 07:59,Xi encourages 'old friend' from Iowa to promote ties
Updated: 2022-05-25 08:45,New chapter on ancient book protection
Updated: 2022-05-25 09:16,"Power to the people, courtesy of the sun"
Updated: 2022-05-25 09:17,Japanese surfer sings praises of Hainan's waves
Updated: 2022-05-25 09:17,"Village histories, traditions preserved in multivolume set"
Updated: 2022-05-25 09:18,Mettle earns metal man a medal
Updated: 2022-05-25 09:23,Measures in Xinjiang protect human rights
Updated: 2022-05-25 09:33,Vocational enrollments soar
Updated: 2022-05-25 09:42,Innovative research vessel to advance marine science
Updated: 2022-05-25 09:48,Festivities to be held for 25th anniversary of Hong Kong SAR
Updated: 2022-05-25 21:24,Beijing official removed from position
Updated: 2022-05-25 21:27,"Beijing's outbreak controlled in the main, official says"
Updated: 2022-05-26 07:01,US condemned for lies about Xinjiang
