﻿Updated: 2017-08-31 08:54,American in Beijing lives his Chinese dream
Updated: 2017-08-31 11:17,
Updated: 2021-01-25 10:17,Sharon Fraser : The awareness of Chongqing needs to be built outside of China
Updated: 2021-08-20 09:00,Student explores city's attractions by bicycle
Updated: 2022-08-24 09:30,National security law for Macao set for amendment
Updated: 2022-08-24 16:24,"Facing raging fires, young man jumps into action"
Updated: 2022-08-25 09:08,Strumming songs sparks village kids' passion
Updated: 2022-08-25 09:11,Changsha's disappearing sounds captured for posterity
Updated: 2022-08-25 14:13,"Whose democracy? Beijing, New York show vast contrast"
Updated: 2022-08-25 22:53,"7 decades later, girl admitted to grandfather's alma mater"
Updated: 2022-08-26 08:39,Innovative technology crucial to smart-city planning
Updated: 2022-08-26 09:45,"Policies aim to attract HK, Macao youth to Guangzhou"
Updated: 2022-08-27 07:55,Grassroots stations to seek opinions
Updated: 2022-08-28 17:16,Chinese premier extends congratulations to Pujiang Innovation Forum
Updated: 2022-08-29 07:21,"Vocational workshops to train skilled workers build bridges between China, world"
Updated: 2022-08-29 09:50,Chinese top legislator highlights law-based Yellow River protection
Updated: 2022-08-29 10:34,"Chinese vice-premier urges greater efforts to combat drought, ensure stable grain production"
Updated: 2022-08-29 14:36,Peking University welcomes this year's cohort
Updated: 2022-08-30 07:28,Premier calls for carrying forward with administrative reform
Updated: 2022-08-30 09:00,PLA garrison in Hong Kong completes 25th routine rotation
Updated: 2022-08-30 09:19,Diehard fans save Shanghai hairdresser
Updated: 2022-08-30 16:43,Blind student sets blistering pace in life
Updated: 2022-08-31 07:45,CPC sets out plans for key 20th Congress
Updated: 2022-08-31 07:25,Solar satellite breaks ground with new data
Updated: 2022-08-31 09:30,Laotian businesses urged to make full use of new opportunities
Updated: 2022-08-31 09:33,Astronomers obtain sky's large-field X-ray maps
Updated: 2022-08-31 09:34,Emergency response improves swiftly
Updated: 2022-08-31 09:37,Financial aid helps needy students
Updated: 2022-08-31 09:38,Pen pals enjoy life in the slow lane
Updated: 2022-08-31 09:47,Northernmost high-speed railway station being built
Updated: 2022-08-31 09:51,Chinese researchers develop anti-SARS-CoV-2 nanomaterial
Updated: 2022-08-31 09:53,Legal services settle disputes in Xinjiang's scenic areas
Updated: 2022-08-31 09:54,Scientists identify new gene behind rare blood disease
Updated: 2022-08-31 09:57,Pair of new laws to improve care for elderly
Updated: 2022-08-31 10:02,Chinese mainland reports 349 new local confirmed COVID-19 cases
Updated: 2022-08-31 10:08,20th CPC National Congress proposed to be held on October 16
