﻿Updated: 2017-08-31 08:54,American in Beijing lives his Chinese dream
Updated: 2017-08-31 11:17,
Updated: 2021-01-25 10:17,Sharon Fraser : The awareness of Chongqing needs to be built outside of China
Updated: 2021-08-20 09:00,Student explores city's attractions by bicycle
Updated: 2022-03-11 13:41,China to adapt to changing COVID situation
Updated: 2022-03-14 09:17,Determination drives academic achievement
Updated: 2022-03-14 16:53,"Deaths, accidents in China's coal mines down"
Updated: 2022-03-15 09:19,Tibet's young men discover a passion for snooker
Updated: 2022-03-16 10:11,Guideline to limit school competitions
Updated: 2022-03-16 17:29,Researchers retrieve Earth neutral atmospheric density
Updated: 2022-03-17 07:08,Modified guidelines to treat virus outlined
Updated: 2022-03-17 07:18,Timely steps taken to ensure harvest
Updated: 2022-03-17 07:42,Leisure travel to rural areas promoted as part of vitalization work
Updated: 2022-03-17 07:43,Guideline to boost tourism industry
Updated: 2022-03-17 09:04,"Future of 'one country, two systems' now clear"
Updated: 2022-03-17 09:07,300 mainland medical workers arrive to assist HK
Updated: 2022-03-17 09:08,Online study becomes norm in Shanghai
Updated: 2022-03-17 09:12,Teacher leaves family to volunteer at rural school
Updated: 2022-03-17 09:13,Family in Tibet living proof of ethnic harmony
Updated: 2022-03-17 09:13,Love of snow and ice keeps disabled athlete on his skis
Updated: 2022-03-17 09:14,Remote surgery speedier thanks to new network
Updated: 2022-03-17 09:56,More govt agencies urged to supervise livestreaming
Updated: 2022-03-17 10:13,Young doctor flies home to help fight coronavirus
Updated: 2022-03-17 10:54,China's education ministry stresses mental health amid epidemic
Updated: 2022-03-17 15:05,Stories of Xi's bond with people with disabilities
Updated: 2022-03-18 06:48,Xi calls for swift control of outbreaks
Updated: 2022-03-18 09:21,Western China can benefit from low-carbon transition
Updated: 2022-03-18 09:25,Shanghai bolsters nucleic acid testing capacity
Updated: 2022-03-18 09:29,16 officials punished for pandemic control lapses
Updated: 2022-03-18 09:41,China Focus: China's space station to support large-scale scientific research
