﻿Updated: 2017-08-31 08:54,American in Beijing lives his Chinese dream
Updated: 2017-08-31 11:17,
Updated: 2021-01-25 10:17,Sharon Fraser : The awareness of Chongqing needs to be built outside of China
Updated: 2021-08-20 09:00,Student explores city's attractions by bicycle
Updated: 2022-08-19 09:22,Shenzhen advances as demonstration city
Updated: 2022-08-19 17:27,Conference to promote family planning policies
Updated: 2022-08-20 07:14,Vocational training prioritized
Updated: 2022-08-20 07:22,"Five years on, Xi's words at Davos still resonate"
Updated: 2022-08-20 07:49,China vows to strengthen cybersecurity
Updated: 2022-08-20 08:34,Collaborative system to expedite birth benefits
Updated: 2022-08-20 12:41,Luban Workshops connect BRI countries
Updated: 2022-08-21 10:55,Passersby clean up mess after road accident
Updated: 2022-08-21 14:54,China's social security fund reaps 4.27 pct investment return in 2021
Updated: 2022-08-21 20:05,"Spread HKSAR's good stories, CE tells finalists in English-speaking contest"
Updated: 2022-08-22 06:54,103rd successful rocket launch breaks record
Updated: 2022-08-22 07:51,Three scientists win China's 2022 Future Science Prize
Updated: 2022-08-22 06:55,Shandong posts robust growth
Updated: 2022-08-22 07:25,PLA constantly honing combat skills
Updated: 2022-08-22 08:56,More changes expected for HK's 'social contract'
Updated: 2022-08-22 09:07,Hainan fishermen soon to return to sea
Updated: 2022-08-22 09:09,"Science, technology week gets underway nationwide"
Updated: 2022-08-22 09:14,"26 dead, 5 missing in flash floods in Qinghai"
Updated: 2022-08-22 12:44,Six suspects arrested in HK for role in SE Asia job scam
Updated: 2022-08-22 13:40,Party chief among 27 punished over textbook illustrations
Updated: 2022-08-22 16:46,Exclusive: Hong Kong students could make it back in time for schools
Updated: 2022-08-23 06:42,Trip to Japan began 30-year family friendship
Updated: 2022-08-23 00:03,2022 Zhongguancun Forum opens media registration
Updated: 2022-08-23 07:20,Regulators seek to rein in overpriced festive treats
Updated: 2022-08-23 07:34,Taiwan Taekwondo teacher now rooted in Fuzhou
