﻿Updated: 2022-02-01 20:13,China refutes so-called human rights resolution adopted by Japan's House of Representatives
Updated: 2022-02-17 10:18,"Sea levels to rise 10 to 12 inches by 2050, rate 'alarming': Report"
Updated: 2022-02-22 11:20,Share your thoughts on China's diplomacy
Updated: 2022-02-25 09:20,California beekeepers use tech to thwart hive thieves
Updated: 2022-02-27 20:58,Iran vows not to compromise over redlines in Vienna nuke talks: FM
Updated: 2022-02-28 07:00,"Sanctions cannot solve problems, FM says"
Updated: 2022-02-28 09:14,"Aid workers risk life, limb on front line"
Updated: 2022-02-28 20:18,Ukraine tensions may fuel instability in Middle East
Updated: 2022-03-01 15:22,"UAE celebrates innovation, cooperation at embassy events"
Updated: 2022-03-01 15:30,AU chiefs condemn treatment of Africans fleeing Ukraine
Updated: 2022-03-02 05:28,Australian PM tests positive for COVID-19
Updated: 2022-03-02 06:59,"FM urges Russia, Ukraine to find negotiated solution"
Updated: 2022-03-02 09:16,Chinese doctors aiding Algeria through TCM
Updated: 2022-03-02 09:17,UN green forum pushes for pact to tackle plastic
Updated: 2022-03-02 09:20,Caution travels far in SE Asia
Updated: 2022-03-02 14:11,Book donation opens opportunity for Kenyans to learn Chinese culture
Updated: 2022-03-02 23:56,"2 killed, 15 injured in blast near police vehicle in SW Pakistan"
Updated: 2022-03-03 04:43,Ukraine crisis may worsen chip shortage
Updated: 2022-03-03 09:14,Pandemic boosts number of ultrarich
Updated: 2022-03-03 09:27,Boost for African-made jabs with funding deal
Updated: 2022-03-03 09:28,Europe's Mars mission may not get off ground
Updated: 2022-03-03 09:30,Economic pain on way for Europe
Updated: 2022-03-03 17:30,Japan to extend COVID-19 emergency measures in half of prefectures under restrictions
Updated: 2022-03-03 19:15,UN body passes historic treaty to end plastic waste
Updated: 2022-03-04 07:36,Washington urged to show China respect
Updated: 2022-03-04 07:50,"More than 3,000 Chinese evacuated"
Updated: 2022-03-04 07:53,1 million flee Ukraine in just a week
Updated: 2022-03-04 09:05,Resounding success of Olympics celebrated
Updated: 2022-03-04 09:10,Biden confronts domestic woes in poll year
Updated: 2022-03-04 09:46,Five in critical condition after explosion crumbles apartments in US state Maryland
Updated: 2022-03-04 09:46,Millions of US children pushed back into poverty
Updated: 2022-03-04 09:58,More light shed on US role in crisis
Updated: 2022-03-04 10:00,US immigration agency accused of failing to protect detainees from COVID-19
Updated: 2022-03-04 10:02,"Germany, Israel vow to encourage more peace talks"
Updated: 2022-03-04 10:10,Ancient riddle of standing stones 'solved'
Updated: 2022-03-04 11:01,Poll shows discontent in US with path of nation
