﻿Updated: 2017-08-31 08:54,American in Beijing lives his Chinese dream
Updated: 2017-08-31 11:17,
Updated: 2021-01-25 10:17,Sharon Fraser : The awareness of Chongqing needs to be built outside of China
Updated: 2021-08-20 09:00,Student explores city's attractions by bicycle
Updated: 2022-03-24 09:33,China's anti-graft chief stresses full-coverage inspections
Updated: 2022-03-25 08:04,Premier urges greater grain security
Updated: 2022-03-25 11:23,Driving to the front line in pandemic fight
Updated: 2022-03-25 16:05,China rolls out policies to support grain production
Updated: 2022-03-25 16:20,China's science foundation ups research budget to 33b yuan
Updated: 2022-03-27 22:16,Chinese vice premier urges reinforcing poverty-elimination achievements
Updated: 2022-03-28 09:39,Multicultural effort creates Long Tune
Updated: 2022-03-28 18:20,Beidou systems put to use in NE China agriculture
Updated: 2022-03-29 06:50,Xi mourns victims of plane crash
Updated: 2022-03-29 07:12,Ministry to push legislation on climate
Updated: 2022-03-29 07:57,All 132 victims of China's plane crash identified
Updated: 2022-03-29 08:15,Tending the foundations
Updated: 2022-03-29 08:52,Students need real lives to aid growth
Updated: 2022-03-29 08:58,Unhealthy sector required guidance
Updated: 2022-03-29 09:13,Expert calls to resume tracing of virus in HK
Updated: 2022-03-29 09:15,Pandemic strengthens recognition of traditional Chinese medicine
Updated: 2022-03-29 09:34,Service sector in Guangdong to get relief
Updated: 2022-03-29 09:40,China advances in stemming water waste
Updated: 2022-03-29 09:42,Tibet marks 63 years since democratic reform
Updated: 2022-03-29 09:43,Seven prosecuted over deadly Suzhou hotel collapse
Updated: 2022-03-29 15:20,"In Guangdong, esports gets new emphasis"
Updated: 2022-03-29 16:46,HKEX eyes being go-to intl market for China opportunities with connectivity drive
Updated: 2022-03-30 07:04,Postgraduate exam more competitive
Updated: 2022-03-30 09:00,Hong Kong can't afford to let down its guard on COVID curbs
Updated: 2022-03-30 09:26,'Drifters' breathe life into old city
Updated: 2022-03-30 09:27,Robotic knees earn amputee inventor fame
Updated: 2022-03-30 09:31,Long March 6A blasts off in Shanxi
