﻿Updated: 2017-08-31 08:54,American in Beijing lives his Chinese dream
Updated: 2017-08-31 11:17,
Updated: 2021-01-25 10:17,Sharon Fraser : The awareness of Chongqing needs to be built outside of China
Updated: 2021-08-20 09:00,Student explores city's attractions by bicycle
Updated: 2022-04-27 11:16,Disability can't stand in way of online success
Updated: 2022-04-29 09:31,Grain output to increase this year
Updated: 2022-04-29 13:20,"Chinese leadership analyzes economic situation, reviews plan on talent development"
Updated: 2022-04-30 07:25,CPC stresses need to keep economy stable
Updated: 2022-05-02 09:38,China's top legal departments urge abduction suspects to surrender
Updated: 2022-05-04 07:00,Xi: A friend of the youth
Updated: 2022-05-06 07:11,HKSAR chief executive sees off mainland medical workers supporting pandemic fight
Updated: 2022-05-06 07:23,CPC: Nation will win antivirus fight
Updated: 2022-05-06 09:00,"Xi Focus-Closeup: 'Gear up, young people!'"
Updated: 2022-05-06 09:22,Ministry to shore up bottlenecks along transport infrastructure
Updated: 2022-05-06 09:44,Great business confidence to be engine of GBA
Updated: 2022-05-06 11:36,China moves forward in balanced education efforts
Updated: 2022-05-06 11:39,Chinese scientists find potential in lunar soil to generate oxygen and fuel
Updated: 2022-05-06 16:09,Investor from Taiwan honored in Guangdong
Updated: 2022-05-06 16:33,Shanghai couple holds their wedding online with support from neighbors
Updated: 2022-05-07 07:14,Experts: Anti-COVID strategy works
Updated: 2022-05-07 07:38,Death toll in Changsha reaches 53
Updated: 2022-05-07 07:54,Curriculum to include household skills
Updated: 2022-05-07 08:00,Efforts aim for healthy grain harvest
Updated: 2022-05-07 11:08,Russian poet makes most of epidemic
Updated: 2022-05-07 14:34,Massive carbon emissions reduce biodiversity 300 mln years ago: Study
Updated: 2022-05-07 15:03,Shanghai supports fresh college grads
Updated: 2022-05-07 21:05,Dates set for China's 2022 national college entrance exam
Updated: 2022-05-08 07:35,China applies fine wind forecast system to ensure spacecraft-rocket transfer
Updated: 2022-05-08 07:52,"China to highlight green, low-carbon development philosophy in school education"
Updated: 2022-05-09 07:48,Vote hailed as latest success of new electoral system
Updated: 2022-05-09 08:03,"Profile: John Lee, HKSAR's sixth-term chief executive-elect"
Updated: 2022-05-09 08:40,Greater supervision urged for beauty sector
Updated: 2022-05-09 08:40,Anxiety about appearance can affect everybody
