﻿Updated: 2022-05-20 09:09,Prehistoric dolphin species discovered in Switzerland
Updated: 2022-05-25 09:38,"Nearly half of pregnancies unplanned, UN agency says"
Updated: 2022-05-25 09:46,Millions to 'crash into extreme poverty'
Updated: 2022-05-29 21:14,"29 killed, 38 missing in building collapse in SW Iran"
Updated: 2022-05-30 09:23,Clashes break out between Israelis and Palestinians over Israeli nationalists' march
Updated: 2022-05-31 01:10,Monet's Waterloo Bridge painting expected to sell for $30.3m
Updated: 2022-06-02 17:36,"World's ten most neglected crises all in Africa, report finds"
Updated: 2022-06-03 06:35,US gun culture and gun-related deaths
Updated: 2022-06-04 06:40,Five things to know about the US gun lobby
Updated: 2022-06-05 14:20,"Macron calls for ending escalation between Israel, Palestine"
Updated: 2022-06-06 17:16,"African environmentalists urge balanced climate change, biodiversity"
Updated: 2022-06-06 17:28,Red Cross expresses shock at killing of aid workers in Mali
Updated: 2022-06-07 07:48,UK inflation serves up pain for Chinese restaurants
Updated: 2022-06-07 09:11,Africa's food crisis set to deepen amid conflict
Updated: 2022-06-07 09:32,Scores killed in church attack in SW Nigeria: sources
Updated: 2022-06-07 14:07,Australians suffer mental health effects of COVID-19: survey
Updated: 2022-06-07 15:20,"S.Korean president names new ambassador to China, Japan, Russia, UN"
Updated: 2022-06-07 16:47,Brunei's Sultan announces government reshuffle
Updated: 2022-06-08 02:24,British consumers cut spending due to rising cost of living
Updated: 2022-06-08 07:10,Senior diplomat says relations with Japan at important juncture
Updated: 2022-06-08 08:57,US-funded project draws new criticism of data on Lancang-Mekong dams
Updated: 2022-06-08 09:39,Johnson survives vote but may face fresh hit
Updated: 2022-06-08 09:25,UK finance sector donates big sum to political parties
Updated: 2022-06-08 10:02,Ghanaian villagers get mobile with Huawei
Updated: 2022-06-08 11:28,"Syrian, Russian warplanes carry out military drills amid increasing Israeli strikes"
Updated: 2022-06-08 09:30,Ukraine says in talks with UN over humanitarian corridor for food exports
Updated: 2022-06-08 09:10,Russians get key ports ready for grain exports
Updated: 2022-06-08 12:59,"Mexico to urge lifting Cuba trade embargo at Americas summit, FM says"
Updated: 2022-06-08 13:33,"Temporary gun violence memorial unveiled in Washington, DC"
Updated: 2022-06-08 13:40,Elon Musk threatens to tear up Twitter deal over 'material breach'
Updated: 2022-06-08 13:55,China and Turkmenistan strengthen relationship with practical cooperation
Updated: 2022-06-08 14:24,Australian new government to prioritize visa application backlog
Updated: 2022-06-08 14:26,Gun violence dents US birth rate: media
Updated: 2022-06-09 06:45,Dearth of data could cause undercounting of Black suicides: Study
Updated: 2022-06-09 07:16,Chinese expertise valued at Egypt medical expo
Updated: 2022-06-09 07:21,Summit and sun warm up tourism hopes
Updated: 2022-06-09 09:24,Beijing says it will stand firm beside its neighbors
Updated: 2022-06-09 09:29,DRC may hold key to prosperity in East Africa
Updated: 2022-06-09 09:44,EU set to enforce boardroom gender equality
