﻿Updated: 2022-02-01 20:13,China refutes so-called human rights resolution adopted by Japan's House of Representatives
Updated: 2022-02-17 10:18,"Sea levels to rise 10 to 12 inches by 2050, rate 'alarming': Report"
Updated: 2022-02-22 11:20,Share your thoughts on China's diplomacy
Updated: 2022-02-27 20:58,Iran vows not to compromise over redlines in Vienna nuke talks: FM
Updated: 2022-02-28 07:00,"Sanctions cannot solve problems, FM says"
Updated: 2022-02-28 09:14,"Aid workers risk life, limb on front line"
Updated: 2022-02-28 20:18,Ukraine tensions may fuel instability in Middle East
Updated: 2022-03-01 15:30,AU chiefs condemn treatment of Africans fleeing Ukraine
Updated: 2022-03-02 09:16,Chinese doctors aiding Algeria through TCM
Updated: 2022-03-02 09:17,UN green forum pushes for pact to tackle plastic
Updated: 2022-03-02 14:11,Book donation opens opportunity for Kenyans to learn Chinese culture
Updated: 2022-03-03 09:14,Pandemic boosts number of ultrarich
Updated: 2022-03-03 09:27,Boost for African-made jabs with funding deal
Updated: 2022-03-03 19:15,UN body passes historic treaty to end plastic waste
Updated: 2022-03-04 07:53,1 million flee Ukraine in just a week
Updated: 2022-03-04 10:10,Ancient riddle of standing stones 'solved'
Updated: 2022-03-06 14:26,Death toll rises to 63 in mosque blast
Updated: 2022-03-06 14:31,India yet to submit emission targets
Updated: 2022-03-07 09:12,Reality of Brexit bites for disgruntled UK farmers
Updated: 2022-03-07 09:15,Greece ends outdoor mask mandate as COVID-19 situation improves
Updated: 2022-03-07 09:30,Ukraine crisis drives wheat prices up to 14-year high
Updated: 2022-03-07 09:41,India urges dialogue to bring fighting to end
Updated: 2022-03-08 07:04,Nations urged to de-escalate Russia-Ukraine conflict
Updated: 2022-03-08 09:12,Oil price surge brings uncertainty to travel recovery
Updated: 2022-03-08 10:28,Study: Amazon rainforest could be transformed into savannah
Updated: 2022-03-09 07:14,US attempts to contain China doomed
Updated: 2022-03-09 09:14,Biden announces imposition of energy embargo on Russia
Updated: 2022-03-10 01:54,Octopuses turn human litter into shelters
Updated: 2022-03-10 06:44,Yoon Suk-yeol elected S Korean president amid people's aspiration for transfer of power
Updated: 2022-03-10 07:10,Yemen arms embargo renewal may pave new path
Updated: 2022-03-10 07:13,Dow rebounds over 650 points as investors eye latest conflict in Ukraine
Updated: 2022-03-10 07:13,SpaceX launches 48 more Starlink internet satellites into space
Updated: 2022-03-10 09:02,"To fix creaking US infrastructure, try $10 trillion"
Updated: 2022-03-10 09:03,Hopes grow for civilian routes
Updated: 2022-03-10 09:04,Teamwork can help break grip of COVID
Updated: 2022-03-10 09:13,Spain to take bite out of kids' junk-food cravings
Updated: 2022-03-10 09:14,Caution still urged on 'endemic' virus
Updated: 2022-03-10 09:15,Emergency declared for Australia floods
Updated: 2022-03-10 09:16,London mayor calls for rent controls
Updated: 2022-03-10 10:28,Man who received first pig heart transplant dies
