﻿Updated: 2022-05-20 09:09,Prehistoric dolphin species discovered in Switzerland
Updated: 2022-05-31 01:10,Monet's Waterloo Bridge painting expected to sell for $30.3m
Updated: 2022-06-03 06:35,US gun culture and gun-related deaths
Updated: 2022-06-04 06:40,Five things to know about the US gun lobby
Updated: 2022-06-07 19:12,"Senior Chinese diplomat, Japanese national security official talk over phone"
Updated: 2022-06-10 10:20,"Monkeypox spread may take hold, WHO says"
Updated: 2022-06-16 07:45,IAEA resolution casts shadow on Iran nuke deal
Updated: 2022-06-16 09:32,Smartphone cameras still no match for dedicated devices
Updated: 2022-06-17 16:59,"36.5 mln children displaced worldwide, highest since World War II: UNICEF"
Updated: 2022-06-19 21:07,Iran says US approach to nuke talks 'unconstructive'
Updated: 2022-06-20 17:50,Bus attack kills 13 soldiers in northern Syria
Updated: 2022-06-21 07:40,President's Belgian trip fostered affection
Updated: 2022-06-21 09:05,2 states still best fix in Middle East
Updated: 2022-06-21 10:29,Cost of living protests staged across Ireland
Updated: 2022-06-21 11:05,East Africa gains the upper hand on locusts
Updated: 2022-06-21 11:13,Industrial strife looms for Britain
Updated: 2022-06-21 10:25,EU calls for ceasefire in Ukraine to allow grain exports
Updated: 2022-06-21 13:57,UNICEF provides emergency relief as 1.6 mln children stranded by floods in Bangladesh
Updated: 2022-06-21 15:57,S. Korea launches homegrown space rocket
Updated: 2022-06-21 16:41,EAC heads commit to ending conflict in DR Congo
Updated: 2022-06-21 17:33,Final tunnel on Indonesia rail line completed
Updated: 2022-06-21 17:00,US Texas Republicans reject results of 2020 presidential election
Updated: 2022-06-21 21:26,Belgium returns remains of African hero to DR Congo
Updated: 2022-06-22 07:05,US lawmakers agree landmark bipartisan bill on gun safety
Updated: 2022-06-22 09:19,Chun Wai Chan promoted to first Chinese principal dancer at NYCB
Updated: 2022-06-22 09:27,"China, Africa are partners on path of development"
Updated: 2022-06-22 09:33,S. Africa eyes more benefits from BRICS
Updated: 2022-06-22 09:39,Mix of factors to blame for Sri Lanka woes
Updated: 2022-06-22 09:50,US households feel price squeeze as inflation hovers at 40-year high
Updated: 2022-06-22 10:13,State officials recall pressure to change 2020 election results
Updated: 2022-06-22 10:15,Battle lines drawn as strike halts train services
Updated: 2022-06-22 10:22,Aftermath of COVID-19 still disrupting US daily life: CNN
Updated: 2022-06-22 10:28,EU is urged to stay on green track
Updated: 2022-06-22 10:30,Macron in postelection talks with party leaders after election disappointment
Updated: 2022-06-22 11:04,Australia grappling with unexpected energy crisis
Updated: 2022-06-22 11:35,Foundation empowers African women
