﻿Updated: 2017-08-31 08:54,American in Beijing lives his Chinese dream
Updated: 2017-08-31 11:17,
Updated: 2021-01-25 10:17,Sharon Fraser : The awareness of Chongqing needs to be built outside of China
Updated: 2021-08-20 09:00,Student explores city's attractions by bicycle
Updated: 2022-08-24 16:24,"Facing raging fires, young man jumps into action"
Updated: 2022-08-25 09:11,Changsha's disappearing sounds captured for posterity
Updated: 2022-08-25 14:13,"Whose democracy? Beijing, New York show vast contrast"
Updated: 2022-08-25 22:53,"7 decades later, girl admitted to grandfather's alma mater"
Updated: 2022-08-29 07:21,"Vocational workshops to train skilled workers build bridges between China, world"
Updated: 2022-08-29 14:36,Peking University welcomes this year's cohort
Updated: 2022-08-30 16:43,Blind student sets blistering pace in life
Updated: 2022-08-31 09:33,Astronomers obtain sky's large-field X-ray maps
Updated: 2022-08-31 09:37,Financial aid helps needy students
Updated: 2022-08-31 09:51,Chinese researchers develop anti-SARS-CoV-2 nanomaterial
Updated: 2022-08-31 09:54,Scientists identify new gene behind rare blood disease
Updated: 2022-08-31 13:50,"Video: Chongqing fights flames with heroism, solidarity"
Updated: 2022-08-31 16:21,Xinjiang's new expressway to boost high-quality economic development
Updated: 2022-08-31 19:25,The Gold: A Soybean's Mission
Updated: 2022-08-31 19:48,Chinese central gov't to issue 3 bln yuan bonds in Macao SAR
Updated: 2022-08-31 19:54,Central gov't fully supports HK's participation in B&R development: vice premier
Updated: 2022-08-31 21:14,China expands transport routes
Updated: 2022-08-31 22:09,Xi hails role of CIFTIS as key platform
Updated: 2022-08-31 22:20,Chinese political advisors discuss promotion of exchanges among all ethnic groups
Updated: 2022-09-01 06:43,Regulator expands use of HPV vaccine
Updated: 2022-09-01 06:53,Protection of Qinghai-Tibet Plateau urged
Updated: 2022-09-01 07:01,Nationwide campaign to boost cybersecurity awareness
Updated: 2022-09-01 07:15,US urged not to shirk responsibility for escalating cross-Straits tension
Updated: 2022-09-01 07:18,Hong Kong hailed as BRI's pivotal gateway
Updated: 2022-09-01 08:09,Action taken to counter drought
Updated: 2022-09-01 08:57,Dream comes true for determined disabled student
Updated: 2022-09-01 09:19,Detailed plans urged for safe start to new school semester nationwide
Updated: 2022-09-01 09:26,High-speed cross-sea railway line to open next year in Fujian
Updated: 2022-09-01 09:29,"Top Chinese legislator calls for in-depth investigation, research from deputies"
Updated: 2022-09-01 09:32,Guangdong excels in decade of development
Updated: 2022-09-01 09:33,Shaanxi boosts progress of innovative growth
Updated: 2022-09-01 09:34,Heilongjiang promotes all-around vitalization
Updated: 2022-09-01 09:36,"Qinghai takes big steps in ecological protection, economic prosperity"
Updated: 2022-09-01 09:54,Restoration efforts add new charm to old town
Updated: 2022-09-01 11:02,Chinese mainland reports 307 new local confirmed COVID-19 cases
