﻿Updated: 2017-08-31 08:54,American in Beijing lives his Chinese dream
Updated: 2017-08-31 11:17,
Updated: 2021-01-25 10:17,Sharon Fraser : The awareness of Chongqing needs to be built outside of China
Updated: 2021-08-20 09:00,Student explores city's attractions by bicycle
Updated: 2022-05-28 21:16,Ministry orders redoing of textbook illustrations after public outcry
Updated: 2022-05-29 08:14,Vice Foreign Minister Ma Zhaoxu briefs the media on the visit of UN High Commissioner for Human Rights to China
Updated: 2022-05-29 08:23,Chinese vice premier stresses summer agricultural production
Updated: 2022-05-29 13:56,Shenzhou XIV mission preparing for launch
Updated: 2022-05-29 19:55,
Updated: 2022-05-30 07:38,"After outcry, primary school textbooks to be changed"
Updated: 2022-05-30 08:20,HKSAR gov't continues tracing COVID-19 through sewage surveillance
Updated: 2022-05-30 09:55,HK expected to raise security awareness
Updated: 2022-05-30 11:44,Honoring sci-tech pioneers
Updated: 2022-05-30 16:45,Premier Li grants appointment certificate to John Lee as HKSAR chief executive
Updated: 2022-05-30 17:29,China's top legislature schedules standing committee session
Updated: 2022-05-30 22:23,Interview: 6th-term HKSAR chief executive John Lee vows actions for new chapter
Updated: 2022-05-31 09:08,Action plan to roll out more construction in rural areas
Updated: 2022-05-31 09:13,Jiangxi farmers take to lectern to become tutors
Updated: 2022-05-31 09:25,Judiciary safeguards against records access
Updated: 2022-05-31 09:28,Action being taken to protect minors from crime
Updated: 2022-05-31 09:34,Lifesaving donations of organs gained by retiree
Updated: 2022-05-31 09:34,Ministry denounces US lies about Xinjiang visit
Updated: 2022-05-31 09:45,Projects pipe safe drinking water to remote villages
Updated: 2022-05-31 10:50,China's first solar-tidal photovoltaic power plant connected to grid
Updated: 2022-05-31 10:52,Political advisors discuss revising arbitration law
Updated: 2022-05-31 10:57,Record 11.93m students to take China's college entrance exam
