﻿Updated: 2022-03-07 17:49,"FM hopes for peaceful development between China, Japan"
Updated: 2022-03-31 10:34,World needs answer on US biolabs
Updated: 2022-04-21 06:30,Asian American hate crimes increased in US during pandemic
Updated: 2022-04-26 15:33,Palestine question should not be sidelined: Chinese envoy
Updated: 2022-04-28 09:25,Seminar discusses democracy practice
Updated: 2022-04-29 03:39,Cows in face masks to save the planet
Updated: 2022-04-29 10:32,DR Congo's Ebola jabs campaign follows outbreak
Updated: 2022-04-29 17:03,Vaccine-preventable diseases surge in Africa as COVID-19 disrupts vaccination
Updated: 2022-05-01 22:16,Iran vows to continue nuke talks until national interests utterly protected
Updated: 2022-05-05 09:55,"Yen's fall pressures Japan's companies, consumers"
Updated: 2022-05-05 10:45,Derek Chauvin to be sentenced for violating George Floyd's civil rights
Updated: 2022-05-05 10:56,Vaccines still protect against new COVID-19 variants: WHO
Updated: 2022-05-05 17:28,New Ebola case confirmed in NW DR Congo: WHO
Updated: 2022-05-06 01:34,Cornwall residents urged to make 'hedgehog highways'
Updated: 2022-05-06 09:11,"African cities key to continent's growth, report says"
Updated: 2022-05-06 09:16,US hand seen behind increased instability
Updated: 2022-05-06 09:18,Investigation: Problems at California women's prison run deep
Updated: 2022-05-06 09:42,Britons to deliver verdict on PM at polls
Updated: 2022-05-06 08:05,"Putin, Bennett discuss Ukraine over phone"
Updated: 2022-05-07 07:24,Johnson's Tories lose control of London strongholds
Updated: 2022-05-07 08:46,"China and the US should resolve issues together, US experts say"
Updated: 2022-05-07 09:31,Rise in Africa infections prompts curbs
Updated: 2022-05-08 10:12,US set to mark grim milestone of 1 million coronavirus-related deaths: report
Updated: 2022-05-08 10:21,Russia holds final rehearsal for V-Day parade
Updated: 2022-05-09 07:12,Inflation hinders Latin America's recovery
Updated: 2022-05-09 07:14,Macron vows new start in second term
Updated: 2022-05-09 07:28,Thailand grapples with risk of opening
Updated: 2022-05-09 08:41,Serbia pledges not to buckle under pressure
Updated: 2022-05-09 08:48,Former US ambassadors weigh in on bilateral ties
Updated: 2022-05-09 08:58,Abortion-rights protesters show up at justices' homes
Updated: 2022-05-09 09:02,Asia ready for leading role in global governance
Updated: 2022-05-09 09:10,Voting continues in Philippine elections amid violence eruption
Updated: 2022-05-09 09:24,Macron sworn in for second term
Updated: 2022-05-09 09:37,N Ireland vote poses question over its future
Updated: 2022-05-09 09:41,China and UAE ties continue to grow
Updated: 2022-05-09 09:43,More cases of hepatitis in young appear
Updated: 2022-05-09 09:44,Shady outfit that cooks up and spins lies
