﻿Updated: 2022-02-01 20:13,China refutes so-called human rights resolution adopted by Japan's House of Representatives
Updated: 2022-02-22 11:20,Share your thoughts on China's diplomacy
Updated: 2022-03-03 09:14,Pandemic boosts number of ultrarich
Updated: 2022-03-04 10:10,Ancient riddle of standing stones 'solved'
Updated: 2022-03-08 10:28,Study: Amazon rainforest could be transformed into savannah
Updated: 2022-03-11 02:00,100-year-old train becomes hotel in South Africa
Updated: 2022-03-11 09:11,EPA approves use of gene-modified mosquitoes to reduce disease spread
Updated: 2022-03-11 21:23,Iran confirms 'pause' in Vienna nuke talks
Updated: 2022-03-12 21:53,Russia says to publish retaliatory sanctions against West soon
Updated: 2022-03-14 09:13,At least 75 killed in train derailment in southeastern DR Congo
Updated: 2022-03-14 09:41,Finland opens long-delayed nuclear facility amid Ukraine crisis
Updated: 2022-03-14 12:16,China sends Ukraine second batch of aid
Updated: 2022-03-14 16:53,S. Korea to administer COVID-19 vaccines to children aged 5-11
Updated: 2022-03-15 07:12,"Africa view brightens on case declines, jab efforts"
Updated: 2022-03-15 07:27,Cloud hangs over Syria's regional thaw
Updated: 2022-03-15 07:32,Work begins on new capital for Indonesia
Updated: 2022-03-15 09:13,Iraq demands answers from Iran over attack
Updated: 2022-03-15 09:19,SE Asia to ride on China demand
Updated: 2022-03-15 10:39,China's Uygur torchbearer debunks Western lies
Updated: 2022-03-15 17:20,Public space reclamation transforming Kenyan slums
Updated: 2022-03-15 17:40,Campaigns intensify as Kenya prepares for August general elections
Updated: 2022-03-15 15:00,Inequities in US worsened by COVID-19: The Guardian
Updated: 2022-03-16 10:30,"Russia sanctions Bidens, Hillary Clinton"
Updated: 2022-03-16 04:51,Gold falls on stronger US stock indexes
Updated: 2022-03-16 07:14,Kremlin says too early to draw conclusions on talks
Updated: 2022-03-16 07:22,Africans eye more gains with China
Updated: 2022-03-16 07:24,"China, US show will to move ties forward"
Updated: 2022-03-16 07:45,Devices powered by the sun illuminate the path to learning from a distance
Updated: 2022-03-16 07:47,Germany to buy 50 fighter jets amid crisis
Updated: 2022-03-16 07:55,Ministry says human rights not political tool
Updated: 2022-03-16 09:10,Report: Global arms trade falls slightly while US arms exports rise
Updated: 2022-03-16 09:30,Intel to invest $36b to make chips in Europe
Updated: 2022-03-16 09:39,Sharp rise in virus hospital cases in UK
Updated: 2022-03-16 09:41,Container vessel runs aground in US bay
Updated: 2022-03-16 09:45,ROK says DPRK seems to fail in unidentified projectile launch
Updated: 2022-03-16 10:12,UN General Assembly adopts resolution to uphold rights of widows
Updated: 2022-03-16 10:13,"1 killed, 3 injured in shooting in US Hawaii: media"
Updated: 2022-03-16 10:14,UN relief chief warns against inertia on Yemen's humanitarian situation
