﻿Updated: 2017-08-31 08:54,American in Beijing lives his Chinese dream
Updated: 2017-08-31 11:17,
Updated: 2021-01-25 10:17,Sharon Fraser : The awareness of Chongqing needs to be built outside of China
Updated: 2021-08-20 09:00,Student explores city's attractions by bicycle
Updated: 2022-05-07 21:05,Dates set for China's 2022 national college entrance exam
Updated: 2022-05-08 07:52,"China to highlight green, low-carbon development philosophy in school education"
Updated: 2022-05-11 10:04,Renmin University pulls itself out of overseas ranking systems
Updated: 2022-05-12 11:53,Top legislator stresses rule of law for protecting wetlands
Updated: 2022-05-12 15:49,"Pupils try knitting, knotting, planting, cooking"
Updated: 2022-05-12 17:12,"China cracks down on cross-border gambling, fraud"
Updated: 2022-05-13 07:07,Books gather Xi's wisdom on diplomacy
Updated: 2022-05-13 16:11,Young teacher finds satisfaction in rural Shanxi
Updated: 2022-05-15 13:48,Eldest COVID patient recovers in Shanghai
Updated: 2022-05-15 22:02,China to strengthen Party building among retired officials
Updated: 2022-05-16 07:15,Airlines' awaited C919 makes test flight
Updated: 2022-05-16 09:10,Chinese scientists break aerostat altitude record
Updated: 2022-05-16 09:11,More jobs for disabled a key govt priority
Updated: 2022-05-16 09:12,Residents rising to the COVID-19 challenge
Updated: 2022-05-16 09:15,Former policeman gets back in the saddle to tackle the disease
Updated: 2022-05-16 09:17,'Ignorance is bliss' may well be true for sick seniors
Updated: 2022-05-17 07:08,Shanghai releases phased plan to get back to normal
Updated: 2022-05-17 07:21,Senior diplomat: Rejuvenation a certainty
Updated: 2022-05-17 07:45,Space technology comes right down to Earth
Updated: 2022-05-17 07:55,Nation to take more decisive measures on virus control
Updated: 2022-05-17 09:03,Text message default setting safer for users
Updated: 2022-05-17 09:17,More graduates opt to work in lower-tier cities
Updated: 2022-05-17 09:24,Ordinary heroes an inspiration during epidemic
Updated: 2022-05-17 09:25,Multimedia becoming trend in journalism
Updated: 2022-05-17 09:41,Rougher weather tipped in rainy season
Updated: 2022-05-17 09:52,"Guangdong policies support youth from Hong Kong, Macao"
Updated: 2022-05-17 09:59,476 COVID-19 patients discharged from hospitals on Chinese mainland
Updated: 2022-05-17 10:01,Chinese mainland reports 162 new local confirmed COVID-19 cases
