﻿Updated: 2017-08-31 08:54,American in Beijing lives his Chinese dream
Updated: 2017-08-31 11:17,
Updated: 2021-01-25 10:17,Sharon Fraser : The awareness of Chongqing needs to be built outside of China
Updated: 2021-08-20 09:00,Student explores city's attractions by bicycle
Updated: 2022-07-20 07:00,China's changes in the eyes of a Cameroonian student
Updated: 2022-07-22 07:00,A Cameroonian student's visit to Xinjiang
Updated: 2022-07-28 16:17,Medical sector getting larger and more professional
Updated: 2022-07-29 12:56,Smart healthcare to cope with aging society
Updated: 2022-07-29 13:40,"China opposes UN Human Rights Committee concluding observations concerning Hong Kong, Macao"
Updated: 2022-07-29 16:30,Removing unreasonable fines to improve biz environment
Updated: 2022-07-29 18:31,Hearing-impaired student aces listening test to enter Peking University
Updated: 2022-07-30 10:04,Leaders laud China's progress
Updated: 2022-07-30 10:21,Premier urges smart investing
Updated: 2022-07-30 11:11,Li: Safeguards for IPR uphold tech vibrancy
Updated: 2022-07-30 11:33,New satellites launched into orbit
Updated: 2022-07-30 11:41,"Internship launched for HK, Macao students"
Updated: 2022-07-31 09:41,Rocket debris fall back to Earth
Updated: 2022-07-31 19:39,Assembly promotes China’s education experiences abroad
Updated: 2022-08-01 06:46,Xi stresses united front's importance
Updated: 2022-08-01 06:59,Xi's thoughts on ecological civilization published
Updated: 2022-08-01 07:21,Spokesman: Refueling plane to improve combat capabilities of the PLA
Updated: 2022-08-01 08:22,China renews yellow alert for high temperatures
Updated: 2022-08-01 08:24,Chinese military begins exercises in Yellow Sea
Updated: 2022-08-01 09:07,"Shoemakers, clients work out details via video link, 3D printing"
Updated: 2022-08-01 09:14,Coffee festival to perk up Shanghai
Updated: 2022-08-01 09:16,Rocket debris reenters atmosphere
Updated: 2022-08-01 09:17,Xinjiang residents send their stories to UN's human rights chief
Updated: 2022-08-01 09:23,Legendary Mogan now homestay hot spot
Updated: 2022-08-01 10:24,Balanced approach needed on tech
Updated: 2022-08-01 10:25,Teachers credit event for professional development
Updated: 2022-08-01 10:27,GBA aims to capitalize on English language assets
Updated: 2022-08-01 10:29,Assembly promotes China's education experiences abroad
Updated: 2022-08-01 11:06,Xi stresses solidarity of Chinese at home and abroad for national rejuvenation
Updated: 2022-08-01 11:24,Beauty all in a day's work for archaeologist
