﻿Updated: 2022-03-07 17:49,"FM hopes for peaceful development between China, Japan"
Updated: 2022-03-31 10:34,World needs answer on US biolabs
Updated: 2022-04-21 06:30,Asian American hate crimes increased in US during pandemic
Updated: 2022-04-29 03:39,Cows in face masks to save the planet
Updated: 2022-05-01 22:16,Iran vows to continue nuke talks until national interests utterly protected
Updated: 2022-05-06 01:34,Cornwall residents urged to make 'hedgehog highways'
Updated: 2022-05-09 08:26,"Marathon staged on Chinese-built expressway, reviving Kenyans' hope for economic vitality"
Updated: 2022-05-09 10:04,"Syrian president meets Iran's supreme leader, president: state media"
Updated: 2022-05-10 21:28,South Sudan and Kenya report cholera outbreak
Updated: 2022-05-11 02:36,Painting of Marilyn Monroe sells for record-breaking $195m
Updated: 2022-05-11 07:40,Leaders aim for higher level Sino-ROK ties
Updated: 2022-05-11 07:58,New measures greatly expand global initiative
Updated: 2022-05-11 09:12,"Webb telescope's first full-color, scientific images due in July"
Updated: 2022-05-11 09:39,South Africa needs developmental space during energy transition: president
Updated: 2022-05-12 07:50,Cartoonist invents Tanzania's first electric car
Updated: 2022-05-12 13:30,DPRK leader calls for 'maximum emergency' measures following first COVID-19 case
Updated: 2022-05-12 09:01,Inflation to put dent in UK disposable income
Updated: 2022-05-12 09:16,Euro could fall to parity with US dollar as fears of recession increase
Updated: 2022-05-12 14:06,China-Belarus industrial park welcomes new resident company
Updated: 2022-05-12 18:00,S.Korea says DPRK fires 3 short-range ballistic missiles into eastern waters
Updated: 2022-05-12 21:48,"Eastern Africa on the verge of acute food crisis, UN warns"
Updated: 2022-05-13 07:51,Figures show UK economy shrank in March
Updated: 2022-05-13 09:10,Ambassador Qin visits manufacturer in Georgia
Updated: 2022-05-13 09:21,Thousands of children at risk of lacking lead-poisoning testing in US
Updated: 2022-05-13 09:52,Slovenia's worst-ever factory explosion kills six: media
Updated: 2022-05-16 09:23,"Palestinians demonstrate in Gaza, West Bank to mark 74th anniversary of Nakba Day"
Updated: 2022-05-16 10:27,Suspect in racist shooting detained last year
Updated: 2022-05-17 01:32,Full lunar eclipse brings in dramatic super blood moon
Updated: 2022-05-17 07:49,Premier reaffirms China's support for Pakistan
Updated: 2022-05-17 07:59,"Moscow, Kyiv welcomed at G20 summit"
Updated: 2022-05-17 08:02,Virus may plunge 58m Africans into poverty
Updated: 2022-05-17 09:00,"Putin says Russia would respond to expansion of NATO military infrastructure into Finland, Sweden"
Updated: 2022-05-17 09:17,"China refutes G7 statement, demands no interference"
Updated: 2022-05-17 09:39,Soaring US natural gas prices straining businesses
Updated: 2022-05-17 09:41,Extremist theory linked to hate-crime surge in US
Updated: 2022-05-17 09:44,Singapore finds local Omicron BA.4 and BA.5 variant cases
Updated: 2022-05-17 09:50,Boredom poses health risks if not addressed
Updated: 2022-05-17 09:55,Nordic nations inch closer to join alliance
Updated: 2022-05-18 07:11,"China, ROK set to enhance cooperation"
Updated: 2022-05-18 09:14,Biden condemns Buffalo mass shooting as 'terrorism'
Updated: 2022-05-18 09:15,US traffic fatalities soar to a 16-year high in 2021
