﻿Updated: 2017-08-31 08:54,American in Beijing lives his Chinese dream
Updated: 2017-08-31 11:17,
Updated: 2021-01-25 10:17,Sharon Fraser : The awareness of Chongqing needs to be built outside of China
Updated: 2021-08-20 09:00,Student explores city's attractions by bicycle
Updated: 2022-02-07 08:30,Premier meets with series of world leaders
Updated: 2022-02-16 11:24,Premier stresses gathering wisdom to improve govt work
Updated: 2022-02-16 11:27,Top legislature prepares lawmakers for upcoming annual session
Updated: 2022-02-17 08:17,Institutions face tighter scrutiny from authorities
Updated: 2022-02-17 09:11,Salary climbing for returning graduates
Updated: 2022-02-17 09:12,Large amphibious plane forges ahead
Updated: 2022-02-17 10:37,The making of China’s Olympic mascots
Updated: 2022-02-17 17:00,"Chinese schools to appoint vice principals to tackle delinquency, bullying"
Updated: 2022-02-18 07:02,Central govt boosts support for HK virus fight
Updated: 2022-02-18 08:10,Law enforcement officials to serve as school vice-principals
Updated: 2022-02-18 09:22,Disease control body to establish oversight
Updated: 2022-02-18 09:23,VR visits enabled for ancient buildings
Updated: 2022-02-18 09:28,Robot shark making a big splash in Shanghai
Updated: 2022-02-18 09:31,Athletes treasure children's drawings
Updated: 2022-02-18 09:53,"China approves mega project for greater computing power, digital future"
Updated: 2022-02-18 10:26,New jobs for farmers with winter sports zeal
Updated: 2022-02-18 16:26,China's top legislature schedules standing committee session
Updated: 2022-02-18 17:11,Mobile phone penetration rate in Xinjiang reaches 117.5 per 100 people
Updated: 2022-02-19 07:46,Xinjiang emerges as winter sports hotspot amid Olympics
Updated: 2022-02-19 08:04,Legislation will be 'people centered'
Updated: 2022-02-19 12:25,"Mainland experts attend meeting on  Hong Kong's epidemic prevention, control work"
Updated: 2022-02-19 12:58,Various sectors in Hong Kong gear up to take anti-epidemic measures
Updated: 2022-02-20 17:45,Plane grounded after crack found in window
Updated: 2022-02-21 06:59,Leaders laud 50 years of Sino-Argentine diplomatic ties
Updated: 2022-02-21 07:26,China widens choices for COVID-19 booster shots
Updated: 2022-02-21 07:33,Ceaseless support pumped to HK's anti-pandemic fight
Updated: 2022-02-21 07:34,Persistence of Olympic veterans inspires netizens
Updated: 2022-02-21 09:00,Xi Focus: Building community with shared future to confront global challenges
Updated: 2022-02-21 09:01,"China issues plan to bolster services, support for veterans"
Updated: 2022-02-21 09:34,"150,000 boxes of traditional Chinese medicines donated by mainland arrive in Hong Kong"
Updated: 2022-02-21 09:35,North China region pilots grassland insurance program
