﻿Updated: 2022-07-09 22:15,Chinese premier extends condolences over passing away of former Japanese PM Abe
Updated: 2022-07-13 08:49,Evidence confirms germ warfare and more by Japanese Unit 731
Updated: 2022-07-13 09:31,African nations among most exposed to Ukraine crisis
Updated: 2022-07-13 17:33,"Kenya, Tanzania join forces to eradicate trachoma"
Updated: 2022-07-15 01:24,Hidden self-portrait discovered on back of Van Gogh painting
Updated: 2022-07-15 09:57,Social media star inspires millions to forage food in the wild
Updated: 2022-07-18 21:03,Facts derail Africa 'debt trap' smears
Updated: 2022-07-19 09:57,Call made for boost to continent's healthcare
Updated: 2022-07-20 09:23,UN hails China lessons in poverty fight
Updated: 2022-07-20 09:58,Rocket falls from space posing an ever-increasing risk to life on Earth
Updated: 2022-07-20 10:19,Scientists discover 'needle in a haystack' black hole
Updated: 2022-07-20 10:30,Iran firm on Syria's territorial integrity
Updated: 2022-07-20 15:45,Syria cuts diplomatic ties with Ukraine
Updated: 2022-07-20 19:39,Hunger starts to claim lives in east Africa
Updated: 2022-07-21 09:10,UK braced for 'financial cataclysm' after June inflation rate hits 9.4%
Updated: 2022-07-21 00:12,China-EU talks to boost trade
Updated: 2022-07-21 07:42,Slashed US debt holdings change scene
Updated: 2022-07-21 08:08,"China, Pacific Island nations to bolster collaboration in poverty alleviation"
Updated: 2022-07-21 09:08,Italian cabinet narrowly wins confidence vote in senate
Updated: 2022-07-21 09:25,China and ASEAN add to IP coaction
Updated: 2022-07-21 09:33,Tourism lift seen closer to home first
Updated: 2022-07-21 09:50,Summit advances quest for Syria peace
Updated: 2022-07-22 20:00,"2,000 African leaders explore funding to protect biodiversity"
Updated: 2022-07-23 08:37,Beijing condemns Tokyo's new defense white paper
Updated: 2022-07-23 17:25,"At least 21 killed, 3 missing in south Iran floods"
Updated: 2022-07-24 16:09,"3 dead, 2 wounded in university campus shooting in Philippine capital"
Updated: 2022-07-25 09:55,Monkeypox declared an international emergency
Updated: 2022-07-25 09:06,Russian FM visits Egypt in 1st African tour during Russian-Ukrainian conflict
Updated: 2022-07-25 09:14,Begaj takes oath as new president of Albania
Updated: 2022-07-25 09:38,"Missiles destroy Odessa's military ware, Russia says"
Updated: 2022-07-25 09:45,Rivals vying to be UK prime minister vow to cut illegal immigration
Updated: 2022-07-25 09:51,"Sunak, Truss gear up for fierce UK showdown"
Updated: 2022-07-25 10:06,Study identifies risk factors for long COVID
Updated: 2022-07-25 10:17,Biden's COVID-19 symptoms 'improve significantly': doctor
Updated: 2022-07-25 10:19,States' abortion laws leading some doctors to relocate
Updated: 2022-07-25 10:27,Expert: US chips bill could crimp profits for global market
Updated: 2022-07-25 10:35,Bolsonaro officially announces candidacy for Brazilian president
Updated: 2022-07-25 10:42,BRI brings significant gains for Rwanda
Updated: 2022-07-25 10:51,Sakurajima volcano in southwestern Japan erupts again
Updated: 2022-07-25 16:09,Ups and downs of US inflation in 3D
