﻿Updated: 2017-08-31 08:54,American in Beijing lives his Chinese dream
Updated: 2017-08-31 11:17,
Updated: 2021-01-25 10:17,Sharon Fraser : The awareness of Chongqing needs to be built outside of China
Updated: 2021-08-20 09:00,Student explores city's attractions by bicycle
Updated: 2022-03-09 07:11,Legal toolkit upgrade set to help safeguard State security
Updated: 2022-03-09 11:37,Stable job market a priority
Updated: 2022-03-10 07:08,'Blacklist' targeting bribers to be unveiled
Updated: 2022-03-10 10:00,Reducing academic burdens a priority in high-quality compulsory education
Updated: 2022-03-10 23:25,Key takeaways from China's crucial political gathering
Updated: 2022-03-11 07:40,More efforts urged on students' mental health
Updated: 2022-03-11 09:47,Digital platform improves legislators' work efficiency
Updated: 2022-03-11 09:56,Guangzhou builds new schools to meet demand from 2nd children
Updated: 2022-03-11 13:41,China to adapt to changing COVID situation
Updated: 2022-03-11 16:26,"Evidence of wind, possible water erosion found on Mars: Study"
Updated: 2022-03-11 16:59,Shanghai schools pivot to e-learning following COVID-19 outbreak
Updated: 2022-03-11 17:23,Lowly mussel finds a friend in amateur zoologist
Updated: 2022-03-11 21:34,"China's BeiDou enters new phase of stable services, rapid development"
Updated: 2022-03-13 19:22,China's anti-monopoly efforts bear fruit
Updated: 2022-03-13 21:57,"Shenzhen to seal all communities, suspend bus and metro services"
Updated: 2022-03-14 08:06,HK strives for sustained daily infection decline
Updated: 2022-03-14 08:52,Xinjiang signs agreements with 11 SOEs
Updated: 2022-03-14 08:59,Pakistan Air Force inducts 6 Chinese J-10CE jets
Updated: 2022-03-14 09:01,"Public, private efforts count in HK pandemic fight"
Updated: 2022-03-14 09:16,"Chinese vice premier in Jilin, ordering 'most thorough' COVID control measures to curb outbreaks"
Updated: 2022-03-14 09:17,Determination drives academic achievement
Updated: 2022-03-14 09:20,Music strikes major chord for budding composer with autism
Updated: 2022-03-14 12:21,Global scholars discuss misinformation at SISU symposium
Updated: 2022-03-14 14:12,Mainland medical workers to arrive in HK
Updated: 2022-03-15 07:14,Experts back zero-COVID control policy
Updated: 2022-03-15 07:38,Action urged to stop domestic violence
Updated: 2022-03-15 07:44,More care urged by psychologists for children who witness family abuse
Updated: 2022-03-15 07:59,Investment boost sought to aid green transition
