﻿Updated: 2022-02-01 20:13,China refutes so-called human rights resolution adopted by Japan's House of Representatives
Updated: 2022-02-17 10:18,"Sea levels to rise 10 to 12 inches by 2050, rate 'alarming': Report"
Updated: 2022-02-22 11:20,Share your thoughts on China's diplomacy
Updated: 2022-02-27 20:58,Iran vows not to compromise over redlines in Vienna nuke talks: FM
Updated: 2022-02-28 07:00,"Sanctions cannot solve problems, FM says"
Updated: 2022-02-28 09:14,"Aid workers risk life, limb on front line"
Updated: 2022-02-28 20:18,Ukraine tensions may fuel instability in Middle East
Updated: 2022-03-01 15:30,AU chiefs condemn treatment of Africans fleeing Ukraine
Updated: 2022-03-02 09:16,Chinese doctors aiding Algeria through TCM
Updated: 2022-03-02 09:17,UN green forum pushes for pact to tackle plastic
Updated: 2022-03-02 14:11,Book donation opens opportunity for Kenyans to learn Chinese culture
Updated: 2022-03-03 09:14,Pandemic boosts number of ultrarich
Updated: 2022-03-03 09:27,Boost for African-made jabs with funding deal
Updated: 2022-03-04 07:53,1 million flee Ukraine in just a week
Updated: 2022-03-04 10:10,Ancient riddle of standing stones 'solved'
Updated: 2022-03-06 14:26,Death toll rises to 63 in mosque blast
Updated: 2022-03-06 14:31,India yet to submit emission targets
Updated: 2022-03-07 09:12,Reality of Brexit bites for disgruntled UK farmers
Updated: 2022-03-07 09:15,Greece ends outdoor mask mandate as COVID-19 situation improves
Updated: 2022-03-07 09:30,Ukraine crisis drives wheat prices up to 14-year high
Updated: 2022-03-07 09:41,India urges dialogue to bring fighting to end
Updated: 2022-03-08 07:04,Nations urged to de-escalate Russia-Ukraine conflict
Updated: 2022-03-08 10:28,Study: Amazon rainforest could be transformed into savannah
Updated: 2022-03-09 09:14,Biden announces imposition of energy embargo on Russia
Updated: 2022-03-10 07:10,Yemen arms embargo renewal may pave new path
Updated: 2022-03-10 07:13,Dow rebounds over 650 points as investors eye latest conflict in Ukraine
Updated: 2022-03-11 02:00,100-year-old train becomes hotel in South Africa
Updated: 2022-03-11 07:11,China denounces Australian defense chief's negative remarks
Updated: 2022-03-11 07:24,Yoon congratulated on winning ROK's presidential race
Updated: 2022-03-11 09:03,UK sanctions Chelsea owner Abramovich
Updated: 2022-03-11 09:05,GDP target demonstrates nation's resilience
Updated: 2022-03-11 09:06,Virus cases on rise again in England
Updated: 2022-03-11 09:07,Drought adds to hunger strains in East Africa
Updated: 2022-03-11 09:07,Optimism expressed for climate goals
Updated: 2022-03-11 09:11,EPA approves use of gene-modified mosquitoes to reduce disease spread
Updated: 2022-03-11 09:28,Beijing urges global effort to back peace bid
Updated: 2022-03-11 09:28,Europe fallout feared as 'huge'
Updated: 2022-03-11 09:29,Axe falling on US virus-fighting funds
Updated: 2022-03-11 09:33,US inflation hits fresh 40-year high ahead of Fed rate hike
Updated: 2022-03-11 09:40,"EU leaders to focus on unity, defence at informal summit"
