﻿Updated: 2017-08-31 08:54,American in Beijing lives his Chinese dream
Updated: 2017-08-31 11:17,
Updated: 2021-01-25 10:17,Sharon Fraser : The awareness of Chongqing needs to be built outside of China
Updated: 2021-08-20 09:00,Student explores city's attractions by bicycle
Updated: 2022-05-07 15:03,Shanghai supports fresh college grads
Updated: 2022-05-07 21:05,Dates set for China's 2022 national college entrance exam
Updated: 2022-05-08 07:52,"China to highlight green, low-carbon development philosophy in school education"
Updated: 2022-05-10 09:51,Chinese vice premier reiterates dynamic zero-COVID policy
Updated: 2022-05-11 07:41,"EU, G7 slammed for defaming HK election"
Updated: 2022-05-11 08:36,Guideline targets consumption growth
Updated: 2022-05-11 10:04,Renmin University pulls itself out of overseas ranking systems
Updated: 2022-05-11 15:31,New guideline on marine environment released
Updated: 2022-05-12 11:53,"First-dose COVID-19 vaccination rate for elderly, disabled homes reaches 84 pct"
Updated: 2022-05-12 11:53,Top legislator stresses rule of law for protecting wetlands
Updated: 2022-05-12 15:49,"Pupils try knitting, knotting, planting, cooking"
Updated: 2022-05-12 17:12,"China cracks down on cross-border gambling, fraud"
Updated: 2022-05-13 07:07,Books gather Xi's wisdom on diplomacy
Updated: 2022-05-13 07:21,Image captures black hole at center of Milky Way
Updated: 2022-05-13 08:49,Beijing calls for new series of testing
Updated: 2022-05-13 09:23,Deferrals to help epidemic-hit firms
Updated: 2022-05-13 09:24,Fraudsters targeting elderly caught
Updated: 2022-05-13 09:25,Rain continues to lash Guangdong
Updated: 2022-05-13 09:27,Usable water could be found on Mars
Updated: 2022-05-13 09:47,Doctor from Tibet aids in city's COVID-19 fight
Updated: 2022-05-13 10:17,10-year-old girl goes viral for cooking skills
Updated: 2022-05-13 15:15,Hong Kong's third-dose COVID-19 vaccination rate reaches 50 pct
Updated: 2022-05-13 16:11,Young teacher finds satisfaction in rural Shanxi
Updated: 2022-05-15 06:52,Anti-China forces in Hong Kong have no extrajudicial privileges: Commissioner's office of Chinese foreign ministry in HKSAR
Updated: 2022-05-15 13:48,Eldest COVID patient recovers in Shanghai
Updated: 2022-05-16 07:15,Airlines' awaited C919 makes test flight
Updated: 2022-05-16 07:32,Shanghai to start gradual reopening
Updated: 2022-05-16 07:39,Nation cannot risk seniors by relaxing COVID policy
Updated: 2022-05-16 08:46,"Chinese police crack 77,000 economic crimes in 2021"
