﻿Updated: 2017-08-31 08:54,American in Beijing lives his Chinese dream
Updated: 2017-08-31 11:17,
Updated: 2021-01-25 10:17,Sharon Fraser : The awareness of Chongqing needs to be built outside of China
Updated: 2021-08-20 09:00,Student explores city's attractions by bicycle
Updated: 2022-04-27 11:16,Disability can't stand in way of online success
Updated: 2022-04-28 21:20,Beijing schools to start holiday one day earlier over COVID-19
Updated: 2022-04-29 09:31,Grain output to increase this year
Updated: 2022-04-29 13:20,"Chinese leadership analyzes economic situation, reviews plan on talent development"
Updated: 2022-04-30 07:25,CPC stresses need to keep economy stable
Updated: 2022-05-02 09:38,China's top legal departments urge abduction suspects to surrender
Updated: 2022-05-03 07:37,Modified law boosts vocational education
Updated: 2022-05-04 07:00,Xi: A friend of the youth
Updated: 2022-05-04 13:01,China sets up world's highest automatic weather station
Updated: 2022-05-05 09:34,Finding home in hotpot capital
Updated: 2022-05-05 10:09,Psychological health added to platform
Updated: 2022-05-05 21:38,AmCham chair encourages exploration of Greater Bay Area
Updated: 2022-05-06 07:11,HKSAR chief executive sees off mainland medical workers supporting pandemic fight
Updated: 2022-05-06 07:23,CPC: Nation will win antivirus fight
Updated: 2022-05-06 07:27,Beijing counters outbreak with resilience
Updated: 2022-05-06 09:10,Parcel deliveries up over May Day holiday
Updated: 2022-05-06 09:17,Search for 'miracles' in rubble goes on
Updated: 2022-05-06 09:22,Ministry to shore up bottlenecks along transport infrastructure
Updated: 2022-05-06 09:30,Visually impaired get better book access
Updated: 2022-05-06 09:44,Great business confidence to be engine of GBA
Updated: 2022-05-06 11:36,China moves forward in balanced education efforts
Updated: 2022-05-06 11:39,Chinese scientists find potential in lunar soil to generate oxygen and fuel
Updated: 2022-05-06 13:57,"China releases list of most-wanted fugitives for women, child trafficking"
Updated: 2022-05-06 14:12,State Council investigates Changsha building collapse
Updated: 2022-05-06 14:38,Community transmission has been curbed: Shanghai government
