﻿Updated: 2017-08-31 08:54,American in Beijing lives his Chinese dream
Updated: 2017-08-31 11:17,
Updated: 2021-01-25 10:17,Sharon Fraser : The awareness of Chongqing needs to be built outside of China
Updated: 2021-08-20 09:00,Student explores city's attractions by bicycle
Updated: 2022-07-07 09:28,"Interest in 3D, cars drives graduate student's future"
Updated: 2022-07-07 17:30,"Elderly driver's story impresses, moves netizens"
Updated: 2022-07-08 08:03,Greater unity of Chinese people urged
Updated: 2022-07-08 08:03,Li: 5 regions play pivotal growth role
Updated: 2022-07-08 09:16,Authorities warn consumers against refund scams
Updated: 2022-07-08 09:19,Pupils in hot seat during examinations
Updated: 2022-07-08 09:53,Styling is no sweat for deaf barbers
Updated: 2022-07-08 13:54,"Wang asks EU to uphold multilateralism, oppose confrontation"
Updated: 2022-07-09 07:31,Experts find way to make better use of lunar samples
Updated: 2022-07-09 08:05,"HK, Macao lawyers certified to practice in GBA"
Updated: 2022-07-09 08:08,Hong Kong offers students free mainland tours
Updated: 2022-07-10 08:47,Macao businesses asked to suspend operation to curb COVID-19
Updated: 2022-07-10 13:05,Peking University marks 70th anniversary of intl student education
Updated: 2022-07-10 18:16,Senior Chinese official attends opening ceremony of cultural exhibition
Updated: 2022-07-11 07:01,Xi calls for exchanges among civilizations
Updated: 2022-07-11 07:15,Xi sends condolences over passing of Abe
Updated: 2022-07-11 07:54,Li: Ensure smooth operation of logistics
Updated: 2022-07-11 08:59,"For orange growers, villagers, digitalization pays dividends"
Updated: 2022-07-11 08:59,Lingering heat triggering drought alerts
Updated: 2022-07-11 09:06,Support from govt at heart of vitalization
Updated: 2022-07-11 09:27,Antibody injections aid in fight against COVID-19
Updated: 2022-07-11 09:48,Upgrades help goji berries lift people out of poverty in Ningxia
Updated: 2022-07-11 09:49,Measures aim to curb outbreaks
Updated: 2022-07-11 09:58,Dedicated scientist puts self on the line to develop vaccine
Updated: 2022-07-11 13:24,HKSAR gov't streamlines testing services for growing Shenzhen-bound travellers
Updated: 2022-07-11 17:06,Taiwan reports 4 local COVID-19 Omicron BA.5 cases
Updated: 2022-07-11 18:22,Universities encouraged to use expertise to help businesses with technological and industrial development
Updated: 2022-07-11 22:17,China to launch first comprehensive solar probe
Updated: 2022-07-11 22:27,Shanghai reports new cases in latest outbreak
Updated: 2022-07-11 23:01,Laos sees fruits of cooperation with China
Updated: 2022-07-12 05:27,Symposium on studying Xi Jinping's economic thought held in Beijing
Updated: 2022-07-12 06:59,Largest maritime patrol ship in Taiwan Straits commissioned
