﻿Updated: 2017-08-31 08:54,American in Beijing lives his Chinese dream
Updated: 2017-08-31 11:17,
Updated: 2021-01-25 10:17,Sharon Fraser : The awareness of Chongqing needs to be built outside of China
Updated: 2021-08-20 09:00,Student explores city's attractions by bicycle
Updated: 2022-04-11 18:04,Record number of postgrad entrance exam applicants expected next year
Updated: 2022-04-13 09:18,Teacher sings sweet praises of school choir
Updated: 2022-04-14 06:54,Quality of life should outweigh schoolwork
Updated: 2022-04-14 16:19,Company prints T-shirts to thank frontline workers in HK
Updated: 2022-04-15 09:22,Ministry pushes to get more talented teachers in rural areas
Updated: 2022-04-15 09:59,"Chinese premier stresses flood control, drought relief"
Updated: 2022-04-15 13:39,Wuhan deliveryman offers help to Shanghai
Updated: 2022-04-15 19:28,Universities help educate students on national security
Updated: 2022-04-16 10:10,CPC book lauds holistic view of national security
Updated: 2022-04-18 09:10,Xi's visit boosts confidence of agri-workers
Updated: 2022-04-18 09:17,Dedicated ambulance drivers race the clock
Updated: 2022-04-18 10:26,China's top legislature starts standing committee session
Updated: 2022-04-18 13:11,China mulls tougher rules against women trafficking
Updated: 2022-04-18 15:46,China mulls tighter oversight of derivatives trading
Updated: 2022-04-18 17:03,Chinese scientists create human stem cells by dint of chemicals
Updated: 2022-04-18 17:28,"With mainland support, HK outbreak showing signs of waning"
Updated: 2022-04-18 22:17,John Lee validly nominated for HKSAR's sixth-term chief executive election
Updated: 2022-04-19 07:56,Xi expresses sympathy to Manila over typhoon toll
Updated: 2022-04-19 07:03,"New satellite to advance research on atmospheric environment, pollution"
Updated: 2022-04-19 07:04,"Shanghai to restart production, smooth logistic hurdles"
Updated: 2022-04-19 07:05,National botanical garden to focus on conservation
Updated: 2022-04-19 08:44,'Priceless' experience offers new viewpoint
Updated: 2022-04-19 08:55,Fine feathers help to spread prosperity
Updated: 2022-04-19 09:12,Winter Games give ice and snow sports a boost
Updated: 2022-04-19 10:13,Project reduces rents for new grads
Updated: 2022-04-19 10:13,Bus drivers called on to provide vital transport
Updated: 2022-04-19 10:14,"Researchers develop new fast, accurate testing tech"
Updated: 2022-04-19 10:15,Husband and wife join in fight against outbreak
Updated: 2022-04-19 10:36,Regulation can facilitate legitimate crowdfunding activities in HKSAR
