﻿Updated: 2017-08-31 08:54,American in Beijing lives his Chinese dream
Updated: 2017-08-31 11:17,
Updated: 2021-01-25 10:17,Sharon Fraser : The awareness of Chongqing needs to be built outside of China
Updated: 2021-08-20 09:00,Student explores city's attractions by bicycle
Updated: 2022-07-19 14:34,China University of Petroleum holds founding ceremony for new Society
Updated: 2022-07-19 15:10,Tsinghua tops global ranking in three subjects
Updated: 2022-07-20 07:00,China's changes in the eyes of a Cameroonian student
Updated: 2022-07-20 08:53,Science whiz kids take home prizes
Updated: 2022-07-21 07:19,Measures counter food security risks
Updated: 2022-07-21 09:23,More work needed on energy: expert
Updated: 2022-07-21 09:25,China and ASEAN add to IP coaction
Updated: 2022-07-21 16:34,"Swimming lessons for 50,000 primary school students in Jiangxi"
Updated: 2022-07-22 07:00,A Cameroonian student's visit to Xinjiang
Updated: 2022-07-22 09:23,Disaster management system to be upgraded
Updated: 2022-07-23 15:03,Navigating toward a smart factory future
Updated: 2022-07-23 21:15,HKSAR govt keeps tracing COVID-19 through sewage surveillance
Updated: 2022-07-25 07:51,Xi's diplomacy insight lauded at symposium
Updated: 2022-07-25 10:10,China launches new scientific expedition in Yangtze headwaters
Updated: 2022-07-25 17:25,Micro world reveals its hidden artistry
Updated: 2022-07-25 20:24,China's space tracking ship Yuanwang-3 back from missions
Updated: 2022-07-26 07:01,Xi: Take India ties forward on right track
Updated: 2022-07-26 07:21,Temples urged to check tablets
Updated: 2022-07-26 07:48,Oral pill for COVID-19 approved by regulator
Updated: 2022-07-26 07:50,Controls tighten to prevent imported monkeypox
Updated: 2022-07-26 08:43,'Luxury ban' prompts repayment a decade after ruling was made
Updated: 2022-07-26 08:54,Road network continues increasing connections
Updated: 2022-07-26 08:58,HK's unique status and advantages conducive to China's development
Updated: 2022-07-26 09:03,Eco inspections bring more accountability
Updated: 2022-07-26 09:08,Production plant to turn coal into ethanol
Updated: 2022-07-26 09:10,Quantum talent helps spur on development
Updated: 2022-07-26 10:04,University admonished for 'inappropriate' practices
Updated: 2022-07-26 10:37,HKSAR gov't launches policy address consultation
Updated: 2022-07-26 20:27,China's Tianzhou-3 cargo craft to carry out controlled re-entry into atmosphere
Updated: 2022-07-26 21:29,Number of cross-border travelers increasing in China
Updated: 2022-07-26 22:17,Domestic tourism jumps as people flee hot summer
Updated: 2022-07-27 05:51,Full text of Joint Press Statement on the Bilateral Meeting between President of the People's Republic of China and President of the Republic of Indonesia
Updated: 2022-07-27 06:43,'92 Consensus called only way forward on Taiwan
