﻿Updated: 2017-08-31 08:54,American in Beijing lives his Chinese dream
Updated: 2017-08-31 11:17,
Updated: 2021-01-25 10:17,Sharon Fraser : The awareness of Chongqing needs to be built outside of China
Updated: 2021-08-20 09:00,Student explores city's attractions by bicycle
Updated: 2022-02-23 09:30,Robochefs whip up dishes in an instant
Updated: 2022-02-24 09:13,Financial instruments to aid climate change fight
Updated: 2022-02-24 09:44,"SPP pledges to protect online identities, privacy"
Updated: 2022-02-24 10:33,Dynamic principal makes school home for village children
Updated: 2022-02-24 11:28,China launches digital working platform for lawmakers
Updated: 2022-02-24 13:46,National political advisors urged to conduct in-depth study of public issues
Updated: 2022-02-24 15:03,"Every effort, including private ones, counts in the pandemic war"
Updated: 2022-02-24 16:37,Science center would bring maritime innovation
Updated: 2022-02-25 07:13,Proposals help ensure easing of students' academic workload
Updated: 2022-02-25 09:14,20% increase in Spring Festival travel expected
Updated: 2022-02-25 09:17,Moon rover discovers glass
Updated: 2022-02-25 09:23,Third pension system to help aging population
Updated: 2022-02-25 09:26,Shanghai regulations to better protect minors
Updated: 2022-02-25 09:26,Traditional parades pass test of time
Updated: 2022-02-25 14:31,China's new-generation manned launch vehicle may have reusable first stage: Report
Updated: 2022-02-25 15:10,Shandong youth show enthusiasm for winter sports
Updated: 2022-02-25 15:20,DJ goes viral for music choice at Beijing 2022 hockey arena
Updated: 2022-02-25 16:37,Kim congratulates Xi on successful Beijing Winter Olympics
Updated: 2022-02-25 18:44,"New president, Party chief for Tsinghua announced"
Updated: 2022-02-25 19:22,Xi and Putin exchange views on Ukrainian situation
Updated: 2022-02-25 20:42,New testing lab opens in HK to battle against virus outbreak
Updated: 2022-02-25 21:41,Central aid to fight the pandemic in HK
Updated: 2022-02-25 21:46,International teachers discuss enhancing students' soft power
Updated: 2022-02-25 22:05,China reports 253m railway trips in Spring Festival travel rush
Updated: 2022-02-25 22:12,How Xi's thought navigates China's high-quality development
Updated: 2022-02-25 22:20,Former senior municipal legislator under probe
Updated: 2022-02-25 22:40,Taiwan's DPP accused of exploiting Ukraine issue
