﻿Updated: 2022-01-30 06:40,"Moldovan ambassador talks China ties, upcoming Olympics"
Updated: 2022-02-01 20:13,China refutes so-called human rights resolution adopted by Japan's House of Representatives
Updated: 2022-02-02 06:40,Ambassadors express wishes for Beijing 2022 (IV)
Updated: 2022-02-03 06:40,Ambassadors express wishes for Beijing 2022 (V)
Updated: 2022-02-12 08:42,Experts put Madagascar on path to food self-sufficiency
Updated: 2022-02-14 10:12,"Clashes erupt between Palestinians, Jewish settlers in E. Jerusalem"
Updated: 2022-02-14 14:48,Space telescope spots its first star－and takes a selfie
Updated: 2022-02-14 18:36,Africa experiences decline in COVID-19 cases
Updated: 2022-02-15 09:11,"Clashes erupt between Palestinians, Jewish settlers in East Jerusalem"
Updated: 2022-02-16 09:48,Rising sea levels pose threats to Africa heritage sites
Updated: 2022-02-16 10:11,Teheran says deal at hand if West is serious
Updated: 2022-02-16 11:29,EU vaccine stance lets down Africa
Updated: 2022-02-16 11:15,Tigrayans to receive medical supplies
Updated: 2022-02-17 01:12,Spanish ghost village emerges after 30 years underwater
Updated: 2022-02-17 07:25,"Xi, Macron vow to boost cooperation"
Updated: 2022-02-17 10:07,Gunmen kill four in central Nigeria
Updated: 2022-02-17 10:18,"Sea levels to rise 10 to 12 inches by 2050, rate 'alarming': Report"
Updated: 2022-02-17 11:08,Israel fires missiles on military sites near Syrian capital
Updated: 2022-02-17 11:09,"At UN, China supports Kazakhstan stability"
Updated: 2022-02-18 10:05,Possible graves found at former schools
Updated: 2022-02-18 06:04,Dow plunges over 600 points amid concerns over Ukraine crisis
Updated: 2022-02-18 07:24,China abides by fair trade principles
Updated: 2022-02-18 08:29,US should address systemic racism: Chinese FM spokesman
Updated: 2022-02-18 08:53,Moscow ready for security talks with West
Updated: 2022-02-18 09:39,Cambodians applaud 'solidarity' of Games
Updated: 2022-02-18 09:41,Supply chain plan worries Japanese firms
Updated: 2022-02-18 09:43,"France, allies to withdraw from Mali"
Updated: 2022-02-18 09:48,Reports of sexual assault increase at US military academies
Updated: 2022-02-18 09:52,Experts: Pandemic to become 'endemic' in the UK
Updated: 2022-02-18 10:11,'Muscling up' wrong path on Ukraine
Updated: 2022-02-18 10:13,Chinese warned on job scams abroad
Updated: 2022-02-18 10:15,New cases on the slide worldwide
Updated: 2022-02-18 10:16,Rare blue diamond expected to fetch $48 million at auction
Updated: 2022-02-18 10:36,California shifts to 'endemic' tack on pandemic
Updated: 2022-02-18 10:53,Tonga needs $90m for volcano recovery
