﻿Updated: 2017-08-31 08:54,American in Beijing lives his Chinese dream
Updated: 2017-08-31 11:17,
Updated: 2021-01-25 10:17,Sharon Fraser : The awareness of Chongqing needs to be built outside of China
Updated: 2021-08-20 09:00,Student explores city's attractions by bicycle
Updated: 2022-07-20 07:00,China's changes in the eyes of a Cameroonian student
Updated: 2022-07-21 16:34,"Swimming lessons for 50,000 primary school students in Jiangxi"
Updated: 2022-07-22 07:00,A Cameroonian student's visit to Xinjiang
Updated: 2022-07-22 09:23,Disaster management system to be upgraded
Updated: 2022-07-25 10:10,China launches new scientific expedition in Yangtze headwaters
Updated: 2022-07-26 10:04,University admonished for 'inappropriate' practices
Updated: 2022-07-27 07:51,Handicrafts at heart of new policy
Updated: 2022-07-27 10:19,Community work posts open to graduates
Updated: 2022-07-27 12:14,Tianzhou 3 cargo spacecraft reenters atmosphere in a controlled manner
Updated: 2022-07-28 07:34,New carrier rocket makes debut flight
Updated: 2022-07-28 14:52,"Talented engineers from HK, Macao certified for mainland"
Updated: 2022-07-28 16:17,Medical sector getting larger and more professional
Updated: 2022-07-28 21:32,"Ex-justice minister Fu pleads guilty to bribe-taking, abuse of power"
Updated: 2022-07-29 06:40,Ministry: PLA will not tolerate separatist acts
Updated: 2022-07-29 07:07,"Xi: Marxism inclusive, constantly developing"
Updated: 2022-07-29 07:08,Public health legislation strengthened
Updated: 2022-07-29 07:41,Group now engaged in broader campaign to malign China
Updated: 2022-07-29 08:42,Xi's speech sets tone for 20th CPC Congress
Updated: 2022-07-29 09:06,New roads providing jobs in rural areas
Updated: 2022-07-29 09:29,Intl organization cluster in Shanghai welcomes 4 new members
Updated: 2022-07-29 10:27,Educators emphasize intl exchanges
Updated: 2022-07-29 10:25,Bamboo a potential plastic substitute
Updated: 2022-07-29 12:56,Smart healthcare to cope with aging society
Updated: 2022-07-29 13:40,"China opposes UN Human Rights Committee concluding observations concerning Hong Kong, Macao"
Updated: 2022-07-29 18:31,Hearing-impaired student aces listening test to enter Peking University
Updated: 2022-07-29 22:51,China launches new group of remote sensing satellites
Updated: 2022-07-30 00:30,Chinese court hears appeal of American sentenced to death
Updated: 2022-07-30 07:15,Xi: Build world-class military
Updated: 2022-07-30 08:59,"Rights of servicepeople, their families protected"
