﻿Updated: 2017-08-31 08:54,American in Beijing lives his Chinese dream
Updated: 2017-08-31 11:17,
Updated: 2021-01-25 10:17,Sharon Fraser : The awareness of Chongqing needs to be built outside of China
Updated: 2021-08-20 09:00,Student explores city's attractions by bicycle
Updated: 2022-04-15 09:22,Ministry pushes to get more talented teachers in rural areas
Updated: 2022-04-15 19:28,Universities help educate students on national security
Updated: 2022-04-19 16:42,Chinese satellite obtains global gravity field data
Updated: 2022-04-20 08:47,Deaf community lauds positive impact of technology
Updated: 2022-04-20 09:16,"Draft focuses on youth myopia rates, obesity"
Updated: 2022-04-20 09:36,Dedicated couple help educate a generation
Updated: 2022-04-20 10:35,Reporter documents life in makeshift hospital
Updated: 2022-04-20 11:39,Tianzhou 3 docks with Tianhe's front docking port
Updated: 2022-04-20 15:25,China intensifies crackdown on bribery
Updated: 2022-04-20 16:20,China adopts revised vocational education law
Updated: 2022-04-20 16:35,Chinese vice-premier to attend opening ceremony of BFA annual conference
Updated: 2022-04-20 17:07,Mainland strategy of pooling resources to fight COVID-19 effective in HK
Updated: 2022-04-20 17:15,BeiDou boosts tech support for Chinese smartphone industry
Updated: 2022-04-21 06:30,A small potato is big business in Dingxi
Updated: 2022-04-21 07:12,Scientists urge vigilance against Omicron subvariants
Updated: 2022-04-21 07:22,Nation adopts steps for sound grain output
Updated: 2022-04-21 08:49,Upfront public buy-in can improve HK development
Updated: 2022-04-21 09:09,Vocational education to receive better recognition
Updated: 2022-04-21 09:33,Academic database faces furor over fees
Updated: 2022-04-21 09:33,"Despite setbacks, summer grain crop predicted to be better than expected"
Updated: 2022-04-21 09:35,Damaged black boxes being analyzed
Updated: 2022-04-21 09:39,Hong Kong continues to steadfastly guard against COVID-19: Carrie Lam
Updated: 2022-04-21 10:01,Political adviser joins ranks as part-time courier
Updated: 2022-04-21 10:09,China issues white paper on its youth in new era
Updated: 2022-04-21 10:11,Xi proposes Global Security Initiative
Updated: 2022-04-21 13:28,China rolls out private pension scheme
Updated: 2022-04-21 13:35,Current young generation lives in best times in Chinese history: white paper
Updated: 2022-04-21 13:47,"Rain or shine, teacher goes extra mile to teach students"
Updated: 2022-04-21 18:22,First phase of HK's largest isolation facility completed
Updated: 2022-04-21 21:18,US national sentenced to death in Ningbo for homicide
Updated: 2022-04-21 21:47,Legislation promotes tea sector in Huangshan
Updated: 2022-04-21 23:15,Official calls for stronger COVID-19 measures
