﻿Updated: 2017-08-31 08:54,American in Beijing lives his Chinese dream
Updated: 2017-08-31 11:17,
Updated: 2021-01-25 10:17,Sharon Fraser : The awareness of Chongqing needs to be built outside of China
Updated: 2021-08-20 09:00,Student explores city's attractions by bicycle
Updated: 2022-03-01 16:10,Higher education making steady progress
Updated: 2022-03-02 09:17,Drone sets country's endurance record
Updated: 2022-03-02 13:50,"Chinese scientists design cocktail antibody to treat, prevent COVID-19"
Updated: 2022-03-02 15:35,"Most support 'double reduction' policy, report said"
Updated: 2022-03-02 20:04,DKU sees record spike in applications
Updated: 2022-03-03 09:45,"Survey finds students, parents, teachers back policy"
Updated: 2022-03-03 15:05,Hospital head lauded for going extra mile
Updated: 2022-03-03 17:47,Spokesperson: HK CPPCC members constructive in COVID-fight
Updated: 2022-03-03 22:27,China launches fugitive-hunting campaign in 2022
Updated: 2022-03-04 07:30,"HK sees over 56,000 cases of COVID-19"
Updated: 2022-03-04 08:27,"Prevent big shifts in population, expert says"
Updated: 2022-03-04 08:56,Two sessions to chart path for year ahead
Updated: 2022-03-04 09:12,"Zero COVID-19 policy helping nation, world"
Updated: 2022-03-04 09:15,Chip supply key to manufacturers
Updated: 2022-03-04 09:24,Residents' lives along Yellow River enriched
Updated: 2022-03-04 09:32,Measures will help protect most vulnerable wildlife
Updated: 2022-03-04 09:41,Litigation better protects range of public interests
Updated: 2022-03-04 09:44,"Survey: Strict governance over Party, rule of law top list of public concerns"
Updated: 2022-03-04 10:25,Special bus stop set up for physically impaired mother
Updated: 2022-03-04 16:21,Tiangong to be completed before year's end
Updated: 2022-03-04 17:43,"In hands of auto mechanic, art springs from waste"
Updated: 2022-03-04 21:14,Two new mobile vaccination stations built in HK
Updated: 2022-03-04 21:29,Decade of Miracles: How Xi's thought steers new chapter of China's economic growth
Updated: 2022-03-04 21:36,"Engineering ties to spur growth, tackle challenges"
