﻿Updated: 2017-08-31 08:54,American in Beijing lives his Chinese dream
Updated: 2017-08-31 11:17,
Updated: 2021-01-25 10:17,Sharon Fraser : The awareness of Chongqing needs to be built outside of China
Updated: 2021-08-20 09:00,Student explores city's attractions by bicycle
Updated: 2022-05-13 16:11,Young teacher finds satisfaction in rural Shanxi
Updated: 2022-05-16 09:11,More jobs for disabled a key govt priority
Updated: 2022-05-17 07:21,Senior diplomat: Rejuvenation a certainty
Updated: 2022-05-17 22:07,"NPC chair meets with Tajik counterpart, stresses security cooperation"
Updated: 2022-05-18 09:33,"Quake survivor Strong Pig, now plasticized, greets Sichuan museum visitors"
Updated: 2022-05-18 09:34,Intangible cultural heritage becomes academic subject
Updated: 2022-05-19 07:21,"Li pledges support for platform, digital sectors"
Updated: 2022-05-19 16:27,"Homework 1,300 years ago reveals Xinjiang's school life in ancient times"
Updated: 2022-05-20 06:53,BRICS urged to strengthen world stability
Updated: 2022-05-20 09:30,Steps taken to ensure all students sit spring exam
Updated: 2022-05-22 07:50,Hongkong Post to issue stamps marking 25th anniversary of HKSAR's establishment
Updated: 2022-05-22 09:21,18-59 age group advised to receive 4th dose of COVID-19 vaccine in Hong Kong
Updated: 2022-05-22 17:14,Mars rover enters dormancy period
Updated: 2022-05-22 19:27,Hong Kong to distribute more RAT kits following sewage COVID-19 detection
Updated: 2022-05-22 19:57,Shanghai's public transport resuming
Updated: 2022-05-23 07:19,"'One country, two systems' key to HK"
Updated: 2022-05-23 08:51,Videos and victories bolster May 1 medal winner
Updated: 2022-05-23 08:54,"Poor sense of direction, but a big sense of duty"
Updated: 2022-05-23 09:25,Database boosts global biodiversity
Updated: 2022-05-23 09:29,Mars rover enters dormancy period
Updated: 2022-05-23 09:59,China ensures protection of human rights
Updated: 2022-05-23 15:44,Human's motion perception revealed by spaceflight: study
Updated: 2022-05-23 19:32,Shared teaching helps left-behind children in Guizhou
Updated: 2022-05-23 20:32,"Rumors about improper corner cutting of immigration documents untrue, official says"
Updated: 2022-05-24 02:34,UN human rights chief arrives in China for visit
Updated: 2022-05-24 07:16,China to improve national wildlife protection
Updated: 2022-05-24 07:20,Snow leopards find stable home in Tibet
Updated: 2022-05-24 07:21,Inhalable vaccine new option for booster shot
