﻿Updated: 2017-08-31 08:54,American in Beijing lives his Chinese dream
Updated: 2017-08-31 11:17,
Updated: 2021-01-25 10:17,Sharon Fraser : The awareness of Chongqing needs to be built outside of China
Updated: 2021-08-20 09:00,Student explores city's attractions by bicycle
Updated: 2022-03-04 08:56,Two sessions to chart path for year ahead
Updated: 2022-03-07 10:29,Political adviser seeks to remove stigma of vocational education
Updated: 2022-03-09 07:11,Legal toolkit upgrade set to help safeguard State security
Updated: 2022-03-09 09:31,Xi Focus: Encouraging women trailblazers in science
Updated: 2022-03-09 10:02,Science and tech reforms priority for new year
Updated: 2022-03-09 11:37,Business leader: HK not alone in battle against pandemic
Updated: 2022-03-09 11:37,Stable job market a priority
Updated: 2022-03-09 15:33,"Organs have their own pace of aging, a Chinese study finds"
Updated: 2022-03-09 18:09,Woman's 2 sons die but give gift of sight
Updated: 2022-03-09 18:28,Guangzhou braces for wave of students
Updated: 2022-03-09 21:33,Political adviser recommends bolstering on-campus sports
Updated: 2022-03-10 07:08,'Blacklist' targeting bribers to be unveiled
Updated: 2022-03-10 07:09,Food security prioritized amid challenges
Updated: 2022-03-10 07:15,"Peaceful, integrated cross-Straits ties urged"
Updated: 2022-03-10 07:33,Foreigner hails whole-process people's democracy
Updated: 2022-03-10 07:48,Child care changes aim to promote third-child policy
Updated: 2022-03-10 09:20,HK volunteers unite to fight virus outbreak
Updated: 2022-03-10 09:34,Research seeks new techniques for aviation
Updated: 2022-03-10 09:49,Crackdown on trafficking crime lauded
Updated: 2022-03-10 10:00,Reducing academic burdens a priority in high-quality compulsory education
Updated: 2022-03-10 10:41,"Woman overcomes hearing loss, aims for PhD"
Updated: 2022-03-10 16:44,Wondrous Xinjiang: Female educator devotes herself to child education
Updated: 2022-03-10 16:57,"Vegetables, fresh eggs head for Hong Kong"
Updated: 2022-03-10 19:47,Portable toilet designed for Paralympics
Updated: 2022-03-11 06:40,Common prosperity: Turning words into action
Updated: 2022-03-11 07:18,Flexibility key in assessing low-carbon transition
Updated: 2022-03-11 07:39,Advisers urged to maintain firm political stance
Updated: 2022-03-11 07:40,More efforts urged on students' mental health
