﻿Updated: 2022-05-17 09:34,Palestinian PM calls on int'l community to boycott Israel
Updated: 2022-05-19 07:08,Japan told to uphold agreements
Updated: 2022-05-20 09:09,Prehistoric dolphin species discovered in Switzerland
Updated: 2022-05-25 09:38,"Nearly half of pregnancies unplanned, UN agency says"
Updated: 2022-05-25 09:46,Millions to 'crash into extreme poverty'
Updated: 2022-05-28 08:59,Iraqi lawmakers make it illegal to attempt normalizing ties with Israel
Updated: 2022-05-29 21:14,"29 killed, 38 missing in building collapse in SW Iran"
Updated: 2022-05-30 09:05,Africa to benefit from Xi's post-pandemic strategies
Updated: 2022-05-31 01:10,Monet's Waterloo Bridge painting expected to sell for $30.3m
Updated: 2022-06-02 17:36,"World's ten most neglected crises all in Africa, report finds"
Updated: 2022-06-03 06:35,US gun culture and gun-related deaths
Updated: 2022-06-04 06:40,Five things to know about the US gun lobby
Updated: 2022-06-05 14:20,"Macron calls for ending escalation between Israel, Palestine"
Updated: 2022-06-06 08:08,Experts: Summit of Americas may erode regional relations
Updated: 2022-06-06 09:42,"Green shift on way, but with trade-offs"
Updated: 2022-06-06 09:51,Flood of refugees puts bloc under strain
Updated: 2022-06-06 10:15,Indian bus accident death toll rises to 25
Updated: 2022-06-06 10:49,Festival brings call from envoy for better bilateral ties
Updated: 2022-06-06 17:16,"African environmentalists urge balanced climate change, biodiversity"
Updated: 2022-06-06 17:28,Red Cross expresses shock at killing of aid workers in Mali
Updated: 2022-06-06 17:45,America steeped in deep-rooted violence: The Guardian
Updated: 2022-06-06 21:21,Rescued US pilots rise to the occasion
Updated: 2022-06-07 04:06,UK's Johnson wins leadership challenge
Updated: 2022-06-07 07:21,Partnerships are focus of Pacific tour
Updated: 2022-06-07 07:48,UK inflation serves up pain for Chinese restaurants
Updated: 2022-06-07 08:06,"Asian moment at forums eyes unity, growth"
Updated: 2022-06-07 09:10,EU's report on Hong Kong SAR a twisted narrative
Updated: 2022-06-07 09:11,Africa's food crisis set to deepen amid conflict
Updated: 2022-06-07 09:23,"Travel heightens monkeypox risks in Asia, experts say"
Updated: 2022-06-07 09:28,Indonesia aims for green economy driven by electric vehicles
Updated: 2022-06-07 09:32,Scores killed in church attack in SW Nigeria: sources
Updated: 2022-06-07 09:59,"Britain's high costs will push more firms into bankruptcy, experts say"
Updated: 2022-06-07 10:05,Tube strikes add to nation's airport misery
Updated: 2022-06-07 13:59,Mexican president confirms won't attend Summit of the Americas
