﻿Updated: 2017-08-31 08:54,American in Beijing lives his Chinese dream
Updated: 2017-08-31 11:17,
Updated: 2021-01-25 10:17,Sharon Fraser : The awareness of Chongqing needs to be built outside of China
Updated: 2021-08-20 09:00,Student explores city's attractions by bicycle
Updated: 2022-05-13 16:11,Young teacher finds satisfaction in rural Shanxi
Updated: 2022-05-18 09:33,"Quake survivor Strong Pig, now plasticized, greets Sichuan museum visitors"
Updated: 2022-05-19 16:27,"Homework 1,300 years ago reveals Xinjiang's school life in ancient times"
Updated: 2022-05-20 09:30,Steps taken to ensure all students sit spring exam
Updated: 2022-05-21 08:06,Forum plans on common prosperity
Updated: 2022-05-21 08:28,Li pledges support for global firms
Updated: 2022-05-22 09:21,18-59 age group advised to receive 4th dose of COVID-19 vaccine in Hong Kong
Updated: 2022-05-22 19:27,Hong Kong to distribute more RAT kits following sewage COVID-19 detection
Updated: 2022-05-23 07:19,"'One country, two systems' key to HK"
Updated: 2022-05-23 08:51,Videos and victories bolster May 1 medal winner
Updated: 2022-05-23 08:54,"Poor sense of direction, but a big sense of duty"
Updated: 2022-05-23 09:29,Mars rover enters dormancy period
Updated: 2022-05-23 09:59,China ensures protection of human rights
Updated: 2022-05-23 15:44,Human's motion perception revealed by spaceflight: study
Updated: 2022-05-23 19:32,Shared teaching helps left-behind children in Guizhou
Updated: 2022-05-24 07:19,Govt takes steps to get economy back on track
Updated: 2022-05-24 07:21,Inhalable vaccine new option for booster shot
Updated: 2022-05-24 09:51,China releases action plan on rural construction
Updated: 2022-05-24 10:10,"100,000-ton intelligent fish farming ship casts off from Qingdao"
Updated: 2022-05-24 10:10,Railway loop around desert closer to opening
Updated: 2022-05-24 10:13,Greater accountability set for textbooks
Updated: 2022-05-24 10:30,Wondrous Xinjiang: Xinjiang locals' life blooming with safflower
Updated: 2022-05-24 15:25,CE: HK to launch anniversary celebrations as pandemic eases
Updated: 2022-05-24 16:01,Researchers start planting space-bred seeds returned by Shenzhou 13
Updated: 2022-05-25 07:13,3 sites in China recognized as agricultural heritage
Updated: 2022-05-25 07:40,FM: Human rights always a top priority for country
