﻿Updated: 2017-08-31 08:54,American in Beijing lives his Chinese dream
Updated: 2017-08-31 11:17,
Updated: 2021-01-25 10:17,Sharon Fraser : The awareness of Chongqing needs to be built outside of China
Updated: 2021-08-20 09:00,Student explores city's attractions by bicycle
Updated: 2022-07-22 07:00,A Cameroonian student's visit to Xinjiang
Updated: 2022-07-28 16:17,Medical sector getting larger and more professional
Updated: 2022-07-29 12:56,Smart healthcare to cope with aging society
Updated: 2022-07-29 13:40,"China opposes UN Human Rights Committee concluding observations concerning Hong Kong, Macao"
Updated: 2022-07-29 16:30,Removing unreasonable fines to improve biz environment
Updated: 2022-07-30 10:04,Leaders laud China's progress
Updated: 2022-07-30 11:33,New satellites launched into orbit
Updated: 2022-07-30 11:41,"Internship launched for HK, Macao students"
Updated: 2022-07-31 09:41,Rocket debris fall back to Earth
Updated: 2022-07-31 19:39,Assembly promotes China’s education experiences abroad
Updated: 2022-08-01 09:16,Rocket debris reenters atmosphere
Updated: 2022-08-01 10:25,Teachers credit event for professional development
Updated: 2022-08-01 10:27,GBA aims to capitalize on English language assets
Updated: 2022-08-01 10:29,Assembly promotes China's education experiences abroad
Updated: 2022-08-01 17:14,Unique line of tigers found in fossils
Updated: 2022-08-01 17:38,Woman with rare disease donates body to medical science
Updated: 2022-08-01 21:11,"PLA command publishes 'high alert' article, video"
Updated: 2022-08-01 21:31,Government strictly prohibits COVID-based job discrimination
Updated: 2022-08-01 23:23,China to see population shrink by 2025
Updated: 2022-08-02 06:50,Party's absolute leadership of military further ensured
Updated: 2022-08-02 09:05,Fishermen set sail as moratorium ends
Updated: 2022-08-02 09:13,Falling in love with China
Updated: 2022-08-02 09:26,Ancient Dunhuang gets digital doubles
Updated: 2022-08-02 09:27,People who aid fraudsters held liable
Updated: 2022-08-02 09:27,Taiwan architect transforms rural houses
Updated: 2022-08-02 09:32,"Free surgery, rehabilitation open world of sound for deaf children"
Updated: 2022-08-02 10:02,PLA Navy commissions destroyer
Updated: 2022-08-02 10:08,Early detection drops special school enrollments
Updated: 2022-08-03 06:17,China summons US ambassador over Pelosi's visit to Taiwan
Updated: 2022-08-03 07:05,Pelosi's trip to Taiwan draws criticism in US
Updated: 2022-08-03 07:06,"Tibet prioritizes ecology, seeks high-quality growth"
Updated: 2022-08-03 07:30,Dinosaur footprints discovered in Hebei
