﻿Updated: 2022-05-31 01:10,Monet's Waterloo Bridge painting expected to sell for $30.3m
Updated: 2022-06-04 06:40,Five things to know about the US gun lobby
Updated: 2022-06-07 19:12,"Senior Chinese diplomat, Japanese national security official talk over phone"
Updated: 2022-06-15 15:05,Why DHS's Disinformation Governance Board dooms to be a failure?
Updated: 2022-06-16 09:32,Smartphone cameras still no match for dedicated devices
Updated: 2022-06-21 09:05,2 states still best fix in Middle East
Updated: 2022-06-22 20:14,China commits to peace mediation in Horn of Africa
Updated: 2022-06-23 11:27,Saudi crown prince pays 1st visit to Turkey since death of Khashoggi
Updated: 2022-06-23 12:06,"Charity walk, art show to raise funds for young patients"
Updated: 2022-06-24 09:18,US policy toward China road to self-destruction: Asia Times
Updated: 2022-06-24 17:20,Seeking global commitment to save biodiversity
Updated: 2022-06-24 17:56,Emergency preparedness requires gender-aware responses: UN report
Updated: 2022-06-25 12:41,"1 dead, scores injured in 5.6-magnitude quake in S. Iran"
Updated: 2022-06-26 08:02,"Iran, EU say nuke talks to resume in days"
Updated: 2022-06-26 10:47,Multi-country monkeypox outbreak not public health emergency: WHO
Updated: 2022-06-26 19:07,US bakes South Pacific pie stuffed with anti-China filling: China Daily editorial
Updated: 2022-06-27 09:03,Africa virus rebound prompts appeal for vigilance
Updated: 2022-06-27 09:21,Chinese aid gives a lift to Pacific island countries
Updated: 2022-06-27 09:32,"G7 summit opens amid lower expectations, protests"
Updated: 2022-06-27 11:25,South African president mourns for 22 teenagers dead in tavern
Updated: 2022-06-27 14:03,Thousands of demonstrators rally in Madrid against NATO summit
Updated: 2022-06-27 17:41,ROK still committed to dialogue with DPRK: minister
Updated: 2022-06-27 21:41,Pakistani PM announces anti-polio campaign targeting most vulnerable districts
Updated: 2022-06-27 22:30,Ukraine terminates 2 nuclear safety deals with Russia
Updated: 2022-06-28 08:37,China-made bridge opens in Bangladesh
Updated: 2022-06-28 09:18,Tourism in Kenya gradually recovering
Updated: 2022-06-28 09:28,British barristers go out on strike in dispute over legal aid funding
Updated: 2022-06-28 09:34,Russia expels 8 Greek diplomats in tit-for-tat move
Updated: 2022-06-28 11:00,E. African initiative seeks to tap bioeconomy potential
Updated: 2022-06-28 20:27,51 killed in Colombian prison riot fire
Updated: 2022-06-29 02:53,Ghislaine Maxwell sentenced to 20 years in prison for sex trafficking
Updated: 2022-06-29 07:03,51 migrants die after trailer abandoned in Texas heat
Updated: 2022-06-29 07:05,Turkey gives ground to let NATO expand
Updated: 2022-06-29 07:28,New platform to enhance Sino-African trade
Updated: 2022-06-29 09:38,China steps up to support Afghan people in need
Updated: 2022-06-29 10:27,Glastonbury festival returns with a cleaner act
Updated: 2022-06-29 10:35,UN envoy: No Cold War script for Asia-Pacific
Updated: 2022-06-29 10:47,Migrant truck deaths spur political blame game
Updated: 2022-06-29 10:52,Witness says Trump demanded to go to Capitol on Jan 6
Updated: 2022-06-29 11:09,Beijing stands ready to top up aid
