﻿Updated: 2017-08-31 08:54,American in Beijing lives his Chinese dream
Updated: 2017-08-31 11:17,
Updated: 2021-01-25 10:17,Sharon Fraser : The awareness of Chongqing needs to be built outside of China
Updated: 2021-08-20 09:00,Student explores city's attractions by bicycle
Updated: 2022-03-09 11:37,Stable job market a priority
Updated: 2022-03-10 07:08,'Blacklist' targeting bribers to be unveiled
Updated: 2022-03-11 13:41,China to adapt to changing COVID situation
Updated: 2022-03-11 16:59,Shanghai schools pivot to e-learning following COVID-19 outbreak
Updated: 2022-03-14 09:17,Determination drives academic achievement
Updated: 2022-03-14 09:20,Music strikes major chord for budding composer with autism
Updated: 2022-03-14 14:12,Mainland medical workers to arrive in HK
Updated: 2022-03-14 16:53,"Deaths, accidents in China's coal mines down"
Updated: 2022-03-15 07:38,Action urged to stop domestic violence
Updated: 2022-03-15 09:19,Tibet's young men discover a passion for snooker
Updated: 2022-03-15 10:04,Xi in my eyes | He represents the Chinese Dream
Updated: 2022-03-15 14:32,'Roof of the world' witnesses new height of education
Updated: 2022-03-16 07:19,"Dynamic zero-COVID policy working, NHC says"
Updated: 2022-03-16 07:49,Carrier rocket preparing for its debut flight
Updated: 2022-03-16 07:54,"Sand, dust blown to northern region"
Updated: 2022-03-16 09:15,How Xi Jinping helped 'gypsies of the sea' go ashore
Updated: 2022-03-16 09:39,"Innovation, social equity not mutually exclusive"
Updated: 2022-03-16 09:43,"Xinjiang to build 1,000 soccer kindergartens"
Updated: 2022-03-16 09:50,Mainland support boosts confidence in fighting COVID-19 in Hong Kong
Updated: 2022-03-16 09:59,Inhalable vaccine for COVID-19 a step closer
Updated: 2022-03-16 10:04,Pop star ordered to pay big tax bill
Updated: 2022-03-16 10:11,Guideline to limit school competitions
Updated: 2022-03-16 16:56,China tests rocket engine for upcoming space lab launches
Updated: 2022-03-16 17:29,Researchers retrieve Earth neutral atmospheric density
Updated: 2022-03-16 19:10,"Shenzhen breakfast shop feeding anti-pandemic staff, residents in lockdown"
Updated: 2022-03-16 19:15,HK doctor faces down pandemic
Updated: 2022-03-16 19:38,All-out battle: a special train mission
Updated: 2022-03-17 07:42,Leisure travel to rural areas promoted as part of vitalization work
Updated: 2022-03-17 07:43,Policy Digest
Updated: 2022-03-17 07:43,Guideline to boost tourism industry
