﻿Updated: 2022-08-06 16:04,Pelosi family under scrutiny for stock trades
Updated: 2022-08-23 10:29,UN chief calls for new global consensus on cooperation to ensure collective security
Updated: 2022-08-25 01:40,US airstrikes in E. Syria kill 6 fighters: war monitor
Updated: 2022-08-25 09:21,AI technology to help save an iconic species
Updated: 2022-08-25 11:03,Kobe Bryant widow awarded $16M in trial over crash photos
Updated: 2022-08-31 07:11,US behavior leaves cloud on nuke talks
Updated: 2022-08-31 09:40,Tunisian president voices discontent over US interference in internal affairs
Updated: 2022-09-01 09:38,AI offers us chance to get in touch with other side
Updated: 2022-09-01 09:42,Africa goes green with energy transformation
Updated: 2022-09-02 09:55,Deal struck with 1972 Munich Olympics massacre families
Updated: 2022-09-02 16:54,First bullet train from China arrives in Jakarta
Updated: 2022-09-03 15:10,India Friends Blood Donation Campaign held in Shanghai
Updated: 2022-09-05 09:03,Washington's unreliability proves a liability in negotiations with Tehran
Updated: 2022-09-05 09:10,Kremlin pledges serious response in case of EU visa restrictions
Updated: 2022-09-05 16:06,China and Japan mark 50 years of diplomatic relations
Updated: 2022-09-05 16:31,South Korea to become world's most aged country in 2044: data
Updated: 2022-09-05 18:38,"Blast kills 2, wounds 10 in Afghan capital: official"
Updated: 2022-09-05 19:13,Blast kills two employees of Russian Embassy in Kabul
Updated: 2022-09-05 19:58,Kenyan apex court upholds Ruto's win in presidential elections
Updated: 2022-09-05 22:27,"US responsible for cyberattack on Xi'an university, report says"
Updated: 2022-09-06 04:09,Animals found to have had lockdown blues
Updated: 2022-09-06 06:57,Chinese firms step up push into Europe
Updated: 2022-09-06 07:01,Ministry slams US report on China's CEE influence
Updated: 2022-09-06 07:22,Chip reality check hits as demand sinks
Updated: 2022-09-06 07:32,Berlin tops up aid for hard-hit households
Updated: 2022-09-06 07:34,Nepal looks to build cross-border railway
Updated: 2022-09-06 07:38,Zaporizhzhia nuclear plant loses backup power line: IAEA
Updated: 2022-09-06 09:12,Increasing number of migrants risking all on crossing
Updated: 2022-09-06 09:13,UK barristers walk out in pay dispute
Updated: 2022-09-06 09:24,Dozens shot in multiple US cities during bloody holiday weekend
Updated: 2022-09-06 09:26,Chinatown folk work to defend signage
Updated: 2022-09-06 09:32,Kenya's Supreme Court upholds Ruto's win
Updated: 2022-09-06 09:33,Tourism climbing back in S. Africa
Updated: 2022-09-06 09:39,BRI offers hope to the blind in Africa
Updated: 2022-09-06 09:40,"Canadian police say one suspect in fatal stabbings found dead, another at large"
Updated: 2022-09-06 09:42,California faces power outage amid heat
Updated: 2022-09-06 09:57,People of color more likely to get monkeypox but less likely to be vaccinated: CNN
Updated: 2022-09-06 09:58,US judge orders appointment of special master to review materials seized from Trump's Mar-a-Lago
Updated: 2022-09-06 16:07,"Boris Johnson bows out as British PM, Liz Truss to take over"
