﻿Updated: 2017-08-31 08:54,American in Beijing lives his Chinese dream
Updated: 2017-08-31 11:17,
Updated: 2021-01-25 10:17,Sharon Fraser : The awareness of Chongqing needs to be built outside of China
Updated: 2021-08-20 09:00,Student explores city's attractions by bicycle
Updated: 2022-04-02 14:57,China Focus: Teenager with autism swims toward victory
Updated: 2022-04-11 18:04,Record number of postgrad entrance exam applicants expected next year
Updated: 2022-04-12 08:59,Workers race against time to build emergency hospital
Updated: 2022-04-13 08:44,New policy looks to lure Taiwan entrepreneurs
Updated: 2022-04-13 09:04,HKSAR LegCo passes funding application to assist industries affected by COVID-19 pandemic
Updated: 2022-04-13 09:13,China's civil aviation authority steps up safety checks
Updated: 2022-04-13 09:18,Teacher sings sweet praises of school choir
Updated: 2022-04-13 09:30,Ministry warns of accidents at work
Updated: 2022-04-13 09:45,China's anti-graft chief urges solid work ahead of 20th CPC national congress
Updated: 2022-04-14 06:54,Quality of life should outweigh schoolwork
Updated: 2022-04-14 09:47,Tea and struggle turn village into attraction
Updated: 2022-04-14 09:59,Remaking devices of yesterday
Updated: 2022-04-14 10:46,Central govt focused on creating more jobs for people with disabilities
Updated: 2022-04-14 16:19,Company prints T-shirts to thank frontline workers in HK
Updated: 2022-04-14 23:44,"China's Shenzhou XIII spaceship completes all planned tasks, set to return to Earth soon"
Updated: 2022-04-15 07:46,Revisions of draft target trafficking of women
Updated: 2022-04-15 09:22,Ministry pushes to get more talented teachers in rural areas
Updated: 2022-04-15 09:35,Local government failings lead to smokestack violations in Hebei
Updated: 2022-04-15 09:40,Telecom scams being kept in check
Updated: 2022-04-15 13:39,Wuhan deliveryman offers help to Shanghai
Updated: 2022-04-15 17:15,COVID patient shares life in Shanghai makeshift hospital
Updated: 2022-04-15 19:28,Universities help educate students on national security
Updated: 2022-04-16 14:41,Shanghai rises to the challenge as delivery demands increase
Updated: 2022-04-17 15:23,HKSAR civil servant praises mainland-HK cooperation
Updated: 2022-04-17 18:36,China outlines future plans for Tiangong space station
Updated: 2022-04-17 18:39,Future space missions to include more complicated tasks
