﻿Updated: 2017-08-31 08:54,American in Beijing lives his Chinese dream
Updated: 2017-08-31 11:17,
Updated: 2021-01-25 10:17,Sharon Fraser : The awareness of Chongqing needs to be built outside of China
Updated: 2021-08-20 09:00,Student explores city's attractions by bicycle
Updated: 2022-05-13 16:11,Young teacher finds satisfaction in rural Shanxi
Updated: 2022-05-15 22:02,China to strengthen Party building among retired officials
Updated: 2022-05-16 09:11,More jobs for disabled a key govt priority
Updated: 2022-05-17 07:21,Senior diplomat: Rejuvenation a certainty
Updated: 2022-05-17 16:41,"China's higher education development efforts paying off, ministry official says"
Updated: 2022-05-17 22:07,"NPC chair meets with Tajik counterpart, stresses security cooperation"
Updated: 2022-05-18 09:11,More Chinese receive higher education
Updated: 2022-05-18 09:33,"Quake survivor Strong Pig, now plasticized, greets Sichuan museum visitors"
Updated: 2022-05-18 09:33,HKSAR ExCo endorses reorganisation of govt structure
Updated: 2022-05-18 09:34,Intangible cultural heritage becomes academic subject
Updated: 2022-05-19 07:06,US denies leak on China Eastern crash
Updated: 2022-05-19 07:21,"Li pledges support for platform, digital sectors"
Updated: 2022-05-19 07:23,Xi eyes greater ties with Netherlands
Updated: 2022-05-19 09:06,Declines in most major air pollutants recorded
Updated: 2022-05-19 09:17,5 million shared bikes using Beidou-based chips
Updated: 2022-05-19 09:24,Cities take on Omicron with ramped-up testing
Updated: 2022-05-19 09:58,The life of a mountain messenger
Updated: 2022-05-19 10:02,Nepali student happy she chose China
Updated: 2022-05-19 10:04,"HK to distribute 170,000 RAT kits following sewage COVID-19 detection"
Updated: 2022-05-19 10:05,New cargo spacecraft being built
Updated: 2022-05-19 10:14,Putting forth to CE: Richard Cullen
Updated: 2022-05-19 11:05,Putting forth to CE: Angus Ng Hok-ming
Updated: 2022-05-19 16:18,"Scientists design aerial-aquatic robot, inspired by remora fish"
Updated: 2022-05-19 16:27,"Homework 1,300 years ago reveals Xinjiang's school life in ancient times"
Updated: 2022-05-19 17:00,China's science academy to hold virtual exhibitions
Updated: 2022-05-19 20:54,Experts weigh in on China's human rights protection
Updated: 2022-05-20 06:53,BRICS urged to strengthen world stability
Updated: 2022-05-20 06:58,Li says steady energy supply crucial to economic growth
Updated: 2022-05-20 07:05,Agreement will help boost IP protection
