﻿Updated: 2017-08-31 08:54,American in Beijing lives his Chinese dream
Updated: 2017-08-31 11:17,
Updated: 2021-01-25 10:17,Sharon Fraser : The awareness of Chongqing needs to be built outside of China
Updated: 2021-08-20 09:00,Student explores city's attractions by bicycle
Updated: 2022-06-24 09:41,Courier earns praise for warning message
Updated: 2022-06-28 17:04,China rolls out 31 new undergraduate majors
Updated: 2022-06-29 09:32,Sea-rail intermodal container terminal launched in China's Guangxi
Updated: 2022-06-29 09:35,Cafe's specialty to perk up hopes in hard times
Updated: 2022-06-29 11:35,Third academic joint venture to receive first students in September
Updated: 2022-06-30 09:20,Mainland strengthens education ties with Hong Kong
Updated: 2022-06-30 09:29,Historic Mars mission completes all preset tasks
Updated: 2022-06-30 10:04,Top legislature better at collecting public opinion
Updated: 2022-06-30 10:33,China's top legislature enacts 69 new laws in ten years
Updated: 2022-06-30 18:13,CPC working to attract young generation
Updated: 2022-06-30 22:15,Development plan approved for Guizhou city
Updated: 2022-06-30 23:50,Success stories shared from China's legal system improvements
Updated: 2022-07-01 07:47,HK integrates into national development
Updated: 2022-07-01 07:56,Shanghai Disneyland reopens gates
Updated: 2022-07-01 07:58,Party growing in appeal with nation's youth
Updated: 2022-07-01 08:43,Experts look ahead
Updated: 2022-07-01 09:41,"China to use policy-based, developmental financial instruments to support major projects, expand work-relief programs in key projects"
Updated: 2022-07-01 09:52,"Chinese military spokesperson responds to provocations of Australian, Canadian military aircraft"
Updated: 2022-07-01 15:38,More sci-tech findings commercialized than ever in 2020
Updated: 2022-07-01 16:01,Livestream host with disability making a difference
Updated: 2022-07-02 08:28,Central government has never wavered in support of Hong Kong compatriots
Updated: 2022-07-03 08:21,China issues highest alert for mountain torrents
Updated: 2022-07-03 08:22,Hong Kong keeps tracing COVID-19 through sewage surveillance
Updated: 2022-07-03 08:55,"China's water, soil erosion area continues to decline in 2021"
Updated: 2022-07-03 10:03,5.2-magnitude quake hits China's Xinjiang: CENC
Updated: 2022-07-03 10:07,Chinese mainland reports 75 new local confirmed COVID-19 cases
