﻿Updated: 2017-08-31 08:54,American in Beijing lives his Chinese dream
Updated: 2017-08-31 11:17,
Updated: 2021-01-25 10:17,Sharon Fraser : The awareness of Chongqing needs to be built outside of China
Updated: 2021-08-20 09:00,Student explores city's attractions by bicycle
Updated: 2022-06-20 13:39,Fudan University holds commencement for Class of 2022
Updated: 2022-06-21 10:00,"Taiwan's primary school students to fall by 20,000 annually due to low birth rate: report"
Updated: 2022-06-21 17:41,COP15 relocated after consultation
Updated: 2022-06-22 09:24,"Draft set to strengthen quality, safety of agricultural products"
Updated: 2022-06-23 08:04,"Li: Stable, large grain harvests key"
Updated: 2022-06-23 08:12,Plan promotes cultural digitalization
Updated: 2022-06-23 09:46,Three men honored for saving children
Updated: 2022-06-23 19:27,Second series of Yaogan 35 satellites launched
Updated: 2022-06-24 07:30,Nation makes big advances in battle against illicit drugs
Updated: 2022-06-24 07:54,HK lawmakers and government working better
Updated: 2022-06-24 08:52,Nation's commitment Hong Kong's biggest asset
Updated: 2022-06-24 09:10,Carrier's deck given coat of heat-resistant paint
Updated: 2022-06-24 09:26,HK screens inspirational celebratory film
Updated: 2022-06-24 09:37,Subsidies give safety net for those least well-off
Updated: 2022-06-24 09:39,Probe into overseas cyberattack underway
Updated: 2022-06-24 09:41,Courier earns praise for warning message
Updated: 2022-06-24 09:50,Advances keep hearts beating
Updated: 2022-06-24 09:51,Olympic items donated to museum in Beijing
Updated: 2022-06-24 10:15,"Retaining competitive edge, Hong Kong embarks on new journey toward prosperity"
Updated: 2022-06-25 07:02,Scientists unveil stem cell research breakthrough
Updated: 2022-06-25 08:14,Book details president's views on youth work
Updated: 2022-06-25 08:23,Local authorities told to be vigilant against organized crime
Updated: 2022-06-25 08:52,Schools to reopen in Beijing on Monday
