﻿Updated: 2022-02-01 20:13,China refutes so-called human rights resolution adopted by Japan's House of Representatives
Updated: 2022-02-17 01:12,Spanish ghost village emerges after 30 years underwater
Updated: 2022-02-17 10:18,"Sea levels to rise 10 to 12 inches by 2050, rate 'alarming': Report"
Updated: 2022-02-22 11:20,Share your thoughts on China's diplomacy
Updated: 2022-02-24 01:46,Robot that can make fondue to be presented at Paris International Agriculture Fair
Updated: 2022-02-25 09:20,California beekeepers use tech to thwart hive thieves
Updated: 2022-02-27 20:58,Iran vows not to compromise over redlines in Vienna nuke talks: FM
Updated: 2022-02-28 07:00,"Sanctions cannot solve problems, FM says"
Updated: 2022-02-28 09:14,"Aid workers risk life, limb on front line"
Updated: 2022-02-28 20:18,Ukraine tensions may fuel instability in Middle East
Updated: 2022-03-01 10:01,Sudan reiterates support for dialogue to resolve Russia-Ukraine crisis
Updated: 2022-03-01 15:22,"UAE celebrates innovation, cooperation at embassy events"
Updated: 2022-03-01 15:30,AU chiefs condemn treatment of Africans fleeing Ukraine
Updated: 2022-03-02 05:28,Australian PM tests positive for COVID-19
Updated: 2022-03-02 06:59,"FM urges Russia, Ukraine to find negotiated solution"
Updated: 2022-03-02 09:11,Ball rolling for Ukraine to join EU
Updated: 2022-03-02 09:16,Chinese doctors aiding Algeria through TCM
Updated: 2022-03-02 09:17,UN green forum pushes for pact to tackle plastic
Updated: 2022-03-02 09:20,Caution travels far in SE Asia
Updated: 2022-03-02 09:00,Experts: Putin trying to deter greater conflict
Updated: 2022-03-02 15:10,Biden outlines plan to tackle surging inflation in State of Union address
Updated: 2022-03-02 11:56,IEA members to release 60m barrels of oil
Updated: 2022-03-02 12:04,Avian flu spreads in several US states
Updated: 2022-03-02 14:11,Book donation opens opportunity for Kenyans to learn Chinese culture
Updated: 2022-03-02 14:46,17 pct Americans believe in right-wing QAnon conspiracy: study
Updated: 2022-03-02 23:56,"2 killed, 15 injured in blast near police vehicle in SW Pakistan"
Updated: 2022-03-03 04:43,Ukraine crisis may worsen chip shortage
Updated: 2022-03-03 06:59,Int'l community has to deal with Taliban in Afghanistan -- UN envoy
Updated: 2022-03-03 07:19,Ministry: Truth on Xinjiang will overcome lies
Updated: 2022-03-03 07:42,US bans Russian aircraft from US airspace
Updated: 2022-03-03 09:13,Australia's deadly floods highlight climate risks
Updated: 2022-03-03 09:14,Pandemic boosts number of ultrarich
Updated: 2022-03-03 09:27,Boost for African-made jabs with funding deal
Updated: 2022-03-03 09:28,Europe's Mars mission may not get off ground
Updated: 2022-03-03 09:30,Economic pain on way for Europe
Updated: 2022-03-03 09:38,Airline industry dealt a blow by conflict in Ukraine
Updated: 2022-03-03 09:39,UN report on climate sounds dire warning
Updated: 2022-03-03 09:52,UK retail prices rise fastest for decade
Updated: 2022-03-03 10:12,Progress stokes optimism about usable fusion energy
