﻿Updated: 2017-08-31 08:54,American in Beijing lives his Chinese dream
Updated: 2017-08-31 11:17,
Updated: 2021-01-25 10:17,Sharon Fraser : The awareness of Chongqing needs to be built outside of China
Updated: 2021-08-20 09:00,Student explores city's attractions by bicycle
Updated: 2022-07-30 10:04,Leaders laud China's progress
Updated: 2022-08-02 09:05,Fishermen set sail as moratorium ends
Updated: 2022-08-02 10:08,Early detection drops special school enrollments
Updated: 2022-08-03 08:32,Policies energize hard-hit economy
Updated: 2022-08-03 08:41,State Council working harder to shore up nation's job market
Updated: 2022-08-03 09:33,More students studying Spanish
Updated: 2022-08-03 19:24,8-year-old organ donor gives families new lease on life
Updated: 2022-08-05 17:01,Mine safety body strives to unleash coal production potential
Updated: 2022-08-06 09:20,National education mandatory in HK
Updated: 2022-08-06 09:22,Young 'diplomats' discuss global challenges
Updated: 2022-08-06 12:43,HKSAR govt fully supports countermeasures by central authorities in response to Pelosi's Taiwan visit
Updated: 2022-08-07 18:50,Explainer: Why did Pelosi's visit cause a stir?
Updated: 2022-08-08 09:16,Watermelon expert revered for dedication
Updated: 2022-08-08 12:12,Expansion of education
Updated: 2022-08-08 12:14,State Council appoints secretary-general of Committee for Safeguarding National Security of HKSAR
Updated: 2022-08-08 14:02,HK to shorten arrivals' quarantine period
Updated: 2022-08-08 22:10,Xi sends sympathy to Cuba after fuel depot blasts
Updated: 2022-08-09 07:01,The two-faced politics of Tsai Ing-wen
Updated: 2022-08-09 07:14,Experts: Countermeasures justified
Updated: 2022-08-09 07:15,Ministry dismisses West's accusations over tensions
Updated: 2022-08-09 09:27,Case prompts greater awareness of protection among public
Updated: 2022-08-09 10:11,Mediator diligent in dispelling disputes
Updated: 2022-08-09 10:15,Maglev line opens to tourists in Fenghuang
Updated: 2022-08-09 10:16,Yiwu keeps business running amid epidemic
Updated: 2022-08-09 22:07,New variety to break China's reliance on imported breeding beef cattle
Updated: 2022-08-10 07:19,Response to island trip seen as reasonable
Updated: 2022-08-10 07:28,Experienced host helps disadvantaged blue-collar workers find employment
