﻿Updated: 2022-08-04 09:35,Kenyan avocado exports taste of things to come with expanded market
Updated: 2022-08-05 09:00,"Energy profits should be taxed, says UN chief"
Updated: 2022-08-06 16:04,Pelosi family under scrutiny for stock trades
Updated: 2022-08-08 09:10,"China-Japan ties should tap wisdom, courage of five decades"
Updated: 2022-08-08 15:17,Mongolia says it firmly supports the one-China principle
Updated: 2022-08-09 01:34,Chinese envoy urges US political decisions to revive Iran nuke deal
Updated: 2022-08-09 16:46,Expert warns of West's toxic development advice for Africa
Updated: 2022-08-09 18:25,Voters cast ballots in Kenya's fiercely contested election
Updated: 2022-08-09 20:59,Africa reports decrease in COVID-19 cases but fatalities still high
Updated: 2022-08-10 07:05,9 killed as record downpours hit Seoul
Updated: 2022-08-10 07:23,Report says US crimes in Mideast violate human rights
Updated: 2022-08-10 19:52,"New Chinese ambassador pledges to deepen cooperation, friendship with Rwanda"
Updated: 2022-08-11 07:11,"US responsible for climate talks halt, envoy says"
Updated: 2022-08-11 07:57,58% of human infectious diseases worsen by climate change
Updated: 2022-08-11 08:59,12 vessels authorized to depart Ukrainian ports for grain export: UN official
Updated: 2022-08-11 09:19,UK faces energy price 'national cataclysm'
Updated: 2022-08-11 09:30,Salt shown to increase risk of an early death
Updated: 2022-08-11 22:33,"China, Nepal vow to step up cooperation"
Updated: 2022-08-12 07:27,Blocs spark concerns on divided world
Updated: 2022-08-12 09:07,Ambiguity paralyzes US system of politics
Updated: 2022-08-12 09:09,Finland and Estonia leaders call for Russian visa ban amid Ukraine row
Updated: 2022-08-12 09:30,"50 feared dead after migrant boat sinks near Greece, 29 are rescued"
Updated: 2022-08-12 09:33,Research into drone defense technology must continue
Updated: 2022-08-12 10:56,Reopened border on Borneo brings hope
Updated: 2022-08-15 10:09,Youths trapped in Texas prison system
Updated: 2022-08-16 08:40,China-Russia science cooperation deepens
Updated: 2022-08-16 08:52,"FBI, DHS report online threats after Mar-a-Lago search"
Updated: 2022-08-16 09:07,Flooding kills over 100 across much of continent
Updated: 2022-08-16 09:11,US monkeypox cases on sharp rise as media blame government's setbacks in containing outbreak
Updated: 2022-08-16 09:17,"Expanded exports boost Indonesia's, Malaysia's COVID impact recovery"
Updated: 2022-08-16 09:21,Republicans turn up heat on Trump raid
Updated: 2022-08-16 09:31,Engineers put skills to work for South Sudan
Updated: 2022-08-16 09:33,Europeans' climate woes far from over
Updated: 2022-08-16 09:36,Russia accuses British reconnaissance aircraft of border violation
Updated: 2022-08-16 09:36,Russia wants broad military-technical cooperation: Putin
Updated: 2022-08-16 09:37,UN talks focus on protecting the oceans
Updated: 2022-08-16 09:40,China urges fully implementing Yemen truce agreement
Updated: 2022-08-16 09:40,Synthetic embryos offer stem cell hope
Updated: 2022-08-16 09:41,Man kills himself after ramming Capitol barrier
Updated: 2022-08-16 20:49,Intl Army Games 2022 opens in Russia
