﻿Updated: 2017-08-31 08:54,American in Beijing lives his Chinese dream
Updated: 2017-08-31 11:17,
Updated: 2021-01-25 10:17,Sharon Fraser : The awareness of Chongqing needs to be built outside of China
Updated: 2021-08-20 09:00,Student explores city's attractions by bicycle
Updated: 2022-08-08 14:02,HK to shorten arrivals' quarantine period
Updated: 2022-08-10 09:05,"Chinese state councilor stresses importance of flood control, workplace safety"
Updated: 2022-08-11 16:49,China continues crackdown on irregularities of off-campus training institutions
Updated: 2022-08-12 09:37,Expert hopes to brew success with coffee
Updated: 2022-08-12 11:40,CPC strong leadership core of national reunification
Updated: 2022-08-12 11:30,Inno-tech integration 'key catalyst' for growth
Updated: 2022-08-13 07:16,China outranks US in key science publishing
Updated: 2022-08-13 07:26,Two HK teens sentenced for riot chaos
Updated: 2022-08-13 07:46,"Disabled woman helps self, then others via livestreams"
Updated: 2022-08-13 09:37,China submits instruments of ratification of forced labor conventions with ILO
Updated: 2022-08-13 18:23,Shenzhou XIV astronauts to conduct their first spacewalk in coming days
Updated: 2022-08-14 16:56,Senior Chinese diplomat attends opening ceremony of 6th Silk Road Int'l Exposition
Updated: 2022-08-15 07:03,Friendship with Pakistan grows deeper
Updated: 2022-08-15 09:30,Postnatal light sensing in mice linked to later learning
Updated: 2022-08-15 09:31,Colleges axing public affairs management degrees
Updated: 2022-08-15 09:33,Science majors surpass liberal arts at universities
Updated: 2022-08-16 00:05,Nation goes all out to address drought
Updated: 2022-08-16 07:03,"PLA advances in arms, ability over past decade"
Updated: 2022-08-16 07:30,Tourists cautioned of flood dangers in wake of tragedy
Updated: 2022-08-16 08:44,"HK, mainland university to open in Guangzhou"
Updated: 2022-08-16 09:20,Tibetans tap safe water aided by Beijing cadres
Updated: 2022-08-16 09:24,Coastal Fujian helping far west region flourish
Updated: 2022-08-16 09:46,China allocates 200 mln yuan for drought relief
Updated: 2022-08-16 11:22,Shanghai Science Festival to kick off on Aug 20
Updated: 2022-08-16 15:31,More mainland universities on world academic ranking list
Updated: 2022-08-16 21:13,Former Jiangxi legislator sentenced for corruption
Updated: 2022-08-17 04:35,"Taiwan is now a touchstone issue for the UK, the US and for us in China. This is how we see it"
Updated: 2022-08-17 06:56,Duration of heat tipped to break record
Updated: 2022-08-17 07:09,Beijing sanctions seven 'Taiwan independence' die-hards
