﻿Updated: 2017-08-31 08:54,American in Beijing lives his Chinese dream
Updated: 2017-08-31 11:17,
Updated: 2021-01-25 10:17,Sharon Fraser : The awareness of Chongqing needs to be built outside of China
Updated: 2021-08-20 09:00,Student explores city's attractions by bicycle
Updated: 2022-06-02 09:49,Volunteer work provides a fresh view of the world
Updated: 2022-06-09 18:24,Shanxi writer excels from her wheelchair
Updated: 2022-06-10 09:33,Top political advisor meets Taiwan participants at cross-Straits seminar
Updated: 2022-06-10 19:03,Chinese scientists make notable discovery on potato genome sequences
Updated: 2022-06-10 19:28,China voices firm opposition to European Parliament's Xinjiang resolution
Updated: 2022-06-10 21:43,
Updated: 2022-06-10 22:24,Vice-premier stresses deepening China-Russia connectivity cooperation
Updated: 2022-06-11 17:43,Beijing postpones return of students to schools
Updated: 2022-06-13 07:30,University offers scuba diving course
Updated: 2022-06-13 07:33,
Updated: 2022-06-13 09:07,Digital technology helps narrow regional divides
Updated: 2022-06-13 09:38,Senior Chinese military officer meets Pakistani chief of army staff
Updated: 2022-06-13 18:53,Old YMT police station to open to public to mark HK's return
Updated: 2022-06-14 07:15,Nation set to relaunch carbon cut program
Updated: 2022-06-14 07:34,Xi's Philippines trip sealed friendship
Updated: 2022-06-14 07:37,Education firm finds fortunes via livestream
Updated: 2022-06-14 07:58,"No tattoos for minors even if parents OK it, ministry says"
Updated: 2022-06-14 08:00,Checkpoints warned for excessive measures that impede logistics
Updated: 2022-06-14 08:01,Beijing battles to cut off outbreak linked to bar
Updated: 2022-06-14 08:53,"'One country, two systems' continues to benefit HK, whole nation"
Updated: 2022-06-14 08:57,One-time relief offered to those in need during epidemic
Updated: 2022-06-14 09:06,Chinese vice-premier urges solid efforts to contain COVID-19 in Beijing
Updated: 2022-06-14 09:09,Blue canvas shoes start man's trek out of poverty
Updated: 2022-06-14 09:48,"Musician changing lives, one note at a time"
Updated: 2022-06-14 14:39,Number of postgrads rises in last decade
Updated: 2022-06-14 16:18,China's deep space exploration laboratory starts operation
Updated: 2022-06-15 07:33,Highest observatory in world will give Tibet a better view of the galaxy
Updated: 2022-06-15 08:44,"Efforts to curb scams succeeding, but situation remains grim"
Updated: 2022-06-15 08:54,Guitars strum to beautiful tune in Guizhou
Updated: 2022-06-15 09:02,Reform and innovation spur growth of China's medical systems
Updated: 2022-06-15 09:16,Vice premier stresses studying Xi's discourses on rural work
