﻿Updated: 2022-06-04 06:40,Five things to know about the US gun lobby
Updated: 2022-07-04 16:41,Iran says US failed to take initiative in Doha nuclear talks
Updated: 2022-07-04 20:40,South African countries commit to rebuilding economies post-COVID-19
Updated: 2022-07-05 08:01,China-backed light rail on track in Egypt
Updated: 2022-07-05 09:25,"US threatens Iranians' economic, health rights: gov't spokesman"
Updated: 2022-07-05 18:25,World's largest waterlily discovered
Updated: 2022-07-06 07:30,"Leaders of Palestinian Authority, Hamas meet in Algeria"
Updated: 2022-07-07 01:29,UK tests using drones to deliver vital medicines
Updated: 2022-07-07 09:23,Scorching heat shows need for more green energy experts in Gulf
Updated: 2022-07-07 11:04,World Bank provides over $44m to support Liberian women
Updated: 2022-07-07 21:54,S. Africa holds funeral for teenagers who died in tavern
Updated: 2022-07-08 10:53,"UN warns intersecting global crises threaten SDGs, urges rescue efforts"
Updated: 2022-07-09 06:41,EU resolution condemns Washington's abortion ruling
Updated: 2022-07-09 08:38,Contest to replace Boris Johnson begins
Updated: 2022-07-09 10:02,China and France to enhance partnership
Updated: 2022-07-09 22:15,Chinese premier extends condolences over passing away of former Japanese PM Abe
Updated: 2022-07-10 21:00,S.Korea says DPRK fires apparent artillery shots
Updated: 2022-07-11 07:55,Abe killing casts cloud over Japan polls
Updated: 2022-07-11 06:45,China's to-do lists for US can help repair ties
Updated: 2022-07-11 07:42,"Australia urged to view China as partner, not rival"
Updated: 2022-07-11 07:49,BRICS media called on to facilitate growth
Updated: 2022-07-11 08:59,Japan's ruling bloc gains sweeping victory in upper house election
Updated: 2022-07-11 09:00,Supply-side steps also needed to fight inflation
Updated: 2022-07-11 09:22,Highly infectious variants spreading across UK
Updated: 2022-07-11 09:24,Candidates line up to replace Johnson
Updated: 2022-07-11 09:34,"3 dead, 2 injured in shooting at house party in Southern California"
Updated: 2022-07-11 09:43,"Kenya, WHO launches hub for handling health emergencies in Africa"
Updated: 2022-07-11 09:44,Marcos viewed as lifting China ties
Updated: 2022-07-11 09:50,Fresh cases in US point to higher risk
Updated: 2022-07-11 09:00,"Zelensky sacks Ukraine envoys, including to Germany"
Updated: 2022-07-11 10:00,Centers set to improve Africa health response
Updated: 2022-07-11 10:27,Sri Lanka heading for unity govt
Updated: 2022-07-11 10:28,Modern slavery seen as serving economic model in US
