﻿Updated: 2017-08-31 08:54,American in Beijing lives his Chinese dream
Updated: 2017-08-31 11:17,
Updated: 2021-01-25 10:17,Sharon Fraser : The awareness of Chongqing needs to be built outside of China
Updated: 2021-08-20 09:00,Student explores city's attractions by bicycle
Updated: 2022-06-23 09:46,Three men honored for saving children
Updated: 2022-06-24 09:41,Courier earns praise for warning message
Updated: 2022-06-28 08:59,BRICS agrees to clamp down on corruption
Updated: 2022-06-28 17:04,China rolls out 31 new undergraduate majors
Updated: 2022-06-29 08:41,New phase of innovation begins between China and Singapore
Updated: 2022-06-29 09:32,Sea-rail intermodal container terminal launched in China's Guangxi
Updated: 2022-06-29 09:35,Cafe's specialty to perk up hopes in hard times
Updated: 2022-06-29 11:35,Third academic joint venture to receive first students in September
Updated: 2022-06-29 11:49,Guangdong and Hong Kong's trade relationship grows
Updated: 2022-06-29 15:34,CPC membership exceeds 96.7 million
Updated: 2022-06-29 17:47,"Chinese people directly elect 2.6m lawmakers at township, county levels"
Updated: 2022-06-30 07:06,CPC carries on mission to promote progress of humanity
Updated: 2022-06-30 08:20,Govt takes steps to save tourism as summer peak season nears
Updated: 2022-06-30 08:51,Datang's smart factories help sew up title of world's 'sock capital'
Updated: 2022-06-30 09:11,Shanghai diners savor resumption of service
Updated: 2022-06-30 09:20,Mainland strengthens education ties with Hong Kong
Updated: 2022-06-30 09:29,Historic Mars mission completes all preset tasks
Updated: 2022-06-30 09:31,G7 slammed for Cold War mentality
Updated: 2022-06-30 09:38,'Red tourism' site proves popular
Updated: 2022-06-30 10:04,Top legislature better at collecting public opinion
Updated: 2022-06-30 23:50,Success stories shared from China's legal system improvements
Updated: 2022-07-01 07:52,Xi commends Lam's role as chief executive
Updated: 2022-07-01 07:56,Shanghai Disneyland reopens gates
Updated: 2022-07-01 08:35,HK community: Xi's visit a boost for city
Updated: 2022-07-01 08:43,Experts look ahead
