﻿Updated: 2022-08-06 16:04,Pelosi family under scrutiny for stock trades
Updated: 2022-08-09 18:25,Voters cast ballots in Kenya's fiercely contested election
Updated: 2022-08-09 20:59,Africa reports decrease in COVID-19 cases but fatalities still high
Updated: 2022-08-23 10:29,UN chief calls for new global consensus on cooperation to ensure collective security
Updated: 2022-08-24 07:25,Ministry: Nation to resolutely safeguard sovereignty
Updated: 2022-08-25 01:40,US airstrikes in E. Syria kill 6 fighters: war monitor
Updated: 2022-08-25 09:21,AI technology to help save an iconic species
Updated: 2022-08-25 11:03,Kobe Bryant widow awarded $16M in trial over crash photos
Updated: 2022-08-26 10:20,Webb telescope finds CO2 for first time in exoplanet atmosphere
Updated: 2022-08-29 09:07,"China's ambassador to the UK visits COSCO, London Gateway"
Updated: 2022-08-29 07:41,Passage of US warships monitored
Updated: 2022-08-30 10:04,Copper factory's model employee dresses to impress at his wedding
Updated: 2022-08-31 07:11,US behavior leaves cloud on nuke talks
Updated: 2022-08-31 09:38,African leaders urge collaboration on climate efforts
Updated: 2022-08-31 09:40,Tunisian president voices discontent over US interference in internal affairs
Updated: 2022-08-31 12:54,Former Malaysian PM Mahathir tests positive for COVID-19
Updated: 2022-09-01 09:23,UK's Johnson refuses to rule out comeback as he leaves spotlight
Updated: 2022-09-01 09:29,Green foundation urged for recovery
Updated: 2022-09-01 09:36,Deportation policy leaves Rwandans homeless
Updated: 2022-09-01 09:38,AI offers us chance to get in touch with other side
Updated: 2022-09-01 09:42,Africa goes green with energy transformation
Updated: 2022-09-02 09:05,US life expectancy falls for second straight year
Updated: 2022-09-02 09:55,Deal struck with 1972 Munich Olympics massacre families
Updated: 2022-09-02 16:54,First bullet train from China arrives in Jakarta
Updated: 2022-09-03 15:10,India Friends Blood Donation Campaign held in Shanghai
Updated: 2022-09-03 23:45,Fuel leak ruins NASA's 2nd shot at launching moon rocket
Updated: 2022-09-04 07:59,Explosions rock US base in eastern Syria: reports
Updated: 2022-09-04 15:56,US experts call for impartial education about country's history
Updated: 2022-09-05 07:39,Film on Japan's war crimes screens in UK
Updated: 2022-09-05 07:49,US dollar hegemony causes economic woes
Updated: 2022-09-05 07:56,"At least 10 dead, 15 hurt in stabbings in Canada"
Updated: 2022-09-05 07:57,China pledges $43.5m in aid to Pakistan
Updated: 2022-09-05 08:09,Wang Yi calls for countries to apply UN Convention on Law of the Sea
Updated: 2022-09-05 09:10,Kremlin pledges serious response in case of EU visa restrictions
Updated: 2022-09-05 09:12,Price of food cheaper again around world
Updated: 2022-09-05 09:13,Zaporizhzhia plant loses power line
Updated: 2022-09-05 09:29,"India relegates UK to 6th economy, Bloomberg says"
Updated: 2022-09-05 09:31,"As polls near, Biden, Trump trade barbs"
Updated: 2022-09-05 09:40,Sweden announces liquidity guarantees of 23 bln USD to electricity companies
Updated: 2022-09-05 15:31,US Energy Secretary's letter puts US and EU's relationship in doubt
