﻿Updated: 2017-08-31 08:54,American in Beijing lives his Chinese dream
Updated: 2017-08-31 11:17,
Updated: 2021-01-25 10:17,Sharon Fraser : The awareness of Chongqing needs to be built outside of China
Updated: 2021-08-20 09:00,Student explores city's attractions by bicycle
Updated: 2022-07-20 07:00,China's changes in the eyes of a Cameroonian student
Updated: 2022-07-20 08:53,Science whiz kids take home prizes
Updated: 2022-07-21 09:25,China and ASEAN add to IP coaction
Updated: 2022-07-21 16:34,"Swimming lessons for 50,000 primary school students in Jiangxi"
Updated: 2022-07-22 07:00,A Cameroonian student's visit to Xinjiang
Updated: 2022-07-22 09:23,Disaster management system to be upgraded
Updated: 2022-07-25 10:10,China launches new scientific expedition in Yangtze headwaters
Updated: 2022-07-25 17:25,Micro world reveals its hidden artistry
Updated: 2022-07-26 08:58,HK's unique status and advantages conducive to China's development
Updated: 2022-07-26 10:04,University admonished for 'inappropriate' practices
Updated: 2022-07-26 10:37,HKSAR gov't launches policy address consultation
Updated: 2022-07-27 07:51,Handicrafts at heart of new policy
Updated: 2022-07-27 09:00,Dedicated scientists help build supercomputer
Updated: 2022-07-27 10:19,Community work posts open to graduates
Updated: 2022-07-27 12:14,Tianzhou 3 cargo spacecraft reenters atmosphere in a controlled manner
Updated: 2022-07-28 07:40,China vows 'forceful' moves on sovereignty
Updated: 2022-07-28 07:43,Common hero touches hearts of millions
Updated: 2022-07-28 06:53,Xi urges Party to strengthen risk awareness
Updated: 2022-07-28 06:57,Three recipients awarded highest military honor
Updated: 2022-07-28 07:34,New carrier rocket makes debut flight
Updated: 2022-07-28 08:53,Employee who bragged about wealth on WeChat suspended
Updated: 2022-07-28 09:19,Martyr's photo returned to family
Updated: 2022-07-28 09:20,"After recent furor, Japanese war criminals' memorials found online"
Updated: 2022-07-28 10:25,Restrictions begin in Wuhan district
Updated: 2022-07-28 10:30,English version of HK chronicles launched
Updated: 2022-07-28 10:33,Report: Rural incomes to double by 2035
Updated: 2022-07-28 14:52,"Talented engineers from HK, Macao certified for mainland"
Updated: 2022-07-28 21:32,"Ex-justice minister Fu pleads guilty to bribe-taking, abuse of power"
Updated: 2022-07-29 06:40,Ministry: PLA will not tolerate separatist acts
Updated: 2022-07-29 07:08,Public health legislation strengthened
