﻿Updated: 2017-08-31 08:54,American in Beijing lives his Chinese dream
Updated: 2017-08-31 11:17,
Updated: 2021-01-25 10:17,Sharon Fraser : The awareness of Chongqing needs to be built outside of China
Updated: 2021-08-20 09:00,Student explores city's attractions by bicycle
Updated: 2022-06-02 09:49,Volunteer work provides a fresh view of the world
Updated: 2022-06-07 09:07,EU's report on Hong Kong SAR a twisted narrative
Updated: 2022-06-08 06:50,Li: Smooth transportation key for economy
Updated: 2022-06-08 08:11,Hong Kong Palace Museum ready to open
Updated: 2022-06-08 11:06,Reporting suspicious acts will net citizens rewards
Updated: 2022-06-09 07:24,Exam sites in Inner Mongolia save students from long trips
Updated: 2022-06-09 07:48,Li: Improve measures to support growth
Updated: 2022-06-09 08:33,Guideline to help MSMEs stay afloat
Updated: 2022-06-09 09:28,Shanghai relaxes hukou rules to attract more talent
Updated: 2022-06-09 09:30,Breakthrough achieved in quantum computing
Updated: 2022-06-09 09:38,No papers leaked before college entrance exams
Updated: 2022-06-09 09:48,Reins tightened on medical practices
Updated: 2022-06-09 09:51,Ministry warns against building on arable land
Updated: 2022-06-09 10:01,SEU celebrates 120 years of education
Updated: 2022-06-09 10:02,Talented autoworker receives national honor
Updated: 2022-06-09 10:03,Tests compel interesting answers
Updated: 2022-06-09 10:12,Guangzhou national botanical garden gets greenlight
Updated: 2022-06-09 14:05,China's first int'l journal on grassland science starts publication
Updated: 2022-06-09 16:20,HK's role in the construction of foreign-related rule of law of the country
Updated: 2022-06-09 18:24,Shanxi writer excels from her wheelchair
Updated: 2022-06-09 21:09,Shenzhou XIV taikonauts to conduct 24 medical experiments in space
Updated: 2022-06-10 06:40,"CD issues global call for cartoons, illustrations"
Updated: 2022-06-10 07:06,President emphasizes stable socioeconomic development
Updated: 2022-06-10 07:10,Multiple earthquakes in Sichuan province
Updated: 2022-06-10 07:23,Young Africans encouraged to carry forward friendship
Updated: 2022-06-10 07:52,Steps must be taken to mitigate rising sea levels
Updated: 2022-06-10 08:05,"HK's edge in legal services, talent training highlighted"
Updated: 2022-06-10 08:10,New type of fast radio burst discovered
