﻿Updated: 2022-05-09 10:04,"Syrian president meets Iran's supreme leader, president: state media"
Updated: 2022-05-11 02:36,Painting of Marilyn Monroe sells for record-breaking $195m
Updated: 2022-05-11 09:12,"Webb telescope's first full-color, scientific images due in July"
Updated: 2022-05-12 21:48,"Eastern Africa on the verge of acute food crisis, UN warns"
Updated: 2022-05-17 09:34,Palestinian PM calls on int'l community to boycott Israel
Updated: 2022-05-17 09:42,Freight trains keep trade up with Europe
Updated: 2022-05-19 07:08,Japan told to uphold agreements
Updated: 2022-05-19 09:28,China's initiatives can help fight climate change in Africa
Updated: 2022-05-19 09:52,"Tech is changing the shape of our libraries, facilitating information sharing"
Updated: 2022-05-20 09:09,Prehistoric dolphin species discovered in Switzerland
Updated: 2022-05-21 13:14,Israel govt's future on the line after majority lost
Updated: 2022-05-22 11:28,"African countries report 7,985 newly confirmed COVID-19 cases as tally nears 11.59m"
Updated: 2022-05-23 17:04,War-left US bomb discovered in southern Cambodia: official
Updated: 2022-05-23 17:43,8 more ministers sworn into Sri Lanka's new cabinet
Updated: 2022-05-24 02:39,World Economic Forum Annual Meeting focuses on 4 challenges
Updated: 2022-05-24 02:41,UK high-risk monkeypox contacts should self-isolate for 21 days
Updated: 2022-05-24 07:15,Beijing hits back at Biden's claims
Updated: 2022-05-24 09:10,Supply chains in Asia shaken but unshattered
Updated: 2022-05-24 09:12,Sports transform young drug abusers in Kenya
Updated: 2022-05-24 09:18,'Partygate' findings to soon be made public
Updated: 2022-05-24 09:21,Looming food crisis may be 'opportunity for Africa'
Updated: 2022-05-24 09:29,"China's edge on skills offers insights for US, experts say"
Updated: 2022-05-24 09:46,"Lessons leave Africa better prepared for future pandemics, agency says"
Updated: 2022-05-24 09:47,Western sanctions blamed for global food crisis
Updated: 2022-05-24 09:53,UN envoy: Stop attacks of other nations' high-tech companies
Updated: 2022-05-24 15:02,Chaos behind 'grim millstone': US public health system does not work for the people
Updated: 2022-05-25 02:28,London's long-waited Elizabeth Line opens to public at last
Updated: 2022-05-25 06:40,Birx's book details US' response to pandemic under Trump
Updated: 2022-05-25 09:27,ROK says DPRK fires 3 ballistic missiles eastward
Updated: 2022-05-25 09:27,Windfall tax could hit off shore electricity companies
Updated: 2022-05-25 09:36,Australia gains chance to lift China relations
Updated: 2022-05-25 10:11,Group calls for US to track fentanyl deaths
Updated: 2022-05-25 10:23,"Active shooter incidents in US increase over 50 pct in 2021, FBI says"
Updated: 2022-05-25 10:54,"Minneapolis, US honor memory of George Floyd"
Updated: 2022-05-25 11:08,21 killed in school shooting; gunman dead
