﻿Updated: 2022-02-01 20:13,China refutes so-called human rights resolution adopted by Japan's House of Representatives
Updated: 2022-02-17 10:18,"Sea levels to rise 10 to 12 inches by 2050, rate 'alarming': Report"
Updated: 2022-02-22 11:20,Share your thoughts on China's diplomacy
Updated: 2022-02-25 09:20,California beekeepers use tech to thwart hive thieves
Updated: 2022-02-27 20:58,Iran vows not to compromise over redlines in Vienna nuke talks: FM
Updated: 2022-02-28 07:00,"Sanctions cannot solve problems, FM says"
Updated: 2022-02-28 09:14,"Aid workers risk life, limb on front line"
Updated: 2022-02-28 20:18,Ukraine tensions may fuel instability in Middle East
Updated: 2022-03-01 15:30,AU chiefs condemn treatment of Africans fleeing Ukraine
Updated: 2022-03-02 09:16,Chinese doctors aiding Algeria through TCM
Updated: 2022-03-02 09:17,UN green forum pushes for pact to tackle plastic
Updated: 2022-03-02 14:11,Book donation opens opportunity for Kenyans to learn Chinese culture
Updated: 2022-03-03 09:14,Pandemic boosts number of ultrarich
Updated: 2022-03-03 09:27,Boost for African-made jabs with funding deal
Updated: 2022-03-03 19:15,UN body passes historic treaty to end plastic waste
Updated: 2022-03-04 07:53,1 million flee Ukraine in just a week
Updated: 2022-03-04 09:58,More light shed on US role in crisis
Updated: 2022-03-04 10:10,Ancient riddle of standing stones 'solved'
Updated: 2022-03-05 10:36,"US heads in wrong direction, poll finds"
Updated: 2022-03-06 13:56,China urges talks to end Ukraine crisis
Updated: 2022-03-06 14:13,Cash injection boosts online deliveries in US
Updated: 2022-03-06 14:26,Death toll rises to 63 in mosque blast
Updated: 2022-03-06 14:31,India yet to submit emission targets
Updated: 2022-03-07 09:10,Peace initiative for Horn of Africa welcome
Updated: 2022-03-07 09:12,Reality of Brexit bites for disgruntled UK farmers
Updated: 2022-03-07 09:15,Greece ends outdoor mask mandate as COVID-19 situation improves
Updated: 2022-03-07 09:17,Life turns sour as cost of living soars in US
Updated: 2022-03-07 09:24,"Putin, Macron discuss Ukraine issue over phone"
Updated: 2022-03-07 09:29,"Iran, IAEA agree on timeline to settle nuclear issues"
Updated: 2022-03-07 09:30,Ukraine crisis drives wheat prices up to 14-year high
Updated: 2022-03-07 09:41,India urges dialogue to bring fighting to end
Updated: 2022-03-07 09:44,COVID-19 protest on DC's doorstep
Updated: 2022-03-07 09:50,"Global pandemic deaths near 6m, WHO says"
Updated: 2022-03-07 09:51,Argentine fires ravage forests and animal habitats
Updated: 2022-03-07 09:53,Australian floods sow chaos in 2 states
