﻿Updated: 2017-08-31 08:54,American in Beijing lives his Chinese dream
Updated: 2017-08-31 11:17,
Updated: 2021-01-25 10:17,Sharon Fraser : The awareness of Chongqing needs to be built outside of China
Updated: 2021-08-20 09:00,Student explores city's attractions by bicycle
Updated: 2022-07-08 08:03,Greater unity of Chinese people urged
Updated: 2022-07-08 08:03,Li: 5 regions play pivotal growth role
Updated: 2022-07-08 09:16,Authorities warn consumers against refund scams
Updated: 2022-07-08 09:19,Pupils in hot seat during examinations
Updated: 2022-07-08 13:54,"Wang asks EU to uphold multilateralism, oppose confrontation"
Updated: 2022-07-09 07:31,Experts find way to make better use of lunar samples
Updated: 2022-07-10 13:05,Peking University marks 70th anniversary of intl student education
Updated: 2022-07-10 18:16,Senior Chinese official attends opening ceremony of cultural exhibition
Updated: 2022-07-11 07:01,Xi calls for exchanges among civilizations
Updated: 2022-07-11 07:15,Xi sends condolences over passing of Abe
Updated: 2022-07-11 09:58,Dedicated scientist puts self on the line to develop vaccine
Updated: 2022-07-11 13:24,HKSAR gov't streamlines testing services for growing Shenzhen-bound travellers
Updated: 2022-07-11 18:22,Universities encouraged to use expertise to help businesses with technological and industrial development
Updated: 2022-07-11 22:17,China to launch first comprehensive solar probe
Updated: 2022-07-12 07:59,More suspects detained as rural banking scandal rolls on in Henan
Updated: 2022-07-12 08:55,"A hobby a day helps you work, rest and play"
Updated: 2022-07-12 09:06,Most thriving foreign companies in HK staying put
Updated: 2022-07-12 09:06,South China National Botanical Garden to preserve biodiversity
Updated: 2022-07-12 09:10,Govt seeks to better protect gig workers
Updated: 2022-07-12 09:19,Model port worker keeps innovating
Updated: 2022-07-12 14:07,Commissioner's office of Chinese foreign ministry in HKSAR says it's time for Hanscom Smith to stop grandstanding show
Updated: 2022-07-12 15:09,Zhuhai suspends all group teaching
Updated: 2022-07-12 17:11,'Steel cable girl' returns home to serve community
Updated: 2022-07-12 17:15,
Updated: 2022-07-12 21:07,"China patent, trademark registration up big in 2022"
Updated: 2022-07-13 07:18,Mobile home gives traveler more time to fully explore the mountains
Updated: 2022-07-13 07:36,US envoy slammed for 'untruthful' claims on HK
