﻿Updated: 2022-03-07 17:49,"FM hopes for peaceful development between China, Japan"
Updated: 2022-03-11 09:11,EPA approves use of gene-modified mosquitoes to reduce disease spread
Updated: 2022-03-11 16:49,Ambassador asks about bringing BRI and Mongolia's policies closer
Updated: 2022-03-15 12:36,Is the imported lobsters from the US related to the COVID-19 outbreak in China?
Updated: 2022-03-17 12:24,Ambassador asks about China's plan to people-to-people exchanges
Updated: 2022-03-21 09:46,New light shines into Egyptian necropolis
Updated: 2022-03-22 08:50,Ukraine crisis causes food price rises in Africa
Updated: 2022-03-22 10:28,"UN, African countries move to halt spread of polio"
Updated: 2022-03-22 21:12,China to work closely with Kenya for stability in the Horn of Africa
Updated: 2022-03-23 09:53,Assailant shot dead after killing 4 in southern Israel: police
Updated: 2022-03-23 10:31,Iran's supreme leader looks beyond sanctions impact
Updated: 2022-03-24 09:52,Free movement key to trade within Africa
Updated: 2022-03-24 10:10,Malawi signs MOU on BRI cooperation with China
Updated: 2022-03-24 10:38,Experts hail China's democracy as 'robust'
Updated: 2022-03-24 15:25,ROK says DPRK fires unidentified projectile into eastern waters
Updated: 2022-03-25 06:49,Envoy calls for right understanding in future Sino-UK relations
Updated: 2022-03-25 09:22,Polar heat waves trigger warning
Updated: 2022-03-25 08:50,Malaysian view on sanctions guided by ASEAN ethos
Updated: 2022-03-25 09:54,London told about barriers to US FTA
Updated: 2022-03-25 10:18,DPRK leader Kim Jong-un issues order for test-launch of new type ICBM: KCNA
Updated: 2022-03-28 09:25,Arab FMs arrive in Israel for conference with Blinken
Updated: 2022-03-28 09:59,2 gunmen shot dead after killing 2 in Israel
Updated: 2022-03-29 06:51,US increases presence in S. China Sea
Updated: 2022-03-29 09:14,US COVID-19 vaccinations hit 2-year low amid Omicron subvariant surge
Updated: 2022-03-29 09:19,"Sudan risks sliding into economic, security collapse: UN envoy"
Updated: 2022-03-30 01:23,US COVID-19 cases surpass 80 million: Johns Hopkins University
Updated: 2022-03-30 07:10,Attempt by US NGO to meddle will fail
Updated: 2022-03-30 09:00,British economy set for 'historic shock'
Updated: 2022-03-30 09:01,US stocks rally over Russia-Ukraine talks
Updated: 2022-03-30 09:08,New round of Russia-Ukraine talks end in Istanbul
Updated: 2022-03-30 09:11,Race fuels double standards on refugees
Updated: 2022-03-30 09:23,Budget plan from White House draws criticism
Updated: 2022-03-30 09:25,Brussels kicks off WTO case against UK
Updated: 2022-03-30 09:34,Ukrainian president says signals from peace talks 'positive'
Updated: 2022-03-30 09:39,"Workers strike across India for labor rights, better pay"
Updated: 2022-03-30 09:45,"For green goals, Latin America takes the bus"
Updated: 2022-03-30 09:50,Hopes for Sino-ROK ties boosted
Updated: 2022-03-30 09:52,Omicron coronavirus subvariant now dominant strain in US
Updated: 2022-03-30 09:56,Biden defense budget shows partisan split
Updated: 2022-03-30 10:01,US Senate bill's aim: Outcompete China in tech
