﻿Updated: 2017-08-31 08:54,American in Beijing lives his Chinese dream
Updated: 2017-08-31 11:17,
Updated: 2021-01-25 10:17,Sharon Fraser : The awareness of Chongqing needs to be built outside of China
Updated: 2021-08-20 09:00,Student explores city's attractions by bicycle
Updated: 2022-04-02 14:57,China Focus: Teenager with autism swims toward victory
Updated: 2022-04-11 07:13,HK official calls for vigilance on security threats
Updated: 2022-04-11 09:12,Green economic recovery will be crucial
Updated: 2022-04-11 16:37,Macao unveils makeshift hospital in case of COVID-19 outbreak
Updated: 2022-04-11 17:17,Return to classrooms halted in Dalian
Updated: 2022-04-11 18:04,Record number of postgrad entrance exam applicants expected next year
Updated: 2022-04-11 21:38,Tianzhou 4's rocket arrives in Hainan
Updated: 2022-04-12 08:59,Workers race against time to build emergency hospital
Updated: 2022-04-12 14:49,Chinese experts reveal genetic variation basis in watermelon seed size
Updated: 2022-04-13 07:15,Country strives to improve supplies to worst-hit regions
Updated: 2022-04-13 08:44,New policy looks to lure Taiwan entrepreneurs
Updated: 2022-04-13 09:04,HKSAR LegCo passes funding application to assist industries affected by COVID-19 pandemic
Updated: 2022-04-13 09:13,China's civil aviation authority steps up safety checks
Updated: 2022-04-13 09:17,Authorities take aim at overseas telecom fraud
Updated: 2022-04-13 09:18,Teacher sings sweet praises of school choir
Updated: 2022-04-13 09:21,New paved roads linking Tibet's regions together
Updated: 2022-04-13 09:30,Ministry warns of accidents at work
Updated: 2022-04-13 09:36,"China smooths logistics amid COVID-19 control to meet daily, industrial needs"
Updated: 2022-04-13 09:43,Hospital probed for exorbitant funeral fees
Updated: 2022-04-13 09:45,China's anti-graft chief urges solid work ahead of 20th CPC national congress
Updated: 2022-04-13 15:10,Shanghai deliveryman empties his own pocket for others
Updated: 2022-04-14 06:40,Shanghai store manager wins praise online for tireless dedication to deliveries
Updated: 2022-04-14 06:45,Experts say youthful problems can be prompted by a wide range of factors
Updated: 2022-04-14 06:54,Quality of life should outweigh schoolwork
Updated: 2022-04-14 07:20,Dynamic clearance protects medical system and elderly
Updated: 2022-04-14 07:27,New prehistoric species found in Guangxi
Updated: 2022-04-14 08:47,Survey: More graduates opt to work in lower-tier cities
