﻿Updated: 2017-08-31 08:54,American in Beijing lives his Chinese dream
Updated: 2017-08-31 11:17,
Updated: 2021-01-25 10:17,Sharon Fraser : The awareness of Chongqing needs to be built outside of China
Updated: 2021-08-20 09:00,Student explores city's attractions by bicycle
Updated: 2022-08-30 16:43,Blind student sets blistering pace in life
Updated: 2022-09-01 08:57,Dream comes true for determined disabled student
Updated: 2022-09-03 08:01,New ministerial-level officials appointed by legislative body
Updated: 2022-09-03 08:02,Revised wildlife law aims to prevent harm to people
Updated: 2022-09-03 08:02,Guangdong sets up office for Macao political advisers
Updated: 2022-09-03 08:04,Law strengthens food quality
Updated: 2022-09-04 07:49,Hong Kong unveils first anti-Japanese war memorial hall
Updated: 2022-09-04 22:39,China steps up efforts to increase people's scientific knowledge
Updated: 2022-09-05 07:21,Xi's vision gives boost to global governance
Updated: 2022-09-05 07:47,China's top legislator to visit four countries
Updated: 2022-09-05 09:18,New horizons open for students as homework pressures ease
Updated: 2022-09-05 18:33,Tibet will send students out of region soon
Updated: 2022-09-05 19:09,Smart terminals speed screening for COVID-19
Updated: 2022-09-05 20:09,Grand reception in Bangladesh marks 25th anniversary of Hong Kong's return to motherland
Updated: 2022-09-05 20:52,China sees growth in number of popular-science museums
Updated: 2022-09-06 08:52,State Council working team rushes to quake-hit Sichuan
Updated: 2022-09-06 09:00,A medium for us to express our goals
Updated: 2022-09-06 09:00,Chongqing to establish brigade for forest fires
Updated: 2022-09-06 09:07,"For artist, Liling's porcelain is glazed to perfection"
Updated: 2022-09-06 09:07,Mekong nations' goods promoted in Guizhou
Updated: 2022-09-06 09:13,Activists in HK plead guilty to subversion
Updated: 2022-09-06 09:19,Campaign to fight online organized crime
Updated: 2022-09-06 09:20,Korean autonomous prefecture witnesses prosperity
Updated: 2022-09-06 09:20,Nation sets sights on better science literacy
Updated: 2022-09-06 09:40,West's liberal democracy not universal: Expert
Updated: 2022-09-06 09:51,Dictionary buzzwords illustrate decade of transformation
Updated: 2022-09-06 12:38,"More teachers, higher salaries in last decade"
Updated: 2022-09-06 17:27,"China to promote cold resource research, innovation"
Updated: 2022-09-06 21:27,Chinese Gaofen satellites deployed for quake-hit Sichuan
Updated: 2022-09-07 00:22,Quake relief underway as death toll rises to 66
Updated: 2022-09-07 01:31,Protecting lives in disasters seen as priority amid epidemic period
Updated: 2022-09-07 07:45,Efforts pledged on ecological civilization
Updated: 2022-09-07 07:48,Beijing to tighten COVID-19 control measures following summer vacation
