﻿Updated: 2022-02-01 20:13,China refutes so-called human rights resolution adopted by Japan's House of Representatives
Updated: 2022-02-22 11:20,Share your thoughts on China's diplomacy
Updated: 2022-03-11 02:00,100-year-old train becomes hotel in South Africa
Updated: 2022-03-11 09:11,EPA approves use of gene-modified mosquitoes to reduce disease spread
Updated: 2022-03-11 21:23,Iran confirms 'pause' in Vienna nuke talks
Updated: 2022-03-14 09:13,At least 75 killed in train derailment in southeastern DR Congo
Updated: 2022-03-15 07:12,"Africa view brightens on case declines, jab efforts"
Updated: 2022-03-15 09:13,Iraq demands answers from Iran over attack
Updated: 2022-03-15 17:20,Public space reclamation transforming Kenyan slums
Updated: 2022-03-16 07:22,Africans eye more gains with China
Updated: 2022-03-16 09:39,Sharp rise in virus hospital cases in UK
Updated: 2022-03-16 09:45,ROK says DPRK seems to fail in unidentified projectile launch
Updated: 2022-03-16 10:12,UN General Assembly adopts resolution to uphold rights of widows
Updated: 2022-03-16 10:14,UN relief chief warns against inertia on Yemen's humanitarian situation
Updated: 2022-03-16 11:25,"Chinese, Dutch FMs hold phone talks"
Updated: 2022-03-16 14:11,Chinese envoy calls for diplomatic solution to Yemen crisis
Updated: 2022-03-16 17:43,East Africa steps up drought response
Updated: 2022-03-16 17:47,Ukraine conflict affecting Africa grain supplies
Updated: 2022-03-17 09:35,7.4-magnitude quake strikes northern Japan
Updated: 2022-03-17 10:10,US Fed raises key interest rate slightly
Updated: 2022-03-17 04:11,Eiffel Tower grows six meters
Updated: 2022-03-17 05:34,Devil's deal stole justice from dead
Updated: 2022-03-17 06:22,"COVID-19, flu may spike amid spring break partying across US: experts"
Updated: 2022-03-17 07:00,Ambassador condemns 'slinging mud' and 'rumors' about China
Updated: 2022-03-17 07:26,Biden tops list of US officials for sanctions
Updated: 2022-03-17 07:28,Agreement on jab manufacturing rights moves closer
Updated: 2022-03-17 07:29,"Negotiation only way out of crisis, FM says"
Updated: 2022-03-17 07:31,Modi's party buoyed for next contest
Updated: 2022-03-17 08:27,Malaysia's tourism hinges on reopening
Updated: 2022-03-17 08:28,Ukraine integrates electricity network into European energy system
Updated: 2022-03-17 09:10,Johnson's Gulf visit criticized
Updated: 2022-03-17 09:16,Denmark set to tackle smoking and drinking
Updated: 2022-03-17 10:22,"At National Zoo, celebrating 50 years of giant pandas' presence"
Updated: 2022-03-17 10:34,Kremlin rebukes Biden for 'war criminal' talk
Updated: 2022-03-17 10:38,US arms exports rise as global transfers drop
