﻿Updated: 2022-07-09 22:15,Chinese premier extends condolences over passing away of former Japanese PM Abe
Updated: 2022-07-15 01:24,Hidden self-portrait discovered on back of Van Gogh painting
Updated: 2022-07-20 09:23,UN hails China lessons in poverty fight
Updated: 2022-07-20 09:58,Rocket falls from space posing an ever-increasing risk to life on Earth
Updated: 2022-07-20 10:19,Scientists discover 'needle in a haystack' black hole
Updated: 2022-07-25 17:09,Africa battles 11 diseases along with COVID-19
Updated: 2022-07-26 09:34,Ups and downs of US inflation in 3D
Updated: 2022-07-26 11:10,Last of Kenya poll observers on way
Updated: 2022-07-26 11:25,Middle East thaw backed for stability
Updated: 2022-07-27 10:27,Joint efforts help reduce maternal and newborn deaths in African nations
Updated: 2022-07-27 10:31,Inspiration never runs dry for Sinologist
Updated: 2022-07-28 07:33,Li stresses cooperation with EU
Updated: 2022-07-28 09:31,"Human rights used as political tool, say experts"
Updated: 2022-07-28 17:29,WHO to work with Liberia on controlling monkeypox
Updated: 2022-07-29 09:25,Austrian Chancellor says EU embargo on Russian gas 'impossible'
Updated: 2022-08-02 07:37,Biden says US killed al-Qaida leader al-Zawahiri in drone strike
Updated: 2022-08-02 21:14,Pakistani experts discuss China's governance at dialogue
Updated: 2022-08-03 09:29,Natural partner seen for Gulf
Updated: 2022-08-03 14:07,Americans living in 'backsliding' democracy: Washington Post
Updated: 2022-08-04 01:46,Spain heat wave hurting olive oil production
Updated: 2022-08-04 09:22,Africans keep focus on key partnership
Updated: 2022-08-04 09:35,Kenyan avocado exports taste of things to come with expanded market
Updated: 2022-08-04 09:57,Ukraine needs to export 50 mln tons of grain in 2022-2023 marketing year: industry body
Updated: 2022-08-04 11:12,US politics seen behind visit by Pelosi
Updated: 2022-08-04 11:14,US organ transplant group faulted
Updated: 2022-08-04 11:51,Study: Israeli scientists make model synthetic mouse embryo with stem cells
Updated: 2022-08-04 21:48,Pelosi's Taiwan visit generates sharp criticism
Updated: 2022-08-05 02:35,"Officials, experts across Asia reiterate support for one-China principle"
Updated: 2022-08-05 03:55,News platforms trending to short-form media formats
Updated: 2022-08-05 04:25,US declares public health emergency over monkeypox
Updated: 2022-08-05 07:12,Arctic has triple warming speed than anywhere else
Updated: 2022-08-05 09:04,Nuclear talks resume in Vienna after 5-month hiatus
Updated: 2022-08-05 09:10,"China firmly rejects US blatant provocation, political gamble: FM"
Updated: 2022-08-05 09:23,"Italy unveils 17-bln-euro aid package to combat inflation, drought"
Updated: 2022-08-05 09:30,Assange family urges Australia to do more
Updated: 2022-08-05 09:37,Scholz sees 'sense' in nuclear flexibility
Updated: 2022-08-05 10:12,Rising prices far from only economic threat
Updated: 2022-08-05 10:13,Pride travels far with Kenya's boom railway
Updated: 2022-08-05 10:15,Embassy urges UK caution on Taiwan question
