﻿Updated: 2022-05-20 09:09,Prehistoric dolphin species discovered in Switzerland
Updated: 2022-05-30 09:23,Clashes break out between Israelis and Palestinians over Israeli nationalists' march
Updated: 2022-05-31 01:10,Monet's Waterloo Bridge painting expected to sell for $30.3m
Updated: 2022-06-03 06:35,US gun culture and gun-related deaths
Updated: 2022-06-04 06:40,Five things to know about the US gun lobby
Updated: 2022-06-05 14:20,"Macron calls for ending escalation between Israel, Palestine"
Updated: 2022-06-07 07:48,UK inflation serves up pain for Chinese restaurants
Updated: 2022-06-07 09:11,Africa's food crisis set to deepen amid conflict
Updated: 2022-06-08 07:10,Senior diplomat says relations with Japan at important juncture
Updated: 2022-06-08 10:02,Ghanaian villagers get mobile with Huawei
Updated: 2022-06-08 13:55,China and Turkmenistan strengthen relationship with practical cooperation
Updated: 2022-06-08 16:10,"At least 10 dead, 50 injured in Iran train derailment"
Updated: 2022-06-09 07:16,Chinese expertise valued at Egypt medical expo
Updated: 2022-06-09 07:59,FM: Forge strong ties with Central Asia
Updated: 2022-06-09 09:24,Beijing says it will stand firm beside its neighbors
Updated: 2022-06-09 11:16,Death toll rises to 40 in church attack in Nigeria
Updated: 2022-06-09 17:06,Japan's lower house votes down no-confidence motion against embattled speaker
Updated: 2022-06-10 01:34,Wildfire in the mountains of southern Spain
Updated: 2022-06-10 07:40,UK PM Johnson pushes new policies to reset leadership after confidence vote
Updated: 2022-06-10 10:20,"Monkeypox spread may take hold, WHO says"
Updated: 2022-06-10 09:30,"Ukrainian president signs sanction decrees on Russian president, officials"
Updated: 2022-06-10 10:42,"ECB to raise interest rates, end net asset purchases in July"
Updated: 2022-06-14 09:38,Book exposes Trump team's COVID flaws
Updated: 2022-06-15 07:24,US warned over 'illusions' about Taiwan
Updated: 2022-06-15 09:26,"Africans have confidence in China, survey shows"
Updated: 2022-06-16 07:45,IAEA resolution casts shadow on Iran nuke deal
Updated: 2022-06-16 09:11,Pacific tour shows China's equality-based diplomacy
Updated: 2022-06-16 09:32,Smartphone cameras still no match for dedicated devices
Updated: 2022-06-16 10:03,US to provide 1-bln-USD additional security assistance to Ukraine
Updated: 2022-06-17 07:44,CEO: Decoupling would harm US competitiveness
Updated: 2022-06-17 07:52,'Russian Davos' moves forward
Updated: 2022-06-17 07:53,Young people seen as key to Africa's growth
Updated: 2022-06-17 09:18,Global displacement hits record high
Updated: 2022-06-17 09:27,Kishida's NATO plan dubbed policy ploy
Updated: 2022-06-17 09:33,"Alabama church shooting kills 2, wounds 1; suspect held"
Updated: 2022-06-17 09:52,Panel outlines Trump's pressure on Pence to decertify election
Updated: 2022-06-17 16:59,"36.5 mln children displaced worldwide, highest since World War II: UNICEF"
Updated: 2022-06-18 06:35,"In a first, Asian Americans to lead march on Washington"
Updated: 2022-06-18 07:00,US ignoring rampaging COVID-19: expert
Updated: 2022-06-18 08:12,"Zelensky, Johnson meet on defense, security issues"
