﻿Updated: 2022-05-17 09:34,Palestinian PM calls on int'l community to boycott Israel
Updated: 2022-05-19 07:08,Japan told to uphold agreements
Updated: 2022-05-20 09:09,Prehistoric dolphin species discovered in Switzerland
Updated: 2022-05-25 06:40,Birx's book details US' response to pandemic under Trump
Updated: 2022-05-25 09:38,"Nearly half of pregnancies unplanned, UN agency says"
Updated: 2022-05-25 09:46,Millions to 'crash into extreme poverty'
Updated: 2022-05-25 18:17,Philippine Congress proclaims Ferdinand Romualdez Marcos winner of presidential election
Updated: 2022-05-25 21:13,"FM talks with Indonesian counterpart on G20, other issues"
Updated: 2022-05-26 07:50,US sees over 200 mass shootings in first 5 months of 2022
Updated: 2022-05-27 06:40,School shootings in the US: A somber look
Updated: 2022-05-28 08:59,Iraqi lawmakers make it illegal to attempt normalizing ties with Israel
Updated: 2022-05-28 22:15,At least 31 killed in stampede in southern Nigeria: police
Updated: 2022-05-29 21:14,"29 killed, 38 missing in building collapse in SW Iran"
Updated: 2022-05-30 08:18,Ukrainian president Zelensky visits frontline in Kharkiv
Updated: 2022-05-30 09:05,Africa to benefit from Xi's post-pandemic strategies
Updated: 2022-05-30 09:17,Vigilance urged amid spread of monkeypox
Updated: 2022-05-30 09:23,Clashes break out between Israelis and Palestinians over Israeli nationalists' march
Updated: 2022-05-30 09:35,African countries on high alert for disease outbreak
Updated: 2022-05-30 09:37,"Norway urged to share oil, gas, 'gigantic' profits"
Updated: 2022-05-30 11:30,Confucius Institute in Liberia holds Chinese proficiency contest
Updated: 2022-05-31 01:10,Monet's Waterloo Bridge painting expected to sell for $30.3m
Updated: 2022-05-31 08:53,US COVID-19 cases six times more than last year as summer begins: report
Updated: 2022-05-31 09:12,Sudan lifts 7-month state of emergency
Updated: 2022-05-31 09:46,US faces numerous hurdles enacting stricter gun laws: The Guardian
Updated: 2022-05-31 14:53,Chinese FM stresses cooperation over competition in Sino-US relations
Updated: 2022-05-31 14:59,"War economy destroying private economy in US, says Pulitzer Prize winner"
Updated: 2022-05-31 22:07,FM denounces zero-sum mentalities in Pacific Island visit
Updated: 2022-05-31 22:09,FM vows assistance for Tonga in visit
Updated: 2022-05-31 23:37,Officials meet to discuss China-Germany relations
Updated: 2022-06-01 07:18,Cooperation in Asia viewed as way to counter food crisis
Updated: 2022-06-01 07:59,FM: China and US must jointly build a diversified world with shared security
Updated: 2022-06-01 09:09,It's time for Australia to reset its ties with China
Updated: 2022-06-01 09:12,UK revises monkeypox guidelines as cases rise
Updated: 2022-06-01 09:15,EU leaders back ban on Russian oil
Updated: 2022-06-01 09:22,France leads in Europe for FDI
Updated: 2022-06-01 09:30,Africa acts to strengthen efforts against terrorism
Updated: 2022-06-01 09:31,Asia needs new path toward prosperity
Updated: 2022-06-01 09:35,US policymakers misjudged inflation threat until it was too late: WP
Updated: 2022-06-01 09:38,US debt could reach 125% of GDP with irresponsible actions: budget watch group
Updated: 2022-06-01 09:43,Economists see downshift on horizon for US spending
Updated: 2022-06-01 09:46,Serbia's Vucic sworn in for 2nd presidential term
Updated: 2022-06-01 09:47,"Russia to halt gas supplies to companies of Denmark, Germany"
