﻿Updated: 2022-03-07 17:49,"FM hopes for peaceful development between China, Japan"
Updated: 2022-03-25 09:22,Polar heat waves trigger warning
Updated: 2022-03-31 10:34,World needs answer on US biolabs
Updated: 2022-04-11 09:29,Iran nuclear talks remain at impasse
Updated: 2022-04-15 11:04,Gulf oil states stand up for own interests
Updated: 2022-04-16 07:39,"China, Saudi Arabia pledge to boost ties"
Updated: 2022-04-16 09:10,Legislator: ties with Russia are resilient
Updated: 2022-04-17 13:26,UN chief welcomes creation of new IMF trust
Updated: 2022-04-18 10:06,"IAEA monitors nuclear activities without access, Iran says"
Updated: 2022-04-18 11:56,"S. Korea, US kick off major springtime military drill"
Updated: 2022-04-18 17:28,Bangladesh points out discrepancies in US human rights report
Updated: 2022-04-18 21:43,Italian PM tests positive for COVID-19
Updated: 2022-04-19 07:47,Moscow sees risks in NATO's Arctic activities
Updated: 2022-04-19 08:56,Russian forces start battle for Donbas: Ukrainian president
Updated: 2022-04-19 09:14,Far-right strife sparks Sweden unrest
Updated: 2022-04-19 09:15,Macron's rival Marine Le Pen is accused of embezzlement
Updated: 2022-04-19 09:16,Australian 'panda hugger' wishes for better ties with Beijing
Updated: 2022-04-19 09:31,World Bank expects debt crisis to continue to worsen in 2022
Updated: 2022-04-19 09:40,Young in rescue bid for Lake Victoria
Updated: 2022-04-19 09:42,S. Africa declares state of national disaster to tackle widespread floods
Updated: 2022-04-19 09:53,Shared passions can fire up trade links
Updated: 2022-04-19 10:09,Geopolitics holds back Horn of Africa
Updated: 2022-04-19 21:51,S. Africa intensifies rescue efforts after floods
Updated: 2022-04-20 07:03,China signs security pact with Solomons
Updated: 2022-04-20 07:09,Anger grows in S. Korea over US-run labs
Updated: 2022-04-20 07:14,Scientists sound alarm on findings in studies
Updated: 2022-04-20 09:09,New Omicron subvariant gains foothold as US loosens mask requirement
Updated: 2022-04-20 09:37,Electric chopsticks on the way to enhance taste
Updated: 2022-04-20 09:47,US healthcare workers at highest COVID-19 risk in workplace: study
Updated: 2022-04-20 09:51,CBDCs can foster economic inclusion
Updated: 2022-04-20 10:12,White House needs to listen as US voters are worried about crime: Washington Post columnist
Updated: 2022-04-20 10:20,LA's crime surge fueled by gangs
Updated: 2022-04-20 10:22,US must accept China 'as it is'
Updated: 2022-04-20 10:24,"Tea industry expands in Ya'an, Sichuan"
Updated: 2022-04-20 10:28,Bank of America says prices normalizing may not happen soon in US: Fox News
Updated: 2022-04-20 11:20,Horn of Africa hunger could soar to 20 mln by year end: UN
Updated: 2022-04-20 10:30,"China, Ghana pledge to enhance cooperation"
Updated: 2022-04-21 06:30,Asian American hate crimes increased in US during pandemic
