﻿Updated: 2017-08-31 08:54,American in Beijing lives his Chinese dream
Updated: 2017-08-31 11:17,
Updated: 2021-01-25 10:17,Sharon Fraser : The awareness of Chongqing needs to be built outside of China
Updated: 2021-08-20 09:00,Student explores city's attractions by bicycle
Updated: 2022-03-27 22:16,Chinese vice premier urges reinforcing poverty-elimination achievements
Updated: 2022-03-29 15:20,"In Guangdong, esports gets new emphasis"
Updated: 2022-03-30 07:04,Postgraduate exam more competitive
Updated: 2022-03-30 08:38,New measures to bolster job market
Updated: 2022-03-30 09:55,"New provincial, regional Party secretaries chosen"
Updated: 2022-03-30 14:45,IPR awareness efforts extended to students
Updated: 2022-03-31 15:32,Civic behavior draws praise from netizens
Updated: 2022-03-31 22:19,Tianzhou 2 returns to Earth
Updated: 2022-04-01 09:30,Neighborhoods give elderly helping hand
Updated: 2022-04-01 10:54,Man aids in pandemic fight from two cities
Updated: 2022-04-01 13:29,Sci-tech ethics guideline to effectively prevent risks
Updated: 2022-04-01 13:47,Chinese researchers achieve neuroscience breakthrough
Updated: 2022-04-01 15:00,Dedicated policeman dies on the job
Updated: 2022-04-01 16:12,Decoding China's green miracle
Updated: 2022-04-01 16:31,Macao's gaming revenue drops 55.8% in March
Updated: 2022-04-01 17:38,Crowd lifts bus to save trapped biker in South China
Updated: 2022-04-01 18:12,Postgrad exam controversy at Peking Union
Updated: 2022-04-02 07:22,Officials told to keep alert on work safety
Updated: 2022-04-02 07:43,Civil service open to those with disabilities
Updated: 2022-04-02 09:17,Holiday goers opt to spend vacations closer to home
Updated: 2022-04-02 09:34,"Education of women, girls critical for sustainable development: symposium"
Updated: 2022-04-02 09:35,"Chinese vice-premier underlines stable corn, rice production"
Updated: 2022-04-02 09:36,Top political advisor stresses enhanced supervision over Yangtze River environmental protection
Updated: 2022-04-02 09:37,Beijing to realize coal-free heat supply in 2025
Updated: 2022-04-02 09:37,Shanghai begins phase two of massive lockdown
Updated: 2022-04-02 09:37,HKSAR gov't to start distributing anti-epidemic service bags to households
Updated: 2022-04-02 09:38,Researchers print 3D cardiac tissue capable of sustaining pulses for over 6 months
Updated: 2022-04-02 14:57,China Focus: Teenager with autism swims toward victory
Updated: 2022-04-02 16:32,China to lower costs of COVID-19 nucleic acid tests
Updated: 2022-04-02 16:42,China establishes code for barrier-free buildings
Updated: 2022-04-02 17:22,COVID-19 vaccination bill reaches 120b yuan in China
Updated: 2022-04-02 20:57,US panel arrives in China to assist with plane crash probe
Updated: 2022-04-03 12:01,Graduate engineer joins task force to help HK fight outbreak
Updated: 2022-04-03 13:02,Shanghai launches citywide antigen testing
