﻿Updated: 2017-08-31 08:54,American in Beijing lives his Chinese dream
Updated: 2017-08-31 11:17,
Updated: 2021-01-25 10:17,Sharon Fraser : The awareness of Chongqing needs to be built outside of China
Updated: 2021-08-20 09:00,Student explores city's attractions by bicycle
Updated: 2022-08-13 07:26,Two HK teens sentenced for riot chaos
Updated: 2022-08-16 08:44,"HK, mainland university to open in Guangzhou"
Updated: 2022-08-16 09:20,Tibetans tap safe water aided by Beijing cadres
Updated: 2022-08-16 15:31,More mainland universities on world academic ranking list
Updated: 2022-08-16 19:47,Air Macau restarts flights to mainland
Updated: 2022-08-17 07:19,Cooperation system helps CPC govern
Updated: 2022-08-17 09:16,Work rolls on for road robots in blazing conditions
Updated: 2022-08-17 09:20,Heavenly harvests sought from space seeds
Updated: 2022-08-17 19:42,Duke Kunshan University welcomes class of 2026
Updated: 2022-08-18 06:57,Students overseas go head-over-heels in online acrobatic school
Updated: 2022-08-18 07:00,Chinese democracy 'far more effective' than Western democracy: British commentator
Updated: 2022-08-18 07:06,Measures mitigate drought in Yangtze
Updated: 2022-08-18 07:27,Guideline for cultural development during 2021-25 period unveiled
Updated: 2022-08-18 08:45,Former teacher helps farmers get keen on quinoa
Updated: 2022-08-18 09:13,Efforts made to increase population
Updated: 2022-08-18 09:13,Senior political advisors discuss CPPCC innovation
Updated: 2022-08-18 09:15,Domestic combat drone gets upgrade
Updated: 2022-08-18 09:15,Naval competitions get underway in Qingdao
Updated: 2022-08-18 09:21,HK to 'play a vital role' in regional cooperation
Updated: 2022-08-18 09:23,"China to bolster support for childbirth, parenting"
Updated: 2022-08-18 09:25,Rice-duck system plumps Jilin farmers' feathers
Updated: 2022-08-18 09:50,Every effort being made to expedite HK trial of 47
Updated: 2022-08-18 10:16,Elderly rock musician turned welfare activist
Updated: 2022-08-18 12:46,Xi: CPC is always with the people
Updated: 2022-08-18 13:17,Chinese researchers develop bio-based degradable footwear
Updated: 2022-08-19 07:16,Sichuan makes great strides in development over last decade
Updated: 2022-08-19 07:17,HK activists plead guilty to subversion charges
Updated: 2022-08-19 07:20,Diverted power to ease shortage brought by heat
Updated: 2022-08-19 07:32,Xi sets out tasks to revitalize northeast
