﻿Updated: 2017-08-31 08:54,American in Beijing lives his Chinese dream
Updated: 2017-08-31 11:17,
Updated: 2021-01-25 10:17,Sharon Fraser : The awareness of Chongqing needs to be built outside of China
Updated: 2021-08-20 09:00,Student explores city's attractions by bicycle
Updated: 2022-05-30 16:45,Premier Li grants appointment certificate to John Lee as HKSAR chief executive
Updated: 2022-05-30 22:23,Interview: 6th-term HKSAR chief executive John Lee vows actions for new chapter
Updated: 2022-05-31 09:34,Lifesaving donations of organs gained by retiree
Updated: 2022-05-31 10:52,Political advisors discuss revising arbitration law
Updated: 2022-06-01 07:56,Lee supported by wide range of society in HK
Updated: 2022-06-01 08:58,Complete review of textbooks underway
Updated: 2022-06-01 09:14,
Updated: 2022-06-01 09:33,Defense minister to attend forum
Updated: 2022-06-01 10:03,"Lancang River reservoirs regulate flood, drought"
Updated: 2022-06-01 10:59,Chinese state councilor stresses need for efforts to defuse major safety risks
Updated: 2022-06-01 23:15,Chinese universities maintain top spots in Asia ranking
Updated: 2022-06-02 08:32,Blueprint to improve national health
Updated: 2022-06-02 08:40,New policy measures aim to stabilize shaky foreign trade situation
Updated: 2022-06-02 09:12,Expat center celebrating Shanghai's return to normalcy
Updated: 2022-06-02 09:48,Safety lines are designed
Updated: 2022-06-02 09:49,Volunteer work provides a fresh view of the world
Updated: 2022-06-02 17:35,Xi's moments with children
Updated: 2022-06-03 13:53,HK breaks ground on two TCM projects
Updated: 2022-06-06 07:31,Beijing lifts COVID restrictions
Updated: 2022-06-06 08:12,President calls for action to protect nature
Updated: 2022-06-06 07:35,"Chinese, Greek leaders vow to promote bilateral ties"
Updated: 2022-06-06 09:06,Meet the crew
Updated: 2022-06-06 09:14,Preparations made for students' safe return home
Updated: 2022-06-06 09:17,Cutting-edge scientific testing to be undertaken
Updated: 2022-06-06 09:17,Six months of tasks ahead
Updated: 2022-06-06 09:17,Investigation sought after train derailment
Updated: 2022-06-06 09:17,Dentist's experience in Guizhou a bridge for cross-Straits unity
Updated: 2022-06-06 09:27,Taiwan graduates focused on job search amid COVID-19: survey
Updated: 2022-06-06 09:29,Tributes pour in online for quick-thinking driver
Updated: 2022-06-06 09:31,Street artists help liven up Xinjiang border city
