﻿Updated: 2022-06-04 06:40,Five things to know about the US gun lobby
Updated: 2022-07-05 08:01,China-backed light rail on track in Egypt
Updated: 2022-07-05 18:25,World's largest waterlily discovered
Updated: 2022-07-06 07:30,"Leaders of Palestinian Authority, Hamas meet in Algeria"
Updated: 2022-07-07 01:29,UK tests using drones to deliver vital medicines
Updated: 2022-07-07 09:23,Scorching heat shows need for more green energy experts in Gulf
Updated: 2022-07-07 21:54,S. Africa holds funeral for teenagers who died in tavern
Updated: 2022-07-09 10:02,China and France to enhance partnership
Updated: 2022-07-09 22:15,Chinese premier extends condolences over passing away of former Japanese PM Abe
Updated: 2022-07-11 07:42,"Australia urged to view China as partner, not rival"
Updated: 2022-07-11 09:43,"Kenya, WHO launches hub for handling health emergencies in Africa"
Updated: 2022-07-11 10:00,Centers set to improve Africa health response
Updated: 2022-07-11 10:27,Sri Lanka heading for unity govt
Updated: 2022-07-11 11:12,Sri Lankan president says to resign as previously announced
Updated: 2022-07-11 13:57,World population to reach 8 billion on Nov 15: UN
Updated: 2022-07-11 14:05,US trade representative tests positive
Updated: 2022-07-11 16:34,Arabs lose faith in Western democracy to deliver economic stability: BBC
Updated: 2022-07-11 17:17,Argentina sees fresh inflation protests on Independence Day
Updated: 2022-07-11 22:37,S. Africa rocked by mass shootings
Updated: 2022-07-11 23:13,"Japan urged to learn from history, stick to peaceful development"
Updated: 2022-07-12 07:36,"Don't be chess pieces, SE Asia nations urged"
Updated: 2022-07-12 07:45,"US-UK intelligence presentation promotes fear, hate"
Updated: 2022-07-12 08:21,US firms keen to tap China boom region
Updated: 2022-07-12 08:33,"UK's new PM to be announced on Sept 5, says Tory lawmaker"
Updated: 2022-07-12 09:04,US tribal elders recall painful boarding school memories: AP
Updated: 2022-07-12 09:11,"Johnson resignation was inevitable, observers say"
Updated: 2022-07-12 09:13,COVID subvariants set to spoil Europe's summer
Updated: 2022-07-12 09:21,Heathrow admits travel demand failings
Updated: 2022-07-12 09:24,"Take a panda's tip, Memphis Zoo's loan program is a winner in building ties"
Updated: 2022-07-12 09:26,Case builds for curbs to go amid energy crunch
Updated: 2022-07-12 09:27,Truss joins field as leadership race heats up
Updated: 2022-07-12 09:33,Africa sees chances to develop transport
Updated: 2022-07-12 09:55,Sri Lanka hopes hinge on talks for unity govt
Updated: 2022-07-12 10:07,Europe on edge over halt to pipeline gas flows
Updated: 2022-07-13 00:20,200-year-old cobalt mine 'time capsule' discovered in UK
