﻿Updated: 2022-07-09 22:15,Chinese premier extends condolences over passing away of former Japanese PM Abe
Updated: 2022-07-13 08:49,Evidence confirms germ warfare and more by Japanese Unit 731
Updated: 2022-07-15 01:24,Hidden self-portrait discovered on back of Van Gogh painting
Updated: 2022-07-15 09:57,Social media star inspires millions to forage food in the wild
Updated: 2022-07-20 09:23,UN hails China lessons in poverty fight
Updated: 2022-07-20 09:58,Rocket falls from space posing an ever-increasing risk to life on Earth
Updated: 2022-07-20 10:19,Scientists discover 'needle in a haystack' black hole
Updated: 2022-07-20 15:45,Syria cuts diplomatic ties with Ukraine
Updated: 2022-07-21 09:50,Summit advances quest for Syria peace
Updated: 2022-07-25 10:51,Sakurajima volcano in southwestern Japan erupts again
Updated: 2022-07-25 14:05,Sri Lanka delays rollout of national fuel pass QR code system
Updated: 2022-07-25 17:09,Africa battles 11 diseases along with COVID-19
Updated: 2022-07-26 09:34,Ups and downs of US inflation in 3D
Updated: 2022-07-26 11:10,Last of Kenya poll observers on way
Updated: 2022-07-26 11:25,Middle East thaw backed for stability
Updated: 2022-07-26 13:45,"Chinese, Lao militaries launch 'Peace Train-2022' joint medical drill"
Updated: 2022-07-27 07:25,US 'plunder' of Syrian oil condemned
Updated: 2022-07-27 10:27,Joint efforts help reduce maternal and newborn deaths in African nations
Updated: 2022-07-27 10:31,Inspiration never runs dry for Sinologist
Updated: 2022-07-27 16:32,Changsha cargo flight connects to Africa
Updated: 2022-07-28 01:38,Chinese spokesperson refutes US report against China
Updated: 2022-07-28 07:33,Li stresses cooperation with EU
Updated: 2022-07-28 09:10,"Monkeypox hits Europe, Americas hardest: WHO"
Updated: 2022-07-28 09:23,Capitol rioter sentenced to over 5 years in prison
Updated: 2022-07-28 09:31,BRI helps Croatia realize centuries-old dream as Peljesac Bridge opens to traffic
Updated: 2022-07-28 09:31,"Human rights used as political tool, say experts"
Updated: 2022-07-28 09:36,Time spent near water key for helping mental health
Updated: 2022-07-28 17:29,US democracy faces several systemic threats: scholar
Updated: 2022-07-28 17:29,WHO to work with Liberia on controlling monkeypox
Updated: 2022-07-28 21:06,US GDP shrinks 0.9% in Q2 after Q1 contraction
Updated: 2022-07-29 07:10,ASEAN keeps firm focus on recovery
Updated: 2022-07-29 08:53,"US monkeypox cases rise above 4,600"
Updated: 2022-07-29 09:21,Grain deal may boost Russia-Ukraine trust: Turkish FM
Updated: 2022-07-29 09:25,Austrian Chancellor says EU embargo on Russian gas 'impossible'
Updated: 2022-07-29 09:35,SE Asia on the hunt for green-shift funds
Updated: 2022-07-29 09:36,"357 killed, over 400 injured as monsoon rains continue to batter Pakistan"
Updated: 2022-07-29 09:41,Development stressed for peace efforts
Updated: 2022-07-29 09:46,S. Africa feels strain from rising inflation
Updated: 2022-07-29 09:58,EU hard-pressed by energy crisis
Updated: 2022-07-29 09:59,US San Francisco declares state of emergency in response to spread of monkeypox
