﻿Updated: 2017-08-31 08:54,American in Beijing lives his Chinese dream
Updated: 2017-08-31 11:17,
Updated: 2021-01-25 10:17,Sharon Fraser : The awareness of Chongqing needs to be built outside of China
Updated: 2021-08-20 09:00,Student explores city's attractions by bicycle
Updated: 2022-04-27 11:16,Disability can't stand in way of online success
Updated: 2022-05-02 09:38,China's top legal departments urge abduction suspects to surrender
Updated: 2022-05-04 07:00,Xi: A friend of the youth
Updated: 2022-05-06 07:23,CPC: Nation will win antivirus fight
Updated: 2022-05-06 09:22,Ministry to shore up bottlenecks along transport infrastructure
Updated: 2022-05-06 11:36,China moves forward in balanced education efforts
Updated: 2022-05-07 07:54,Curriculum to include household skills
Updated: 2022-05-07 13:55,China to make county towns priority in new phase of urbanization
Updated: 2022-05-07 14:34,Massive carbon emissions reduce biodiversity 300 mln years ago: Study
Updated: 2022-05-07 15:03,Shanghai supports fresh college grads
Updated: 2022-05-07 19:28,Senior legislators meet to deliberate laws
Updated: 2022-05-07 21:05,Dates set for China's 2022 national college entrance exam
Updated: 2022-05-08 07:35,China applies fine wind forecast system to ensure spacecraft-rocket transfer
Updated: 2022-05-08 07:52,"China to highlight green, low-carbon development philosophy in school education"
Updated: 2022-05-08 07:58,Vice premier stresses safety of self-built residential structures
Updated: 2022-05-09 07:10,Xi to attend Youth League celebration
Updated: 2022-05-09 07:48,Vote hailed as latest success of new electoral system
Updated: 2022-05-09 08:51,Regulator leads the fight against false and misleading advertisements
Updated: 2022-05-09 08:54,Hospital helpers bring peace of mind to patients
Updated: 2022-05-09 09:28,Minors barred from buying gifts for livestreamers
Updated: 2022-05-09 09:35,More tourists go camping during May Day break
Updated: 2022-05-09 09:36,Former judicial worker gets 14 years for graft
Updated: 2022-05-09 09:47,China reports no cases of acute hepatitis in children
Updated: 2022-05-09 09:57,Beijing to keep conducting mass testing
Updated: 2022-05-09 10:01,French volunteer helps out during city outbreak
Updated: 2022-05-09 11:31,Female rangers keep watch on tigers
Updated: 2022-05-09 14:09,China renews blue alert for rainstorms
Updated: 2022-05-09 15:14,"Forming new team, govt transition, anniversary high on CE-elect's agenda"
Updated: 2022-05-09 19:35,China to have 5.5 million nurses by 2025
Updated: 2022-05-10 01:07,Tianzhou 4 to be launched from Hainan
Updated: 2022-05-10 02:07,China launches the Tianzhou 4 cargo spacecraft
Updated: 2022-05-10 07:06,Central govt officials vow full support for John Lee
