﻿Updated: 2017-08-31 08:54,American in Beijing lives his Chinese dream
Updated: 2017-08-31 11:17,
Updated: 2021-01-25 10:17,Sharon Fraser : The awareness of Chongqing needs to be built outside of China
Updated: 2021-08-20 09:00,Student explores city's attractions by bicycle
Updated: 2022-03-01 07:21,New rocket to be partially reusable
Updated: 2022-03-01 09:36,"China's top legislature has 2,951 lawmakers"
Updated: 2022-03-01 16:10,Higher education making steady progress
Updated: 2022-03-01 17:18,Strong Sino-US ties key to global prosperity
Updated: 2022-03-02 08:52,"Nation plans dramatic increase in soybean, oil crop production"
Updated: 2022-03-02 09:16,Chinese doctors aiding Algeria through TCM
Updated: 2022-03-02 09:17,Drone sets country's endurance record
Updated: 2022-03-02 09:18,Initiative gives children renewed joy
Updated: 2022-03-02 09:44,SPP document calls for strengthened IPR
Updated: 2022-03-02 09:52,Dialogue targets more international cooperation in poverty reduction
Updated: 2022-03-02 13:50,"Chinese scientists design cocktail antibody to treat, prevent COVID-19"
Updated: 2022-03-02 15:35,"Most support 'double reduction' policy, report said"
Updated: 2022-03-02 20:04,DKU sees record spike in applications
Updated: 2022-03-03 07:00,"Campaign takes aim at abduction of women, kids"
Updated: 2022-03-03 07:01,Xi's insights chart course for progress
Updated: 2022-03-03 09:07,Touring provides relief from tedious home life
Updated: 2022-03-03 09:10,Academy of sciences launches carbon emissions action plan
Updated: 2022-03-03 09:27,New facility to address HK's isolation needs
Updated: 2022-03-03 09:37,Customs ensures HK supplies
Updated: 2022-03-03 09:43,Athletes villages complete conversion for Paralympics
Updated: 2022-03-03 09:44,City reports record COVID-19 cases
Updated: 2022-03-03 09:45,"Survey finds students, parents, teachers back policy"
Updated: 2022-03-03 09:46,Excavation starts on ancient shipwreck
Updated: 2022-03-03 15:05,Hospital head lauded for going extra mile
Updated: 2022-03-03 17:47,Spokesperson: HK CPPCC members constructive in COVID-fight
Updated: 2022-03-03 19:00,China-Laos Railway transports over 1.7m passengers since launch
Updated: 2022-03-03 19:27,Xi Focus-Closeup: Dreams of the disabled
Updated: 2022-03-03 20:18,"Chinese researchers develop inhalable antibody against COVID-19, variants"
