﻿Updated: 2017-08-31 08:54,American in Beijing lives his Chinese dream
Updated: 2017-08-31 11:17,
Updated: 2021-01-25 10:17,Sharon Fraser : The awareness of Chongqing needs to be built outside of China
Updated: 2021-08-20 09:00,Student explores city's attractions by bicycle
Updated: 2022-05-13 16:11,Young teacher finds satisfaction in rural Shanxi
Updated: 2022-05-15 22:02,China to strengthen Party building among retired officials
Updated: 2022-05-16 09:11,More jobs for disabled a key govt priority
Updated: 2022-05-17 07:21,Senior diplomat: Rejuvenation a certainty
Updated: 2022-05-17 09:52,"Guangdong policies support youth from Hong Kong, Macao"
Updated: 2022-05-17 11:42,Putting forth to CE: Nury Vittachi
Updated: 2022-05-17 13:20,"China's Jiangsu to create 14,000 new jobs for disabled people in 2022"
Updated: 2022-05-17 13:24,Encounters with Xi Jinping: His affinity with foreign students
Updated: 2022-05-17 13:43,China's higher education enrollment rate reaches 57.8 pct
Updated: 2022-05-17 15:42,Eight days on world's highest peak
Updated: 2022-05-17 16:41,"China's higher education development efforts paying off, ministry official says"
Updated: 2022-05-17 17:12,AI bolsters management of makeshift hospital operations
Updated: 2022-05-17 22:07,"NPC chair meets with Tajik counterpart, stresses security cooperation"
Updated: 2022-05-18 07:19,High-speed rail lines to accelerate
Updated: 2022-05-18 07:36,Production lines start rolling again in Shanghai
Updated: 2022-05-18 07:51,Plan looks to expand TCM globally
Updated: 2022-05-18 09:11,More Chinese receive higher education
Updated: 2022-05-18 09:13,Couple faking marriage to buy property faces punishment
Updated: 2022-05-18 09:23,HKSAR govt urges public to get vaccinated for COVID-19 in accordance with vaccine pass requirements
Updated: 2022-05-18 09:32,244m-year-old reptile's tail longest of its kind
Updated: 2022-05-18 09:33,"Quake survivor Strong Pig, now plasticized, greets Sichuan museum visitors"
Updated: 2022-05-18 09:33,HKSAR ExCo endorses reorganisation of govt structure
Updated: 2022-05-18 09:34,Intangible cultural heritage becomes academic subject
Updated: 2022-05-18 09:44,391 COVID-19 patients discharged from hospitals on Chinese mainland
Updated: 2022-05-18 09:56,Balloons float new channel for advertisers
Updated: 2022-05-18 09:57,Use of wheat as silage due to insufficient supplies of corn
