﻿Updated: 2017-08-31 08:54,American in Beijing lives his Chinese dream
Updated: 2017-08-31 11:17,
Updated: 2021-01-25 10:17,Sharon Fraser : The awareness of Chongqing needs to be built outside of China
Updated: 2021-08-20 09:00,Student explores city's attractions by bicycle
Updated: 2022-04-15 19:28,Universities help educate students on national security
Updated: 2022-04-20 09:16,"Draft focuses on youth myopia rates, obesity"
Updated: 2022-04-20 11:39,Tianzhou 3 docks with Tianhe's front docking port
Updated: 2022-04-20 16:20,China adopts revised vocational education law
Updated: 2022-04-20 16:35,Chinese vice-premier to attend opening ceremony of BFA annual conference
Updated: 2022-04-20 17:15,BeiDou boosts tech support for Chinese smartphone industry
Updated: 2022-04-21 06:30,A small potato is big business in Dingxi
Updated: 2022-04-21 09:09,Vocational education to receive better recognition
Updated: 2022-04-21 09:39,Hong Kong continues to steadfastly guard against COVID-19: Carrie Lam
Updated: 2022-04-21 10:11,Xi proposes Global Security Initiative
Updated: 2022-04-21 13:28,China rolls out private pension scheme
Updated: 2022-04-21 13:47,"Rain or shine, teacher goes extra mile to teach students"
Updated: 2022-04-21 15:03,China enhances IPR protection to boost development: officials
Updated: 2022-04-21 15:18,China highlights achievements in youth development in white paper
Updated: 2022-04-21 18:22,First phase of HK's largest isolation facility completed
Updated: 2022-04-22 07:11,Top legislature ratifies labor conventions for workers' rights
Updated: 2022-04-22 07:28,Role of youth in new era highlighted
Updated: 2022-04-22 08:23,Shanghai to launch new campaigns against COVID-19
Updated: 2022-04-22 09:45,'Last birthday' wish fulfilled with community effort
Updated: 2022-04-22 10:01,Zhejiang court sentences US citizen to death for homicide
Updated: 2022-04-22 11:05,TCM innovation center underway in Bay Area
Updated: 2022-04-22 11:22,Charging network for NE vehicles planned in South China
Updated: 2022-04-22 17:18,China to hold over 200 popular-science space activities
Updated: 2022-04-23 20:44,Reading becomes more popular among Chinese in 2021: Survey
