﻿Updated: 2022-07-09 22:15,Chinese premier extends condolences over passing away of former Japanese PM Abe
Updated: 2022-07-13 08:49,Evidence confirms germ warfare and more by Japanese Unit 731
Updated: 2022-07-15 01:24,Hidden self-portrait discovered on back of Van Gogh painting
Updated: 2022-07-15 09:57,Social media star inspires millions to forage food in the wild
Updated: 2022-07-20 09:23,UN hails China lessons in poverty fight
Updated: 2022-07-20 09:58,Rocket falls from space posing an ever-increasing risk to life on Earth
Updated: 2022-07-20 10:19,Scientists discover 'needle in a haystack' black hole
Updated: 2022-07-20 15:45,Syria cuts diplomatic ties with Ukraine
Updated: 2022-07-21 09:50,Summit advances quest for Syria peace
Updated: 2022-07-25 10:51,Sakurajima volcano in southwestern Japan erupts again
Updated: 2022-07-25 14:05,Sri Lanka delays rollout of national fuel pass QR code system
Updated: 2022-07-25 17:09,Africa battles 11 diseases along with COVID-19
Updated: 2022-07-26 09:34,Ups and downs of US inflation in 3D
Updated: 2022-07-26 11:10,Last of Kenya poll observers on way
Updated: 2022-07-26 11:25,Middle East thaw backed for stability
Updated: 2022-07-26 13:45,"Chinese, Lao militaries launch 'Peace Train-2022' joint medical drill"
Updated: 2022-07-27 10:27,Joint efforts help reduce maternal and newborn deaths in African nations
Updated: 2022-07-27 10:31,Inspiration never runs dry for Sinologist
Updated: 2022-07-27 16:32,Changsha cargo flight connects to Africa
Updated: 2022-07-28 07:33,Li stresses cooperation with EU
Updated: 2022-07-28 09:31,"Human rights used as political tool, say experts"
Updated: 2022-07-28 09:36,Time spent near water key for helping mental health
Updated: 2022-07-28 17:29,WHO to work with Liberia on controlling monkeypox
Updated: 2022-07-29 09:21,Grain deal may boost Russia-Ukraine trust: Turkish FM
Updated: 2022-07-29 09:25,Austrian Chancellor says EU embargo on Russian gas 'impossible'
Updated: 2022-07-29 09:59,US San Francisco declares state of emergency in response to spread of monkeypox
Updated: 2022-07-31 16:31,Kyrgyz president meets with Chinese FM
Updated: 2022-08-01 09:27,Biden remains positive for COVID-19 but 'continues to feel well': doctor
Updated: 2022-08-02 10:30,FM meets with Tajik counterpart to strengthen ties
Updated: 2022-08-02 07:37,Biden says US killed al-Qaida leader al-Zawahiri in drone strike
Updated: 2022-08-02 08:56,Nuclear war must never be initiated: Putin
Updated: 2022-08-02 09:03,Overlapping crises accelerating health inequality: WHO
Updated: 2022-08-02 09:14,Pelosi's expected visit to Taiwan spurs protest
Updated: 2022-08-02 09:37,Chinese envoy reiterates opposition to Pelosi's expected Taiwan visit
Updated: 2022-08-02 09:39,Russia bans 39 Britons from entry
Updated: 2022-08-02 09:43,Wall of hope rises up for Kenyans
Updated: 2022-08-02 10:10,Racism shows urgent need for classroom fix
Updated: 2022-08-02 10:15,Six injured after shooting in northeast Washington D.C.
Updated: 2022-08-02 10:19,'VIP trips' cost migrants their lives in Texas smuggling tragedy
Updated: 2022-08-02 10:23,Crypto miners rile green advocates over power use
