﻿Updated: 2017-08-31 08:54,American in Beijing lives his Chinese dream
Updated: 2017-08-31 11:17,
Updated: 2021-01-25 10:17,Sharon Fraser : The awareness of Chongqing needs to be built outside of China
Updated: 2021-08-20 09:00,Student explores city's attractions by bicycle
Updated: 2022-04-01 16:12,Decoding China's green miracle
Updated: 2022-04-02 09:36,Top political advisor stresses enhanced supervision over Yangtze River environmental protection
Updated: 2022-04-02 14:57,China Focus: Teenager with autism swims toward victory
Updated: 2022-04-06 07:14,Autonomy key for Europe amid crisis
Updated: 2022-04-06 08:41,"VAT plan to help businesses, economy"
Updated: 2022-04-06 09:31,Students gain from digital learning
Updated: 2022-04-06 15:52,SPP launches judicial operation to help women in need
Updated: 2022-04-06 16:10,Tang: People-centered approach at central govt-built centers
Updated: 2022-04-06 19:21,Ministry urges provincial-level regions to develop unified high school entrance exams
Updated: 2022-04-07 06:45,"China, Armenia mark 30 years of ties"
Updated: 2022-04-07 08:14,Tribute paid to teacher who brought music to the mountains
Updated: 2022-04-07 09:11,Judges to intensify action against scams aimed at defrauding elderly
Updated: 2022-04-07 10:30,Dedicated shopkeeper goes extra mile
Updated: 2022-04-07 11:21,New marine platform to transform fishing and tourism
Updated: 2022-04-07 16:30,University students reach out to children of medical workers as tutors
Updated: 2022-04-07 17:05,Chinese satellite ground station receives Landsat 9 data
Updated: 2022-04-07 17:14,China amends regulations to further cut red tape
Updated: 2022-04-07 17:26,Experts warn Chinese students about risks of studying in Australia
Updated: 2022-04-07 18:31,First phase of emergency HK hospital completed
Updated: 2022-04-08 08:31,Seniors keeping border secure
Updated: 2022-04-08 08:31,New oilfield project in Bohai starts construction
Updated: 2022-04-08 08:37,"For some Chinese, pets becoming big business"
Updated: 2022-04-08 08:56,Going Green: Industry base points way for low-carbon transition
Updated: 2022-04-08 09:16,Air quality in China continues to improve
Updated: 2022-04-08 09:16,Radar satellite successfully launched
Updated: 2022-04-08 09:18,Provinces step up to assist in quarantine
Updated: 2022-04-08 09:26,Natural resource exploiters targeted
Updated: 2022-04-08 09:39,"1,867 COVID-19 patients discharged from hospitals on Chinese mainland"
Updated: 2022-04-08 09:42,HKSAR chief executive meets mainland TCM experts supporting epidemic fight
Updated: 2022-04-08 09:47,National security advisers pledge support for Macao SAR in safeguarding national security
Updated: 2022-04-08 09:49,"Chinese mainland reports 1,540 new local confirmed COVID-19 cases"
