﻿Updated: 2022-07-15 01:24,Hidden self-portrait discovered on back of Van Gogh painting
Updated: 2022-07-20 09:58,Rocket falls from space posing an ever-increasing risk to life on Earth
Updated: 2022-07-20 10:19,Scientists discover 'needle in a haystack' black hole
Updated: 2022-07-26 09:34,Ups and downs of US inflation in 3D
Updated: 2022-07-27 10:27,Joint efforts help reduce maternal and newborn deaths in African nations
Updated: 2022-07-28 17:29,WHO to work with Liberia on controlling monkeypox
Updated: 2022-08-03 09:29,Natural partner seen for Gulf
Updated: 2022-08-04 09:22,Africans keep focus on key partnership
Updated: 2022-08-04 09:35,Kenyan avocado exports taste of things to come with expanded market
Updated: 2022-08-04 09:57,Ukraine needs to export 50 mln tons of grain in 2022-2023 marketing year: industry body
Updated: 2022-08-04 11:14,US organ transplant group faulted
Updated: 2022-08-04 11:51,Study: Israeli scientists make model synthetic mouse embryo with stem cells
Updated: 2022-08-05 09:00,"Energy profits should be taxed, says UN chief"
Updated: 2022-08-05 02:35,"Officials, experts across Asia reiterate support for one-China principle"
Updated: 2022-08-05 03:55,News platforms trending to short-form media formats
Updated: 2022-08-05 07:12,Arctic has triple warming speed than anywhere else
Updated: 2022-08-05 09:47,Ningxia medical aid team heads for Benin
Updated: 2022-08-05 10:13,Pride travels far with Kenya's boom railway
Updated: 2022-08-05 10:15,Embassy urges UK caution on Taiwan question
Updated: 2022-08-06 13:16,"China, Brunei vow to further enhance bilateral ties, cooperation"
Updated: 2022-08-06 16:40,Asia-Pacific countries must increase ASEAN cooperation to promote peace
Updated: 2022-08-07 15:57,Philadelphia concerned about grave gun violence: media
Updated: 2022-08-07 20:57,"Experts: China's countermeasures justified, reasonable"
Updated: 2022-08-07 21:25,Biden out of isolation after testing negative for COVID
Updated: 2022-08-08 07:29,US' one-China policy eroded by Pelosi visit
Updated: 2022-08-08 07:44,US mistaken on Taiwan question in 3 aspects: Chinese FM
Updated: 2022-08-08 07:49,Gazan faction says reaches Egypt-brokered cease-fire with Israel
Updated: 2022-08-08 08:59,Israel confirms cease-fire with Gaza after 3 days of deadly strikes
Updated: 2022-08-08 09:03,Iran does not seek nuke weapons: FM
Updated: 2022-08-08 09:08,Europe cautious over new vaccines
Updated: 2022-08-08 09:10,"China-Japan ties should tap wisdom, courage of five decades"
Updated: 2022-08-08 09:28,ASEAN looks to deal with climate change
Updated: 2022-08-08 09:32,Trade talks expected to boost ties with Latin America
Updated: 2022-08-08 09:45,2nd caravan of grain ships from Ukraine arrive in Istanbul
Updated: 2022-08-09 08:57,China calls on UN to support capacity-building in Africa
