﻿Updated: 2017-08-31 08:54,American in Beijing lives his Chinese dream
Updated: 2017-08-31 11:17,
Updated: 2021-01-25 10:17,Sharon Fraser : The awareness of Chongqing needs to be built outside of China
Updated: 2021-08-20 09:00,Student explores city's attractions by bicycle
Updated: 2022-04-26 09:21,Draft law to protect fertile black soil
Updated: 2022-04-26 10:16,New rules to foster culturally relevant place names
Updated: 2022-04-27 09:47,"Dedicated till the end, sniffer dog dies on duty"
Updated: 2022-04-27 11:16,Disability can't stand in way of online success
Updated: 2022-04-28 04:04,Paintings by HK teens among items returned from space
Updated: 2022-04-28 07:54,United efforts among community residents prove vital in times of adversity
Updated: 2022-04-28 08:51,Test plays vital role in selection for coveted places at academies
Updated: 2022-04-28 09:32,BRICS to use big data to achieve sustainable development goals
Updated: 2022-04-28 13:50,HKSAR gov't follows up on positive COVID-19 results detected in sewage surveillance
Updated: 2022-04-28 13:52,Tibet improves infrastructure to boost tourism
Updated: 2022-04-28 14:06,"China launches learning app for middle, primary school students"
Updated: 2022-04-28 16:09,Peking University hosts forum that encourages communication around the globe
Updated: 2022-04-28 16:11,Some schools in Beijing switch to online teaching
Updated: 2022-04-28 21:20,Beijing schools to start holiday one day earlier over COVID-19
Updated: 2022-04-29 07:44,Beijing approves nation's first driverless robotaxi permits
Updated: 2022-04-29 07:50,Daily hospital tasks must go on amid virus
Updated: 2022-04-29 09:16,China slams US meddling around globe
Updated: 2022-04-29 09:24,Windbreak water to be pumped by solar power
Updated: 2022-04-29 09:27,Transport regulators easing logistics operations
Updated: 2022-04-29 09:27,China offers a solution to widespread security deficit
Updated: 2022-04-29 09:31,Grain output to increase this year
Updated: 2022-04-29 09:39,Calm response helps break infection chain
Updated: 2022-04-29 09:41,Beijing enters critical period to thwart virus
Updated: 2022-04-30 10:30,Volunteer undertakes mission to preserve vanishing heirloom seed varieties
Updated: 2022-04-30 20:24,Central government established the governance structure
Updated: 2022-05-01 22:31,HKSAR govt continues tracing COVID-19 through sewage surveillance
Updated: 2022-05-02 11:05,"Chinese scientists innovate remediating cadmium-contaminated water, soil"
Updated: 2022-05-02 20:33,Eighth person rescued in Changsha building collapse
Updated: 2022-05-02 22:17,Shanghai town finds new way to give nucleic acid tests
Updated: 2022-05-02 22:22,China's Zhurong travels over 1.9 km on Mars
Updated: 2022-05-03 07:01,Chinese-made Omicron vaccine trials get going
