﻿Updated: 2017-08-31 08:54,American in Beijing lives his Chinese dream
Updated: 2017-08-31 11:17,
Updated: 2021-01-25 10:17,Sharon Fraser : The awareness of Chongqing needs to be built outside of China
Updated: 2021-08-20 09:00,Student explores city's attractions by bicycle
Updated: 2022-07-14 09:07,Hong Kong sees boom in learning Mandarin
Updated: 2022-07-15 10:42,Smart platform provides quality teaching resources
Updated: 2022-07-17 21:27,HKSAR govt continues tracing COVID-19 through sewage surveillance
Updated: 2022-07-18 09:47,Netizens moved by tribute to journalist
Updated: 2022-07-18 09:52,China accelerates building of computing infrastructure
Updated: 2022-07-18 21:59,Top political advisor calls for greeting 20th CPC national congress with steady progress
Updated: 2022-07-19 09:24,Judicial system tightened to better protect minors
Updated: 2022-07-19 09:29,Veteran improves community services
Updated: 2022-07-19 09:39,Researchers propose new AI model to better understand human expectations
Updated: 2022-07-19 09:42,New teaching resources expected to foster passion for Chinese history in HKSAR secondary schools
Updated: 2022-07-19 09:49,"Symposium studies Xi's address at HKSAR anniversary meeting, inaugural ceremony of sixth-term govt"
Updated: 2022-07-19 14:34,China University of Petroleum holds founding ceremony for new Society
Updated: 2022-07-19 14:52,Self-repairing fish robot brings hope to plastic crisis
Updated: 2022-07-19 15:10,Tsinghua tops global ranking in three subjects
Updated: 2022-07-19 22:18,Chinese rail design standards win intl approval
Updated: 2022-07-19 22:53,Dutch collector ordered to return Buddha statue
Updated: 2022-07-20 06:49,President's visit bridges two cultures
Updated: 2022-07-20 07:00,China's changes in the eyes of a Cameroon student
Updated: 2022-07-20 07:57,Xi's visit inspires museum workers
Updated: 2022-07-20 08:25,Green guideline to be boon for Bijie
Updated: 2022-07-20 08:39,Omicron able to infect wide range of animals
Updated: 2022-07-20 08:53,Science whiz kids take home prizes
Updated: 2022-07-20 09:14,Flood control authorities on alert in key period
Updated: 2022-07-20 09:28,New dates set for postponed Asian Games
Updated: 2022-07-20 09:45,Barriers to talent development to be broken down: top political adviser
Updated: 2022-07-20 13:24,Air-conditioned buses offer outdoor workers relief from searing heat
Updated: 2022-07-20 14:45,Chinese scientists make important oat discovery
Updated: 2022-07-20 20:06,"Gas explosion kills four, injures 13"
Updated: 2022-07-21 00:12,China-EU talks to boost trade
Updated: 2022-07-21 06:55,2 Pizza Hut stores probed over hygiene
Updated: 2022-07-21 06:59,Corps members hail Xi's care for Xinjiang's development
