﻿Updated: 2022-03-07 17:49,"FM hopes for peaceful development between China, Japan"
Updated: 2022-03-31 10:34,World needs answer on US biolabs
Updated: 2022-04-18 10:06,"IAEA monitors nuclear activities without access, Iran says"
Updated: 2022-04-21 06:30,Asian American hate crimes increased in US during pandemic
Updated: 2022-04-25 07:21,Palestinians' plight exposes West hypocrisy
Updated: 2022-04-26 15:33,Palestine question should not be sidelined: Chinese envoy
Updated: 2022-04-28 08:46,1 in 5 world reptiles face extinction
Updated: 2022-04-28 09:25,Seminar discusses democracy practice
Updated: 2022-04-29 03:39,Cows in face masks to save the planet
Updated: 2022-04-29 10:32,DR Congo's Ebola jabs campaign follows outbreak
Updated: 2022-04-29 17:03,Vaccine-preventable diseases surge in Africa as COVID-19 disrupts vaccination
Updated: 2022-05-05 07:28,"China-Laos Railway demonstrates strong passenger, freight growth"
Updated: 2022-05-05 08:28,Sun setting on coal titans' export boom
Updated: 2022-05-05 09:54,AI apps in smart glasses to help visually impaired
Updated: 2022-05-05 09:55,"Yen's fall pressures Japan's companies, consumers"
Updated: 2022-05-05 10:38,Hope stirs for lifting of US tariffs on China
Updated: 2022-05-05 10:45,Derek Chauvin to be sentenced for violating George Floyd's civil rights
Updated: 2022-05-05 10:56,Vaccines still protect against new COVID-19 variants: WHO
Updated: 2022-05-05 17:09,China-UK cooperation on hydrogen energy 'has huge potential for growth'
Updated: 2022-05-05 17:28,New Ebola case confirmed in NW DR Congo: WHO
Updated: 2022-05-06 01:34,Cornwall residents urged to make 'hedgehog highways'
Updated: 2022-05-06 08:50,UK's fiery rhetoric has no basis in reality
Updated: 2022-05-06 09:11,"African cities key to continent's growth, report says"
Updated: 2022-05-06 09:15,EU divisions may doom Russia oil ban
Updated: 2022-05-06 09:16,US hand seen behind increased instability
Updated: 2022-05-06 09:18,Investigation: Problems at California women's prison run deep
Updated: 2022-05-06 09:41,Envoy: China opposes NATO's provoking bloc confrontations
Updated: 2022-05-06 09:42,Britons to deliver verdict on PM at polls
Updated: 2022-05-06 09:46,Bank of England hikes interest rate to 13-year high
Updated: 2022-05-06 08:05,"Putin, Bennett discuss Ukraine over phone"
Updated: 2022-05-06 10:29,Survey shows more Americans are borrowing money from family and friends: media
Updated: 2022-05-06 10:30,US Black doctors face discrimination based on race: report
Updated: 2022-05-07 07:06,Astronauts of NASA's SpaceX mission return to Earth
Updated: 2022-05-07 07:16,Russia vows to complete 'special military operation'
Updated: 2022-05-07 07:21,Beijing's UN envoy faults NATO eastward expansion
Updated: 2022-05-07 07:24,Johnson's Tories lose control of London strongholds
Updated: 2022-05-07 07:27,US slowdown may impact China's exports
Updated: 2022-05-07 07:36,VP to attend ROK leader's inauguration
Updated: 2022-05-07 09:31,Feeling of economic doom going around in US: CNN
Updated: 2022-05-07 09:31,Rise in Africa infections prompts curbs
Updated: 2022-05-07 09:32,It is absurd to blame China for Russia-Ukraine conflict: Chinese vice FM
