﻿Updated: 2017-08-31 08:54,American in Beijing lives his Chinese dream
Updated: 2017-08-31 11:17,
Updated: 2021-01-25 10:17,Sharon Fraser : The awareness of Chongqing needs to be built outside of China
Updated: 2021-08-20 09:00,Student explores city's attractions by bicycle
Updated: 2022-06-14 09:06,Chinese vice-premier urges solid efforts to contain COVID-19 in Beijing
Updated: 2022-06-15 08:33,Guideline takes aim at telecom fraud
Updated: 2022-06-15 09:20,Postgraduate education expanded in past decade
Updated: 2022-06-15 16:15,Xinjiang's former Party chief takes new post
Updated: 2022-06-16 10:25,China to further reinforce legal guarantee for rural vitalization
Updated: 2022-06-16 11:19,Serving neighbors in pandemic gives teenager real-life lesson
Updated: 2022-06-17 09:57,New carbon form has good potential
Updated: 2022-06-17 11:28,Shanghai scientists make important discovery in heat resistance genes in rice
Updated: 2022-06-17 16:35,Campus recruitment drives resume with caveats
Updated: 2022-06-18 08:30,Campuses welcome back job seekers
Updated: 2022-06-18 20:08,Chinese scientists identify genes for more heat-tolerant rice
Updated: 2022-06-19 17:43,Xi calls for coordinated efforts against corruption
Updated: 2022-06-19 22:18,Major floods hit China's Pearl River basin
Updated: 2022-06-20 07:03,BRICS seen to help tackle global woes
Updated: 2022-06-20 07:08,China tightens regulation of business activities of officials' relatives
Updated: 2022-06-20 07:12,"Incoming HK chief says team united, loyal"
Updated: 2022-06-20 07:14,Chinese vaccines bringing life in Latin America back to normal
Updated: 2022-06-20 07:41,Scientists solve issues in growing seedless lychee
Updated: 2022-06-20 07:48,Alleged misuse of health code stirs public concern online
Updated: 2022-06-20 09:02,Company accused of manipulating Henan banks
Updated: 2022-06-20 09:25,'Lion Rock Spirit' drama to hail SAR's anniversary
Updated: 2022-06-20 09:27,Macao closes public venues after detecting 31 local COVID-19 cases
Updated: 2022-06-20 13:39,Fudan University holds commencement for Class of 2022
Updated: 2022-06-20 19:10,HKSAR Chief Executive expresses confidence in city's future
Updated: 2022-06-20 22:19,China's Pearl River region braces for major floods
Updated: 2022-06-21 00:09,Hong Kong's future is very promising: Chief Executive Carrie Lam
Updated: 2022-06-21 08:05,"Frequency of mass tests pulled back, quarantine time reduced"
Updated: 2022-06-21 08:07,Century-old Fengtai station opens anew
Updated: 2022-06-21 08:12,Regulation offers new anti-graft tool
