﻿Updated: 2022-07-09 22:15,Chinese premier extends condolences over passing away of former Japanese PM Abe
Updated: 2022-07-13 08:49,Evidence confirms germ warfare and more by Japanese Unit 731
Updated: 2022-07-15 01:24,Hidden self-portrait discovered on back of Van Gogh painting
Updated: 2022-07-15 09:57,Social media star inspires millions to forage food in the wild
Updated: 2022-07-20 09:23,UN hails China lessons in poverty fight
Updated: 2022-07-20 09:58,Rocket falls from space posing an ever-increasing risk to life on Earth
Updated: 2022-07-20 10:19,Scientists discover 'needle in a haystack' black hole
Updated: 2022-07-20 15:45,Syria cuts diplomatic ties with Ukraine
Updated: 2022-07-21 09:50,Summit advances quest for Syria peace
Updated: 2022-07-25 10:51,Sakurajima volcano in southwestern Japan erupts again
Updated: 2022-07-25 14:05,Sri Lanka delays rollout of national fuel pass QR code system
Updated: 2022-07-25 17:09,Africa battles 11 diseases along with COVID-19
Updated: 2022-07-26 09:34,Ups and downs of US inflation in 3D
Updated: 2022-07-26 11:10,Last of Kenya poll observers on way
Updated: 2022-07-26 11:25,Middle East thaw backed for stability
Updated: 2022-07-26 13:45,"Chinese, Lao militaries launch 'Peace Train-2022' joint medical drill"
Updated: 2022-07-27 10:27,Joint efforts help reduce maternal and newborn deaths in African nations
Updated: 2022-07-27 10:31,Inspiration never runs dry for Sinologist
Updated: 2022-07-27 16:32,Changsha cargo flight connects to Africa
Updated: 2022-07-28 07:33,Li stresses cooperation with EU
Updated: 2022-07-28 09:31,"Human rights used as political tool, say experts"
Updated: 2022-07-28 09:36,Time spent near water key for helping mental health
Updated: 2022-07-28 17:29,WHO to work with Liberia on controlling monkeypox
Updated: 2022-07-29 09:21,Grain deal may boost Russia-Ukraine trust: Turkish FM
Updated: 2022-07-29 09:25,Austrian Chancellor says EU embargo on Russian gas 'impossible'
Updated: 2022-08-01 09:27,Biden remains positive for COVID-19 but 'continues to feel well': doctor
Updated: 2022-08-02 10:30,FM meets with Tajik counterpart to strengthen ties
Updated: 2022-08-02 09:43,Wall of hope rises up for Kenyans
Updated: 2022-08-02 10:10,Racism shows urgent need for classroom fix
Updated: 2022-08-03 03:26,Pelosi's Taiwan visit strongly condemned
Updated: 2022-08-03 07:31,Hopes riding on grain shipment from Odessa
Updated: 2022-08-03 08:51,UK ambassador strongly condemns Pelosi's Taiwan visit
Updated: 2022-08-03 09:07,Chinese FM makes remarks on US violation of China's sovereignty
Updated: 2022-08-03 09:11,US credit card debts see highest jump in over 20 years
Updated: 2022-08-03 09:16,Scorching heat waves show need for strong global action
Updated: 2022-08-03 09:17,Actions mount against academic's racist views
Updated: 2022-08-03 09:29,Natural partner seen for Gulf
Updated: 2022-08-03 09:40,EU unemployment rate falls
Updated: 2022-08-03 09:46,Campaign urges consumer 'energy bills strike'
Updated: 2022-08-03 09:47,Draghi exit casts long shadow over Italy's election campaign
