﻿Updated: 2022-05-09 10:04,"Syrian president meets Iran's supreme leader, president: state media"
Updated: 2022-05-17 09:34,Palestinian PM calls on int'l community to boycott Israel
Updated: 2022-05-19 07:08,Japan told to uphold agreements
Updated: 2022-05-19 09:52,"Tech is changing the shape of our libraries, facilitating information sharing"
Updated: 2022-05-20 09:09,Prehistoric dolphin species discovered in Switzerland
Updated: 2022-05-24 09:12,Sports transform young drug abusers in Kenya
Updated: 2022-05-24 09:21,Looming food crisis may be 'opportunity for Africa'
Updated: 2022-05-25 06:40,Birx's book details US' response to pandemic under Trump
Updated: 2022-05-25 09:27,ROK says DPRK fires 3 ballistic missiles eastward
Updated: 2022-05-25 09:38,"Nearly half of pregnancies unplanned, UN agency says"
Updated: 2022-05-25 09:46,Millions to 'crash into extreme poverty'
Updated: 2022-05-25 18:17,Philippine Congress proclaims Ferdinand Romualdez Marcos winner of presidential election
Updated: 2022-05-25 21:13,"FM talks with Indonesian counterpart on G20, other issues"
Updated: 2022-05-26 07:50,US sees over 200 mass shootings in first 5 months of 2022
Updated: 2022-05-26 16:50,Liberian officials attend lecture on China's reform and opening-up
Updated: 2022-05-27 06:40,School shootings in the US: A somber look
Updated: 2022-05-27 07:17,Nation firmly condemns NATO's series of smears
Updated: 2022-05-27 08:03,Putin fast-tracks Russian citizenship in Ukraine
Updated: 2022-05-27 10:01,Africa concerned over market for its COVID-19 vaccine manufacturers
Updated: 2022-05-27 17:28,"Contributions recognized, but restrictions remain"
Updated: 2022-05-28 08:26,Protesters rally against NRA convention after school shooting
Updated: 2022-05-28 08:59,Iraqi lawmakers make it illegal to attempt normalizing ties with Israel
Updated: 2022-05-28 10:15,Bringing Chinese puppet art into American classrooms
Updated: 2022-05-28 22:15,At least 31 killed in stampede in southern Nigeria: police
Updated: 2022-05-29 15:35,US California governor tests positive for COVID-19
Updated: 2022-05-29 18:05,China donates 10 mln COVID-19 vaccine doses to Myanmar
Updated: 2022-05-29 20:58,Wang reaffirms China's commitment to Pacific Island countries
Updated: 2022-05-29 21:14,"29 killed, 38 missing in building collapse in SW Iran"
Updated: 2022-05-29 21:50,Russia promises stable gas supply to Serbia
Updated: 2022-05-30 09:10,Delayed action by police in Texas shooting called 'wrong decision'
Updated: 2022-05-30 07:47,Putin warns over West's arms supplies
Updated: 2022-05-30 08:12,US' flawed views dismantled
Updated: 2022-05-30 08:18,Ukrainian president Zelensky visits frontline in Kharkiv
Updated: 2022-05-30 08:24,"1 killed, 7 injured in outdoor festival shooting in US Oklahoma"
Updated: 2022-05-30 09:09,Turkey not to allow 'terror-supporting' countries to join NATO: president
Updated: 2022-05-30 09:17,Vigilance urged amid spread of monkeypox
Updated: 2022-05-30 09:22,'Partygate' scandal kept alive
Updated: 2022-05-30 09:23,Clashes break out between Israelis and Palestinians over Israeli nationalists' march
Updated: 2022-05-30 09:35,African countries on high alert for disease outbreak
Updated: 2022-05-30 09:37,"Norway urged to share oil, gas, 'gigantic' profits"
