﻿Updated: 2022-03-07 17:49,"FM hopes for peaceful development between China, Japan"
Updated: 2022-03-11 09:11,EPA approves use of gene-modified mosquitoes to reduce disease spread
Updated: 2022-03-21 09:46,New light shines into Egyptian necropolis
Updated: 2022-03-22 21:12,China to work closely with Kenya for stability in the Horn of Africa
Updated: 2022-03-23 10:31,Iran's supreme leader looks beyond sanctions impact
Updated: 2022-03-24 09:52,Free movement key to trade within Africa
Updated: 2022-03-24 10:38,Experts hail China's democracy as 'robust'
Updated: 2022-03-25 09:22,Polar heat waves trigger warning
Updated: 2022-03-25 10:18,DPRK leader Kim Jong-un issues order for test-launch of new type ICBM: KCNA
Updated: 2022-03-28 09:25,Arab FMs arrive in Israel for conference with Blinken
Updated: 2022-03-30 09:11,Race fuels double standards on refugees
Updated: 2022-03-30 09:25,Brussels kicks off WTO case against UK
Updated: 2022-03-30 09:39,"Workers strike across India for labor rights, better pay"
Updated: 2022-03-30 10:01,US Senate bill's aim: Outcompete China in tech
Updated: 2022-03-30 10:40,"5 killed in shooting spree outside Israel's Tel Aviv, police alert raised to 'highest'"
Updated: 2022-03-30 20:41,East African Community expands as DRC joins bloc
Updated: 2022-03-31 01:08,20 people to be fined for Downing Street lockdown parties
Updated: 2022-03-31 09:13,Germany issues gas-supply warning
Updated: 2022-03-31 09:25,Storms leave hundreds of thousands reeling in Africa
Updated: 2022-03-31 09:58,China's new-energy vehicle market hot
Updated: 2022-03-31 10:09,US top diplomat wraps up Mideast tour in Algeria
Updated: 2022-03-31 10:34,World needs answer on US biolabs
Updated: 2022-04-01 06:40,How the US weapons industry cashes in on war
Updated: 2022-04-01 10:35,US faces funding shortages amid efforts to contain COVID-19 spread
Updated: 2022-04-01 17:46,China hosts foreign ministers' meeting among Afghan neighbors
Updated: 2022-04-02 09:35,Facebook's parent funded smear job against TikTok
Updated: 2022-04-04 20:34,FM stresses mutual respect with Panamanian counterpart
Updated: 2022-04-06 07:14,Autonomy key for Europe amid crisis
Updated: 2022-04-06 07:29,Bonds in subregion show strength
Updated: 2022-04-06 07:44,World junks 'American solution'
Updated: 2022-04-06 09:19,Elon Musk joins Twitter's board after becoming largest shareholder
Updated: 2022-04-06 09:20,US stocks plunge in fears of aggressive Fed policy
Updated: 2022-04-06 09:21,Envoy's visit sets stage for Horn of Africa peace conference
Updated: 2022-04-06 09:22,China files more patents in Europe than ever before
Updated: 2022-04-06 09:23,Staff shortage at British airports hits many flights
Updated: 2022-04-06 09:29,"France reports over 200,000 COVID-19 cases as presidential elections approach"
Updated: 2022-04-06 09:30,UK defends end of free tests
Updated: 2022-04-06 09:30,Iconic China-gifted bridge opens in Manila
Updated: 2022-04-06 09:50,Diversification seen helping Sri Lanka
Updated: 2022-04-06 10:02,Russia takes measures over hostile actions
Updated: 2022-04-06 10:04,"School closures hit hard in Africa, report says"
