﻿Updated: 2017-08-31 08:54,American in Beijing lives his Chinese dream
Updated: 2017-08-31 11:17,
Updated: 2021-01-25 10:17,Sharon Fraser : The awareness of Chongqing needs to be built outside of China
Updated: 2021-08-20 09:00,Student explores city's attractions by bicycle
Updated: 2022-05-04 07:00,Xi: A friend of the youth
Updated: 2022-05-07 07:54,Curriculum to include household skills
Updated: 2022-05-07 13:55,China to make county towns priority in new phase of urbanization
Updated: 2022-05-07 15:03,Shanghai supports fresh college grads
Updated: 2022-05-07 19:28,Senior legislators meet to deliberate laws
Updated: 2022-05-07 21:05,Dates set for China's 2022 national college entrance exam
Updated: 2022-05-08 07:52,"China to highlight green, low-carbon development philosophy in school education"
Updated: 2022-05-08 07:58,Vice premier stresses safety of self-built residential structures
Updated: 2022-05-10 09:41,"12,000 seed varieties return to Earth after space trip"
Updated: 2022-05-10 09:49,New system ensures HK prosperity
Updated: 2022-05-10 09:51,Chinese vice premier reiterates dynamic zero-COVID policy
Updated: 2022-05-10 14:21,Liaison office says foreign accusations about HK election groundless
Updated: 2022-05-10 17:04,Liaison office of central govt slams G7 foreign ministers' statement on HKSAR chief executive election
Updated: 2022-05-11 07:15,China and France plan to advance cooperation
Updated: 2022-05-11 07:23,"COVID testing gets easier, quicker across country"
Updated: 2022-05-11 07:28,Tianzhou 4 launched into orbit
Updated: 2022-05-11 07:41,"EU, G7 slammed for defaming HK election"
Updated: 2022-05-11 08:36,Guideline targets consumption growth
Updated: 2022-05-11 08:45,Businesses encouraged by efforts to persuade people to shop more
Updated: 2022-05-11 09:24,Shanghai's Pudong clears $2.7b worth of goods despite COVID-19 impact
Updated: 2022-05-11 09:26,Dedicated deliverymen offered places to rest heads
Updated: 2022-05-11 09:59,China slams US' Taiwan interference
Updated: 2022-05-11 10:04,Renmin University pulls itself out of overseas ranking systems
Updated: 2022-05-11 10:08,Muslims observe Ramadan freely in Xinjiang
Updated: 2022-05-11 10:12,Seed ID technology helps better protect owners' IPR
Updated: 2022-05-12 06:40,'Long COVID' symptoms observed in half of infected populations
Updated: 2022-05-12 07:39,Balcony gardening becomes growing trend as lifestyle
Updated: 2022-05-12 08:50,Caring for the most vulnerable patients
Updated: 2022-05-12 09:33,Persistence paying off for aspiring lawyer in Beijing
Updated: 2022-05-12 10:25,Barrier-free facilities to assist those with disabilities
Updated: 2022-05-12 10:27,Ministry urges probe on irregular harvesting of unripe green wheat
Updated: 2022-05-12 10:27,Torrential downpours engulf S. China
