﻿Updated: 2017-08-31 08:54,American in Beijing lives his Chinese dream
Updated: 2017-08-31 11:17,
Updated: 2021-01-25 10:17,Sharon Fraser : The awareness of Chongqing needs to be built outside of China
Updated: 2021-08-20 09:00,Student explores city's attractions by bicycle
Updated: 2022-02-27 11:52,China's Long March rocket carries record-breaking 22 satellites
Updated: 2022-02-28 09:01,Record set as rocket blasts off
Updated: 2022-02-28 09:11,"With bedtime stories, teacher entertains, comforts and educates"
Updated: 2022-02-28 09:14,Tibetan's new chart helps make math easier
Updated: 2022-02-28 15:58,Last year's science Top 10 unveiled
Updated: 2022-02-28 17:56,Shortened HKDSE remains on track to start on April 22
Updated: 2022-03-01 07:15,Xi: Foster world-class enterprises
Updated: 2022-03-01 07:20,Lam expresses confidence as HK welcomes third medical team
Updated: 2022-03-01 07:21,New rocket to be partially reusable
Updated: 2022-03-01 08:39,Number of tutoring institutions plummets
Updated: 2022-03-01 08:50,Women express confidence in future lifestyles
Updated: 2022-03-01 08:56,"Hainan banana farmer's ambition leads to thriving plantation, better incomes"
Updated: 2022-03-01 08:59,Stability key for economic policymakers
Updated: 2022-03-01 09:12,Common prosperity to rely on creating 'bigger cake'
Updated: 2022-03-01 09:13,Transport infrastructure to expand
Updated: 2022-03-01 09:36,"China's top legislature has 2,951 lawmakers"
Updated: 2022-03-01 09:40,China to expand usage of preferential cards for veterans
Updated: 2022-03-01 09:48,IPR strengthened to help maintain market order
Updated: 2022-03-01 16:10,Higher education making steady progress
Updated: 2022-03-01 16:11,Overweight panda goes on diet
Updated: 2022-03-01 20:14,Liaoning cities pledge coordination for future development
Updated: 2022-03-02 07:04,New hospital to help HK battle COVID
Updated: 2022-03-02 07:12,Report says last year hottest since 1951
Updated: 2022-03-02 08:01,Disabled people enjoy better job prospects
