﻿Updated: 2017-08-31 08:54,American in Beijing lives his Chinese dream
Updated: 2017-08-31 11:17,
Updated: 2021-01-25 10:17,Sharon Fraser : The awareness of Chongqing needs to be built outside of China
Updated: 2021-08-20 09:00,Student explores city's attractions by bicycle
Updated: 2022-02-07 08:30,Premier meets with series of world leaders
Updated: 2022-02-16 11:24,Premier stresses gathering wisdom to improve govt work
Updated: 2022-02-16 11:27,Top legislature prepares lawmakers for upcoming annual session
Updated: 2022-02-17 08:17,Institutions face tighter scrutiny from authorities
Updated: 2022-02-17 09:11,Salary climbing for returning graduates
Updated: 2022-02-17 17:00,"Chinese schools to appoint vice principals to tackle delinquency, bullying"
Updated: 2022-02-18 07:02,Central govt boosts support for HK virus fight
Updated: 2022-02-18 08:10,Law enforcement officials to serve as school vice-principals
Updated: 2022-02-18 09:22,Disease control body to establish oversight
Updated: 2022-02-18 09:28,Robot shark making a big splash in Shanghai
Updated: 2022-02-18 09:31,Athletes treasure children's drawings
Updated: 2022-02-18 09:53,"China approves mega project for greater computing power, digital future"
Updated: 2022-02-18 10:26,New jobs for farmers with winter sports zeal
Updated: 2022-02-18 16:26,China's top legislature schedules standing committee session
Updated: 2022-02-19 08:04,Legislation will be 'people centered'
Updated: 2022-02-19 12:58,Various sectors in Hong Kong gear up to take anti-epidemic measures
Updated: 2022-02-20 17:45,Plane grounded after crack found in window
Updated: 2022-02-21 07:26,China widens choices for COVID-19 booster shots
Updated: 2022-02-21 07:33,Ceaseless support pumped to HK's anti-pandemic fight
Updated: 2022-02-21 07:34,Persistence of Olympic veterans inspires netizens
Updated: 2022-02-21 12:26,Project Hope philanthropist in E China dies at 88
Updated: 2022-02-21 15:18,Satellite tech plays unseen role at Winter Games
Updated: 2022-02-21 15:30,Man dreams of trip to Taiwan by train
Updated: 2022-02-21 17:18,China's second Hualong One reactor reaches full power
Updated: 2022-02-21 22:06,'Vaccine Pass' to begin Thursday in HK
Updated: 2022-02-22 07:21,Foundation vows to carry on Snow spirit
Updated: 2022-02-22 07:36,Scanning codes makes consultation easier
Updated: 2022-02-22 08:21,Feathered friends bring good fortune to rural residents
Updated: 2022-02-22 08:29,Wetlands provide lifeline for migratory waterfowl
Updated: 2022-02-22 08:59,Xi lends impetus to HK's drive to end COVID crisis
