﻿Updated: 2017-08-31 08:54,American in Beijing lives his Chinese dream
Updated: 2017-08-31 11:17,
Updated: 2021-01-25 10:17,Sharon Fraser : The awareness of Chongqing needs to be built outside of China
Updated: 2021-08-20 09:00,Student explores city's attractions by bicycle
Updated: 2022-07-19 09:29,Veteran improves community services
Updated: 2022-07-19 09:42,New teaching resources expected to foster passion for Chinese history in HKSAR secondary schools
Updated: 2022-07-19 14:34,China University of Petroleum holds founding ceremony for new Society
Updated: 2022-07-19 15:10,Tsinghua tops global ranking in three subjects
Updated: 2022-07-20 07:00,China's changes in the eyes of a Cameroonian student
Updated: 2022-07-20 08:53,Science whiz kids take home prizes
Updated: 2022-07-20 17:01,"Bumper crops and higher prices, but challenges remain"
Updated: 2022-07-21 07:19,Measures counter food security risks
Updated: 2022-07-21 09:13,City's 'whole-process democracy' on display
Updated: 2022-07-21 09:23,More work needed on energy: expert
Updated: 2022-07-21 09:25,China and ASEAN add to IP coaction
Updated: 2022-07-21 15:30,Researchers find new solution for mixed-dimensional attapulgite clay utilization
Updated: 2022-07-21 16:34,"Swimming lessons for 50,000 primary school students in Jiangxi"
Updated: 2022-07-21 18:27,Astronauts receive thousands of letters from the public
Updated: 2022-07-22 06:49,Experts call for climate action after heat waves
Updated: 2022-07-22 06:56,Xi: Youth have vital role in development
Updated: 2022-07-22 07:00,A Cameroonian student's visit to Xinjiang
Updated: 2022-07-22 07:40,Xinjiang offers cool rail trips for tourists
Updated: 2022-07-22 08:29,Xi's India trip bolstered long-standing friendship
Updated: 2022-07-22 09:05,HK residents mourn beloved giant panda
Updated: 2022-07-22 09:08,Current measures effective for variants
Updated: 2022-07-22 09:09,Police crack down on illegal border crossings
Updated: 2022-07-22 09:23,Disaster management system to be upgraded
Updated: 2022-07-22 09:47,A fresh brew improves fortunes for villagers
Updated: 2022-07-22 09:55,Impact assessments put on faster track
Updated: 2022-07-22 10:11,"Chinese police intensify crackdown on pornography, prostitution, gambling-related crimes"
Updated: 2022-07-22 16:44,Chinese scientists identify gene that can boost grain yield by 30 percent
Updated: 2022-07-22 21:10,Xinjiang tourism sector steps on the gas
Updated: 2022-07-22 21:43,Middle route of China's mega diversion project offers 50b cubic meters of water
Updated: 2022-07-22 21:48,Chinese institute develops underwater robot for deep-sea surveys
Updated: 2022-07-22 22:35,"Macao reports no new community COVID-19 cases, eases restrictions"
