﻿Updated: 2017-08-31 08:54,American in Beijing lives his Chinese dream
Updated: 2017-08-31 11:17,
Updated: 2021-01-25 10:17,Sharon Fraser : The awareness of Chongqing needs to be built outside of China
Updated: 2021-08-20 09:00,Student explores city's attractions by bicycle
Updated: 2022-07-19 09:29,Veteran improves community services
Updated: 2022-07-19 14:34,China University of Petroleum holds founding ceremony for new Society
Updated: 2022-07-19 15:10,Tsinghua tops global ranking in three subjects
Updated: 2022-07-20 07:00,China's changes in the eyes of a Cameroonian student
Updated: 2022-07-20 08:53,Science whiz kids take home prizes
Updated: 2022-07-21 07:19,Measures counter food security risks
Updated: 2022-07-21 09:13,City's 'whole-process democracy' on display
Updated: 2022-07-21 09:23,More work needed on energy: expert
Updated: 2022-07-21 09:25,China and ASEAN add to IP coaction
Updated: 2022-07-21 16:34,"Swimming lessons for 50,000 primary school students in Jiangxi"
Updated: 2022-07-22 06:56,Xi: Youth have vital role in development
Updated: 2022-07-22 07:00,A Cameroonian student's visit to Xinjiang
Updated: 2022-07-22 09:05,HK residents mourn beloved giant panda
Updated: 2022-07-22 09:23,Disaster management system to be upgraded
Updated: 2022-07-22 22:35,"Macao reports no new community COVID-19 cases, eases restrictions"
Updated: 2022-07-23 15:03,Navigating toward a smart factory future
Updated: 2022-07-23 21:15,HKSAR govt keeps tracing COVID-19 through sewage surveillance
Updated: 2022-07-25 06:58,Woman detained for commemorating tablets to Japanese war criminals
Updated: 2022-07-25 07:37,Leaders confident in domestic vaccines
Updated: 2022-07-25 07:41,Nation to put large telescope in orbit next year
Updated: 2022-07-25 07:51,Xi's diplomacy insight lauded at symposium
Updated: 2022-07-25 07:54,"Space station expanding R&D ability, scientist says"
Updated: 2022-07-25 08:59,Huangdu village flourishes as agriculture advances
Updated: 2022-07-25 09:38,Archives to preserve bibliology resources
Updated: 2022-07-25 09:44,Residents in south urged to get flu shots
Updated: 2022-07-25 10:10,China launches new scientific expedition in Yangtze headwaters
Updated: 2022-07-25 19:45,All-out efforts underway to investigate violent incident against women in N China restaurant: ministry
Updated: 2022-07-25 20:24,China's space tracking ship Yuanwang-3 back from missions
Updated: 2022-07-25 21:25,China's expressway network links 95% of population
Updated: 2022-07-25 22:39,Xi Focus-Closeup: Ensuring the Yellow River benefits the people
Updated: 2022-07-25 23:07,FM spokesperson warns of serious consequence over Pelosi's potential Taiwan visit
Updated: 2022-07-26 07:00,Astronauts start work inside space lab
Updated: 2022-07-26 07:01,Xi: Take India ties forward on right track
