﻿Updated: 2022-06-04 06:40,Five things to know about the US gun lobby
Updated: 2022-06-07 19:12,"Senior Chinese diplomat, Japanese national security official talk over phone"
Updated: 2022-06-16 09:32,Smartphone cameras still no match for dedicated devices
Updated: 2022-06-22 20:14,China commits to peace mediation in Horn of Africa
Updated: 2022-06-23 12:06,"Charity walk, art show to raise funds for young patients"
Updated: 2022-06-24 17:56,Emergency preparedness requires gender-aware responses: UN report
Updated: 2022-06-26 10:47,Multi-country monkeypox outbreak not public health emergency: WHO
Updated: 2022-06-27 09:03,Africa virus rebound prompts appeal for vigilance
Updated: 2022-06-27 11:25,South African president mourns for 22 teenagers dead in tavern
Updated: 2022-06-28 10:48,Turkey objects to unilateral sanctions against Iran: FM
Updated: 2022-06-28 10:59,Iran confirms nuclear talks to start in Doha on Tuesday
Updated: 2022-06-28 11:00,E. African initiative seeks to tap bioeconomy potential
Updated: 2022-06-28 18:18,"12 killed, 251 injured in toxic gas leak at Jordan's port"
Updated: 2022-06-29 10:25,E-commerce helps to shape Asia digital future
Updated: 2022-06-29 11:26,Vice-president Wang to attend Marcos inauguration
Updated: 2022-06-29 16:45,"West, Central African children suffer due to conflicts"
Updated: 2022-06-29 16:49,Hunger leaves children in Somalia susceptible to diseases
Updated: 2022-06-29 17:13,US to distribute monkeypox vaccines nationwide to curb outbreak
Updated: 2022-06-30 07:32,Possible US cyberattack targets Chinese information systems
Updated: 2022-06-30 08:29,"Ukraine, Russia carry out largest prisoner exchange since conflict start"
Updated: 2022-06-30 09:43,Insects as food could help end hunger
Updated: 2022-07-01 08:31,Ukraine begins exporting electricity to Europe
Updated: 2022-07-02 11:01,4 die in crash days after trailer tragedy
Updated: 2022-07-02 18:03,US announces additional security assistance to Ukraine
Updated: 2022-07-03 21:20,Loya Jirga appeals for recognition of Taliban
Updated: 2022-07-03 22:29,10th World Peace Forum opens in Beijing
Updated: 2022-07-04 07:28,Demand for abortion pills in US grows
Updated: 2022-07-04 07:32,NATO's bigger remit brings rising dangers
Updated: 2022-07-04 08:03,Nation helps islands tackle climate challenges
Updated: 2022-07-04 09:19,Active COVID-19 infections in Italy surpass 1 million
Updated: 2022-07-04 09:23,Report of campus espionage rubbished
Updated: 2022-07-04 09:25,Sanctions put globalization under strain
Updated: 2022-07-04 09:31,Chinese rice expected to play a part in food security of Botswana
Updated: 2022-07-04 09:38,Nation's investment in Australia falls sharply
Updated: 2022-07-04 09:43,Egypt's president inaugurates trial run of China-made LRT
Updated: 2022-07-04 09:45,"Time, venue of new round of nuclear talks being finalized: Iranian negotiator"
Updated: 2022-07-04 10:47,Wang: China and Laos should further boost ties
