﻿Updated: 2017-08-31 08:54,American in Beijing lives his Chinese dream
Updated: 2017-08-31 11:17,
Updated: 2021-01-25 10:17,Sharon Fraser : The awareness of Chongqing needs to be built outside of China
Updated: 2021-08-20 09:00,Student explores city's attractions by bicycle
Updated: 2022-07-17 21:27,HKSAR govt continues tracing COVID-19 through sewage surveillance
Updated: 2022-07-19 09:29,Veteran improves community services
Updated: 2022-07-19 09:42,New teaching resources expected to foster passion for Chinese history in HKSAR secondary schools
Updated: 2022-07-19 09:49,"Symposium studies Xi's address at HKSAR anniversary meeting, inaugural ceremony of sixth-term govt"
Updated: 2022-07-19 14:34,China University of Petroleum holds founding ceremony for new Society
Updated: 2022-07-19 15:10,Tsinghua tops global ranking in three subjects
Updated: 2022-07-20 07:00,China's changes in the eyes of a Cameroonian student
Updated: 2022-07-20 07:57,Xi's visit inspires museum workers
Updated: 2022-07-20 08:53,Science whiz kids take home prizes
Updated: 2022-07-20 10:10,"China launches inspection of municipal, county-level law-based governance"
Updated: 2022-07-20 17:01,"Bumper crops and higher prices, but challenges remain"
Updated: 2022-07-21 06:55,2 Pizza Hut stores probed over hygiene
Updated: 2022-07-21 06:59,Corps members hail Xi's care for Xinjiang's development
Updated: 2022-07-21 07:19,Measures counter food security risks
Updated: 2022-07-21 08:16,'Silent' bakery makes a noise about new owner
Updated: 2022-07-21 08:40,Crimes related to COVID-19 rising
Updated: 2022-07-21 08:40,Driverless vehicles on course in Chongqing
Updated: 2022-07-21 08:42,Complaints drop around virus control
Updated: 2022-07-21 08:42,China-made self-fixing robot fish could clean up oceans
Updated: 2022-07-21 09:13,City's 'whole-process democracy' on display
Updated: 2022-07-21 09:23,More work needed on energy: expert
Updated: 2022-07-21 09:25,China and ASEAN add to IP coaction
Updated: 2022-07-21 15:30,Researchers find new solution for mixed-dimensional attapulgite clay utilization
Updated: 2022-07-21 15:54,Police officers turn the life of a young student around
Updated: 2022-07-21 16:34,"Swimming lessons for 50,000 primary school students in Jiangxi"
Updated: 2022-07-21 17:36,"In heart-stopping moment, passerby saves girl falling from building"
Updated: 2022-07-21 18:27,Astronauts receive thousands of letters from the public
Updated: 2022-07-22 06:49,Experts call for climate action after heat waves
Updated: 2022-07-22 06:56,Xi: Youth have vital role in development
Updated: 2022-07-22 07:00,A Cameroonian student's visit to Xinjiang
