﻿Updated: 2022-03-07 17:49,"FM hopes for peaceful development between China, Japan"
Updated: 2022-03-31 10:34,World needs answer on US biolabs
Updated: 2022-04-21 06:30,Asian American hate crimes increased in US during pandemic
Updated: 2022-04-29 03:39,Cows in face masks to save the planet
Updated: 2022-05-01 22:16,Iran vows to continue nuke talks until national interests utterly protected
Updated: 2022-05-06 01:34,Cornwall residents urged to make 'hedgehog highways'
Updated: 2022-05-09 08:26,"Marathon staged on Chinese-built expressway, reviving Kenyans' hope for economic vitality"
Updated: 2022-05-09 10:04,"Syrian president meets Iran's supreme leader, president: state media"
Updated: 2022-05-10 21:28,South Sudan and Kenya report cholera outbreak
Updated: 2022-05-11 02:36,Painting of Marilyn Monroe sells for record-breaking $195m
Updated: 2022-05-11 07:40,Leaders aim for higher level Sino-ROK ties
Updated: 2022-05-11 07:58,New measures greatly expand global initiative
Updated: 2022-05-11 09:12,"Webb telescope's first full-color, scientific images due in July"
Updated: 2022-05-11 09:39,South Africa needs developmental space during energy transition: president
Updated: 2022-05-12 07:50,Cartoonist invents Tanzania's first electric car
Updated: 2022-05-12 13:30,DPRK leader calls for 'maximum emergency' measures following first COVID-19 case
Updated: 2022-05-12 09:01,Inflation to put dent in UK disposable income
Updated: 2022-05-12 09:16,Euro could fall to parity with US dollar as fears of recession increase
Updated: 2022-05-12 14:06,China-Belarus industrial park welcomes new resident company
Updated: 2022-05-12 18:00,S.Korea says DPRK fires 3 short-range ballistic missiles into eastern waters
Updated: 2022-05-12 21:48,"Eastern Africa on the verge of acute food crisis, UN warns"
Updated: 2022-05-13 07:51,Figures show UK economy shrank in March
Updated: 2022-05-13 09:10,Ambassador Qin visits manufacturer in Georgia
Updated: 2022-05-13 09:52,Slovenia's worst-ever factory explosion kills six: media
Updated: 2022-05-16 09:23,"Palestinians demonstrate in Gaza, West Bank to mark 74th anniversary of Nakba Day"
Updated: 2022-05-17 09:15,China rejects US bill to help Taiwan regain WHO observer status
Updated: 2022-05-17 09:50,Boredom poses health risks if not addressed
Updated: 2022-05-18 09:14,Biden condemns Buffalo mass shooting as 'terrorism'
Updated: 2022-05-19 09:40,Guns made in US hit all-time high in 2020
Updated: 2022-05-19 09:52,"Tech is changing the shape of our libraries, facilitating information sharing"
Updated: 2022-05-20 07:16,US warned not to challenge one-China principle
Updated: 2022-05-20 07:22,Forum delegates poised to place climate change under the microscope
Updated: 2022-05-20 09:12,"Health care in US explicitly 'luxury', rather than right: report"
Updated: 2022-05-20 09:18,Cautious attitude needed amid current conflicts
Updated: 2022-05-20 09:19,UK to 'cut business taxes in fall'
Updated: 2022-05-20 09:20,Studies link political rhetoric to anti-Asian violence
Updated: 2022-05-20 09:21,"UN chief urges reintegrating agricultural production of Russia, Ukraine into world markets"
Updated: 2022-05-20 09:28,Scholz says no shortcuts to Ukraine's EU membership bid
Updated: 2022-05-20 09:34,Challenges ahead as Sri Lanka navigates unprecedented crisis
Updated: 2022-05-20 10:15,Conference seeks new ground to finance Africa recovery
