﻿Updated: 2017-08-31 08:54,American in Beijing lives his Chinese dream
Updated: 2017-08-31 11:17,
Updated: 2021-01-25 10:17,Sharon Fraser : The awareness of Chongqing needs to be built outside of China
Updated: 2021-08-20 09:00,Student explores city's attractions by bicycle
Updated: 2022-07-13 07:36,US envoy slammed for 'untruthful' claims on HK
Updated: 2022-07-14 09:07,Hong Kong sees boom in learning Mandarin
Updated: 2022-07-15 07:07,Admission letters catch eyes of freshmen
Updated: 2022-07-15 10:42,Smart platform provides quality teaching resources
Updated: 2022-07-15 17:20,"Abandoned baby gets a father, and later wealth"
Updated: 2022-07-16 22:13,Maritime rescue forces deployed at Nansha Islands
Updated: 2022-07-17 09:28,Wang sits for interview on recent meetings
Updated: 2022-07-18 09:37,Artificial heart gets green light to go on market
Updated: 2022-07-18 09:47,Netizens moved by tribute to journalist
Updated: 2022-07-18 09:52,China accelerates building of computing infrastructure
Updated: 2022-07-18 21:59,Top political advisor calls for greeting 20th CPC national congress with steady progress
Updated: 2022-07-19 06:52,Xi: Safeguard rural heritage of the world
Updated: 2022-07-19 07:10,Graduates encouraged to look at jobs at grassroots
Updated: 2022-07-19 07:20,"Celebrities shape up, triggering food for thought"
Updated: 2022-07-19 08:04,Xi's visit bridges two ancient cultures
Updated: 2022-07-19 08:43,Bride price tradition fueling fresh friction
Updated: 2022-07-19 09:15,High-tech printing hub makes lasting impression
Updated: 2022-07-19 09:24,Judicial system tightened to better protect minors
Updated: 2022-07-19 09:27,Residents' unlocked doors lead to probe
Updated: 2022-07-19 09:29,Veteran improves community services
Updated: 2022-07-19 09:30,"Infections rise in Gansu, Guangxi"
Updated: 2022-07-19 09:31,Research lab prepares launch to space
Updated: 2022-07-19 09:42,New teaching resources expected to foster passion for Chinese history in HKSAR secondary schools
Updated: 2022-07-19 09:49,"Symposium studies Xi's address at HKSAR anniversary meeting, inaugural ceremony of sixth-term govt"
Updated: 2022-07-19 14:34,China University of Petroleum holds founding ceremony for new Society
Updated: 2022-07-19 14:52,Self-repairing fish robot brings hope to plastic crisis
Updated: 2022-07-19 15:10,Tsinghua tops global ranking in three subjects
Updated: 2022-07-19 19:52,"About 2,000 representatives from over 100 countries to attend world youth forum"
Updated: 2022-07-19 22:18,Chinese rail design standards win intl approval
Updated: 2022-07-19 22:53,Dutch collector ordered to return Buddha statue
Updated: 2022-07-20 06:49,President's visit bridges two cultures
Updated: 2022-07-20 07:00,China's changes in the eyes of a Cameroon student
