﻿Updated: 2017-08-31 08:54,American in Beijing lives his Chinese dream
Updated: 2017-08-31 11:17,
Updated: 2021-01-25 10:17,Sharon Fraser : The awareness of Chongqing needs to be built outside of China
Updated: 2021-08-20 09:00,Student explores city's attractions by bicycle
Updated: 2022-05-13 16:11,Young teacher finds satisfaction in rural Shanxi
Updated: 2022-05-15 22:02,China to strengthen Party building among retired officials
Updated: 2022-05-16 09:11,More jobs for disabled a key govt priority
Updated: 2022-05-17 07:21,Senior diplomat: Rejuvenation a certainty
Updated: 2022-05-17 09:52,"Guangdong policies support youth from Hong Kong, Macao"
Updated: 2022-05-17 11:42,Putting forth to CE: Nury Vittachi
Updated: 2022-05-17 13:43,China's higher education enrollment rate reaches 57.8 pct
Updated: 2022-05-17 15:42,Eight days on world's highest peak
Updated: 2022-05-17 16:41,"China's higher education development efforts paying off, ministry official says"
Updated: 2022-05-17 17:12,AI bolsters management of makeshift hospital operations
Updated: 2022-05-17 22:07,"NPC chair meets with Tajik counterpart, stresses security cooperation"
Updated: 2022-05-18 07:36,Production lines start rolling again in Shanghai
Updated: 2022-05-18 07:51,Plan looks to expand TCM globally
Updated: 2022-05-18 09:11,More Chinese receive higher education
Updated: 2022-05-18 09:13,Couple faking marriage to buy property faces punishment
Updated: 2022-05-18 09:23,HKSAR govt urges public to get vaccinated for COVID-19 in accordance with vaccine pass requirements
Updated: 2022-05-18 09:33,"Quake survivor Strong Pig, now plasticized, greets Sichuan museum visitors"
Updated: 2022-05-18 09:33,HKSAR ExCo endorses reorganisation of govt structure
Updated: 2022-05-18 09:34,Intangible cultural heritage becomes academic subject
Updated: 2022-05-18 21:30,Beidou navigation being added to shared bikes
Updated: 2022-05-19 07:06,US denies leak on China Eastern crash
Updated: 2022-05-19 07:21,"Li pledges support for platform, digital sectors"
Updated: 2022-05-19 07:23,Xi eyes greater ties with Netherlands
Updated: 2022-05-19 09:06,Declines in most major air pollutants recorded
Updated: 2022-05-19 09:17,5 million shared bikes using Beidou-based chips
Updated: 2022-05-19 09:23,Misleading packaging causes consumer concern
Updated: 2022-05-19 09:24,Cities take on Omicron with ramped-up testing
Updated: 2022-05-19 09:26,Power of the past fuels museums' prosperity
Updated: 2022-05-19 09:32,Clusters continue to produce infections
Updated: 2022-05-19 09:47,394 COVID-19 patients discharged from hospitals on Chinese mainland
Updated: 2022-05-19 09:48,Chinese mainland reports 191 new local confirmed COVID-19 cases
