﻿Updated: 2022-03-07 17:49,"FM hopes for peaceful development between China, Japan"
Updated: 2022-03-31 10:34,World needs answer on US biolabs
Updated: 2022-04-15 11:04,Gulf oil states stand up for own interests
Updated: 2022-04-16 07:39,"China, Saudi Arabia pledge to boost ties"
Updated: 2022-04-18 10:06,"IAEA monitors nuclear activities without access, Iran says"
Updated: 2022-04-21 06:30,Asian American hate crimes increased in US during pandemic
Updated: 2022-04-21 09:52,Late rains add to drought misery in Horn of Africa
Updated: 2022-04-22 09:55,"UN chief calls for ambitious action on climate disruption, nature loss, pollution"
Updated: 2022-04-23 08:42,Premier urges stronger EU relationship
Updated: 2022-04-24 21:27,"12 killed, 10 missing after boats capsize off Tunisia's coast"
Updated: 2022-04-25 07:21,Palestinians' plight exposes West hypocrisy
Updated: 2022-04-25 09:51,Insect invasion adds to strains on Africa's food crisis
Updated: 2022-04-25 14:14,Concerns mount over South Korea's lifting of anti-COVID-19 measures
Updated: 2022-04-26 09:33,"AVs show promise, also pose questions"
Updated: 2022-04-26 09:39,"Ukraine in focus as India, UK push business ties"
Updated: 2022-04-26 09:41,Vocational training skills up Kenyans
Updated: 2022-04-27 07:13,'Partygate' probe may give Johnson no choice but to go
Updated: 2022-04-27 09:16,US Fed's policies are main driver of inflation
Updated: 2022-04-27 14:16,"China, Africa discuss democracy"
Updated: 2022-04-27 14:33,Australia's inflation hits 20-year high over rising fuel prices
Updated: 2022-04-27 17:03,Aung San Suu Kyi sentenced to 5 more years in prison after convicted of corruption
Updated: 2022-04-28 07:18,Ripple effect hoped for with green efforts
Updated: 2022-04-28 08:46,1 in 5 world reptiles face extinction
Updated: 2022-04-28 09:15,EU prepared for Russian gas cut-off: von der Leyen
Updated: 2022-04-28 09:17,US CDC investigating adenovirus as possible cause for hepatitis cases in kids
Updated: 2022-04-28 09:44,New UK public health body hit by budget concerns
Updated: 2022-04-28 09:48,Europe's central bank considers interest rate rise
Updated: 2022-04-29 09:10,"US economy pulls back, has underlying strength"
Updated: 2022-04-29 03:39,Cows in face masks to save the planet
Updated: 2022-04-29 07:29,Iran's Raisi meets with Chinese defense minister
Updated: 2022-04-29 07:31,Caution urged on S. Korea nuclear shift
Updated: 2022-04-29 07:38,Ministry: Countries' cooperation should promote rather than undermine stability
Updated: 2022-04-29 07:56,"Sister ties feted for bringing people together in China, US"
Updated: 2022-04-29 08:45,Biden's $33b aid call for Ukraine spurs reaction
Updated: 2022-04-29 09:31,"NATO chief offers quick admission for Finland, Sweden despite Russia's objection"
Updated: 2022-04-29 10:00,Climate change to make pandemics increasingly likely in next 50 years
Updated: 2022-04-29 10:03,Door opens to British govt facing lawsuits
Updated: 2022-04-29 10:27,Charity challenges asylum move
Updated: 2022-04-29 10:28,EU border agency is accused of illegal pushbacks
Updated: 2022-04-29 10:32,Envoy calls for equal treatment of all countries
Updated: 2022-04-29 10:32,DR Congo's Ebola jabs campaign follows outbreak
