﻿Updated: 2022-07-09 22:15,Chinese premier extends condolences over passing away of former Japanese PM Abe
Updated: 2022-07-13 08:49,Evidence confirms germ warfare and more by Japanese Unit 731
Updated: 2022-07-13 09:31,African nations among most exposed to Ukraine crisis
Updated: 2022-07-13 17:33,"Kenya, Tanzania join forces to eradicate trachoma"
Updated: 2022-07-15 01:24,Hidden self-portrait discovered on back of Van Gogh painting
Updated: 2022-07-15 09:57,Social media star inspires millions to forage food in the wild
Updated: 2022-07-18 21:03,Facts derail Africa 'debt trap' smears
Updated: 2022-07-19 09:57,Call made for boost to continent's healthcare
Updated: 2022-07-20 09:23,UN hails China lessons in poverty fight
Updated: 2022-07-20 09:36,"Raisi, Putin vow to expand Iran-Russia cooperation, ensure regional security"
Updated: 2022-07-20 09:58,Rocket falls from space posing an ever-increasing risk to life on Earth
Updated: 2022-07-20 10:19,Scientists discover 'needle in a haystack' black hole
Updated: 2022-07-20 10:30,Iran firm on Syria's territorial integrity
Updated: 2022-07-20 15:45,Syria cuts diplomatic ties with Ukraine
Updated: 2022-07-20 17:20,US House passes bill on marriage equality
Updated: 2022-07-20 19:39,Hunger starts to claim lives in east Africa
Updated: 2022-07-20 19:54,Chinese descent female climbs Mount Kilimanjaro to raise funds for animals
Updated: 2022-07-20 23:20,"Sunak, Truss emerge as two finalists in UK leadership race"
Updated: 2022-07-21 10:14,One in five US adults say political violence is justified: study
Updated: 2022-07-21 09:10,UK braced for 'financial cataclysm' after June inflation rate hits 9.4%
Updated: 2022-07-21 00:12,China-EU talks to boost trade
Updated: 2022-07-21 07:28,Europe scorched by heat wave as global warming wreaks havoc
Updated: 2022-07-21 07:42,Slashed US debt holdings change scene
Updated: 2022-07-21 08:08,Global action urged to block AUKUS plan on transfer of nuclear materials
Updated: 2022-07-21 08:08,"China, Pacific Island nations to bolster collaboration in poverty alleviation"
Updated: 2022-07-21 09:08,Italian cabinet narrowly wins confidence vote in senate
Updated: 2022-07-21 09:12,US DHS secretary 'deeply concerned' over high tolerance of hate in country
Updated: 2022-07-21 09:19,Solar panel prowess of nation should not be viewed as a 'threat'
Updated: 2022-07-21 09:25,China and ASEAN add to IP coaction
Updated: 2022-07-21 09:33,Tourism lift seen closer to home first
Updated: 2022-07-21 09:39,Lavrov says Russia aims at more than Donbass
Updated: 2022-07-21 09:50,Summit advances quest for Syria peace
Updated: 2022-07-21 11:00,Abortion ruling roiling politics
Updated: 2022-07-21 10:02,Sri Lanka's new leader calls for national unity
Updated: 2022-07-21 11:09,Heat wave bakes large swath of US
