﻿Updated: 2022-05-17 09:34,Palestinian PM calls on int'l community to boycott Israel
Updated: 2022-05-19 07:08,Japan told to uphold agreements
Updated: 2022-05-20 09:09,Prehistoric dolphin species discovered in Switzerland
Updated: 2022-05-25 09:38,"Nearly half of pregnancies unplanned, UN agency says"
Updated: 2022-05-25 09:46,Millions to 'crash into extreme poverty'
Updated: 2022-05-28 08:59,Iraqi lawmakers make it illegal to attempt normalizing ties with Israel
Updated: 2022-05-29 21:14,"29 killed, 38 missing in building collapse in SW Iran"
Updated: 2022-05-30 09:05,Africa to benefit from Xi's post-pandemic strategies
Updated: 2022-05-30 11:30,Confucius Institute in Liberia holds Chinese proficiency contest
Updated: 2022-05-31 01:10,Monet's Waterloo Bridge painting expected to sell for $30.3m
Updated: 2022-05-31 09:12,Sudan lifts 7-month state of emergency
Updated: 2022-05-31 18:37,Small businesses in Kenya and Nigeria vulnerable to cybercrime
Updated: 2022-05-31 23:37,Officials meet to discuss China-Germany relations
Updated: 2022-06-01 09:22,France leads in Europe for FDI
Updated: 2022-06-01 09:30,Africa acts to strengthen efforts against terrorism
Updated: 2022-06-01 22:51,Ambassador: American students learning Chinese critical for relations
Updated: 2022-06-02 07:21,US agenda seen as no more than move to contain China
Updated: 2022-06-02 07:49,Burning need to safeguard the planet
Updated: 2022-06-02 09:31,"Turkey, Pakistan vow to enhance bilateral ties with 'strategic perspective'"
Updated: 2022-06-02 17:36,"World's ten most neglected crises all in Africa, report finds"
Updated: 2022-06-03 06:35,US gun culture and gun-related deaths
Updated: 2022-06-04 06:40,Five things to know about the US gun lobby
Updated: 2022-06-04 08:08,Queen gives her Jubilee service a miss
Updated: 2022-06-04 08:24,"Youth suicides by firearms reach record in over 20 years, report says"
Updated: 2022-06-05 10:13,FM has phone call with Malaysian counterpart
Updated: 2022-06-05 14:20,"Macron calls for ending escalation between Israel, Palestine"
Updated: 2022-06-06 08:08,Experts: Summit of Americas may erode regional relations
Updated: 2022-06-06 09:26,"Three dead, 14 injured after shooting in Tennessee"
Updated: 2022-06-06 09:33,"For Russians, financial pain bites hard"
Updated: 2022-06-06 09:42,"Green shift on way, but with trade-offs"
Updated: 2022-06-06 09:48,Britain's PM 'could be ousted within days'
Updated: 2022-06-06 10:15,Indian bus accident death toll rises to 25
Updated: 2022-06-06 11:19,Combined forces in South Korea fire 8 missiles: Yonhap
