﻿Updated: 2022-03-07 17:49,"FM hopes for peaceful development between China, Japan"
Updated: 2022-03-21 09:46,New light shines into Egyptian necropolis
Updated: 2022-03-23 10:31,Iran's supreme leader looks beyond sanctions impact
Updated: 2022-03-24 09:52,Free movement key to trade within Africa
Updated: 2022-03-25 09:22,Polar heat waves trigger warning
Updated: 2022-03-28 09:25,Arab FMs arrive in Israel for conference with Blinken
Updated: 2022-03-30 10:40,"5 killed in shooting spree outside Israel's Tel Aviv, police alert raised to 'highest'"
Updated: 2022-03-31 09:25,Storms leave hundreds of thousands reeling in Africa
Updated: 2022-04-06 09:31,"World must peak emissions by 2025, say researchers"
Updated: 2022-04-06 10:04,"School closures hit hard in Africa, report says"
Updated: 2022-04-10 12:01,First US private astronaut mission arrives at space station
Updated: 2022-04-12 09:59,Ray of hope looms for peace in Yemen
Updated: 2022-04-13 14:08,WHO raises alarm over deaths caused by noncommunicable diseases in Africa
Updated: 2022-04-13 17:37,South Korea gripped with fear over US bioweapons labs
Updated: 2022-04-14 09:16,Li congratulates new Pakistan PM Shahbaz
Updated: 2022-04-14 06:56,Beijing warns against Pelosi visit to Taiwan
Updated: 2022-04-14 07:05,China condemns US human rights reports
Updated: 2022-04-14 09:24,Cost-of-living crisis deepens as inflation rises
Updated: 2022-04-14 09:35,Johnson vowing to carry on despite Partygate fine
Updated: 2022-04-14 09:35,Biden announces additional 800 mln USD in aid to Ukraine
Updated: 2022-04-14 09:38,Fukushima dumping plan toxic as ever
Updated: 2022-04-14 09:42,Britain generating more wind power than ever
Updated: 2022-04-14 09:44,African experts deepen studies on Omicron subvariants
Updated: 2022-04-14 14:06,Chinese envoy urges Japan to face up to history on issue of 'comfort women'
Updated: 2022-04-14 17:01,Pakistan ready to elevate bilateral relations with China to higher level: PM
Updated: 2022-04-15 07:45,China's virus strategy wins Africa praise
Updated: 2022-04-15 08:12,"Amazon to charge sellers 5% surcharge for fuel, inflation"
Updated: 2022-04-15 08:13,Nevada school district to equip teachers with panic buttons
Updated: 2022-04-15 09:11,Germany seeks to double renewables capacity in 8 years
Updated: 2022-04-15 09:12,Biggest EV market magnet for advanced clean-energy cars
Updated: 2022-04-15 09:23,"Stakes rise as Sweden, Finland eye NATO move"
Updated: 2022-04-15 09:27,IMF to downgrade forecast for over 140 economies amid Russia-Ukraine conflict
Updated: 2022-04-15 09:31,Global COVID-19 cases surpass 500m: WHO
Updated: 2022-04-15 09:30,"Big power creates crises, then profits from chaos"
Updated: 2022-04-15 10:10,Report exposes rising anti-Asian racism in United States
Updated: 2022-04-15 14:48,US carried out 'inhumane' experiments in Ukraine's labs: RT
