﻿Updated: 2017-08-31 08:54,American in Beijing lives his Chinese dream
Updated: 2017-08-31 11:17,
Updated: 2021-01-25 10:17,Sharon Fraser : The awareness of Chongqing needs to be built outside of China
Updated: 2021-08-20 09:00,Student explores city's attractions by bicycle
Updated: 2022-03-14 16:53,"Deaths, accidents in China's coal mines down"
Updated: 2022-03-17 07:18,Timely steps taken to ensure harvest
Updated: 2022-03-17 09:56,More govt agencies urged to supervise livestreaming
Updated: 2022-03-18 17:28,Chinese crew members to deliver second lecture from space station
Updated: 2022-03-19 06:54,Crew aboard Tiangong to give 2nd talk
Updated: 2022-03-19 10:47,China calls for efforts on spring farming
Updated: 2022-03-19 22:38,Lam expresses her gratitude to mainland medical team
Updated: 2022-03-20 10:47,Across China: CPC member helps with rural revitalization in S China
Updated: 2022-03-21 07:30,Anti-COVID measures key to halting spread
Updated: 2022-03-21 07:39,Hotels in Shanghai and Jiangsu open their doors to students studying online
Updated: 2022-03-21 08:15,Doctor tells of pressures on front line
Updated: 2022-03-21 08:17,Lam: HK must stay alert despite decline in cases
Updated: 2022-03-21 08:51,Kindergarten helps promote drive for inclusive education
Updated: 2022-03-21 08:56,Education system enabling greater diversity
Updated: 2022-03-21 09:00,Children learn better when they are with their peers
Updated: 2022-03-21 09:23,Court orders help protect victims of domestic violence
Updated: 2022-03-21 09:33,Young Chinese pick up podcasts
Updated: 2022-03-21 09:36,3D printing speeds up production of missiles
Updated: 2022-03-21 09:44,"China releases guidelines to strengthen governance over ethics in science, technology"
Updated: 2022-03-21 09:59,Reform of vocational education sought
Updated: 2022-03-21 15:04,COVID-19: HK suspends mass testing plan
Updated: 2022-03-21 15:50,Passers-by lift car to save trapped girl in East China
Updated: 2022-03-21 19:55,Xi orders all-out rescue efforts after plane crash
Updated: 2022-03-21 21:49,Parameter could help unravel origin of fast radio bursts
Updated: 2022-03-21 15:35,Nearly 3.23b COVID-19 vaccine doses administered on the Chinese mainland
Updated: 2022-03-22 07:46,"Xi, like minds advance peace-making efforts"
Updated: 2022-03-22 08:14,Yearslong record for safety ends tragically
Updated: 2022-03-22 08:50,Relocation of farmers boosts local incomes and improves lives
Updated: 2022-03-22 09:37,Students proud to help fight COVID-19
Updated: 2022-03-22 09:47,Expats aid in screening Shanghai residents
