﻿Updated: 2022-03-07 17:49,"FM hopes for peaceful development between China, Japan"
Updated: 2022-03-31 10:34,World needs answer on US biolabs
Updated: 2022-04-21 06:30,Asian American hate crimes increased in US during pandemic
Updated: 2022-04-26 15:33,Palestine question should not be sidelined: Chinese envoy
Updated: 2022-04-28 09:25,Seminar discusses democracy practice
Updated: 2022-04-29 03:39,Cows in face masks to save the planet
Updated: 2022-05-01 22:16,Iran vows to continue nuke talks until national interests utterly protected
Updated: 2022-05-05 10:45,Derek Chauvin to be sentenced for violating George Floyd's civil rights
Updated: 2022-05-05 10:56,Vaccines still protect against new COVID-19 variants: WHO
Updated: 2022-05-06 01:34,Cornwall residents urged to make 'hedgehog highways'
Updated: 2022-05-06 09:11,"African cities key to continent's growth, report says"
Updated: 2022-05-06 09:16,US hand seen behind increased instability
Updated: 2022-05-06 09:18,Investigation: Problems at California women's prison run deep
Updated: 2022-05-06 09:28,Kenyans energized by entry of electric buses
Updated: 2022-05-06 09:42,Britons to deliver verdict on PM at polls
Updated: 2022-05-06 08:05,"Putin, Bennett discuss Ukraine over phone"
Updated: 2022-05-07 07:24,Johnson's Tories lose control of London strongholds
Updated: 2022-05-07 08:46,"China and the US should resolve issues together, US experts say"
Updated: 2022-05-07 09:31,Rise in Africa infections prompts curbs
Updated: 2022-05-08 10:12,US set to mark grim milestone of 1 million coronavirus-related deaths: report
Updated: 2022-05-08 10:21,Russia holds final rehearsal for V-Day parade
Updated: 2022-05-09 07:28,Thailand grapples with risk of opening
Updated: 2022-05-09 09:10,Voting continues in Philippine elections amid violence eruption
Updated: 2022-05-09 09:43,More cases of hepatitis in young appear
Updated: 2022-05-09 09:44,Shady outfit that cooks up and spins lies
Updated: 2022-05-09 10:04,"Syrian president meets Iran's supreme leader, president: state media"
Updated: 2022-05-09 23:55,Preliminary results show Ferdinand Marcos Jr wins Philippine presidential election
Updated: 2022-05-10 07:26,Putin says Russians fighting threat 'near our borders'
Updated: 2022-05-10 07:33,Indonesians feeling the strain from costlier food
Updated: 2022-05-10 07:47,US 'spreading lies' to sour Sino-African ties
Updated: 2022-05-10 08:42,Prince William calls on TV industry to go green
Updated: 2022-05-10 08:44,Ukraine refugees face two-year wait for trauma therapy
Updated: 2022-05-10 09:04,One person killed in shooting in US Oakland
Updated: 2022-05-10 09:15,Tunisia announces to stop using J&J COVID-19 vaccine
Updated: 2022-05-10 09:17,UN chief condemns attacks on civilians by armed group in DRC
Updated: 2022-05-10 11:13,Sri Lankan prime minister's resignation confirmed by president
Updated: 2022-05-10 14:40,Yoon Suk-yeol sworn in as South Korea's new president
