﻿Updated: 2017-08-31 08:54,American in Beijing lives his Chinese dream
Updated: 2017-08-31 11:17,
Updated: 2021-01-25 10:17,Sharon Fraser : The awareness of Chongqing needs to be built outside of China
Updated: 2021-08-20 09:00,Student explores city's attractions by bicycle
Updated: 2022-06-02 09:49,Volunteer work provides a fresh view of the world
Updated: 2022-06-07 09:07,EU's report on Hong Kong SAR a twisted narrative
Updated: 2022-06-08 08:11,Hong Kong Palace Museum ready to open
Updated: 2022-06-09 07:48,Li: Improve measures to support growth
Updated: 2022-06-09 08:33,Guideline to help MSMEs stay afloat
Updated: 2022-06-09 09:38,No papers leaked before college entrance exams
Updated: 2022-06-09 09:51,Ministry warns against building on arable land
Updated: 2022-06-09 10:01,SEU celebrates 120 years of education
Updated: 2022-06-09 10:02,Talented autoworker receives national honor
Updated: 2022-06-09 10:03,Tests compel interesting answers
Updated: 2022-06-09 14:05,China's first int'l journal on grassland science starts publication
Updated: 2022-06-09 16:20,HK's role in the construction of foreign-related rule of law of the country
Updated: 2022-06-09 18:24,Shanxi writer excels from her wheelchair
Updated: 2022-06-09 21:09,Shenzhou XIV taikonauts to conduct 24 medical experiments in space
Updated: 2022-06-09 22:01,BRICS countries should cooperate on food security: Chinese official
Updated: 2022-06-10 07:06,President emphasizes stable socioeconomic development
Updated: 2022-06-10 07:23,Young Africans encouraged to carry forward friendship
Updated: 2022-06-10 07:52,Steps must be taken to mitigate rising sea levels
Updated: 2022-06-10 08:05,"HK's edge in legal services, talent training highlighted"
Updated: 2022-06-10 08:10,New type of fast radio burst discovered
Updated: 2022-06-10 09:04,The write stuff: Astronaut's pen catches internet's attention
Updated: 2022-06-10 09:28,New guideline to safeguard water resources
Updated: 2022-06-10 09:30,Guangdong tackles graduates' job market challenges
Updated: 2022-06-10 09:32,Ministry strengthens accountability in work safety
Updated: 2022-06-10 09:33,Top political advisor meets Taiwan participants at cross-Straits seminar
Updated: 2022-06-10 09:46,Taihang Mountains bases home to Party's last rural command post
Updated: 2022-06-10 18:47,China's color film pioneer dies at 86
Updated: 2022-06-10 19:03,Chinese scientists make notable discovery on potato genome sequences
Updated: 2022-06-10 21:43,
Updated: 2022-06-11 08:15,Hainan explores sustainable fishery
Updated: 2022-06-11 08:16,Xinjiang offers spectacle for tourists
Updated: 2022-06-11 09:03,Transport sees glorious decade
