﻿Updated: 2022-05-20 09:09,Prehistoric dolphin species discovered in Switzerland
Updated: 2022-05-30 09:23,Clashes break out between Israelis and Palestinians over Israeli nationalists' march
Updated: 2022-05-31 01:10,Monet's Waterloo Bridge painting expected to sell for $30.3m
Updated: 2022-06-03 06:35,US gun culture and gun-related deaths
Updated: 2022-06-04 06:40,Five things to know about the US gun lobby
Updated: 2022-06-05 14:20,"Macron calls for ending escalation between Israel, Palestine"
Updated: 2022-06-07 07:48,UK inflation serves up pain for Chinese restaurants
Updated: 2022-06-07 09:11,Africa's food crisis set to deepen amid conflict
Updated: 2022-06-08 07:10,Senior diplomat says relations with Japan at important juncture
Updated: 2022-06-08 10:02,Ghanaian villagers get mobile with Huawei
Updated: 2022-06-08 10:55,Olympic champion Eileen Gu has more to do on world stage
Updated: 2022-06-08 13:55,China and Turkmenistan strengthen relationship with practical cooperation
Updated: 2022-06-08 16:10,"At least 10 dead, 50 injured in Iran train derailment"
Updated: 2022-06-09 07:16,Chinese expertise valued at Egypt medical expo
Updated: 2022-06-09 07:59,FM: Forge strong ties with Central Asia
Updated: 2022-06-09 09:24,Beijing says it will stand firm beside its neighbors
Updated: 2022-06-09 10:33,Gymnasts sue FBI for doctor-abuse inaction
Updated: 2022-06-09 11:16,Death toll rises to 40 in church attack in Nigeria
Updated: 2022-06-09 13:59,"At least 7 dead, 46 injured in S. Korea's office building fire"
Updated: 2022-06-09 17:06,Japan's lower house votes down no-confidence motion against embattled speaker
Updated: 2022-06-09 17:36,Child deaths imminent in Horn of Africa as hunger deepens
Updated: 2022-06-09 19:39,Foreign Ministry strongly rebukes US arms sale to Taiwan
Updated: 2022-06-09 21:31,Xi replies to letter from cadre workshop participants at Julius Nyerere Leadership School
Updated: 2022-06-10 01:34,Wildfire in the mountains of southern Spain
Updated: 2022-06-10 06:35,Wealth gap widening between Black and White Americans
Updated: 2022-06-10 07:08,"Three dead, one critically injured after shooting in US state of Maryland"
Updated: 2022-06-10 07:09,Iran to remove 27 monitoring cameras from nuclear sites: IAEA
Updated: 2022-06-10 07:40,UK PM Johnson pushes new policies to reset leadership after confidence vote
Updated: 2022-06-10 07:47,Benefits seen in greenback's declining heft
Updated: 2022-06-10 08:10,Yellen flags end for some China tariffs
Updated: 2022-06-10 09:25,Questions arise as global economy faces transition
Updated: 2022-06-10 09:34,"OECD cuts forecasts into 2023, with Ukraine crisis cited as growth drag"
Updated: 2022-06-10 09:51,UK will not follow EU's lead on phone chargers
Updated: 2022-06-10 09:59,"Inflation making Americans adjust spending habits, poll finds"
Updated: 2022-06-10 10:06,Summit of the Americas shows wide political gaps
Updated: 2022-06-10 10:20,"Monkeypox spread may take hold, WHO says"
Updated: 2022-06-10 09:30,"Ukrainian president signs sanction decrees on Russian president, officials"
Updated: 2022-06-10 10:42,"ECB to raise interest rates, end net asset purchases in July"
Updated: 2022-06-10 11:02,"Canadians adjust spending habits, lifestyle to cope with inflation"
