﻿Updated: 2017-08-31 08:54,American in Beijing lives his Chinese dream
Updated: 2017-08-31 11:17,
Updated: 2021-01-25 10:17,Sharon Fraser : The awareness of Chongqing needs to be built outside of China
Updated: 2021-08-20 09:00,Student explores city's attractions by bicycle
Updated: 2022-08-03 08:32,Policies energize hard-hit economy
Updated: 2022-08-03 08:41,State Council working harder to shore up nation's job market
Updated: 2022-08-03 09:33,More students studying Spanish
Updated: 2022-08-05 17:01,Mine safety body strives to unleash coal production potential
Updated: 2022-08-06 09:20,National education mandatory in HK
Updated: 2022-08-06 09:22,Young 'diplomats' discuss global challenges
Updated: 2022-08-06 12:43,HKSAR govt fully supports countermeasures by central authorities in response to Pelosi's Taiwan visit
Updated: 2022-08-08 12:12,Expansion of education
Updated: 2022-08-08 12:14,State Council appoints secretary-general of Committee for Safeguarding National Security of HKSAR
Updated: 2022-08-08 14:02,HK to shorten arrivals' quarantine period
Updated: 2022-08-10 10:25,"China strengthens monitoring production, storage of drugs in shortage"
Updated: 2022-08-11 09:20,Village head overcomes doubts with resolve
Updated: 2022-08-11 10:17,New variety may break reliance on imported breeding beef cattle
Updated: 2022-08-11 16:49,China continues crackdown on irregularities of off-campus training institutions
Updated: 2022-08-11 17:26,China's scientific research climbs to No 1
Updated: 2022-08-12 07:08,"Spokesman: Taiwan compatriots will grow to understand, accept 'one country, two systems'"
Updated: 2022-08-12 08:59,Xi's words at Davos 2017 still resonate today
Updated: 2022-08-12 09:18,Home appliances at heart of policy
Updated: 2022-08-12 09:26,Mothers given help to get back to work
Updated: 2022-08-12 09:28,Zhuanghe charged up over clean energy
Updated: 2022-08-12 09:37,Expert hopes to brew success with coffee
Updated: 2022-08-12 09:41,Shanghai heat wave sets new record
Updated: 2022-08-12 11:40,CPC strong leadership core of national reunification
Updated: 2022-08-12 21:11,China issues this year's first red alert for high temperatures
Updated: 2022-08-12 23:05,FM spokesperson announces China's sanctions on Lithuanian Deputy Minister of Transport and Communications
Updated: 2022-08-13 07:08,Domestically developed drug joins virus battle
Updated: 2022-08-13 07:16,China outranks US in key science publishing
