﻿Updated: 2017-08-31 08:54,American in Beijing lives his Chinese dream
Updated: 2017-08-31 11:17,
Updated: 2021-01-25 10:17,Sharon Fraser : The awareness of Chongqing needs to be built outside of China
Updated: 2021-08-20 09:00,Student explores city's attractions by bicycle
Updated: 2022-03-11 13:41,China to adapt to changing COVID situation
Updated: 2022-03-14 16:53,"Deaths, accidents in China's coal mines down"
Updated: 2022-03-16 10:11,Guideline to limit school competitions
Updated: 2022-03-17 07:18,Timely steps taken to ensure harvest
Updated: 2022-03-17 09:08,Online study becomes norm in Shanghai
Updated: 2022-03-17 09:12,Teacher leaves family to volunteer at rural school
Updated: 2022-03-17 09:56,More govt agencies urged to supervise livestreaming
Updated: 2022-03-17 10:13,Young doctor flies home to help fight coronavirus
Updated: 2022-03-17 10:54,China's education ministry stresses mental health amid epidemic
Updated: 2022-03-18 07:18,Western media twists Uygur's role at Games
Updated: 2022-03-18 09:29,16 officials punished for pandemic control lapses
Updated: 2022-03-18 09:41,China Focus: China's space station to support large-scale scientific research
Updated: 2022-03-18 09:59,Regulator eyes bullying on internet
Updated: 2022-03-18 10:11,Floods and drought threaten in coming months
Updated: 2022-03-18 10:53,Black-bone birds bring in big bucks
Updated: 2022-03-18 17:28,Chinese crew members to deliver second lecture from space station
Updated: 2022-03-18 18:27,Female scientist balances career with family life
Updated: 2022-03-18 18:37,Massage gives hope to blind
Updated: 2022-03-18 21:43,"China reaches consensuses over Ukraine situation with S Africa, Cambodia respectively"
Updated: 2022-03-19 06:54,Crew aboard Tiangong to give 2nd talk
Updated: 2022-03-19 07:07,Hong Kong leader slams malicious reports on virus battle
Updated: 2022-03-19 08:12,HK volunteer brings peace of mind
Updated: 2022-03-19 10:39,Another flight carrying Chinese citizens evacuated from Ukraine arrives safely
Updated: 2022-03-19 10:47,China calls for efforts on spring farming
Updated: 2022-03-19 10:48,Former senior Beijing political advisor jailed for 9 years for graft
Updated: 2022-03-19 10:48,"Chinese vice premier stresses solid efforts on soybeans, oil crops"
