﻿Updated: 2022-06-04 06:40,Five things to know about the US gun lobby
Updated: 2022-06-07 19:12,"Senior Chinese diplomat, Japanese national security official talk over phone"
Updated: 2022-06-28 10:05,More hoped for UN biodiversity blueprint
Updated: 2022-06-29 02:53,Ghislaine Maxwell sentenced to 20 years in prison for sex trafficking
Updated: 2022-06-29 16:45,"West, Central African children suffer due to conflicts"
Updated: 2022-07-04 07:32,NATO's bigger remit brings rising dangers
Updated: 2022-07-04 09:45,"Time, venue of new round of nuclear talks being finalized: Iranian negotiator"
Updated: 2022-07-04 16:41,Iran says US failed to take initiative in Doha nuclear talks
Updated: 2022-07-04 17:24,S. African tourism grows 136% in April
Updated: 2022-07-04 17:26,Typhoon Aere forecast to make landfall on Japan's Kyushu Island: JMA
Updated: 2022-07-04 19:55,Africa treating monkeypox outbreak as emergency
Updated: 2022-07-04 20:40,South African countries commit to rebuilding economies post-COVID-19
Updated: 2022-07-05 08:01,China-backed light rail on track in Egypt
Updated: 2022-07-05 08:27,Regional effort urged on Myanmar reconciliation
Updated: 2022-07-05 09:22,People of Guinea-Bissau hold CPC in high regard
Updated: 2022-07-05 09:25,"US threatens Iranians' economic, health rights: gov't spokesman"
Updated: 2022-07-05 09:41,ECB to greenize monetary policy operations
Updated: 2022-07-05 16:07,Death toll in India's Manipur massive landslide rises to 48
Updated: 2022-07-05 17:27,Africa banks on mass vaccination campaigns
Updated: 2022-07-05 18:25,World's largest waterlily discovered
Updated: 2022-07-05 23:22,"China, Thailand set out closer future plans"
Updated: 2022-07-06 00:23,"China's ambassador to UK visits Scottish businesses, city officials"
Updated: 2022-07-06 07:30,"Leaders of Palestinian Authority, Hamas meet in Algeria"
Updated: 2022-07-06 07:35,Canada in deal to lift First Nations
Updated: 2022-07-06 07:45,UK 'plans another Rwanda flight' before court ruling
Updated: 2022-07-06 07:51,Britons sweat on prospect of summer rail misery
Updated: 2022-07-06 09:08,US CDC recommends majority of Americans wear masks: media
Updated: 2022-07-06 09:27,Fourth of July weekend marred by gun violence across US
Updated: 2022-07-06 09:34,Push grows to curb out-of-state abortions
Updated: 2022-07-06 09:51,Deaths of Independence Day parade shooting in Chicago suburb rise to 7
Updated: 2022-07-06 09:55,Biodiversity riches seen giving ASEAN an edge
Updated: 2022-07-06 10:13,Experts mull what impact lifting some China tariffs will have
Updated: 2022-07-07 01:29,UK tests using drones to deliver vital medicines
Updated: 2022-07-07 07:28,Path smoothed for NATO newcomers
Updated: 2022-07-07 07:37,Johnson holds out as grip on power slips
Updated: 2022-07-07 07:41,US accused of engaging in 'technological terrorism'
Updated: 2022-07-07 09:02,How Ping Pong Man got a bounce from diplomacy
Updated: 2022-07-07 09:18,Analysts take US to task on Xinjiang disinformation
Updated: 2022-07-07 09:41,French PM presents new government's program to lawmakers
