﻿Updated: 2022-03-07 17:49,"FM hopes for peaceful development between China, Japan"
Updated: 2022-03-31 10:34,World needs answer on US biolabs
Updated: 2022-04-21 06:30,Asian American hate crimes increased in US during pandemic
Updated: 2022-04-29 03:39,Cows in face masks to save the planet
Updated: 2022-05-01 22:16,Iran vows to continue nuke talks until national interests utterly protected
Updated: 2022-05-06 01:34,Cornwall residents urged to make 'hedgehog highways'
Updated: 2022-05-09 08:26,"Marathon staged on Chinese-built expressway, reviving Kenyans' hope for economic vitality"
Updated: 2022-05-09 10:04,"Syrian president meets Iran's supreme leader, president: state media"
Updated: 2022-05-10 21:28,South Sudan and Kenya report cholera outbreak
Updated: 2022-05-11 02:36,Painting of Marilyn Monroe sells for record-breaking $195m
Updated: 2022-05-11 07:40,Leaders aim for higher level Sino-ROK ties
Updated: 2022-05-11 07:58,New measures greatly expand global initiative
Updated: 2022-05-11 09:12,"Webb telescope's first full-color, scientific images due in July"
Updated: 2022-05-11 09:39,South Africa needs developmental space during energy transition: president
Updated: 2022-05-12 07:27,Top doctor attributes 1 million US COVID-19 deaths to 'human stupidity':report
Updated: 2022-05-12 07:50,Cartoonist invents Tanzania's first electric car
Updated: 2022-05-12 13:30,DPRK leader calls for 'maximum emergency' measures following first COVID-19 case
Updated: 2022-05-12 09:01,Inflation to put dent in UK disposable income
Updated: 2022-05-12 09:16,Euro could fall to parity with US dollar as fears of recession increase
Updated: 2022-05-12 09:55,Palestinians condemn killing of journalist in West Bank
Updated: 2022-05-12 14:06,China-Belarus industrial park welcomes new resident company
Updated: 2022-05-12 18:00,S.Korea says DPRK fires 3 short-range ballistic missiles into eastern waters
Updated: 2022-05-12 21:48,"Eastern Africa on the verge of acute food crisis, UN warns"
Updated: 2022-05-12 22:03,Astronomers unveil first image of black hole at center of galaxy
Updated: 2022-05-12 22:05,Sri Lankan president appoints new prime minister
Updated: 2022-05-13 07:35,Support vowed for Pakistan terror fight
Updated: 2022-05-13 09:45,Biden marks 1 million American COVID deaths
Updated: 2022-05-13 07:29,Hunger waits in wings with conflict impact
Updated: 2022-05-13 07:51,Figures show UK economy shrank in March
Updated: 2022-05-13 08:00,US political meddling in Taiwan question slammed
Updated: 2022-05-13 09:07,Ukraine 'forced' to halt European gas supplies
Updated: 2022-05-13 09:07,No survivor found on crashed aircraft in Cameroon
Updated: 2022-05-13 09:10,Ambassador Qin visits manufacturer in Georgia
Updated: 2022-05-13 09:12,"Biden urges retailers, manufacturers to ease baby formula shortage"
Updated: 2022-05-13 09:17,COVID-19 death toll in Europe tops 2 mln: WHO
Updated: 2022-05-13 09:18,Cambodia seeks artifacts return from Britain
Updated: 2022-05-13 09:18,"First post-pandemic car, motorcycle fair opens in Serbia"
Updated: 2022-05-13 09:21,Thousands of children at risk of lacking lead-poisoning testing in US
Updated: 2022-05-13 09:42,Cuba declares 42 hours of mourning for hotel blast deaths
Updated: 2022-05-13 09:52,Anti-Asian hate crimes historically follow world events
Updated: 2022-05-13 09:52,Slovenia's worst-ever factory explosion kills six: media
