﻿Updated: 2017-08-31 08:54,American in Beijing lives his Chinese dream
Updated: 2017-08-31 11:17,
Updated: 2021-01-25 10:17,Sharon Fraser : The awareness of Chongqing needs to be built outside of China
Updated: 2021-08-20 09:00,Student explores city's attractions by bicycle
Updated: 2022-03-21 09:00,Children learn better when they are with their peers
Updated: 2022-03-21 09:59,Reform of vocational education sought
Updated: 2022-03-21 15:28,Top court updates rules on administrative compensation
Updated: 2022-03-22 07:46,"Xi, like minds advance peace-making efforts"
Updated: 2022-03-22 09:55,"Senior shakes illness, embraces fitness"
Updated: 2022-03-22 11:38,China improves legislation to protect children in cyberspace
Updated: 2022-03-22 16:13,China stresses risk investigation to strengthen civil aviation safety
Updated: 2022-03-23 08:41,Policy looks to better integrate heritage resources into China's education system
Updated: 2022-03-23 09:32,"HK told to focus on reducing infections, fatalities"
Updated: 2022-03-23 12:25,Ministry tasks colleges administrators with helping graduates find jobs
Updated: 2022-03-23 14:54,Chinese wisdom in Xi's words: 'A just cause should be pursued for the common good'
Updated: 2022-03-23 15:31,Carrie Lam: HK will not 'lie flat' against COVID-19
Updated: 2022-03-24 07:47,New guideline will enhance oversight of research in frontier fields
Updated: 2022-03-24 09:17,"China to boost public-service system for sports, fitness"
Updated: 2022-03-24 09:24,BRICS team up on vaccine research
Updated: 2022-03-24 09:24,Executive sets sights on Hengqin
Updated: 2022-03-24 09:26,Keeping border safe in Yunnan a family tradition
Updated: 2022-03-24 09:33,China's anti-graft chief stresses full-coverage inspections
Updated: 2022-03-24 10:01,Vice-premier urges clean use of coal
Updated: 2022-03-24 10:04,Astronauts deliver lecture in space
Updated: 2022-03-24 10:05,"Chinese mainland reports 2,010 new local COVID-19 cases"
Updated: 2022-03-24 10:19,Tibetan race walker could claim 2012 gold
Updated: 2022-03-24 10:21,Shenzhen helps keep businesses open during pandemic
Updated: 2022-03-24 10:25,Environmental inspection team wants restoration of mountains speeded up
Updated: 2022-03-24 10:54,New variants possible as flights resume
Updated: 2022-03-24 10:55,Shanghai has no plans for city lockdown
Updated: 2022-03-24 11:29,Chinese Wisdom in Xi's Words: 'Strict implementation of laws leads to order'
