﻿Updated: 2017-08-31 08:54,American in Beijing lives his Chinese dream
Updated: 2017-08-31 11:17,
Updated: 2021-01-25 10:17,Sharon Fraser : The awareness of Chongqing needs to be built outside of China
Updated: 2021-08-20 09:00,Student explores city's attractions by bicycle
Updated: 2022-07-08 08:03,Li: 5 regions play pivotal growth role
Updated: 2022-07-08 09:16,Authorities warn consumers against refund scams
Updated: 2022-07-08 09:19,Pupils in hot seat during examinations
Updated: 2022-07-08 13:54,"Wang asks EU to uphold multilateralism, oppose confrontation"
Updated: 2022-07-10 13:05,Peking University marks 70th anniversary of intl student education
Updated: 2022-07-10 18:16,Senior Chinese official attends opening ceremony of cultural exhibition
Updated: 2022-07-11 18:22,Universities encouraged to use expertise to help businesses with technological and industrial development
Updated: 2022-07-12 09:06,Most thriving foreign companies in HK staying put
Updated: 2022-07-12 09:19,Model port worker keeps innovating
Updated: 2022-07-12 10:31,"Chinese premier stresses importance of workplace safety, prevention of major accidents"
Updated: 2022-07-12 14:07,Commissioner's office of Chinese foreign ministry in HKSAR says it's time for Hanscom Smith to stop grandstanding show
Updated: 2022-07-12 15:09,Zhuhai suspends all group teaching
Updated: 2022-07-12 17:11,'Steel cable girl' returns home to serve community
Updated: 2022-07-12 17:15,
Updated: 2022-07-13 03:02,Xi: Jointly foster stable cyberspace
Updated: 2022-07-13 06:48,Young people urged to strive for national rejuvenation
Updated: 2022-07-13 07:36,US envoy slammed for 'untruthful' claims on HK
Updated: 2022-07-13 08:35,Measures expected to boost economy
Updated: 2022-07-13 08:57,Hong Kong to utilize mainland connections
Updated: 2022-07-13 09:18,China scorches during record heat
Updated: 2022-07-13 09:20,"A village prospers, thanks to returnees"
Updated: 2022-07-13 09:26,IP rights under increased protection
Updated: 2022-07-13 09:31,Xinjiang official slams US suppression
Updated: 2022-07-13 09:40,"Giant pandas ate bamboo as early as 7 million years ago, study says"
Updated: 2022-07-13 10:22,China launches new data relay satellite
Updated: 2022-07-13 12:56,Third Tianlian II-series satellite launched
Updated: 2022-07-13 21:38,IP 'core element' of international competitiveness: Expert
Updated: 2022-07-13 23:41,Hebei continues public security campaign
Updated: 2022-07-14 06:55,Taiwan to benefit from support of strong motherland
Updated: 2022-07-14 03:41,Nations tout substantial progress in Central Asia
