﻿Updated: 2017-08-31 08:54,American in Beijing lives his Chinese dream
Updated: 2017-08-31 11:17,
Updated: 2021-01-25 10:17,Sharon Fraser : The awareness of Chongqing needs to be built outside of China
Updated: 2021-08-20 09:00,Student explores city's attractions by bicycle
Updated: 2022-03-21 09:59,Reform of vocational education sought
Updated: 2022-03-23 08:41,Policy looks to better integrate heritage resources into China's education system
Updated: 2022-03-23 12:25,Ministry tasks colleges administrators with helping graduates find jobs
Updated: 2022-03-24 09:33,China's anti-graft chief stresses full-coverage inspections
Updated: 2022-03-24 10:04,Astronauts deliver lecture in space
Updated: 2022-03-24 13:50,A silver lining amid the pandemic
Updated: 2022-03-25 08:04,Premier urges greater grain security
Updated: 2022-03-25 09:39,"From tragedy, the gift of sight for five lucky recipients"
Updated: 2022-03-25 11:23,Driving to the front line in pandemic fight
Updated: 2022-03-25 14:03,"Chinese scientists identify yield-related genes in maize, rice"
Updated: 2022-03-25 16:05,China rolls out policies to support grain production
Updated: 2022-03-25 16:20,China's science foundation ups research budget to 33b yuan
Updated: 2022-03-25 17:32,Experts Say: How to protect the elderly against COVID-19
Updated: 2022-03-25 18:42,Nomination period of HKSAR chief executive election to begin on April 3
Updated: 2022-03-27 16:55,China's Tianzhou-2 cargo craft leaves space station core module
Updated: 2022-03-27 22:16,Chinese vice premier urges reinforcing poverty-elimination achievements
Updated: 2022-03-28 09:05,Document urges better protection of martyrs
Updated: 2022-03-28 09:07,East Shanghai under phased lockdown
Updated: 2022-03-28 09:09,"Hong Kong's daily infections fall below 10,000"
Updated: 2022-03-28 09:28,"New careers fuel rural empowerment, vitalization"
Updated: 2022-03-28 09:36,"Xi, president of Vanuatu mark 40 years of ties"
Updated: 2022-03-28 09:39,Multicultural effort creates Long Tune
Updated: 2022-03-28 18:20,Beidou systems put to use in NE China agriculture
Updated: 2022-03-29 07:12,Ministry to push legislation on climate
