﻿Updated: 2022-03-07 17:49,"FM hopes for peaceful development between China, Japan"
Updated: 2022-03-31 10:34,World needs answer on US biolabs
Updated: 2022-04-21 06:30,Asian American hate crimes increased in US during pandemic
Updated: 2022-04-26 15:33,Palestine question should not be sidelined: Chinese envoy
Updated: 2022-04-29 03:39,Cows in face masks to save the planet
Updated: 2022-05-01 22:16,Iran vows to continue nuke talks until national interests utterly protected
Updated: 2022-05-06 01:34,Cornwall residents urged to make 'hedgehog highways'
Updated: 2022-05-09 08:26,"Marathon staged on Chinese-built expressway, reviving Kenyans' hope for economic vitality"
Updated: 2022-05-09 10:04,"Syrian president meets Iran's supreme leader, president: state media"
Updated: 2022-05-10 14:40,Yoon Suk-yeol sworn in as South Korea's new president
Updated: 2022-05-10 16:11,"US urged not to use summit with ASEAN to create rift, instability in region"
Updated: 2022-05-10 20:11,S. African close to a Just Transition Framework
Updated: 2022-05-10 21:28,South Sudan and Kenya report cholera outbreak
Updated: 2022-05-11 02:36,Painting of Marilyn Monroe sells for record-breaking $195m
Updated: 2022-05-11 07:36,Xi congratulates Hungary's new President Katalin Novak
Updated: 2022-05-11 07:40,Leaders aim for higher level Sino-ROK ties
Updated: 2022-05-11 07:58,New measures greatly expand global initiative
Updated: 2022-05-11 09:12,"Webb telescope's first full-color, scientific images due in July"
Updated: 2022-05-11 09:39,South Africa needs developmental space during energy transition: president
Updated: 2022-05-11 09:43,UK slammed for plan to stifle peaceful protest
Updated: 2022-05-11 14:04,Biden says 'discussing' whether to drop hiked tariffs on Chinese products
Updated: 2022-05-11 21:13,"SCO member countries call for unity, friendship"
Updated: 2022-05-12 00:23,"US inflation surges 8.3% in April, still near four-decade high"
Updated: 2022-05-12 07:26,"Zelensky, Scholz discuss defensive aid for Ukraine"
Updated: 2022-05-12 07:27,Top doctor attributes 1 million US COVID-19 deaths to 'human stupidity':report
Updated: 2022-05-12 07:29,Experts: Don't use crisis to smear China
Updated: 2022-05-12 07:42,"After cover-ups, truth out on US germ warfare"
Updated: 2022-05-12 07:50,Cartoonist invents Tanzania's first electric car
Updated: 2022-05-12 09:00,DPRK confirms first-ever COVID-19 case: state media
Updated: 2022-05-12 09:01,Inflation to put dent in UK disposable income
Updated: 2022-05-12 09:08,Biden's push on chips seen backfiring
Updated: 2022-05-12 09:14,London and Brussels risk trade war over troubled post-Brexit protocol
Updated: 2022-05-12 09:16,Euro could fall to parity with US dollar as fears of recession increase
Updated: 2022-05-12 09:19,German price hikes hit the highest level in 40 years
Updated: 2022-05-12 09:32,"Finland, UK sign statement of mutual support"
Updated: 2022-05-12 09:34,"CDC: US overdose deaths hit record 107,000 last year"
Updated: 2022-05-12 09:43,Africa main target of IS attacks: Moroccan FM
Updated: 2022-05-12 10:10,Chinese FM meets Pakistani counterpart
