﻿Updated: 2017-08-31 08:54,American in Beijing lives his Chinese dream
Updated: 2017-08-31 11:17,
Updated: 2021-01-25 10:17,Sharon Fraser : The awareness of Chongqing needs to be built outside of China
Updated: 2021-08-20 09:00,Student explores city's attractions by bicycle
Updated: 2022-06-02 09:49,Volunteer work provides a fresh view of the world
Updated: 2022-06-09 18:24,Shanxi writer excels from her wheelchair
Updated: 2022-06-10 19:28,China voices firm opposition to European Parliament's Xinjiang resolution
Updated: 2022-06-10 22:24,Vice-premier stresses deepening China-Russia connectivity cooperation
Updated: 2022-06-11 17:43,Beijing postpones return of students to schools
Updated: 2022-06-13 07:30,University offers scuba diving course
Updated: 2022-06-13 09:38,Senior Chinese military officer meets Pakistani chief of army staff
Updated: 2022-06-13 18:53,Old YMT police station to open to public to mark HK's return
Updated: 2022-06-14 07:34,Xi's Philippines trip sealed friendship
Updated: 2022-06-14 08:53,"'One country, two systems' continues to benefit HK, whole nation"
Updated: 2022-06-14 09:06,Chinese vice-premier urges solid efforts to contain COVID-19 in Beijing
Updated: 2022-06-14 09:48,"Musician changing lives, one note at a time"
Updated: 2022-06-14 14:39,Number of postgrads rises in last decade
Updated: 2022-06-14 16:18,China's deep space exploration laboratory starts operation
Updated: 2022-06-15 07:33,Highest observatory in world will give Tibet a better view of the galaxy
Updated: 2022-06-15 07:35,Former English teacher an online sales sensation
Updated: 2022-06-15 07:42,Assaults bring law into focus
Updated: 2022-06-15 08:33,Guideline takes aim at telecom fraud
Updated: 2022-06-15 08:54,Guitars strum to beautiful tune in Guizhou
Updated: 2022-06-15 09:02,Reform and innovation spur growth of China's medical systems
Updated: 2022-06-15 09:20,Postgraduate education expanded in past decade
Updated: 2022-06-15 09:23,China mulls recognition of 18 new professions
Updated: 2022-06-15 09:40,Chinese researchers explore new artificial glacier melt reduction method
Updated: 2022-06-15 09:51,Tech company embraces metaverse in SW China
Updated: 2022-06-15 15:03,"Hong Kong ranks 5th in World Competitiveness Yearbook 2022, up from 7th"
Updated: 2022-06-15 20:32,Beijing fines businesses for epidemic non-compliance
Updated: 2022-06-15 21:48,Mainland spokesperson rebukes false claims from DPP
Updated: 2022-06-16 01:11,China cuts carbon emissions per unit of GDP by half from 2005
Updated: 2022-06-16 07:19,"President, Putin call for fairer global order"
