﻿Updated: 2017-08-31 08:54,American in Beijing lives his Chinese dream
Updated: 2017-08-31 11:17,
Updated: 2021-01-25 10:17,Sharon Fraser : The awareness of Chongqing needs to be built outside of China
Updated: 2021-08-20 09:00,Student explores city's attractions by bicycle
Updated: 2022-06-23 09:46,Three men honored for saving children
Updated: 2022-06-24 09:41,Courier earns praise for warning message
Updated: 2022-06-24 23:36,"Work on culture, historical data highlighted at gathering"
Updated: 2022-06-25 14:08,Law planned to protect arable land
Updated: 2022-06-26 19:05,Shanghai to continue developing open hub status
Updated: 2022-06-27 08:50,Beijing students returning to class as epidemic wanes
Updated: 2022-06-27 19:11,New rules on internet accounts to take effect in Aug
Updated: 2022-06-28 17:04,China rolls out 31 new undergraduate majors
Updated: 2022-06-28 19:04,China unveils major sci-tech issues of 2022
Updated: 2022-06-29 06:55,Xi: Large-scale agriculture to play key role
Updated: 2022-06-29 07:24,Efforts urged to stabilize employment
Updated: 2022-06-29 08:41,New phase of innovation begins between China and Singapore
Updated: 2022-06-29 08:44,Solar power heats Zhejiang's economy
Updated: 2022-06-29 09:21,"After months closed, Shanghai Disney set to reopen"
Updated: 2022-06-29 09:30,"China steps up efforts to fight floods, droughts"
Updated: 2022-06-29 09:31,Third runway at HK airport nears opening
Updated: 2022-06-29 09:32,Sea-rail intermodal container terminal launched in China's Guangxi
Updated: 2022-06-29 09:34,Spike in flu cases puzzles experts
Updated: 2022-06-29 09:35,Cafe's specialty to perk up hopes in hard times
Updated: 2022-06-29 09:56,Account verifications to limit spread of misinformation online
Updated: 2022-06-29 09:57,Bases see revolutionary development
Updated: 2022-06-29 09:57,Shenzhou XIII astronauts doing well after returning to Earth
Updated: 2022-06-29 09:58,Chinese grows in influence over decade
Updated: 2022-06-29 11:35,Third academic joint venture to receive first students in September
Updated: 2022-06-29 11:49,Guangdong and Hong Kong's trade relationship grows
