﻿Updated: 2017-08-31 08:54,American in Beijing lives his Chinese dream
Updated: 2017-08-31 11:17,
Updated: 2021-01-25 10:17,Sharon Fraser : The awareness of Chongqing needs to be built outside of China
Updated: 2021-08-20 09:00,Student explores city's attractions by bicycle
Updated: 2022-02-24 11:28,China launches digital working platform for lawmakers
Updated: 2022-02-24 13:46,National political advisors urged to conduct in-depth study of public issues
Updated: 2022-02-25 16:37,Kim congratulates Xi on successful Beijing Winter Olympics
Updated: 2022-02-25 18:44,"New president, Party chief for Tsinghua announced"
Updated: 2022-02-25 19:22,Xi and Putin exchange views on Ukrainian situation
Updated: 2022-02-25 21:46,International teachers discuss enhancing students' soft power
Updated: 2022-02-26 09:03,"New president, Party chief for Tsinghua"
Updated: 2022-02-26 21:42,Experts share tips for those in home isolation
Updated: 2022-02-27 08:35,China launches new land-observation satellite
Updated: 2022-02-27 09:45,Two batches of mainland medical experts sent to HK to fight COVID-19
Updated: 2022-02-27 10:53,China launches rocket to deploy Earth-observation satellite
Updated: 2022-02-27 11:52,China's Long March rocket carries record-breaking 22 satellites
Updated: 2022-02-27 20:46,Chinese lawmakers deliberate draft decision on ranks for active-duty soldiers
Updated: 2022-02-27 21:10,"Mainland sci-tech cooperation with HK, Macao advances"
Updated: 2022-02-28 07:16,Global experts look forward to the two sessions
Updated: 2022-02-28 07:16,COVID outbreaks affect more regions on Chinese mainland
Updated: 2022-02-28 07:19,HK could see shortage of health workers
Updated: 2022-02-28 07:24,"Lawmakers, advisers seek tougher penalties for human trafficking"
Updated: 2022-02-28 09:00,Wandering elephant herd enters rescue center valley
Updated: 2022-02-28 09:01,Record set as rocket blasts off
Updated: 2022-02-28 09:03,More passengers take trips on trains during this year's Spring Festival travel rush
Updated: 2022-02-28 09:11,"With bedtime stories, teacher entertains, comforts and educates"
Updated: 2022-02-28 09:14,Tibetan's new chart helps make math easier
Updated: 2022-02-28 09:20,Russia-Ukraine jokes hit social media wall
Updated: 2022-02-28 09:37,Report calls for efforts to help seniors become better netizens
