﻿Updated: 2022-06-04 06:40,Five things to know about the US gun lobby
Updated: 2022-06-07 19:12,"Senior Chinese diplomat, Japanese national security official talk over phone"
Updated: 2022-06-16 09:32,Smartphone cameras still no match for dedicated devices
Updated: 2022-06-27 09:03,Africa virus rebound prompts appeal for vigilance
Updated: 2022-06-27 11:25,South African president mourns for 22 teenagers dead in tavern
Updated: 2022-06-28 10:05,More hoped for UN biodiversity blueprint
Updated: 2022-06-28 10:48,Turkey objects to unilateral sanctions against Iran: FM
Updated: 2022-06-28 10:59,Iran confirms nuclear talks to start in Doha on Tuesday
Updated: 2022-06-28 11:00,E. African initiative seeks to tap bioeconomy potential
Updated: 2022-06-28 18:18,"12 killed, 251 injured in toxic gas leak at Jordan's port"
Updated: 2022-06-29 02:53,Ghislaine Maxwell sentenced to 20 years in prison for sex trafficking
Updated: 2022-06-29 16:45,"West, Central African children suffer due to conflicts"
Updated: 2022-06-30 09:43,Insects as food could help end hunger
Updated: 2022-07-02 18:03,US announces additional security assistance to Ukraine
Updated: 2022-07-03 22:29,10th World Peace Forum opens in Beijing
Updated: 2022-07-04 07:32,NATO's bigger remit brings rising dangers
Updated: 2022-07-04 07:42,How pandemic in US hit Chinese students hard
Updated: 2022-07-04 09:08,Hungary plays key role in China-CEE cooperation
Updated: 2022-07-04 17:26,Typhoon Aere forecast to make landfall on Japan's Kyushu Island: JMA
Updated: 2022-07-04 18:09,Sydney suburbs reel amid severe storms as poor urban planning worsened by climate change
Updated: 2022-07-04 20:40,South African countries commit to rebuilding economies post-COVID-19
Updated: 2022-07-05 07:00,"6 dead, dozens hurt in shooting at parade"
Updated: 2022-07-05 07:26,US' green energy ambitions losing spark
Updated: 2022-07-05 07:29,Court's ruling on emissions benefits polluters
Updated: 2022-07-05 07:31,Reality bites in Asia over NATO push
Updated: 2022-07-05 07:44,"Lancang-Mekong cooperation benefits residents, Wang says"
Updated: 2022-07-05 07:45,Russian forces hold key Ukraine city in new setback for Kyiv
Updated: 2022-07-05 07:47,Experts: Politically driven response to BRI not viable
Updated: 2022-07-05 08:01,China-backed light rail on track in Egypt
Updated: 2022-07-05 08:27,Regional effort urged on Myanmar reconciliation
Updated: 2022-07-05 09:09,France's Macron reshuffles cabinet
Updated: 2022-07-05 09:12,Inflation hits 20-year high of 78.6 percent
Updated: 2022-07-05 09:22,People of Guinea-Bissau hold CPC in high regard
Updated: 2022-07-05 09:25,"US threatens Iranians' economic, health rights: gov't spokesman"
Updated: 2022-07-05 09:29,US mulls plan to train Ukrainian military: US ambassador
Updated: 2022-07-05 09:34,Terrorism ruled out in Denmark shooting
Updated: 2022-07-05 09:41,ECB to greenize monetary policy operations
Updated: 2022-07-05 09:52,Italy declares state of emergency to confront drought
Updated: 2022-07-05 09:57,UK hopes work visas will attract overseas grads
Updated: 2022-07-05 10:05,Switzerland hosts first Ukraine Recovery Conference
