﻿Updated: 2017-08-31 08:54,American in Beijing lives his Chinese dream
Updated: 2017-08-31 11:17,
Updated: 2021-01-25 10:17,Sharon Fraser : The awareness of Chongqing needs to be built outside of China
Updated: 2021-08-20 09:00,Student explores city's attractions by bicycle
Updated: 2022-08-24 16:24,"Facing raging fires, young man jumps into action"
Updated: 2022-08-25 09:11,Changsha's disappearing sounds captured for posterity
Updated: 2022-08-30 16:43,Blind student sets blistering pace in life
Updated: 2022-08-31 09:37,Financial aid helps needy students
Updated: 2022-08-31 13:50,"Video: Chongqing fights flames with heroism, solidarity"
Updated: 2022-08-31 16:21,Xinjiang's new expressway to boost high-quality economic development
Updated: 2022-08-31 19:48,Chinese central gov't to issue 3 bln yuan bonds in Macao SAR
Updated: 2022-08-31 19:54,Central gov't fully supports HK's participation in B&R development: vice premier
Updated: 2022-08-31 22:09,Xi hails role of CIFTIS as key platform
Updated: 2022-08-31 18:00,Chinese scientist recognized for breakthroughs & global contribution
Updated: 2022-09-01 07:18,Hong Kong hailed as BRI's pivotal gateway
Updated: 2022-09-01 08:57,Dream comes true for determined disabled student
Updated: 2022-09-01 09:19,Detailed plans urged for safe start to new school semester nationwide
Updated: 2022-09-01 09:29,"Top Chinese legislator calls for in-depth investigation, research from deputies"
Updated: 2022-09-01 16:08,Daylilies get a foothold in Shanxi
Updated: 2022-09-01 17:07,Legislators call for a more specific anti-fraud draft law
Updated: 2022-09-02 00:25,Congress organizers announce media plans
Updated: 2022-09-02 01:05,Students in Wuhan perfect sand barrier machine
Updated: 2022-09-02 06:42,Duo undertake 7-hour spacewalk
Updated: 2022-09-02 06:51,China condemns 'invalid' UN report
Updated: 2022-09-02 07:02,Action plan targets conserving Yellow River
Updated: 2022-09-02 07:43,Experts: Drill with Russia not aimed at others
Updated: 2022-09-02 09:01,Expressway section cuts travel times in Xinjiang
Updated: 2022-09-02 09:22,3 senior officials expelled from Party for corruption
Updated: 2022-09-02 09:24,New courses make students appreciate value of hard work
Updated: 2022-09-02 09:25,Qingdao monorail to be first for commercial use
Updated: 2022-09-02 09:33,Chinese premier stresses need to nurture higher-quality products
Updated: 2022-09-02 09:45,HK quarantine on table for travelers entering mainland
Updated: 2022-09-03 07:08,"Legislation gets tough with online, telecom scammers"
Updated: 2022-09-03 07:10,Couples tend to wait before tying the knot
Updated: 2022-09-03 07:15,"Police clamp down on illegal fishing, mining"
