﻿Updated: 2022-03-07 17:49,"FM hopes for peaceful development between China, Japan"
Updated: 2022-03-31 10:34,World needs answer on US biolabs
Updated: 2022-04-15 11:04,Gulf oil states stand up for own interests
Updated: 2022-04-16 07:39,"China, Saudi Arabia pledge to boost ties"
Updated: 2022-04-18 10:06,"IAEA monitors nuclear activities without access, Iran says"
Updated: 2022-04-20 11:20,Horn of Africa hunger could soar to 20 mln by year end: UN
Updated: 2022-04-20 16:30,"AU calls for dialogue, peaceful solution to end Russia-Ukraine conflict"
Updated: 2022-04-21 06:30,Asian American hate crimes increased in US during pandemic
Updated: 2022-04-21 09:52,Late rains add to drought misery in Horn of Africa
Updated: 2022-04-21 20:56,Chinese embassy in S. Africa donates to flood victims
Updated: 2022-04-21 22:24,"Youth representatives from China, Russia discuss cooperation at forum"
Updated: 2022-04-22 09:46,Australian scientists to power Tesla car using printed solar panels
Updated: 2022-04-22 09:54,Global tourism industry to create nearly 126 mln jobs in 10 years: report
Updated: 2022-04-22 09:55,"UN chief calls for ambitious action on climate disruption, nature loss, pollution"
Updated: 2022-04-23 12:17,"UK, India to step up defense and trade ties"
Updated: 2022-04-24 15:58,Russian forces hit logistics terminal of foreign weapons near Odessa
Updated: 2022-04-24 21:27,"12 killed, 10 missing after boats capsize off Tunisia's coast"
Updated: 2022-04-25 07:21,Palestinians' plight exposes West hypocrisy
Updated: 2022-04-25 09:26,Japanese policy adjustments seen amid Ukraine crisis
Updated: 2022-04-25 09:28,EU unveils new rule book to police tech companies
Updated: 2022-04-25 09:43,Agriculture sows new seeds of friendship
Updated: 2022-04-25 14:14,Concerns mount over South Korea's lifting of anti-COVID-19 measures
Updated: 2022-04-25 17:15,Toddler from missing Japanese boat confirmed dead as death toll rises to 11
Updated: 2022-04-26 01:05,Macron wins France's presidential election
Updated: 2022-04-26 09:15,"Gun crimes increase death, parental loss among US teenagers"
Updated: 2022-04-26 09:31,US cities had highest homicide rates during pandemic: study
Updated: 2022-04-26 09:33,"AVs show promise, also pose questions"
Updated: 2022-04-26 09:39,"Ukraine in focus as India, UK push business ties"
Updated: 2022-04-26 09:41,Vocational training skills up Kenyans
Updated: 2022-04-27 07:12,Those behind Karachi terrorist attack will pay price: FM spokesperson
Updated: 2022-04-27 07:14,Latin America opening up after virus retreats
Updated: 2022-04-27 07:20,Students hit hard by Indian ban on Chinese apps
Updated: 2022-04-27 07:49,Aid to Sri Lanka shows depth of ties
Updated: 2022-04-27 09:13,Harvard pledges $100m to redress its ties to slavery
Updated: 2022-04-27 09:16,US Fed's policies are main driver of inflation
Updated: 2022-04-27 09:33,Impact of Brexit agreement on trade revealed
Updated: 2022-04-27 09:33,"Putin, UN chief meet to discuss Ukraine"
Updated: 2022-04-27 09:41,"Over 37,000 child COVID-19 cases reported in US past week"
Updated: 2022-04-27 09:46,CDC: 6 in 10 Americans have had COVID-19
Updated: 2022-04-27 09:57,UNESCO calls for proposals for the 2022 Silk Roads Youth Research Grant
