﻿Updated: 2017-08-31 08:54,American in Beijing lives his Chinese dream
Updated: 2017-08-31 11:17,
Updated: 2021-01-25 10:17,Sharon Fraser : The awareness of Chongqing needs to be built outside of China
Updated: 2021-08-20 09:00,Student explores city's attractions by bicycle
Updated: 2022-02-05 19:47,Chinese premier pledges to continue strengthening IPR protection
Updated: 2022-02-07 08:30,Premier meets with series of world leaders
Updated: 2022-02-16 11:24,Premier stresses gathering wisdom to improve govt work
Updated: 2022-02-16 11:27,Top legislature prepares lawmakers for upcoming annual session
Updated: 2022-02-16 21:30,Selected letters of Xi Jinping published
Updated: 2022-02-17 07:25,"Xi, Macron vow to boost cooperation"
Updated: 2022-02-17 08:17,Institutions face tighter scrutiny from authorities
Updated: 2022-02-17 09:11,Salary climbing for returning graduates
Updated: 2022-02-17 09:12,Large amphibious plane forges ahead
Updated: 2022-02-17 10:37,The making of China’s Olympic mascots
Updated: 2022-02-17 15:37,Shanghai unveils new legislation plan
Updated: 2022-02-17 17:00,"Chinese schools to appoint vice principals to tackle delinquency, bullying"
Updated: 2022-02-18 07:02,Central govt boosts support for HK virus fight
Updated: 2022-02-18 08:10,Law enforcement officials to serve as school vice-principals
Updated: 2022-02-18 08:59,Cities offering rewards for stowaway tips
Updated: 2022-02-18 09:02,Job market abuzz with activity since Spring Festival holiday
Updated: 2022-02-18 09:22,Disease control body to establish oversight
Updated: 2022-02-18 09:23,VR visits enabled for ancient buildings
Updated: 2022-02-18 09:28,Robot shark making a big splash in Shanghai
Updated: 2022-02-18 09:31,Athletes treasure children's drawings
Updated: 2022-02-18 09:53,"China approves mega project for greater computing power, digital future"
Updated: 2022-02-18 10:26,New jobs for farmers with winter sports zeal
Updated: 2022-02-18 17:11,Mobile phone penetration rate in Xinjiang reaches 117.5 per 100 people
Updated: 2022-02-19 07:46,Xinjiang emerges as winter sports hotspot amid Olympics
Updated: 2022-02-19 12:25,"Mainland experts attend meeting on  Hong Kong's epidemic prevention, control work"
Updated: 2022-02-19 12:58,Various sectors in Hong Kong gear up to take anti-epidemic measures
Updated: 2022-02-19 20:14,Real-world data shows domestic vaccines effective against new variants
Updated: 2022-02-19 20:18,China endorses vaccine mixing to build herd immunity
