﻿Updated: 2017-08-31 08:54,American in Beijing lives his Chinese dream
Updated: 2017-08-31 11:17,
Updated: 2021-01-25 10:17,Sharon Fraser : The awareness of Chongqing needs to be built outside of China
Updated: 2021-08-20 09:00,Student explores city's attractions by bicycle
Updated: 2022-07-30 10:04,Leaders laud China's progress
Updated: 2022-08-02 09:05,Fishermen set sail as moratorium ends
Updated: 2022-08-02 10:08,Early detection drops special school enrollments
Updated: 2022-08-03 08:32,Policies energize hard-hit economy
Updated: 2022-08-03 08:41,State Council working harder to shore up nation's job market
Updated: 2022-08-03 09:33,More students studying Spanish
Updated: 2022-08-03 19:24,8-year-old organ donor gives families new lease on life
Updated: 2022-08-06 09:20,National education mandatory in HK
Updated: 2022-08-06 09:22,Young 'diplomats' discuss global challenges
Updated: 2022-08-06 12:43,HKSAR govt fully supports countermeasures by central authorities in response to Pelosi's Taiwan visit
Updated: 2022-08-08 09:16,Watermelon expert revered for dedication
Updated: 2022-08-08 12:12,Expansion of education
Updated: 2022-08-08 12:14,State Council appoints secretary-general of Committee for Safeguarding National Security of HKSAR
Updated: 2022-08-08 14:02,HK to shorten arrivals' quarantine period
Updated: 2022-08-09 07:01,The two-faced politics of Tsai Ing-wen
Updated: 2022-08-09 10:11,Mediator diligent in dispelling disputes
Updated: 2022-08-09 10:57,Footprints: How did a 'semi-suburban' economy work and transform Zhengding
Updated: 2022-08-09 22:30,"Xi stresses mutual assistance, win-win cooperation"
Updated: 2022-08-10 07:04,"Hebei posts steady, sound growth"
Updated: 2022-08-10 08:49,China has world's second largest number of nuclear power units: official
Updated: 2022-08-10 08:51,Ceres 1 rocket ready to go commercial
Updated: 2022-08-10 08:57,Photographer captures COVID moments
Updated: 2022-08-10 09:05,"Chinese state councilor stresses importance of flood control, workplace safety"
Updated: 2022-08-10 09:06,Shenzhen powers ahead in transport
Updated: 2022-08-10 09:21,Dance show axed by epidemic becomes online hit
Updated: 2022-08-10 09:24,Summer crowds may have impacted Xinjiang outbreak
Updated: 2022-08-10 09:27,Yunnan courts help resolve elephant disputes
Updated: 2022-08-10 09:28,"Tibet, Hainan move to contain virus"
Updated: 2022-08-10 09:32,China builds first rare earth PML maglev line
Updated: 2022-08-10 09:54,5G to play important role in media future
Updated: 2022-08-10 18:11,"Hainan trains, ferries halted for typhoon"
Updated: 2022-08-10 22:28,"Hainan, Guangdong cope with typhoon Mulan"
Updated: 2022-08-11 07:05,"Nation fights outbreaks in Hainan, Tibet"
Updated: 2022-08-11 07:10,PLA to regularly patrol Taiwan region
