﻿Updated: 2017-08-31 08:54,American in Beijing lives his Chinese dream
Updated: 2017-08-31 11:17,
Updated: 2021-01-25 10:17,Sharon Fraser : The awareness of Chongqing needs to be built outside of China
Updated: 2021-08-20 09:00,Student explores city's attractions by bicycle
Updated: 2022-03-21 09:59,Reform of vocational education sought
Updated: 2022-03-22 07:46,"Xi, like minds advance peace-making efforts"
Updated: 2022-03-22 11:38,China improves legislation to protect children in cyberspace
Updated: 2022-03-22 16:13,China stresses risk investigation to strengthen civil aviation safety
Updated: 2022-03-23 08:41,Policy looks to better integrate heritage resources into China's education system
Updated: 2022-03-23 12:25,Ministry tasks colleges administrators with helping graduates find jobs
Updated: 2022-03-23 14:54,Chinese wisdom in Xi's words: 'A just cause should be pursued for the common good'
Updated: 2022-03-24 09:24,Executive sets sights on Hengqin
Updated: 2022-03-24 09:26,Keeping border safe in Yunnan a family tradition
Updated: 2022-03-24 09:33,China's anti-graft chief stresses full-coverage inspections
Updated: 2022-03-24 10:04,Astronauts deliver lecture in space
Updated: 2022-03-24 10:19,Tibetan race walker could claim 2012 gold
Updated: 2022-03-24 10:54,New variants possible as flights resume
Updated: 2022-03-24 12:27,Ministry vows to curb safety hazards after plane crash
Updated: 2022-03-24 13:35,New photos show Chinese rover's path on Martian surface
Updated: 2022-03-24 13:50,A silver lining amid the pandemic
Updated: 2022-03-24 16:55,COVID Diary: 'Ignorance is bliss' may be true for my mom
Updated: 2022-03-25 07:20,China opposes sanctions for good reasons
Updated: 2022-03-25 07:31,Findings refine knowledge of galaxy
Updated: 2022-03-25 08:04,Premier urges greater grain security
Updated: 2022-03-25 08:08,Experts give vote of confidence to the nation's civil aviation safety
Updated: 2022-03-25 08:37,TCM wins greater approval in HK amid virus outbreak
Updated: 2022-03-25 09:36,Researchers find proof of prehistoric pigment use
Updated: 2022-03-25 09:38,Tele-diagnosis from Chongqing changes Dane's life
Updated: 2022-03-25 09:39,"From tragedy, the gift of sight for five lucky recipients"
Updated: 2022-03-25 09:42,Panda backpacks send hope overseas
Updated: 2022-03-25 09:43,Research teams find key genes for carnations
Updated: 2022-03-25 09:44,Haikou's 'mother river' flows clear again
Updated: 2022-03-25 09:48,Young people leaving digital assets in wills
