﻿Updated: 2017-08-31 08:54,American in Beijing lives his Chinese dream
Updated: 2017-08-31 11:17,
Updated: 2021-01-25 10:17,Sharon Fraser : The awareness of Chongqing needs to be built outside of China
Updated: 2021-08-20 09:00,Student explores city's attractions by bicycle
Updated: 2022-04-15 19:28,Universities help educate students on national security
Updated: 2022-04-20 09:16,"Draft focuses on youth myopia rates, obesity"
Updated: 2022-04-20 16:20,China adopts revised vocational education law
Updated: 2022-04-21 09:09,Vocational education to receive better recognition
Updated: 2022-04-21 13:47,"Rain or shine, teacher goes extra mile to teach students"
Updated: 2022-04-21 15:18,China highlights achievements in youth development in white paper
Updated: 2022-04-21 18:22,First phase of HK's largest isolation facility completed
Updated: 2022-04-22 09:45,'Last birthday' wish fulfilled with community effort
Updated: 2022-04-22 11:05,TCM innovation center underway in Bay Area
Updated: 2022-04-22 16:14,Reforms to judicial system bear fruit
Updated: 2022-04-22 17:23,"China strengthens supervision on prisons, detention centers with circuit inspection"
Updated: 2022-04-23 09:34,Legal transparency key to judicial reform
Updated: 2022-04-24 21:07,China mulls building defense system against near-Earth asteroids
Updated: 2022-04-24 21:32,China starts engineering development of lunar exploration program's fourth phase
Updated: 2022-04-24 22:29,Central govt provides strong support for HK's anti-pandemic capablities
Updated: 2022-04-25 06:30,How are delegates elected to CPC National Congress?
Updated: 2022-04-25 07:01,China offers solutions for global security
Updated: 2022-04-25 07:02,Nation mulls mission on far side of moon
Updated: 2022-04-25 07:04,China developing defense against near-Earth asteroids
Updated: 2022-04-25 07:28,China makes headway in IP industry
Updated: 2022-04-25 08:40,Governments introduce range of measures to support child care
Updated: 2022-04-25 09:18,Private schemes to support existing pension system
Updated: 2022-04-25 09:24,International cooperation sought on archaeology
Updated: 2022-04-25 09:36,Shanghai tries to get back to work amid outbreak
Updated: 2022-04-25 10:04,Medical care increases at city hospitals
Updated: 2022-04-25 11:13,Ministry tightens screws on soil polluters
Updated: 2022-04-25 11:14,"From vets to common people, collective endeavor toward wildlife protection"
