﻿Updated: 2017-08-31 08:54,American in Beijing lives his Chinese dream
Updated: 2017-08-31 11:17,
Updated: 2021-01-25 10:17,Sharon Fraser : The awareness of Chongqing needs to be built outside of China
Updated: 2021-08-20 09:00,Student explores city's attractions by bicycle
Updated: 2022-07-11 18:22,Universities encouraged to use expertise to help businesses with technological and industrial development
Updated: 2022-07-12 14:07,Commissioner's office of Chinese foreign ministry in HKSAR says it's time for Hanscom Smith to stop grandstanding show
Updated: 2022-07-12 15:09,Zhuhai suspends all group teaching
Updated: 2022-07-13 07:36,US envoy slammed for 'untruthful' claims on HK
Updated: 2022-07-13 08:35,Measures expected to boost economy
Updated: 2022-07-13 08:57,Hong Kong to utilize mainland connections
Updated: 2022-07-13 10:11,China to ease residency restrictions in urban areas
Updated: 2022-07-13 10:25,China to launch work-relief programs for major projects
Updated: 2022-07-14 07:23,Short space trips for paying passengers on the way
Updated: 2022-07-14 08:50,Award nominee muses on his achievements
Updated: 2022-07-14 09:07,Hong Kong sees boom in learning Mandarin
Updated: 2022-07-14 12:25,Swab and scan: Robot in action
Updated: 2022-07-15 00:00,Summer grain harvest increases despite floods
Updated: 2022-07-15 06:57,Throat swab robots will ease burden on medics
Updated: 2022-07-15 07:07,Admission letters catch eyes of freshmen
Updated: 2022-07-15 08:45,Xi's reply letter inspires youth from Taiwan
Updated: 2022-07-15 09:37,"As grasslands recover, space seeds take root"
Updated: 2022-07-15 10:03,Mainland denounces DPP's sinister aim of damaging cross-Straits relations
Updated: 2022-07-15 10:07,China creates over 6.5 million urban jobs in H1
Updated: 2022-07-15 10:40,Chinese premier pledges to ease burden of receiving medical treatment
Updated: 2022-07-15 10:42,Smart platform provides quality teaching resources
Updated: 2022-07-15 16:24,Elderly man in Hubei makes a difference in 62 students' lives
Updated: 2022-07-15 17:20,"Abandoned baby gets a father, and later wealth"
Updated: 2022-07-15 17:31,Public urged to take measures to beat extreme heat in Shanghai
Updated: 2022-07-15 22:15,Young people continue to face unemployment issues
Updated: 2022-07-16 01:32,President sets out new vision for Xinjiang
