﻿Updated: 2022-02-01 20:13,China refutes so-called human rights resolution adopted by Japan's House of Representatives
Updated: 2022-02-17 10:18,"Sea levels to rise 10 to 12 inches by 2050, rate 'alarming': Report"
Updated: 2022-02-22 11:20,Share your thoughts on China's diplomacy
Updated: 2022-02-27 20:58,Iran vows not to compromise over redlines in Vienna nuke talks: FM
Updated: 2022-02-28 07:00,"Sanctions cannot solve problems, FM says"
Updated: 2022-02-28 09:14,"Aid workers risk life, limb on front line"
Updated: 2022-02-28 20:18,Ukraine tensions may fuel instability in Middle East
Updated: 2022-03-01 15:30,AU chiefs condemn treatment of Africans fleeing Ukraine
Updated: 2022-03-02 09:16,Chinese doctors aiding Algeria through TCM
Updated: 2022-03-02 09:17,UN green forum pushes for pact to tackle plastic
Updated: 2022-03-02 14:11,Book donation opens opportunity for Kenyans to learn Chinese culture
Updated: 2022-03-03 09:14,Pandemic boosts number of ultrarich
Updated: 2022-03-03 09:27,Boost for African-made jabs with funding deal
Updated: 2022-03-04 10:10,Ancient riddle of standing stones 'solved'
Updated: 2022-03-06 14:26,Death toll rises to 63 in mosque blast
Updated: 2022-03-06 14:31,India yet to submit emission targets
Updated: 2022-03-07 09:41,India urges dialogue to bring fighting to end
Updated: 2022-03-08 07:04,Nations urged to de-escalate Russia-Ukraine conflict
Updated: 2022-03-08 10:28,Study: Amazon rainforest could be transformed into savannah
Updated: 2022-03-10 07:10,Yemen arms embargo renewal may pave new path
Updated: 2022-03-10 07:13,Dow rebounds over 650 points as investors eye latest conflict in Ukraine
Updated: 2022-03-11 02:00,100-year-old train becomes hotel in South Africa
Updated: 2022-03-11 09:07,Drought adds to hunger strains in East Africa
Updated: 2022-03-11 09:07,Optimism expressed for climate goals
Updated: 2022-03-11 09:11,EPA approves use of gene-modified mosquitoes to reduce disease spread
Updated: 2022-03-12 08:21,Photo awards capture Chinese culture
Updated: 2022-03-12 21:53,Russia says to publish retaliatory sanctions against West soon
Updated: 2022-03-13 08:44,Worker shortage in US far from over: report
Updated: 2022-03-13 14:08,Dams needed to boost Australia's flood resilience: PM
Updated: 2022-03-14 04:41,Former US president Barack Obama tests positive for COVID-19
Updated: 2022-03-14 07:04,"Communique offers good lessons, US expert says"
Updated: 2022-03-14 07:08,"EU accession must wait, Zelensky told"
Updated: 2022-03-14 07:28,"11 years on, Fukushima morass still poses danger"
Updated: 2022-03-14 07:33,Tide of refugees grows amid more shelling
Updated: 2022-03-14 09:13,At least 75 killed in train derailment in southeastern DR Congo
Updated: 2022-03-14 09:24,US may suspend federal gas tax
Updated: 2022-03-14 09:41,Finland opens long-delayed nuclear facility amid Ukraine crisis
