﻿Updated: 2017-08-31 08:54,American in Beijing lives his Chinese dream
Updated: 2017-08-31 11:17,
Updated: 2021-01-25 10:17,Sharon Fraser : The awareness of Chongqing needs to be built outside of China
Updated: 2021-08-20 09:00,Student explores city's attractions by bicycle
Updated: 2022-05-13 16:11,Young teacher finds satisfaction in rural Shanxi
Updated: 2022-05-16 09:11,More jobs for disabled a key govt priority
Updated: 2022-05-17 07:21,Senior diplomat: Rejuvenation a certainty
Updated: 2022-05-17 22:07,"NPC chair meets with Tajik counterpart, stresses security cooperation"
Updated: 2022-05-18 09:11,More Chinese receive higher education
Updated: 2022-05-18 09:33,"Quake survivor Strong Pig, now plasticized, greets Sichuan museum visitors"
Updated: 2022-05-18 09:34,Intangible cultural heritage becomes academic subject
Updated: 2022-05-19 07:21,"Li pledges support for platform, digital sectors"
Updated: 2022-05-19 10:02,Nepali student happy she chose China
Updated: 2022-05-19 10:04,"HK to distribute 170,000 RAT kits following sewage COVID-19 detection"
Updated: 2022-05-19 11:05,Putting forth to CE: Angus Ng Hok-ming
Updated: 2022-05-19 16:18,"Scientists design aerial-aquatic robot, inspired by remora fish"
Updated: 2022-05-19 16:27,"Homework 1,300 years ago reveals Xinjiang's school life in ancient times"
Updated: 2022-05-20 06:53,BRICS urged to strengthen world stability
Updated: 2022-05-20 06:58,Li says steady energy supply crucial to economic growth
Updated: 2022-05-20 07:05,Agreement will help boost IP protection
Updated: 2022-05-20 07:08,MNCs cheer opening-up speech of Xi
Updated: 2022-05-20 08:43,More than 10 endangered plants discovered in East China
Updated: 2022-05-20 09:30,Shanghai to resume public transportation
Updated: 2022-05-20 09:30,Measures taken to protect winter wheat harvest
Updated: 2022-05-20 09:30,Steps taken to ensure all students sit spring exam
Updated: 2022-05-20 09:32,AI helps tackle illegal fishing along Yangtze
Updated: 2022-05-20 15:44,China's Zhurong rover switches to dormant mode in severe Martian dust storm
Updated: 2022-05-21 07:28,Lovebirds flock to tie the knot on their special day
Updated: 2022-05-21 19:03,Commissioner's office rejects EU's slanders on HKSAR
Updated: 2022-05-21 20:55,Chinese cities report improving air quality in first four months
Updated: 2022-05-22 07:50,Hongkong Post to issue stamps marking 25th anniversary of HKSAR's establishment
