﻿Updated: 2017-08-31 08:54,American in Beijing lives his Chinese dream
Updated: 2017-08-31 11:17,
Updated: 2021-01-25 10:17,Sharon Fraser : The awareness of Chongqing needs to be built outside of China
Updated: 2021-08-20 09:00,Student explores city's attractions by bicycle
Updated: 2022-07-22 07:00,A Cameroonian student's visit to Xinjiang
Updated: 2022-07-30 10:04,Leaders laud China's progress
Updated: 2022-07-30 10:21,Premier urges smart investing
Updated: 2022-07-30 11:41,"Internship launched for HK, Macao students"
Updated: 2022-07-31 09:41,Rocket debris fall back to Earth
Updated: 2022-08-01 09:16,Rocket debris reenters atmosphere
Updated: 2022-08-01 10:25,Teachers credit event for professional development
Updated: 2022-08-01 10:27,GBA aims to capitalize on English language assets
Updated: 2022-08-01 10:29,Assembly promotes China's education experiences abroad
Updated: 2022-08-01 17:14,Unique line of tigers found in fossils
Updated: 2022-08-02 06:50,Party's absolute leadership of military further ensured
Updated: 2022-08-02 09:05,Fishermen set sail as moratorium ends
Updated: 2022-08-02 09:13,Falling in love with China
Updated: 2022-08-02 10:08,Early detection drops special school enrollments
Updated: 2022-08-03 06:17,China summons US ambassador over Pelosi's visit to Taiwan
Updated: 2022-08-03 08:32,Policies energize hard-hit economy
Updated: 2022-08-03 08:41,State Council working harder to shore up nation's job market
Updated: 2022-08-03 09:12,Organ donations giving people new chance at life
Updated: 2022-08-03 09:24,Turk pursues dream planting seeds in Ningxia
Updated: 2022-08-03 09:33,More students studying Spanish
Updated: 2022-08-03 09:53,Pelosi's visit to Taiwan draws flak from HK leaders
Updated: 2022-08-03 10:15,Hong Kong approves Sinovac vaccine for children aged 6 months
Updated: 2022-08-03 16:52,Hospital staff decipher heartfelt letter
Updated: 2022-08-03 19:24,8-year-old organ donor gives families new lease on life
Updated: 2022-08-04 05:34,Tsai Ing-wen's words confound right and wrong: mainland spokesperson
Updated: 2022-08-04 05:43,Pelosi's Taiwan visit has grave consequences: Commissioner's office of Chinese Foreign Ministry in Macao SAR
Updated: 2022-08-04 05:48,Spokesperson says protests in Taiwan against Pelosi's visit righteous acts
