﻿Updated: 2017-08-31 08:54,American in Beijing lives his Chinese dream
Updated: 2017-08-31 11:17,
Updated: 2021-01-25 10:17,Sharon Fraser : The awareness of Chongqing needs to be built outside of China
Updated: 2021-08-20 09:00,Student explores city's attractions by bicycle
Updated: 2022-03-04 08:56,Two sessions to chart path for year ahead
Updated: 2022-03-09 07:11,Legal toolkit upgrade set to help safeguard State security
Updated: 2022-03-09 11:37,Stable job market a priority
Updated: 2022-03-09 18:09,Woman's 2 sons die but give gift of sight
Updated: 2022-03-09 21:33,Political adviser recommends bolstering on-campus sports
Updated: 2022-03-10 07:08,'Blacklist' targeting bribers to be unveiled
Updated: 2022-03-10 09:20,HK volunteers unite to fight virus outbreak
Updated: 2022-03-10 10:00,Reducing academic burdens a priority in high-quality compulsory education
Updated: 2022-03-10 10:41,"Woman overcomes hearing loss, aims for PhD"
Updated: 2022-03-10 16:44,Wondrous Xinjiang: Female educator devotes herself to child education
Updated: 2022-03-10 16:57,"Vegetables, fresh eggs head for Hong Kong"
Updated: 2022-03-10 23:25,Key takeaways from China's crucial political gathering
Updated: 2022-03-11 07:04,"Defense budget growth 'reasonable, steady'"
Updated: 2022-03-11 07:18,Flexibility key in assessing low-carbon transition
Updated: 2022-03-11 07:39,Advisers urged to maintain firm political stance
Updated: 2022-03-11 07:40,More efforts urged on students' mental health
Updated: 2022-03-11 09:47,Digital platform improves legislators' work efficiency
Updated: 2022-03-11 09:56,Guangzhou builds new schools to meet demand from 2nd children
Updated: 2022-03-11 09:57,Survey finds carnivores thriving in Tibet
Updated: 2022-03-11 13:59,"Premier says governments, judiciary to do more on human trafficking"
Updated: 2022-03-11 16:26,"Evidence of wind, possible water erosion found on Mars: Study"
Updated: 2022-03-11 16:59,Shanghai schools pivot to e-learning following COVID-19 outbreak
Updated: 2022-03-11 17:23,Lowly mussel finds a friend in amateur zoologist
Updated: 2022-03-11 20:44,"Hong Kong moves to boost vaccination among elderly, children amid raging epidemic"
Updated: 2022-03-11 21:26,China detects overseas cyberattacks
Updated: 2022-03-11 21:34,"China's BeiDou enters new phase of stable services, rapid development"
Updated: 2022-03-11 22:21,Pandemic situation in Hong Kong to improve with concerted efforts: chief executive of Hospital Authority
Updated: 2022-03-12 09:56,"Employment, education high on government agenda this year"
Updated: 2022-03-12 09:57,"Motions, advice reflect people's concerns"
Updated: 2022-03-12 10:50,Premier looks back at decade of solid growth
