﻿Updated: 2022-03-07 17:49,"FM hopes for peaceful development between China, Japan"
Updated: 2022-03-21 09:46,New light shines into Egyptian necropolis
Updated: 2022-03-25 09:22,Polar heat waves trigger warning
Updated: 2022-04-11 09:29,Iran nuclear talks remain at impasse
Updated: 2022-04-15 11:04,Gulf oil states stand up for own interests
Updated: 2022-04-16 07:39,"China, Saudi Arabia pledge to boost ties"
Updated: 2022-04-16 08:09,Report exposes rising anti-Asian racism in US
Updated: 2022-04-16 09:10,Legislator: ties with Russia are resilient
Updated: 2022-04-17 13:10,DPRK leader observes test-firing of new-type tactical guided weapon
Updated: 2022-04-17 13:26,UN chief welcomes creation of new IMF trust
Updated: 2022-04-18 09:20,US streets: where many homeless go to die
Updated: 2022-04-18 10:06,"IAEA monitors nuclear activities without access, Iran says"
Updated: 2022-04-18 11:36,"Hispanic, Black Americans see disproportionate life expectancy drop: study"
Updated: 2022-04-18 11:56,"S. Korea, US kick off major springtime military drill"
Updated: 2022-04-18 14:18,S. Africa's flood death toll continues to rise
Updated: 2022-04-18 15:00,Giant container ship aground in US bay freed after vast salvage operation
Updated: 2022-04-18 17:28,Bangladesh points out discrepancies in US human rights report
Updated: 2022-04-18 19:06,US nuke envoy arrives in ROK for denuke talks
Updated: 2022-04-18 20:26,At least 9 injured as mortar shells hit Somali parliament building
Updated: 2022-04-18 21:43,Italian PM tests positive for COVID-19
Updated: 2022-04-19 07:47,Moscow sees risks in NATO's Arctic activities
Updated: 2022-04-19 08:56,Russian forces start battle for Donbas: Ukrainian president
Updated: 2022-04-19 08:57,Dynamic zero-COVID policy best option for saving lives
Updated: 2022-04-19 08:58,China-US ties benefit rebound in trade order
Updated: 2022-04-19 09:13,UN chief calls for immediate humanitarian ceasefire in Ukraine
Updated: 2022-04-19 09:14,Far-right strife sparks Sweden unrest
Updated: 2022-04-19 09:15,Macron's rival Marine Le Pen is accused of embezzlement
Updated: 2022-04-19 09:16,Australian 'panda hugger' wishes for better ties with Beijing
Updated: 2022-04-19 09:31,World Bank expects debt crisis to continue to worsen in 2022
Updated: 2022-04-19 09:33,Half of US states see rise in COVID-19 cases due to BA.2 Omicron subvariant
Updated: 2022-04-19 09:40,Young in rescue bid for Lake Victoria
Updated: 2022-04-19 09:42,S. Africa declares state of national disaster to tackle widespread floods
Updated: 2022-04-19 09:46,US should earnestly tackle its deteriorating human rights situation: FM spokesperson
Updated: 2022-04-19 09:51,Bird flu outbreak worsens in US
Updated: 2022-04-19 09:53,Shared passions can fire up trade links
Updated: 2022-04-19 10:09,Geopolitics holds back Horn of Africa
