﻿Updated: 2017-08-31 08:54,American in Beijing lives his Chinese dream
Updated: 2017-08-31 11:17,
Updated: 2021-01-25 10:17,Sharon Fraser : The awareness of Chongqing needs to be built outside of China
Updated: 2021-08-20 09:00,Student explores city's attractions by bicycle
Updated: 2022-03-25 16:05,China rolls out policies to support grain production
Updated: 2022-03-27 22:16,Chinese vice premier urges reinforcing poverty-elimination achievements
Updated: 2022-03-29 08:52,Students need real lives to aid growth
Updated: 2022-03-29 08:58,Unhealthy sector required guidance
Updated: 2022-03-29 15:20,"In Guangdong, esports gets new emphasis"
Updated: 2022-03-30 07:04,Postgraduate exam more competitive
Updated: 2022-03-30 08:38,New measures to bolster job market
Updated: 2022-03-30 09:31,Long March 6A blasts off in Shanxi
Updated: 2022-03-30 09:55,"New provincial, regional Party secretaries chosen"
Updated: 2022-03-30 10:48,Tests begin on emergency hospital in HK
Updated: 2022-03-30 14:45,IPR awareness efforts extended to students
Updated: 2022-03-31 07:13,Demand for vegetables met amid restrictions
Updated: 2022-03-31 09:21,China's success in fighting poverty offers lesson for all
Updated: 2022-03-31 09:35,Couriers work hard to ensure prompt delivery
Updated: 2022-03-31 09:57,Nation aims to be global hub of IP protection
Updated: 2022-03-31 10:03,Secessionists warned about 'red lines'
Updated: 2022-03-31 10:23,Successful launch shows new rocket factory's solid steps
Updated: 2022-03-31 10:39,"China to strengthen workplace safety, leverage gov't bonds to expand effective investment"
Updated: 2022-03-31 10:39,"HKSAR gov't vehemently opposes British parliament's allegations on national security law, legal system in Hong Kong"
Updated: 2022-03-31 10:40,Investigators move to finding the cause of plane crash
Updated: 2022-03-31 15:32,Civic behavior draws praise from netizens
Updated: 2022-03-31 15:45,Diary records painstaking rescue efforts after air crash
Updated: 2022-03-31 21:48,Shenzhou XIII astronauts prep for return trip
Updated: 2022-03-31 22:19,Tianzhou 2 returns to Earth
Updated: 2022-04-01 07:09,Xi chairs CPC leadership meeting on plane crash emergency response
Updated: 2022-04-01 06:58,UK blasted for meddling in HK judiciary
Updated: 2022-04-01 07:04,CPC calls for national work safety probe
Updated: 2022-04-01 07:24,Shanghai to launch phase II of lockdown
Updated: 2022-04-01 08:52,CPC central authorities hear report on handling MU5735 crash and make follow-up arrangements
Updated: 2022-04-01 08:55,Foreign residents in HK join fight against pandemic
