﻿Updated: 2017-08-31 08:54,American in Beijing lives his Chinese dream
Updated: 2017-08-31 11:17,
Updated: 2021-01-25 10:17,Sharon Fraser : The awareness of Chongqing needs to be built outside of China
Updated: 2021-08-20 09:00,Student explores city's attractions by bicycle
Updated: 2022-07-06 07:00,Stinky rice noodle fills stomachs and wallets
Updated: 2022-07-06 18:45,Xinjiang students enjoying after-school activities
Updated: 2022-07-07 09:15,Minnan's beautiful red brick art revived
Updated: 2022-07-07 09:28,"Interest in 3D, cars drives graduate student's future"
Updated: 2022-07-07 10:32,China safeguards ethnic minorities' various rights by law: scholars
Updated: 2022-07-07 10:40,"All sectors must play bigger role in protection, analysts say"
Updated: 2022-07-07 13:51,Taikonauts to give lesson at China's space lab module
Updated: 2022-07-07 16:48,National environmental inspections reap results
Updated: 2022-07-07 17:27,Research sheds light on horse origins in N. China
Updated: 2022-07-07 17:28,Lawyers approved to practice in Greater Bay Area
Updated: 2022-07-07 17:30,"Elderly driver's story impresses, moves netizens"
Updated: 2022-07-08 07:03,Preventive antiviral injections introduced to mainland
Updated: 2022-07-08 08:03,Greater unity of Chinese people urged
Updated: 2022-07-08 08:03,Li: 5 regions play pivotal growth role
Updated: 2022-07-08 08:04,Early risers seize their chance as village bed-and-breakfast businesses boom
Updated: 2022-07-08 09:16,Authorities warn consumers against refund scams
Updated: 2022-07-08 09:17,Travel industry cautiously optimistic
Updated: 2022-07-08 09:19,Pupils in hot seat during examinations
Updated: 2022-07-08 09:25,First domestic cases of BA.5 registered
Updated: 2022-07-08 09:25,Task forces hailed for tackling livelihood issues
Updated: 2022-07-08 09:53,Styling is no sweat for deaf barbers
Updated: 2022-07-09 07:31,Experts find way to make better use of lunar samples
Updated: 2022-07-09 08:08,Hong Kong offers students free mainland tours
Updated: 2022-07-10 08:47,Macao businesses asked to suspend operation to curb COVID-19
Updated: 2022-07-10 13:05,Peking University marks 70th anniversary of intl student education
Updated: 2022-07-10 18:17,China activates level-IV emergency response to flooding
Updated: 2022-07-10 19:18,Shanghai issues red alert for heat wave
Updated: 2022-07-10 19:31,Haikou reports 8 infections in two days
Updated: 2022-07-11 07:06,President stresses firming up of cultural confidence
Updated: 2022-07-11 07:15,Xi sends condolences over passing of Abe
