﻿Updated: 2017-08-31 08:54,American in Beijing lives his Chinese dream
Updated: 2017-08-31 11:17,
Updated: 2021-01-25 10:17,Sharon Fraser : The awareness of Chongqing needs to be built outside of China
Updated: 2021-08-20 09:00,Student explores city's attractions by bicycle
Updated: 2022-05-30 16:45,Premier Li grants appointment certificate to John Lee as HKSAR chief executive
Updated: 2022-05-30 22:23,Interview: 6th-term HKSAR chief executive John Lee vows actions for new chapter
Updated: 2022-05-31 09:34,Lifesaving donations of organs gained by retiree
Updated: 2022-06-01 07:56,Lee supported by wide range of society in HK
Updated: 2022-06-01 10:59,Chinese state councilor stresses need for efforts to defuse major safety risks
Updated: 2022-06-02 08:32,Blueprint to improve national health
Updated: 2022-06-02 08:40,New policy measures aim to stabilize shaky foreign trade situation
Updated: 2022-06-02 09:48,Safety lines are designed
Updated: 2022-06-02 09:49,Volunteer work provides a fresh view of the world
Updated: 2022-06-02 17:35,Xi's moments with children
Updated: 2022-06-03 13:53,HK breaks ground on two TCM projects
Updated: 2022-06-03 20:46,CPPCC plans events to share experiences
Updated: 2022-06-05 13:33,More environmental cases taken up by courts
Updated: 2022-06-06 07:31,Beijing lifts COVID restrictions
Updated: 2022-06-06 08:12,President calls for action to protect nature
Updated: 2022-06-06 07:35,"Chinese, Greek leaders vow to promote bilateral ties"
Updated: 2022-06-06 09:14,Preparations made for students' safe return home
Updated: 2022-06-06 09:17,Cutting-edge scientific testing to be undertaken
Updated: 2022-06-06 09:17,Investigation sought after train derailment
Updated: 2022-06-06 09:17,Dentist's experience in Guizhou a bridge for cross-Straits unity
Updated: 2022-06-06 09:25,China's holiday sees nearly 80 mln domestic tourist trips
Updated: 2022-06-06 09:31,Street artists help liven up Xinjiang border city
Updated: 2022-06-06 13:13,Shenzhou XIV astronauts transporting supplies into space station
Updated: 2022-06-06 15:10,Grade 11 and 12 students return to classroom in Shanghai
Updated: 2022-06-06 21:06,China remains global leader in 5G patent declarations
Updated: 2022-06-07 07:39,Workers taste success despite limited opportunities to find employment
Updated: 2022-06-07 07:53,Ministry: US hypes up Xinjiang issue to contain China
Updated: 2022-06-07 08:14,Canadian warplanes' actions 'provocative'
