﻿Updated: 2017-08-31 08:54,American in Beijing lives his Chinese dream
Updated: 2017-08-31 11:17,
Updated: 2021-01-25 10:17,Sharon Fraser : The awareness of Chongqing needs to be built outside of China
Updated: 2021-08-20 09:00,Student explores city's attractions by bicycle
Updated: 2022-03-17 07:18,Timely steps taken to ensure harvest
Updated: 2022-03-17 09:56,More govt agencies urged to supervise livestreaming
Updated: 2022-03-19 06:54,Crew aboard Tiangong to give 2nd talk
Updated: 2022-03-19 10:47,China calls for efforts on spring farming
Updated: 2022-03-21 07:39,Hotels in Shanghai and Jiangsu open their doors to students studying online
Updated: 2022-03-21 08:15,Doctor tells of pressures on front line
Updated: 2022-03-21 08:51,Kindergarten helps promote drive for inclusive education
Updated: 2022-03-21 08:56,Education system enabling greater diversity
Updated: 2022-03-21 09:00,Children learn better when they are with their peers
Updated: 2022-03-21 09:36,3D printing speeds up production of missiles
Updated: 2022-03-21 09:59,Reform of vocational education sought
Updated: 2022-03-21 15:28,Top court updates rules on administrative compensation
Updated: 2022-03-21 19:55,Xi orders all-out rescue efforts after plane crash
Updated: 2022-03-21 21:49,Parameter could help unravel origin of fast radio bursts
Updated: 2022-03-22 07:22,"Shenzhen restarts production, public transportation"
Updated: 2022-03-22 07:46,"Xi, like minds advance peace-making efforts"
Updated: 2022-03-22 08:06,Li: VAT refunds key to stable economy
Updated: 2022-03-22 08:50,Relocation of farmers boosts local incomes and improves lives
Updated: 2022-03-22 09:55,"Senior shakes illness, embraces fitness"
Updated: 2022-03-22 09:55,Life's a picnic in Guangzhou
Updated: 2022-03-22 10:29,Shanghai advances whole-process people's democracy
Updated: 2022-03-22 10:32,"HK to lift flight bans, mass testing on hold"
Updated: 2022-03-22 10:33,Community rallies round to look after stray cats
Updated: 2022-03-22 15:15,Chinese tracking vessel sails to Pacific Ocean for monitoring missions
Updated: 2022-03-22 16:53,"HK outbreak waning, but situation remains tense, official says"
Updated: 2022-03-22 17:23,Staying current: 'Love Fleet' ride along
Updated: 2022-03-23 07:35,Assistance prepared for investigation
Updated: 2022-03-23 08:01,Insurers streamlining client support
Updated: 2022-03-23 08:04,Top adviser notes stability in Xinjiang
