﻿Updated: 2017-08-31 08:54,American in Beijing lives his Chinese dream
Updated: 2017-08-31 11:17,
Updated: 2021-01-25 10:17,Sharon Fraser : The awareness of Chongqing needs to be built outside of China
Updated: 2021-08-20 09:00,Student explores city's attractions by bicycle
Updated: 2022-04-25 06:30,How are delegates elected to CPC National Congress?
Updated: 2022-04-26 08:54,"Chinese reservoirs bring about benefits, not threats"
Updated: 2022-04-26 09:21,Draft law to protect fertile black soil
Updated: 2022-04-26 10:16,New rules to foster culturally relevant place names
Updated: 2022-04-26 10:17,Hong Kong to start application for employment support scheme this week
Updated: 2022-04-26 21:16,Chinese research institutions set to receive 4th batch of lunar samples
Updated: 2022-04-27 09:47,"Dedicated till the end, sniffer dog dies on duty"
Updated: 2022-04-27 11:16,Disability can't stand in way of online success
Updated: 2022-04-27 14:21,Beijing experiences snow
Updated: 2022-04-27 17:20,10 Belt and Road projects promoted by Xi Jinping
Updated: 2022-04-27 19:42,Qingdao completes country's first prefab metro station
Updated: 2022-04-28 06:45,Xi highlights important role of technical workers
Updated: 2022-04-28 04:04,Paintings by HK teens among items returned from space
Updated: 2022-04-28 07:52,Hong Kong volunteers play vital part in pandemic fight
Updated: 2022-04-28 07:54,United efforts among community residents prove vital in times of adversity
Updated: 2022-04-28 08:42,Expert calls for reform of art exams
Updated: 2022-04-28 09:17,Ministry prioritizing finding jobs for new graduates
Updated: 2022-04-28 09:19,Sugar more than a sweet taste in artisan's hands
Updated: 2022-04-28 09:22,Internet hospital opened in Guangdong for occupational diseases
Updated: 2022-04-28 09:25,Seminar discusses democracy practice
Updated: 2022-04-28 09:29,China condemns US transit via Straits
Updated: 2022-04-28 09:32,BRICS to use big data to achieve sustainable development goals
Updated: 2022-04-28 09:45,Couriers go extra mile to support city in distress
Updated: 2022-04-28 13:50,HKSAR gov't follows up on positive COVID-19 results detected in sewage surveillance
Updated: 2022-04-28 14:06,"China launches learning app for middle, primary school students"
Updated: 2022-04-28 16:09,Peking University hosts forum that encourages communication around the globe
Updated: 2022-04-28 16:11,Some schools in Beijing switch to online teaching
Updated: 2022-04-28 20:29,Transport networks in overdrive to ensure smooth logistics
Updated: 2022-04-28 21:20,Beijing schools to start holiday one day earlier over COVID-19
Updated: 2022-04-29 07:44,Beijing approves nation's first driverless robotaxi permits
Updated: 2022-04-29 07:48,Communities and pharmacies step up efforts to meet increased demand
Updated: 2022-04-29 07:49,Valiant volunteer drivers pitch in to help Shanghai
Updated: 2022-04-29 07:50,Daily hospital tasks must go on amid virus
