﻿Updated: 2017-08-31 08:54,American in Beijing lives his Chinese dream
Updated: 2017-08-31 11:17,
Updated: 2021-01-25 10:17,Sharon Fraser : The awareness of Chongqing needs to be built outside of China
Updated: 2021-08-20 09:00,Student explores city's attractions by bicycle
Updated: 2022-08-20 07:49,China vows to strengthen cybersecurity
Updated: 2022-08-21 14:54,China's social security fund reaps 4.27 pct investment return in 2021
Updated: 2022-08-22 12:44,Six suspects arrested in HK for role in SE Asia job scam
Updated: 2022-08-22 16:46,Exclusive: Hong Kong students could make it back in time for schools
Updated: 2022-08-23 09:04,Those responsible for 'strange' textbook illustrations punished
Updated: 2022-08-23 16:23,Tianjin to hold second internet civilization conference
Updated: 2022-08-23 22:34,Zhejiang University inspires youngsters in response to UN's 2030 Agenda
Updated: 2022-08-24 09:20,Top political advisor meets with Chinese Catholic leaders
Updated: 2022-08-24 09:21,Former vice president of China Development Bank stands trial for multiple offenses
Updated: 2022-08-24 09:30,Lawyers from SARs start practicing on mainland
Updated: 2022-08-24 09:30,National security law for Macao set for amendment
Updated: 2022-08-24 16:24,"Facing raging fires, young man jumps into action"
Updated: 2022-08-24 21:33,Campaign against elder fraud continues apace
Updated: 2022-08-25 07:34,"WHO recognizes quality, capability of China's vaccine regulatory system"
Updated: 2022-08-25 06:43,Mutual respect seen as key to China-ROK ties
Updated: 2022-08-25 06:45,China eases visa rules for international students
Updated: 2022-08-25 01:47,Circular urges study of book on Xi Jinping's thinking on armed forces
Updated: 2022-08-25 07:14,Irrigation sought to save harvests
Updated: 2022-08-25 08:38,Ancient relics come to life with technology
Updated: 2022-08-25 09:03,Ideas shared to improve job market
Updated: 2022-08-25 09:07,"Despite deafness, Jilin man finds way to communicate"
Updated: 2022-08-25 09:08,Strumming songs sparks village kids' passion
Updated: 2022-08-25 09:11,Changsha's disappearing sounds captured for posterity
Updated: 2022-08-25 14:13,"Whose democracy? Beijing, New York show vast contrast"
Updated: 2022-08-25 21:41,Death sentence upheld for US citizen charged with homicide
Updated: 2022-08-25 22:11,"Hybrid rice holds up in Sichuan heat, drought"
Updated: 2022-08-25 22:53,Girl admitted to grandfather's alma mater
Updated: 2022-08-26 07:18,Ministry: Nations' military drills shouldn't target 3rd party
Updated: 2022-08-26 07:20,Tibet prospers from a decade of economic and social development
