﻿Updated: 2017-08-31 08:54,American in Beijing lives his Chinese dream
Updated: 2017-08-31 11:17,
Updated: 2021-01-25 10:17,Sharon Fraser : The awareness of Chongqing needs to be built outside of China
Updated: 2021-08-20 09:00,Student explores city's attractions by bicycle
Updated: 2022-04-02 14:57,China Focus: Teenager with autism swims toward victory
Updated: 2022-04-11 16:37,Macao unveils makeshift hospital in case of COVID-19 outbreak
Updated: 2022-04-11 17:17,Return to classrooms halted in Dalian
Updated: 2022-04-11 18:04,Record number of postgrad entrance exam applicants expected next year
Updated: 2022-04-12 08:59,Workers race against time to build emergency hospital
Updated: 2022-04-13 07:39,Xi's visit boosts morale on seed research
Updated: 2022-04-13 08:44,New policy looks to lure Taiwan entrepreneurs
Updated: 2022-04-13 09:04,HKSAR LegCo passes funding application to assist industries affected by COVID-19 pandemic
Updated: 2022-04-13 09:13,China's civil aviation authority steps up safety checks
Updated: 2022-04-13 09:18,Teacher sings sweet praises of school choir
Updated: 2022-04-13 09:30,Ministry warns of accidents at work
Updated: 2022-04-13 09:45,China's anti-graft chief urges solid work ahead of 20th CPC national congress
Updated: 2022-04-13 15:47,China receives data from Gaofen-3 03 satellite
Updated: 2022-04-14 06:54,Quality of life should outweigh schoolwork
Updated: 2022-04-14 07:27,New prehistoric species found in Guangxi
Updated: 2022-04-14 09:47,Tea and struggle turn village into attraction
Updated: 2022-04-14 09:47,Veteran protector keeps Beijing's Guishui River clean
Updated: 2022-04-14 09:59,Remaking devices of yesterday
Updated: 2022-04-14 10:20,Technology makes Xinjiang farming more efficient
Updated: 2022-04-14 10:38,Changchun hits zero-COVID status at the community level
Updated: 2022-04-14 10:46,Central govt focused on creating more jobs for people with disabilities
Updated: 2022-04-14 10:55,"Parcels to be made priority, says regulator"
Updated: 2022-04-14 11:00,Farm materials getting through for spring plowing
Updated: 2022-04-14 16:19,Company prints T-shirts to thank frontline workers in HK
Updated: 2022-04-14 17:08,He thought Taiwan was home. Turns out it’s Fujian.
Updated: 2022-04-14 19:15,"Telefraud still serious, but declining"
Updated: 2022-04-14 23:44,"China's Shenzhou XIII spaceship completes all planned tasks, set to return to Earth soon"
Updated: 2022-04-15 07:15,"Shanghai boosts care for elderly, critically ill"
Updated: 2022-04-15 07:42,Genetic resource rules to have wide impact
Updated: 2022-04-15 07:46,Revisions of draft target trafficking of women
