﻿Updated: 2017-08-31 08:54,American in Beijing lives his Chinese dream
Updated: 2017-08-31 11:17,
Updated: 2021-01-25 10:17,Sharon Fraser : The awareness of Chongqing needs to be built outside of China
Updated: 2021-08-20 09:00,Student explores city's attractions by bicycle
Updated: 2022-05-31 09:34,Lifesaving donations of organs gained by retiree
Updated: 2022-06-01 07:56,Lee supported by wide range of society in HK
Updated: 2022-06-02 09:49,Volunteer work provides a fresh view of the world
Updated: 2022-06-03 13:53,HK breaks ground on two TCM projects
Updated: 2022-06-05 13:33,More environmental cases taken up by courts
Updated: 2022-06-06 21:06,China remains global leader in 5G patent declarations
Updated: 2022-06-07 07:53,Ministry: US hypes up Xinjiang issue to contain China
Updated: 2022-06-07 09:07,EU's report on Hong Kong SAR a twisted narrative
Updated: 2022-06-07 13:57,"China to strengthen bond with CSTO to promote regional peace, stability"
Updated: 2022-06-07 15:59,China's social security fund records steady expansion in 2021
Updated: 2022-06-08 06:50,Li: Smooth transportation key for economy
Updated: 2022-06-08 08:11,Hong Kong Palace Museum ready to open
Updated: 2022-06-08 09:14,Kids' vehicles power industry in Pingxiang
Updated: 2022-06-08 09:16,"More protection of fish, seawater, ministry says"
Updated: 2022-06-08 09:17,Authorities crack down on exam cheating
Updated: 2022-06-08 09:17,Stricter guidelines target bribery
Updated: 2022-06-08 09:30,New rule bans minors from getting tattoos
Updated: 2022-06-08 09:31,Grotto temple installs waterproof shields
Updated: 2022-06-09 07:24,Exam sites in Inner Mongolia save students from long trips
Updated: 2022-06-09 08:47,"Amid challenges, some small enterprises benefiting from policies"
Updated: 2022-06-09 09:28,Shanghai relaxes hukou rules to attract more talent
Updated: 2022-06-09 09:30,Breakthrough achieved in quantum computing
Updated: 2022-06-09 09:38,No papers leaked before college entrance exams
Updated: 2022-06-09 10:01,SEU celebrates 120 years of education
Updated: 2022-06-09 10:02,Talented autoworker receives national honor
Updated: 2022-06-09 10:03,Tests compel interesting answers
