﻿Updated: 2022-08-04 09:35,Kenyan avocado exports taste of things to come with expanded market
Updated: 2022-08-05 09:00,"Energy profits should be taxed, says UN chief"
Updated: 2022-08-06 16:04,Pelosi family under scrutiny for stock trades
Updated: 2022-08-08 09:10,"China-Japan ties should tap wisdom, courage of five decades"
Updated: 2022-08-09 16:46,Expert warns of West's toxic development advice for Africa
Updated: 2022-08-09 18:25,Voters cast ballots in Kenya's fiercely contested election
Updated: 2022-08-09 20:59,Africa reports decrease in COVID-19 cases but fatalities still high
Updated: 2022-08-10 07:23,Report says US crimes in Mideast violate human rights
Updated: 2022-08-10 19:52,"New Chinese ambassador pledges to deepen cooperation, friendship with Rwanda"
Updated: 2022-08-11 07:57,58% of human infectious diseases worsen by climate change
Updated: 2022-08-11 09:30,Salt shown to increase risk of an early death
Updated: 2022-08-12 07:27,Blocs spark concerns on divided world
Updated: 2022-08-12 10:56,Reopened border on Borneo brings hope
Updated: 2022-08-15 09:15,US urged to 'stop making excuses' on climate
Updated: 2022-08-16 08:40,China-Russia science cooperation deepens
Updated: 2022-08-16 09:40,China urges fully implementing Yemen truce agreement
Updated: 2022-08-16 09:40,Synthetic embryos offer stem cell hope
Updated: 2022-08-16 13:55,"ROK, US to launch preliminary drills ahead of major combined exercise"
Updated: 2022-08-16 16:11,"Highly toxic, radioactive waste moved from Japan's Fukushima to Hokkaido amid protests"
Updated: 2022-08-16 21:24,Myanmar's former State Counsellor Aung San Suu Kyi sentenced to 6 more years in prison
Updated: 2022-08-17 07:31,Study: Water may have been brought to Earth by asteroids
Updated: 2022-08-18 10:44,Israel says restores full diplomatic ties with Türkiye
Updated: 2022-08-18 09:29,Trump critic says to consider White House bid after congressional primary loss
Updated: 2022-08-18 10:07,CDC cites mistakes in shake-up at US agency
Updated: 2022-08-18 10:30,More African Americans purchasing firearms
Updated: 2022-08-18 10:32,Three more ships leave Ukraine under grain deal
Updated: 2022-08-18 18:16,90% of young UK viewers streaming
Updated: 2022-08-19 09:20,Record number of Americans have two jobs to cope
Updated: 2022-08-19 09:25,"UK museum's decision to return artifacts to Nigeria called moral, appropriate"
Updated: 2022-08-19 09:37,COVID-19 increases risk of brain fog and dementia
Updated: 2022-08-19 19:10,Semi-finalists for Exhibition on a Community with a Shared Future for Mankind chosen
Updated: 2022-08-22 07:51,"China, the Philippines reaffirm ties"
Updated: 2022-08-22 09:11,Daughter of Russian philosopher murdered: investigative committee
Updated: 2022-08-22 09:30,"Drought forces US farmers to kill crops, sell herds"
Updated: 2022-08-22 09:35,"Wellington, Beijing mark five decades of fruitful relations"
Updated: 2022-08-22 09:36,Dockers begin strike at UK's largest port
Updated: 2022-08-22 10:00,Asian Americans still live in fear of violence
Updated: 2022-08-22 09:47,US first lady ends isolation after testing negative for COVID-19
Updated: 2022-08-22 09:59,Failure on monkeypox highlighted
Updated: 2022-08-22 10:17,African guides finish Mandarin course
