﻿Updated: 2022-03-07 17:49,"FM hopes for peaceful development between China, Japan"
Updated: 2022-03-11 09:11,EPA approves use of gene-modified mosquitoes to reduce disease spread
Updated: 2022-03-21 09:46,New light shines into Egyptian necropolis
Updated: 2022-03-22 10:28,"UN, African countries move to halt spread of polio"
Updated: 2022-03-22 21:12,China to work closely with Kenya for stability in the Horn of Africa
Updated: 2022-03-23 10:31,Iran's supreme leader looks beyond sanctions impact
Updated: 2022-03-24 09:52,Free movement key to trade within Africa
Updated: 2022-03-24 10:10,Malawi signs MOU on BRI cooperation with China
Updated: 2022-03-24 10:38,Experts hail China's democracy as 'robust'
Updated: 2022-03-25 09:22,Polar heat waves trigger warning
Updated: 2022-03-25 10:18,DPRK leader Kim Jong-un issues order for test-launch of new type ICBM: KCNA
Updated: 2022-03-28 09:25,Arab FMs arrive in Israel for conference with Blinken
Updated: 2022-03-30 09:11,Race fuels double standards on refugees
Updated: 2022-03-30 09:25,Brussels kicks off WTO case against UK
Updated: 2022-03-30 09:39,"Workers strike across India for labor rights, better pay"
Updated: 2022-03-30 10:01,US Senate bill's aim: Outcompete China in tech
Updated: 2022-03-30 10:40,"5 killed in shooting spree outside Israel's Tel Aviv, police alert raised to 'highest'"
Updated: 2022-03-30 20:41,East African Community expands as DRC joins bloc
Updated: 2022-03-31 06:50,"China, EU to hold virtual leaders' meeting"
Updated: 2022-03-31 01:08,20 people to be fined for Downing Street lockdown parties
Updated: 2022-03-31 08:05,US and Russian astronauts return to Earth safely together
Updated: 2022-03-31 09:13,Germany issues gas-supply warning
Updated: 2022-03-31 09:25,Storms leave hundreds of thousands reeling in Africa
Updated: 2022-03-31 09:58,China's new-energy vehicle market hot
Updated: 2022-03-31 10:09,US top diplomat wraps up Mideast tour in Algeria
Updated: 2022-03-31 10:34,World needs answer on US biolabs
Updated: 2022-04-01 06:40,How the US weapons industry cashes in on war
Updated: 2022-04-01 10:35,US faces funding shortages amid efforts to contain COVID-19 spread
Updated: 2022-04-01 10:36,Zelensky says Turkey ready to become guarantor of Ukraine's security
Updated: 2022-04-01 17:46,China hosts foreign ministers' meeting among Afghan neighbors
Updated: 2022-04-02 07:41,Afghanistan shouldn't be excluded: FM
Updated: 2022-04-02 07:45,US cancels ICBM test amid conflict in Ukraine
Updated: 2022-04-02 07:51,Canberra too quick to judge on Solomons
Updated: 2022-04-02 09:34,Russia's Lavrov stresses currencies shift on India trip
Updated: 2022-04-02 09:35,Facebook's parent funded smear job against TikTok
Updated: 2022-04-02 09:59,US health care workforce still suffers 2 years into COVID-19 pandemic: report
Updated: 2022-04-02 10:01,Euro zone inflation hits record 7.5 pct in March: Eurostat
Updated: 2022-04-02 10:13,Russia to probe US biolabs in Ukraine
Updated: 2022-04-04 15:11,Sri Lankan president invites all political parties to form new gov't
Updated: 2022-04-04 20:34,FM stresses mutual respect with Panamanian counterpart
