﻿Updated: 2022-03-07 17:49,"FM hopes for peaceful development between China, Japan"
Updated: 2022-03-11 02:00,100-year-old train becomes hotel in South Africa
Updated: 2022-03-11 09:11,EPA approves use of gene-modified mosquitoes to reduce disease spread
Updated: 2022-03-11 16:49,Ambassador asks about bringing BRI and Mongolia's policies closer
Updated: 2022-03-11 21:23,Iran confirms 'pause' in Vienna nuke talks
Updated: 2022-03-15 07:12,"Africa view brightens on case declines, jab efforts"
Updated: 2022-03-15 09:13,Iraq demands answers from Iran over attack
Updated: 2022-03-15 12:36,Is the imported lobsters from the US related to the COVID-19 outbreak in China?
Updated: 2022-03-16 07:22,Africans eye more gains with China
Updated: 2022-03-16 14:11,Chinese envoy calls for diplomatic solution to Yemen crisis
Updated: 2022-03-16 17:43,East Africa steps up drought response
Updated: 2022-03-16 17:47,Ukraine conflict affecting Africa grain supplies
Updated: 2022-03-17 07:28,Agreement on jab manufacturing rights moves closer
Updated: 2022-03-17 10:55,Beijing condemns abuses against children in US
Updated: 2022-03-17 12:07,African architect blazes trail with Pritzker Prize
Updated: 2022-03-17 12:14,UN seeks $4.27 billion in appeal for Yemenis
Updated: 2022-03-17 12:24,Ambassador asks about China's plan to people-to-people exchanges
Updated: 2022-03-17 22:57,"Xi, Biden to exchange views Friday"
Updated: 2022-03-18 06:53,50 years of giant pandas' presence in US celebrated
Updated: 2022-03-18 06:55,"Quake off Fukushima kills at least 3 people, cuts power"
Updated: 2022-03-18 07:06,BRI criticism rings hollow in Sri Lanka
Updated: 2022-03-18 07:22,Foreign Ministry warns Japan to refrain from military expansion
Updated: 2022-03-18 08:03,UN envoy calls for easing of Ukraine humanitarian situation
Updated: 2022-03-18 08:38,Justice Department settles Parkland school shooting civil cases for $127.5 million
Updated: 2022-03-18 08:45,US House votes to suspend normal trade relations with Russia
Updated: 2022-03-18 08:59,Accusations leveled by US are not based on reality
Updated: 2022-03-18 09:07,Greek wineries eyeing China's growing market
Updated: 2022-03-18 09:21,E. Africa nations step up fight against corruption
Updated: 2022-03-18 09:31,Britons less cautious about virus poll shows
Updated: 2022-03-18 09:38,Family calls on East Asians to help by donating much-needed stem cells
Updated: 2022-03-18 09:43,"Chinese envoy calls for efforts to ease humanitarian, economic crises in Afghanistan"
Updated: 2022-03-18 09:51,Johnson fails to secure oil deal during visit to Gulf
Updated: 2022-03-18 09:57,US has allotted $180m in military aid to Baltic NATO members
Updated: 2022-03-18 10:19,CDC: US wastewater samples show rise in coronavirus
Updated: 2022-03-18 10:27,Omicron BA2 subvariant spreading as EU countries lift COVID-19 restrictions: EMA
Updated: 2022-03-18 10:28,"UN chief highlights 5 lifelines for recovery, development of LDCs"
