﻿Updated: 2022-03-07 17:49,"FM hopes for peaceful development between China, Japan"
Updated: 2022-03-11 09:11,EPA approves use of gene-modified mosquitoes to reduce disease spread
Updated: 2022-03-21 09:46,New light shines into Egyptian necropolis
Updated: 2022-03-22 21:12,China to work closely with Kenya for stability in the Horn of Africa
Updated: 2022-03-23 10:31,Iran's supreme leader looks beyond sanctions impact
Updated: 2022-03-24 09:52,Free movement key to trade within Africa
Updated: 2022-03-24 10:38,Experts hail China's democracy as 'robust'
Updated: 2022-03-25 09:22,Polar heat waves trigger warning
Updated: 2022-03-25 10:18,DPRK leader Kim Jong-un issues order for test-launch of new type ICBM: KCNA
Updated: 2022-03-28 09:25,Arab FMs arrive in Israel for conference with Blinken
Updated: 2022-03-30 09:11,Race fuels double standards on refugees
Updated: 2022-03-30 09:25,Brussels kicks off WTO case against UK
Updated: 2022-03-30 09:39,"Workers strike across India for labor rights, better pay"
Updated: 2022-03-30 10:01,US Senate bill's aim: Outcompete China in tech
Updated: 2022-03-30 10:40,"5 killed in shooting spree outside Israel's Tel Aviv, police alert raised to 'highest'"
Updated: 2022-03-31 01:08,20 people to be fined for Downing Street lockdown parties
Updated: 2022-03-31 09:13,Germany issues gas-supply warning
Updated: 2022-03-31 09:25,Storms leave hundreds of thousands reeling in Africa
Updated: 2022-03-31 09:58,China's new-energy vehicle market hot
Updated: 2022-04-01 06:40,How the US weapons industry cashes in on war
Updated: 2022-04-01 17:46,China hosts foreign ministers' meeting among Afghan neighbors
Updated: 2022-04-06 09:20,US stocks plunge in fears of aggressive Fed policy
Updated: 2022-04-06 09:22,China files more patents in Europe than ever before
Updated: 2022-04-06 10:04,"School closures hit hard in Africa, report says"
Updated: 2022-04-06 16:21,Blinken's Mideast tour unlikely to contribute to regional peace: analysts
Updated: 2022-04-07 09:13,"US, UK, Australia jointly announce plan to develop hypersonic missiles"
Updated: 2022-04-07 10:03,Africa's conflict zones face multiple threats
Updated: 2022-04-08 06:35,Analysts: the Ukraine crisis is a trap set by the US
Updated: 2022-04-08 09:20,Green Belt and Road vision aims high
Updated: 2022-04-08 09:24,Blood clots 'more likely' after COVID-19 infection
Updated: 2022-04-08 09:53,Senate confirms Jackson as first black woman on Supreme Court
Updated: 2022-04-08 10:12,Macron is hit by probe involving consultancies
Updated: 2022-04-08 10:19,Chinese FM makes clear China's position on Pelosi's reported visit to Taiwan
Updated: 2022-04-08 10:20,Long COVID won't let go for millions in US
Updated: 2022-04-08 10:29,Beijing's worldview vital to the future of humanity
Updated: 2022-04-08 10:38,Texas to send 'willing' migrants to US capital
Updated: 2022-04-08 10:39,Malaysia out to build on China bonds
Updated: 2022-04-08 13:58,China warns US against US House Speaker Nancy Pelosi's Taiwan visit
