﻿Updated: 2017-08-31 08:54,American in Beijing lives his Chinese dream
Updated: 2017-08-31 11:17,
Updated: 2021-01-25 10:17,Sharon Fraser : The awareness of Chongqing needs to be built outside of China
Updated: 2021-08-20 09:00,Student explores city's attractions by bicycle
Updated: 2022-08-25 09:11,Changsha's disappearing sounds captured for posterity
Updated: 2022-08-30 16:43,Blind student sets blistering pace in life
Updated: 2022-08-31 13:50,"Video: Chongqing fights flames with heroism, solidarity"
Updated: 2022-09-01 08:57,Dream comes true for determined disabled student
Updated: 2022-09-02 09:45,HK quarantine on table for travelers entering mainland
Updated: 2022-09-03 07:14,Court panel reappointed to solve intl trade tiffs
Updated: 2022-09-03 08:01,New ministerial-level officials appointed by legislative body
Updated: 2022-09-03 08:02,Revised wildlife law aims to prevent harm to people
Updated: 2022-09-03 08:02,Guangdong sets up office for Macao political advisers
Updated: 2022-09-03 08:04,Law strengthens food quality
Updated: 2022-09-04 07:49,Hong Kong unveils first anti-Japanese war memorial hall
Updated: 2022-09-04 14:54,New horizons open for students as homework pressures ease
Updated: 2022-09-04 19:39,China's Zhejiang braces for stormy weather as typhoon nears
Updated: 2022-09-04 22:39,China steps up efforts to increase people's scientific knowledge
Updated: 2022-09-05 07:21,Xi's vision gives boost to global governance
Updated: 2022-09-05 07:47,China's top legislator to visit four countries
Updated: 2022-09-05 07:58,New projects point the road ahead for region to embrace prosperity
Updated: 2022-09-05 09:07,Solar-powered high-altitude drone makes maiden flight
Updated: 2022-09-05 09:10,Issues resolved after crash of testing system
Updated: 2022-09-05 09:11,Sci-tech cooperation hailed with Latin America
Updated: 2022-09-05 09:15,Super Typhoon Hinnamnor begins hammering coast
Updated: 2022-09-05 09:18,New horizons open for students as homework pressures ease
Updated: 2022-09-05 09:18,Report refutes claims of abuses in Xinjiang
Updated: 2022-09-05 09:20,Bakery gets fingers burned over unlicensed lockdown sales
Updated: 2022-09-05 09:25,Sculptor's labor of love depicts love for labor
Updated: 2022-09-05 09:26,Hammering home Longyao's nail trade
Updated: 2022-09-05 18:33,Tibet will send students out of region soon
Updated: 2022-09-05 19:09,Smart terminals speed screening for COVID-19
Updated: 2022-09-05 20:09,Grand reception in Bangladesh marks 25th anniversary of Hong Kong's return to motherland
Updated: 2022-09-05 20:52,China sees growth in number of popular-science museums
Updated: 2022-09-06 07:19,Nation steps up fight to safeguard cultural relics
Updated: 2022-09-06 07:22,Swift steps taken to contain COVID
