﻿Updated: 2017-08-31 08:54,American in Beijing lives his Chinese dream
Updated: 2017-08-31 11:17,
Updated: 2021-01-25 10:17,Sharon Fraser : The awareness of Chongqing needs to be built outside of China
Updated: 2021-08-20 09:00,Student explores city's attractions by bicycle
Updated: 2022-06-10 22:24,Vice-premier stresses deepening China-Russia connectivity cooperation
Updated: 2022-06-11 17:43,Beijing postpones return of students to schools
Updated: 2022-06-13 07:30,University offers scuba diving course
Updated: 2022-06-13 09:38,Senior Chinese military officer meets Pakistani chief of army staff
Updated: 2022-06-14 08:53,"'One country, two systems' continues to benefit HK, whole nation"
Updated: 2022-06-14 09:06,Chinese vice-premier urges solid efforts to contain COVID-19 in Beijing
Updated: 2022-06-14 09:48,"Musician changing lives, one note at a time"
Updated: 2022-06-14 14:39,Number of postgrads rises in last decade
Updated: 2022-06-15 07:33,Highest observatory in world will give Tibet a better view of the galaxy
Updated: 2022-06-15 08:33,Guideline takes aim at telecom fraud
Updated: 2022-06-15 09:02,Reform and innovation spur growth of China's medical systems
Updated: 2022-06-15 09:20,Postgraduate education expanded in past decade
Updated: 2022-06-15 09:40,Chinese researchers explore new artificial glacier melt reduction method
Updated: 2022-06-15 09:51,Tech company embraces metaverse in SW China
Updated: 2022-06-15 15:03,"Hong Kong ranks 5th in World Competitiveness Yearbook 2022, up from 7th"
Updated: 2022-06-15 16:15,Xinjiang's former Party chief takes new post
Updated: 2022-06-16 07:37,Mainland sets straight US' 'international waters' claim
Updated: 2022-06-16 07:36,Xi: Judge human rights based on country's reality
Updated: 2022-06-16 08:50,Prospects rosy for Anhui wedding dress industry
Updated: 2022-06-16 09:10,Study advocates adjusting agri-food system
Updated: 2022-06-16 09:12,HK LegCo passes plan on govt restructure
Updated: 2022-06-16 09:16,Anhui space lab to foster local talent
Updated: 2022-06-16 09:16,Guideline released for monkeypox
Updated: 2022-06-16 09:28,Student expelled for spiking drink
Updated: 2022-06-16 11:19,Serving neighbors in pandemic gives teenager real-life lesson
Updated: 2022-06-16 19:12,NPC to consider harsher punishment for fraudsters
Updated: 2022-06-16 22:09,Livestream host ordered to pay $16m penalty for tax avoidance
Updated: 2022-06-17 01:46,"China-developed COVID-19 mRNA vaccine as booster safe, immunogenic in clinical trial"
