﻿Updated: 2022-05-20 09:09,Prehistoric dolphin species discovered in Switzerland
Updated: 2022-05-25 09:46,Millions to 'crash into extreme poverty'
Updated: 2022-05-29 21:14,"29 killed, 38 missing in building collapse in SW Iran"
Updated: 2022-05-30 09:23,Clashes break out between Israelis and Palestinians over Israeli nationalists' march
Updated: 2022-05-31 01:10,Monet's Waterloo Bridge painting expected to sell for $30.3m
Updated: 2022-06-03 06:35,US gun culture and gun-related deaths
Updated: 2022-06-04 06:40,Five things to know about the US gun lobby
Updated: 2022-06-05 14:20,"Macron calls for ending escalation between Israel, Palestine"
Updated: 2022-06-06 17:28,Red Cross expresses shock at killing of aid workers in Mali
Updated: 2022-06-07 07:48,UK inflation serves up pain for Chinese restaurants
Updated: 2022-06-07 09:11,Africa's food crisis set to deepen amid conflict
Updated: 2022-06-08 07:10,Senior diplomat says relations with Japan at important juncture
Updated: 2022-06-08 10:02,Ghanaian villagers get mobile with Huawei
Updated: 2022-06-08 10:55,Olympic champion Eileen Gu has more to do on world stage
Updated: 2022-06-08 13:55,China and Turkmenistan strengthen relationship with practical cooperation
Updated: 2022-06-08 16:10,"At least 10 dead, 50 injured in Iran train derailment"
Updated: 2022-06-08 16:28,FM holds meeting with Uzbek counterpart
Updated: 2022-06-09 06:45,Dearth of data could cause undercounting of Black suicides: Study
Updated: 2022-06-09 07:14,"Grain flows hinge on Ukraine, Russia says"
Updated: 2022-06-09 07:15,EU law on chargers puts Apple in the cold
Updated: 2022-06-09 07:16,Chinese expertise valued at Egypt medical expo
Updated: 2022-06-09 07:21,Summit and sun warm up tourism hopes
Updated: 2022-06-09 07:49,"Turkey, Venezuela vow enhanced bilateral ties as Maduro visits"
Updated: 2022-06-09 07:59,FM: Forge strong ties with Central Asia
Updated: 2022-06-09 09:24,Beijing says it will stand firm beside its neighbors
Updated: 2022-06-09 09:29,DRC may hold key to prosperity in East Africa
Updated: 2022-06-09 09:44,EU set to enforce boardroom gender equality
Updated: 2022-06-09 09:53,UK govt criticizes unions for unleashing rail chaos
Updated: 2022-06-09 10:28,White House diverts funds to COVID vaccines
Updated: 2022-06-09 10:33,Gymnasts sue FBI for doctor-abuse inaction
Updated: 2022-06-09 10:48,US treasury chief: Some China tariffs could be lifted soon
Updated: 2022-06-09 10:43,Canada has fared better on COVID than US has
Updated: 2022-06-09 11:16,Death toll rises to 40 in church attack in Nigeria
