﻿Updated: 2022-08-06 16:04,Pelosi family under scrutiny for stock trades
Updated: 2022-08-23 10:29,UN chief calls for new global consensus on cooperation to ensure collective security
Updated: 2022-08-25 01:40,US airstrikes in E. Syria kill 6 fighters: war monitor
Updated: 2022-08-25 11:03,Kobe Bryant widow awarded $16M in trial over crash photos
Updated: 2022-08-31 07:11,US behavior leaves cloud on nuke talks
Updated: 2022-09-02 09:55,Deal struck with 1972 Munich Olympics massacre families
Updated: 2022-09-05 16:06,China and Japan mark 50 years of diplomatic relations
Updated: 2022-09-05 16:31,South Korea to become world's most aged country in 2044: data
Updated: 2022-09-05 18:38,"Blast kills 2, wounds 10 in Afghan capital: official"
Updated: 2022-09-05 19:58,Kenyan apex court upholds Ruto's win in presidential elections
Updated: 2022-09-05 22:27,"US responsible for cyberattack on Xi'an university, report says"
Updated: 2022-09-06 04:09,Animals found to have had lockdown blues
Updated: 2022-09-06 06:57,Chinese firms step up push into Europe
Updated: 2022-09-06 09:13,UK barristers walk out in pay dispute
Updated: 2022-09-06 09:33,Tourism climbing back in S. Africa
Updated: 2022-09-06 09:39,BRI offers hope to the blind in Africa
Updated: 2022-09-06 13:51,'Long COVID' has become the West's hidden pandemic
Updated: 2022-09-06 15:47,Former federal prosecutor says Trump should be arrested 'promptly'
Updated: 2022-09-06 16:07,"Boris Johnson bows out as British PM, Liz Truss to take over"
Updated: 2022-09-06 19:55,"Malaysian FM highlights economic ties, high-tech cooperation with China"
Updated: 2022-09-07 07:18,"Stabbing suspect dead, but brother still on the run"
Updated: 2022-09-07 07:21,Nigeria pins hopes on port hub role
Updated: 2022-09-07 08:33,Could Spain say goodbye to running of the bulls?
Updated: 2022-09-07 08:33,Chinese UN envoy calls for security of Ukrainian nuclear facilities
Updated: 2022-09-07 09:05,"US reports over 20,000 monkeypox cases"
Updated: 2022-09-07 09:07,Africa to benefit from multilateral relations
Updated: 2022-09-07 09:14,"Truss sworn in as UK's leader, Johnson exits"
Updated: 2022-09-07 09:15,Iran says US should stop making additional demands in nuke talks
Updated: 2022-09-07 09:23,UN chief to appeal for massive support for Pakistan during upcoming visit
Updated: 2022-09-07 09:24,Crisis prompts bank to mull Germany exit
Updated: 2022-09-07 09:24,Spain accused of 'environmental assault' on wetlands
Updated: 2022-09-07 09:31,Most Americans think political violence in US to be on rise
Updated: 2022-09-07 09:42,Floods spur more calls for climate justice
Updated: 2022-09-07 09:48,N. Africa seeks to thwart traffickers' money laundering
Updated: 2022-09-07 09:52,US poised to use credit cards more as rising inflation bites
Updated: 2022-09-07 09:58,Aging S. Korea on track to edge Japan for unwanted title
Updated: 2022-09-07 09:59,New British PM Truss faces big challenges
Updated: 2022-09-07 10:08,Adapted COVID-19 vaccines advised for winter use: ECDC
Updated: 2022-09-07 14:26,UN chief calls for demilitarized zone around Ukraine's Zaporizhzhia nuclear plant
