﻿Updated: 2017-08-31 08:54,American in Beijing lives his Chinese dream
Updated: 2017-08-31 11:17,
Updated: 2021-01-25 10:17,Sharon Fraser : The awareness of Chongqing needs to be built outside of China
Updated: 2021-08-20 09:00,Student explores city's attractions by bicycle
Updated: 2022-03-30 08:38,New measures to bolster job market
Updated: 2022-03-30 09:55,"New provincial, regional Party secretaries chosen"
Updated: 2022-03-31 15:32,Civic behavior draws praise from netizens
Updated: 2022-04-01 13:47,Chinese researchers achieve neuroscience breakthrough
Updated: 2022-04-01 16:12,Decoding China's green miracle
Updated: 2022-04-01 18:12,Postgrad exam controversy at Peking Union
Updated: 2022-04-02 09:34,"Education of women, girls critical for sustainable development: symposium"
Updated: 2022-04-02 09:36,Top political advisor stresses enhanced supervision over Yangtze River environmental protection
Updated: 2022-04-02 09:38,Researchers print 3D cardiac tissue capable of sustaining pulses for over 6 months
Updated: 2022-04-02 14:57,China Focus: Teenager with autism swims toward victory
Updated: 2022-04-02 16:42,China establishes code for barrier-free buildings
Updated: 2022-04-03 12:01,Graduate engineer joins task force to help HK fight outbreak
Updated: 2022-04-06 07:01,Engineer rises to HK outbreak challenge
Updated: 2022-04-06 07:14,Autonomy key for Europe amid crisis
Updated: 2022-04-06 07:20,Beijing will adopt tighter measures
Updated: 2022-04-06 07:24,Shanghai acts to ensure swift quarantine measures
Updated: 2022-04-06 08:41,"VAT plan to help businesses, economy"
Updated: 2022-04-06 09:11,"Research explains human, snow leopard coexistence"
Updated: 2022-04-06 09:20,Hefty fines for drivers trying to cheat traffic laws
Updated: 2022-04-06 09:31,Students gain from digital learning
Updated: 2022-04-06 09:37,Residents pull as one to tackle outbreak
Updated: 2022-04-06 09:58,5.1-magnitude quake hits SW China's Sichuan: CENC
Updated: 2022-04-06 10:03,Pyrography lights fire in hearts of villagers
Updated: 2022-04-06 10:37,Service robots aid Shanghai's epidemic fight
Updated: 2022-04-06 16:10,Tang: People-centered approach at central govt-built centers
Updated: 2022-04-06 16:11,HK ready for three-day voluntary universal testing
Updated: 2022-04-06 19:21,Ministry urges provincial-level regions to develop unified high school entrance exams
Updated: 2022-04-07 06:45,"China, Armenia mark 30 years of ties"
Updated: 2022-04-07 08:14,Tribute paid to teacher who brought music to the mountains
Updated: 2022-04-07 08:39,China launches new satellite for Earth observation
Updated: 2022-04-07 08:46,'Sand warrior' reflects on long battle to reclaim land
Updated: 2022-04-07 09:07,Organ donation gaining acceptance
Updated: 2022-04-07 09:09,Rail freight increases in first quarter
Updated: 2022-04-07 09:11,Judges to intensify action against scams aimed at defrauding elderly
Updated: 2022-04-07 09:20,Food donated to feed most vulnerable
