﻿Updated: 2022-02-01 20:13,China refutes so-called human rights resolution adopted by Japan's House of Representatives
Updated: 2022-02-03 06:40,Ambassadors express wishes for Beijing 2022 (V)
Updated: 2022-02-17 01:12,Spanish ghost village emerges after 30 years underwater
Updated: 2022-02-17 10:18,"Sea levels to rise 10 to 12 inches by 2050, rate 'alarming': Report"
Updated: 2022-02-18 10:15,New cases on the slide worldwide
Updated: 2022-02-21 10:11,"Path cleared for Iraq, Kuwait to boost ties"
Updated: 2022-02-22 09:55,"China, Egypt donate 500,000 vaccines to Palestine"
Updated: 2022-02-22 11:20,Share your thoughts on China's diplomacy
Updated: 2022-02-23 09:16,Help sought for storm-hit Madagascar
Updated: 2022-02-24 01:46,Robot that can make fondue to be presented at Paris International Agriculture Fair
Updated: 2022-02-24 09:18,E. Africa railway boosts regional links
Updated: 2022-02-25 09:20,California beekeepers use tech to thwart hive thieves
Updated: 2022-02-25 09:52,UAE eyes deal to buy supersonic trainers
Updated: 2022-02-25 13:54,US Congress eyes 600 mln USD weapons assistance to Ukraine
Updated: 2022-02-25 13:57,Study: Guns top cause of US trauma deaths
Updated: 2022-02-25 20:39,Adequate investment could end Africa's high maternal and child mortality
Updated: 2022-02-26 09:29,CDC says most Americans can take off masks
Updated: 2022-02-26 11:23,China's aid to Pacific countries intensifies
Updated: 2022-02-26 19:30,US short of money to fight future COVID-19 variant
Updated: 2022-02-26 19:32,Afghanistan's state-run universities reopen: Report
Updated: 2022-02-26 21:04,"9 killed, 5 missing as Indonesia's strong quake causes massive damage"
Updated: 2022-02-26 20:10,"13 killed, 4 missing as motorboat capsizes in central Vietnam"
Updated: 2022-02-27 07:19,DPRK fires unidentified projectile toward east waters -- ROK's military
Updated: 2022-02-27 12:08,Liberia's hospital head lauds China for donations
Updated: 2022-02-27 12:45,UN: security situation in northern Ethiopia remains fragile
Updated: 2022-02-27 21:36,Putin puts Russian deterrence forces on combat duty
Updated: 2022-02-28 07:00,"Sanctions cannot solve problems, FM says"
Updated: 2022-02-28 06:50,"Ukraine, Russia to talk at Belarus border"
Updated: 2022-02-28 07:25,SWIFT block could hurt global economy
Updated: 2022-02-28 08:20,UN General Assembly to meet in rare emergency session on Ukraine
Updated: 2022-02-28 08:57,Tens of thousands seek refuge
Updated: 2022-02-28 09:13,China-Croatia ties have rapidly flourished
Updated: 2022-02-28 09:14,"Aid workers risk life, limb on front line"
Updated: 2022-02-28 08:55,"Embassy to help evacuate Chinese citizens, envoy says"
Updated: 2022-02-28 09:23,NHS staff resigning in record numbers
Updated: 2022-02-28 09:24,Bus industry urges zero-emission goal
Updated: 2022-02-28 09:36,Kenyan avocados ready for China
Updated: 2022-02-28 09:41,"Nixon's historic visit shows value of unity, say experts"
