﻿Updated: 2017-08-31 08:54,American in Beijing lives his Chinese dream
Updated: 2017-08-31 11:17,
Updated: 2021-01-25 10:17,Sharon Fraser : The awareness of Chongqing needs to be built outside of China
Updated: 2021-08-20 09:00,Student explores city's attractions by bicycle
Updated: 2022-04-01 16:12,Decoding China's green miracle
Updated: 2022-04-02 14:57,China Focus: Teenager with autism swims toward victory
Updated: 2022-04-06 15:52,SPP launches judicial operation to help women in need
Updated: 2022-04-07 17:14,China amends regulations to further cut red tape
Updated: 2022-04-07 17:26,Experts warn Chinese students about risks of studying in Australia
Updated: 2022-04-08 22:32,Mass self-test helps HKSAR govt to grasp epidemic situation: Carrie Lam
Updated: 2022-04-09 07:45,Overseas grads facing tougher job market
Updated: 2022-04-09 16:41,Xiplomacy: Xi's security vision helps build a world of lasting peace
Updated: 2022-04-10 16:09,China rolls out measures to enhance work safety
Updated: 2022-04-10 20:04,Chinese premier stresses cooperation with Portuguese-speaking countries
Updated: 2022-04-11 07:13,HK official calls for vigilance on security threats
Updated: 2022-04-11 09:01,China's orbiting astronauts answer US students' questions
Updated: 2022-04-11 09:12,Green economic recovery will be crucial
Updated: 2022-04-11 15:46,Rocket for China's Tianzhou-4 mission arrives at launch site
Updated: 2022-04-11 16:37,Macao unveils makeshift hospital in case of COVID-19 outbreak
Updated: 2022-04-11 17:17,Return to classrooms halted in Dalian
Updated: 2022-04-11 18:04,Record number of postgrad entrance exam applicants expected next year
Updated: 2022-04-11 21:38,Tianzhou 4's rocket arrives in Hainan
Updated: 2022-04-12 07:27,Deadly plane crash rumors dispelled
Updated: 2022-04-12 07:36,Guangzhou starts new round of mass nucleic acid testing
Updated: 2022-04-12 08:51,Drive to give women better legal aid
Updated: 2022-04-12 08:56,Action plan puts measures in place to ensure national food security
Updated: 2022-04-12 08:59,Workers race against time to build emergency hospital
Updated: 2022-04-12 09:03,Collectives alleviating livelihood worries
Updated: 2022-04-12 09:13,Students help hundreds find medical treatment
Updated: 2022-04-12 09:22,"Painting with a passion, woman records family's life"
Updated: 2022-04-12 09:49,Unsung heroes provide vital lockdown lifeline
Updated: 2022-04-12 11:07,Caoxian county's specialized coffins prove popular in Japan
Updated: 2022-04-12 14:13,Young man donates organs to save more lives
Updated: 2022-04-12 14:49,Chinese experts reveal genetic variation basis in watermelon seed size
Updated: 2022-04-13 07:12,Some Shanghai communities allowed to ease lockdowns
Updated: 2022-04-13 07:13,Xi says officials should not harbor any selfish interests
Updated: 2022-04-13 07:15,Country strives to improve supplies to worst-hit regions
