﻿Updated: 2017-08-31 08:54,American in Beijing lives his Chinese dream
Updated: 2017-08-31 11:17,
Updated: 2021-01-25 10:17,Sharon Fraser : The awareness of Chongqing needs to be built outside of China
Updated: 2021-08-20 09:00,Student explores city's attractions by bicycle
Updated: 2022-04-14 06:54,Quality of life should outweigh schoolwork
Updated: 2022-04-15 09:22,Ministry pushes to get more talented teachers in rural areas
Updated: 2022-04-15 09:59,"Chinese premier stresses flood control, drought relief"
Updated: 2022-04-15 19:28,Universities help educate students on national security
Updated: 2022-04-16 10:10,CPC book lauds holistic view of national security
Updated: 2022-04-18 10:26,China's top legislature starts standing committee session
Updated: 2022-04-18 13:11,China mulls tougher rules against women trafficking
Updated: 2022-04-18 15:46,China mulls tighter oversight of derivatives trading
Updated: 2022-04-18 17:03,Chinese scientists create human stem cells by dint of chemicals
Updated: 2022-04-18 17:28,"With mainland support, HK outbreak showing signs of waning"
Updated: 2022-04-18 22:17,John Lee validly nominated for HKSAR's sixth-term chief executive election
Updated: 2022-04-20 07:01,Online user locations identified to curb false information
Updated: 2022-04-20 07:02,Expert sets record straight on policy
Updated: 2022-04-20 07:03,Xi expresses condolences over floods in S. Africa
Updated: 2022-04-20 07:16,China to up its textile recycling capability
Updated: 2022-04-20 07:20,Digital governance in focus
Updated: 2022-04-20 08:41,"Shanghai receives bamboo shoots, best wishes from good Samaritan"
Updated: 2022-04-20 09:16,"Draft focuses on youth myopia rates, obesity"
Updated: 2022-04-20 09:35,People with autism get chance to learn life skills
Updated: 2022-04-20 09:35,"Cities help Shanghai resume production, stabilize supplies"
Updated: 2022-04-20 09:36,Dedicated couple help educate a generation
Updated: 2022-04-20 09:36,Selfless volunteer repairman fixes up fangcang
Updated: 2022-04-20 09:40,Regulator tries to iron out logistics problems
Updated: 2022-04-20 10:35,Reporter documents life in makeshift hospital
Updated: 2022-04-20 11:39,Tianzhou 3 docks with Tianhe's front docking port
Updated: 2022-04-20 14:27,Staying Current: Primary school in-person classes resume in HK
Updated: 2022-04-20 16:20,China adopts revised vocational education law
Updated: 2022-04-20 17:07,Mainland strategy of pooling resources to fight COVID-19 effective in HK
Updated: 2022-04-20 17:15,BeiDou boosts tech support for Chinese smartphone industry
Updated: 2022-04-20 19:53,No abnormalities yet discovered in MU5735 investigation
Updated: 2022-04-21 06:30,A small potato is big business in Dingxi
Updated: 2022-04-21 06:45,Xi to make key speech at Boao Forum for Asia
Updated: 2022-04-21 07:19,Expats lend a hand during lockdown
Updated: 2022-04-21 07:22,Nation adopts steps for sound grain output
