﻿Updated: 2022-03-07 17:49,"FM hopes for peaceful development between China, Japan"
Updated: 2022-03-25 09:22,Polar heat waves trigger warning
Updated: 2022-03-31 10:34,World needs answer on US biolabs
Updated: 2022-04-11 09:29,Iran nuclear talks remain at impasse
Updated: 2022-04-15 11:04,Gulf oil states stand up for own interests
Updated: 2022-04-16 07:39,"China, Saudi Arabia pledge to boost ties"
Updated: 2022-04-18 10:06,"IAEA monitors nuclear activities without access, Iran says"
Updated: 2022-04-19 21:51,S. Africa intensifies rescue efforts after floods
Updated: 2022-04-20 09:37,Electric chopsticks on the way to enhance taste
Updated: 2022-04-20 11:20,Horn of Africa hunger could soar to 20 mln by year end: UN
Updated: 2022-04-20 16:30,"AU calls for dialogue, peaceful solution to end Russia-Ukraine conflict"
Updated: 2022-04-21 06:30,Asian American hate crimes increased in US during pandemic
Updated: 2022-04-21 09:50,DOJ to appeal repeal of mask mandate
Updated: 2022-04-21 09:52,Late rains add to drought misery in Horn of Africa
Updated: 2022-04-21 16:59,Blast wounds 2 children in Afghanistan's Kabul: official
Updated: 2022-04-21 20:39,Insecurity hinders humanitarian operations in Central African Republic
Updated: 2022-04-21 20:56,Chinese embassy in S. Africa donates to flood victims
Updated: 2022-04-21 22:24,"Youth representatives from China, Russia discuss cooperation at forum"
Updated: 2022-04-21 22:38,"At least 34 killed, 102 wounded in N. Afghan explosions"
Updated: 2022-04-22 08:45,Top economists warn of looming crisis
Updated: 2022-04-22 01:49,Woman infected with COVID-19 twice in 20 days
Updated: 2022-04-22 08:28,Putin switches Mariupol tactics
Updated: 2022-04-22 09:19,"Leaders of ROK, DPRK exchange letters"
Updated: 2022-04-22 09:28,Italy eager to end its need for Russian gas
Updated: 2022-04-22 09:30,Presidential candidates square up in debate
Updated: 2022-04-22 09:39,US child welfare system jabbed for putting Black kids in foster care: report
Updated: 2022-04-22 09:40,Queen celebrates landmark birthday
Updated: 2022-04-22 09:46,Australian scientists to power Tesla car using printed solar panels
Updated: 2022-04-22 09:49,"Asia's IPR heft benefits world, Boao Forum told"
Updated: 2022-04-22 09:54,Global tourism industry to create nearly 126 mln jobs in 10 years: report
Updated: 2022-04-22 09:55,"UN chief calls for ambitious action on climate disruption, nature loss, pollution"
Updated: 2022-04-22 10:14,NJ weighs lifting ban on self-service gas-pumping
Updated: 2022-04-22 10:25,US announces program to admit refugees from Ukraine
Updated: 2022-04-22 10:27,21 people charged in alleged COVID schemes
Updated: 2022-04-22 10:37,Chinese ambassador takes sentimental journey to Iowa
