﻿Updated: 2022-08-06 16:04,Pelosi family under scrutiny for stock trades
Updated: 2022-08-09 18:25,Voters cast ballots in Kenya's fiercely contested election
Updated: 2022-08-09 20:59,Africa reports decrease in COVID-19 cases but fatalities still high
Updated: 2022-08-16 09:40,Synthetic embryos offer stem cell hope
Updated: 2022-08-23 10:29,UN chief calls for new global consensus on cooperation to ensure collective security
Updated: 2022-08-24 07:25,Ministry: Nation to resolutely safeguard sovereignty
Updated: 2022-08-24 10:16,Turkiye's normalization with Israel not diminishes support for Palestinian cause: Turkish president
Updated: 2022-08-25 01:40,US airstrikes in E. Syria kill 6 fighters: war monitor
Updated: 2022-08-25 09:21,AI technology to help save an iconic species
Updated: 2022-08-25 11:03,Kobe Bryant widow awarded $16M in trial over crash photos
Updated: 2022-08-26 10:20,Webb telescope finds CO2 for first time in exoplanet atmosphere
Updated: 2022-08-29 09:07,"China's ambassador to the UK visits COSCO, London Gateway"
Updated: 2022-08-29 07:41,Passage of US warships monitored
Updated: 2022-08-30 10:04,Copper factory's model employee dresses to impress at his wedding
Updated: 2022-08-30 10:06,Pakistan's UN ambassador appeals for climate responsibilities
Updated: 2022-08-31 07:11,US behavior leaves cloud on nuke talks
Updated: 2022-08-31 09:28,Cleric's plea for calm cools Iraq violence
Updated: 2022-08-31 09:38,African leaders urge collaboration on climate efforts
Updated: 2022-08-31 09:40,Tunisian president voices discontent over US interference in internal affairs
Updated: 2022-08-31 09:44,China's humanitarian assistance for flood victims reaches Pakistan
Updated: 2022-08-31 12:54,Former Malaysian PM Mahathir tests positive for COVID-19
Updated: 2022-08-31 16:26,US economist warns country needs 'miracle' to avoid recession
Updated: 2022-08-31 21:39,China rejects groundless accusations of so-called enforced disappearances
Updated: 2022-09-01 01:08,UK pubs 'face closure' over electricity bills
Updated: 2022-09-01 06:59,Last leader of USSR Gorbachev passes away
Updated: 2022-09-01 08:06,"US life expectancy drops again, marking worst two-year decline in a century"
Updated: 2022-09-01 09:02,"COVID-19 hospitalizations, deaths may increase with colder weather: WHO"
Updated: 2022-09-01 09:06,EU complicates travel rules for Russians
Updated: 2022-09-01 09:13,Black Americans see racism as persistent challenge: poll
Updated: 2022-09-01 09:19,"Climate change, conflicts making grain crisis worse"
Updated: 2022-09-01 09:23,UK's Johnson refuses to rule out comeback as he leaves spotlight
Updated: 2022-09-01 09:29,Green foundation urged for recovery
Updated: 2022-09-01 09:36,Deportation policy leaves Rwandans homeless
Updated: 2022-09-01 09:38,AI offers us chance to get in touch with other side
Updated: 2022-09-01 09:39,"Germany, Denmark to share green future"
Updated: 2022-09-01 09:41,US atrocities still haunt Afghans trying to rebuild
Updated: 2022-09-01 09:42,Africa goes green with energy transformation
Updated: 2022-09-01 09:43,Bangladeshi art woven into cooperation
Updated: 2022-09-02 01:09,People gather at Kensington Palace on 25th anniversary of Princess Diana's death
Updated: 2022-09-02 07:33,Deeper regional links stressed at BRI event
Updated: 2022-09-02 09:12,Global COVID-19 cases surpass 600 mln: WHO
