﻿Updated: 2022-02-01 20:13,China refutes so-called human rights resolution adopted by Japan's House of Representatives
Updated: 2022-02-17 10:18,"Sea levels to rise 10 to 12 inches by 2050, rate 'alarming': Report"
Updated: 2022-02-22 11:20,Share your thoughts on China's diplomacy
Updated: 2022-02-27 20:58,Iran vows not to compromise over redlines in Vienna nuke talks: FM
Updated: 2022-02-28 07:00,"Sanctions cannot solve problems, FM says"
Updated: 2022-02-28 09:14,"Aid workers risk life, limb on front line"
Updated: 2022-02-28 20:18,Ukraine tensions may fuel instability in Middle East
Updated: 2022-03-01 15:30,AU chiefs condemn treatment of Africans fleeing Ukraine
Updated: 2022-03-02 09:16,Chinese doctors aiding Algeria through TCM
Updated: 2022-03-02 09:17,UN green forum pushes for pact to tackle plastic
Updated: 2022-03-02 14:11,Book donation opens opportunity for Kenyans to learn Chinese culture
Updated: 2022-03-03 09:14,Pandemic boosts number of ultrarich
Updated: 2022-03-03 09:27,Boost for African-made jabs with funding deal
Updated: 2022-03-03 19:15,UN body passes historic treaty to end plastic waste
Updated: 2022-03-04 07:53,1 million flee Ukraine in just a week
Updated: 2022-03-04 10:10,Ancient riddle of standing stones 'solved'
Updated: 2022-03-05 10:36,"US heads in wrong direction, poll finds"
Updated: 2022-03-06 14:13,Cash injection boosts online deliveries in US
Updated: 2022-03-06 14:26,Death toll rises to 63 in mosque blast
Updated: 2022-03-06 14:31,India yet to submit emission targets
Updated: 2022-03-07 09:12,Reality of Brexit bites for disgruntled UK farmers
Updated: 2022-03-07 09:15,Greece ends outdoor mask mandate as COVID-19 situation improves
Updated: 2022-03-07 09:30,Ukraine crisis drives wheat prices up to 14-year high
Updated: 2022-03-07 09:41,India urges dialogue to bring fighting to end
Updated: 2022-03-08 09:46,FM commends development of China-Indonesia ties
Updated: 2022-03-08 02:03,End of tax-free shopping in UK costing dear
Updated: 2022-03-08 02:18,Oil prices jump over possible ban on Russian imports
Updated: 2022-03-08 02:44,1.7 million have fled Ukraine since conflict began
Updated: 2022-03-08 05:57,"Dow sheds nearly 800 points, oil jumps as Russia-Ukraine conflict continues"
Updated: 2022-03-08 05:57,"Weekly COVID-19 child cases in US drop below 100,000 for the first time since last August"
Updated: 2022-03-08 06:37,Tragic legacy still matters
Updated: 2022-03-08 07:04,Nations urged to de-escalate Russia-Ukraine conflict
Updated: 2022-03-08 09:11,"21 mln Yemenis need life-saving aid, half are children: UNICEF"
Updated: 2022-03-08 09:12,Oil price surge brings uncertainty to travel recovery
Updated: 2022-03-08 09:35,Squeeze on Russian oil means more pain at pumps
Updated: 2022-03-08 10:28,Study: Amazon rainforest could be transformed into savannah
Updated: 2022-03-09 07:14,US attempts to contain China doomed
Updated: 2022-03-09 09:07,"Female-led firms fare better, says research"
