﻿Updated: 2022-07-09 22:15,Chinese premier extends condolences over passing away of former Japanese PM Abe
Updated: 2022-07-11 22:37,S. Africa rocked by mass shootings
Updated: 2022-07-12 09:33,Africa sees chances to develop transport
Updated: 2022-07-13 08:49,Evidence confirms germ warfare and more by Japanese Unit 731
Updated: 2022-07-13 08:10,COVID-19 pandemic 'nowhere near over': WHO
Updated: 2022-07-13 09:31,African nations among most exposed to Ukraine crisis
Updated: 2022-07-13 17:33,"Kenya, Tanzania join forces to eradicate trachoma"
Updated: 2022-07-14 07:28,Washington urged not to stir up trouble on South China Sea issue
Updated: 2022-07-14 07:57,Chinese phones get Africans talking
Updated: 2022-07-14 09:12,Resilient German ties seen holding up
Updated: 2022-07-14 09:18,US meddling in Middle East erodes hopes
Updated: 2022-07-14 11:10,Poll: Arab nations sour on Western democracy
Updated: 2022-07-14 14:00,Extreme weather made worse by climate change
Updated: 2022-07-14 14:23,Nam Ou hydropower project in Laos generates 10 bln kWh
Updated: 2022-07-14 15:07,"Palestinian factions reject Biden's Middle East visit, call for protests"
Updated: 2022-07-14 16:15,Sri Lanka declares curfew in capital following clashes
Updated: 2022-07-14 22:13,Stakes raised for second round of Conservative voting
Updated: 2022-07-15 01:23,UK workers plan another national railway strike in July
Updated: 2022-07-15 01:24,Hidden self-portrait discovered on back of Van Gogh painting
Updated: 2022-07-15 07:21,Italian president rejects PM Draghi's resignation
Updated: 2022-07-15 07:29,China-India ties showing momentum of recovery
Updated: 2022-07-15 07:30,Boosters seen as key for S. Korea surge
Updated: 2022-07-15 07:33,Johnson's successor has it all to do in UK
Updated: 2022-07-15 09:17,China slams 'debt trap' allegations by the West
Updated: 2022-07-15 09:28,Biden urged to swap division for consensus in Middle East
Updated: 2022-07-15 09:57,Social media star inspires millions to forage food in the wild
Updated: 2022-07-15 10:01,Majority of Americans think US in recession: poll
Updated: 2022-07-15 10:22,"US mass shootings getting deadlier, more common: The Guardian"
Updated: 2022-07-15 10:26,Fourth COVID-19 vaccine approved in US
Updated: 2022-07-15 10:29,"Larger NATO carries costs, risk to stability"
Updated: 2022-07-15 10:31,US Second Amendment shapes gun debate
Updated: 2022-07-15 10:31,China committed to global development
Updated: 2022-07-15 10:54,Venezuelan parliament slams John Bolton's coup confession
Updated: 2022-07-15 11:32,Russia legalizes special economic measures to support military operations abroad
Updated: 2022-07-15 15:50,"Sri Lankan president resigns, PM sworn in as interim president"
Updated: 2022-07-15 14:08,AU meeting opens with call on African countries to enhance agricultural production
Updated: 2022-07-17 21:47,Britain braced for record-breaking heat
