﻿Updated: 2017-08-31 08:54,American in Beijing lives his Chinese dream
Updated: 2017-08-31 11:17,
Updated: 2021-01-25 10:17,Sharon Fraser : The awareness of Chongqing needs to be built outside of China
Updated: 2021-08-20 09:00,Student explores city's attractions by bicycle
Updated: 2022-08-12 09:37,Expert hopes to brew success with coffee
Updated: 2022-08-12 11:30,Inno-tech integration 'key catalyst' for growth
Updated: 2022-08-13 07:26,Two HK teens sentenced for riot chaos
Updated: 2022-08-13 07:46,"Disabled woman helps self, then others via livestreams"
Updated: 2022-08-14 16:56,Senior Chinese diplomat attends opening ceremony of 6th Silk Road Int'l Exposition
Updated: 2022-08-15 09:30,Postnatal light sensing in mice linked to later learning
Updated: 2022-08-15 09:33,Science majors surpass liberal arts at universities
Updated: 2022-08-16 00:05,Nation goes all out to address drought
Updated: 2022-08-16 07:03,"PLA advances in arms, ability over past decade"
Updated: 2022-08-16 08:44,"HK, mainland university to open in Guangzhou"
Updated: 2022-08-16 09:20,Tibetans tap safe water aided by Beijing cadres
Updated: 2022-08-16 11:22,Shanghai Science Festival to kick off on Aug 20
Updated: 2022-08-16 15:31,More mainland universities on world academic ranking list
Updated: 2022-08-16 23:00,Xi sends message of condolence to Egypt
Updated: 2022-08-16 19:47,Air Macau restarts flights to mainland
Updated: 2022-08-17 00:10,Nation takes steps to encourage more births
Updated: 2022-08-17 07:09,Beijing sanctions seven 'Taiwan independence' die-hards
Updated: 2022-08-17 07:19,Cooperation system helps CPC govern
Updated: 2022-08-17 08:35,Plan promotes rural construction
Updated: 2022-08-17 08:46,Litchi industry seeing success with smart agriculture efforts
Updated: 2022-08-17 09:09,Fossils of new branch of tiger species unearthed
Updated: 2022-08-17 09:16,Work rolls on for road robots in blazing conditions
Updated: 2022-08-17 09:20,Heavenly harvests sought from space seeds
Updated: 2022-08-17 09:23,"Despite incentives, willingness to bear a third child still low"
Updated: 2022-08-17 19:42,Duke Kunshan University welcomes class of 2026
Updated: 2022-08-17 20:24,Public security ministry reports fraud prevention numbers
Updated: 2022-08-17 23:30,Xi highlights common prosperity
Updated: 2022-08-17 23:40,Envoy says US to blame for tension across Straits
Updated: 2022-08-18 06:57,Students overseas go head-over-heels in online acrobatic school
Updated: 2022-08-18 07:00,Chinese democracy 'far more effective' than Western democracy: British commentator
