﻿Updated: 2017-08-31 08:54,American in Beijing lives his Chinese dream
Updated: 2017-08-31 11:17,
Updated: 2021-01-25 10:17,Sharon Fraser : The awareness of Chongqing needs to be built outside of China
Updated: 2021-08-20 09:00,Student explores city's attractions by bicycle
Updated: 2022-05-04 07:00,Xi: A friend of the youth
Updated: 2022-05-06 09:22,Ministry to shore up bottlenecks along transport infrastructure
Updated: 2022-05-06 11:36,China moves forward in balanced education efforts
Updated: 2022-05-07 07:54,Curriculum to include household skills
Updated: 2022-05-07 13:55,China to make county towns priority in new phase of urbanization
Updated: 2022-05-07 15:03,Shanghai supports fresh college grads
Updated: 2022-05-07 19:28,Senior legislators meet to deliberate laws
Updated: 2022-05-07 21:05,Dates set for China's 2022 national college entrance exam
Updated: 2022-05-08 07:52,"China to highlight green, low-carbon development philosophy in school education"
Updated: 2022-05-08 07:58,Vice premier stresses safety of self-built residential structures
Updated: 2022-05-10 01:07,Tianzhou 4 to be launched from Hainan
Updated: 2022-05-10 07:06,Central govt officials vow full support for John Lee
Updated: 2022-05-10 08:06,Beijing tightens COVID-19 measures
Updated: 2022-05-10 08:41,Team aims for barrier-free environment
Updated: 2022-05-10 08:53,Farmers in Jiangxi become college tutors
Updated: 2022-05-10 09:37,External interference in Hong Kong affairs doomed to be self-defeating: Commissioner's office of Chinese foreign ministry in HKSAR
Updated: 2022-05-10 09:41,"12,000 seed varieties return to Earth after space trip"
Updated: 2022-05-10 09:42,Charitable electrician shines a bright light
Updated: 2022-05-10 09:46,Taiwan's DPP urged to cease making wanton remarks on HKSAR chief executive election
Updated: 2022-05-10 09:47,Govt trying to help students find jobs
Updated: 2022-05-10 09:49,New system ensures HK prosperity
Updated: 2022-05-10 09:51,Chinese vice premier reiterates dynamic zero-COVID policy
Updated: 2022-05-10 10:59,Xi asks youth league to be political school leading Chinese young people
Updated: 2022-05-10 17:04,Liaison office of central govt slams G7 foreign ministers' statement on HKSAR chief executive election
Updated: 2022-05-11 07:28,Tianzhou 4 launched into orbit
Updated: 2022-05-11 07:41,"EU, G7 slammed for defaming HK election"
Updated: 2022-05-11 08:45,Businesses encouraged by efforts to persuade people to shop more
Updated: 2022-05-11 08:56,Policy Digest
Updated: 2022-05-11 09:01,Downtown areas targeted in latest antivirus push
