﻿Updated: 2017-08-31 08:54,American in Beijing lives his Chinese dream
Updated: 2017-08-31 11:17,
Updated: 2021-01-25 10:17,Sharon Fraser : The awareness of Chongqing needs to be built outside of China
Updated: 2021-08-20 09:00,Student explores city's attractions by bicycle
Updated: 2022-07-04 09:33,ROK to return remains of fallen soldiers
Updated: 2022-07-06 07:00,Stinky rice noodle fills stomachs and wallets
Updated: 2022-07-06 07:55,Priority given to livelihood issues in HK
Updated: 2022-07-06 08:13,Li: Strengthen protection of intellectual property rights
Updated: 2022-07-06 08:51,Nation bracing for climate change
Updated: 2022-07-06 09:05,Experts urge spreading word of GDI
Updated: 2022-07-06 09:53,China sees wider high school education coverage
Updated: 2022-07-06 10:09,Sino-Latin American ties deepen over agriculture
Updated: 2022-07-06 10:25,Years of tireless search net veteran results
Updated: 2022-07-06 14:18,Authorities help students beat the heat during exam period
Updated: 2022-07-06 18:45,Xinjiang students enjoying after-school activities
Updated: 2022-07-07 07:04,Strategy set to accelerate self-reliance
Updated: 2022-07-07 07:19,Govt to promote use of electronic licenses
Updated: 2022-07-07 08:10,Hong Kong assured of bright future in long run
Updated: 2022-07-07 09:02,Shanghai shuts KTV bars in wake of virus
Updated: 2022-07-07 09:15,Minnan's beautiful red brick art revived
Updated: 2022-07-07 09:22,Shenzhou crew setting up Tiangong station
Updated: 2022-07-07 09:24,Commercial space launch site begins construction
Updated: 2022-07-07 09:28,"Interest in 3D, cars drives graduate student's future"
Updated: 2022-07-07 09:56,Inspection safeguards environment
Updated: 2022-07-07 10:02,Popular animation theme song inspires kids across nation
Updated: 2022-07-07 12:54,China's Chang'e 4 probe completes work for 44th lunar day
Updated: 2022-07-07 13:51,Taikonauts to give lesson at China's space lab module
Updated: 2022-07-07 17:27,Research sheds light on horse origins in N. China
Updated: 2022-07-07 17:28,Lawyers approved to practice in Greater Bay Area
Updated: 2022-07-07 17:30,"Elderly driver's story impresses, moves netizens"
Updated: 2022-07-07 21:51,Ministry announces resumption of tourism train services
Updated: 2022-07-07 22:41,Five killed in Shanxi traffic accident
Updated: 2022-07-08 07:03,Preventive antiviral injections introduced to mainland
