﻿Updated: 2022-01-30 06:40,"Moldovan ambassador talks China ties, upcoming Olympics"
Updated: 2022-02-01 20:13,China refutes so-called human rights resolution adopted by Japan's House of Representatives
Updated: 2022-02-02 06:40,Ambassadors express wishes for Beijing 2022 (IV)
Updated: 2022-02-03 06:40,Ambassadors express wishes for Beijing 2022 (V)
Updated: 2022-02-12 08:42,Experts put Madagascar on path to food self-sufficiency
Updated: 2022-02-14 14:48,Space telescope spots its first star－and takes a selfie
Updated: 2022-02-17 01:12,Spanish ghost village emerges after 30 years underwater
Updated: 2022-02-17 10:18,"Sea levels to rise 10 to 12 inches by 2050, rate 'alarming': Report"
Updated: 2022-02-17 11:08,Israel fires missiles on military sites near Syrian capital
Updated: 2022-02-18 10:15,New cases on the slide worldwide
Updated: 2022-02-18 22:30,China remains Germany's most important trading partner in 2021
Updated: 2022-02-19 00:12,China criticizes US 'Notorious Markets List'
Updated: 2022-02-21 09:55,Israel to open to unvaccinated tourists from March
Updated: 2022-02-21 10:11,"Path cleared for Iraq, Kuwait to boost ties"
Updated: 2022-02-21 10:25,Conflicts' toll on civilians worries UN
Updated: 2022-02-21 14:25,UN expresses concern over scattered Eritrean refugees in Ethiopia
Updated: 2022-02-22 09:07,Rising tide of anger on US' Afghan move
Updated: 2022-02-22 09:15,Ethiopia's mega-dam switched on
Updated: 2022-02-22 09:19,"Winter Olympics 'extremely successful', expert says"
Updated: 2022-02-22 09:24,Sanctions 'causing catastrophe' in Afghanistan says former official
Updated: 2022-02-22 09:55,"China, Egypt donate 500,000 vaccines to Palestine"
Updated: 2022-02-22 13:04,Wang talks to Blinken via phone
Updated: 2022-02-22 21:16,36 injured in bus-truck collision in N. Afghanistan
Updated: 2022-02-23 06:50,Restraint urged on Ukraine issue
Updated: 2022-02-23 07:05,Russia 'remains open for diplomatic contacts'
Updated: 2022-02-23 07:28,Russia's upper house approves use of military abroad
Updated: 2022-02-23 09:16,Help sought for storm-hit Madagascar
Updated: 2022-02-23 09:26,$164m on way to aid energy push in Africa
Updated: 2022-02-23 09:26,Over 12.5 mln children in US infected with COVID-19
Updated: 2022-02-23 09:27,Tunisia receives new batch of COVID-19 vaccines donated by China
Updated: 2022-02-23 10:01,"US sanctions Russia after Putin sends troops to Lugansk, Donetsk"
Updated: 2022-02-23 10:16,Reopening Vietnam gears up for tourists
Updated: 2022-02-23 10:17,Three white men killing African American Ahmaud Arbery found guilty of hate crimes
Updated: 2022-02-23 10:18,Losses skyrocket as wave of shoplifting sweeps US
Updated: 2022-02-23 10:20,"Pandemic protests likely to persist, experts say"
Updated: 2022-02-23 10:21,EU approves new travel rules
Updated: 2022-02-23 10:22,US Copyright Office again rejects copyrights for AI-created art
Updated: 2022-02-23 10:23,Reports of US romance scams hit record highs in 2021
Updated: 2022-02-23 10:30,UK farmers blame govt for nation's post-Brexit 'disgrace' of food waste
Updated: 2022-02-23 10:32,Women increase presence in top boardrooms
Updated: 2022-02-23 10:32,London craft fair features Chinese designer in new collective
Updated: 2022-02-23 10:40,Canada House OKs Emergencies Act
