﻿Updated: 2022-08-04 09:35,Kenyan avocado exports taste of things to come with expanded market
Updated: 2022-08-06 16:04,Pelosi family under scrutiny for stock trades
Updated: 2022-08-09 16:46,Expert warns of West's toxic development advice for Africa
Updated: 2022-08-09 18:25,Voters cast ballots in Kenya's fiercely contested election
Updated: 2022-08-09 20:59,Africa reports decrease in COVID-19 cases but fatalities still high
Updated: 2022-08-11 07:57,58% of human infectious diseases worsen by climate change
Updated: 2022-08-11 09:30,Salt shown to increase risk of an early death
Updated: 2022-08-16 09:40,China urges fully implementing Yemen truce agreement
Updated: 2022-08-16 09:40,Synthetic embryos offer stem cell hope
Updated: 2022-08-16 13:55,"ROK, US to launch preliminary drills ahead of major combined exercise"
Updated: 2022-08-16 16:11,"Highly toxic, radioactive waste moved from Japan's Fukushima to Hokkaido amid protests"
Updated: 2022-08-16 21:24,Myanmar's former State Counsellor Aung San Suu Kyi sentenced to 6 more years in prison
Updated: 2022-08-23 10:29,UN chief calls for new global consensus on cooperation to ensure collective security
Updated: 2022-08-24 07:24,China's help on Africa's supply chain called crucial
Updated: 2022-08-24 07:25,Ministry: Nation to resolutely safeguard sovereignty
Updated: 2022-08-24 09:09,China-EU cooperation more crucial than ever
Updated: 2022-08-24 10:16,Turkiye's normalization with Israel not diminishes support for Palestinian cause: Turkish president
Updated: 2022-08-24 20:46,England's shellfish possibly contaminated with human waste
Updated: 2022-08-24 21:17,Edinburgh 'facing embarrassment' over litter
Updated: 2022-08-25 01:30,Almost half of Europe in drought
Updated: 2022-08-25 01:40,US airstrikes in E. Syria kill 6 fighters: war monitor
Updated: 2022-08-25 09:14,China's UN envoy: Bloc confrontation must be rejected
Updated: 2022-08-25 09:21,AI technology to help save an iconic species
Updated: 2022-08-25 10:14,UK trials monkeypox treatment that could speed recovery
Updated: 2022-08-25 11:03,Kobe Bryant widow awarded $16M in trial over crash photos
Updated: 2022-08-26 10:12,"US consultation request over Mexico's energy policy 'foolish,' says Mexican president"
Updated: 2022-08-26 10:20,Webb telescope finds CO2 for first time in exoplanet atmosphere
Updated: 2022-08-27 10:18,"China, US jointly hold 'Pandaversary Night'"
Updated: 2022-08-29 11:32,Much anticipated launch of NASA moon rocket set
Updated: 2022-08-30 07:20,Economic blocs serve US goals in supply chains
Updated: 2022-08-30 09:07,12 killed as al-Sadr supporters storm Iraqi govt offices in Baghdad
Updated: 2022-08-30 09:09,Europe's economic woes to bring big changes
Updated: 2022-08-30 09:23,Virus' shadow keeps millions jobless in US
Updated: 2022-08-30 09:40,Antarctica's melting ice spells trouble on sea rise
Updated: 2022-08-30 09:47,Chinese communities help flood-hit Pakistan
Updated: 2022-08-30 09:56,China's clean energy investments growing rapidly in Africa
Updated: 2022-08-30 09:57,UK party leaders are urged to cancel conferences
Updated: 2022-08-30 10:04,Copper factory's model employee dresses to impress at his wedding
Updated: 2022-08-30 10:06,Pakistan's UN ambassador appeals for climate responsibilities
Updated: 2022-08-30 10:25,US lies about Xinjiang will only bankrupt its own credibility faster: Chinese FM spokesperson
