﻿Updated: 2017-08-31 08:54,American in Beijing lives his Chinese dream
Updated: 2017-08-31 11:17,
Updated: 2021-01-25 10:17,Sharon Fraser : The awareness of Chongqing needs to be built outside of China
Updated: 2021-08-20 09:00,Student explores city's attractions by bicycle
Updated: 2022-03-14 16:53,"Deaths, accidents in China's coal mines down"
Updated: 2022-03-17 07:18,Timely steps taken to ensure harvest
Updated: 2022-03-17 09:56,More govt agencies urged to supervise livestreaming
Updated: 2022-03-18 17:28,Chinese crew members to deliver second lecture from space station
Updated: 2022-03-18 18:27,Female scientist balances career with family life
Updated: 2022-03-18 18:37,Massage gives hope to blind
Updated: 2022-03-19 06:54,Crew aboard Tiangong to give 2nd talk
Updated: 2022-03-19 10:47,China calls for efforts on spring farming
Updated: 2022-03-19 22:30,Through thick and thin
Updated: 2022-03-19 22:38,Lam expresses her gratitude to mainland medical team
Updated: 2022-03-20 10:47,Across China: CPC member helps with rural revitalization in S China
Updated: 2022-03-20 16:09,Chinese Wisdom in Xi's Words: 'Peace is precious'
Updated: 2022-03-21 07:13,Xi's book gives Arab politicians clues on issues
Updated: 2022-03-21 07:30,Anti-COVID measures key to halting spread
Updated: 2022-03-21 07:39,Hotels in Shanghai and Jiangsu open their doors to students studying online
Updated: 2022-03-21 08:15,Doctor tells of pressures on front line
Updated: 2022-03-21 08:17,Lam: HK must stay alert despite decline in cases
Updated: 2022-03-21 08:51,Kindergarten helps promote drive for inclusive education
Updated: 2022-03-21 08:56,Education system enabling greater diversity
Updated: 2022-03-21 09:00,Children learn better when they are with their peers
Updated: 2022-03-21 09:15,Research spotlights crocodile evolution
Updated: 2022-03-21 09:23,Court orders help protect victims of domestic violence
Updated: 2022-03-21 09:33,Young Chinese pick up podcasts
Updated: 2022-03-21 09:36,3D printing speeds up production of missiles
Updated: 2022-03-21 09:44,"China releases guidelines to strengthen governance over ethics in science, technology"
Updated: 2022-03-21 09:56,Legislators call for law to protect Red culture
Updated: 2022-03-21 09:59,Academician wants national park built in Tibet
Updated: 2022-03-21 09:59,Reform of vocational education sought
