﻿Updated: 2022-03-07 17:49,"FM hopes for peaceful development between China, Japan"
Updated: 2022-03-11 09:11,EPA approves use of gene-modified mosquitoes to reduce disease spread
Updated: 2022-03-21 09:46,New light shines into Egyptian necropolis
Updated: 2022-03-23 10:31,Iran's supreme leader looks beyond sanctions impact
Updated: 2022-03-24 09:52,Free movement key to trade within Africa
Updated: 2022-03-24 10:38,Experts hail China's democracy as 'robust'
Updated: 2022-03-25 09:22,Polar heat waves trigger warning
Updated: 2022-03-28 09:25,Arab FMs arrive in Israel for conference with Blinken
Updated: 2022-03-30 10:40,"5 killed in shooting spree outside Israel's Tel Aviv, police alert raised to 'highest'"
Updated: 2022-03-31 01:08,20 people to be fined for Downing Street lockdown parties
Updated: 2022-03-31 09:13,Germany issues gas-supply warning
Updated: 2022-03-31 09:25,Storms leave hundreds of thousands reeling in Africa
Updated: 2022-03-31 09:58,China's new-energy vehicle market hot
Updated: 2022-04-01 06:40,How the US weapons industry cashes in on war
Updated: 2022-04-01 17:46,China hosts foreign ministers' meeting among Afghan neighbors
Updated: 2022-04-06 10:04,"School closures hit hard in Africa, report says"
Updated: 2022-04-07 10:03,Africa's conflict zones face multiple threats
Updated: 2022-04-12 09:37,Billions stolen from US pandemic relief funds
Updated: 2022-04-12 09:59,Ray of hope looms for peace in Yemen
Updated: 2022-04-13 09:40,US struggles to sway India on Ukraine conflict in 'candid' exchange at summit
Updated: 2022-04-13 14:08,WHO raises alarm over deaths caused by noncommunicable diseases in Africa
Updated: 2022-04-13 17:37,South Korea gripped with fear over US bioweapons labs
Updated: 2022-04-13 17:51,Overseas Chinese community promotes China-UK relations
Updated: 2022-04-13 18:26,Slower commuter service to be added to Laotian side of China-Laos Railway
Updated: 2022-04-14 09:16,Li congratulates new Pakistan PM Shahbaz
Updated: 2022-04-14 06:40,"ICC needs to investigate crimes against humanity committed by US, allies"
Updated: 2022-04-14 06:56,Beijing warns against Pelosi visit to Taiwan
Updated: 2022-04-14 07:05,China condemns US human rights reports
Updated: 2022-04-14 07:41,New Yorkers can't ride out their crime fears
Updated: 2022-04-14 09:12,Americans' dim view of economy could bode ill for Democrats
Updated: 2022-04-14 09:14,Competition intense as France set for second round of election
Updated: 2022-04-14 09:24,Cost-of-living crisis deepens as inflation rises
Updated: 2022-04-14 09:35,Johnson vowing to carry on despite Partygate fine
Updated: 2022-04-14 09:35,Biden announces additional 800 mln USD in aid to Ukraine
Updated: 2022-04-14 09:38,Fukushima dumping plan toxic as ever
Updated: 2022-04-14 09:42,Britain generating more wind power than ever
Updated: 2022-04-14 09:44,African experts deepen studies on Omicron subvariants
Updated: 2022-04-14 10:11,Eight in 10 Black Americans believe race impacts health care: survey
