﻿Updated: 2017-08-31 08:54,American in Beijing lives his Chinese dream
Updated: 2017-08-31 11:17,
Updated: 2021-01-25 10:17,Sharon Fraser : The awareness of Chongqing needs to be built outside of China
Updated: 2021-08-20 09:00,Student explores city's attractions by bicycle
Updated: 2022-09-01 08:57,Dream comes true for determined disabled student
Updated: 2022-09-03 08:02,Guangdong sets up office for Macao political advisers
Updated: 2022-09-04 07:49,Hong Kong unveils first anti-Japanese war memorial hall
Updated: 2022-09-05 18:33,Tibet will send students out of region soon
Updated: 2022-09-05 20:09,Grand reception in Bangladesh marks 25th anniversary of Hong Kong's return to motherland
Updated: 2022-09-06 09:00,A medium for us to express our goals
Updated: 2022-09-06 09:07,"For artist, Liling's porcelain is glazed to perfection"
Updated: 2022-09-06 09:13,Activists in HK plead guilty to subversion
Updated: 2022-09-06 09:40,West's liberal democracy not universal: Expert
Updated: 2022-09-06 12:38,"More teachers, higher salaries in last decade"
Updated: 2022-09-06 15:21,Senior Chinese legislators meet to deliberate law drafts
Updated: 2022-09-06 21:10,Ministry of Public Security helps deter online fraud
Updated: 2022-09-06 21:26,Symposium on studying Xi Jinping's thought on ecological civilization held in Beijing
Updated: 2022-09-06 21:27,Chinese Gaofen satellites deployed for quake-hit Sichuan
Updated: 2022-09-07 00:05,Xi calls for key tech breakthroughs
Updated: 2022-09-07 07:45,Efforts pledged on ecological civilization
Updated: 2022-09-07 07:50,Protecting lives in disasters seen as priority amid epidemic period
Updated: 2022-09-07 08:43,Sale of intangibles expected to be motor for economic expansion
Updated: 2022-09-07 09:03,China rides wave of cultural trade
Updated: 2022-09-07 09:25,Chongqing district profits from zest for lemons
Updated: 2022-09-07 10:02,Draft aims to provide better temporary relief
Updated: 2022-09-07 10:05,Growing patents show better IPR protection
Updated: 2022-09-07 10:06,Number of teachers continues to increase
Updated: 2022-09-07 10:29,Scientists to use big data to assist in development
Updated: 2022-09-07 15:05,Chinese astronauts talk from space with African youth
Updated: 2022-09-08 00:20,Rescuers race against time to save lives at epicenter
Updated: 2022-09-08 02:17,Luding quake toll rises to 74
Updated: 2022-09-08 07:10,Xi congratulates Ruto on election as Kenyan president
Updated: 2022-09-08 07:23,"Epidemic controllable in Beijing, officials say"
