﻿Updated: 2017-08-31 08:54,American in Beijing lives his Chinese dream
Updated: 2017-08-31 11:17,
Updated: 2021-01-25 10:17,Sharon Fraser : The awareness of Chongqing needs to be built outside of China
Updated: 2021-08-20 09:00,Student explores city's attractions by bicycle
Updated: 2022-06-02 09:49,Volunteer work provides a fresh view of the world
Updated: 2022-06-09 10:03,Tests compel interesting answers
Updated: 2022-06-09 14:05,China's first int'l journal on grassland science starts publication
Updated: 2022-06-09 18:24,Shanxi writer excels from her wheelchair
Updated: 2022-06-09 22:01,BRICS countries should cooperate on food security: Chinese official
Updated: 2022-06-10 07:23,Young Africans encouraged to carry forward friendship
Updated: 2022-06-10 08:10,New type of fast radio burst discovered
Updated: 2022-06-10 09:04,The write stuff: Astronaut's pen catches internet's attention
Updated: 2022-06-10 09:33,Top political advisor meets Taiwan participants at cross-Straits seminar
Updated: 2022-06-10 18:47,China's color film pioneer dies at 86
Updated: 2022-06-10 19:03,Chinese scientists make notable discovery on potato genome sequences
Updated: 2022-06-10 19:28,China voices firm opposition to European Parliament's Xinjiang resolution
Updated: 2022-06-10 21:43,
Updated: 2022-06-10 22:24,Vice-premier stresses deepening China-Russia connectivity cooperation
Updated: 2022-06-11 17:43,Beijing postpones return of students to schools
Updated: 2022-06-11 18:00,Connectivity speeds up Macao's integration into Greater Bay Area
Updated: 2022-06-13 07:24,Xi hails newspaper for contributions to HK
Updated: 2022-06-13 07:30,University offers scuba diving course
Updated: 2022-06-13 07:33,
Updated: 2022-06-13 07:34,Crackdown on crime follows beating video
Updated: 2022-06-13 09:04,China to fight at all costs for its sovereignty
Updated: 2022-06-13 09:07,Digital technology helps narrow regional divides
Updated: 2022-06-13 09:16,Machines used to harvest wheat reducing grain loss
Updated: 2022-06-13 09:37,Skilled labor drawing more young people
Updated: 2022-06-13 09:38,Senior Chinese military officer meets Pakistani chief of army staff
Updated: 2022-06-13 10:22,Guizhou nurse recognized for contributions
Updated: 2022-06-13 10:30,Beijing Road shopping area blends past and present in Guangzhou
Updated: 2022-06-13 10:35,Six suspects captured following assault claims against gang
Updated: 2022-06-13 11:30,Warnings issued against blocking truckers
