﻿Updated: 2022-07-15 01:24,Hidden self-portrait discovered on back of Van Gogh painting
Updated: 2022-07-20 09:58,Rocket falls from space posing an ever-increasing risk to life on Earth
Updated: 2022-07-20 10:19,Scientists discover 'needle in a haystack' black hole
Updated: 2022-07-26 09:34,Ups and downs of US inflation in 3D
Updated: 2022-07-27 10:27,Joint efforts help reduce maternal and newborn deaths in African nations
Updated: 2022-07-28 17:29,WHO to work with Liberia on controlling monkeypox
Updated: 2022-08-04 09:22,Africans keep focus on key partnership
Updated: 2022-08-04 09:35,Kenyan avocado exports taste of things to come with expanded market
Updated: 2022-08-04 11:51,Study: Israeli scientists make model synthetic mouse embryo with stem cells
Updated: 2022-08-05 09:00,"Energy profits should be taxed, says UN chief"
Updated: 2022-08-05 03:55,News platforms trending to short-form media formats
Updated: 2022-08-05 09:47,Ningxia medical aid team heads for Benin
Updated: 2022-08-05 10:15,Embassy urges UK caution on Taiwan question
Updated: 2022-08-06 13:16,"China, Brunei vow to further enhance bilateral ties, cooperation"
Updated: 2022-08-06 16:40,Asia-Pacific countries must increase ASEAN cooperation to promote peace
Updated: 2022-08-07 15:57,Philadelphia concerned about grave gun violence: media
Updated: 2022-08-07 20:57,"Experts: China's countermeasures justified, reasonable"
Updated: 2022-08-08 07:49,Gazan faction says reaches Egypt-brokered cease-fire with Israel
Updated: 2022-08-08 08:59,Israel confirms cease-fire with Gaza after 3 days of deadly strikes
Updated: 2022-08-08 09:03,Iran does not seek nuke weapons: FM
Updated: 2022-08-08 09:08,Europe cautious over new vaccines
Updated: 2022-08-08 09:10,"China-Japan ties should tap wisdom, courage of five decades"
Updated: 2022-08-08 09:28,ASEAN looks to deal with climate change
Updated: 2022-08-08 15:17,Mongolia says it firmly supports the one-China principle
Updated: 2022-08-08 22:39,Manila urged to 'disengage' from military alliance with Washington
Updated: 2022-08-09 01:34,Chinese envoy urges US political decisions to revive Iran nuke deal
Updated: 2022-08-09 08:57,China calls on UN to support capacity-building in Africa
Updated: 2022-08-09 09:17,Latin America feeling spillover effects from US interest rate hikes
Updated: 2022-08-09 09:23,Warning over UK energy bills
Updated: 2022-08-09 09:33,EU faces challenge over political advertising ban
Updated: 2022-08-09 09:38,Anglican conference rows over same-sex marriage
Updated: 2022-08-09 09:40,FBI searches Trump's Florida home as part of presidential records probe
Updated: 2022-08-09 09:41,US has failed to contain monkeypox: WP
Updated: 2022-08-09 09:45,Russia temporarily halts inspections of its facilities under New START treaty
Updated: 2022-08-09 09:47,Colombia's new leader seeks unity
Updated: 2022-08-09 09:51,More US colleges feel heat amid slave reparations calls
Updated: 2022-08-09 09:54,Fukushima plan triggers fresh anger
Updated: 2022-08-09 09:54,Rallies see final pitches in Kenya presidential poll
