﻿Updated: 2022-01-30 06:40,"Moldovan ambassador talks China ties, upcoming Olympics"
Updated: 2022-02-01 20:13,China refutes so-called human rights resolution adopted by Japan's House of Representatives
Updated: 2022-02-02 06:40,Ambassadors express wishes for Beijing 2022 (IV)
Updated: 2022-02-03 06:40,Ambassadors express wishes for Beijing 2022 (V)
Updated: 2022-02-12 08:42,Experts put Madagascar on path to food self-sufficiency
Updated: 2022-02-14 14:48,Space telescope spots its first star－and takes a selfie
Updated: 2022-02-16 09:48,Rising sea levels pose threats to Africa heritage sites
Updated: 2022-02-16 10:11,Teheran says deal at hand if West is serious
Updated: 2022-02-16 11:29,EU vaccine stance lets down Africa
Updated: 2022-02-16 11:15,Tigrayans to receive medical supplies
Updated: 2022-02-17 01:12,Spanish ghost village emerges after 30 years underwater
Updated: 2022-02-17 10:18,"Sea levels to rise 10 to 12 inches by 2050, rate 'alarming': Report"
Updated: 2022-02-17 11:09,"At UN, China supports Kazakhstan stability"
Updated: 2022-02-18 09:39,Cambodians applaud 'solidarity' of Games
Updated: 2022-02-18 09:41,Supply chain plan worries Japanese firms
Updated: 2022-02-18 09:43,"France, allies to withdraw from Mali"
Updated: 2022-02-18 09:52,Experts: Pandemic to become 'endemic' in the UK
Updated: 2022-02-18 10:13,Chinese warned on job scams abroad
Updated: 2022-02-18 10:15,New cases on the slide worldwide
Updated: 2022-02-18 10:16,Rare blue diamond expected to fetch $48 million at auction
Updated: 2022-02-18 22:30,China remains Germany's most important trading partner in 2021
Updated: 2022-02-19 00:12,China criticizes US 'Notorious Markets List'
Updated: 2022-02-19 08:28,FM: US should stop politicizing trade issues
Updated: 2022-02-21 06:00,UK's Queen Elizabeth II positive for COVID-19
Updated: 2022-02-21 07:35,"Strive for peace over Ukraine, FM counsels"
Updated: 2022-02-21 09:11,US suffers more than 1 mln excess deaths during pandemic: The Guardian
Updated: 2022-02-21 09:16,"Macron, Putin hold phone call over Ukraine, stress need for diplomatic solution"
Updated: 2022-02-21 09:25,Severe winter storms batter Europe
Updated: 2022-02-21 09:28,Johnson refuses to say if he could quit over probe
Updated: 2022-02-21 09:41,Western 'oath breakers' must offer guarantees for new nuke deal: Iranian lawmakers
Updated: 2022-02-21 09:43,"In Asia, winter sports come in from the cold"
Updated: 2022-02-21 09:46,BRI puts ties with Argentina on fast track
Updated: 2022-02-21 09:54,"Panda, torchbearer of diplomacy, celebrated"
Updated: 2022-02-21 09:55,Israel to open to unvaccinated tourists from March
Updated: 2022-02-21 10:06,Summit fails to deliver vaccine help to Africa
Updated: 2022-02-21 10:11,"Path cleared for Iraq, Kuwait to boost ties"
Updated: 2022-02-21 10:13,New Kenyan expressway marries speed and beauty
Updated: 2022-02-21 10:15,Emergency declared in border area of Russia
Updated: 2022-02-21 10:25,Conflicts' toll on civilians worries UN
