﻿Updated: 2022-05-09 10:04,"Syrian president meets Iran's supreme leader, president: state media"
Updated: 2022-05-12 21:48,"Eastern Africa on the verge of acute food crisis, UN warns"
Updated: 2022-05-17 09:34,Palestinian PM calls on int'l community to boycott Israel
Updated: 2022-05-19 07:08,Japan told to uphold agreements
Updated: 2022-05-19 09:52,"Tech is changing the shape of our libraries, facilitating information sharing"
Updated: 2022-05-20 09:09,Prehistoric dolphin species discovered in Switzerland
Updated: 2022-05-21 13:14,Israel govt's future on the line after majority lost
Updated: 2022-05-22 11:28,"African countries report 7,985 newly confirmed COVID-19 cases as tally nears 11.59m"
Updated: 2022-05-24 09:12,Sports transform young drug abusers in Kenya
Updated: 2022-05-24 09:21,Looming food crisis may be 'opportunity for Africa'
Updated: 2022-05-24 09:46,"Lessons leave Africa better prepared for future pandemics, agency says"
Updated: 2022-05-25 06:40,Birx's book details US' response to pandemic under Trump
Updated: 2022-05-25 09:27,ROK says DPRK fires 3 ballistic missiles eastward
Updated: 2022-05-25 09:38,"Nearly half of pregnancies unplanned, UN agency says"
Updated: 2022-05-25 09:46,Millions to 'crash into extreme poverty'
Updated: 2022-05-25 18:17,Philippine Congress proclaims Ferdinand Romualdez Marcos winner of presidential election
Updated: 2022-05-25 21:13,"FM talks with Indonesian counterpart on G20, other issues"
Updated: 2022-05-26 07:21,"'Indo-Pacific', Quad groupings risk fomenting divisions"
Updated: 2022-05-26 07:50,US sees over 200 mass shootings in first 5 months of 2022
Updated: 2022-05-26 09:51,'Partygate' culture in UK faces report reckoning
Updated: 2022-05-26 16:50,Liberian officials attend lecture on China's reform and opening-up
Updated: 2022-05-27 06:40,School shootings in the US: A somber look
Updated: 2022-05-27 07:17,Nation firmly condemns NATO's series of smears
Updated: 2022-05-27 06:55,FM: Sino-Solomon security deal helps maintain public order
Updated: 2022-05-27 08:02,Grief turns to anger after 21 killed at Texas school
Updated: 2022-05-27 08:03,Putin fast-tracks Russian citizenship in Ukraine
Updated: 2022-05-27 08:04,Rampage puts gun-friendly Texas laws in firing line of activists
Updated: 2022-05-27 07:35,Ukraine crisis used as excuse
Updated: 2022-05-27 08:43,CDC: Nearly 40 percent of US COVID survivors suffer long-term effects
Updated: 2022-05-27 09:17,Cooperation will be crucial in protecting the planet
Updated: 2022-05-27 09:19,Virus may have arrived in UK years ago
Updated: 2022-05-27 09:21,Britons to get help with their fuel bills
Updated: 2022-05-27 09:24,"Another bloodbath, another rush for firearms"
Updated: 2022-05-27 09:31,EU risks legal challenges with new curbs
Updated: 2022-05-27 17:28,"Contributions recognized, but restrictions remain"
