﻿Updated: 2017-08-31 08:54,American in Beijing lives his Chinese dream
Updated: 2017-08-31 11:17,
Updated: 2021-01-25 10:17,Sharon Fraser : The awareness of Chongqing needs to be built outside of China
Updated: 2021-08-20 09:00,Student explores city's attractions by bicycle
Updated: 2022-07-30 10:04,Leaders laud China's progress
Updated: 2022-07-30 10:21,Premier urges smart investing
Updated: 2022-08-01 10:29,Assembly promotes China's education experiences abroad
Updated: 2022-08-02 09:05,Fishermen set sail as moratorium ends
Updated: 2022-08-02 09:13,Falling in love with China
Updated: 2022-08-02 10:08,Early detection drops special school enrollments
Updated: 2022-08-03 08:32,Policies energize hard-hit economy
Updated: 2022-08-03 08:41,State Council working harder to shore up nation's job market
Updated: 2022-08-03 09:33,More students studying Spanish
Updated: 2022-08-03 09:53,Pelosi's visit to Taiwan draws flak from HK leaders
Updated: 2022-08-03 10:15,Hong Kong approves Sinovac vaccine for children aged 6 months
Updated: 2022-08-03 16:52,Hospital staff decipher heartfelt letter
Updated: 2022-08-03 19:24,8-year-old organ donor gives families new lease on life
Updated: 2022-08-05 08:52,China launches reusable experimental spacecraft
Updated: 2022-08-05 09:30,Ecosystem monitoring satellite launched
Updated: 2022-08-05 09:33,Shandong increases grain harvest despite bad autumn floods
Updated: 2022-08-05 09:34,Village Party secretary praised for hard work
Updated: 2022-08-05 09:35,Suspect in kindergarten attack caught in Jiangxi
Updated: 2022-08-05 09:35,48 new cases reported in resort city
Updated: 2022-08-05 09:45,Liaoning forges new frontier of opening-up
Updated: 2022-08-05 09:47,Ningxia medical aid team heads for Benin
Updated: 2022-08-05 14:05,China unveils bullet trains built for Indonesia
Updated: 2022-08-06 07:00,Reusable experimental spacecraft put into orbit
Updated: 2022-08-06 09:20,National education mandatory in HK
Updated: 2022-08-06 09:22,Young 'diplomats' discuss global challenges
Updated: 2022-08-06 12:43,HKSAR govt fully supports countermeasures by central authorities in response to Pelosi's Taiwan visit
Updated: 2022-08-06 13:56,Sanya imposes city-wide static control to curb new outbreak
Updated: 2022-08-06 20:06,Flood emergency response activated in parts of China
Updated: 2022-08-06 20:51,Hainan plans all-member nucleic acid tests to curb new COVID-19 outbreak
