﻿Updated: 2017-08-31 08:54,American in Beijing lives his Chinese dream
Updated: 2017-08-31 11:17,
Updated: 2021-01-25 10:17,Sharon Fraser : The awareness of Chongqing needs to be built outside of China
Updated: 2021-08-20 09:00,Student explores city's attractions by bicycle
Updated: 2022-06-24 09:41,Courier earns praise for warning message
Updated: 2022-06-28 17:04,China rolls out 31 new undergraduate majors
Updated: 2022-06-29 09:35,Cafe's specialty to perk up hopes in hard times
Updated: 2022-06-29 11:35,Third academic joint venture to receive first students in September
Updated: 2022-06-30 09:20,Mainland strengthens education ties with Hong Kong
Updated: 2022-06-30 09:29,Historic Mars mission completes all preset tasks
Updated: 2022-06-30 10:33,China's top legislature enacts 69 new laws in ten years
Updated: 2022-06-30 18:13,CPC working to attract young generation
Updated: 2022-07-01 07:58,Party growing in appeal with nation's youth
Updated: 2022-07-01 09:41,"China to use policy-based, developmental financial instruments to support major projects, expand work-relief programs in key projects"
Updated: 2022-07-01 15:38,More sci-tech findings commercialized than ever in 2020
Updated: 2022-07-02 08:28,Central government has never wavered in support of Hong Kong compatriots
Updated: 2022-07-03 17:34,"Hong Kong to distribute 290,000 RAT kits following sewage COVID-19 detection"
Updated: 2022-07-03 17:45,Hong Kong Palace Museum open to public
Updated: 2022-07-04 07:25,New volume of president's book on governance published
Updated: 2022-07-04 07:41,HK Palace Museum opens to acclaim
Updated: 2022-07-04 07:43,Tech community hails Xi's Science Park visit
Updated: 2022-07-04 09:07,Museum vows to fight counterfeiting after success of toy inspired by relic
Updated: 2022-07-04 09:12,Yellow River protection at heart of guideline
Updated: 2022-07-04 09:15,Anhui tackles new outbreak of COVID-19
Updated: 2022-07-04 09:24,Inbound travelers to be screened for monkeypox
Updated: 2022-07-04 09:26,Better education being provided for China's ethnic groups
Updated: 2022-07-04 09:33,ROK to return remains of fallen soldiers
Updated: 2022-07-04 10:05,27 missing after typhoon smashes ship
Updated: 2022-07-04 16:28,Wheelchair-bound girl overcomes challenges to excel
Updated: 2022-07-04 22:15,Anhui city schedules mass testing to curb latest outbreak
Updated: 2022-07-04 23:02,Xi calls for putting development front and center on international agenda
Updated: 2022-07-05 08:11,"Narrowing the urban-rural income gap needs greater priority, analysts say"
