﻿Updated: 2022-03-07 17:49,"FM hopes for peaceful development between China, Japan"
Updated: 2022-03-11 09:11,EPA approves use of gene-modified mosquitoes to reduce disease spread
Updated: 2022-03-11 16:49,Ambassador asks about bringing BRI and Mongolia's policies closer
Updated: 2022-03-15 12:36,Is the imported lobsters from the US related to the COVID-19 outbreak in China?
Updated: 2022-03-21 09:46,New light shines into Egyptian necropolis
Updated: 2022-03-22 10:28,"UN, African countries move to halt spread of polio"
Updated: 2022-03-22 21:12,China to work closely with Kenya for stability in the Horn of Africa
Updated: 2022-03-23 10:31,Iran's supreme leader looks beyond sanctions impact
Updated: 2022-03-24 09:52,Free movement key to trade within Africa
Updated: 2022-03-24 10:10,Malawi signs MOU on BRI cooperation with China
Updated: 2022-03-24 10:38,Experts hail China's democracy as 'robust'
Updated: 2022-03-25 09:22,Polar heat waves trigger warning
Updated: 2022-03-25 10:18,DPRK leader Kim Jong-un issues order for test-launch of new type ICBM: KCNA
Updated: 2022-03-28 09:25,Arab FMs arrive in Israel for conference with Blinken
Updated: 2022-03-30 09:01,US stocks rally over Russia-Ukraine talks
Updated: 2022-03-30 09:11,Race fuels double standards on refugees
Updated: 2022-03-30 09:25,Brussels kicks off WTO case against UK
Updated: 2022-03-30 09:39,"Workers strike across India for labor rights, better pay"
Updated: 2022-03-30 10:01,US Senate bill's aim: Outcompete China in tech
Updated: 2022-03-30 10:40,"5 killed in shooting spree outside Israel's Tel Aviv, police alert raised to 'highest'"
Updated: 2022-03-30 20:41,East African Community expands as DRC joins bloc
Updated: 2022-03-31 06:50,"China, EU to hold virtual leaders' meeting"
Updated: 2022-03-31 01:08,20 people to be fined for Downing Street lockdown parties
Updated: 2022-03-31 06:58,"China urges Russia, Ukraine to continue peace talks"
Updated: 2022-03-31 08:05,US and Russian astronauts return to Earth safely together
Updated: 2022-03-31 08:18,Yale employee stole $40m from medical school for personal consumption
Updated: 2022-03-31 09:00,China-EU leaders' meeting provides strategic leadership in China-EU ties
Updated: 2022-03-31 09:13,Germany issues gas-supply warning
Updated: 2022-03-31 09:16,Prince Andrew's role at memorial criticized
Updated: 2022-03-31 09:18,"Trust in Lancang-Mekong nations required, China says"
Updated: 2022-03-31 09:22,Over half of Americans say they contracted COVID-19 during pandemic: poll
Updated: 2022-03-31 09:25,Storms leave hundreds of thousands reeling in Africa
Updated: 2022-03-31 09:26,Report reveals shocking extent of tragedy on NHS trust's maternity wards
Updated: 2022-03-31 09:33,Funds seen running out as 80m cases logged in US
Updated: 2022-03-31 09:42,Path set out for meeting of presidents
Updated: 2022-03-31 09:46,Biden says US to give Ukraine 500 mln USD in 'direct budgetary aid'
Updated: 2022-03-31 09:53,US organizations ready to receive Ukrainian refugees
Updated: 2022-03-31 09:58,China's new-energy vehicle market hot
Updated: 2022-03-31 10:09,US top diplomat wraps up Mideast tour in Algeria
Updated: 2022-03-31 10:34,World needs answer on US biolabs
