﻿Updated: 2017-08-31 08:54,American in Beijing lives his Chinese dream
Updated: 2017-08-31 11:17,
Updated: 2021-01-25 10:17,Sharon Fraser : The awareness of Chongqing needs to be built outside of China
Updated: 2021-08-20 09:00,Student explores city's attractions by bicycle
Updated: 2022-05-29 08:23,Chinese vice premier stresses summer agricultural production
Updated: 2022-05-30 09:55,HK expected to raise security awareness
Updated: 2022-05-30 16:45,Premier Li grants appointment certificate to John Lee as HKSAR chief executive
Updated: 2022-05-30 22:23,Interview: 6th-term HKSAR chief executive John Lee vows actions for new chapter
Updated: 2022-05-31 09:25,Judiciary safeguards against records access
Updated: 2022-05-31 09:34,Lifesaving donations of organs gained by retiree
Updated: 2022-05-31 10:50,China's first solar-tidal photovoltaic power plant connected to grid
Updated: 2022-05-31 10:52,Political advisors discuss revising arbitration law
Updated: 2022-05-31 10:57,Record 11.93m students to take China's college entrance exam
Updated: 2022-05-31 11:53,Ministry investigating text book illustrations after public uproar
Updated: 2022-05-31 14:55,China's new configuration AG600 large amphibious aircraft makes maiden flight
Updated: 2022-05-31 15:57,Fuzhou is second home for Spaniard
Updated: 2022-05-31 20:16,Firefighting seaplane makes debut flight in Zhuhai
Updated: 2022-06-01 07:35,"Xi vows closer relations with Zambia, UAE"
Updated: 2022-06-01 07:41,President extends festive greetings to children
Updated: 2022-06-01 07:56,Lee supported by wide range of society in HK
Updated: 2022-06-01 08:58,Complete review of textbooks underway
Updated: 2022-06-01 09:14,
Updated: 2022-06-01 09:27,Conservation brings gains to Tibetan countryside
Updated: 2022-06-01 09:33,Defense minister to attend forum
Updated: 2022-06-01 09:36,TCM doctors in China increase efforts to help cure malaria worldwide
Updated: 2022-06-01 10:03,"Lancang River reservoirs regulate flood, drought"
Updated: 2022-06-01 10:07,Bumper crop expected from summer harvest
Updated: 2022-06-01 10:10,Firefighting seaplane takes maiden flight
Updated: 2022-06-01 10:55,China to defer social-insurance payments for more pandemic-hit sectors
Updated: 2022-06-01 10:59,Chinese state councilor stresses need for efforts to defuse major safety risks
Updated: 2022-06-01 11:00,Vet gets to return home after 2 months of solo duty
Updated: 2022-06-01 11:04,China issues guideline on disinfection procedures amid epidemic
