﻿Updated: 2022-07-09 22:15,Chinese premier extends condolences over passing away of former Japanese PM Abe
Updated: 2022-07-13 08:49,Evidence confirms germ warfare and more by Japanese Unit 731
Updated: 2022-07-15 01:24,Hidden self-portrait discovered on back of Van Gogh painting
Updated: 2022-07-15 09:57,Social media star inspires millions to forage food in the wild
Updated: 2022-07-20 09:23,UN hails China lessons in poverty fight
Updated: 2022-07-20 09:58,Rocket falls from space posing an ever-increasing risk to life on Earth
Updated: 2022-07-20 10:19,Scientists discover 'needle in a haystack' black hole
Updated: 2022-07-20 15:45,Syria cuts diplomatic ties with Ukraine
Updated: 2022-07-21 09:50,Summit advances quest for Syria peace
Updated: 2022-07-25 09:06,Russian FM visits Egypt in 1st African tour during Russian-Ukrainian conflict
Updated: 2022-07-25 10:42,BRI brings significant gains for Rwanda
Updated: 2022-07-25 10:51,Sakurajima volcano in southwestern Japan erupts again
Updated: 2022-07-25 14:05,Sri Lanka delays rollout of national fuel pass QR code system
Updated: 2022-07-25 17:09,Africa battles 11 diseases along with COVID-19
Updated: 2022-07-25 18:16,"Forum emphasizes benefits of BRI, financing in China-Africa relations"
Updated: 2022-07-26 09:34,Ups and downs of US inflation in 3D
Updated: 2022-07-26 06:56,China-built bridge set to open for traffic in Croatia
Updated: 2022-07-26 09:53,Paris unveils new rules to help combat energy crisis
Updated: 2022-07-26 10:10,"For many overseas graduates, logical choice is China"
Updated: 2022-07-26 11:10,Last of Kenya poll observers on way
Updated: 2022-07-26 11:25,Middle East thaw backed for stability
Updated: 2022-07-26 13:45,"Chinese, Lao militaries launch 'Peace Train-2022' joint medical drill"
Updated: 2022-07-26 22:44,Chinese premier sends congratulations to Sri Lankan new PM
Updated: 2022-07-27 06:58,UN official urged to present true picture of region
Updated: 2022-07-27 07:25,US 'plunder' of Syrian oil condemned
Updated: 2022-07-27 07:30,Peng meets with 1st lady of Indonesia
Updated: 2022-07-27 07:32,China's positive global role underscored
Updated: 2022-07-27 09:24,Consumer confidence drops as inflation squeezes US shoppers: survey
Updated: 2022-07-27 09:28,"Economy in focus as Sunak, Truss go head-to-head"
Updated: 2022-07-27 09:33,Pope apologizes to Indigenous Canadians
Updated: 2022-07-27 09:47,"Odessa port strike shouldn't affect grain export deal, says Kremlin"
Updated: 2022-07-27 09:58,Call for urgent monkeypox response
Updated: 2022-07-27 10:03,French Parliament votes bill ending state of health emergency on Aug 1
Updated: 2022-07-27 10:10,Poll shows 40 pct chance of US recession: Reuters
Updated: 2022-07-27 10:22,US Fed chairman criticizes Senate report on China and Fed
Updated: 2022-07-27 10:22,Monkeypox cases spread in US
Updated: 2022-07-27 10:24,EU approves use of Danish monkeypox vaccine
Updated: 2022-07-27 10:27,Joint efforts help reduce maternal and newborn deaths in African nations
Updated: 2022-07-27 10:31,Inspiration never runs dry for Sinologist
Updated: 2022-07-27 10:32,Abortion bans delay treatment for miscarriages
Updated: 2022-07-27 10:34,Britain's travel woes to worsen
Updated: 2022-07-27 10:37,UK lockdown drinking adds to deaths
