﻿Updated: 2022-03-07 17:49,"FM hopes for peaceful development between China, Japan"
Updated: 2022-03-11 09:11,EPA approves use of gene-modified mosquitoes to reduce disease spread
Updated: 2022-03-11 16:49,Ambassador asks about bringing BRI and Mongolia's policies closer
Updated: 2022-03-15 12:36,Is the imported lobsters from the US related to the COVID-19 outbreak in China?
Updated: 2022-03-17 12:24,Ambassador asks about China's plan to people-to-people exchanges
Updated: 2022-03-21 09:46,New light shines into Egyptian necropolis
Updated: 2022-03-22 08:50,Ukraine crisis causes food price rises in Africa
Updated: 2022-03-22 09:52,Russian journalist speaks with China Daily
Updated: 2022-03-22 10:28,"UN, African countries move to halt spread of polio"
Updated: 2022-03-22 10:44,"After 19 years, US human rights crimes still fresh in Iraq"
Updated: 2022-03-22 21:12,China to work closely with Kenya for stability in the Horn of Africa
Updated: 2022-03-23 09:36,Ag roundtable calls for US-China joint efforts on key issues
Updated: 2022-03-23 09:51,Middle East battles to curb surging food prices
Updated: 2022-03-23 09:53,Assailant shot dead after killing 4 in southern Israel: police
Updated: 2022-03-23 10:31,Iran's supreme leader looks beyond sanctions impact
Updated: 2022-03-23 16:05,"China, Pakistan to boost strategic coordination and unity"
Updated: 2022-03-23 19:25,Palestinian officials condemn US for lying on Xinjiang
Updated: 2022-03-24 09:00,UK hit by inflation at highest rate for 30 years
Updated: 2022-03-24 09:25,"Madeleine Albright, first female US secretary of state, dies at 84"
Updated: 2022-03-24 07:54,Nations voice support for peace talks
Updated: 2022-03-24 08:01,"Japan's acts on Taiwan 'dangerous, unattainable'"
Updated: 2022-03-24 08:59,Envoy advocates for UN role in Ukraine humanitarian situation
Updated: 2022-03-24 09:32,Trump 'cowboy' convicted over Jan 6
Updated: 2022-03-24 09:37,Early end of COVID rules created cases
Updated: 2022-03-24 09:37,Islamic states work together for Afghans
Updated: 2022-03-24 09:52,Free movement key to trade within Africa
Updated: 2022-03-24 09:52,Shake-up for Big Tech edges closer in Europe
Updated: 2022-03-24 09:55,"Myanmar, China jointly produce COVID-19 vaccines"
Updated: 2022-03-24 10:05,Pfizer recalling 3 blood pressure drugs over potential cancer risk
Updated: 2022-03-24 10:06,Breakthrough COVID-19 hospitalizations 'extremely uncommon': study
Updated: 2022-03-24 10:10,Malawi signs MOU on BRI cooperation with China
Updated: 2022-03-24 10:13,Russia announces expulsion of US diplomats in retaliation
Updated: 2022-03-24 08:55,"Ukrainian president, British PM discuss further assistance to Ukraine"
Updated: 2022-03-24 10:38,Experts hail China's democracy as 'robust'
Updated: 2022-03-25 08:02,'Unfriendly countries' required to pay in rubles
Updated: 2022-03-25 09:22,Polar heat waves trigger warning
Updated: 2022-03-25 09:25,Academic's plight in US sparks concerns
Updated: 2022-03-25 09:27,Sharp rise in virus cases puts pressure on hospitals
Updated: 2022-03-25 09:33,Biden pushes Europeans on Russia action
Updated: 2022-03-25 09:38,Australian electorate above fears and smears
