﻿Updated: 2017-08-31 08:54,American in Beijing lives his Chinese dream
Updated: 2017-08-31 11:17,
Updated: 2021-01-25 10:17,Sharon Fraser : The awareness of Chongqing needs to be built outside of China
Updated: 2021-08-20 09:00,Student explores city's attractions by bicycle
Updated: 2022-06-23 09:46,Three men honored for saving children
Updated: 2022-06-24 09:41,Courier earns praise for warning message
Updated: 2022-06-24 11:19,China adopts amendment to anti-monopoly law
Updated: 2022-06-24 13:42,China revises sports law to facilitate building of sports powerhouse
Updated: 2022-06-24 23:36,"Work on culture, historical data highlighted at gathering"
Updated: 2022-06-25 07:02,Scientists unveil stem cell research breakthrough
Updated: 2022-06-25 08:52,Beijing schools to reopen on Monday
Updated: 2022-06-25 14:08,Law planned to protect arable land
Updated: 2022-06-26 19:05,Shanghai to continue developing open hub status
Updated: 2022-06-27 07:47,People's voices highlighted as key for Party Congress
Updated: 2022-06-27 08:04,Nation set to better nurture high-caliber professionals
Updated: 2022-06-27 08:17,Xinjiang condemns US' 'Uyghur Forced Labor Prevention Act'
Updated: 2022-06-27 08:47,Revamp revives fortunes of old town in Yarkant
Updated: 2022-06-27 08:50,Beijing students returning to class as epidemic wanes
Updated: 2022-06-27 09:11,"Hong Kong marches ahead with prosperity, stability"
Updated: 2022-06-27 09:30,"A year down the track, Tibet's rail still electric"
Updated: 2022-06-28 07:47,"Xi, Guyanese leader vow to strengthen ties"
Updated: 2022-06-28 08:17,HK set to fortify position as Asia-Pacific's top legal hub
Updated: 2022-06-28 08:26,Rewards reaped from modern agriculture
Updated: 2022-06-28 08:44,Celebrity catwalk challenge shines light on bay area's landmark crossing
Updated: 2022-06-28 09:22,Pinglu Canal project gets environmental approval
Updated: 2022-06-28 09:23,"After six months, China-Laos Railway showing great promise"
Updated: 2022-06-28 09:35,Success in south fueled by transport
