﻿Updated: 2017-08-31 08:54,American in Beijing lives his Chinese dream
Updated: 2017-08-31 11:17,
Updated: 2021-01-25 10:17,Sharon Fraser : The awareness of Chongqing needs to be built outside of China
Updated: 2021-08-20 09:00,Student explores city's attractions by bicycle
Updated: 2022-02-17 08:17,Institutions face tighter scrutiny from authorities
Updated: 2022-02-17 09:11,Salary climbing for returning graduates
Updated: 2022-02-17 17:00,"Chinese schools to appoint vice principals to tackle delinquency, bullying"
Updated: 2022-02-18 08:10,Law enforcement officials to serve as school vice-principals
Updated: 2022-02-18 16:26,China's top legislature schedules standing committee session
Updated: 2022-02-21 17:18,China's second Hualong One reactor reaches full power
Updated: 2022-02-22 10:22,High-tech ground screen a big hit with viewers
Updated: 2022-02-22 10:24,Beidou played valuable role during Games
Updated: 2022-02-22 10:48,China steps up personality rights protection on internet
Updated: 2022-02-23 06:35,Xi wishes Queen Elizabeth II speedy recovery from COVID
Updated: 2022-02-23 07:31,Document sets goals for rural work this year
Updated: 2022-02-23 09:00,HK to test all residents three times for coronavirus in March
Updated: 2022-02-23 09:05,Foreign residents help keep Suzhou safe
Updated: 2022-02-23 09:16,Organ donation coordinators turning death into life
Updated: 2022-02-23 09:17,Stretching is a growing success in city
Updated: 2022-02-23 09:30,Robochefs whip up dishes in an instant
Updated: 2022-02-23 10:01,Carbon prices to help steer investment
Updated: 2022-02-23 10:05,School campuses teeming with Winter Games fervor
Updated: 2022-02-23 10:19,Research team protects coral reefs in Beibu Gulf
Updated: 2022-02-23 10:33,Culture key to vitalizing rural areas
Updated: 2022-02-23 10:35,Nation to boost forest and grass industry
Updated: 2022-02-23 10:37,National pension system bridges gaps
Updated: 2022-02-23 16:09,Xi Jinping on high-quality development
Updated: 2022-02-24 06:45,HK's budget bolsters efforts to control virus
Updated: 2022-02-24 08:27,Sports promote harmony
Updated: 2022-02-24 08:35,Xi Focus: Sowing for future: Xi leads China's seed industry vitalization
Updated: 2022-02-24 08:48,Xi Focus-Closeup: Photos tell a Uygur family's enduring love for country
