﻿Updated: 2017-08-31 08:54,American in Beijing lives his Chinese dream
Updated: 2017-08-31 11:17,
Updated: 2021-01-25 10:17,Sharon Fraser : The awareness of Chongqing needs to be built outside of China
Updated: 2021-08-20 09:00,Student explores city's attractions by bicycle
Updated: 2022-04-21 09:09,Vocational education to receive better recognition
Updated: 2022-04-24 22:29,Central govt provides strong support for HK's anti-pandemic capablities
Updated: 2022-04-25 06:30,How are delegates elected to CPC National Congress?
Updated: 2022-04-25 16:32,Official lauds Hong Kong national security law
Updated: 2022-04-26 07:18,Xi hails role of nation's youth
Updated: 2022-04-26 08:12,Macron congratulated on reelection as French leader
Updated: 2022-04-26 08:54,"Chinese reservoirs bring about benefits, not threats"
Updated: 2022-04-26 09:21,Draft law to protect fertile black soil
Updated: 2022-04-26 09:28,Public voices play key part in nation's lawmaking process
Updated: 2022-04-26 10:16,New rules to foster culturally relevant place names
Updated: 2022-04-26 10:17,Hong Kong to start application for employment support scheme this week
Updated: 2022-04-26 15:24,More children at kindergartens than ever
Updated: 2022-04-26 15:33,USTB celebrates 70th anniversary
Updated: 2022-04-26 15:43,"Chongqing man, 92, gives gift of literature"
Updated: 2022-04-26 19:00,China opens Shenzhou-13 return capsule
Updated: 2022-04-26 21:06,China concludes 38th Antarctic expedition
Updated: 2022-04-26 21:16,Chinese research institutions set to receive 4th batch of lunar samples
Updated: 2022-04-27 07:16,Beijing takes swift action to control outbreak
Updated: 2022-04-27 07:19,Vaccines against Omicron approved for clinical trials
Updated: 2022-04-27 08:34,New measures to help logistics sector
Updated: 2022-04-27 09:19,Ministry to monitor environmental impact of renewable energy projects
Updated: 2022-04-27 09:43,Man's dream greens barren mountains
Updated: 2022-04-27 09:45,Bean bonanza as Pu'er coffee gains specialty status
Updated: 2022-04-27 09:45,Protecting Yungang a generational task
Updated: 2022-04-27 09:46,Cultural protection helps Tibetans make better living
Updated: 2022-04-27 09:47,"Dedicated till the end, sniffer dog dies on duty"
Updated: 2022-04-27 10:03,Chinese political advisors pool wisdom on rural healthcare
Updated: 2022-04-27 10:06,Shanghai aims to curb spread to other places
Updated: 2022-04-27 10:11,Policy Digest
Updated: 2022-04-27 10:11,Xi Focus: Xi calls for efforts to build modern infrastructure system
