﻿Updated: 2017-08-31 08:54,American in Beijing lives his Chinese dream
Updated: 2017-08-31 11:17,
Updated: 2021-01-25 10:17,Sharon Fraser : The awareness of Chongqing needs to be built outside of China
Updated: 2021-08-20 09:00,Student explores city's attractions by bicycle
Updated: 2022-03-11 13:41,China to adapt to changing COVID situation
Updated: 2022-03-14 16:53,"Deaths, accidents in China's coal mines down"
Updated: 2022-03-17 07:18,Timely steps taken to ensure harvest
Updated: 2022-03-17 09:08,Online study becomes norm in Shanghai
Updated: 2022-03-17 09:12,Teacher leaves family to volunteer at rural school
Updated: 2022-03-17 09:56,More govt agencies urged to supervise livestreaming
Updated: 2022-03-17 10:13,Young doctor flies home to help fight coronavirus
Updated: 2022-03-17 10:54,China's education ministry stresses mental health amid epidemic
Updated: 2022-03-18 07:18,Western media twists Uygur's role at Games
Updated: 2022-03-18 09:29,16 officials punished for pandemic control lapses
Updated: 2022-03-18 09:41,China Focus: China's space station to support large-scale scientific research
Updated: 2022-03-18 09:59,Regulator eyes bullying on internet
Updated: 2022-03-18 10:11,Floods and drought threaten in coming months
Updated: 2022-03-18 10:53,Black-bone birds bring in big bucks
Updated: 2022-03-18 17:28,Chinese crew members to deliver second lecture from space station
Updated: 2022-03-18 18:27,Female scientist balances career with family life
Updated: 2022-03-18 18:37,Massage gives hope to blind
Updated: 2022-03-19 06:49,"Ties with South Africa, Cambodia highlighted"
Updated: 2022-03-19 06:54,Crew aboard Tiangong to give 2nd talk
Updated: 2022-03-19 08:12,HK volunteer brings peace of mind
Updated: 2022-03-19 12:35,Chongqing rescues over 700 ancient trees
Updated: 2022-03-19 22:30,Through thick and thin
Updated: 2022-03-19 22:38,Lam expresses her gratitude to mainland medical team
Updated: 2022-03-20 07:38,"China's road, waterway passenger volumes shrink in February"
Updated: 2022-03-20 09:44,Across China: Rooftop photovoltaics fuel China's green transition
