﻿Updated: 2022-03-07 17:49,"FM hopes for peaceful development between China, Japan"
Updated: 2022-03-11 09:11,EPA approves use of gene-modified mosquitoes to reduce disease spread
Updated: 2022-03-11 16:49,Ambassador asks about bringing BRI and Mongolia's policies closer
Updated: 2022-03-15 12:36,Is the imported lobsters from the US related to the COVID-19 outbreak in China?
Updated: 2022-03-17 12:24,Ambassador asks about China's plan to people-to-people exchanges
Updated: 2022-03-21 09:46,New light shines into Egyptian necropolis
Updated: 2022-03-22 08:50,Ukraine crisis causes food price rises in Africa
Updated: 2022-03-22 10:28,"UN, African countries move to halt spread of polio"
Updated: 2022-03-22 21:12,China to work closely with Kenya for stability in the Horn of Africa
Updated: 2022-03-23 09:51,Middle East battles to curb surging food prices
Updated: 2022-03-23 09:53,Assailant shot dead after killing 4 in southern Israel: police
Updated: 2022-03-23 10:31,Iran's supreme leader looks beyond sanctions impact
Updated: 2022-03-24 08:59,Envoy advocates for UN role in Ukraine humanitarian situation
Updated: 2022-03-24 09:52,Free movement key to trade within Africa
Updated: 2022-03-24 09:55,"Myanmar, China jointly produce COVID-19 vaccines"
Updated: 2022-03-24 10:10,Malawi signs MOU on BRI cooperation with China
Updated: 2022-03-24 10:38,Experts hail China's democracy as 'robust'
Updated: 2022-03-24 15:25,ROK says DPRK fires unidentified projectile into eastern waters
Updated: 2022-03-25 01:44,NHS under 'significant pressure' as COVID-19 cases rise
Updated: 2022-03-25 06:49,Envoy calls for right understanding in future Sino-UK relations
Updated: 2022-03-25 07:45,Wang Yi's visit to India carries significance for bilateral ties and global affairs
Updated: 2022-03-25 07:58,Claim of NATO chief false news 'in itself'
Updated: 2022-03-25 08:02,'Unfriendly countries' required to pay in rubles
Updated: 2022-03-25 09:01,UK gambling harm 'worse than claimed'
Updated: 2022-03-25 09:22,Polar heat waves trigger warning
Updated: 2022-03-25 09:25,Academic's plight in US sparks concerns
Updated: 2022-03-25 09:27,Sharp rise in virus cases puts pressure on hospitals
Updated: 2022-03-25 09:33,Biden pushes Europeans on Russia action
Updated: 2022-03-25 09:38,Australian electorate above fears and smears
Updated: 2022-03-25 09:47,Wall Streeters got record bonuses for 2021
Updated: 2022-03-25 08:50,Malaysian view on sanctions guided by ASEAN ethos
Updated: 2022-03-25 09:54,London told about barriers to US FTA
Updated: 2022-03-25 09:56,ASEAN envoy ends visit to Myanmar with progress
Updated: 2022-03-25 09:57,Iran ready to cooperate with Lebanon in various fields: FM
Updated: 2022-03-25 10:11,Surge in US shootings shows no sign of easing: media
Updated: 2022-03-25 10:18,DPRK leader Kim Jong-un issues order for test-launch of new type ICBM: KCNA
Updated: 2022-03-25 10:20,Alcohol-related deaths jump in US
Updated: 2022-03-25 11:05,"Ukraine, Russia conduct first prisoner swap"
