﻿Updated: 2022-03-07 17:49,"FM hopes for peaceful development between China, Japan"
Updated: 2022-03-11 09:11,EPA approves use of gene-modified mosquitoes to reduce disease spread
Updated: 2022-03-11 16:49,Ambassador asks about bringing BRI and Mongolia's policies closer
Updated: 2022-03-15 12:36,Is the imported lobsters from the US related to the COVID-19 outbreak in China?
Updated: 2022-03-17 12:24,Ambassador asks about China's plan to people-to-people exchanges
Updated: 2022-03-18 10:28,"UN chief highlights 5 lifelines for recovery, development of LDCs"
Updated: 2022-03-20 06:59,"Chinese, Zambian FMs hold talks in Anhui"
Updated: 2022-03-21 07:26,"FM: Beijing position objective, fair on resolving Eastern European conflict"
Updated: 2022-03-21 09:10,Fresh chance for peace in Horn of Africa
Updated: 2022-03-21 09:30,Assad's UAE visit marks Syria's return to regional role
Updated: 2022-03-21 09:35,Political violence falls in Middle East as living improves
Updated: 2022-03-21 09:46,New light shines into Egyptian necropolis
Updated: 2022-03-21 10:42,Woes of Palestinian refugees' worsen as international aid dwindles
Updated: 2022-03-21 14:43,"Four dead, one missing, as storms batter New Zealand"
Updated: 2022-03-21 17:29,China-aided medical building to help improve Cambodia's healthcare quality
Updated: 2022-03-21 19:08,Navruz is a holiday of spring and renewal
Updated: 2022-03-22 01:56,Germany says no to freedom from COVID-19 restrictions
Updated: 2022-03-22 08:33,"UN's Afghan aid will ease suffering, experts say"
Updated: 2022-03-22 09:12,"China, Vanuatu embark on new journey together"
Updated: 2022-03-22 08:55,Ukraine's compromises with Russia to be put to referendum: Zelensky
Updated: 2022-03-22 08:50,Ukraine crisis causes food price rises in Africa
Updated: 2022-03-22 09:27,EU pulled in opposite ways on virus rules
Updated: 2022-03-22 09:28,S. Korea loosens curbs despite surge
Updated: 2022-03-22 09:31,"Long COVID hurting workforce, says study"
Updated: 2022-03-22 09:42,Europe 'must seek US trade deal'
Updated: 2022-03-22 09:52,Russian journalist speaks with China Daily
Updated: 2022-03-22 08:50,China tops up Ukraine aid
Updated: 2022-03-22 10:04,US child care policies lag behind most of developed countries: report
Updated: 2022-03-22 10:09,"In California, a big salute to Ping-Pong Diplomacy"
Updated: 2022-03-22 10:11,Experts divided over another COVID booster
Updated: 2022-03-22 10:16,Michael Jackson musical 'MJ' to go on 2023 North American tour
Updated: 2022-03-22 10:28,"UN, African countries move to halt spread of polio"
Updated: 2022-03-22 10:44,"After 19 years, US human rights crimes still fresh in Iraq"
Updated: 2022-03-22 10:45,Millions in US struggle to pay higher utility bills
