﻿Updated: 2022-07-09 22:15,Chinese premier extends condolences over passing away of former Japanese PM Abe
Updated: 2022-07-13 08:49,Evidence confirms germ warfare and more by Japanese Unit 731
Updated: 2022-07-15 01:24,Hidden self-portrait discovered on back of Van Gogh painting
Updated: 2022-07-15 09:57,Social media star inspires millions to forage food in the wild
Updated: 2022-07-18 21:03,Facts derail Africa 'debt trap' smears
Updated: 2022-07-19 09:57,Call made for boost to continent's healthcare
Updated: 2022-07-20 09:23,UN hails China lessons in poverty fight
Updated: 2022-07-20 09:58,Rocket falls from space posing an ever-increasing risk to life on Earth
Updated: 2022-07-20 10:19,Scientists discover 'needle in a haystack' black hole
Updated: 2022-07-20 10:30,Iran firm on Syria's territorial integrity
Updated: 2022-07-20 15:45,Syria cuts diplomatic ties with Ukraine
Updated: 2022-07-20 19:39,Hunger starts to claim lives in east Africa
Updated: 2022-07-21 00:12,China-EU talks to boost trade
Updated: 2022-07-21 09:33,Tourism lift seen closer to home first
Updated: 2022-07-21 09:50,Summit advances quest for Syria peace
Updated: 2022-07-24 16:09,"3 dead, 2 wounded in university campus shooting in Philippine capital"
Updated: 2022-07-25 09:06,Russian FM visits Egypt in 1st African tour during Russian-Ukrainian conflict
Updated: 2022-07-25 09:14,Begaj takes oath as new president of Albania
Updated: 2022-07-25 10:06,Study identifies risk factors for long COVID
Updated: 2022-07-25 10:17,Biden's COVID-19 symptoms 'improve significantly': doctor
Updated: 2022-07-25 10:19,States' abortion laws leading some doctors to relocate
Updated: 2022-07-25 10:42,BRI brings significant gains for Rwanda
Updated: 2022-07-25 10:51,Sakurajima volcano in southwestern Japan erupts again
Updated: 2022-07-25 14:05,Sri Lanka delays rollout of national fuel pass QR code system
Updated: 2022-07-25 17:09,Africa battles 11 diseases along with COVID-19
Updated: 2022-07-26 09:34,Ups and downs of US inflation in 3D
Updated: 2022-07-26 01:06,Britain's prime ministerial candidates pledge to be tough on illegal immigration
Updated: 2022-07-26 01:15,Paris 2024 releases official slogan
Updated: 2022-07-26 09:04,Germany's gas supply situation stabilizes after restart of Nord Stream 1
Updated: 2022-07-26 09:07,"Syria's absence in AL ""detrimental"" to Arab nation: Algerian FM"
Updated: 2022-07-26 09:12,Ukraine plans to start grain exports via seaports this week
Updated: 2022-07-26 09:12,UK travelers face huge queues amid cross-Channel chaos
Updated: 2022-07-26 09:21,Window for action on monkeypox 'is closing'
Updated: 2022-07-26 09:29,"Experts warn US reaches critical moment with nearly 3,000 monkeypox cases"
Updated: 2022-07-26 09:36,"Japan confirms 1st monkeypox case, alert issued"
Updated: 2022-07-26 09:40,Philippine president sets out growth path
Updated: 2022-07-26 09:44,Biden anticipates return of in-person work later this week
Updated: 2022-07-26 09:52,US parses what recession is
Updated: 2022-07-26 09:53,Paris unveils new rules to help combat energy crisis
Updated: 2022-07-26 10:10,"For many overseas graduates, logical choice is China"
Updated: 2022-07-26 10:19,Over 14 million children in US infected with COVID-19
Updated: 2022-07-26 10:38,FM urges peace and dialogue in region
