﻿Updated: 2017-08-31 08:54,American in Beijing lives his Chinese dream
Updated: 2017-08-31 11:17,
Updated: 2021-01-25 10:17,Sharon Fraser : The awareness of Chongqing needs to be built outside of China
Updated: 2021-08-20 09:00,Student explores city's attractions by bicycle
Updated: 2022-03-25 16:05,China rolls out policies to support grain production
Updated: 2022-03-27 22:16,Chinese vice premier urges reinforcing poverty-elimination achievements
Updated: 2022-03-29 08:58,Unhealthy sector required guidance
Updated: 2022-03-29 15:20,"In Guangdong, esports gets new emphasis"
Updated: 2022-03-30 07:04,Postgraduate exam more competitive
Updated: 2022-03-30 08:38,New measures to bolster job market
Updated: 2022-03-30 09:55,"New provincial, regional Party secretaries chosen"
Updated: 2022-03-30 14:45,IPR awareness efforts extended to students
Updated: 2022-03-31 10:23,Successful launch shows new rocket factory's solid steps
Updated: 2022-03-31 15:32,Civic behavior draws praise from netizens
Updated: 2022-03-31 22:19,Tianzhou 2 returns to Earth
Updated: 2022-04-01 07:09,Xi chairs CPC leadership meeting on plane crash emergency response
Updated: 2022-04-01 06:58,UK blasted for meddling in HK judiciary
Updated: 2022-04-01 07:04,CPC calls for national work safety probe
Updated: 2022-04-01 07:24,Shanghai to launch phase II of lockdown
Updated: 2022-04-01 08:55,Foreign residents in HK join fight against pandemic
Updated: 2022-04-01 09:30,Neighborhoods give elderly helping hand
Updated: 2022-04-01 09:43,Key task turns to cause of plane crash
Updated: 2022-04-01 09:48,Steps laid out to achieve carbon goals
Updated: 2022-04-01 09:50,Reciprocal restrictions put on officials who 'concocted lies'
Updated: 2022-04-01 10:54,Man aids in pandemic fight from two cities
Updated: 2022-04-01 13:29,Sci-tech ethics guideline to effectively prevent risks
Updated: 2022-04-01 13:47,Chinese researchers achieve neuroscience breakthrough
Updated: 2022-04-01 15:00,Dedicated policeman dies on the job
Updated: 2022-04-01 16:12,Decoding China's green miracle
Updated: 2022-04-01 16:31,Macao's gaming revenue drops 55.8% in March
Updated: 2022-04-01 17:38,Crowd lifts bus to save trapped biker in South China
Updated: 2022-04-01 18:12,Postgrad exam controversy at Peking Union
Updated: 2022-04-01 22:19,Political stunt won't hurt HK's rule of law
Updated: 2022-04-02 07:22,Officials told to keep alert on work safety
Updated: 2022-04-02 07:43,Civil service open to those with disabilities
Updated: 2022-04-02 07:54,Foreign businesses undented as Shanghai continues massive COVID-19 testing
