﻿Updated: 2022-05-20 09:09,Prehistoric dolphin species discovered in Switzerland
Updated: 2022-05-30 09:23,Clashes break out between Israelis and Palestinians over Israeli nationalists' march
Updated: 2022-05-31 01:10,Monet's Waterloo Bridge painting expected to sell for $30.3m
Updated: 2022-06-03 06:35,US gun culture and gun-related deaths
Updated: 2022-06-04 06:40,Five things to know about the US gun lobby
Updated: 2022-06-05 14:20,"Macron calls for ending escalation between Israel, Palestine"
Updated: 2022-06-07 07:48,UK inflation serves up pain for Chinese restaurants
Updated: 2022-06-07 09:11,Africa's food crisis set to deepen amid conflict
Updated: 2022-06-08 07:10,Senior diplomat says relations with Japan at important juncture
Updated: 2022-06-08 10:02,Ghanaian villagers get mobile with Huawei
Updated: 2022-06-08 10:55,Olympic champion Eileen Gu has more to do on world stage
Updated: 2022-06-08 13:55,China and Turkmenistan strengthen relationship with practical cooperation
Updated: 2022-06-08 16:10,"At least 10 dead, 50 injured in Iran train derailment"
Updated: 2022-06-09 07:16,Chinese expertise valued at Egypt medical expo
Updated: 2022-06-09 07:59,FM: Forge strong ties with Central Asia
Updated: 2022-06-09 09:24,Beijing says it will stand firm beside its neighbors
Updated: 2022-06-09 10:33,Gymnasts sue FBI for doctor-abuse inaction
Updated: 2022-06-09 11:16,Death toll rises to 40 in church attack in Nigeria
Updated: 2022-06-09 17:06,Japan's lower house votes down no-confidence motion against embattled speaker
Updated: 2022-06-09 21:31,Xi replies to letter from cadre workshop participants at Julius Nyerere Leadership School
Updated: 2022-06-10 01:34,Wildfire in the mountains of southern Spain
Updated: 2022-06-10 07:09,Iran to remove 27 monitoring cameras from nuclear sites: IAEA
Updated: 2022-06-10 07:40,UK PM Johnson pushes new policies to reset leadership after confidence vote
Updated: 2022-06-10 08:10,Yellen flags end for some China tariffs
Updated: 2022-06-10 10:20,"Monkeypox spread may take hold, WHO says"
Updated: 2022-06-10 09:30,"Ukrainian president signs sanction decrees on Russian president, officials"
Updated: 2022-06-10 10:42,"ECB to raise interest rates, end net asset purchases in July"
Updated: 2022-06-13 10:33,Inflation's climb in US puts pressure on Fed
Updated: 2022-06-14 01:45,UK to keep coal power station open this winter
Updated: 2022-06-14 06:35,"China has more positive influence than US, young Africans say"
Updated: 2022-06-14 07:18,US urged to stop seeking confrontation
Updated: 2022-06-14 09:04,Yen tumbles to 24-year low against dollar
Updated: 2022-06-14 09:21,US urged to readjust mindset on China
Updated: 2022-06-14 09:24,"US reports about 88,000 weekly child COVID-19 cases"
Updated: 2022-06-14 09:26,UK deportation plan abuses dignity: lawyer
Updated: 2022-06-14 09:38,Book exposes Trump team's COVID flaws
Updated: 2022-06-14 10:09,Beijing calls for concrete action to improve ties
Updated: 2022-06-14 10:10,Macron's coalition edges ahead of left in first round
Updated: 2022-06-14 10:10,Worry grows as UK economy shrinks again
Updated: 2022-06-14 10:28,British govt risks trade war with Brexit deal move
