﻿Updated: 2017-08-31 08:54,American in Beijing lives his Chinese dream
Updated: 2017-08-31 11:17,
Updated: 2021-01-25 10:17,Sharon Fraser : The awareness of Chongqing needs to be built outside of China
Updated: 2021-08-20 09:00,Student explores city's attractions by bicycle
Updated: 2022-03-02 15:35,"Most support 'double reduction' policy, report said"
Updated: 2022-03-02 20:04,DKU sees record spike in applications
Updated: 2022-03-03 09:45,"Survey finds students, parents, teachers back policy"
Updated: 2022-03-04 08:27,"Prevent big shifts in population, expert says"
Updated: 2022-03-04 08:56,Two sessions to chart path for year ahead
Updated: 2022-03-04 09:41,Litigation better protects range of public interests
Updated: 2022-03-04 10:25,Special bus stop set up for physically impaired mother
Updated: 2022-03-04 17:43,"In hands of auto mechanic, art springs from waste"
Updated: 2022-03-05 10:54,Work report lays out achievements in national education
Updated: 2022-03-05 16:46,Six new comms satellites enter low-Earth orbit
Updated: 2022-03-05 21:46,First two flights for Chinese citizens evacuated from Ukraine return home
Updated: 2022-03-06 14:09,Reforms will make China's sciences stronger
Updated: 2022-03-07 07:03,President hails people for success of Games
Updated: 2022-03-07 07:52,Support for HK stressed in virus fight
Updated: 2022-03-07 07:54,"CPPCC member discusses HK, CE election"
Updated: 2022-03-07 09:24,IP court to provide stronger protection
Updated: 2022-03-07 09:31,Challenges await sample-return expedition to Mars
Updated: 2022-03-07 10:23,Probe to look for water on moon
Updated: 2022-03-07 10:29,Political adviser seeks to remove stigma of vocational education
Updated: 2022-03-07 10:40,Political adviser advocates for seniors
Updated: 2022-03-07 11:00,Beijing offers disabled people more barrier-free facilities
Updated: 2022-03-07 11:13,Pet owners who abandon animals may face big fines
Updated: 2022-03-07 13:25,"Education has instilled love of motherland in Macao people, political adviser says"
Updated: 2022-03-07 14:12,Sports exchanges could help spur GBA development
Updated: 2022-03-07 20:17,Renowned Chinese pianist dies at 93
Updated: 2022-03-08 07:31,US urged to stop zero-sum acts
Updated: 2022-03-08 07:33,Prosecutors step up efforts to crack down on cybercrimes
Updated: 2022-03-08 07:37,Political adviser lauds 2022 GDP growth target
