﻿Updated: 2017-08-31 08:54,American in Beijing lives his Chinese dream
Updated: 2017-08-31 11:17,
Updated: 2021-01-25 10:17,Sharon Fraser : The awareness of Chongqing needs to be built outside of China
Updated: 2021-08-20 09:00,Student explores city's attractions by bicycle
Updated: 2022-06-18 08:30,Campuses welcome back job seekers
Updated: 2022-06-20 13:39,Fudan University holds commencement for Class of 2022
Updated: 2022-06-20 22:19,China's Pearl River region braces for major floods
Updated: 2022-06-21 08:35,No mountain high enough for bullet trains
Updated: 2022-06-21 08:39,Speed ramped up on Beijing-Wuhan line
Updated: 2022-06-21 09:03,Astronaut mother sends wishes to her children
Updated: 2022-06-21 10:00,"Taiwan's primary school students to fall by 20,000 annually due to low birth rate: report"
Updated: 2022-06-21 10:01,Political advisors discuss high quality development
Updated: 2022-06-21 10:05,CPC promulgates regulations on political consultation work
Updated: 2022-06-21 17:16,Shipbuilder delivers first methanol hybrid tanker
Updated: 2022-06-21 17:33,China's top legislature starts standing committee session
Updated: 2022-06-21 17:39,Chinese researchers discover new bacterial tRNA species
Updated: 2022-06-21 17:41,COP15 relocated after consultation
Updated: 2022-06-21 17:58,China's weather satellites to share data globally
Updated: 2022-06-21 21:52,"'In this vibrant city, I feel energy, freedom and efficiency': Hong Kong in eyes of foreign residents"
Updated: 2022-06-22 07:00,Xi's discourses on Party's youth work published
Updated: 2022-06-22 07:15,Suspects in Tangshan assault case linked to other crimes
Updated: 2022-06-22 07:39,"Lee pledges utmost efforts to build caring, inclusive HK"
Updated: 2022-06-22 07:42,Dropouts among poor fall to historic lows
Updated: 2022-06-22 08:38,"Trained in China, engineer helps homeland"
Updated: 2022-06-22 08:48,President Xi charts HK's future course of democratic development
Updated: 2022-06-22 08:56,Young people have major role to play in HKSAR's development
Updated: 2022-06-22 09:12,Astronauts of Shenzhou XIII mission get medals of honor
Updated: 2022-06-22 09:23,Audits play role in fighting corruption
Updated: 2022-06-22 09:24,"Draft set to strengthen quality, safety of agricultural products"
Updated: 2022-06-22 09:41,Zhejiang's GDP to top 12 trillion yuan in five years
