﻿Updated: 2022-05-20 09:09,Prehistoric dolphin species discovered in Switzerland
Updated: 2022-05-31 01:10,Monet's Waterloo Bridge painting expected to sell for $30.3m
Updated: 2022-06-03 06:35,US gun culture and gun-related deaths
Updated: 2022-06-04 06:40,Five things to know about the US gun lobby
Updated: 2022-06-07 19:12,"Senior Chinese diplomat, Japanese national security official talk over phone"
Updated: 2022-06-10 10:20,"Monkeypox spread may take hold, WHO says"
Updated: 2022-06-14 06:35,"China has more positive influence than US, young Africans say"
Updated: 2022-06-16 07:45,IAEA resolution casts shadow on Iran nuke deal
Updated: 2022-06-16 09:32,Smartphone cameras still no match for dedicated devices
Updated: 2022-06-17 09:33,Pragmatism needed in African green energy efforts
Updated: 2022-06-17 10:47,More than 100 children die of AIDS every day in West and Central Africa
Updated: 2022-06-17 16:59,"36.5 mln children displaced worldwide, highest since World War II: UNICEF"
Updated: 2022-06-17 23:12,"1 killed, 6 injured as blast hits mosque in N Afghanistan"
Updated: 2022-06-18 12:30,Readiness urged for monkeypox vaccines
Updated: 2022-06-18 15:09,"Civilian, several others killed in temple attack in Afghan capital"
Updated: 2022-06-18 15:40,Chinese ambassador calls for further deepening China-New Zealand friendship
Updated: 2022-06-18 18:11,"41 dead, millions stranded as floods hit Bangladesh, India"
Updated: 2022-06-19 21:07,Iran says US approach to nuke talks 'unconstructive'
Updated: 2022-06-20 16:07,Colombia makes new history by choosing Petro as president and first black woman as vice-president
Updated: 2022-06-20 10:30,China-Laos Railway inducts Lao train drivers
Updated: 2022-06-20 16:38,Biden follows same policy as his predecessors in dealing with Palestinian cause: PLO official
Updated: 2022-06-20 16:41,China-US cooperation crucial in climate change fight
Updated: 2022-06-20 17:50,Bus attack kills 13 soldiers in northern Syria
Updated: 2022-06-21 01:48,UK high inflation bringing pain to Chinese supermarkets and restaurants
Updated: 2022-06-21 07:40,President's Belgian trip fostered affection
Updated: 2022-06-21 09:05,2 states still best fix in Middle East
Updated: 2022-06-21 09:11,Common development a journey without end
Updated: 2022-06-21 09:00,"Russia may 'intensify' its attacks soon, Kyiv warns"
Updated: 2022-06-21 09:30,BRICS role on multilateralism hailed
Updated: 2022-06-21 09:35,Macron's alliance hunts for way to salvage ruling majority
Updated: 2022-06-21 09:41,UK has world's most confirmed monkeypox cases
Updated: 2022-06-21 09:52,US pilot shortage strands many
Updated: 2022-06-21 10:07,Cheap metal part turns regular guns into automatics
Updated: 2022-06-21 10:09,UK draws more flak on refugee plan
Updated: 2022-06-21 10:29,Cost of living protests staged across Ireland
Updated: 2022-06-21 10:32,Hot-spot nations fuel virus concerns on continent
Updated: 2022-06-21 10:46,US Black-White homeownership gap grows wider: CNN
Updated: 2022-06-21 10:47,Humanitarian situation in South Sudan deteriorating: UN official
Updated: 2022-06-21 11:05,East Africa gains the upper hand on locusts
Updated: 2022-06-21 11:13,Industrial strife looms for Britain
