﻿Updated: 2017-08-31 08:54,American in Beijing lives his Chinese dream
Updated: 2017-08-31 11:17,
Updated: 2021-01-25 10:17,Sharon Fraser : The awareness of Chongqing needs to be built outside of China
Updated: 2021-08-20 09:00,Student explores city's attractions by bicycle
Updated: 2022-03-02 13:50,"Chinese scientists design cocktail antibody to treat, prevent COVID-19"
Updated: 2022-03-02 15:35,"Most support 'double reduction' policy, report said"
Updated: 2022-03-02 20:04,DKU sees record spike in applications
Updated: 2022-03-03 09:45,"Survey finds students, parents, teachers back policy"
Updated: 2022-03-03 15:05,Hospital head lauded for going extra mile
Updated: 2022-03-03 17:47,Spokesperson: HK CPPCC members constructive in COVID-fight
Updated: 2022-03-03 22:27,China launches fugitive-hunting campaign in 2022
Updated: 2022-03-04 07:30,"HK sees over 56,000 cases of COVID-19"
Updated: 2022-03-04 08:27,"Prevent big shifts in population, expert says"
Updated: 2022-03-04 08:56,Two sessions to chart path for year ahead
Updated: 2022-03-04 09:12,"Zero COVID-19 policy helping nation, world"
Updated: 2022-03-04 09:15,Chip supply key to manufacturers
Updated: 2022-03-04 09:24,Residents' lives along Yellow River enriched
Updated: 2022-03-04 09:32,Measures will help protect most vulnerable wildlife
Updated: 2022-03-04 09:41,Litigation better protects range of public interests
Updated: 2022-03-04 09:44,"Survey: Strict governance over Party, rule of law top list of public concerns"
Updated: 2022-03-04 10:25,Special bus stop set up for physically impaired mother
Updated: 2022-03-04 17:43,"In hands of auto mechanic, art springs from waste"
Updated: 2022-03-05 10:54,Work report lays out achievements in national education
Updated: 2022-03-05 11:54,China to accelerate innovation-driven development
Updated: 2022-03-05 16:46,Six new comms satellites enter low-Earth orbit
Updated: 2022-03-05 19:17,China launches women volunteers' service campaign
Updated: 2022-03-05 21:46,First two flights for Chinese citizens evacuated from Ukraine return home
Updated: 2022-03-05 22:23,Hong Kong youth groups ease hospital stress with free online consultation amid epidemic
Updated: 2022-03-06 08:55,Central govt aids Hong Kong to build emergency hospital
