﻿Updated: 2022-06-04 06:40,Five things to know about the US gun lobby
Updated: 2022-06-07 19:12,"Senior Chinese diplomat, Japanese national security official talk over phone"
Updated: 2022-06-15 15:05,Why DHS's Disinformation Governance Board dooms to be a failure?
Updated: 2022-06-16 09:32,Smartphone cameras still no match for dedicated devices
Updated: 2022-06-22 20:14,China commits to peace mediation in Horn of Africa
Updated: 2022-06-23 12:06,"Charity walk, art show to raise funds for young patients"
Updated: 2022-06-24 17:56,Emergency preparedness requires gender-aware responses: UN report
Updated: 2022-06-26 10:47,Multi-country monkeypox outbreak not public health emergency: WHO
Updated: 2022-06-27 09:03,Africa virus rebound prompts appeal for vigilance
Updated: 2022-06-27 11:25,South African president mourns for 22 teenagers dead in tavern
Updated: 2022-06-27 17:41,ROK still committed to dialogue with DPRK: minister
Updated: 2022-06-27 22:30,Ukraine terminates 2 nuclear safety deals with Russia
Updated: 2022-06-28 09:28,British barristers go out on strike in dispute over legal aid funding
Updated: 2022-06-28 10:48,Turkey objects to unilateral sanctions against Iran: FM
Updated: 2022-06-28 10:59,Iran confirms nuclear talks to start in Doha on Tuesday
Updated: 2022-06-28 11:00,E. African initiative seeks to tap bioeconomy potential
Updated: 2022-06-28 18:18,"12 killed, 251 injured in toxic gas leak at Jordan's port"
Updated: 2022-06-28 20:27,51 killed in Colombian prison riot fire
Updated: 2022-06-29 07:03,51 migrants die after trailer abandoned in Texas heat
Updated: 2022-06-29 09:38,China steps up to support Afghan people in need
Updated: 2022-06-29 10:25,E-commerce helps to shape Asia digital future
Updated: 2022-06-29 11:26,Vice-president Wang to attend Marcos inauguration
Updated: 2022-06-29 15:00,Video viewing event set to promote Emirati and Chinese youth exchange
Updated: 2022-06-29 16:45,"West, Central African children suffer due to conflicts"
Updated: 2022-06-29 16:49,Hunger leaves children in Somalia susceptible to diseases
Updated: 2022-06-29 17:10,"Chinese, Venezuelan FMs hold phone conversation"
Updated: 2022-06-29 17:13,US to distribute monkeypox vaccines nationwide to curb outbreak
Updated: 2022-06-29 21:00,Japan heat wave tests electricity supply
Updated: 2022-06-30 06:59,US urged to cancel sanctions on 5 firms
Updated: 2022-06-30 07:32,Possible US cyberattack targets Chinese information systems
Updated: 2022-06-30 08:29,"Ukraine, Russia carry out largest prisoner exchange since conflict start"
Updated: 2022-06-30 09:19,Expressway in Nairobi offers lessons for Kenya and beyond
Updated: 2022-06-30 09:25,China drives surge in online payments
Updated: 2022-06-30 09:35,EU ministers agree to ban on fossil fuel cars
Updated: 2022-06-30 09:41,UK resumes imports from Fukushima
Updated: 2022-06-30 09:43,Insects as food could help end hunger
Updated: 2022-06-30 09:44,Unending US racial violence
