﻿Updated: 2017-08-31 08:54,American in Beijing lives his Chinese dream
Updated: 2017-08-31 11:17,
Updated: 2021-01-25 10:17,Sharon Fraser : The awareness of Chongqing needs to be built outside of China
Updated: 2021-08-20 09:00,Student explores city's attractions by bicycle
Updated: 2022-05-31 09:34,Lifesaving donations of organs gained by retiree
Updated: 2022-06-01 07:56,Lee supported by wide range of society in HK
Updated: 2022-06-02 08:32,Blueprint to improve national health
Updated: 2022-06-02 08:40,New policy measures aim to stabilize shaky foreign trade situation
Updated: 2022-06-02 09:49,Volunteer work provides a fresh view of the world
Updated: 2022-06-03 13:53,HK breaks ground on two TCM projects
Updated: 2022-06-03 20:46,CPPCC plans events to share experiences
Updated: 2022-06-05 13:33,More environmental cases taken up by courts
Updated: 2022-06-06 13:13,Shenzhou XIV astronauts transporting supplies into space station
Updated: 2022-06-06 21:06,China remains global leader in 5G patent declarations
Updated: 2022-06-07 07:07,Dining at restaurants resumes in Beijing
Updated: 2022-06-07 07:53,Ministry: US hypes up Xinjiang issue to contain China
Updated: 2022-06-07 08:14,Canadian warplanes' actions 'provocative'
Updated: 2022-06-07 09:07,EU's report on Hong Kong SAR a twisted narrative
Updated: 2022-06-07 09:24,Shanghai students begin returning to classrooms
Updated: 2022-06-07 10:03,Tourism market sees recovery over Dragon Boat holiday
Updated: 2022-06-07 10:03,Man dedicates self to greening Gobi Desert
Updated: 2022-06-07 10:04,More sci-tech innovation a national goal
Updated: 2022-06-07 15:31,Balanced development of education benefits students of all ethnic groups in Xinjiang
Updated: 2022-06-07 16:11,China holds national college entrance exam with tailored COVID-19 countermeasures
Updated: 2022-06-07 16:32,China maintains level-III emergency response for floods
Updated: 2022-06-07 20:15,Beijing holds college entrance exam amid epidemic controls
Updated: 2022-06-08 07:30,Book of Xi's insights on military work published
Updated: 2022-06-08 08:11,Hong Kong Palace Museum ready to open
