﻿Updated: 2022-01-30 06:40,"Moldovan ambassador talks China ties, upcoming Olympics"
Updated: 2022-02-01 20:13,China refutes so-called human rights resolution adopted by Japan's House of Representatives
Updated: 2022-02-02 06:40,Ambassadors express wishes for Beijing 2022 (IV)
Updated: 2022-02-03 06:40,Ambassadors express wishes for Beijing 2022 (V)
Updated: 2022-02-17 01:12,Spanish ghost village emerges after 30 years underwater
Updated: 2022-02-17 10:18,"Sea levels to rise 10 to 12 inches by 2050, rate 'alarming': Report"
Updated: 2022-02-18 10:15,New cases on the slide worldwide
Updated: 2022-02-18 22:30,China remains Germany's most important trading partner in 2021
Updated: 2022-02-21 09:55,Israel to open to unvaccinated tourists from March
Updated: 2022-02-21 10:11,"Path cleared for Iraq, Kuwait to boost ties"
Updated: 2022-02-21 10:25,Conflicts' toll on civilians worries UN
Updated: 2022-02-21 14:25,UN expresses concern over scattered Eritrean refugees in Ethiopia
Updated: 2022-02-22 09:15,Ethiopia's mega-dam switched on
Updated: 2022-02-22 09:55,"China, Egypt donate 500,000 vaccines to Palestine"
Updated: 2022-02-22 21:16,36 injured in bus-truck collision in N. Afghanistan
Updated: 2022-02-23 09:26,$164m on way to aid energy push in Africa
Updated: 2022-02-23 10:16,Reopening Vietnam gears up for tourists
Updated: 2022-02-23 15:27,Cambodia starts COVID-19 vaccinations for kids aged 3-4 with China's Sinovac vaccine
Updated: 2022-02-24 01:46,Robot that can make fondue to be presented at Paris International Agriculture Fair
Updated: 2022-02-24 03:02,Envoy: China-US cooperation is right choice
Updated: 2022-02-24 09:18,E. Africa railway boosts regional links
Updated: 2022-02-24 09:30,COVID-19 arrival date in Europe pushed back
Updated: 2022-02-24 09:33,Loans to cost British taxpayers 'billions'
Updated: 2022-02-24 09:37,Singapore well placed for more visitors
Updated: 2022-02-24 09:49,Canadian PM declares end of 10-day state of emergency
Updated: 2022-02-24 16:00,UN chief asks Putin to bring troops back to Russia
Updated: 2022-02-24 19:57,China opposes any act of inciting war: FM spokesperson
Updated: 2022-02-25 07:04,"China understands Russia's security concerns, FM says"
Updated: 2022-02-25 07:42,Putin discusses Ukraine issue with state leaders
Updated: 2022-02-25 08:05,Kyiv plunges into chaos as Russia launches 'special military operation'
Updated: 2022-02-25 09:18,Peacekeepers dispatched by Beijing help in S. Sudan
Updated: 2022-02-25 09:20,California beekeepers use tech to thwart hive thieves
Updated: 2022-02-25 09:22,Anti-Asian hostility in US needs to be addressed
Updated: 2022-02-25 09:25,Far-right candidates hit snag in France
Updated: 2022-02-25 09:45,Cities must be futureproofed for climate change
Updated: 2022-02-25 09:52,UAE eyes deal to buy supersonic trainers
Updated: 2022-02-25 09:52,US stocks rebound as investors assess Ukraine tensions
Updated: 2022-02-25 09:57,"US to sanction Russia's largest bank, freezing Russian assets in America"
Updated: 2022-02-25 13:10,"7 killed, 85 injured as strong quake hits western Indonesia"
