﻿Updated: 2017-08-31 08:54,American in Beijing lives his Chinese dream
Updated: 2017-08-31 11:17,
Updated: 2021-01-25 10:17,Sharon Fraser : The awareness of Chongqing needs to be built outside of China
Updated: 2021-08-20 09:00,Student explores city's attractions by bicycle
Updated: 2022-07-04 09:33,ROK to return remains of fallen soldiers
Updated: 2022-07-05 09:38,Teacher from HK finds opportunity in Guangzhou
Updated: 2022-07-05 17:07,Blind graduate shares her vision of music
Updated: 2022-07-06 07:00,Stinky rice noodle fills stomachs and wallets
Updated: 2022-07-06 07:55,Priority given to livelihood issues in HK
Updated: 2022-07-06 08:13,Li: Strengthen protection of intellectual property rights
Updated: 2022-07-06 08:51,Nation bracing for climate change
Updated: 2022-07-06 09:05,Experts urge spreading word of GDI
Updated: 2022-07-06 09:53,China sees wider high school education coverage
Updated: 2022-07-06 10:09,Sino-Latin American ties deepen over agriculture
Updated: 2022-07-06 10:25,Years of tireless search net veteran results
Updated: 2022-07-06 14:18,Authorities help students beat the heat during exam period
Updated: 2022-07-06 16:17,"Chinese, Singaporean engineers to strengthen ties"
Updated: 2022-07-06 18:45,Xinjiang students enjoying after-school activities
Updated: 2022-07-07 07:04,Strategy set to accelerate self-reliance
Updated: 2022-07-07 07:19,Govt to promote use of electronic licenses
Updated: 2022-07-07 08:10,Hong Kong assured of bright future in long run
Updated: 2022-07-07 08:59,Innovative methanol ship delivered to owners
Updated: 2022-07-07 09:02,Shanghai shuts KTV bars in wake of virus
Updated: 2022-07-07 09:03,"Turning paper into art, one sculpture at a time"
Updated: 2022-07-07 09:15,Minnan's beautiful red brick art revived
Updated: 2022-07-07 09:18,Ice cream brand faces heat from netizens
Updated: 2022-07-07 09:22,Shenzhou crew setting up Tiangong station
Updated: 2022-07-07 09:24,Commercial space launch site begins construction
Updated: 2022-07-07 09:28,"Interest in 3D, cars drives graduate student's future"
Updated: 2022-07-07 09:53,"Gender equality, child protection promoted"
Updated: 2022-07-07 09:56,Inspection safeguards environment
Updated: 2022-07-07 10:02,Popular animation theme song inspires kids across nation
Updated: 2022-07-07 10:32,China safeguards ethnic minorities' various rights by law: scholars
Updated: 2022-07-07 10:40,"All sectors must play bigger role in protection, analysts say"
