﻿Updated: 2017-08-31 08:54,American in Beijing lives his Chinese dream
Updated: 2017-08-31 11:17,
Updated: 2021-01-25 10:17,Sharon Fraser : The awareness of Chongqing needs to be built outside of China
Updated: 2021-08-20 09:00,Student explores city's attractions by bicycle
Updated: 2022-05-18 09:33,"Quake survivor Strong Pig, now plasticized, greets Sichuan museum visitors"
Updated: 2022-05-23 09:59,China ensures protection of human rights
Updated: 2022-05-24 07:19,Govt takes steps to get economy back on track
Updated: 2022-05-25 08:45,New chapter on ancient book protection
Updated: 2022-05-26 09:23,Small tech firms get financial help
Updated: 2022-05-26 09:33,Italian pilot unfurls wings in Southwest China
Updated: 2022-05-26 09:46,Harbin's population falls below 10 million
Updated: 2022-05-26 13:10,Scientists design crab-like micro-bots steered by laser
Updated: 2022-05-26 17:36,"After precarious work, trees transform rocky faces"
Updated: 2022-05-26 21:56,Deliveryman goes extra mile in helping people
Updated: 2022-05-27 07:29,US 'marginalizing' one-China principle
Updated: 2022-05-27 07:46,"Xi lauds handling of complaints, proposals"
Updated: 2022-05-27 09:01,Steps taken to help firms cope during outbreak
Updated: 2022-05-27 09:16,CE vows to uphold rule of law to scale new heights
Updated: 2022-05-27 09:27,Thriving home services empower women
Updated: 2022-05-27 09:32,Protection of minors' rights to be intensified
Updated: 2022-05-27 09:39,China's logistics slowly getting back up to speed
Updated: 2022-05-27 09:40,Some Shanghai students will return to school in June
Updated: 2022-05-27 09:43,"Exposure to PM2.5 linked to Alzheimer's, research shows"
Updated: 2022-05-27 09:57,"Chinese scientists design tiny, wriggling inspection robot"
Updated: 2022-05-27 10:15,Chinese scientists find gene for drought resistance in rice
Updated: 2022-05-27 16:30,Netizens angered by textbook cartoons
Updated: 2022-05-27 17:06,"Schools and colleges to improve supplies, necessities, care for students and staff to contain COVID-19"
Updated: 2022-05-27 20:35,"In Tibet, safe water makes a difference"
Updated: 2022-05-27 21:39,China activates Level-IV emergency response for flooding
Updated: 2022-05-28 07:23,New phase of policy spells growth
Updated: 2022-05-28 08:12,Crackdown on test violators widens
Updated: 2022-05-28 08:45,High-tech to help metaverse unspool
Updated: 2022-05-28 10:06,Chinese mainland reports 71 new local confirmed COVID-19 cases
