﻿Updated: 2022-08-04 09:35,Kenyan avocado exports taste of things to come with expanded market
Updated: 2022-08-05 09:00,"Energy profits should be taxed, says UN chief"
Updated: 2022-08-06 16:04,Pelosi family under scrutiny for stock trades
Updated: 2022-08-08 09:10,"China-Japan ties should tap wisdom, courage of five decades"
Updated: 2022-08-09 16:46,Expert warns of West's toxic development advice for Africa
Updated: 2022-08-09 18:25,Voters cast ballots in Kenya's fiercely contested election
Updated: 2022-08-09 20:59,Africa reports decrease in COVID-19 cases but fatalities still high
Updated: 2022-08-10 07:23,Report says US crimes in Mideast violate human rights
Updated: 2022-08-10 19:52,"New Chinese ambassador pledges to deepen cooperation, friendship with Rwanda"
Updated: 2022-08-11 07:57,58% of human infectious diseases worsen by climate change
Updated: 2022-08-11 09:30,Salt shown to increase risk of an early death
Updated: 2022-08-12 07:27,Blocs spark concerns on divided world
Updated: 2022-08-12 09:30,"50 feared dead after migrant boat sinks near Greece, 29 are rescued"
Updated: 2022-08-12 10:56,Reopened border on Borneo brings hope
Updated: 2022-08-15 09:15,US urged to 'stop making excuses' on climate
Updated: 2022-08-16 08:40,China-Russia science cooperation deepens
Updated: 2022-08-16 09:40,China urges fully implementing Yemen truce agreement
Updated: 2022-08-16 09:40,Synthetic embryos offer stem cell hope
Updated: 2022-08-16 09:53,Yemeni children bear brunt of war's misery
Updated: 2022-08-16 13:55,"ROK, US to launch preliminary drills ahead of major combined exercise"
Updated: 2022-08-16 15:57,American journalist delves into how US politics and media sew distrust
Updated: 2022-08-16 16:11,"Highly toxic, radioactive waste moved from Japan's Fukushima to Hokkaido amid protests"
Updated: 2022-08-16 20:49,Intl Army Games 2022 opens in Russia
Updated: 2022-08-16 21:24,Myanmar's former State Counsellor Aung San Suu Kyi sentenced to 6 more years in prison
Updated: 2022-08-17 02:04,US first lady tests positive for COVID-19
Updated: 2022-08-17 04:23,"Floods to hit UK after heat waves, drought"
Updated: 2022-08-17 06:54,"Biden signs Democratic bill on tax, health care, climate"
Updated: 2022-08-17 07:15,New US-led blocs may backfire
Updated: 2022-08-17 07:26,South Korea to scale up flood readiness
Updated: 2022-08-17 07:31,Study: Water may have been brought to Earth by asteroids
Updated: 2022-08-17 08:54,"Ukrainian leader to meet UN chief, Turkish president this week: Ukrainian media"
Updated: 2022-08-17 08:56,Britain OKs new vaccine to combat COVID-19 and variants
Updated: 2022-08-17 09:11,UK fruit and veg wasted due to labor shortage
Updated: 2022-08-17 09:12,Kenya's president-elect urges unity after polls
Updated: 2022-08-17 09:16,Exports spur recovery for SE Asia pair
Updated: 2022-08-17 09:19,German prosecutors rule out charges against Scholz
Updated: 2022-08-17 09:23,"Russia, UN discuss power plant safety"
Updated: 2022-08-17 09:24,Iranians challenge hypocrisy on nukes
Updated: 2022-08-17 09:34,Man arrested for violence threats against FBI as tensions over Mar-a-Lago search jitter US
Updated: 2022-08-17 10:29,Envoy hits back as US 'slings mud' at China after Pelosi's Taiwan trip
