﻿Updated: 2022-07-09 22:15,Chinese premier extends condolences over passing away of former Japanese PM Abe
Updated: 2022-07-11 22:37,S. Africa rocked by mass shootings
Updated: 2022-07-12 09:33,Africa sees chances to develop transport
Updated: 2022-07-13 08:49,Evidence confirms germ warfare and more by Japanese Unit 731
Updated: 2022-07-13 08:10,COVID-19 pandemic 'nowhere near over': WHO
Updated: 2022-07-13 09:31,African nations among most exposed to Ukraine crisis
Updated: 2022-07-13 17:33,"Kenya, Tanzania join forces to eradicate trachoma"
Updated: 2022-07-14 07:28,Washington urged not to stir up trouble on South China Sea issue
Updated: 2022-07-14 07:57,Chinese phones get Africans talking
Updated: 2022-07-14 09:12,Resilient German ties seen holding up
Updated: 2022-07-14 11:10,Poll: Arab nations sour on Western democracy
Updated: 2022-07-14 14:00,Extreme weather made worse by climate change
Updated: 2022-07-14 14:23,Nam Ou hydropower project in Laos generates 10 bln kWh
Updated: 2022-07-14 15:07,"Palestinian factions reject Biden's Middle East visit, call for protests"
Updated: 2022-07-14 16:15,Sri Lanka declares curfew in capital following clashes
Updated: 2022-07-14 22:13,Stakes raised for second round of Conservative voting
Updated: 2022-07-15 01:23,UK workers plan another national railway strike in July
Updated: 2022-07-15 01:24,Hidden self-portrait discovered on back of Van Gogh painting
Updated: 2022-07-15 07:21,Italian president rejects PM Draghi's resignation
Updated: 2022-07-15 09:17,China slams 'debt trap' allegations by the West
Updated: 2022-07-15 09:57,Social media star inspires millions to forage food in the wild
Updated: 2022-07-15 10:26,Fourth COVID-19 vaccine approved in US
Updated: 2022-07-15 10:31,China committed to global development
Updated: 2022-07-15 10:54,Venezuelan parliament slams John Bolton's coup confession
Updated: 2022-07-15 11:32,Russia legalizes special economic measures to support military operations abroad
Updated: 2022-07-15 15:50,"Sri Lankan president resigns, PM sworn in as interim president"
Updated: 2022-07-18 09:02,Africa needs to promote its 'blue economy'
Updated: 2022-07-18 09:03,"Biden, Putin trips show importance of Mideast"
Updated: 2022-07-18 09:36,Six die in floods as wild weather keeps hitting Brazil
Updated: 2022-07-18 09:37,Mideast assurance of US president cast aside
Updated: 2022-07-18 09:39,BRI: A path to fulfilling dreams
Updated: 2022-07-18 10:01,"Zelensky dismisses prosecutor general, security chief"
Updated: 2022-07-18 10:27,"Chinese, Hungarian FMs hold phone talks on bilateral ties, Ukraine"
Updated: 2022-07-18 10:28,Water affordability affects low-income US communities
Updated: 2022-07-18 10:48,Sri Lanka's acting president declares state of emergency
Updated: 2022-07-19 06:57,Weak euro to continue falling sharply
Updated: 2022-07-19 07:05,Washington urged to stop interfering in affairs of Xinjiang
Updated: 2022-07-19 07:41,"4 candidates left in UK leadership race, Tugendhat knocked out"
