﻿Updated: 2017-08-31 08:54,American in Beijing lives his Chinese dream
Updated: 2017-08-31 11:17,
Updated: 2021-01-25 10:17,Sharon Fraser : The awareness of Chongqing needs to be built outside of China
Updated: 2021-08-20 09:00,Student explores city's attractions by bicycle
Updated: 2022-06-30 10:33,China's top legislature enacts 69 new laws in ten years
Updated: 2022-06-30 18:13,CPC working to attract young generation
Updated: 2022-07-01 07:58,Party growing in appeal with nation's youth
Updated: 2022-07-01 09:41,"China to use policy-based, developmental financial instruments to support major projects, expand work-relief programs in key projects"
Updated: 2022-07-03 17:34,"Hong Kong to distribute 290,000 RAT kits following sewage COVID-19 detection"
Updated: 2022-07-03 17:45,Hong Kong Palace Museum open to public
Updated: 2022-07-04 07:41,HK Palace Museum opens to acclaim
Updated: 2022-07-04 09:26,Better education being provided for China's ethnic groups
Updated: 2022-07-04 09:33,ROK to return remains of fallen soldiers
Updated: 2022-07-05 07:32,President highlights important role of GDI
Updated: 2022-07-05 08:11,"Narrowing the urban-rural income gap needs greater priority, analysts say"
Updated: 2022-07-05 09:13,Schools promoting fun activities to ensure children stay fit and healthy
Updated: 2022-07-05 09:21,Technology improving agriculture
Updated: 2022-07-05 09:23,Hami melons sent to overseas markets
Updated: 2022-07-05 09:25,"More flooding, droughts expected"
Updated: 2022-07-05 09:38,Teacher from HK finds opportunity in Guangzhou
Updated: 2022-07-05 10:02,Massive science facilities drive innovative research
Updated: 2022-07-05 10:09,Ministry slams attempts to bypass one-China principle
Updated: 2022-07-05 11:01,University's warm response to student's failure touches netizens
Updated: 2022-07-05 15:55,Chinese astronomers detect 9 super lithium-rich unevolved stars
Updated: 2022-07-05 17:07,Blind graduate shares her vision of music
Updated: 2022-07-05 20:13,Service center brings convenience to villagers
Updated: 2022-07-05 21:22,Investigation initiated into improperly handled complaint
Updated: 2022-07-05 21:25,China's high school enrollment up big in last 10 years
Updated: 2022-07-05 22:38,UN official says GDI 'promising' method to achieve SDGs
Updated: 2022-07-06 07:00,Stinky rice noodle fills stomachs and wallets
