﻿Updated: 2022-03-07 17:49,"FM hopes for peaceful development between China, Japan"
Updated: 2022-03-11 09:11,EPA approves use of gene-modified mosquitoes to reduce disease spread
Updated: 2022-03-11 16:49,Ambassador asks about bringing BRI and Mongolia's policies closer
Updated: 2022-03-15 07:12,"Africa view brightens on case declines, jab efforts"
Updated: 2022-03-15 12:36,Is the imported lobsters from the US related to the COVID-19 outbreak in China?
Updated: 2022-03-16 14:11,Chinese envoy calls for diplomatic solution to Yemen crisis
Updated: 2022-03-16 17:43,East Africa steps up drought response
Updated: 2022-03-16 17:47,Ukraine conflict affecting Africa grain supplies
Updated: 2022-03-17 07:28,Agreement on jab manufacturing rights moves closer
Updated: 2022-03-17 12:14,UN seeks $4.27 billion in appeal for Yemenis
Updated: 2022-03-17 12:24,Ambassador asks about China's plan to people-to-people exchanges
Updated: 2022-03-18 07:22,Foreign Ministry warns Japan to refrain from military expansion
Updated: 2022-03-18 08:03,UN envoy calls for easing of Ukraine humanitarian situation
Updated: 2022-03-18 08:45,US House votes to suspend normal trade relations with Russia
Updated: 2022-03-18 09:07,Greek wineries eyeing China's growing market
Updated: 2022-03-18 09:21,E. Africa nations step up fight against corruption
Updated: 2022-03-18 09:57,US has allotted $180m in military aid to Baltic NATO members
Updated: 2022-03-18 10:28,"UN chief highlights 5 lifelines for recovery, development of LDCs"
Updated: 2022-03-20 06:59,"Chinese, Zambian FMs hold talks in Anhui"
Updated: 2022-03-20 08:50,Le Yucheng: US should practice Biden's positive remarks on ties with China
Updated: 2022-03-20 09:00,Japan to invest $42 billion in India over next 5 years
Updated: 2022-03-20 16:00,ROK says DPRK fires suspected shots from rocket launchers
Updated: 2022-03-21 07:20,New escalation seen in Ukraine crisis
Updated: 2022-03-21 07:26,"FM: Beijing position objective, fair on resolving Eastern European conflict"
Updated: 2022-03-21 07:49,Envoy rejects talk China is aiding Russia militarily
Updated: 2022-03-21 08:02,Sunak warns against EU boycott on Russian fuel
Updated: 2022-03-21 09:06,Gen Z moves metaverse to the fore
Updated: 2022-03-21 09:10,Fresh chance for peace in Horn of Africa
Updated: 2022-03-21 09:14,UK's most vulnerable to get 2nd booster jab
Updated: 2022-03-21 09:30,Assad's UAE visit marks Syria's return to regional role
Updated: 2022-03-21 07:00,Ukraine extends martial law
Updated: 2022-03-21 09:35,Political violence falls in Middle East as living improves
Updated: 2022-03-21 09:37,"Investment deals unveiled as Japan, India leaders meet"
Updated: 2022-03-21 09:42,Russia rebukes NATO over arming Ukraine
Updated: 2022-03-21 09:46,New light shines into Egyptian necropolis
Updated: 2022-03-21 09:52,Questions raised over code in Moderna patent
Updated: 2022-03-21 09:54,"ID in hand, refugees in Poland begin a new life"
Updated: 2022-03-21 10:01,"Cambodia, Japan agree to ensure full implementation of RCEP free trade deal"
