﻿Updated: 2022-07-09 22:15,Chinese premier extends condolences over passing away of former Japanese PM Abe
Updated: 2022-07-11 22:37,S. Africa rocked by mass shootings
Updated: 2022-07-12 09:33,Africa sees chances to develop transport
Updated: 2022-07-13 08:49,Evidence confirms germ warfare and more by Japanese Unit 731
Updated: 2022-07-13 08:10,COVID-19 pandemic 'nowhere near over': WHO
Updated: 2022-07-13 09:31,African nations among most exposed to Ukraine crisis
Updated: 2022-07-13 17:33,"Kenya, Tanzania join forces to eradicate trachoma"
Updated: 2022-07-14 07:28,Washington urged not to stir up trouble on South China Sea issue
Updated: 2022-07-14 07:57,Chinese phones get Africans talking
Updated: 2022-07-14 09:12,Resilient German ties seen holding up
Updated: 2022-07-14 11:10,Poll: Arab nations sour on Western democracy
Updated: 2022-07-14 14:00,Extreme weather made worse by climate change
Updated: 2022-07-14 14:23,Nam Ou hydropower project in Laos generates 10 bln kWh
Updated: 2022-07-14 15:07,"Palestinian factions reject Biden's Middle East visit, call for protests"
Updated: 2022-07-14 16:15,Sri Lanka declares curfew in capital following clashes
Updated: 2022-07-14 22:13,Stakes raised for second round of Conservative voting
Updated: 2022-07-15 01:23,UK workers plan another national railway strike in July
Updated: 2022-07-15 01:24,Hidden self-portrait discovered on back of Van Gogh painting
Updated: 2022-07-15 07:21,Italian president rejects PM Draghi's resignation
Updated: 2022-07-15 09:57,Social media star inspires millions to forage food in the wild
Updated: 2022-07-15 10:31,China committed to global development
Updated: 2022-07-15 11:32,Russia legalizes special economic measures to support military operations abroad
Updated: 2022-07-15 15:50,"Sri Lankan president resigns, PM sworn in as interim president"
Updated: 2022-07-18 09:37,Mideast assurance of US president cast aside
Updated: 2022-07-18 10:28,Water affordability affects low-income US communities
Updated: 2022-07-19 09:57,Call made for boost to continent's healthcare
Updated: 2022-07-19 10:35,Companies face penalties in aiding access to abortion
Updated: 2022-07-19 11:01,Food security called key part of UN initiative
Updated: 2022-07-20 02:55,Britain's PM hints that opposition and 'deep state' to overturn Brexit
Updated: 2022-07-20 02:57,Picasso sketch seized by customs officials in Ibiza
Updated: 2022-07-20 03:26,UK heat melts airport runway and stops rail services
Updated: 2022-07-20 05:16,Germany eyes radical measures in fuel crisis
Updated: 2022-07-20 08:28,Unity urged to deal with global food shortages
Updated: 2022-07-20 08:38,Trust getting scarcer in a divided US
Updated: 2022-07-20 09:10,Sunak sets pace as 3 left in UK leadership race
Updated: 2022-07-20 09:19,Efforts with France pledged on key issues
Updated: 2022-07-20 09:36,"Raisi, Putin vow to expand Iran-Russia cooperation, ensure regional security"
Updated: 2022-07-20 09:58,"China, India agree to keep peace at border"
Updated: 2022-07-20 10:19,Scientists discover 'needle in a haystack' black hole
Updated: 2022-07-20 15:18,Sri Lanka's new president Ranil Wickremesinghe to be sworn in on Thursday
