﻿Updated: 2017-08-31 08:54,American in Beijing lives his Chinese dream
Updated: 2017-08-31 11:17,
Updated: 2021-01-25 10:17,Sharon Fraser : The awareness of Chongqing needs to be built outside of China
Updated: 2021-08-20 09:00,Student explores city's attractions by bicycle
Updated: 2022-07-08 09:19,Pupils in hot seat during examinations
Updated: 2022-07-10 13:05,Peking University marks 70th anniversary of intl student education
Updated: 2022-07-11 18:22,Universities encouraged to use expertise to help businesses with technological and industrial development
Updated: 2022-07-12 10:31,"Chinese premier stresses importance of workplace safety, prevention of major accidents"
Updated: 2022-07-12 14:07,Commissioner's office of Chinese foreign ministry in HKSAR says it's time for Hanscom Smith to stop grandstanding show
Updated: 2022-07-12 15:09,Zhuhai suspends all group teaching
Updated: 2022-07-12 17:11,'Steel cable girl' returns home to serve community
Updated: 2022-07-12 17:15,
Updated: 2022-07-13 07:36,US envoy slammed for 'untruthful' claims on HK
Updated: 2022-07-13 08:35,Measures expected to boost economy
Updated: 2022-07-13 08:57,Hong Kong to utilize mainland connections
Updated: 2022-07-13 10:11,China to ease residency restrictions in urban areas
Updated: 2022-07-13 10:25,China to launch work-relief programs for major projects
Updated: 2022-07-14 06:55,Taiwan to benefit from support of strong motherland
Updated: 2022-07-14 03:41,Nations tout substantial progress in Central Asia
Updated: 2022-07-14 07:13,People warned about severe heat wave
Updated: 2022-07-14 07:23,Short space trips for paying passengers on the way
Updated: 2022-07-14 08:50,Award nominee muses on his achievements
Updated: 2022-07-14 09:07,Hong Kong sees boom in learning Mandarin
Updated: 2022-07-14 09:22,New satellite series adds capabilities
Updated: 2022-07-14 09:29,Apps pulled for content inappropriate for kids
Updated: 2022-07-14 09:44,Plan lays out carbon targets in construction
Updated: 2022-07-14 09:49,Small wooden toys realize big dreams of prosperity
Updated: 2022-07-14 09:49,Bulk drug procurement nets savings for patients
Updated: 2022-07-14 12:25,Swab and scan: Robot in action
Updated: 2022-07-14 21:56,Netizens chafe at quarantine bracelets in some communities
Updated: 2022-07-15 00:00,Summer grain harvest increases despite floods
Updated: 2022-07-15 06:57,Xi's letter boosts morale of youth from Taiwan
Updated: 2022-07-15 06:57,Throat swab robots will ease burden on medics
Updated: 2022-07-15 07:07,Admission letters catch eyes of freshmen
