﻿Updated: 2017-08-31 08:54,American in Beijing lives his Chinese dream
Updated: 2017-08-31 11:17,
Updated: 2021-01-25 10:17,Sharon Fraser : The awareness of Chongqing needs to be built outside of China
Updated: 2021-08-20 09:00,Student explores city's attractions by bicycle
Updated: 2022-08-24 09:30,National security law for Macao set for amendment
Updated: 2022-08-24 16:24,"Facing raging fires, young man jumps into action"
Updated: 2022-08-25 06:45,China eases visa rules for international students
Updated: 2022-08-25 09:08,Strumming songs sparks village kids' passion
Updated: 2022-08-25 09:11,Changsha's disappearing sounds captured for posterity
Updated: 2022-08-25 14:13,"Whose democracy? Beijing, New York show vast contrast"
Updated: 2022-08-25 22:53,"7 decades later, girl admitted to grandfather's alma mater"
Updated: 2022-08-26 08:39,Innovative technology crucial to smart-city planning
Updated: 2022-08-26 09:45,"Policies aim to attract HK, Macao youth to Guangzhou"
Updated: 2022-08-27 07:55,Grassroots stations to seek opinions
Updated: 2022-08-28 17:16,Chinese premier extends congratulations to Pujiang Innovation Forum
Updated: 2022-08-29 06:44,Xi: Heroic acts inspire growth of ties with UK
Updated: 2022-08-29 07:21,"Vocational workshops to train skilled workers build bridges between China, world"
Updated: 2022-08-29 09:50,Chinese top legislator highlights law-based Yellow River protection
Updated: 2022-08-29 10:34,"Chinese vice-premier urges greater efforts to combat drought, ensure stable grain production"
Updated: 2022-08-29 14:36,Peking University welcomes this year's cohort
Updated: 2022-08-30 07:19,Xi pledges China's full support for flood-hit Pakistan
Updated: 2022-08-30 07:24,Space station rice tests show promise
Updated: 2022-08-30 07:28,Premier calls for carrying forward with administrative reform
Updated: 2022-08-30 07:59,Country eager to share its high-speed rail experience
Updated: 2022-08-30 08:46,Innovative approaches help to grow rice yields
Updated: 2022-08-30 09:00,China's AG600M firefighting aircraft makes maiden amphibious flight
Updated: 2022-08-30 09:00,PLA garrison in Hong Kong completes 25th routine rotation
Updated: 2022-08-30 09:06,Tibet shows progress in containing COVID-19
Updated: 2022-08-30 09:07,Net should be utilized to find shared ground
Updated: 2022-08-30 09:08,Youth dialogue calls for more intl communication
Updated: 2022-08-30 09:12,"Tangshan case prosecuted, officers under investigation"
Updated: 2022-08-30 09:13,Guideline signals support for rural homestays
Updated: 2022-08-30 09:19,Diehard fans save Shanghai hairdresser
Updated: 2022-08-30 09:28,Chinese researchers reveal how climate warming alters plant phenology
Updated: 2022-08-30 09:28,Student sailors enjoy summer holidays at sea
Updated: 2022-08-30 10:09,Chinese mainland reports 349 new local confirmed COVID cases
