﻿Updated: 2017-08-31 08:54,American in Beijing lives his Chinese dream
Updated: 2017-08-31 11:17,
Updated: 2021-01-25 10:17,Sharon Fraser : The awareness of Chongqing needs to be built outside of China
Updated: 2021-08-20 09:00,Student explores city's attractions by bicycle
Updated: 2022-05-07 15:03,Shanghai supports fresh college grads
Updated: 2022-05-07 21:05,Dates set for China's 2022 national college entrance exam
Updated: 2022-05-08 07:52,"China to highlight green, low-carbon development philosophy in school education"
Updated: 2022-05-08 07:58,Vice premier stresses safety of self-built residential structures
Updated: 2022-05-10 09:51,Chinese vice premier reiterates dynamic zero-COVID policy
Updated: 2022-05-10 14:21,Liaison office says foreign accusations about HK election groundless
Updated: 2022-05-10 17:04,Liaison office of central govt slams G7 foreign ministers' statement on HKSAR chief executive election
Updated: 2022-05-11 07:28,Tianzhou 4 launched into orbit
Updated: 2022-05-11 07:41,"EU, G7 slammed for defaming HK election"
Updated: 2022-05-11 08:36,Guideline targets consumption growth
Updated: 2022-05-11 09:26,Dedicated deliverymen offered places to rest heads
Updated: 2022-05-11 10:04,Renmin University pulls itself out of overseas ranking systems
Updated: 2022-05-11 10:12,Seed ID technology helps better protect owners' IPR
Updated: 2022-05-11 15:31,New guideline on marine environment released
Updated: 2022-05-12 06:40,'Long COVID' symptoms observed in half of infected populations
Updated: 2022-05-12 07:31,Policy controls COVID at low social cost
Updated: 2022-05-12 07:39,Balcony gardening becomes growing trend as lifestyle
Updated: 2022-05-12 07:47,Youth League to play vanguard role
Updated: 2022-05-12 08:50,Caring for the most vulnerable patients
Updated: 2022-05-12 09:33,Persistence paying off for aspiring lawyer in Beijing
Updated: 2022-05-12 09:55,Youth to help cross-Straits exchanges
Updated: 2022-05-12 09:58,Dynamic-zero remains best approach
Updated: 2022-05-12 10:02,Rescue stations provide homeless people safe shelter during outbreak
Updated: 2022-05-12 10:09,"Plane veers off runway in SW China, no fatalities reported"
Updated: 2022-05-12 10:27,Ministry urges probe on irregular harvesting of unripe green wheat
Updated: 2022-05-12 11:52,Xi sends congratulatory message to Philippine President-elect Marcos
Updated: 2022-05-12 11:53,"First-dose COVID-19 vaccination rate for elderly, disabled homes reaches 84 pct"
Updated: 2022-05-12 15:49,"Pupils try knitting, knotting, planting, cooking"
Updated: 2022-05-12 19:42,"China announces policies to relieve epidemic pressures on industries, unemployed"
Updated: 2022-05-12 20:17,Guangdong battens down for torrential rains
Updated: 2022-05-12 21:11,Useable water could be found on Mars
Updated: 2022-05-13 07:21,Image captures black hole at center of Milky Way
