﻿2022-06-01 20:28:15,China's newly-launched meteorological satellites put into trial operation
2022-06-02 22:26:45,"China, Cook Islands pledge closer ties, deepened practical cooperation"
2022-06-02 20:16:13,China strengthens supervision of COVID-19 nucleic acid testing
2022-06-02 00:10:15,Shanghai returning to normalcy as epidemic wanes
2022-06-02 15:50:08,"Belt and Road Initiative, a boost to global development"
2022-04-20 07:23:15,24 Solar Terms: Grain Rain
2022-04-24 08:18:05,GLOBALink | Parkour teenagers in ancient city of Kashgar
2022-05-05 07:30:12,24 Solar Terms: Start of Summer
2022-05-14 09:58:19,
2022-05-31 19:35:01,"""Cloud dialogue"" on China's Sanxingdui Ruins held for foreign teenagers"
2022-06-01 22:50:46,"4 dead, 14 injured after earthquake hits China's Sichuan"
2022-06-01 12:19:30,Across China: Farmer's museum in central China chronicles bygone era
2022-06-01 11:24:13,"Beijing reports 14 confirmed, 1 asymptomatic local COVID-19 cases"
2022-06-01 20:15:31,Economic Watch: Macao continues to inject vigor into local economy
2022-06-01 16:30:47,Across China: Barrier-free films bring light to visually impaired audiences
2022-06-01 22:00:16,China's wetlands protection law takes effect
2022-06-01 15:16:14,Full text of Xi Jinping's letter to China Soong Ching Ling Foundation on its 40th anniversary
2022-06-01 22:08:13,"China, Vanuatu reach 5-point consensus on bilateral ties, int'l cooperation"
2022-06-01 14:58:17,Xi congratulates China National Children's Center on its 40th anniversary
2022-06-01 17:07:45,China Focus: Multi-pronged efforts shield children's eyesight
2022-06-01 20:50:00,China activates level-III response after 6.1-magnitude quake jolts Sichuan
2022-06-01 21:34:15,"1 dead, 6 injured after earthquake hits Sichuan"
2022-06-01 20:26:17,Beijing adds two more COVID-19 cases from community screening
2022-06-02 22:32:43,Economic Watch: China leverages financial toolbox to spur domestic demand
2022-06-02 23:03:00,Hong Kong gov't keeps tracing COVID-19 through sewage surveillance
2022-06-02 14:24:32,
2022-06-02 23:39:16,Hong Kong holds groundbreaking ceremony of Chinese Medicine Hospital
2022-06-02 16:22:47,
2022-06-02 17:28:16,COVID-19 vaccination rate among elderly further increases in China
2022-06-02 23:28:00,Power supply mostly restored after earthquake in China's Sichuan
2022-06-02 14:54:45,China launches nine Geely-01 satellites
2022-06-02 22:26:45,"China, Cook Islands pledge closer ties, deepened practical cooperation"
2022-06-02 18:03:43,Honeybee population far from meeting global agricultural pollination needs: study
2022-06-02 11:05:44,"Chinese mainland reports 18 new local confirmed COVID-19 cases, 11 in Beijing"
2022-06-02 19:56:58,U.S. urged to cease any form of official exchanges with Taiwan
2022-06-02 21:07:30,China's VAT credit refunds to hit 1.64 trln yuan
2022-06-02 21:46:31,Shanghai Zoo reopens to welcome tourists
2022-06-02 19:03:43,"China Focus: Wriggling abiotic worm manifests ""intelligent life"" rudiment"
2022-06-02 00:01:00,"China urges U.S. to practice mutual respect, peaceful coexistence, win-win cooperation"
2022-06-02 23:18:00,China's doors open to more foreign investment: commerce ministry
2022-06-02 15:50:08,"Belt and Road Initiative, a boost to global development"
2022-06-02 21:52:46,"China voices firm opposition to agreements with sovereignty implications between U.S., Taiwan region"
2022-06-02 11:20:45,Rescue underway after earthquake hits China's Sichuan
2022-06-02 23:18:58,"Micronesian foreign secretary hails mature, strong relationship with China"
2022-06-02 11:28:45,"Xinhua Commentary: China, Pacific island countries -- friends in need, indeed"
2022-06-02 21:05:16,"New method found for probing differences between matter, antimatter"
2022-06-03 07:37:38,Shandong ushers in harvest season
2022-06-03 00:22:14,Rescue underway after earthquake hits China's Sichuan
2022-06-03 08:47:00,"Shanghai reports 8 confirmed, 8 asymptomatic local COVID-19 cases"
2022-06-03 00:07:15,Chinese state councilor stresses importance of flood control
