﻿2022-04-12 06:00:14,Crisis in Ukraine could slash global trade growth by half in 2022: WTO
2022-04-09 11:01:15,Brazilian Socialist Party appoints former Sao Paulo governor Alckmin as Lula's running mate
2022-04-10 22:13:41,"COVID-19 vaccines save lives, contribute to economic recovery in Cambodia: WHO official"
2022-04-10 23:59:16,Voting begins in 2022 French presidential election
2022-04-10 12:55:46,3 soldiers killed in guerrilla attack in Colombia
2022-04-10 13:48:01,New EMU train of China-Laos Railway to serve Lao festival travel rush
2022-04-11 16:15:57,"BOJ cuts view on regional economies in Japan amid Ukraine uncertainty, rising commodity costs, COVID-19"
2022-04-11 18:03:01,
2022-04-11 17:34:15,Africa's COVID-19 cases surpass 11.36 mln: Africa CDC
2022-04-11 02:04:26,"Syria calls on UN to interfere to stop ""systematic"" Israeli strikes"
2022-04-11 16:05:31,"GLOBALink | Robots become ""star servers"" at restaurant in Belgium"
2022-04-11 22:13:30,Macron to face Le Pen in France's presidential runoff
2022-04-11 20:29:01,Iran says red lines observed in Vienna talks
2022-04-11 23:00:14,Shahbaz Sharif elected as Pakistan's prime minister
2022-04-11 23:20:15,Singapore PM says Pacific region more respectful of China's handling of COVID-19 -- Lianhe Zaobao 
2022-04-11 17:38:31,Britain's GDP grows 0.1 pct in February
2022-04-11 22:06:15,"U.S. economy faces recession in 2023, says Fortune magazine"
2022-04-11 21:35:15,Shahbaz Sharif elected as Pakistan's prime minister
2022-04-11 21:38:50,New York City mayor tests positive for COVID-19
2022-04-11 21:42:17,Celebrations start for Cairo's designation as Islamic world's culture capital
2022-04-11 05:40:30,Russia increases spending fund to ensure economic stability
2022-04-11 05:59:00,"Macron, Le Pen lead 1st round of French presidential election"
2022-04-11 03:36:41,"Macron, Le Pen lead 1st round of French presidential election"
2022-04-12 09:13:26,Chile to ration water in capital amid ongoing drought
2022-04-12 04:33:00,UN chief voices concern over escalation in Palestinian-Israeli tensions
2022-04-12 05:16:00,Crisis in Ukraine could slash global trade growth by half in 2022: WTO
2022-04-12 08:25:15,Shahbaz Sharif takes oath as 23rd prime minister of Pakistan
2022-04-12 09:47:47,In pics: Floriade Expo 2022 preview
2022-04-12 02:55:59,Lebanon's bakeries to shut down amid flour shortages
2022-04-12 01:55:46,Austrian chancellor meets with Putin in Moscow
2022-04-12 03:45:56,Israel to reward airlines flying to Red Sea resort city of Eilat
2022-04-12 09:32:30,Palestinian PM rejects Israeli court ruling on Palestinian authority
2022-04-12 04:36:15,"Highest fuel prices in Europe recorded in Netherlands, Denmark, Germany"
2022-04-12 09:27:31,"Easter celebrations in Kethely, Hungary"
2022-04-12 05:42:14,"Biden administration moves to curb proliferation of ""ghost guns"""
2022-04-12 09:17:30,"At least 18 shot in U.S. New Orleans within 72 hours, 5 killed"
2022-04-12 06:47:15,Chinese envoy calls for true multilateralism in fight against COVID-19
2022-04-12 05:31:00,497 illegal immigrants rescued off Libyan coast last week: IOM
2022-04-12 09:26:40,World Travel Market Africa opens in Cape Town
2022-04-12 05:47:59,Algeria to increase gas exports to Italy
2022-04-12 09:51:28,More than 4 mln Australian workers in insecure work: report
2022-04-12 08:25:15,Shahbaz Sharif takes oath as 23rd prime minister of Pakistan
2022-04-12 09:51:30,Interview: New Zealand's lobster export benefits from upgraded FTA with China despite COVID-19
2022-04-12 05:20:56,Italy signs energy deal with Algeria
2022-04-12 09:47:45,In pics: Floriade Expo 2022 preview
2022-04-12 09:27:29,"Easter celebrations in Kethely, Hungary"
2022-04-12 05:23:00,Oil prices drop amid demand concerns
2022-04-12 09:17:30,"At least 18 shot in U.S. New Orleans within 72 hours, 5 killed"
2022-04-12 06:27:00,U.S. stocks drop as bond yields climb
