﻿2022-03-30 21:00:49,"China balancing COVID-19 control, economic growth"
2022-03-30 23:13:14,Chinese FM holds talks with Russian counterpart
2022-03-31 22:34:16,China's Shaanxi launches first int'l freight train via China-Laos Railway
2022-03-31 21:39:01,COVID-hit Shanghai to screen 16 mln people in second phase of closed-off management
2022-03-31 20:18:47,"Construction of China's ""City of Future"" in full swing"
2022-03-05 13:57:44,24 Solar Terms: Awakening of Insects
2022-03-16 13:03:05,GLOBALink | County of music
2022-03-20 08:17:09,24 Solar Terms: Spring Equinox 
2022-03-23 10:21:55,
2022-03-29 20:34:26,Construction of new Sanxingdui museum building begins
2022-03-30 20:21:16,China-EU leaders' meeting provides strategic leadership in China-EU ties
2022-03-30 10:39:45,"Chinese mainland reports 1,565 new local COVID-19 cases"
2022-03-30 18:10:46,Chinese researchers develop lubricated composite with high load-bearing capacity
2022-03-30 20:54:18,Across China: Traditional thangka paintings stand test of time
2022-03-30 20:52:16,Chinese vice premier calls for enhanced cooperation with Turkmenistan
2022-03-30 14:27:16,Cultural China: Pooling wisdom of the people breeds success
2022-03-30 16:13:45,China-EU leaders' meeting to be held via video link
2022-03-30 23:48:00,China to make best use of gov't bonds to expand effective investment for stable economic performance
2022-03-30 16:52:17,China Satellite Navigation Exhibition to highlight applications in emerging fields
2022-03-31 20:06:29,China urges Japan to stay out of Taiwan-related affairs
2022-03-31 22:39:30,Xi chairs CPC leadership meeting on plane crash emergency response
2022-03-31 00:26:17,"China to strengthen workplace safety, leverage gov't bonds to expand effective investment"
2022-03-31 18:55:15,"China urges U.S. to stop politicizing economic, trade issues: commerce ministry"
2022-03-31 23:20:41,"Former senior official Fu Zhenghua expelled from Party, public office"
2022-03-31 20:13:47,China's poverty reduction sets example for the world: report
2022-03-31 23:58:45,"China-India corps commander level meeting yields positive, constructive results: spokesperson"
2022-03-31 23:56:00,CPC central authorities hear report on handling MU5735 crash and make follow-up arrangements
2022-03-31 11:15:32,Chinese premier congratulates Costa on reelection as Portuguese PM
2022-03-31 19:53:32,Taiwan reports 239 new COVID-19 cases
2022-03-31 18:39:01,"GLOBALink | Construction of China's ""City of Future"" in full swing"
2022-03-31 21:40:01,Construction of all 56 Venues for Hangzhou 2022 completed
2022-03-31 01:24:15,"HKSAR gov't vehemently opposes British parliament's allegations on national security law, legal system in Hong Kong"
2022-03-31 16:56:30,
2022-03-31 10:30:26,Initial investigation report on China plane crash to be completed within 30 days: official
2022-03-31 18:58:16,China sees deficit in int'l service trade
2022-03-31 23:55:01,Full text: Joint Statement of the Third Foreign Ministers' Meeting Among the Neighboring Countries of Afghanistan
2022-03-31 21:33:01,China opposes U.S. arms sales to Taiwan: military spokesperson
2022-03-31 19:20:20,"China to raise prices of gasoline, diesel"
2022-03-31 21:39:01,COVID-hit Shanghai to screen 16 mln people in second phase of closed-off management
2022-03-31 21:06:42,Keyakekuduke Watchtower Site in China's Xinjiang listed in top 10 archaeological discoveries of 2021
2022-03-31 21:31:00,Profile: Dutch flower planter grows business with China's development
2022-03-31 23:53:56,"China's cargo spacecraft re-enters Earth's atmosphere, mostly burns up"
2022-03-31 17:17:02,GLOBALink | Shanghai sees increased efforts in boosting mental health amid pandemic
2022-03-31 23:39:45,China to take reciprocal visa restrictions on relevant U.S. officials
2022-04-01 00:20:01,"Chinese state councilor stresses cooperation among SMEs, win-win development in Asia-Pacific"
2022-04-01 00:02:01,China's Shenzhou-13 taikonauts preparing for return in April
2022-04-01 00:29:00,Chinese FM chairs 3rd foreign ministers' meeting among Afghan neighbors
2022-04-01 07:30:45,Xiong'an New Area marks fifth anniversary
