﻿2022-04-19 19:46:13,China-Mongolia border port sees robust growth in freight transport in Q1
2022-04-20 01:06:00,IMF cuts 2022 global growth forecast to 3.6 pct amid Russia-Ukraine conflict
2022-04-16 18:46:30,Russia bans British top officials from entry
2022-04-16 23:48:45,Iran says IAEA continues to monitor nuke activities without access to camera records
2022-04-16 23:34:46,Ashraf takes oath as speaker of Pakistan's National Assembly
2022-04-17 07:52:15,Russia claims full control of urban area of Mariupol
2022-04-17 09:05:30,S.Korea says DPRK launches 2 projectiles into east waters
2022-04-17 20:30:15,Sri Lanka sends delegation to IMF for crucial discussions
2022-04-17 13:21:15,Facts about Russia-Ukraine conflict: Russia says urban area of Mariupol fully controlled
2022-04-18 16:08:45,Bangladesh points out discrepancies in U.S. human rights report
2022-04-18 11:17:45,"EU to provide another 50 mln euros of humanitarian aid to Ukraine, Moldova"
2022-04-18 13:34:13,"Interview: Russia-Ukraine conflict affects Africa's wheat, oil importing countries most, says business leader"
2022-04-18 10:13:30,"Chile adds 1,424 new COVID-19 cases, 32 deaths"
2022-04-18 22:20:58,Feature: Bionic hand helps disabled Gazans regain hope
2022-04-18 17:05:45,Backgrounder: Deadly U.S. mass shootings in past two years
2022-04-18 15:23:29,Five missiles hit Ukraine's western city of Lviv
2022-04-19 17:02:31,
2022-04-19 21:05:13,IMF cuts 2022 global growth forecast to 3.6 pct amid Russia-Ukraine conflict
2022-04-19 17:06:45,
2022-04-19 06:50:58,Russian forces start battle for Donbas: Ukrainian president
2022-04-19 11:17:04,"Algerian, Russian presidents discuss ties, Russia-Ukraine conflict over phone"
2022-04-19 17:26:17,Timor Leste holds final round of presidential election
2022-04-19 06:58:00,S. Africa declares state of national disaster to tackle widespread floods
2022-04-19 16:20:01,Local prosecutors indict U.S. marine over sexual assault of woman in Japan's Okinawa
2022-04-19 11:20:00,Argentina condemns new British military exercises in South Atlantic
2022-04-19 08:44:02,Colombia parts ways with manager Rueda
2022-04-19 04:08:45,Mexican president pushes lithium bill after energy reform setback
2022-04-19 02:11:30,Feature: Ride-hailing service with women drivers only gains popularity in Ethiopia
2022-04-20 07:31:05,View of National Library of Indonesia
2022-04-20 03:13:15,"Erdogan warns Israel against ""provocations"" against status of Al-Aqsa Mosque"
2022-04-20 05:59:28,2 members of Iraq's Hashd Shaabi paramilitary killed in IS attack
2022-04-20 06:09:30,UAE summons Israeli ambassador to protest events at Al-Aqsa Mosque
2022-04-20 07:33:45,U.S. stocks rally as investors eye earnings reports
2022-04-20 01:17:15,UN official calls for social protection reforms in Arab world
2022-04-20 01:01:00,UN chief calls for 4-day pause in fighting in Ukraine during Easter
2022-04-20 07:06:45,Horn of Africa hunger could soar to 20 mln by year end: UN
2022-04-20 03:39:16,Somalia hails China's support for hospital revamping
2022-04-20 03:43:15,Sudan's acting FM condemns Israeli practices at Al-Aqsa Mosque
2022-04-20 03:35:15,Chinese tea meets South African wine on UN Chinese Language Day
2022-04-19 23:40:46,Nepali man aims to become shortest person to summit Mt. Qomolangma
2022-04-19 22:56:46,Bank Indonesia lowers projection of economic growth
2022-04-20 00:43:00,"Singapore reports 4,718 new COVID-19 cases"
2022-04-20 03:49:15,"Asylum seekers make up 5 pct of Cyprus' population, says government"
2022-04-20 05:32:28,"Belgium, Netherlands vow to strengthen cooperation"
2022-04-20 04:17:15,"Ukrainian, EU leaders discuss more aid for Kiev"
2022-04-20 07:33:45,U.S. stocks rally as investors eye earnings reports
2022-04-20 06:36:31,IMF cuts Mexico's 2022 growth forecast to 2 pct
2022-04-20 06:54:45,U.S. crude oil inventories down: API
