﻿2022-07-07 21:06:59,British PM Johnson resigns
2022-07-07 00:52:00,Kenya's SGR train ferries 7.8 mln passengers since inception
2022-07-05 21:56:14,AU says COVID-19 poses most formidable risk to smooth operationalization of AfCFTA
2022-07-05 10:56:58,
2022-07-05 04:44:45,"Kiev says Ukraine's military operation in Lugansk region ""successful"""
2022-07-05 17:16:00,Sri Lankan PM says discussions with IMF to seek assistance successful
2022-07-06 06:55:42,U.S. stocks end mixed as investors assess recession risk
2022-07-06 23:51:44,"At least 200 shot, killed in holiday weekend gun violence across U.S.: database"
2022-07-06 05:16:29,UK PM reshuffles cabinet after shock resignations of two key ministers
2022-07-06 20:20:45,At least 300 inmates escape after armed attack on jail in Nigerian capital
2022-07-06 06:08:30,Deaths of Independence Day parade shooting in Chicago suburb rise to 7
2022-07-06 22:37:30,Roundup: UK PM vows to stay in office despite mass exodus of ministers
2022-07-06 04:52:15,"Independence Day shooting in Chicago ""symbolic"": The Guardian"
2022-07-06 06:11:30,News Analysis: UK PM under renewed pressure to go after two key ministers quit
2022-07-06 11:38:57,Suspect of mass shooting in Chicago suburb charged with 7 counts of 1st-degree murder
2022-07-07 07:46:27,"U.S. Fed minutes show officials see ""more restrictive stance"" if inflation persists"
2022-07-07 04:33:15,"Iran arrests UK's deputy ambassador, foreign diplomats for ""spying"" activities"
2022-07-07 15:43:30,Interview: BRICS commitment to multilateralism important for holding world together -- South African scholar
2022-07-07 01:05:00,"China, Philippines vow to enhance good-neighborly friendship, deepen cooperation"
2022-07-07 09:24:00,"Colombia captures 32 Gulf Clan members suspected of drug trafficking, murder"
2022-07-07 22:36:31,
2022-07-07 20:24:45,"Japan's COVID-19 cases continue to rise, Tokyo reports over 8,500 new infections"
2022-07-07 19:41:45,Flooding kills 3 in Afghanistan's eastern province
2022-07-07 18:45:15,"Traffic accident in S. Egypt kills 8, injures 44"
2022-07-07 06:42:27,"FAO warns of ""dire"" rise in hunger in LatAm, Caribbean"
2022-07-07 01:35:00,Mozambique launches new round of polio vaccination campaign
2022-07-07 23:46:46,"Nearly half of Americans ""struggling"" with high inflation, soaring gas prices: poll"
2022-07-07 05:40:27,"Iran arrests UK's deputy ambassador, foreigners for ""spying"" activities"
2022-07-08 07:18:29,UNDP: Cost-of-living crisis has plunged 71 million people into poverty
2022-07-08 05:14:30,Israel says latest polio spread contained
2022-07-08 07:32:38,Turkish president meets with Malaysian prime minister in Ankara
2022-07-08 06:38:29,"Hungary, China resume regular passenger flights"
2022-07-08 04:59:15,"Roundup: UN warns intersecting global crises threaten SDGs, urges rescue efforts"
2022-07-08 06:48:29,Colombian capital calls for continued social distancing amid spike in COVID-19 cases
2022-07-08 04:14:15,Violence in Mali doubles people requiring aid in 5 years
2022-07-08 06:11:14,Palestinian president meets with Israeli defense minister
2022-07-08 05:42:27,"Saudi Arabia announces health, security measures for Hajj season"
2022-07-08 02:51:15,"Three killed, one kidnapped in NE Nigeria: official"
2022-07-08 01:03:01,Ethiopian parliament approves budget for upcoming fiscal year
2022-07-08 06:05:29,Egyptian PM urges maintaining COVID-19 precautions during Eid holiday
2022-07-07 23:43:44,China's Wang Yi meets Indian FM Jaishankar on bilateral ties
2022-07-07 23:28:42,"Philippines logs 1,936 new COVID-19 cases"
2022-07-08 01:58:12,"China, Russia pledge to expand cooperation, safeguard interests of developing countries"
2022-07-08 06:12:30,"Peace negotiations between Russia, Ukraine to get more difficult with time: Putin"
2022-07-08 07:32:36,Turkish president meets with Malaysian prime minister in Ankara
2022-07-08 06:38:29,"Update: Hungary, China resume regular passenger flights"
2022-07-08 07:01:29,"Roundup: U.S. crude supplies down, other petroleum data mixed"
2022-07-08 06:28:27,Weekly storage of natural gas in U.S. up: EIA
2022-07-08 06:41:27,"U.S. oil imports up, exports down last week: EIA"
