﻿2022-04-25 21:47:04,"Chinese premier stresses need to further anti-corruption fight, build clean government"
2022-04-25 07:45:58,Helicopter company in Shanghai offers free service to transport medical articles amid COVID-19 fight
2022-04-25 10:52:14,Railway-resettled villagers move into new homes with new hopes
2022-04-25 20:56:11,China to further tap consumption potential 
2022-04-26 19:59:49,Beijing takes measures to ensure supply of daily necessities
2022-04-26 23:34:56,Chinese political advisors pool wisdom on rural healthcare
2022-04-08 08:08:39,GLOBALink | Junior football team on edge of desert in Xinjiang
2022-04-13 15:15:51,GLOBALink | Female livestreamer helps locals increase income in Xinjiang
2022-04-20 07:23:15,24 Solar Terms: Grain Rain
2022-04-24 21:04:32,Leading expert reiterates China's dynamic zero-COVID approach targets outbreaks not infections
2022-04-24 22:56:00,China starts engineering development of lunar exploration program's fourth phase
2022-04-24 08:18:05,GLOBALink | Parkour teenagers in ancient city of Kashgar
2022-04-25 21:43:13,"""Indivisible security"" endorsed by international community: Chinese FM"
2022-04-25 17:46:47,
2022-04-25 18:00:12,Across China: Reading salon for elderly helps forge sound family environment
2022-04-25 21:09:00,China to work with international community for implementation of Global Security Initiative: FM
2022-04-25 14:02:17,China builds legal Great Wall to safeguard national security: official
2022-04-25 22:00:14,"Ships catch fire in Macao sea waters, blasts heard"
2022-04-25 21:02:58,"China, UN vow to jointly boost global development"
2022-04-25 22:47:30,Hong Kong to start application for employment support scheme this week
2022-04-25 10:17:58,"China Focus: From vets to common people, collective endeavor toward wildlife protection"
2022-04-25 18:00:47,
2022-04-25 20:05:42,China renews blue alert for rainstorms
2022-04-25 18:23:22,Shanghai Anti-COVID Diary 19 | A story of eight households: 10+1
2022-04-25 20:29:43,"China Focus: China accelerates legislation, improves legal system in past decade"
2022-04-26 18:48:45,China opens Shenzhou-13 return capsule
2022-04-26 20:53:15,Hong Kong to resume normalcy as epidemic recedes: Carrie Lam
2022-04-26 21:05:28,Chinese research institutions set to receive 4th batch of lunar samples
2022-04-26 19:22:02,Unearthed silk fragments identified as part of ancient book
2022-04-26 22:50:16,"China Focus: From vets to common people, collective endeavor toward wildlife protection"
2022-04-26 20:35:11,Beijing classifies more at-risk areas
2022-04-26 15:03:41,"Chinese epidemiologist underlines dynamic zero-COVID approach, TCM role"
2022-04-26 23:50:15,"Chinese, Malaysian companies deepen cooperation under RCEP framework"
2022-04-26 19:10:00,Profits of Chinese SOEs rise 7 pct in Q1
2022-04-26 20:30:14,China concludes 38th Antarctic expedition
2022-04-26 23:46:16,China strongly condemns terrorist attack on shuttle van of Confucius Institute in Pakistan's Karachi
2022-04-26 01:06:43,Beijing to expand nucleic acid testing to more areas
2022-04-26 18:53:46,China urges U.S. to immediately lift illegal freeze on Afghan assets
2022-04-26 21:26:45,"China steps up weather protection for cultural heritage sites, artifacts"
2022-04-27 09:46:26,Chinese yuan weakens to 6.5598 against USD Wednesday
2022-04-27 07:29:28,Spring farming in China's Guizhou
2022-04-27 09:34:16,"Shanghai new COVID-19 cases: 1,606 confirmed, 11,956 asymptomatic"
2022-04-27 07:31:46,View of tea garden in China's Hubei
2022-04-27 01:28:11,Vice premier stresses rectifying problems in consolidating poverty-alleviation achievements
2022-04-27 10:07:27,"Chinese Wisdom in Xi's words: Proficient in knowledge, exemplary in morality"
2022-04-27 00:00:16,"Turkmen president, Chinese defense minister agree to deepen military cooperation"
2022-04-27 02:36:30,Those behind Karachi terrorist attack will pay price: FM spokesperson
2022-04-27 01:36:17,Xi Focus: Xi calls for efforts to build modern infrastructure system
2022-04-27 09:16:17,"Chinese mainland reports 1,818 new local COVID-19 cases, 1,606 in Shanghai"
2022-04-27 09:48:33,China's industrial profits up 8.5 pct in Q1
2022-04-27 07:04:13,China strongly condemns terrorist attack on shuttle van of Confucius Institute in Pakistan's Karachi
2022-04-27 07:34:06,"Villagers harvest oranges in Zigui County, C China's Hubei"
2022-04-27 09:26:11,"3,728 COVID-19 patients discharged from hospitals on Chinese mainland"
