﻿2022-07-07 17:41:00,"About 50,000 sit for delayed college entrance exam in Shanghai"
2022-07-07 00:52:00,Kenya's SGR train ferries 7.8 mln passengers since inception
2022-07-08 20:13:19,"From economic backwater to industrial landmark, a case study of China's high-quality growth"
2022-07-08 23:08:15,"China, EU hold environment, climate dialogue"
2022-07-08 14:04:45,"Senior Chinese legislators meet to deliberate draft law, revision"
2022-06-06 08:18:04,24 Solar Terms: Grain in Ear
2022-06-20 08:55:04,"GLOBALink | See you again, Bayanbulak"
2022-06-21 07:36:44,24 Solar Terms: Summer Solstice
2022-07-07 23:18:15,Chinese FM expounds on major concerns about situation in Ukraine
2022-07-07 17:04:00,Fujian to host 14th Straits Forum
2022-07-07 12:29:42,China's Chang'e-4 probe completes work for 44th lunar day
2022-07-07 22:11:30,"China, Indonesia vow to push for pragmatic, constructive dialogues within G20"
2022-07-07 21:03:00,"""Guardrails"" for China-U.S. relations are three joint communiques: FM spokesperson"
2022-07-07 13:24:57,Taikonauts to give lesson at China's space lab module
2022-07-07 21:14:00,"China Focus: Chinese, Australian astronomers detect key process of binary evolution"
2022-07-07 07:14:05,24 Solar Terms: Lesser Heat
2022-07-07 22:06:32,"Chinese premier stresses implementing macro policies, promoting reform and opening-up"
2022-07-08 23:08:15,"China, EU hold environment, climate dialogue"
2022-07-08 22:15:14,HKSAR gov't appeals to all sectors to continue to fight COVID-19 together
2022-07-08 12:32:30,"China, EU urged to uphold their comprehensive strategic partnership"
2022-07-08 01:51:00,New follow-up project for China's south-to-north water diversion begins construction
2022-07-08 09:38:00,Chinese mainland reports 47 new local confirmed COVID-19 cases
2022-07-08 14:04:45,"Senior Chinese legislators meet to deliberate draft law, revision"
2022-07-08 19:14:00,China intensifies disaster relief as heavy rainfall continues
2022-07-08 16:07:12,Across China: Past meets present at blossoming teahouses
2022-07-08 21:03:45,"China's State Council appoints, removes officials"
2022-07-08 19:14:44,China calls for sticking to true multilateralism at G20 meeting in Indonesia
2022-07-08 20:53:45,Chinese automaker Chery posts strong sales in H1
2022-07-08 16:45:15,Chinese shares close lower Friday
2022-07-08 23:15:27,BRICS media urged to focus on global development cooperation at high-level forum
2022-07-08 00:43:00,"Chinese premier stresses implementing macro policies, promoting reform and opening-up"
2022-07-08 22:03:26,Urumqi Airport expansion project enters decoration phase
2022-07-08 18:20:32,
2022-07-08 18:59:45,"Forum opens in China, highlighting new opportunities brought by RCEP"
2022-07-08 23:34:30,China proposes cooperation initiative on global food security at G20 meeting
2022-07-08 20:09:31,Economic Watch: Swap Connect to further boost global holdings of Chinese bonds
2022-07-08 20:04:29,China sees regional COVID-19 resurgences in early July
2022-07-08 21:21:25,Zhangjiajie takes measures to boost recovery of tourism
2022-07-08 16:34:48,
2022-07-09 09:22:17,Chinese mainland reports 67 new local confirmed COVID-19 cases
2022-07-09 00:32:30,HKSAR gov't condemns European Parliament resolution for defaming rule of law in Hong Kong
2022-07-09 09:09:14,Shanghai holds solo Giorgio Morandi exhibition
2022-07-09 01:05:29,Chinese vice premier stresses building national platform for educational public services
2022-07-09 00:54:29,Fifth BRICS Media Forum issues action plan
2022-07-09 09:22:15,Dance training program helps boost China-Laos cultural exchange
2022-07-09 00:13:27,Commissioner's office of Chinese Foreign Ministry in HKSAR urges European Parliament to stop interfering in Hong Kong affairs
2022-07-09 09:16:12,14 ancient tombs unearthed in central China's Hunan
2022-07-09 09:04:31,
