﻿2022-05-08 09:28:15,"China's BRI projects greatly benefit Cambodian economy, people: officials, experts"
2022-05-09 16:20:26,Facts about Russia-Ukraine conflict: Canadian PM meets Ukrainian president in Kiev
2022-05-05 22:15:13,"Bank of England hikes interest rate to 1 pct, 13-year high"
2022-05-05 20:12:41,OPEC+ sticks to modest output boost despite oil rally
2022-05-05 19:37:43,Pakistani PM expresses grief over loss of lives in floods hitting Afghanistan
2022-05-06 07:29:16,"UN chief calls for end to ""cycle of death, destruction"" in Ukraine"
2022-05-06 06:55:15,U.S. FDA limits use of Johnson & Johnson COVID-19 vaccine over blood clot risk
2022-05-07 07:40:31,U.S. CDC investigating over 100 severe hepatitis cases in children
2022-05-07 13:25:16,S.Korea says DPRK fires unidentified projectile into eastern waters
2022-05-07 06:21:13,Ukraine urges Russia's troop pullback to resume talks
2022-05-07 07:05:11,"Gas leak sparks hotel blast, says Cuban presidential office"
2022-05-08 19:24:45,Afghanistan receives 32-mln-USD humanitarian cash aid
2022-05-08 19:15:43,Libya condemns deadly attack in Egypt's Sinai
2022-05-09 10:32:56,Death toll from hotel explosion in Havana rises to 30
2022-05-09 19:40:45,"Afghan FM discusses economy, security with EU envoy"
2022-05-09 19:30:50,
2022-05-09 20:36:15,Somali president announces re-election bid
2022-05-09 06:33:13,Voting begins in Philippine elections
2022-05-09 10:27:13,Rodrigo Chaves sworn in as president of Costa Rica
2022-05-09 02:01:43,"Syrian president meets Iran's supreme leader, president: state media"
2022-05-09 11:31:11,Canadian PM meets Ukrainian president in Kiev
2022-05-09 21:25:28,Ferdinand Marcos Jr. leads in Philippine presidential election
2022-05-09 16:34:28,
2022-05-09 22:30:45,Ferdinand Marcos Jr. takes big lead in Philippine presidential election
2022-05-09 21:18:26,Russia holds military parade to mark V-Day
2022-05-09 19:03:46,Sri Lankan PM resigns amid violent protests
2022-05-10 04:30:26,Interview: China main target market of Saudi Arabia's aviation sector: official
2022-05-10 06:15:46,UN chief condemns attacks on civilians by armed group in DRC
2022-05-10 03:13:29,Lebanon asks for 30-bln-USD compensation for hosting displaced Syrians
2022-05-10 05:55:46,UN chief calls for joint efforts to advance SDGs
2022-05-10 07:27:45,Financial markets experience strains on market liquidity amid Russia-Ukraine conflict: U.S. Fed report
2022-05-10 07:29:10,Biden attends event on reducing high-speed internet costs
2022-05-10 01:05:13,Preliminary results show Ferdinand Marcos Jr. wins Philippine presidential election
2022-05-10 05:09:43,At least 43 inmates killed in Ecuador prison riot
2022-05-10 06:23:46,Even chance for global temperature to reach 1.5-degree threshold in 5 yrs: WMO
2022-05-10 04:55:43,Saudi Arabia announces initiative to support aviation sector
2022-05-10 00:48:01,Africa's major miners call for value chains building
2022-05-10 05:22:45,Tunisia announces to stop using Johnson & Johnson COVID-19 vaccine
2022-05-10 05:38:46,254 illegal migrants rescued off Libyan coast in past week: IOM
2022-05-10 05:52:45,"Moroccan, Egyptian FMs discuss prospects of bolstering cooperation"
2022-05-10 01:07:15,Sri Lanka's nationwide curfew in effect till May 10 morning
2022-05-10 01:05:13,Preliminary results show Ferdinand Marcos Jr. wins Philippine presidential election
2022-05-10 00:51:16,Xiaomi continues to lead as India smartphone shipments decline by 5 pct
2022-05-10 02:57:30,"One dead, over a dozen injured after train derails in Austria"
2022-05-10 05:20:43,"Ukrainian president, Swedish PM discuss defense support for Ukraine over phone"
2022-05-10 05:01:45,Macron visits Berlin on first foreign trip after re-election
2022-05-10 06:07:41,"S&P 500 ends below 4,000, Nasdaq sheds nearly 4.3 pct"
2022-05-10 07:27:45,Financial markets experience strains on market liquidity amid Russia-Ukraine conflict: U.S. Fed report
2022-05-10 07:29:09,Biden attends event on reducing high-speed internet costs
