﻿2022-03-13 23:26:16,Shanghai takes special care of juvenile cases of COVID-19
2022-03-14 21:34:57,New mainland medical team arrives in Hong Kong to boost epidemic fight
2022-03-14 21:07:02,Xinhua Headlines: China guards against strong rebound of COVID-19
2022-03-15 16:58:00,China-Bangladesh trade to resume growth: Chinese ambassador
2022-03-15 17:30:29,Xinhua Commentary: Why China must stick to dynamic zero-COVID policy
2022-03-16 07:25:16,Medical workers fight against recent COVID-19 resurgence in Shanghai
2022-02-16 13:39:13,Stories of Jingdezhen in the Imperial Kiln: Famille verte wares from the Reigns of Jiajing and Wanli
2022-02-17 12:56:46,Stories of Jingdezhen in the Imperial Kiln: Designs for the Imperial Kiln
2022-02-19 08:51:39,Rain Water of 24 solar terms
2022-03-05 13:57:44,24 Solar Terms: Awakening of Insects
2022-03-14 23:54:15,Chinese premier stresses importance of steady economic growth
2022-03-14 20:30:31,China urges Japan to be cautious concerning nuclear sharing talks: spokesperson
2022-03-14 22:23:44,"Yes, it's negative: a patient's diary at COVID-19 isolation facility in Hong Kong"
2022-03-14 23:57:16,State Council decides on division of responsibilities on key tasks in government work report to facilitate stable economic performance
2022-03-14 19:57:17,FM spokesperson urges U.S. to stop arms sales to Taiwan
2022-03-14 22:06:00,"Xinhua Commentary: Party leadership, a recipe for China's success"
2022-03-15 09:45:16,"Chinese mainland reports 3,507 new local COVID-19 cases"
2022-03-15 18:24:16,Xi congratulates Serdar Berdimuhamedov on election as Turkmen president
2022-03-15 21:28:19,"China leads in 5G networks, especially at industrial facilities: WSJ"
2022-03-15 20:26:44,China urges U.S. to take concrete actions to ease situation in Ukraine
2022-03-15 21:54:32,
2022-03-15 19:26:36,"Over 12,000 Paleolithic stoneware items unearthed in NW China"
2022-03-15 15:31:30,Macao's forex reserves drop to 26.56 bln USD by February
2022-03-15 13:18:12,Chinese envoy to UN says sanctions won't help solve Ukraine issue
2022-03-15 22:23:18,
2022-03-15 23:36:01,G20 not appropriate platform to discuss political security issues: spokesperson
2022-03-15 20:25:45,Xi's speech on Chinese People's Political Consultative Conference to be published
2022-03-15 23:38:45,Xinhua Commentary: Correct path critical to China's rejuvenation
2022-03-15 05:50:45,Senior Chinese diplomat meets U.S. national security advisor
2022-03-15 19:58:41,"Chinese Wisdom in Xi's Words: ""Benefiting people, fundamental principle of governance"""
2022-03-15 15:02:30,Xinhua Commentary: Why China must stick to dynamic zero-COVID policy
2022-03-15 23:10:41,China will adhere to dynamic zero-COVID policy: health authorities
2022-03-15 22:33:53,Int'l flights to Shanghai rescheduled amid COVID-19 resurgence
2022-03-15 11:11:26,Across China: School art classes pass on intangible cultural heritages
2022-03-15 11:56:15,Beijing sees groundwater level rise 9.64 meters in 6 years
2022-03-15 23:36:01,China to livestream second class from space station
2022-03-15 00:03:15,China urges U.S. to fully clarify biological military activities
2022-03-15 15:05:01,GLOBALink | Gazelle conservation around China's largest inland saltwater lake
2022-03-16 10:01:15,Market exchange rates in China -- March 16
2022-03-16 05:22:16,China regrets U.S. push for human rights language in Security Council resolution on South Sudan
2022-03-16 09:51:00,Chinese yuan weakens to 6.3800 against USD Wednesday
2022-03-16 09:40:00,Scientists confirm diverse dinosaur fauna in NE China
2022-03-16 07:25:33,Twin skyscrapers of Guiyang International Trade Center see first exterior wall cleaning
2022-03-16 10:44:15,"China's Jilin Province reports 1,456 new local COVID-19 cases"
2022-03-16 07:25:16,Medical workers fight against recent COVID-19 resurgence in Shanghai
2022-03-16 07:26:02,In pics: China in springtime
2022-03-16 10:04:15,"Chinese mainland reports 1,860 new local COVID-19 cases"
2022-03-16 00:22:01,Mainland support boosts confidence in fighting COVID-19 in Hong Kong
2022-03-16 09:47:15,Across China: Gen Z injects new life into traditional Tibetan costumes
2022-03-16 01:51:01,"Chinese, Dutch FMs hold phone talks"
2022-03-16 10:43:15,Study suggests geese may have been first domesticated birds
