﻿2022-04-17 21:34:13,Russian armed forces destroy ammunition plant in Kiev region
2022-04-14 19:04:13,China's Xi'an launches new freight train service to Europe
2022-04-15 11:37:14,S.Korea to lift all social-distancing rules except mask mandate
2022-04-15 21:25:28,West bears partial responsibility for Russia-Ukraine conflict: former French politicians
2022-04-15 21:36:45,Moscow to increase missile strikes on Kiev targets
2022-04-15 16:36:00,Unknown disease kills 7 children in India's Rajasthan
2022-04-15 21:45:45,Feature: Handicrafts exhibition helps raise hope for future among Afghan women
2022-04-15 04:55:45,Chile sees 4.33 pct COVID-19 positivity rate
2022-04-15 06:53:58,Lack of humanitarian funding risks ruining political momentum in Yemen: UN relief chief
2022-04-16 18:46:30,Russia bans British top officials from entry
2022-04-16 23:48:45,Iran says IAEA continues to monitor nuke activities without access to camera records
2022-04-16 23:34:46,Ashraf takes oath as speaker of Pakistan's National Assembly
2022-04-16 14:04:45,UN aid convoy reaches Ethiopia's conflict-hit Tigray region
2022-04-16 11:55:31,Large Cambodian couple-statue unveiled in coastal Preah Sihanouk province
2022-04-16 09:39:02,UN chief calls for calm in Jerusalem after bloody Palestinian-Israeli clash
2022-04-16 04:38:30,France's annual CPI in March hits highest since December 1985
2022-04-16 01:50:15,Rwanda-UK deal on asylum-seekers draws mixed reactions
2022-04-16 04:44:30,"Chile reports 2,771 COVID-19 cases, 38 deaths in one day"
2022-04-16 04:35:30,"FMs of Cyprus, Lebanon discuss energy cooperation, bilateral relations"
2022-04-16 11:47:30,"World Insights: NATO's expansion to worsen Ukraine crisis, decay European security"
2022-04-16 01:20:13,Russia expels 18 EU diplomats in retaliatory move
2022-04-16 17:07:37,New York Int'l Auto Show opens to public
2022-04-17 13:55:15,At least 2 killed in train-vehicle crash in U.S. Texas
2022-04-17 14:06:15,Afghanistan exports figs worth 35 mln USD last year
2022-04-17 20:41:36,View of wild bluebells in Belgium
2022-04-17 17:35:03,
2022-04-17 07:52:15,Russia claims full control of urban area of Mariupol
2022-04-17 20:07:00,Israeli flag carrier operates 1st flight from Tel Aviv to Sharm El-Sheikh
2022-04-17 09:05:30,S.Korea says DPRK launches 2 projectiles into east waters
2022-04-17 17:10:31,
2022-04-17 20:30:15,Sri Lanka sends delegation to IMF for crucial discussions
2022-04-17 12:58:15,Feature: Buenos Aires residents explore city's underground
2022-04-17 13:02:00,UN chief welcomes creation of new IMF trust
2022-04-17 13:21:15,Facts about Russia-Ukraine conflict: Russia says urban area of Mariupol fully controlled
2022-04-18 03:51:45,Turkish president condemns Israel's raid on Al-Aqsa Mosque worshippers
2022-04-18 02:09:43,Jordan says Israel bears full responsibility for escalated tensions at Al-Aqsa Mosque
2022-04-18 02:04:45,China donates COVID-19 medical aid to Arab League
2022-04-18 04:23:01,Egypt court hands life sentence to Muslim Brotherhood's acting leader
2022-04-18 03:34:45,Sudan renews claim to disputed Fashaga area bordering Ethiopia
2022-04-18 03:20:45,Libya declares force majeure on major oil field stormed by protesters
2022-04-17 21:19:15,Sri Lanka's largest business group opposes decision to close stock market
2022-04-17 22:22:28,Bangladesh launches high-speed internet-enabled prepaid telephone service
2022-04-17 21:02:15,Afghanistan receives 32 mln USD in humanitarian cash aid
2022-04-17 20:43:19,Eggs seen during Easter egg tapping event in Croatia
2022-04-18 02:03:45,Five arrested in anti-drug operation off Spain's Canary Islands
2022-04-18 03:04:00,One dead as migrants cross into Greece via border river
2022-04-17 13:55:15,At least 2 killed in train-vehicle crash in U.S. Texas
2022-04-17 14:35:13,"Feature: ""Pandaversary"" underlines 50 years of successful China-U.S. collaboration on giant panda conservation"
2022-04-17 18:11:45,"2 killed, several injured in Pittsburgh shooting incident -- police"
