﻿2022-08-27 22:15:00,Economic Watch: Soaring China-Europe freight trains facilitate international trade
2022-08-28 21:15:00,Int'l Army Games 2022 ends in Russia
2022-08-23 21:38:00,40 pct of Iran's commercial air fleet grounded due to U.S. sanctions: official
2022-08-24 16:40:30,Thai Constitutional Court suspends Prayut's premiership
2022-08-24 01:51:15,U.S. officials knew they didn't have enough of key shot before monkeypox outbreak: media
2022-08-24 01:55:00,Germany's grain harvest increases despite drought
2022-08-24 20:10:45,Thai Constitutional Court suspends Prayut's premiership
2022-08-25 04:50:15,"Two dead, three injured in Washington, D.C. shooting"
2022-08-25 00:39:15,World's first hydrogen-powered trains begin passenger service in Germany
2022-08-26 22:18:00,Economic Watch: Hidden consequences of U.S. chips act
2022-08-27 19:51:15,UN conference to draft world's first high seas biodiversity treaty suspended
2022-08-27 20:36:46,Iran concludes 2-day drone drill
2022-08-27 07:26:15,"Dow sinks over 1,000 points after Powell vows tough inflation battle"
2022-08-27 16:42:00,"Economic Watch: ""Some pain"" ahead as U.S. Fed set to continue rate hikes"
2022-08-27 01:46:30,Britain's energy price cap to hike by 80 pct in October amid worsening cost-of-living crisis
2022-08-27 18:38:00,"45 killed, 113 injured in rain spells across Pakistan in 24 hours"
2022-08-27 02:44:00,UN helping Chad in response to floods killing 22
2022-08-27 06:18:30,Bolivia accumulates 55 monkeypox cases
2022-08-28 18:07:19,
2022-08-28 12:02:15,"Death toll rises to 1,000 as torrential rains wreak havoc in Pakistan"
2022-08-28 18:02:00,Sri Lankan PM stresses need to protect poor to IMF delegation
2022-08-28 04:49:30,French PM announces 1.5 bln euros green fund to accelerate ecological transition
2022-08-28 18:41:00,NPT Review Conference ends without adoption of outcome document
2022-08-28 22:42:15,Demolition of twin towers in north India hailed by realty sector
2022-08-28 12:00:00,Chilean agriculture minister details plans for food security
2022-08-28 21:15:00,Int'l Army Games 2022 ends in Russia
2022-08-28 23:54:15,South African province eyes more cooperation with BRICS counterparts
2022-08-28 04:03:45,"Egypt, U.S., Spain hold joint naval drills in Mediterranean"
2022-08-29 08:19:52,Memorial bell unveiled in Prague
2022-08-29 09:19:45,6 injured in shooting at Los Angeles bar
2022-08-29 08:52:00,Colombia's ambassador-designate to Venezuela arrives for normalization of relations
2022-08-29 05:24:30,6 IS militants killed in operations in Iraq: military
2022-08-29 00:27:00,India to turn into hub of e-vehicles: PM
2022-08-29 02:44:00,Reviving 2015 nuclear deal in interests of all parties: Iranian spokesman
2022-08-29 03:07:00,Palestine condemns Israeli settlers for breaking into Al-Aqsa Mosque compound
2022-08-29 09:27:45,Man killed by lion in Ghana's zoo
2022-08-29 01:19:45,Tunisia foils 51 illegal immigration attempts toward Italy
2022-08-29 01:43:02,Tanzania sees good progress in population and housing census
2022-08-29 00:27:00,India to turn into hub of e-vehicles: PM
2022-08-28 23:50:30,Strong dust storm hits western Mongolian province
2022-08-28 23:23:30,Myanmar reports 33 new COVID-19 cases
2022-08-28 21:45:15,"3 killed, 37 wounded as tour bus drops off cliff in NW Türkiye"
2022-08-28 21:15:00,Int'l Army Games 2022 ends in Russia
2022-08-29 03:02:15,France detects bird flu at duck farm
2022-08-28 20:54:00,Iran continues reviewing U.S. response over nuclear deal proposal
2022-08-28 16:26:30,Historic U.S. library hosts Mid-Autumn Festival celebration
2022-08-29 09:19:45,6 injured in shooting at Los Angeles bar
