﻿2022-05-02 21:10:45,China's dynamic zero-COVID policy benefits the world
2022-05-02 07:29:18,Rescue underway after building collapses in central China
2022-05-03 19:42:12,Beijing's 12 districts carry out three rounds of nucleic acid screening
2022-05-03 07:22:51,Medics maintain efficient emergency medical services amid COVID-19 resurgence in Beijing
2022-05-04 07:23:36,Meteorological support team launched in safeguards of Mt. Qomolangma expedition
2022-04-08 08:08:39,GLOBALink | Junior football team on edge of desert in Xinjiang
2022-04-13 15:15:51,GLOBALink | Female livestreamer helps locals increase income in Xinjiang
2022-04-20 07:23:15,24 Solar Terms: Grain Rain
2022-04-24 08:18:05,GLOBALink | Parkour teenagers in ancient city of Kashgar
2022-05-01 20:46:32,China Focus: China's endeavor to becoming intellectual property powerhouse
2022-05-01 21:27:43,China Focus: World's highest automatic weather station to be set up on Mt. Qomolangma
2022-05-01 23:02:14,Chinese vice premier stresses cutting off COVID-19 transmission in Shanghai communities
2022-05-02 21:50:45,China's Zhurong travels over 1.9 km on Mars
2022-05-02 14:23:58,"Xi Focus-Closeup: ""Aim high,"" all young dream chasers!"
2022-05-02 23:00:15,Eighth person rescued in Changsha building collapse
2022-05-02 10:04:31,Communist youth league of China has over 73.7 mln members
2022-05-02 09:23:15,China's top legal departments urge abduction suspects to surrender
2022-05-02 08:56:17,Communist youth league of China has over 73.7 members
2022-05-02 20:32:13,China Focus: Qomolangma expedition explores ultra-high altitude health issues
2022-05-02 21:39:45,Overseas Chinese donations for Ramadan reflect great support: UAE official
2022-05-02 22:59:00,"Hong Kong's secondary schools, kindergartens to resume face-to-face classes in phases"
2022-05-02 22:58:16,Update: Beijing reports 41 new local COVID-19 cases
2022-05-02 21:48:46,Hong Kong Customs detects suspected smuggling case
2022-05-02 16:32:28,Across China: Archaeology museum offers public closer look at history
2022-05-02 11:16:41,"China-Britain hydrogen energy cooperation enjoys huge potential, broad prospects: ambassador"
2022-05-02 11:50:43,"4,662 COVID-19 patients discharged from hospitals on Chinese mainland"
2022-05-03 16:38:44,Xi congratulates Jose Ramos-Horta on election as Timor-Leste's president
2022-05-03 22:45:56,Most firms on Beijing bourse report profits in 2021
2022-05-03 09:38:45,"Chinese mainland reports 368 new local confirmed COVID-19 cases, 274 in Shanghai"
2022-05-03 21:58:00,China Focus: Consecutive CPC meetings signal to stabilize China's economy
2022-05-03 21:03:45,Hong Kong's economy down 4 pct in Q1: advance estimates
2022-05-03 19:10:16,Annual list of recipients of top honor for young Chinese unveiled
2022-05-03 10:59:00,Ninth person rescued in Changsha building collapse
2022-05-03 23:47:15,Across China: Old Yangtze oil wharf swaps pipelines for porpoises
2022-05-03 17:28:43,Xi Focus: Xi encourages youth to help boost China's aerospace sci-tech self-reliance
2022-05-03 09:24:43,"Shanghai reports 274 confirmed, 5,395 asymptomatic local COVID-19 cases"
2022-05-03 16:54:32,
2022-05-03 22:12:32,
2022-05-03 23:47:15,Profile: Rural projectionist illuminates village life with silver screen
2022-05-03 21:30:29,
2022-05-03 19:49:26,Beijing reports 53 new local COVID-19 cases
2022-05-03 23:00:58,Chinese consumers more optimistic about future: EY report
2022-05-03 23:29:00,Economic Watch: All-out efforts made to ensure Chinese people's livelihoods
2022-05-03 21:34:45,
2022-05-03 12:48:15,Xi encourages youth to help boost China's aerospace sci-tech self-reliance
2022-05-03 22:12:45,China calls for more efforts to protect revolutionary cultural relics
2022-05-04 07:23:34,People enjoy Labor Day holiday across China
2022-05-04 07:23:36,Meteorological support team launched in safeguards of Mt. Qomolangma expedition
2022-05-04 09:25:57,Interview: U.S. trade expert urges elimination of China tariffs amid surging inflation
2022-05-04 07:23:29,Beijing's 12 districts start three rounds of nucleic acid screening
2022-05-04 08:20:01,"Shanghai reports 260 confirmed, 4,722 asymptomatic local COVID-19 cases"
