﻿2022-02-25 22:12:15,Mobile labs with mainland support begin operation in Hong Kong for mass COVID-19 testing
2022-02-26 14:24:16,"Competition, confrontation should not be keynote of China-U.S. ties: Chinese diplomat"
2022-02-27 07:36:12,Laos-China Railway helps reviving domestic tourism of Laos
2022-02-27 21:28:57,China's top legislature starts standing committee session
2022-02-27 12:02:59,China's new-generation rocket sends 22 satellites into space
2021-12-02 15:05:53,Mounting artist's dream of painting shrimps
2021-12-02 15:05:44,Artisan introduces charm of wooden art and leatherware to people
2022-02-16 13:39:13,Stories of Jingdezhen in the Imperial Kiln: Famille verte wares from the Reigns of Jiajing and Wanli
2022-02-17 12:56:46,Stories of Jingdezhen in the Imperial Kiln: Designs for the Imperial Kiln
2022-02-23 16:39:28,"Culture China: Crystal clean, jade-like minds"
2022-02-24 17:02:17,China's crackdown on illegal off-campus training continues during winter vacation
2022-02-24 16:20:00,Across China: Ancient Chinese ritual parades on in modern time
2022-02-25 22:12:15,Mobile labs with mainland support begin operation in Hong Kong for mass COVID-19 testing
2022-02-26 13:10:00,South China's Guangxi reports 9 new local COVID-19 cases
2022-02-26 19:47:31,Two batches of mainland medical experts sent to Hong Kong to fight COVID-19
2022-02-26 10:25:29,Chinese mainland reports 93 new local COVID-19 cases Friday
2022-02-26 23:55:30,Chinese FM elaborates on China's basic position on Ukraine issue
2022-02-26 17:01:45,Chinese FM calls for stronger vaccine support for developing countries
2022-02-26 05:26:44,Chinese FM elaborates China's basic position on Ukrainian issue
2022-02-26 21:19:45,China Focus: China works to meet demand for elderly nursing care beds
2022-02-26 13:22:00,Any action by Security Council should be truly conducive to defusing Ukraine crisis: Chinese envoy
2022-02-26 11:00:45,Chinese FM holds talks with British foreign secretary over phone
2022-02-27 12:51:15,China's top legislature starts standing committee session
2022-02-27 20:16:37,Xi Story: Forest ranger encouraged by interaction with Xi
2022-02-27 19:07:00,Feature: Hong Kong's ambulance fleet gives hope of life amid epidemic gloom
2022-02-27 15:27:45,"Across the Pacific: China-U.S. economic, trade cooperation in the eyes of Shanghai entrepreneur"
2022-02-27 18:54:16,
2022-02-27 00:22:26,"Chinese, U.S. companies to build sustainable aviation fuel base in Guangdong"
2022-02-27 20:29:31,China's top court sees more cases at intellectual property tribunal
2022-02-27 18:28:45,Taiwan reports 60 new COVID-19 cases
2022-02-27 14:31:31,China Focus: China's new-generation rocket sends 22 satellites into space in record-setting mission
2022-02-27 23:44:45,Police seize over 7 kg of drugs in China's Guangxi
2022-02-27 16:37:29,Chinese researchers develop fragrant sorghum with gene editing
2022-02-27 20:32:32,"Competition, confrontation should not be keynote of China-U.S. ties: Chinese diplomat"
2022-02-27 08:25:30,China launches new land-observation satellite
2022-02-27 22:30:17,China mulls establishing Chengdu-Chongqing financial court
2022-02-27 10:55:00,Chinese mainland reports 112 new local COVID-19 cases Saturday
2022-02-27 16:26:26,China's lithium-ion battery output surges in 2021
2022-02-27 22:00:29,Man helps villagers live better life through vegetable business
2022-02-27 23:42:45,Ministry dispatches work group to handle Yunnan road accident
2022-02-27 21:28:57,China's top legislature starts standing committee session
2022-02-27 20:32:37,Chinese lawmakers deliberate draft decision on ranks for active-duty soldiers
2022-02-27 20:30:32,GLOBALink | China's new-generation rocket sends 22 satellites into space in record-setting mission
2022-02-27 22:15:15,Chinese lawmakers review NPC Standing Committee work report
2022-02-27 09:39:45,China launches new land-observation satellite
2022-02-27 18:46:33,
2022-02-27 17:03:41,China's securities market sees number of investors exceed 200 mln
2022-02-27 12:02:59,China's new-generation rocket sends 22 satellites into space
2022-02-28 00:36:00,"HKSAR chief executive meets with mainland health official, epidemiologists on combating COVID-19"
2022-02-28 07:14:24,"Hong Kong reports 26,026 new COVID-19 cases"
