﻿2022-07-07 00:52:00,Kenya's SGR train ferries 7.8 mln passengers since inception
2022-07-09 00:22:16,Most Americans disapprove of Supreme Court's decision to overturn Roe v. Wade: poll
2022-07-07 07:46:27,"U.S. Fed minutes show officials see ""more restrictive stance"" if inflation persists"
2022-07-07 01:05:00,"China, Philippines vow to enhance good-neighborly friendship, deepen cooperation"
2022-07-07 20:24:45,"Japan's COVID-19 cases continue to rise, Tokyo reports over 8,500 new infections"
2022-07-07 18:45:15,"Traffic accident in S. Egypt kills 8, injures 44"
2022-07-07 01:35:00,Mozambique launches new round of polio vaccination campaign
2022-07-07 23:46:46,"Nearly half of Americans ""struggling"" with high inflation, soaring gas prices: poll"
2022-07-08 10:59:15,Brazil forecasts 2021-2022 grain output at 272.5 mln tons
2022-07-08 10:57:12,Washington spends 250 mln USD on biowarfare activities in Ukraine: Russian Defense Ministry
2022-07-08 21:03:46,Turkish health experts warn against rising COVID-19 cases
2022-07-08 06:12:30,"Peace negotiations between Russia, Ukraine to get more difficult with time: Putin"
2022-07-08 18:46:16,
2022-07-08 11:06:13,Former Japanese PM shot when delivering speech in western Japan
2022-07-08 01:58:12,"China, Russia pledge to expand cooperation, safeguard interests of developing countries"
2022-07-08 23:44:30,Most Americans disapprove of Supreme Court's decision to overturn Roe v. Wade: poll
2022-07-08 22:11:00,"G20 foreign ministers call for urgency to strengthen multilateralism, ensure food supply chain"
2022-07-08 18:44:42,"UN chief stresses importance of ""networked multilateralism"" before EU-UN high-level dialogue"
2022-07-08 06:48:29,Colombian capital calls for continued social distancing amid spike in COVID-19 cases
2022-07-08 15:06:00,Former Japanese PM Abe showing no vital signs: Kyodo
2022-07-08 15:30:57,Philippine President Marcos tested positive for COVID-19
2022-07-08 20:09:30,Xinhua Commentary: Raped 10-year-old denied abortion reflects botched U.S. governance
2022-07-08 21:17:45,Former Angolan president Jose Eduardo dos Santos dies at 79
2022-07-08 11:18:27,Former Japanese PM Abe reportedly injured in gunshot
2022-07-08 19:40:35,
2022-07-08 12:02:29,Former Japanese PM Abe shows no sign of life after being shot
2022-07-08 11:40:15,Former Japanese PM Abe shows no sign of life after being shot
2022-07-09 00:14:15,Russian navy receives 1st submarine carrying nuclear-powered drones
2022-07-09 04:04:15,ECB urges eurozone banks to factor climate risk into their risk models
2022-07-09 05:47:00,"Entrenched inflation a ""significant risk"" to U.S. economy, say Fed officials"
2022-07-09 02:01:44,Iran kicks off annual naval drill in Caspian Sea
2022-07-09 00:31:29,Canada's employment declines in June
2022-07-09 04:14:45,Chinese envoy urges Security Council to end Syrian cross-border delivery ASAP
2022-07-09 04:24:12,"Italians are less wealthy, older than 20 years ago: report"
2022-07-09 04:23:42,Syrian president makes 1st visit to Aleppo in 11 years
2022-07-09 06:48:16,Newer Omicron subvariants account for over 70 pct new infections in U.S.
2022-07-09 03:45:45,Saudi at full capacity to ensure pilgrims' health during Hajj: minister
2022-07-09 05:04:44,"China calls for dialogue to resolve political differences in West Africa, Sahel"
2022-07-09 04:59:45,Colombia enters 5th wave of COVID-19 pandemic
2022-07-09 06:14:00,Tunisian president says errors found in new draft constitution
2022-07-09 01:12:44,WFP warns drought condition in HOA to worsen in coming months
2022-07-09 01:08:42,Zambia to start administering oral antiviral COVID-19 pills
2022-07-08 23:57:02,Xinhua Headlines: Former Japanese PM Abe dies after being fatally shot in Nara
2022-07-09 09:22:15,Dance training program helps boost China-Laos cultural exchange
2022-07-09 08:54:15,Lao parliament session concludes with approval of new laws
2022-07-09 05:42:00,Euro dips below 1.01 against dollar
2022-07-09 05:47:00,"Entrenched inflation a ""significant risk"" to U.S. economy, say Fed officials"
2022-07-09 00:15:30,Electric car sales in Ireland up nearly 62 pct in H1
2022-07-09 06:44:57,"Mexican president says Texas governor's immigration order ""vulgar,"" ""backward"""
2022-07-09 07:16:57,U.S.-listed Chinese firms trade mostly lower
2022-07-09 07:48:15,U.S. stocks end mixed amid solid jobs data
