﻿2022-08-18 18:44:30,"China-Europe freight train service ""a passage of life"" amid pandemic: official"
2022-08-19 21:18:16,"U.S. dooms Europe to hunger, cold, isolation: Russian parliament leader"
2022-08-16 21:04:30,"EU admits to ""double standards"" on Ukraine, Palestine"
2022-08-16 20:46:45,"8 killed, 32 injured in south Pakistan's road accident"
2022-08-17 23:09:45,Three more ships leave Ukraine under grain deal
2022-08-17 18:32:00,"Interview: U.S. pandemic fight a complete failure, says Turkish specialist"
2022-08-17 05:38:00,"Biden signs Democratic bill on tax, health care, climate"
2022-08-17 01:26:15,Roundup: UK real pay falls at record pace amid high inflation
2022-08-17 14:19:30,U.S. Congresswoman Liz Cheney defeated in Wyoming GOP primary
2022-08-17 19:51:00,Japan's suicide rate spikes due to pandemic: study
2022-08-18 20:39:30,Feature: Drought-hit Europe sees impacts on people's livelihoods
2022-08-18 13:44:00,"14 killed, 14 injured in rain spells across Pakistan in 24 hours"
2022-08-18 00:40:00,Roundup: UK inflation hits fresh high with cost-of-living crisis worsening
2022-08-18 14:18:00,"U.S. is biggest human rights saboteur in Middle East and beyond, experts say"
2022-08-19 04:50:30,Roundup: U.S. judge holds hearing on motions to unseal affidavit for Mar-a-Lago search warrant
2022-08-19 23:46:46,
2022-08-19 20:38:15,Türkiye says in constant dialogue with Russia over presence of Kurdish militia in Syria
2022-08-19 23:03:45,At least 20 killed in fresh Syrian-Turkish fighting in N. Syria: war monitor
2022-08-19 00:56:45,"Ukrainian president, UN chief meet on grain exports, situation at Zaporizhzhia NPP"
2022-08-19 16:14:46,"World Insights: Cooperation with China helps promote connectivity, poverty alleviation in Africa"
2022-08-19 05:10:15,Chilean economy grows 5.4 pct in 2nd quarter
2022-08-19 21:52:00,"China, Ghana celebrate 61st anniversary of friendship treaty"
2022-08-19 22:17:39,People protest against state funeral for former Prime Minister Shinzo Abe in Japan
2022-08-19 21:41:15,"Philippine president to visit Indonesia, Singapore in first overseas trips after taking office"
2022-08-19 18:20:15,Xinhua Commentary: U.S. breach of one-China principle undermines post-war int'l order
2022-08-19 06:37:00,"Argentina unveils national plan for science, technology, innovation"
2022-08-19 07:16:15,U.S. CDC admits falling short in response to COVID-19
2022-08-20 05:36:30,IAEA says consulting on sending mission to Zaporizhzhia plant soon
2022-08-20 02:58:30,UN releases 5 mln USD for needs in Haiti triggered by deadly gang violence
2022-08-20 04:49:45,Aid workers face increasingly dangerous situation: UN
2022-08-20 05:41:15,"Chilean economy cooling to dampen inflation, says finance minister"
2022-08-20 06:25:45,Roundup: Gunfire incidents surge in U.S. schools as worries grow
2022-08-20 04:39:02,
2022-08-20 06:03:15,Missile hits largest U.S. base in Syria: monitor
2022-08-20 01:53:15,Hezbollah to fight for Lebanon's maritime rights regardless of Vienna talks results
2022-08-20 01:23:45,Zimbabwe sells over 200 mln kg tobacco leaf in 2022
2022-08-20 01:18:15,"Blasts targeting popular hotel rocks Mogadishu, casualties unknown"
2022-08-19 21:52:00,"China, Ghana celebrate 61st anniversary of friendship treaty"
2022-08-19 23:01:45,DPRK slams S. Korean new assistance plan
2022-08-19 23:04:30,Consortium launched in Mumbai to develop bio-energy value chain
2022-08-20 01:28:15,Monkeypox test kit unveiled in India
2022-08-20 05:45:30,"Chinese exhibition on ""Silk and Silk Road"" opens in Prague"
2022-08-19 23:58:15,Chinese FM holds phone talks with French president's diplomatic counselor
2022-08-19 22:28:01,China-Europe freight trains on tracks of win-win cooperation
2022-08-20 05:22:30,"Oil prices inch higher, but notch weekly losses"
2022-08-20 06:25:45,Roundup: Gunfire incidents surge in U.S. schools as worries grow
2022-08-20 06:18:15,U.S. stocks fall as investors assess Fed's policy path
