﻿2022-04-07 21:26:14,New int'l land-sea transport service to Indo-China Peninsula launched
2022-04-07 19:10:16,Neighboring province aids Shanghai COVID-19 battle 
2022-04-07 07:19:28,Pharmacy in Shanghai stays in business to deliver medicines
2022-04-08 16:54:29,Shanghai to open more temporary hospitals for COVID-19 treatment
2022-04-09 03:28:11,Chinese premier stresses importance of stabilizing economic fundamentals
2022-04-09 02:45:17,Beijing Winter Olympics and Paralympics review and awards ceremony held
2022-03-20 08:17:09,24 Solar Terms: Spring Equinox 
2022-03-23 10:21:55,
2022-03-31 11:12:50,GLOBALink | Shopkeeper in grand bazaar in Xinjiang
2022-04-05 07:15:59,24 Solar Terms: Qingming
2022-04-06 21:30:32,
2022-04-06 16:06:46,GLOBALink | Iconic China-gifted bridge opens in Manila
2022-04-06 22:01:20,
2022-04-07 21:02:01,Chinese mainland warns against Pelosi's Taiwan visit plan
2022-04-07 20:19:00,Neighboring provinces aid Shanghai's COVID-19 battle
2022-04-07 21:39:40,Chinese vice premier calls for all-out efforts to stabilize employment
2022-04-07 00:34:31,Chinese premier stresses maneuvering monetary policy tools to bolster real economy
2022-04-07 00:54:30,"China urges U.S., U.K., Australia to abandon Cold War mindset"
2022-04-07 22:01:30,"China demands ""immediate cancellation"" of Pelosi's Taiwan visit plan"
2022-04-07 16:26:00,Chinese satellite ground station receives Landsat-9 data
2022-04-07 11:21:46,China welcomes int'l assessment of documents about U.S. biological military activities
2022-04-07 20:07:44,New marine reptile in dinosaur's age identified in south China
2022-04-07 19:13:30,Sitting Tai Chi exercises help improve stroke recovery: study
2022-04-08 18:42:15,"Pelosi's Taiwan visit plan must be canceled, not postponed: FM spokesperson"
2022-04-08 20:16:46,Chinese premier stresses stabilizing economic fundamentals
2022-04-08 22:41:32,Fresh batch of food aid from China distributed in Afghanistan
2022-04-08 17:30:00,Economic Watch: More Chinese fork out for good night's sleep
2022-04-08 21:17:56,Xinhua Commentary: China to defeat Omicron again with dynamic zero-COVID policy
2022-04-08 18:56:31,Cultural China: Power comes from caring for the people
2022-04-08 21:03:00,Bacteria in tumors help cancer cells metastasize: study
2022-04-08 19:18:30,"Interview: Mainland, Hong Kong agree to implement ""three easy"" principles in fighting COVID-19, says mainland medical expert"
2022-04-08 19:28:29,Economic Watch: China to leverage agile monetary policies to bolster real economy
2022-04-08 15:54:41,Shanghai to open more temporary hospitals for COVID-19 treatment
2022-04-08 10:39:17,"China honors units, individuals for contributions to Beijing Olympic, Paralympic Winter Games"
2022-04-08 08:08:39,GLOBALink | Junior football team on edge of desert in Xinjiang
2022-04-08 18:17:15,China Ningbo Containerized Freight Index down 1.5 pct
2022-04-08 23:05:46,"China slams U.S. for prisoner abuse at ""black sites"""
2022-04-08 22:47:31,Xi talks with Philippine president over phone
2022-04-08 22:02:30,Mass self-test helps HKSAR gov't to grasp epidemic situation: Carrie Lam
2022-04-08 20:45:00,China's top legislator holds talks with Nepali parliament speaker
2022-04-09 12:52:17,"Xi Focus-Quotable Quotes: Xi Jinping on Beijing 2022 Winter Olympics, Paralympics"
2022-04-09 03:28:11,Chinese premier stresses importance of stabilizing economic fundamentals
2022-04-09 13:33:11,Shanghai builds over 100 makeshift hospitals for COVID-19 treatment
2022-04-09 03:40:30,China to continue promoting financial cooperation among BRICS countries
2022-04-09 01:48:16,Chinese medical team donates medical supplies to Sierra Leonean hospital
2022-04-09 02:45:17,Beijing Winter Olympics and Paralympics review and awards ceremony held
2022-04-09 11:37:15,Shanghai to conduct new round of citywide COVID-19 screening
2022-04-09 11:13:16,Feature: Colorful physical training for students in NW China
2022-04-09 12:25:16,Xinhua Commentary: China confident in checking epidemic flare-ups with dynamic zero-COVID approach
