﻿2022-06-30 20:59:57,Chinese vice president puts forward 4-point proposal on developing China-Philippines ties
2022-06-30 18:08:32,China's top political advisor underscores high-standard aid to Qinghai
2022-06-30 00:55:30,"China, Philippines vow to further promote bilateral ties"
2022-06-30 16:57:18,
2022-07-01 16:17:10,Museums in Shanghai reopen after COVID-caused closure
2022-07-01 21:39:45,"UAE president meets senior Chinese diplomat on bilateral ties, cooperation"
2022-07-01 23:54:04,Track-laying begins on main line of Indonesia's Jakarta-Bandung high-speed railway
2022-07-01 21:08:11,"Xi Focus: Self-reform, CPC's key to long-term governance"
2022-07-02 00:32:16,Xi addresses the meeting celebrating the 25th anniversary of Hong Kong's return to the motherland and the inaugural ceremony of the sixth-term government of the Hong Kong Special Administrative Region
2022-05-29 13:05:59,
2022-06-06 08:18:04,24 Solar Terms: Grain in Ear
2022-06-20 08:55:04,"GLOBALink | See you again, Bayanbulak"
2022-06-21 07:36:44,24 Solar Terms: Summer Solstice
2022-06-29 22:22:30,China Focus: China's Mars probe completes targeted exploration
2022-06-29 16:11:30,8 Qing Dynasty stone tablets found in SW China shrine
2022-06-30 21:26:46,
2022-06-30 21:28:28,
2022-06-30 20:59:57,Chinese vice president puts forward 4-point proposal on developing China-Philippines ties
2022-06-30 14:12:30,Millenniums-old construction materials found in China's Xi'an
2022-06-30 20:27:43,"China-U.S. military ties require mutual effort, sincerity: spokesperson"
2022-06-30 14:09:30,China Focus: Institutional strengths empower China's pursuit for people-centered development
2022-06-30 02:54:45,China stands ready to work with SCO members in building closer community with shared future: Chinese FM
2022-06-30 00:16:14,China's top legislature enacts 69 new laws in ten years
2022-06-30 22:30:45,China slams NATO for strategic concept referring to China: FM spokesperson
2022-06-30 22:56:00,China urges U.S. to stop suppression of Chinese firms
2022-06-30 10:26:29,Chinese mainland reports 8 new local confirmed COVID-19 cases
2022-06-30 20:54:12,Video conference shares Xinjiang stories with Jordanian guests
2022-06-30 13:16:30,Feature: Robot creates 3D portraits of Terracotta Warrior in NW China
2022-06-30 14:43:30,Across China: Brazilian actress enjoys stage fever in China
2022-07-01 05:42:00,"Chinese military spokesperson responds to provocations of Australian, Canadian military aircraft"
2022-07-01 10:00:30,Chinese shares open higher Friday
2022-07-01 14:10:27,Three green development events to be held over next 2 months
2022-07-01 21:39:45,"UAE president meets senior Chinese diplomat on bilateral ties, cooperation"
2022-07-01 10:17:30,Xi administers oath of office to principal officials of sixth-term HKSAR gov't
2022-07-01 14:42:42,"Interview: ""Service"" best describes CPC, says president of New Zealand China Friendship Society"
2022-07-01 21:38:30,China Focus: CPC steers Chinese economy in resilient recovery despite challenges
2022-07-01 18:56:26,"Senior CPC official urges actions, progress to set stage for Party's 20th National Congress"
2022-07-01 21:42:45,Chinese FM to attend several high-level international meetings
2022-07-01 10:15:46,Xi administers oath of office to HKSAR Chief Executive John Lee
2022-07-01 22:50:00,China renews yellow alert for rainstorms
2022-07-01 10:43:48,China's central bank adds liquidity via reverse repos
2022-07-01 23:13:00,Xi inspects PLA garrison in Hong Kong
2022-07-01 18:00:30,Chinese spokesperson voices firm opposition to NATO chief's false remarks on Taiwan
2022-07-02 04:44:42,5.1-magnitude quake hits China's Xinjiang: CENC
2022-07-02 10:57:27,China's electronic information manufacturing sector posts steady growth
2022-07-02 02:55:26,Senior CPC official underscores implementation of Party's Xinjiang policies
2022-07-02 10:45:30,Chinese mainland reports 38 new local confirmed COVID-19 cases
2022-07-02 07:55:10,Graduate founds pen brand in SW China's Guizhou 
2022-07-02 00:32:16,Xi addresses the meeting celebrating the 25th anniversary of Hong Kong's return to the motherland and the inaugural ceremony of the sixth-term government of the Hong Kong Special Administrative Region
2022-07-02 02:35:27,"Any attempt to slander ""one country, two systems"" doomed to fail: spokesperson"
