﻿2022-08-10 15:26:15,China launches 16 new satellites
2022-08-11 21:48:19,Medics from across China join fight against COVID-19 in S China's Sanya
2022-08-12 20:32:46,Asian elephants embrace baby boom in China amid enhanced conservation efforts
2022-08-12 15:32:15,"World Insights: Int'l community lauds white paper on Taiwan as China reaffirms position, resolution on reunification"
2022-08-12 09:42:15,China-proposed BRI boosts socio-economic development of Pacific island countries -- Fijian expert
2022-06-20 08:55:04,"GLOBALink | See you again, Bayanbulak"
2022-06-21 07:36:44,24 Solar Terms: Summer Solstice
2022-07-07 07:14:05,24 Solar Terms: Lesser Heat
2022-07-23 07:29:03,24 Solar Terms: The Great Heat
2022-08-09 15:15:45,China Focus: Beijing Central Axis to compete for world cultural heritage status
2022-08-10 23:25:15,PLA operations around Taiwan a deterrent to collusion between separatists and external forces: spokesperson
2022-08-10 21:30:15,"Chinese state councilor calls for opening-up, win-win cooperation in 5G development"
2022-08-10 21:46:45,"""Concrete actions"" needed to bring China-Australia relations back on right track: Chinese ambassador"
2022-08-10 22:19:15,PLA Eastern Theater Command fulfills all tasks of joint military operations around Taiwan
2022-08-10 16:24:18,China Focus: Stranded tourists join anti-epidemic fight in Sanya
2022-08-11 16:28:30,Feature: Chinese-aided teaching building to bolster education in Afghanistan
2022-08-11 17:22:31,
2022-08-11 20:22:32,
2022-08-11 20:44:00,Lecture meeting held in Busan to mark 30th anniversary of S.Korea-China diplomatic ties
2022-08-11 23:43:45,"China's Hainan reports 2,318 confirmed COVID-19 cases in latest resurgence"
2022-08-11 20:54:45,China denounces Lithuanian official's visit to Taiwan
2022-08-11 23:33:15,Roundup: Overseas Chinese express shared aspiration for China's complete reunification
2022-08-11 01:10:15,Chinese FM slams Pelosi's visit to Taiwan
2022-08-11 22:51:15,Xinhua Commentary: CPC strong leadership core of national reunification
2022-08-11 01:23:00,"Xinhua Commentary: White paper on Taiwan question to pool strength for national reunification, rejuvenation"
2022-08-11 08:43:00,Over 140 cultural relics unearthed in NW China
2022-08-12 13:23:00,"China improves rail, air travel services in summer travel rush"
2022-08-12 18:49:45,"China's Hainan reports 2,814 confirmed COVID-19 cases in latest resurgence"
2022-08-12 15:47:00,New Rhamnaceae species discovered in SW China
2022-08-12 21:15:00,China sets world record in steady high magnetic field research
2022-08-12 19:44:45,China issues highest alert for high temperatures
2022-08-12 22:15:02,Securities regulator comments on some Chinese companies' decisions to delist from U.S. exchanges
2022-08-12 20:25:00,Xi calls on int'l community to build development partnership
2022-08-12 18:36:15,Xinhua Commentary: Grasp the new starting point for China's reunification
2022-08-12 23:51:16,Taiwan studies experts discuss important discourses in white paper
2022-08-12 22:12:12,"Rice harvested in Jingzi Township, China's Hunan"
2022-08-12 00:03:30,China Focus: Taiwan studies experts expound on significance of white paper
2022-08-12 14:01:45,China Focus: Harvest from heavenly breeding
2022-08-12 19:02:31,16 films shortlisted for top award at Beijing Int'l Film Festival
2022-08-12 10:03:15,Chinese mainland reports 648 new local confirmed COVID-19 cases
2022-08-12 18:53:16,
2022-08-12 19:38:45,China sets world record in steady high magnetic field research
2022-08-13 00:22:31,Chinese student visas to U.S. tumble from pre-pandemic levels: report
2022-08-13 07:20:56,Hydropower project for multiple purposes under construction in south China
2022-08-13 00:55:15,China EximBank loans to foreign trade industry up in H1
2022-08-13 00:18:30,U.S. should bear consequences of damaging China-U.S. counternarcotics cooperation: spokesperson
2022-08-13 00:57:45,China's CATL to make largest investment ever in history of Hungary
2022-08-13 00:26:30,Central China province responds to high temperature-induced drought
2022-08-13 07:20:54,"Scenery of terraced fields in Lianhe Township, SE China"
2022-08-13 00:43:00,China to increase trading days of mainland-Hong Kong stock connect programs
2022-08-13 00:22:30,China submits instruments of ratification of forced labor conventions with ILO
