﻿2022-04-25 10:52:14,Railway-resettled villagers move into new homes with new hopes
2022-04-28 04:48:14,French Constitutional Council certifies Macron's election victory
2022-04-25 18:28:45,
2022-04-26 21:16:26,"Feature: Eid travelers face ""huge snake-like"" queues at railway ticket counters in Bangladesh"
2022-04-26 23:43:58,South Africa explores funding to recover from flooding
2022-04-26 20:17:15,Erdogan urges Putin for leaders' summit to solve Ukrainian crisis
2022-04-27 16:55:11,Aung San Suu Kyi sentenced to 5 more years in prison after convicted of corruption
2022-04-27 05:46:45,Nasdaq sheds 4 pct as market sell-off deepens on Wall Street
2022-04-27 05:27:43,"Putin, UN chief meet to discuss Ukraine"
2022-04-27 09:17:16,Uruguayan financial analysts upgrade growth forecast to 4.23 pct
2022-04-27 00:31:16,U.S. COVID deaths could hit 1 million mark in next few weeks: report
2022-04-27 10:12:32,
2022-04-27 02:22:16,U.S. vice president tests positive for COVID-19
2022-04-27 00:00:16,"Turkmen president, Chinese defense minister agree to deepen military cooperation"
2022-04-27 21:43:58,German consumer sentiment falls to historic low: GfK
2022-04-27 03:57:28,"Putin agrees to involvement of UN, ICRC in civilian evacuation from Azovstal: UN"
2022-04-27 20:40:29,"COVID-19 challenge not fully over, says Indian PM amid rising cases"
2022-04-27 02:46:11,COVID-19 pandemic not over yet: WHO
2022-04-27 18:36:44,Israeli soldiers kill Palestinian young man in clash in northern West Bank: ministry
2022-04-27 09:28:15,Ecuador expects deficit-to-GDP ratio to shrink to 2.2 pct in 2022
2022-04-27 05:33:41,"Russia to suspend natural gas supplies to Poland, Bulgaria"
2022-04-27 21:33:43,"Erdogan, Guterres discuss Ukraine crisis over phone"
2022-04-27 20:48:27,Ukraine seeks to get 5 bln USD from IMF per month: PM
2022-04-27 23:15:14,EU prepared for Russian gas cut-off: von der Leyen
2022-04-27 05:22:45,"Ukrainian president, Romanian PM discuss support for Ukraine"
2022-04-28 01:12:32,Zambia launches mechanism to accelerate private sector development
2022-04-28 04:13:45,"Ukrainian, EU leaders discuss further support for Kiev"
2022-04-28 02:30:28,FBI director warns of consequences of U.S. crime spike: report
2022-04-28 05:20:01,Israeli PM warns of political division on Holocaust Remembrance Day
2022-04-28 05:03:43,At least 1 killed in Chilean storms
2022-04-28 06:10:00,UN secretary-general arrives in Ukraine
2022-04-28 02:12:31,Uzbek president appoints new acting foreign minister
2022-04-28 04:11:41,Jordan's king urges intensified efforts to restore calm in Jerusalem
2022-04-28 04:47:01,Up to 40 pct of Earth's land degraded: UN report
2022-04-28 03:54:46,Chinese electric cars help boost increase of Israeli imports from China
2022-04-28 04:35:43,"UNICEF, WHO warn of larger measles outbreaks as cases spike"
2022-04-28 06:37:01,UN envoy calls for efforts to consolidate peace in Great Lakes region
2022-04-28 02:45:28,"2 killed, 43 injured after bus overturned in Sinai, Egypt"
2022-04-28 05:31:58,Record 31 tonnes of cannabis seized in Morocco
2022-04-28 08:15:35, In pics: tomb of Ramesses VI in Valley of Kings in Egypt
2022-04-28 11:14:18,Diet change likely to drive crocodile population boom: Australian study
2022-04-28 11:30:01,Aussie scientists warn a fifth of world's reptiles face extinction
2022-04-28 09:53:28,"Malaysia reports 3,471 new COVID-19 infections, 6 more deaths"
2022-04-28 09:17:15,European Commissioner for Health and Food Safety attends press conference in Belgium
2022-04-28 09:22:30,Facts about Russia-Ukraine conflict: UN chief arrives in Ukraine
2022-04-28 09:39:31,"Interview: RMB's use on rise in int'l payments, says expert"
2022-04-28 10:26:43,UBS retains most preferred rating for China's equities
2022-04-28 10:10:43,More than half of Americans have been infected with COVID-19: report
2022-04-28 10:01:30,"Omicron, Delta similarly severe to hospitalized patients: study"
