﻿2022-04-12 00:53:44,"Feature: ""New connections"" -- China bridges gap in Maldives' hottest growth spot"
2022-04-13 22:27:22,Heavy rains kill 253 in S. Africa
2022-04-12 23:04:45,13 injured at NYC train station
2022-04-12 08:25:15,Shahbaz Sharif takes oath as 23rd prime minister of Pakistan
2022-04-12 18:44:47,Ukraine's economy to shrink by 45.1 pct in 2022: World Bank
2022-04-12 21:47:16,UK PM to be fined over COVID-19 lockdown-breaking parties
2022-04-12 05:42:14,"Biden administration moves to curb proliferation of ""ghost guns"""
2022-04-12 23:11:07,"U.S. inflation surges 8.5 pct in March, hitting fresh four-decade high"
2022-04-12 09:17:30,"At least 18 shot in U.S. New Orleans within 72 hours, 5 killed"
2022-04-13 02:27:30,"Global COVID-19 cases surpass 500 mln, with 6.18 mln deaths"
2022-04-13 02:21:30,At least 16 injured in NYC subway shooting: authorities
2022-04-13 03:42:28,"""Great finance divide"" poses major setback for sustainable development: UN report"
2022-04-13 09:57:15,Feature: Argentina's Ecopark haven for endangered native species
2022-04-13 15:43:21,Japanese yen plunges to near 20-year low against U.S. dollar
2022-04-13 05:14:45,"Romanian, Belgian leaders meet on European energy market"
2022-04-13 20:02:29,Sri Lankan gov't ready for discussion with protesters: PM
2022-04-13 00:02:00,World Insights: U.S. profiteering from Ukraine crisis
2022-04-13 04:33:28,Chilean financial market projects 1.5 pct economic growth in 2022
2022-04-13 10:01:15,LA authorities on high alert after NYC subway shooting
2022-04-13 10:05:31,"Police hunting for ""person of interest"" in NYC subway shooting"
2022-04-13 22:23:15,Namibia suspends poultry imports from U.S. after bird flu outbreak
2022-04-13 10:07:30,Russia accuses U.S.-funded labs of developing bio-weapons
2022-04-14 03:18:16,"COVID-19 still a global health emergency despite drop in cases, deaths: WHO"
2022-04-14 04:41:17,Palestinian boy killed by Israeli soldiers in West Bank clashes: health ministry
2022-04-14 06:06:15,Over half of Peru's target population boostered against COVID-19
2022-04-14 06:51:30,Iraqi security forces launch major operation to clear IS hideouts
2022-04-14 08:28:27,"Highlights of Stargazer exhibition in Delta, Canada"
2022-04-14 07:06:15,Suspect in NYC subway shooting arrested
2022-04-14 02:38:46,
2022-04-14 05:04:14,Finnish government submits security report preparing for NATO membership
2022-04-14 07:48:02,New Zealand opens border to Australian travelers without quarantine
2022-04-14 06:47:30,Israel launches national project to test driverless public transport
2022-04-14 02:47:00,"COVID-19 still a global health emergency despite drop in cases, deaths: WHO"
2022-04-14 04:57:15,Nationwide humanitarian cease-fire in Ukraine not possible: UN chief
2022-04-14 03:41:17,
2022-04-14 03:26:00,UN chief calls for action to mitigate global impact of Russia-Ukraine conflict
2022-04-14 06:51:32,"U.S. dollar dips as euro, sterling rise"
2022-04-14 04:32:15,Biden announces additional 800 mln USD in aid to Ukraine
2022-04-14 06:08:15,"Morocco arrests 3 Iranians, 4 Bulgarians for suspected human-trafficking"
2022-04-14 06:03:15,Algeria ready to help South Africa hit by deadly floods: president
2022-04-14 06:09:16,Libya holds UN-brokered talks on national elections in Cairo
2022-04-14 07:45:20,"People take COVID-19 vaccine in Bangkok, Thailand"
2022-04-14 07:48:00,New Zealand opens border to Australian travelers without quarantine
2022-04-14 07:45:16,Fishing event held at Digholi Lake in India
2022-04-14 06:09:15,"Russia sanctions U.S. congressmen, Canadian senators"
2022-04-14 05:00:17,Russia expels senior Czech diplomat in retaliatory move
2022-04-14 05:52:15,"Macron, Le Pen confirmed winners in France's 1st round of presidential election"
2022-04-14 07:34:30,U.S.-listed Chinese firms trade higher
2022-04-14 08:28:27,"Highlights of Stargazer exhibition in Delta, Canada"
2022-04-14 07:43:30,Amazon to award students from underserved communities scholarships to study computer science
