﻿2022-06-18 14:58:32,
2022-06-19 07:22:06,"Rescuers evacuate stranded people in flood water in Nanping, SE China"
2022-06-19 20:42:14,"(HKSAR 25) Rising to challenges, Hong Kong stays as key financial hub with emerging opportunities"
2022-06-19 22:19:29,Reality Check: Falsehoods in US Perceptions of China
2022-06-20 07:16:41,"Heavy rainfalls cause floods, waterlogging in Jian'ou City, SE China"
2022-04-20 07:23:15,24 Solar Terms: Grain Rain
2022-05-14 09:58:19,
2022-05-29 13:05:59,
2022-06-06 08:18:04,24 Solar Terms: Grain in Ear
2022-06-16 16:12:30,"Ancient sculpture remnants reunited after 3,000 years"
2022-06-16 14:56:58,Feature: Leather carving artist brings solace to grieving pet owners
2022-06-17 19:51:34,"China has 3,013 higher education institutions"
2022-06-17 20:17:30,Study reveals how silkworms produce silk at single-cell level
2022-06-18 19:11:15,Beijing cuts off bar-linked COVID-19 transmission chain
2022-06-18 21:13:00,Flood emergency response activated in Yangtze River basin
2022-06-18 19:17:14,Chinese scientists identify genes for more heat-tolerant rice
2022-06-18 23:56:15,Chinese scientists identify genes for more heat-tolerant rice
2022-06-18 23:48:14,Shanghai petrochemical company fire under control
2022-06-18 10:16:45,CPC leadership reviews report on rectification of financial institutions
2022-06-19 08:36:16,"Shanghai reports 3 confirmed, 6 asymptomatic local COVID-19 cases"
2022-06-19 22:02:06,China Focus: Big cities on the move to attract top talents
2022-06-19 09:22:29,Chinese mainland reports 5 new local confirmed COVID-19 cases
2022-06-19 00:10:15,Flood emergency response activated in Yangtze River basin
2022-06-19 22:26:21,Palace Museum sees more visitors as Beijing's epidemic situation improves 
2022-06-19 21:52:58,China's express delivery volume up 3.3 pct in Jan-May
2022-06-19 22:07:59,China's Jiangxi issues red alert for geological disasters
2022-06-19 18:13:00,Beijing resumes normal operation of all subway stations
2022-06-19 11:22:00,China's State Council appoints principal officials of sixth-term HKSAR gov't
2022-06-19 15:47:30,Chinese Wisdom in Xi's Words: Scraping poison off the bone
2022-06-19 22:21:15,HKSAR chief executive greets newly-appointed principal officials of incoming gov't
2022-06-19 22:12:47,
2022-06-19 09:58:28,Chinese mainland reports 5 new local confirmed COVID-19 cases
2022-06-19 00:14:17,Rain-triggered building collapse kills 5 in China's Guangxi
2022-06-19 17:21:45,Xi calls for coordinated efforts against corruption
2022-06-19 23:24:14,China's Jiangxi issues red alert for geological disasters
2022-06-19 23:03:15,China tightens regulation of business activities of officials' relatives
2022-06-19 22:34:32,
2022-06-19 22:30:15,China develops new coating for spacecraft thermal control
2022-06-19 13:54:00,China's State Council appoints principal officials of sixth-term HKSAR gov't
2022-06-19 23:06:18,Beijing screens out one COVID-19 case from community
2022-06-19 22:02:04,China's ICBC issues 10 bln yuan in green bonds for carbon neutrality
2022-06-19 23:58:45,Chinese state councilor stresses win-win cooperation with multinationals
2022-06-19 23:06:16,China's Jiangxi launches level-III flood-control emergency response
2022-06-19 21:41:00,Economic Watch: Digital channels empower Shanghai retailers during mid-year shopping festival
2022-06-19 19:27:13,Chinese-aided school building inaugurated in NW Cambodia's remote area
2022-06-19 20:24:02,Scenery of Wusuli River National Wetland Park in NE China's Heilongjiang
2022-06-19 18:58:15,Emergency response completed at Shanghai petrochemical fire
2022-06-20 00:05:48,Macao closes public venues after detecting 31 local COVID-19 cases
2022-06-20 07:16:41,"Heavy rainfalls cause floods, waterlogging in Jian'ou City, SE China"
2022-06-20 00:08:45,"Xi's speech at 25th SPIEF promotes global solidarity, prosperity, experts say"
2022-06-20 01:03:43,Newly-appointed principal officials of incoming gov't pledge to lead Hong Kong from stability to prosperity
2022-06-20 00:09:45,Leaders of multinationals attend summit in China's Qingdao
2022-06-20 08:35:00,Across China: Mysterious singing sands discovered on Hainan coast
2022-06-20 08:55:04,"GLOBALink | See you again, Bayanbulak"
