﻿2022-04-02 23:20:00,UN pays tribute to 8 peacekeepers in DRC helicopter crash
2022-04-02 23:25:02,1st batch of Thai fruits shipped to China by China-Laos Railway
2022-03-31 06:46:46,Portugal's new government sworn in
2022-03-31 19:44:31,UN migration agency opens security academy in Lebanon
2022-03-31 04:25:30,"Egypt, Ukraine leaders discuss Russia-Ukraine peace talks over phone"
2022-03-31 22:49:47,"Russia to terminate gas supply contracts if ""unfriendly"" buyers refuse to pay in rubles"
2022-03-31 05:34:45,OPEC chief urges global leaders to ensure unhindered energy flow
2022-03-31 09:26:18,"Media report warns of violence, conflicts ahead of U.S. midterm elections"
2022-04-01 07:52:16,Alicia Barcena wraps up nearly 14 years as ECLAC head
2022-04-01 11:59:11,"Interview: Russia-Ukraine conflict poses new challenge to global food security, says FAO official"
2022-04-01 16:02:15,"Governor says Ukrainian helicopters attack oil depot in Russia, causing fire"
2022-04-01 13:47:41,"3 killed, 1 injured in midair collision of S. Korean trainer jets"
2022-04-01 10:20:01,"Biden announces ""historic"" oil reserve release amid elevated gas prices"
2022-04-01 15:30:17,Xinhua Commentary: Why is U.S. a war-hungry nation?
2022-04-01 00:40:16,"Update: Russia to terminate gas supply contracts if ""unfriendly"" buyers refuse to pay in rubles"
2022-04-02 23:44:02,Most studies on gun control measures deeply flawed: report
2022-04-02 23:30:57,UN urges Lebanese gov't to rebuild education system
2022-04-02 22:35:19,
2022-04-02 03:19:13,UN chief welcomes Yemen truce agreement
2022-04-02 23:24:57,"U.S. ""has systematically marginalized"" patients with psychiatric illness: The Hill"
2022-04-02 04:18:14,"China, like-minded countries call for efforts to promote economic, social, cultural rights amid COVID-19"
2022-04-02 23:17:00,U.S. community health workers face funding problems due to system fragmentation: report
2022-04-02 20:00:15,"Iran says new sanctions, blocking Iranian singer's entry show U.S. ""hostility"""
2022-04-02 04:59:15,Security Council voices concern over peacekeeping helicopter crash in DRC
2022-04-02 23:26:00,Iranians celebrate Nature's Day outdoors as pandemic restrictions ease
2022-04-02 09:03:45,BRI countries emerging as economic powerhouses through win-win cooperation: experts
2022-04-02 19:57:11,Saudi Arabia welcomes UN-backed 2-month truce in Yemen
2022-04-02 23:59:15,Feature: Chinese firm drills deepwater wells for Egyptian village in Sahara Desert
2022-04-03 04:31:31,Yemen's 2-month cease-fire enters into force
2022-04-03 12:39:14,Explosions heard in Ukraine's Odesa -- Ukrainian media
2022-04-03 11:13:18,Wide gaps remain between people of color in U.S. from 2016 to 2020: USA Today
2022-04-03 06:52:31,Draft documents ready for discussion by presidents: Ukrainian chief negotiator
2022-04-03 08:50:46,
2022-04-03 11:20:15,At least 8 dead after heavy rains in Brazil's Rio de Janeiro
2022-04-03 04:59:29,Hungarian political parties end election campaign ahead of Sunday's parliamentary elections
2022-04-03 12:16:15,"Argentina reaffirms ""unwavering objective of recovering full sovereignty"" over Malvinas Islands"
2022-04-03 02:58:14,Iraq welcomes UN-backed 2-month truce in Yemen: statement
2022-04-03 10:12:01,Brazil removes COVID-19 testing requirement for fully vaccinated travelers arriving by air
2022-04-03 13:48:11,UNICEF launches life-skills clubs initiative in 6 Libyan schools
2022-04-03 13:44:16,Libya welcomes UN-backed truce in Yemen
2022-04-03 01:12:00,Roundup: Sudan to face significant wheat supply shortage: official
2022-04-03 13:52:21,Sri Lankan police arrest 664 for violating curfew
2022-04-03 14:05:15,Urgent: Casualties feared as explosive device goes off next to Kabul money change market
2022-04-03 13:20:19,"Chinese-invested int'l airport to boost Cambodia's economy, tourism: PM"
2022-04-03 09:20:56,U.S.-funded labs around Russia work to create bio-weapons: Kremlin
2022-04-03 09:55:59,Xinhua Commentary: Washington's unspoken calculations behind Russia-Ukraine conflict
2022-04-03 12:39:14,Urgent: Explosions heard in Ukraine's Odesa -- Ukrainian media
2022-04-03 12:08:15,Hard passage of anti-lynching bill reflects decay of U.S. political system: NYT
2022-04-03 13:06:14,Roundup: CBOT agricultural futures drop in correction
2022-04-03 13:29:31,U.S. instigates conflict between Russia and Ukraine for global supremacy: media
