﻿2022-07-05 19:42:46,Independence Day mass shooting in Chicago suburb sends shock waves through U.S.
2022-07-05 15:30:47,
2022-07-02 17:06:30,"Death toll in India's massive landslide rises to 27, search operations continue"
2022-07-02 22:36:30,Nigerian president welcomes berthing of first ship at new deep seaport
2022-07-03 14:37:01,New Delhi slams U.S. panel report on religious freedom in India
2022-07-03 10:03:45,New York passes new law after U.S. Supreme Court ruling on gun-carrying in public
2022-07-03 12:05:00,Bullet killing Al Jazeera journalist handed to U.S. for examination: Palestinian official
2022-07-04 22:28:29,
2022-07-04 01:54:26,"Time, venue of new round of nuclear talks being finalized: Iranian negotiator"
2022-07-04 04:21:30,"Several killed, injured in Copenhagen shopping mall shooting: police"
2022-07-04 21:01:45,Heat-beating retail goods jump off shelves as Japan scorched by heatwave
2022-07-04 17:26:57,ECOWAS appoints former Beninese president as mediator for Guinea
2022-07-05 21:56:14,AU says COVID-19 poses most formidable risk to smooth operationalization of AfCFTA
2022-07-05 10:56:58,
2022-07-05 04:44:45,"Kiev says Ukraine's military operation in Lugansk region ""successful"""
2022-07-05 02:23:30,6 killed in shooting at Independence Day parade in U.S. Illinois
2022-07-05 17:16:00,Sri Lankan PM says discussions with IMF to seek assistance successful
2022-07-05 03:06:44,"U.S. threatens Iranians' economic, health rights: gov't spokesman"
2022-07-05 20:10:45,"NATO allies sign accession protocols for Sweden, Finland"
2022-07-05 08:56:12,British government paves way for standing areas at top flight stadiums
2022-07-05 08:00:00,Independence Day mass shooting in Chicago suburb sends shock waves through U.S.
2022-07-05 11:38:42,Argentina's new economy minister sworn in
2022-07-05 05:19:45,Peru's monkeypox cases climb to 15
2022-07-05 23:57:45,UN holds high-level forum to step up action on Sustainable Development Goals
2022-07-05 22:51:44,Feature: Gazan women resort to aid app to fight against domestic violence
2022-07-05 20:49:59,Serious domestic U.S. racial discrimination reflects global U.S. injustice: FM spokesperson
2022-07-06 05:10:15,Israel launches blue economy center for maritime development
2022-07-06 04:28:30,"Kuwait, Iran vow to combat dust storms"
2022-07-06 04:13:31,UN chief appoints new commander of UNMISS
2022-07-06 06:55:42,U.S. stocks end mixed as investors assess recession risk
2022-07-06 05:16:29,UK PM reshuffles cabinet after shock resignations of two key ministers
2022-07-06 06:08:30,Deaths of Independence Day parade shooting in Chicago suburb rise to 7
2022-07-06 05:24:27,"Leaders of Palestinian Authority, Hamas meet in Algeria"
2022-07-06 06:14:30,"Argentina affirms IMF debt program, warns of quarterly target changes"
2022-07-06 03:42:15,"UN agencies call for end to detention of child asylum seekers, suggest alternatives"
2022-07-06 07:28:55,Chinese-built SGR porvides stable freight service in Kenya
2022-07-06 06:11:30,News Analysis: UK PM under renewed pressure to go after two key ministers quit
2022-07-06 03:47:14,UN voices concern about closure of Libya's coastal road
2022-07-06 04:42:12,Libyan Presidency Council announces plan to resolve political crisis
2022-07-06 07:28:54,Chinese-built SGR porvides stable freight service in Kenya
2022-07-06 01:52:59,"Regular flights between China, Kyrgyzstan resume"
2022-07-06 01:04:00,"China, Thailand reach consensus on future ties, railway, cyber security"
2022-07-06 00:18:57,Five rockets allegedly from Afghanistan land on Uzbekistan's border town
2022-07-06 05:32:29,"Russian, Uzbek presidents discuss bilateral ties over phone"
2022-07-06 03:09:14,Two key UK ministers resign in protest against PM's leadership
2022-07-06 06:11:30,News Analysis: UK PM under renewed pressure to go after two key ministers quit
2022-07-06 05:47:30,U.S. oil ends below 100 USD per barrel
2022-07-06 06:55:42,U.S. stocks end mixed as investors assess recession risk
2022-07-06 06:08:30,Deaths of Independence Day parade shooting in Chicago suburb rise to 7
