﻿2022-06-17 08:00:15,New international freight train from Chongqing to South Asia goes on test run 
2022-06-15 13:04:28,Experts say U.S. might already be in recession: CNBC
2022-06-15 20:13:48,Negotiations needed to bring ceasefire in Ukraine: France's Macron
2022-06-15 22:16:47,
2022-06-15 20:41:45,Sri Lanka receives medical equipment from UNFPA with support of China
2022-06-16 07:42:15,U.S. Fed raises rates by three-quarter point amid inflation surprises
2022-06-16 02:24:00,U.S. to provide 1-bln-USD additional security assistance to Ukraine
2022-06-16 03:32:58,Russia continues to slash gas supply to Europe
2022-06-17 20:21:29,WTO secures unprecedented package of trade outcomes at Ministerial Conference
2022-06-17 22:31:15,Sri Lankan government workers to work from home for two weeks
2022-06-17 05:52:15,Argentina's central bank hikes interest rate to 52 pct
2022-06-17 09:25:30,Urgent: Multiple people shot at church in U.S. state of Alabama -- police
2022-06-17 04:11:00,"Biden follows Trump's ""crude and hostile"" policy on Mideast: Palestinian writer"
2022-06-17 21:56:00,Xinhua Commentary: U.S. poses gravest threat to global cybersecurity
2022-06-17 19:29:13,British home secretary approves Assange's U.S. extradition
2022-06-17 13:08:32,Russia's Pacific Fleet conducts training in Philippine Sea
2022-06-17 10:12:44,"Half of Americans rate U.S. moral values as ""poor:"" Gallup"
2022-06-17 14:40:30,"NED: The U.S. government's ""white glove"""
2022-06-17 19:48:31,"1 killed, 6 injured as blast hits mosque in N. Afghanistan"
2022-06-17 05:30:15,"Zelensky, European leaders discuss Ukraine's EU integration, conflict with Russia"
2022-06-17 05:30:58,Iraq ready to host new round of Iranian-Saudi talks: FM
2022-06-17 21:26:00,Chinese medical team introduces music therapy to boost TCM in Namibia
2022-06-18 06:38:15,"U.S. sanctions ""extortion measures,"" says Venezuelan vice president"
2022-06-18 04:28:00,Lebanon's caretaker PM calls for quick appointment of new gov't head
2022-06-18 02:23:00,UN chief urges action to drought-proof planet's future
2022-06-18 03:21:59,"UN chief warns of ""global mental health crisis"""
2022-06-18 02:06:58,WWF welcomes long-awaited WTO fisheries subsidies deal
2022-06-18 04:34:00,"Italy's heatwave sparks emergencies, threatens agriculture"
2022-06-18 00:25:45,Iraq says on alert for possible new COVID-19 spread
2022-06-18 04:15:00,Boeing announces dedication to HBCUs with 8 mln USD funding
2022-06-18 00:24:45,Turkey reiterates no more high-level strategic council meeting with Greece
2022-06-18 02:44:45,"U.S. FDA authorizes Moderna, Pfizer-BioNTech COVID-19 vaccines for kids as young as 6 months"
2022-06-18 09:13:30,Chile confirms 1st monkeypox case
2022-06-18 01:28:59,AU approves urgent measures to tackle impacts of Ukraine crisis
2022-06-18 10:32:43,25th St. Petersburg International Economic Forum held in Russia
2022-06-18 01:32:45,Biden calls on U.S. to acknowledge and condemn history of slavery
2022-06-18 02:17:00,Roundup: Chinese firms lauded for investing in Zimbabwe
2022-06-18 04:45:14,Over 2000 Tunisian illegal migrants reach Italian coasts in 5 months
2022-06-18 02:58:00,6 killed in building collapse in Cairo
2022-06-18 07:20:39,1 killed in India amid violence against govt's policy
2022-06-18 08:21:30,"FATF acknowledges completion of Pakistan's Action Plans, authorizes onsite visit: ministry"
2022-06-18 10:36:44,"New Zealand reports 4,404 community cases of COVID-19"
2022-06-18 04:48:00,Italy's coronavirus infection rate climbs after weeks of decline
2022-06-18 10:32:42,25th St. Petersburg International Economic Forum held in Russia
2022-06-18 07:53:00,"H22 City Expo held in Helsingborg, Sweden"
2022-06-18 07:16:13,China Day event held at Philadelphia flower show
2022-06-18 09:16:30,Child labor common in U.S.: Telesur
2022-06-18 07:35:30,U.S. stocks close mixed ahead of holiday weekend
