﻿2022-08-21 23:49:30,China begins shipment of high-speed trains to Indonesia
2022-08-25 01:34:15,U.S. gunmakers play jobs card amid talk of gun control: Time
2022-08-20 23:06:16,"EU's ""enhanced surveillance"" on Greek economy ends"
2022-08-21 09:07:30,"36 killed, 145 injured in rain spells across Pakistan in 24 hours"
2022-08-21 17:52:00,Japanese PM tests positive for COVID-19
2022-08-21 17:47:30,Japanese PM Kishida tests positive for COVID-19
2022-08-21 14:34:30,"Biden says slavery ""America's original sin"""
2022-08-21 03:38:45,Int'l community condemns hotel attack in Mogadishu
2022-08-22 19:12:15,Energy crisis deepens in Europe as extreme drought hits electricity output
2022-08-22 06:34:30,"Serbia to seek compromise solutions, protect Kosovo Serbs if NATO doesn't, says Vucic"
2022-08-22 09:33:45,U.S. first lady ends isolation after testing negative for COVID-19
2022-08-22 06:12:15,Portugal becomes fastest aging country in EU: Study
2022-08-23 07:02:00,"Four tourists killed, 16 injured in Peru road crash"
2022-08-23 06:03:45,Colombia's confirmed monkeypox cases rise to 273
2022-08-23 21:38:00,40 pct of Iran's commercial air fleet grounded due to U.S. sanctions: official
2022-08-23 05:57:00,Three-quarters of voters say U.S. headed in wrong direction: poll
2022-08-23 04:28:00,Feature: Farmers across Europe struggling with record hot and dry summer
2022-08-23 19:51:30,Palestinians welcome Israeli-Turkish normalization: Turkish FM
2022-08-24 16:40:30,Thai Constitutional Court suspends Prayut's premiership
2022-08-24 01:51:15,U.S. officials knew they didn't have enough of key shot before monkeypox outbreak: media
2022-08-24 16:46:45,Feature: China-funded green sewage treatment plant boon for millions in Dhaka
2022-08-24 01:55:00,Germany's grain harvest increases despite drought
2022-08-24 07:17:15,LatAm to see low economic growth in 2022: UN agency
2022-08-24 16:27:17,
2022-08-24 20:46:46,
2022-08-24 20:10:45,Thai Constitutional Court suspends Prayut's premiership
2022-08-25 04:59:15,Chinese envoy warns of dangers of new Cold War
2022-08-25 02:25:00,Jordan boosts electricity supply to Palestine
2022-08-25 04:50:15,"Two dead, three injured in Washington, D.C. shooting"
2022-08-25 01:38:45,Iran says received U.S. response to Tehran's views about nuclear deal
2022-08-25 03:32:45,17-year-old becomes youngest pilot to fly solo around world
2022-08-25 03:50:45,"UN helps Pakistan, Afghanistan deal with heavy flooding"
2022-08-25 01:14:45,Belt and Road Initiative transforming Africa's development landscape: experts
2022-08-25 04:59:00,Saudi Arabia launches grand real estate project in Medina
2022-08-25 00:39:15,World's first hydrogen-powered trains begin passenger service in Germany
2022-08-25 04:30:30,"Tigray forces loot 570,000 liters of fuel destined for aid distribution: UN"
2022-08-25 00:21:30,Rising temperatures threatens Botswana's food security: president
2022-08-25 09:19:00,Head of Libya's parliament-approved gov't calls for peaceful handover of power
2022-08-25 00:59:15,Sierra Leone to start voter registration for 2023 elections
2022-08-25 09:37:00,CPEC lays foundation for Pakistan's economic modernization: Pakistani PM
2022-08-25 09:36:45,S.Korea raises policy rate by 25 basis points to 2.50 pct
2022-08-25 09:41:45,"Tropical cyclone Ma-on kills 3, injures 4 in Philippine"
2022-08-24 23:01:04,Water level of Drava river in Croatia drops to historic low
2022-08-24 22:35:45,Gaming trade fair Gamescom returns after pandemic break
2022-08-25 07:49:39,"View of Salt Lake in Ankara, Türkiye"
2022-08-25 06:39:15,U.S.-listed Chinese firms trade mostly higher
2022-08-25 06:26:15,"Roundup: U.S. crude supplies down, other petroleum data mixed"
2022-08-25 06:36:45,U.S. stocks rise as investors assess future rate hikes
