﻿2022-07-17 13:48:31,
2022-07-18 20:06:12,Chinese-invested economic zone in Cambodia registers trade increase of 38 pct in H1
2022-07-17 21:22:30,Cambodia's ruling party supports Hun Sen as PM candidate for next election
2022-07-18 23:48:01,"Roundup: Heatwave disrupts travel, health care across UK"
2022-07-18 04:54:11,No dangerous substances for public health found at plane crash site: Greek authorities
2022-07-18 21:46:27,Greece to protest to Serbia over crash of Ukrainian cargo plane: media
2022-07-18 14:06:41,2 policemen killed by criminal group in northwestern Colombia
2022-07-18 21:42:46,"Iran welcomes Iraq's ""constructive"" role in promoting regional dialogue"
2022-07-19 14:17:59,Former White House aides expected to testify at hearing on U.S. Capitol riot
2022-07-19 01:40:11,U.S. still not prepared for next pandemic: report
2022-07-19 22:59:29,Sunak retains lead in race to become UK PM
2022-07-19 05:33:44,Bolivia confirms spread of more contagious COVID-19 subvariants
2022-07-19 09:47:11,U.S. reports over 6 mln child COVID-19 cases in 2022
2022-07-19 22:03:01,Cypriot president tests positive for COVID-19
2022-07-19 23:25:31,"Iranian president hails Erdogan's visit as ""turning point"""
2022-07-19 21:29:56,"WHO warns challenging autumn, winter amid escalating COVID-19 cases in Europe"
2022-07-19 21:27:00,Roundup: Western politicians politicize COVID-19 origins tracing to conceal inability to handle pandemic
2022-07-19 04:56:16,Algeria to become key supplier of gas to Italy
2022-07-19 17:16:27,
2022-07-19 12:37:26,At least 13 killed in Ecuador prison riot
2022-07-19 07:24:15,South Korea's average price of eating-out in H1 up 6.7 pct
2022-07-19 17:08:47,
2022-07-19 22:36:15,"UK bakes in hottest day ever, pressure mounts on transport, medical services"
2022-07-19 05:47:45,Heatwave kills 510 people in Spain
2022-07-19 20:54:42,Roundup: Britain's real wages drop at record rate amid soaring inflation
2022-07-19 04:08:30,"4 candidates left in UK leadership race, Tugendhat knocked out"
2022-07-20 06:16:27,No gaps should be left in child protection: Chinese envoy
2022-07-20 04:27:15,"Roundup: Extreme heat waves ""here to stay"": WMO"
2022-07-20 03:48:15,Roundup: Biden's 1st Mideast visit only leaves hollow promises: Israeli experts
2022-07-20 02:50:15,Int'l flights to Israel's resort city Eilat to resume
2022-07-20 03:57:11,WIPO announces Global Awards 2022 winners
2022-07-20 02:19:00,"Raisi, Putin vow to expand Iran-Russia cooperation, ensure regional security"
2022-07-20 07:25:24,Macron and his wife welcome president of UAE at Elysee Palace in Paris
2022-07-20 03:42:15,Egypt launches bike sharing project ahead of hosting COP27
2022-07-20 03:19:11,Zimbabwe grappling to reach COVID-19 herd immunity as lethargy creeps in
2022-07-20 02:22:59,Death toll from tribal clashes in Sudan's Blue Nile State rises to 105
2022-07-19 22:47:11,Philippines reports nearly 280 deaths from dengue in H1
2022-07-19 22:44:11,"Philippines logs 1,841 new COVID-19 cases"
2022-07-20 00:11:46,Over 50 pct Pakistanis perceive positive impact of Internet on society: survey
2022-07-20 06:34:30,"Wildfire in northern Athens forces evacuations, no injuries"
2022-07-20 07:25:22,Macron and his wife welcome president of UAE at Elysee Palace in Paris
2022-07-20 05:56:26,Czech Republic secures LNG through Dutch terminal
2022-07-20 06:23:30,U.S. crude oil inventories up: API
2022-07-20 06:37:27,Oil prices rise as supply concerns dominate
2022-07-20 07:22:29,Dow jumps over 750 points in market rally
