﻿2022-05-23 20:56:31,World Economic Forum Annual Meeting focuses on 4 challenges
2022-05-23 01:58:13,Land-sea train from China to Laos launched with faster clearance
2022-05-21 21:18:01,"Serbian, Hungarian presidents voice food security concerns at int'l agriculture fair"
2022-05-21 10:35:11,"Interview: Peru's interest in electric vehicles revives, says industrial expert"
2022-05-21 21:14:00,Australian PM concedes defeat in federal election
2022-05-21 09:56:45,"Colombia's presidential race likely to enter runoff, poll shows"
2022-05-22 15:57:13,S.Korean activists hold anti-Biden rallies to clamor for peace on peninsula
2022-05-22 18:13:45,Rwanda launches construction of China-supported power plant
2022-05-22 14:13:44,BiH capital gets new trolleybuses
2022-05-22 16:53:12,In pics: preparation for WEF 2022 Annual Meeting in Davos
2022-05-22 13:44:43,Interview: U.S. struggles in its engagement with ASEAN -- Malaysian analyst
2022-05-22 16:30:30,"UN chief calls for ""a shared future for all life"""
2022-05-22 02:53:31,Africities summit wraps up with pledge to accelerate urban renewal
2022-05-22 19:05:58,Biden starts Japan tour as protesters take to streets
2022-05-23 23:58:12,"Afghan refugees hold U.S. responsible for worsening security, economy in Afghanistan"
2022-05-23 23:00:45,
2022-05-23 23:22:01,"COVID-19 pandemic ""far from over"": WHO chief"
2022-05-23 12:21:41,"Canada's storm leaves 8 dead, tens of thousands without power"
2022-05-23 12:17:43,Biden meets Japanese Emperor
2022-05-23 06:21:28,"World Health Assembly to focus on COVID-19, health and peace"
2022-05-23 08:26:26,Anthony Albanese sworn in as Australia's 31st prime minister
2022-05-23 20:21:29,U.S. new Indo-Pacific economic framework faces headwinds
2022-05-23 23:46:19,Moscow quits bid to host World Expo 2030
2022-05-23 22:46:14,New wave of COVID-19 underway in U.S.: report
2022-05-23 22:50:43,
2022-05-23 10:15:01,"Argentina registers 43,487 weekly cases, 49 deaths from COVID-19"
2022-05-23 16:24:47,War-left U.S. bomb discovered in southern Cambodia: official
2022-05-23 07:08:26,Anthony Albanese sworn in as Australia's 31st prime minister
2022-05-24 04:13:42,Baghdad Int'l Book Fair suspended due to sandstorm
2022-05-24 01:52:15,"Americans still mired in pandemic though COVID severity, threat downplayed: report"
2022-05-24 01:08:30,Feature: Zimbabwean designer brings visual language to fashion
2022-05-24 05:15:45,3 killed after Saudi-led coalition's drone crashed in Yemen's capital: Houthi TV
2022-05-24 07:30:58,U.S. stocks rally as financials lead rebound
2022-05-24 06:15:46,"Chinese envoy calls for int'l support to improve Somalia's security, humanitarian situation"
2022-05-24 02:19:28,China opposes politicizing issues of technological nature: envoy
2022-05-24 05:56:47,"6 killed, 5 wounded in IS attacks in Iraq"
2022-05-24 00:10:20,"COVID-19 pandemic ""far from over"": WHO chief"
2022-05-24 02:14:31,UN General Assembly resolution calls for efforts to mitigate food security crisis
2022-05-24 05:01:45,Morocco reports 3 suspected cases of monkeypox
2022-05-24 02:31:28,"Over 2,600 obstetric fistula cases recorded in Sierra Leone"
2022-05-24 02:23:28,"African countries report 10,297 newly confirmed COVID-19 cases as tally surpass 11.6 mln"
2022-05-24 08:13:58,2 military personnel killed in terror attack in NW Pakistan
2022-05-24 08:27:58,Pakistan increases policy rate by 150 basis points to 13.75 pct to contain inflation
2022-05-24 07:32:27,2022 Ninh Binh Tourism Week held in Vietnam
2022-05-24 07:33:05,France holds first weekly cabinet meeting of new cabinet
2022-05-24 05:10:43,Monkeypox cases rise to 6 in Netherlands
2022-05-24 07:57:15,Aftermath of Russia-Ukraine conflict at Azovstal steel plant 
2022-05-24 07:30:58,U.S. stocks rally as financials lead rebound
2022-05-24 07:44:00,Death toll from Canada's storm hits 10
2022-05-24 07:33:58,U.S.-listed Chinese firms trade mostly lower
