﻿2022-03-14 20:44:28,China Red Cross Society provides more humanitarian aid for Ukraine
2022-03-15 16:58:00,China-Bangladesh trade to resume growth: Chinese ambassador
2022-03-15 20:35:00,Lebanese PM urges UN for support amid food security concerns
2022-03-15 20:54:01,Ukrainian president proposes extending martial law
2022-03-15 12:56:01,Inequities in U.S. worsened by COVID-19: The Guardian
2022-03-15 23:55:59,"Russia imposes sanctions on top U.S. officials, including Biden, Blinken"
2022-03-15 23:25:00,"NATO ""open door"" policy not works for Ukraine: Zelensky"
2022-03-15 20:34:58,"Ukrainian, Russian delegations resume peace talks: Ukrainian negotiator"
2022-03-16 21:44:59,Traditional Chinese medicine experts arrive in Cambodia to help fight COVID-19
2022-03-16 09:36:19,Feature: First-ever TV drama screened in post-U.S. Afghanistan
2022-03-16 20:11:44,Saudi Arabia committed to keeping global oil market stable
2022-03-16 16:29:41,"Western powers deemed as ""opportunistic, hypocritical, motivated purely by selfishness"": Harvard professor"
2022-03-16 07:05:29,Russia launches procedure to quit Council of Europe
2022-03-16 14:03:29,"S. Korea reports record high of over 400,000 new COVID-19 cases"
2022-03-16 06:40:26,"Ukraine, Russia to continue peace talks on Wednesday: Ukrainian negotiator"
2022-03-16 21:56:11,Feature: Free legal aid services helping Zambian rural women access justice
2022-03-16 00:32:57,"Vietnam, Sierra Leone agree to boost cooperation"
2022-03-16 22:09:16,German consumers spend 300 bln euros less in COVID-19 pandemic
2022-03-16 20:08:44,In pics:  launch event of Xiaomi in Madrid
2022-03-16 23:26:31,
2022-03-16 05:12:30,Chile's COVID-19 cases down 37 pct in 2 weeks
2022-03-16 02:02:15,"Putin, EU leader discuss Ukraine over phone: Kremlin"
2022-03-16 17:30:32,GLOBALink | Ukraine crisis rooted in NATO's eastern expansion: Pakistani editor
2022-03-17 03:58:12,"Omicron subvariant spreads fast in U.S., causing nearly one quarter of new COVID-19 cases"
2022-03-17 06:14:45,Ecuador confirms first 5 cases of Omicron subvariant BA.2
2022-03-17 03:14:16,Index shows over half of Lebanon's population in poverty
2022-03-17 03:25:15,"Roundup: Omicron subvariant spreads fast in U.S., causing nearly one quarter of new COVID-19 cases"
2022-03-17 05:28:31,UN-sponsored pledging event for Yemen falls short of target
2022-03-17 05:09:30,Yemen's Houthi militia says ready for peace talks with Saudi-led coalition
2022-03-17 05:17:30,Chinese envoy calls on Libyan parties to stick to bottom line of peace
2022-03-17 03:40:15,Smithsonian's National Zoo kicks off celebration of giant panda program's 50th anniversary
2022-03-17 04:22:29,Lebanon's cabinet approves plan to reform electricity sector
2022-03-17 06:29:30,FAO chief economist warns of Ukraine conflict's possible heavy toll on food security
2022-03-17 01:35:00,"7.3-magnitude quake strikes northeastern Japan, injures reported"
2022-03-17 05:51:31,"Chile registers 12,566 new daily COVID-19 cases"
2022-03-17 04:01:16,U.S. Fed raises interest rates for first time since 2018 amid surging inflation
2022-03-17 03:14:15,Madagascar's president reshuffles gov't
2022-03-17 03:19:15,Tunisia says dismantles terrorist cell loyal to IS
2022-03-17 01:34:00,Ethiopian government introduces measures to curb soaring cost of living
2022-03-17 01:35:00,"Roundup: 7.3-magnitude quake strikes northeastern Japan, injures reported"
2022-03-17 00:56:59,Roundup: Pakistan decides to end all COVID-19 restrictions amid dwindling new cases
2022-03-17 07:41:48,Vaccination of children in 12-14 age group begins in India
2022-03-17 07:46:59,France sees soaring fuel prices
2022-03-17 04:52:30,Ukraine integrates electricity network into European energy system
2022-03-17 05:06:30,"France reports over 100,000 new COVID-19 cases for 2nd consecutive day"
2022-03-17 07:57:45,Canada takes action to prevent gun violence
2022-03-17 07:06:44,"Both U.S. oil imports, exports up last week: EIA"
2022-03-17 07:19:46,"U.S. crude supplies up, other petroleum data mixed last week"
