﻿2022-04-03 07:36:21,"COVID-19 antigen self-testing kits produced at Biouhan healthcare company in Hefei, E China"
2022-04-03 21:08:31,Shanghai launches citywide antigen testing amid COVID-19 resurgence
2022-04-04 22:01:46,Chinese FM holds talks with Panamanian counterpart
2022-04-04 12:56:45,HKSAR Chief Executive Carrie Lam says not to run in upcoming election
2022-04-04 23:08:15,"Over 38,000 medics dispatched to Shanghai to aid COVID-19 fight"
2022-04-04 21:16:16,"China-Laos Railway sees brisk passenger, cargo transport over inaugural 4 months"
2022-03-20 08:17:09,24 Solar Terms: Spring Equinox 
2022-03-23 10:21:55,
2022-03-31 11:12:50,GLOBALink | Shopkeeper in grand bazaar in Xinjiang
2022-04-01 22:32:32,"Education of women, girls critical for sustainable development: symposium"
2022-04-02 20:32:17,Chinese vice premier stresses support for foreign trade companies
2022-04-02 23:06:00,"Research explains coexistence of humans, snow leopards in NW China"
2022-04-02 16:15:31,"China science, technology news summary -- April 2"
2022-04-03 11:52:31,"Chinese mainland reports 1,455 new local COVID-19 cases"
2022-04-03 19:12:13,China Focus: Shanghai launches citywide antigen testing amid COVID-19 resurgence
2022-04-03 14:08:16,Tibet to invest over 22 bln USD in major projects
2022-04-03 09:05:01,China's national art festival scheduled for September
2022-04-03 00:07:00,Top legislator stresses adherence to path of socialist political advancement with Chinese characteristics
2022-04-03 17:24:01,China Focus: Shanghai races to ensure daily supplies amid fight against COVID-19
2022-04-03 14:08:14,Shanghai races to ensure daily supplies amid fight against COVID-19 
2022-04-03 00:38:14,Chinese vice premier urges containing Shanghai's COVID-19 in shortest time possible
2022-04-04 21:39:35,"GLOBALink | UN biodiversity leader ""optimistic"" about adoption of global framework in Kunming"
2022-04-04 00:07:16,Across China: Aizhai Bridge becomes road to prosperity for local villagers
2022-04-04 20:56:47,"GLOBALink | Taste the flavor of spring with a bite of Qingtuan
"
2022-04-04 19:46:20,"China-Laos Railway sees brisk passenger, cargo transport over inaugural 4 months"
2022-04-04 21:32:41,China's sci-tech week to be held in May
2022-04-04 01:03:30,Chinese FM holds talks with Philippine counterpart on bilateral ties
2022-04-04 22:30:00,"China, Hungary agree to enhance cooperation in various fields"
2022-04-04 10:51:30,Cultural China: Wide hearts embrace all
2022-04-04 15:50:29,Taiwan reports 275 new COVID-19 cases
2022-04-04 20:45:30,Hong Kong's university entrance exam on track to kick off on April 22
2022-04-04 13:33:00,"Xi Focus: Qingming, time for remembering heroes and observing traditions"
2022-04-04 22:50:14,"China, Hungary agree to enhance cooperation in various fields"
2022-04-04 21:24:50,"Over 38,000 medics dispatched to Shanghai to aid COVID-19 fight"
2022-04-04 20:28:42,GLOBALink | Spring ploughing starts in China's Xinjiang
2022-04-04 14:33:59,Macao's broad money supply retreats in February
2022-04-05 07:32:32,Farming activities in full swing across China
2022-04-05 09:39:16,China's shadow-banking assets to continue declining: Fitch
2022-04-05 00:56:16,Update: Shanghai screens over 24 mln residents for COVID-19 in one day
2022-04-05 00:40:16,China sincerely wants peace in Ukraine: FM
2022-04-05 00:31:16,Across China: Philanthropic organ donors commemorated by recipients
2022-04-05 09:54:19,China's secondary housing market heats up in first quarter: report
2022-04-05 07:15:59,24 Solar Terms: Qingming
2022-04-05 07:30:23,"Hong Kong reports 1,589 new COVID-19 cases"
2022-04-05 00:22:15,China Focus: Shanghai screens over 24 mln residents for COVID-19 in one day
2022-04-05 00:27:16,China sincerely wants peace in Ukraine: FM
2022-04-05 09:40:01,Global VR headset shipments to exceed 15 mln units: report
2022-04-05 09:31:56,"Chinese mainland reports 1,173 new local COVID-19 cases"
