﻿2022-04-20 21:17:39,"Boao Forum for Asia focuses on green recovery, sustainable development"
2022-04-20 07:32:03,Enterprises make efforts to assure vegetable supply in Shanghai
2022-04-20 20:42:46,China's top legislator holds talks with Malawi parliament speaker
2022-04-21 19:30:32,"Xi Focus: At Boao, Xi calls on all nations to pull together to ""navigate storm, sail for bright future"""
2022-04-21 16:09:30,China's Gansu launches first int'l freight train via China-Laos Railway
2022-04-21 14:07:22,
2022-04-05 07:15:59,24 Solar Terms: Qingming
2022-04-08 08:08:39,GLOBALink | Junior football team on edge of desert in Xinjiang
2022-04-13 15:15:51,GLOBALink | Female livestreamer helps locals increase income in Xinjiang
2022-04-19 20:57:00,Major enterprises in Jilin resume operation as epidemic eases
2022-04-19 20:41:00,Tibet makes progress in prehistoric archaeology research
2022-04-19 10:50:34,China Great Wall Museum solicits upgrading scheme globally
2022-04-19 18:57:30,"Procuratorates maintain heavy-handed approach against economic, financial crimes"
2022-04-20 09:18:00,"Chinese mainland reports 2,753 new local confirmed COVID-19 cases, 2,494 in Shanghai"
2022-04-20 23:06:13,Chinese defense minister holds phone talks with U.S. counterpart
2022-04-20 19:30:15,China revises law to promote vocational education
2022-04-20 00:00:01,1st phase construction of mainland-aided COVID-19 isolation facility completed in Hong Kong
2022-04-20 19:02:49,
2022-04-20 07:23:15,24 Solar Terms: Grain Rain
2022-04-20 11:20:37,Tianzhou-3 docks with Tianhe's front docking port
2022-04-20 16:24:30,BeiDou boosts tech support for Chinese smartphone industry
2022-04-20 20:29:30,U.S. should regard Pacific Island countries as independent states: FM spokesperson
2022-04-20 01:16:00,Chinese ambassador to U.S. warns against using Ukraine crisis to mess up U.S.-China relations
2022-04-20 19:29:13,Chinese scientists map out how Omicron evades antibody therapeutics
2022-04-20 22:39:15,Tsinghua University launches report to promote climate risk analysis by businesses
2022-04-20 18:44:15,BeiDou boosts tech support in Chinese smartphone industry
2022-04-21 00:56:30,"Chinese premier stresses ensuring agricultural production, energy supply"
2022-04-21 20:19:30,China's non-financial outbound direct investment up 6.3 pct in Q1
2022-04-21 18:28:49,China's Gansu sees foreign trade up 21.7 pct in Q1
2022-04-21 21:48:36,In pics: Peking University Library
2022-04-21 21:54:01,Hong Kong's jobless rate up from January to March
2022-04-21 22:05:00,Xi Focus-Closeup: A thirst for change
2022-04-21 22:24:25,NIO manufacturing base in Hefei gradually resumes production
2022-04-21 23:44:30,"Chinese envoy calls for joint effort to further promote economic, trade cooperation between China, India"
2022-04-21 21:11:45,Across China: Neighbors' goodwill shines in Chinese communities amid COVID-19 resurgence
2022-04-21 20:57:38,In pics: Tianjin Binhai Library
2022-04-21 17:53:45,Chinese research vessel returns from expedition in western Pacific
2022-04-21 23:54:45,"Across China: Tajikistan, China collaborate on training skilled workforce"
2022-04-21 22:27:00,Taiwan companies receive more orders from mainland in Q1
2022-04-21 14:07:17,
2022-04-21 22:01:00,"Commentary: Strength of Asian development comes from cooperation, solidarity"
2022-04-21 22:28:15,"China to pilot domestic, foreign trade integration in selected regions"
2022-04-21 01:29:45,"China to take further steps for spring farming, ensure and increase energy supply"
2022-04-21 00:16:31,"Xi Focus: Four years on, Hainan's free trade port construction in full swing"
2022-04-21 19:11:00,China urges Japan to make clean break with militarism
2022-04-21 21:12:15,Xi replies to letter from British pupils on climate change
2022-04-21 14:07:22,
2022-04-21 18:56:48,Less calorie intake equally effective with time-restricted fasting: study
2022-04-21 15:54:15,China highlights achievements in youth development in white paper
2022-04-22 00:06:31,HKSAR gov't firmly opposes any interference in sixth-term chief executive election
2022-04-22 00:59:45,"Chinese vice premier urges more ""Boao plans"" for regional development"
2022-04-22 03:01:00,Shanghai to launch new campaigns against COVID-19
2022-04-22 01:12:46,Shanghai to launch new campaigns against COVID-19
2022-04-22 03:05:00,Interview: China's ecological contribution facilitates global environmental reform
2022-04-22 00:39:43,Chinese vice premier stresses ensuring agricultural supplies
