﻿2022-06-13 20:40:15,China launches national energy-saving week
2022-06-13 00:20:31,"China's vision for regional order offers new idea for safeguarding peace, stability in Asia-Pacific"
2022-06-13 23:14:31,"New Sanxingdui findings tell story of exchange, integration in Chinese culture"
2022-06-14 09:10:14,Jakarta-Bandung HSR No. 4 casting yard completes box girders erection
2022-06-14 00:00:16,Top Chinese legislator stresses rule of law for beautiful China
2022-04-20 07:23:15,24 Solar Terms: Grain Rain
2022-05-14 09:58:19,
2022-05-29 13:05:59,
2022-06-06 08:18:04,24 Solar Terms: Grain in Ear
2022-06-11 18:26:43,"Supine ""acrobat"" makes debut in museum housing Terracotta Warriors"
2022-06-11 22:54:30,"Senior official inspects university in Beijing, stressing study of rule of law"
2022-06-11 23:58:59,"China rebuts U.S. defense secretary's remarks on South China Sea, Taiwan"
2022-06-11 23:59:02,Across China: China sees growth in organ donation
2022-06-12 19:48:16,Heavy rains affect over 1.4 mln in China's Guangxi
2022-06-12 09:42:30,"Beijing reports 34 confirmed, 31 asymptomatic local COVID cases"
2022-06-12 14:08:14,China Focus: Heritage revived with modern glamour through China's urban redevelopment efforts
2022-06-12 14:48:14,Ancient water conservancy facilities discovered in central China
2022-06-12 15:00:15,Defense minister speaks about China's vision of regional order at 19th Shangri-La Dialogue
2022-06-12 16:06:30,China launches level-IV emergency response for rain in southern areas
2022-06-12 20:12:15,Beijing registers 33 confirmed local COVID-19 infections
2022-06-12 21:02:16,China issues orange alert for mountain torrents
2022-06-12 21:02:14,Beijing registers 33 confirmed local COVID-19 infections
2022-06-13 21:52:31,
2022-06-13 23:45:00,Spokesperson denounces deceitful statements of DPP
2022-06-13 16:47:45,Hong Kong shares close 3.39 pct lower
2022-06-13 18:37:58,Green technology aids forest pest control on Qinghai-Tibet Plateau
2022-06-13 21:15:28,Hong Kong keeps tracing COVID-19 through sewage surveillance
2022-06-13 21:00:29,Chinese vice premier urges solid efforts to contain COVID-19 in Beijing
2022-06-13 14:13:00,New findings at China's Sanxingdui Ruins stun archaeologists
2022-06-13 22:22:53,"Farmers reap winter wheat in Gaomiaoli Village, east China's Shandong "
2022-06-13 17:04:31,
2022-06-13 23:15:00,Chinese vice premier urges solid efforts to contain COVID-19 in Beijing
2022-06-13 13:56:00,Gut microbes an early warning for liver disease in non-drinkers: study
2022-06-13 20:48:30,China activates level-III emergency response for flooding
2022-06-13 23:49:00,Chinese FM meets New Zealand counterpart
2022-06-13 23:37:00,"U.S. should stop creating divisions, confrontation: Chinese FM spokesperson"
2022-06-13 20:43:29,Construction of world's highest planetarium begins in Lhasa
2022-06-14 09:02:59,"Beijing reports 42 confirmed, 32 asymptomatic local COVID-19 cases"
2022-06-14 09:52:30,Chinese mainland reports 60 new local confirmed COVID-19 cases
2022-06-14 00:18:47,
2022-06-14 00:05:00,China central bank stresses financing water conservancy projects
2022-06-14 06:13:45,Senior Chinese diplomat meets U.S. national security advisor
2022-06-14 00:08:16,"China aiming for 3,500 registered general aviation airplanes"
2022-06-14 07:21:22,China's Fujian launches level-III emergency response for flood control
2022-06-14 00:00:16,Top Chinese legislator stresses rule of law for beautiful China
2022-06-14 09:53:15,62 COVID-19 patients discharged from hospitals on Chinese mainland
2022-06-14 10:05:28,Chinese yuan weakens to 6.7482 against USD Tuesday
