﻿2022-04-28 21:44:11,China's commerce ministry boosts supply of necessities to regions with COVID-19 resurgences
2022-04-28 07:14:03,"General practitioners conduct door-to-door nucleic acid test for residents in Beicai, Shanghai"
2022-04-29 13:02:58,China launches two new satellites
2022-04-29 07:15:47,People from different walks of life join fight against COVID-19 in Beijing
2022-04-29 19:39:43,Chaoyang District of Beijing starts new round of nucleic acid testing
2022-04-30 00:48:13,Budapest's major logistics hub promotes Sino-EU trade cooperation
2022-04-30 07:33:27,Auto making industry in Shanghai resumes production amid COVID-19 control
2022-04-08 08:08:39,GLOBALink | Junior football team on edge of desert in Xinjiang
2022-04-13 15:15:51,GLOBALink | Female livestreamer helps locals increase income in Xinjiang
2022-04-20 07:23:15,24 Solar Terms: Grain Rain
2022-04-24 08:18:05,GLOBALink | Parkour teenagers in ancient city of Kashgar
2022-04-27 23:33:14,"China to intensify policies to stabilize and boost employment, further smooth international and domestic logistics"
2022-04-27 21:49:58,"China, Pakistan to cooperate on hunting down terrorists: spokesperson"
2022-04-27 20:09:15,Beijing reports 46 new local COVID-19 cases
2022-04-27 19:08:56,China Focus: Digitalization helps more people in China discover joy of reading
2022-04-27 23:18:15,"Chinese premier stresses keeping employment stable, logistics smooth"
2022-04-28 15:04:49,Across China: Hainan's boat-shaped houses tell stories of rich ethnic culture
2022-04-28 22:44:31,International rules not defined by certain clique: FM spokesperson
2022-04-28 13:57:01,"China launches learning app for middle, primary school students"
2022-04-28 22:18:01,Spokesperson blasts U.S. maritime bullying
2022-04-29 20:50:46,China willing to deepen mutually beneficial cooperation with Caribbean countries: FM
2022-04-29 22:41:11,Fighting terrorism shared responsibility of international community: FM spokesperson
2022-04-29 07:46:11,"Respect small states, practice true multilateralism: Chinese envoy"
2022-04-29 23:47:30,"China, U.S. have established 284 ""sister"" pairs: video dialogue"
2022-04-29 22:45:43,Pic story: rail transit inspectors in Chongqing
2022-04-29 13:02:58,China launches two new satellites
2022-04-29 20:40:28,Beijing requires 48-hr negative COVID-19 test result to enter public venues
2022-04-29 23:08:32,Mainland medical supplies against COVID-19 arrive in Hong Kong orderly
2022-04-29 21:17:46,"China reiterates call for peace between Russia, Ukraine through talks"
2022-04-29 17:56:32,
2022-04-29 23:03:13,Endeavors required to promote economic work and talent development
2022-04-29 16:19:15,Omicron variant leaves no room for relaxation in epidemic control: expert
2022-04-29 14:49:43,"Chinese scientists produce glucose, fatty acids with carbon dioxide"
2022-04-29 23:18:26,Chinese premier holds phone conversation with Norwegian PM
2022-04-29 17:20:13,"Chinese scientists produce glucose, fatty acids with carbon dioxide"
2022-04-29 18:55:43,Chinese president appoints new ambassadors
2022-04-29 19:54:00,"China Focus: Chinese leadership analyzes economic situation, reviews plan on talent development"
2022-04-29 21:07:43,Macao's merchandise trade continues to rise in March
2022-04-29 22:51:11,China further specifies prosecution standards on economic crimes
2022-04-29 22:54:15,"China, Pacific Island countries partner for tackling climate change"
2022-04-29 18:28:45,
2022-04-29 13:14:15,China to further increase COVID-19 vaccination rate among elderly
2022-04-29 21:42:29,
2022-04-29 21:43:58,Macao's unemployment rate rises to 3.5 pct
2022-04-30 09:22:28,"Chinese mainland reports 1,410 new local COVID cases, 1,249 in Shanghai"
2022-04-30 09:47:26,China's manufacturing PMI down in April
2022-04-30 10:42:47,"Chinese mainland reports 1,410 new local COVID cases, 1,249 in Shanghai"
2022-04-30 09:51:26,China's non-manufacturing PMI down in April
2022-04-30 10:53:27,Scenery of Yellow River in China's Henan
2022-04-30 10:51:43,China's manufacturing PMI down in April
2022-04-30 09:28:30,"3,127 COVID patients discharged from hospitals on Chinese mainland"
2022-04-30 07:33:27,Auto making industry in Shanghai resumes production amid COVID-19 control
