﻿2022-03-02 22:43:16,"Xinhua Headlines: Russia, Ukraine await new round of negotiations as shockwave reverberates around world"
2022-03-02 20:59:45,Chongqing adds station for China-Laos international freight train service
2022-03-01 21:28:01,Russia-Ukraine conflict threatens African economy: S. African minister
2022-03-01 23:09:31,2nd round of Russia-Ukraine talks could happen Wednesday: TASS
2022-03-02 17:10:15,World Insights: Russia-Ukraine conflict sparks concerns over food supply in Mideast
2022-03-02 12:27:00,Interview: Brazilian business veteran sees win-win partnership with China in animal protein sector
2022-03-02 17:43:30,China-funded road connecting Cambodia's capital to coastal province inaugurated
2022-03-02 07:06:56,Dow sheds nearly 600 points as investors monitor Russia-Ukraine conflict
2022-03-02 06:33:00,NATO chief stresses diplomatic efforts to solve Ukraine crisis
2022-03-02 18:12:32,"Earthquake jolts Afghanistan's Kabul, neighboring provinces"
2022-03-02 20:38:16,"Ukraine, Russia to hold talks on Wednesday: Ukrainian official"
2022-03-02 22:28:00,Bitter memories explain Iran's push for reliable nuke deal: top official
2022-03-02 12:24:00,Biden announces closure of U.S. airspace to Russian planes
2022-03-02 09:31:30,"S.Korea reports record high of 219,241 daily COVID-19 cases"
2022-03-02 21:19:46,UN to rehabilitate municipal facilities damaged in Beirut blasts with German bank's support
2022-03-02 09:23:30,Putin signs decree on measures to ensure financial stability
2022-03-02 12:37:00,"Cambodia inaugurates China-funded national road connecting capital, coastal province"
2022-03-02 11:00:16,"Fighting continues as Russia, Ukraine expected to resume talks"
2022-03-02 23:40:47,
2022-03-03 03:33:16,Turkey eases COVID-19 restrictions
2022-03-03 20:00:01,Celebration ahead of Nyepi day held in Indonesia
2022-03-03 06:47:45,UN supports gov't response to cyclone in Madagascar
2022-03-03 03:16:15,"WHO warns of COVID-induced anxiety, depression worldwide"
2022-03-03 06:24:43,Int'l community has to deal with Taliban in Afghanistan -- UN envoy
2022-03-03 19:24:53,"Iran urges U.S. to seize ""opportunity"" for good nuke deal"
2022-03-03 09:44:14,"Brazil's COVID-19 death toll reaches 650,000"
2022-03-03 08:29:00,"World Insights: Russia-Ukraine conflict, Fed hike to upset Turkish economy"
2022-03-03 08:00:13,"U.S. oil soars to highest since 2011 amid OPEC+ decision, Ukraine conflict"
2022-03-03 19:28:07,IAEA chief to visit Tehran for nuke talks: media
2022-03-03 07:02:16,Int'l community has to deal with Taliban in Afghanistan: UN envoy
2022-03-03 01:41:00,Russia's delegation arrives for second round of talks with Ukraine
2022-03-03 09:46:16,Chinese envoy discourages action that may escalate situation in Ukraine
2022-03-03 06:53:45,Russia-Ukraine conflict could increase large numbers of severe COVID-19 disease: WHO
2022-03-03 07:25:46,UN chief voices concern over Libya House of Representatives vote on new gov't
2022-03-03 04:13:31,Chile begins compulsory in-person classes amid COVID-19 health protocols
2022-03-03 07:41:46,"U.S. oil soars to highest since 2011 amid OPEC+ decision, Ukraine conflict"
2022-03-03 09:38:39,New video reveals continuing U.S. genocide of American Indians
2022-03-03 18:03:16,"Kenyan police nab 2 al-Shabab suspects, seize weapons"
2022-03-03 17:57:22,S. Africa welcomes banning of plastics pollution by UNEA
2022-03-03 20:14:32,China emerges as Namibia's main export market in January
2022-03-03 20:14:30,Tonga reports 290 new positive COVID-19 cases
2022-03-03 20:27:30,"Vietnam's daily COVID-19 tally hit new record of 118,790 cases"
2022-03-03 20:05:15,Thailand unveils schedule for APEC 2022 meetings
2022-03-03 19:19:45,Finnish president stresses need to keep calm amid Ukraine-Russia conflict
2022-03-03 19:40:00,Russia halts rocket engine deliveries to U.S.
2022-03-03 19:39:00,"Turkey's inflation hits 54.44 pct, highest in 20 years"
2022-03-03 13:46:30,Mexico's central bank cuts 2022 economic growth forecast
2022-03-03 16:06:16,Nevada governor threatened while dining in Las Vegas
2022-03-03 19:40:00,Russia halts rocket engine deliveries to U.S.
