﻿2022-03-31 21:39:01,COVID-hit Shanghai to screen 16 mln people in second phase of closed-off management
2022-03-31 20:18:47,"Construction of China's ""City of Future"" in full swing"
2022-04-01 16:49:46,"Chinese FM chairs ""Afghanistan's neighbors + Afghanistan"" foreign ministers' dialogue"
2022-04-01 21:17:00,"Chinese premier calls on China, EU to enhance dialogue, coordination, deepen cooperation"
2022-04-02 00:51:00,"Xi calls on China, EU to add stabilizing factors to turbulent world"
2022-04-02 01:06:32,Xinhua Headlines: Foreign businesses undented as Shanghai continues massive COVID-19 testing
2022-03-16 13:03:05,GLOBALink | County of music
2022-03-20 08:17:09,24 Solar Terms: Spring Equinox 
2022-03-23 10:21:55,
2022-03-31 20:06:29,China urges Japan to stay out of Taiwan-related affairs
2022-03-31 18:55:15,"China urges U.S. to stop politicizing economic, trade issues: commerce ministry"
2022-03-31 20:13:47,China's poverty reduction sets example for the world: report
2022-03-31 11:12:50,GLOBALink | Shopkeeper in grand bazaar in Xinjiang
2022-03-31 21:33:01,China opposes U.S. arms sales to Taiwan: military spokesperson
2022-03-31 23:39:45,China to take reciprocal visa restrictions on relevant U.S. officials
2022-04-01 19:04:46,
2022-04-01 18:48:31,Chinese FM meets Tajik Minister of Justice
2022-04-01 19:34:29,Researchers print 3D cardiac tissue capable of sustaining pulses for over 6 months
2022-04-01 20:02:45,China's major shale gas field records output growth in Q1
2022-04-01 19:56:33,Across China: China's Shandong gears up for spring farming
2022-04-01 16:49:46,"Chinese FM chairs ""Afghanistan's neighbors + Afghanistan"" foreign ministers' dialogue"
2022-04-01 20:16:42,HKSAR gov't to start distributing anti-epidemic service bags to households
2022-04-01 23:06:46,Top political advisor stresses enhanced supervision over Yangtze River environmental protection
2022-04-01 22:32:32,"Education of women, girls critical for sustainable development: symposium"
2022-04-01 20:40:01,Chinese foreign minister holds talks with Indonesian counterpart
2022-04-01 20:36:01,"China to offer more nucleic acid testing to students, teachers"
2022-04-01 21:17:00,"Chinese premier calls on China, EU to enhance dialogue, coordination, deepen cooperation"
2022-04-01 10:39:59,"Chinese mainland reports 1,787 new local COVID-19 cases"
2022-04-01 21:45:15,China's central bank stresses defusing financial risks in 2022
2022-04-01 16:15:03,"GLOBALink | China-Europe freight trains see constant growth, show bright prospects of BRI"
2022-04-01 18:39:15,"Art exhibition of ""Dream of the Red Chamber"" opens in The Netherlands"
2022-04-01 22:06:46,
2022-04-01 16:17:30,"Evolution of creatures growing ""big"" occurred over 600 mln years ago: study"
2022-04-01 21:10:01,China's Du Zhaocai elected as EAFF President
2022-04-01 22:38:31,"China rejects so-called U.S. ""Hong Kong Policy Act Report"""
2022-04-01 21:40:02,"China urges Britain to abandon colonial mindset, stop interfering in Hong Kong affairs"
2022-04-01 00:02:01,China's Shenzhou-13 taikonauts preparing for return in April
2022-04-01 16:12:30,Anti-epidemic situation in China complicated: official
2022-04-01 00:29:00,Chinese FM chairs 3rd foreign ministers' meeting among Afghan neighbors
2022-04-01 12:54:16,China Focus: Sci-tech ethics guideline to effectively prevent risks
2022-04-01 22:54:32,"China calls for joint efforts to safeguard security, stability in Asia"
2022-04-01 21:12:48,
2022-04-01 14:58:15,Afghanistan must not be excluded from international community: Wang Yi
2022-04-01 17:48:51,Feature: Bookstore opens new world to autistic painter
2022-04-01 19:35:31,Taiwan's manufacturing sector performs steady in February: report
2022-04-01 21:07:02,Commissioner's office of Chinese foreign ministry in HKSAR says interference in Hong Kong affairs will come to naught
2022-04-02 00:05:45,"Chinese vice premier underlines stable corn, rice production"
2022-04-02 01:07:56,National teleconference on workplace safety held in Beijing
2022-04-02 00:18:46,Chinese FM meets with Myanmar counterpart
