﻿2022-06-28 17:34:16,Expert says BRI boosts living standards in Turkey
2022-06-29 01:37:58,Death toll of migrants found inside 18-wheeler in U.S. Texas rises to 50
2022-06-26 20:59:30,"G7 summit opens amid lower expectations, protests"
2022-06-26 22:53:59,Cambodia's ruling party thanks people for overwhelmingly voting for it in commune polls
2022-06-26 00:34:45,Turkey's concerns not eased on Finland and Sweden's NATO bid: Erdogan
2022-06-26 10:32:43,Multi-country monkeypox outbreak not public health emergency: WHO
2022-06-26 16:32:45,Social groups call for peace ahead of NATO's Madrid summit
2022-06-26 13:55:15,Explosions occur in Ukraine's capital
2022-06-27 18:46:45,Bulgarian PM submits government's resignation
2022-06-27 01:22:30,South African president mourns for 22 teenagers dead in tavern
2022-06-27 23:55:00,Sri Lankan president orders to import fuel immediately
2022-06-27 04:01:28,"Saudi crown prince, Iraqi PM meet on bilateral ties"
2022-06-27 11:43:00,Canada sends 2 ships to enhance NATO readiness in Baltic region
2022-06-27 16:09:30,S.Korea still committed to dialogue with DPRK: minister
2022-06-27 01:14:30,"G7 summit opens amid lower expectations, protests"
2022-06-28 22:05:01,Russia bans more Americans from entry
2022-06-28 21:47:03,"Presidents of Turkey, U.S. have phone talks ahead of NATO summit"
2022-06-28 20:57:45,"Turkey, Sweden, Finland and NATO to hold 4-way meeting in Madrid"
2022-06-28 18:37:15,"U.S. in ""national battle"" over abortion rights"
2022-06-28 20:19:30,Japan's ruling LDP sees highest support rate in run-up to upper house elections: survey
2022-06-28 23:52:43,"At least 49 die in prison riot in Colombia, says prison agency"
2022-06-28 23:36:43,"1st LD: At least 49 die in prison riot in Colombia, says prison agency"
2022-06-28 19:44:45,
2022-06-28 05:47:45,"Amtrak train derails in U.S. Missouri after striking dump truck, injuries reported"
2022-06-28 22:16:32,
2022-06-28 11:07:30,"Over 40 people found dead inside 18-wheeler in Texas, U.S."
2022-06-29 05:58:16,UN envoy urges Houthis to expedite lifting siege on Yemen's Taiz
2022-06-29 05:37:13,"Greece to challenge EU agency approval of use of ""Turkaegean"" term by Turkey"
2022-06-29 06:20:26,"Turkey greenlights Sweden, Finland's NATO bid, internal conflicts remain"
2022-06-29 04:59:16,Romania starts natural gas production in Black Sea
2022-06-29 04:59:18,"Iran blames U.S., NATO destructive presence in Afghanistan"
2022-06-29 05:09:16,"Roundup: Global agrifood market more balanced, but trade costs must fall: FAO"
2022-06-29 05:58:13,"Sudanese leader stresses keenness on normal, balanced ties with Ethiopia"
2022-06-29 10:03:15,51 killed in Colombian prison riot fire
2022-06-29 06:39:28,School shootings in U.S. rise to highest number in 20 years: report
2022-06-29 00:56:43,2nd batch of China-donated quake relief supplies arrives in Afghansitan
2022-06-29 03:08:01,Millions of hungry people in Yemen face imminent aid cuts: UN
2022-06-29 06:07:26,UN saddened by migrants found dead in U.S. Texas
2022-06-29 06:07:29,"Chinese-built highway in Algeria praised for high quality, local contribution"
2022-06-29 04:57:13,Sudanese army denies capturing Ethiopian soldiers
2022-06-29 05:58:13,"Sudanese leader stresses keenness on normal, balanced ties with Ethiopia"
2022-06-29 11:35:30,Aussie caravan industry profitably weathers COVID-19 storm
2022-06-29 11:41:30,Aussie scientists determined to prevent brain injury in babies
2022-06-29 11:41:29,Australian retail labor shortages reach 50-year high: survey
2022-06-29 05:54:28,New COVID-19 infections hit 2-month high in Serbia
2022-06-28 02:52:30,"Turkey's Black Sea provinces hit by heavy rain, floods"
2022-06-29 05:37:13,"Greece to challenge EU agency approval of use of ""Turkaegean"" term by Turkey"
2022-06-29 11:26:13,Anti-Asian hate crime events in California up 177.5 pct in 2021: report
2022-06-29 09:35:00,"White supremacists try to turn U.S. into their ideal ""nation-state"": U.S. historian"
2022-06-29 06:34:26,Canada losing billions of dollars in unpaid tax each year: report
