﻿2022-03-28 14:26:15,"Way of life -- Chinese company builds new roads, new lives in Sri Lanka "
2022-03-29 22:52:14,New round of Russia-Ukraine talks end in Istanbul
2022-03-28 17:35:15,"Interview: Efforts to restore peace, state authority in Ituri to continue: DR Congo military governor"
2022-03-28 17:25:00,Ukraine urges UN to demilitarize area near Chernobyl plant
2022-03-28 20:54:16,"Bangladeshi PM blasts U.S. sanctions on elite force as ""condemnable act"""
2022-03-29 10:17:15,"U.S. watchdog warns of ""oppressive conditions"" in prisons under pandemic-driven lockdowns"
2022-03-29 23:31:30,Botswana launches COVID-19 vaccine manufacturing plant
2022-03-29 00:21:00,Roundup: U.S. moving on from COVID-19 after 2 years' battle with pandemic
2022-03-29 22:52:14,New round of Russia-Ukraine talks end in Istanbul
2022-03-29 01:48:00,G7 rejects Russia's demand to pay gas deliveries in rubles
2022-03-29 05:34:30,"Russian, Ukrainian delegations arrive in Istanbul for peace talks"
2022-03-29 14:36:01,Feature: U.S. freezing of Afghan assets undermines small businesses in Afghanistan
2022-03-29 09:55:00,Salvadoran police arrest 576 in fight against homicides
2022-03-29 15:43:17,"Russia, Ukraine start new round of peace talks: media"
2022-03-29 20:04:15,Nigeria suspends Abuja-Kaduna train service following attack
2022-03-29 21:28:43,Palestinian workers prepare for Islamic holy fasting month of Ramadan in Gaza City
2022-03-29 19:30:15,"Russia, Ukraine conclude new round of peace talks: media"
2022-03-29 17:29:45,Feature: Survivors of violence battling trauma in IDP camps across DRC's Ituri
2022-03-29 22:04:01,UN helicopter crashes in NE DR Congo
2022-03-29 13:39:31,"1st Havana Local Development Fair kicks off to boost interaction between state, non-state sectors"
2022-03-29 08:14:45,Guest Opinion: What has Europe lost from the Ukraine crisis?
2022-03-29 22:38:31,
2022-03-29 21:23:59,UN helicopter missing in DR Congo
2022-03-29 20:06:12,"Russian military to significantly reduce hostilities near Kiev, Chernihiv"
2022-03-30 06:15:00,UN member states urged to elevate pandemic management to highest political leadership
2022-03-30 03:18:16,U.S. COVID-19 cases surpass 80 mln: Johns Hopkins University
2022-03-30 05:48:56,"5 killed in shooting spree outside Israel's Tel Aviv, police alert raised to ""highest"""
2022-03-30 06:28:15,Chinese envoy warns of consequences of indiscriminate sanctions over Ukraine conflict
2022-03-30 06:03:16,"Jordan, Saudi sign agreements to boost cooperation acorss sectors"
2022-03-30 07:16:12,UN member states urged to elevate pandemic management to highest political leadership
2022-03-30 02:30:16,FDA authorizes second COVID-19 booster doses for vulnerable groups
2022-03-30 04:49:00,Jordan's king urges respecting Muslims' right to worship at al-Aqsa Mosque
2022-03-30 07:58:16,Biden signs bill making lynching federal hate crime
2022-03-30 01:59:32,Roundup: FDA authorizes second COVID-19 booster doses for vulnerable groups
2022-03-30 05:13:01,UN recovers remains of all eight people aboard crashed peacekeeping helicopter in DRC
2022-03-30 06:20:16,Ecuadorian president warns of ruling by decree to circumvent Congress
2022-03-30 01:24:29,U.S. COVID-19 cases surpass 80 mln -- Johns Hopkins University
2022-03-30 04:50:27,
2022-03-30 00:38:30,UN peacekeeping mission helicopter shot down in NE DR Congo
2022-03-30 04:25:01,"Tunisian president, EU official discuss bilateral ties, EU support"
2022-03-30 03:36:59,High hopes as West Africa's longest river bridge becomes operational in Senegal
2022-03-30 00:17:32,"Indonesia reports 3,895 new COVID-19 cases, 108 more deaths"
2022-03-30 09:16:30,World Insights: How Japanese right-wing forces are taking advantage of Russia-Ukraine conflict
2022-03-30 00:36:32,2 new bird species identified on Indonesia's Kalimantan Island
2022-03-30 09:42:45,Portuguese parliament elects new speaker
2022-03-30 09:46:43,"Interview: International probe into U.S.-led biolabs in Ukraine needed, says former UN weapons inspector"
2022-03-30 05:41:16,"France reports over 200,000 new COVID-19 cases"
2022-03-30 03:51:00,U.S. dollar skids amid progress in Russia-Ukraine peace talks
2022-03-30 07:07:15,U.S. crude oil inventories down: API
2022-03-30 06:46:15,"Honduras extradites alleged drug trafficker ""El Teto"" to U.S."
