﻿2022-06-20 00:05:47,China-Laos Railway inducts Lao train drivers
2022-06-21 01:37:31,Humanitarian situation in South Sudan deteriorating: UN official
2022-06-18 17:16:45,"World Insights: Putin elaborates stance on political, economic issues at St. Petersburg forum"
2022-06-18 22:15:16,"32 killed in floods in India's Assam, Meghalaya"
2022-06-18 22:54:15,U.S. risks worsening crisis with wrong China containment policy: SCMP
2022-06-18 04:15:00,Boeing announces dedication to HBCUs with 8 mln USD funding
2022-06-18 18:41:00,"Xinhua Commentary: Multilateralism, cooperation carry best hope for global economic recovery"
2022-06-18 01:28:59,AU approves urgent measures to tackle impacts of Ukraine crisis
2022-06-19 21:28:00,"Greeks, Turks share pessimism for economy, skepticism over Ukraine crisis: survey"
2022-06-19 14:03:00,Roundup: Europe faces unusual mid-June heatwave
2022-06-19 22:28:32,
2022-06-19 19:12:15,Duterte-Carpio sworn in as Philippines' 15th vice president
2022-06-19 10:02:30,Thousands gather in Washington D.C. for Poor People's Campaign
2022-06-19 00:14:14,Russia to temporarily suspend gas supply via Turkish Stream pipeline
2022-06-19 13:12:00,U.S. National Security Adviser Jake Sullivan tests positive for COVID-19
2022-06-20 03:37:15,Macron's alliance leads legislative elections without absolute majority: reports
2022-06-20 02:50:13,News Analysis: Israeli gas exports can hardly fill European energy gap left by Russia: experts
2022-06-20 10:04:17,Landslide in Colombia leaves at least 8 people dead
2022-06-20 12:54:15,Gustavo Petro elected president of Colombia in 2nd round of elections
2022-06-20 22:33:59,"China, Laos achieve two-way power transmission for 1st time"
2022-06-20 19:54:00,Ukraine continues consultations on security guarantee: presidential advisor
2022-06-20 10:27:30,No absolute majority for Macron following legislative elections: Interior Ministry
2022-06-20 21:34:30,
2022-06-20 11:04:45,S.Korean president's approval rating stays at 48 pct: poll
2022-06-20 07:59:00,Gustavo Petro elected president of Colombia in second round of elections
2022-06-20 10:32:30,Multiple people injured as shooting erupted in U.S. capital
2022-06-20 21:10:30,Israel says builds U.S.-sponsored Mideast air defense alliance
2022-06-21 06:13:45,Saudi Arabian crown prince arrives in Egypt to start visit
2022-06-21 05:22:00,Tunisian president receives draft of new constitution
2022-06-21 05:33:43,UN chief welcomes holding of presidential elections in Colombia
2022-06-21 00:03:15,U.S. Black-White homeownership gap grows wider: CNN
2022-06-21 07:43:58,Security Council condemns attack against UN peacekeeping mission in Mali
2022-06-21 05:37:58,Israel heading to new elections after shaky coalition collapses
2022-06-21 07:32:53,Egypt rehabilitates coastal areas to address climate change
2022-06-21 06:15:00,"Feature: Rose harvest, aromatic tradition in Turkey's Isparta"
2022-06-21 07:10:59,Petro's win in Colombia offers chance for dialogue: Venezuelan ruling party
2022-06-21 06:20:59,"Egypt welcomes Libyan parties' agreement on ""majority"" of draft constitution"
2022-06-21 04:52:43,All delivery channels for humanitarian aid in Syria should be kept available: UN chief
2022-06-21 05:51:45,Euro zone labor shortage could be eased by influx of Ukrainians: ECB
2022-06-21 06:27:44,"Morocco, U.S. hold joint military drill"
2022-06-21 07:24:48,"World Refugee Day marked in Kampala, Uganda"
2022-06-21 06:20:59,"Egypt welcomes Libyan parties' agreement on ""majority"" of draft constitution"
2022-06-20 22:44:00,Malaysia's vehicle sales fall in May due to shortage of chips
2022-06-20 23:16:00,"Central Japan rocked by series of quakes, region braces for more"
2022-06-21 00:38:13,China hands over hospital to PNG
2022-06-21 06:19:45,"Russia calls on Lithuania to ""immediately"" lift transit ban to Kaliningrad"
2022-06-21 06:18:44,COVID-19 hospitalizations in Ireland up by a third
2022-06-21 05:51:45,Euro zone labor shortage could be eased by influx of Ukrainians: ECB
2022-06-21 05:47:59,"New study shows life expectancy in U.S. varies among racial, ethnic groups"
2022-06-21 05:20:44,Roundup: U.S. to start COVID-19 vaccination for kids as young as 6 months this week
2022-06-21 04:30:47,Almost 2 in 3 adults in U.S. Hawaii suffer negative effect of COVID-19
