﻿2022-07-26 13:23:15,"Chinese, Lao militaries launch ""Peace Train-2022"" joint medical drill"
2022-07-26 00:02:45,Chinese vice premier attends inaugural meeting of China Mineral Resources Group
2022-07-27 01:43:55,"Chinese, Indonesian presidents pledge joint efforts to build community with shared future"
2022-07-27 01:43:19,Chinese premier meets Indonesian president to discuss bilateral ties
2022-07-27 18:35:00,Premier Li says Peljesac Bridge will further boost China-Croatia friendship
2022-07-28 00:39:02,BRI helps Croatia realize centuries-old dream as Peljesac Bridge opens to traffic
2022-06-06 08:18:04,24 Solar Terms: Grain in Ear
2022-06-20 08:55:04,"GLOBALink | See you again, Bayanbulak"
2022-06-21 07:36:44,24 Solar Terms: Summer Solstice
2022-07-07 07:14:05,24 Solar Terms: Lesser Heat
2022-07-24 01:06:56,Exhibition on dress culture of millennium-old Dunhuang grottoes opens
2022-07-25 22:28:30,FM spokesperson warns of serious consequence over Pelosi's potential Taiwan visit
2022-07-25 15:59:26,First Beijing Culture Forum kicks off
2022-07-26 16:27:00,
2022-07-26 22:18:11,"Top political advisor stresses upholding 1992 Consensus, working toward reunification of motherland"
2022-07-26 20:50:45,"Chinese FM to attend SCO Foreign Ministers' meeting, visit three Central Asian countries"
2022-07-26 13:23:15,"Chinese, Lao militaries launch ""Peace Train-2022"" joint medical drill"
2022-07-26 17:02:44,
2022-07-26 18:50:12,China's Tianzhou-3 cargo craft to carry out controlled re-entry into atmosphere
2022-07-26 20:01:26,China to further improve services for village residents
2022-07-26 12:08:00,"Chinese defense minister urges enhanced China-Africa peace, security cooperation"
2022-07-26 09:50:42,Chinese mainland reports 98 new local confirmed COVID-19 cases
2022-07-26 21:03:45,Across China: Dunhuang's ancient beauty shared in digital form
2022-07-26 21:08:44,Chinese premier sends congratulations to Sri Lankan new PM
2022-07-26 19:40:14,China renews orange alert for high temperatures
2022-07-27 21:20:45,Economic Watch: France leads participation in consumer expo to tap into Chinese market
2022-07-27 13:19:45,China launches six new satellites
2022-07-27 21:04:15,"New air cargo route links Changsha, Addis Ababa"
2022-07-27 13:35:15,China's Tianzhou-3 cargo craft re-enters atmosphere under control
2022-07-27 19:06:45,China's internet sector sees slight revenue growth in H1
2022-07-27 16:35:30,Economic Watch: RCEP facilitates ASEAN products' access to Chinese market
2022-07-27 22:08:31,China activates level-IV emergency response for flooding over rains
2022-07-27 18:28:31,Taiwan's consumer confidence keeps weakening for 6 months
2022-07-27 23:41:00,Xi grants honorary title to PLA Air Force battalion
2022-07-27 19:50:15,Beijing issues blue alert for rainstorms
2022-07-27 20:25:30,"China issues alerts for rainstorms, mountain torrents"
2022-07-27 22:28:31,Visitors view exhibits at 2nd CICPE
2022-07-27 22:07:00,Xi presents August 1 Medal to outstanding military personnel
2022-07-27 23:41:30,Xi signs order to confer August 1 Medal on three military individuals
2022-07-27 22:18:45,China achieves sufficient energy supply in H1: official
2022-07-27 19:51:15,China capable of achieving carbon peaking despite challenges: energy regulator
2022-07-27 21:59:43,Researchers develop eye-movement database of Chinese reading
2022-07-27 23:17:46,Chinese spokesperson refutes U.S. report against China
2022-07-27 22:44:00,Hong Kong launches English version of 1st volume of local chronicles
2022-07-27 14:46:47,
2022-07-27 17:50:00,More test kits distributed in Hong Kong after detection of COVID-19 virus in sewage samples
2022-07-27 20:01:15,China takes multiple measures to ensure power supply: official
2022-07-27 18:35:00,Premier Li says Peljesac Bridge will further boost China-Croatia friendship
2022-07-27 01:43:53,China Focus: Cooperation highlighted at high-profile human rights forum
2022-07-28 00:14:15,"China Focus: Global enterprises keen to attend CIIE on huge market, wider opening-up"
2022-07-28 07:43:42,Domestic brands attract visitors at second CICPE
2022-07-28 00:08:13,Senior CPC official calls for studying Xi's important remarks at high-level study session
2022-07-28 07:47:41,In pics: Lijiang-Shangri-La railway under construction
