﻿2022-03-18 18:58:12,Changchun carries out new round of nucleic acid testing
2022-03-18 23:24:44,"Chinese vice premier stresses solid efforts on soybeans, oil crops"
2022-03-19 19:14:12,"Trade between China's Hunan, B&R countries surges in first 2 months"
2022-03-19 19:17:17,Chinese vice premier demands full implementation of epidemic control measures
2022-03-20 23:16:32,China's manufacturing hub works to stabilize supply chains amid COVID-19 resurgence
2022-03-20 07:23:23,China's first cargo airport completes flight-test of air freighter
2022-03-20 23:02:44,"Chinese FM holds talks with Algerian, Tanzanian counterparts"
2022-02-19 08:51:39,Rain Water of 24 solar terms
2022-03-05 13:57:44,24 Solar Terms: Awakening of Insects
2022-03-16 22:50:30,China's education ministry stresses mental health amid epidemic
2022-03-16 13:03:05,GLOBALink | County of music
2022-03-17 20:33:57,"China to tighten regulation of livestreaming, short videos"
2022-03-18 15:57:43,"Cultural China: How sleeves, breeze come to embody upright officials in China"
2022-03-18 22:45:46,China Focus: China vows adherence to dynamic zero-COVID approach
2022-03-18 07:54:27,GLOBALink | Clean energy helps greenhouse vegetable farming go zero-carbon in N China
2022-03-19 10:05:00,Top Chinese archaeological finds of 2021 unveiled
2022-03-19 20:46:45,Around 1.24 billion people in China fully vaccinated against COVID-19
2022-03-19 14:18:50,China Focus: Waste sorting gives campuses a fresh look
2022-03-19 22:34:22,"GLOBALink | Qixi Village, a model for rural vitalization in China's Zhongshan"
2022-03-19 23:38:29,"Chinese vice FM calls for cherishing peace, pursuing win-win future for Asia-Pacific"
2022-03-19 12:31:45,China urges U.S. to face up to its own human rights violations
2022-03-19 20:43:46,Most COVID-19 cases in China mild or asymptomatic: health official
2022-03-19 22:49:16,Biding farewell -- a patient's diary at COVID-19 isolation facility in Hong Kong
2022-03-19 20:11:30,Xi signs order to promulgate rules on regulating military equipment procurement contracts
2022-03-19 19:17:17,Chinese vice premier demands full implementation of epidemic control measures
2022-03-20 00:02:28,HKSAR gov't to distribute anti-epidemic supply kits to all Hong Kong residents
2022-03-20 19:02:46,Taiwan reports 121 new COVID-19 cases
2022-03-20 15:39:30,"Chinese Wisdom in Xi's Words: ""Peace is precious"""
2022-03-20 22:08:48,Farms a hive of activity across China
2022-03-20 10:24:30,"Chinese mainland reports 1,656 new local COVID-19 cases"
2022-03-20 19:10:01,Xi Focus-Closeup: Lifeline of prosperity: farmland protection
2022-03-20 16:07:26,Over 3.22 bln COVID-19 vaccine doses administered on Chinese mainland
2022-03-20 23:25:45,"China releases guidelines to strengthen governance over ethics in science, technology"
2022-03-20 01:55:18,China urges U.S. to face up to its own human rights violations
2022-03-20 21:31:12,"China's Shenzhen to resume normal work, production from Monday"
2022-03-20 21:58:15,"China, other developing countries hold reasonable concerns, similar positions on current European situation: FM"
2022-03-20 22:17:00,Citizens take nucleic acid testing in Hong Kong
2022-03-20 14:35:56,China stands on the right side of history on Ukraine issue: FM
2022-03-20 23:16:15,"Update: China's Shenzhen to resume normal work, production from Monday"
2022-03-20 08:17:09,24 Solar Terms: Spring Equinox 
2022-03-20 18:39:42,More African agricultural products to enter Chinese market: SCMP
2022-03-20 23:02:44,"Chinese FM holds talks with Algerian, Tanzanian counterparts"
2022-03-21 09:39:43,"Hong Kong stocks open up, tech index rises over 3 pct"
2022-03-21 09:18:44,Study reveals mechanism behind reproductive synchrony in locusts
2022-03-21 09:39:44,Chinese yuan weakens to 6.3677 against USD Monday
2022-03-21 00:15:41,Feature: A warm fight in snowy night
2022-03-21 09:53:44,Market exchange rates in China -- March 21
2022-03-21 10:07:00,"Chinese mainland reports 1,947 new local COVID-19 cases"
2022-03-21 09:10:45,"Brown carbon fueling global warming, wildfires: study"
2022-03-21 00:00:00,Shanghai Disney Resort to suspend operations from Monday amid epidemic
