﻿2022-02-28 23:20:16,China-Mongolia border port sees growth in freight transport
2022-03-01 05:09:30,Russian UN ambassador regrets U.S. decision to expel 12 members of his mission
2022-02-28 23:45:30,"NATO allies boost military, practical support to Ukraine"
2022-02-28 22:02:48,"Hosting U.S. nuclear weapons ""completely unacceptable"": Japan's PM"
2022-02-28 22:51:02,Russia's nuclear triad put on high alert: defense ministry
2022-02-28 09:25:15,"Argentina registers 3,610 new COVID-19 cases, 72 more deaths"
2022-02-28 16:48:59,Ukrainian delegation arrives for talks with Russia -- report
2022-03-01 08:58:59,Death toll rises to 13 from Colombia's coal mine explosion
2022-03-01 12:12:59,Five people killed in U.S. shooting incident
2022-03-01 10:17:15,"Economic Watch: From bourses to dinner tables, Ukraine crisis affecting prices in Europe"
2022-03-01 01:48:01,UN chief says fighting in Ukraine must stop
2022-03-01 20:22:45,"Iran's top leader calls for ending tensions, blames U.S. for Ukraine crisis"
2022-03-01 20:50:41,"Uganda warns of devastating floods, landslides in new weather report"
2022-03-01 00:23:00,All Russia's security concerns must be taken into account for settlement in Ukraine -- Putin
2022-03-01 00:43:56,Next round of Russia-Ukraine peace talks to be held on Belarusian-Polish border -- head of Russian delegation
2022-03-01 01:39:00,Next round of Russia-Ukraine peace talks to be held on Belarusian-Polish border -- head of Russian delegation
2022-03-01 20:54:00,"Russian forces hit 1,325 Ukrainian military infrastructure objects -- spokesman"
2022-03-01 19:34:14,Israel opens borders to unvaccinated tourists
2022-03-01 21:28:01,Russia-Ukraine conflict threatens African economy: S. African minister
2022-03-01 19:47:26,Russia's airstrike hits center of Ukraine's second largest city
2022-03-01 00:20:45,Russia-Ukraine peace talks end in Belarus -- media reports
2022-03-01 16:30:15,S.Korean president urges Japan to squarely face history
2022-03-01 14:31:31,Most Americans pessimistic about U.S. economy: poll
2022-03-01 07:07:45,U.S. stocks end mixed as investors eye Russia-Ukraine conflict
2022-03-01 12:06:00,Chile approves electromobility scheme to spur development
2022-03-01 11:01:31,"World Insights: Russia, Ukraine conclude first-round talks without clear breakthrough"
2022-03-01 05:16:30,Ukraine officially appeals for EU membership
2022-03-01 22:55:02,GLOBALink | On site in Ukraine: Life at border city after snow
2022-03-01 03:06:15,All Russia's security concerns must be taken into account for settlement in Ukraine -- Putin
2022-03-01 23:09:31,2nd round of Russia-Ukraine talks could happen Wednesday: TASS
2022-03-02 06:28:44,"UN chief calls for funds for Ukraine humanitarian aid, end to conflict"
2022-03-02 02:38:47,GLOBALink | London commuters face chaos as Underground workers strike
2022-03-02 05:00:30,Roundup: Yemeni gov't welcomes new UNSC arms embargo on Houthi militia
2022-03-02 07:06:56,Dow sheds nearly 600 points as investors monitor Russia-Ukraine conflict
2022-03-02 04:56:26,"Roundup: Voters head to polls in Texas, kicking off 1st 2022 U.S. midterm primary"
2022-03-02 01:10:00,Nearly 2.4 billion women globally don't have equal economic opportunity: World Bank
2022-03-02 05:25:45,German chancellor lands in Israel amid Ukraine crisis
2022-03-02 05:36:45,Israel reports Jan.-Feb. jump in exports of agricultural produce from Gaza
2022-03-02 05:26:45,U.S. expels Russian national working for UN
2022-03-02 02:39:30,Libyan parliament approves new gov't
2022-03-02 05:11:46,Food stocks in Sudan could run out in one month: UN
2022-03-02 04:24:29,"Libyan PM-designate vows to achieve reconciliation, stability after parliament grants confidence"
2022-03-01 23:58:45,Myanmar further extends entry restrictions until end of March
2022-03-02 00:42:00,7 killed in clash between groups in S. Pakistan
2022-03-02 04:46:30,Australian PM tests positive for COVID-19
2022-03-02 04:14:29,Contamination levels in North Sea have improved significantly since 1980s: study
2022-03-02 06:33:00,NATO chief stresses diplomatic efforts to solve Ukraine crisis
2022-03-02 04:04:31,Ukraine says Russia's shelling on Kiev TV tower kills five
2022-03-02 07:22:01,Boeing begins building new version of satellite system
2022-03-02 07:06:56,Dow sheds nearly 600 points as investors monitor Russia-Ukraine conflict
2022-03-02 07:29:00,U.S.-listed Chinese firms trade flat
