﻿2022-04-19 19:46:13,China-Mongolia border port sees robust growth in freight transport in Q1
2022-04-20 20:56:47,UN chief calls for 4-day pause in fighting in Ukraine during Easter
2022-04-16 23:34:46,Ashraf takes oath as speaker of Pakistan's National Assembly
2022-04-17 07:52:15,Russia claims full control of urban area of Mariupol
2022-04-17 09:05:30,S.Korea says DPRK launches 2 projectiles into east waters
2022-04-17 20:30:15,Sri Lanka sends delegation to IMF for crucial discussions
2022-04-17 13:21:15,Facts about Russia-Ukraine conflict: Russia says urban area of Mariupol fully controlled
2022-04-18 16:08:45,Bangladesh points out discrepancies in U.S. human rights report
2022-04-18 11:17:45,"EU to provide another 50 mln euros of humanitarian aid to Ukraine, Moldova"
2022-04-18 13:34:13,"Interview: Russia-Ukraine conflict affects Africa's wheat, oil importing countries most, says business leader"
2022-04-18 22:20:58,Feature: Bionic hand helps disabled Gazans regain hope
2022-04-18 17:05:45,Backgrounder: Deadly U.S. mass shootings in past two years
2022-04-18 15:23:29,Five missiles hit Ukraine's western city of Lviv
2022-04-19 21:05:13,IMF cuts 2022 global growth forecast to 3.6 pct amid Russia-Ukraine conflict
2022-04-19 06:50:58,Russian forces start battle for Donbas: Ukrainian president
2022-04-19 11:17:04,"Algerian, Russian presidents discuss ties, Russia-Ukraine conflict over phone"
2022-04-19 17:26:17,Timor Leste holds final round of presidential election
2022-04-19 06:58:00,S. Africa declares state of national disaster to tackle widespread floods
2022-04-19 16:20:01,Local prosecutors indict U.S. marine over sexual assault of woman in Japan's Okinawa
2022-04-19 23:55:46,Cote d'Ivoire President Alassane Ouattara appoints new vice president
2022-04-20 15:00:47,
2022-04-20 14:04:00,Massive outage reported as snowstorm hits NE U.S.
2022-04-20 21:43:00,African officials say creation of smart cities on course to boost resilience
2022-04-20 16:58:46,Sri Lankan president assures impartial probe into police shooting
2022-04-20 07:33:45,U.S. stocks rally as investors eye earnings reports
2022-04-20 14:34:32,
2022-04-20 03:03:15,"Ukraine, Russia conduct fifth prisoner swap"
2022-04-21 02:00:43,Turkey to provide incentives for gas field development in Black Sea
2022-04-21 04:06:00,"Jordan, U.S. discuss efforts to prevent further escalation at Al-Aqsa mosque"
2022-04-21 07:41:30,"Inflation hits pocketbook of 76 pct of Brazilians, says survey"
2022-04-21 00:51:30,Alleged intruder at Peruvian embassy in U.S. shot dead by Secret Service
2022-04-21 06:43:15,"UN Security Council condemns terrorist attack against school, education center in Afghanistan"
2022-04-21 05:15:00,6 soldiers killed in bomb blast in NW Colombia
2022-04-21 05:19:00,Rocket fired from Gaza at southern Israel: Israeli army
2022-04-21 06:21:15,"Chile adds 2,515 new COVID-19 cases, 8 deaths"
2022-04-21 05:42:15,UN investigators question 3-week-old Mali military operation that claimed 200-plus lives
2022-04-21 04:58:00,Chinese Language Day celebrated in UNESCO
2022-04-21 05:42:15,UN investigators question 3-week-old Mali military operation that claimed 200-plus lives
2022-04-21 04:52:59,Roundup: Price rise in building materials puts Egypt's real estate sector under pressure
2022-04-21 04:47:00,Roundup: Egypt signs deals to boost production of green energy
2022-04-21 06:32:16,"6.0-magnitude quake hits 51 km ESE of Manay, Philippines: USGS"
2022-04-21 01:49:45,Asian economic growth to reach 4.8 percent in 2022: expert
2022-04-21 01:09:45,Uzbekistan's economy grows 5.8 pct in Q1 2022
2022-04-21 03:38:00,BiH celebrates Chinese Language Day
2022-04-21 03:47:00,Feature: Greeks to pay more for Easter meal this year
2022-04-21 04:13:00,Italy announces initiative to limit air condition
2022-04-21 06:27:15,1 killed after small plane crashes in Los Angeles
2022-04-21 05:04:00,U.S. nursing homes shut down amid COVID-19 staffing crunch: report
2022-04-21 06:01:15,AWS impact accelerator launches to support startups led by underrepresented founders
