﻿2022-04-14 23:29:18,Xinhua Headlines: Shanghai boosts supply of necessities amid COVID-19 resurgence
2022-04-14 07:33:01,Online platform ensures supplying necessities to residents amid epidemic resurgence in Shanghai
2022-04-14 20:26:15,First batch of patients discharged from the largest makeshift hospital in east China's Shanghai
2022-04-15 21:40:15,China launches Zhongxing-6D satellite
2022-04-15 22:01:45,Top Chinese legislator holds talks with Russian Federation Council speaker
2022-04-15 22:58:47,"Xinhua Headlines: China stabilizes supply, industrial chains while tackling latest outbreak"
2022-03-20 08:17:09,24 Solar Terms: Spring Equinox 
2022-03-23 10:21:55,
2022-03-31 11:12:50,GLOBALink | Shopkeeper in grand bazaar in Xinjiang
2022-04-05 07:15:59,24 Solar Terms: Qingming
2022-04-14 15:48:03,Inflatable COVID-19 testing lab improves Shanghai's screening capacity
2022-04-14 20:41:30,Across China: Chinese craftsmen revive century-old British heritage building
2022-04-14 21:05:30,China to continue to place Pakistan a priority in neighborhood diplomacy: spokesperson
2022-04-14 22:06:13,China issues plan to strengthen basic education teacher force
2022-04-14 19:04:13,China's Xi'an launches new freight train service to Europe
2022-04-14 10:01:03,"2,024 COVID patients discharged from hospitals on Chinese mainland"
2022-04-14 10:51:00,"Chinese mainland reports 2,999 new local confirmed COVID-19 cases"
2022-04-14 20:33:30,China to tighten virtual currency regulation
2022-04-14 23:54:18,"Chinese premier stresses flood control, drought relief"
2022-04-15 10:55:45,Chinese pianist Lang Lang performs at highest railway station in Europe
2022-04-15 23:39:00,Chinese political advisors pool wisdom on affordable child care
2022-04-15 13:45:15,Chinese embassy in U.S. expresses strong opposition to U.S. lawmakers' visit to Taiwan
2022-04-15 21:16:30,China expresses strong opposition to U.S. lawmakers' visit to Taiwan
2022-04-15 20:24:15,Macao SAR chief executive vows continuous fight against activities jeopardizing national security
2022-04-15 00:06:32,"Chinese, Vietnamese FMs hold phone talks over ties"
2022-04-15 22:01:45,Top Chinese legislator holds talks with Russian Federation Council speaker
2022-04-15 20:29:17,Lunar samples brought by Chang'e-5 mission shine light on space weathering
2022-04-15 23:22:00,"Xinhua Commentary: Meltdown of ""Shining City on a Hill"""
2022-04-15 23:14:01,China makes notable achievements in shoring up public security
2022-04-15 22:14:46,China firmly opposes U.S. congressmen's visit to Taiwan: spokesperson
2022-04-15 18:00:30,"Xi, Mauritian president exchange congratulations on 50th anniversary of diplomatic ties"
2022-04-15 22:44:31,"China's Taiyuan uses ""mini-tank"" in COVID-19 disinfection"
2022-04-15 22:36:31,
2022-04-15 14:59:00,"China urges U.S. to honor commitment to not support ""Taiwan independence"""
2022-04-15 23:12:15,Economic Watch: China to cut reserve requirement ratio
2022-04-15 19:52:00,China to cut reserve requirement ratio
2022-04-15 20:26:17,China Ningbo Containerized Freight Index up 0.1 pct
2022-04-15 19:40:58,China's outstanding yuan funds for forex rise in March
2022-04-15 15:40:58,"Shanghai strengthens assistance for elderly, low-income homes amid COVID-19 resurgence"
2022-04-15 20:51:30,Xinhua Commentary: COVID-19 controls won't shake China's economic fundamentals
2022-04-15 22:42:00,HKSAR chief executive stresses ensuring national security
2022-04-15 22:40:31,
2022-04-15 22:47:00,Vice premier inspects farming in south China's Hunan Province
2022-04-15 20:55:30,China launches Zhongxing-6D satellite
2022-04-16 03:02:15,China launches atmospheric environment monitoring satellite
2022-04-16 09:32:45,"2,818 COVID-19 patients discharged from hospitals on Chinese mainland"
2022-04-16 01:18:15,Shenzhou-13 separates from space station core module
2022-04-16 07:27:42,Hema Fresh organizes aid teams to support Shanghai in delivery of living supplies
2022-04-16 08:32:45,"Shanghai: 3,590 local confirmed, 19,923 asymptomatic COVID-19 cases"
2022-04-16 09:10:45,"Chinese mainland reports 3,867 new local COVID-19 cases"
2022-04-16 00:24:15,Hong Kong marks National Security Education Day with series of activities
2022-04-16 07:21:15,In pics: community worker in Shanghai amid COVID-19 fight
