﻿2022-05-14 16:28:00,First C919 jet to be delivered completes successful maiden test flight
2022-05-14 17:43:32,Nucleic acid test support teams from Hubei leave Shanghai with mission accomplished 
2022-05-15 23:20:14,"BRI delivers mutual benefits, says Italian expert"
2022-05-15 16:59:43,China Focus: China strives to ensure employment for people with disabilities
2022-05-16 19:34:16,Update: China's economy expected to recover gradually from Omicron impacts
2022-05-16 17:11:45,Shanghai cuts off community transmission of COVID in 15 districts
2022-05-16 23:44:00,National political advisors urged to further improve consultation quality
2022-04-13 15:15:51,GLOBALink | Female livestreamer helps locals increase income in Xinjiang
2022-04-20 07:23:15,24 Solar Terms: Grain Rain
2022-04-24 08:18:05,GLOBALink | Parkour teenagers in ancient city of Kashgar
2022-05-05 07:30:12,24 Solar Terms: Start of Summer
2022-05-14 22:24:17,China diverts over 53 bln cubic meters of water northwards
2022-05-14 22:00:58,China takes subsidies application online to help people with disabilities
2022-05-14 10:39:58,Chinese mainland reports 253 new local COVID-19 cases
2022-05-15 10:42:28,Chinese mainland reports 226 new local COVID-19 cases
2022-05-15 18:11:58,China's self-developed floating airship breaks record
2022-05-15 20:46:45,Beijing to conduct further mass COVID-19 testings
2022-05-15 21:55:01,China to strengthen Party building among retired officials
2022-05-15 21:08:46,China's sci-tech innovation board more attractive to foreign investors
2022-05-16 17:20:45,"Across China: ""Cloud tourism"" a new fad amid COVID-induced travel restrictions"
2022-05-16 22:53:56,China urges G7 to cease interfering in its internal affairs
2022-05-16 23:54:58,Chinese FM meets ROK's new FM via video link
2022-05-16 21:27:28,"Sceneries of Hutuo River after ecological restoration in Shijiazhuang, N China"
2022-05-16 21:43:18,In pics: Creative cultural products in Sanxingdui Museum
2022-05-16 21:36:18,Excavated bamboo slips tell evolution of Chinese reading habits
2022-05-16 20:00:34,
2022-05-16 17:13:43,"Chinese Wisdom in Xi's Words: Keep striving for perfection, stay broad-minded"
2022-05-16 18:50:13,Dinosaur fossil dating back 125 mln years found in north China
2022-05-16 19:10:28,Feature: Macao's old food stores seek new development
2022-05-16 23:18:00,China rejects U.S. bill to help Taiwan regain WHO observer status
2022-05-16 22:34:29,
2022-05-16 10:18:11,Chinese mainland reports 140 new local COVID-19 cases
2022-05-16 18:39:17,"Chinese premier, Pakistani PM hold phone call on bilateral ties"
2022-05-16 17:11:45,Shanghai cuts off community transmission of COVID in 15 districts
2022-05-16 20:33:58,"Xiplomacy: Xi calls for deepening exchanges, mutual learning among civilizations"
2022-05-16 22:42:57,Taiwan eases COVID-19 response measures for close contacts
2022-05-16 15:15:11,Chinese scientists develop mosaic vaccine for protection against COVID-19 variants
2022-05-16 10:53:46,Shanghai cuts off community transmission of COVID in 15 districts
2022-05-16 19:45:46,China's Hong Kong adds 4 countries to list of places of recognized COVID-19 jab records
2022-05-16 23:44:00,National political advisors urged to further improve consultation quality
2022-05-16 22:44:37,
2022-05-16 18:00:14,Tang Dynasty epitaph found in north China
2022-05-17 09:38:16,Chinese mainland reports 162 new local confirmed COVID-19 cases
2022-05-17 08:11:01,"Shanghai reports 77 confirmed, 746 asymptomatic local COVID-19 cases"
2022-05-17 09:55:11,Market exchange rates in China -- May 17
2022-05-17 09:50:17,Chinese yuan strengthens to 6.7854 against USD Tuesday
2022-05-17 00:22:14,China Focus: Shanghai reopening commercial outlets with resurgence under control
2022-05-17 10:08:18,China's central bank adds liquidity via reverse repos
2022-05-17 09:42:13,476 COVID-19 patients discharged from hospitals on Chinese mainland
2022-05-17 10:04:14,Shanghai cuts off community transmission of COVID-19
