﻿2022-07-28 00:39:02,BRI helps Croatia realize centuries-old dream as Peljesac Bridge opens to traffic
2022-07-29 22:00:00,China launches new group of remote sensing satellites
2022-07-30 21:59:15,China's national archives open in Beijing
2022-07-30 01:05:28,"Tianjin zone marks leasing of 2,000th aircraft"
2022-07-31 19:54:15,Xiconomics: BRI paves way for shared future via common development
2022-07-31 23:01:32,Xinhua Headlines: Coordinated development energizes Chinese port city
2022-07-31 13:45:00,Kyrgyz president meets with Chinese FM
2022-06-06 08:18:04,24 Solar Terms: Grain in Ear
2022-06-20 08:55:04,"GLOBALink | See you again, Bayanbulak"
2022-06-21 07:36:44,24 Solar Terms: Summer Solstice
2022-07-07 07:14:05,24 Solar Terms: Lesser Heat
2022-07-29 11:02:30,Liaison office of central gov't in HKSAR reiterates resolutely safeguarding national security
2022-07-29 21:20:45,"Chinese premier stresses promoting effective investment, consumption"
2022-07-29 23:49:28,"Chinese premier stresses promoting effective investment, consumption"
2022-07-29 11:18:00,"China opposes UN Human Rights Committee concluding observations concerning Hong Kong, Macao"
2022-07-29 21:05:01,China vows resolute countermeasures if U.S. challenges red line
2022-07-29 17:24:01,"Chinese, Pakistani FMs discuss bilateral ties, issues of mutual interests"
2022-07-29 22:00:00,China launches new group of remote sensing satellites
2022-07-29 22:57:45,China's new satellite to improve atmospheric density-detection accuracy
2022-07-29 11:15:30,Liaison office of central gov't in Macao SAR opposes so-called concluding observations by UN Human Rights Committee
2022-07-30 21:59:15,China's national archives open in Beijing
2022-07-30 23:30:30,"Economic Watch: RCEP deepens industrial chain cooperation between China, ASEAN"
2022-07-30 22:02:31,
2022-07-30 07:00:45,Chinese FM attends SCO foreign ministers' meeting in Tashkent
2022-07-30 23:39:15,"China, Kyrgyzstan agree to build community with shared future"
2022-07-30 22:59:15,BDS-3 short message communication services now applied to mobile phones
2022-07-31 22:18:00,Xi attends reception celebrating 95th founding anniversary of PLA
2022-07-31 20:36:00,Xi's speech at ceremony marking 90th founding anniversary of PLA to be published
2022-07-31 14:48:45,Xi Focus-Closeup: A small feather carrying wish for world peace
2022-07-31 23:57:30,Xi attends reception celebrating 95th founding anniversary of PLA
2022-07-31 13:45:00,Kyrgyz president meets with Chinese FM
2022-07-31 21:32:16,
2022-07-31 00:06:30,Feature: Paralyzed Chinese artist experiences world through paint
2022-07-31 17:19:17,
2022-07-31 21:07:48,"Zhongyuan Town in E China revitalized through economic transformation, upgrading"
2022-07-31 13:55:30,Debris from Chinese rocket reenters atmosphere
2022-07-31 21:35:00,Xi stresses solidarity of Chinese at home and abroad for national rejuvenation
2022-07-31 16:00:00,Xiconomics: BRI paves way for shared future via common development
2022-07-31 16:29:00,"Rainstorms affect 222,000 people in China's Liaoning"
2022-07-31 22:45:00,Senior CPC official urges implementing principles of central conference
2022-07-31 15:13:45,Shanxi launches first int'l freight train via China-Laos Railway
2022-07-31 11:07:45,Chinese mainland reports 74 new local confirmed COVID-19 cases
2022-08-01 10:38:16,Market exchange rates in China -- Aug. 1
2022-08-01 00:37:15,Chinese museum solicits cultural relics exhibits worldwide
2022-08-01 00:11:00,China renews yellow alert for high temperatures
2022-08-01 10:06:00,Intangible cultural heritage exhibition held in Xinjiang
2022-08-01 10:32:15,China's central bank adds liquidity via reverse repos
2022-08-01 10:27:00,Chinese yuan weakens to 6.7467 against USD Monday
2022-08-01 06:02:00,Roundup: Chinese company starts main structure construction of 5 skyscrapers in Egypt's New Alamein
2022-08-01 11:50:15,Chinese mainland reports 33 new local confirmed COVID-19 cases
