﻿2022-07-15 23:38:45,"Senior CPC leader stresses consolidating ethnic unity, religious harmony"
2022-07-15 19:06:11,"Chinese scientists sequence genome of 14,000-yr-old human"
2022-07-16 23:32:30,Top legislator highlights ecological protection on Qinghai-Tibet Plateau
2022-07-17 13:48:31,
2022-07-17 18:10:00,China's Tianzhou-3 cargo craft separates from space station combination
2022-06-06 08:18:04,24 Solar Terms: Grain in Ear
2022-06-20 08:55:04,"GLOBALink | See you again, Bayanbulak"
2022-06-21 07:36:44,24 Solar Terms: Summer Solstice
2022-07-07 07:14:05,24 Solar Terms: Lesser Heat
2022-07-14 16:42:15,"1,900-year-old celadon kiln site found in central China's Hunan"
2022-07-14 16:42:16,Across China: Rural women weave in prosperous lives through embroidery
2022-07-14 22:37:45,Chinese premier pledges to ease burden of receiving medical treatment
2022-07-15 20:59:42,China has been paying close attention to difficulties in Sri Lanka: FM spokesperson
2022-07-15 09:42:00,Chinese mainland reports 64 new local confirmed COVID-19 cases
2022-07-15 21:17:03,Across China: Energy powerhouse speeds up shift to green strategy
2022-07-15 09:00:00,"1,900-year-old celadon kiln site found in central China's Hunan"
2022-07-15 23:59:45,"China urges U.S., West to stop interfering in Middle East"
2022-07-15 17:11:00,"China, Singapore vow to deepen cooperation"
2022-07-15 22:40:15,Chinese vice premier stresses development of rural industries
2022-07-16 21:03:00,"Over 178,000 people in Hong Kong take 4th dose of COVID-19 vaccines"
2022-07-16 22:19:14,"Chinese vice premier stresses green, high-quality development"
2022-07-16 22:48:15,Xi Jinping's inspection tour of Xinjiang
2022-07-16 22:20:14,Chinese Academy of Sciences issues certificates to 65 new academicians
2022-07-16 09:15:45,Chinese mainland reports 75 new local confirmed COVID-19 cases
2022-07-16 23:32:30,Top legislator highlights ecological protection on Qinghai-Tibet Plateau
2022-07-16 21:10:56,"Chinese state councilor stresses workplace safety, flood relief"
2022-07-17 13:48:31,
2022-07-17 12:49:45,Chinese Wisdom in Xi's Words: Study of history illuminates the way to good governance
2022-07-17 14:32:00,Feature: Local coach Sun sows seeds of hockey in campus in NW China
2022-07-17 20:07:27,China Focus: Asia's first professional cargo hub airport put into operation in central China
2022-07-17 20:46:30,HKSAR gov't continues tracing COVID-19 through sewage surveillance
2022-07-17 16:11:45,"Croatia, China launch 3rd joint police patrol to better serve tourists"
2022-07-17 20:06:30,Northeast China's Liaohe River sees 1st flood of 2022
2022-07-17 21:38:11,Children enjoy summer vacation across China
2022-07-17 18:10:00,China's Tianzhou-3 cargo craft separates from space station combination
2022-07-17 19:58:30,China's used car sales log robust growth in June
2022-07-17 17:06:47,Xi stresses protecting cultural heritage after watching ethnic performance in Xinjiang
2022-07-17 21:18:26,Taipei travel expo promotes mainland's Grand Canal tourism among Taiwan people
2022-07-17 22:21:45,China's Hubei sees foreign trade up 18.4 pct in H1
2022-07-17 23:12:45,China Focus: Rare binary star systems discovered: study
2022-07-17 21:57:45,"Feature: Chinese-invested expressway speeds up travel, helps develop talents for Cambodia"
2022-07-17 10:29:14,Chinese mainland reports 106 new local confirmed COVID-19 cases
2022-07-17 20:11:26,"6 dead, 12 missing as mountain torrents hit SW China's Sichuan"
2022-07-17 17:00:15,Xi says ethnic unity is lifeline of all ethnic groups in China
2022-07-17 21:18:45,Global carmakers vie for China's vast auto market
2022-07-17 12:44:42,China renews yellow alert for heat waves in multiple regions
2022-07-18 00:40:57,"Chinese, Hungarian FMs hold phone talks on bilateral ties, Ukraine"
2022-07-18 07:16:13,Bengbu in Anhui starts new round of mass nucleic acid testing
