﻿2022-03-19 19:14:12,"Trade between China's Hunan, B&R countries surges in first 2 months"
2022-03-21 21:05:36,Epidemic prevention and control workers in Harbin on front line
2022-03-22 20:54:13,Rescue work continues after passenger plane crash
2022-03-22 01:37:11,Passenger plane carrying 132 crashes in south China
2022-03-22 21:54:31,All-out search for black boxes of crashed passenger plane underway: official
2022-02-19 08:51:39,Rain Water of 24 solar terms
2022-03-05 13:57:44,24 Solar Terms: Awakening of Insects
2022-03-16 13:03:05,GLOBALink | County of music
2022-03-18 15:57:43,"Cultural China: How sleeves, breeze come to embody upright officials in China"
2022-03-20 08:17:09,24 Solar Terms: Spring Equinox 
2022-03-21 22:42:16,Asteroid named after Chinese university
2022-03-21 22:27:46,China encourages differentiated funeral services amid COVID-19 outbreak
2022-03-21 19:36:02,China to offer Ukraine more humanitarian aid supplies
2022-03-22 23:21:45,115th joint patrol on Mekong River begins
2022-03-22 11:36:31,"Chinese mainland reports 2,281 new local COVID-19 cases"
2022-03-22 20:24:17,China demands U.S. revoke sanctions on Chinese officials
2022-03-22 17:39:24,China completes high-thrust rocket engine test
2022-03-22 09:55:15,Experts ready to assist with investigation into China Eastern Airlines aircraft crash: Boeing China
2022-03-22 18:26:31,"Chinese scientists, int'l counterparts breed youngest human cells in vitro"
2022-03-22 15:41:01,Over 4 mln more COVID-19 vaccine doses administered on Chinese mainland
2022-03-22 22:25:45,China launches safety overhaul of civil aviation
2022-03-22 16:46:17,China demands U.S. revoke sanctions on Chinese officials
2022-03-22 20:34:58,China Focus: All-out efforts under way on summer grain production
2022-03-22 15:55:00,Cultural China: Governance based on virtue in Confucianism
2022-03-22 21:58:30,Chinese investments in Europe rise in 2021: study
2022-03-22 22:40:30,All-out search for black boxes of crashed passenger plane underway: official
2022-03-22 20:56:17,Across China: Ancient water-saving wisdom in UNESCO world heritage
2022-03-22 21:18:16,"China, Croatia agree to deepen ties, cooperation"
2022-03-22 20:58:16,"Chinese vice premier stresses clean, efficient use of coal"
2022-03-22 04:55:30,Chinese FM makes four-point proposal on China-Pakistan relations
2022-03-22 21:34:17,All-out search for black boxes of crashed passenger plane underway: official
2022-03-22 21:54:31,All-out search for black boxes of crashed passenger plane underway: official
2022-03-22 15:05:47,"China, Pakistan to enhance pragmatic cooperation in various fields"
2022-03-22 23:37:46,Chinese sportswear giant Anta posts strong growth in 2021
2022-03-23 00:02:01,China Focus: No survivors found yet in China plane crash as rescue continues
2022-03-23 02:46:16,6.6-magnitude quake hits waters off Taiwan: CENC
2022-03-23 00:28:33,GLOBALink | Ancient water using wisdom in UNESCO world heritage
2022-03-23 00:07:58,"Senior Chinese officials guide plane crash rescue, investigation in Guangxi"
2022-03-23 03:24:30,China urges Israel to cease expanding settlements in occupied Palestinian territory
2022-03-23 00:27:00,BRICS nations launch vaccine R&D center
2022-03-23 02:11:13,6.6-magnitude quake hits waters off Taiwan: CENC
2022-03-23 00:05:33,
2022-03-23 03:41:30,"China willing to elevate solidarity, friendship, cooperation with Islamic world to new level: Chinese FM"
2022-03-23 00:11:01,Top political advisor stresses concerted efforts to create bright future for Xinjiang
2022-03-23 00:00:47,
2022-03-23 07:57:05,Hong Kong strives to tackle COVID-19
2022-03-23 01:57:15,6.6-magnitude quake hits Taiwan's Hualien: CENC
