﻿2022-05-08 14:01:45,John Lee elected as HKSAR's sixth-term chief executive designate
2022-05-08 23:15:04,"HKSAR holds chief executive election, winner ready to roll up sleeves"
2022-05-08 09:28:15,"China's BRI projects greatly benefit Cambodian economy, people: officials, experts"
2022-05-09 20:10:17,"China Focus: China adheres to zero-COVID policy, minimizes epidemic's impact on economy"
2022-05-09 23:20:16,Xinhua Headlines: A look at younger generation on China's new journey
2022-05-10 04:20:30,China launches cargo craft for space station supplies
2022-04-13 15:15:51,GLOBALink | Female livestreamer helps locals increase income in Xinjiang
2022-04-20 07:23:15,24 Solar Terms: Grain Rain
2022-04-24 08:18:05,GLOBALink | Parkour teenagers in ancient city of Kashgar
2022-05-05 07:30:12,24 Solar Terms: Start of Summer
2022-05-07 12:40:13,China releases Chang'e-5 payloads' scientific datasets
2022-05-07 20:54:43,Dates set for China's 2022 national college entrance exam
2022-05-07 20:39:45,"China Focus: ""Chef course"" for school kids stokes spirited discussions online"
2022-05-08 17:28:16,"Shanghai reports 215 confirmed, 3,760 asymptomatic local COVID-19 cases"
2022-05-08 20:28:58,Beijing reports 39 new local COVID-19 cases
2022-05-08 22:20:16,Central gov't liaison office lauds HKSAR chief executive election
2022-05-08 09:34:16,"1,115 COVID-19 patients discharged from hospitals on Chinese mainland"
2022-05-08 10:59:29,"Chinese mainland reports 319 new local COVID-19 cases, 215 in Shanghai"
2022-05-09 23:51:01,"HKSAR government's Leisure, Cultural Services Dept steps up enforcement actions on anti-epidemic regulations"
2022-05-09 19:43:47,"Interview: China's banking and insurance sectors resilient to risks, uncertainties"
2022-05-09 15:48:43,6.2-magnitude quake hits waters off Taiwan: CENC
2022-05-09 17:26:47,
2022-05-09 20:17:58,China activates Level-IV emergency response for floods
2022-05-09 09:18:30,"Chinese mainland reports 401 new local COVID-19 cases, 322 in Shanghai"
2022-05-09 23:54:02,External interference in Hong Kong affairs doomed to be self-defeating: Commissioner's office of Chinese foreign ministry in HKSAR
2022-05-09 21:13:28,Economic Watch: China's foreign trade shows resilience amid pandemic
2022-05-09 21:25:32,China Focus: Modern technology aids China's epidemic fight
2022-05-09 15:52:35,
2022-05-09 22:05:29,Beijing reports 50 new local COVID-19 infections
2022-05-09 21:26:28,China to make better use of structural monetary policy tools
2022-05-09 23:20:16,Xinhua Headlines: A look at younger generation on China's new journey
2022-05-09 11:19:11,Chinese culture show staged in Ghana university to boost friendly ties
2022-05-09 23:38:16,"NED is actually ""second CIA"" of U.S.: FM spokesperson"
2022-05-09 09:52:45,"Chinese mainland reports 401 new local COVID-19 cases, 322 in Shanghai"
2022-05-09 23:56:11,Beijing reports 50 new local COVID-19 infections
2022-05-09 20:14:13,Beijing reports 50 new local COVID-19 infections
2022-05-09 15:46:32,
2022-05-09 19:45:43,First TCM herb train from Vietnam arrives in China
2022-05-09 00:59:45,"Chinese FM meets Cambodian counterpart, calling on world to listen more to Asian voices"
2022-05-09 01:06:11,"HKSAR's sixth-term chief executive election successful practice of ""patriots administering Hong Kong"": Commissioner's office of Chinese foreign ministry in HKSAR"
2022-05-09 22:37:36,Pic story: deliveryman in Zhengzhou works in front line of epidemic prevention and control 
2022-05-10 01:03:58,"China calls for global cooperation on fighting drought, desertification"
2022-05-10 00:46:57,China set to launch Tianzhou-4 cargo spacecraft
2022-05-10 04:20:30,China launches cargo craft for space station supplies
2022-05-10 01:54:17,Xinhua Commentary: American-type election inapplicable to Hong Kong
2022-05-10 01:11:15,Chinese spokesperson slams Western countries smearing Hong Kong election
2022-05-10 02:03:15,"China calls for equal, balanced global development partnership"
2022-05-10 00:02:56,Chinese vice premier reiterates dynamic zero-COVID policy
2022-05-10 07:23:51,Pic story: recipient of China Youth May Fourth Medal
