﻿2022-05-26 00:55:28,"Karot hydropower project under CPEC to generate eco-friendly, cheap electricity: Pakistani PM"
2022-05-27 19:34:17,"UN Mideast envoy calls for coordinated, strategic approach to Israeli-Palestinian issue"
2022-05-25 22:05:44,Kenya's Standard Gauge Railway enhancing seamless movement of bulk cargo to spur growth
2022-05-26 03:50:31,"Turkey says Finland, Sweden's NATO bids not to progress unless Ankara's concerns addressed"
2022-05-26 02:19:31,Roundup: COVID-19 cases surge again in U.S. as new Omicron subvariant takes hold
2022-05-26 05:35:41,"Roundup: Victims identified, gunman's mental health questioned in Texas school shooting"
2022-05-26 20:28:26,World Economic Forum calls for closer global cooperation
2022-05-26 03:09:30,Feature: Chinese Bridge language contest promotes Sino-Egypt friendship
2022-05-26 16:51:16,Feature: Can U.S. turn pain of gun violence into action?
2022-05-26 01:28:28,At least 14 killed after explosions rock Afghan cities
2022-05-26 04:09:30,"Roundup: Monkeypox cases rising in EU, authorities urge countries to take measures"
2022-05-26 17:08:45,
2022-05-26 23:49:15,China-trained Myanmar athletes achieve good results at 31st SEA Games
2022-05-27 19:42:15,Zimbabwe's inflation spirals above 130 pct amid currency depreciation
2022-05-27 17:09:14,"People mourn for victims of school mass shooting in Uvalde, Texas"
2022-05-27 11:33:45,"Strong quake hits eastern Indonesia, but no tsunami expected"
2022-05-27 04:50:46,"Ukrainian president, Finnish PM discuss Ukraine's European integration, post-conflict recovery"
2022-05-27 09:19:13,UN chief condemns violence against civilians in Afghanistan
2022-05-27 01:17:30,Zimbabwe's employment returning almost to pre-pandemic level: survey
2022-05-27 19:26:00,UN Security Council fails to adopt resolution on DPRK sanctions
2022-05-27 01:19:30,Countries attempting to isolate Russia only hurt themselves: Putin
2022-05-27 12:17:45,"World Insights: Brazilian state's ""strategic partnership"" with BRICS bank ""essential"" for sustainable urban development"
2022-05-27 21:18:18,2022 Camping Show kicks off in Seoul
2022-05-27 09:08:17,5 miners killed in Bolivia landslide
2022-05-27 09:51:31,Abbas names adviser al-Sheikh to lead PLO executive committee
2022-05-27 21:30:29,Somalia warns severe drought could affect 8 mln people
2022-05-27 12:24:01,"Strong quake hits eastern Indonesia, no tsunami warning issued"
2022-05-27 21:17:32,"Morocco, Israel sign scientific cooperation agreement"
2022-05-27 05:57:58,Chinese envoy criticizes U.S. for failure as penholder on issue of South Sudan sanctions
2022-05-27 14:54:58,
2022-05-27 04:58:46,"Ukrainian, German FMs discuss heavy weapon supplies"
2022-05-27 06:05:41,Biden to visit Uvalde in aftermath of school mass shooting
2022-05-27 19:34:17,"UN Mideast envoy calls for coordinated, strategic approach to Israeli-Palestinian issue"
2022-05-27 09:33:13,Chile urges workforce to get COVID-19 booster shot due to rise in cases
2022-05-27 22:48:01,"Roma, Tottenham to meet in friendly match in Israel"
2022-05-27 22:58:59,"Feature: Landmines, lingering spectre of cruel war, still haunt civilians in northern Yemen"
2022-05-27 18:24:28,"At least 37,000 people displaced amid resurgence of fighting in NE DR Congo"
2022-05-27 21:38:31,"Ethiopia repatriates some 28,000 undocumented nationals from Saudi Arabia in two months"
2022-05-27 22:52:00,Feature: Chinese-built SGR passenger train service easing mobility for Kenya's working class
2022-05-27 21:22:32,Business receipts of Singapore's services industries decline 1.6 pct in 1st quarter
2022-05-27 21:41:31,Pregnant Sumatran elephant found dead of suspected poisoning in Indonesia
2022-05-27 21:18:17,2022 Camping Show kicks off in Seoul
2022-05-27 22:50:56,"Macron, Albanese agree to rebuild France-Australia ties"
2022-05-27 22:08:46,"Facts about Russia-Ukraine conflict: Ukrainian, German FMs discuss heavy weapon supplies"
2022-05-27 22:25:45,Cypriot president restarts peace talks with Turkish Cypriot community
2022-05-27 18:23:30,Students across America protest Texas school shooting as threats of violence continue
2022-05-27 22:20:43,U.S. Fed's closely watched inflation measure up 6.3 pct in April
2022-05-27 21:16:29,"Iran blames U.S. wrong ""expansionist"" policies for Afghan issue: media"
