﻿2022-08-12 20:32:46,Asian elephants embrace baby boom in China amid enhanced conservation efforts
2022-08-13 23:57:04,China renews red alert for high temperatures
2022-08-13 07:20:56,Hydropower project for multiple purposes under construction in south China
2022-08-13 21:42:15,China renews red alert for high temperatures
2022-08-14 23:04:30,Silk Road int'l expo pushes for deeper Belt and Road cooperation
2022-08-14 07:30:31,"Sanya strives to ensure daily life supplies for local residents, stranded tourists"
2022-08-14 14:35:47,Foreign band sings song of Belt and Road to the world
2022-08-14 19:27:09,"Workers conduct routine maintenance of Yingpan Road tunnel in Changsha, Hunan"
2022-06-20 08:55:04,"GLOBALink | See you again, Bayanbulak"
2022-06-21 07:36:44,24 Solar Terms: Summer Solstice
2022-07-07 07:14:05,24 Solar Terms: Lesser Heat
2022-07-23 07:29:03,24 Solar Terms: The Great Heat
2022-08-12 13:23:00,"China improves rail, air travel services in summer travel rush"
2022-08-12 21:15:00,China sets world record in steady high magnetic field research
2022-08-12 19:44:45,China issues highest alert for high temperatures
2022-08-12 18:36:15,Xinhua Commentary: Grasp the new starting point for China's reunification
2022-08-12 00:03:30,China Focus: Taiwan studies experts expound on significance of white paper
2022-08-12 14:01:45,China Focus: Harvest from heavenly breeding
2022-08-12 19:02:31,16 films shortlisted for top award at Beijing Int'l Film Festival
2022-08-12 19:38:45,China sets world record in steady high magnetic field research
2022-08-12 22:40:00,FM spokesperson announces China's sanctions on Lithuanian Deputy Minister of Transport and Communications
2022-08-13 15:27:30,"Beijing Int'l Film Festival kicks off, 16 candidates vying for top award"
2022-08-13 13:10:30,China renews red alert for high temperatures
2022-08-13 15:43:45,Giant panda in Shaanxi gives birth to twins
2022-08-13 00:26:30,Central China province responds to high temperature-induced drought
2022-08-13 13:48:45,"Taiwan lowers 2022 economic growth forecast, ups CPI growth expectation"
2022-08-13 21:18:31,
2022-08-13 21:02:46,
2022-08-13 09:35:45,China's Jiangsu makes headway in integrated development over past decade
2022-08-14 17:19:00,"Int'l community affirms one-China principle, lauds white paper on Taiwan"
2022-08-14 11:45:02,Show Me China | My Stories @ Digital China (Episode 2) : Growing with the Robots in China 
2022-08-14 18:28:30,"5.9-magnitude quake jolts China's Qinghai, no casualties reported"
2022-08-14 00:19:15,Vice premier urges swift containment of COVID-19 resurgence in Hainan
2022-08-14 22:50:45,"Xi encourages ""Good Samaritans of China"" to project positive energy for the good of society"
2022-08-14 19:55:00,"China's excavator sales, exports up in July"
2022-08-14 16:17:15,Taiwan's New Party makes positive contributions to cross-Strait relations: mainland spokesperson
2022-08-14 20:22:15,"China's Hainan sees 3,809 confirmed COVID cases in Aug. 1-13"
2022-08-14 18:34:15,Northeast China port sees surge in China-Europe freight train trips
2022-08-14 09:18:30,China develops detection drone for weather modification
2022-08-14 21:13:45,Taiwan universities see shortfall in enrollment
2022-08-14 20:23:30,Xinhua Commentary: Historic goal of reuniting motherland must be realized
2022-08-14 20:19:00,Foreign trade of east China's Jiangxi up 45.2 pct in Jan.-July
2022-08-14 21:11:30,Silk Road int'l expo pushes for deeper Belt and Road cooperation
2022-08-14 22:08:34,Sanya optimizes processes of nucleic acid testing amid latest COVID-19 resurgence
2022-08-14 21:35:30,"China, Thailand kick off joint air force training exercise"
2022-08-14 22:57:30,Full text of Xi Jinping's letter to grassroots heroes
2022-08-14 15:43:15,Xi replies to letter from grassroots heroes
2022-08-15 00:09:30,Economic Watch: Silk Road int'l expo pushes for deeper Belt and Road cooperation
2022-08-15 00:26:15,China takes action to prevent casualties due to downpours
