﻿2022-08-31 21:33:47,China-Europe freight train from Turkmenistan arrives at China's Xi'an
2022-08-31 21:00:46,"Xinhua Headlines: From backwater to clean energy base, China's Gansu accelerates green development"
2022-09-01 22:05:47,Achievement Exhibition of China's Trade in Services held in Beijing
2022-09-01 07:28:04,Global Trade in Services Summit held in Beijing
2022-09-01 23:18:48,"Xinhua Headlines: China committed to wider opening-up in services trade, promoting global economic recovery"
2022-09-02 00:06:00,Top legislature holds joint inquiry meeting to deliberate report on environmental protection law enforcement
2022-06-20 08:55:04,"GLOBALink | See you again, Bayanbulak"
2022-06-21 07:36:44,24 Solar Terms: Summer Solstice
2022-07-07 07:14:05,24 Solar Terms: Lesser Heat
2022-07-23 07:29:03,24 Solar Terms: The Great Heat
2022-08-29 13:23:00,Feature: Italian fashion designer builds dream life on east China island
2022-08-31 09:31:45,Chinese researchers develop anti-SARS-CoV-2 nanomaterial
2022-08-31 20:30:45,"Counter-terrorism forum in Beijing eyes int'l cooperation, smart weaponry"
2022-08-31 20:11:45,Feature: China's humanitarian aid to Pakistani flood victims testimony of ironclad friendship
2022-08-31 21:58:45,Chinese political advisors discuss promotion of exchanges among all ethnic groups
2022-08-31 21:04:15,"China's Qinghai achieves plateau eco-protection, economic development"
2022-08-31 20:58:15,Chinese top legislator meets Russian ambassador to China
2022-08-31 20:50:00,Millennia-old post office along ancient Silk Road to open to public
2022-08-31 21:15:01,
2022-08-31 18:29:00,Feature: Chinese ballet prince shines on top western stage
2022-08-31 22:33:45,"Top Chinese legislator calls for in-depth investigation, research from deputies"
2022-08-31 17:02:30,Chinese Vice Premier to attend Taiyuan Energy Low Carbon Development Forum 2022
2022-09-01 21:05:45,Iran's cooperation with SCO members important: president
2022-09-01 20:48:46,
2022-09-01 23:09:00,Lushan Conference for Global Business Leaders to focus on sustainable development
2022-09-01 21:41:30,China's Shenzhou-14 astronauts conduct extravehicular activities
2022-09-01 21:20:15,China Coast Guard wraps up fishery patrol in North Pacific
2022-09-01 22:11:15,Chinese vice premier stresses building low-carbon energy system
2022-09-01 18:45:15,Xi Focus: China's services trade opening-up creates opportunities for world
2022-09-01 23:12:46,China issues guideline to further promote national defense education
2022-09-01 22:21:30,Chinese premier stresses need to nurture higher-quality products
2022-09-01 20:55:15,China opposes U.S. abuse of export control measures: commerce ministry
2022-09-01 16:49:45,New COVID-19 resurgence in Taiwan on the way
2022-09-01 00:58:30,"Chinese vice premier stresses healthy, sustainable development of services trade"
2022-09-01 22:10:15,GLOBALink | China's Shenzhou-14 astronauts conduct extravehicular activities
2022-09-01 20:24:00,Supply of China's daily necessities generally sufficient: commerce ministry
2022-09-01 23:43:15,"Domestic, overseas press invited to cover 20th CPC national congress"
2022-09-01 20:44:15,China's R&D spending intensity builds up in 2021: statistics
2022-09-01 23:29:30,China's Shenzhou-14 astronauts conduct extravehicular activities
2022-09-01 00:07:45,Hong Kong to get more support in contribution to building of Belt and Road
2022-09-02 10:17:30,Rewi Alley remembered for New Zealand-China ties
2022-09-02 07:26:26,2022 Hunan (International) General Aviation Industry Expo kicks off
2022-09-02 00:06:00,Top legislature holds joint inquiry meeting to deliberate report on environmental protection law enforcement
2022-09-02 10:05:02,"Guangdong, HKSAR gov't to set up 13 working groups"
2022-09-02 09:50:16,Chinese mainland reports 318 new local confirmed COVID-19 cases
2022-09-02 07:26:24,"Highlights of ""Snow Lotus-Fang Ying Haute Couture"" fashion show at CIFTIS"
2022-09-02 10:02:00,Market exchange rates in China -- Sept. 2
2022-09-02 10:18:47,Chinese mainland reports 318 new local confirmed COVID-19 cases
2022-09-02 01:36:00,China's Shenzhou-14 astronauts complete first extravehicular activities
2022-09-02 09:59:45,Chinese yuan weakens to 6.8917 against USD Friday
