﻿2022-07-30 21:59:15,China's national archives open in Beijing
2022-07-30 01:05:28,"Tianjin zone marks leasing of 2,000th aircraft"
2022-07-31 23:01:32,Xinhua Headlines: Coordinated development energizes Chinese port city
2022-07-31 13:45:00,Kyrgyz president meets with Chinese FM
2022-08-01 23:38:46,"Xinhua Headlines: China strives to maintain momentum of economic growth, aiming for best possible results"
2022-08-01 16:16:02,
2022-08-02 00:12:45,"State councilor calls for all-out flood control, drought relief efforts"
2022-06-06 08:18:04,24 Solar Terms: Grain in Ear
2022-06-20 08:55:04,"GLOBALink | See you again, Bayanbulak"
2022-06-21 07:36:44,24 Solar Terms: Summer Solstice
2022-07-07 07:14:05,24 Solar Terms: Lesser Heat
2022-07-29 22:00:00,China launches new group of remote sensing satellites
2022-07-30 23:30:30,"Economic Watch: RCEP deepens industrial chain cooperation between China, ASEAN"
2022-07-30 23:39:15,"China, Kyrgyzstan agree to build community with shared future"
2022-07-31 23:57:30,Xi attends reception celebrating 95th founding anniversary of PLA
2022-07-31 13:55:30,Debris from Chinese rocket reenters atmosphere
2022-07-31 16:29:00,"Rainstorms affect 222,000 people in China's Liaoning"
2022-07-31 15:13:45,Shanxi launches first int'l freight train via China-Laos Railway
2022-07-31 11:07:45,Chinese mainland reports 74 new local confirmed COVID-19 cases
2022-08-01 15:21:45,"Driven by sizzling sci-fi comedy, China's summer box office picks up speed"
2022-08-01 00:37:15,Chinese museum solicits cultural relics exhibits worldwide
2022-08-01 16:58:15,China Focus: New law on black soil protection comes into force
2022-08-01 12:58:31,China renews yellow alert for high temperatures
2022-08-01 00:11:00,China renews yellow alert for high temperatures
2022-08-01 17:07:30,China Focus: Experts call for cooperation to boost high-quality digital economy development
2022-08-01 20:56:36,Remote county in NW China promotes local tourism with various activities
2022-08-01 19:24:00,China to grant zero-tariff treatment for 16 least-developed countries
2022-08-01 21:45:02,
2022-08-01 23:19:30,Xi Focus: PLA striving to build world-class military under Xi's leadership
2022-08-01 16:07:45,Photo exhibition chronicles Taiwan youths' hiking trips in mainland
2022-08-01 21:19:15,Scientists design two-in-one antibodies against COVID-19 variants
2022-08-01 15:22:31, An oasis in north China desert
2022-08-01 22:19:15,Shenzhen allows fully autonomous vehicles on certain roads
2022-08-01 10:06:00,Intangible cultural heritage exhibition held in Xinjiang
2022-08-01 21:48:04,Transmission tower of major UHV power transmission project in E China completes construction of main structure
2022-08-01 19:24:31,Profile: Demining hero rises from abyss
2022-08-01 21:00:45,"China's law on futures, derivatives trading takes effect"
2022-08-01 20:43:45,China's Jilin takes steps towards all-round revitalization
2022-08-01 23:25:00,Roundup: Foreign officials appreciate Chinese military's contribution to safeguarding world peace
2022-08-01 23:32:15,PLA not to sit idly by if Pelosi visits Taiwan: Chinese spokesperson
2022-08-01 20:43:00,China's futures market sees higher trading in July
2022-08-01 20:36:46,
2022-08-01 23:53:15,Chinese researchers study producing fishmeal from industrial exhaust gases
2022-08-01 21:36:14,Shougang Park in Beijing to be venue for 2022 CIFTIS
2022-08-01 19:49:30,Hong Kong economy logs rebound in Q2 amid challenges: gov't advance estimates
2022-08-01 20:22:45,Macao SAR gradually returns to normal with epidemic under control
2022-08-02 00:05:00,China forbids COVID-19-related employment discrimination
2022-08-02 00:50:45,"Chinese, Tajik FMs hold talks on boosting ties"
2022-08-02 00:12:45,"State councilor calls for all-out flood control, drought relief efforts"
2022-08-02 00:56:45,Tajik president meets Chinese FM on boosting cooperation
