﻿2022-06-23 20:28:00,Senior legislators meet to deliberate law drafts
2022-06-24 07:40:27,HK vibrant with celebratory atmosphere ahead of 25th anniversary of return to motherland
2022-06-24 23:03:15,Xi hosts High-level Dialogue on Global Development
2022-06-24 01:20:31,"The China-Europe Railway Express (Chongqing) embarks on its 10,000th trip"
2022-06-24 19:06:07,Senior high school entrance examination in Beijing kicks off
2022-06-25 00:25:45,"China's top political advisor underscores CPPCC's cultural, historical work"
2022-05-29 13:05:59,
2022-06-06 08:18:04,24 Solar Terms: Grain in Ear
2022-06-20 08:55:04,"GLOBALink | See you again, Bayanbulak"
2022-06-21 07:36:44,24 Solar Terms: Summer Solstice
2022-06-23 11:19:45,China launches new batch of remote sensing satellites
2022-06-23 20:29:00,China aims to boost digital government construction
2022-06-23 18:22:15,Across China: Technologies aid efforts to raise public awareness of cultural relic restoration
2022-06-23 18:20:13,China to establish national demonstration zones for IPR protection
2022-06-23 23:50:59,China Focus: China promotes cooperation among BRICS countries in fighting COVID-19 pandemic
2022-06-23 17:13:48,
2022-06-23 22:30:29,"Chinese, Iranian FMs holds phone conversation on ties"
2022-06-23 01:05:44,Veterans encouraged to work as teachers in China
2022-06-24 10:54:00,No casualties reported from Xinjiang's 5.1-magnitude quake
2022-06-24 21:49:14,Economic Watch: RCEP deepens China-ASEAN economic and trade cooperation
2022-06-24 10:05:45,"China-Europe Railway Express (Chongqing) embarks on 10,000th trip"
2022-06-24 18:43:00,Beijing reports two new local COVID-19 infections
2022-06-24 19:07:00,China steps up support for unemployed college graduates
2022-06-24 20:54:44,China Focus: Beijing-Hebei section of Grand Canal opens to navigation for tourism
2022-06-24 12:26:45,Taiwan's jobless rate rises to 3.68 pct in May
2022-06-24 18:06:47,China adopts amendment to anti-monopoly law
2022-06-24 22:22:19,Xiamen expands trade cooperation with BRICS countries
2022-06-24 22:15:14,China's top legislature concludes standing committee session
2022-06-24 22:02:00,"Hong Kong to distribute 190,000 RAT kits following sewage COVID-19 detection"
2022-06-24 11:12:14,China adopts amendment to anti-monopoly law
2022-06-24 09:17:30,Chinese mainland reports 18 new local confirmed COVID-19 cases
2022-06-24 09:10:15,
2022-06-24 09:57:43,"(HKSAR 25) Roundup: Retaining competitive edge, Hong Kong embarks on new journey toward prosperity"
2022-06-24 10:37:01,Life-saving relay amid floods in south China
2022-06-24 09:56:49,Chinese mainland reports 18 new local confirmed COVID-19 cases
2022-06-24 18:39:00,Chinese neuroscientist receives 2022 L'Oreal-UNESCO For Women in Science Award
2022-06-24 01:09:15,Full text of 14th BRICS Summit Beijing Declaration
2022-06-24 11:20:30,China passes new law to strengthen black soil protection
2022-06-25 00:03:45,China revises sports law
2022-06-25 07:10:40,Scenery of Arxan National Forest Park in Inner Mongolia
2022-06-25 00:25:45,"China's top political advisor underscores CPPCC's cultural, historical work"
2022-06-25 07:02:45,U.S.-listed Chinese firms trade higher
2022-06-25 08:24:31,Xinhua Headlines: President Xi calls for high-quality partnership for new era of global development
2022-06-25 03:44:15,Xi speaks mind of developing countries: foreign minister
2022-06-25 03:00:14,Chinese vice premier urges progress on Hainan free trade port
2022-06-25 01:06:00,Xinhua Headlines: President Xi calls for high-quality partnership for new era of global development
2022-06-25 03:39:30,"China to strengthen exchanges, mutual learning with Latin America: Chinese FM"
2022-06-25 09:03:45,Xi to attend meeting marking 25th anniversary of HK's return to motherland
