﻿2022-06-20 00:05:47,China-Laos Railway inducts Lao train drivers
2022-06-22 03:10:45,Aswan Forum kicks off in Egypt with focus on multidimensional crises in Africa
2022-06-19 21:28:00,"Greeks, Turks share pessimism for economy, skepticism over Ukraine crisis: survey"
2022-06-19 14:03:00,Roundup: Europe faces unusual mid-June heatwave
2022-06-19 19:12:15,Duterte-Carpio sworn in as Philippines' 15th vice president
2022-06-19 10:02:30,Thousands gather in Washington D.C. for Poor People's Campaign
2022-06-19 00:14:14,Russia to temporarily suspend gas supply via Turkish Stream pipeline
2022-06-19 13:12:00,U.S. National Security Adviser Jake Sullivan tests positive for COVID-19
2022-06-20 03:37:15,Macron's alliance leads legislative elections without absolute majority: reports
2022-06-20 02:50:13,News Analysis: Israeli gas exports can hardly fill European energy gap left by Russia: experts
2022-06-20 12:54:15,Gustavo Petro elected president of Colombia in 2nd round of elections
2022-06-20 19:54:00,Ukraine continues consultations on security guarantee: presidential advisor
2022-06-20 10:27:30,No absolute majority for Macron following legislative elections: Interior Ministry
2022-06-20 21:34:30,
2022-06-20 11:04:45,S.Korean president's approval rating stays at 48 pct: poll
2022-06-20 07:59:00,Gustavo Petro elected president of Colombia in second round of elections
2022-06-20 10:32:30,Multiple people injured as shooting erupted in U.S. capital
2022-06-20 21:10:30,Israel says builds U.S.-sponsored Mideast air defense alliance
2022-06-21 22:34:00,UK's biggest rail strike in 30 years causes major disruption
2022-06-21 16:55:15,"Interview: Media crucial for better understanding among BRICS, media veteran says"
2022-06-21 07:10:59,Petro's win in Colombia offers chance for dialogue: Venezuelan ruling party
2022-06-21 14:24:30,
2022-06-21 20:50:17,Kenya reinstates mask mandate as COVID-19 positivity rate spikes
2022-06-21 19:08:47,New Yorkers honor lives lost to COVID-19 at Juneteenth celebration
2022-06-21 21:47:45,"Hungary supports Ukraine's EU bid, Orban tells Zelensky"
2022-06-22 05:44:00,Turkey extends troop deployment in Libya for another 18 months
2022-06-22 02:49:45,"Israeli FM, Blinken discuss Biden's upcoming visit"
2022-06-22 07:54:09,"Aftermath of coastal flood in Semarang, Indonesia"
2022-06-22 06:09:59,Chinese envoy calls on UN Security Council to adjust Sudan sanctions
2022-06-22 05:46:58,"Egyptian president, Saudi Arabian crown prince vow to address security threats"
2022-06-22 04:24:00,Biden appoints first Native American to serve as treasurer
2022-06-22 04:40:00,UN chief condemns attacks in Mali that killed over 100 people
2022-06-22 04:01:00,Chinese envoy warns against antagonism over Ukraine conflict
2022-06-22 00:03:16,"Egypt, Saudi sign 7.7-bln-USD investment deals"
2022-06-22 01:06:32,India's ruling alliance announces Draupadi Murmu as its presidential candidate
2022-06-21 23:52:15,"Egypt, Greece sign deal on building submarine cable"
2022-06-22 02:53:45,Africa's COVID-19 cases surpass 11.74 mln: Africa CDC
2022-06-22 03:10:45,Aswan Forum kicks off in Egypt with focus on multidimensional crises in Africa
2022-06-22 09:38:45,Singapore reports imported monkeypox case
2022-06-22 09:36:46,Australian Bureau of Meteorology warns against return of receding La Nina
2022-06-22 09:30:46,"S.Korea reports 8,992 new COVID-19 cases"
2022-06-22 04:49:00,Roundup: EU states using strategies to confront price hike at gasoline pump
2022-06-22 07:51:06,Heat wave hits Romania
2022-06-22 06:25:00,"Portugal raises 32.7 mln euros for climate, energy, mobility"
2022-06-22 07:28:52,2022 Collision Conference held in Toronto
2022-06-22 05:23:00,U.S. stocks rally after S&P 500's worst week in over 2 years
2022-06-22 07:39:03,"Go Skateboarding Day celebrated in Vancouver, Canada"
