﻿2022-04-12 21:58:47,"Hainan's Maona Village promotes rural tourism to increase locals' incomes, expedite rural revitalization"
2022-04-13 21:14:15,Tiered mechanism helps with Shanghai's COVID-19 fight  
2022-04-14 23:29:18,Xinhua Headlines: Shanghai boosts supply of necessities amid COVID-19 resurgence
2022-04-14 07:33:01,Online platform ensures supplying necessities to residents amid epidemic resurgence in Shanghai
2022-04-14 20:26:15,First batch of patients discharged from the largest makeshift hospital in east China's Shanghai
2022-03-20 08:17:09,24 Solar Terms: Spring Equinox 
2022-03-23 10:21:55,
2022-03-31 11:12:50,GLOBALink | Shopkeeper in grand bazaar in Xinjiang
2022-04-05 07:15:59,24 Solar Terms: Qingming
2022-04-12 22:11:30,"Chinese premier stresses need to stabilize macroeconomy, ensure people's livelihoods"
2022-04-13 21:09:00,China Focus: More Hollywood movies feature Chinese elements
2022-04-13 23:18:30,Marine reptile fossil dating back 250 million years found in south China
2022-04-13 23:28:31,"China to promote steady growth in consumption and foreign trade, and stabilize economic fundamentals"
2022-04-13 20:27:45,80 percent elderly in Beijing vaccinated against COVID-19
2022-04-13 22:57:30,Chinese premier stresses promoting consumption to stabilize economic fundamentals
2022-04-13 16:16:43,"Spokesperson slams DPP attempts to ""internationalize"" Taiwan question"
2022-04-14 15:48:03,Inflatable COVID-19 testing lab improves Shanghai's screening capacity
2022-04-14 20:41:30,Across China: Chinese craftsmen revive century-old British heritage building
2022-04-14 20:34:32,Feature: Pet-care service comforts quarantined owners
2022-04-14 23:54:15,Carrie Lam urges elderly people in Hong Kong to get 4th COVID-19 vaccine dose
2022-04-14 21:05:30,China to continue to place Pakistan a priority in neighborhood diplomacy: spokesperson
2022-04-14 09:13:45,"Chinese mainland reports 2,999 new local confirmed COVID-19 cases"
2022-04-14 22:06:13,China issues plan to strengthen basic education teacher force
2022-04-14 19:04:13,China's Xi'an launches new freight train service to Europe
2022-04-14 20:49:31,Economic Watch: Foreign auto companies optimistic about Chinese market
2022-04-14 10:01:03,"2,024 COVID patients discharged from hospitals on Chinese mainland"
2022-04-14 21:59:07,Commissioner's office of Chinese foreign ministry in HKSAR slams U.S. human rights report
2022-04-14 21:46:50,Zhang Qixiang elected mayor of China's Harbin
2022-04-14 20:58:31,Economic Watch: Experts emphasize developing green hydrogen in China for industrialization
2022-04-14 20:44:31,Paul Chan appointed as chairman of HKSAR's candidate eligibility review committee
2022-04-14 17:38:48,
2022-04-14 20:57:32,CPC solicits public opinions on upcoming national congress
2022-04-14 00:04:45,"U.S. human rights report reveals hypocrisy, double standards: FM spokesperson"
2022-04-14 16:52:45,
2022-04-14 21:50:48,U.S. urged to protect rights of ethnic minorities
2022-04-14 19:26:02,Xi Focus: Xi orders building world-leading spacecraft launch site
2022-04-14 10:51:00,"Chinese mainland reports 2,999 new local confirmed COVID-19 cases"
2022-04-14 20:33:30,China to tighten virtual currency regulation
2022-04-14 01:18:45,BRICS countries agree to strengthen collaboration to address global challenges
2022-04-14 19:48:15,China Focus: China to further enhance BeiDou's global services
2022-04-14 23:54:18,"Chinese premier stresses flood control, drought relief"
2022-04-14 17:10:47,
2022-04-15 07:39:34,Installed capacity of wind farms in Tianjin reaches 1.296 mln kw
2022-04-15 08:18:17,"Shanghai: 3,200 local confirmed, 19,872 asymptomatic COVID cases"
2022-04-15 00:06:32,"Chinese, Vietnamese FMs hold phone talks over ties"
2022-04-15 07:13:56,Medical team from Chongqing leaves for Shanghai
2022-04-15 00:01:33,No casualties reported following freight train accident in north China
2022-04-15 00:14:28,Shenzhou-13 to separate from space station core module
