﻿2022-06-24 01:20:31,"The China-Europe Railway Express (Chongqing) embarks on its 10,000th trip"
2022-06-24 19:06:07,Senior high school entrance examination in Beijing kicks off
2022-06-25 21:55:14,"Political advisors discuss protection of excellent culture, art of ethnic minorities"
2022-06-25 21:47:03,"BRICS cooperation injects vitality into global development, wins worldwide applause"
2022-06-25 00:25:45,"China's top political advisor underscores CPPCC's cultural, historical work"
2022-06-26 20:34:30,China's top political advisor meets with CPC members of Taiwan origin
2022-06-26 18:31:15,Xinhua Headlines: Xinjiang farmers indignant about being labeled by U.S. lies
2022-05-29 13:05:59,
2022-06-06 08:18:04,24 Solar Terms: Grain in Ear
2022-06-20 08:55:04,"GLOBALink | See you again, Bayanbulak"
2022-06-21 07:36:44,24 Solar Terms: Summer Solstice
2022-06-23 18:22:15,Across China: Technologies aid efforts to raise public awareness of cultural relic restoration
2022-06-23 18:20:13,China to establish national demonstration zones for IPR protection
2022-06-23 01:05:44,Veterans encouraged to work as teachers in China
2022-06-24 22:15:14,China's top legislature concludes standing committee session
2022-06-24 18:39:00,Chinese neuroscientist receives 2022 L'Oreal-UNESCO For Women in Science Award
2022-06-24 11:20:30,China passes new law to strengthen black soil protection
2022-06-25 22:29:15,"Cambodia, China's Jiangsu province launch ""Silk Road E-commerce"""
2022-06-25 15:22:14,Sixth World Intelligence Congress opens in China's Tianjin
2022-06-25 00:03:45,China revises sports law
2022-06-25 11:41:44,Chinese mainland reports 7 new local confirmed COVID-19 cases
2022-06-25 00:25:45,"China's top political advisor underscores CPPCC's cultural, historical work"
2022-06-25 19:42:32,
2022-06-25 22:27:15,"China's Xinjiang condemns U.S. ""forced labor"" act"
2022-06-25 22:56:32,
2022-06-25 20:37:58,"Hong Kong to distribute 220,000 RAT kits following sewage COVID-19 detection"
2022-06-25 03:00:14,Chinese vice premier urges progress on Hainan free trade port
2022-06-25 14:00:59,"BRICS countries to consolidate, advance cooperation momentum: MOC"
2022-06-25 19:31:15,China's sci-tech talent is becoming more youthful
2022-06-25 11:29:45,"Beijing primary, middle schools announce reopening"
2022-06-25 22:47:06,
2022-06-25 03:39:30,"China to strengthen exchanges, mutual learning with Latin America: Chinese FM"
2022-06-26 22:54:01,Across China: SW China rehabilitation center helps people with drug addictions reintegrate into society
2022-06-26 18:56:14,Beijing reports 2 new local COVID-19 infections
2022-06-26 20:26:30,Shanghai reports two asymptomatic local COVID-19 cases
2022-06-26 21:02:30,China's bond market sees over 4.91 trln yuan issued in May
2022-06-26 21:01:33,China's dairy output up 2.9 pct in May
2022-06-26 20:09:30,"Hong Kong to distribute 190,000 RAT kits following sewage COVID-19 detection"
2022-06-26 20:34:30,China's top political advisor meets with CPC members of Taiwan origin
2022-06-26 21:02:31,China ships 17.74 mln 5G phones in May
2022-06-26 20:31:30,"UAE's Etihad Airways to resume direct flights between Abu Dhabi, Beijing"
2022-06-26 12:11:15,"Xi stresses listening to people's voices through internet, other channels"
2022-06-26 15:56:30,"China renews yellow alert for severe thunderstorms, downpour in vast regions"
2022-06-26 21:01:30,China to increase effective ecological investments
2022-06-26 14:59:15,"Xi stresses listening to people's voices through internet, other channels"
2022-06-27 07:24:27,Scenery of Yulong Snow Mountain in Yunnan
2022-06-27 00:46:15,Hong Kong's successes propelled by motherland's unwavering support
2022-06-27 07:19:05,Pic story: mural artist paints wall paintings in hometown in SW China
2022-06-27 07:24:45,Shenyang (China) Int'l Automobile Industry Expo 2022 concludes
