﻿2022-04-11 22:19:31,"Chinese premier calls for stabilization of employment, prices to shore up economy"
2022-04-12 20:50:30,Secure lives in Shanghai's temporary hospitals
2022-04-12 00:53:44,"Feature: ""New connections"" -- China bridges gap in Maldives' hottest growth spot"
2022-04-12 21:58:47,"Hainan's Maona Village promotes rural tourism to increase locals' incomes, expedite rural revitalization"
2022-04-13 23:48:46,Xinhua Headlines-Xi Focus: Xi stresses building Chinese free trade port with global influence
2022-04-13 21:14:15,Tiered mechanism helps with Shanghai's COVID-19 fight  
2022-04-14 07:33:01,Online platform ensures supplying necessities to residents amid epidemic resurgence in Shanghai
2022-03-20 08:17:09,24 Solar Terms: Spring Equinox 
2022-03-23 10:21:55,
2022-03-31 11:12:50,GLOBALink | Shopkeeper in grand bazaar in Xinjiang
2022-04-05 07:15:59,24 Solar Terms: Qingming
2022-04-12 10:35:47,"1,676 COVID-19 patients discharged from hospitals on Chinese mainland"
2022-04-12 19:49:30,China at critical point in fight against COVID-19: health spokesperson
2022-04-12 09:36:31,"Chinese mainland reports 1,251 new local confirmed COVID-19 cases"
2022-04-12 20:29:45,China's top political advisor meets Italian Senate speaker
2022-04-12 20:46:45,"Chinese premier stresses stabilizing macroeconomy, ensuring people's livelihood"
2022-04-12 22:11:30,"Chinese premier stresses need to stabilize macroeconomy, ensure people's livelihoods"
2022-04-12 07:02:00,Chinese envoy calls for true multilateralism in fight against COVID-19
2022-04-12 22:37:28,China's anti-graft chief urges solid work ahead of 20th CPC national congress
2022-04-13 19:45:31,Asteroid named after Chinese astronomical observatory
2022-04-13 16:06:47,
2022-04-13 23:02:31,China's supreme court vows to enhance digitalization of public complaints handling
2022-04-13 20:58:46,"Expert urges leveraging fiscal, monetary policies to spur market vitality"
2022-04-13 22:50:29,
2022-04-13 20:13:45,China installs deepwater jacket for offshore oil development
2022-04-13 18:36:01,"Cultural China: Seeking truth from facts, a lasting wisdom"
2022-04-13 21:07:58,Chinese premier stresses promoting consumption to stabilize economic fundamentals
2022-04-13 19:55:30,Mainland denounces DPP's denial of cross-Strait cultural ties
2022-04-13 23:48:46,Xinhua Headlines-Xi Focus: Xi stresses building Chinese free trade port with global influence
2022-04-13 21:09:00,China Focus: More Hollywood movies feature Chinese elements
2022-04-13 23:18:30,Marine reptile fossil dating back 250 million years found in south China
2022-04-13 19:15:13,Economic Watch: China's foreign trade sustains upward momentum despite mounting challenges
2022-04-13 15:07:15,DPP intimidation of enterprises denounced
2022-04-13 21:22:00,HKSAR chief executive says 3-day rapid antigen test exercise meets expectations
2022-04-13 22:16:16,Chinese scientists make quantum leap in secure direct communication
2022-04-13 23:28:31,"China to promote steady growth in consumption and foreign trade, and stabilize economic fundamentals"
2022-04-13 20:27:45,80 percent elderly in Beijing vaccinated against COVID-19
2022-04-13 22:57:30,Chinese premier stresses promoting consumption to stabilize economic fundamentals
2022-04-13 16:22:31,
2022-04-13 22:30:15,China's Shenzhen draws returned overseas Chinese talent
2022-04-13 23:16:30,Teenagers in pastoral areas of Tibet attend taekwondo camp
2022-04-13 16:16:43,"Spokesperson slams DPP attempts to ""internationalize"" Taiwan question"
2022-04-14 08:58:36,"Shanghai reports 2,573 new local confirmed COVID-19 cases, 25,146 asymptomatic carriers"
2022-04-14 07:33:01,Online platform ensures supplying necessities to residents amid epidemic resurgence in Shanghai
2022-04-14 07:40:51,Hangzhou highway port makes efforts to facilitate supplies amid COVID-19 flare-ups 
2022-04-14 00:04:45,"U.S. human rights report reveals hypocrisy, double standards: FM spokesperson"
2022-04-14 01:18:45,BRICS countries agree to strengthen collaboration to address global challenges
2022-04-14 07:48:06,Farmers return home for spring farming by chartered buses in NE China's Jilin 
2022-04-14 01:45:43,BRICS countries support Russia-Ukraine dialogue for comprehensive solution
