﻿2022-07-07 00:52:00,Kenya's SGR train ferries 7.8 mln passengers since inception
2022-07-08 23:08:15,"China, EU hold environment, climate dialogue"
2022-07-08 14:04:45,"Senior Chinese legislators meet to deliberate draft law, revision"
2022-07-09 21:56:31,Xinhua Headlines: Pearl River Delta transforms from world factory to technology hub
2022-07-09 23:10:16,Chinese FM meets with U.S. secretary of state
2022-06-06 08:18:04,24 Solar Terms: Grain in Ear
2022-06-20 08:55:04,"GLOBALink | See you again, Bayanbulak"
2022-06-21 07:36:44,24 Solar Terms: Summer Solstice
2022-07-07 13:24:57,Taikonauts to give lesson at China's space lab module
2022-07-07 21:14:00,"China Focus: Chinese, Australian astronomers detect key process of binary evolution"
2022-07-07 07:14:05,24 Solar Terms: Lesser Heat
2022-07-08 12:32:30,"China, EU urged to uphold their comprehensive strategic partnership"
2022-07-08 01:51:00,New follow-up project for China's south-to-north water diversion begins construction
2022-07-08 09:38:00,Chinese mainland reports 47 new local confirmed COVID-19 cases
2022-07-08 14:04:45,"Senior Chinese legislators meet to deliberate draft law, revision"
2022-07-08 19:14:00,China intensifies disaster relief as heavy rainfall continues
2022-07-08 19:14:44,China calls for sticking to true multilateralism at G20 meeting in Indonesia
2022-07-08 23:15:27,BRICS media urged to focus on global development cooperation at high-level forum
2022-07-08 18:59:45,"Forum opens in China, highlighting new opportunities brought by RCEP"
2022-07-08 23:34:30,China proposes cooperation initiative on global food security at G20 meeting
2022-07-09 22:29:59,Macao businesses asked to suspend operation to curb COVID-19
2022-07-09 00:32:30,HKSAR gov't condemns European Parliament resolution for defaming rule of law in Hong Kong
2022-07-09 09:09:14,Shanghai holds solo Giorgio Morandi exhibition
2022-07-09 01:05:29,Chinese vice premier stresses building national platform for educational public services
2022-07-09 18:23:00,China's largest SUV maker sees sales growth in June
2022-07-09 21:38:42,Chinese premier extends condolences over passing away of former Japanese PM Abe
2022-07-09 14:12:57,China Focus: Chinese scientists help solve riddle of Moon's largest crater
2022-07-09 18:58:47,
2022-07-09 13:55:59,"Xi stresses utilization of cultural relics, preservation of fine accomplishments of Chinese civilization"
2022-07-09 20:37:30,"Xi Focus: Xi stresses utilization of cultural relics, preservation of fine accomplishments of Chinese civilization"
2022-07-09 18:02:31,
2022-07-09 10:44:30,"China, France agree to enhance strategic collaboration, deepen pragmatic cooperation"
2022-07-09 18:14:59,"Chinese, Singaporean FMs meet on ties, cooperation"
2022-07-09 09:22:15,Dance training program helps boost China-Laos cultural exchange
2022-07-09 14:57:00,China's factory-gate inflation continues to ease in June
2022-07-09 15:16:31,
2022-07-09 21:14:44,"Xiplomacy: Xi dedicated to promoting human rights protection, development"
2022-07-09 09:16:12,14 ancient tombs unearthed in central China's Hunan
2022-07-09 22:44:15,"Over 166,000 people in Hong Kong take 4th dose of COVID-19 shot"
2022-07-09 18:16:59,"China, Netherlands vow to deepen practical cooperation"
2022-07-09 17:55:45,"China, Spain agree to further boost ties"
2022-07-09 23:40:16,"China, Germany agree to deepen bilateral cooperation in various fields"
2022-07-10 07:22:30,"Villagers perform water drum dance in Jianhe County, SW China"
2022-07-10 01:09:30,"China, Australia agree to smooth bilateral ties"
2022-07-10 09:19:00,SAIC-GM-Wuling NEV sales up 23 pct in H1
2022-07-10 10:21:15,Chinese mainland reports 65 new local confirmed COVID-19 cases
2022-07-10 10:25:12,"China's Anhui reports 11 confirmed, 71 asymptomatic local COVID-19 cases"
2022-07-10 10:32:26,Scenery of Xingkai Lake National Nature Reserve in NE China
2022-07-10 10:04:17,China's ecological environment improves in H1
2022-07-10 09:54:12,Wang Yi co-hosts 2nd meeting of China-Indonesia High-level Dialogue Cooperation Mechanism in Indonesia
