﻿2022-07-17 13:48:31,
2022-07-19 02:32:15,EU agrees additional 500 mln euros in military aid for Ukraine
2022-07-15 19:59:30,G20 finance leaders seek consensus to overcome global economic threats
2022-07-16 21:44:00,Sri Lankan parliament informed of Gotabaya Rajapaksa's resignation from presidency
2022-07-16 10:40:56,14 marines killed in Mexico helicopter crash
2022-07-16 20:16:45,Excessive use reduces effect of U.S. sanctions: Iranian spokesman
2022-07-16 06:46:12,31 people killed in tribal clashes in Sudan
2022-07-16 06:07:14,Ukraine gets M270 multiple launch rocket systems: defense minister
2022-07-16 02:30:00,84 die in first 3 days of Spain's heat wave
2022-07-17 13:31:44,"U.S. looks less like ""developed economy"" as political risk, volatility rise: FT"
2022-07-17 15:00:16,"Interview: Britain unprepared for record scorchers, says climate scientist"
2022-07-17 20:01:30,Iran says U.S. seeks to cause tensions in Mideast by spreading Iranophobia
2022-07-17 19:11:12,Ghana's ruling party elects new leadership
2022-07-17 21:22:30,Cambodia's ruling party supports Hun Sen as PM candidate for next election
2022-07-18 21:42:35,
2022-07-18 23:48:01,"Roundup: Heatwave disrupts travel, health care across UK"
2022-07-18 04:54:11,No dangerous substances for public health found at plane crash site: Greek authorities
2022-07-18 21:46:27,Greece to protest to Serbia over crash of Ukrainian cargo plane: media
2022-07-18 14:06:41,2 policemen killed by criminal group in northwestern Colombia
2022-07-18 22:05:03,
2022-07-18 11:17:15,FARC dissident leader killed in Colombia
2022-07-18 21:42:46,"Iran welcomes Iraq's ""constructive"" role in promoting regional dialogue"
2022-07-19 02:16:15,EU agrees additional 500 mln euros in military aid for Ukraine
2022-07-19 01:40:11,U.S. still not prepared for next pandemic: report
2022-07-19 05:33:44,Bolivia confirms spread of more contagious COVID-19 subvariants
2022-07-19 01:17:15,South Africa celebrates International Nelson Mandela Day by helping communities
2022-07-19 05:18:30,UN chief calls for action to honor Nelson Mandela's legacy
2022-07-19 02:48:30,Israel downs drone likely launched by Hezbollah
2022-07-19 02:00:15,U.S. still not prepared for next pandemic: report
2022-07-19 02:42:30,Feature: Amputee actors in Gaza break stereotype through theater performances
2022-07-19 04:56:16,Algeria to become key supplier of gas to Italy
2022-07-19 00:30:15,"Heatwave disrupts travel, health care across UK"
2022-07-19 07:18:12,"UN chief calls for bold, coordinated responses to global food crisis"
2022-07-19 07:24:15,South Korea's average price of eating-out in H1 up 6.7 pct
2022-07-19 06:04:45,"UN chief calls for bold, coordinated responses to global food crisis"
2022-07-19 01:27:15,"Azerbaijan, EU ink deal on energy partnership to double gas supplies to Europe"
2022-07-19 04:17:30,"UN launches guidance note on monitoring, reporting of children abducted in conflicts"
2022-07-19 04:08:30,"4 candidates left in UK leadership race, Tugendhat knocked out"
2022-07-19 03:04:27,Monkeypox cases in Israel surpass 100
2022-07-19 02:44:30,"Algeria, Italy agree to boost energy cooperation"
2022-07-19 05:15:30,193 migrants rescued off Libyan coast in past week: IOM
2022-07-19 05:57:30,Libyan army leaders discuss unification of military institutions
2022-07-18 23:56:15,Pilot killed as small plane crashes in Indonesia
2022-07-19 07:24:15,South Korea's average price of eating-out in H1 up 6.7 pct
2022-07-19 00:07:16,India's airlines regulator tightens checks after several technical-snags incidents
2022-07-19 04:54:27,"Türkiye to freeze Finland, Sweden's NATO bids if they fail to keep promises: president"
2022-07-19 06:29:45,Ireland's imports hit new high as imports from China more than double
2022-07-19 05:47:45,Heatwave kills 510 people in Spain
2022-07-19 05:06:30,Oil prices rebound following downbeat week
2022-07-19 06:38:45,U.S.-listed Chinese firms trade mostly higher
2022-07-19 07:01:41,"Canadian gov't supports flood, landslide recovery efforts in British Columbia"
