﻿2022-07-08 23:08:15,"China, EU hold environment, climate dialogue"
2022-07-08 14:04:45,"Senior Chinese legislators meet to deliberate draft law, revision"
2022-07-09 21:56:31,Xinhua Headlines: Pearl River Delta transforms from world factory to technology hub
2022-07-09 23:10:16,Chinese FM meets with U.S. secretary of state
2022-07-10 23:10:27,"Chinese premier stresses stabilizing market entities, employment, advancing opening-up"
2022-07-10 22:36:31,
2022-07-10 21:39:00,Economic Watch: China makes efforts to sustain economic recovery in H2
2022-07-10 17:14:15,Senior Chinese official attends opening ceremony of cultural exhibition
2022-06-06 08:18:04,24 Solar Terms: Grain in Ear
2022-06-20 08:55:04,"GLOBALink | See you again, Bayanbulak"
2022-06-21 07:36:44,24 Solar Terms: Summer Solstice
2022-07-07 13:24:57,Taikonauts to give lesson at China's space lab module
2022-07-07 21:14:00,"China Focus: Chinese, Australian astronomers detect key process of binary evolution"
2022-07-07 07:14:05,24 Solar Terms: Lesser Heat
2022-07-08 19:14:44,China calls for sticking to true multilateralism at G20 meeting in Indonesia
2022-07-08 23:15:27,BRICS media urged to focus on global development cooperation at high-level forum
2022-07-08 23:34:30,China proposes cooperation initiative on global food security at G20 meeting
2022-07-09 22:29:59,Macao businesses asked to suspend operation to curb COVID-19
2022-07-09 09:09:14,Shanghai holds solo Giorgio Morandi exhibition
2022-07-09 01:05:29,Chinese vice premier stresses building national platform for educational public services
2022-07-09 21:38:42,Chinese premier extends condolences over passing away of former Japanese PM Abe
2022-07-09 14:12:57,China Focus: Chinese scientists help solve riddle of Moon's largest crater
2022-07-09 10:44:30,"China, France agree to enhance strategic collaboration, deepen pragmatic cooperation"
2022-07-09 18:14:59,"Chinese, Singaporean FMs meet on ties, cooperation"
2022-07-09 09:22:15,Dance training program helps boost China-Laos cultural exchange
2022-07-09 09:16:12,14 ancient tombs unearthed in central China's Hunan
2022-07-09 22:44:15,"Over 166,000 people in Hong Kong take 4th dose of COVID-19 shot"
2022-07-09 17:55:45,"China, Spain agree to further boost ties"
2022-07-09 23:40:16,"China, Germany agree to deepen bilateral cooperation in various fields"
2022-07-10 21:12:59,"Hong Kong to distribute 290,000 RAT kits following sewage COVID-19 detection"
2022-07-10 21:10:02,"Chinese premier stresses stabilizing market entities, employment, advancing opening-up"
2022-07-10 21:43:57,"China, Pakistan hold joint maritime drill"
2022-07-10 16:05:57,"Xi, Mattarella send congratulatory letters to exhibition of ancient Roman civilization"
2022-07-10 22:08:47,
2022-07-10 19:20:42,Xi Focus-Quotable Quotes: Xi Jinping on museums
2022-07-10 22:51:14,Across China: Corban Festival celebrated in China's Xinjiang
2022-07-10 23:10:27,"Chinese premier stresses stabilizing market entities, employment, advancing opening-up"
2022-07-10 16:56:15,China activates level-IV emergency response to flooding
2022-07-10 23:11:00,
2022-07-10 22:36:31,
2022-07-10 21:39:00,Economic Watch: China makes efforts to sustain economic recovery in H2
2022-07-10 17:14:15,Senior Chinese official attends opening ceremony of cultural exhibition
2022-07-10 11:30:35,"Modern agricultural technology, machinery applied in Urumqi to help farmers increase yield"
2022-07-10 22:37:15,Across China: Foreign-trade charter flight launched from China's Ningbo to Budapest
2022-07-10 10:32:26,Scenery of Xingkai Lake National Nature Reserve in NE China
2022-07-10 21:07:00,Shanghai issues red alert for high temperatures
2022-07-10 09:54:12,Wang Yi co-hosts 2nd meeting of China-Indonesia High-level Dialogue Cooperation Mechanism in Indonesia
2022-07-10 22:30:15,9 young living Buddhas complete primary schooling in Tibet
