﻿2022-05-02 05:16:18,Stable supply of Chinese commodities mitigates threat of inflation in Mideast
2022-05-02 14:44:45,
2022-04-29 22:59:28,"At least 10 killed, 20 wounded in Kabul mosque explosion"
2022-04-29 04:41:00,"Ukrainian president, UN chief discuss evacuation from Mariupol"
2022-04-29 20:40:28,Explosion in mosque causes multiple casualties in Kabul
2022-04-30 04:09:01,"142 food trucks, 10 fuel tankers reach Ethiopia's Tigray: UN"
2022-04-30 16:23:45,Feature: Bangladesh capital sees rush of Eid travelers
2022-04-30 02:30:41,New Analysis: Euro nearing five-year low stoking recession fears
2022-04-30 11:26:45,Ecuadoran president declares state of emergency in 3 provinces
2022-04-30 20:10:43,In pics: Islamic holy month of Ramadan in Addis Ababa
2022-04-30 15:45:30,Turkey summons German ambassador amid row over Kavala verdict
2022-04-30 23:00:01,Ukraine allocates 4 bln USD for defense ministry
2022-04-30 05:47:58,Dow plunges over 900 points amid market sell-off
2022-04-30 04:10:58,UN chief on Ramadan solidarity visit to Africa
2022-04-30 10:07:45,"U.S. official COVID-19 counts not ""reliable"" due to unrecorded at-home tests: report"
2022-04-30 00:50:43,Eurozone inflation increases to 7.5 pct as economy slows down
2022-04-30 01:14:43,Security Council approves yet another technical rollover for mandate of UN mission in Libya
2022-05-01 19:59:01,U.S. seeks to push Afghanistan into unprecedented crisis: Iranian Speaker
2022-05-01 16:34:20,
2022-05-01 21:29:46,"CEPA trade deal between India, UAE comes into force"
2022-05-01 05:30:41,2 rockets hit air base housing U.S. experts in W. Iraq: military
2022-05-01 16:25:31,"S.Korean president-elect names security adviser, 5 senior secretaries"
2022-05-01 17:46:17,
2022-05-02 21:40:29,"International Labor Day marked in Minsk, Belarus"
2022-05-02 04:33:41,Africa's COVID-19 cases surpass 11.44 mln: Africa CDC
2022-05-02 11:12:41,Biden attends memorial service of former U.S. Vice President Walter Mondale
2022-05-02 02:28:31,"IMF urges Lebanon to implement ""agreed-upon"" reforms"
2022-05-02 09:53:26,Nearly 18 mln Argentines receive COVID-19 booster shot
2022-05-02 01:43:28,Feature: Popular Eid al-Fitr food becomes less affordable in Syria as economy deteriorates
2022-05-02 10:58:45,Ukraine to continue evacuation from Mariupol
2022-05-02 01:35:28,"Greeks hold demonstration on Labor Day amid energy crisis, high inflation"
2022-05-02 03:17:26,Iran's top commander warns U.S. away from Gulf
2022-05-03 05:02:15,"Car bomb in Colombia leaves 1 injured, material damage"
2022-05-03 04:43:13,"Minibus carrying elderly patients crashes, kills 7 in Brazil"
2022-05-03 04:09:15,Israeli shekel hits lowest value against U.S. dollar in nearly 1.5 years
2022-05-03 02:36:13,"Iraqi soldier, 3 Yazidi militiamen killed in clashes in northern Iraq"
2022-05-03 02:23:13,Iran summons Swedish ambassador over imprisonment of former judiciary official
2022-05-03 04:04:13,Africa travel trade show kicks off in Durban
2022-05-03 00:19:00,UNICEF faces funding gap to meet needs of 9.9 mln people in Ethiopia
2022-05-03 02:34:15,African scientists say green future at stake amid deforestation
2022-05-02 23:21:00,India's aviation regulator orders probe in private airline flight's turbulence
2022-05-02 22:37:43,"India's manufacturing PMI in April rose to 54.7, led by exports"
2022-05-03 00:17:02,Indian auto companies' April sales impacted by supply chain challenges
2022-05-03 04:13:15,Italy lowers fuel taxes to help tackle surging prices
2022-05-03 03:54:15,Sweden could impose fresh measures to fight possible new COVID-19 wave
2022-05-03 03:19:16,Croatia lifts remaining COVID-19 entry rules
2022-05-03 06:37:26,Canadian gov't funds EV production in zero emission push
2022-05-03 06:10:28,"Boeing reports increased stability, growth for aircraft finance sector"
2022-05-03 01:49:15,U.S. manufacturing sector sees slower growth in April amid continued supply constraints
