﻿2022-07-16 19:54:41,Cambodia's ruling party holds extraordinary conference to set action plan for 2023
2022-07-16 21:56:27,
2022-07-13 14:25:03,State of emergency declared in Sri Lanka
2022-07-13 19:47:30,"Ethiopia repatriates over 50,000 nationals from Saudi Arabia in last 45 days"
2022-07-13 20:25:30,"Israel, U.S. announce new partnership on emerging technologies"
2022-07-14 19:29:56,"Pacific Islands Forum launches 2050 Strategy to set vision, direction for region"
2022-07-14 04:27:57,"Ukraine, Russia make some progress at talks on grain exports: Zelensky"
2022-07-14 04:45:00,Euro falls below parity against U.S. dollar
2022-07-14 12:00:15,Economic Watch: All eyes on Fed as U.S. inflation continues to surge
2022-07-14 20:48:14,Estonian PM asked to form new coalition government after resignation
2022-07-15 19:59:30,G20 finance leaders seek consensus to overcome global economic threats
2022-07-15 04:45:30,Italian president rejects PM Draghi's resignation
2022-07-15 18:57:15,Ethiopia says foils multiple terror plots in capital city in recent days
2022-07-15 09:43:00,"Former Honduran president's son, 3 others shot dead"
2022-07-15 11:57:26,Sri Lankan parliament speaker says President Rajapaksa resigns
2022-07-15 12:30:28,Sri Lankan president resigns
2022-07-15 01:29:15,Russia legalizes special economic measures to support military operations abroad
2022-07-16 21:44:00,Sri Lankan parliament informed of Gotabaya Rajapaksa's resignation from presidency
2022-07-16 17:48:43,
2022-07-16 10:40:56,14 marines killed in Mexico helicopter crash
2022-07-16 20:16:45,Excessive use reduces effect of U.S. sanctions: Iranian spokesman
2022-07-16 06:46:12,31 people killed in tribal clashes in Sudan
2022-07-16 19:03:30,"Cambodia, Bangladesh aim to further promote ties, cooperation"
2022-07-16 10:14:56,Argentina urges G20 members to seek joint solutions to global inflation
2022-07-16 21:33:14,Pakistan strives to increase women's workforce participation for economic prosperity: president
2022-07-16 06:07:14,Ukraine gets M270 multiple launch rocket systems: defense minister
2022-07-16 02:41:57,"99 killed, 300,000 trapped by gang violence in Haitian capital: UN"
2022-07-16 19:54:41,Cambodia's ruling party holds extraordinary conference to set action plan for 2023
2022-07-16 14:21:30,Pilot dies in firefighting plane crash in Portugal
2022-07-16 21:52:28,
2022-07-16 14:12:12,"Rockets fired into Israel, military responds with airstrikes"
2022-07-16 06:21:30,UN Security Council extends mandate of political mission in Haiti
2022-07-16 04:08:15,"6.4-magnitude quake hits Off the coast of Aisen, Chile: USGS"
2022-07-16 02:30:00,84 die in first 3 days of Spain's heat wave
2022-07-17 04:34:45,News Analysis: Biden lost trust of Palestinians by ignoring Palestinian cause: analysts
2022-07-17 00:59:45,Roundup: G20 finance leaders agree to take actions to tackle food insecurity
2022-07-17 03:27:45,"Leaders vow for security, stability in Mideast at Jeddah summit"
2022-07-17 05:08:42,Israel cancels expanded work permits for Gazans in response to rocket fire
2022-07-17 00:21:27,Ethiopian mobile money service solution TeleBirr garners over 21 mln subscribers
2022-07-17 04:41:42,Roundup: Tunisia resumes Int'l Festival of Carthage amid COVID-19 resurgence
2022-07-17 04:16:45,"Ethiopia's Gidey wins women's 10,000m title at athletics worlds"
2022-07-16 23:36:30,"10 civilians killed, 2 wounded in attacks by separatist group in Indonesia's Papua"
2022-07-17 00:08:29,Uzbekistan tightens sanitary controls at border amid cholera outbreak in Afghanistan
2022-07-17 00:57:45,Rail track installation to start on Bangladesh's largest bridge
2022-07-17 03:48:42,Italy's COVID-19 cases surpass 20 mln
2022-07-17 06:01:00,Plane crashes in northern Greece: media
2022-07-17 01:15:30,"Roundup: Italy raises growth forecast for 2022, risks from Ukraine crisis still loom large"
2022-07-16 10:40:56,14 marines killed in Mexico helicopter crash
2022-07-16 09:57:00,"Feature: Cook more, drive less, live with family -- Americans are pinching pennies amid soaring inflation"
2022-07-16 20:16:45,Excessive use reduces effect of U.S. sanctions: Iranian spokesman
