﻿2022-03-28 14:26:15,"Way of life -- Chinese company builds new roads, new lives in Sri Lanka "
2022-03-29 22:28:13,Political advisors urged to greet 20th CPC national congress with solid work
2022-03-29 20:59:02,China acts swiftly to contain COVID-19 resurgence
2022-03-30 21:00:49,"China balancing COVID-19 control, economic growth"
2022-03-30 23:13:14,Chinese FM holds talks with Russian counterpart
2022-03-30 20:28:17,Xi Focus: Xi plants trees for 10th year as top leader
2022-03-05 13:57:44,24 Solar Terms: Awakening of Insects
2022-03-16 13:03:05,GLOBALink | County of music
2022-03-20 08:17:09,24 Solar Terms: Spring Equinox 
2022-03-23 10:21:55,
2022-03-29 21:58:01,Chinese military to award August 1 Medal to outstanding personnel
2022-03-29 20:19:30,"""Democracy"" not shield for ""Taiwan independence"": Chinese spokesperson"
2022-03-29 19:31:11,"""China-U.S.-Russia +"" consultation mechanism meeting on Afghan issue upcoming"
2022-03-29 20:34:26,Construction of new Sanxingdui museum building begins
2022-03-29 21:55:15,"Chinese premier stresses safeguarding women, children's rights"
2022-03-29 19:43:32,China issues plan for development of traditional Chinese medicine
2022-03-29 19:41:27,China's rocket modified with solid strap-on boosters makes maiden flight
2022-03-29 14:02:16,"China Focus: Dedication, team work boost China's COVID-19 research"
2022-03-30 18:30:47,China approves IPO application of CNOOC Limited
2022-03-30 22:22:45,Schools in Hohhot to resume in-person classes in batches
2022-03-30 00:10:26,Chinese FM talks over phone with Swiss president
2022-03-30 20:21:16,China-EU leaders' meeting provides strategic leadership in China-EU ties
2022-03-30 19:34:48,
2022-03-30 23:46:58,Settlement of plane crash insurance claims underway: regulator
2022-03-30 10:39:45,"Chinese mainland reports 1,565 new local COVID-19 cases"
2022-03-30 18:10:46,Chinese researchers develop lubricated composite with high load-bearing capacity
2022-03-30 17:10:32,
2022-03-30 23:13:14,Chinese FM holds talks with Russian counterpart
2022-03-30 20:58:31,"Chinese, European companies jointly build food park in Guangdong"
2022-03-30 23:26:00,"Hong Kong enjoys promising business environment, immeasurable opportunities: business sector"
2022-03-30 23:37:00,Roundup: Overseas experts praise Tibet's high-quality development
2022-03-30 23:37:02,"Chinese mainland decries DPP's ""two states"" comments as provocation"
2022-03-30 21:50:45,China issues new regulations on management of soldiers
2022-03-30 20:54:18,Across China: Traditional thangka paintings stand test of time
2022-03-30 20:52:16,Chinese vice premier calls for enhanced cooperation with Turkmenistan
2022-03-30 14:27:16,Cultural China: Pooling wisdom of the people breeds success
2022-03-30 00:06:31,"Chinese state councilor stresses cause probe, aftermath settlement of plane crash"
2022-03-30 20:17:00,China steps up financial support to rural revitalization
2022-03-30 16:13:45,China-EU leaders' meeting to be held via video link
2022-03-30 23:48:00,China to make best use of gov't bonds to expand effective investment for stable economic performance
2022-03-30 16:23:58,China Satellite Navigation Exhibition to highlight applications in emerging fields
2022-03-30 16:52:17,China Satellite Navigation Exhibition to highlight applications in emerging fields
2022-03-30 21:38:06,Construction of new airport in Hohhot resumes
2022-03-30 16:57:03,"GLOBALink | China balancing COVID-19 control, economic growth"
2022-03-30 22:35:00,"Chinese, Pakistani FMs discuss bilateral ties, Ukraine"
2022-03-30 14:17:15,China Satellite Navigation Exhibition to highlight applications in emerging fields
2022-03-30 21:14:09,"Farmers harvest tea leaves in Shanglin, Guangxi"
2022-03-31 00:15:15,Hong Kong has unique advantages in financial field: Carrie Lam
2022-03-31 00:26:17,"China to strengthen workplace safety, leverage gov't bonds to expand effective investment"
2022-03-31 01:24:15,"HKSAR gov't vehemently opposes British parliament's allegations on national security law, legal system in Hong Kong"
2022-03-31 01:25:14,Xi Jinping participates in Beijing's tree planting activity
2022-03-31 00:05:57,UAE officials praise Xinjiang's development
