﻿2022-05-18 00:05:26,"Sweden, Finland to submit NATO applications Wednesday"
2022-05-15 23:36:11,Feature: Turkey's farmers yearn for support as costs soar
2022-05-16 06:32:56,Somali parliament re-elects former president Mohamud
2022-05-16 10:43:41,"Chinese Americans celebrate cultural heritage in New York, New Jersey"
2022-05-16 20:19:46,IGAD congratulates Hassan Sheikh Mohamud on election as Somalia's president
2022-05-16 21:18:00,"Russia concerned over Finland, Sweden's decision to join NATO: Kremlin"
2022-05-16 02:24:45,Sweden's ruling party pivots to support NATO membership
2022-05-16 14:44:59,"1 killed, 5 injured at church in U.S. California"
2022-05-16 21:53:15,"Sweden to apply to join NATO, says PM"
2022-05-16 20:48:00,Pakistan PM sets up task force on climate change
2022-05-17 05:04:46,UN voices concern over clashes in Libya's Tripoli
2022-05-17 20:30:16,China's Hubei launches first freight train via China-Laos Railway
2022-05-17 15:34:28,"Interview: Summit of the Americas a mechanism U.S. uses to dominate Latin America, Caribbean, says Venezuelan expert"
2022-05-17 04:37:28,"Ukrainian, EU officials discuss Ukraine's European integration aspirations"
2022-05-17 13:32:01,"World Insights: U.S. in sorrow, outrage after ""racially-motivated"" mass shooting"
2022-05-17 23:57:27,Japan to open up for small-scale tours from 4 countries as trial
2022-05-17 04:15:28,No deal reached for EU on oil embargo against Russia
2022-05-17 06:05:41,"Clashes erupt between Palestinians, Israeli police during funeral in Jerusalem"
2022-05-17 04:16:28,"Swedish, Finnish delegations shouldn't bother to visit Ankara: Turkey's president"
2022-05-17 20:19:30,Israel says intercepts drone launched by Lebanon's Hezbollah
2022-05-17 21:24:32,
2022-05-17 20:38:45,Latvia's interior minister resigns
2022-05-18 05:49:56,Jordan launches oil exploration project in SE region
2022-05-18 00:52:31,Africities Summit kicks off amid call to accelerate urban renewal
2022-05-18 03:30:00,UN chief calls for efforts to rescue Sustainable Development Goals
2022-05-18 05:47:00,"11 killed, dozens injured in head-on collision in Brazil"
2022-05-18 01:28:46,UN chief calls on world to shift to sustainable energy systems
2022-05-18 00:32:28,"Singapore reports 2,664 new COVID-19 cases"
2022-05-18 06:47:13,12 Colombian soldiers injured in ambush
2022-05-18 08:00:13,"New York City lifts COVID-19 alert level to ""high"""
2022-05-18 02:49:45,"Lebanon's Hezbollah, allies lose majority in parliamentary elections"
2022-05-18 06:54:11,Oil prices drop amid hopes for Venezuela supply
2022-05-18 08:22:29,
2022-05-18 03:13:01,"Ukrainian president holds phone talks with German, French leaders"
2022-05-18 06:15:13,Almost 13.2 mln U.S. children infected with COVID-19
2022-05-18 03:26:41,Hungary's new president visits Poland in 1st trip abroad
2022-05-18 00:05:26,"Sweden, Finland to submit NATO applications Wednesday"
2022-05-18 08:13:01,People protest against Sweden's decision to apply to join NATO in Stockholm
2022-05-17 21:04:46,Clashes erupt in Libya's capital as newly-approved gov't enters
2022-05-18 03:12:58,"Nearly 100 civilians, mostly displaced, killed in E. DRC: UN"
2022-05-18 05:32:56,World Bank to resume funding projects for supporting poor people in Sudan: ministry
2022-05-18 10:09:31,"Malaysia reports 1,469 new COVID-19 infections, 3 new deaths"
2022-05-18 09:36:26,"S.Korea reports 31,352 new COVID-19 cases"
2022-05-18 10:01:28,"Aussie doctors warn nation ""sleepwalking"" into COVID-19 disaster"
2022-05-18 04:44:58,Ukraine not to exchange territories for peace with Russia: negotiator
2022-05-18 08:13:15,People protest against Sweden's decision to apply to join NATO in Stockholm
2022-05-18 04:53:58,Hundreds gather in London to protest against Assange's U.S. extradition
2022-05-18 08:00:13,"New York City lifts COVID-19 alert level to ""high"""
2022-05-18 07:10:11,Racialized Canadians less likely to hold senior management positions: statistics
2022-05-18 06:34:16,Mexico sees 4 months of decline in COVID-19 cases
