﻿2022-06-10 21:48:48,Annual college entrance exam in Beijing concludes 
2022-06-10 20:57:45,Vice premier stresses deepening China-Russia connectivity cooperation
2022-06-11 19:14:30,
2022-06-11 22:52:16,Update: China earmarks 360 mln yuan to support disaster relief
2022-06-13 00:20:31,"China's vision for regional order offers new idea for safeguarding peace, stability in Asia-Pacific"
2022-04-20 07:23:15,24 Solar Terms: Grain Rain
2022-05-14 09:58:19,
2022-05-29 13:05:59,
2022-06-06 08:18:04,24 Solar Terms: Grain in Ear
2022-06-10 22:37:30,Chinese FM talks with UNGA president
2022-06-10 20:38:45,"BRICS nations vow to deepen economic, trade cooperation"
2022-06-10 19:23:29,Chinese mission to EU refutes European Parliament's resolution on Xinjiang
2022-06-10 23:46:32,"Chinese, U.S. defense chiefs agree to enhance strategic mutual trust, properly manage differences"
2022-06-11 18:26:43,"Supine ""acrobat"" makes debut in museum housing Terracotta Warriors"
2022-06-11 22:54:30,"Senior official inspects university in Beijing, stressing study of rule of law"
2022-06-11 18:09:30,"China to build ""gene bank"" of ancient ceramics"
2022-06-11 01:22:45,"China, Poland vow to promote stable development of bilateral ties"
2022-06-11 00:18:44,Chinese institute launches super-large dataset about global climate system
2022-06-11 23:58:59,"China rebuts U.S. defense secretary's remarks on South China Sea, Taiwan"
2022-06-11 11:54:45,Chinese defense minister reiterates China's resolute position on Taiwan question
2022-06-11 21:44:14,"Hong Kong to distribute about 40,000 RAT kits following sewage COVID-19 detection"
2022-06-11 23:59:02,Across China: China sees growth in organ donation
2022-06-11 16:42:30,Chinese mRNA-based COVID vaccines effective in preclinical trials
2022-06-12 19:48:16,Heavy rains affect over 1.4 mln in China's Guangxi
2022-06-12 20:58:59,Shanghai Haichang Ocean Park resumes operation 
2022-06-12 22:11:07,A glimpse of lotus flowers in China
2022-06-12 21:51:01,
2022-06-12 21:22:43,Full text of Xi Jinping's congratulatory letter to Ta Kung Pao on its 120th anniversary
2022-06-12 19:46:14,Xi congratulates Ta Kung Pao on its 120th anniversary
2022-06-12 09:42:30,"Beijing reports 34 confirmed, 31 asymptomatic local COVID cases"
2022-06-12 14:08:14,China Focus: Heritage revived with modern glamour through China's urban redevelopment efforts
2022-06-12 17:32:47,
2022-06-12 14:48:14,Ancient water conservancy facilities discovered in central China
2022-06-12 17:50:43,Xi congratulates Ta Kung Pao on its 120th anniversary
2022-06-12 15:26:30,Economic Watch: China's logistics sector on the mend under gov't support
2022-06-12 18:12:31,
2022-06-12 15:00:15,Defense minister speaks about China's vision of regional order at 19th Shangri-La Dialogue
2022-06-12 16:06:30,China launches level-IV emergency response for rain in southern areas
2022-06-12 16:59:09,Beijing's Zhongguancun area imposes stricter COVID-19 prevention and control measures
2022-06-12 19:47:15,Hong Kong keeps tracing COVID-19 through sewage surveillance
2022-06-12 20:12:15,Beijing registers 33 confirmed local COVID-19 infections
2022-06-12 21:02:16,China issues orange alert for mountain torrents
2022-06-12 21:02:14,Beijing registers 33 confirmed local COVID-19 infections
2022-06-13 09:56:30,Market exchange rates in China -- June 13
2022-06-13 11:04:45,"World Insights: China's vision for Asia-Pacific, world promotes peace, development, say experts"
2022-06-13 00:01:13,"Xi's letter to Ta Kung Pao shows care, encouragement, expectations: spokesperson"
2022-06-13 11:07:43,"Beijing reports 29 confirmed, 22 asymptomatic local COVID-19 cases"
2022-06-13 00:04:17,Senior Chinese military officer meets Pakistani chief of army staff
2022-06-13 09:53:30,Chinese shares open lower Monday
2022-06-13 11:12:45,China's central bank adds liquidity via reverse repos
2022-06-13 10:13:45,Chinese mainland reports 69 new local confirmed COVID-19 cases
2022-06-13 09:37:15,66 COVID-19 patients discharged from hospitals on Chinese mainland
2022-06-13 00:24:30,Senior CPC official underscores publicizing great achievements of new era
