﻿2022-05-08 09:28:15,"China's BRI projects greatly benefit Cambodian economy, people: officials, experts"
2022-05-12 23:34:15,Beijing to conduct 3 more rounds of mass COVID-19 testing
2022-05-12 22:08:18,"Safeguarding national security justified, interference futile: commissioner's office of Chinese foreign ministry in HKSAR"
2022-05-13 21:38:22,Supplies of daily necessities guaranteed in Beijing amid COVID-19 resurgence
2022-05-14 19:52:28,Chinese embrace digital yuan as China further promotes pilot program
2022-05-14 00:38:41,"Chinese political advisors discuss capacity building for patriots in Hong Kong, Macao"
2022-05-14 17:43:32,Nucleic acid test support teams from Hubei leave Shanghai with mission accomplished 
2022-04-13 15:15:51,GLOBALink | Female livestreamer helps locals increase income in Xinjiang
2022-04-20 07:23:15,24 Solar Terms: Grain Rain
2022-04-24 08:18:05,GLOBALink | Parkour teenagers in ancient city of Kashgar
2022-05-05 07:30:12,24 Solar Terms: Start of Summer
2022-05-11 23:04:13,Inner Mongolia ups protection of intangible cultural heritages
2022-05-12 13:33:00,China's ecology sees historic turning point: official
2022-05-12 23:08:15,China urges U.S. to adopt serious measures to truly help ethnic minorities get over trauma
2022-05-12 23:11:16,"China urges U.S. to promote regional peace, stability at upcoming U.S.-ASEAN summit"
2022-05-12 17:44:31,"Profile: Chinese Nightingale medalist shines in professionalism, dedication"
2022-05-12 18:49:43,Across China: Behind animation adaption of Chinese award-winning sci-fi novel
2022-05-12 22:42:58,Hong Kong's third-dose COVID-19 vaccination rate reaches 50 pct
2022-05-13 20:46:01,Feature: Mt. Qomolangma observation station becomes scientific expedition hotspot
2022-05-13 14:39:00,Immigration authority refutes false info slandering China's entry-exit policies
2022-05-13 00:26:14,China's AC352 helicopter completes flight test for airworthiness certification
2022-05-13 21:35:15,Launch of China's commercial carrier rocket fails
2022-05-13 18:12:17,Beijing reports 51 new local COVID-19 infections
2022-05-13 19:49:43,Chinese scientists complete whole-genome sequencing of endangered turtle
2022-05-13 01:41:30,"Roundup: China, Ethiopia eye further augmenting investment, trade cooperation"
2022-05-13 23:21:45,"Chinese, Greek FMs hold phone talks over ties, Ukraine issue"
2022-05-13 23:31:30,China urges U.S. to fulfill financial obligations to UN
2022-05-13 21:11:17,"China voices opposition to smearing remarks by Japan, EU"
2022-05-13 22:44:28,Xinhua Commentary: Washington's small-clique politics won't fool SE Asia
2022-05-13 10:24:28,"Chinese mainland reports 312 new local COVID-19 cases, 227 in Shanghai"
2022-05-14 16:40:16,
2022-05-14 22:24:17,China diverts over 53 bln cubic meters of water northwards
2022-05-14 23:56:28,Anti-China forces in Hong Kong have no extrajudicial privileges: commissioner's office of Chinese foreign ministry in HKSAR
2022-05-14 20:52:27,Pic story: sign language interpreter offers voluntary service for hearing-impaired people
2022-05-14 17:20:16,Rescuers find 7 from 13 missing at Yunnan nature reserve
2022-05-14 23:45:31,China Focus: China's manufacturing hub tailors posts for working moms
2022-05-14 20:07:43,China's paper-making industry sees higher revenue in Q1
2022-05-14 21:56:01,BRICS countries renew pledge to address climate change
2022-05-14 21:44:00,Experts denounce U.S. plot to deprive Xinjiang people of development opportunities
2022-05-14 17:04:48,
2022-05-14 21:39:58,Positive COVID-19 results continue to be found in Hong Kong's sewage samples
2022-05-14 00:38:41,"Chinese political advisors discuss capacity building for patriots in Hong Kong, Macao"
2022-05-14 20:40:52,Daily life in Beijing amid COVID-19 fight
2022-05-14 22:00:58,China takes subsidies application online to help people with disabilities
2022-05-14 18:05:15,New Zealand's largest exporters confident in Chinese market
2022-05-14 17:31:11,Xi Focus-Closeup: Mother's heart on the needlework
2022-05-14 22:22:57,Scenery of Jinlianchuan Pasture in China's Inner Mongolia
2022-05-14 20:57:56,Operating income of China's courier sector exceeds 1 trln yuan in 2021
2022-05-14 16:46:16,
2022-05-14 10:39:58,Chinese mainland reports 253 new local COVID-19 cases
2022-05-14 20:56:46,China's excavator exports soar in January-April
2022-05-14 12:35:13,Xiconomics: How Xi's economic philosophy promotes global governance
