﻿2022-05-22 19:05:58,Biden starts Japan tour as protesters take to streets
2022-05-23 01:58:13,Land-sea train from China to Laos launched with faster clearance
2022-05-20 17:20:46,Pakistani experts foresee new wave of inflation as USD crosses 200 mark against local currency
2022-05-21 19:25:30,Russia confirms halt of gas supply to Finland
2022-05-21 21:18:01,"Serbian, Hungarian presidents voice food security concerns at int'l agriculture fair"
2022-05-21 19:45:43,Opposition set for victory in Australian election: local media
2022-05-21 21:06:01,Russia publishes long list of Americans banned from entry
2022-05-21 15:53:00,
2022-05-21 10:35:11,"Interview: Peru's interest in electric vehicles revives, says industrial expert"
2022-05-21 00:27:00,G7 countries determined to rein in rising inflation
2022-05-21 21:45:13,Australian PM concedes defeat in federal election
2022-05-21 17:45:02,
2022-05-21 21:14:00,Australian PM concedes defeat in federal election
2022-05-21 14:14:16,Feature: Pupils long for stable Afghanistan with education for girls
2022-05-21 09:56:45,"Colombia's presidential race likely to enter runoff, poll shows"
2022-05-22 15:57:13,S.Korean activists hold anti-Biden rallies to clamor for peace on peninsula
2022-05-22 18:13:45,Rwanda launches construction of China-supported power plant
2022-05-22 14:02:46,Syrians say U.S. spearheaded massacres in Syria
2022-05-22 14:13:44,BiH capital gets new trolleybuses
2022-05-22 16:53:12,In pics: preparation for WEF 2022 Annual Meeting in Davos
2022-05-22 13:44:43,Interview: U.S. struggles in its engagement with ASEAN -- Malaysian analyst
2022-05-22 16:30:30,"UN chief calls for ""a shared future for all life"""
2022-05-22 02:53:31,Africities summit wraps up with pledge to accelerate urban renewal
2022-05-22 19:05:58,Biden starts Japan tour as protesters take to streets
2022-05-22 19:50:17,"UN envoy discusses social, economic, humanitarian challenges in Syria"
2022-05-22 20:02:13,Monkeypox onward spread highly likely in future: WHO
2022-05-23 10:06:31,2022 National Restaurant Association Show held in Chicago
2022-05-23 02:01:13,Iran's IRGC former member assassinated in Tehran
2022-05-23 01:05:15,Sudan faces deteriorating food shortage or even crisis in 2022: experts
2022-05-23 05:24:11,"Jordan condemns Israeli decision allowing ""extremists"" to pray at Al-Aqsa Mosque"
2022-05-23 06:21:28,"World Health Assembly to focus on COVID-19, health and peace"
2022-05-23 08:26:26,Anthony Albanese sworn in as Australia's 31st prime minister
2022-05-23 10:15:01,"Argentina registers 43,487 weekly cases, 49 deaths from COVID-19"
2022-05-23 07:08:26,Anthony Albanese sworn in as Australia's 31st prime minister
2022-05-23 02:14:13,Houthi delegation heads for Jordan to discuss lifting siege on Yemen's Taiz city: report
2022-05-23 01:05:15,Sudan faces deteriorating food shortage or even crisis in 2022: experts
2022-05-23 01:44:16,Africa's COVID-19 cases pass 11.59 mln: Africa CDC
2022-05-23 00:50:13,"Intense fighting resumes between army, M23 in DR Congo"
2022-05-23 09:56:58,"Malaysia reports 1,817 new COVID-19 infections, 2 new deaths"
2022-05-23 10:15:03,"New Zealand reports 6,000 new community cases of COVID-19"
2022-05-23 09:46:56,"Philippine ferry catches fire at sea, 7 dead"
2022-05-23 10:08:59,Facts about Russia-Ukraine conflict: Ukrainian parliament extends martial law by 90 days
2022-05-23 08:07:29," 350th anniv. of Peter the Great's birth marked in St. Petersburg, Russia"
2022-05-23 07:53:23,Malta carnival held in Valletta
2022-05-23 10:04:00,Cuba's daily COVID-19 cases continue to decline
2022-05-23 10:13:01,Mexico launches fair to boost tourism for post-pandemic recovery
2022-05-23 10:06:29,2022 National Restaurant Association Show held in Chicago
