﻿2022-07-01 16:17:10,Museums in Shanghai reopen after COVID-caused closure
2022-07-01 21:39:45,"UAE president meets senior Chinese diplomat on bilateral ties, cooperation"
2022-07-02 22:14:15,Typhoon Chaba makes landfall in China's Guangdong
2022-07-03 21:51:03,"New roads, railways improve lives of local Tibetans"
2022-07-03 15:27:20,
2022-07-03 00:25:45,"China raises emergency response for typhoon, flood"
2022-07-04 02:49:27,Zimbabwean president meets with senior Chinese diplomat on bilateral cooperation
2022-05-29 13:05:59,
2022-06-06 08:18:04,24 Solar Terms: Grain in Ear
2022-06-20 08:55:04,"GLOBALink | See you again, Bayanbulak"
2022-06-21 07:36:44,24 Solar Terms: Summer Solstice
2022-06-29 22:22:30,China Focus: China's Mars probe completes targeted exploration
2022-06-29 16:11:30,8 Qing Dynasty stone tablets found in SW China shrine
2022-06-30 14:12:30,Millenniums-old construction materials found in China's Xi'an
2022-06-30 13:16:30,Feature: Robot creates 3D portraits of Terracotta Warrior in NW China
2022-06-30 14:43:30,Across China: Brazilian actress enjoys stage fever in China
2022-07-01 14:10:27,Three green development events to be held over next 2 months
2022-07-02 19:46:45,China's Anhui logs 43 local confirmed COVID-19 cases in latest resurgence
2022-07-02 20:07:00,Chinese Wisdom in Xi's Words: Borrow a pair of wings from crane to soar up to sky
2022-07-02 15:15:45,"Xinjiang's expressway length exceeds 10,000 km"
2022-07-02 02:55:26,Senior CPC official underscores implementation of Party's Xinjiang policies
2022-07-02 19:57:00,"Xi's trip to Hong Kong to give powerful boost to ""one country, two systems"" practice: article"
2022-07-02 16:14:56,China's Hainan ups emergency response for Typhoon Chaba
2022-07-03 12:59:00,World Insights: Xi's speech hailed for drawing blueprint for Hong Kong's brighter future
2022-07-03 22:32:56,More martyrs' remains to be returned to China from ROK
2022-07-03 22:20:58,10th World Peace Forum opens in Beijing
2022-07-03 22:25:31,Night economy in Chongqing
2022-07-03 12:10:56,Chinese mainland reports 75 new local confirmed COVID-19 cases
2022-07-03 09:13:30,5.2-magnitude quake hits China's Xinjiang: CENC
2022-07-03 22:47:57,China's telecom sector records stable expansion in January-May
2022-07-03 17:38:27,Hong Kong Palace Museum open to public
2022-07-03 09:39:30,Chinese mainland reports 75 new local confirmed COVID-19 cases
2022-07-03 21:55:46,"China, Myanmar agree to further build community with shared future"
2022-07-03 20:57:30,Shanghai reports one local asymptomatic COVID-19 case
2022-07-03 15:05:11,China's garment industry records revenue growth in Jan.-May
2022-07-03 20:39:40,Regional agricultural machinery expo held in Urumqi
2022-07-03 10:13:18,
2022-07-03 16:56:35,
2022-07-03 15:47:19,
2022-07-03 22:02:42,27 missing after floating crane sinks in south China
2022-07-03 12:13:57,China renews yellow alert for rainstorms
2022-07-03 20:46:26,Two old people in Macao die after testing positive for COVID-19
2022-07-03 10:33:45,"China's Anhui reports 61 confirmed, 231 asymptomatic local COVID-19 cases"
2022-07-03 17:18:30,"Hong Kong to distribute 290,000 RAT kits following sewage COVID-19 detection"
2022-07-04 02:17:30,Chinese FM expounds on stance on Myanmar issue
2022-07-04 02:25:27,"China, Cambodia to further enhance ties, cooperation in various fields"
2022-07-04 02:06:30,"China, Laos pledge to strengthen strategic communication, mutually beneficial cooperation"
2022-07-04 00:30:15,China's digital economy more than quadruples in past decade
2022-07-04 02:49:27,Zimbabwean president meets with senior Chinese diplomat on bilateral cooperation
2022-07-04 00:32:15,Fallen building structure kills 8 in north China
