﻿2022-05-16 23:44:00,National political advisors urged to further improve consultation quality
2022-05-17 22:50:45,"Xinhua Commentary: Racing against time and virus, China merits global confidence"
2022-05-17 21:30:29,Shanghai cuts off community transmission of COVID-19 after tough battle
2022-04-13 15:15:51,GLOBALink | Female livestreamer helps locals increase income in Xinjiang
2022-04-20 07:23:15,24 Solar Terms: Grain Rain
2022-04-24 08:18:05,GLOBALink | Parkour teenagers in ancient city of Kashgar
2022-05-05 07:30:12,24 Solar Terms: Start of Summer
2022-05-16 23:54:58,Chinese FM meets ROK's new FM via video link
2022-05-16 22:42:57,Taiwan eases COVID-19 response measures for close contacts
2022-05-16 23:44:00,National political advisors urged to further improve consultation quality
2022-05-17 14:51:58,China's AC313A large civil helicopter makes maiden flight
2022-05-17 20:06:30,Silk Road glassware exhibition opens in China's Shaanxi
2022-05-17 20:26:46,China to promote cross-border exchange of accessible-format publication copies: official
2022-05-17 17:09:45,China's resort island of Hainan receives over 81 mln tourists in 2021
2022-05-17 22:06:38,
2022-05-17 17:04:48,China's higher education enrollment rate reaches 57.8 pct
2022-05-17 22:50:45,"Xinhua Commentary: Racing against time and virus, China merits global confidence"
2022-05-17 16:06:45,China's Hubei launches first freight train via China-Laos Railway
2022-05-17 21:24:56,China continues to record net inflow of cross-border capital in April
2022-05-17 20:30:16,China's Hubei launches first freight train via China-Laos Railway
2022-05-17 20:42:28,Health QR codes required before taking public transport at some areas in Beijing
2022-05-17 21:07:47,Chinese Wisdom in Xi's Words: Order and harmony echoed in rites and music
2022-05-17 11:51:26,Shanghai cuts off community transmission of COVID-19
2022-05-17 23:39:28,China's top political advisor stresses development of digital economy
2022-05-17 22:08:00,China's top legislator meets Tajik National Assembly chairman
2022-05-17 14:51:18,Feature: Eight days on world's highest peak
2022-05-17 20:00:29,China Focus: China's AC313A large civil helicopter makes maiden flight
2022-05-17 13:35:58,China's higher education enrollment rate reaches 57.8 pct
2022-05-17 22:08:28,Chinese FM spokesperson on IMF's lifting of RMB weighting in SDR currency basket
2022-05-17 23:39:29,HKSAR gov't urges public to get vaccinated for COVID-19 in accordance with vaccine pass requirements
2022-05-17 22:20:13,
2022-05-17 22:14:11,China urges Japan to revoke wrong decision of dumping nuclear-contaminated water into sea
2022-05-17 00:22:14,China Focus: Shanghai reopening commercial outlets with resurgence under control
2022-05-17 23:23:28,HKSAR ExCo endorses reorganisation of gov't structure
2022-05-17 22:47:35,
2022-05-17 16:35:45,Xinhua Commentary: Hard-won progress in fighting COVID-19 must not go to waste
2022-05-17 20:47:45,China urges Japan to revoke wrong decision of dumping nuclear-contaminated water into sea
2022-05-17 21:26:56,"Workers harvest salt in salt field at Binhai Township, Shandong"
2022-05-18 09:22:17,391 COVID-19 patients discharged from hospitals on Chinese mainland
2022-05-18 09:25:30,Chinese mainland reports 227 new local confirmed COVID-19 cases
2022-05-18 08:53:30,China's fiscal revenue down in January-April
2022-05-18 08:06:15,"Shanghai reports 96 confirmed, 759 asymptomatic local COVID-19 cases"
2022-05-18 09:52:26,Chinese mainland reports 227 new local confirmed COVID-19 cases
2022-05-18 09:42:30,Chinese yuan strengthens to 6.7421 against USD Wednesday
