﻿2022-09-03 18:14:15,Chinese dictionary buzzwords illustrate China's transformation in past decade
2022-09-04 22:08:15,Digital trade new growth driver for BRI countries
2022-09-04 07:20:33,Fuzhou-Xiamen high-speed railway under construction
2022-09-04 21:34:01,Cutting-edge information technologies adopted for agriculture in NE China's Heilongjiang
2022-09-05 16:22:46,
2022-09-05 11:30:15,China upgrades manufacturing industry for global economy certainty
2022-06-20 08:55:04,"GLOBALink | See you again, Bayanbulak"
2022-06-21 07:36:44,24 Solar Terms: Summer Solstice
2022-07-07 07:14:05,24 Solar Terms: Lesser Heat
2022-07-23 07:29:03,24 Solar Terms: The Great Heat
2022-08-31 20:50:00,Millennia-old post office along ancient Silk Road to open to public
2022-09-03 23:36:00,China raises emergency response as Typhoon Hinnamnor nears
2022-09-03 19:59:15,HKSAR commemorates 77th anniversary of victory against Japanese aggression
2022-09-03 16:52:30,Chinese FM meets outgoing Russian ambassador to China
2022-09-03 20:54:00,"China Focus: Easier, safer, brighter -- new equipment support Chinese spacewalkers"
2022-09-03 12:50:30,Rocket to carry Mengtian space lab module arrives at launch site
2022-09-03 22:48:45,Seminar commemorating victory against Japanese aggression held in Beijing
2022-09-03 10:54:15,Rocket to carry Mengtian space lab module arrives at launch site
2022-09-04 19:20:30,China's Zhejiang braces for stormy weather as typhoon nears
2022-09-04 18:21:00,
2022-09-04 09:37:30,Chinese mainland reports 314 new local confirmed COVID-19 cases
2022-09-04 21:41:00,China Focus: Digital trade new growth driver for BRI countries
2022-09-04 21:31:15,Cross-Strait calligraphy exhibition opens in Taiwan
2022-09-04 10:55:15,Across China: Art enriches life in NW China villages
2022-09-04 09:41:00,"China's top legislator to visit Russia, Mongolia, Nepal, ROK, attend 7th Eastern Economic Forum"
2022-09-04 10:27:31,Chinese mainland reports 314 new local confirmed COVID-19 cases
2022-09-04 22:55:45,"Taiwan lifts Typhoon Hinnamnor warning, no casualties reported"
2022-09-04 22:03:01,
2022-09-04 17:17:02,
2022-09-04 22:17:31,China Focus: TCM gains popularity among Belt and Road countries
2022-09-05 17:38:30,China's central bank to cut forex reserve requirement ratio by 2 percentage points
2022-09-05 15:43:46,Across China: Millennium-old neighborhood regains glamour in Fujian
2022-09-05 09:51:45,Chinese mainland reports 303 new local confirmed COVID-19 cases
2022-09-05 22:03:45,China strongly condemns U.S. cyber attacks on China's Northwestern Polytechnical University
2022-09-05 16:45:04,China Focus: Chinese SOE strives for win-win investment partnerships with Africa
2022-09-05 19:45:15,China's central bank to cut forex reserve requirement ratio by 2 percentage points
2022-09-05 14:23:00,6.8-magnitude quake hits China's Sichuan
2022-09-05 19:58:15,Grand reception in Bangladesh marks 25th anniversary of Hong Kong's return to motherland
2022-09-05 20:13:30,Xi orders all-out rescue efforts after 6.8-magnitude earthquake in SW China
2022-09-05 18:30:30,China launches cybersecurity week in military barracks
2022-09-05 16:35:15,China's express delivery sector continues expansion in August
2022-09-05 22:07:15,Xi orders all-out rescue efforts after 6.8-magnitude earthquake in SW China
2022-09-05 22:24:36,2022 CIFTIS concludes in Beijing
2022-09-05 22:06:15,China allocates disaster relief funds to quake-hit Sichuan
2022-09-05 21:38:45,"China Focus: China to boost science popularization by highlighting cyberspace, social funds"
2022-09-05 20:00:15,21 killed in 6.8-magnitude quake in China's Sichuan
2022-09-06 01:25:30,China makes all-out rescue effort as quake kills 46
2022-09-06 03:19:45,State Council working team rushes to quake-hit Sichuan
2022-09-06 00:21:16,46 killed in 6.8-magnitude quake in China's Sichuan
