﻿2022-08-24 20:50:58,Mile-Mengzi high-speed railway in SW China's Yunnan starts test run
2022-08-24 23:38:00,"China, Türkiye vow to strengthen parliamentary cooperation"
2022-08-25 21:19:45,China advances to tank biathlon final in int'l army games
2022-08-25 19:00:00,"Premier Li says China ready to work with ROK to promote healthy, stable bilateral ties"
2022-08-26 03:43:17,"BRI puts developing nations on right track for growth, says U.S. scholar"
2022-08-26 21:30:46,Mega infrastructure projects lead China's mountainous province to prosperity
2022-08-27 00:00:15,China to weave stronger safety net for disadvantaged people
2022-06-20 08:55:04,"GLOBALink | See you again, Bayanbulak"
2022-06-21 07:36:44,24 Solar Terms: Summer Solstice
2022-07-07 07:14:05,24 Solar Terms: Lesser Heat
2022-07-23 07:29:03,24 Solar Terms: The Great Heat
2022-08-22 22:46:45,2022 Zhongguancun Forum opens media registration
2022-08-24 22:23:00,Top political advisor highlights implementation of employment-first policy
2022-08-24 21:33:45,China to unveil more supportive policies to cement economic recovery
2022-08-24 23:19:45,"China to build on policy package for stabilizing economy to firm up foundation for recovery, growth"
2022-08-24 18:58:00,"China Focus: China goes all out for flood control, drought relief"
2022-08-24 23:27:15,China makes significant progress in cultural relic protection
2022-08-25 22:45:00,HKUST scientists identify key blood protein for simpler treatment for Alzheimer's disease
2022-08-25 22:50:30,Hong Kong's external trade records decrease in July
2022-08-25 20:43:30,"Chinese premier stresses importance of agricultural science, technology"
2022-08-25 20:29:03,Chinese envoy warns of dangers of new Cold War
2022-08-25 12:02:30,Typhoon Ma-on makes landfall in south China's Guangdong Province
2022-08-25 18:47:33,
2022-08-25 18:30:00,"Spokesperson denounces DPP's attempts to pursue ""Taiwan independence"" by soliciting external support"
2022-08-25 01:06:00,Chinese FM attends reception marking 30th anniversary of China-ROK ties
2022-08-25 21:02:51,Dunhuang Art Exhibition to open in Beijing
2022-08-26 20:51:00,China's top legislature to establish ten more outreach offices
2022-08-26 22:34:45,4 cities in China's Tibet cut off community transmission of COVID-19
2022-08-26 10:08:30,Chinese mainland reports 262 new local confirmed COVID-19 cases
2022-08-26 21:04:00,Chinese national art festival to present series exhibitions in September
2022-08-26 19:26:31,China Focus: Scientists engineer first mammal with whole chromosome rearrangements
2022-08-26 22:31:15,China Focus: China to weave stronger safety net for disadvantaged people
2022-08-26 16:07:15,Xi Focus-Closeup: Cutting-edge tech exemplifies China's innovation drive
2022-08-26 23:34:00,"China, U.S. enter into audit oversight cooperation agreement"
2022-08-26 20:12:00,Two foreign banks to provide loans through carbon-reduction supporting tool
2022-08-26 17:50:15,"Xinhua Commentary: Self-serving Washington and its ""decoupling from China"" fallacies"
2022-08-26 16:06:45,"China mulls imposing credit punishment on telecom, internet fraudsters"
2022-08-26 19:12:45,China space science assembly opens in Taiyuan
2022-08-26 20:38:46,Global scientists call for deeper space science cooperation
2022-08-26 19:28:46,
2022-08-26 18:34:46,
2022-08-26 19:19:17,"Xi encourages foreign experts to contribute more to promoting exchanges between China, other countries"
2022-08-26 22:08:30,Chinese teams secure victory in Int'l Army Games contests
2022-08-26 21:44:45,"China, U.S. enter into audit oversight cooperation agreement"
2022-08-27 07:32:51,Rural women in SW China's Guizhou make creative cultural products to increase income 
2022-08-27 00:11:00,"China allocates 10 bln yuan for drought relief, autumn grain production"
2022-08-27 09:16:45,Chinese mainland reports 250 new local confirmed COVID-19 cases
2022-08-27 00:00:15,China to weave stronger safety net for disadvantaged people
2022-08-27 07:37:19,Chengdu Motor Show 2022 kicks off
2022-08-27 00:11:17,Huawei hosts job fair linking new graduates to Ethiopia's ICT sector
2022-08-27 07:33:14,HICOOL 2022 Global Entrepreneur Summit opens in Beijing
