﻿2022-04-25 10:52:14,Railway-resettled villagers move into new homes with new hopes
2022-04-29 03:20:58,"U.S. economy shrinks in Q1 amid Omicron surge, high inflation, raising recession fear"
2022-04-27 16:55:11,Aung San Suu Kyi sentenced to 5 more years in prison after convicted of corruption
2022-04-27 00:00:16,"Turkmen president, Chinese defense minister agree to deepen military cooperation"
2022-04-27 21:43:58,German consumer sentiment falls to historic low: GfK
2022-04-27 20:40:29,"COVID-19 challenge not fully over, says Indian PM amid rising cases"
2022-04-27 13:17:46,Australia's inflation hits 20-year high over rising fuel prices
2022-04-27 18:36:44,Israeli soldiers kill Palestinian young man in clash in northern West Bank: ministry
2022-04-27 05:33:41,"Russia to suspend natural gas supplies to Poland, Bulgaria"
2022-04-27 21:33:43,"Erdogan, Guterres discuss Ukraine crisis over phone"
2022-04-27 20:48:27,Ukraine seeks to get 5 bln USD from IMF per month: PM
2022-04-27 05:22:45,"Ukrainian president, Romanian PM discuss support for Ukraine"
2022-04-28 04:13:45,"Ukrainian, EU leaders discuss further support for Kiev"
2022-04-28 15:57:57,"""Test to treat"" chaos latest setback for U.S. COVID-19 pandemic response: FT"
2022-04-28 15:41:00,Feature: Bangladesh port rejuvenated by Chinese dredging
2022-04-28 02:12:31,Uzbek president appoints new acting foreign minister
2022-04-28 12:07:00,"LatAm to see 1.8 pct growth in 2022, says UN agency"
2022-04-28 20:38:52,
2022-04-28 16:41:11,
2022-04-28 20:16:03,"Luxor, ancient Egyptian city, becomes tourist destination"
2022-04-28 16:11:13,Lifting of COVID mask mandate on U.S. transportation horrifies health experts: The Guardian
2022-04-28 20:48:14,U.S. GDP declines 1.4 pct in Q1 amid Omicron surge
2022-04-29 02:44:00,UN Security Council condemns terrorist attack in Pakistan's Karachi University
2022-04-29 03:58:56,News Analysis: Turkish military operation in N. Iraq to continue despite Iraqi protests: experts
2022-04-29 03:20:58,"U.S. economy shrinks in Q1 amid Omicron surge, high inflation, raising recession fear"
2022-04-29 04:44:56,IMF chief tests positive for COVID-19
2022-04-29 04:28:58,UN humanitarians voice concern over gang violence in Haitian capital
2022-04-29 04:41:00,"Ukrainian president, UN chief discuss evacuation from Mariupol"
2022-04-29 07:04:13,Twitter announces Q1 2022 results
2022-04-29 07:30:52,U.S. Secretary of Transportation attends hearing
2022-04-29 00:52:43,South Sudan ceasefire may unravel due to hostilities: monitors
2022-04-29 02:51:46,New CDC study finds 75 pct of U.S. children infected with COVID-19 by February
2022-04-29 06:56:16,Two Ecuadoran ministers resign from President Lasso's cabinet
2022-04-29 02:08:46,Biden requests 33 bln USD from Congress in aid to Ukraine
2022-04-29 06:38:15,Chile's unemployment rate drops to 7.8 pct in January-March quarter
2022-04-29 04:23:00,"Tunisia, China celebrate handover of China-aided diplomatic academy"
2022-04-29 02:56:58,Digital art museum opens in Saudi Arabia
2022-04-29 00:01:28,Israeli PM's family receives 2nd death threat this week: police
2022-04-29 06:47:15,"China, Tunisia sign new agreements on health care cooperation"
2022-04-29 04:23:00,"Tunisia, China celebrate handover of China-aided diplomatic academy"
2022-04-29 03:18:43,Chinese embassy donates food items to Muslims in Sierra Leone
2022-04-29 09:08:26,Australian discovery of lupus-causing gene paves way for new treatments
2022-04-29 02:22:58,At least 9 killed in twin blasts in Afghanistan
2022-04-29 09:02:28,Roundup: Cambodia's export to RCEP member countries up 11 pct in Q1
2022-04-29 06:16:13,EU official calls for Albanians patience over EU Integration
2022-04-29 04:52:56,Montenegrin parliament elects minority government of PM Abazovic
2022-04-29 05:31:58,"Big U.S. corporations see profits surge, passing on costs to consumers: The Guardian"
2022-04-29 07:13:13,Canada plans to reopen embassy in Ukraine
2022-04-29 07:41:11,Intel reports Q1 2022 financial results
2022-04-29 07:04:13,Twitter announces Q1 2022 results
