﻿2022-03-22 20:54:13,Rescue work continues after passenger plane crash
2022-03-22 21:54:31,All-out search for black boxes of crashed passenger plane underway: official
2022-03-23 21:02:45,"Senior officials of China, Oman meet via video link"
2022-03-23 09:16:23,GLOBALink | Nihao Europe: Chinese company boosts green shift of copper mines in Serbia
2022-03-24 07:47:40,"Supplies sent to rescue area in Molang Village, S China"
2022-03-05 13:57:44,24 Solar Terms: Awakening of Insects
2022-03-16 13:03:05,GLOBALink | County of music
2022-03-20 08:17:09,24 Solar Terms: Spring Equinox 
2022-03-22 20:24:17,China demands U.S. revoke sanctions on Chinese officials
2022-03-22 15:41:01,Over 4 mln more COVID-19 vaccine doses administered on Chinese mainland
2022-03-22 16:46:17,China demands U.S. revoke sanctions on Chinese officials
2022-03-22 15:55:00,Cultural China: Governance based on virtue in Confucianism
2022-03-22 20:56:17,Across China: Ancient water-saving wisdom in UNESCO world heritage
2022-03-22 21:54:31,All-out search for black boxes of crashed passenger plane underway: official
2022-03-23 21:28:30,Second live class held from China's space station
2022-03-23 00:28:33,GLOBALink | Ancient water using wisdom in UNESCO world heritage
2022-03-23 17:25:30,Former Chinese leader He Luli cremated
2022-03-23 00:07:58,"Senior Chinese officials guide plane crash rescue, investigation in Guangxi"
2022-03-23 23:51:30,Xi sends congratulatory letter to fourth CPC-PCC theory seminar
2022-03-23 15:05:01,Xiconomics: China's steady economic growth adds certainty to global development
2022-03-23 20:48:30,China urges Japan to cease provocations on Taiwan question
2022-03-23 10:52:30,"Chinese mainland reports 2,591 new local COVID-19 cases"
2022-03-23 22:16:57,Staff members disinfect packages in China's Macao
2022-03-23 21:02:45,"Senior officials of China, Oman meet via video link"
2022-03-23 23:57:29,Second live class held from China's space station
2022-03-23 19:27:01,"One injured, bridge collapses in Taiwan earthquake"
2022-03-23 09:48:15,"Chinese mainland reports 2,591 new local COVID-19 cases"
2022-03-23 23:52:31,Update: Recovered black box believed to be cockpit voice recorder: official
2022-03-23 20:33:31,China denounces Abe's erroneous Taiwan-related remarks
2022-03-23 00:05:33,GLOBALink | British expat in Shanghai helps with anti-pandemic fight in community
2022-03-23 03:41:30,"China willing to elevate solidarity, friendship, cooperation with Islamic world to new level: Chinese FM"
2022-03-23 20:45:31,HKSAR gov't urges higher vaccination of students as schools to reopen after Easter
2022-03-23 00:11:01,Top political advisor stresses concerted efforts to create bright future for Xinjiang
2022-03-23 00:00:47,GLOBALink | No survivors have been found so far in China plane crash: official
2022-03-23 10:21:55,
2022-03-23 14:42:45,"Chinese Wisdom in Xi's Words: ""A just cause should be pursued for the common good"""
2022-03-23 16:01:02,Chinese astronauts give second lecture from space station
2022-03-23 22:31:01,Chinese legislators inspect enforcement of environmental protection law
2022-03-23 22:49:00,Second live class held from China's space station
2022-03-23 21:38:30,Recovered black box initially believed as cockpit voice recorder: official
2022-03-23 22:23:00,"More Lebanese students keen to learn Chinese language, explore China's culture: director"
2022-03-24 11:13:55,"Chinese, Nigerien FMs meet on ties, regional security"
2022-03-24 09:10:30,5.2-magnitude quake hits waters off Taiwan: CENC
2022-03-24 00:00:30,"China to boost public-service system for sports, fitness"
2022-03-24 11:24:45,Means of production prices mixed in China
2022-03-24 09:44:47,Chinese yuan weakens to 6.3640 against USD Thursday
2022-03-24 10:36:46,"Chinese mainland reports 2,010 new local COVID-19 cases"
2022-03-24 08:03:51,Inside COVID-19 nucleic acid testing laboratory in Shanghai
2022-03-24 11:38:00,"Chinese FM meets Pakistani chief of army staff on ties, int'l issues"
2022-03-24 07:47:40,"Supplies sent to rescue area in Molang Village, S China"
2022-03-24 10:09:45,Market exchange rates in China -- March 24
2022-03-24 11:09:00,"Chinese Wisdom in Xi's Words: ""Strict implementation of laws leads to order"""
2022-03-24 09:50:45,"Chinese mainland reports 2,010 new local COVID-19 cases"
