﻿2022-05-23 14:48:58,Across China: Hainan's ethnic tea grower strives for collective prosperity
2022-05-23 01:58:13,Land-sea train from China to Laos launched with faster clearance
2022-05-23 23:16:13,World Health Assembly rejects again Taiwan-related proposal
2022-05-24 23:05:11,China's commerce ministry responds to U.S.-launched IPEF
2022-05-24 02:51:28,"Mao's 1942 speech on art, literature commemorated"
2022-05-24 19:32:13,Mission completed: 691 medics return to east China's Anhui from Shanghai
2022-05-24 02:30:16,China opposes politicizing issues of technological nature: envoy
2022-05-25 01:53:31,BRICS should cooperate on digital transformation: Chinese official
2022-05-25 01:49:28,"Chinese, German FMs hold virtual meeting on bilateral ties, multilateralism"
2022-05-25 00:09:14,China's top legislator proposes enhancing parliamentary exchanges with Greece
2022-04-20 07:23:15,24 Solar Terms: Grain Rain
2022-04-24 08:18:05,GLOBALink | Parkour teenagers in ancient city of Kashgar
2022-05-05 07:30:12,24 Solar Terms: Start of Summer
2022-05-14 09:58:19,
2022-05-23 17:28:58,New 3D reconstruction method proposed to help determine protein structures
2022-05-23 20:56:28,"Chinese premier stresses stabilizing economy, bringing economy back to normal track"
2022-05-23 20:35:30,China firmly supports work of ESCAP: Chinese FM
2022-05-23 20:30:29,China seeks breakthroughs in meteorological core technologies
2022-05-23 14:09:58,Human's motion perception revealed by spaceflight: study
2022-05-23 20:21:32,China strengthens COVID-19 control over cold-chain food imports
2022-05-23 23:10:13,"Chinese premier stresses stabilizing economy, bringing economy back to normal track"
2022-05-24 19:23:16,Beijing reports 23 new local COVID-19 infections
2022-05-24 09:47:13,"China Focus: Diversified Chinese movies, TV dramas appeal to more fans globally"
2022-05-24 22:40:29,
2022-05-24 16:22:15,Researchers start planting space-bred seeds returned by Shenzhou-13 
2022-05-24 02:02:28,"China to take steps to stabilize economic activity, bring economy back to normal track"
2022-05-24 20:51:42,China steps up efforts to control new pollutants
2022-05-24 22:34:45,
2022-05-24 08:38:00,China releases action plan on rural construction
2022-05-24 02:51:28,"Mao's 1942 speech on art, literature commemorated"
2022-05-24 17:14:44,
2022-05-24 13:20:41,Chinese Wisdom in Xi's Words: Food is first necessity of the people
2022-05-24 20:44:28,Macao's criminal investigation cases drop 12 pct in Q1
2022-05-24 09:22:58,Chinese mainland reports 141 new local confirmed COVID-19 cases
2022-05-24 09:54:17,Chinese mainland reports 141 new local confirmed COVID-19 cases
2022-05-24 19:05:15,Mission completed: 691 medics return to east China's Anhui from Shanghai
2022-05-24 21:30:16,Xi replies to letter from Iowa friend Sarah Lande
2022-05-24 09:28:01,Chinese delegation to World Economic Forum vilified by CNN's false report
2022-05-24 21:17:41,Macao's retail sales value down 0.6 pct year on year in Q1
2022-05-24 20:48:30,Xinhua Commentary: Xinjiang's development speaks the truth of its human rights progress
2022-05-24 21:05:28,Girder of swivel bridge along Nanning-Yulin railway rotates 57 degrees
2022-05-24 02:14:31,Vice premier urges stopping community-level COVID-19 transmission in Beijing
2022-05-24 23:36:15,"China Focus: Sequel planned for China's top-grossing animated film, ignites expectations for quality titles"
2022-05-24 13:10:49,Sequel planned for China's top-grossing animated film
2022-05-24 22:06:01,China Focus: Foreign companies remain confident in China's NEV market
2022-05-24 20:13:30,Eco-friendly parking lot opens in China's Jiangsu
2022-05-24 15:27:03,Researchers start planting space-bred seeds returned by Shenzhou-13
2022-05-24 21:07:28,China allows deferred housing provident fund payments amid epidemic
2022-05-24 21:44:54,Farmers harvest wheat across China
2022-05-24 20:53:32,Hong Kong to resume activities marking 25th anniversary of return to motherland as epidemic shows downward trend: Carrie Lam
2022-05-25 07:30:01,Agricultural technicians check wheat growth in central China's Henan
2022-05-25 01:53:31,BRICS should cooperate on digital transformation: Chinese official
2022-05-25 01:49:28,"Chinese, German FMs hold virtual meeting on bilateral ties, multilateralism"
2022-05-25 00:09:14,China's top legislator proposes enhancing parliamentary exchanges with Greece
