﻿2022-06-07 23:34:14,China's Yangtze River Delta sees rise in China-Europe freight train trips
2022-06-08 00:08:15,BRICS countries pledge to deepen cooperation on intelligent customs
2022-06-05 08:59:45,Economic Watch: EU's sanctions on Russia weigh on own economy
2022-06-05 23:58:28,Bangladeshi army deployed as container depot fire kills at least 45
2022-06-05 10:30:15,"At least 3 killed, over 100 injured in Bangladesh's container depot fire"
2022-06-05 09:20:59,Biden evacuated from beach house in NE U.S. after small plane enters airspace
2022-06-05 11:26:14,Washington in no position to give moral lessons: Uruguayan writer
2022-06-05 17:16:15,Polls close in Cambodia's commune elections
2022-06-05 16:30:15,"Interview: Belt and Road railway project ""grand gateway"" to benefit Southeast Asia, says former Thai deputy PM"
2022-06-05 18:54:15,UN warns of increased risk of famine in Somalia amid acute food insecurity
2022-06-06 04:31:00,Queen Elizabeth II vows to keep serving after 70-yr reign
2022-06-06 06:38:00,"Three dead, 14 injured after shooting in Tennessee"
2022-06-06 09:44:30,"Argentina registers 46,045 cases, 84 deaths from COVID-19 in past week"
2022-06-07 06:06:15,"Uruguayan president tests positive for COVID-19, cancels summit trip"
2022-06-07 23:46:58,"World Bank downgrades 2022 global growth forecast to 2.9 pct, warns of stagflation risk"
2022-06-07 05:45:15,"UK's Johnson wins no-confidence vote, saves premiership"
2022-06-07 21:42:29,World Bank downgrades 2022 global growth forecast to 2.9 pct
2022-06-07 17:46:48,
2022-06-07 20:39:16,2 killed in gunshots in German supermarket: police
2022-06-07 00:28:00,German FM to visit Pakistan: Pakistani foreign ministry
2022-06-07 02:54:48,
2022-06-07 04:42:13,"UK's Johnson wins no-confidence vote, saves premiership"
2022-06-07 03:12:13,Mexican president confirms won't attend Summit of the Americas
2022-06-07 09:35:45,Feature: BRICS bank's urban project brings great convenience to local Brazilians
2022-06-08 05:19:30,Saudi Arabia hosts 116th UNWTO Executive Council Meeting in Jeddah
2022-06-08 08:32:00,People visit expo of 4th Industrial Revolution Conference in Namibia
2022-06-08 04:35:30,Israel calls on public to take precautions due to rise in COVID-19 morbidity
2022-06-08 01:10:13,Kazakh president meets with Chinese FM on bilateral ties
2022-06-08 04:29:28,"Syrian, Russian warplanes carry out military drills amid increasing Israeli strikes"
2022-06-08 03:33:29,New Omicron subvariants rise in U.S. COVID-19 cases
2022-06-08 05:39:30,"Tunisia, Britain sign MoU on renewable energies"
2022-06-08 04:54:44,"Finland, Sweden sign military hosting agreement"
2022-06-08 03:01:28,Hungarian diplomat elected new president of UN General Assembly
2022-06-08 04:13:30,UN relief official calls for urgent help to alleviate drought-driven hunger in Somalia
2022-06-08 06:35:44,"U.S. promises more than it can deliver in Latin America, experts say"
2022-06-08 04:18:30,Feature: Chinese firms popular at Egypt's largest medical expo
2022-06-08 08:31:59,People visit expo of 4th Industrial Revolution Conference in Namibia
2022-06-08 05:39:30,"Tunisia, Britain sign MoU on renewable energies"
2022-06-08 01:10:13,Kazakh president meets with Chinese FM on bilateral ties
2022-06-08 01:48:15,"Chinese, Kazakh FMs hold talks on strengthening bilateral cooperation"
2022-06-08 06:45:44,"China, Kazakhstan to jointly build bilateral relations in next golden 30 years: Chinese FM"
2022-06-08 04:54:44,"Finland, Sweden sign military hosting agreement"
2022-06-08 08:10:41,"People visit tomb-sanctuary on Mount Nemrut in Adiyaman Province, Turkey"
2022-06-08 05:34:43,Int'l expo organizer hails Sino-Greek cooperation in shipping
2022-06-08 06:35:44,"U.S. promises more than it can deliver in Latin America, experts say"
2022-06-08 07:10:00,U.S. stocks rise as energy rallies
2022-06-08 05:33:30,Excluding nations from Americas summit exposes U.S. double standards: Mexican FM
