﻿2022-06-03 15:16:58,Cargo transport tops 4 mln tonnes on China-Laos Railway
2022-06-03 22:40:15,U.S. unemployment unchanged at 3.6 pct in May amid tight labor market
2022-05-31 21:54:01,"Tonga lauds friendly relations with China, vows to stick to one-China policy"
2022-05-31 12:31:31,Children in U.S. more likely to be gun victims than those in other high-income countries
2022-06-01 09:36:43,News Analysis: Declining U.S. consumer sentiment to hurt Democrats in midterms
2022-06-01 20:25:45,3rd India-Bangladesh passenger train service flagged off
2022-06-01 21:28:01,"Lebanon, Iraq agree to bolster legal, judicial cooperation"
2022-06-01 11:35:16,Chinese embassy in Italy presents int'l science cooperation award
2022-06-01 10:29:01,New Australian government ministry sworn in
2022-06-01 22:12:30,Vanuatu will always be true friend of China: president
2022-06-01 17:06:45,Palestinian woman killed by Israeli soldiers in southern West Bank: medics
2022-06-01 11:51:13,World Insights: Data shows Trump trade war hurts American farmers
2022-06-01 15:14:20,Special meeting of European Council held in Brussels
2022-06-02 07:22:44,Death toll from heavy rains in Brazil's Pernambuco state rises to 107
2022-06-02 17:31:29,"S. Korea, Japan hold talks on survey near disputed islets, dumping of nuclear waste water"
2022-06-02 11:27:45,Pundits criticize Biden's delay in trashing Trump's trade war
2022-06-02 11:55:45,Denmark votes to join EU defence pact amid concerns over Russia-Ukraine conflict
2022-06-02 07:37:45,3 victims confirmed dead in U.S. Oklahoma shooting
2022-06-03 19:54:32,
2022-06-03 12:20:43,Biden urges Congress to act on gun violence amid partisan tensions
2022-06-03 23:23:15,Ford U.S. sales drop 4.5 pct in May
2022-06-03 20:44:45,Sri Lankan president instructs officials to maintain adequate stocks of essential items
2022-06-03 17:29:45,Ukraine crisis dampens Uganda's economic recovery: central bank
2022-06-03 22:26:00,Feature: Egyptian artist turns pencil tips into delicate sculptures
2022-06-03 20:29:03,
2022-06-03 07:10:45,Death toll rises to 126 from Brazilian heavy rains
2022-06-04 02:12:45,Security Council urges armed groups in DRC to lay down arms
2022-06-04 00:13:29,"Putin, AU head discuss bilateral cooperation, impact of Western sanctions"
2022-06-04 00:29:30,UN Security Council welcomes truce extension in Yemen
2022-06-04 01:55:43,"Uzbekistan, Tajikistan sign historic declaration to strengthen ties"
2022-06-04 04:40:45,"2 Egyptian UN peacekeepers killed, 1 injured in Mali"
2022-06-04 06:43:00,Death toll climbs to 128 from heavy rains in Brazil
2022-06-04 05:38:00,Iraq says to raise daily oil output to 4.58 mln barrels
2022-06-04 07:28:52,"""Mobile school"" set up in Kandhar to provide education chances for local kids"
2022-06-04 06:07:59,Iraqi forces kill 13 IS militants in 3 provinces
2022-06-04 00:08:30,"5.3-magnitude quake hits 45 km SW of San Pedro de Atacama, Chile -- USGS"
2022-06-04 06:08:03,"Turkey's concerns on Sweden, Finland's NATO bids ""legitimate"": president"
2022-06-04 06:34:00,Roundup: UN condemns latest attack on peacekeepers in Mali
2022-06-04 04:40:45,"2 Egyptian UN peacekeepers killed, 1 injured in Mali"
2022-06-04 03:51:45,"2 Egyptian peacekeepers killed, 2 injured in Mali: UN"
2022-06-04 00:52:30,S. Africa records increase in serious crimes in Q1
2022-06-04 01:55:43,"Uzbekistan, Tajikistan sign historic declaration to strengthen ties"
2022-06-04 01:40:44,Bicycle tour held in Kazakhstan to celebrate 30th anniversary of CICA
2022-06-04 07:42:58,Cargo transport tops 4 mln tonnes on China-Laos Railway
2022-06-04 01:41:30,"High-speed train derails in Rome, no serious injuries"
2022-06-04 03:07:45,Int'l auto show opens in Sofia
2022-06-04 00:55:28,"At least 4 killed, dozens injured in train derailment in southern Germany: media"
2022-06-04 07:02:00,Cuban president congratulates Raul Castro on 91st birthday
2022-06-04 07:17:00,Canada confirms 58 cases of monkeypox
2022-06-04 03:26:44,Number of active U.S. drilling rigs unchanged this week
