﻿2022-08-10 19:11:00,China-Laos Railway ships over 1 mln tons cross-border goods
2022-08-10 15:26:15,China launches 16 new satellites
2022-08-10 02:36:00,First group of tourists stranded in China's Sanya return home
2022-08-11 01:04:15,"Xinhua Headlines: China issues white paper on Taiwan question, envisioning new SAR after reunification"
2022-08-11 21:48:19,Medics from across China join fight against COVID-19 in S China's Sanya
2022-06-06 08:18:04,24 Solar Terms: Grain in Ear
2022-06-20 08:55:04,"GLOBALink | See you again, Bayanbulak"
2022-06-21 07:36:44,24 Solar Terms: Summer Solstice
2022-07-07 07:14:05,24 Solar Terms: Lesser Heat
2022-08-06 18:22:15,Documentary festival on China held offline in Myanmar
2022-08-09 15:15:45,China Focus: Beijing Central Axis to compete for world cultural heritage status
2022-08-10 23:25:15,PLA operations around Taiwan a deterrent to collusion between separatists and external forces: spokesperson
2022-08-10 20:41:00,"China's State Council appoints, removes officials"
2022-08-10 21:30:15,"Chinese state councilor calls for opening-up, win-win cooperation in 5G development"
2022-08-10 21:46:45,"""Concrete actions"" needed to bring China-Australia relations back on right track: Chinese ambassador"
2022-08-10 14:06:15,China launches 16 new satellites
2022-08-10 10:10:00,Spokesperson makes remarks on white paper on Taiwan question and China's reunification in new era
2022-08-10 02:55:30,"Chinese Foreign Minister calls for healthy, stable relations with ROK"
2022-08-10 20:30:31,
2022-08-10 17:54:47,
2022-08-10 22:19:15,PLA Eastern Theater Command fulfills all tasks of joint military operations around Taiwan
2022-08-10 16:24:18,China Focus: Stranded tourists join anti-epidemic fight in Sanya
2022-08-10 20:53:32,
2022-08-10 10:02:30,"China releases white paper on Taiwan question, reunification in new era"
2022-08-10 10:00:00,Full Text: The Taiwan Question and China's Reunification in the New Era
2022-08-11 16:28:30,Feature: Chinese-aided teaching building to bolster education in Afghanistan
2022-08-11 20:04:15,China's Ningxia reports surging foreign trade
2022-08-11 22:42:00,Chinese scientists make breakthroughs in sheep genomics
2022-08-11 22:22:54,Free daycare services for students provided in Hefei
2022-08-11 22:21:06,Wuxi County in SW China's Chongqing makes efforts to boost local tourism
2022-08-11 19:32:30,China Focus: United endeavors deliver progress in modernization journey
2022-08-11 20:44:00,Lecture meeting held in Busan to mark 30th anniversary of S.Korea-China diplomatic ties
2022-08-11 19:29:15,China has favorable conditions to maintain overall price stability: central bank
2022-08-11 23:43:45,"China's Hainan reports 2,318 confirmed COVID-19 cases in latest resurgence"
2022-08-11 16:50:48,"World Insights: Int'l community lauds white paper on Taiwan as China reaffirms position, resolution on reunification"
2022-08-11 22:58:00,"China's Hainan reports 2,318 confirmed COVID-19 cases in latest resurgence"
2022-08-11 19:38:47,Experts reveal effects of night-time warming on mortality risk
2022-08-11 20:54:45,China denounces Lithuanian official's visit to Taiwan
2022-08-11 20:34:15,China reports record car exports in July
2022-08-11 23:33:15,Roundup: Overseas Chinese express shared aspiration for China's complete reunification
2022-08-11 01:10:15,Chinese FM slams Pelosi's visit to Taiwan
2022-08-11 22:23:10,Foreign volunteers join fight against COVID-19 in Hainan 
2022-08-11 22:51:15,Xinhua Commentary: CPC strong leadership core of national reunification
2022-08-11 23:17:15,"Hong Kong to deepen GBA innovation, tech cooperation"
2022-08-11 01:23:00,"Xinhua Commentary: White paper on Taiwan question to pool strength for national reunification, rejuvenation"
2022-08-11 08:43:00,Over 140 cultural relics unearthed in NW China
2022-08-12 00:11:15,Clean-energy research institute put into use in NW China
2022-08-12 00:30:45,Chinese commercial carrier rocket Smart Dragon-3 completes ground tests
2022-08-12 00:03:30,China Focus: Taiwan studies experts expound on significance of white paper
