﻿2022-05-22 20:32:52,Rare species thrive in China through enhanced biodiversity conservation
2022-05-23 14:48:58,Across China: Hainan's ethnic tea grower strives for collective prosperity
2022-05-23 07:28:24,Scenery of Wushan section of Yangtze River in Chongqing
2022-05-23 22:32:16,Xi Story: Preserving the beauty of West Lake
2022-05-23 01:58:13,Land-sea train from China to Laos launched with faster clearance
2022-05-23 23:10:13,"Chinese premier stresses stabilizing economy, bringing economy back to normal track"
2022-05-23 23:16:13,World Health Assembly rejects again Taiwan-related proposal
2022-05-24 02:51:28,"Mao's 1942 speech on art, literature commemorated"
2022-05-24 02:30:16,China opposes politicizing issues of technological nature: envoy
2022-05-24 02:14:31,Vice premier urges stopping community-level COVID-19 transmission in Beijing
2022-05-24 01:10:29,"China urges U.S. not to obscure, hollow out one-China principle"
2022-04-20 07:23:15,24 Solar Terms: Grain Rain
2022-04-24 08:18:05,GLOBALink | Parkour teenagers in ancient city of Kashgar
2022-05-05 20:49:00,China's services trade up 25.8 pct in Q1
2022-05-05 07:30:12,24 Solar Terms: Start of Summer
2022-05-14 09:58:19,
2022-05-21 17:22:58,"Chinese, Ghanaian vocational colleges set up campus to cultivate more talents"
2022-05-22 19:21:56,Hong Kong to distribute more RAT kits following sewage COVID-19 detection
2022-05-22 19:42:11,Beijing reports 94 new local COVID-19 infections
2022-05-22 15:53:17,"China Focus: China National Botanical Garden, paradise for biodiversity"
2022-05-22 17:41:43,China Focus: China makes historic achievements in human rights protection
2022-05-23 17:28:58,New 3D reconstruction method proposed to help determine protein structures
2022-05-23 20:56:28,"Chinese premier stresses stabilizing economy, bringing economy back to normal track"
2022-05-23 18:26:39,Beijing reports 63 new local COVID-19 infections
2022-05-23 08:31:26,"Shanghai reports 55 confirmed, 503 asymptomatic local COVID-19 cases"
2022-05-23 18:36:16,UN human rights chief arrives in China for visit
2022-05-23 20:35:30,China firmly supports work of ESCAP: Chinese FM
2022-05-23 14:48:58,Across China: Hainan's ethnic tea grower strives for collective prosperity
2022-05-23 20:30:29,China seeks breakthroughs in meteorological core technologies
2022-05-23 01:39:13,China releases new database on biodiversity
2022-05-23 14:09:58,Human's motion perception revealed by spaceflight: study
2022-05-23 20:21:32,China strengthens COVID-19 control over cold-chain food imports
2022-05-23 20:55:46,Air pollution increases risk of cognitive decline: study
2022-05-23 09:22:45,Across China: Guarding flamingos on Shanxi salt lake
2022-05-23 21:12:42,Macao's composite CPI up 1.06 pct in April
2022-05-23 21:48:46,"Hong Kong to distribute 210,000 RAT kits following sewage COVID-19 detection"
2022-05-23 22:24:11,Farmers harvest wheat in Henan
2022-05-23 17:26:58,
2022-05-23 22:56:24,
2022-05-23 21:20:43,Multispecies planting promotes tree growth in forest: study
2022-05-23 13:22:46,25 Qing Dynasty tombs discovered in China's Hunan
2022-05-23 22:20:31,
2022-05-23 16:51:45,Chinese shares close mixed Monday
2022-05-23 23:10:13,"Chinese premier stresses stabilizing economy, bringing economy back to normal track"
2022-05-23 18:44:13,Over 82 pct senior citizens in China fully vaccinated against COVID-19
2022-05-23 13:36:45,Across China: Young artists brighten Wuhan with paintings
2022-05-23 18:54:15,Economic Watch: China's mushrooming high-tech industries create demand for talents
2022-05-24 02:02:28,"China to take steps to stabilize economic activity, bring economy back to normal track"
2022-05-24 01:26:30,"Vice presidents of China, Brazil co-chair COSBAN meeting"
2022-05-24 02:51:28,"Mao's 1942 speech on art, literature commemorated"
2022-05-24 02:48:30,BRICS ministers urge cooperation on new industrial revolution
2022-05-24 02:14:31,Vice premier urges stopping community-level COVID-19 transmission in Beijing
2022-05-24 02:23:28,Chinese FM meets UN human rights chief
