﻿2022-05-07 23:08:13,Hispanic voters don't believe Biden administration can handle inflation
2022-05-08 09:28:15,"China's BRI projects greatly benefit Cambodian economy, people: officials, experts"
2022-05-04 11:40:28,DPRK fires what appears to be ballistic missile toward eastern waters: Japanese gov't
2022-05-04 18:00:30,Russia-Ukraine conflict increases uncertainty for Finnish tech firms
2022-05-04 16:04:15,"Cambodia, Indonesia, Thailand to host 3 major leaders' meetings in November: joint statement"
2022-05-05 04:02:01,"U.S. Fed raises interest rates by half point, ramping up inflation fight"
2022-05-05 13:56:15,News Analysis: How will abortion rights fight affect U.S. midterms?
2022-05-05 07:06:13,"UN action plan for clean, affordable energy by 2030 announced"
2022-05-05 22:15:13,"Bank of England hikes interest rate to 1 pct, 13-year high"
2022-05-05 14:11:26,"Biden declares ongoing wildfires in New Mexico ""a major disaster"""
2022-05-05 20:12:41,OPEC+ sticks to modest output boost despite oil rally
2022-05-05 19:34:45,Turkey's annual inflation hits two-decade high of nearly 70 percent
2022-05-05 19:37:43,Pakistani PM expresses grief over loss of lives in floods hitting Afghanistan
2022-05-06 11:28:14,"Interview: Fed rate hike could deal blow to developing countries, Argentine economist warns"
2022-05-06 15:17:41,Death toll in Afghanistan's floods rises to 9: authorities
2022-05-06 13:50:30,Palestinian president condemns fatal ax attack in Israel
2022-05-06 07:29:16,"UN chief calls for end to ""cycle of death, destruction"" in Ukraine"
2022-05-06 13:00:38,Los Angeles County Fair launched after two-year hiatus 
2022-05-06 06:55:15,U.S. FDA limits use of Johnson & Johnson COVID-19 vaccine over blood clot risk
2022-05-07 19:17:02,
2022-05-07 07:40:31,U.S. CDC investigating over 100 severe hepatitis cases in children
2022-05-07 13:25:16,S.Korea says DPRK fires unidentified projectile into eastern waters
2022-05-07 19:58:44,
2022-05-07 06:21:13,Ukraine urges Russia's troop pullback to resume talks
2022-05-07 19:27:26,UN rights body urges transparent probe into recent inter-religious clashes in Ethiopia
2022-05-07 11:00:58,Peru's Congress shelves president's constitutional reform bill
2022-05-07 07:05:11,"Gas leak sparks hotel blast, says Cuban presidential office"
2022-05-07 23:18:17,"Rising rents, inflation set more elderly Americans homeless: FOX News"
2022-05-07 05:33:15,UN chief welcomes Security Council speaking with one voice for peace in Ukraine
2022-05-07 21:35:00,Malagasy official thanks China for supporting African countries in agricultural development
2022-05-08 08:28:58,"Colombia, Saudi Arabia to meet in June friendly"
2022-05-08 10:35:32,"UN report calls for strategic approach to address Palestinian economic, fiscal crisis"
2022-05-08 00:00:32,Roundup: Jordan's tourism witnesses signs of recovery
2022-05-08 03:36:16,"Turkey plans to send 1 million Syrians home, answering public unease"
2022-05-08 07:30:52,People enjoy food at Athens Street Food Festival
2022-05-08 01:13:31,"Iranian FM blames U.S. ""maximum pressure policy"" for nuke deal standoff"
2022-05-08 03:14:28,"Roundup: Turkey plans to send 1 million Syrians home, answering public unease"
2022-05-08 02:54:12,"Serbia, China honor Chinese martyrs killed in NATO bombing"
2022-05-08 05:20:16,Russia holds final rehearsal for V-Day parade
2022-05-08 01:29:30,11 Egyptian troops killed in clashes with terrorists in Sinai
2022-05-08 01:15:31,"UN calls for urgent seed, fertilizer aid for conflict-affected northern Ethiopia"
2022-05-08 01:06:30,"Morocco says foils 63,121 illegal immigration attempts in 2021"
2022-05-08 11:01:26,"Interview: Japan's nuke water dumping to endanger marine products, ocean, says green activist"
2022-05-08 10:39:28,"Malaysia reports 1,372 new COVID-19 infections, 3 new deaths"
2022-05-08 10:35:30,Nepali mountain guide climbs Mt. Qomolangma 26th time
2022-05-08 07:30:50,People enjoy food at Athens Street Food Festival
2022-05-08 10:38:31,Facts about Russia-Ukraine conflict: Humanitarian operation to evacuate civilians from Azovstal ends
2022-05-08 07:23:59,"Int'l Astronomy Day marked in Bucharest, Romania"
2022-05-08 09:46:14,Prisoners in U.S. deprived of basic protections against COVID-19: report
2022-05-08 11:04:28,Guns now kill more children and young adults than car crashes in U.S.: media
2022-05-08 09:50:30,U.S. set to mark grim milestone of 1 mln coronavirus-related deaths: report
