﻿2022-07-17 13:48:31,
2022-07-20 01:12:00,UN chief calls for new path of people living in harmony with nature
2022-07-19 22:59:29,Sunak retains lead in race to become UK PM
2022-07-19 23:25:31,"Iranian president hails Erdogan's visit as ""turning point"""
2022-07-19 12:37:26,At least 13 killed in Ecuador prison riot
2022-07-19 22:36:15,"UK bakes in hottest day ever, pressure mounts on transport, medical services"
2022-07-20 23:36:30,"Most Americans discontented with Biden, economy, state of country: poll"
2022-07-20 20:54:56,"U.S. DHS secretary ""deeply concerned"" over high tolerance of hate in country"
2022-07-20 04:27:15,"Extreme heat waves ""here to stay"": WMO"
2022-07-20 22:49:30,Democrats' policies to blame for historic U.S. inflation: media
2022-07-20 15:38:15,Syria cuts diplomatic ties with Ukraine
2022-07-20 19:43:27,Sri Lanka's new president Ranil Wickremesinghe to be sworn in on Thursday
2022-07-20 01:12:00,UN chief calls for new path of people living in harmony with nature
2022-07-20 13:25:11,World Insights: Bolton's coup revelation typifies Washington's hegemonic ethos
2022-07-20 17:33:00,"Ranil Wickremesinghe elected as new president of Sri Lanka, calling for unity through crisis"
2022-07-20 03:48:15,Biden's 1st Mideast visit only leaves hollow promises: Israeli experts
2022-07-20 19:23:30,"Iran demands ""serious"" economic guarantees from U.S. in nuclear talks: spokesman"
2022-07-20 23:12:29,"Urgent: Sunak, Truss emerge as two finalists in UK leadership race"
2022-07-20 18:22:59,
2022-07-20 02:19:00,"Raisi, Putin vow to expand Iran-Russia cooperation, ensure regional security"
2022-07-20 17:48:56,Roundup: Triple-digit heat roasts U.S. west amid record drought
2022-07-20 22:39:15,Brussels calls for 15-pct reduction in gas consumption in Europe
2022-07-20 15:28:15,Sri Lanka's acting President Ranil Wickremesinghe wins parliament vote for new president
2022-07-20 20:44:45,"World Insights: Putin, Erdogan's visits to Tehran mirror changing geopolitical dynamics"
2022-07-20 21:06:00,UN holds thematic debate to energize climate action
2022-07-20 17:39:14,
2022-07-20 18:38:12,Pakistan extends condolences on loss of lives in Egypt's tragic road accident
2022-07-21 06:31:26,"Argentina calls for Mercosur unity, global outlook"
2022-07-21 05:47:15,Türkiye denies responsibility for deadly bombardment on Iraqi resort
2022-07-21 03:15:00,UN deputy chief calls for change of mindsets to realize Africa's development vision
2022-07-21 07:30:07,Cyprus marks 48th anniversary of military operation by Turkey
2022-07-21 06:30:30,Syria to receive Chinese communications equipment in aid
2022-07-21 00:30:46,"Roundup: Record heat in UK causes wildfires, disrupts traffic"
2022-07-21 05:06:11,"Peacekeepers in CAR carry out almost 1,200 patrols seeking armed militants: UN"
2022-07-21 05:50:11,"Iraq to recall envoy, summon Turkish ambassador over deadly bombardment"
2022-07-21 05:36:14,Colombia's Independence Day military parade returns after 2-year absence
2022-07-21 02:35:00,Kenya lowers cost of maize flour amid hunger crisis
2022-07-21 03:37:00,Roundup: Zimbabwe's new capital takes shape following completion of China-funded parliament building
2022-07-21 00:59:56,South African president urges stakeholders to examine progress in redressing racialized economy
2022-07-20 21:47:01,Volkswagen to build nickel processing plant in Indonesia this year
2022-07-21 01:25:56,"More than 4,000 people hospitalized over extreme heat in Uzbekistan"
2022-07-21 00:30:42,160 mln Chinese doses administered as Bangladesh strengthens fight against COVID-19
2022-07-21 06:43:29,Update:Irish gov't achieves fiscal surplus for 2nd quarter in a row
2022-07-21 06:39:26,Irish gov't achieves fiscal surplus for 2nd quarter in a row
2022-07-21 07:30:05,Cyprus marks 48th anniversary of military operation by Turkey
2022-07-21 07:03:30,"U.S. existing-home sales drop 5.4 pct in June amid rising rates, prices"
2022-07-21 06:52:30,Economic Watch: Housing sector underscores U.S. economic worries
2022-07-21 06:21:15,Nearly one in four COVID sufferers had long COVID: new study
