﻿2022-07-21 21:52:39,JSQ freight vehicle leaves Chongqing for first pilot run to Moscow
2022-07-26 21:14:43,Biden anticipates return of in-person work later this week
2022-07-22 23:39:18,Former White House officials testify at prime-time hearing on Capitol riot
2022-07-23 23:58:00,EAC leaders call for fast tracking admission of Somalia into bloc
2022-07-23 01:03:56,News Analysis: Resignation of Italy's Draghi could spark period of uncertainty
2022-07-23 21:52:29,Monkeypox patient from Thailand found in Cambodian capital: deputy governor
2022-07-23 13:39:45,"World Insights: Int'l community welcomes Russia-Ukraine grain export deal, expects full implementation"
2022-07-23 17:18:29,"Cambodia slams U.S. ""Cambodia Democracy and Human Rights Act of 2022"""
2022-07-23 23:45:45,WHO declares monkeypox outbreak int'l public health emergency
2022-07-23 22:34:45,Urgent: WHO declares mutli-country monkeypox outbreak int'l public health emergency
2022-07-24 10:40:30,"Biden's COVID-19 infection ""most likely"" caused by BA.5 variant: physician"
2022-07-24 12:38:44,"Feature: U.S. Texas scorched by heat, drought"
2022-07-24 19:53:30,"Three dead, two wounded in university campus shooting in Philippine capital"
2022-07-24 15:19:59,World Insights: EU's return to coal shows double standard on carbon reduction
2022-07-24 12:23:44,California's wildfire burning rapidly near Yosemite National Park
2022-07-25 00:25:12,Pakistani authority monitors entry routes amid int'l public health emergency of monkeypox
2022-07-25 17:07:45,At least 30 passengers killed in road accident in Kenya
2022-07-25 19:22:30,"Japan confirms 1st monkeypox case, alert issued"
2022-07-25 09:22:00,"Biden's COVID-19 symptoms ""improve significantly"": doctor"
2022-07-26 15:26:47,
2022-07-26 14:01:15,"World Insights: Heatwave a stark warning that ""planet is on fire,"" demanding more global cooperation, experts say"
2022-07-26 20:23:27,Türkiye detains 26 army personnel over ties to 2016 coup bid
2022-07-26 10:55:00,France opens monkeypox vaccination center in Paris
2022-07-26 16:36:58,
2022-07-26 06:06:12,"Peru faces ""community transmission"" of monkeypox: top health official"
2022-07-26 21:27:42,"Blast kills 2 children, injures 10 in Afghanistan's Zabul province"
2022-07-26 07:41:26,Biden anticipates return of in-person work later this week
2022-07-27 01:43:28,"IMF cuts 2022 global growth forecast to 3.2 pct, warns of downside risks"
2022-07-27 03:19:15,China calls for more influential peace conference to address Palestinian issue
2022-07-27 07:15:28,Wildfire breaks out near Mandra town in Greece
2022-07-27 03:54:00,Jordan calls for continued support as Syrian refugees' burden grows
2022-07-27 06:38:30,Cubans mark National Rebellion Day
2022-07-27 06:05:30,"China willing to enhance ties with Lebanon, contribute more to regional peace: ambassador"
2022-07-27 05:10:45,"UN military peacekeeper, 2 police personnel killed in DR Congo"
2022-07-27 03:39:30,"Roundup: Water supply crisis weighs down Jordanian households, society"
2022-07-27 01:43:49,"Iranian president says conclusion of nuclear talks requires U.S. ""will"""
2022-07-27 03:47:00,"One Moroccan peacekeeper killed, 20 injured in DR Congo attack"
2022-07-27 03:28:00,"Cameroonian, French presidents discuss regional security, economic ties"
2022-07-27 05:53:45,"Sudan receives food, medicine aid from UAE"
2022-07-27 01:44:01,Two aircraft of Pakistan's national flag carrier escape mid-air collision
2022-07-27 01:43:52,Uzbekistan hosts conference to rally support for Afghanistan
2022-07-27 01:43:50,Peng Liyuan meets with Indonesian first lady
2022-07-27 07:15:26,Wildfire breaks out near Mandra town in Greece
2022-07-27 06:03:28,"Greece, Saudi Arabia to explore further cooperation"
2022-07-27 05:19:28,French Parliament votes bill ending state of health emergency on Aug. 1
2022-07-27 06:07:30,Microsoft reports Q4 results with revenue up 12 pct
2022-07-27 05:38:30,Alphabet reports Q2 revenue with 13 pct growth
2022-07-27 04:06:15,Mexico confirms 60 monkeypox cases
