﻿2022-07-06 18:40:14,"Shenzhou-14 taikonauts conduct in-orbit science experiments, prepare for space walks"
2022-07-07 17:41:00,"About 50,000 sit for delayed college entrance exam in Shanghai"
2022-07-07 00:16:47,"Xinhua Headlines: China, Caribbean countries deepen comprehensive cooperation
"
2022-07-07 00:06:00,China's top legislator holds talks with chairperson of Uzbekistan's Senate
2022-07-07 00:52:00,Kenya's SGR train ferries 7.8 mln passengers since inception
2022-06-06 08:18:04,24 Solar Terms: Grain in Ear
2022-06-20 08:55:04,"GLOBALink | See you again, Bayanbulak"
2022-06-21 07:36:44,24 Solar Terms: Summer Solstice
2022-07-06 22:03:15,"China stresses rectifying problems in central budget execution, fiscal revenues and expenditures"
2022-07-06 20:15:45,"China ready to usher in new ""golden age"" with Philippines: Chinese FM"
2022-07-06 16:05:42,First Historical Archives of China opens to public
2022-07-06 20:57:59,"Feature: Virtual ""bird-woman"" ambassador spreads Dunhuang culture"
2022-07-06 20:58:00,China launches Level IV emergency response for floods in northern regions
2022-07-06 23:22:45,HKSAR chief executive John Lee vows results in addressing livelihood issues
2022-07-06 19:47:29,Taiwan's CPI shows record rise of 3.59 pct in June
2022-07-06 21:55:12,China Focus: China's environmental inspections pave way for green development
2022-07-06 19:27:30,China criticizes U.S. attempt to ban Dutch chipmaking tech exports to China
2022-07-06 16:28:45,Feature: Modern technology fuels centuries-old Qinqiang Opera
2022-07-07 19:58:45,"Xinhua Commentary: In pursuit of self-sufficiency, China injects stability into global food market"
2022-07-07 09:28:44,Chinese mainland reports 94 new local confirmed COVID-19 cases
2022-07-07 21:00:00,Economic Watch: China's growing logistics activities tell more than smoother shipment
2022-07-07 17:04:00,Fujian to host 14th Straits Forum
2022-07-07 19:16:29,China's commerce ministry expects trade growth to remain high in June
2022-07-07 21:58:32,
2022-07-07 13:02:02,Across China: Young entrepreneur strives to promote SW China's coffee industry
2022-07-07 18:58:30,China-ASEAN Expo establishes exhibition area for RCEP members
2022-07-07 12:29:42,China's Chang'e-4 probe completes work for 44th lunar day
2022-07-07 18:32:00,Road accident kills 5 in China's Shanxi
2022-07-07 19:37:44,Former senior political advisor of Liaoning stands trial for graft
2022-07-07 22:11:30,"China, Indonesia vow to push for pragmatic, constructive dialogues within G20"
2022-07-07 19:33:29,Beijing rolls out measures to boost consumption
2022-07-07 21:03:00,"""Guardrails"" for China-U.S. relations are three joint communiques: FM spokesperson"
2022-07-07 17:50:47,
2022-07-07 17:56:35,
2022-07-07 23:43:44,China's Wang Yi meets Indian FM Jaishankar on bilateral ties
2022-07-07 13:24:57,Taikonauts to give lesson at China's space lab module
2022-07-07 21:14:00,"China Focus: Chinese, Australian astronomers detect key process of binary evolution"
2022-07-07 21:59:15,Taiwan raises weekly limit on inbound trips
2022-07-07 01:06:12,"China stresses rectifying problems in central budget execution, fiscal revenues and expenditures"
2022-07-07 07:14:05,24 Solar Terms: Lesser Heat
2022-07-07 22:06:32,"Chinese premier stresses implementing macro policies, promoting reform and opening-up"
2022-07-07 01:07:00,China to promote use of electronic licenses and certificates to energize market players
2022-07-07 19:35:27,China plans to improve gig economy services to boost employment
2022-07-07 10:58:29,Chinese mainland reports 94 new local confirmed COVID-19 cases
2022-07-07 00:24:59,"China, Philippines agree to upgrade cooperation, resolve differences through dialogue"
2022-07-07 19:14:30,Xinjiang starts annual water diversion for Tarim River restoration
2022-07-08 01:51:00,New follow-up project for China's south-to-north water diversion begins construction
2022-07-08 01:58:12,"China, Russia pledge to expand cooperation, safeguard interests of developing countries"
2022-07-08 03:05:15,China Focus: China commemorates 85th anniversary of whole-nation resistance war against Japanese aggression
2022-07-08 00:43:00,"Chinese premier stresses implementing macro policies, promoting reform and opening-up"
2022-07-08 07:24:49,Night economy booms in Wuhan
