﻿2022-05-08 09:28:15,"China's BRI projects greatly benefit Cambodian economy, people: officials, experts"
2022-05-08 19:14:43,Two suspects arrested for killing 3 Israelis in stabbing attack
2022-05-05 13:56:15,News Analysis: How will abortion rights fight affect U.S. midterms?
2022-05-05 07:06:13,"UN action plan for clean, affordable energy by 2030 announced"
2022-05-05 22:15:13,"Bank of England hikes interest rate to 1 pct, 13-year high"
2022-05-05 14:11:26,"Biden declares ongoing wildfires in New Mexico ""a major disaster"""
2022-05-05 20:12:41,OPEC+ sticks to modest output boost despite oil rally
2022-05-05 19:34:45,Turkey's annual inflation hits two-decade high of nearly 70 percent
2022-05-05 19:37:43,Pakistani PM expresses grief over loss of lives in floods hitting Afghanistan
2022-05-06 15:17:41,Death toll in Afghanistan's floods rises to 9: authorities
2022-05-06 13:50:30,Palestinian president condemns fatal ax attack in Israel
2022-05-06 07:29:16,"UN chief calls for end to ""cycle of death, destruction"" in Ukraine"
2022-05-06 13:00:38,Los Angeles County Fair launched after two-year hiatus 
2022-05-06 06:55:15,U.S. FDA limits use of Johnson & Johnson COVID-19 vaccine over blood clot risk
2022-05-07 07:40:31,U.S. CDC investigating over 100 severe hepatitis cases in children
2022-05-07 13:25:16,S.Korea says DPRK fires unidentified projectile into eastern waters
2022-05-07 06:21:13,Ukraine urges Russia's troop pullback to resume talks
2022-05-07 19:27:26,UN rights body urges transparent probe into recent inter-religious clashes in Ethiopia
2022-05-07 11:00:58,Peru's Congress shelves president's constitutional reform bill
2022-05-07 07:05:11,"Gas leak sparks hotel blast, says Cuban presidential office"
2022-05-07 05:33:15,UN chief welcomes Security Council speaking with one voice for peace in Ukraine
2022-05-08 08:28:58,"Colombia, Saudi Arabia to meet in June friendly"
2022-05-08 10:35:32,"UN report calls for strategic approach to address Palestinian economic, fiscal crisis"
2022-05-08 19:24:45,Afghanistan receives 32-mln-USD humanitarian cash aid
2022-05-08 23:55:45,Lebanon condemns deadly attack in Egypt's Sinai
2022-05-08 14:14:28,
2022-05-08 16:00:28,
2022-05-08 12:08:41,Brazil's ex-president Lula launches presidential campaign
2022-05-08 19:15:43,Libya condemns deadly attack in Egypt's Sinai
2022-05-09 06:33:13,Voting begins in Philippine elections
2022-05-09 02:01:43,"Syrian president meets Iran's supreme leader, president: state media"
2022-05-09 08:53:21,Centennial celebrations of Chapman's Peak Drive held in Cape Town
2022-05-09 04:40:00,Palestinian shot dead in attempted stabbing attack in Israeli settlement: military
2022-05-09 05:54:11,Gas ship allowed into Yemen's Hodeidah port as part of truce: Houthi TV
2022-05-09 01:45:45,"Serbia, China commemorate journalists killed in NATO bombing 23 years ago"
2022-05-09 06:29:16,Roundup: 2 Palestinians shot dead in West Bank amid flaring tensions
2022-05-09 07:30:55,Palestinian people attend rally ahead of 74th anniv. of Nakba Day
2022-05-09 03:21:00,Sudan condemns deadly attack in Egypt's Sinai
2022-05-09 08:53:19,Centennial celebrations of Chapman's Peak Drive held in Cape Town
2022-05-09 07:21:51,"Volunteers remind drivers cautious about baboons on road in Cape Town, South Africa"
2022-05-09 06:49:15,8 injured in Philippine election eve grenade explosions
2022-05-09 08:46:31,Moderate quake hits eastern Indonesia
2022-05-09 06:33:13,Voting begins in Philippine elections
2022-05-08 22:11:07,77th anniversary of end of World War II commemorated in Berlin
2022-05-09 01:45:45,"Serbia, China commemorate journalists killed in NATO bombing 23 years ago"
2022-05-08 23:57:43,"Ukrainian president, Croatian PM meet on defense, energy cooperation"
2022-05-08 13:10:41,Exploitation of African American women continues: The Washington Post
2022-05-08 15:04:59,"Economic Watch: U.S. jobs report strong, but hard landing possible by year end"
2022-05-08 12:59:45,Spanish woman dead in Havana hotel explosion: ministry
