﻿2022-06-14 09:10:14,Jakarta-Bandung HSR No. 4 casting yard completes box girders erection
2022-06-15 18:10:15,Major U.S. baby formula plants not inspected in 2020: CBS
2022-06-11 23:04:45,Japanese politicians' suggestions on reinforcing military capabilities very dangerous: military expert
2022-06-12 09:54:49,Putin signs law on non-compliance with ECHR decisions
2022-06-12 21:06:30,S.Korea says DPRK fires multiple projectiles
2022-06-12 21:29:46,UN says humanitarian supplies continue to arrive in Ethiopia's Tigray region
2022-06-13 18:21:58,Hundreds of DRC refugees cross into Uganda: relief agency
2022-06-13 20:22:31,
2022-06-13 19:19:00,Gunmen abduct 40 travellers in northwest Nigeria
2022-06-13 18:23:02,
2022-06-13 13:29:00,World Insights: Child labor common in U.S. despite calls for change
2022-06-14 09:21:13,"Israel issues highest travel warning for Istanbul, citing possible attacks by Iran"
2022-06-14 10:56:32,S&P 500 ends in bear market territory as recession fears mount
2022-06-14 03:20:30,"NATO says ""working hard"" on issues concerning Finland, Sweden's bids"
2022-06-14 04:32:30,U.S. San Francisco mayor announces grant for gun violence prevention program
2022-06-14 03:58:14,"U.S. reports about 88,000 weekly child COVID-19 cases"
2022-06-14 06:20:45,"News Analysis: Local, regional elections strengthen position of Italy's populist parties"
2022-06-14 20:29:23,U.S. Capitol riot hearings: election fraud claims under spotlight
2022-06-15 08:59:30,Economic Watch: U.S. gas prices highest in history -- could they go even higher?
2022-06-15 13:04:28,Experts say U.S. might already be in recession: CNBC
2022-06-15 16:13:30,Uganda to commission Chinese-financed mega hydropower plant
2022-06-15 03:09:01,"With 5 total monkeypox cases, Mexico rules out pandemic"
2022-06-15 12:00:15,Brazil's electricity giant Eletrobras privatized
2022-06-15 07:32:15,Higher unemployment rate looms in U.S. as Fed fights inflation: WSJ
2022-06-15 20:13:48,Negotiations needed to bring ceasefire in Ukraine: France's Macron
2022-06-15 00:26:45,Leader of Ecuador's indigenous group arrested after acts of vandalism in agitation
2022-06-15 14:19:30,"Canada, Denmark reach agreement on long-standing boundary disputes"
2022-06-15 20:41:45,Sri Lanka receives medical equipment from UNFPA with support of China
2022-06-15 03:18:30,"Ukraine crisis threatens 2023 grain harvest, says top FAO economist"
2022-06-15 17:36:00,Japan concludes regular parliamentary session with upper house election to be held on July 10
2022-06-15 05:53:13,"Tunisia, UAE discuss ways to enhance bilateral ties"
2022-06-16 07:28:08," Emergency drill conducted in Kathmandu, Nepal"
2022-06-16 07:31:27,"Metaverse Expo 2022 held in Seoul, South Korea"
2022-06-16 05:12:15,"Huawei, Dubai's infrastructure company hold summit on carbon neutrality"
2022-06-16 03:36:00,"UN chief urges protection, promotion of women's rights amid proliferating crises"
2022-06-16 01:55:45,UN chief condemns latest attack in Burkina Faso
2022-06-16 03:47:00,UN agency for Palestine refugees faces 100-mln-USD funding gap: chief
2022-06-16 04:00:59,23rd aid worker killed in NW Syria since 2020 saddens UN
2022-06-16 03:56:01,Jordan's king meets European Commission president on ties
2022-06-16 00:13:28,"Egypt's president, UAE army chief discuss military, security cooperation"
2022-06-16 00:17:45,1st LD-Writethru: Somali president appoints new prime minister
2022-06-16 00:14:45,Nigeria's missing Chibok schoolgirl found eight years after Boko Haram abduction: army
2022-06-16 07:28:06," Emergency drill conducted in Kathmandu, Nepal"
2022-06-16 07:31:25,"Metaverse Expo 2022 held in Seoul, South Korea"
2022-06-16 00:28:45,Special economic zones to play vital role in Pakistan's development: PM
2022-06-16 03:15:00,China becomes Ireland's 3rd largest source of imports
2022-06-16 03:13:58,Germany's health minister warns of COVID-19 summer wave
2022-06-16 05:52:15,Macron voices support for Moldova's EU accession bid
2022-06-16 07:12:15,U.S. stocks rise after Fed delivers large rate hike to combat inflation
2022-06-16 07:18:15,U.S.-listed Chinese firms trade mostly higher
2022-06-16 06:13:14,Roundup: Monkeypox infections continue to rise in U.S. amid concern for overlooking
