﻿2022-03-19 19:14:12,"Trade between China's Hunan, B&R countries surges in first 2 months"
2022-03-20 01:26:30,Japan to invest 42 billion USD in India over next 5 years
2022-03-17 22:55:41,Russia demands U.S. disclose information on biolabs in Ukraine
2022-03-17 22:17:30,UNIFIL's new chief urges enhanced coordination for Lebanon-Israel Blue Line disputes
2022-03-18 07:45:45,Brazil cuts economic growth estimate to 1.5 pct in 2022
2022-03-18 03:08:15,Omicron BA2 subvariant spreading as EU countries lift COVID-19 restrictions: EMA
2022-03-18 09:51:00,Peruvian court orders release of ex-president Fujimori
2022-03-18 11:34:43,
2022-03-18 11:02:16,Interview: Turkish specialist praises China's anti-pandemic measures
2022-03-18 02:03:15,World Bank provides 750 mln USD to spur Kenya's post-pandemic growth
2022-03-18 06:24:45,Oil prices surge on renewed supply concerns
2022-03-18 04:48:14,"U.S. weekly jobless claims fall to 214,000, lowest level since start of year"
2022-03-19 17:22:56,Timor Leste holds presidential election
2022-03-19 02:17:15,"Chinese envoy calls for response, clarification over biological security issue in Ukraine"
2022-03-19 07:13:30,U.S. military aircraft crashes in Norway
2022-03-19 12:14:45,"S. Korea reports 381,454 new COVID-19 cases"
2022-03-19 22:40:47,GLOBALink | On site in Ukraine: Residents stock up on supplies in Kharkiv
2022-03-19 13:04:45,World Insights: Risks posed by worldwide U.S.-funded biolabs cause jitters around globe
2022-03-19 19:22:14,"Somali, AU military chiefs set up team on rules of operations for new peace mission"
2022-03-19 22:29:00,Putin criticizes U.S. military-biological research in Ukraine
2022-03-19 10:12:00,Xinhua Commentary: World needs answer on U.S. biolabs
2022-03-19 12:11:26,U.S. denies once again signs of new wave of COVID-19: The Guardian
2022-03-19 06:18:30,Chilean economy records historic 11.7 pct growth in 2021
2022-03-19 07:14:30,Canada's chief health officer calls for getting third dose of vaccine
2022-03-19 01:03:01,Serbian football fans list U.S.-led NATO interventions with banners
2022-03-19 02:12:00,Roundup: China completes construction of Uganda's air cargo terminal
2022-03-19 07:10:30,"Violations of indigenous peoples' rights by U.S. ""chronic, systemic racism"": diplomat"
2022-03-19 18:39:00,"UNEP joins global alliance to advance human, planetary health"
2022-03-20 06:32:00,Roundup: Dubai summit urges content creators to assume bigger social responsibility
2022-03-20 05:37:00,Israel's COVID-19 reproduction rate surpasses 1
2022-03-20 05:28:00,News Analysis: Assad's visit to UAE marks Syria's return to regional role despite U.S. opposition
2022-03-20 02:26:45,"Serbian, Hungarian leaders inaugurate section of Belgrade-Budapest railway"
2022-03-20 05:42:00,Tunisia retrieves 20 bodies off NE coast
2022-03-20 02:58:44,Dozens injured in tunnel pileup in northwest Turkey
2022-03-20 02:07:45,Water levels receding at Zimbabwe's Lake Kariba amid prolonged dry spell
2022-03-20 07:30:23,"Artisanal Creation exhibition held in Tunis, Tunisia"
2022-03-20 05:42:00,Tunisia retrieves 20 bodies off NE coast
2022-03-20 10:03:29,"Malaysia reports 22,341 new COVID-19 infections, 85 new deaths"
2022-03-20 01:26:30,Japan to invest 42 billion USD in India over next 5 years
2022-03-20 09:29:30,Top Australian scientists to tackle plastic waste
2022-03-20 09:25:26,Economic Watch: Russia-Ukraine conflict heightens worries over Indian economy
2022-03-20 07:51:31,Chemical tanker adrifted off Bahar ic-Caghaq coast in Malta
2022-03-20 02:58:44,Dozens injured in tunnel pileup in northwest Turkey
2022-03-19 13:04:45,World Insights: Risks posed by worldwide U.S.-funded biolabs cause jitters around globe
2022-03-20 10:03:28,Cuba adds 833 COVID-19 cases
2022-03-20 10:01:30,CBOT agricultural futures in correction
