﻿2022-08-06 23:13:45,PLA Eastern Theater Command continues joint exercises around Taiwan
2022-08-06 14:11:45,Chinese FM makes 3-point proposal to strengthen East Asia cooperation
2022-08-07 22:12:50,Residents receive nucleic acid test in S China's Hainan
2022-08-08 01:48:45,PLA Eastern Theater Command continues joint exercises to test precision strike capabilities
2022-08-08 00:58:31,Foreign trade bolsters China's economic outlook with steadily growing momentum
2022-08-08 07:30:05,China-built modern railway helps foster job creation for local people in Kenya
2022-06-06 08:18:04,24 Solar Terms: Grain in Ear
2022-06-20 08:55:04,"GLOBALink | See you again, Bayanbulak"
2022-06-21 07:36:44,24 Solar Terms: Summer Solstice
2022-07-07 07:14:05,24 Solar Terms: Lesser Heat
2022-08-01 15:21:45,"Driven by sizzling sci-fi comedy, China's summer box office picks up speed"
2022-08-03 16:05:30,World heritage site Huangshan Mountain attracts more tourists in July
2022-08-05 17:07:00,"Test site for intelligent, connected vehicles built in China's Wuhan"
2022-08-05 16:00:30,"Chinese, U.S. scientists design drug delivery tool for brain cancer"
2022-08-06 04:02:15,Six reasons why Pelosi's visit to Taiwan is a mistake
2022-08-06 21:10:31,Chinese envoy blasts U.S. for its negative moves on disarmament
2022-08-06 22:29:00,"Political parties of various countries firmly support China in safeguarding national sovereignty, territorial integrity"
2022-08-06 18:22:15,Documentary festival on China held offline in Myanmar
2022-08-06 23:13:45,PLA Eastern Theater Command continues joint exercises around Taiwan
2022-08-06 18:10:30,"Chinese, Russian FMs meet in Cambodia"
2022-08-06 23:56:30,"Chinese, Iranian FMs discuss bilateral ties, Taiwan question over phone"
2022-08-06 23:18:45,Chinese FM expounds on China's position on Taiwan question
2022-08-07 19:30:45,China's foreign currency reserves up in July
2022-08-07 16:24:45,Int'l community affirms support for one-China principle
2022-08-07 01:13:00,Pelosi's Taiwan visit exposes Tsai Ing-wen's political nature: experts
2022-08-07 23:08:30,"Chinese experts unravel U.S. calculations in playing ""Taiwan card"""
2022-08-07 16:34:00,Economic Watch: Virtual power plants gain steam amid China's rising power demand
2022-08-07 15:50:30,
2022-08-07 16:55:30,Xinhua Commentary: Using Taiwan to contain China bound to fail
2022-08-07 08:29:30,China receives data from newly launched ecosystem monitoring satellite
2022-08-07 09:27:00,Chinese mainland reports 337 new local confirmed COVID-19 cases
2022-08-07 14:04:17,China sees decline in urban rail transit passenger trips
2022-08-07 16:03:15,China's warehouse storage sector continues recovery in July
2022-08-07 13:58:45,Head of UN Office at Vienna affirms one-China policy
2022-08-07 15:57:15,China Focus: Diplomats from 30 Islamic countries visit Xinjiang
2022-08-07 22:13:03,Libo County promotes tourism consumption in SW China's Guizhou
2022-08-07 17:18:15,"Political leaders, social organizations from multiple countries blast Pelosi's visit to China's Taiwan"
2022-08-07 19:02:16,
2022-08-07 18:24:46,
2022-08-07 23:55:00,China sends work teams for flood prevention
2022-08-08 02:06:45,U.S. mistaken on Taiwan question in 3 aspects: Chinese FM
2022-08-08 01:41:15,"China, Bangladesh vow closer cooperation, oppose separatism"
2022-08-08 01:48:45,PLA Eastern Theater Command continues joint exercises to test precision strike capabilities
2022-08-08 07:30:05,Sanya takes prevention and control measures to fight against new resurgence of COVID-19
