﻿2022-02-23 17:14:46,China-Laos Railway to run additional passenger trains
2022-02-24 18:46:46,Chinese vice premier stresses high-quality development of Belt and Road Initiative
2022-02-24 16:43:49,4 cured COVID-19 patients discharged from hospital in Suzhou
2022-02-25 16:22:15,China's high-tech zones show strong growth momentum in 2021
2022-02-25 22:18:13,CPC leadership meets to discuss draft gov't work report
2021-12-02 15:05:53,Mounting artist's dream of painting shrimps
2021-12-02 15:05:44,Artisan introduces charm of wooden art and leatherware to people
2022-02-16 13:39:13,Stories of Jingdezhen in the Imperial Kiln: Famille verte wares from the Reigns of Jiajing and Wanli
2022-02-17 12:56:46,Stories of Jingdezhen in the Imperial Kiln: Designs for the Imperial Kiln
2022-02-23 16:39:28,"Culture China: Crystal clean, jade-like minds"
2022-02-24 17:02:17,China's crackdown on illegal off-campus training continues during winter vacation
2022-02-24 16:20:00,Across China: Ancient Chinese ritual parades on in modern time
2022-02-25 00:04:59,China urges Japan to properly handle historical issues
2022-02-25 21:58:16,China urges U.S. to return assets to Afghanistan
2022-02-25 16:02:15,China's high-tech zones show strong growth momentum in 2021
2022-02-25 20:30:41,Xi says China supports Russia in solving issue through negotiation with Ukraine
2022-02-25 22:34:15,China reports 253 mln railway trips in Spring Festival travel rush
2022-02-25 16:45:19,"GLOBALink | Xinjiang, my home: Fur Skis whizzing at top speed "
2022-02-25 22:32:27,China urges Britain to cease meddling in Hong Kong affairs
2022-02-25 20:28:51,China eyes Qinghai-Tibet Plateau site for new radio astronomy observatory
2022-02-25 20:13:29,China to seek political settlement of Ukraine issue: FM spokesperson
2022-02-25 23:30:41,"China to continue supporting Afghanistan's transformation, development: spokesperson"
2022-02-25 00:07:00,China urges U.S. to immediately cease malicious cyber activities
2022-02-25 23:00:32,GLOBALink | Chinese embassy in Ukraine offers chartered flights to evacuate nationals
2022-02-25 21:43:24,China urges Britain to cease meddling in Hong Kong affairs
2022-02-25 22:41:31,China will remember heroic act of late Australian police officer: spokesperson
2022-02-25 00:03:01,"U.S. is South China Sea ""troublemaker"": military spokesperson"
2022-02-25 17:15:31,China's airlines accrue over 100 mln continuous hours of safe flight
2022-02-26 20:21:25,A glimpse of cherry flowers in south China's Guangxi
2022-02-26 14:24:16,"Competition, confrontation should not be keynote of China-U.S. ties: Chinese diplomat"
2022-02-26 19:47:28,"China's cargo, container throughput rises in January"
2022-02-26 16:12:45,China saw over 1 bln passenger trips during Spring Festival travel rush
2022-02-26 16:38:45,Feature: Volunteers make heroes in harm's way as Hong Kong battles raging epidemic
2022-02-26 19:05:11,North China city reports 22 new confirmed COVID-19 cases
2022-02-26 17:58:00,"Interview: China's development to benefit world, says Mongolian FM"
2022-02-26 19:45:30,China's fixed-asset transport investment exceeds 143 bln yuan in January
2022-02-26 13:45:34,
2022-02-26 13:10:00,South China's Guangxi reports 9 new local COVID-19 cases
2022-02-26 19:47:31,Two batches of mainland medical experts sent to Hong Kong to fight COVID-19
2022-02-26 10:25:29,Chinese mainland reports 93 new local COVID-19 cases Friday
2022-02-26 20:09:02,Traditional Chinese Medicine applied in lastest resurgence of COVID-19 in Inner Mongolia
2022-02-26 17:01:45,Chinese FM calls for stronger vaccine support for developing countries
2022-02-26 05:26:44,Chinese FM elaborates China's basic position on Ukrainian issue
2022-02-26 20:27:29,Xi Focus-Closeup: A community worker-lawmaker's interactions with Xi
2022-02-26 00:34:56,"Mainland, Macao sign assistance arrangement on preservation measures in arbitration"
2022-02-26 15:53:45,Over 3.11 bln COVID-19 vaccine doses administered on Chinese mainland
2022-02-26 16:01:46,Xi Focus: Xi stresses firm adherence to China's path of human rights development
2022-02-26 00:02:42,"Chinese, Russian presidents hold phone conversation"
2022-02-26 13:22:00,Any action by Security Council should be truly conducive to defusing Ukraine crisis: Chinese envoy
2022-02-26 11:00:45,Chinese FM holds talks with British foreign secretary over phone
2022-02-26 14:55:14,Xi Focus: Xi stresses firm adherence to China's path of human rights development
2022-02-26 19:18:15,China's machinery industry to maintain steady growth in 2022
