﻿2022-03-23 09:16:23,GLOBALink | Nihao Europe: Chinese company boosts green shift of copper mines in Serbia
2022-03-24 06:04:15,Security Council fails to adopt resolution on humanitarian situation in Ukraine
2022-03-22 21:02:17,Lebanese PM urges UN peacekeeping force to curb Israeli violations of airspace
2022-03-22 19:14:46,Russia urges Washington to quit escalating tensions
2022-03-22 11:07:11,Japan ends emergency virus measures in all 18 prefectures covered
2022-03-22 23:29:46,Feature: Awareness of water conservation runs deep in Cape Town
2022-03-22 10:26:15,UN General Assembly to vote again on Ukraine: spokesperson
2022-03-22 07:06:45,Brazil unveils incentives to spur biomethane output
2022-03-23 09:43:15,"Hillary Clinton contracts COVID-19 with ""mild cold symptoms"""
2022-03-23 09:29:01,"1 killed, dozens injured after tornadoes hit U.S. states Texas, Oklahoma"
2022-03-23 23:37:19,"Very ""Serious"" News | America-led NATO: Making Europe ""great"" again"
2022-03-23 11:12:47,GLOBALink | On site in Ukraine: Humanitarian aid being sent to Kharkiv as conflict continues
2022-03-23 03:32:15,Netherlands lends support to Turkey's mediation role in Ukraine crisis
2022-03-23 18:55:55,Palestinian officials condemn U.S. for lying on Xinjiang
2022-03-23 20:52:15,U.S. dislikes quick success in Russia-Ukraine peace talks: Lavrov
2022-03-23 19:41:17,"Pakistan, China ready to strengthen ties, expand cooperation"
2022-03-23 19:31:00,Ukraine sets up nine humanitarian corridors
2022-03-23 20:04:16,"Pakistan Day marked amid jubilation, commitments for peace, socio-economic development"
2022-03-23 10:22:15,U.S. political scientist blames West for Ukraine crisis
2022-03-23 02:32:13,Feature: Creative bazaar in Gaza offers young entrepreneurs coveted business opportunities
2022-03-23 19:45:15,Iran-Syria ties at best level: Iranian FM
2022-03-23 22:23:00,"More Lebanese students keen to learn Chinese language, explore China's culture: director"
2022-03-23 16:17:41, Michelin Guide launches 2022 edition in Cognac
2022-03-24 05:23:00,Security Council fails to adopt resolution on humanitarian situation in Ukraine
2022-03-24 05:41:00,Security Council fails to adopt resolution on humanitarian situation in Ukraine
2022-03-24 06:20:15,"Jordan's king holds meetings with presidents of Rwanda, DR Congo, Mozambique"
2022-03-24 05:04:16,Britain announces tax cuts as inflation hits 30-year high
2022-03-24 05:06:58,Changyong Rhee steps down as IMF senior official after becoming candidate for S. Korea's central bank chief
2022-03-24 04:44:01,97 Venezuelans repatriated from Ecuador in new phase of Return to Homeland Plan
2022-03-24 11:20:00,EU countries in disarray after Putin announces payment change in gas deal
2022-03-24 03:56:45,"Syrian president, Iranian FM discuss nuclear deal"
2022-03-24 07:29:00,Argentina's economy grows 10.3 pct in 2021
2022-03-24 04:06:15,"Omicron subvariant infections on rise in U.S., coinciding with allergy season"
2022-03-24 06:15:15,"Iraq's new parliamentary bloc led by Sadrists nominates presidential, PM candidates"
2022-03-24 04:50:16,Russia announces expulsion of U.S. diplomats in retaliation
2022-03-24 04:04:13,Experts on at what point oil prices can trigger U.S. recession 
2022-03-24 01:14:30,Iranian FM says close to finalizing nuclear deal
2022-03-24 03:46:45,NE Africa drought threatens to be worst in 40 years: UN
2022-03-24 05:37:58,Malawi signs MOU on BRI cooperation with China
2022-03-24 06:21:15,Tunisian gov't launches new economic recovery plan
2022-03-24 11:40:00,S.Korea's corporate bond sale logs double-digit fall in February
2022-03-24 11:13:03,"""Smart"" gloves promise to put surgery into safest hands"
2022-03-24 11:38:00,"Chinese FM meets Pakistani chief of army staff on ties, int'l issues"
2022-03-24 10:18:01,"Interview: Virus not to inevitably become milder, says British scientist"
2022-03-24 11:20:00,EU countries in disarray after Putin announces payment change in gas deal
2022-03-24 09:44:46,Transport strike to end this week: Spanish PM
2022-03-24 06:40:00,Dow sinks nearly 450 points as oil prices spike
2022-03-24 06:54:15,Feature: Digital start-ups gain ground in Cuba as internet connectivity grows
2022-03-24 10:41:44,Going to shelters more dangerous for U.S. homeless: NBC
