﻿2022-05-05 12:20:11,Freight transport booms on China-Laos Railway
2022-05-06 22:44:31,"China, Indonesia vow to safeguard peace, stability in East Asia"
2022-05-06 21:14:42,Junior and senior high schools resume classes for graduating students in Shenyang 
2022-05-06 00:24:30,Chinese scientific expedition team returns safely to Mount Qomolangma base camp
2022-04-13 15:15:51,GLOBALink | Female livestreamer helps locals increase income in Xinjiang
2022-04-20 07:23:15,24 Solar Terms: Grain Rain
2022-04-24 08:18:05,GLOBALink | Parkour teenagers in ancient city of Kashgar
2022-05-03 22:12:45,China calls for more efforts to protect revolutionary cultural relics
2022-05-05 07:30:12,24 Solar Terms: Start of Summer
2022-05-05 22:24:45,
2022-05-05 23:58:31,HKSAR chief executive sees off mainland medical workers supporting pandemic fight
2022-05-05 23:45:28,Death toll rises to 26 in central China building collapse
2022-05-05 22:04:59,
2022-05-05 15:36:58,Countryside road trips hot amid Beijing's epidemic control during May Day holiday
2022-05-06 22:44:31,"China, Indonesia vow to safeguard peace, stability in East Asia"
2022-05-06 10:11:01,"Chinese mainland reports 356 new local confirmed COVID-19 cases, 245 in Shanghai"
2022-05-06 21:08:16,China will never forget NATO's bombing of Chinese embassy: spokesperson
2022-05-06 00:24:30,Chinese scientific expedition team returns safely to Mount Qomolangma base camp
2022-05-06 13:57:30,Exhibition on Chinese youth movement history opens in Beijing
2022-05-06 17:31:16,Xi's special representative to attend ROK presidential inauguration
2022-05-06 14:07:30,Striving for rigorous and targeted epidemic prevention and control
2022-05-06 23:57:45,Vice premier inspects soybean production in NE China
2022-05-06 22:26:30,Medical supplies from mainland help contain COVID-19 outbreak in Hong Kong
2022-05-06 13:28:16,"China's box office gets holiday boost, amassing 297 mln yuan"
2022-05-06 11:14:21,Chinese scientists find potential in lunar soil to generate oxygen and fuel
2022-05-06 21:41:16,View of paddy fields in Donglan County of south China's Guangxi 
2022-05-06 11:44:13,Hong Kong's Hang Seng Index falls nearly 4 pct in morning trading
2022-05-06 21:41:15,African lion cub seen at Guaipo Siberian Tiger Park in Shenyang
2022-05-06 11:37:16,Scientists work out panoramic cellular maps of animals
2022-05-06 16:36:15,Hong Kong's Hang Seng Index falls 3.81 pct
2022-05-06 09:27:46,"Chinese mainland reports 356 new local confirmed COVID-19 cases, 245 in Shanghai"
2022-05-06 18:37:43,Epidemic situation in China turning for the better: expert
2022-05-06 20:44:13,"Japan slammed for hyping up ""China threat"""
2022-05-06 14:34:16,
2022-05-06 20:10:56,Chinese health official stresses importance of speed in fighting Omicron
2022-05-06 21:23:14,China to make county towns priority in new phase of urbanization
2022-05-06 13:31:13,"China releases list of most-wanted fugitives for women, child trafficking"
2022-05-06 23:52:11,More supermarkets reopen in Shanghai
2022-05-06 10:11:58,53 confirmed dead in central China building collapse
2022-05-06 23:01:46,China to review 24 new legislative bills this year
2022-05-07 10:09:43,"Chinese mainland reports 345 new local confirmed COVID-19 cases, 253 in Shanghai"
2022-05-07 09:29:35,"1,878 COVID-19 patients discharged from hospitals on Chinese mainland"
2022-05-07 10:59:01,Major stock market indices worldwide
2022-05-07 10:59:56,Chinese train maker to produce new-energy light rail trains for Argentina's Jujuy
2022-05-07 00:05:46,Global Security Initiative offers solution to eliminating peace deficit: Chinese vice FM
2022-05-07 00:17:45,It is absurd to blame China for Russia-Ukraine conflict: Chinese vice FM
2022-05-07 10:06:45,China central bank conducts reverse repos to boost liquidity
2022-05-07 10:57:58,Xinhua Commentary: China's effective anti-pandemic efforts bespeak institutional strength
2022-05-07 04:14:13,"Chinese ambassador urges U.S. to stop politicizing business, trade ties with China"
2022-05-07 09:26:43,"Chinese mainland reports 345 new local confirmed COVID-19 cases, 253 in Shanghai"
