﻿2022-08-26 03:43:17,"BRI puts developing nations on right track for growth, says U.S. scholar"
2022-08-27 01:51:00,Redacted version of affidavit used to seek search warrant on Trump's Mar-a-Lago released
2022-08-21 09:07:30,"36 killed, 145 injured in rain spells across Pakistan in 24 hours"
2022-08-21 17:52:00,Japanese PM tests positive for COVID-19
2022-08-21 14:34:30,"Biden says slavery ""America's original sin"""
2022-08-22 19:12:15,Energy crisis deepens in Europe as extreme drought hits electricity output
2022-08-22 06:34:30,"Serbia to seek compromise solutions, protect Kosovo Serbs if NATO doesn't, says Vucic"
2022-08-22 09:33:45,U.S. first lady ends isolation after testing negative for COVID-19
2022-08-22 06:12:15,Portugal becomes fastest aging country in EU: Study
2022-08-23 21:38:00,40 pct of Iran's commercial air fleet grounded due to U.S. sanctions: official
2022-08-23 05:57:00,Three-quarters of voters say U.S. headed in wrong direction: poll
2022-08-23 04:28:00,Feature: Farmers across Europe struggling with record hot and dry summer
2022-08-23 19:51:30,Palestinians welcome Israeli-Turkish normalization: Turkish FM
2022-08-24 16:40:30,Thai Constitutional Court suspends Prayut's premiership
2022-08-24 01:51:15,U.S. officials knew they didn't have enough of key shot before monkeypox outbreak: media
2022-08-24 01:55:00,Germany's grain harvest increases despite drought
2022-08-24 20:10:45,Thai Constitutional Court suspends Prayut's premiership
2022-08-25 04:50:15,"Two dead, three injured in Washington, D.C. shooting"
2022-08-25 00:39:15,World's first hydrogen-powered trains begin passenger service in Germany
2022-08-26 22:11:17,
2022-08-26 22:18:00,Economic Watch: Hidden consequences of U.S. chips act
2022-08-26 22:27:15,APEC ministerial meeting focuses on efforts to ensure food security
2022-08-26 23:27:00,Iran FM says resolution of safeguards issues necessary for nuclear deal
2022-08-26 16:49:02,
2022-08-26 05:59:15,Peru cuts GDP growth estimate to 3.3 pct in 2022
2022-08-27 07:26:15,"Dow sinks over 1,000 points after Powell vows tough inflation battle"
2022-08-27 00:39:00,Greek PM rules out snap election over phone tapping scandal
2022-08-27 05:41:45,Hundreds help recovery efforts at site of Cuba's oil terminal blaze
2022-08-27 00:55:00,"Israel says to reappoint ambassador to Türkiye ""within weeks"""
2022-08-27 02:19:30,UN concerned about airstrikes in Ethiopia's Tigray
2022-08-27 00:40:15,Two confirmed dead as building collapses in Nigerian capital
2022-08-27 01:46:30,Britain's energy price cap to hike by 80 pct in October amid worsening cost-of-living crisis
2022-08-27 00:11:21,"Turkish minister says concerns over U.S. sanctions warning ""meaningless"""
2022-08-27 07:31:14,In pics: fire site in Georgia forest area
2022-08-27 07:31:29,Demonstration against Jewish settlement expansion held in West Bank
2022-08-27 02:44:00,UN helping Chad in response to floods killing 22
2022-08-27 04:17:00,Brazil receives largest foreign direct investment in 11 years
2022-08-27 06:18:30,Bolivia accumulates 55 monkeypox cases
2022-08-27 05:41:46,Tunisian PM stresses cooperation with World Bank to advance structural reforms
2022-08-27 05:43:45,"Algeria, France hold 1st presidential-level security meeting during Macron's visit"
2022-08-27 02:45:15,Rwanda bolsters preparedness against monkeypox
2022-08-26 19:11:30,"China, Cambodia vow to strengthen cooperation between legislatures"
2022-08-27 00:11:16,"Philippines logs 2,986 new COVID-19 cases, 40 deaths"
2022-08-26 20:31:17,120th joint patrol on Mekong River concludes
2022-08-27 07:31:13,In pics: fire site in Georgia forest area
2022-08-27 01:24:45,"Finland, Sweden, Türkiye hold 1st mechanism-based talks over NATO bid"
2022-08-27 07:36:37,"Frankfurt organizes Museumsuferfest to celebrate cultural, museum landscape"
2022-08-27 07:26:15,"Dow sinks over 1,000 points after Powell vows tough inflation battle"
2022-08-27 06:03:15,"Canada confirms 1,228 monkeypox cases"
2022-08-27 07:44:00,Woman carrying fetus without skull protests after abortion denial in U.S. Louisiana
