﻿2022-06-09 22:41:16,Top political advisor meets Taiwan participants at cross-Strait seminar
2022-06-09 21:57:00,"Chinese FM, Tajik transport minister vow to deepen cooperation"
2022-06-10 21:48:48,Annual college entrance exam in Beijing concludes 
2022-06-10 20:57:45,Vice premier stresses deepening China-Russia connectivity cooperation
2022-06-10 20:58:48,A decade of stargazing on roof of world
2022-06-11 19:14:30,
2022-06-11 22:52:16,Update: China earmarks 360 mln yuan to support disaster relief
2022-04-20 07:23:15,24 Solar Terms: Grain Rain
2022-05-14 09:58:19,
2022-05-29 13:05:59,
2022-06-06 08:18:04,24 Solar Terms: Grain in Ear
2022-06-09 23:07:15,"Xinhua Commentary: China capable of coordinating dynamic COVID control, economic growth"
2022-06-09 20:17:30,Shenzhou-14 taikonauts to conduct 24 medical experiments in space
2022-06-09 20:55:47,China urges U.S. to revoke arms sale to Taiwan
2022-06-10 15:08:46,
2022-06-10 22:37:30,Chinese FM talks with UNGA president
2022-06-10 16:58:48,
2022-06-10 21:35:15,"Philippines' Marcos vows to foster stronger, deeper ties with China"
2022-06-10 11:00:30,China activates level-IV response after two quakes jolt Sichuan
2022-06-10 23:30:30,Xi Focus-Closeup: Boosting grain production to safeguard food security
2022-06-10 20:38:45,"BRICS nations vow to deepen economic, trade cooperation"
2022-06-10 15:04:30,
2022-06-10 19:23:29,Chinese mission to EU refutes European Parliament's resolution on Xinjiang
2022-06-10 20:58:48,A decade of stargazing on roof of world
2022-06-10 23:46:32,"Chinese, U.S. defense chiefs agree to enhance strategic mutual trust, properly manage differences"
2022-06-11 22:18:30,China earmarks 360 mln yuan to support disaster relief
2022-06-11 20:43:00,Xinhua Commentary: Washington's wishful thinking to divide and rule the world
2022-06-11 19:06:45,Taiwan relaxes COVID-19 prevention measures for inbound trips
2022-06-11 18:26:43,"Supine ""acrobat"" makes debut in museum housing Terracotta Warriors"
2022-06-11 22:54:30,"Senior official inspects university in Beijing, stressing study of rule of law"
2022-06-11 18:09:30,"China to build ""gene bank"" of ancient ceramics"
2022-06-11 18:56:10,People take nucleic acid testing in Chaoyang District of Beijing
2022-06-11 01:22:45,"China, Poland vow to promote stable development of bilateral ties"
2022-06-11 00:18:44,Chinese institute launches super-large dataset about global climate system
2022-06-11 23:58:59,"China rebuts U.S. defense secretary's remarks on South China Sea, Taiwan"
2022-06-11 11:54:45,Chinese defense minister reiterates China's resolute position on Taiwan question
2022-06-11 21:44:14,"Hong Kong to distribute about 40,000 RAT kits following sewage COVID-19 detection"
2022-06-11 23:59:02,Across China: China sees growth in organ donation
2022-06-11 17:18:29,China tops world in number of world natural heritage sites
2022-06-11 15:09:15,China sees growth in cloud infrastructure services expenditure
2022-06-11 14:51:15,Balance of yuan loans up in China's Yangtze River Delta
2022-06-11 11:10:45,Xi Focus-Quotable Quotes: Xi Jinping on preserving cultural heritage
2022-06-11 16:42:30,Chinese mRNA-based COVID vaccines effective in preclinical trials
2022-06-11 17:31:28,Connectivity speeds up Macao's integration into Greater Bay Area
2022-06-12 07:40:16,In pics: Chishan Lake Wetland in E China
2022-06-12 09:42:30,"Beijing reports 34 confirmed, 31 asymptomatic local COVID cases"
2022-06-12 10:07:30,Chinese mainland reports 122 new local confirmed COVID-19 cases
2022-06-12 10:06:29,"China key contributor to global and regional peace, stability, development -- Cambodian academics"
2022-06-12 09:31:28,57 COVID-19 patients discharged from hospitals on Chinese mainland
