﻿2022-03-05 06:17:15,Gas prices hit record highs in Canada
2022-03-05 11:52:15,China to promote high-quality Belt and Road cooperation
2022-03-03 21:29:30,Russia captures building of Ukraine's Kherson regional administration
2022-03-03 21:55:45,Ukrainian delegation arrives for 2nd round of talks with Russia -- Sputnik
2022-03-04 06:59:43,"Argentina, IMF reach preliminary 44.5 bln USD deal to resolve debt"
2022-03-04 20:26:45,Death toll from Pakistan's mosque blast rises to 50: officials
2022-03-04 02:01:00,Libya's parliament-approved gov't sworn in
2022-03-04 17:38:50,
2022-03-04 16:11:31,"U.S., Russia establish military hotline to prevent miscalculation"
2022-03-04 16:41:00,Japan's highest court orders TEPCO to pay damages to Fukushima disaster victims
2022-03-04 15:54:31,Chinese investment in Cambodia rises in 2021 despite pandemic
2022-03-04 14:51:46,Early voting for S.Korea's presidential election kicks off
2022-03-04 02:41:02,Russian operation in Ukraine goes as planned: Putin
2022-03-04 21:34:16,News Analysis: Iran eyes fair share in energy market as new nuke deal beckons in Vienna talks
2022-03-04 21:07:00,Israel to fully restore flights to Dubai after month-long cutback over security dispute
2022-03-04 04:26:16,"Russia, Ukraine end second round of talks, agree to organize humanitarian corridors"
2022-03-04 22:09:16,Iran not to concede red lines despite West's rush for deal in Vienna nuke talks: FM
2022-03-04 06:05:32,France's Macron announces bid for presidential re-election
2022-03-05 05:15:00,UN chief condemns bloody mosque attack in Pakistan
2022-03-05 20:26:58,"Iran says agreement reached with IAEA to ""exchange documents"" to settle differences"
2022-03-05 20:20:02,Iraqi parliament reopens door for presidential candidacy
2022-03-05 10:49:00,UN official calls on parties to work with IAEA to ensure safety of Ukraine's nuclear sites
2022-03-05 04:31:00,"Chile reports 23,132 COVID-19 cases, 126 deaths in one day"
2022-03-05 06:49:00,"27 Malian soldiers, 70 terrorists killed in attack in central Mali: official"
2022-03-05 21:00:16,"Iran's IRGC unveils 2 missile, drone bases"
2022-03-05 06:29:13,"UN launches humanitarian appeals for Burkina Faso, Malawi"
2022-03-05 00:14:04,"56 killed, nearly 200 injured as casualties from Pakistan's mosque blast rise"
2022-03-05 02:39:31,Putin says open to dialogue with Ukraine
2022-03-05 06:10:00,Majority of U.S. children infected with COVID-19: media
2022-03-05 15:48:15,Feature: Afghans celebrate return of horsemen game with improved security
2022-03-05 04:54:58,"World food prices reach all-time high over supply issues, Ukraine crisis"
2022-03-05 19:14:46,"Russia hits 2,037 Ukrainian military infrastructure objects -- spokesman"
2022-03-05 14:45:15,Russia declares ceasefire in Ukraine for civilians evacuation -- defense ministry
2022-03-05 21:07:09,Ukrainian soldiers set up roadblocks in Irpin
2022-03-05 06:13:00,Infections of Omicron subvariant double every week in U.S.: CDC data
2022-03-05 05:26:00,"Brazil's economy grows 4.6 pct in 2021, fastest rate since 2010"
2022-03-05 14:28:45,"GLOBALink | 56 killed, nearly 200 injured as casualties from Pakistan's mosque blast rise"
2022-03-05 17:18:54,African experts call for climate-proofing farming systems to overcome hunger
2022-03-05 20:03:00,Rwanda suspends night curfew as COVID-19 infections subside
2022-03-05 10:50:01,Africa's COVID-19 cases surpass 11.21 mln: Africa CDC
2022-03-05 20:52:33,Roundup: China-Malaysia vaccine cooperation strengthens regional vaccine supply
2022-03-05 20:30:00,"5.5-magnitude quake hits 102 km SSW of Banda Aceh, Indonesia -- USGS"
2022-03-05 20:29:00,"Indonesia reports 30,156 new COVID-19 cases, 322 more deaths"
2022-03-05 21:07:08,Ukrainian soldiers set up roadblocks in Irpin
2022-03-05 19:14:46,"Russia hits 2,037 Ukrainian military infrastructure objects -- spokesman"
2022-03-05 17:40:00,Russia declares ceasefire in Ukraine for civilians' evacuation -- defense ministry
2022-03-05 10:52:59,U.S. criminal justice system has racial double standard: The Guardian
2022-03-05 19:49:49,"Houston Livestock Show and Rodeo held in Texas, U.S."
2022-03-05 11:23:15,U.S. engineer found not guilty in deadly 2015 Philadelphia Amtrak crash
