﻿2022-04-29 19:26:58,Hungarian president asks Viktor Orban to form new gov't
2022-04-30 00:48:13,Budapest's major logistics hub promotes Sino-EU trade cooperation
2022-04-27 21:43:58,German consumer sentiment falls to historic low: GfK
2022-04-27 13:17:46,Australia's inflation hits 20-year high over rising fuel prices
2022-04-27 21:33:43,"Erdogan, Guterres discuss Ukraine crisis over phone"
2022-04-28 04:13:45,"Ukrainian, EU leaders discuss further support for Kiev"
2022-04-28 15:57:57,"""Test to treat"" chaos latest setback for U.S. COVID-19 pandemic response: FT"
2022-04-28 15:41:00,Feature: Bangladesh port rejuvenated by Chinese dredging
2022-04-28 02:12:31,Uzbek president appoints new acting foreign minister
2022-04-28 20:38:52,
2022-04-28 16:11:13,Lifting of COVID mask mandate on U.S. transportation horrifies health experts: The Guardian
2022-04-28 20:48:14,U.S. GDP declines 1.4 pct in Q1 amid Omicron surge
2022-04-29 12:54:01,Ecuador removes mask mandate
2022-04-29 23:53:29,Missing tourist boat located underwater off Japan's Hokkaido
2022-04-29 03:20:58,"U.S. economy shrinks in Q1 amid Omicron surge, high inflation, raising recession fear"
2022-04-29 22:59:28,"At least 10 killed, 20 wounded in Kabul mosque explosion"
2022-04-29 04:41:00,"Ukrainian president, UN chief discuss evacuation from Mariupol"
2022-04-29 12:43:56,"Saudi Arabia's king, crown prince meet Turkish president in Jeddah"
2022-04-29 00:40:45,Radiation levels at Ukraine's Chernobyl plant within safe range: IAEA
2022-04-29 15:04:41,Pakistan strongly condemns terrorist attacks in Afghanistan's Mazar-i-Sharif
2022-04-29 20:40:28,Explosion in mosque causes multiple casualties in Kabul
2022-04-29 17:34:47,
2022-04-29 02:08:46,Biden requests 33 bln USD from Congress in aid to Ukraine
2022-04-30 06:12:59,Israeli man killed in shooting attack in West Bank
2022-04-30 10:09:28,Palestinian killed by Israeli soldiers in northern West Bank: medics
2022-04-30 04:09:01,"142 food trucks, 10 fuel tankers reach Ethiopia's Tigray: UN"
2022-04-30 05:23:58,Feature: Carpet repair booms in Syria's Aleppo amid economic crisis
2022-04-30 02:30:41,New Analysis: Euro nearing five-year low stoking recession fears
2022-04-30 06:32:15,Peruvian president arrives in Ecuador to preside over Binational Cabinet meeting
2022-04-30 05:47:58,Dow plunges over 900 points amid market sell-off
2022-04-30 03:15:58,Majority of U.S. small businesses to raise prices further on higher costs: survey
2022-04-30 05:16:58,Brazilian tourism spending abroad jumps 173 pct
2022-04-30 04:10:58,UN chief on Ramadan solidarity visit to Africa
2022-04-30 10:07:45,"U.S. official COVID-19 counts not ""reliable"" due to unrecorded at-home tests: report"
2022-04-30 00:50:43,Eurozone inflation increases to 7.5 pct as economy slows down
2022-04-30 01:14:43,Security Council approves yet another technical rollover for mandate of UN mission in Libya
2022-04-30 05:20:58,OPEC Fund to finance Nigeria-Morocco gas pipeline
2022-04-30 09:50:30,"7 killed, 5 injured in Nigeria road accident"
2022-04-30 03:55:00,"""Made in Sudan"" exhibition held to promote local industry, products"
2022-04-30 10:22:45,Australian researchers use robot to encourage vaccination
2022-04-30 10:38:43,Omicron sub-variant BA.2.12.1 detected in Australian state
2022-04-30 09:54:27,Feature: U.S. sanctions cripple Afghans to prepare for Eid al-Fitr festival
2022-04-30 04:33:58,Bulgaria-Greece gas interconnector to be completed in June: PM
2022-04-30 02:41:43,Poland to downgrade COVID-19 status in mid-May
2022-04-30 06:14:58,"Moscow bars entry for public figures from Norway, Greenland, Ireland, Faroe Islands"
2022-04-30 10:19:45,Health experts urge more precautions as U.S. COVID-19 hot spots increase: NYT
2022-04-30 10:53:45,Mexican president urges Biden to host Summit of the Americas without exclusions
2022-04-30 10:07:45,"U.S. official COVID-19 counts not ""reliable"" due to unrecorded at-home tests: report"
