﻿2022-07-28 00:39:02,BRI helps Croatia realize centuries-old dream as Peljesac Bridge opens to traffic
2022-07-28 23:53:17,Teachers' home visits tell growth stories of Xinjiang students
2022-07-29 22:00:00,China launches new group of remote sensing satellites
2022-07-30 01:05:28,"Tianjin zone marks leasing of 2,000th aircraft"
2022-07-30 20:56:00,"Xi Focus: Xi stresses unity of Chinese at home, abroad to pool strength for rejuvenation"
2022-06-06 08:18:04,24 Solar Terms: Grain in Ear
2022-06-20 08:55:04,"GLOBALink | See you again, Bayanbulak"
2022-06-21 07:36:44,24 Solar Terms: Summer Solstice
2022-07-07 07:14:05,24 Solar Terms: Lesser Heat
2022-07-26 21:03:45,Across China: Dunhuang's ancient beauty shared in digital form
2022-07-27 23:17:46,Chinese spokesperson refutes U.S. report against China
2022-07-28 07:28:45,Chinese envoy urges respecting sovereignty of post-conflict countries
2022-07-28 21:28:43,China's new quantum satellite now operational
2022-07-28 10:45:30,China renews orange alert for high temperatures
2022-07-28 22:29:58,Preparations for 14th COP meeting on wetland conservation on track
2022-07-28 21:01:16,Xinhua Commentary: 1992 Consensus the anchor for developing cross-Strait ties
2022-07-28 13:39:45,8 million-year-old hipparion fossils found in Xinjiang
2022-07-29 11:02:30,Liaison office of central gov't in HKSAR reiterates resolutely safeguarding national security
2022-07-29 21:20:45,"Chinese premier stresses promoting effective investment, consumption"
2022-07-29 01:41:00,"Actions best answer to ""Taiwan independence"": spokesperson"
2022-07-29 23:49:28,"Chinese premier stresses promoting effective investment, consumption"
2022-07-29 11:18:00,"China opposes UN Human Rights Committee concluding observations concerning Hong Kong, Macao"
2022-07-29 00:26:15,China warns against U.S. missile troop deployment plan in Japan
2022-07-29 21:19:02,
2022-07-29 22:08:31,
2022-07-29 21:05:01,China vows resolute countermeasures if U.S. challenges red line
2022-07-29 17:24:01,"Chinese, Pakistani FMs discuss bilateral ties, issues of mutual interests"
2022-07-29 00:24:31,Chinese spokesperson slams NATO for strategic concept referring to China
2022-07-29 22:14:46,
2022-07-29 22:00:00,China launches new group of remote sensing satellites
2022-07-29 22:57:45,China's new satellite to improve atmospheric density-detection accuracy
2022-07-29 22:32:30,Xi stresses further strengthening armed forces by training competent personnel
2022-07-29 11:15:30,Liaison office of central gov't in Macao SAR opposes so-called concluding observations by UN Human Rights Committee
2022-07-30 21:59:15,China's national archives open in Beijing
2022-07-30 21:35:15,China Focus: Global businesses eye new opportunities at consumer products expo
2022-07-30 20:55:36,East China city promotes power battery industry
2022-07-30 18:03:15,"Xi stresses unity of Chinese at home, abroad to pool strength for rejuvenation"
2022-07-30 22:13:43,In pics: chimpanzee breeder at Beijing Zoo
2022-07-30 19:39:15,Xi sends condolences to Philippine President Marcos over earthquake
2022-07-30 17:21:45,Xi stresses further strengthening armed forces by training competent personnel
2022-07-30 23:15:15,China to issue commemorative coins on 24 solar terms
2022-07-30 23:30:30,"Economic Watch: RCEP deepens industrial chain cooperation between China, ASEAN"
2022-07-30 16:24:30,"New freight train service links eastern Chinese city, Vietnam"
2022-07-30 07:00:45,Chinese FM attends SCO foreign ministers' meeting in Tashkent
2022-07-30 17:02:59,"In pics: Qianwan Container Terminal in Qingdao Port, E China's Shandong"
2022-07-30 19:23:45,Feature: Surfskating surges in China
2022-07-30 23:15:30,China Focus: China's aircraft leasing hub sees growing business
2022-07-30 20:20:00,"Heavy rains, floods affect nearly 80,000 in NE China's Liaoning"
2022-07-30 22:59:15,BDS-3 short message communication services now applied to mobile phones
2022-07-30 20:56:00,"Xi Focus: Xi stresses unity of Chinese at home, abroad to pool strength for rejuvenation"
2022-07-31 00:08:00,"Chinese, Kyrgyz FMs meet on strengthening bilateral relations"
2022-07-31 00:07:00,China's car market sees V-shaped rebound on policy boost: Fitch
2022-07-31 01:10:30,Kyrgyz president meets with Chinese FM
2022-07-31 00:06:30,Feature: Paralyzed Chinese artist experiences world through paint
