﻿2022-03-07 17:34:15,Land-sea trade corridor facilitates car imports from Middle East to China
2022-03-09 02:47:28,"Morocco, U.S. hold dialogue on bilateral ties, regional issues"
2022-03-06 12:09:45,Chile creates national park to protect Santiago's glaciers
2022-03-07 21:57:31,"Russia, Ukraine to hold 3rd round of talks on Monday"
2022-03-07 22:03:45,"Putin, EU leader discuss humanitarian issues in Ukraine over phone: Kremlin"
2022-03-07 20:29:15,Ukraine says nuclear plants operating stably
2022-03-07 13:32:45,"Russian forces to hold fire, open humanitarian corridors in some Ukrainian cities on Monday"
2022-03-07 22:30:58,Third round of Russia-Ukraine talks kicks off: Russian media
2022-03-07 01:46:15,"Putin, Macron discuss Ukraine issue over phone"
2022-03-07 10:53:13,"Ukraine ready to discuss ""non-NATO models"""
2022-03-07 19:49:44,Former Pakistani president Tarar dies at 92
2022-03-08 06:34:13,Three teens in critical condition after shooting outside high school in U.S. Iowa
2022-03-08 14:55:13,UN relief chief outlines immediate humanitarian priorities for Ukraine
2022-03-08 13:24:45,"One dead, two in critical condition after shooting outside U.S. high school"
2022-03-08 22:18:17,"FAO's Asia-Pacific regional conference focuses on post COVID-19 resilient food, agriculture system"
2022-03-08 22:01:32,
2022-03-08 20:55:30,One third of hi-tech workers in Israel are women: report
2022-03-08 22:02:16,Economic Watch: High volatility seen in commodity prices amid Ukraine crisis
2022-03-08 13:48:45,No breakthrough in third round of Russia-Ukraine talks
2022-03-08 22:00:47,
2022-03-08 10:34:58,EU to work on reducing energy dependence on Russia: EC president
2022-03-08 23:55:58,"WHO official calls for health, humanitarian principles in resolving Ukraine crisis"
2022-03-08 19:24:16,"Russia introduces ""silence regime"" in Ukraine for safe evacuation of civilians"
2022-03-08 04:03:02,"Russia, Ukraine end 3rd round of peace talks with no significant results"
2022-03-08 06:14:13,Dow plunges nearly 800 points as Ukraine jitters linger
2022-03-09 04:48:43,"Yemen's Houthis say shoot down ""drone of Saudi-led coalition"""
2022-03-09 05:38:46,Global COVID-19 death toll tops 6 mln: WHO
2022-03-09 05:33:45,"Feature: Syrian women brace against war trauma, economic hardship to support families"
2022-03-09 06:59:01,Polls begin to pick new South Korean president
2022-03-09 03:35:30,Biden announces imposition of energy embargo on Russia
2022-03-09 04:24:46,"Roundup: UN marks women's day, recognizing women's leadership, urging equality"
2022-03-09 02:34:32,"Interview: ""Nothing is impossible,"" first Greek woman to climb Mt Everest says on occasion of International Women's Day"
2022-03-09 07:01:58,"Brazil launches business, protection programs for women"
2022-03-09 07:07:00,U.S. federal budget deficit reaches 475 bln USD in first five months of FY 2022: CBO
2022-03-09 06:44:58,"Chile making progress in women's rights, gender equality: gov't"
2022-03-09 02:58:28,U.S. national average gas price hits new record high
2022-03-09 03:15:43,Interview: Arab women organization's leader hails women's success in many fields despite challenges
2022-03-09 06:19:45,"Drought displaces 845,000 people in Ethiopia, Somalia: UN"
2022-03-09 03:58:28,UN rights official concerned over killings of people of African descent by police in U.S.
2022-03-09 05:04:43,Libya's national oil firm resumes production in major oil fields after hiatus
2022-03-09 06:59:01,Polls begin to pick new South Korean president
2022-03-09 00:42:01,Domestic gold price rises in Myanmar
2022-03-09 01:12:16,Roundup: India yearns to reach pre-COVID levels as economy grows by 5.4 pct
2022-03-09 06:10:45,EVs account for one-fifth of new cars sold in Ireland in February
2022-03-09 04:13:45,German Green party ministries oppose longer life-span of nuclear plants
2022-03-09 09:10:31,Portuguese PM announces measures to offset energy inflation
2022-03-09 07:54:00,Oil prices jump amid U.S. ban of Russian imports
2022-03-09 07:07:00,U.S. federal budget deficit reaches 475 bln USD in first five months of FY 2022: CBO
2022-03-09 07:10:01,DHL Express orders six Boeing 777 freighters
