﻿2022-04-04 21:16:16,"China-Laos Railway sees brisk passenger, cargo transport over inaugural 4 months"
2022-04-06 05:38:16,"U.S. Fed official says getting inflation down is ""of paramount importance"""
2022-04-03 21:38:46,"6 dead, at least 9 wounded in Sacramento shooting"
2022-04-03 16:12:56,Taliban supreme leader bans poppy cultivation in Afghanistan
2022-04-04 11:14:45,Rodrigo Chaves leads in Costa Rica presidential runoff
2022-04-04 22:25:01,German consumer sentiment at historic low due to Russia-Ukraine conflict: survey
2022-04-04 20:20:30,Iran says ready to resume talks with Saudi Arabia to solve differences
2022-04-04 05:51:46,Sudan's Al-Burhan urges UN mission's neutrality on national political crisis
2022-04-04 15:05:16,Afghan security forces launch clearance operation in eastern province
2022-04-04 16:44:30,Georgia appoints new FM
2022-04-04 15:07:15,"6 dead, 12 wounded in mass shooting in California's capital city"
2022-04-04 16:29:02,People commemorate victims of metro explosion in St. Petersburg
2022-04-04 17:19:45,Turkey's annual inflation hits record high
2022-04-04 18:10:46,Syria's war-battered ancient marketplace under reconstruction
2022-04-04 05:32:44,Demonstration held in Madrid against NATO intervention on Ukraine conflict
2022-04-05 06:53:46,Brazil to host in-person Latin America travel trade fair
2022-04-05 21:31:15,Zambia's cabinet approves 8th development blueprint
2022-04-05 03:30:15,"Security Council welcomes envoy's truce call in Yemen, response from parties"
2022-04-05 12:16:30,World Bank projects developing East Asia Pacific to grow 5 pct in 2022
2022-04-05 23:12:31,Iconic China-gifted bridge opens in Manila
2022-04-05 16:12:46,
2022-04-05 11:50:11,Economic growth in eurozone to slow down this year: Eurogroup president
2022-04-05 13:00:30,UN migration agency calls for safe disembarkation mechanism for illegal migrants
2022-04-05 22:24:31,
2022-04-05 11:44:15,"Biden's Supreme Court nominee sent to full Senate for floor debate, votes"
2022-04-05 05:24:16,Vucic wins Serbian presidential elections: preliminary results
2022-04-06 05:59:11,Ecuador to ramp up prison intelligence to curb melees
2022-04-06 04:12:00,"Greece, Cyprus, Israel vow to boost energy cooperation"
2022-04-06 06:07:16,News Analysis: Gulf states' help likely averts Egypt's emerging economic crisis
2022-04-06 04:07:00,Israel's rough diamond exports up 35 pct in Q1: report
2022-04-06 04:01:00,"EU expels ""a number of"" Russian diplomats"
2022-04-06 05:51:15,Israeli researchers discover cell mechanism for rapid DNA repair
2022-04-06 07:30:12,Four global organizations urge 15 bln USD grants this year to fight pandemics
2022-04-06 04:42:00,Saudi Arabia uses mobile app to facilitate pilgrimage during Ramadan
2022-04-06 05:46:11,"France reports over 200,000 COVID-19 cases as presidential elections approach"
2022-04-06 00:00:14,"Russia ""more prudent"" in food supply to ""hostile"" countries: Putin"
2022-04-06 06:57:14,Four global organizations urge 15 bln USD grants this year to fight pandemics
2022-04-06 03:46:01,"Sudan's economic crisis, erratic rainfall forcing 18 mln into acute food insecurity: UN"
2022-04-06 01:18:45,Somali leaders urged to embrace consensus to complete electoral process
2022-04-06 06:07:16,News Analysis: Gulf states' help likely averts Egypt's emerging economic crisis
2022-04-06 05:52:13,5.7-magnitude quake hits South Sandwich Islands region: USGS
2022-04-06 00:03:26,Nepal Army leads effort to clean Mt. Qomolangma and three other mountains
2022-04-06 08:43:31,Fresh severe weather warnings issued for Aussie state
2022-04-06 04:12:00,"Greece, Cyprus, Israel vow to boost energy cooperation"
2022-04-06 04:01:00,"EU expels ""a number of"" Russian diplomats"
2022-04-06 04:38:16,Ukraine's National Guard retakes control of Chernobyl nuclear power plant
2022-04-06 07:45:15,U.S. crude oil inventories up: API
2022-04-06 06:45:15,U.S. Oklahoma passes bill banning near-all abortions
2022-04-06 06:23:16,Trade sanctions against Russia drives up Canadian export values: statistics
