﻿2022-03-04 17:38:50,
2022-03-04 15:54:31,Chinese investment in Cambodia rises in 2021 despite pandemic
2022-03-02 22:28:00,Bitter memories explain Iran's push for reliable nuke deal: top official
2022-03-03 03:16:15,"WHO warns of COVID-induced anxiety, depression worldwide"
2022-03-03 21:29:30,Russia captures building of Ukraine's Kherson regional administration
2022-03-03 06:24:43,Int'l community has to deal with Taliban in Afghanistan -- UN envoy
2022-03-03 19:24:53,"Iran urges U.S. to seize ""opportunity"" for good nuke deal"
2022-03-03 21:58:47,UNEP announces new fund to promote human health via habitat protection
2022-03-03 09:44:14,"Brazil's COVID-19 death toll reaches 650,000"
2022-03-03 22:41:03,GLOBALink | Future of telecom industry under spotlight at Mobile World Congress
2022-03-03 01:41:00,Russia's delegation arrives for second round of talks with Ukraine
2022-03-03 07:41:46,"U.S. oil soars to highest since 2011 amid OPEC+ decision, Ukraine conflict"
2022-03-03 09:38:39,New video reveals continuing U.S. genocide of American Indians
2022-03-03 21:55:45,Ukrainian delegation arrives for 2nd round of talks with Russia -- Sputnik
2022-03-04 03:14:01,"Russia, Ukraine end second round of talks, agree to organize humanitarian corridors"
2022-03-04 06:59:43,"Argentina, IMF reach preliminary 44.5 bln USD deal to resolve debt"
2022-03-04 06:36:30,Nutrition supplies flown into northern Ethiopia: UN
2022-03-04 20:26:45,Death toll from Pakistan's mosque blast rises to 50: officials
2022-03-04 05:55:30,"Chile sees 23,395 daily COVID-19 cases, 272 deaths"
2022-03-04 20:25:30,"Feature: Affordable with high specs, Chinese smartphones dominate Indonesian market"
2022-03-04 02:01:00,Libya's parliament-approved gov't sworn in
2022-03-04 23:07:14,"Yemeni gov't forces destroy hashish, drugs in NW border city"
2022-03-04 16:11:31,"U.S., Russia establish military hotline to prevent miscalculation"
2022-03-04 16:41:00,Japan's highest court orders TEPCO to pay damages to Fukushima disaster victims
2022-03-04 15:54:31,Chinese investment in Cambodia rises in 2021 despite pandemic
2022-03-04 23:53:00,Iran condemns deadly mosque attack in Pakistan
2022-03-04 14:51:46,Early voting for S.Korea's presidential election kicks off
2022-03-04 02:41:02,Russian operation in Ukraine goes as planned: Putin
2022-03-04 21:06:01,"Kenya launches strategy to reverse land, forestry degradation"
2022-03-04 21:34:16,News Analysis: Iran eyes fair share in energy market as new nuke deal beckons in Vienna talks
2022-03-04 21:07:00,Israel to fully restore flights to Dubai after month-long cutback over security dispute
2022-03-04 04:26:16,"Russia, Ukraine end second round of talks, agree to organize humanitarian corridors"
2022-03-04 20:07:30,Feature: Istanbulites suffer soaring cost of living amid high inflation in Turkey
2022-03-04 22:09:16,Iran not to concede red lines despite West's rush for deal in Vienna nuke talks: FM
2022-03-04 06:05:32,France's Macron announces bid for presidential re-election
2022-03-05 00:03:02,UNEP urges world to embrace science to curb environmental pollution
2022-03-04 21:27:15,Feature: Tanzania's female pilot becomes anti-poaching champion
2022-03-04 21:06:01,"Kenya launches strategy to reverse land, forestry degradation"
2022-03-04 20:09:32,"African green lobbyists say climate change worsens conflicts, displacements"
2022-03-04 23:14:18,Man-eating Royal Bengal Tiger captured in Nepal
2022-03-04 22:32:47,Feature: Optimistic female Afghan students attend university classes
2022-03-04 23:12:18,Garuda Indonesia airlines reopens Sydney-Bali flight route
2022-03-04 23:36:45,German chancellor says NATO will not play active role in Ukraine conflict
2022-03-04 23:09:15,Austria's GDP grows 4.5 pct in 2021
2022-03-04 23:33:29,Over 1 mln Ukrainians evacuated via state railway since fighting started
2022-03-04 16:14:46,Los Angeles County to lift indoor mask order from Friday
2022-03-04 23:11:16,U.S. unemployment edges down to 3.8 pct in February ahead of Fed rate hike
2022-03-04 16:34:45,Over dozen kids injured as SUV crashes into preschool in U.S. California
