﻿2022-08-21 23:49:30,China begins shipment of high-speed trains to Indonesia
2022-08-22 23:05:02,"China ramps up drought-relief efforts to ensure production, livelihoods"
2022-08-22 15:28:31,"Smart China Expo opens in Chongqing, focusing on intelligent technology"
2022-08-22 07:23:28,TCM used to fight against COVID-19 in S China's Sanya
2022-08-23 19:26:16,China urges intensified efforts to secure autumn harvest amid heatwaves 
2022-08-23 22:41:15,Chinese premier meets Dutch PM on bilateral ties
2022-06-20 08:55:04,"GLOBALink | See you again, Bayanbulak"
2022-06-21 07:36:44,24 Solar Terms: Summer Solstice
2022-07-07 07:14:05,24 Solar Terms: Lesser Heat
2022-07-23 07:29:03,24 Solar Terms: The Great Heat
2022-08-21 21:08:15,Vocational education powers China's manufacturing upgrading
2022-08-21 23:51:15,Chinese vice premier urges eliminating community COVID-19 spread in island province
2022-08-21 21:55:16,
2022-08-21 15:05:02,
2022-08-21 20:30:31,
2022-08-21 22:48:15,Three scientists win China's 2022 Future Science Prize
2022-08-22 20:24:00,"China urges efforts to prevent floods, relieve droughts"
2022-08-22 23:01:45,Hong Kong's CPI up in July
2022-08-22 19:55:15,Macao SAR seeks public consultation on amendment to law on safeguarding national security
2022-08-22 20:57:30,China's political advisors discuss employment-first policy
2022-08-22 23:48:48,Chinese public security authority urges better care for police officers
2022-08-22 14:15:00,Across China: The beauty of Beijing through lens of a Greek photographer
2022-08-22 23:06:30,China's Guangdong braces for Typhoon Ma-on
2022-08-22 09:44:30,Giant panda cub Xiao Qi Ji celebrates 2nd birthday in U.S.
2022-08-22 22:46:45,2022 Zhongguancun Forum opens media registration
2022-08-22 16:06:30,China releases results of investigation into math textbook illustrations
2022-08-23 21:39:45,China's space station drinking water more than 90 pct recycled
2022-08-23 21:35:13,Irrigation measures taken to mitigate impact of drought on agriculture across China
2022-08-23 20:13:00,China's Hainan to ban sales of fuel cars by 2030
2022-08-23 19:59:45,Taiwan's July jobless rate sets new high of 3.78 pct over nine months
2022-08-23 22:05:45,Emergency response launched for central China drought
2022-08-23 19:55:15,China activates emergency response for floods in parts of country
2022-08-23 16:57:45,New freight train route links NW China's Shaanxi with Vietnam
2022-08-23 21:33:00,Fossil study provides evidence of early fruit-eating birds
2022-08-23 22:09:00,China Focus: Burgeoning service trade highlights China's opening-up endeavors in past decade
2022-08-23 23:52:00,Chinese vice premier calls for enhancing China-ASEAN education cooperation
2022-08-23 23:35:45,China's Guangdong upgrades emergency response as Typhoon Ma-on nears
2022-08-23 20:37:45,China strongly deplores Japanese lawmaker's Taiwan visit
2022-08-23 20:40:00,"Global warming may cause greater wheat yields, steeper price spikes: study"
2022-08-23 22:46:00,Tianjin to host 2022 China Internet Civilization Conference
2022-08-23 18:59:01,China's State Council initiates inspection of policy implementation
2022-08-23 23:30:45,China's vaccine regulatory system passes latest WHO assessment
2022-08-23 19:52:15,Rice harvested in SW China's Guizhou
2022-08-23 20:51:15,"Xinhua Commentary: U.S.-Taiwan collusion illegitimate, unjustifiable"
2022-08-23 21:37:15,Top political advisor meets with Chinese Catholic leaders
2022-08-23 09:36:00,Feature: Ancient Roman exhibition in Beijing -- a dialogue between civilizations
2022-08-23 23:43:00,Spokesperson deplores Japanese politicians' Taiwan visits
2022-08-24 07:08:30,Chinese envoy calls on parties to minimize risk of accidents at Ukraine nuke plant
