﻿2022-08-21 17:42:46,
2022-08-21 23:49:30,China begins shipment of high-speed trains to Indonesia
2022-08-23 16:09:06,S.Korea's currency hits over 13-year low on strong U.S. dollar
2022-08-20 05:36:30,IAEA says consulting on sending mission to Zaporizhzhia plant soon
2022-08-20 20:18:00,Feature: Travel plans disrupted in UK as strikes bring transport to halt
2022-08-20 19:56:30,16 killed in traffic accident in SE Türkiye
2022-08-20 23:06:16,"EU's ""enhanced surveillance"" on Greek economy ends"
2022-08-21 09:07:30,"36 killed, 145 injured in rain spells across Pakistan in 24 hours"
2022-08-21 17:52:00,Japanese PM tests positive for COVID-19
2022-08-21 13:42:30,"Biden says slavery ""America's original sin"""
2022-08-21 17:47:30,Japanese PM Kishida tests positive for COVID-19
2022-08-21 14:34:30,"Biden says slavery ""America's original sin"""
2022-08-21 03:38:45,Int'l community condemns hotel attack in Mogadishu
2022-08-22 19:12:15,Energy crisis deepens in Europe as extreme drought hits electricity output
2022-08-22 06:34:30,"Serbia to seek compromise solutions, protect Kosovo Serbs if NATO doesn't, says Vucic"
2022-08-22 09:33:45,U.S. first lady ends isolation after testing negative for COVID-19
2022-08-22 06:12:15,Portugal becomes fastest aging country in EU: Study
2022-08-23 07:02:00,"Four tourists killed, 16 injured in Peru road crash"
2022-08-23 20:30:30,"Denmark, UNICEF establish innovation hub to help tackle global water, sanitation challenges"
2022-08-23 06:03:45,Colombia's confirmed monkeypox cases rise to 273
2022-08-23 18:30:49,GLOBALink | U.S. financial hegemony adds economic woes for Mideast countries amid serious inflation 
2022-08-23 21:38:00,40 pct of Iran's commercial air fleet grounded due to U.S. sanctions: official
2022-08-23 21:41:30,Tanzania conducts national population and housing census
2022-08-23 05:57:00,Three-quarters of voters say U.S. headed in wrong direction: poll
2022-08-23 04:28:00,Feature: Farmers across Europe struggling with record hot and dry summer
2022-08-23 20:48:00,"South Africa steps up efforts to combat corruption, cybercrimes"
2022-08-23 19:51:30,Palestinians welcome Israeli-Turkish normalization: Turkish FM
2022-08-24 03:31:45,"UNICEF: Drought in parts of Africa puts children ""one disease away from catastrophe"""
2022-08-24 01:51:15,U.S. officials knew they didn't have enough of key shot before monkeypox outbreak: media
2022-08-24 05:13:00,UN official calls for cessation of military activities around Ukraine nuke plant
2022-08-24 01:55:00,Germany's grain harvest increases despite drought
2022-08-24 07:17:15,LatAm to see low economic growth in 2022: UN agency
2022-08-24 05:46:00,Saudi Arabia to hold Global AI Summit in Sept.
2022-08-24 05:44:45,China donates for Algerian families affected by wildfires
2022-08-24 03:18:15,IAEA could visit Zaporizhzhia nuclear plant in days
2022-08-24 05:59:15,Roundup: Iraq's al-Sadr supporters end protest at judicial compound in Baghdad
2022-08-24 05:48:30,"Israel, U.S. sign 1st cyber-financial cooperation agreement"
2022-08-24 00:38:45,Angola braces for highly competitive election
2022-08-24 01:12:00,1st Ld Writethru: Angola braces for highly competitive election
2022-08-24 00:29:45,"Strong earthquake strikes off western Indonesia, no casualties reported"
2022-08-23 23:34:00,2 killed in landslide in Indonesia's West Papua
2022-08-23 23:03:30,India successfully flight-tests surface-to-air missile
2022-08-23 23:27:15,Indian Coast Guard personnel rescue Bangladeshi fishermen
2022-08-24 01:19:30,7th Lindau Meeting of Nobel Laureates on Economic Sciences kicks off in Germany
2022-08-24 01:13:46,Europe facing worst drought in 500 years: EU agency
2022-08-24 03:23:30,Study by Pfizer/BioNtech finds its COVID-19 vaccine 73.2 pct efficient in children
2022-08-24 03:19:00,"Roundup: U.S. reports over 15,000 monkeypox cases in all 50 states"
2022-08-24 04:52:45,"Canadian gov't partners with Volkswagen, Mercedes to produce auto batteries"
2022-08-24 05:38:15,Mexico's latest COVID-19 wave on the wane: Health Ministry
