﻿2022-07-03 21:51:03,"New roads, railways improve lives of local Tibetans"
2022-07-03 15:27:20,
2022-07-04 22:20:42,Children experience agrarian culture in central China's Hunan
2022-07-04 02:49:27,Zimbabwean president meets with senior Chinese diplomat on bilateral cooperation
2022-07-04 23:58:14,"Chinese FM hails Lancang-Mekong cooperation on fight against COVID-19, connectivity, livelihood"
2022-05-29 13:05:59,
2022-06-06 08:18:04,24 Solar Terms: Grain in Ear
2022-06-20 08:55:04,"GLOBALink | See you again, Bayanbulak"
2022-06-21 07:36:44,24 Solar Terms: Summer Solstice
2022-06-29 16:11:30,8 Qing Dynasty stone tablets found in SW China shrine
2022-06-30 14:12:30,Millenniums-old construction materials found in China's Xi'an
2022-06-30 13:16:30,Feature: Robot creates 3D portraits of Terracotta Warrior in NW China
2022-06-30 14:43:30,Across China: Brazilian actress enjoys stage fever in China
2022-07-01 14:10:27,Three green development events to be held over next 2 months
2022-07-03 22:20:58,10th World Peace Forum opens in Beijing
2022-07-03 12:10:56,Chinese mainland reports 75 new local confirmed COVID-19 cases
2022-07-03 17:38:27,Hong Kong Palace Museum open to public
2022-07-03 21:55:46,"China, Myanmar agree to further build community with shared future"
2022-07-04 20:01:27,"Swap Connect between Chinese mainland, Hong Kong to expand financial market access"
2022-07-04 09:24:15,Chinese mainland reports 41 new local confirmed COVID-19 cases
2022-07-04 21:43:00,China proposes 6 key future directions of Lancang-Mekong Cooperation
2022-07-04 19:20:47,
2022-07-04 17:15:57,"Xi's address at meeting celebrating 25th anniversary of Hong Kong's return to motherland, inaugural ceremony of sixth-term HKSAR government published"
2022-07-04 18:16:00,Output of China's major shale gas field hits record high in H1
2022-07-04 02:17:30,Chinese FM expounds on stance on Myanmar issue
2022-07-04 13:04:45,China renews blue alert for rainstorms
2022-07-04 16:00:45,Taiwan's freshmen numbers to fall due to low birth rate: report
2022-07-04 14:42:30,"Bergamot component can inhibit SARS-CoV-2 in cells, animals: research"
2022-07-04 20:54:46,China's Qinghai increases compensation for deaths caused by wildlife
2022-07-04 02:06:30,"China, Laos pledge to strengthen strategic communication, mutually beneficial cooperation"
2022-07-04 22:20:44,Scenery of Hukou Waterfall on Yellow River
2022-07-04 18:47:02,
2022-07-04 20:17:30,China opposes remarks of NASA official on space program
2022-07-04 20:04:47,
2022-07-04 23:53:14,Xi calls for putting development front and center on international agenda
2022-07-04 19:41:30,Xinhua Commentary: Science serves as bedrock of China's targeted epidemic control
2022-07-04 20:54:45,Economic Watch: ETF trading under mainland-Hong Kong stock connect kicks off
2022-07-04 09:57:30,Chinese mainland reports 41 new local confirmed COVID-19 cases
2022-07-04 18:53:57,"Enhanced currency swap agreement signed between PBOC, HKMA"
2022-07-04 22:53:15,Xi calls for putting development front and center on international agenda
2022-07-04 19:59:27,"Paper on employment in Xinjiang debunks ""forced labor"" lies"
2022-07-04 22:08:00,"China, Vietnam agree to maintain strategic communication, advance cooperation"
2022-07-04 23:58:14,"Chinese FM hails Lancang-Mekong cooperation on fight against COVID-19, connectivity, livelihood"
2022-07-05 07:58:53,Scenery of Great Wall shrouded in clouds
2022-07-05 03:46:44,Chinese off-road cars debut in Saudi Arabia
2022-07-05 00:51:30,Chinese vice premier stresses consolidating poverty alleviation outcomes
2022-07-05 00:46:27,China's top legislator stresses environmental restoration of Yangtze River
