﻿2022-06-29 22:38:45,Bridge deck ancillary works from Jakarta-Bandung HSR No. 4 casting yard to Tegal Luar Station completed
2022-06-30 07:22:15,"Ukraine, Russia carry out largest prisoner exchange since conflict start"
2022-06-26 20:59:30,"G7 summit opens amid lower expectations, protests"
2022-06-26 22:53:59,Cambodia's ruling party thanks people for overwhelmingly voting for it in commune polls
2022-06-27 18:46:45,Bulgarian PM submits government's resignation
2022-06-27 01:22:30,South African president mourns for 22 teenagers dead in tavern
2022-06-27 23:55:00,Sri Lankan president orders to import fuel immediately
2022-06-27 04:01:28,"Saudi crown prince, Iraqi PM meet on bilateral ties"
2022-06-27 11:43:00,Canada sends 2 ships to enhance NATO readiness in Baltic region
2022-06-27 16:09:30,S.Korea still committed to dialogue with DPRK: minister
2022-06-27 01:14:30,"G7 summit opens amid lower expectations, protests"
2022-06-28 22:05:01,Russia bans more Americans from entry
2022-06-28 21:47:03,"Presidents of Turkey, U.S. have phone talks ahead of NATO summit"
2022-06-28 20:57:45,"Turkey, Sweden, Finland and NATO to hold 4-way meeting in Madrid"
2022-06-28 18:37:15,"U.S. in ""national battle"" over abortion rights"
2022-06-28 20:19:30,Japan's ruling LDP sees highest support rate in run-up to upper house elections: survey
2022-06-28 23:52:43,"At least 49 die in prison riot in Colombia, says prison agency"
2022-06-28 05:47:45,"Amtrak train derails in U.S. Missouri after striking dump truck, injuries reported"
2022-06-28 11:07:30,"Over 40 people found dead inside 18-wheeler in Texas, U.S."
2022-06-29 18:49:59,Yael Braun-Pivet elected new speaker of French National Assembly
2022-06-29 19:38:31,"China, Vietnam vow to strengthen cooperation between legislatures"
2022-06-29 20:50:00,Interview: Chinese engagement propels Ethiopia's development of industrial parks
2022-06-29 10:03:15,51 killed in Colombian prison riot fire
2022-06-29 21:35:02,
2022-06-29 22:01:02,
2022-06-29 18:21:59,Ukrainian PM outlines key cooperation priorities with EU
2022-06-30 00:41:45,Uzbek court sentences 14 supporters of militant groups to jail terms
2022-06-30 01:53:45,U.S. Supreme Court Justice Stephen Breyer to retire this week
2022-06-30 04:21:45,"Ukrainian president urges more defense, financial aid at NATO summit"
2022-06-30 03:22:45,China to hand over completed new parliament building to Zimbabwe
2022-06-30 06:14:00,Chinese envoy calls for holistic approach to defuse tensions in eastern DRC
2022-06-30 05:43:00,Iraq calls on int'l community to help it fight climate change
2022-06-30 05:19:46,China donates 100 commuter buses to help Syrians in economic woes
2022-06-30 05:04:00,Salvadoran COVID-19 hospitalizations down despite rising cases: health minister
2022-06-30 05:34:02,"Bahrain, Egypt stress two-state solution as imperative for Palestinian-Israeli conflict"
2022-06-30 04:55:59,Sudanese leader says army expect to hand power to elected gov't
2022-06-30 01:31:30,UN chief appoints Najat Rochdi as deputy special envoy for Syria
2022-06-30 05:00:00,1st Olympic Arts competition to be launched in 2023
2022-06-30 04:56:02,Sudan voices self-restraint amid mounting border crisis with Ethiopia
2022-06-30 04:55:59,Sudanese leader says army expect to hand power to elected gov't
2022-06-30 03:11:45,"Peacekeepers free CAR city from armed groups, residents allowed back home: UN"
2022-06-29 22:46:45,Myanmar reports 6 more COVID-19 cases
2022-06-30 00:41:45,Uzbek court sentences 14 supporters of militant groups to jail terms
2022-06-30 00:16:17,Uzbekistan eyes additional 9 bln USD in revenue from textile industry
2022-06-30 06:41:00,"Lavrov, Guterres discuss global food security challenges over phone"
2022-06-30 07:32:32,"Traditional festival of Mnarja celebrated in Buskett Gardens of Siggiewi, Malta"
2022-06-30 05:47:00,Russia summons Norwegian charge d'affaires over transit ban issue
2022-06-30 06:24:00,Canada finalises Clean Fuel Regulations toward net-zero emissions
2022-06-30 07:23:15,"U.S. stocks end mixed as inflation, recession worries persist"
2022-06-30 05:53:59,"Roundup: U.S. crude supplies up, other petroleum data mixed"
