﻿2022-07-17 13:48:31,
2022-07-19 17:16:12,China has over 1.85 mln 5G base stations in use
2022-07-20 16:46:15,Second China Int'l Consumer Products Expo to be held in Hainan
2022-07-20 00:55:41,Chinese premier meets with executive chairman of WEF
2022-06-06 08:18:04,24 Solar Terms: Grain in Ear
2022-06-20 08:55:04,"GLOBALink | See you again, Bayanbulak"
2022-06-21 07:36:44,24 Solar Terms: Summer Solstice
2022-07-07 07:14:05,24 Solar Terms: Lesser Heat
2022-07-19 23:25:26,"China launches inspection of municipal, county-level law-based governance"
2022-07-19 22:52:29,
2022-07-19 20:52:41,Universities make significant progress in China's sci-tech innovation
2022-07-19 23:37:27,"China, EU agree to jointly tackle global economic challenges"
2022-07-19 23:23:30,China urges U.S. to stop arms sales to Taiwan
2022-07-19 21:28:17,
2022-07-19 21:10:59,China urges U.S. to stop arms sales to Taiwan
2022-07-19 11:07:12,Chinese mainland reports 199 new local confirmed COVID-19 cases
2022-07-19 20:44:31,
2022-07-19 14:00:45,Scientists use AI to identify new ALS gene targets
2022-07-19 23:20:30,Political advisors discuss expanding China's talent pool
2022-07-19 00:07:11,197 oriental white storks bred in NE China nature reserve
2022-07-19 21:03:00,China urges U.S. to stop fueling militarization and weaponization of outer space
2022-07-19 13:51:44,Across China: Self-repairing fish robot brings hope to plastic crisis
2022-07-19 22:14:15,"Delegates to 20th CPC National Congress from central Party, state organs elected"
2022-07-20 21:50:00,"Over 185,000 people in Hong Kong take 4th dose of COVID-19 vaccines"
2022-07-20 19:46:30,China urges U.S. to stop looting Syrian national resources
2022-07-20 22:07:11,Macao SAR gov't firmly opposes biased U.S. report on human trafficking
2022-07-20 01:02:59,"Chinese, Finnish FMs hold phone talks"
2022-07-20 18:34:12,"Chinese, Sierra Leonean FMs discuss ties over phone"
2022-07-20 21:56:00,Chinese premier vows further efforts to deepen opening-up
2022-07-20 20:26:45,Xinjiang attracts over 355 billion yuan of investment in H1
2022-07-20 00:55:41,Chinese premier meets with executive chairman of WEF
2022-07-20 19:42:26,China's service outsourcing industry logs steady H1 growth
2022-07-20 20:28:45,Xiconomics: How China's push for economic stability bolsters global recovery
2022-07-20 22:12:15,German chemical giant BASF advances mega project in China
2022-07-20 20:48:39,"Scenery of paddy fields in Tieli, Heilongjiang"
2022-07-20 23:44:27,Vice premier stresses improving aquatic environment in north China
2022-07-20 10:05:00,Chinese mainland reports 108 new local confirmed COVID-19 cases
2022-07-20 01:02:00,China will unswervingly deepen high-level opening-up: Premier Li
2022-07-20 20:36:42,Chinese Wisdom in Xi's Words: Agriculture is a fundamental undertaking
2022-07-20 21:32:01,"In pics: community-based day-care center for seniors in Hanshou County, Hunan Province"
2022-07-20 20:51:57,"4 killed, 13 injured in gas explosion in north China's Tianjin"
2022-07-20 21:45:00,Chinese company makes rubber-tired metro for Mexico City
2022-07-20 21:34:00,Feature: Chinese well drilling firm helps turn Egypt's desert into green farmland
2022-07-20 22:11:11,HKSAR gov't vehemently objects to unfair assessment in U.S. report on human trafficking
2022-07-20 17:35:42,"Feature: AI reinvents classic song ""Pearl of the East"" with unimagined artistic charm"
2022-07-20 21:56:01,SW China province reports 360 wild Asian elephants
2022-07-20 19:48:41,The story of Xiamen University is a tale of the world with China
2022-07-20 21:04:00,"China handles over 100,000 public interest litigation cases in H1"
2022-07-20 00:48:56,Painstaking efforts needed to stabilize overall Chinese economic performance: Premier Li
2022-07-21 07:24:34,Farmers work in paddy fields in S China's Guangxi
