﻿2022-08-02 18:48:15,China-Europe freight train services see a sharp rise in July
2022-08-02 00:38:30,UN chief welcomes 1st sailing of vessel from Ukraine's Odesa under grain export deal
2022-07-31 23:15:45,India reports first monkeypox death
2022-07-31 22:56:15,Russian Armed Forces to get Zircon hypersonic missiles in months: Putin
2022-07-31 11:20:02,Rail strike continues in Britain
2022-07-31 23:41:00,Madagascar's defense minister says 32 people killed in arson attack
2022-07-31 08:23:15,"Biden tests positive for COVID-19 in ""rebound"" case: physician"
2022-07-31 23:33:00,"Russia says U.S., NATO ""main threats"" to national maritime security"
2022-07-31 20:00:45,WHO-Cambodia official urges people to get booster doses as more COVID-19 cases detected
2022-07-31 19:23:15,Senegal kicks off legislative elections
2022-08-01 11:13:00,New wildfires in SW France injure 4 firefighters
2022-08-01 09:26:45,Late night shooting in U.S. city Orlando leaves seven injured
2022-08-01 20:48:45,Spain ready to support Albania's EU integration: PM Sanchez
2022-08-01 08:23:00,"Biden remains positive for COVID-19 but ""continues to feel well"": doctor"
2022-08-01 21:10:16,
2022-08-01 17:00:46,
2022-08-02 04:01:00,Russia bans 39 Britons from entry
2022-08-02 06:14:15,U.S. kills al-Qaeda leader al-Zawahiri in drone strike in Afghanistan -- media
2022-08-02 04:34:30,"After 200 years, land iguanas hatch again in Ecuador's Galapagos archipelago"
2022-08-02 07:52:15,Biden says U.S. killed al-Qaeda leader al-Zawahiri in drone strike
2022-08-02 02:46:15,Roundup: 1st grain-laden ship from Ukraine to anchor off Istanbul for inspection: Turkish ministry
2022-08-02 02:28:45,Biden continues to test positive for COVID-19
2022-08-02 00:08:45,Pakistan's inflation climbs to 24.9 pct in July
2022-08-02 07:38:45,Biden says U.S. killed al-Qaeda leader al-Zawahiri in drone strike
2022-08-02 05:55:30,France detects bird flu at turkey farm
2022-08-02 09:22:00,Uruguay to start vaccination campaign against monkeypox
2022-08-02 10:43:45,Brazil to treat severe monkeypox cases with antiviral drug Tecovirimat
2022-08-03 04:43:00,UN provides more details on peacekeeper violence in DR Congo
2022-08-03 04:09:15,Israel to open southern Ramon Airport to Palestinians: media
2022-08-03 03:53:45,UN chief to begin Asian trip
2022-08-03 04:10:30,UN says Yemeni warring parties agree to renew truce
2022-08-03 05:49:45,1st grain ship leaving Ukraine anchors off Istanbul for inspection
2022-08-03 07:26:48,Italy's Rome experiences hot weather
2022-08-03 03:35:45,China's BYD to sell new energy vehicles in Israel
2022-08-03 04:24:30,UN envoy announces renewal of UN-mediated truce in Yemen
2022-08-03 01:01:45,Botswana removes outdoor face mask mandate
2022-08-03 01:01:00,"Tanzanian, Zambian leaders agree to revive TAZARA railway"
2022-08-03 02:52:45,Kenya commences shipment of fresh avocados to Chinese market
2022-08-02 23:47:15,"Visit to Central Asian countries boosts stability, cooperation: Chinese FM"
2022-08-02 22:20:45,Indonesian anti-graft agency teams up with Interpol to hunt fugitive
2022-08-02 21:13:30,"Singapore reports 10,230 new COVID-19 cases"
2022-08-03 00:18:15,German chemicals group Covestro benefits from recovery in China in Q2
2022-08-03 07:26:46,Italy's Rome experiences hot weather
2022-08-03 00:06:45,Shortage of skilled workers in Germany rises to all-time high: ifo
2022-08-03 05:39:00,"5.6-magnitude quake hits 262 km E of Levuka, Fiji: USGS"
2022-08-03 05:57:45,U.S. job openings drop sharply in June amid cooling labor market
2022-08-03 02:53:30,Gold rises as U.S. job openings fall
