﻿2022-02-23 17:14:46,China-Laos Railway to run additional passenger trains
2022-02-25 04:08:00,UN to allocate 20 mln USD from CERF to meet urgent needs in Ukraine
2022-02-24 12:58:45,"Urgent: Explosions rock Ukrainian key airport, military facilities: media"
2022-02-24 11:16:13,"Putin authorizes ""special operation"" in Donbass: TASS"
2022-02-24 17:51:30,Ukraine severs diplomatic relations with Russia
2022-02-24 17:27:16,"Putin authorizes ""special military operation"" in Donbass"
2022-02-24 10:35:45,Biden's moves on guns won't cure U.S. gun violence epidemic: report
2022-02-24 17:14:33,
2022-02-24 12:58:47,"Urgent: Russia closes airspace on borders with Ukraine, Belarus"
2022-02-24 14:42:16,
2022-02-24 21:40:11,"NATO to step up presence in eastern part of alliance, not inside Ukraine"
2022-02-24 17:08:18,Biden to discuss within G7 on Russia's military operation in Donbass
2022-02-24 13:43:01,"Explosions rock Ukraine's key airport, military facilities: media"
2022-02-24 18:28:32,Ukraine severs diplomatic relations with Russia
2022-02-24 13:23:00,"Russia closes airspace on borders with Ukraine, Belarus"
2022-02-25 05:01:00,"Chile registers 30,675 more daily COVID-19 cases"
2022-02-25 05:23:58,"Inflation risks in Mexico remain on rise, says central bank"
2022-02-25 19:50:17,Ukrainian president seeks talks with Russia
2022-02-25 20:55:00,"Poland's Border Guard says 29,000 people cross Poland-Ukraine border"
2022-02-25 07:26:30,Oil prices rise amid Russia-Ukraine tensions
2022-02-25 11:18:30,Explosions heard in central Kiev: Interfax
2022-02-25 06:58:15,Putin discusses Ukraine issue with state leaders
2022-02-25 21:02:00,"7 killed, 85 injured as strong quake hits western Indonesia"
2022-02-25 22:06:17,Putin ready to send delegation to Minsk for talks with Ukraine
2022-02-25 05:11:01,3 people killed in Colombia landslide
2022-02-25 21:19:59,Russian airborne forces land near Kiev
2022-02-25 20:50:45,Timeline: Development of Russia-Ukraine conflict
2022-02-25 23:34:45,News Analysis: Turkish tourism recovery slowed by Russia-Ukraine conflict
2022-02-25 22:31:04,EU holds extraordinary meeting on situation in Ukraine
2022-02-25 04:34:01,"IMF chief ""deeply concerned"" about Ukraine crisis"
2022-02-25 17:56:41,"4 killed, over 20 injured as strong quake hits western Indonesia"
2022-02-25 06:12:15,8 polio-vaccination team members in Afghanistan slain: UN
2022-02-25 14:38:27,"UNGA president calls on Russia, Ukraine to settle disputes through dialogue"
2022-02-25 21:51:30,Ukrainian president reiterates call for talks with Russia
2022-02-26 00:33:00,"Iran ""entitled"" to develop civilian nuke program: atomic chief"
2022-02-26 00:25:00,Kuwait stages airshow to mark national holidays
2022-02-26 01:03:15,"Kenya reports flat tea earnings, rising coffee earnings for 2021"
2022-02-26 00:47:00,Somali army says kills 29 Shabab militants in southern region
2022-02-26 00:40:01,Cameroon offers financial assistance to AFCON stampede victims
2022-02-25 22:45:29,"Singapore reports 18,597 new COVID-19 cases"
2022-02-25 22:19:15,"Thai, Malaysian PMs vow to enhance bilateral relations"
2022-02-25 22:55:29,"Myanmar reports 3,391 new COVID-19 cases"
2022-02-26 00:11:59,Putin ready to send delegation to Minsk for talks with Ukraine
2022-02-26 00:40:01,Corona Commission Report criticizes Sweden's COVID-19 response
2022-02-26 00:07:01,Hungary to open humanitarian corridor for people fleeing Ukraine: FM
2022-02-26 00:48:59,Biden nominates Judge Ketanji Brown Jackson for U.S. Supreme Court
2022-02-26 00:20:59,High school on lockdown following possible shooting nearby in U.S. New Mexico
2022-02-26 00:35:56,Biden nominates Judge Ketanji Brown Jackson for U.S. Supreme Court
