﻿2022-05-04 05:32:11,UN chief welcomes evacuation of civilians from Azovstal steel plant in Mariupol
2022-04-30 15:45:30,Turkey summons German ambassador amid row over Kavala verdict
2022-04-30 23:00:01,Ukraine allocates 4 bln USD for defense ministry
2022-05-01 19:59:01,U.S. seeks to push Afghanistan into unprecedented crisis: Iranian Speaker
2022-05-01 21:29:46,"CEPA trade deal between India, UAE comes into force"
2022-05-01 05:30:41,2 rockets hit air base housing U.S. experts in W. Iraq: military
2022-05-01 16:25:31,"S.Korean president-elect names security adviser, 5 senior secretaries"
2022-05-01 22:21:00,Feature: Zimbabwean artists raise awareness about conservation through carvings
2022-05-02 11:12:41,Biden attends memorial service of former U.S. Vice President Walter Mondale
2022-05-02 02:28:31,"IMF urges Lebanon to implement ""agreed-upon"" reforms"
2022-05-02 10:58:45,Ukraine to continue evacuation from Mariupol
2022-05-02 16:38:31,
2022-05-02 20:28:43,
2022-05-02 03:17:26,Iran's top commander warns U.S. away from Gulf
2022-05-03 13:18:16,UN chief calls for strengthening Niger's capacity in fighting terrorism
2022-05-03 00:10:15,European Union escalates antitrust case against Apple
2022-05-03 13:16:13,Chinese firm puts 1st phase of Mero oilfield into production in Brazil
2022-05-03 15:21:43,In pics: Eid al-Fitr festival
2022-05-03 19:04:17,California's population decreases for second consecutive year
2022-05-03 20:48:16,UNICEF faces funding gap to meet needs of 9.9 mln people in Ethiopia
2022-05-03 16:54:32,
2022-05-03 00:19:00,UNICEF faces funding gap to meet needs of 9.9 mln people in Ethiopia
2022-05-03 21:48:43,Putin approves retaliatory sanctions over Russia-Ukraine conflict
2022-05-03 20:30:13,Kenya imposes night curfew in northern region amid insecurity
2022-05-04 04:53:30,"Israel commemorates fallen soldiers, victims of attacks"
2022-05-04 06:30:43,UN Security Council condemns continued attacks targeting civilians in Afghanistan
2022-05-04 02:30:30,Israel develops solar water pump for remote regions without power supply
2022-05-04 04:23:28,At least 16 killed in bus-fuel truck collision in Ukraine
2022-05-04 02:06:28,Killings in U.S. Los Angeles on pace to top last year's high: media
2022-05-04 06:21:41,"Chilean companies forecast ""above normal"" inflation in next 12 months"
2022-05-04 07:44:41,U.S. Fed on track for half-point rate hike as recession fears grow
2022-05-04 04:19:28,Argentina praises role of Chinese vaccines in combating COVID-19
2022-05-04 05:18:43,UN chief welcomes evacuation of civilians from Azovstal steel plant in Mariupol
2022-05-04 00:15:14,Israel to set up database to make gov't data accessible for R&D
2022-05-04 08:39:27,Travelers experience longer wait times at airports in Canada
2022-05-04 03:47:28,Ukraine gets 4.5 bln euros in int'l aid since start of conflict
2022-05-04 08:52:59,"NASA administrator, secretary of defense attend subcommittee hearings of U.S. Senate Appropriations Committee "
2022-05-03 22:33:01,"Tonga reports more COVID-19 cases, Samoa extends lockdown for 2 weeks"
2022-05-03 20:04:28,Mozambique reinforces health protocol against COVID-19 at border crossings with South Africa
2022-05-03 18:00:00,Zimbabwe reopens schools as COVID-19 cases continue to decline
2022-05-03 19:43:15,"Vietnam reports 2,709 new COVID-19 cases"
2022-05-03 21:29:45,"Singapore reports 1,570 new COVID-19 cases"
2022-05-04 00:46:15,"India's Modi urges ""dialogue and diplomacy"" for Ukraine crisis"
2022-05-04 07:21:40,"Blooming blossoms in Riga, Latvia"
2022-05-04 04:25:26,BP reports soaring profits amid calls for windfall tax
2022-05-04 00:39:17,Half of German municipalities face difficulties with high energy prices
2022-05-04 08:39:25,Travelers experience longer wait times at airports in Canada
2022-05-04 09:25:57,Interview: U.S. trade expert urges elimination of China tariffs amid surging inflation
2022-05-04 08:52:57,"NASA administrator, secretary of defense attend subcommittee hearings of U.S. Senate Appropriations Committee "
