﻿2022-07-02 00:40:15,Roundup: China-Laos Railway transit yard put into operation for transporting goods to Thailand
2022-07-03 04:38:00,Romanian firefighters arrive in Greece for summer wildfire season
2022-06-30 14:50:30,U.S. House committee subpoenas former White House counsel as Capitol riot inquiry continues
2022-06-30 00:41:45,Uzbek court sentences 14 supporters of militant groups to jail terms
2022-06-30 12:47:15,Marcos sworn in as Philippines' 17th president
2022-06-30 01:53:45,U.S. Supreme Court Justice Stephen Breyer to retire this week
2022-06-30 19:39:30,"Israeli parliament dissolves, Lapid becomes caretaker PM"
2022-06-30 19:09:14,"Tokyo stocks end sharply lower on domestic output concerns, U.S. recession woes"
2022-06-30 13:09:30,4 charged after 53 migrants die in 18-wheeler in U.S. Texas
2022-07-01 11:12:00,World Insights: U.S. Supreme Court in recess following series of consequential rulings
2022-07-01 22:16:46,Eurozone's June inflation surges to record 8.6 pct
2022-07-01 22:58:56,UNESCO launches new State of the Ocean Report
2022-07-01 02:56:15,First African American woman sworn in as U.S. Supreme Court justice
2022-07-01 02:00:15,NATO summit concludes amid criticisms of bloc's aggression
2022-07-01 20:24:00,Turkey detains 13 IS suspects
2022-07-01 06:19:00,Inflation to exceed official target ceiling in 2022: Brazil's central bank
2022-07-01 13:09:02,
2022-07-01 07:19:15,News Analysis: Mixed signals for U.S. economy
2022-07-01 22:28:00,UN coordinator warns humanitarian crisis in Lebanon
2022-07-01 13:50:55,
2022-07-02 23:23:30,UNDP praises Cambodia for appealing donations for landmine clearance
2022-07-02 10:09:30,"Facts about Russia-Ukraine conflict: Russian FM says Moscow no longer trusts U.S., EU"
2022-07-02 18:07:30,"Aussie researchers warn of ""long COVID"" threat"
2022-07-02 06:21:42,"Macron, Albanese discuss future France-Australia relations"
2022-07-02 17:06:30,"Death toll in India's massive landslide rises to 27, search operations continue"
2022-07-02 20:18:02,Roundup: More experts urge U.S. gov't to scrap additional tariffs on Chinese imports
2022-07-02 07:15:41,U.S. stocks rise after S&P 500's worst half year in decades
2022-07-02 04:36:30,UN verification scheme for Yemen in urgent need of funds
2022-07-02 10:12:30,4 killed after medical plane crashes in southern Argentina
2022-07-02 14:10:42,U.S. California officials join Chinese community to protest against rising hate crimes
2022-07-02 19:54:45,"Protests hit Libyan cities over political deadlock, deteriorating living conditions"
2022-07-03 09:37:30,Monkeypox cases in Colombia rise to 5
2022-07-03 07:25:21,Sailboats race held to celebrate Cabotage Day in Turkey
2022-07-03 10:03:45,New York passes new law after U.S. Supreme Court ruling on gun-carrying in public
2022-07-03 03:54:00,Syrian president accuses Turkey of aggression as Iran attempts to ease tension
2022-07-03 04:57:00,"2 killed, 4 wounded in IS bomb attacks in Iraq: sources"
2022-07-03 09:33:26,Argentine economy minister resigns
2022-07-03 04:49:00,Lebanon's Hezbollah says flies drones to Mediterranean gas field
2022-07-02 23:35:45,One killed in Boko Haram hospital attack in Cameroon
2022-07-02 22:36:30,Nigerian president welcomes berthing of first ship at new deep seaport
2022-07-02 03:33:26,"Humanitarians' growing concern for 30,000 hungry in Maiduguri, Nigeria camp: UN"
2022-07-02 21:26:00,Afghan official thanks China for aid to quake-affected families
2022-07-03 09:28:30,Pakistan to switch state-owned buildings to solar energy
2022-07-03 10:18:45,"S.Korea reports 10,059 new COVID-19 cases"
2022-07-03 04:38:00,Romanian firefighters arrive in Greece for summer wildfire season
2022-07-03 01:50:45,"One killed, several injured in migrant conflict in Serbia"
2022-07-03 06:04:57,Dozens of flights canceled cause chaos at Lisbon airport
2022-07-02 20:18:02,Roundup: More experts urge U.S. gov't to scrap additional tariffs on Chinese imports
2022-07-02 07:20:47,In pics: 2022 Canada Day Parade in Toronto
2022-07-03 10:03:45,New York passes new law after U.S. Supreme Court ruling on gun-carrying in public
