﻿2022-06-20 00:05:47,China-Laos Railway inducts Lao train drivers
2022-06-21 01:27:18,Xinhua Headlines: BRICS partnership stands strong amid global challenges
2022-06-21 23:54:17,"Chinese premier stresses ensuring grain security, energy supply"
2022-06-22 07:08:09,Farmers work in fields across China
2022-05-29 13:05:59,
2022-06-06 08:18:04,24 Solar Terms: Grain in Ear
2022-06-20 21:15:30,Economic Watch: China goes all out to bolster employment for college graduates in record year
2022-06-20 23:46:15,Political advisors discuss high quality development
2022-06-20 11:35:43,"Over 1,100 ancient tombs discovered in China's Sichuan"
2022-06-20 20:09:15,China announces campaign to strengthen psychological care for elderly
2022-06-20 20:30:13,Beijing reports three new local COVID-19 infections
2022-06-20 17:27:30,Young Kyrgyz reflect on their education and life in China
2022-06-20 23:44:15,CPC promulgates regulations on political consultation work
2022-06-20 20:44:15,China's Pearl River region braces for major floods
2022-06-20 08:55:04,"GLOBALink | See you again, Bayanbulak"
2022-06-21 22:15:01,"Economic Watch: BRICS cooperation boosts common development, global recovery"
2022-06-21 17:25:17,Chinese envoy calls for clear timeline to end cross-border aid delivery into Syria
2022-06-21 00:06:15,Vice premier urges solid efforts toward rural modernization
2022-06-21 22:44:15,China honors Shenzhou-13 mission astronauts with medals
2022-06-21 16:38:58,China's top legislature starts standing committee session
2022-06-21 15:14:28,Late former procurator-general Zhang Siqing cremated
2022-06-21 22:05:45,China honors Shenzhou-13 mission astronauts with medals
2022-06-21 22:00:46,Locally-transmitted COVID-19 cases continue to rise in Macao
2022-06-21 23:09:02,
2022-06-21 17:22:14,China adds 1.48 million full-time teachers in ten years
2022-06-21 22:56:49,
2022-06-21 19:51:23,Aerial view of major constructions in Hong Kong
2022-06-21 17:13:17,Chinese researchers discover new bacterial tRNA species
2022-06-21 21:13:30,"(HKSAR 25) Feature: ""In this vibrant city, I feel energy, freedom and efficiency"" -- Hong Kong in eyes of foreign residents"
2022-06-21 16:36:00,Chinese shares close lower Tuesday
2022-06-21 18:03:15,Economic Watch: Online shopping spree mirrors consumption recovery
2022-06-21 21:02:18,Book of Xi's articles on CPC's youth-related work published
2022-06-21 07:36:44,24 Solar Terms: Summer Solstice
2022-06-21 23:54:17,"Chinese premier stresses ensuring grain security, energy supply"
2022-06-21 22:13:47,China Focus: China looks set to build space solar power station
2022-06-21 19:11:45,"Hong Kong to distribute 250,000 RAT kits following sewage COVID-19 detection"
2022-06-21 23:22:45,
2022-06-21 23:15:01,China's top legislature starts standing committee session
2022-06-21 20:50:33,Scenery of Xiaxi Reservoir in SW China's Guizhou
2022-06-21 21:29:31,Chinese lawmakers deliberate report on boosting children's health
2022-06-21 09:57:30,Chinese mainland reports 9 new local confirmed COVID-19 cases
2022-06-21 21:14:30,National political advisors discuss green development
2022-06-21 20:34:15,"China opposes U.S. implementation of ""Uyghur Forced Labor Prevention Act"""
2022-06-22 08:54:33,Three reasons why financial institutions are optimistic on China's economy
2022-06-22 00:48:28,China's Guangdong activates top emergency response for flood
2022-06-22 07:08:09,Farmers work in fields across China
2022-06-22 09:02:30,"Shanghai reports 4 confirmed, 4 asymptomatic local COVID-19 cases"
2022-06-22 00:03:15,U.S. ban on Xinjiang products typical example of economic coercion: Chinese official
2022-06-22 00:58:28,"China stands ready to continue supporting sustainable peace, security, dev't in Horn of Africa: envoy"
2022-06-22 09:37:47,78 COVID-19 patients discharged from hospitals on Chinese mainland
2022-06-22 09:35:44,Chinese mainland reports 10 new local confirmed COVID-19 cases
2022-06-22 02:02:45,UN Biodiversity Conference to be relocated from China to Canada
