﻿2022-08-15 15:16:16,Chinese team completes first competition in tank biathlon in int'l army games
2022-08-15 23:41:30,"Chinese foreign minister meets Geneva envoys from Asian, African developing countries"
2022-08-16 17:46:16,Drought relief efforts increased to ensure water supply in parts of China
2022-08-16 10:58:15,"BRI brings ""road to prosperity"" for remote river bank residents in southern Bangladesh"
2022-06-20 08:55:04,"GLOBALink | See you again, Bayanbulak"
2022-06-21 07:36:44,24 Solar Terms: Summer Solstice
2022-07-07 07:14:05,24 Solar Terms: Lesser Heat
2022-07-23 07:29:03,24 Solar Terms: The Great Heat
2022-08-14 21:13:45,Taiwan universities see shortfall in enrollment
2022-08-15 20:33:45,China Focus: Model soldier remains icon in China 60 years after death
2022-08-15 10:05:00,Across China: Archaeological discoveries enrich Grand Canal culture
2022-08-15 21:27:30,"China steps up measures in flood control, drought relief"
2022-08-15 19:36:01,China renews red alert for high temperatures
2022-08-15 21:04:15,"China's space lab module powered by huge, flexible solar panels"
2022-08-15 20:40:00,Chinese military spokesperson blasts U.S. Congress members' visit to Taiwan
2022-08-15 23:23:00,Chinese spokesperson slams U.S. Congress members' visit to Taiwan
2022-08-16 09:47:30,Chinese mainland reports 530 new local confirmed COVID-19 cases
2022-08-16 18:47:15,China renews red alert for high temperatures
2022-08-16 15:04:30,Across China: Arduous battle against tuberculosis bears fruit in Xinjiang
2022-08-16 23:54:45,Drought affects 4.2 mln in central China's Hubei
2022-08-16 16:39:30,China provides assistance to Cuba after massive oil depot fire
2022-08-16 20:35:00,"China unveils supporting measures for childbirth, parenting"
2022-08-16 14:22:00,Drought affects over 1.38 mln in east China's Jiangxi
2022-08-16 18:08:31,
2022-08-16 23:20:00,Chinese vice premier stresses preparations for int'l services trade fair
2022-08-16 19:43:45,China's pork price falls last week
2022-08-16 19:38:30,Economic Watch: China's central bank cuts policy interest rates to bolster real economy
2022-08-16 18:23:00,China Focus: China's political party system thrives over past decade
2022-08-16 09:59:30,"Diehard ""Taiwan independence"" separatists to be sanctioned: spokesperson"
2022-08-16 07:04:15,China urges fully implementing Yemen truce agreement
2022-08-16 17:02:30,Across China: Young female saving traditional dyeing craft from dying
2022-08-16 15:13:45,Central Qinghai-Tibet Plateau once a global floristic exchange hub: study
2022-08-16 10:25:45,Feature: Acupuncture offers new solution to drug-based anesthesia
2022-08-16 20:14:30,"China's Hainan sees 4,816 confirmed COVID cases in August"
2022-08-16 01:06:15,China Focus: Anti-Japanese war memorials mark Japan's WWII surrender
2022-08-16 16:58:30,China sees net purchase of RMB bonds by overseas institutional investors in July
2022-08-16 20:20:12,Track laying of Guiyang-Nanning high-speed railway begins in Guangxi
2022-08-16 20:02:30,"China to facilitate quality African food, agricultural imports: spokesperson"
2022-08-16 20:20:41,Hong Kong University of Science and Technology (Guangzhou) scheduled to open in September
2022-08-16 22:12:12,10th China Information Technology Expo kicks off in S China's Shenzhen
2022-08-16 01:26:45,China issues action plan to boost enterprise innovation
2022-08-16 19:33:15,Xi extends condolences to Egyptian president over massive church fire
2022-08-16 21:12:15,"Firefighters undergo diving training in Yinchuan, China"
2022-08-16 18:42:47,
2022-08-16 23:06:00,Chinese premier urges economic powerhouses to consolidate recovery
2022-08-17 00:33:00,China unveils cultural development plan for 2021-2025 period
2022-08-17 00:30:00,Chinese vice premier stresses autumn grain production for bumper harvest
2022-08-17 01:23:45,Chinese premier urges economic powerhouses to consolidate recovery
