﻿2022-07-20 16:46:15,Second China Int'l Consumer Products Expo to be held in Hainan
2022-07-21 20:54:12,Xinhua Commentary: China's anti-COVID measures safeguard rather than disrupt global supply
2022-07-21 21:52:39,JSQ freight vehicle leaves Chongqing for first pilot run to Moscow
2022-07-22 20:00:00,"Senior official urges enhanced protection of cultural relics, heritages"
2022-07-22 20:05:33,"Great Wall, a unique symbol of Chinese civilization | Stories shared by Xi Jinping "
2022-07-22 07:34:56,Water surface photovoltaic project begins grid-connected power generation in NE China
2022-06-06 08:18:04,24 Solar Terms: Grain in Ear
2022-06-20 08:55:04,"GLOBALink | See you again, Bayanbulak"
2022-06-21 07:36:44,24 Solar Terms: Summer Solstice
2022-07-07 07:14:05,24 Solar Terms: Lesser Heat
2022-07-20 19:46:30,China urges U.S. to stop looting Syrian national resources
2022-07-20 18:34:12,"Chinese, Sierra Leonean FMs discuss ties over phone"
2022-07-20 21:56:00,Chinese premier vows further efforts to deepen opening-up
2022-07-20 23:44:27,Vice premier stresses improving aquatic environment in north China
2022-07-20 10:05:00,Chinese mainland reports 108 new local confirmed COVID-19 cases
2022-07-21 23:27:14,China will act strongly if U.S. official insists on visiting Taiwan: FM spokesperson
2022-07-21 20:42:15,Substantial progress made in China-ROK FTA talks: official
2022-07-21 20:21:15,Indonesian president to visit China
2022-07-21 15:52:00,Interview: Turkish journalist refutes U.S. mud-slinging at China on Xinjiang
2022-07-21 22:20:57,"Senior CPC official urges preventing, defusing risks in united front work"
2022-07-21 21:57:57,"Registration for electoral councils to elect NPC deputies from HK, Macao concludes"
2022-07-21 14:57:45,Researchers find new solution for mixed-dimensional attapulgite clay utilization
2022-07-21 16:36:15,"Interview: Traditional Chinese culture a bridge between East, West, says scholar"
2022-07-22 20:00:00,"Senior official urges enhanced protection of cultural relics, heritages"
2022-07-22 18:04:46,
2022-07-22 23:48:45,China to boost effective demand for stronger economic recovery
2022-07-22 00:56:29,World Youth Development Forum opens in Beijing
2022-07-22 20:48:56,China's central SOEs invest more in R&D
2022-07-22 18:06:27,China steps up efforts to stabilize employment
2022-07-22 20:04:00,"African people know well who truly helps improve their well-being, says Chinese official"
2022-07-22 21:21:12,Middle route of China's mega diversion project offers 50 bln cubic meters of water
2022-07-22 21:19:30,Chinese institute develops underwater robot for deep-sea surveys
2022-07-22 00:56:30,Chinese vice premier urges high-quality development of education
2022-07-22 22:17:26,"HKSAR gov't appeals to support from residential care homes, healthcare in expediting vaccination"
2022-07-22 23:22:43,China improves cultural heritage preservation over past decade
2022-07-22 22:39:26,China urges Japan to stop hyping up security threats to justify its military build-up
2022-07-22 22:45:45,"China unveils measures to expand effective demand, boost economic recovery"
2022-07-22 11:51:56,Across China: ROK expert witnesses development of skydiving industry in China
2022-07-22 14:38:15,China Focus: Chinese scientists find gene boosting grain yield
2022-07-22 20:55:16,Ming Dynasty imperial edict found in north China
2022-07-22 20:56:15,China's cross-border services trade volume exceeds pre-pandemic level
2022-07-22 19:54:00,Xi congratulates Wickremesinghe on election as Sri Lankan president
2022-07-22 16:47:59,Medical reform in China eases financial burdens for patients
2022-07-22 21:12:15,"Macao reports no new community COVID-19 cases, eases restrictions"
2022-07-22 21:44:28,China to expand cash-pooling program to integrate currency management
2022-07-23 07:24:27, Chimelong Safari Park  in Guangdong helps animals fend off summer heat
2022-07-23 00:10:31,
2022-07-23 07:29:27,2022 China Int'l Travel Mart kicks off in Kunming
2022-07-23 00:00:46,
2022-07-23 07:24:26,"Latest achievements in building ""digital China"" displayed on 5th Digital China Summit "
