﻿2022-07-21 21:52:39,JSQ freight vehicle leaves Chongqing for first pilot run to Moscow
2022-07-22 18:34:26,Sri Lanka's new cabinet of ministers sworn in
2022-07-21 23:05:15,ECB kicks off rate-hiking cycle with a 50-bp increase
2022-07-21 20:36:12,ECB kicks off rate-hiking cycle with a 50-bp increase
2022-07-21 11:42:47,
2022-07-21 22:20:00,"Türkiye, Finland, Sweden to meet in August to assess compliance in NATO bid: Turkish FM"
2022-07-21 15:44:57,Indonesian president to visit China
2022-07-21 19:39:00,U.S. report on human trafficking inaccurate: Vietnam foreign ministry
2022-07-22 04:15:44,"Roundup: Draghi resigns, Italy to hold early elections on Sept. 25"
2022-07-22 18:22:27,"Malawi government, Huawei commission national data center"
2022-07-22 23:54:59,Deal to resume grain exports signed in Istanbul
2022-07-22 23:26:46,
2022-07-22 13:43:59,Dinesh Gunawardena sworn in as prime minister of Sri Lanka
2022-07-22 20:27:00,Turkish forces shoot down 2 drones targeting its military base in Iraq: official
2022-07-22 08:43:46,Empire of Hacking: U.S. is the Biggest Threat to Cyber Security
2022-07-22 05:39:42,Argentine president calls for strengthening Mercosur
2022-07-22 07:37:56,Brazilian Workers' Party officially launches presidential candidacy of Lula
2022-07-22 12:12:00,Rio police raid leaves 18 dead in favelas
2022-07-22 11:44:45,Portugal starts vaccination against Monkeypox
2022-07-22 13:13:00,Dinesh Gunawardena sworn in as prime minister of Sri Lanka
2022-07-22 01:05:31,"282 killed, over 200 injured as heavy rains continue to wreak havoc in Pakistan"
2022-07-22 01:00:30,Droupadi Murmu wins presidential election in India
2022-07-22 03:49:44,Roundup: BA.5 fuels another COVID-19 wave as U.S. infections surpass 90 mln
2022-07-22 00:59:27,Zimbabwean president optimistic about mining growth prospects
2022-07-22 23:14:41,Deal to resume grain exports signed in Istanbul
2022-07-22 15:17:30,African swine fever cases detected in southern Indian state
2022-07-22 20:40:12,"Thirty people killed in collision involving buses, car in northern Nigeria"
2022-07-22 23:31:41,Russia imposes restrictions on diplomatic missions of 5 European countries
2022-07-23 03:42:12,UN allocates 1 mln USD in emergency relief after Rift Valley Fever outbreak in Burundi
2022-07-23 00:32:56,"Black Sea grain exports agreement ""a beacon of hope"": UN chief"
2022-07-23 01:03:56,News Analysis: Resignation of Italy's Draghi could spark period of uncertainty
2022-07-23 05:25:26,Turkey detains 10 IS suspects in Istanbul
2022-07-23 03:16:15,"Black Sea grain exports agreement ""a beacon of hope"": UN chief"
2022-07-23 05:23:28,"Damascus accuses U.S. of obstructing security, stability in Syria"
2022-07-23 03:29:14,Lebanon's monkeypox cases reach 4
2022-07-23 00:30:57,"Biden's symptoms ""have improved"" after COVID-19 treatment: physician"
2022-07-23 05:20:30,Roundup: Historic deal to resume grain exports from Ukraine signed in Istanbul
2022-07-23 01:42:12,Kenya heightens security ahead of August polls
2022-07-23 05:46:30,UN voices concern over deadly clashes in Libya's Tripoli
2022-07-23 02:06:57,Feature: Ethiopia eyes ambitious tree planting initiative to curb adverse effects of climate change
2022-07-23 01:35:15,Hamza Shahbaz wins election to become chief minister of Pakistan's Punjab province
2022-07-22 23:46:45,Pakistani rupee hits record low against U.S. dollar amid economic challenges
2022-07-23 01:34:15,Indian state sees rising trend in swine flu cases
2022-07-23 06:14:30,Portugal registers lowest cereal production in decade: statistics
2022-07-23 05:23:30,Zelensky: Grain exports deal fully meets Ukraine’s interests
2022-07-23 05:20:30,Roundup: Historic deal to resume grain exports from Ukraine signed in Istanbul
2022-07-23 07:09:30,Mexican president confident of inflation control measures
2022-07-23 06:51:29,"News Analysis: U.S. markets end week on uptick, but gains pared"
2022-07-23 06:20:27,Universal Studios Hollywood unveils new attraction to tourists
