﻿2022-08-25 18:32:16,Belt and Road Initiative transforming Africa's development landscape: experts
2022-08-26 02:02:00,UN Mideast envoy calls for revival of real political process
2022-08-20 23:06:16,"EU's ""enhanced surveillance"" on Greek economy ends"
2022-08-21 09:07:30,"36 killed, 145 injured in rain spells across Pakistan in 24 hours"
2022-08-21 17:52:00,Japanese PM tests positive for COVID-19
2022-08-21 17:47:30,Japanese PM Kishida tests positive for COVID-19
2022-08-21 14:34:30,"Biden says slavery ""America's original sin"""
2022-08-21 03:38:45,Int'l community condemns hotel attack in Mogadishu
2022-08-22 19:12:15,Energy crisis deepens in Europe as extreme drought hits electricity output
2022-08-22 06:34:30,"Serbia to seek compromise solutions, protect Kosovo Serbs if NATO doesn't, says Vucic"
2022-08-22 09:33:45,U.S. first lady ends isolation after testing negative for COVID-19
2022-08-22 06:12:15,Portugal becomes fastest aging country in EU: Study
2022-08-23 07:02:00,"Four tourists killed, 16 injured in Peru road crash"
2022-08-23 21:38:00,40 pct of Iran's commercial air fleet grounded due to U.S. sanctions: official
2022-08-23 05:57:00,Three-quarters of voters say U.S. headed in wrong direction: poll
2022-08-23 04:28:00,Feature: Farmers across Europe struggling with record hot and dry summer
2022-08-23 19:51:30,Palestinians welcome Israeli-Turkish normalization: Turkish FM
2022-08-24 16:40:30,Thai Constitutional Court suspends Prayut's premiership
2022-08-24 01:51:15,U.S. officials knew they didn't have enough of key shot before monkeypox outbreak: media
2022-08-24 01:55:00,Germany's grain harvest increases despite drought
2022-08-24 07:17:15,LatAm to see low economic growth in 2022: UN agency
2022-08-24 20:10:45,Thai Constitutional Court suspends Prayut's premiership
2022-08-25 20:02:17,Türkiye detains 13 foreign IS suspects in Ankara
2022-08-25 02:48:45,AUC chief urges de-escalation amid renewed military confrontation in Ethiopia
2022-08-25 04:50:15,"Two dead, three injured in Washington, D.C. shooting"
2022-08-25 19:48:30,Sri Lanka allows property developers to resume import of tiles for non-profit purposes
2022-08-25 17:57:16,
2022-08-25 18:02:49,
2022-08-25 17:43:00,"Harsher abortion ban takes effect in U.S. state of Texas, fights expected to continue"
2022-08-25 00:39:15,World's first hydrogen-powered trains begin passenger service in Germany
2022-08-26 02:02:00,UN Mideast envoy calls for revival of real political process
2022-08-26 03:01:30,"Monkeypox cases spike in Americas, fall in Europe: WHO"
2022-08-26 05:50:45,UN voices concern over situation in Libya
2022-08-26 01:20:45,Ethiopia-Djibouti railway starts vehicle shipment
2022-08-26 05:59:15,Peru cuts GDP growth estimate to 3.3 pct in 2022
2022-08-26 05:26:45,UN plan for derelict oil tanker off Yemen receives donation from private sector
2022-08-26 03:57:30,Abbas declares 30-day state of emergency in West Bank to combat COVID-19
2022-08-26 05:38:15,2 drug smugglers killed in fire exchange in Kuwaiti waters
2022-08-26 03:58:30,"Feature: Syria's ""red gold"" pistachio production struggles with U.S. sanctions"
2022-08-26 02:58:15,"Namibia scraps COVID-19 vaccination proof, PCR test result requirement at entry for foreigners"
2022-08-26 04:33:45,"Ethiopia fuel theft jeopardizes aid, threatens increased malnutrition: UN"
2022-08-26 06:08:00,Roundup: France's Macron visits Algeria to ease tension
2022-08-26 01:02:00,Roundup: Chinese enterprises provide humanitarian aid to Pakistan's flood victims
2022-08-26 00:27:45,Beam erection channel of Jakarta-Bandung HSR completed
2022-08-26 00:16:30,"Road mishap leaves 9 dead, 14 injured in south India"
2022-08-26 05:25:15,Polish gov't to aid firms affected by Oder fish die-off
2022-08-26 05:07:00,"Interview: Energy crisis major blow, but European economies to adjust, says Italian economist"
2022-08-26 04:40:15,ICOM announces new definition of museum
2022-08-26 06:59:45,Fauci decries political polarization impeding U.S. COVID-19 response: media
2022-08-26 06:17:30,"U.S. consultation request over Mexico's energy policy ""foolish,"" says Mexican president"
2022-08-26 06:31:45,Mexico's central bank warns of rocky economic recovery
