﻿2022-05-08 09:28:15,"China's BRI projects greatly benefit Cambodian economy, people: officials, experts"
2022-05-14 19:50:13,Rwanda ends outdoor face masks wearing mandate as COVID-19 situation improves
2022-05-12 21:14:26,Sri Lankan president appoints new prime minister
2022-05-12 10:08:30,Most districts in major U.S. cities unaffordable to Black residents: The Guardian
2022-05-12 10:22:13,DPRK confirms first-ever COVID-19 case: state media
2022-05-12 21:42:43,"Former Croatian president hails 30 years of diplomatic ties between Croatia, China"
2022-05-12 23:35:13,"Biden says 1 mln American lives lost to COVID-19 ""a tragic milestone"""
2022-05-13 20:54:31,U.S. Senate confirms Powell to second term as Fed chair
2022-05-13 01:06:30,COVID-19 death toll in Europe tops 2 mln: WHO
2022-05-13 20:32:01,Grief of 1 million COVID deaths in U.S.
2022-05-13 16:46:13,"Mongolian president calls for efforts to secure food supply, security"
2022-05-13 12:33:58,"70 percent of Americans view inflation as ""very big problem:"" survey"
2022-05-13 02:22:28,News Analysis: EU inflation pushed by Ukraine crisis set to persist
2022-05-13 19:56:44,"Putin, Scholz discuss Ukraine crisis over phone"
2022-05-14 01:19:45,Chinese-built expressway to boost Kenya's tourism sector: official
2022-05-14 10:13:45,UN Security Council condemns killing of Al-Jazeera journalist in West Bank
2022-05-14 22:30:06,Hungarian president attends inauguration ceremony
2022-05-14 10:16:43,Colombia to drop mandatory face mask requirement in schools
2022-05-14 21:08:00,Mongolian president calls for planting more trees
2022-05-14 01:31:58,"Turkey not ""positive"" on letting Finland, Sweden join NATO: president"
2022-05-14 04:24:56,FAO chief calls on G7 to take steps on food shortages
2022-05-14 10:12:43,Brazil reports 139 more COVID-19 deaths
2022-05-14 19:18:27,Sheikh Mohamed bin Zayed Al Nahyan elected UAE president
2022-05-14 17:12:43,
2022-05-14 02:37:00,UN chief mourns death of UAE president
2022-05-14 19:36:43,Sri Lankan president appoints 4 ministers to new cabinet
2022-05-14 16:06:29,
2022-05-14 14:04:11,Cubans hold vigil to mourn victims of Hotel Saratoga explosion
2022-05-14 00:11:45,UAE leaders mourn passing of country's 2nd president
2022-05-14 20:20:42,Ukraine says in talks with Russia over evacuation of 60 people from Azovstal
2022-05-14 22:15:12,Finland's ruling Social Democratic Party backs NATO application
2022-05-14 06:12:15,"Tunisia, Egypt sign agreements to strengthen cooperation"
2022-05-15 03:07:30,"News Analysis: Finland, Sweden joining NATO are likely to have far-reaching implications"
2022-05-15 05:01:43,Yemeni gov't accuses Houthi rebels of attacking oil-rich Marib despite truce
2022-05-15 05:15:46,"S&P affirms Israel's AA- rating despite political, security risks"
2022-05-15 06:18:58,At least 10 killed in U.S. supermarket shooting
2022-05-15 05:41:46,"Hamas warns against Israeli settlers' plan to ""storm"" Al-Aqsa Mosque"
2022-05-15 01:48:31,"Roundup: Chinese-built expressway starts trial run in Nairobi, invigorating Kenyan capital's growth vitality"
2022-05-15 06:20:45,Egyptian students show language talents as Chinese Bridge contest concludes in Cairo
2022-05-15 05:41:47,81 illegal immigrants rescued off SE Tunisia
2022-05-15 00:33:27,India to set up 3 cruise training academies to address talent issues
2022-05-15 00:24:26,Roundup: Pakistan holds memorial service for Chinese teachers killed in Karachi terror attack
2022-05-15 01:15:28,China's handling of COVID-19 pandemic sets high standards for world: Pakistani FM
2022-05-15 03:38:45,Three Slovenian center-left parties ink coalition agreement before forming new government
2022-05-15 04:53:43,"15th ""Chinese Bridge"" language competition held in Bulgaria"
2022-05-15 05:48:43,Dutch art exhibition echoes ancient Chinese culture
2022-05-14 17:54:16,Xinhua Commentary: Lessons Wall Street Journal fails to learn from China's COVID-19 fight
2022-05-15 06:18:58,At least 10 killed in U.S. supermarket shooting
2022-05-15 06:31:43,"Biden briefed on ""horrific shooting"" in Buffalo: White House"
