﻿2022-09-01 22:05:47,Achievement Exhibition of China's Trade in Services held in Beijing
2022-09-01 07:28:04,Global Trade in Services Summit held in Beijing
2022-09-02 22:18:45,Roundup: China's top legislature concludes standing committee session
2022-09-02 00:06:00,Top legislature holds joint inquiry meeting to deliberate report on environmental protection law enforcement
2022-09-02 21:00:59,Residents in SW China's Chengdu provided with sufficient daily supplies
2022-09-03 00:28:30,Feature: Made-in-China Jakarta-Bandung high-speed trains debut on Indonesian soil
2022-06-20 08:55:04,"GLOBALink | See you again, Bayanbulak"
2022-06-21 07:36:44,24 Solar Terms: Summer Solstice
2022-07-07 07:14:05,24 Solar Terms: Lesser Heat
2022-07-23 07:29:03,24 Solar Terms: The Great Heat
2022-08-29 13:23:00,Feature: Italian fashion designer builds dream life on east China island
2022-08-31 21:58:45,Chinese political advisors discuss promotion of exchanges among all ethnic groups
2022-08-31 20:50:00,Millennia-old post office along ancient Silk Road to open to public
2022-08-31 18:29:00,Feature: Chinese ballet prince shines on top western stage
2022-08-31 22:33:45,"Top Chinese legislator calls for in-depth investigation, research from deputies"
2022-09-01 21:41:30,China's Shenzhou-14 astronauts conduct extravehicular activities
2022-09-01 22:11:15,Chinese vice premier stresses building low-carbon energy system
2022-09-01 23:12:46,China issues guideline to further promote national defense education
2022-09-01 22:21:30,Chinese premier stresses need to nurture higher-quality products
2022-09-01 20:55:15,China opposes U.S. abuse of export control measures: commerce ministry
2022-09-01 16:49:45,New COVID-19 resurgence in Taiwan on the way
2022-09-01 22:10:15,GLOBALink | China's Shenzhou-14 astronauts conduct extravehicular activities
2022-09-01 20:24:00,Supply of China's daily necessities generally sufficient: commerce ministry
2022-09-01 23:43:15,"Domestic, overseas press invited to cover 20th CPC national congress"
2022-09-01 23:29:30,China's Shenzhou-14 astronauts conduct extravehicular activities
2022-09-02 22:19:17,
2022-09-02 21:56:30,Beijing enters moderately aging society: report
2022-09-02 18:21:15,Taiwan issues typhoon warning as Hinnamnor nears
2022-09-02 20:52:00,"China Focus: China passes new law to fight telecom, online fraud"
2022-09-02 21:45:15,"China's State Council appoints, removes officials"
2022-09-02 19:20:00,Senior Chinese legislator calls for closer Belt and Road cooperation on TCM
2022-09-02 22:18:45,Roundup: China's top legislature concludes standing committee session
2022-09-02 20:24:15,Chinese smartphone brands dominate African market in Q2
2022-09-02 19:12:31,
2022-09-02 19:47:30,China's raw materials industry logs steady expansion over decade
2022-09-02 16:23:00,"Domestic, overseas press invited to cover 20th CPC national congress"
2022-09-02 22:13:45,"China, Nepal to enhance cooperation, boost ties"
2022-09-02 23:53:45,Across China: E-commerce helps create job opportunities in SW China
2022-09-02 10:05:02,"Guangdong, HKSAR gov't to set up 13 working groups"
2022-09-02 20:42:30,Digital trade key driving force of global trade recovery: officials
2022-09-02 22:18:15,Chinese FM addresses seminar on UN Convention on the Law of the Sea
2022-09-02 20:33:30,"China issues guideline to promote green, low-carbon development of Shandong Province"
2022-09-02 23:36:16,"China sees broader, better IT application in public health sector"
2022-09-02 11:03:18,"China passes new law to fight telecom, online fraud"
2022-09-02 01:36:00,China's Shenzhou-14 astronauts complete first extravehicular activities
2022-09-02 23:49:18,"Xinhua Headlines: ""Lying flat"" in COVID fight is bane for world"
2022-09-03 07:25:37,In pics: thematic exhibitions at CIFTIS
2022-09-03 07:31:37,"Jiangdong New Area in S China under construction with epidemic control, prevention measures"
2022-09-03 07:21:31,"National Great Craftsman Forum opens in Changsha, C China"
