﻿2022-08-02 00:12:45,"State councilor calls for all-out flood control, drought relief efforts"
2022-08-02 18:48:15,China-Europe freight train services see a sharp rise in July
2022-08-02 21:03:17,Digital technology transforms China's mountainous province
2022-08-03 20:51:17,China speeds up construction of Hainan Free Trade Port
2022-08-03 00:42:15,"Visit to Central Asian countries boosts stability, cooperation: Chinese FM"
2022-06-06 08:18:04,24 Solar Terms: Grain in Ear
2022-06-20 08:55:04,"GLOBALink | See you again, Bayanbulak"
2022-06-21 07:36:44,24 Solar Terms: Summer Solstice
2022-07-07 07:14:05,24 Solar Terms: Lesser Heat
2022-08-01 15:21:45,"Driven by sizzling sci-fi comedy, China's summer box office picks up speed"
2022-08-01 10:06:00,Intangible cultural heritage exhibition held in Xinjiang
2022-08-01 23:32:15,PLA not to sit idly by if Pelosi visits Taiwan: Chinese spokesperson
2022-08-02 00:05:00,China forbids COVID-19-related employment discrimination
2022-08-02 23:01:02,China is a firm supporter of UN: Chinese UN ambassador
2022-08-02 22:00:15,U.S. treachery on Taiwan question only to hurt its national credibility: Chinese FM
2022-08-02 17:20:15,"Chinese FM to attend meetings on East Asia cooperation, visit Cambodia"
2022-08-02 13:40:30,China renews yellow alert for high temperatures
2022-08-02 23:08:15,Notice authorized to be released by Xinhua News Agency
2022-08-02 00:56:45,Tajik president meets Chinese FM on boosting cooperation
2022-08-02 21:28:15,U.S. should take full responsibility for escalating tensions across Taiwan Strait: Chinese spokesperson
2022-08-03 20:26:15,"One month on, 6th-term HKSAR gov't earnestly addressing residents' concerns"
2022-08-03 16:08:00,"Wondrous Xinjiang: Chinese folk embroiderers learn from, inspire each other"
2022-08-03 16:05:30,World heritage site Huangshan Mountain attracts more tourists in July
2022-08-03 08:12:00,Chinese FM makes remarks on U.S. violation of China's sovereignty
2022-08-03 09:26:30,"Chinese mainland suspends entry of certain fruits, fish products from Taiwan"
2022-08-03 19:30:01,Macao loosens border restrictions with mainland as pandemic under control
2022-08-03 21:42:47,Zhujiajian scenic spot in E China boosts tourism with various seaside entertainments
2022-08-03 16:10:30,World Insights: Int'l community blasts Pelosi's visit to Taiwan
2022-08-03 17:07:16,
2022-08-03 12:36:15,"Tsai Ing-wen, DPP authorities to push Taiwan into disaster by colluding with foreign forces: spokesperson"
2022-08-03 17:26:17,
2022-08-03 20:52:00,BYD new-energy vehicle sales up 292 pct in Jan-July
2022-08-03 19:27:45,Commissioner's office of Chinese Foreign Ministry in HKSAR condemns Pelosi's visit to China's Taiwan
2022-08-03 17:47:15,China releases first national standard guiding equine acupuncture
2022-08-03 20:32:00,Taiwan's return to motherland a historical inevitability: Chinese FM
2022-08-03 13:01:45,"Chinese mainland suspends entry of certain fruits, fish products from Taiwan: Chinese customs"
2022-08-03 20:58:30,"World Insights: Overseas Chinese condemn Pelosi's visit to Taiwan, voice resolute support for China's reunification"
2022-08-03 20:24:45,BMW posts profitable H1 after Chinese JV consolidation
2022-08-03 18:18:45,Profile: Veteran astronaut accomplishing three spaceflights
2022-08-03 23:28:30,Spokesperson says protests in Taiwan against Pelosi's visit righteous acts
2022-08-03 19:41:30,Chinese observatory discovers two new near-Earth asteroids
2022-08-03 17:39:01,
2022-08-03 20:17:15,China records significant upward trend in surface temperatures: blue paper
2022-08-03 04:18:45,China summons U.S. ambassador over Pelosi's visit to Taiwan
2022-08-03 23:56:30,Pelosi's Taiwan visit has grave consequences: Commissioner's office of Chinese Foreign Ministry in Macao SAR
2022-08-03 20:34:00,Across China: Silent cafe brews opportunity for hearing-impaired
2022-08-03 20:53:45,China's service trade up 21.6 percent in H1
2022-08-04 02:20:45,Roundup: Political parties of various countries strongly oppose Pelosi's visit to China's Taiwan region
2022-08-04 03:03:45,"China to take resolute, strong, effective countermeasures to safeguard sovereignty and territorial integrity: FM spokesperson"
2022-08-04 00:00:45,Tsai Ing-wen's words confound right and wrong: mainland spokesperson
2022-08-04 02:34:15,Cambodian PM meets with China's Wang Yi
2022-08-04 02:49:15,PLA Eastern Theater Command conducts joint exercises around Taiwan Island
2022-08-04 01:36:30,Taiwan resident suspected of endangering national security detained in E China
