﻿2022-06-13 20:40:15,China launches national energy-saving week
2022-06-13 00:20:31,"China's vision for regional order offers new idea for safeguarding peace, stability in Asia-Pacific"
2022-06-14 17:18:38,China activates level-III emergency response for flooding
2022-06-14 19:28:16,China's industrial economy grows leaps and bounds in past decade
2022-06-14 09:10:14,Jakarta-Bandung HSR No. 4 casting yard completes box girders erection
2022-06-14 00:00:16,Top Chinese legislator stresses rule of law for beautiful China
2022-04-20 07:23:15,24 Solar Terms: Grain Rain
2022-05-14 09:58:19,
2022-05-29 13:05:59,
2022-06-06 08:18:04,24 Solar Terms: Grain in Ear
2022-06-12 19:48:16,Heavy rains affect over 1.4 mln in China's Guangxi
2022-06-12 14:48:14,Ancient water conservancy facilities discovered in central China
2022-06-12 21:02:16,China issues orange alert for mountain torrents
2022-06-12 21:02:14,Beijing registers 33 confirmed local COVID-19 infections
2022-06-13 23:45:00,Spokesperson denounces deceitful statements of DPP
2022-06-13 21:15:28,Hong Kong keeps tracing COVID-19 through sewage surveillance
2022-06-13 21:00:29,Chinese vice premier urges solid efforts to contain COVID-19 in Beijing
2022-06-13 14:13:00,New findings at China's Sanxingdui Ruins stun archaeologists
2022-06-13 23:15:00,Chinese vice premier urges solid efforts to contain COVID-19 in Beijing
2022-06-13 20:48:30,China activates level-III emergency response for flooding
2022-06-13 23:49:00,Chinese FM meets New Zealand counterpart
2022-06-13 20:43:29,Construction of world's highest planetarium begins in Lhasa
2022-06-14 23:53:02,
2022-06-14 14:22:14,6.5 mln master's degrees awarded in China over past decade: ministry
2022-06-14 19:53:44,"Chinese Wisdom in Xi's Words: Overcome hardest part, pursue highest target"
2022-06-14 17:58:14,"China plays key role in securing energy security in Cambodia: officials, academics"
2022-06-14 23:54:44,Across China: Judicial innovations arouse public environmental awareness
2022-06-14 23:26:06,
2022-06-14 14:12:14,Profile: Sudanese student aims to use Chinese solutions for powering agriculture in Africa
2022-06-14 06:13:45,Senior Chinese diplomat meets U.S. national security advisor
2022-06-14 23:38:45,Chinese researchers explore new artificial glacier melt reduction method
2022-06-14 21:03:58,China to boost IP pledge financing to support enterprises
2022-06-14 11:47:00,Shaanxi to hold 17 Belt and Road classic competitions in 2022
2022-06-14 22:20:46,
2022-06-14 22:10:29,China's outstanding yuan funds for forex drops in May
2022-06-14 21:02:00,"Forum on ""future-oriented cooperation"" among China, Japan, S.Korea held in Seoul"
2022-06-14 00:00:16,Top Chinese legislator stresses rule of law for beautiful China
2022-06-14 21:26:04,Duohua super major bridge under construction in SW China's Guizhou
2022-06-14 20:40:00,Sulfate aerosols contribute to terrestrial extinction 250 mln yrs ago: study
2022-06-14 11:31:44,"China to work with other WTO members to tackle plastic pollution, says Chinese envoy"
2022-06-14 21:42:15,China's ecosystem improved greatly since 2012: minister
2022-06-14 17:13:15,China's deep space exploration laboratory starts operation
2022-06-14 20:59:00,China's Shenzhen sees trade grow with RCEP members
2022-06-14 20:26:45,China adds 6.5 mln master's graduates in 10 years
2022-06-14 20:23:45,China has reaped over 80 pct of wheat
2022-06-14 13:38:58,Feature: Shedding light on Chinese shadow puppetry
2022-06-14 21:37:58,Hong Kong keeps tracing COVID-19 through sewage surveillance
2022-06-15 08:35:30,"Shanghai reports 13 confirmed, 2 asymptomatic local COVID-19 cases"
2022-06-15 07:23:37,Supermoon lights up night sky in China
2022-06-15 00:21:45,Vice premier stresses studying Xi's discourses on rural work
2022-06-15 00:02:44,China mulls recognition of 18 new professions
2022-06-15 09:04:45,Across China: Ancient dwellings in northwest China get new lease of life
