﻿2022-04-01 03:20:16,Russia creates working groups to probe U.S.-controlled biolabs in Ukraine
2022-03-30 21:51:46," Blast kills 1, wounds another in N. Afghanistan"
2022-03-30 13:59:15,"World Insights: Russia-Ukraine talks ""constructive"" to settle conflict"
2022-03-30 13:11:56,Roundup: How the U.S. cranks up its information war in the Russia-Ukraine conflict
2022-03-30 09:46:43,"Interview: International probe into U.S.-led biolabs in Ukraine needed, says former UN weapons inspector"
2022-03-31 06:46:46,Portugal's new government sworn in
2022-03-31 19:44:31,UN migration agency opens security academy in Lebanon
2022-03-31 04:25:30,"Egypt, Ukraine leaders discuss Russia-Ukraine peace talks over phone"
2022-03-31 02:27:15,"Ukraine confirms partial withdrawal of Russian troops from Kiev, Chernihiv directions"
2022-03-31 03:45:31,"Roundup: Biden says pandemic not over, receives 2nd COVID-19 booster shot"
2022-03-31 05:13:26,COVID-19 virus likely continues to evolve but severity reduces over time: WHO
2022-03-31 22:49:47,"Russia to terminate gas supply contracts if ""unfriendly"" buyers refuse to pay in rubles"
2022-03-31 05:34:45,OPEC chief urges global leaders to ensure unhindered energy flow
2022-03-31 09:26:18,"Media report warns of violence, conflicts ahead of U.S. midterm elections"
2022-04-01 07:58:16,UN Security Council endorses reconfiguration of AU mission in Somalia
2022-04-01 07:52:16,Alicia Barcena wraps up nearly 14 years as ECLAC head
2022-04-01 18:53:00,
2022-04-01 16:15:03,"GLOBALink | China-Europe freight trains see constant growth, show bright prospects of BRI"
2022-04-01 11:59:11,"Interview: Russia-Ukraine conflict poses new challenge to global food security, says FAO official"
2022-04-01 16:02:15,"Governor says Ukrainian helicopters attack oil depot in Russia, causing fire"
2022-04-01 19:51:03,
2022-04-01 13:47:41,"3 killed, 1 injured in midair collision of S. Korean trainer jets"
2022-04-01 10:20:01,"Biden announces ""historic"" oil reserve release amid elevated gas prices"
2022-04-01 15:30:17,Xinhua Commentary: Why is U.S. a war-hungry nation?
2022-04-01 04:52:12,Italy ends two-year COVID-19 state of emergency
2022-04-01 00:40:16,"Update: Russia to terminate gas supply contracts if ""unfriendly"" buyers refuse to pay in rubles"
2022-04-02 06:48:30,Brazil registers record trade surplus in March
2022-04-02 06:43:26,Venezuelan foreign minister asks Swedish counterpart to stop intervening in internal affairs
2022-04-02 05:17:29,Feature: Turkey launches horticulture expo showcasing green cities
2022-04-02 05:26:29,Iraq's oil export revenue hits monthly high since 1972: ministry
2022-04-02 03:19:13,UN chief welcomes Yemen truce agreement
2022-04-02 04:18:14,"China, like-minded countries call for efforts to promote economic, social, cultural rights amid COVID-19"
2022-04-02 04:59:15,Security Council voices concern over peacekeeping helicopter crash in DRC
2022-04-02 05:18:32,Border measures ease in Canada amid new COVID-19 variant
2022-04-02 04:02:16,Feature: Palestinians prepare for Ramadan amid increasing prices of goods
2022-04-02 06:10:26,Ecuador detects 3 more Omicron subvariant BA.2 cases
2022-04-02 03:02:00,First UN aid convoy in 3 months enters war-ravaged northern Ethiopia
2022-04-02 03:59:14,Feature: Ramadan lantern sales in Egypt boom as demand goes high
2022-04-02 05:02:33,Algeria's energy giant Sonatrach earmarks 40 bln USD in investment over 5 years
2022-04-01 23:20:47,Int'l tourists to Cambodia up 114 pct in Q1: official
2022-04-01 23:27:46,Japan's new vehicle sales drops for 3rd consecutive year amid COVID-19
2022-04-01 23:05:46,"2 killed, 8 injured in car bomb blast in western Afghanistan"
2022-04-02 03:46:15,Bulgaria expels Russian diplomat
2022-04-02 04:05:16,Dutch inflation hits highest level since 1975
2022-04-02 03:15:16,"Putin, Erdogan discuss Ukraine issue over phone"
2022-04-02 07:07:31,U.S. unemployment drops to 3.6 pct in March amid tight labor market
2022-04-02 06:39:29,U.S. cancels ICBM test amid conflict in Ukraine
2022-04-02 07:32:26,Most residents in U.S. California favor continuing COVID-19 restrictions: survey
