﻿2022-08-23 19:26:16,China urges intensified efforts to secure autumn harvest amid heatwaves 
2022-08-23 22:41:15,Chinese premier meets Dutch PM on bilateral ties
2022-08-24 20:50:58,Mile-Mengzi high-speed railway in SW China's Yunnan starts test run
2022-08-24 23:38:00,"China, Türkiye vow to strengthen parliamentary cooperation"
2022-08-25 18:32:16,Belt and Road Initiative transforming Africa's development landscape: experts
2022-08-25 21:19:45,China advances to tank biathlon final in int'l army games
2022-08-25 22:02:15,"Solid progress made in employment, social security during past decade"
2022-08-25 19:00:00,"Premier Li says China ready to work with ROK to promote healthy, stable bilateral ties"
2022-06-20 08:55:04,"GLOBALink | See you again, Bayanbulak"
2022-06-21 07:36:44,24 Solar Terms: Summer Solstice
2022-07-07 07:14:05,24 Solar Terms: Lesser Heat
2022-07-23 07:29:03,24 Solar Terms: The Great Heat
2022-08-22 22:46:45,2022 Zhongguancun Forum opens media registration
2022-08-23 23:52:00,Chinese vice premier calls for enhancing China-ASEAN education cooperation
2022-08-23 20:51:15,"Xinhua Commentary: U.S.-Taiwan collusion illegitimate, unjustifiable"
2022-08-23 21:37:15,Top political advisor meets with Chinese Catholic leaders
2022-08-23 09:36:00,Feature: Ancient Roman exhibition in Beijing -- a dialogue between civilizations
2022-08-23 23:43:00,Spokesperson deplores Japanese politicians' Taiwan visits
2022-08-24 22:53:00,Energy particle detector helps Shenzhou-14 crew conduct EVAs
2022-08-24 22:23:00,Top political advisor highlights implementation of employment-first policy
2022-08-24 19:35:00,China will provide Pakistan with additional flood relief aid: spokesperson
2022-08-24 21:33:45,China to unveil more supportive policies to cement economic recovery
2022-08-24 23:19:45,"China to build on policy package for stabilizing economy to firm up foundation for recovery, growth"
2022-08-24 18:58:00,"China Focus: China goes all out for flood control, drought relief"
2022-08-24 23:27:15,China makes significant progress in cultural relic protection
2022-08-24 17:34:15,China renews orange alert for drought
2022-08-25 22:45:00,HKUST scientists identify key blood protein for simpler treatment for Alzheimer's disease
2022-08-25 21:19:45,China advances to tank biathlon final in int'l army games
2022-08-25 23:47:45,"China urges U.S., Britain, Australia to reverse decisions on nuclear submarine cooperation"
2022-08-25 19:48:31,Xi Story: Supporting sci-tech innovation from a spark to space
2022-08-25 23:56:45,China requires tighter internal control of wealth management companies
2022-08-25 18:08:31,
2022-08-25 21:03:15,"China Focus: Solid progress made in employment, social security during past decade"
2022-08-25 16:51:00,Xi Focus-Closeup: Supporting sci-tech innovation from a spark to space
2022-08-25 23:56:15,Three Tokyo Olympic champions lead China's roster for rifle & pistol worlds
2022-08-25 22:50:30,Hong Kong's external trade records decrease in July
2022-08-25 20:43:30,"Chinese premier stresses importance of agricultural science, technology"
2022-08-25 20:29:03,Chinese envoy warns of dangers of new Cold War
2022-08-25 12:02:30,Typhoon Ma-on makes landfall in south China's Guangdong Province
2022-08-25 22:14:30,Chinese armed police to host int'l counter-terrorism forum
2022-08-25 23:47:15,Chinese troops take part in Vostok-2022 strategic drills in Russia
2022-08-25 16:37:33,World Heritage in China: Yin Xu
2022-08-25 20:06:00,Chinese researchers propose new strategy for bone loss treatment
2022-08-25 21:41:00,Chinese court upholds death sentence of U.S. citizen convicted of murder
2022-08-25 22:09:45,Economic Watch: China consolidates recovery momentum with new measures
2022-08-25 18:47:33,
2022-08-25 22:20:30,China's water transport investment maintains robust growth
2022-08-25 18:30:00,"Spokesperson denounces DPP's attempts to pursue ""Taiwan independence"" by soliciting external support"
2022-08-25 22:01:45,"China Focus: Plasma detector, a watcher on China's space station"
2022-08-25 01:06:00,Chinese FM attends reception marking 30th anniversary of China-ROK ties
2022-08-25 19:54:15,Xi sends congratulatory letter to 5th Forum on China-Africa Media Cooperation
2022-08-25 21:02:51,Dunhuang Art Exhibition to open in Beijing
2022-08-26 07:30:34,"Scenery of Xingping Town in Yangshuo County of Guilin, S China"
2022-08-26 07:26:47,Scenery of Minjiang River estuary wetland in SE China
