﻿2022-03-07 17:34:15,Land-sea trade corridor facilitates car imports from Middle East to China
2022-03-10 04:00:15,Russia urges U.S. to explain purpose of biological labs in Ukraine
2022-03-07 21:57:31,"Russia, Ukraine to hold 3rd round of talks on Monday"
2022-03-07 22:03:45,"Putin, EU leader discuss humanitarian issues in Ukraine over phone: Kremlin"
2022-03-07 22:30:58,Third round of Russia-Ukraine talks kicks off: Russian media
2022-03-08 06:34:13,Three teens in critical condition after shooting outside high school in U.S. Iowa
2022-03-08 14:55:13,UN relief chief outlines immediate humanitarian priorities for Ukraine
2022-03-08 13:24:45,"One dead, two in critical condition after shooting outside U.S. high school"
2022-03-08 20:55:30,One third of hi-tech workers in Israel are women: report
2022-03-08 22:02:16,Economic Watch: High volatility seen in commodity prices amid Ukraine crisis
2022-03-08 13:48:45,No breakthrough in third round of Russia-Ukraine talks
2022-03-08 10:34:58,EU to work on reducing energy dependence on Russia: EC president
2022-03-08 19:24:16,"Russia introduces ""silence regime"" in Ukraine for safe evacuation of civilians"
2022-03-08 04:03:02,"Russia, Ukraine end 3rd round of peace talks with no significant results"
2022-03-08 06:14:13,Dow plunges nearly 800 points as Ukraine jitters linger
2022-03-09 10:51:45,5.0-magnitude quake hits West Chile Rise -- USGS
2022-03-09 19:35:27,"Israel's president flies to Turkey to ""restart"" ties"
2022-03-09 17:34:47,GLOBALink | Latest on Russia-Ukraine conflict: U.S. imposes energy embargo on Russia
2022-03-09 06:59:01,Polls begin to pick new South Korean president
2022-03-09 12:02:47,Racial disparities remain in U.S. physics graduates: report
2022-03-09 07:07:00,U.S. federal budget deficit reaches 475 bln USD in first five months of FY 2022: CBO
2022-03-09 16:30:46,
2022-03-09 11:46:45,NATO countries use Ukraine crisis to pursue militaristic projects: report
2022-03-10 02:56:43,Austria suspends obligatory vaccination despite record infection numbers
2022-03-10 07:44:13,9 people shot dead in central Mexico
2022-03-10 06:04:01,Iraq's oil supply compatible with global demand: statement
2022-03-10 07:07:16,Ecuadorian president travels to Chile for Boric's presidential inauguration
2022-03-10 06:59:13,"China, like-minded countries concerned by violation of children's rights at immigration detention centers"
2022-03-10 05:33:00,Turkey ready for energy cooperation with Israel: president
2022-03-10 00:23:31,"Romania lifts all COVID-19 restrictions, exits state of alert"
2022-03-10 03:17:45,UN envoy continues consultations with Yemen's political parties
2022-03-10 03:35:46,"UN chief denounces ""scandalously unequal"" vaccine distribution"
2022-03-10 06:39:00,Peru's Congress approves president's new cabinet
2022-03-10 06:33:00,Several deaths in Abyei intercommunal fighting: UN
2022-03-10 07:03:15,Dow rebounds over 650 points as investors eye latest conflict in Ukraine
2022-03-10 06:12:00,"Biden signs executive order on cryptocurrencies, places urgency on research of digital dollar"
2022-03-10 03:07:46,"FMs of Egypt, Jordan, Palestine discuss Palestinian-Israeli issue"
2022-03-10 02:21:45,"2 dead, 5 missing in boat sink off Moroccan coast"
2022-03-10 02:35:45,Uganda ranks fifth in Absa Africa Financial Markets Index 2021
2022-03-10 03:25:43,Urgent: Yoon Suk-yeol of opposition party wins S.Korean presidential election -- Yonhap
2022-03-10 05:59:58,Yoon Suk-yeol elected S.Korean president amid people's aspiration for transfer of power
2022-03-10 04:02:47,1st LD-Writethru: Yoon Suk-yeol of opposition party wins S.Korean presidential election
2022-03-10 01:50:45,Belgium to lift quarantine requirement for COVID-19 close contacts
2022-03-10 02:11:45,German gov't to lift ban on advertising for abortions
2022-03-10 00:53:30,Over half a million London renters face eviction as arrears spiral
2022-03-10 06:58:16,"Canada, U.S. have joint Arctic military exercises"
2022-03-10 02:47:45,Roundup: World's first pig-to-human heart transplant patient dies
2022-03-10 03:40:45,COVID-19 public health restrictions being lifted in Canada
