﻿2022-07-14 23:12:41,"Chinese premier stresses consolidating recovery, stabilizing economy"
2022-07-15 23:38:45,"Senior CPC leader stresses consolidating ethnic unity, religious harmony"
2022-07-15 19:06:11,"Chinese scientists sequence genome of 14,000-yr-old human"
2022-07-16 21:41:02,
2022-07-16 19:52:15,Xi Focus: Advancing construction of Silk Road Economic Belt core area
2022-07-16 21:56:27,
2022-06-06 08:18:04,24 Solar Terms: Grain in Ear
2022-06-20 08:55:04,"GLOBALink | See you again, Bayanbulak"
2022-06-21 07:36:44,24 Solar Terms: Summer Solstice
2022-07-07 07:14:05,24 Solar Terms: Lesser Heat
2022-07-14 22:10:45,"Chinese premier stresses consolidating recovery, bringing economy back on track"
2022-07-14 16:42:15,"1,900-year-old celadon kiln site found in central China's Hunan"
2022-07-14 22:15:42,"China, Cambodia intergovernmental committee holds meeting via video"
2022-07-14 15:12:57,Indian gov't announces free booster doses as COVID-19 cases spike
2022-07-14 21:05:15,"Chinese FM spokesperson refutes ""debt trap"" claim"
2022-07-14 16:42:16,Across China: Rural women weave in prosperous lives through embroidery
2022-07-14 22:37:45,Chinese premier pledges to ease burden of receiving medical treatment
2022-07-14 19:00:44,"China, Pacific island countries vow to strengthen cooperation"
2022-07-14 21:31:29,China to build international agricultural breeding center in Hainan
2022-07-14 20:11:59,China to make all-out efforts to ensure autumn harvest: official
2022-07-15 20:59:42,China has been paying close attention to difficulties in Sri Lanka: FM spokesperson
2022-07-15 09:42:00,Chinese mainland reports 64 new local confirmed COVID-19 cases
2022-07-15 21:17:03,Across China: Energy powerhouse speeds up shift to green strategy
2022-07-15 09:00:00,"1,900-year-old celadon kiln site found in central China's Hunan"
2022-07-15 20:10:12,"Xi stresses implementing Party's policies on Xinjiang, highlights stability, security"
2022-07-15 23:59:45,"China urges U.S., West to stop interfering in Middle East"
2022-07-15 19:21:11,China Focus: Feathers help dinosaurs dominate Jurassic period: study
2022-07-15 17:11:00,"China, Singapore vow to deepen cooperation"
2022-07-15 23:22:45,HKSAR gov't to boost Hong Kong sci-tech development at full steam: chief executive
2022-07-15 22:40:15,Chinese vice premier stresses development of rural industries
2022-07-16 12:43:11,Chinese envoy calls for fundamental adjustment of mandate of UN Haiti mission
2022-07-16 22:12:39,"Lotus ponds in Jinan, E China's Shandong"
2022-07-16 21:03:00,"Over 178,000 people in Hong Kong take 4th dose of COVID-19 vaccines"
2022-07-16 22:19:14,"Chinese vice premier stresses green, high-quality development"
2022-07-16 22:48:15,Xi Jinping's inspection tour of Xinjiang
2022-07-16 10:16:56,Chinese mainland reports 75 new local confirmed COVID-19 cases
2022-07-16 22:33:15,Sales of Chinese-brand cars jump 43.1 pct in June
2022-07-16 22:21:22,Rice harvested in C China's Hunan
2022-07-16 22:20:14,Chinese Academy of Sciences issues certificates to 65 new academicians
2022-07-16 09:15:45,Chinese mainland reports 75 new local confirmed COVID-19 cases
2022-07-16 22:10:30,
2022-07-16 22:20:46,
2022-07-16 12:29:15,Shanghai-Taipei city forum scheduled on July 19
2022-07-16 23:32:30,Top legislator highlights ecological protection on Qinghai-Tibet Plateau
2022-07-16 21:51:00,Chinese FM expresses sympathy to Pakistani FM over suffering caused by floods in Pakistan
2022-07-16 16:24:46,China's shipbuilding sector continues to lead in global market
2022-07-16 07:33:30,Chinese envoy calls for better rule of law to boost sustainable development of oceans
2022-07-16 21:10:56,"Chinese state councilor stresses workplace safety, flood relief"
2022-07-16 07:33:27,China launches two new satellites
2022-07-16 22:32:12,China's financial sector GDP up 5.9 pct in Q2
2022-07-16 22:34:12,China's Anhui sees foreign trade up 13.7 pct in H1
2022-07-16 21:56:27,
