﻿2022-03-15 16:58:00,China-Bangladesh trade to resume growth: Chinese ambassador
2022-03-16 02:12:11,Biden's handling of U.S. economy met with record disapproval: poll
2022-03-13 20:32:02,Zambia announces official program for funeral of ex-leader
2022-03-13 18:27:31,Tongan PM isolated at home after testing positive for COVID-19
2022-03-14 06:04:00,"Russia, Ukraine to hold online negotiations on Monday"
2022-03-14 20:07:29,Greek PM tests positive for COVID-19
2022-03-14 06:15:45,Former U.S. President Barack Obama tests positive for COVID-19
2022-03-14 19:06:12,"Ukraine seeking ceasefire, troop withdrawal at talks with Russia"
2022-03-15 10:57:30,Overdose death rate for U.S. Black population higher than white: study
2022-03-15 20:35:00,Lebanese PM urges UN for support amid food security concerns
2022-03-15 20:54:01,Ukrainian president proposes extending martial law
2022-03-15 06:06:45,"U.S. Fed expected to raise rates this week amid skyrocketing inflation, Ukraine conflict"
2022-03-15 12:56:01,Inequities in U.S. worsened by COVID-19: The Guardian
2022-03-15 23:31:02,
2022-03-15 06:54:59,"Euro area fiscal policy to remain ""agile and flexible"" amidst Russia-Ukraine conflict"
2022-03-15 06:51:00,Argentine fuel prices jump over 10 pct
2022-03-15 23:55:59,"Russia imposes sanctions on top U.S. officials, including Biden, Blinken"
2022-03-15 23:25:00,"NATO ""open door"" policy not works for Ukraine: Zelensky"
2022-03-15 22:34:46,
2022-03-15 10:50:30,Britain to remove all remaining COVID travel measures
2022-03-15 20:34:58,"Ukrainian, Russian delegations resume peace talks: Ukrainian negotiator"
2022-03-15 09:08:56,Russia-Ukraine peace talks continue daily: head of Russian delegation
2022-03-16 10:52:52,Hungarian PM delivers speech on Hungary's national holiday
2022-03-16 06:48:41,COVID cases back on rising as European countries relaxes pandemic restrictions
2022-03-16 05:39:30,"Israel's inflation rate in February hits 3.5 pct, highest in decade"
2022-03-16 05:34:29,Brazil confirms first two cases of Deltacron coronavirus variant
2022-03-16 07:05:29,Russia launches procedure to quit Council of Europe
2022-03-16 06:16:30,Biden withdraws Fed official nomination after key Democrat voices opposition
2022-03-16 05:13:30,"65,000 foreign employees benefit from Saudi Arabia's labor reforms: ministry"
2022-03-16 03:35:15,Iran says ball in U.S. court for conclusion of Vienna talks
2022-03-16 06:40:26,"Ukraine, Russia to continue peace talks on Wednesday: Ukrainian negotiator"
2022-03-16 00:32:57,"Vietnam, Sierra Leone agree to boost cooperation"
2022-03-16 05:28:30,Dow jumps nearly 600 points as tech stocks rally
2022-03-16 07:20:45,"UN chief voices concern over missile attack in Erbil, Iraq"
2022-03-16 04:28:15,China regrets U.S. push for human rights language in Security Council resolution on South Sudan
2022-03-16 05:12:30,Chile's COVID-19 cases down 37 pct in 2 weeks
2022-03-16 02:02:15,"Putin, EU leader discuss Ukraine over phone: Kremlin"
2022-03-16 06:48:47,UN system on track to gender parity: Guterres
2022-03-16 07:37:15,Algeria experiences squally winds in Algiers
2022-03-16 07:50:22,Namibia's annual inflation rate in February increases by 4.5 pct
2022-03-16 10:39:14,Gunmen kill 10 in central Nigeria: police
2022-03-16 10:34:14,AI-powered app to protect Australia from invasive stink bugs
2022-03-16 10:08:18,"New Zealand reports 19,542 new COVID-19 community cases"
2022-03-16 09:58:16,"New Zealand reopens border for tourism, economic recovery"
2022-03-16 10:52:50,Hungarian PM delivers speech on Hungary's national holiday
2022-03-16 08:54:59,Facts about Russia-Ukraine conflict: Ukrainian negotiator says to continue peace talks
2022-03-16 10:08:05, Moscow mayor cancels mask requirement in public places
2022-03-16 06:44:30,U.S. Vice President Kamala Harris tests negative for COVID-19 despite husband's infection
2022-03-16 05:28:30,Dow jumps nearly 600 points as tech stocks rally
2022-03-16 06:39:30,"Amazon commits 124 mln USD to create over 1,000 affordable homes"
