﻿2022-03-28 14:26:15,"Way of life -- Chinese company builds new roads, new lives in Sri Lanka "
2022-03-31 03:00:16,"Biden says U.S. to give Ukraine 500 mln USD in ""direct budgetary aid"""
2022-03-29 10:17:15,"U.S. watchdog warns of ""oppressive conditions"" in prisons under pandemic-driven lockdowns"
2022-03-29 22:52:14,New round of Russia-Ukraine talks end in Istanbul
2022-03-29 14:36:01,Feature: U.S. freezing of Afghan assets undermines small businesses in Afghanistan
2022-03-29 09:55:00,Salvadoran police arrest 576 in fight against homicides
2022-03-29 20:04:15,Nigeria suspends Abuja-Kaduna train service following attack
2022-03-29 22:04:01,UN helicopter crashes in NE DR Congo
2022-03-29 13:39:31,"1st Havana Local Development Fair kicks off to boost interaction between state, non-state sectors"
2022-03-29 08:14:45,Guest Opinion: What has Europe lost from the Ukraine crisis?
2022-03-29 21:23:59,UN helicopter missing in DR Congo
2022-03-29 20:06:12,"Russian military to significantly reduce hostilities near Kiev, Chernihiv"
2022-03-30 21:51:46," Blast kills 1, wounds another in N. Afghanistan"
2022-03-30 19:05:02,UN-Habitat initiates new award to spur urban sustainable development
2022-03-30 13:59:15,"World Insights: Russia-Ukraine talks ""constructive"" to settle conflict"
2022-03-30 01:59:32,Roundup: FDA authorizes second COVID-19 booster doses for vulnerable groups
2022-03-30 16:36:48,
2022-03-30 18:47:18,
2022-03-30 23:36:01,Zimbabwe's 2022 tobacco selling season starts
2022-03-30 06:20:16,Ecuadorian president warns of ruling by decree to circumvent Congress
2022-03-30 10:48:01,World Insights: Health officials say U.S. running out of money to fight COVID-19
2022-03-30 01:24:29,U.S. COVID-19 cases surpass 80 mln -- Johns Hopkins University
2022-03-30 13:11:56,Roundup: How the U.S. cranks up its information war in the Russia-Ukraine conflict
2022-03-30 09:46:43,"Interview: International probe into U.S.-led biolabs in Ukraine needed, says former UN weapons inspector"
2022-03-31 04:03:30,"Russia redeploys troops from Kiev, Chernihiv directions to east: Ukraine's security chief"
2022-03-31 06:46:46,Portugal's new government sworn in
2022-03-31 05:26:45,23 countries yet to fully reopen schools after COVID-19 closings: UNICEF
2022-03-31 04:25:30,"Egypt, Ukraine leaders discuss Russia-Ukraine peace talks over phone"
2022-03-31 01:10:16,Laos calls for cooperation among ASEAN to curb COVID-19 pandemic
2022-03-31 02:27:15,"Ukraine confirms partial withdrawal of Russian troops from Kiev, Chernihiv directions"
2022-03-31 03:45:31,"Roundup: Biden says pandemic not over, receives 2nd COVID-19 booster shot"
2022-03-31 05:13:26,COVID-19 virus likely continues to evolve but severity reduces over time: WHO
2022-03-31 06:54:46,Global Entrepreneurship Congress in Saudi Arabia attracts 13.8-bln-USD investments
2022-03-31 05:51:30,"Thousands of Palestinians rally in West Bank, Gaza to mark Land Day anniversary"
2022-03-31 05:24:31,Saudi-led coalition refutes allegations on human rights violations in Yemen
2022-03-31 05:34:45,OPEC chief urges global leaders to ensure unhindered energy flow
2022-03-31 05:20:16,"Biden says pandemic not over, receives 2nd COVID-19 booster shot"
2022-03-31 06:53:41,Roundup: U.S. top diplomat wraps up Mideast tour in Algeria
2022-03-31 05:24:29,Tunisian president dissolves parliament after 8-month suspension
2022-03-31 06:54:46,Tunisia foils 4 illegal immigration attempts off eastern shore
2022-03-30 23:58:00,Roundup: Brunei revises cross-border air travel policies with reactivated Green List
2022-03-31 00:14:00,2.2 mln doses of Sinovac COVID-19 vaccines arrive in Myanmar
2022-03-31 01:10:16,Laos calls for cooperation among ASEAN to curb COVID-19 pandemic
2022-03-31 06:46:46,Portugal's new government sworn in
2022-03-31 06:19:44,Portugal's 16.6 bln euro recovery plan to boost economic cooperation with China
2022-03-31 06:16:45,Lithuania's annual inflation in March hits highest in 28 years
2022-03-31 07:11:45,Cuba reports 814 new COVID-19 cases
2022-03-31 06:26:41,U.S. crude oil production up last week: EIA
2022-03-31 06:32:44,"Roundup: U.S. crude supplies up, other petroleum data mixed"
