﻿2022-04-16 03:02:15,"Biden policies believed to be disaster amid rising inflation, falling approval rating: article"
2022-04-14 19:04:13,China's Xi'an launches new freight train service to Europe
2022-04-14 11:38:15,Russian defense ministry says missile cruiser of Black Sea fleet damaged by blast
2022-04-14 21:36:45,African lobby launches award for excellence in climate reporting
2022-04-14 19:27:59,U.S. gov't under pressure from airlines to let mask rule lapse: The Financial Times
2022-04-14 21:16:45,"Singapore finance minister endorsed as leader of ruling party's ""4G"" team, paving way to next PM"
2022-04-14 20:01:06,Turkey keeps benchmark interest rate unchanged for 4th straight month
2022-04-14 21:50:48,U.S. urged to protect rights of ethnic minorities
2022-04-14 23:00:00,Ex-Colombia captain Rincon dies after car crash
2022-04-14 21:42:45,Rwanda agrees to receive asylum seekers sent from UK
2022-04-14 18:51:45,UN stresses importance of avoiding escalation in Libya
2022-04-15 11:37:14,S.Korea to lift all social-distancing rules except mask mandate
2022-04-15 10:04:46,UN envoy warns armed confrontation in central Yemen threaten ceasefire
2022-04-15 21:25:28,West bears partial responsibility for Russia-Ukraine conflict: former French politicians
2022-04-15 07:05:00,"U.S. stocks drop as bond yields climb, inflation worries linger"
2022-04-15 21:36:45,Moscow to increase missile strikes on Kiev targets
2022-04-15 19:02:47,GLOBALink | Numbers reveal U.S. debt crisis of human rights
2022-04-15 00:17:33,"Putin eyes south, east as Russian energy supplies to west wane"
2022-04-15 23:12:58,"Japan's population logs record fall of 644,000 in 2021"
2022-04-15 16:36:00,Unknown disease kills 7 children in India's Rajasthan
2022-04-15 04:35:00,Russian cruiser Moskva sinks following serious damage
2022-04-15 04:55:45,Chile sees 4.33 pct COVID-19 positivity rate
2022-04-15 06:53:58,Lack of humanitarian funding risks ruining political momentum in Yemen: UN relief chief
2022-04-15 05:21:59,Global COVID-19 cases surpass 500 mln: WHO
2022-04-15 17:46:34,
2022-04-16 03:14:15,"Iran's IRGC announces seizure of ship smuggling 250,000 liters of fuel"
2022-04-16 07:33:27,Christian devotees take part in holy procession on Good Friday in Uganda
2022-04-16 07:31:21,People visit National Fine Arts Exhibition in Nepal
2022-04-16 09:39:02,UN chief calls for calm in Jerusalem after bloody Palestinian-Israeli clash
2022-04-16 04:38:30,France's annual CPI in March hits highest since December 1985
2022-04-16 05:37:28,"Twitter adopts ""poison pill"" after Musk's acquisition intent"
2022-04-16 02:04:15,Saudi flag carrier to open new route to Greek island
2022-04-16 03:07:15,Iran condemns Israeli operations at Al-Aqsa mosque
2022-04-16 01:50:15,Rwanda-UK deal on asylum-seekers draws mixed reactions
2022-04-16 04:44:30,"Chile reports 2,771 COVID-19 cases, 38 deaths in one day"
2022-04-16 04:35:30,"FMs of Cyprus, Lebanon discuss energy cooperation, bilateral relations"
2022-04-16 01:20:13,Russia expels 18 EU diplomats in retaliatory move
2022-04-16 07:33:26,Christian devotees take part in holy procession on Good Friday in Uganda
2022-04-16 09:31:45,Zambia starts mass export of avocados to Europe
2022-04-16 05:05:30,Algeria condemns Israeli forces' operations at Al-Aqsa mosque
2022-04-15 23:12:58,"Japan's population logs record fall of 644,000 in 2021"
2022-04-16 00:54:16,7 soldiers killed in terrorist attack in NW Pakistan
2022-04-16 07:31:20,People visit National Fine Arts Exhibition in Nepal
2022-04-16 07:23:35,Small Is Beautiful miniature art exhibition held in London
2022-04-16 05:51:30,Russian-Chinese scientific cooperation continues: Russian Foreign Ministry
2022-04-16 04:38:30,France's annual CPI in March hits highest since December 1985
2022-04-16 07:35:44,2022 Spring Canadian Pet Expo held in Mississauga
2022-04-16 04:59:30,U.S. dollar rises as traders bet on aggressive Fed tightening
2022-04-16 05:37:28,"Twitter adopts ""poison pill"" after Musk's acquisition intent"
