﻿2022-08-09 21:07:32,Xinhua Headlines: How Belt and Road has changed an ancient Chinese city
2022-08-10 03:12:01,Israel-Jihad cease-fire fragile due to lack of monitoring
2022-08-07 20:53:30,"U.S. keeps sanctioning Iran as ""pressure leverage"": Iranian lawmaker"
2022-08-08 21:26:45,"World Insights: U.S. recession prospects, rate hikes to have spillover impact on Malaysia, emerging economies"
2022-08-08 21:22:16,News Analysis: Safeguards issue emerges as new challenge in Vienna talks
2022-08-08 10:25:45,"1 killed, 122 injured in Cuba's fuel farm explosions"
2022-08-08 14:06:45,"Ukrainian, European Council leaders discuss situation at Zaporizhzhia NPP"
2022-08-08 20:03:15,"British police strip-search over 600 kids, mostly black boys: report"
2022-08-08 10:22:00,"UN chief welcomes cease-fire in Gaza, Israel"
2022-08-08 02:08:15,"Over 4,000 hectares of land destroyed in wildfires in northwestern Spain"
2022-08-08 02:56:15,Birthrate hits lowest in two decades in Sweden
2022-08-09 20:19:00,Iran places 1st import order using cryptocurrency: official
2022-08-09 07:56:45,Trump says Mar-a-Lago residence in Florida raided by FBI agents
2022-08-09 11:49:45,UN to set up fact-finding mission for Donetsk prison attack
2022-08-09 07:49:45,Trump says Mar-a-Lago residence in Florida raided by FBI agents
2022-08-09 22:33:02,
2022-08-09 05:59:15,Russia temporarily halts inspections of its facilities under New START treaty
2022-08-09 06:13:15,"Ecuador's monkeypox cases rise to 10, with one death"
2022-08-09 18:28:00,3 Palestinian killed in clashes with Israeli soldiers in West Bank
2022-08-09 09:51:15,Trump says Mar-a-Lago residence in Florida raided by FBI agents
2022-08-09 06:24:00,Biden authorizes largest weapons assistance to Ukraine
2022-08-09 21:58:16,UEFA bans Israel's Hapoel Beer Sheva from playing at home stadium
2022-08-09 17:49:00,"8 killed, 6 missing in S.Korean heavy rains"
2022-08-09 11:49:30,Guatemala confirms first case of monkeypox
2022-08-09 12:38:30,U.S. massacres civilians in wars in the Middle East: report
2022-08-10 07:18:04,India prepares for Independence Day celebration
2022-08-10 00:18:31,
2022-08-10 05:38:30,"Venezuelans protest sanctions, illegal seizures of nation's assets"
2022-08-10 03:12:00,"Iranians rally in support of Palestine, against Israeli bombing on Gaza"
2022-08-10 00:35:30,"Iran ignores West's ""threats, empty deadlines"" in nuke talks: advisor"
2022-08-10 07:13:15,U.S. stocks close lower amid earnings headwinds
2022-08-10 04:43:45,4 Palestinians killed in clashes with Israeli soldiers in West Bank
2022-08-10 05:32:15,99 pct of monkeypox cases in U.S. occur in men: research
2022-08-10 00:51:00,UN chief highlights role of indigenous women
2022-08-10 04:44:30,"Egypt, Qatar discuss regional developments, highlight concerted Arab efforts"
2022-08-10 04:40:30,UN counter-terrorism chief urges non-military measures to address IS threat
2022-08-10 04:02:15,15 soldiers killed in Burkina Faso blasts
2022-08-10 01:04:15,Soldier among five killed in Boko Haram raids in Cameroon
2022-08-10 00:52:15,Tanzania wishes Kenya peaceful general elections
2022-08-10 07:18:02,India prepares for Independence Day celebration
2022-08-10 07:13:25,Singapore celebrates 57th National Day
2022-08-10 03:02:00,"Chinese, ROK FMs have in-depth exchange of views on THAAD"
2022-08-10 07:13:45,In pics: Zaporizhzhia nuclear power plant in Ukraine
2022-08-10 05:56:45,French electric utility company EDF claims 8 bln euros to French gov't
2022-08-10 04:18:00,Wildfires spread in mountains of SE France
2022-08-10 07:54:30,Man charged over killing Muslim men in U.S. New Mexico
2022-08-10 07:13:15,U.S. stocks close lower amid earnings headwinds
2022-08-10 07:18:45,U.S. crude oil inventories up last week: API
