﻿2022-06-03 21:00:16,"China's ties with PNG conducive to regional peace, development: Chinese FM"
2022-06-04 10:59:45,China unveils Shenzhou-14 crew for space station mission
2022-06-04 17:46:45,"China, Timor-Leste agree to strengthen regional cooperation, safeguard multilateralism"
2022-06-04 16:48:14,"China, Timor-Leste expect to expand pragmatic cooperation in trade, investment, infrastructure"
2022-06-05 23:50:48,Xinhua Headlines: China launches crewed mission to complete space station construction
2022-06-05 21:56:14,China's Shenzhou-14 crewed spaceship docks with space station combination
2022-06-06 08:54:13,"Belt and Road railway project ""grand gateway"" to benefit Southeast Asia, says former Thai deputy PM"
2022-04-20 07:23:15,24 Solar Terms: Grain Rain
2022-05-14 09:58:19,
2022-05-29 13:05:59,
2022-06-03 19:32:15,China Focus: Dragon Boat Festival: A celebration of patriotism
2022-06-03 19:26:13,China's human resources services sector logs robust growth in 2021
2022-06-03 17:30:45,Restarting China-Australia relations requires concrete actions: Chinese FM
2022-06-04 10:05:14,China to launch Shenzhou-14 crewed spaceship on June 5
2022-06-04 09:03:14,China to launch Shenzhou-14 crewed spaceship on June 5
2022-06-04 09:03:16,China unveils Shenzhou-14 crew for space station mission
2022-06-04 16:26:30,China raises emergency response for rainstorms
2022-06-04 21:22:45,China raises emergency response level for flood control
2022-06-04 20:41:16,Beijing reports 12 new local COVID-19 infections
2022-06-05 22:43:15,Shenzhou-14 astronauts enter space station core module
2022-06-05 08:58:45,"Shanghai reports 6 confirmed, 16 asymptomatic local COVID-19 cases"
2022-06-05 15:12:31,
2022-06-05 23:35:30,Wondrous Xinjiang: Musical heritage resounds in Xinjiang village
2022-06-05 18:37:15,Xi urges efforts to build beautiful China
2022-06-05 21:03:59,Macao's gas emissions slightly decline in 2021: report
2022-06-05 21:05:17,Beijing prepares for national college entrance exam
2022-06-05 14:36:30,Feature: Lao students meet Chinese culture in Dragon Boat Festival celebration
2022-06-05 11:52:37,
2022-06-05 19:19:32,China's Shenzhou-14 crewed spaceship docks with space station combination
2022-06-05 20:57:00,Shenzhou-14 astronauts enter space station core module
2022-06-05 22:46:15,UN biodiversity leader praises China's environmental achievements
2022-06-05 23:50:48,Xinhua Headlines: China launches crewed mission to complete space station construction
2022-06-05 20:33:45,Beijing adds five local COVID-19 cases
2022-06-05 12:05:28,"Beijing reports 16 confirmed, 3 asymptomatic local COVID-19 cases"
2022-06-05 21:36:15,"Hong Kong to distribute about 190,000 sets of RAT kits following sewage COVID-19 detection"
2022-06-05 22:04:48,
2022-06-05 23:40:30,Taiwan graduates focused on job search amid COVID-19: survey
2022-06-05 23:52:17,"China prioritizes industrial, supply chains stability in reviving industrial economy"
2022-06-05 21:17:00,Xi urges efforts to build beautiful China
2022-06-05 21:26:00,Books on Xi's local working experience published
2022-06-06 01:55:45,"Roundup: China willing to help Pacific island countries to prosper, Chinese FM says after 8-nation tour"
2022-06-06 09:45:31,Chinese yuan strengthens to 6.6691 against USD Monday
2022-06-06 00:13:45,China's holiday sees nearly 80 mln domestic tourist trips
2022-06-06 02:05:45,"Visit to Pacific island countries practice of China's equality-based diplomacy, boosts common development -- Chinese FM"
2022-06-06 09:37:29,257 COVID-19 patients discharged from hospitals on Chinese mainland
2022-06-06 08:18:04,24 Solar Terms: Grain in Ear
2022-06-06 09:47:30,Market exchange rates in China -- June 6
2022-06-06 09:45:30,Chinese shares open higher Monday
2022-06-06 00:01:45,Late Shang Dynasty tombs discovered in central China
2022-06-06 09:36:30,Chinese mainland reports 25 new local confirmed COVID-19 cases
2022-06-06 08:53:14,"Shanghai reports 4 confirmed, 4 asymptomatic local COVID-19 cases"
