﻿2022-08-10 19:11:00,China-Laos Railway ships over 1 mln tons cross-border goods
2022-08-11 19:14:31,12 vessels authorized to depart Ukrainian ports for grain export: UN official
2022-08-09 20:19:00,Iran places 1st import order using cryptocurrency: official
2022-08-09 07:56:45,Trump says Mar-a-Lago residence in Florida raided by FBI agents
2022-08-09 11:49:45,UN to set up fact-finding mission for Donetsk prison attack
2022-08-09 07:49:45,Trump says Mar-a-Lago residence in Florida raided by FBI agents
2022-08-09 05:59:15,Russia temporarily halts inspections of its facilities under New START treaty
2022-08-09 06:13:15,"Ecuador's monkeypox cases rise to 10, with one death"
2022-08-09 09:51:15,Trump says Mar-a-Lago residence in Florida raided by FBI agents
2022-08-09 06:24:00,Biden authorizes largest weapons assistance to Ukraine
2022-08-09 21:58:16,UEFA bans Israel's Hapoel Beer Sheva from playing at home stadium
2022-08-09 11:49:30,Guatemala confirms first case of monkeypox
2022-08-09 12:38:30,U.S. massacres civilians in wars in the Middle East: report
2022-08-10 18:57:00,"China-aided sports, cultural center in Tunisia to be delivered soon"
2022-08-10 05:38:30,"Venezuelans protest sanctions, illegal seizures of nation's assets"
2022-08-10 17:54:17,Severe drought displaces over 1 mln Somalis: UN
2022-08-10 00:35:30,"Iran ignores West's ""threats, empty deadlines"" in nuke talks: advisor"
2022-08-10 07:13:15,U.S. stocks close lower amid earnings headwinds
2022-08-10 14:07:15,World Insights: Japan extremely selfish to insist on discharging nuclear wastewater into sea
2022-08-10 13:06:45,"Japanese PM reshuffles cabinet, LDP leadership as support rates tumble"
2022-08-10 17:12:45,"9 dead, 7 missing in S.Korean heavy rainfall"
2022-08-10 19:43:17,
2022-08-11 14:52:46,"Climate change in New Zealand to cause sperm, blue whales to seek higher latitudes"
2022-08-11 11:04:15,Singapore adjusts upward 2022 trade growth forecasts
2022-08-11 07:11:45,12 vessels authorized to depart Ukrainian ports for grain export: UN official
2022-08-11 21:01:15,Ethiopia urged to harness tourism sector potential
2022-08-11 21:47:00,Five European countries help France to fight wildfires
2022-08-11 18:40:46,
2022-08-11 07:32:15,Cuba makes progress in controlling fuel farm fire
2022-08-11 22:10:45,Lebanon-Israel border dispute must resolve before September: Lebanese official
2022-08-11 07:30:15,12 vessels authorized to depart Ukrainian ports for grain export: UN official
2022-08-11 20:32:00,"U.S. uses ""defending human rights"" as tool to cover its own violations: Tunisian experts"
2022-08-12 04:42:30,"Bus accident kills 2, injures 6 in Jerusalem"
2022-08-12 04:14:15,Humanitarians seek better protection for civilians in eastern DR Congo: UN
2022-08-12 04:45:15,Jordan signs deals to launch 5G services
2022-08-12 02:12:45,Feature: Iraqi vintage radio repairer keen to keep good old memories
2022-08-12 04:12:15,UN rights chief alarmed by heavy casualties in latest escalation in Gaza
2022-08-12 06:59:30,News Analysis: U.S. monetary policy changes have knock-on impacts on euro zone
2022-08-12 00:23:45,UN chief voices concern about situation at Zaporizhzhia nuclear power plant
2022-08-12 03:33:15,"African observers laud Kenya for holding free, fair elections"
2022-08-12 00:53:45,Chinese companies to develop new industrial park in Ethiopia
2022-08-12 00:51:45,"China, South Sudan start implementation of key projects under FOCAC"
2022-08-11 22:57:15,Myanmar reports first COVID-19 death in over 4 months
2022-08-11 22:54:15,"Philippines logs 4,533 new COVID-19 cases, 27 more deaths"
2022-08-11 22:33:00,China's Chery showcases TIGGO series at automotive exhibition in Indonesia
2022-08-12 04:00:30,Russia's Medvedev visits Donbass for measures to ensure its security
2022-08-12 02:56:15,Belarus to build own port facilities in Russia's northwest
2022-08-12 04:09:45,German Chancellor Scholz promises more aid for rising energy prices
2022-08-12 06:55:15,U.S. Department of Justice asks court to unseal search warrant for Mar-a-Lago raid
2022-08-12 06:59:30,News Analysis: U.S. monetary policy changes have knock-on impacts on euro zone
2022-08-12 05:29:15,Dry California announces new water strategy to fight climate change
