﻿2022-06-14 21:40:48,Washington's anti-China lies and its sabotage of world order
2022-06-14 09:10:14,Jakarta-Bandung HSR No. 4 casting yard completes box girders erection
2022-06-11 21:38:13,"Landmine explosion kills 8, wounds 27 in southern Syria"
2022-06-11 12:41:00,Summit of Americas concludes in Los Angeles amid protests
2022-06-11 23:04:45,Japanese politicians' suggestions on reinforcing military capabilities very dangerous: military expert
2022-06-12 06:00:14,"Iran, Venezuela sign 20-year partnership agreement"
2022-06-12 09:54:49,Putin signs law on non-compliance with ECHR decisions
2022-06-12 21:06:30,S.Korea says DPRK fires multiple projectiles
2022-06-12 21:29:46,UN says humanitarian supplies continue to arrive in Ethiopia's Tigray region
2022-06-13 18:21:58,Hundreds of DRC refugees cross into Uganda: relief agency
2022-06-13 20:22:31,
2022-06-13 19:19:00,Gunmen abduct 40 travellers in northwest Nigeria
2022-06-13 18:23:02,
2022-06-13 13:29:00,World Insights: Child labor common in U.S. despite calls for change
2022-06-14 14:55:29,Indigenous Ecuadorians block highways to protest economic policies
2022-06-14 09:21:13,"Israel issues highest travel warning for Istanbul, citing possible attacks by Iran"
2022-06-14 10:56:32,S&P 500 ends in bear market territory as recession fears mount
2022-06-14 03:20:30,"NATO says ""working hard"" on issues concerning Finland, Sweden's bids"
2022-06-14 04:32:30,U.S. San Francisco mayor announces grant for gun violence prevention program
2022-06-14 03:58:14,"U.S. reports about 88,000 weekly child COVID-19 cases"
2022-06-14 06:20:45,"News Analysis: Local, regional elections strengthen position of Italy's populist parties"
2022-06-14 20:29:23,U.S. Capitol riot hearings: election fraud claims under spotlight
2022-06-15 08:59:30,Economic Watch: U.S. gas prices highest in history -- could they go even higher?
2022-06-15 02:49:59,"Israel ""won't hesitate"" to foil Iranian attacks abroad: PM"
2022-06-15 03:09:01,"With 5 total monkeypox cases, Mexico rules out pandemic"
2022-06-15 07:32:15,Higher unemployment rate looms in U.S. as Fed fights inflation: WSJ
2022-06-15 00:26:45,Leader of Ecuador's indigenous group arrested after acts of vandalism in agitation
2022-06-15 08:04:14,"Canada to suspend COVID-19 vaccine mandate for domestic, outbound travel"
2022-06-15 06:07:15,"Palestine, Italy discuss unilateral Israeli actions in West Bank, East Jerusalem"
2022-06-15 09:04:14,Supermoon dazzles night sky across world
2022-06-15 09:01:52,PETROAFRICA exhibition opens in Tunis
2022-06-15 03:18:30,"Ukraine crisis threatens 2023 grain harvest, says top FAO economist"
2022-06-15 06:23:15,"Israel launches strategic plan to incorporate satellite tech, AI into agriculture"
2022-06-15 04:32:15,"Russia imposes personal sanctions against British media representatives, defense figures"
2022-06-15 06:13:13,Humanitarians try to reach Sudan's West Darfur: UN
2022-06-15 07:06:15,UN chief urges financial institutions to stop funding fossil fuels
2022-06-15 05:26:15,"FAO adopts guiding strategies on climate, innovation for next decade"
2022-06-15 09:01:52,PETROAFRICA exhibition opens in Tunis
2022-06-15 05:01:13,Tunisia arrests 72 Italy-bound illegal immigrants off coast
2022-06-15 05:53:13,"Tunisia, UAE discuss ways to enhance bilateral ties"
2022-06-15 07:25:46,"Drought hits Nangarhar, Afghanistan"
2022-06-14 23:38:45,"Singapore reports 5,130 new COVID-19 cases"
2022-06-15 07:27:08,"Supermoon seen at Pinnacles, West Australia"
2022-06-15 04:44:15,"Italy's lifting of mask mandate likely to exclude public transport, hospitals"
2022-06-15 05:58:13,"Ukraine, EU finalize deal on road transport liberalization"
2022-06-15 06:31:15,"Ukrainian, Canadian leaders discuss defense cooperation"
2022-06-15 08:59:30,Economic Watch: U.S. gas prices highest in history -- could they go even higher?
2022-06-15 07:38:30,Roundup: U.S. Montana governor declares statewide disaster due to severe flooding
2022-06-15 09:07:45,10 gunmen killed in shootout with Mexican police
