﻿2022-06-13 20:40:15,China launches national energy-saving week
2022-06-14 17:18:38,China activates level-III emergency response for flooding
2022-06-14 09:10:14,Jakarta-Bandung HSR No. 4 casting yard completes box girders erection
2022-06-14 00:00:16,Top Chinese legislator stresses rule of law for beautiful China
2022-06-15 17:57:00,China's top legislator holds talks with Guyana's parliament speaker
2022-06-15 20:19:06,Xinhua Headlines: Traditional Chinese medicine aids global fight against COVID-19
2022-04-20 07:23:15,24 Solar Terms: Grain Rain
2022-05-14 09:58:19,
2022-05-29 13:05:59,
2022-06-06 08:18:04,24 Solar Terms: Grain in Ear
2022-06-13 21:00:29,Chinese vice premier urges solid efforts to contain COVID-19 in Beijing
2022-06-13 23:15:00,Chinese vice premier urges solid efforts to contain COVID-19 in Beijing
2022-06-13 20:48:30,China activates level-III emergency response for flooding
2022-06-13 23:49:00,Chinese FM meets New Zealand counterpart
2022-06-14 23:53:02,
2022-06-14 14:22:14,6.5 mln master's degrees awarded in China over past decade: ministry
2022-06-14 23:26:06,
2022-06-14 06:13:45,Senior Chinese diplomat meets U.S. national security advisor
2022-06-14 23:38:45,Chinese researchers explore new artificial glacier melt reduction method
2022-06-14 11:47:00,Shaanxi to hold 17 Belt and Road classic competitions in 2022
2022-06-14 22:20:46,
2022-06-14 20:40:00,Sulfate aerosols contribute to terrestrial extinction 250 mln yrs ago: study
2022-06-14 11:31:44,"China to work with other WTO members to tackle plastic pollution, says Chinese envoy"
2022-06-14 21:42:15,China's ecosystem improved greatly since 2012: minister
2022-06-14 20:26:45,China adds 6.5 mln master's graduates in 10 years
2022-06-14 20:23:45,China has reaped over 80 pct of wheat
2022-06-15 23:17:29,"China to support private investment, take forward projects with multiple effects to boost effective investment"
2022-06-15 22:44:15,"Work teams to guide flood-control efforts in Guangdong, Guangxi"
2022-06-15 23:16:29,Incoming HKSAR chief executive hails LegCo's passage of gov't reorganization proposal
2022-06-15 20:45:44,China cuts carbon emissions per unit of GDP by half from 2005
2022-06-15 22:51:29,China to step up efforts to support private investment
2022-06-15 21:54:14,Feature: Mayor keeps flame of Malta-China friendship alive
2022-06-15 23:56:45,Across China: Villagers plait better life with hemp twines in NW China
2022-06-15 22:32:15,China to further reinforce legal guarantee for rural vitalization
2022-06-15 21:59:44,Huawei Qingpu research center under construction in Shanghai
2022-06-15 21:01:44,China to step up efforts to support private investment
2022-06-15 22:30:15,Top political advisor stresses consultation on promoting common prosperity
2022-06-15 20:52:45,"Xinhua Commentary: China capable of juggling health, wealth amid epidemic"
2022-06-15 21:13:44,China Focus: China's supercomputer plus AI can quicken drug discovery
2022-06-15 19:30:15,"25 years on, Hong Kong SAR shines brighter with world-beating performance"
2022-06-15 21:05:43,Chinese vice premier stresses importance of power supply
2022-06-15 20:00:30,Shanghai's last temporary COVID-19 hospital closes
2022-06-15 23:55:45,Decade of Miracles: 10th low-carbon day witnesses China's green footprints
2022-06-15 20:13:43,1992 Consensus greatest common ground for improving cross-Strait ties: spokesperson
2022-06-15 21:07:45,Xi talks with Putin over phone
2022-06-15 10:51:15,69 countries say no to interference in China's internal affairs
2022-06-15 09:04:45,Across China: Ancient dwellings in northwest China get new lease of life
2022-06-15 14:13:30,"Profile: Folk singer vows to make ""mountain songs"" heard worldwide"
2022-06-15 20:24:49,"In pics: FAW Jiefang truck production in Changchun, NE China "
2022-06-15 20:34:28,Gaming technology aids preservation of millennium-old Mogao Grottoes
2022-06-16 00:48:46,Senior Chinese official chairs BRICS security meeting
2022-06-16 07:12:16,Cultural event held to mark 25th anniversary of HK's return to motherland
