﻿2022-02-21 22:32:16,New freight train connection runs between Germany and China
2022-02-22 05:33:58,"China, Egypt donate 500,000 vaccines to Palestine"
2022-02-18 15:26:31,GLOBALink | Lebanese sports expert hails China's successful hosting of Olympic Winter Games
2022-02-18 20:50:38,Public transport in Paris on strike
2022-02-19 05:55:28,Kiev must hold dialogue with Donbas to restore peace in Ukraine: Putin
2022-02-19 19:26:28,G20 leaders pledge to support faster recovery of poor economies from pandemic
2022-02-19 04:36:15,3 killed as record wind batters Britain
2022-02-19 21:03:00,Russia holds strategic deterrence exercise as tensions with Ukraine escalate
2022-02-19 07:48:43,"Two trapped in burning ferry off Greek island rescued, 12 still missing"
2022-02-19 06:10:45,Last UN staffer detained in Ethiopia released
2022-02-20 09:47:30,U.S. suffers more than 1 mln excess deaths during pandemic: The Guardian
2022-02-20 18:57:42,"One dead, one injured after police helicopter crashes in U.S. state California"
2022-02-20 20:22:00,Britain's Queen Elizabeth II tests positive for COVID-19
2022-02-20 11:05:15,German FM warns against guessing Russian decisions on Ukraine
2022-02-21 00:26:43,"5 terrorists, 1 soldier killed in clash in NW Pakistan"
2022-02-21 04:30:30,EU allocates 40 mln euros humanitarian aid to Sudan
2022-02-21 09:46:00,"DR Congo, Turkey sign multiple cooperation agreements"
2022-02-21 00:50:31,GLOBALink | Britain's Queen Elizabeth II tests positive for COVID-19
2022-02-21 20:53:00,"Feature: Five decades later, what can be learned from Nixon's historic visit to China?"
2022-02-21 19:07:30,Negotiation with U.S. not on Iran's agenda in Vienna: official
2022-02-21 12:17:58,"Putin, Macron discuss Ukraine issue over phone"
2022-02-21 12:57:01,"Biden accepts ""in principle"" meeting with Putin: White House"
2022-02-21 10:25:13,"Chile registers 30,398 new daily COVID-19 cases, still grapples with Omicron"
2022-02-21 22:01:43,New freight train connection runs between Germany and China
2022-02-21 15:30:31,Canadian police reclaim downtown Ottawa with nearly 200 trucker rally protesters arrested
2022-02-21 18:39:30,Chinese experts conduct COVID-19 tests in Laos for returning Chinese nationals
2022-02-22 05:25:00,"Chile reports 23,254 COVID-19 cases, 144 deaths in one day"
2022-02-22 07:27:54,People celebrate upcoming National and Liberation Days in Kuwait
2022-02-22 05:09:45,"Death toll climbs to 176 in Brazil landslides, floods"
2022-02-22 05:54:01,Jordan denies reports on king's Swiss accounts
2022-02-22 06:02:58,Biden to issue executive order after Russia recognizes independence of Ukraine's breakaway territories
2022-02-22 05:33:58,"China, Egypt donate 500,000 vaccines to Palestine"
2022-02-22 07:31:14,Italy's Mount Etna volcano erupts
2022-02-22 06:35:16,"UN chief ""greatly concerned"" over Russia's decision concerning Donetsk, Lugansk"
2022-02-22 06:13:00,"Putin signs decrees recognizing two ""independent republics"" in east Ukraine's Donbass"
2022-02-22 04:23:43,4 killed in landmine blast in Yemen's Marib
2022-02-22 05:00:01,EU says to impose sanctions against Russia's recognition of two regions in eastern Ukraine
2022-02-22 06:16:00,British PM announces end of COVID-19 restrictions despite criticism
2022-02-22 07:22:39,Philae temple complex in Egypt enters tourist season
2022-02-22 04:13:45,"Roundup: Egypt implements ambitious plan to develop lakes, increase fish production"
2022-02-22 04:18:45,Pan-African Youth Union moves base to Morocco
2022-02-21 21:35:45,"Indonesia reports 34,418 newly-confirmed COVID-19 cases, 176 more deaths"
2022-02-21 23:13:00,Afghanistan launches polio vaccination targeting 9.1 mln children
2022-02-22 05:20:58,"5.6-magnitude quake hits 136 km NW of Naha, Japan: USGS"
2022-02-22 05:49:00,"Urgent: Putin orders Russian forces to ensure peace in Donbass ""republics"""
2022-02-22 06:13:00,"Putin signs decrees recognizing two ""independent republics"" in east Ukraine's Donbass"
2022-02-22 06:43:00,"Over 1,500 UN staff to stay working in Ukraine"
2022-02-22 07:41:07,People visit China town's weekend market in San Francisco
2022-02-22 08:23:57,Ripley's Aquarium of Canada draws families to celebrate Family Day
2022-02-22 06:02:58,Biden to issue executive order after Russia recognizes independence of Ukraine's breakaway territories
