﻿2022-04-25 10:52:14,Railway-resettled villagers move into new homes with new hopes
2022-04-25 02:16:11,Update: Macron wins French presidential runoff: exit poll
2022-04-23 11:16:45,IAEA mission to visit Ukraine's Chernobyl plant
2022-04-23 12:21:00,Health and peace: Drawing on wisdom from classics to inspire today's world
2022-04-23 16:34:32,
2022-04-23 12:38:00,"UN chief to visit Russia, Ukraine next week"
2022-04-23 14:44:48,
2022-04-23 20:51:30,New Ebola case confirmed in NW DR Congo
2022-04-23 07:43:00,Dow plunges 981 points for its worst day since 2020 amid rate hike fears
2022-04-23 18:11:45,"1,500 destitute Afghans receive China-donated humanitarian assistance"
2022-04-23 20:48:15,EU reaches deal on new legislation to combat illegal content online
2022-04-24 10:35:58,Emergency clean-up underway after diesel-filled vessel sinks off Ecuador's Galapagos
2022-04-24 21:56:41,"At least 8 killed, 45 rescued after boat sunk off Lebanon"
2022-04-24 11:30:15,"UN chief welcomes efforts to promote peace in DR Congo, East Africa"
2022-04-24 10:40:00,Shakespeare's 458th birthday celebrated in his hometown
2022-04-24 21:10:30,"12 killed, 10 missing after boats capsize off Tunisia's coast"
2022-04-24 17:50:45,10 confirmed dead after tourist boat goes missing off Japan's Hokkaido
2022-04-24 22:16:45,"UN secretary-general to visit Turkey before having talks in Russia, Ukraine: ministry"
2022-04-24 14:07:28,"French presidential runoff kicks off between Macron, Le Pen"
2022-04-25 06:44:11,Freedom Movement celebrates landslide victory in Slovenia's election
2022-04-25 08:39:26,Moderate earthquake hits eastern Indonesia
2022-04-25 10:04:46,"Argentina registers 11,307 COVID-19 cases, 198 deaths in last 7 days"
2022-04-25 06:10:56,Macron wins French presidential runoff: exit poll
2022-04-25 10:55:59,Carnival shines again in Brazil after 2-year absence due to pandemic
2022-04-25 02:56:46,Macron wins French presidential runoff: exit poll
2022-04-25 07:25:26,UN chief urges stronger global cooperation as multilateralism under threat
2022-04-25 05:12:58,4 rockets fired at Turkish military base in N. Iraq: official
2022-04-25 09:22:45,"Facts about Russia-Ukraine conflict: UN chief to visit Turkey before having talks in Russia, Ukraine"
2022-04-25 03:16:45,Biden accepts Bennett's invitation to visit Israel
2022-04-25 04:54:41,UN calls for continuous support for Lebanon in hosting refugees after deadly boat crash
2022-04-25 09:00:41,Event held to raise awareness against malaria ahead of World Malaria Day in Uganda
2022-04-25 07:32:13,Asian Americans fight rising hate crimes amid pandemic: The Guardian
2022-04-25 02:26:28,"Ugandan, Rwandan leaders agree on joint approach on insecurity in eastern DR Congo"
2022-04-25 09:12:46,Economic Watch: European economy bears brunt of sanctions blowback
2022-04-25 07:15:16,"U.S. retirement system ""built for the rich"": professor"
2022-04-25 09:00:39,Event held to raise awareness against malaria ahead of World Malaria Day in Uganda
2022-04-25 08:25:59,Chinese speech and performance competition held in University of Ghana
2022-04-25 04:30:58,"Tribal clashes renew in Sudan's West Darfur, 15 killed: sources"
2022-04-25 11:06:56,"S.Korea reports 34,370 new COVID-19 cases"
2022-04-25 11:46:01,Feature: U.S. sanctions drag Afghan women back into poverty
2022-04-25 10:18:45,"Malaysia reports 4,006 new COVID-19 infections, 8 new deaths"
2022-04-25 09:22:45,"Facts about Russia-Ukraine conflict: UN chief to visit Turkey before having talks in Russia, Ukraine"
2022-04-25 09:16:43,Macron wins French presidential runoff: official preliminary results
2022-04-25 09:12:46,Economic Watch: European economy bears brunt of sanctions blowback
2022-04-25 07:32:13,Asian Americans fight rising hate crimes amid pandemic: The Guardian
2022-04-25 10:55:00,Biden administration reportedly to renew push for COVID-19 response funding
2022-04-25 07:15:16,"U.S. retirement system ""built for the rich"": professor"
