﻿2022-05-18 20:47:23,"Multiethnic family reflects Xinjiang's diversity, unity"
2022-05-19 20:44:28,Vice premier urges solid work on environmental protection
2022-05-20 23:44:15,Beijing extends COVID control measures amid local outbreak
2022-05-20 15:46:19,China's trade with Belt and Road countries enjoys robust growth
2022-05-20 19:26:58,Chinese premier stresses expanding opening-up
2022-05-20 00:07:26,Chinese premier stresses more support for market entities
2022-04-20 07:23:15,24 Solar Terms: Grain Rain
2022-04-24 08:18:05,GLOBALink | Parkour teenagers in ancient city of Kashgar
2022-05-05 07:30:12,24 Solar Terms: Start of Summer
2022-05-14 09:58:19,
2022-05-18 23:13:13,Chinese premier stresses faster implementation of macro policies
2022-05-19 20:32:31,Chinese premier stresses more support to help market entities tide over difficulties
2022-05-19 00:16:14,Senior Chinese diplomat holds phone conversation with U.S. national security advisor
2022-05-19 01:11:46,"Foreign dignitaries, heads of int'l organizations congratulate CCPIT on 70th anniversary"
2022-05-19 15:53:01,"Homework 1,300 years ago reveals Xinjiang's school life in ancient times"
2022-05-19 23:42:13,Chinese vice premier stresses high-quality meteorological development
2022-05-19 18:44:01,Beijing reports 64 new local COVID-19 infections
2022-05-19 21:40:43,"China urges U.S. not to support ""Tibetan independence"""
2022-05-19 20:44:28,Vice premier urges solid work on environmental protection
2022-05-19 16:01:18,Chinese premier extends congratulations to new French PM
2022-05-19 09:30:30,Chinese mainland reports 191 new local confirmed COVID-19 cases
2022-05-19 14:43:20,"Across China: Bringing ancient ""money pots"" back to life in Yunnan museum"
2022-05-20 23:16:44,"China FM applauds ""BRICS Plus"" cooperation model"
2022-05-20 12:13:13,Former senior Jiangxi provincial legislator arrested for suspected bribery
2022-05-20 14:58:31,China's yearly box office total hits 15 bln yuan
2022-05-20 17:01:51,Volunteer rescue team from NW China's Lanzhou leaves Shanghai
2022-05-20 20:39:14,China launches three low-orbit communication test satellites
2022-05-20 23:43:00,"China, Ecuador pledge to advance pragmatic cooperation"
2022-05-20 23:31:00,"Senior Chinese, Kazakh officials meet via video link"
2022-05-20 16:59:30,Xiplomacy: Xi eyes practical cooperation among BRICS countries for common development
2022-05-20 20:46:16,Xi Focus-Explainer: How ancient teachings underline China's contemporary governance
2022-05-20 17:59:57,Chinese researchers develop lever-inspired triboelectric nanogenerator
2022-05-20 20:56:29,
2022-05-20 19:26:58,Chinese premier stresses expanding opening-up
2022-05-20 00:07:26,Chinese premier stresses more support for market entities
2022-05-20 15:18:27,China's Zhurong rover switches to dormant mode in severe Martian dust storm
2022-05-20 22:05:35,
2022-05-20 23:56:57,Beijing's key pollution reading down 32 pct
2022-05-20 22:21:04,"Changes of Sanzhiyang Elementary School in Guangxi, China"
2022-05-20 22:22:45,China donates anti-COVID-19 materials to Sudan
2022-05-21 00:08:00,China vows to raise average life expectancy
2022-05-21 00:08:59,Huawei to continue support for digitalization in Asia-Pacific region
2022-05-21 08:03:07,24 Solar Terms: Grain Buds
2022-05-21 08:10:46,"Shanghai reports 84 confirmed, 784 asymptomatic local COVID-19 cases"
2022-05-21 00:00:59,"China strongly opposes Canada's ban on Huawei, ZTE telecommunication equipment"
2022-05-21 00:50:58,"Commissioner's office of Chinese foreign ministry in HKSAR urges EU to take off tinted glasses, face up to Hong Kong's bright future"
2022-05-21 00:50:58,Liaison office of central gov't congratulates John Lee on HKSAR chief executive appointment
2022-05-21 00:14:00,China's urban employees see robust average salary growth in 2021
2022-05-21 00:08:58,HKSAR gov't strongly opposes European Commission report on Hong Kong
2022-05-21 00:35:00,"Chinese, Nicaraguan FMs hold phone conversation, vowing to boost cooperation"
2022-05-21 01:05:15,Chinese FM elaborates on China-Latin America relations
2022-05-21 00:03:58,All power units constructed at major hydropower station in China
