﻿2022-03-07 17:34:15,Land-sea trade corridor facilitates car imports from Middle East to China
2022-03-09 23:38:22,China's top political advisory body holds standing committee meeting
2022-03-09 19:51:58,"Top political advisor calls for peaceful, integrated development of cross-Strait relations"
2022-03-10 22:22:01,China Focus: China's top political advisory body wraps up annual session
2022-03-11 00:16:45,Key takeaways from China's crucial political gathering
2022-03-11 09:02:45,China's national legislature holds closing meeting of annual session
2022-03-12 01:01:51,"Xinhua Headlines: From food security to carbon goals, ""two sessions"" demonstrate China's steady steps toward modernization"
2022-02-16 13:39:13,Stories of Jingdezhen in the Imperial Kiln: Famille verte wares from the Reigns of Jiajing and Wanli
2022-02-17 12:56:46,Stories of Jingdezhen in the Imperial Kiln: Designs for the Imperial Kiln
2022-02-19 08:51:39,Rain Water of 24 solar terms
2022-03-05 13:57:44,24 Solar Terms: Awakening of Insects
2022-03-06 14:25:00,Ancient rock painting complex found in NW China
2022-03-06 00:07:13,Across China: American expat seeks to promote Chinese culture through cooking shows
2022-03-09 23:26:00,Chinese premier to meet press on Friday
2022-03-09 21:40:38,Chinese lawmakers raise 487 proposals to annual legislative session
2022-03-10 20:48:52,Nuclear proliferation risks of AUKUS must be addressed: Chinese envoy
2022-03-10 17:38:00,China congratulates Yoon Suk-yeol on election as ROK president
2022-03-10 17:14:47,
2022-03-10 20:57:46,Advisory: Schedule for NPC annual session on March 11
2022-03-10 23:53:32,Documents to be put to vote at China's annual legislative session
2022-03-10 15:53:50,
2022-03-10 06:14:01,"Chinese military spokesperson vows zero tolerance for ""Taiwan independence"" separatist acts"
2022-03-11 21:53:00,"China Focus: China's BeiDou enters new phase of stable services, rapid development"
2022-03-11 14:00:02,"Central gov't has deep concern for HK residents, fully supports COVID-19 fight: premier"
2022-03-11 22:22:02,Spring scenery of Guangyang Isle in Chongqing
2022-03-11 19:33:07,"""Power highways"" in E China"
2022-03-11 09:08:46,China's top legislature approves government work report
2022-03-11 20:39:31,"China's State Council appoints, removes officials"
2022-03-11 22:12:29,Feature: Chinese Juncao technology spells bright future for Tanzania's mushroom growers
2022-03-11 20:18:31,"Hong Kong moves to boost vaccination among elderly, children amid raging epidemic"
2022-03-11 09:12:43,Chinese lawmakers pass decision on electoral rules for 14th NPC
2022-03-11 07:46:06,GlOBALink | See China around my office 
2022-03-11 21:10:47,Pandemic situation in Hong Kong to improve with concerted efforts: chief executive of Hospital Authority
2022-03-11 01:24:46,China denounces Australian defense chief's negative remarks
2022-03-11 11:56:32,Xi congratulates Yoon Suk-yeol on election as ROK president
2022-03-11 00:13:47,"Chinese FM exchanges views on Ukraine issue with French, Italian counterparts"
2022-03-11 14:44:30,"China-U.S. cooperation benefits both countries, world: Chinese premier"
2022-03-11 22:48:30,China planning global system for precision meteorological monitoring
2022-03-11 18:56:59,China Focus: China's top legislature wraps up annual session
2022-03-11 20:49:30,"China's BeiDou enters new phase of stable services, rapid development"
2022-03-11 14:38:15,China's opening-up policy will not change: premier
2022-03-12 10:32:17,Chinese mainland reports 476 new local COVID-19 cases
2022-03-12 10:02:17,China's smartphone market logs stable growth in January
2022-03-12 09:28:00,Tianjin reports 37 new local COVID-19 cases
2022-03-12 02:10:16,"Concerns of all parties to Iran nuke talks must be addressed, Chinese envoy"
2022-03-12 09:51:02,Chinese mainland reports 476 new local COVID-19 cases
2022-03-12 01:47:13,In-orbit construction of China's space station going smoothly
2022-03-12 10:53:13,Former senior inspector under probe
2022-03-12 10:16:15,Across China: Digital economy heralds new opportunities for disabled
2022-03-12 10:18:17,Baosight software reports solid net profit growth in 2021
