﻿2022-04-25 10:52:14,Railway-resettled villagers move into new homes with new hopes
2022-04-27 06:20:13,"Putin, UN chief meet to discuss Ukraine"
2022-04-25 08:39:26,Moderate earthquake hits eastern Indonesia
2022-04-25 23:26:28,Russia asks U.S. to stop arming Ukraine
2022-04-25 23:49:30,"Kazakh president, Chinese defense minister agree to strengthen military cooperation"
2022-04-25 18:28:45,
2022-04-25 18:32:13,U.S. funding for military R&D surges 24 pct for past decade: SIPRI
2022-04-25 17:32:29,
2022-04-25 14:40:14,Over a dozen migrants injured after police chase in U.S. Texas
2022-04-25 02:26:28,"Ugandan, Rwandan leaders agree on joint approach on insecurity in eastern DR Congo"
2022-04-25 18:48:16,AU congratulates Macron on re-election as French President
2022-04-26 06:41:15,Twitter accepts Elon Musk's acquisition offer
2022-04-26 03:36:00,Colombia to lift mandatory use of face masks
2022-04-26 02:20:43,Erdogan underlines Istanbul process in talks with Guterres to end Ukraine crisis
2022-04-26 03:09:45,Western attempts to split Russian society unsuccessful: Putin
2022-04-26 20:17:15,Erdogan urges Putin for leaders' summit to solve Ukrainian crisis
2022-04-26 00:37:43,"UN chief, Turkish president promise to work for peace in Ukraine"
2022-04-27 10:25:26,"Israel's measures increase tension, undermine two-state solution: Palestinian PM"
2022-04-27 05:46:45,Nasdaq sheds 4 pct as market sell-off deepens on Wall Street
2022-04-27 05:27:43,"Putin, UN chief meet to discuss Ukraine"
2022-04-27 09:17:16,Uruguayan financial analysts upgrade growth forecast to 4.23 pct
2022-04-27 00:31:16,U.S. COVID deaths could hit 1 million mark in next few weeks: report
2022-04-27 07:02:43,Syrian air defenses respond to new Israeli missile strike in Damascus
2022-04-27 02:22:16,U.S. vice president tests positive for COVID-19
2022-04-27 00:00:16,"Turkmen president, Chinese defense minister agree to deepen military cooperation"
2022-04-27 05:54:43,Humanitarian situation in Syria dire amid economic crisis: UN official
2022-04-27 05:05:31,"U.S. Fed faces challenge in pinning ""neutral"" rate amid monetary tightening: report"
2022-04-27 06:43:45,UN chief condemns attack in Pakistan's Karachi University
2022-04-27 03:57:28,"Putin agrees to involvement of UN, ICRC in civilian evacuation from Azovstal: UN"
2022-04-27 02:56:27,Tunisian president congratulates Macron on re-election victory
2022-04-27 04:55:30,Israel launches national polio vaccination campaign
2022-04-27 02:46:11,COVID-19 pandemic not over yet: WHO
2022-04-27 09:48:34,Indigenous leader calls for UN probe into Canada's role in human rights abuses at residential schools
2022-04-27 09:28:15,Ecuador expects deficit-to-GDP ratio to shrink to 2.2 pct in 2022
2022-04-27 05:33:41,"Russia to suspend natural gas supplies to Poland, Bulgaria"
2022-04-27 09:29:01,Stone statuette of ancient goddess found in Gaza
2022-04-27 05:22:45,"Ukrainian president, Romanian PM discuss support for Ukraine"
2022-04-27 08:43:34,Tourists visit Luxor Temple in Egypt
2022-04-27 04:45:30,Moroccan navy rescues 192 illegal migrants: media
2022-04-27 02:56:30,UN official lauds Cameroon's efforts in hosting external refugees
2022-04-26 20:10:16,Restoration work on famed Angkor Wat's Bakan tower in Cambodia almost completed
2022-04-27 08:52:07,People receive booster dose of COVID-19 vaccine in Indonesia
2022-04-27 08:35:04,"People prepare for Eid al-Fitr in Kabul, Afghanistan"
2022-04-27 05:33:41,"Russia to suspend natural gas supplies to Poland, Bulgaria"
2022-04-27 07:31:59,"36th anniversary of Chernobyl disaster marked in Minsk, Belarus"
2022-04-27 08:44:13,Aerobatic display team performs over Zemunik in Croatia
2022-04-27 06:27:41,Alphabet reports Q1 revenue with 23 pct growth
2022-04-27 09:48:34,Indigenous leader calls for UN probe into Canada's role in human rights abuses at residential schools
2022-04-27 07:04:45,U.S. crude oil inventories up: API
