﻿2022-07-12 07:02:14,"China-Europe Railway Express (Chongqing)'s 10,000th trip arrives in Germany"
2022-07-13 02:54:30,Security Council underlines importance of strategic communications in UN peacekeeping
2022-07-09 16:52:54,Economic Watch: Is U.S. economy already in a recession?
2022-07-09 17:29:45,"Fitch affirms Greece's rating at ""BB"" with positive outlook"
2022-07-09 12:32:00,Elon Musk decides to terminate Twitter deal
2022-07-10 19:57:42,S.Korea says DPRK fires apparent artillery shots
2022-07-10 04:45:44,Feature: Egyptians suffer from price hikes during Eid al-Adha
2022-07-10 19:36:45,Japan's ruling bloc set to secure majority of contested seats in upper house election
2022-07-10 00:24:29,Sri Lankan PM's house set on fire
2022-07-10 03:45:30,Portugal spends 1.68 bln euros to contain inflation: PM
2022-07-10 12:18:27,Roundup: U.S. monkeypox cases hit nearly 800 as experts criticize weakness in public health system
2022-07-11 19:04:12,News Analysis: Biden's visit won't make breakthrough in resolving Palestinian-Israeli conflict: analysts
2022-07-11 13:04:30,U.S. trade representative tests positive
2022-07-11 14:30:14,Death toll rises to 15 in Nigeria boat capsize
2022-07-11 17:24:34,
2022-07-11 12:05:30,Sri Lankan president says to resign as previously announced
2022-07-11 20:02:12,51st Pacific Islands Forum leaders meeting starts in Fiji
2022-07-12 18:38:45,Funeral of former Japanese PM Abe held in Tokyo
2022-07-12 04:40:45,Wildfires in U.S. Utah scorching tens of thousands acres of land
2022-07-12 18:14:30,Russia registers first monkeypox case
2022-07-12 22:59:16,
2022-07-12 04:41:32,Gas flow through Nord Stream 1 to Germany stops for maintenance
2022-07-12 18:33:45,"Euro falls to parity with USD, hitting 20-year low"
2022-07-12 22:38:29,World Insights: Constitutional amendment still a mirage despite sweeping election win for Japan's ruling bloc
2022-07-13 03:54:30,NASA releases Webb telescope's first images of unseen universe
2022-07-13 01:03:15,"Kenya, UNICEF deploy therapeutic food to avert childhood malnutrition"
2022-07-13 05:42:42,Chilean financial market raises 2022 inflation forecast to 11 pct
2022-07-13 02:16:27,8 contenders in race to succeed Johnson as UK PM
2022-07-13 02:47:27,"Israel, Austria sign deal on building strategic partnership"
2022-07-13 02:42:27,"Interview: Modernized Bahrain airport aims to strengthen aviation sector, boost economic growth: airport CEO"
2022-07-13 04:30:29,Newer Omicron subvariants account for over 80 pct new infections in U.S.
2022-07-13 02:19:30,UN approves emergency aid for victims of Bangladesh flash flooding
2022-07-13 05:40:45,Chinese envoy identifies 4 areas to promote strategic communications in UN peacekeeping
2022-07-13 02:02:30,Iran criticizes West's centuries-long history of environmental destruction
2022-07-13 03:56:42,At least 6 killed in shootout in Rio de Janeiro favela
2022-07-13 03:08:29,"COVID-19 pandemic ""nowhere near over"":WHO"
2022-07-13 06:52:44,Two quakes rattle Chile's Easter Island
2022-07-13 01:12:15,"Ethiopia, UN sign agreement for rehabilitation of war-torn northern region"
2022-07-13 01:03:15,"Kenya, UNICEF deploy therapeutic food to avert childhood malnutrition"
2022-07-13 01:12:14,Commuters in Ethiopia face transportation headache amid fuel price hike
2022-07-12 23:21:59,India's industrial production grows 19.6 pct in May
2022-07-12 23:49:15,"Singapore reports 5,979 new COVID-19 cases"
2022-07-13 00:13:15,"Roundup: Bangladesh's forex reserves fall below 40 bln USD, lowest in two years"
2022-07-13 05:20:42,Rising food prices exacerbate global hunger: report
2022-07-13 06:32:42,Roundup: Heatwave sweeps across Europe
2022-07-13 06:11:44,Italian PM to announce more economic incentives
2022-07-13 07:33:59,U.S. EIA lowers projections for 2022 oil prices
2022-07-13 03:54:30,Roundup: NASA releases Webb telescope's first images of unseen universe
2022-07-13 05:00:44,Canadian telecom regulator requests reason behind Rogers outage
