﻿2022-04-18 19:36:16,At least 12 people buried as mini market building collapses in Indonesia's Kalimantan
2022-04-18 20:44:33,Italian PM tests positive for COVID-19
2022-04-14 19:04:13,China's Xi'an launches new freight train service to Europe
2022-04-15 21:25:28,West bears partial responsibility for Russia-Ukraine conflict: former French politicians
2022-04-15 16:36:00,Unknown disease kills 7 children in India's Rajasthan
2022-04-16 18:46:30,Russia bans British top officials from entry
2022-04-16 23:48:45,Iran says IAEA continues to monitor nuke activities without access to camera records
2022-04-16 23:34:46,Ashraf takes oath as speaker of Pakistan's National Assembly
2022-04-16 04:38:30,France's annual CPI in March hits highest since December 1985
2022-04-16 01:50:15,Rwanda-UK deal on asylum-seekers draws mixed reactions
2022-04-16 04:35:30,"FMs of Cyprus, Lebanon discuss energy cooperation, bilateral relations"
2022-04-16 11:47:30,"World Insights: NATO's expansion to worsen Ukraine crisis, decay European security"
2022-04-17 07:52:15,Russia claims full control of urban area of Mariupol
2022-04-17 09:05:30,S.Korea says DPRK launches 2 projectiles into east waters
2022-04-17 20:30:15,Sri Lanka sends delegation to IMF for crucial discussions
2022-04-17 13:21:15,Facts about Russia-Ukraine conflict: Russia says urban area of Mariupol fully controlled
2022-04-18 19:22:47,
2022-04-18 21:55:01,
2022-04-18 21:14:45,UN stresses importance of elections in Libya to end current political impasse
2022-04-18 16:08:45,Bangladesh points out discrepancies in U.S. human rights report
2022-04-18 11:17:45,"EU to provide another 50 mln euros of humanitarian aid to Ukraine, Moldova"
2022-04-18 13:34:13,"Interview: Russia-Ukraine conflict affects Africa's wheat, oil importing countries most, says business leader"
2022-04-18 10:13:30,"Chile adds 1,424 new COVID-19 cases, 32 deaths"
2022-04-18 22:20:58,Feature: Bionic hand helps disabled Gazans regain hope
2022-04-18 17:05:45,Backgrounder: Deadly U.S. mass shootings in past two years
2022-04-18 15:23:29,Five missiles hit Ukraine's western city of Lviv
2022-04-19 05:50:45,Roundup: UN chief calls for immediate humanitarian ceasefire in Ukraine
2022-04-19 06:50:58,Russian forces start battle for Donbas: Ukrainian president
2022-04-19 11:17:04,"Algerian, Russian presidents discuss ties, Russia-Ukraine conflict over phone"
2022-04-19 06:58:00,S. Africa declares state of national disaster to tackle widespread floods
2022-04-19 10:13:30,Roundup: Turkish people voice concerns over U.S. bio-labs across world
2022-04-19 11:15:45,"Palestinian president discusses Mideast tension with Jordanian King, Putin"
2022-04-19 11:20:00,Argentina condemns new British military exercises in South Atlantic
2022-04-19 08:44:02,Colombia parts ways with manager Rueda
2022-04-19 10:15:30,Israeli fighter jets bombard Hamas facilities in response to rocket attack
2022-04-19 04:08:45,Mexican president pushes lithium bill after energy reform setback
2022-04-19 04:19:45,World Bank expects debt crisis to continue to worsen in 2022
2022-04-19 06:24:00,Oil prices climb amid Libya outages
2022-04-19 05:07:45,UN envoy stresses political solution to Libya crisis
2022-04-19 06:58:00,S. Africa declares state of national disaster to tackle widespread floods
2022-04-19 11:14:45,Specialty clinic to treat lingering COVID-19 symptoms in Australian capital
2022-04-19 11:55:58,China deeply saddened by passing of Philippine ambassador: spokesperson
2022-04-19 10:40:45,Aussie state establishes coordinating body to lead flooding rebuilding efforts
2022-04-19 09:28:17,Germans show less trust in democracy system: surveys
2022-04-19 08:01:28,"Classic cars take part in rally in Moscow, Russia"
2022-04-19 06:50:58,Russian forces start battle for Donbas: Ukrainian president
2022-04-19 09:53:30,Asian Americans take safety into own hands amid surge in hate crimes: FT
2022-04-19 10:35:45,"Interview: Retired diplomat deems giant pandas' arrival a symbol of ""new start in U.S.-China relations"""
2022-04-19 10:50:33,Millions of laid-off Americans plan to stay away indefinitely: report
