﻿2022-07-28 00:39:02,BRI helps Croatia realize centuries-old dream as Peljesac Bridge opens to traffic
2022-07-30 02:32:16,White House approves disaster declaration for Kentucky in wake of deadly flooding
2022-07-27 19:14:46,"Namibia, South Korea to explore options for further development of esports"
2022-07-27 03:58:00,446 migrants rescued off Libyan coast last week: IOM
2022-07-27 12:34:17,Sri Lanka's former president to extend stay in Singapore: local reports
2022-07-27 19:57:01,Türkiye inaugurates Joint Coordination Center for Ukraine's grain shipment
2022-07-27 01:43:39,Russia to quit ISS after 2024: space chief
2022-07-27 12:21:46,U.S. in leadership shortage crisis: Singaporean newspaper
2022-07-28 21:40:15,Japan's daily COVID-19 cases hit record for 2nd straight day
2022-07-28 19:27:30,Former Pakistani president Zardari tests positive for COVID-19
2022-07-28 04:56:15,Roundup: Joint coordination center for Ukraine's grain shipment opens in Istanbul
2022-07-28 04:30:15,"Monkeypox hits Europe, Americas hardest: WHO"
2022-07-28 02:46:30,"Monkeypox hits Europe, Americas hardest: WHO"
2022-07-29 23:30:15,"Pakistani, Afghan FMs meet on enhancing economic integration"
2022-07-29 07:00:45,"News Analysis: U.S. hits technical recession, but many sectors remain healthy"
2022-07-29 20:36:01,"Inflations in France, Spain reach new high in nearly 40 years"
2022-07-29 10:18:00,Peru extends state of emergency due to COVID-19 amid fourth wave
2022-07-29 03:54:15,"Austrian Chancellor says EU embargo on Russian gas ""impossible"""
2022-07-29 13:49:02,
2022-07-29 19:03:00,"11 dead, 4 injured as train ploughs into minibus in Bangladesh"
2022-07-29 00:52:59,Joint coordination center opens in Türkiye to ensure safe shipment of Ukrainian grain
2022-07-29 11:48:13,Most Americans pessimistic about solving social issues: report
2022-07-29 17:25:32,
2022-07-30 03:19:15,"China urges building balanced global, regional security architecture"
2022-07-30 04:42:15,Cabinet reshuffle response to economic challenges: Argentine president
2022-07-30 01:12:31,Zambia commissions China-financed project to improve water supply in Zambian capital
2022-07-30 04:38:01,Attacks on UN bases in DRC halted or prevented: UN
2022-07-30 04:56:00,Kate Bedingfield stays as White House communications director
2022-07-30 05:44:30,Palestine accuses Israel of ignoring Biden's pledges
2022-07-30 01:05:16,U.S. Los Angeles drops plans to reimpose indoor mask mandates
2022-07-30 07:26:30,UN political affairs chief warns of bleak prospects for ending Russia-Ukraine conflict
2022-07-30 05:26:43,"German FM visits Türkiye, praises grain export deal"
2022-07-30 02:51:00,Death toll from flash floods in Iran reaches 53
2022-07-30 06:47:15,Brazil confirms first monkeypox-related death
2022-07-30 02:32:16,White House approves disaster declaration for Kentucky in wake of deadly flooding
2022-07-30 06:14:30,"Lavrov, Blinken discuss situation in Ukraine over phone"
2022-07-30 05:01:13,Chinese-built highway inaugurated in southwestern Cameroon
2022-07-30 01:12:31,Zambia commissions China-financed project to improve water supply in Zambian capital
2022-07-30 05:09:45,Egypt rejects Ethiopia's continued filling of Nile dam
2022-07-30 01:12:00,Uzbekistan's economy grows 5.4 pct in first half 2022
2022-07-30 00:31:00,Pakistani rupee rebounds to snap 10-day losing streak
2022-07-29 21:53:30,Interview: Madagascar diversifies tourism offer to bring back international travellers
2022-07-30 05:26:43,"German FM visits Türkiye, praises grain export deal"
2022-07-30 07:26:30,UN political affairs chief warns of bleak prospects for ending Russia-Ukraine conflict
2022-07-30 07:32:30,"5.6-magnitude quake hits 261 km SE of Vilyuchinsk, Russia: USGS"
2022-07-30 06:23:45,Mega Millions jackpot grows to 1.28 billion U.S. dollars
2022-07-30 07:46:15,"Major U.S. areas sound alarm on monkeypox as nearly 5,000 cases reported nationwide"
2022-07-30 07:16:15,"News Analysis: U.S. markets end week on rally despite technical recession, rate hikes"
