﻿2022-08-12 09:42:15,China-proposed BRI boosts socio-economic development of Pacific island countries -- Fijian expert
2022-08-13 19:40:15,World Insights: U.S. Congress passes Inflation Reduction Act amid harsh criticism
2022-08-10 17:54:17,Severe drought displaces over 1 mln Somalis: UN
2022-08-10 14:07:15,World Insights: Japan extremely selfish to insist on discharging nuclear wastewater into sea
2022-08-10 13:06:45,"Japanese PM reshuffles cabinet, LDP leadership as support rates tumble"
2022-08-10 17:12:45,"9 dead, 7 missing in S.Korean heavy rainfall"
2022-08-11 07:11:45,12 vessels authorized to depart Ukrainian ports for grain export: UN official
2022-08-11 21:47:00,Five European countries help France to fight wildfires
2022-08-11 07:32:15,Cuba makes progress in controlling fuel farm fire
2022-08-11 07:30:15,12 vessels authorized to depart Ukrainian ports for grain export: UN official
2022-08-12 21:36:00,Indonesia to complete 1st phase of foot-and-mouth disease vaccination by September
2022-08-12 16:15:15,Feature: Chinese support boosts Uganda's health care services
2022-08-12 08:07:02,
2022-08-12 03:33:15,"African observers laud Kenya for holding free, fair elections"
2022-08-12 12:44:00,"Interview: U.S. in no position to talk about human rights, says expert"
2022-08-12 04:09:45,German Chancellor Scholz promises more aid for rising energy prices
2022-08-12 06:59:30,News Analysis: U.S. monetary policy changes have knock-on impacts on euro zone
2022-08-13 10:54:45,Colombian gov't recognizes legitimacy of ELN guerrilla delegation for peace talks
2022-08-13 18:04:46,
2022-08-13 21:31:15,Ethiopia announces completion of third filling of mega-dam
2022-08-13 19:01:43,Highlights of free public fashion show in Vancouver
2022-08-13 05:45:00,Hotel fire leaves 22 injured in northern Colombia
2022-08-13 06:46:15,"U.S. Congress passes Democratic bill on tax, health care, climate"
2022-08-13 06:38:45,UN chief appoints Abdulla of Sudan as coordinator for Black Sea Grain Initiative
2022-08-13 05:21:31,The 28th Sarajevo Film Festival opens in Bosnian capital
2022-08-13 04:52:15,"Ukrainian president proposes extending martial law, general mobilization"
2022-08-13 00:40:00,Roundup: Drought declared in parts of England as hot weather persists
2022-08-13 05:10:16,U.S. judge unseals search warrant for Trump's Mar-a-Lago estate
2022-08-13 18:01:15,World Insights: U.S. Congress passes Inflation Reduction Act amid harsh criticism
2022-08-13 02:55:30,WHO gives new names to variants of monkeypox virus
2022-08-13 10:44:00,It takes more than rhetoric for U.S. to woo Africa: The Guardian
2022-08-13 05:28:15,168 aid workers suffer attack so far this year: UN
2022-08-13 13:03:00,"World Insights: Japan's cabinet reshuffle reflects focus on politics, security over economy"
2022-08-13 22:19:15,Pakistan condemns terror incident in Saudi Arabia's Jeddah
2022-08-13 04:51:15,Mexican president deplores gang attacks on civilians in riots leaving 11 dead
2022-08-14 02:30:30,U.S. steals 89 tankers of oil from Syria: state media
2022-08-14 05:18:15,Feature: Artist shares message of hope through photo exhibition in crisis-hit Lebanon
2022-08-14 03:42:30,"Iranian FM warns U.S. against using ""language of threat"""
2022-08-13 22:32:00,Egyptian parliament approves 13-minister cabinet reshuffle
2022-08-14 02:06:30,"9 killed, 18 wounded in traffic accident in southern Egypt"
2022-08-14 01:20:00,Feature: Cameroon looks to bright future in film productions
2022-08-13 22:33:30,"Philippines logs 4,679 new COVID-19 cases, 48 more deaths"
2022-08-13 22:31:48,11 more Indian wetlands added to Ramsar int'l wetland list
2022-08-14 00:04:45,Myanmar reports 32 COVID-19 cases with Omicron sub-variants in August
2022-08-13 20:50:00,"One dead, 40 injured in music festival stage collapse in Spain"
2022-08-14 05:48:30,Chinese pianist performs for open-air concert in Berlin forest
2022-08-14 04:48:45,"Smuggler's van overturns in Austria, killing 3"
2022-08-13 19:01:41,Highlights of free public fashion show in Vancouver
2022-08-13 18:01:15,World Insights: U.S. Congress passes Inflation Reduction Act amid harsh criticism
2022-08-13 20:57:45,Roundup: Poliovirus found in NYC wastewater
