﻿2022-06-27 20:42:00,"Chinese vice premier meets exemplary groups, individuals of government offices administration"
2022-06-28 22:03:28,"Land transformation implemented in Lulong, China's Hebei"
2022-06-29 00:25:45,"Chinese premier urges efforts to stabilize employment, safeguard livelihoods"
2022-06-29 22:38:45,Bridge deck ancillary works from Jakarta-Bandung HSR No. 4 casting yard to Tegal Luar Station completed
2022-06-29 19:36:29,"Chinese vice premier stresses clean, efficient use of coal"
2022-06-29 22:46:14,China removes mark for COVID-hit regions on visitors' travel code
2022-06-30 02:24:15,"Xi inspects Wuhan, stresses sci-tech innovation, COVID-19 control, community management"
2022-05-29 13:05:59,
2022-06-06 08:18:04,24 Solar Terms: Grain in Ear
2022-06-20 08:55:04,"GLOBALink | See you again, Bayanbulak"
2022-06-21 07:36:44,24 Solar Terms: Summer Solstice
2022-06-23 18:22:15,Across China: Technologies aid efforts to raise public awareness of cultural relic restoration
2022-06-28 19:50:30,China urges U.S. to cease official exchanges with Taiwan: FM spokesperson
2022-06-28 16:04:28,Total of COVID-19 vaccine doses administered on Chinese mainland hits 3.4 bln
2022-06-28 16:42:44,China's new COVID-19 protocol cuts isolation length for inbound travelers
2022-06-28 23:39:28,"China Focus: Shenzhou-13 astronauts meet press after quarantine, recuperation"
2022-06-28 22:19:58,Over 25 mln foreigners learning Chinese by end of 2021: education ministry
2022-06-28 22:43:12,Chinese FM meets with outgoing EU ambassador
2022-06-28 18:59:15,China unveils major sci-tech issues of 2022
2022-06-29 19:34:30,China Focus: Shanghai resumes dine-in services at restaurants as COVID-19 wanes
2022-06-29 22:45:00,"Senior Chinese diplomat to visit Pakistan, UAE, Zimbabwe, Mozambique"
2022-06-29 22:43:45,"China urges G7 to cease all attacks, smears against country"
2022-06-29 19:36:29,"Chinese vice premier stresses clean, efficient use of coal"
2022-06-29 20:14:45,China sees flourishing commercialization of sci-tech achievements
2022-06-29 19:47:30,"Hong Kong to distribute 280,000 RAT kits following sewage COVID-19 detection"
2022-06-29 20:00:32,Xi Focus-Closeup: Xi's letter inspires farmers to contribute to food security
2022-06-29 18:17:59,"1992 Consensus should not be distorted, discarded: spokesperson"
2022-06-29 22:22:30,China Focus: China's Mars probe completes targeted exploration
2022-06-29 15:38:15,"Chinese people directly elect 2.6 mln lawmakers at township, county levels"
2022-06-29 16:11:30,8 Qing Dynasty stone tablets found in SW China shrine
2022-06-29 22:03:11,Main towers of Taiping Lake grand bridge in E China's Anhui
2022-06-29 16:08:33,Taiwan's consumer confidence weakens to new low
2022-06-29 10:21:15,Chinese mainland reports 3 new local confirmed COVID-19 cases
2022-06-29 15:19:15,CPC membership exceeds 96.7 million
2022-06-29 22:18:47,
2022-06-29 23:36:47,
2022-06-30 00:41:35,
2022-06-30 00:22:15,Across China: Farmers breathe life into soil in old coal-mining area
2022-06-30 07:40:00,U.S.-listed Chinese firms trade mostly lower
2022-06-30 07:26:01,Diwopu railway station in Xinjiang put into operation
2022-06-30 01:20:30,Audi builds new e-car plant in China
2022-06-30 02:29:44,Belt and Road Journalists Forum focuses on media's social responsibilities
2022-06-30 02:54:45,China stands ready to work with SCO members in building closer community with shared future: Chinese FM
2022-06-30 00:16:14,China's top legislature enacts 69 new laws in ten years
2022-06-30 03:23:45,China's central bank stresses importance of financial support for real economy
2022-06-30 00:55:30,"China, Philippines vow to further promote bilateral ties"
2022-06-30 00:12:16,Guangdong carbon market closes higher
