﻿2022-04-28 21:44:11,China's commerce ministry boosts supply of necessities to regions with COVID-19 resurgences
2022-04-29 07:15:47,People from different walks of life join fight against COVID-19 in Beijing
2022-04-29 19:39:43,Chaoyang District of Beijing starts new round of nucleic acid testing
2022-04-30 19:01:25,Workers work on construction site during Labor Day holiday in Chengdu
2022-04-30 00:48:13,Budapest's major logistics hub promotes Sino-EU trade cooperation
2022-04-30 20:57:03,China taps local speciality industries to push rural vitalization
2022-04-30 07:33:27,Auto making industry in Shanghai resumes production amid COVID-19 control
2022-04-08 08:08:39,GLOBALink | Junior football team on edge of desert in Xinjiang
2022-04-13 15:15:51,GLOBALink | Female livestreamer helps locals increase income in Xinjiang
2022-04-20 07:23:15,24 Solar Terms: Grain Rain
2022-04-24 08:18:05,GLOBALink | Parkour teenagers in ancient city of Kashgar
2022-04-27 21:49:58,"China, Pakistan to cooperate on hunting down terrorists: spokesperson"
2022-04-27 19:08:56,China Focus: Digitalization helps more people in China discover joy of reading
2022-04-27 23:18:15,"Chinese premier stresses keeping employment stable, logistics smooth"
2022-04-28 15:04:49,Across China: Hainan's boat-shaped houses tell stories of rich ethnic culture
2022-04-28 22:44:31,International rules not defined by certain clique: FM spokesperson
2022-04-28 13:57:01,"China launches learning app for middle, primary school students"
2022-04-28 22:18:01,Spokesperson blasts U.S. maritime bullying
2022-04-29 20:50:46,China willing to deepen mutually beneficial cooperation with Caribbean countries: FM
2022-04-29 22:41:11,Fighting terrorism shared responsibility of international community: FM spokesperson
2022-04-29 07:46:11,"Respect small states, practice true multilateralism: Chinese envoy"
2022-04-29 13:02:58,China launches two new satellites
2022-04-29 20:40:28,Beijing requires 48-hr negative COVID-19 test result to enter public venues
2022-04-29 23:08:32,Mainland medical supplies against COVID-19 arrive in Hong Kong orderly
2022-04-29 21:17:46,"China reiterates call for peace between Russia, Ukraine through talks"
2022-04-29 16:19:15,Omicron variant leaves no room for relaxation in epidemic control: expert
2022-04-29 14:49:43,"Chinese scientists produce glucose, fatty acids with carbon dioxide"
2022-04-29 23:18:26,Chinese premier holds phone conversation with Norwegian PM
2022-04-29 17:20:13,"Chinese scientists produce glucose, fatty acids with carbon dioxide"
2022-04-29 13:14:15,China to further increase COVID-19 vaccination rate among elderly
2022-04-30 17:52:29,
2022-04-30 19:15:56,Xinhua Commentary: Why China stands firm on dynamic zero-COVID policy
2022-04-30 21:57:45,Economic Watch: China's manufacturing PMI down in April
2022-04-30 20:46:28,China-Laos low-carbon demonstration zone unveiled in Vientiane
2022-04-30 18:18:45,Xi stresses healthy development of capital in China
2022-04-30 22:07:58,Five rescued after building collapses in central China
2022-04-30 19:01:25,Workers work on construction site during Labor Day holiday in Chengdu
2022-04-30 23:18:02,China Focus: Beijing ups restrictions to contain latest COVID-19 flare-ups
2022-04-30 18:40:32,
2022-04-30 23:50:14,"HKSAR gov't continues to provide free COVID-19 testing service for elderly, targeted groups"
2022-04-30 18:13:14,
2022-04-30 20:32:26,Relations with China strategically important: Azerbaijani president
2022-04-30 17:45:43,China's non-manufacturing PMI down in April
2022-04-30 15:23:28,China launches new satellites
2022-04-30 22:47:58,Xi orders all-out rescue efforts after building collapse
2022-04-30 16:15:01,Beijing launches 3rd round of nucleic acid testing
2022-04-30 21:50:43,"Feature: Overseas Chinese workers demonstrate commitment, tenacity in tackling project challenges"
2022-04-30 22:29:58,Guest Opinion: Can the West speak for the world?
2022-04-30 21:26:46,"Taiwan reports 15,033 new local COVID-19 cases, three new deaths"
2022-04-30 17:37:45,"Feature: Shanghai group buying organizers fill niches, warm hearts"
2022-04-30 20:26:30,Xi orders all-out rescue efforts after building collapse
2022-05-01 00:53:30,Xi stresses healthy development of capital in China
2022-05-01 00:34:11,"Xi Focus: Xi stresses healthy development, positive role of capital in China"
2022-05-01 07:28:23,"Mobile vaccination vehicles dispatched in Nanjing, Jiangsu"
