﻿2022-04-15 05:40:15,Global COVID-19 cases surpass 500 mln: WHO
2022-04-13 22:23:15,Namibia suspends poultry imports from U.S. after bird flu outbreak
2022-04-13 10:07:30,Russia accuses U.S.-funded labs of developing bio-weapons
2022-04-14 19:04:13,China's Xi'an launches new freight train service to Europe
2022-04-14 05:52:15,"Macron, Le Pen confirmed winners in France's 1st round of presidential election"
2022-04-14 11:38:15,Russian defense ministry says missile cruiser of Black Sea fleet damaged by blast
2022-04-14 21:36:45,African lobby launches award for excellence in climate reporting
2022-04-14 19:27:59,U.S. gov't under pressure from airlines to let mask rule lapse: The Financial Times
2022-04-14 17:26:47,
2022-04-14 10:27:58,Roundup: African tourism experts expect better communication to support industry's sustainable recovery
2022-04-14 21:16:45,"Singapore finance minister endorsed as leader of ruling party's ""4G"" team, paving way to next PM"
2022-04-14 20:01:06,Turkey keeps benchmark interest rate unchanged for 4th straight month
2022-04-14 21:50:48,U.S. urged to protect rights of ethnic minorities
2022-04-14 23:00:00,Ex-Colombia captain Rincon dies after car crash
2022-04-14 11:47:15,Chile to create network of green corridors for maritime transport
2022-04-14 02:47:00,"COVID-19 still a global health emergency despite drop in cases, deaths: WHO"
2022-04-14 21:42:45,Rwanda agrees to receive asylum seekers sent from UK
2022-04-14 22:37:01,ECB sticks to stimulus wind-down timeline
2022-04-14 18:51:45,UN stresses importance of avoiding escalation in Libya
2022-04-14 18:02:50,
2022-04-14 11:11:17,Death toll in Philippines from storm Megi up to 121
2022-04-14 03:26:00,UN chief calls for action to mitigate global impact of Russia-Ukraine conflict
2022-04-14 06:51:32,"U.S. dollar dips as euro, sterling rise"
2022-04-15 01:58:30,"Putin eyes south, east as Russian energy supplies to west wane"
2022-04-15 08:28:04,World Art Day marked in Cameroon
2022-04-15 06:50:14,IMF to downgrade forecast for over 140 economies amid Russia-Ukraine conflict
2022-04-15 07:05:00,"U.S. stocks drop as bond yields climb, inflation worries linger"
2022-04-15 02:55:45,Feature: Gaza library reopens upon ruins after bombing
2022-04-15 00:17:33,"Putin eyes south, east as Russian energy supplies to west wane"
2022-04-15 02:12:45,UN envoy warns against attempts to use truce in Yemen to prepare for escalation
2022-04-15 06:10:00,IMF to downgrade forecast for over 140 economies amid Russia-Ukraine conflict
2022-04-15 03:31:43,"2 killed, 10 wounded in anti-terror operations in N. Iraq"
2022-04-15 03:17:45,Chinese-invested enterprises in South Africa hold job fair to pursue localized development
2022-04-15 04:55:45,Chile sees 4.33 pct COVID-19 positivity rate
2022-04-15 02:22:45,Israel successfully tests new laser-based air defense system
2022-04-15 03:12:15,New York faces limits in coping with gun violence without federal change: expert
2022-04-15 06:53:58,Lack of humanitarian funding risks ruining political momentum in Yemen: UN relief chief
2022-04-15 05:21:59,Global COVID-19 cases surpass 500 mln: WHO
2022-04-15 08:28:02,World Art Day marked in Cameroon
2022-04-15 05:33:00,"France, Algeria working on reviving bilateral ties: French FM"
2022-04-15 03:17:45,Roundup: Chinese-invested enterprises in South Africa hold job fair to pursue localized development
2022-04-15 00:48:30,India's Mahindra raises vehicle prices by 2.5 pct as input prices surge
2022-04-15 07:15:55,Eighth Bangladesh-China Friendship Bridge under construction in Pirojpur
2022-04-15 00:25:30,Bangladesh's Bengali New Year celebration returns with in-person events
2022-04-15 06:12:58,Cannes Film Festival announces official selection
2022-04-15 07:33:38,View of library of Admont Abbey in Austria
2022-04-15 04:35:00,Russian cruiser Moskva sinks following serious damage
2022-04-15 07:05:00,"U.S. stocks drop as bond yields climb, inflation worries linger"
2022-04-15 06:26:00,Oil prices rise as traders weigh prospect of EU ban on Russian oil
2022-04-15 05:56:00,Cuba sees no COVID-19 deaths for 3rd straight day
