﻿2022-08-16 17:46:16,Drought relief efforts increased to ensure water supply in parts of China
2022-08-16 10:58:15,"BRI brings ""road to prosperity"" for remote river bank residents in southern Bangladesh"
2022-08-17 01:23:45,Chinese premier urges economic powerhouses to consolidate recovery
2022-08-17 11:19:00,Xi inspects northeastern Chinese city of Jinzhou
2022-08-17 20:48:00,"Chinese vice premier stresses energy, power supply"
2022-06-20 08:55:04,"GLOBALink | See you again, Bayanbulak"
2022-06-21 07:36:44,24 Solar Terms: Summer Solstice
2022-07-07 07:14:05,24 Solar Terms: Lesser Heat
2022-07-23 07:29:03,24 Solar Terms: The Great Heat
2022-08-15 20:40:00,Chinese military spokesperson blasts U.S. Congress members' visit to Taiwan
2022-08-16 18:47:15,China renews red alert for high temperatures
2022-08-16 15:04:30,Across China: Arduous battle against tuberculosis bears fruit in Xinjiang
2022-08-16 20:35:00,"China unveils supporting measures for childbirth, parenting"
2022-08-16 18:08:31,
2022-08-16 23:20:00,Chinese vice premier stresses preparations for int'l services trade fair
2022-08-16 18:23:00,China Focus: China's political party system thrives over past decade
2022-08-16 09:59:30,"Diehard ""Taiwan independence"" separatists to be sanctioned: spokesperson"
2022-08-16 20:02:30,"China to facilitate quality African food, agricultural imports: spokesperson"
2022-08-16 23:06:00,Chinese premier urges economic powerhouses to consolidate recovery
2022-08-17 22:05:06,Shanghai sets up rest station for nearby outdoor workers in hot weather
2022-08-17 14:10:31,
2022-08-17 20:16:15,China urges U.S. to strictly observe one-China principle
2022-08-17 00:33:00,China unveils cultural development plan for 2021-2025 period
2022-08-17 19:44:30,China renews red alert for high temperatures
2022-08-17 20:46:00,China's stainless steel industry resilient: industry insiders
2022-08-17 20:02:15,"China to nurture over 4,000 SMEs as digital transformation models"
2022-08-17 09:29:00,Researchers call for mitigating impact of dryland urbanization on biodiversity
2022-08-17 09:25:45,China ups goal for proportion of scientifically literate citizens
2022-08-17 15:17:30,China Focus: 5G tech enables comprehensive digital transformation
2022-08-17 20:35:45,China's Chongqing makes strides in high-quality development
2022-08-17 16:43:15,Chinese researchers reveal law of cave biotic colonization in subtropical East Asia
2022-08-17 22:26:00,China takes solid steps to foster stronger sense of community for Chinese nation
2022-08-17 10:32:47,Chinese mainland reports 566 new local confirmed COVID-19 cases
2022-08-17 18:06:30,Across China: German vlogger amazed by China's ethnic cultures
2022-08-17 19:11:00,"China's Hainan readies over 21,000 makeshift beds as COVID-19 infections surge"
2022-08-17 23:10:16,China urges U.S. to strictly observe one-China principle
2022-08-17 19:46:45,China Focus: World's heaviest captive panda cub born in China
2022-08-17 14:30:46,
2022-08-17 12:47:30,Feature: Bringing beauty of Chinese poems to world
2022-08-17 20:24:45,Explainer: What's behind the ongoing heatwave scorching parts of China
2022-08-17 21:07:30,Coordinators' meeting on implementing FOCAC 8th ministerial conference results to be held
2022-08-17 20:48:00,"Chinese vice premier stresses energy, power supply"
2022-08-17 20:27:48,Jiuwandashan No.4 tunnel drilled through in S China's Guangxi
2022-08-18 02:33:00,"Chinese premier stresses seeking new impetus for stabilizing economy, promoting development"
2022-08-18 03:48:30,Reservoirs replenish water supply in section of Yangtze River affected by drought
2022-08-18 00:20:30,China launches level-IV emergency response for floods in northern regions
2022-08-18 01:10:00,Top Chinese legislator holds virtual talks with Tonga's senior official
2022-08-18 03:43:45,"China, Japan hold 9th high-level political dialogue"
2022-08-18 00:10:45,Senior political advisors discuss CPPCC innovation
2022-08-18 01:02:48,China finds over 14 mln hidden risks during work safety overhaul
2022-08-18 00:17:45,"Punitive measures against diehard ""Taiwan independence"" secessionists have sufficient legal basis: spokesperson"
2022-08-18 00:09:15,Forum highlights Hong Kong's role in regional cooperation
