﻿2022-08-19 17:56:47,Xinhua Headlines: Decade-long eco-conservation regreens China's old industrial base
2022-08-19 22:28:01,China-Europe freight trains on tracks of win-win cooperation
2022-08-19 21:32:27,Hainan facilitates return of stranded tourists during latest COVID-19 resurgence
2022-08-20 02:40:30,China to step up support for people in difficulty to effectively meet basic living needs
2022-08-20 20:34:30,Vocational education conference in China offers platform for int'l exchanges
2022-08-20 22:49:00,China launches S&T activities to inspire innovation
2022-08-20 00:47:00,"World conference on vocational, technical education opens in north China"
2022-06-20 08:55:04,"GLOBALink | See you again, Bayanbulak"
2022-06-21 07:36:44,24 Solar Terms: Summer Solstice
2022-07-07 07:14:05,24 Solar Terms: Lesser Heat
2022-07-23 07:29:03,24 Solar Terms: The Great Heat
2022-08-17 18:06:30,Across China: German vlogger amazed by China's ethnic cultures
2022-08-19 20:32:30,China to build system for carbon emission calculation
2022-08-19 22:52:30,Chinese FM holds phone talks with French president's diplomatic counselor
2022-08-19 19:28:30,"China urges U.S. not to miscalculate resolve to defend sovereignty, territorial integrity"
2022-08-19 20:50:45,China Focus: Plan devised to bolster development of medical workers
2022-08-19 20:40:00,"Chinese embassies, consulates stand ready to help overseas Taiwan compatriots: spokesperson"
2022-08-19 23:21:17,
2022-08-19 20:14:04,"Taiwan detects local Omicron BA.4 cases, identified as family cluster"
2022-08-20 15:05:15,China's Long March rockets set record for consecutive successful launches
2022-08-20 16:40:00,"Xinhua Commentary: Joint communiques are the most reliable ""guardrails"" for China-U.S. relations"
2022-08-20 01:20:16,Chinese vice premier urges greater efforts to boost employment
2022-08-20 18:53:00,Vocational education conference in China offers platform for int'l exchanges
2022-08-20 23:51:15,Economic Watch: Cross-border e-commerce helps African products enter Chinese market
2022-08-20 10:14:15,Beijing sees better air quality in January-July period
2022-08-20 22:32:15,Commissioner's office of Chinese Foreign Ministry in HKSAR urges external forces to stop meddling with Hong Kong's rule of law
2022-08-20 01:45:30,Vice premier urges efforts to beef up COVID-19 control in Hainan
2022-08-20 20:57:15,China renews red alert for high temperatures
2022-08-20 10:26:15,Chinese mainland reports 578 new local confirmed COVID-19 cases
2022-08-20 21:18:31,"Tourists visit scenic spot in Guizhou, SW China"
2022-08-20 18:22:30,"Interview: Pelosi's visit to China's Taiwan seriously damages regional peace, stability, says Japanese scholar"
2022-08-20 00:41:15,"China moves to further bolster economy, help those in need"
2022-08-20 22:49:00,China launches S&T activities to inspire innovation
2022-08-20 22:47:02,
2022-08-20 22:09:50,A glimpse of service robots in Beijing
2022-08-20 00:47:00,"World conference on vocational, technical education opens in north China"
2022-08-20 19:05:15,Wild giant panda caught on camera in China's Sichuan
2022-08-20 18:45:45,China's futures companies maintain assets expansion in H1
2022-08-20 14:00:45,China Focus: China produces notable achievements in cyberspace building over past 10 yrs
2022-08-20 22:21:00,China Focus: Chinese vocational workshops help with training overseas
2022-08-20 22:42:47,
2022-08-20 20:49:30,Work team sent to China's Qinghai to guide rescue efforts
2022-08-20 18:45:00,China's Sichuan makes headway in high-quality development
2022-08-20 18:44:31,16 projects inked at investment promotion meeting in China's Ningxia
2022-08-21 00:46:45,Relics exhibition reveals metallurgy mysteries along ancient Silk Road
2022-08-21 00:30:45,"WRC showcases latest robotic technology, products in Beijing"
