﻿2022-08-09 07:22:35,"China's Sanya strives to ensure daily life supplies for local residents, stranded tourists"
2022-08-09 20:31:45,Senior CPC official stresses enhanced media contribution to Belt and Road construction
2022-08-09 21:07:32,Xinhua Headlines: How Belt and Road has changed an ancient Chinese city
2022-08-10 02:36:00,First group of tourists stranded in China's Sanya return home
2022-06-06 08:18:04,24 Solar Terms: Grain in Ear
2022-06-20 08:55:04,"GLOBALink | See you again, Bayanbulak"
2022-06-21 07:36:44,24 Solar Terms: Summer Solstice
2022-07-07 07:14:05,24 Solar Terms: Lesser Heat
2022-08-03 16:05:30,World heritage site Huangshan Mountain attracts more tourists in July
2022-08-06 18:22:15,Documentary festival on China held offline in Myanmar
2022-08-07 01:13:00,Pelosi's Taiwan visit exposes Tsai Ing-wen's political nature: experts
2022-08-08 23:15:33,Attempts to distort one-China principle doomed to fail: spokesperson
2022-08-08 17:35:15,Compilation of CPC's important literature published
2022-08-08 23:21:15,PLA Eastern Theater Command continues joint exercises around Taiwan
2022-08-08 19:43:15,"Over 8,500 people dispatched to help fight COVID-19 epidemic in China's Hainan"
2022-08-09 16:55:45,China aims to build more pocket parks in 2022
2022-08-09 14:22:00,China Focus: Digitalization invigorates China's rural revitalization
2022-08-09 20:34:00,China's machinery industry reports revenue growth in H1
2022-08-09 20:52:00,"China launches emergency response for typhoon, floods in parts of China"
2022-08-09 20:34:15,"Int'l community strongly rebukes Pelosi's Taiwan visit, supports China's countermeasures"
2022-08-09 18:45:45,"Xi replies to letter from teachers, students in Malta"
2022-08-09 16:21:03,
2022-08-09 21:58:15,Chinese vice foreign minister answers questions on Pelosi's Taiwan visit
2022-08-09 17:09:17,
2022-08-09 22:25:02,
2022-08-09 01:26:15,"Chinese, Mongolian FMs hold talks on boosting ties"
2022-08-09 09:43:45,China's space station lab module Mengtian arrives at launch site
2022-08-09 23:02:00,PLA Eastern Theater Command continues joint exercises around Taiwan
2022-08-09 19:36:00,China's SMEs development index edges down in July
2022-08-09 20:31:45,Senior CPC official stresses enhanced media contribution to Belt and Road construction
2022-08-09 10:01:30,Chinese NGO reveals U.S. violation of human rights
2022-08-09 14:23:46,China's commercial rocket CERES-1 Y3 launches three satellites
2022-08-09 23:25:45,"Xi replies to letter from teachers, students in Malta"
2022-08-09 15:15:45,China Focus: Beijing Central Axis to compete for world cultural heritage status
2022-08-09 12:49:15,China's commercial rocket CERES-1 Y3 launches three satellites
2022-08-10 00:05:30,Taiwan is part of China: British musician
2022-08-10 00:44:30,"Chinese state councilor stresses importance of flood control, workplace safety"
2022-08-10 07:25:28,Tourists join local volunteers in combating COVID-19 in Sanya
2022-08-10 00:34:15,China builds first rare earth PML maglev line
2022-08-10 02:55:30,"Chinese Foreign Minister calls for healthy, stable relations with ROK"
2022-08-10 00:51:30,"DPP warned against banking on external forces to seek ""Taiwan independence"""
2022-08-10 00:06:16,PLA Eastern Theater Command continues joint exercises around Taiwan 
2022-08-10 07:31:49,"In pics: 2022 World 5G Convention in Harbin, NE China"
2022-08-10 02:36:00,First group of tourists stranded in China's Sanya return home
2022-08-10 00:52:00,"China launches emergency response for typhoon, floods"
2022-08-10 03:02:00,"Chinese, ROK FMs have in-depth exchange of views on THAAD"
2022-08-10 00:39:15,"China strengthens monitoring production, storage of drugs in shortage"
2022-08-10 00:06:15,Tibet's Lhasa launches city-wide COVID-19 testing
