﻿2022-03-14 21:34:57,New mainland medical team arrives in Hong Kong to boost epidemic fight
2022-03-14 21:07:02,Xinhua Headlines: China guards against strong rebound of COVID-19
2022-03-15 16:58:00,China-Bangladesh trade to resume growth: Chinese ambassador
2022-03-15 17:30:29,Xinhua Commentary: Why China must stick to dynamic zero-COVID policy
2022-03-16 22:12:11,Senior officials pledge allegiance to Constitution
2022-03-16 07:25:16,Medical workers fight against recent COVID-19 resurgence in Shanghai
2022-03-16 22:25:30,300 more mainland medical staff arrive in Hong Kong to support epidemic fight
2022-03-16 20:54:14,China's Jilin receives nationwide medical assistance amid COVID-19 resurgence
2022-02-17 12:56:46,Stories of Jingdezhen in the Imperial Kiln: Designs for the Imperial Kiln
2022-02-19 08:51:39,Rain Water of 24 solar terms
2022-03-05 13:57:44,24 Solar Terms: Awakening of Insects
2022-03-14 23:54:15,Chinese premier stresses importance of steady economic growth
2022-03-15 09:45:16,"Chinese mainland reports 3,507 new local COVID-19 cases"
2022-03-15 21:54:32,
2022-03-15 13:18:12,Chinese envoy to UN says sanctions won't help solve Ukraine issue
2022-03-15 05:50:45,Senior Chinese diplomat meets U.S. national security advisor
2022-03-15 23:10:41,China will adhere to dynamic zero-COVID policy: health authorities
2022-03-15 11:56:15,Beijing sees groundwater level rise 9.64 meters in 6 years
2022-03-15 23:36:01,China to livestream second class from space station
2022-03-15 00:03:15,China urges U.S. to fully clarify biological military activities
2022-03-16 23:30:47,
2022-03-16 22:12:11,Senior officials pledge allegiance to Constitution
2022-03-16 20:44:45,China will not pilot property tax reform in more cities in 2022
2022-03-16 05:22:16,China regrets U.S. push for human rights language in Security Council resolution on South Sudan
2022-03-16 14:49:00,"Xiconomics: How China's new development philosophy drives global green, coordinated and sustainable growth"
2022-03-16 20:09:45,"Chinese Wisdom in Xi's Words: ""Well-measured use of nature is key"""
2022-03-16 22:50:30,China's education ministry stresses mental health amid epidemic
2022-03-16 23:39:45,"Xi holds phone talks with Turkmen president, president-elect"
2022-03-16 20:42:45,"China has 570,000 public legal service centers: ministry"
2022-03-16 19:04:15,China's outstanding yuan funds for forex rise in February
2022-03-16 13:03:05,GLOBALink | County of music
2022-03-16 10:51:03,
2022-03-16 22:09:16,Xinhua Commentary: Concerted efforts crucial to China's future amid global uncertainty
2022-03-16 23:49:46,U.S. should fully clarify biological military activities: newspaper
2022-03-16 16:46:45,China tests rocket engine for upcoming space lab launches
2022-03-16 20:11:43,U.S. a typical example of big countries bullying small countries: FM spokesperson
2022-03-16 20:55:45,Across China: Gharials in China's Bronze Age shine light on crocodilian evolution
2022-03-16 23:31:43,"Chinese, Indonesian presidents hold phone talks"
2022-03-16 19:02:15,Feature: A Hong Kong nursing assistant's firm belief in fighting COVID-19 pandemic
2022-03-16 22:25:30,300 more mainland medical staff arrive in Hong Kong to support epidemic fight
2022-03-16 23:41:45,Prolonged violation of children's rights in U.S. saddening: Chinese spokesperson
2022-03-16 14:02:30,Chinese scientists make new achievements in soybean genome study
2022-03-16 00:22:01,Mainland support boosts confidence in fighting COVID-19 in Hong Kong
2022-03-16 22:41:30,China urges U.S. not to undermine China's legitimate interests
2022-03-16 09:47:15,Across China: Gen Z injects new life into traditional Tibetan costumes
2022-03-16 15:24:15,Another flight carrying Chinese citizens evacuated from Ukraine arrives safely
2022-03-16 18:03:59,Chinese mainland opens up more business sectors for Taiwan residents
2022-03-16 22:11:16,China to offer 1 mln internship posts for job seekers
2022-03-16 17:13:01,Researchers retrieve Earth neutral atmospheric density
2022-03-17 07:50:19,"In pics: Francois' leaf monkeys in Mayanghe National Nature Reserve, SW China"
2022-03-17 07:36:26,Citizens receive COVID-19 vaccine in Hong Kong
2022-03-17 02:21:00,China's top legislature voices opposition against negative contents in U.S. spending bill
2022-03-17 00:05:45,Chinese vice premier calls for concrete measures to contain COVID-19 spread
2022-03-17 00:14:00,HKSAR gov't urges public not to let guard down on epidemic prevention
