﻿2022-04-21 20:38:29,Biden administration appeals ruling striking down travel mask mandate
2022-04-21 14:07:22,
2022-04-18 11:17:45,"EU to provide another 50 mln euros of humanitarian aid to Ukraine, Moldova"
2022-04-18 13:34:13,"Interview: Russia-Ukraine conflict affects Africa's wheat, oil importing countries most, says business leader"
2022-04-18 22:20:58,Feature: Bionic hand helps disabled Gazans regain hope
2022-04-18 17:05:45,Backgrounder: Deadly U.S. mass shootings in past two years
2022-04-18 15:23:29,Five missiles hit Ukraine's western city of Lviv
2022-04-19 21:05:13,IMF cuts 2022 global growth forecast to 3.6 pct amid Russia-Ukraine conflict
2022-04-19 06:50:58,Russian forces start battle for Donbas: Ukrainian president
2022-04-19 11:17:04,"Algerian, Russian presidents discuss ties, Russia-Ukraine conflict over phone"
2022-04-19 17:26:17,Timor Leste holds final round of presidential election
2022-04-19 06:58:00,S. Africa declares state of national disaster to tackle widespread floods
2022-04-19 16:20:01,Local prosecutors indict U.S. marine over sexual assault of woman in Japan's Okinawa
2022-04-20 16:58:46,Sri Lankan president assures impartial probe into police shooting
2022-04-20 07:33:45,U.S. stocks rally as investors eye earnings reports
2022-04-20 03:03:15,"Ukraine, Russia conduct fifth prisoner swap"
2022-04-21 12:43:30,Biden administration appeals ruling striking down travel mask mandate
2022-04-21 17:28:45,Global tourism industry to create nearly 126 mln jobs in 10 years: report
2022-04-21 17:58:46,Roundup: Ambitious young Ecuadorians see opportunity in learning Chinese
2022-04-21 16:37:30,Blast wounds 2 children in Afghanistan's Kabul: official
2022-04-21 21:32:00,"News analysis: Rapid responses, vaccination campaigns help curb COVID-19 spread in Egypt: experts"
2022-04-21 16:26:31,Putin orders blockade of Azovstal plant in Mariupol: media
2022-04-21 20:41:45,Track laying of Jakarta-Bandung HSR starts in Indonesia
2022-04-21 02:27:45,Canadian inflation spikes to 6.7 pct
2022-04-21 18:21:03,GLOBALink | Russia-Ukraine conflict: Russia says NATO tries to prolong fighting in Ukraine
2022-04-21 17:12:45,Urgent: Blast rocks Afghanistan's northern Kunduz city
2022-04-21 07:41:30,"Inflation hits pocketbook of 76 pct of Brazilians, says survey"
2022-04-21 19:26:29,
2022-04-21 06:21:15,"Chile adds 2,515 new COVID-19 cases, 8 deaths"
2022-04-21 03:47:00,Feature: Greeks to pay more for Easter meal this year
2022-04-21 05:42:15,UN investigators question 3-week-old Mali military operation that claimed 200-plus lives
2022-04-22 04:22:00,Turkey summons Iraqi envoy to defend cross-border offensive in N. Iraq
2022-04-22 03:09:58,"UN peacekeeping chief warns of ""trust deficit"" in disputed Abyei region"
2022-04-22 04:31:15,4 IS militants killed in airstrike in Iraq
2022-04-22 04:43:00,"First commercial flight in 6 years to depart Sanaa, Yemen on Sunday: UN"
2022-04-22 06:43:15,"UN chief calls for ambitious action on climate disruption, nature loss, pollution"
2022-04-22 05:55:15,Tunisian FM calls for taking Palestinian cause to forefront of int'l public opinion
2022-04-22 01:10:45,Nigerian president orders quick rescue of kidnapped train attack victims
2022-04-22 01:12:49,Africa's COVID-19 cases near 11.39 mln: Africa CDC
2022-04-22 00:20:45,"Singapore reports 3,420 new COVID-19 cases"
2022-04-22 00:27:43,Myanmar exempts foreign organizations from currency conversion order
2022-04-22 00:18:46,World Bank economist says Nepal's economy not in crisis
2022-04-22 03:18:58,"Zelensky discusses assistance for Ukraine with Spanish, Danish PMs"
2022-04-22 04:39:00,"Italy to be ""almost independent"" of Russian gas by 2023: minister"
2022-04-22 04:26:15,Dutch consumer confidence drops to lowest level
2022-04-22 03:25:58,U.S. child welfare system jabbed for putting Black kids in foster care: report
2022-04-22 04:37:00,U.S. struggling families face housing dilemma as pandemic aid ends
2022-04-22 06:06:13,"Roundup: Dry, windy weather feared to fuel wildfires in multiple states in U.S. Southwest"
