﻿2022-07-07 00:53:57,French PM presents new government's program to lawmakers
2022-07-07 00:52:00,Kenya's SGR train ferries 7.8 mln passengers since inception
2022-07-04 22:28:29,
2022-07-05 21:56:14,AU says COVID-19 poses most formidable risk to smooth operationalization of AfCFTA
2022-07-05 10:56:58,
2022-07-05 04:44:45,"Kiev says Ukraine's military operation in Lugansk region ""successful"""
2022-07-05 17:16:00,Sri Lankan PM says discussions with IMF to seek assistance successful
2022-07-05 03:06:44,"U.S. threatens Iranians' economic, health rights: gov't spokesman"
2022-07-05 20:10:45,"NATO allies sign accession protocols for Sweden, Finland"
2022-07-05 08:00:00,Independence Day mass shooting in Chicago suburb sends shock waves through U.S.
2022-07-06 06:55:42,U.S. stocks end mixed as investors assess recession risk
2022-07-06 23:51:44,"At least 200 shot, killed in holiday weekend gun violence across U.S.: database"
2022-07-06 05:16:29,UK PM reshuffles cabinet after shock resignations of two key ministers
2022-07-06 20:20:45,At least 300 inmates escape after armed attack on jail in Nigerian capital
2022-07-06 06:08:30,Deaths of Independence Day parade shooting in Chicago suburb rise to 7
2022-07-06 23:15:45,UN enlists football community to spur momentum for Sustainable Development Goals
2022-07-06 22:37:30,Roundup: UK PM vows to stay in office despite mass exodus of ministers
2022-07-06 04:52:15,"Independence Day shooting in Chicago ""symbolic"": The Guardian"
2022-07-06 06:11:30,News Analysis: UK PM under renewed pressure to go after two key ministers quit
2022-07-06 11:38:57,Suspect of mass shooting in Chicago suburb charged with 7 counts of 1st-degree murder
2022-07-07 07:46:27,"U.S. Fed minutes show officials see ""more restrictive stance"" if inflation persists"
2022-07-07 06:08:30,"Rockfall at Colombian gold mine kills two, injures four"
2022-07-07 04:33:15,"Iran arrests UK's deputy ambassador, foreign diplomats for ""spying"" activities"
2022-07-07 08:37:44,Pakistani FM holds phone conversation with U.S. secretary of state
2022-07-07 01:05:00,"China, Philippines vow to enhance good-neighborly friendship, deepen cooperation"
2022-07-07 09:24:00,"Colombia captures 32 Gulf Clan members suspected of drug trafficking, murder"
2022-07-07 08:40:44,Celebration of 47th anniversary of country's independence held in Comoros
2022-07-07 03:08:14,"Turkey renews extradition requests with Sweden, Finland after NATO membership deal"
2022-07-07 04:47:12,Famine feared in 8 areas of Somalia in 2 months: UN
2022-07-07 03:18:14,Roundup: UN report warns global hunger figure rose to 828 mln in 2021
2022-07-07 01:25:12,South African president warns citizens against under-age drinking
2022-07-07 06:42:27,"FAO warns of ""dire"" rise in hunger in LatAm, Caribbean"
2022-07-07 05:26:29,Roundup: Oil prices tumble no cause for concern about Kuwait's economy: oil experts
2022-07-07 01:35:00,Mozambique launches new round of polio vaccination campaign
2022-07-07 05:40:27,"Iran arrests UK's deputy ambassador, foreigners for ""spying"" activities"
2022-07-07 00:52:00,Kenya's SGR train ferries 7.8 mln passengers since inception
2022-07-07 02:17:14,"Turkish, Somali presidents discuss regional security, humanitarian aid"
2022-07-07 08:40:42,Celebration of 47th anniversary of country's independence held in Comoros
2022-07-07 10:11:00,"DRC, Rwanda agree to de-escalate tensions"
2022-07-07 10:56:29,Solomon Airlines to reinstate Manaoba services
2022-07-07 11:07:30,Australian online shopping continues surge in record financial year
2022-07-07 10:21:15,"Malaysia reports 3,561 new COVID-19 infections, 5 new deaths"
2022-07-06 23:55:45,Turkish traders to set up online stores to boost export to China: minister
2022-07-07 02:17:14,"Turkish, Somali presidents discuss regional security, humanitarian aid"
2022-07-07 07:27:17,"Question session of Bundestag held in Berlin, Germany"
2022-07-07 07:46:27,"U.S. Fed minutes show officials see ""more restrictive stance"" if inflation persists"
2022-07-07 06:52:30,"Fed officials see ""more restrictive stance"" if inflation persists: minutes"
2022-07-07 08:37:44,Pakistani FM holds phone conversation with U.S. secretary of state
