﻿2022-08-04 17:01:48,
2022-08-05 03:43:00,UN chief envisages Pact for Future during General Assembly high-level week
2022-08-02 06:14:15,U.S. kills al-Qaeda leader al-Zawahiri in drone strike in Afghanistan -- media
2022-08-02 07:52:15,Biden says U.S. killed al-Qaeda leader al-Zawahiri in drone strike
2022-08-02 07:38:45,Biden says U.S. killed al-Qaeda leader al-Zawahiri in drone strike
2022-08-02 13:50:01,"Roundup: Several U.S. states make emergency declarations, monkeypox likely to be next public health failure"
2022-08-02 05:55:30,France detects bird flu at turkey farm
2022-08-03 23:24:00,Roundup: China calls for rejection of double standards in nuclear non-proliferation
2022-08-03 23:35:30,First grain-laden ship from Ukraine passes through Istanbul's Bosphorus Strait after inspection
2022-08-03 20:09:30,1st grain ship leaving Ukraine resumes journey after inspection off Istanbul's coast
2022-08-03 04:04:00,Germany's wheat yields in 2022 below average due to drought
2022-08-03 05:49:45,1st grain ship leaving Ukraine anchors off Istanbul for inspection
2022-08-03 13:41:45,"Americans living in ""backsliding"" democracy: Washington Post"
2022-08-04 07:33:45,U.S. Congresswoman Jackie Walorski dies in car accident in Indiana
2022-08-04 06:44:30,Biden signs executive order on abortion rights
2022-08-04 21:34:31,
2022-08-04 06:56:30,U.S. stocks rally amid economic data
2022-08-04 18:13:00,"Economic Watch: EU economy grows for second quarter, recession fears linger"
2022-08-04 23:40:15,Cambodian PM meets Russian FM over ties
2022-08-04 18:24:45,Nepal to hold general elections on Nov. 20
2022-08-04 05:03:30,Venezuela reaffirms pledge of cooperation with OPEC+
2022-08-04 22:24:15,Feature: Time hardly heals wounds of families of Beirut port blasts' victims
2022-08-04 07:51:15,UN chief calls for taxation on windfall profits of oil and gas companies
2022-08-04 16:24:00,South American roses popular on Chinese Valentine's Day
2022-08-04 22:56:46,
2022-08-04 19:52:01,Biden signs executive order on abortion rights
2022-08-05 05:11:15,Israel sends more troops near Gaza amid tensions
2022-08-05 05:00:00,"UN regrets DR Congo expulsion of peacekeeper spokesman in ""tense"" situation"
2022-08-05 03:43:00,UN chief envisages Pact for Future during General Assembly high-level week
2022-08-05 03:03:30,Nuclear talks resume in Vienna after five-month hiatus
2022-08-05 06:06:15,"Italy unveils 17-bln-euro aid package to combat inflation, drought"
2022-08-05 05:37:30,"Bolivia sees 2 new monkeypox cases, steps up control measures"
2022-08-05 04:58:15,U.S. declares public health emergency over monkeypox
2022-08-05 07:26:16,Police find no victims after reports of shooting at mall in U.S. Minnesota
2022-08-05 03:34:15,Nuclear talks resume in Vienna after 5-month hiatus
2022-08-05 01:26:45,UN chief follows with concern reports of Nagorno-Karabakh tensions: spokesman
2022-08-05 10:08:45,"Thai nightclub fire kills at least 13, injures dozens: local media"
2022-08-05 00:22:15,"Xinhua Commentary: U.S. grossly trampling on international law, basic norms governing international relations"
2022-08-05 02:14:30,Feature: Hearing-impaired Gazan turns scrap metals into exquisite arts
2022-08-05 01:11:00,South Sudan extends transitional gov't by 2 years
2022-08-05 01:12:45,South Sudan raises USD auction to 20 mln USD weekly to stabilize economy
2022-08-05 01:11:01,"AU, COMESA launch joint election mission to observe Kenya's polls"
2022-08-05 10:08:45,"Thai nightclub fire kills at least 13, injures dozens: local media"
2022-08-05 10:20:45,"New Zealand logs 5,296 new COVID-19 community cases"
2022-08-05 09:59:33,Bacteria-killing proteins offer hope for better drugs: study
2022-08-05 07:39:18,Cyprus issues new yellow warning for high temperature
2022-08-05 10:18:00,Portuguese researchers discover antioxidant for fatty liver disease
2022-08-05 05:38:45,"Italy unveils 17-bln-euro aid package to combat inflation, drought"
2022-08-05 09:42:15,Weekly storage of natural gas in U.S. up: EIA
2022-08-05 07:26:16,Police find no victims after reports of shooting at mall in U.S. Minnesota
2022-08-05 07:02:00,"Canada's exports rise in June led by crude oil, gold"
