﻿2022-08-17 20:48:00,"Chinese vice premier stresses energy, power supply"
2022-08-18 02:33:00,"Chinese premier stresses seeking new impetus for stabilizing economy, promoting development"
2022-08-18 18:44:30,"China-Europe freight train service ""a passage of life"" amid pandemic: official"
2022-08-18 21:33:00,Xi Focus: Xi stresses revitalization of northeast China
2022-08-18 23:12:16,Xinhua Commentary: Rallying national support for Tibet testifies to China's institutional strengths
2022-06-20 08:55:04,"GLOBALink | See you again, Bayanbulak"
2022-06-21 07:36:44,24 Solar Terms: Summer Solstice
2022-07-07 07:14:05,24 Solar Terms: Lesser Heat
2022-07-23 07:29:03,24 Solar Terms: The Great Heat
2022-08-17 20:16:15,China urges U.S. to strictly observe one-China principle
2022-08-17 00:33:00,China unveils cultural development plan for 2021-2025 period
2022-08-17 19:44:30,China renews red alert for high temperatures
2022-08-17 09:29:00,Researchers call for mitigating impact of dryland urbanization on biodiversity
2022-08-17 16:43:15,Chinese researchers reveal law of cave biotic colonization in subtropical East Asia
2022-08-17 21:50:30,
2022-08-17 22:26:00,China takes solid steps to foster stronger sense of community for Chinese nation
2022-08-17 21:40:46,
2022-08-17 18:06:30,Across China: German vlogger amazed by China's ethnic cultures
2022-08-17 19:11:00,"China's Hainan readies over 21,000 makeshift beds as COVID-19 infections surge"
2022-08-17 12:47:30,Feature: Bringing beauty of Chinese poems to world
2022-08-18 02:33:00,"Chinese premier stresses seeking new impetus for stabilizing economy, promoting development"
2022-08-18 19:05:15,Chinese researchers build new weather station in Kunlun Mountains
2022-08-18 23:46:46,Xinhua Headlines-Xi Focus: Xi stresses revitalization of northeast China
2022-08-18 21:27:15,29 anti-China disruptors in Hong Kong plead guilty to conspiracy to subvert state power
2022-08-18 18:50:00,China's non-financial ODI up 4.4 percent in Jan.-July
2022-08-18 18:45:45,"China's oil, gas output hits record high in first 7 months"
2022-08-18 22:54:30,Spokesperson denounces proposed U.S.-Taiwan trade agreement
2022-08-18 21:22:45,China's air cargo traffic back to normal: official
2022-08-18 20:52:46,China issues sci-tech action plan to support carbon reduction
2022-08-18 01:10:00,Top Chinese legislator holds virtual talks with Tonga's senior official
2022-08-18 20:34:00,China allocates 420 mln yuan for disaster relief
2022-08-18 12:29:00,"Chinese ambassador calls on U.S., UK to handle ties with China by showing respect"
2022-08-18 19:03:30,China strongly opposes U.S. chips bill: commerce ministry
2022-08-18 22:30:47,
2022-08-18 21:33:00,Xi Focus: Xi stresses revitalization of northeast China
2022-08-18 00:10:45,Senior political advisors discuss CPPCC innovation
2022-08-18 23:15:30,Former senior provincial political advisor stands trial for bribery
2022-08-18 17:28:00,"Interview: Pelosi's Taiwan visit severely violates one-China principle, says expert"
2022-08-18 22:29:15,Measures taken to help giant pandas cool off in SW China's Sichuan
2022-08-18 00:17:45,"Punitive measures against diehard ""Taiwan independence"" secessionists have sufficient legal basis: spokesperson"
2022-08-18 18:04:15,Xinhua Commentary: Double-dealing Washington: The world's greatest scourge
2022-08-18 20:50:30,Xinhua Commentary: Rallying national support for Tibet testifies to China's institutional strengths
2022-08-18 12:16:15,Chinese researchers develop bio-based degradable footwear
2022-08-19 00:08:45,"China, Uzbekistan pledge more robust, solid intergovernmental cooperation"
2022-08-19 00:23:00,China allocates flood disaster relief funds for Qinghai
2022-08-19 03:47:15,"17 dead, 17 missing in NW China flash flood"
2022-08-19 07:20:53,World Robot Conference 2022 held in Beijing
2022-08-19 00:25:15,Conference held on enhancing pairing-up support for Tibet
2022-08-19 01:22:30,"China denounces ""Chinese debt trap"" accusation as a lie"
2022-08-19 03:08:00,Chinese FM makes proposal on building China-Africa community with shared future
