﻿2022-06-10 10:08:45,China-Europe freight trains busier as COVID-19 epidemic wanes
2022-06-10 22:12:14,U.S. inflation ticks up to 8.6 pct in May despite Fed's rate hikes
2022-06-07 21:42:29,World Bank downgrades 2022 global growth forecast to 2.9 pct
2022-06-07 20:39:16,2 killed in gunshots in German supermarket: police
2022-06-07 00:28:00,German FM to visit Pakistan: Pakistani foreign ministry
2022-06-08 18:33:30,Death toll in train derailment in Iran rises to 17
2022-06-08 04:29:28,"Syrian, Russian warplanes carry out military drills amid increasing Israeli strikes"
2022-06-08 03:33:29,New Omicron subvariants rise in U.S. COVID-19 cases
2022-06-08 05:39:30,"Tunisia, Britain sign MoU on renewable energies"
2022-06-08 23:26:00,Iran says turns off IAEA surveillance cameras
2022-06-08 21:02:15,Finnish PM infected with COVID-19
2022-06-08 18:59:30,1 killed in vehicle ramming incident in Berlin
2022-06-09 20:12:30,Greece's inflation hits 29-yr record in May
2022-06-09 23:25:44,French authorities launch probe into Ferrero salmonella outbreak
2022-06-09 17:54:00,More than 40 killed in DR Congo diamond mine collapse
2022-06-09 08:58:59,"Polarization among U.S. society leads to frequent mass shootings, racist killings: writer"
2022-06-10 19:19:03,
2022-06-10 04:39:15,"""Multiple victims"" reported after shooting in U.S. state of Maryland"
2022-06-10 21:40:15,"Feature: Israel spearheads veganism via ""world's largest"" vegan festival"
2022-06-10 09:17:59,"Ukrainian president signs sanction decrees on Russian president, officials"
2022-06-10 22:34:14,Feature: Turkish farmers resort to China-financed power plant for irrigation water
2022-06-10 21:40:15,"Lebanon urges int'l support for quick, safe return of Syrian refugees"
2022-06-10 17:49:03,
2022-06-10 06:55:30,Venezuelan workers march to reject country's exclusion from Americas summit
2022-06-11 05:59:59,"Interview: Americas summit spotlights U.S. waning influence, say Venezuelan experts"
2022-06-11 04:16:00,"Biden struggles in ""pond of exclusionary Summit of the Americas"""
2022-06-11 05:58:58,UK inflation expectations hit record as gov't plans support package
2022-06-11 00:43:45,19th Shangri-La Dialogue kicks off in Singapore
2022-06-11 06:32:00,At least 4 people killed by explosion in Colombia
2022-06-11 04:30:00,"UN chief appoints new tech envoy, assistant secretary-general for economics"
2022-06-11 09:33:17,Highlights of XIV International Ballet Competition in Moscow
2022-06-11 07:05:13,17 states elected into UN Economic and Social Council for three-year term
2022-06-11 00:03:30,Tanzanian president mourns 19 people killed in road accident
2022-06-11 05:43:00,More refugees die crossing the Mediterranean to Europe: UN
2022-06-11 06:38:15,Russian PM authorizes Russia's withdrawal from UNWTO
2022-06-11 06:19:13,Economic Watch: U.S. CPI ticks up to 8.6 pct in May as Fed struggles to tame inflation
2022-06-11 09:33:17,National Agriculture Education Show held in Uganda
2022-06-11 09:28:30,Ugandan children to be vaccinated against COVID-19 with parental consent
2022-06-11 02:23:46,"South Africa expects greater, deeper partnership with other BRICS countries: President Ramaphosa"
2022-06-11 03:29:00,"Tunisian president, Libyan FM discuss Libya's situation"
2022-06-11 00:43:45,19th Shangri-La Dialogue kicks off in Singapore
2022-06-11 09:25:30,"Pakistan rejects Washington's report on religious freedom as arbitrary, subjective assessment"
2022-06-10 23:46:32,"Chinese, U.S. defense chiefs agree to enhance strategic mutual trust, properly manage differences"
2022-06-11 06:38:15,Russian PM authorizes Russia's withdrawal from UNWTO
2022-06-11 06:09:01,Roundup: ECB's policy decisions put euro zone markets on their heels
2022-06-11 06:07:00,Russia holds Baltic drills amid NATO exercises
2022-06-11 08:01:15,"U.S. equities post weekly losses amid inflation, recession fears"
2022-06-11 06:19:13,Economic Watch: U.S. CPI ticks up to 8.6 pct in May as Fed struggles to tame inflation
2022-06-11 06:09:00,"U.S. life expectancy still falling, Native Americans hardest hit: study"
