﻿2022-04-09 03:23:13,White House marks Senate confirmation of first African American woman for Supreme Court
2022-04-06 20:51:27,India reports 1st case of Omicron XE variant
2022-04-06 21:53:46,Russia-Ukraine talks continue: Kremlin
2022-04-06 16:06:46,GLOBALink | Iconic China-gifted bridge opens in Manila
2022-04-06 04:01:00,"EU expels ""a number of"" Russian diplomats"
2022-04-06 07:30:12,Four global organizations urge 15 bln USD grants this year to fight pandemics
2022-04-06 17:51:01,Ukraine opens 11 humanitarian corridors
2022-04-06 17:08:45,
2022-04-07 12:17:03,
2022-04-07 07:12:56,Biden's extension of payment pause on federal student loans fuels inflation concerns
2022-04-07 10:56:45,Over 12.8 mln children in U.S. infected with COVID-19
2022-04-07 19:42:46,"ICRC helps evacuate 1,000 from Ukraine's Mariupol"
2022-04-07 09:33:15,"COVID-19 takes its toll on U.S. poor, low-income communities: The Guardian"
2022-04-07 10:01:31,Russia accuses U.S. of increasing military biological capability globally
2022-04-08 17:06:00,"Japan to expel 8 Russian diplomats, officials: foreign ministry"
2022-04-08 14:07:44,"Xinhua Commentary: U.S. reckless push for marijuana legalization irresponsible, dangerous"
2022-04-08 10:14:15,Israeli settlement construction undermines chances of peace: Palestinian PM
2022-04-08 10:23:14,"""Zero-COVID"" strategies were best option: New Scientist"
2022-04-08 11:52:30,"Growing number of U.S. lawmakers, gov't officials catch COVID-19"
2022-04-08 05:43:46,UN General Assembly adopts resolution to suspend Russia from Human Rights Council
2022-04-08 21:29:11,Russia denies missile strike on Kramatorsk railway station
2022-04-08 06:15:41,Russia declares early termination of membership of UN Human Rights Council
2022-04-08 06:27:45,WHO calls on mitigating climate crisis for health protection
2022-04-08 13:00:45,World Insights: Bitter Supreme Court nomination battle mirrors political polarization on Capitol Hill
2022-04-09 05:31:46,UN envoy urges Yemeni parties to commit to cease-fire after fighting in Marib
2022-04-09 07:01:45,UN unveils plan to prevent stricken oil tanker disaster off Yemen coast
2022-04-09 04:30:30,Head of Yemen's newly-formed presidential council vows to end war
2022-04-09 02:46:30,Canada's unemployment rate hits record low in March
2022-04-09 06:01:30,"Colombian president signs extradition of Gulf Clan drug kingpin ""Otoniel"""
2022-04-09 02:24:11,South Sudan parties vow to cease hostilities in trouble spots
2022-04-09 09:43:01,"Hamas, Fatah reject Israeli threats to storm Palestinian cities in northern West Bank"
2022-04-09 04:04:16,Ukrainian president hails visit of senior European officials to Ukraine
2022-04-09 09:09:50,Egyptian Muslims have iftar in Cairo
2022-04-09 11:01:15,Brazilian Socialist Party appoints former Sao Paulo governor Alckmin as Lula's running mate
2022-04-09 04:40:13,Death toll rises to 13 in flooding in NW Colombia
2022-04-09 05:05:30,Canada's unemployment rate hits record low in March
2022-04-09 04:39:29,Death toll rises to 10 in gas explosion in Algeria
2022-04-09 09:09:48,Egyptian Muslims have iftar in Cairo
2022-04-09 12:14:15,6 mln Somalians likely to face crisis or worse food insecurity: UN spokesperson
2022-04-09 13:38:30,"Vietnamese economy rosy in Q1, still faces bumpy road ahead"
2022-04-09 13:07:29,"India reports 1,150 new COVID-19 cases"
2022-04-09 13:57:30,35 die of leptospirosis in Fiji
2022-04-09 09:39:59,Von der Leyen offers accelerated EU accession process for Ukraine
2022-04-09 11:45:15,Russia to launch Luna-25 moon probe in August
2022-04-09 09:10:01,"Facts about Russia-Ukraine conflict: Russia hopes to end its operation ""in foreseeable future"""
2022-04-09 05:05:30,Canada's unemployment rate hits record low in March
2022-04-09 03:23:13,White House marks Senate confirmation of first African American woman for Supreme Court
2022-04-09 06:02:26,U.S. stocks end mixed as tech lags
