﻿2022-08-27 22:15:00,Economic Watch: Soaring China-Europe freight trains facilitate international trade
2022-08-31 07:22:15,Putin expresses deep condolences over death of Gorbachev
2022-08-28 12:02:15,"Death toll rises to 1,000 as torrential rains wreak havoc in Pakistan"
2022-08-28 18:02:00,Sri Lankan PM stresses need to protect poor to IMF delegation
2022-08-28 21:15:00,Int'l Army Games 2022 ends in Russia
2022-08-29 19:40:45,Disapproval rate of Japanese gov't hits record high: new poll
2022-08-29 03:02:15,France detects bird flu at duck farm
2022-08-29 09:19:45,6 injured in shooting at Los Angeles bar
2022-08-29 10:02:18,Colombia's ambassador-designate arrives in Venezuela for ties normalization
2022-08-29 02:44:00,Reviving 2015 nuclear deal in interests of all parties: Iranian spokesman
2022-08-29 03:07:00,Palestine condemns Israeli settlers for breaking into Al-Aqsa Mosque compound
2022-08-30 23:17:30,Mongolian PM reshuffles cabinet
2022-08-30 21:10:45,Angola major opposition party to file complaint against election results
2022-08-30 18:51:18,
2022-08-30 06:12:00,12 killed as al-Sadr supporters storm Iraqi gov't offices in Baghdad
2022-08-30 18:43:45,Sri Lanka to form unit to help restructure state-owned enterprises: president
2022-08-30 06:07:45,Face masks now optional for Peruvian school kids
2022-08-30 02:56:15,NASA postpones Artemis I moon mission due to engine issue
2022-08-30 10:21:15,U.S. study shows older homeless at greater risk of dying
2022-08-30 03:27:15,NASA's moon mission launch called off due to engine issue
2022-08-30 19:04:00,Portugal's health minister resigns amid hospital staff shortages
2022-08-30 02:53:45,Russian economy may slump 2-3 pct this year: official
2022-08-31 04:58:30,"Ukrainian president, IAEA chief discuss mission to Zaporizhzhia nuclear power plant"
2022-08-31 10:33:00,Brazil's ex-president Lula leads polls ahead of October presidential race
2022-08-31 09:33:30,More aid needed as Pakistan faces worst ever floods: PM
2022-08-31 03:30:15,UN chief to visit Pakistan to show solidarity
2022-08-31 06:11:30,Iraqi PM threatens to quit if political conflict continues
2022-08-31 11:46:15,"Palestinian president calls for Iraq's stability, end of tension through dialogue"
2022-08-31 06:22:45,Putin expresses deep condolences over death of Gorbachev
2022-08-31 10:42:31,
2022-08-31 03:35:15,25 Palestinians injured in clashes with Israeli soldiers in West Bank: medics
2022-08-31 06:29:45,UN Security Council renews Mali sanctions
2022-08-31 05:15:15,Tunisian president voices discontent over U.S. interference in internal affairs
2022-08-31 01:23:45,"Feature: Graduation of unified forces ignites hope of peace, security in South Sudan"
2022-08-31 04:04:30,Russia's Gazprom to reduce gas deliveries to French Engie due to disagreement
2022-08-31 04:03:30,Afghanistan heavy rains this year kill 250 people: UN
2022-08-31 09:32:00,8 rescued as building collapses in Nigeria
2022-08-31 06:21:45,High Council of State members propose holding Libya's parliamentary elections before year-end
2022-08-31 05:15:15,Tunisian president voices discontent over U.S. interference in internal affairs
2022-08-31 10:36:30,"Malaysia reports 2,144 new COVID-19 infections, 4 more deaths"
2022-08-31 11:45:30,"New Zealand logs 2,244 new COVID-19 community cases, 17 more deaths"
2022-08-31 11:50:45,"Laos expects to attract 900,000 foreign visitors in 2022"
2022-08-31 06:22:45,Putin expresses deep condolences over death of Gorbachev
2022-08-31 07:30:34,Türkiye marks 100th anniversary of Victory Day
2022-08-31 06:17:30,Ukraine gets 4.6 bln USD in foreign aid in August
2022-08-31 09:24:00,New migrant caravan leaves Mexico for U.S.
2022-08-31 07:28:45,U.S. crude oil inventories up last week: API
2022-08-31 09:57:30,Statistics reveal worsened living conditions in U.S.: Al-Jazeera opinion piece
