﻿2022-06-30 23:27:15,SACU countries facing increasing risk of stagflation: Botswana President
2022-06-27 23:55:00,Sri Lankan president orders to import fuel immediately
2022-06-28 22:05:01,Russia bans more Americans from entry
2022-06-28 21:47:03,"Presidents of Turkey, U.S. have phone talks ahead of NATO summit"
2022-06-28 20:57:45,"Turkey, Sweden, Finland and NATO to hold 4-way meeting in Madrid"
2022-06-28 18:37:15,"U.S. in ""national battle"" over abortion rights"
2022-06-28 20:19:30,Japan's ruling LDP sees highest support rate in run-up to upper house elections: survey
2022-06-28 11:07:30,"Over 40 people found dead inside 18-wheeler in Texas, U.S."
2022-06-29 18:49:59,Yael Braun-Pivet elected new speaker of French National Assembly
2022-06-29 18:21:59,Ukrainian PM outlines key cooperation priorities with EU
2022-06-30 14:50:30,U.S. House committee subpoenas former White House counsel as Capitol riot inquiry continues
2022-06-30 00:41:45,Uzbek court sentences 14 supporters of militant groups to jail terms
2022-06-30 12:47:15,Marcos sworn in as Philippines' 17th president
2022-06-30 19:49:29,"Chongqing, Chengdu record 20,000 China-Europe freight train trips"
2022-06-30 01:53:45,U.S. Supreme Court Justice Stephen Breyer to retire this week
2022-06-30 20:08:10,
2022-06-30 19:39:30,"Israeli parliament dissolves, Lapid becomes caretaker PM"
2022-06-30 19:09:14,"Tokyo stocks end sharply lower on domestic output concerns, U.S. recession woes"
2022-06-30 15:18:46,Afghanistan's Loya Jirga or grand assembly opens in Kabul
2022-06-30 18:12:39,GLOBALink | Inmates in U.S. private prisons become cheap laborers: experts
2022-06-30 13:09:30,4 charged after 53 migrants die in 18-wheeler in U.S. Texas
2022-07-01 05:53:00,Colombian president-elect confirms renowned economist as finance minister
2022-07-01 04:54:00,Chinese envoy urges U.S. to respond positively to reasonable demands of Iran
2022-07-01 04:51:00,Argentina confirms 6th case of monkeypox
2022-07-01 01:33:41,UN chief calls for more holistic approach to road safety
2022-07-01 02:56:15,First African American woman sworn in as U.S. Supreme Court justice
2022-07-01 05:59:00,"Saudi Arabia unveils priorities in research, innovation"
2022-07-01 02:00:15,NATO summit concludes amid criticisms of bloc's aggression
2022-07-01 04:20:57,"Russian, Indonesian presidents discuss Ukraine, food supplies"
2022-07-01 06:19:00,Inflation to exceed official target ceiling in 2022: Brazil's central bank
2022-07-01 03:17:57,Azerbaijani president reveals plan on Non-Aligned Movement office in New York
2022-07-01 07:19:15,News Analysis: Mixed signals for U.S. economy
2022-07-01 00:56:30,NATO summit concludes amid criticisms of bloc's aggression
2022-07-01 03:15:45,"EU, New Zealand conclude negotiations on free trade agreement"
2022-07-01 05:50:00,Houthi delegation in Jordan to resume UN-sponsored Yemeni truce talks: report
2022-07-01 02:52:42,First African American woman sworn in as U.S. Supreme Court justice
2022-07-01 05:35:56,"Algeria, Egypt vow to boost economic cooperation"
2022-07-01 05:28:01,Nuclear power can secure energy transitions: IEA reports
2022-07-01 06:24:15,Tunisia releases draft of new constitution to public
2022-07-01 05:35:56,"Algeria, Egypt vow to boost economic cooperation"
2022-07-01 03:44:45,China donates anti-COVID-19 supplies for refugees in South Sudan
2022-07-01 00:19:15,Feature: Quake-affected Afghan families in dire need of support for rebuilding houses
2022-07-01 00:46:30,"8 killed, 50 missing as massive landslide hits India's Manipur state"
2022-07-01 02:59:41,"5.9-magnitude quake hits 51 km NNE of Namuac, Philippines: USGS"
2022-07-01 05:59:02,Prague to host informal EU summit in October
2022-07-01 05:59:57,Chinese poetry recital held at Chinese culture center in Paris
2022-07-01 04:26:57,"Former Chinese, Swiss astronauts interact online with students"
2022-07-01 05:54:17,Canada confirms 278 cases of monkeypox
2022-07-01 06:56:15,Roundup: U.S. Fed's closely watched inflation measure surges in May
2022-07-01 07:19:15,News Analysis: Mixed signals for U.S. economy
