﻿2022-07-21 21:52:39,JSQ freight vehicle leaves Chongqing for first pilot run to Moscow
2022-07-24 21:56:43,Feature: U.S. sanctions slow down post-earthquake reconstruction in Afghanistan
2022-07-22 23:39:18,Former White House officials testify at prime-time hearing on Capitol riot
2022-07-23 09:02:15,Japan's nuclear regulator approves release of radioactive wastewater into ocean amid opposition
2022-07-23 23:58:00,EAC leaders call for fast tracking admission of Somalia into bloc
2022-07-23 01:03:56,News Analysis: Resignation of Italy's Draghi could spark period of uncertainty
2022-07-23 21:52:29,Monkeypox patient from Thailand found in Cambodian capital: deputy governor
2022-07-23 13:39:45,"World Insights: Int'l community welcomes Russia-Ukraine grain export deal, expects full implementation"
2022-07-23 17:18:29,"Cambodia slams U.S. ""Cambodia Democracy and Human Rights Act of 2022"""
2022-07-23 23:45:45,WHO declares monkeypox outbreak int'l public health emergency
2022-07-23 22:34:45,Urgent: WHO declares mutli-country monkeypox outbreak int'l public health emergency
2022-07-23 00:30:57,"Biden's symptoms ""have improved"" after COVID-19 treatment: physician"
2022-07-23 05:20:30,Roundup: Historic deal to resume grain exports from Ukraine signed in Istanbul
2022-07-24 10:40:30,"Biden's COVID-19 infection ""most likely"" caused by BA.5 variant: physician"
2022-07-24 12:38:44,"Feature: U.S. Texas scorched by heat, drought"
2022-07-24 19:53:30,"Three dead, two wounded in university campus shooting in Philippine capital"
2022-07-24 15:19:59,World Insights: EU's return to coal shows double standard on carbon reduction
2022-07-24 12:23:44,California's wildfire burning rapidly near Yosemite National Park
2022-07-25 00:25:12,Pakistani authority monitors entry routes amid int'l public health emergency of monkeypox
2022-07-25 20:32:45,"310 killed, nearly 300 injured as heavy rains continue to wreak havoc in Pakistan"
2022-07-25 16:12:46,
2022-07-25 17:07:45,At least 30 passengers killed in road accident in Kenya
2022-07-25 17:02:47,"World Insights: As monkeypox breaks out globally, Africa returns to spotlight"
2022-07-25 19:22:30,"Japan confirms 1st monkeypox case, alert issued"
2022-07-25 16:25:03,
2022-07-25 10:04:15,Bolsonaro officially announces candidacy for Brazilian president
2022-07-25 09:22:00,"Biden's COVID-19 symptoms ""improve significantly"": doctor"
2022-07-26 04:14:15,Iraqi parliamentary Shiite blocs name candidate for new PM
2022-07-26 06:06:12,"Peru faces ""community transmission"" of monkeypox: top health official"
2022-07-26 04:27:59,Iran's IRGC says fast warships equipped with stealth technology
2022-07-26 02:22:56,"Syria's absence in AL ""detrimental"" to Arab nation: Algerian FM"
2022-07-26 03:32:57,"471 casualties in one week of violence in Port-au-Prince, Haiti: UN"
2022-07-26 06:13:14,Brazilian president rejects sanctions against Russia to guarantee fertilizer imports
2022-07-26 03:00:00,"UN chief appoints Li Junhua of China as next under-secretary-general for economic, social affairs"
2022-07-26 05:54:13,Syria hands over 146 IS militants' family members to Tajikistan
2022-07-26 02:36:59,International Commission of Human Rights Experts on Ethiopia starts first visit to East African country
2022-07-26 03:00:56,Ghana stays benchmark policy rate at 19 pct
2022-07-26 03:01:01,"Tunisian president says country moves toward ""new republic"""
2022-07-25 23:39:30,"Cambodian King, Queen Mother donate 1.5 mln USD to gov't for mine clearance work"
2022-07-25 23:41:30,Thailand's auto production up 6.53 pct in June
2022-07-26 01:17:59,No cholera cases registered in Uzbekistan: health official
2022-07-26 05:57:11,Germany's gas supply situation stabilizes after restart of Nord Stream 1
2022-07-26 03:52:57,Tourist killed by helicopter tail rotor in Athens
2022-07-26 03:46:56,Ryanair reports 170-mln-euro profit in Q1 FY23
2022-07-26 06:10:11,Over 14 million children in U.S. infected with COVID-19
2022-07-26 05:45:15,Canadian police confirm 3 dead after multiple shootings
2022-07-26 06:42:12,"U.S. stocks end mixed ahead of key earnings reports, Fed meeting"
