﻿2022-04-30 19:01:25,Workers work on construction site during Labor Day holiday in Chengdu
2022-05-01 18:58:53,People stick to posts during Labor Day holiday
2022-05-02 21:10:45,China's dynamic zero-COVID policy benefits the world
2022-05-02 14:44:45,
2022-05-02 07:29:18,Rescue underway after building collapses in central China
2022-04-08 08:08:39,GLOBALink | Junior football team on edge of desert in Xinjiang
2022-04-13 15:15:51,GLOBALink | Female livestreamer helps locals increase income in Xinjiang
2022-04-20 07:23:15,24 Solar Terms: Grain Rain
2022-04-24 08:18:05,GLOBALink | Parkour teenagers in ancient city of Kashgar
2022-04-28 15:04:49,Across China: Hainan's boat-shaped houses tell stories of rich ethnic culture
2022-04-29 22:41:11,Fighting terrorism shared responsibility of international community: FM spokesperson
2022-04-30 19:15:56,Xinhua Commentary: Why China stands firm on dynamic zero-COVID policy
2022-04-30 15:23:28,China launches new satellites
2022-05-01 20:46:32,China Focus: China's endeavor to becoming intellectual property powerhouse
2022-05-01 21:27:43,China Focus: World's highest automatic weather station to be set up on Mt. Qomolangma
2022-05-01 20:00:16,Shanghai curbs risk of COVID-19 transmission in communities: official
2022-05-01 20:01:59,China's Changchun clears COVID-19 risk areas
2022-05-01 17:41:46,Shanghai curbs risk of COVID-19 transmission in communities: official
2022-05-01 18:52:43,"Interview: China to make all-out efforts to stabilize industrial, supply chains: official"
2022-05-01 23:02:14,Chinese vice premier stresses cutting off COVID-19 transmission in Shanghai communities
2022-05-01 14:47:59,Xinhua Commentary: NYT's biased report on Shanghai's COVID fight betrays its ignorance of China
2022-05-01 23:26:17,Update: Beijing reports 55 new local COVID-19 cases
2022-05-02 21:50:45,China's Zhurong travels over 1.9 km on Mars
2022-05-02 14:23:58,"Xi Focus-Closeup: ""Aim high,"" all young dream chasers!"
2022-05-02 10:04:31,Communist youth league of China has over 73.7 mln members
2022-05-02 09:23:15,China's top legal departments urge abduction suspects to surrender
2022-05-02 23:58:29,"GLOBALink | Xinjiang, My home: Aspiring working people"
2022-05-02 08:56:17,Communist youth league of China has over 73.7 members
2022-05-02 11:14:30,
2022-05-02 21:46:43,Eighth person rescued in Changsha building collapse
2022-05-02 19:31:49,New scientific expedition started on Mount Qomolangma in China's Tibet
2022-05-02 20:32:13,China Focus: Qomolangma expedition explores ultra-high altitude health issues
2022-05-02 21:39:45,Overseas Chinese donations for Ramadan reflect great support: UAE official
2022-05-02 20:15:56,"Macao arts festival ""invigorates"" power of times through art performances"
2022-05-02 11:20:32,
2022-05-02 22:59:00,"Hong Kong's secondary schools, kindergartens to resume face-to-face classes in phases"
2022-05-02 09:59:31,"Profile: Meet Yang Benfen, a granny writer ""by the stove"""
2022-05-02 21:48:46,Hong Kong Customs detects suspected smuggling case
2022-05-02 16:32:28,Across China: Archaeology museum offers public closer look at history
2022-05-02 11:16:41,"China-Britain hydrogen energy cooperation enjoys huge potential, broad prospects: ambassador"
2022-05-02 07:29:18,Rescue underway after building collapses in central China
2022-05-02 10:57:44,Feature: Direct shipping route sees growing demand in booming China-Britain trade
2022-05-02 23:33:58,China's beverage industry posts steady growth in Q1
2022-05-02 11:50:43,"4,662 COVID-19 patients discharged from hospitals on Chinese mainland"
2022-05-03 00:03:00,Economic Watch: Chinese enterprises meet challenges with multi-pronged support
2022-05-03 00:17:56,Profile: Rail transit guardian witnesses urban modernization
2022-05-03 00:12:02,New yuan loans rise in Yangtze River Delta in Q1
2022-05-03 00:29:58,Feature: Tibetan maintenance worker ensures local power use
2022-05-03 00:23:59,China's coastal city sees robust growth in exports to RCEP countries in Q1
