﻿2022-03-23 21:02:45,"Senior officials of China, Oman meet via video link"
2022-03-23 09:16:23,GLOBALink | Nihao Europe: Chinese company boosts green shift of copper mines in Serbia
2022-03-24 22:20:17,Engine wreckage pieces of China's crashed plane recovered: official
2022-03-24 07:47:40,"Supplies sent to rescue area in Molang Village, S China"
2022-03-24 23:10:17,Xiconomics: China's vision on economic governance inspiration for global development
2022-03-24 23:34:28,Chinese premier stresses spring farming to ensure grain security
2022-03-05 13:57:44,24 Solar Terms: Awakening of Insects
2022-03-16 13:03:05,GLOBALink | County of music
2022-03-20 08:17:09,24 Solar Terms: Spring Equinox 
2022-03-22 20:56:17,Across China: Ancient water-saving wisdom in UNESCO world heritage
2022-03-23 21:28:30,Second live class held from China's space station
2022-03-23 17:25:30,Former Chinese leader He Luli cremated
2022-03-23 20:48:30,China urges Japan to cease provocations on Taiwan question
2022-03-23 10:52:30,"Chinese mainland reports 2,591 new local COVID-19 cases"
2022-03-23 20:33:31,China denounces Abe's erroneous Taiwan-related remarks
2022-03-23 10:21:55,
2022-03-23 16:01:02,Chinese astronauts give second lecture from space station
2022-03-23 22:31:01,Chinese legislators inspect enforcement of environmental protection law
2022-03-23 21:38:30,Recovered black box initially believed as cockpit voice recorder: official
2022-03-23 22:23:00,"More Lebanese students keen to learn Chinese language, explore China's culture: director"
2022-03-24 21:42:53,GLOBALink | China urges U.S. to give convincing account of bio-military activities
2022-03-24 15:58:47,China orders nationwide safety inspections in all sectors
2022-03-24 19:44:32,China's 2nd batch of anti-epidemic supplies arrive in Kiribati
2022-03-24 20:49:45,Across China: New careers fuel rural empowerment in China
2022-03-24 23:20:31,Hong Kong maintains 3rd place among world's financial centers
2022-03-24 22:20:17,Engine wreckage pieces of China's crashed plane recovered: official
2022-03-24 21:03:46,Most COVID-19 cases in northeast China's Jilin have mild symptoms
2022-03-24 19:57:47,China urges U.S. to give convincing account of bio-military activities
2022-03-24 11:38:00,"Chinese FM meets Pakistani chief of army staff on ties, int'l issues"
2022-03-24 18:11:00,China releases images of Martian dust storms taken by Tianwen-1 orbiter
2022-03-24 14:35:17,China releases images of Martian dust taken by Tianwen-1 orbiter
2022-03-24 22:04:48,"GLOBALink | China plane crash latest: engine wreckage pieces recovered, searching work continues"
2022-03-24 23:48:45,1st phase of mainland-aided COVID-19 medical facilities completed in Hong Kong
2022-03-24 19:49:30,Eight new macrofungi species found in China's Hainan
2022-03-24 11:09:00,"Chinese Wisdom in Xi's Words: ""Strict implementation of laws leads to order"""
2022-03-24 16:03:43,"Galaxy's evolution revealed via Chinese, European telescopes data: study"
2022-03-24 09:50:45,"Chinese mainland reports 2,010 new local COVID-19 cases"
2022-03-24 17:22:46,Chinese FM reiterates China's consistent stance on Palestinian issue
2022-03-24 23:34:28,Chinese premier stresses spring farming to ensure grain security
2022-03-24 21:55:32,GLOBALink | NE China's Liaoning adopts stringent measures to contain latest COVID-19 resurgence
2022-03-24 12:57:00,Rescuers clearing rain-triggered landslide debris at plane crash site
2022-03-25 08:50:43,"Acupuncture -- a bridge of friendship between India, China"
2022-03-25 03:14:15,"China ready to help Afghanistan achieve true independence, self-development"
2022-03-25 02:00:01,China welcomes any measure aimed at alleviating humanitarian crisis in Ukraine
2022-03-25 09:37:00,"China, U.S. need to cooperate on Russia-Ukraine conflict despite differences: Chinese diplomat"
2022-03-25 09:45:00,Chinese shares open mixed Friday
2022-03-25 09:43:01,Market exchange rates in China -- March 25
2022-03-25 02:03:00,Chinese military vows resolute countermeasures against provocation to destabilize Taiwan Strait
2022-03-25 09:40:00,Chinese yuan weakens to 6.3739 against USD Friday
