﻿2022-08-21 23:49:30,China begins shipment of high-speed trains to Indonesia
2022-08-22 23:05:02,"China ramps up drought-relief efforts to ensure production, livelihoods"
2022-08-23 19:26:16,China urges intensified efforts to secure autumn harvest amid heatwaves 
2022-08-23 22:41:15,Chinese premier meets Dutch PM on bilateral ties
2022-08-24 21:10:31,Rehabilitated prairies fortify green barrier in north China
2022-08-24 20:50:58,Mile-Mengzi high-speed railway in SW China's Yunnan starts test run
2022-08-24 23:38:00,"China, Türkiye vow to strengthen parliamentary cooperation"
2022-06-20 08:55:04,"GLOBALink | See you again, Bayanbulak"
2022-06-21 07:36:44,24 Solar Terms: Summer Solstice
2022-07-07 07:14:05,24 Solar Terms: Lesser Heat
2022-07-23 07:29:03,24 Solar Terms: The Great Heat
2022-08-22 23:48:48,Chinese public security authority urges better care for police officers
2022-08-22 14:15:00,Across China: The beauty of Beijing through lens of a Greek photographer
2022-08-22 22:46:45,2022 Zhongguancun Forum opens media registration
2022-08-23 23:52:00,Chinese vice premier calls for enhancing China-ASEAN education cooperation
2022-08-23 20:37:45,China strongly deplores Japanese lawmaker's Taiwan visit
2022-08-23 18:59:01,China's State Council initiates inspection of policy implementation
2022-08-23 20:51:15,"Xinhua Commentary: U.S.-Taiwan collusion illegitimate, unjustifiable"
2022-08-23 21:37:15,Top political advisor meets with Chinese Catholic leaders
2022-08-23 09:36:00,Feature: Ancient Roman exhibition in Beijing -- a dialogue between civilizations
2022-08-23 23:43:00,Spokesperson deplores Japanese politicians' Taiwan visits
2022-08-24 22:53:00,Energy particle detector helps Shenzhou-14 crew conduct EVAs
2022-08-24 23:57:00,"China's Guangdong suspends school, traffic as typhoon nears"
2022-08-24 22:23:00,Top political advisor highlights implementation of employment-first policy
2022-08-24 22:43:45,Circular urges study of book on Xi Jinping's thinking on armed forces
2022-08-24 19:35:00,China will provide Pakistan with additional flood relief aid: spokesperson
2022-08-24 17:02:46,
2022-08-24 21:33:45,China to unveil more supportive policies to cement economic recovery
2022-08-24 22:09:30,6th generation Peak Tram to officially open in Hong Kong
2022-08-24 18:01:32,
2022-08-24 19:43:00,"Feature: ""Encyclopedic"" kit eyes helping Hong Kong students dream bigger with Belt and Road"
2022-08-24 23:19:45,"China to build on policy package for stabilizing economy to firm up foundation for recovery, growth"
2022-08-24 22:23:49,"Water level of Yangtze River in east China's Jiujiang falls due to high temperature, less rainfall"
2022-08-24 20:25:00,Energy particle detector to help Shenzhou-14 crew conduct extravehicular activities
2022-08-24 18:58:00,"China Focus: China goes all out for flood control, drought relief"
2022-08-24 19:03:45,China's offshore undersea detection system passes sea trial
2022-08-24 23:38:45,China-Europe freight trains lead countries onto fast track of win-win cooperation
2022-08-24 20:23:30,China sees growth in number of patent transfers
2022-08-24 17:57:17,
2022-08-24 23:27:15,China makes significant progress in cultural relic protection
2022-08-24 17:34:15,China renews orange alert for drought
2022-08-25 03:04:00,Some Facts About Pelosi's Visit to Taiwan
2022-08-25 07:22:50,Locals channel water from Yangtze River into farmland amid drought in east China
2022-08-25 09:22:45,Chinese mainland reports 345 new local confirmed COVID-19 cases
2022-08-25 09:41:00,Chinese mainland reports 345 new local confirmed COVID-19 cases
2022-08-25 09:26:00,Reception held in Seoul to mark 30th anniversary of China-S.Korea diplomatic ties
2022-08-25 01:06:00,Chinese FM attends reception marking 30th anniversary of China-ROK ties
