﻿2022-02-26 14:24:16,"Competition, confrontation should not be keynote of China-U.S. ties: Chinese diplomat"
2022-02-27 21:28:57,China's top legislature starts standing committee session
2022-02-27 12:02:59,China's new-generation rocket sends 22 satellites into space
2022-02-28 23:32:26,China's top legislature concludes standing committee session
2022-02-28 23:20:16,China-Mongolia border port sees growth in freight transport
2022-02-28 18:59:03,"Xinhua Headlines: China-Africa trade reaches all-time high in 2021, showing resilience amid pandemic"
2022-03-01 00:12:46,Construction of mainland-aided isolation facility in Hong Kong completed in 1 week
2021-12-02 15:05:53,Mounting artist's dream of painting shrimps
2021-12-02 15:05:44,Artisan introduces charm of wooden art and leatherware to people
2022-02-16 13:39:13,Stories of Jingdezhen in the Imperial Kiln: Famille verte wares from the Reigns of Jiajing and Wanli
2022-02-17 12:56:46,Stories of Jingdezhen in the Imperial Kiln: Designs for the Imperial Kiln
2022-02-23 16:39:28,"Culture China: Crystal clean, jade-like minds"
2022-02-24 17:02:17,China's crackdown on illegal off-campus training continues during winter vacation
2022-02-24 16:20:00,Across China: Ancient Chinese ritual parades on in modern time
2022-02-27 12:51:15,China's top legislature starts standing committee session
2022-02-27 19:07:00,Feature: Hong Kong's ambulance fleet gives hope of life amid epidemic gloom
2022-02-27 15:27:45,"Across the Pacific: China-U.S. economic, trade cooperation in the eyes of Shanghai entrepreneur"
2022-02-27 16:37:29,Chinese researchers develop fragrant sorghum with gene editing
2022-02-27 10:55:00,Chinese mainland reports 112 new local COVID-19 cases Saturday
2022-02-27 20:32:37,Chinese lawmakers deliberate draft decision on ranks for active-duty soldiers
2022-02-27 20:30:32,GLOBALink | China's new-generation rocket sends 22 satellites into space in record-setting mission
2022-02-27 22:15:15,Chinese lawmakers review NPC Standing Committee work report
2022-02-28 23:59:31,China to expand usage of preferential cards for veterans
2022-02-28 23:52:29,Chinese FM urges sound development of global human rights
2022-02-28 21:41:45,Xi stresses fostering world-class enterprises
2022-02-28 13:14:45,
2022-02-28 20:09:56,China releases information on new lunar samples
2022-02-28 16:12:46,China issues top 10 scientific advances of 2021
2022-02-28 19:33:46,"China to add 3,300 km rail lines in 2022"
2022-02-28 19:26:45,Xinhua Commentary: Private prison system reveals huge defect in U.S. democracy
2022-02-28 22:12:45,"Chinese, ROK FMs hold video meeting on bilateral ties"
2022-02-28 23:19:12,"Hong Kong, mainland work together to ensure goods supply amid epidemic"
2022-02-28 20:59:27,Chinese FM calls for bringing China-U.S. ties back on right track
2022-02-28 21:40:42,Mainland medical experts arrives in Hong Kong in fighting COVID-19
2022-02-28 23:32:26,China's top legislature concludes standing committee session
2022-02-28 22:12:00,China-Mongolia border port sees growth in freight transport
2022-02-28 20:30:16,Hong Kong puts on united front against worst COVID-19 wave
2022-02-28 18:44:27,China to replenish pork reserves to stabilize market
2022-02-28 21:57:46,Mainland medical experts arrive in Hong Kong in fighting COVID-19
2022-02-28 21:39:41,China registers safer road traffic during Spring Festival rush
2022-02-28 23:29:30,"China's top legislature has 2,951 lawmakers"
2022-02-28 10:11:15,Chinese mainland reports 87 new local COVID-19 cases Sunday
2022-02-28 13:12:31,
2022-02-28 21:30:33,China improves transparency of administrative law enforcement
2022-03-01 00:12:46,Construction of mainland-aided isolation facility in Hong Kong completed in 1 week
2022-03-01 00:13:48,China urges Japan to act prudently on Taiwan question
2022-03-01 00:25:41,Xi stresses fostering world-class enterprises
2022-03-01 04:32:14,Chinese envoy calls for efforts to promote direct negotiations on Ukraine
