﻿2022-05-20 15:46:19,China's trade with Belt and Road countries enjoys robust growth
2022-05-21 03:44:14,G7 countries determined to rein in rising inflation
2022-05-17 23:57:27,Japan to open up for small-scale tours from 4 countries as trial
2022-05-18 20:18:13,Lebanese parliamentary elections' results reflect public's eagerness for changes: experts
2022-05-18 20:12:01,Pakistani PM kicks off nationwide anti-polio campaign as new cases emerge
2022-05-18 17:44:13,"Finland, Sweden submit formal applications for NATO membership"
2022-05-18 12:57:06,World Insights: Baby formula shortage throws U.S. families into panic
2022-05-18 11:20:43,"""Failure of an American ideology"" contributed to 1 mln COVID-19 deaths in U.S.: The Guardian"
2022-05-18 03:26:41,Hungary's new president visits Poland in 1st trip abroad
2022-05-19 07:38:15,Biden invokes Defense Production Act to address infant formula shortage
2022-05-19 22:18:13,Fire breaks out in crowded slum in Philippine capital
2022-05-19 19:18:01,Japan carries out anti-missile exercise in western city of Osaka
2022-05-19 06:26:13,"U.S. reports 180 severe hepatitis cases in children, over 70 cases in recent two weeks"
2022-05-19 06:17:11,Global economic growth dragged down by spillover from Ukraine crisis
2022-05-19 17:36:45,Rwanda boosts COVID-19 economic recovery fund with 250 mln USD
2022-05-19 06:37:15,"Dow sinks over 1,100 points in worst day since 2020"
2022-05-20 00:35:30,"Russian, U.S. military chiefs discuss Ukraine over phone"
2022-05-20 21:42:29,
2022-05-20 20:15:15,UN agency facilitates return of 300 Ethiopian migrants stranded in Yemen
2022-05-20 22:54:46,Cambodia to provide 5th dose of COVID-19 vaccines to priority groups from June 9: PM
2022-05-20 11:50:58,Ramos-Horta sworn in for 2nd time as Timor Leste president
2022-05-20 02:59:43,Wildfires near Ukraine's Chernobyl plant pose no radioactive threat: IAEA
2022-05-20 03:54:56,Chinese medics boost capacity of South Sudanese peers to treat heart ailments
2022-05-20 13:02:32,
2022-05-20 10:49:45,Home appliance company SEMP TCL opens third factory in Brazil
2022-05-20 10:00:28,Brazil forecasts 7.9 pct inflation in 2022
2022-05-20 22:22:45,China donates anti-COVID-19 materials to Sudan
2022-05-20 04:09:58,"U.S. mass shooting marks convergence of racist extremism, gun violence: The Guardian"
2022-05-21 07:02:28,U.S. Berkeley schools reinstate indoor mask mandate
2022-05-21 03:19:31,"U.S. Congress ""broken"" for other branches doing its job: Politico"
2022-05-21 02:47:13,UNECA says quality data critical to fostering inter-regional cooperation on migration
2022-05-21 06:07:31,Israel reports 1st suspected case of monkeypox
2022-05-21 06:06:26,3 killed in fresh Israeli missile strike in Syria's capital
2022-05-21 01:25:13,"Cameroon marks 50th National Day with military, civilian parade"
2022-05-21 03:53:31,"Russian forces ""completely liberate"" Azovstal steel plant in Mariupol"
2022-05-21 06:44:28,Argentina applies over 101 mln shots of COVID-19 vaccines
2022-05-21 05:24:30,Scores of Palestinians injured in clashes with Israeli soldiers in West Bank: medics
2022-05-21 02:18:13,Pandemic travel measures need to be streamlined globally
2022-05-21 02:38:16,UN releases extra 30 mln USD to help hungry people in Sahel
2022-05-21 04:06:13,Record number of aid trucks into Ethiopia's Tigray region: UN
2022-05-21 03:01:15,Morocco's CPI up 4.4 pct in April
2022-05-21 02:49:13,"African countries report 7,985 newly confirmed COVID-19 cases as tally nears 11.59 mln"
2022-05-21 01:01:13,India's revived domestic airline Jet Airways gets regulatory nod to resume operations
2022-05-21 06:02:30,Voting opens in Australian general election
2022-05-21 06:10:26,Voting opens in Australian general election
2022-05-21 05:49:30,France announces new government
2022-05-21 08:41:55,"Event on Chinese medicine and culture held in Msida, Malta"
2022-05-21 04:37:30,Demining in Ukraine to take 5-7 years: official
2022-05-21 07:02:28,U.S. Berkeley schools reinstate indoor mask mandate
2022-05-21 06:28:28,Many Americans still fail to notice that anti-Asian violence and racism have surged: researcher
2022-05-21 06:54:26,U.S. stocks end mixed in volatile trading
