﻿2022-08-18 18:44:30,"China-Europe freight train service ""a passage of life"" amid pandemic: official"
2022-08-18 23:12:16,Xinhua Commentary: Rallying national support for Tibet testifies to China's institutional strengths
2022-08-19 17:56:47,Xinhua Headlines: Decade-long eco-conservation regreens China's old industrial base
2022-08-19 21:32:27,Hainan facilitates return of stranded tourists during latest COVID-19 resurgence
2022-08-20 02:40:30,China to step up support for people in difficulty to effectively meet basic living needs
2022-06-20 08:55:04,"GLOBALink | See you again, Bayanbulak"
2022-06-21 07:36:44,24 Solar Terms: Summer Solstice
2022-07-07 07:14:05,24 Solar Terms: Lesser Heat
2022-07-23 07:29:03,24 Solar Terms: The Great Heat
2022-08-17 00:33:00,China unveils cultural development plan for 2021-2025 period
2022-08-17 16:43:15,Chinese researchers reveal law of cave biotic colonization in subtropical East Asia
2022-08-17 18:06:30,Across China: German vlogger amazed by China's ethnic cultures
2022-08-17 12:47:30,Feature: Bringing beauty of Chinese poems to world
2022-08-18 19:05:15,Chinese researchers build new weather station in Kunlun Mountains
2022-08-18 21:27:15,29 anti-China disruptors in Hong Kong plead guilty to conspiracy to subvert state power
2022-08-18 22:54:30,Spokesperson denounces proposed U.S.-Taiwan trade agreement
2022-08-18 20:52:46,China issues sci-tech action plan to support carbon reduction
2022-08-18 20:34:00,China allocates 420 mln yuan for disaster relief
2022-08-18 19:03:30,China strongly opposes U.S. chips bill: commerce ministry
2022-08-18 22:30:47,
2022-08-18 20:50:30,Xinhua Commentary: Rallying national support for Tibet testifies to China's institutional strengths
2022-08-18 12:16:15,Chinese researchers develop bio-based degradable footwear
2022-08-19 22:04:51,Water level of Jialing River in SW China falls significantly
2022-08-19 15:30:16,China offers NE province financial support to restore flood-hit infrastructure
2022-08-19 09:57:00,Chinese mainland reports 559 new local confirmed COVID-19 cases
2022-08-19 20:32:30,China to build system for carbon emission calculation
2022-08-19 00:23:00,China allocates flood disaster relief funds for Qinghai
2022-08-19 20:23:15,China's installed renewable-energy capacity up in July
2022-08-19 18:22:00,Xi extends congratulations to World Vocational and Technical Education Development Conference
2022-08-19 22:52:30,Chinese FM holds phone talks with French president's diplomatic counselor
2022-08-19 19:28:30,"China urges U.S. not to miscalculate resolve to defend sovereignty, territorial integrity"
2022-08-19 22:54:30,China Focus: Pairing assistance promotes common prosperity in Tibet
2022-08-19 21:01:02,Projects totaling 1.5 bln yuan inked at China tea expo
2022-08-19 20:50:45,China Focus: Plan devised to bolster development of medical workers
2022-08-19 22:05:06,"Schools completed in Xiong'an New Area, N China's Hebei"
2022-08-19 17:30:15,China's wealth management market sees steady growth in H1
2022-08-19 22:11:45,Feature: China-aided Africa CDC project's imminent completion wins acclaim
2022-08-19 20:40:00,"Chinese embassies, consulates stand ready to help overseas Taiwan compatriots: spokesperson"
2022-08-19 23:21:17,
2022-08-19 01:22:30,"China denounces ""Chinese debt trap"" accusation as a lie"
2022-08-19 21:32:27,Hainan facilitates return of stranded tourists during latest COVID-19 resurgence
2022-08-19 20:14:04,"Taiwan detects local Omicron BA.4 cases, identified as family cluster"
2022-08-20 01:20:16,Chinese vice premier urges greater efforts to boost employment
2022-08-20 02:15:30,"China to strengthen prevention, control of floods, droughts"
2022-08-20 01:45:30,Vice premier urges efforts to beef up COVID-19 control in Hainan
2022-08-20 02:26:15,"23 dead, 8 missing in NW China flood"
2022-08-20 00:41:15,"China moves to further bolster economy, help those in need"
2022-08-20 06:35:02,
2022-08-20 00:47:00,"World conference on vocational, technical education opens in north China"
2022-08-20 02:07:45,China launches new remote sensing satellite group
