﻿2022-04-12 19:04:13,Worry about crime in U.S. at highest level: Gallup
2022-04-10 13:48:01,New EMU train of China-Laos Railway to serve Lao festival travel rush
2022-04-11 16:15:57,"BOJ cuts view on regional economies in Japan amid Ukraine uncertainty, rising commodity costs, COVID-19"
2022-04-11 18:03:01,
2022-04-11 02:04:26,"Syria calls on UN to interfere to stop ""systematic"" Israeli strikes"
2022-04-11 22:13:30,Macron to face Le Pen in France's presidential runoff
2022-04-11 20:29:01,Iran says red lines observed in Vienna talks
2022-04-11 23:00:14,Shahbaz Sharif elected as Pakistan's prime minister
2022-04-11 17:38:31,Britain's GDP grows 0.1 pct in February
2022-04-11 22:06:15,"U.S. economy faces recession in 2023, says Fortune magazine"
2022-04-11 21:42:17,Celebrations start for Cairo's designation as Islamic world's culture capital
2022-04-11 05:40:30,Russia increases spending fund to ensure economic stability
2022-04-12 09:13:26,Chile to ration water in capital amid ongoing drought
2022-04-12 23:04:45,13 injured at NYC train station
2022-04-12 08:25:15,Shahbaz Sharif takes oath as 23rd prime minister of Pakistan
2022-04-12 19:53:45,WTO foresees fragile global economy amid Russia-Ukraine conflict
2022-04-12 18:44:47,Ukraine's economy to shrink by 45.1 pct in 2022: World Bank
2022-04-12 01:55:46,Austrian chancellor meets with Putin in Moscow
2022-04-12 19:12:30,Singapore researchers find lower risk of heart inflammation after COVID-19 jabs
2022-04-12 21:47:16,UK PM to be fined over COVID-19 lockdown-breaking parties
2022-04-12 18:02:16,"African tourism ministers highlight green tourism, connectivity for tourism development"
2022-04-12 05:42:14,"Biden administration moves to curb proliferation of ""ghost guns"""
2022-04-12 10:42:31,
2022-04-12 23:11:07,"U.S. inflation surges 8.5 pct in March, hitting fresh four-decade high"
2022-04-12 09:17:30,"At least 18 shot in U.S. New Orleans within 72 hours, 5 killed"
2022-04-13 02:27:30,"Global COVID-19 cases surpass 500 mln, with 6.18 mln deaths"
2022-04-13 02:21:30,At least 16 injured in NYC subway shooting: authorities
2022-04-13 03:42:28,"""Great finance divide"" poses major setback for sustainable development: UN report"
2022-04-13 05:41:43,U.S. stocks drop as inflation hits four-decade high
2022-04-13 05:03:45,Israeli researchers develop plant-based scaffolds for growing cultured meat
2022-04-13 00:02:00,World Insights: U.S. profiteering from Ukraine crisis
2022-04-13 04:33:28,Chilean financial market projects 1.5 pct economic growth in 2022
2022-04-13 04:18:30,"Chile reports around 1,500 new daily COVID-19 cases"
2022-04-13 05:31:45,UN investigators yet to gain access to site of alleged massacre in Mali
2022-04-13 05:29:45,Chinese embassy celebrates 45th anniversary of China-Jordan diplomatic ties
2022-04-13 05:55:45,"Turkey aims to be ""logistics superpower"" by 2053: president"
2022-04-13 03:51:30,Almost two-thirds of S. Sudanese face food insecurity in coming months: UN
2022-04-13 01:04:16,Chinese-built project boosts vocational education in Ghana
2022-04-13 05:00:43,"Tunisian president, French envoy discuss bilateral ties"
2022-04-13 06:15:45,Abu Dhabi's sovereign funds purchase shares of 5 Egyptian companies
2022-04-12 23:25:00,"Death toll from tropical storm Megi in Philippines rises to 43, 28 still missing"
2022-04-13 00:33:01,"2 terrorists, 2 security forces personnel killed in clash in NW Pakistan"
2022-04-13 07:32:43,Solar floating project in Thailand's Rayong constructed with support of Huawei
2022-04-13 05:48:45,Italy begins distributing 2nd COVID-19 booster shot to elderly
2022-04-13 04:59:45,Italy's Far East Film Festival to kick off with Italian-Chinese romantic comedy
2022-04-13 05:14:45,"Romanian, Belgian leaders meet on European energy market"
2022-04-13 02:27:30,"Global COVID-19 cases surpass 500 mln, with 6.18 mln deaths"
2022-04-13 02:21:30,At least 16 injured in NYC subway shooting: authorities
2022-04-13 06:31:00,U.S. Oklahoma governor signs bill banning near-all abortions into law
