﻿2022-07-10 21:10:00,Feature: Chinese products attract visitors to Tanzania's largest trade fair
2022-07-10 22:36:31,
2022-07-08 10:57:12,Washington spends 250 mln USD on biowarfare activities in Ukraine: Russian Defense Ministry
2022-07-08 11:06:13,Former Japanese PM shot when delivering speech in western Japan
2022-07-08 23:44:30,Most Americans disapprove of Supreme Court's decision to overturn Roe v. Wade: poll
2022-07-08 18:44:42,"UN chief stresses importance of ""networked multilateralism"" before EU-UN high-level dialogue"
2022-07-08 15:06:00,Former Japanese PM Abe showing no vital signs: Kyodo
2022-07-08 15:30:57,Philippine President Marcos tested positive for COVID-19
2022-07-08 20:09:30,Xinhua Commentary: Raped 10-year-old denied abortion reflects botched U.S. governance
2022-07-08 11:18:27,Former Japanese PM Abe reportedly injured in gunshot
2022-07-08 12:02:29,Former Japanese PM Abe shows no sign of life after being shot
2022-07-09 00:14:15,Russian navy receives 1st submarine carrying nuclear-powered drones
2022-07-09 04:04:15,ECB urges eurozone banks to factor climate risk into their risk models
2022-07-09 05:47:00,"Entrenched inflation a ""significant risk"" to U.S. economy, say Fed officials"
2022-07-09 16:52:54,Economic Watch: Is U.S. economy already in a recession?
2022-07-09 17:29:45,"Fitch affirms Greece's rating at ""BB"" with positive outlook"
2022-07-09 12:32:00,Elon Musk decides to terminate Twitter deal
2022-07-09 04:14:45,Chinese envoy urges Security Council to end Syrian cross-border delivery ASAP
2022-07-09 05:04:44,"China calls for dialogue to resolve political differences in West Africa, Sahel"
2022-07-09 04:59:45,Colombia enters 5th wave of COVID-19 pandemic
2022-07-10 19:57:42,S.Korea says DPRK fires apparent artillery shots
2022-07-10 04:45:44,Feature: Egyptians suffer from price hikes during Eid al-Adha
2022-07-10 12:40:15,U.S. monkeypox cases hit nearly 800 as experts criticize weakness in public health system
2022-07-10 19:36:45,Japan's ruling bloc set to secure majority of contested seats in upper house election
2022-07-10 00:24:29,Sri Lankan PM's house set on fire
2022-07-10 12:30:29,"Brazil overcoming economic challenges caused by inflation, says president"
2022-07-10 10:42:12,Argentina marks 206th anniversary of Independence Day
2022-07-10 03:45:30,Portugal spends 1.68 bln euros to contain inflation: PM
2022-07-10 20:46:59,Death toll in random shooting in Johannesburg's tavern rises to 15: official
2022-07-10 12:18:27,Roundup: U.S. monkeypox cases hit nearly 800 as experts criticize weakness in public health system
2022-07-10 17:05:03,
2022-07-10 22:54:28,
2022-07-11 04:28:42,"Israeli PM, Turkish president speak on phone, hope for better ties"
2022-07-11 04:40:42,"Israeli PM, Egyptian president agree to meet ""soon"" in phone call"
2022-07-11 07:37:37,"Wildfire breaks out in Iklin, Malta"
2022-07-11 04:40:45,"Israeli ministers say run jointly in elections, aim for gov't ""without extremists"""
2022-07-11 07:42:04,People enjoy themselves during Eid al-Adha holiday
2022-07-10 22:30:17,Four killed in Burkina Faso terrorist raid
2022-07-11 01:01:30,Death toll in random shooting in Johannesburg's tavern rises to 15: official
2022-07-11 00:20:30,Tanzania police chief pledges to reinforce fight against cybercrime
2022-07-10 22:14:12,Myanmar seizes large quantity of drugs
2022-07-10 22:19:15,"Singapore reports 6,423 new COVID-19 cases, 4 more deaths"
2022-07-10 21:54:15,"Thailand, United States strengthen cooperation on supply chain, renewable energy"
2022-07-11 06:07:44,Portuguese president warns of risk of fires
2022-07-11 00:21:29,"Portugal to enter ""contingency situation"" to fight wild fires caused by heat wave"
2022-07-11 07:37:35,"Wildfire breaks out in Iklin, Malta"
2022-07-10 12:18:27,Roundup: U.S. monkeypox cases hit nearly 800 as experts criticize weakness in public health system
2022-07-10 21:54:15,"Thailand, United States strengthen cooperation on supply chain, renewable energy"
2022-07-10 11:53:29,"California made 25 arson arrests in June, as longer fire season warned"
