﻿2022-04-16 21:06:32,Xinhua Headlines: Chinese astronauts return with six-month space station mission accomplished
2022-04-16 21:09:15,Chinese vice premier stresses high-quality construction of Xiong'an New Area
2022-04-18 16:41:46,"Chinese vice premier stresses stabilizing industrial, supply chains"
2022-04-18 00:10:14,China's space station to enter new phase of application: official
2022-04-18 23:44:30,"China's economy on solid footing despite challenges of COVID, external uncertainty"
2022-03-20 08:17:09,24 Solar Terms: Spring Equinox 
2022-03-23 10:21:55,
2022-03-31 11:12:50,GLOBALink | Shopkeeper in grand bazaar in Xinjiang
2022-04-05 07:15:59,24 Solar Terms: Qingming
2022-04-14 19:04:13,China's Xi'an launches new freight train service to Europe
2022-04-17 21:02:15,Core module of China's space station achieves anticipated goal
2022-04-17 17:29:28,Major lakes in Qinghai-Tibet Plateau see significant water increase
2022-04-17 10:10:58,"Chinese mainland reports 3,504 new local COVID-19 cases"
2022-04-17 17:24:36,"Across China: Giving autistic patients life skills, guidance"
2022-04-17 23:40:32,"Xinhua Headlines: Unfazed by U.S. sanctions and smear campaign, Xinjiang farmers more enthusiastic about cotton farming"
2022-04-17 21:53:30,Two lab modules to be central work area on China's space station
2022-04-18 22:27:00,"Taiwan's new local COVID-19 cases rise to 1,390"
2022-04-18 21:31:18,Boao Forum for Asia in preparation
2022-04-18 22:00:45,John Lee validly nominated for HKSAR's sixth-term chief executive election
2022-04-18 18:56:46,
2022-04-18 19:42:15,"New film from animation studio behind ""White Snake"" slated for release in July"
2022-04-18 22:50:59,Children urged to get timely vaccination for COVID-19: health official
2022-04-18 01:07:45,Core module of China's space station achieves anticipated goal
2022-04-18 16:39:45,Xi expresses sympathy to Philippine president over typhoon attack
2022-04-18 23:19:15,China's top legislator attends symposium of lawmakers
2022-04-18 00:02:46,China nucleic acid testing capacity at 51.65 mln samples a day
2022-04-18 20:21:30,China Focus: China mulls tougher law against women trafficking
2022-04-18 22:29:58,Roundup: China's top legislature starts standing committee session
2022-04-18 14:06:15,"Chinese vice premier stresses stabilizing industrial, supply chains"
2022-04-18 16:52:45,Chinese scientists create human stem cells by dint of chemicals
2022-04-18 10:04:33,China's top legislature starts standing committee session
2022-04-18 17:54:16,Beijing boosts COVID-19 vaccination among the aged
2022-04-18 22:01:22,
2022-04-18 09:52:30,"Chinese mainland reports 2,723 new local COVID-19 cases"
2022-04-18 20:59:30,China considers draft law to protect fertile black soil
2022-04-18 17:01:45,Across China: Sugar figurines: The sweet blows of traditional folk art
2022-04-18 09:10:16,"Chinese mainland reports 2,723 new local COVID-19 cases"
2022-04-18 22:12:00,U.S. should earnestly tackle its deteriorating human rights situation: FM spokesperson
2022-04-18 00:06:45,Two lab modules to be central work area on China's space station
2022-04-18 16:35:24,
2022-04-19 10:22:30,China central bank conducts reverse repos to maintain liquidity
2022-04-19 00:14:15,Yangtze River Delta cities roll out supportive policies for small enterprises
2022-04-19 09:16:15,"1,912 COVID-19 patients discharged from hospitals on Chinese mainland"
2022-04-19 10:06:30,"Chinese mainland reports 3,297 new local COVID-19 cases"
2022-04-19 00:04:15,China to ramp up financial support for real economy
2022-04-19 07:26:42,Salix planting underway at eco-tourism area in Inner Mongolia
2022-04-19 10:50:34,China Great Wall Museum solicits upgrading scheme globally
2022-04-19 09:44:33,Chinese shares open lower Tuesday
2022-04-19 09:38:30,Chinese yuan strengthens to 6.372 against USD Tuesday
2022-04-19 09:10:15,"Chinese mainland reports 3,297 new local COVID-19 cases"
2022-04-19 07:26:23,Xining takes measures to ensure living supplies amid COVID-19
2022-04-19 00:46:15,China's Jilin City clears COVID-19 high-risk areas
2022-04-19 11:55:58,China deeply saddened by passing of Philippine ambassador: spokesperson
