﻿2022-04-09 04:10:29,World food prices soar to record high amid Russia-Ukraine conflict
2022-04-06 20:51:27,India reports 1st case of Omicron XE variant
2022-04-06 21:53:46,Russia-Ukraine talks continue: Kremlin
2022-04-06 16:06:46,GLOBALink | Iconic China-gifted bridge opens in Manila
2022-04-06 17:51:01,Ukraine opens 11 humanitarian corridors
2022-04-06 17:08:45,
2022-04-07 12:17:03,
2022-04-07 07:12:56,Biden's extension of payment pause on federal student loans fuels inflation concerns
2022-04-07 10:56:45,Over 12.8 mln children in U.S. infected with COVID-19
2022-04-07 19:42:46,"ICRC helps evacuate 1,000 from Ukraine's Mariupol"
2022-04-07 09:33:15,"COVID-19 takes its toll on U.S. poor, low-income communities: The Guardian"
2022-04-07 10:01:31,Russia accuses U.S. of increasing military biological capability globally
2022-04-08 17:06:00,"Japan to expel 8 Russian diplomats, officials: foreign ministry"
2022-04-08 14:07:44,"Xinhua Commentary: U.S. reckless push for marijuana legalization irresponsible, dangerous"
2022-04-08 10:14:15,Israeli settlement construction undermines chances of peace: Palestinian PM
2022-04-08 10:23:14,"""Zero-COVID"" strategies were best option: New Scientist"
2022-04-08 11:52:30,"Growing number of U.S. lawmakers, gov't officials catch COVID-19"
2022-04-08 05:43:46,UN General Assembly adopts resolution to suspend Russia from Human Rights Council
2022-04-08 21:29:11,Russia denies missile strike on Kramatorsk railway station
2022-04-08 06:15:41,Russia declares early termination of membership of UN Human Rights Council
2022-04-08 06:27:45,WHO calls on mitigating climate crisis for health protection
2022-04-08 13:00:45,World Insights: Bitter Supreme Court nomination battle mirrors political polarization on Capitol Hill
2022-04-09 22:25:22,Food prices in Tunisia rise during Ramadan
2022-04-09 05:31:46,UN envoy urges Yemeni parties to commit to cease-fire after fighting in Marib
2022-04-09 11:45:15,Russia to launch Luna-25 moon probe in August
2022-04-09 07:01:45,UN unveils plan to prevent stricken oil tanker disaster off Yemen coast
2022-04-09 06:01:30,"Colombian president signs extradition of Gulf Clan drug kingpin ""Otoniel"""
2022-04-09 17:43:14,Blast wounds 1 in Afghanistan's Kabul
2022-04-09 20:44:00,Pakistan conducts successful flight test of Shaheen-III ballistic missile: army
2022-04-09 21:57:16,Bandits kill 9 herders in northern Kenya
2022-04-09 04:04:16,Ukrainian president hails visit of senior European officials to Ukraine
2022-04-09 09:39:59,Von der Leyen offers accelerated EU accession process for Ukraine
2022-04-09 11:01:15,Brazilian Socialist Party appoints former Sao Paulo governor Alckmin as Lula's running mate
2022-04-09 04:40:13,Death toll rises to 13 in flooding in NW Colombia
2022-04-10 01:50:41,Iran blacklists 24 U.S. individuals for illicit activities
2022-04-10 05:58:56,Moody's adjusts outlook on Israel from stable to positive
2022-04-10 05:26:00,"2 killed, 4 injured in IS attack in northern Iraq"
2022-04-10 00:45:45,Tanzania commemorates 100 years of founding leader Julius Nyerere
2022-04-10 02:49:45,Tunisia foils 4 illegal immigration attempts off SE coast
2022-04-10 03:36:45,Tunisia arrests foreign IS suspect
2022-04-09 22:32:27,Feature: Rural Cambodian students say hello to donated Chinese bikes
2022-04-10 05:01:00,Pakistani PM loses no-confidence vote
2022-04-10 04:10:45,Pakistani PM loses no-confidence vote
2022-04-10 03:47:45,"Greek PM stresses need to decouple gas, electricity prices"
2022-04-09 23:27:26,Hungary says paying in rubles for Russian gas not violation of sanctions
2022-04-10 05:34:56,"Roundup: Caution needed as new cases, deaths of COVID-19 continue to fall in Europe"
2022-04-09 22:17:32,World Insights: Guns in U.S. homes create deadly misconception of safety
2022-04-09 03:23:13,White House marks Senate confirmation of first African American woman for Supreme Court
2022-04-09 06:02:26,U.S. stocks end mixed as tech lags
