﻿2022-08-25 21:19:45,China advances to tank biathlon final in int'l army games
2022-08-25 19:00:00,"Premier Li says China ready to work with ROK to promote healthy, stable bilateral ties"
2022-08-26 21:30:46,Mega infrastructure projects lead China's mountainous province to prosperity
2022-08-27 22:15:00,Economic Watch: Soaring China-Europe freight trains facilitate international trade
2022-08-27 00:00:15,China to weave stronger safety net for disadvantaged people
2022-08-28 10:01:37,40th anniversary of China National Children's Center celebrated in Beijing
2022-08-28 22:07:30,China holds conference on internet civilization
2022-08-28 17:36:31,Xinhua Headlines: Major coal producer Shanxi speeds up green transformation
2022-06-20 08:55:04,"GLOBALink | See you again, Bayanbulak"
2022-06-21 07:36:44,24 Solar Terms: Summer Solstice
2022-07-07 07:14:05,24 Solar Terms: Lesser Heat
2022-07-23 07:29:03,24 Solar Terms: The Great Heat
2022-08-25 20:43:30,"Chinese premier stresses importance of agricultural science, technology"
2022-08-26 10:08:30,Chinese mainland reports 262 new local confirmed COVID-19 cases
2022-08-26 23:34:00,"China, U.S. enter into audit oversight cooperation agreement"
2022-08-26 17:50:15,"Xinhua Commentary: Self-serving Washington and its ""decoupling from China"" fallacies"
2022-08-26 16:06:45,"China mulls imposing credit punishment on telecom, internet fraudsters"
2022-08-26 20:38:46,Global scientists call for deeper space science cooperation
2022-08-27 10:30:30,Chinese language to be integrated into Ghana's educational curriculum: Ghanaian official
2022-08-27 10:30:00,Chinese mainland reports 250 new local confirmed COVID-19 cases
2022-08-27 20:01:45,Feature: Immersive experience enables Sydney locals to taste Hong Kong's best cuisine and culture
2022-08-27 18:08:30,"Guest Opinion: Legal loopholes in U.S. ""Taiwan Relations Act"""
2022-08-27 18:53:45,Chinese premier congratulates 2022 World New Energy Vehicle Congress
2022-08-27 23:15:30,"Interview: China, ROK poised for future cooperation"
2022-08-27 00:11:00,"China allocates 10 bln yuan for drought relief, autumn grain production"
2022-08-27 17:28:45,"China opposes U.S. Congress members' Taiwan visits disguised as ""unofficial"": spokesperson"
2022-08-27 18:56:00,"China, Myanmar scientists find new evidence on Qinghai-Tibet Plateau formation"
2022-08-27 21:08:00,Chinese scientists propose new treatment strategy for nasopharyngeal carcinoma
2022-08-27 09:58:45,China rises to 1st place in most cited papers: report
2022-08-28 19:11:30,"China Focus: Geneva envoys from Asian, African developing countries visit Xinjiang"
2022-08-28 22:07:30,China holds conference on internet civilization
2022-08-28 16:11:32,
2022-08-28 20:45:00,Chinese top legislator highlights law-based Yellow River protection
2022-08-28 16:53:45,Chinese premier extends congratulations to Pujiang Innovation Forum
2022-08-28 22:39:15,"Chinese vice premier urges greater efforts to combat drought, ensure stable grain production"
2022-08-28 22:23:30,"Senior official stresses importance of promoting culture, spirit of the times in cyberspace"
2022-08-28 21:20:15,"""Hong Kong dollar selling"" not means capital outflow, not to affect financial, monetary stability of Hong Kong: finance chief"
2022-08-28 22:00:15,Kenya says first consignment of avocados hits Chinese market
2022-08-28 20:34:31,
2022-08-28 21:10:15,Economic Watch: China's robust business registration indicative of resilient economy
2022-08-28 15:33:30,"Interview: China a promoter of fairer, inclusive globalization: Nigerian scholar"
2022-08-28 18:09:00,Taiwan deals with water supply shortage by partially reducing water pressure
2022-08-28 17:36:31,Xinhua Headlines: Major coal producer Shanxi speeds up green transformation
2022-08-28 23:46:45,"China launches emergency response for floods in Sichuan, Chongqing"
2022-08-28 23:18:04,
2022-08-28 21:12:15,China's software sector sees robust revenue growth from January-July
2022-08-29 07:26:44,Fudan University starts registration of freshmen
2022-08-29 07:20:28,2022 CIFTIS to be held in Beijing from Aug. 31 to Sept. 5
2022-08-29 09:39:00,Chinese mainland reports 301 new local confirmed COVID cases
2022-08-29 07:29:40,Freshmen come to register at Peking University
