﻿2022-03-23 09:16:23,GLOBALink | Nihao Europe: Chinese company boosts green shift of copper mines in Serbia
2022-03-25 03:48:15,Surge in U.S. shootings shows no sign of easing: media
2022-03-22 07:06:45,Brazil unveils incentives to spur biomethane output
2022-03-23 09:43:15,"Hillary Clinton contracts COVID-19 with ""mild cold symptoms"""
2022-03-23 23:43:30,"Russia to sell gas to ""unfriendly countries"" in rubles: Putin"
2022-03-23 18:55:55,Palestinian officials condemn U.S. for lying on Xinjiang
2022-03-23 20:52:15,U.S. dislikes quick success in Russia-Ukraine peace talks: Lavrov
2022-03-23 19:41:17,"Pakistan, China ready to strengthen ties, expand cooperation"
2022-03-23 19:31:00,Ukraine sets up nine humanitarian corridors
2022-03-23 20:04:16,"Pakistan Day marked amid jubilation, commitments for peace, socio-economic development"
2022-03-23 10:22:15,U.S. political scientist blames West for Ukraine crisis
2022-03-23 19:45:15,Iran-Syria ties at best level: Iranian FM
2022-03-23 22:23:00,"More Lebanese students keen to learn Chinese language, explore China's culture: director"
2022-03-24 21:01:01,Russia says Pentagon directly involved in bioweapon development in Ukraine
2022-03-24 17:37:46,"S.Korea says DPRK fires projectile, believes it is ICBM test"
2022-03-24 03:08:46,NATO to send more troops to eastern Europe
2022-03-24 04:44:01,97 Venezuelans repatriated from Ecuador in new phase of Return to Homeland Plan
2022-03-24 23:58:30,NATO approves deployment of four new battle groups
2022-03-24 20:03:04,
2022-03-24 20:45:45,Interview: Zimbabwean trade organization applauds signing of protocol to export citrus fruit to China
2022-03-24 19:20:48,
2022-03-24 11:20:00,EU countries in disarray after Putin announces payment change in gas deal
2022-03-24 07:29:00,Argentina's economy grows 10.3 pct in 2021
2022-03-24 04:06:15,"Omicron subvariant infections on rise in U.S., coinciding with allergy season"
2022-03-24 04:50:16,Russia announces expulsion of U.S. diplomats in retaliation
2022-03-24 21:01:58,Bulgaria to recall its ambassador to Russia for consultations: PM
2022-03-25 00:20:47,UN General Assembly adopts resolution on humanitarian situation in Ukraine
2022-03-25 02:00:03,Israeli researchers develop mini detector for high-resolution ultrasound imaging
2022-03-25 04:41:15,UN warns of worsening food crisis in Sudan amid economic deterioration
2022-03-25 05:02:15,"Canada, U.K. launch FTA negotiations"
2022-03-25 03:32:15,"Greek households hit hard by price increases: survey
"
2022-03-25 00:16:15,"Labor shortage, inflation pinch child care providers in U.S. Philadelphia: report "
2022-03-25 04:48:16,Trade show's comeback marks resilience of Lebanese economy amid crisis
2022-03-25 06:16:17,Russia says Pentagon directly involved in bioweapon development in Ukraine
2022-03-25 09:06:06,Cognac listed in China-EU agreement on geographical indications
2022-03-25 02:34:00,"Jordan, Rwanda, DRC, Mozambique, Tanzania vow to combat terrorism"
2022-03-25 00:04:46,UN General Assembly adopts resolution on humanitarian situation in Ukraine
2022-03-25 08:54:01,Malta to hold general election on March 26
2022-03-25 02:43:00,"UAE adds 1,400 megawatts of nuclear energy to national electricity grid"
2022-03-25 09:37:02,"886 civilians killed, wounded or kidnapped in Mali: UN"
2022-03-25 09:32:01,Feature: Candidates start campaign for Gambia's parliamentary election
2022-03-25 09:20:00,Zimbabwe's diamond miners aim to increase production
2022-03-25 10:22:58,"Malaysia reports 24,316 new COVID-19 cases, 64 more deaths"
2022-03-25 09:58:00,"New Zealand reports 15,871 new community cases of COVID-19"
2022-03-25 09:43:58,"S.Korea reports 339,514 new COVID-19 cases"
2022-03-25 08:53:59,Malta to hold general election on March 26
2022-03-25 09:06:04,Cognac listed in China-EU agreement on geographical indications
2022-03-25 10:07:00,Facts about Russia-Ukraine conflict: UN General Assembly adopts resolution on humanitarian situation in Ukraine
2022-03-25 07:30:30,"New York City exempts athletes, performers from COVID-19 vaccine mandate"
2022-03-25 07:50:45,Mexico's central bank hikes key interest rate for 7th straight time
2022-03-25 09:57:37,Cherry blossoms seen along street in Vancouver
