﻿2022-05-31 15:53:10,
2022-06-02 05:23:45,"Turkey, Pakistan vow to enhance bilateral ties with ""strategic perspective"""
2022-05-30 20:33:01,Construction of girder passage on Jakarta-Bandung HSR's longest bridge completed
2022-05-30 20:56:15,"21 bodies found at crash site of Nepali plane, 1 still missing"
2022-05-31 12:03:41,Many Canadians remain without power 9 days after deadly derecho
2022-05-31 21:54:01,"Tonga lauds friendly relations with China, vows to stick to one-China policy"
2022-05-31 11:58:45,America needs a Memorial Day for gun-violence victims: The Los Angeles Times
2022-05-31 11:53:31,Last body found at crash site of Nepali plane
2022-05-31 13:23:41,Feature: Chinese vaccines help protect Cambodian children against COVID-19
2022-05-31 09:52:16,Guest Opinion: Who is to blame for U.S. inflation?
2022-05-31 12:31:31,Children in U.S. more likely to be gun victims than those in other high-income countries
2022-06-01 09:36:43,News Analysis: Declining U.S. consumer sentiment to hurt Democrats in midterms
2022-06-01 20:25:45,3rd India-Bangladesh passenger train service flagged off
2022-06-01 21:28:01,"Lebanon, Iraq agree to bolster legal, judicial cooperation"
2022-06-01 15:24:17,"Tobacco industry worsening global pollution, deforestation, says expert"
2022-06-01 11:35:16,Chinese embassy in Italy presents int'l science cooperation award
2022-06-01 10:29:01,New Australian government ministry sworn in
2022-06-01 22:12:30,Vanuatu will always be true friend of China: president
2022-06-01 15:10:54,
2022-06-01 06:57:11,"Ex-FARC dissidents confirm death of top leader ""Gentil Duarte"""
2022-06-01 17:06:45,Palestinian woman killed by Israeli soldiers in southern West Bank: medics
2022-06-01 11:51:13,World Insights: Data shows Trump trade war hurts American farmers
2022-06-01 16:40:48,
2022-06-01 19:29:30,700 Afghan needy families receive humanitarian assistances
2022-06-01 15:14:20,Special meeting of European Council held in Brussels
2022-06-02 07:22:44,Death toll from heavy rains in Brazil's Pernambuco state rises to 107
2022-06-02 04:23:29,"Attack on UN convoy in Mali kills Jordan peacekeeper, injures 3"
2022-06-02 02:40:13,Chinese companies deliver gifts to poverty-stricken students in Ghana
2022-06-02 02:52:30,UN welcomes first commercial flight from Sanaa airport to Cairo
2022-06-02 05:45:44,Palestinian PM calls on int'l community to sanction Israel
2022-06-02 05:31:45,Deadly clashes break out in West Bank over Israeli demolition of attacker's home
2022-06-02 04:55:30,"Israel, UAE sign MoU on industrial cooperation"
2022-06-02 04:49:44,Cases of Crimean-Congo haemorrhagic fever surge in Iraq: WHO
2022-06-02 02:51:30,Report: Pandemic hinders efforts to achieve universal energy access by 2030
2022-06-02 05:08:45,"Ukraine, Poland agree on joint projects in defense, energy, regional development"
2022-06-02 07:37:45,3 victims confirmed dead in U.S. Oklahoma shooting
2022-06-02 04:08:30,Chinese company marks Children's Day with Ethiopian school children
2022-06-02 03:14:13,132 African asylum-seekers evacuated from Libya to Rwanda: UN refugee agency
2022-06-02 02:33:15,Africa's COVID-19 cases near 11.65 mln: Africa CDC
2022-06-02 00:59:15,Feature: G20 summit brings hopes to disabled artists in Bali
2022-06-02 10:09:30,"India's 4-wheeler auto sales in May report robust growth on easing chip shortage, demand"
2022-06-02 07:47:15,In pics: light show in Singapore
2022-06-02 07:31:21,"Wreckage of crashed plane found in hamlet of Brocanac, Croatia"
2022-06-02 07:39:18,Vienna partially retains mask requirement
2022-06-02 10:17:31,"French Senate questions French Interior, Sports Ministers over Champions League final incidents"
2022-06-02 07:37:45,3 victims confirmed dead in U.S. Oklahoma shooting
2022-06-02 07:04:44,Mexico's central bank lowers 2022 growth forecast to 2.2 pct
2022-06-02 09:51:30,5 killed in U.S. hospital campus shooting
