﻿2022-08-16 10:58:15,"BRI brings ""road to prosperity"" for remote river bank residents in southern Bangladesh"
2022-08-17 20:32:15,"Feature: French people tighten budget, cautious about planned relief measures"
2022-08-15 23:52:30,World Insights: Japan should not go too far in whitewashing militarism
2022-08-15 20:40:47,"Feature: U.S. shadow still hangs over Afghanistan, one year on"
2022-08-15 22:07:30,Iran says 2015 nuclear deal revival possible if U.S. shows flexibility
2022-08-16 03:42:00,"Israel's inflation rate hits 5.2 pct, highest since 2008"
2022-08-16 21:04:30,"EU admits to ""double standards"" on Ukraine, Palestine"
2022-08-16 14:13:15,U.S. Department of Justice opposes request to unseal Mar-a-Lago search affidavit
2022-08-16 00:41:30,"U.S. rate hikes, recession still in the cards: CNN"
2022-08-16 12:20:45,"S.Korea, U.S. to launch preliminary drills ahead of major combined exercise"
2022-08-16 18:25:00,Nuclear agreement hinges on U.S. decision after Iran responds to EU's draft: media
2022-08-16 18:27:30,"S.Korea, U.S. launch annual military drills, protests aroused"
2022-08-16 20:46:45,"8 killed, 32 injured in south Pakistan's road accident"
2022-08-16 05:53:45,U.S. monkeypox cases on sharp rise as media blame government's setbacks in containing outbreak
2022-08-16 03:00:15,Kenya's Deputy President William Ruto declared election winner
2022-08-16 20:30:00,Int'l Army Games 2022 opens in Russia
2022-08-17 14:18:46,
2022-08-17 23:09:45,Three more ships leave Ukraine under grain deal
2022-08-17 05:26:30,Ecuador's monkeypox cases climb to 19
2022-08-17 18:32:00,"Interview: U.S. pandemic fight a complete failure, says Turkish specialist"
2022-08-17 05:38:00,"Biden signs Democratic bill on tax, health care, climate"
2022-08-17 21:35:15,6 dead from house fire in Indonesian capital
2022-08-17 14:29:02,
2022-08-17 12:09:30,World's first malaria vaccine to benefit millions of children: UNICEF
2022-08-17 01:26:15,Roundup: UK real pay falls at record pace amid high inflation
2022-08-17 04:40:01,Peacekeeping troop rotations resume in Mali: UN
2022-08-17 14:19:30,U.S. Congresswoman Liz Cheney defeated in Wyoming GOP primary
2022-08-17 13:17:15,Chinese space-tracking ship docks at Sri Lanka's Hambantota port
2022-08-17 19:51:00,Japan's suicide rate spikes due to pandemic: study
2022-08-17 17:23:15,Economic Watch: Biden signs Inflation Reduction Act amid doubts over its effects on inflation
2022-08-18 06:31:45,"77 killed in Yemen floods affecting 200,000 people: UN"
2022-08-18 05:26:45,"Turkish president, Israeli PM hold phone talk over decision to reinstate envoys"
2022-08-18 02:58:30,Iraqi leaders call for dialogue to solve political deadlock
2022-08-18 00:40:00,Roundup: UK inflation hits fresh high with cost-of-living crisis worsening
2022-08-18 06:13:15,"Brazil lifts mandatory mask use in airports, on flights"
2022-08-18 00:34:45,"Roundup: Israel, Türkiye agree to restore full diplomatic ties"
2022-08-18 04:23:00,Ecuadoran police arrest suspect for involvement in deadly explosion
2022-08-18 02:22:00,"Mozambican gov't relaxes entry visa policies to boost investment, tourism"
2022-08-18 05:13:45,Forest fires in E Algeria kill 26
2022-08-18 05:15:30,Quick response urged as heavy rains batter central Sudan
2022-08-17 23:15:30,India enhances credit guarantee to revive pandemic-hit hospitality sector
2022-08-17 23:12:30,Myanmar reports 54 new COVID-19 cases
2022-08-18 00:23:15,"CPEC gives many dividends, benefit to Pakistan: official"
2022-08-18 05:30:30,Portugal reports highest excess mortality rate in EU
2022-08-18 05:52:30,Russian astronauts' spacewalk disrupted by spacesuit issue
2022-08-18 04:52:15,Dutch economy grows 2.6 pct in Q2 despite soaring inflation
2022-08-18 04:45:00,Oil prices rise as U.S. inventories tumble
2022-08-18 05:40:30,Trump critic says to consider White House bid after congressional primary loss
2022-08-18 05:08:15,"Roundup: U.S. crude supplies down, other petroleum data mixed"
