﻿2022-04-25 10:52:14,Railway-resettled villagers move into new homes with new hopes
2022-04-26 23:34:56,Chinese political advisors pool wisdom on rural healthcare
2022-04-27 16:18:13,"China's Changchun to resume life, production as epidemic eases"
2022-04-28 21:44:11,China's commerce ministry boosts supply of necessities to regions with COVID-19 resurgences
2022-04-28 07:14:03,"General practitioners conduct door-to-door nucleic acid test for residents in Beicai, Shanghai"
2022-04-29 07:15:47,People from different walks of life join fight against COVID-19 in Beijing
2022-04-08 08:08:39,GLOBALink | Junior football team on edge of desert in Xinjiang
2022-04-13 15:15:51,GLOBALink | Female livestreamer helps locals increase income in Xinjiang
2022-04-20 07:23:15,24 Solar Terms: Grain Rain
2022-04-24 08:18:05,GLOBALink | Parkour teenagers in ancient city of Kashgar
2022-04-26 20:35:11,Beijing classifies more at-risk areas
2022-04-26 15:03:41,"Chinese epidemiologist underlines dynamic zero-COVID approach, TCM role"
2022-04-26 23:46:16,China strongly condemns terrorist attack on shuttle van of Confucius Institute in Pakistan's Karachi
2022-04-27 16:30:47,GLOBALink | Smart disinfection robots aid Shanghai's epidemic fight
2022-04-27 23:15:15,HKSAR gov't follows up on positive COVID-19 results detected in sewage surveillance
2022-04-27 23:33:14,"China to intensify policies to stabilize and boost employment, further smooth international and domestic logistics"
2022-04-27 01:28:11,Vice premier stresses rectifying problems in consolidating poverty-alleviation achievements
2022-04-27 21:43:58,China's top legislator holds virtual talks with Norwegian parliament president
2022-04-27 21:49:58,"China, Pakistan to cooperate on hunting down terrorists: spokesperson"
2022-04-27 20:37:28,"Chinese premier stresses keeping employment stable, logistics smooth"
2022-04-27 20:09:15,Beijing reports 46 new local COVID-19 cases
2022-04-27 10:37:30,"Chinese mainland reports 1,818 new local COVID-19 cases, 1,606 in Shanghai"
2022-04-27 19:08:56,China Focus: Digitalization helps more people in China discover joy of reading
2022-04-27 21:59:59,Mainland cities lend helping hand to Taiwan enterprises amid epidemic
2022-04-27 23:18:15,"Chinese premier stresses keeping employment stable, logistics smooth"
2022-04-28 23:11:26,China launches new scientific expedition on world's highest peak
2022-04-28 23:24:31,Shanghai requires enterprises to pay employees during COVID-19 quarantine
2022-04-28 22:33:16,China rolls out re-lending facility for sci-tech innovation
2022-04-28 15:04:49,Across China: Hainan's boat-shaped houses tell stories of rich ethnic culture
2022-04-28 18:22:42,"247 foreign firms in Shanghai included in ""white list"" to resume production"
2022-04-28 19:25:46,Beijing green-lights pilot operation of vehicles with unmanned driver's seat
2022-04-28 22:44:31,International rules not defined by certain clique: FM spokesperson
2022-04-28 19:57:02,Economic Watch: Relief policies help foreign trade enterprises weather pandemic
2022-04-28 20:05:58,China's commerce ministry boosts supply of necessities to regions with COVID-19 resurgences
2022-04-28 23:09:31,"China, Oman vow to promote strategic partnership, military cooperation"
2022-04-28 00:19:28,Data products published in China to support sustainable development of BRICS
2022-04-28 23:43:31,South China airport cancels flights amid COVID-19 outbreak
2022-04-28 13:57:01,"China launches learning app for middle, primary school students"
2022-04-28 19:02:45,Senior legislator calls for promoting craftsmanship ahead of International Labor Day
2022-04-28 23:27:28,Vice premier inspects corn production in NE China
2022-04-28 23:12:26,China actively promotes environmental protection for half a century: minister
2022-04-28 16:01:03,GLOBALink | Beijing racing against time to curb new COVID-19 resurgence
2022-04-28 16:52:59,
2022-04-28 22:18:01,Spokesperson blasts U.S. maritime bullying
2022-04-28 20:38:11,Xinjiang's consumer market sees notable recovery in Q1
2022-04-29 07:34:33,China's Changchun starts to remove citywide closed management
2022-04-29 07:46:11,"Respect small states, practice true multilateralism: Chinese envoy"
2022-04-29 08:48:32,"Shanghai new COVID-19 cases: 5,487 confirmed, 9,545 asymptomatic"
2022-04-29 00:30:43,HKSAR chief executive stresses staying vigilant in fighting COVID-19
2022-04-29 07:29:17,Photo story: A dancer of Uygur ethnic group in Xinjiang
2022-04-29 00:06:32,"China urges ""crisis maker"" U.S. to clarify bio-military activities"
2022-04-29 07:15:47,People from different walks of life join fight against COVID-19 in Beijing
