﻿2022-04-25 21:47:04,"Chinese premier stresses need to further anti-corruption fight, build clean government"
2022-04-25 10:52:14,Railway-resettled villagers move into new homes with new hopes
2022-04-26 19:59:49,Beijing takes measures to ensure supply of daily necessities
2022-04-26 23:34:56,Chinese political advisors pool wisdom on rural healthcare
2022-04-27 23:00:44,Xinhua Headlines: China rolls out unusual policy mix to sustain growth 
2022-04-27 16:18:13,"China's Changchun to resume life, production as epidemic eases"
2022-04-28 07:14:03,"General practitioners conduct door-to-door nucleic acid test for residents in Beicai, Shanghai"
2022-04-08 08:08:39,GLOBALink | Junior football team on edge of desert in Xinjiang
2022-04-13 15:15:51,GLOBALink | Female livestreamer helps locals increase income in Xinjiang
2022-04-20 07:23:15,24 Solar Terms: Grain Rain
2022-04-24 08:18:05,GLOBALink | Parkour teenagers in ancient city of Kashgar
2022-04-25 21:43:13,"""Indivisible security"" endorsed by international community: Chinese FM"
2022-04-25 20:05:42,China renews blue alert for rainstorms
2022-04-25 18:23:22,Shanghai Anti-COVID Diary 19 | A story of eight households: 10+1
2022-04-26 20:35:11,Beijing classifies more at-risk areas
2022-04-26 15:03:41,"Chinese epidemiologist underlines dynamic zero-COVID approach, TCM role"
2022-04-26 23:46:16,China strongly condemns terrorist attack on shuttle van of Confucius Institute in Pakistan's Karachi
2022-04-26 01:06:43,Beijing to expand nucleic acid testing to more areas
2022-04-26 18:53:46,China urges U.S. to immediately lift illegal freeze on Afghan assets
2022-04-27 20:19:13,Xi Focus: Xi congratulates first innovation exchange conference for craftsmen
2022-04-27 16:30:47,GLOBALink | Smart disinfection robots aid Shanghai's epidemic fight
2022-04-27 23:15:15,HKSAR gov't follows up on positive COVID-19 results detected in sewage surveillance
2022-04-27 23:33:14,"China to intensify policies to stabilize and boost employment, further smooth international and domestic logistics"
2022-04-27 01:28:11,Vice premier stresses rectifying problems in consolidating poverty-alleviation achievements
2022-04-27 23:22:15,"Senior Chinese official stresses ethnic unity, development in Inner Mongolia"
2022-04-27 22:00:56,Mainland slams Taiwan's DPP for arms purchases
2022-04-27 17:47:27,President Xi calls for advancing infrastructure development
2022-04-27 13:23:47,Profile: Turkish motorcyclist rides his high-gear Chinese life
2022-04-27 21:43:58,China's top legislator holds virtual talks with Norwegian parliament president
2022-04-27 21:49:58,"China, Pakistan to cooperate on hunting down terrorists: spokesperson"
2022-04-27 20:37:28,"Chinese premier stresses keeping employment stable, logistics smooth"
2022-04-27 17:22:27,Cultural China: People's support vital for state governance
2022-04-27 20:09:15,Beijing reports 46 new local COVID-19 cases
2022-04-27 10:37:30,"Chinese mainland reports 1,818 new local COVID-19 cases, 1,606 in Shanghai"
2022-04-27 19:08:56,China Focus: Digitalization helps more people in China discover joy of reading
2022-04-27 21:59:59,Mainland cities lend helping hand to Taiwan enterprises amid epidemic
2022-04-27 16:19:03,
2022-04-27 23:18:15,"Chinese premier stresses keeping employment stable, logistics smooth"
2022-04-27 21:58:57,"China to advance research in philosophy, social sciences"
2022-04-28 10:38:48,China central bank conducts reverse repos to maintain liquidity
2022-04-28 10:23:46,"Chinese mainland reports 1,494 new local COVID-19 cases, 1,292 in Shanghai"
2022-04-28 07:20:20,People stick to posts in Shanghai port amid COVID-19 fight
2022-04-28 11:25:18,"Scenery of azalea blossoms in Zhalantun City, N China"
2022-04-28 10:54:43,Chinese Wisdom in Xi's Words: Prosperity depends on diligence
2022-04-28 01:28:31,Iranian president meets with Chinese defense minister
2022-04-28 10:24:43,"Shanghai new COVID-19 cases: 1,292 confirmed, 9,330 asymptomatic"
2022-04-28 00:19:28,Data products published in China to support sustainable development of BRICS
2022-04-28 11:14:19,Chinese dairy giant Yili revenue reaches 110 bln yuan in 2021
2022-04-28 00:05:13,China's Omicron vaccine expected to complete clinical trials in 3-4 months
2022-04-28 09:32:28,"2,724 COVID-19 patients discharged from hospitals on Chinese mainland"
2022-04-28 10:16:30,"West shies away from discussing Chinese democracy, say Brazilian experts"
2022-04-28 09:53:29,Chinese shares open lower Thursday
