﻿2022-02-23 17:14:46,China-Laos Railway to run additional passenger trains
2022-02-26 03:06:30,France announces 300 mln euros in aid for Ukraine
2022-02-25 05:01:00,"Chile registers 30,675 more daily COVID-19 cases"
2022-02-25 05:23:58,"Inflation risks in Mexico remain on rise, says central bank"
2022-02-25 19:50:17,Ukrainian president seeks talks with Russia
2022-02-25 20:55:00,"Poland's Border Guard says 29,000 people cross Poland-Ukraine border"
2022-02-25 07:26:30,Oil prices rise amid Russia-Ukraine tensions
2022-02-25 11:18:30,Explosions heard in central Kiev: Interfax
2022-02-25 06:58:15,Putin discusses Ukraine issue with state leaders
2022-02-25 22:06:17,Putin ready to send delegation to Minsk for talks with Ukraine
2022-02-25 05:11:01,3 people killed in Colombia landslide
2022-02-25 21:19:59,Russian airborne forces land near Kiev
2022-02-25 14:38:27,"UNGA president calls on Russia, Ukraine to settle disputes through dialogue"
2022-02-25 21:51:30,Ukrainian president reiterates call for talks with Russia
2022-02-26 05:56:45,"U.S. sanctions Putin, Lavrov over Russian military operation in Ukraine"
2022-02-26 00:11:59,Putin ready to send delegation to Minsk for talks with Ukraine
2022-02-26 14:24:16,"Competition, confrontation should not be keynote of China-U.S. ties: Chinese diplomat"
2022-02-26 00:08:38,
2022-02-26 06:05:44,Oil prices slip as traders weigh geopolitical risks
2022-02-26 13:24:00,Most African Americans list racial injustice as one of most worrying problems: The Hill
2022-02-26 07:01:00,IAEA: Ukraine's nuclear power reactors running safely
2022-02-26 14:31:31,Emergency experts call for urgent humanitarian aid in Afghanistan: UN
2022-02-26 00:25:00,Kuwait stages airshow to mark national holidays
2022-02-26 18:55:15,Russia strikes Ukrainian military facilities with cruise missiles -- spokesman
2022-02-26 16:51:41,"Afghanistan launches clearance operations in capital, surrounding provinces to ensure security"
2022-02-26 14:27:14,UN chief appoints Amin Awad of Sudan as UN crisis coordinator for Ukraine
2022-02-26 14:38:16,"UN chief pledges solution to Russia-Ukraine conflict, urges protection of civilians"
2022-02-26 01:00:31,
2022-02-26 13:22:00,Any action by Security Council should be truly conducive to defusing Ukraine crisis: Chinese envoy
2022-02-26 03:06:30,France announces 300 mln euros in aid for Ukraine
2022-02-26 19:27:15,Moscow to re-examine relations with states imposing sanctions: Medvedev
2022-02-26 20:08:30,"Lebanon, Algeria ink deals on criminals extradition, judicial cooperation"
2022-02-26 17:09:45,"Zelensky says weapons, equipment from partners ""on the way to Ukraine"""
2022-02-26 01:03:15,"Kenya reports flat tea earnings, rising coffee earnings for 2021"
2022-02-26 18:22:59,Feature: Upper Egyptian women exhibit handmade products during Aswan film festival
2022-02-26 01:52:11,China to aid Sierra Leone's national stadium rehabilitation
2022-02-26 18:33:15,Afghanistan's state-run universities reopen: report
2022-02-26 19:32:21,Violent rhetoric in India might lead to genocide: NYT
2022-02-26 19:38:11,"13 killed, 4 missing as motorboat capsizes in central Vietnam"
2022-02-26 20:07:30,Ukrainian president says battles going on across country
2022-02-26 17:32:59,Russian forces hit 821 Ukrainian military infrastructure objects -- spokesman
2022-02-26 19:27:15,Moscow to re-examine relations with states imposing sanctions: Medvedev
2022-02-26 13:24:00,Most African Americans list racial injustice as one of most worrying problems: The Hill
2022-02-26 14:24:16,"Competition, confrontation should not be keynote of China-U.S. ties: Chinese diplomat"
2022-02-26 12:47:56,Firearms overtake car crashes as leading cause of traumatic deaths in U.S.
