﻿2022-05-08 09:28:15,"China's BRI projects greatly benefit Cambodian economy, people: officials, experts"
2022-05-12 23:35:13,"Biden says 1 mln American lives lost to COVID-19 ""a tragic milestone"""
2022-05-10 06:15:46,UN chief condemns attacks on civilians by armed group in DRC
2022-05-10 10:46:28,S.Korea's new president says to open door to dialogue with DPRK
2022-05-10 07:27:45,Financial markets experience strains on market liquidity amid Russia-Ukraine conflict: U.S. Fed report
2022-05-10 19:40:30,Hungary's 1st female president takes office
2022-05-10 14:01:00,Sri Lanka's stock market closed amid unrest
2022-05-10 01:05:13,Preliminary results show Ferdinand Marcos Jr. wins Philippine presidential election
2022-05-11 21:58:01,Iran arrests 2 Europeans over promoting unrest
2022-05-11 15:51:00,Ferdinand R. Marcos claims victory in Philippine presidential election
2022-05-11 05:51:01,Death toll from Havana hotel blast rises to 42
2022-05-11 07:46:13,Wildfires in U.S. New Mexico continue going wild
2022-05-11 15:16:26,U.S. urged to adhere to one-China principle
2022-05-12 21:14:26,Sri Lankan president appoints new prime minister
2022-05-12 22:00:46,
2022-05-12 04:24:43,"Finland, UK sign statement of mutual support"
2022-05-12 03:51:43,"Tourist boat sinks in Ecuador's Galapagos Islands, leaving no victims"
2022-05-12 10:08:30,Most districts in major U.S. cities unaffordable to Black residents: The Guardian
2022-05-12 05:31:46,"Zelensky, Scholz discuss defensive aid for Ukraine"
2022-05-12 04:46:41,Brazilian president replaces energy minister over fuel price policy
2022-05-12 10:22:13,DPRK confirms first-ever COVID-19 case: state media
2022-05-12 17:46:48,
2022-05-12 21:37:42,Sri Lankan president appoints new prime minister
2022-05-12 10:56:46,"2 dead, 14 injured in Brazil aircraft crash"
2022-05-12 21:42:43,"Former Croatian president hails 30 years of diplomatic ties between Croatia, China"
2022-05-12 23:35:13,"Biden says 1 mln American lives lost to COVID-19 ""a tragic milestone"""
2022-05-13 07:43:45,Palestinian authority holds funeral of killed Al-Jazeera journalist
2022-05-13 04:44:45,Turkey dismisses Iran's accusation over dam construction
2022-05-13 03:32:31,Achieving peace is best protection for children in Ukraine: Chinese envoy
2022-05-13 03:07:28,Aid deliveries into Ethiopia's Tigray far from enough: UN
2022-05-13 03:54:43,Explosion in Pakistan's Karachi leaves 13 injured
2022-05-13 06:00:43,"3 IS militants killed, 8 arrested in Iraq"
2022-05-13 06:19:41,"Israel approves construction of over 4,000 settlement homes in West Bank"
2022-05-13 01:06:30,COVID-19 death toll in Europe tops 2 mln: WHO
2022-05-13 04:15:46,Egyptian PM in Tunisia to attend joint committee meeting on cooperation
2022-05-13 06:09:45,Canada to deploy officers to NATO headquarters in Latvia
2022-05-13 02:22:28,News Analysis: EU inflation pushed by Ukraine crisis set to persist
2022-05-13 01:09:28,OPEC lowers global economic and oil demand forecasts
2022-05-13 06:00:45,No survivor found on crashed aircraft in Cameroon
2022-05-13 04:15:46,Egyptian PM in Tunisia to attend joint committee meeting on cooperation
2022-05-13 03:52:30,New Chinese ambassador presents Letter of Credence to Zambian president
2022-05-13 07:33:56,Daily life in Colombo during nationwide curfew
2022-05-13 03:54:43,Explosion in Pakistan's Karachi leaves 13 injured
2022-05-13 00:01:14,Bangladesh restricts foreign travel for government officials
2022-05-13 05:59:43,Ireland's April inflation hits 22-yr high at 7-pct
2022-05-13 05:48:43,Slovenia's worst-ever factory explosion kills six: media
2022-05-13 05:57:45,Germany braces for energy sanctions by Russia: minister
2022-05-13 06:09:45,Canada to deploy officers to NATO headquarters in Latvia
2022-05-13 07:19:01,U.S. stocks end mixed as market attempts rebound
2022-05-13 07:52:01,Oil prices end mixed as traders assess multiple risks
