﻿2022-06-11 19:14:30,
2022-06-12 22:11:44,McDonald's successor reopens in Russia after U.S. giant withdrawal
2022-06-08 23:26:00,Iran says turns off IAEA surveillance cameras
2022-06-08 21:02:15,Finnish PM infected with COVID-19
2022-06-09 20:12:30,Greece's inflation hits 29-yr record in May
2022-06-09 23:25:44,French authorities launch probe into Ferrero salmonella outbreak
2022-06-09 17:54:00,More than 40 killed in DR Congo diamond mine collapse
2022-06-09 08:58:59,"Polarization among U.S. society leads to frequent mass shootings, racist killings: writer"
2022-06-10 04:39:15,"""Multiple victims"" reported after shooting in U.S. state of Maryland"
2022-06-10 09:17:59,"Ukrainian president signs sanction decrees on Russian president, officials"
2022-06-11 05:59:59,"Interview: Americas summit spotlights U.S. waning influence, say Venezuelan experts"
2022-06-11 21:38:13,"Landmine explosion kills 8, wounds 27 in southern Syria"
2022-06-11 15:06:15,"Americans' concerns around gun violence, school safety intensify -- report"
2022-06-11 04:16:00,"Biden struggles in ""pond of exclusionary Summit of the Americas"""
2022-06-11 05:58:58,UK inflation expectations hit record as gov't plans support package
2022-06-11 06:32:00,At least 4 people killed by explosion in Colombia
2022-06-11 12:41:00,Summit of Americas concludes in Los Angeles amid protests
2022-06-11 23:04:45,Japanese politicians' suggestions on reinforcing military capabilities very dangerous: military expert
2022-06-11 06:19:13,Economic Watch: U.S. CPI ticks up to 8.6 pct in May as Fed struggles to tame inflation
2022-06-12 21:35:01,
2022-06-12 19:31:14,Afghanistan injects 11 mln USD to stabilize local currency
2022-06-12 06:00:14,"Iran, Venezuela sign 20-year partnership agreement"
2022-06-12 20:17:13,UN peacekeepers call for protection from civilian attacks in southern Lebanon
2022-06-12 10:12:29,Brazil confirms 2nd case of monkeypox
2022-06-12 23:57:15,"UN chief, Iranian FM discuss Yemen, nuke deal"
2022-06-12 21:52:03,
2022-06-12 09:54:49,Putin signs law on non-compliance with ECHR decisions
2022-06-12 21:06:30,S.Korea says DPRK fires multiple projectiles
2022-06-12 21:29:46,UN says humanitarian supplies continue to arrive in Ethiopia's Tigray region
2022-06-13 03:33:28,Members of winning bloc in Iraqi parliament elections resign
2022-06-13 09:39:14,Venezuela registers 1st case of monkeypox in patient from Spain
2022-06-13 10:39:08,A look at Amboseli national park in Kenya
2022-06-13 10:38:50,Shaolin cultural festival held in Vienna
2022-06-13 04:24:45,WTO's 12th ministerial meeting opens in Geneva to tackle key issues
2022-06-13 06:22:58,"Israel's unilateral actions undermine chances for peace, two-state solution: Palestinian official"
2022-06-13 05:54:43,"Palestinian PM calls for forming int'l front to end Israeli occupation, protect two-state solution"
2022-06-13 10:39:06,A look at Amboseli national park in Kenya
2022-06-13 03:07:30,Roundup: Uganda strives to eliminate child labor worsened by COVID-19 pandemic
2022-06-13 03:44:44,Egypt rehabilitates coastal areas to address climate change: minister
2022-06-13 11:33:45,Research report warns against overwhelming foreign ownership of Australia's gas industry
2022-06-13 11:21:45,"Malaysia reports 1,571 new COVID-19 infections, 1 new death"
2022-06-13 11:25:45,S.Korea's export logs double-digit fall in first 10 days of June
2022-06-13 10:38:47,Shaolin cultural festival held in Vienna
2022-06-13 10:15:35,"Celebration for Russia Day held in St. Petersburg, Russia"
2022-06-13 07:35:34,In pics: Moscow Historical Festival
2022-06-12 16:26:45,Roundup: CBOT agricultural futures recover
2022-06-12 16:23:30,"Feature: Americans decry gun violence, political inaction at nationwide rallies"
2022-06-13 09:34:16,3 killed in suspected murder suicide in U.S. San Jose
