﻿2022-02-27 07:36:12,Laos-China Railway helps reviving domestic tourism of Laos
2022-02-28 01:14:16,Russian forces destroy world's biggest cargo plane Mriya in Ukraine
2022-02-26 14:24:16,"Competition, confrontation should not be keynote of China-U.S. ties: Chinese diplomat"
2022-02-26 18:55:15,Russia strikes Ukrainian military facilities with cruise missiles -- spokesman
2022-02-26 23:06:15,Hungarian PM checks borders amid Russia-Ukraine conflict
2022-02-26 14:27:14,UN chief appoints Amin Awad of Sudan as UN crisis coordinator for Ukraine
2022-02-26 22:12:00,"Kremlin says Kiev refuses to talk as Ukraine describes conditions as ""unacceptable"""
2022-02-26 13:22:00,Any action by Security Council should be truly conducive to defusing Ukraine crisis: Chinese envoy
2022-02-26 17:09:45,"Zelensky says weapons, equipment from partners ""on the way to Ukraine"""
2022-02-27 16:40:30,Kiev still controlled by Ukrainian army: official
2022-02-27 23:07:45,Ukraine to send delegation for talks with Russia at Belarus border
2022-02-27 17:17:46,Referendum on amending constitution of Belarus comes to main voting day
2022-02-27 16:48:30,"Russia closes skies to Baltic states, Slovenia"
2022-02-27 11:08:56,"Russian forces continue advancing ""in all directions"" as Kiev refuses to hold talks"
2022-02-27 23:05:41,Putin puts Russian deterrence forces on combat duty
2022-02-27 15:58:17,World Insights: Partisan battles brewing over Senate confirmation of Biden's Supreme Court pick
2022-02-27 16:43:30,Russia says armed forces hit 975 Ukrainian military infrastructure objects
2022-02-27 09:49:56,"Argentina's COVID-19 death toll surpasses 126,000"
2022-02-27 21:54:17,Ukraine agrees to negotiate with Russia at Belarus border: presidency
2022-02-27 18:43:17,
2022-02-27 21:29:01,Putin puts Russian deterrence forces on combat duty
2022-02-27 23:32:27,
2022-02-27 09:54:44,DPRK fires suspected ballistic missile toward eastern waters: S. Korean military
2022-02-27 09:48:41,"U.S., Europe to remove some Russian banks from SWIFT, escalating economic sanctions"
2022-02-27 20:42:38,Feature: Ukrainians crave for stability amid fears of intensified conflict
2022-02-27 16:39:26,Zelensky rejects talks in Belarus as Russian delegation arrives
2022-02-27 16:58:30,Gas pipeline explodes in Ukraine's Kharkiv
2022-02-27 15:19:45,Colombian authorities seize 1.5 tons of cocaine
2022-02-28 07:21:45,UN Security Council adopts resolution requesting UNGA emergency session on Ukraine
2022-02-28 05:44:31,"France asks its nationals to leave Russia, Belarus immediately"
2022-02-28 05:55:30,Gasoline price in Israel to reach 8-year high
2022-02-28 09:25:15,"Argentina registers 3,610 new COVID-19 cases, 72 more deaths"
2022-02-28 04:08:15,Feature: Thousands cross Polish border fleeing Russia-Ukraine conflict
2022-02-28 05:13:30,Iraq to host World Cup qualifier as FIFA's ban lifted: official
2022-02-28 05:44:30,"Egypt, Jordan leaders hold phone call over bilateral cooperation"
2022-02-27 21:56:12,Gunmen kill 3 in central Nigeria attack: police
2022-02-28 00:03:45,Seven farmers killed by lightning strike in southern Tanzania
2022-02-28 00:37:56,Somali army kills 5 al-Shabab terrorists
2022-02-28 09:01:00,Australian opposition maintains commanding polling lead
2022-02-28 09:42:00,"New Zealand reports 14,633 new community cases of COVID-19"
2022-02-28 08:57:45,Deadly mosquito-borne virus warned in southern parts of Australia
2022-02-28 04:50:11,"COVID-19-related deaths in North Macedonia surpass 9,000"
2022-02-28 04:08:15,Feature: Thousands cross Polish border fleeing Russia-Ukraine conflict
2022-02-28 01:51:56,Feature: Rural Hungarians unite to provide aid for Ukrainians fleeing conflict
2022-02-28 09:19:56,Cuba reports no COVID-19 deaths for 4th consecutive day
2022-02-28 09:36:15,"""Uncharted"" tops North American box office for 2nd straight weekend"
2022-02-28 08:36:58,Highlights of Vancouver Comic and Toy Show
