﻿2022-08-27 22:15:00,Economic Watch: Soaring China-Europe freight trains facilitate international trade
2022-08-28 05:01:15,Caravan Salon 2022 opens with record number of exhibitors
2022-08-22 19:12:15,Energy crisis deepens in Europe as extreme drought hits electricity output
2022-08-22 09:33:45,U.S. first lady ends isolation after testing negative for COVID-19
2022-08-22 06:12:15,Portugal becomes fastest aging country in EU: Study
2022-08-23 21:38:00,40 pct of Iran's commercial air fleet grounded due to U.S. sanctions: official
2022-08-23 05:57:00,Three-quarters of voters say U.S. headed in wrong direction: poll
2022-08-23 04:28:00,Feature: Farmers across Europe struggling with record hot and dry summer
2022-08-23 19:51:30,Palestinians welcome Israeli-Turkish normalization: Turkish FM
2022-08-24 19:59:00,"Feature: In Türkiye, stray dog attacks prevention app forced to close amid controversy"
2022-08-24 16:40:30,Thai Constitutional Court suspends Prayut's premiership
2022-08-24 01:51:15,U.S. officials knew they didn't have enough of key shot before monkeypox outbreak: media
2022-08-24 01:55:00,Germany's grain harvest increases despite drought
2022-08-24 20:10:45,Thai Constitutional Court suspends Prayut's premiership
2022-08-25 04:50:15,"Two dead, three injured in Washington, D.C. shooting"
2022-08-25 00:39:15,World's first hydrogen-powered trains begin passenger service in Germany
2022-08-26 22:18:00,Economic Watch: Hidden consequences of U.S. chips act
2022-08-26 05:59:15,Peru cuts GDP growth estimate to 3.3 pct in 2022
2022-08-27 19:51:15,UN conference to draft world's first high seas biodiversity treaty suspended
2022-08-27 20:36:46,Iran concludes 2-day drone drill
2022-08-27 07:26:15,"Dow sinks over 1,000 points after Powell vows tough inflation battle"
2022-08-27 17:25:04,
2022-08-27 23:07:00,"Iran, Nigeria sign agreements to expand energy cooperation"
2022-08-27 16:42:00,"Economic Watch: ""Some pain"" ahead as U.S. Fed set to continue rate hikes"
2022-08-27 02:19:30,UN concerned about airstrikes in Ethiopia's Tigray
2022-08-27 01:46:30,Britain's energy price cap to hike by 80 pct in October amid worsening cost-of-living crisis
2022-08-27 18:38:00,"45 killed, 113 injured in rain spells across Pakistan in 24 hours"
2022-08-27 02:44:00,UN helping Chad in response to floods killing 22
2022-08-27 04:17:00,Brazil receives largest foreign direct investment in 11 years
2022-08-27 06:18:30,Bolivia accumulates 55 monkeypox cases
2022-08-28 03:40:30,Feature: Turks struggle to buy food as prices soar
2022-08-28 04:49:30,French PM announces 1.5 bln euros green fund to accelerate ecological transition
2022-08-28 06:07:15,"Algeria, France agree on ""renewed partnership"""
2022-08-28 04:03:45,"Egypt, U.S., Spain hold joint naval drills in Mediterranean"
2022-08-28 04:32:00,Iran ready to donate fuel to Lebanon: ambassador
2022-08-28 06:07:15,"Algeria, France agree on ""renewed partnership"""
2022-08-28 10:54:15,"Death toll from Libya's Tripoli clashes rises to 23, 140 injured"
2022-08-28 04:03:45,"Egypt, U.S., Spain hold joint naval drills in Mediterranean"
2022-08-28 10:38:30,"Malaysia reports 2,491 new COVID-19 infections, 5 more deaths"
2022-08-28 09:32:30,Pakistani authority warns of high-level flooding in rivers
2022-08-28 10:08:45,Wildfires burn over 1 mln hectares of land in Mongolia so far this year
2022-08-28 05:01:15,Caravan Salon 2022 opens with record number of exhibitors
2022-08-28 04:49:30,French PM announces 1.5 bln euros green fund to accelerate ecological transition
2022-08-28 06:32:45,Hungary marks national holiday a week later with fireworks
2022-08-27 07:26:15,"Dow sinks over 1,000 points after Powell vows tough inflation battle"
2022-08-27 10:41:34,International Dog Day celebrated in Canada
2022-08-28 10:25:45,CBOT agricultural futures rise on disappointing crop yield estimates
