﻿2022-05-30 17:21:16,China's top legislature schedules standing committee session
2022-05-30 21:46:13,"Cooperation between China, Pacific island countries sees vitality, bright future"
2022-05-31 20:17:30,China Focus: China's new configuration AG600 large amphibious aircraft makes maiden flight
2022-05-31 15:53:10,
2022-06-01 07:31:15,Shanghai's largest makeshift hospital for COVID-19 patients closes
2022-06-01 00:45:23,
2022-04-20 07:23:15,24 Solar Terms: Grain Rain
2022-04-24 08:18:05,GLOBALink | Parkour teenagers in ancient city of Kashgar
2022-05-05 07:30:12,24 Solar Terms: Start of Summer
2022-05-14 09:58:19,
2022-05-28 17:23:43,Ancient decarburization kiln discovered in central China
2022-05-30 21:06:13,Wondrous Xinjiang: Artsy traffic boxes liven up NW China's frontier city
2022-05-30 17:56:45,Global warming may lead to shorter flower life: study
2022-05-30 23:08:16,China tightens measures to prevent import of monkeypox virus
2022-05-30 23:20:46,Political advisors discuss revising arbitration law
2022-05-30 21:12:16,China to build new platforms for cooperation with Pacific island countries
2022-05-30 21:04:11,China tightens measures to prevent import of monkeypox virus
2022-05-30 21:46:13,"Cooperation between China, Pacific island countries sees vitality, bright future"
2022-05-31 23:59:30,"China ready to boost friendship, cooperation with UAE: Xi"
2022-05-31 19:35:01,"""Cloud dialogue"" on China's Sanxingdui Ruins held for foreign teenagers"
2022-05-31 00:20:18,U.S. poses most serious long-term challenge to international order: spokesperson
2022-05-31 23:32:29,
2022-05-31 20:39:32,China Focus: All-around development of Chinese children guaranteed
2022-05-31 18:44:45,Xi congratulates China Soong Ching Ling Foundation over 40th anniversary
2022-05-31 20:30:15,"Firm opposition to U.S.-Taiwan official interactions, military collusion: spokesperson"
2022-05-31 00:12:01,China refutes U.S. remarks on UN human rights chief's visit to China
2022-05-31 12:18:41,"Shanghai to fully restore normal production, living order from June 1"
2022-05-31 21:29:30,China's top political advisor meets speaker of Algerian Council of the Nation via video link
2022-05-31 23:22:28,
2022-05-31 19:38:58,"Xi's article on modernization featuring harmonious coexistence between humanity, nature to be published"
2022-05-31 19:27:58,"Xi stresses efforts to promote children's healthy, all-round development"
2022-05-31 12:36:45,Chinese FM stresses cooperation over competition in Sino-U.S. relations
2022-05-31 15:07:17,Xi Focus-Closeup: Moments of President Xi Jinping with children
2022-05-31 21:03:31,"Hong Kong to distribute 240,000 RAT kits following sewage COVID-19 detection"
2022-05-31 23:05:29,"China, Tonga vow to enhance friendship, cooperation"
2022-05-31 20:05:11,Taiwan's accumulated number of local COVID-19 cases exceeds 2 mln
2022-05-31 23:01:15,"China ready to push ties with Zambia to higher levels, broader areas: Xi"
2022-05-31 00:26:15,Vice premier urges solid preparation work for national college entrance exam
2022-05-31 12:46:43,China's new configuration AG600 large amphibious aircraft makes maiden flight
2022-05-31 16:14:43,"Shanghai to fully restore normal production, living order from June 1"
2022-05-31 20:45:31,Chinese scientists reveal human impact on extreme precipitation
2022-05-31 00:23:16,Record 11.93 mln students to take China's college entrance exam
2022-05-31 09:55:30,"Chinese mainland reports 28 new local confirmed COVID-19 cases, 16 in Beijing"
2022-06-01 11:46:13,Xi Focus-Quotable Quotes: Xi Jinping's expectations of children
2022-06-01 09:37:45,Market exchange rates in China -- June 1
2022-06-01 10:45:00,China's central bank adds liquidity via reverse repos
2022-06-01 11:04:13,"Chinese mainland reports 22 new local confirmed COVID-19 cases, 14 in Beijing"
2022-06-01 10:11:02,Shanghai resumes normal production and life
2022-06-01 11:35:16,Chinese embassy in Italy presents int'l science cooperation award
2022-06-01 11:24:13,"Beijing reports 14 confirmed, 1 asymptomatic local COVID-19 cases"
2022-06-01 07:31:15,Shanghai's largest makeshift hospital for COVID-19 patients closes
2022-06-01 10:48:45,
2022-06-01 11:41:13,China's overnight Shibor interbank rate decreases Wednesday
2022-06-01 11:23:11,"1 dead, 13 injured after blast rocks restaurant in central China"
2022-06-01 07:42:20,Children depict future of Xiong'an New Area with paintings
