﻿2022-05-27 22:52:00,Feature: Chinese-built SGR passenger train service easing mobility for Kenya's working class
2022-05-28 19:42:58,"AfDB president urges ""polluter pays"" principle in climate financing"
2022-05-26 23:49:15,China-trained Myanmar athletes achieve good results at 31st SEA Games
2022-05-27 19:42:15,Zimbabwe's inflation spirals above 130 pct amid currency depreciation
2022-05-27 11:33:45,"Strong quake hits eastern Indonesia, but no tsunami expected"
2022-05-27 04:50:46,"Ukrainian president, Finnish PM discuss Ukraine's European integration, post-conflict recovery"
2022-05-27 09:19:13,UN chief condemns violence against civilians in Afghanistan
2022-05-27 19:26:00,UN Security Council fails to adopt resolution on DPRK sanctions
2022-05-27 12:17:45,"World Insights: Brazilian state's ""strategic partnership"" with BRICS bank ""essential"" for sustainable urban development"
2022-05-27 09:51:31,Abbas names adviser al-Sheikh to lead PLO executive committee
2022-05-27 12:24:01,"Strong quake hits eastern Indonesia, no tsunami warning issued"
2022-05-27 15:50:18,Oxygen producing plant built in Afghanistan's Baghlan province
2022-05-27 19:34:17,"UN Mideast envoy calls for coordinated, strategic approach to Israeli-Palestinian issue"
2022-05-27 23:42:15,News Analysis: Turkey keeps reservations over Nordics' NATO bids
2022-05-28 09:36:02,Racial Discrimination: A Legalized Sin in Canada
2022-05-28 04:32:43,"Palestinian killed, dozens injured in clashes with Israeli soldiers in West Bank"
2022-05-28 03:26:41,Ugandan gov't gives ultimatum to striking health workers
2022-05-28 19:27:01,"2 children killed, 1 wounded in unexploded ordnance blast in Afghanistan"
2022-05-28 23:06:48,At least 31 killed in stampede in southern Nigeria: police
2022-05-28 00:56:26,Houston braces for protests crying for gun control as gun lobby group kicks off convention
2022-05-28 04:18:45,"Ukrainian FM, U.S. secretary of state discuss military support for Ukraine"
2022-05-28 23:41:45,At least 31 killed in stampede in southern Nigeria: police
2022-05-28 02:55:43,300 humanitarian relief trucks reach Ethiopia's Tigray in past week: UN
2022-05-28 19:19:45,Death toll rises to 28 in building collapse in SW Iran
2022-05-28 01:15:28,China-built road creates good fortune for Malagasy poultry farmers
2022-05-28 12:10:46,Eurasian Economic Union needs to redesign logistics amid Western sanctions: Belarusian president
2022-05-28 23:13:44,"Putin discusses Ukraine situation, food security with Macron, Scholz"
2022-05-28 04:30:43,UN chief condemns killing by armed groups in Burkina Faso
2022-05-29 10:40:45,Colombia deploys soldiers to secure presidential elections
2022-05-29 00:12:48,
2022-05-29 00:38:46,Search continues for 25 missing after ship capsizes in central Indonesia
2022-05-29 11:25:08,"Museum Air Show Festival held in Nairobi, Kenya"
2022-05-29 04:55:00,"Romania holds ""Chinese Bridge"" language contest for college student"
2022-05-29 09:37:41,Mexico confirms first imported case of monkeypox
2022-05-29 00:10:45,
2022-05-29 09:30:45,37 dead in heavy rains in Brazil
2022-05-29 07:07:13,Ukrainian president discusses defense support with British PM
2022-05-29 10:54:46,Rescuers search for 8 missing crew members in ship collision in Philippines
2022-05-29 02:26:58,Morocco seizes 1.5 tonnes of cannabis
2022-05-29 07:14:36,"Menstrual Hygiene Day marked in Kampala, Uganda"
2022-05-29 07:14:34,"Museum Air Show Festival marked in Nairobi, Kenya"
2022-05-29 11:28:00,"Malaysia reports 1,645 new COVID-19 infections, 2 more deaths"
2022-05-29 10:54:46,Rescuers search for 8 missing crew members in ship collision in Philippines
2022-05-29 10:21:44,"Interview: U.S.-led IPEF more of political rhetoric than free trade agreement, says Cambodian scholar"
2022-05-29 07:07:13,Ukrainian president discusses defense support with British PM
2022-05-29 07:36:47,Vladivostok: city of tiger
2022-05-29 07:33:55,A look at one of largest refineries Danube
2022-05-28 17:12:45,Feature: When gun lobby NRA meets protests days after Uvalde school shooting
2022-05-28 19:53:06,Roundup: Southern California students plea for protection from gun violence after Texas mass shooting
2022-05-29 07:19:50,Volunteers cover up graffiti on walls in Chinatown of Vancouver
