﻿2022-03-02 15:56:03,"Chinese vice premier stresses efforts for carbon peak, neutrality"
2022-03-02 07:39:21,Special freight train to help stabilize mainland supply of goods to Hong Kong
2022-03-02 22:43:35,Xinhua Headlines: A solidly modernizing China to chart blueprint for year 2022
2022-03-02 20:59:45,Chongqing adds station for China-Laos international freight train service
2022-03-03 00:37:46,China's top political advisory body wraps up standing committee session
2021-12-02 15:05:53,Mounting artist's dream of painting shrimps
2021-12-02 15:05:44,Artisan introduces charm of wooden art and leatherware to people
2022-02-16 13:39:13,Stories of Jingdezhen in the Imperial Kiln: Famille verte wares from the Reigns of Jiajing and Wanli
2022-02-17 12:56:46,Stories of Jingdezhen in the Imperial Kiln: Designs for the Imperial Kiln
2022-02-24 17:02:17,China's crackdown on illegal off-campus training continues during winter vacation
2022-02-24 16:20:00,Across China: Ancient Chinese ritual parades on in modern time
2022-03-01 23:04:29,Mainland-aided isolation facility in Hong Kong starts admitting COVID-19 patients
2022-03-01 23:06:13,"U.S. ""show of support"" for Taiwan futile: Chinese spokesperson"
2022-03-01 21:47:58,Yellow River protection regulation takes effect in China's Ningxia
2022-03-01 23:35:41,China releases 5-year plan on elderly care
2022-03-01 23:58:14,"Chinese, Ukrainian FMs hold phone talks over Ukrainian situation"
2022-03-01 19:50:37,China's top political advisory body prepares for annual session
2022-03-01 21:40:18,China to further optimize government services
2022-03-02 22:46:17,Beijing sees decrease in permanent resident population
2022-03-02 16:13:15,Freight train sends anti-virus materials to Hong Kong
2022-03-02 15:56:03,"Chinese vice premier stresses efforts for carbon peak, neutrality"
2022-03-02 10:00:45,Chinese mainland reports 71 new local COVID-19 cases Tuesday
2022-03-02 11:15:45,Chinese mainland reports 71 new local COVID-19 cases Tuesday
2022-03-02 20:18:15,China's national legislature to hold press conference ahead of annual session
2022-03-02 20:16:15,"Xi tells armed police to always be faithful guardian of Party, people"
2022-03-02 15:08:30,Xinhua Commentary: China's self-reliant sci-tech innovation not threatening others
2022-03-02 20:59:45,Chongqing adds station for China-Laos international freight train service
2022-03-03 20:36:49,Macao's criminal investigation cases rise 13.1 pct in 2021
2022-03-03 18:31:33,"Xinhua Commentary: China's ""two sessions"" under global gaze for solutions to world challenges"
2022-03-03 15:39:01,"China develops new COVID-19 test kit -- fast, small, cheap"
2022-03-03 20:26:31,National Ear Care Day marked across China
2022-03-03 00:05:46,Freight train sends anti-virus materials to Hong Kong
2022-03-03 19:01:30,Xi Focus-Closeup: Dreams of the disabled
2022-03-03 18:23:19,China's agro product wholesale price index edges up
2022-03-03 19:32:58,"China's anti-pandemic approach helps stabilize global industrial, supply chains: spokesperson"
2022-03-03 11:27:51,
2022-03-03 17:15:12,Central China uncovers ancient street market depicted in world-renowned painting
2022-03-03 00:16:15,China refutes Blinken's groundless accusations concerning Xinjiang
2022-03-03 11:46:32,"Spring ploughing on Yangtze River island
"
2022-03-03 14:26:30,Taiwan hit by widespread power outages
2022-03-03 15:39:01,NE China port city launches new shipping route to Australia
2022-03-03 09:17:16,
2022-03-03 19:24:01,Hong Kong's new electoral system guarantees people's democratic rights: spokesperson
2022-03-03 00:37:46,China's top political advisory body wraps up standing committee session
2022-03-03 19:38:59,China's 2022 foreign trade to run in reasonable range: spokesperson
2022-03-03 19:57:18,Feature: A tale of two medics witnessing weight of Hong Kong's worst COVID-19 wave
2022-03-03 20:03:21,"Chinese researchers develop inhalable antibody against COVID-19, variants"
2022-03-03 19:38:22,China Focus: Greener Beijing fosters a bird-friendly abode
2022-03-03 19:21:45,Survey of endangered gibbon species launched in southwest China
2022-03-03 18:28:15,China to continue to expand high-level opening up: spokesperson
2022-03-03 20:01:15,"China Focus: Relics in China reveal modern human lifestyle 40,000 yrs ago"
2022-03-03 20:14:32,China emerges as Namibia's main export market in January
2022-03-03 15:14:59,China's top political advisory body to hold annual session from March 4 to 10
2022-03-03 18:44:31,China-Laos Railway transports over 1.7 mln passengers since launch
2022-03-03 09:31:17,Xiconomics: How Chinese innovation drives economic growth at home and abroad
2022-03-03 19:24:01,Core technological breakthroughs urgent for China: spokesperson
