﻿2022-06-07 20:20:47,Record 12 mln sit for China's annual college entrance exam
2022-06-07 23:34:14,China's Yangtze River Delta sees rise in China-Europe freight train trips
2022-06-08 21:00:57,China's annual college entrance exam concludes
2022-06-09 22:30:15,"Xi Focus: Inspecting Sichuan, Xi stresses stable economic development"
2022-06-09 04:04:15,Chinese FM attends third C+C5 foreign ministers' meeting in Kazakhstan
2022-06-09 22:41:16,Top political advisor meets Taiwan participants at cross-Strait seminar
2022-06-09 21:57:00,"Chinese FM, Tajik transport minister vow to deepen cooperation"
2022-04-20 07:23:15,24 Solar Terms: Grain Rain
2022-05-14 09:58:19,
2022-05-29 13:05:59,
2022-06-06 08:18:04,24 Solar Terms: Grain in Ear
2022-06-07 23:58:00,"China, Russia vow to promote cooperation along Yangtze, Volga rivers"
2022-06-07 23:49:00,China Focus: Air purifiers fall out of favor as air pollution eases in China
2022-06-07 22:43:45,"Chinese premier stresses smoothing transportation and logistics, stabilizing economy"
2022-06-07 21:04:30,China to establish national park at Qinghai Lake
2022-06-07 20:39:15,China takes global lead in number of declared 5G patents
2022-06-08 20:16:59,Taiwan's CPI rises 3.39 pct in May
2022-06-08 16:21:00,"Art competition aims to boost China, Hungary youth exchanges"
2022-06-08 22:52:43,China to remove bottlenecks in policy implementation to produce greater effects for keeping economic activity stable
2022-06-08 20:25:59,Feature: A rider's love for cycling drives her forward
2022-06-08 20:15:00,"China paying close attention to Sri Lanka's current difficulties, challenges: spokesperson"
2022-06-08 21:48:28,"Hong Kong to distribute about 190,000 RAT kits following sewage COVID-19 detection"
2022-06-08 22:22:30,Chinese premier stresses giving full play to policy effects to stabilize economy
2022-06-08 18:43:30,"Chinese, Turkmen FMs agree to step up bilateral cooperation"
2022-06-09 22:53:23,
2022-06-09 23:07:15,"Xinhua Commentary: China capable of coordinating dynamic COVID control, economic growth"
2022-06-09 23:04:15,Xi replies to letter from cadre workshop participants at Julius Nyerere Leadership School
2022-06-09 00:13:15,BRICS countries vow to deepen business cooperation
2022-06-09 21:17:45,Xi replies to letter from cadre workshop participants at Julius Nyerere Leadership School
2022-06-09 23:03:16,Across China: Young urbanites embrace balcony gardening
2022-06-09 05:50:14,"Chinese envoy calls for meaningful, concrete actions from U.S. to relieve Korean Peninsula tensions"
2022-06-09 20:36:31,Rain-triggered landslides kill 7 in China's Guangxi
2022-06-09 22:46:33,
2022-06-09 20:30:29,BRICS countries should cooperate on food security: Chinese official
2022-06-09 20:17:30,Shenzhou-14 taikonauts to conduct 24 medical experiments in space
2022-06-09 14:32:46,China's FAST telescope detects weird repeating fast radio burst
2022-06-09 20:55:47,China urges U.S. to revoke arms sale to Taiwan
2022-06-09 20:56:45,Ancient tomb unearthed in N China's Shanxi
2022-06-09 22:41:16,Top political advisor meets Taiwan participants at cross-Strait seminar
2022-06-09 19:59:30,State Council steps up supervision to ensure workplace safety
2022-06-09 20:37:45,Tesla's Shanghai factory resumes full production
2022-06-09 17:16:45,China releases new geologic map of Moon
2022-06-09 18:51:58,Hong Kong keeps tracing COVID-19 through sewage surveillance
2022-06-09 22:52:33,
2022-06-10 07:39:37,Examinees out of exam sites of national college entrance exam
2022-06-10 01:56:00,6.0-magnitude quake hits Sichuan: CENC
2022-06-10 07:42:50,Pic story: couple busy with wheat harvest in north China
2022-06-10 00:27:58,5.8-magnitude quake hits Sichuan: CENC
2022-06-10 00:39:45,China's resort island launches Italian design promotion center
2022-06-10 00:06:32,"Xinhua Headlines: Inspecting Sichuan, Xi stresses maintaining stable economic development"
2022-06-10 07:34:45,Across China: Chinese pickles gain popularity overseas
2022-06-10 00:02:43,Chinese vice premier calls on BRICS nations to deepen cooperation
