﻿2022-06-24 01:20:31,"The China-Europe Railway Express (Chongqing) embarks on its 10,000th trip"
2022-06-25 01:19:00,U.S. Supreme Court ruling overturns landmark decision on abortion rights
2022-06-22 22:02:00,Official campaigning starts for Japan's upcoming upper house election
2022-06-22 13:43:58,"Shootings in Buffalo, Uvalde just tip of iceberg of U.S. gun violence: El Pais"
2022-06-22 05:46:58,"Egyptian president, Saudi Arabian crown prince vow to address security threats"
2022-06-22 14:02:00,"Quake kills at least 280, injures 595 in eastern Afghanistan"
2022-06-23 07:28:29,Biden calls on Congress to suspend federal gas tax for 90 days
2022-06-23 13:45:13,About 31 mln working-age Americans suffer from long COVID-19: Brookings Institution
2022-06-23 13:47:00,Americans feel less secure despite growing military budget: The Washington Post
2022-06-23 06:44:29,"Russian FM in Iran to discuss nuclear talks, bilateral ties"
2022-06-23 01:04:45,Bulgarian gov't ousted by no-confidence vote
2022-06-23 15:13:51,
2022-06-23 17:56:46,
2022-06-23 19:19:30,Japan's Okinawa repeats call for scrapping plans to relocate U.S. base on the island
2022-06-23 14:54:22,Ecuadoran president tests positive for COVID-19
2022-06-23 04:00:59,UN chief saddened by heavy loss of life in Afghanistan earthquake
2022-06-23 19:24:29,"Iran, Russia vow boost to comprehensive ties"
2022-06-24 23:13:30,Tunisian interior ministry acquires intelligence of serious threats to president
2022-06-24 04:12:00,"EU leaders grant Ukraine, Moldova EU candidate status"
2022-06-24 19:48:30,"Indian minister says cars to get ""star rating"" based on crash test"
2022-06-24 06:44:15,News Analysis: U.S. president touts gas tax holiday amid surging energy prices
2022-06-24 02:12:15,At least 5 people killed in building blaze in Argentine capital
2022-06-24 09:30:30,"World Insights: Gun lobby, interest-oriented market behind U.S. gun violence"
2022-06-24 17:42:45,At least 5 killed in aftershock in E. Afghan quake area
2022-06-24 00:36:00,Roundup: U.S. Supreme Court strikes down New York state law that limits gun-carrying in public
2022-06-25 05:37:30,"UN chief urges reintegrating food, fertilizer products from Ukraine, Russia into world markets"
2022-06-25 06:00:30,Qatari emir arrives in Egypt for 1st visit since reconciliation
2022-06-25 02:36:14,News Analysis: Turkey intent on blocking Nordic bids at NATO summit if security concerns persist
2022-06-25 03:11:28,EU unveils plans to issue 50 bln euros in bonds
2022-06-25 07:25:45,Chile seizes major cocaine cache in stepped-up fight against organized crime
2022-06-25 06:01:30,130 Palestinians injured in West Bank clashes with Israeli soldiers: medics
2022-06-25 00:08:45,"China always stands with Pakistan, offers supports on political, diplomatic fronts: Pakistani PM"
2022-06-25 04:17:15,Iraq sees case surge in possible 5th COVID-19 wave
2022-06-25 05:19:30,UN chief calls for action to help internally displaced persons
2022-06-25 01:29:00,"U.S. CDC recommends Moderna COVID-19 vaccine for children, adolescents"
2022-06-25 01:19:00,U.S. Supreme Court ruling overturns landmark decision on abortion rights
2022-06-25 06:23:45,"IMF chief sees ""narrowing path"" to avoiding U.S. recession"
2022-06-25 03:23:28,Gabon eyes Commonwealth entry to advance economic diversification
2022-06-25 00:39:46,"One militant killed, two soldiers injured in Boko Haram attack in Cameroon"
2022-06-25 05:06:30,"Tunisian, German presidents hold phone talks to strengthen bilateral ties"
2022-06-25 08:23:44,2 terrorists killed in military operation in NW Pakistan
2022-06-24 23:55:43,Hosts Mongolia grabs eight medals at Ulan Bator Grand Slam of judo
2022-06-25 00:08:45,"China always stands with Pakistan, offers supports on political, diplomatic fronts: Pakistani PM"
2022-06-25 09:03:45,"Two killed, several wounded in Oslo nightclub shooting: police"
2022-06-25 00:37:45,Denmark to cut electricity tax to curb energy prices
2022-06-25 05:05:28,BA.5 becomes dominant COVID-19 variant in Germany
2022-06-25 06:23:45,"IMF chief sees ""narrowing path"" to avoiding U.S. recession"
2022-06-25 05:58:30,Boeing announces 2022 supplier award
2022-06-25 06:59:45,Dow jumps over 800 points in marked comeback rally
