﻿2022-06-02 15:50:08,"Belt and Road Initiative, a boost to global development"
2022-06-03 04:01:45,UN environment meeting calls for urgent action for healthy Earth
2022-05-31 12:03:41,Many Canadians remain without power 9 days after deadly derecho
2022-05-31 21:54:01,"Tonga lauds friendly relations with China, vows to stick to one-China policy"
2022-05-31 11:58:45,America needs a Memorial Day for gun-violence victims: The Los Angeles Times
2022-05-31 11:53:31,Last body found at crash site of Nepali plane
2022-05-31 12:31:31,Children in U.S. more likely to be gun victims than those in other high-income countries
2022-06-01 09:36:43,News Analysis: Declining U.S. consumer sentiment to hurt Democrats in midterms
2022-06-01 20:25:45,3rd India-Bangladesh passenger train service flagged off
2022-06-01 21:28:01,"Lebanon, Iraq agree to bolster legal, judicial cooperation"
2022-06-01 11:35:16,Chinese embassy in Italy presents int'l science cooperation award
2022-06-01 10:29:01,New Australian government ministry sworn in
2022-06-01 22:12:30,Vanuatu will always be true friend of China: president
2022-06-01 17:06:45,Palestinian woman killed by Israeli soldiers in southern West Bank: medics
2022-06-01 11:51:13,World Insights: Data shows Trump trade war hurts American farmers
2022-06-01 15:14:20,Special meeting of European Council held in Brussels
2022-06-02 18:19:11,
2022-06-02 07:22:44,Death toll from heavy rains in Brazil's Pernambuco state rises to 107
2022-06-02 17:31:29,"S. Korea, Japan hold talks on survey near disputed islets, dumping of nuclear waste water"
2022-06-02 11:27:45,Pundits criticize Biden's delay in trashing Trump's trade war
2022-06-02 11:55:45,Denmark votes to join EU defence pact amid concerns over Russia-Ukraine conflict
2022-06-02 18:28:48,
2022-06-02 07:37:45,3 victims confirmed dead in U.S. Oklahoma shooting
2022-06-03 04:01:45,UN environment meeting calls for urgent action for healthy Earth
2022-06-03 03:57:29,Kuwait says to increase oil production to 2.77 mln bpd in July
2022-06-03 01:59:30,"Roundup: U.S. spots more monkeypox cases as WHO upgrades risk level to ""moderate"""
2022-06-03 05:45:44,Argentina's central bank eases currency controls for service exporters
2022-06-03 05:14:44,Attack on passenger bus kills 3 in E Syria
2022-06-03 06:05:44,"5.6-magnitude quake hits 35 km ESE of Chignik, Alaska -- USGS"
2022-06-03 04:41:30,UN chief hails two-month extension of Yemen truce
2022-06-03 05:27:45,UN envoy for Yemen hails two-month renewal of truce
2022-06-03 08:25:29,Highlights of Yokohama Port Opening Festival
2022-06-03 07:10:45,Death toll rises to 126 from Brazilian heavy rains
2022-06-03 03:13:30,"Jordan, UAE, Egypt ink agreement on grains production"
2022-06-03 06:00:45,Argentine gov't confident to meet IMF targets for 2nd review
2022-06-03 02:30:28,Egypt vows to continue support crisis-hit Lebanon: minister
2022-06-03 08:29:06,Int'l Day of UN Peacekeepers marked in Tanzania
2022-06-03 02:23:30,AU head Macky Sall to meet with Putin in Russia
2022-06-03 08:29:04,Int'l Day of UN Peacekeepers marked in Tanzania
2022-06-03 01:08:15,"More than 51,000 hectares of land in Ethiopia pest-infested: official"
2022-06-02 23:57:15,Myanmar reports 7 more COVID-19 cases
2022-06-03 08:25:26,Highlights of Yokohama Port Opening Festival
2022-06-02 23:59:15,Schools reopen for in-person classes for new academic year in Myanmar
2022-06-03 05:44:45,Dublin hosts Ireland's 1st offline gardening festival since COVID-19 pandemic
2022-06-03 04:13:32,Romania intercepts over 50 migrants in fishing boat off Black Sea coast
2022-06-03 08:20:34,Republic Day celebrated in Italy
2022-06-03 04:30:45,U.S. weekly jobless claims fall amid tight labor market
2022-06-03 07:49:19,In pics: affordable housing for artists in Vancouver
2022-06-03 06:44:45,Ottawa signs landmark settlement with indigenous people
