﻿2022-04-06 23:11:01,Greek workers stage 24-hour general strike over high prices
2022-04-04 11:14:45,Rodrigo Chaves leads in Costa Rica presidential runoff
2022-04-04 22:25:01,German consumer sentiment at historic low due to Russia-Ukraine conflict: survey
2022-04-04 20:20:30,Iran says ready to resume talks with Saudi Arabia to solve differences
2022-04-04 16:44:30,Georgia appoints new FM
2022-04-04 17:19:45,Turkey's annual inflation hits record high
2022-04-04 18:10:46,Syria's war-battered ancient marketplace under reconstruction
2022-04-04 05:32:44,Demonstration held in Madrid against NATO intervention on Ukraine conflict
2022-04-05 06:53:46,Brazil to host in-person Latin America travel trade fair
2022-04-05 21:31:15,Zambia's cabinet approves 8th development blueprint
2022-04-05 03:30:15,"Security Council welcomes envoy's truce call in Yemen, response from parties"
2022-04-05 11:50:11,Economic growth in eurozone to slow down this year: Eurogroup president
2022-04-05 11:44:15,"Biden's Supreme Court nominee sent to full Senate for floor debate, votes"
2022-04-05 05:24:16,Vucic wins Serbian presidential elections: preliminary results
2022-04-06 05:59:11,Ecuador to ramp up prison intelligence to curb melees
2022-04-06 18:00:47,
2022-04-06 20:51:27,India reports 1st case of Omicron XE variant
2022-04-06 21:53:46,Russia-Ukraine talks continue: Kremlin
2022-04-06 06:07:16,News Analysis: Gulf states' help likely averts Egypt's emerging economic crisis
2022-04-06 16:06:46,GLOBALink | Iconic China-gifted bridge opens in Manila
2022-04-06 04:01:00,"EU expels ""a number of"" Russian diplomats"
2022-04-06 07:30:12,Four global organizations urge 15 bln USD grants this year to fight pandemics
2022-04-06 17:51:01,Ukraine opens 11 humanitarian corridors
2022-04-06 14:04:15,U.S. reveals test of hypersonic missile in mid-March
2022-04-06 17:08:45,
2022-04-07 01:56:27,Lebanese PM urges cross-party cooperation to save country
2022-04-07 08:09:52,Outbreak of bird flu causes price of eggs to soar in U.S.
2022-04-07 02:48:30,Jordan welcomes UNESCO resolution on old Jerusalem
2022-04-07 07:31:23,Fuel prices increase in Nepal 
2022-04-07 07:12:56,Biden's extension of payment pause on federal student loans fuels inflation concerns
2022-04-07 03:33:47,Ukrainian president orders formal halt of trade with Russia
2022-04-07 03:29:45,New fighting blocks aid distribution in DR Congo's Rutshuru: UN
2022-04-07 05:53:41,UN chief welcomes establishment of AU transition mission in Somalia
2022-04-07 04:48:44,3 rockets land near Iraq's Kurdish regional capital
2022-04-07 06:02:44,UN chief welcomes news of food aid reaching Ethiopia's Tigray
2022-04-07 09:33:15,"COVID-19 takes its toll on U.S. poor, low-income communities: The Guardian"
2022-04-07 10:01:31,Russia accuses U.S. of increasing military biological capability globally
2022-04-07 05:42:00,UN envoy expresses concern about truce breaches near Yemen's Marib
2022-04-07 03:29:45,New fighting blocks aid distribution in DR Congo's Rutshuru: UN
2022-04-07 05:29:45,Burkina Faso's ex-President Roch Marc Christian Kabore authorized to return home
2022-04-07 05:31:01,Sudan resumes livestock exports to Saudi Arabia
2022-04-07 10:07:31,"Malaysia reports 12,105 new COVID-19 infections, 32 new deaths"
2022-04-07 10:13:30,Food price inflation tightens belts for Aussie families
2022-04-07 10:19:30,"S.Korea reports 224,820 new COVID-19 cases"
2022-04-07 10:01:31,Russia accuses U.S. of increasing military biological capability globally
2022-04-07 03:33:47,Ukrainian president orders formal halt of trade with Russia
2022-04-07 10:09:26,Greece declares 12 Russian diplomats unwelcome
2022-04-07 09:33:15,"COVID-19 takes its toll on U.S. poor, low-income communities: The Guardian"
2022-04-07 08:09:52,Outbreak of bird flu causes price of eggs to soar in U.S.
2022-04-07 07:12:56,Biden's extension of payment pause on federal student loans fuels inflation concerns
