﻿2022-05-25 01:53:31,Hungary's new government sworn in
2022-05-26 00:55:28,"Karot hydropower project under CPEC to generate eco-friendly, cheap electricity: Pakistani PM"
2022-05-24 22:26:31,
2022-05-24 23:25:58,Malta's April annual inflation hits record high
2022-05-25 06:07:02,"14 students, 1 teacher dead in U.S. Texas elementary school shooting"
2022-05-25 13:30:01,Indo-Pacific Economic Framework disappointing for lack of tariff cut plan: WSJ
2022-05-25 00:04:14,BRICS countries pin high hopes on cooperation in industrial digital transformation
2022-05-25 08:25:00,"Texas school shooting death toll rises to 21, including 18 children: senator"
2022-05-25 04:02:16,Lebanese currency sinks to new record low
2022-05-25 01:24:12,"Turkey demands ""written agreement"" to allow Finnish, Swedish NATO bids"
2022-05-25 09:28:15,"Palestinian killed, over 90 injured in clashes with Israeli soldiers in West Bank: medics"
2022-05-25 14:52:11,Biden says U.S. should stand up to gun lobby after mass shooting at Texas school
2022-05-25 01:46:30,Interview: IMF warns of further downside risks for global economy
2022-05-25 01:53:31,Hungary's new government sworn in
2022-05-25 22:05:44,Kenya's Standard Gauge Railway enhancing seamless movement of bulk cargo to spur growth
2022-05-25 04:08:46,At least 21 killed in Rio de Janeiro favela police operation
2022-05-25 14:53:13,3rd locally born giant panda cub in Malaysia named Sheng Yi
2022-05-25 18:52:46,Philippine Congress proclaims Ferdinand Romualdez Marcos winner of presidential election
2022-05-25 07:18:01,Report reveals staggering gun violence cost in U.S. Santa Clara County
2022-05-25 01:56:28,U.S. CDC issues new monkeypox warning as more potential cases found
2022-05-25 10:49:01,
2022-05-25 02:50:15,U.S. Black children struggle to process Buffalo massacre: NYT
2022-05-25 17:52:26,Philippine Congress proclaims Ferdinand Romualdez Marcos as winner of presidential election
2022-05-25 06:32:01,"14 students, 1 teacher dead in U.S. Texas elementary school shooting"
2022-05-26 01:51:30,U.S. experienced highest ever combined death rates during COVID-19 pandemic: report
2022-05-26 05:09:43,Death toll climbs to 25 in Brazilian favela police operation
2022-05-26 03:45:43,ICRC highlights 3 concerns concerning protection of civilians in armed conflict
2022-05-26 06:02:43,"Syria slams Turkey's safe zone plan as ""aggressive"""
2022-05-26 03:50:31,"Turkey says Finland, Sweden's NATO bids not to progress unless Ankara's concerns addressed"
2022-05-26 02:19:31,Roundup: COVID-19 cases surge again in U.S. as new Omicron subvariant takes hold
2022-05-26 03:20:26,UNICEF chief urges action to protect children after U.S. Texas school shooting
2022-05-26 06:05:46,Palestine urges Israel to call off controversial flag march
2022-05-26 06:52:46,Venezuela puts 10 pct share of top state bank up for sale
2022-05-26 05:35:41,"Roundup: Victims identified, gunman's mental health questioned in Texas school shooting"
2022-05-26 05:25:45,Interview: WEF applauds China's commitment to combat COVID-19 pandemic: senior healthcare executive
2022-05-26 01:38:30,Roundup: UK PM refuses to quit over illegal COVID-19 lockdown parties
2022-05-26 05:10:43,UN envoy urges Yemen's warring parties to renew truce as expiry date nears
2022-05-26 04:09:30,"Roundup: Monkeypox cases rising in EU, authorities urge countries to take measures"
2022-05-26 03:24:30,Growing white supremacy jeopardizes U.S. image as democratic country: Egyptian editor
2022-05-26 04:12:31,Gambian gov't ready to prosecute ex-leader Jammeh
2022-05-26 05:45:46,IOM arranges voluntary home return of 141 illegal migrants from Libya
2022-05-26 01:20:13,6.2-magnitude quake strikes off western Indonesia: BMKG
2022-05-26 00:55:28,"Karot hydropower project under CPEC to generate eco-friendly, cheap electricity: Pakistani PM"
2022-05-26 01:28:28,At least 14 killed after explosions rock Afghan cities
2022-05-26 05:42:45,Roche develops PCR test kits to detect monkeypox virus
2022-05-26 04:49:46,Russian passports distributed in Mariupol: Ukrainian official
2022-05-26 05:25:45,Interview: WEF applauds China's commitment to combat COVID-19 pandemic: senior healthcare executive
2022-05-26 07:25:00,U.S. stocks rise amid Fed minutes
2022-05-26 07:23:02,U.S. Fed minutes signal multiple 50-basis-point rate hikes
2022-05-25 23:49:00,U.S. vice president warns of health worker burnout: media
