﻿2022-06-07 23:34:14,China's Yangtze River Delta sees rise in China-Europe freight train trips
2022-06-05 23:58:28,Bangladeshi army deployed as container depot fire kills at least 45
2022-06-05 17:16:15,Polls close in Cambodia's commune elections
2022-06-05 16:30:15,"Interview: Belt and Road railway project ""grand gateway"" to benefit Southeast Asia, says former Thai deputy PM"
2022-06-05 18:54:15,UN warns of increased risk of famine in Somalia amid acute food insecurity
2022-06-06 04:31:00,Queen Elizabeth II vows to keep serving after 70-yr reign
2022-06-06 06:38:00,"Three dead, 14 injured after shooting in Tennessee"
2022-06-07 05:45:15,"UK's Johnson wins no-confidence vote, saves premiership"
2022-06-07 21:42:29,World Bank downgrades 2022 global growth forecast to 2.9 pct
2022-06-07 20:39:16,2 killed in gunshots in German supermarket: police
2022-06-07 00:28:00,German FM to visit Pakistan: Pakistani foreign ministry
2022-06-07 04:42:13,"UK's Johnson wins no-confidence vote, saves premiership"
2022-06-07 03:12:13,Mexican president confirms won't attend Summit of the Americas
2022-06-07 09:35:45,Feature: BRICS bank's urban project brings great convenience to local Brazilians
2022-06-08 10:49:45,Chilean experts predict another COVID-19 peak in coming weeks
2022-06-08 22:53:45,"Philippine new leaders see Beijing-Manila friendship ""to reach new heights"""
2022-06-08 23:23:58,"Turkey repatriates more than 18,000 migrants back to Afghanistan"
2022-06-08 18:33:30,Death toll in train derailment in Iran rises to 17
2022-06-08 04:29:28,"Syrian, Russian warplanes carry out military drills amid increasing Israeli strikes"
2022-06-08 03:33:29,New Omicron subvariants rise in U.S. COVID-19 cases
2022-06-08 05:39:30,"Tunisia, Britain sign MoU on renewable energies"
2022-06-08 03:01:28,Hungarian diplomat elected new president of UN General Assembly
2022-06-08 23:26:00,Iran says turns off IAEA surveillance cameras
2022-06-08 21:02:15,Finnish PM infected with COVID-19
2022-06-08 17:02:46,
2022-06-08 17:28:48,
2022-06-08 18:59:30,1 killed in vehicle ramming incident in Berlin
2022-06-09 05:46:44,"Unidentified drone crashes in Iraq's Kurdistan, injures 3"
2022-06-09 03:59:44,Resolving Korean Peninsula issue requires upholding security interests of regional countries: Chinese envoy
2022-06-09 07:42:32,Locals attend beach cleanup to mark World Oceans Day in South Africa
2022-06-09 06:07:45,Lebanon calls for int'l tenders to build new terminal for Beirut Airport
2022-06-09 00:03:15,Interview: Saudi Arabia minister says China significant market for kingdom's tourism market
2022-06-09 02:07:30,"Russian, Iranian presidents pledge to strengthen bilateral ties"
2022-06-09 05:02:44,World faces largest cost-of-living crisis in a generation: UN report
2022-06-09 04:41:45,"Terrorism deaths down globally, but up in Africa: UN chief"
2022-06-09 06:56:45,"Venezuelans decry exclusion from Americas summit at ""anti-imperialist forums"""
2022-06-09 03:31:30,"Canada imposes new sanctions on Russian oil, gas, chemical industries"
2022-06-09 03:16:31,"Turkey, Venezuela vow enhanced bilateral ties as Maduro visits"
2022-06-09 03:42:29,Death toll rises to 40 in church attack in Nigeria
2022-06-09 07:42:30,Locals attend beach cleanup to mark World Oceans Day in South Africa
2022-06-09 04:06:30,Algeria suspends friendship treaty with Spain over Western Sahara issue
2022-06-09 09:32:00,"Interview: GDI promotes inclusive, balanced global economic development, says Pakistani expert"
2022-06-09 10:13:15,Australian scientists report surprise fall in coastal plastic pollution
2022-06-09 09:42:15,"Australian energy ministers back renewables, storage to address gas crisis"
2022-06-09 00:52:15,"Scholz, Zelensky discuss grain exports from Ukraine"
2022-06-09 05:11:44,E-car sales continue to grow in Ireland
2022-06-09 03:16:31,"Turkey, Venezuela vow enhanced bilateral ties as Maduro visits"
2022-06-09 07:21:44,U.S. San Francisco mayor announces citywide street repaving plan
2022-06-09 08:58:59,"Polarization among U.S. society leads to frequent mass shootings, racist killings: writer"
2022-06-09 05:10:45,"Chinese envoy calls for meaningful, concrete actions from U.S. to relieve Korean Peninsula tensions"
