﻿2022-08-04 16:58:15,China launches terrestrial ecosystem carbon monitoring satellite
2022-08-05 02:17:45,PLA Eastern Theater Command launches unprecedented live-fire joint exercises around Taiwan Island
2022-08-05 22:00:50,PLA Eastern Theater Command launches live-fire joint exercises around Taiwan Island
2022-08-06 16:54:15,China gears up for battling flood season
2022-08-06 19:02:15,"China-Mongolia border port handles 10,000 China-Europe freight trains"
2022-08-06 00:22:30,PLA Eastern Theater Command continues joint exercises around Taiwan
2022-08-06 14:11:45,Chinese FM makes 3-point proposal to strengthen East Asia cooperation
2022-06-06 08:18:04,24 Solar Terms: Grain in Ear
2022-06-20 08:55:04,"GLOBALink | See you again, Bayanbulak"
2022-06-21 07:36:44,24 Solar Terms: Summer Solstice
2022-07-07 07:14:05,24 Solar Terms: Lesser Heat
2022-08-01 15:21:45,"Driven by sizzling sci-fi comedy, China's summer box office picks up speed"
2022-08-03 16:05:30,World heritage site Huangshan Mountain attracts more tourists in July
2022-08-04 21:08:15,PLA drills a deterrent to collusion between United States and China's Taiwan: spokesperson
2022-08-04 23:22:45,"Xinhua Commentary: U.S. grossly trampling on international law, basic norms governing international relations"
2022-08-04 23:49:15,China's non-CPC political parties make joint statement on Pelosi visit
2022-08-05 10:11:30,Chinese mainland reports 162 new local confirmed COVID-19 cases
2022-08-05 22:00:50,PLA Eastern Theater Command launches live-fire joint exercises around Taiwan Island
2022-08-05 21:50:30,China summons Japanese ambassador to lodge representations over G7 statement on Taiwan
2022-08-05 17:07:00,"Test site for intelligent, connected vehicles built in China's Wuhan"
2022-08-05 00:45:45,Chinese FM firmly refutes G7 statement on Taiwan
2022-08-05 21:46:15,Xinhua Commentary: China's reunification an unstoppable trend
2022-08-05 15:18:15,Archaeologists reveal history of millennium-old temple in China's Gansu
2022-08-05 16:00:30,"Chinese, U.S. scientists design drug delivery tool for brain cancer"
2022-08-05 19:24:45,"Chinese FM to visit Bangladesh, Mongolia; ROK, Nepalese FM to visit China"
2022-08-05 19:10:16,Chinese Foreign Ministry announces countermeasures in response to Nancy Pelosi's visit to Taiwan
2022-08-06 19:18:30,Taiwan's CPI rises by 3.36 pct in July
2022-08-06 19:50:31,
2022-08-06 04:02:15,Six reasons why Pelosi's visit to Taiwan is a mistake
2022-08-06 19:45:30,Economic Watch: Green passion fuels hydrogen energy industry across China
2022-08-06 15:27:00,"Xinhua Commentary: DPP authorities to face reckoning of history for relying on U.S. to seek ""Taiwan independence"""
2022-08-06 16:20:15,"Xinhua Commentary: DPP authorities to face reckoning of history for relying on U.S. to seek ""Taiwan independence"""
2022-08-06 07:20:00,Chinese envoy blasts U.S. for its negative moves on disarmament
2022-08-06 21:10:31,Chinese envoy blasts U.S. for its negative moves on disarmament
2022-08-06 01:40:30,"China denounces U.S. as ""unprovoked provocateur and creator of crisis"""
2022-08-06 17:16:45,Across China: Tourism featuring ASEAN cultures heats up in border region
2022-08-06 22:29:00,"Political parties of various countries firmly support China in safeguarding national sovereignty, territorial integrity"
2022-08-06 18:22:15,Documentary festival on China held offline in Myanmar
2022-08-06 07:17:47,5th China Int'l Industrial Design Exhibition kicks off in Wuhan
2022-08-06 17:15:45,China's bulk commodity growth eases in July
2022-08-06 23:13:45,PLA Eastern Theater Command continues joint exercises around Taiwan
2022-08-06 19:27:30,China's industrial loans record robust growth
2022-08-06 22:44:30,"China, ASEAN media and think tanks discuss global development"
2022-08-06 21:26:31,
2022-08-06 18:10:30,"Chinese, Russian FMs meet in Cambodia"
2022-08-06 12:19:15,HKSAR gov't fully supports countermeasures by central authorities in response to Pelosi's Taiwan visit
2022-08-06 19:48:00,Flood emergency response activated in parts of China
2022-08-06 23:56:30,"Chinese, Iranian FMs discuss bilateral ties, Taiwan question over phone"
2022-08-06 18:35:58,Rice harvested in SE China's Fujian
2022-08-06 23:18:45,Chinese FM expounds on China's position on Taiwan question
2022-08-07 00:31:30,China's largest freshwater lake enters dry season at earliest recorded date
2022-08-07 01:13:00,Pelosi's Taiwan visit exposes Tsai Ing-wen's political nature: experts
