﻿2022-07-21 21:52:39,JSQ freight vehicle leaves Chongqing for first pilot run to Moscow
2022-07-25 15:59:26,First Beijing Culture Forum kicks off
2022-07-26 18:41:59,Xi holds talks with Indonesian President Joko Widodo
2022-07-26 13:23:15,"Chinese, Lao militaries launch ""Peace Train-2022"" joint medical drill"
2022-07-26 00:02:45,Chinese vice premier attends inaugural meeting of China Mineral Resources Group
2022-06-06 08:18:04,24 Solar Terms: Grain in Ear
2022-06-20 08:55:04,"GLOBALink | See you again, Bayanbulak"
2022-06-21 07:36:44,24 Solar Terms: Summer Solstice
2022-07-07 07:14:05,24 Solar Terms: Lesser Heat
2022-07-24 01:06:56,Exhibition on dress culture of millennium-old Dunhuang grottoes opens
2022-07-25 12:02:45,Shenzhou-14 astronauts enter Wentian lab module
2022-07-25 23:35:26,HKSAR gov't launches policy address consultation
2022-07-25 19:22:31,China's space tracking ship Yuanwang-3 back from missions
2022-07-25 22:28:30,FM spokesperson warns of serious consequence over Pelosi's potential Taiwan visit
2022-07-25 21:42:15,Xi Focus-Closeup: Ensuring the Yellow River benefits the people
2022-07-25 10:59:11,China renews orange alert for high temperatures
2022-07-25 20:39:01,China's expressway network links 95 pct of population
2022-07-25 18:52:27,"Chinese FM stresses peace, stability in South China Sea for regional development"
2022-07-25 21:26:12,Cross-Strait exchange event held to promote tourism
2022-07-25 00:55:15,China launches new scientific expedition in Yangtze headwaters
2022-07-25 15:59:26,First Beijing Culture Forum kicks off
2022-07-25 22:56:30,Japan urged to rectify wrongful remarks on Taiwan
2022-07-26 00:31:45,Across China: Int'l students captivated by China's eco-culture via study tour
2022-07-26 22:07:25,"People visit 2nd CICPE in Haikou, S China"
2022-07-26 16:27:00,
2022-07-26 22:18:11,"Top political advisor stresses upholding 1992 Consensus, working toward reunification of motherland"
2022-07-26 20:50:45,"Chinese FM to attend SCO Foreign Ministers' meeting, visit three Central Asian countries"
2022-07-26 21:07:41,Chinese military will not sit back if Pelosi visits Taiwan: defense spokesperson
2022-07-26 13:23:15,"Chinese, Lao militaries launch ""Peace Train-2022"" joint medical drill"
2022-07-26 17:02:44,
2022-07-26 22:15:12,German discount retailer Aldi eyes expansion in China
2022-07-26 20:45:27,"China to launch pilot program to streamline panda bond registration, issuance"
2022-07-26 18:50:12,China's Tianzhou-3 cargo craft to carry out controlled re-entry into atmosphere
2022-07-26 20:01:26,China to further improve services for village residents
2022-07-26 22:24:14,HKSAR gov't extends existing social distancing measures
2022-07-26 21:46:59,Economic Watch: China's manufacturing sector makes solid progress thanks to policy supports
2022-07-26 17:07:16,
2022-07-26 12:08:00,"Chinese defense minister urges enhanced China-Africa peace, security cooperation"
2022-07-26 09:50:42,Chinese mainland reports 98 new local confirmed COVID-19 cases
2022-07-26 21:03:45,Across China: Dunhuang's ancient beauty shared in digital form
2022-07-26 21:08:44,Chinese premier sends congratulations to Sri Lankan new PM
2022-07-26 00:02:45,Chinese vice premier attends inaugural meeting of China Mineral Resources Group
2022-07-26 19:40:14,China renews orange alert for high temperatures
2022-07-27 01:43:55,"Chinese, Indonesian presidents pledge joint efforts to build community with shared future"
2022-07-27 01:43:36,"Interview: China expo on consumer products to boost global brands' access to huge market, says L'Oreal China CEO"
2022-07-27 01:43:09,China Focus: China certifies homegrown medium-sized helicopter model
2022-07-27 01:43:18,Full text of Joint Press Statement on the Bilateral Meeting between President of the People's Republic of China and President of the Republic of Indonesia
2022-07-27 01:43:07,Across China: Former industrial city consolidates ethnic unity
2022-07-27 01:43:19,Chinese premier meets Indonesian president to discuss bilateral ties
2022-07-27 01:43:53,China Focus: Cooperation highlighted at high-profile human rights forum
