﻿2022-09-04 22:08:15,Digital trade new growth driver for BRI countries
2022-09-05 21:17:45,World Insights: Truss set to take over as new British prime minister with challenges ahead
2022-09-02 23:51:01,Ukraine exports 1.7 mln tons of foodstuffs in first month under grain deal
2022-09-03 06:04:00,Unsealed filing details items recovered from Trump's Mar-a-Lago in FBI search
2022-09-03 16:55:30,"Macron calls for independent foreign policy, more balanced partnerships"
2022-09-03 11:23:45,"Argentine business, economic leaders condemn failed attack on VP"
2022-09-03 10:31:45,Ex-president Gotabaya Rajapaksa returns to Sri Lanka
2022-09-03 12:17:00,G7 to impose price cap on Russia oil: U.S. treasury secretary
2022-09-03 16:15:30,"57 killed, 7,683 injured in floods across Pakistan in 24 hours"
2022-09-03 06:59:00,"Western sanctions cause energy price hikes, supply disruptions: Russian energy minister"
2022-09-03 10:53:15,Brazil's ex-president Lula leads pre-election poll
2022-09-03 04:47:30,Russia's Gazprom stops gas supply via Nord Stream pipeline indefinitely
2022-09-03 04:30:15,Gas supplies via Nord Stream 1 pipeline indefinitely halted
2022-09-03 06:31:45,"Swedish PM calls for decoupling electricity, gas prices"
2022-09-04 17:00:46,
2022-09-04 16:33:02,
2022-09-04 19:12:45,171 killed by explosive war remnants in Syria so far in 2022: monitor
2022-09-04 21:12:30,Iran seeks to buy Su-35 fighters from Russia: Iranian commander
2022-09-04 12:31:00,"Powerful typhoon lashes Japan's Okinawa islands through weekend, evacuation ordered"
2022-09-05 09:13:15,"10 killed, 15 injured in stabbings in Canada -- police"
2022-09-05 06:24:30,Sweden announces liquidity guarantees of 23 bln USD to electricity companies
2022-09-05 20:39:30,OPEC+ to slightly cut oil output in October amid prices dip
2022-09-05 20:56:45,"ADB, EBRD to finance Central Asia's largest wind farm project"
2022-09-05 07:45:30,"10 dead, at least 15 injured in stabbings in Canada: police"
2022-09-05 09:43:00,Chileans head to the polls to vote on new constitution
2022-09-05 22:00:45,OPEC+ to slightly cut oil output in October amid prices dip
2022-09-05 22:52:30,"Efforts to advance SDG financing ""valuable investments"" in collective future: UNDP officials"
2022-09-06 05:32:15,"France, Germany to help each other through energy crisis"
2022-09-06 01:04:45,"Kenya's incoming President Ruto pledges economic revival, cohesion"
2022-09-06 04:17:45,Task force expected to bring down electricity prices in Nordic region
2022-09-06 06:09:30,Israel removes controversial rules for West Bank's foreign visitors to report relationships with Palestinians: report
2022-09-06 05:32:16,Dozens shot in multiple U.S. cities during bloody holiday weekend
2022-09-06 05:11:30,"Pharma expo in Cairo attracts industry professionals, firms"
2022-09-06 05:06:45,"Jordan, Morocco vow to boost ties, facilitate border entry procedures"
2022-09-06 04:14:15,Russia cancels visa-free travel for Japanese to disputed islands
2022-09-06 01:04:45,"Kenya's incoming President Ruto pledges economic revival, cohesion"
2022-09-06 02:47:00,Diversity lends success to Zimbabwean fashion show
2022-09-06 00:31:00,UN warns of looming famine in Somalia
2022-09-05 22:59:30,Interview: A political party striving for people's well-being always supported by people -- CPC in the eyes of Kyrgyz President Zhaparov
2022-09-06 07:43:55,In pics: jute market at ferry terminal in Bangladesh
2022-09-06 00:10:45,"Indonesia, Philippines agree to strengthen maritime security in border areas"
2022-09-06 06:09:15,Zaporizhzhia nuclear plant loses backup power line: IAEA
2022-09-06 05:16:45,Feature: Czechs concerned about higher cost of living amid soaring energy prices
2022-09-06 05:32:15,"France, Germany to help each other through energy crisis"
2022-09-06 07:09:30,"Roundup: Canadian police say one suspect in fatal stabbings found dead, another at large"
2022-09-06 04:39:30,Water pressure returns to U.S. Mississippi's Jackson: governor
2022-09-06 04:10:45,U.S. judge orders appointment of special master to review materials seized from Trump's Mar-a-Lago
