﻿2022-06-30 20:59:57,Chinese vice president puts forward 4-point proposal on developing China-Philippines ties
2022-07-01 16:17:10,Museums in Shanghai reopen after COVID-caused closure
2022-07-01 21:39:45,"UAE president meets senior Chinese diplomat on bilateral ties, cooperation"
2022-07-02 22:14:15,Typhoon Chaba makes landfall in China's Guangdong
2022-07-02 00:40:15,Roundup: China-Laos Railway transit yard put into operation for transporting goods to Thailand
2022-07-03 00:25:45,"China raises emergency response for typhoon, flood"
2022-05-29 13:05:59,
2022-06-06 08:18:04,24 Solar Terms: Grain in Ear
2022-06-20 08:55:04,"GLOBALink | See you again, Bayanbulak"
2022-06-21 07:36:44,24 Solar Terms: Summer Solstice
2022-06-29 22:22:30,China Focus: China's Mars probe completes targeted exploration
2022-06-29 16:11:30,8 Qing Dynasty stone tablets found in SW China shrine
2022-06-30 14:12:30,Millenniums-old construction materials found in China's Xi'an
2022-06-30 22:30:45,China slams NATO for strategic concept referring to China: FM spokesperson
2022-06-30 22:56:00,China urges U.S. to stop suppression of Chinese firms
2022-06-30 13:16:30,Feature: Robot creates 3D portraits of Terracotta Warrior in NW China
2022-06-30 14:43:30,Across China: Brazilian actress enjoys stage fever in China
2022-07-01 05:42:00,"Chinese military spokesperson responds to provocations of Australian, Canadian military aircraft"
2022-07-01 14:10:27,Three green development events to be held over next 2 months
2022-07-01 21:39:45,"UAE president meets senior Chinese diplomat on bilateral ties, cooperation"
2022-07-01 21:38:30,China Focus: CPC steers Chinese economy in resilient recovery despite challenges
2022-07-01 18:56:26,"Senior CPC official urges actions, progress to set stage for Party's 20th National Congress"
2022-07-01 21:42:45,Chinese FM to attend several high-level international meetings
2022-07-01 18:00:30,Chinese spokesperson voices firm opposition to NATO chief's false remarks on Taiwan
2022-07-02 16:46:33,
2022-07-02 19:46:45,China's Anhui logs 43 local confirmed COVID-19 cases in latest resurgence
2022-07-02 19:41:45,Typhoon Chaba makes landfall in China's Guangdong
2022-07-02 20:07:00,Chinese Wisdom in Xi's Words: Borrow a pair of wings from crane to soar up to sky
2022-07-02 21:26:00,Afghan official thanks China for aid to quake-affected families
2022-07-02 15:15:45,"Xinjiang's expressway length exceeds 10,000 km"
2022-07-02 02:55:26,Senior CPC official underscores implementation of Party's Xinjiang policies
2022-07-02 22:36:32,China's business profitability improves in Q2: central bank survey
2022-07-02 20:49:00,Hong Kong keeps tracing COVID-19 through sewage surveillance
2022-07-02 13:44:45,Interview: Fortunate to experience China's rapid development -- former Danish diplomat
2022-07-02 19:57:00,"Xi's trip to Hong Kong to give powerful boost to ""one country, two systems"" practice: article"
2022-07-02 13:11:45,"Fourth volume of ""Xi Jinping: The Governance of China"" published"
2022-07-02 16:39:03,
2022-07-02 15:34:44,
2022-07-02 16:14:56,China's Hainan ups emergency response for Typhoon Chaba
2022-07-02 22:45:30,Economic Watch: China ratchets up efforts to ease burdens on enterprises
2022-07-02 19:29:15,Big Air Shougang reopens to public
2022-07-02 00:32:16,Xi addresses the meeting celebrating the 25th anniversary of Hong Kong's return to the motherland and the inaugural ceremony of the sixth-term government of the Hong Kong Special Administrative Region
2022-07-02 19:28:23,Hongniya Village takes measures to boost rural revitalization in Shandong 
2022-07-02 02:35:27,"Any attempt to slander ""one country, two systems"" doomed to fail: spokesperson"
2022-07-03 09:13:30,5.2-magnitude quake hits China's Xinjiang: CENC
2022-07-03 09:39:30,Chinese mainland reports 75 new local confirmed COVID-19 cases
2022-07-03 09:44:30,40 COVID-19 patients discharged from hospitals on Chinese mainland
2022-07-03 00:02:30,"Researchers predict glaucoma incidence, progression based on deep-learning system"
2022-07-03 10:33:45,"China's Anhui reports 61 confirmed, 231 asymptomatic local COVID-19 cases"
