﻿2022-07-01 23:54:04,Track-laying begins on main line of Indonesia's Jakarta-Bandung high-speed railway
2022-07-02 07:02:15,Brazil assumes rotating presidency of UN Security Council for July
2022-06-28 22:05:01,Russia bans more Americans from entry
2022-06-28 21:47:03,"Presidents of Turkey, U.S. have phone talks ahead of NATO summit"
2022-06-29 18:49:59,Yael Braun-Pivet elected new speaker of French National Assembly
2022-06-29 18:21:59,Ukrainian PM outlines key cooperation priorities with EU
2022-06-30 14:50:30,U.S. House committee subpoenas former White House counsel as Capitol riot inquiry continues
2022-06-30 00:41:45,Uzbek court sentences 14 supporters of militant groups to jail terms
2022-06-30 12:47:15,Marcos sworn in as Philippines' 17th president
2022-06-30 01:53:45,U.S. Supreme Court Justice Stephen Breyer to retire this week
2022-06-30 19:39:30,"Israeli parliament dissolves, Lapid becomes caretaker PM"
2022-06-30 19:09:14,"Tokyo stocks end sharply lower on domestic output concerns, U.S. recession woes"
2022-06-30 13:09:30,4 charged after 53 migrants die in 18-wheeler in U.S. Texas
2022-07-01 11:12:00,World Insights: U.S. Supreme Court in recess following series of consequential rulings
2022-07-01 22:16:46,Eurozone's June inflation surges to record 8.6 pct
2022-07-01 22:58:56,UNESCO launches new State of the Ocean Report
2022-07-01 02:56:15,First African American woman sworn in as U.S. Supreme Court justice
2022-07-01 02:00:15,NATO summit concludes amid criticisms of bloc's aggression
2022-07-01 20:24:00,Turkey detains 13 IS suspects
2022-07-01 06:19:00,Inflation to exceed official target ceiling in 2022: Brazil's central bank
2022-07-01 23:54:04,Track-laying begins on main line of Indonesia's Jakarta-Bandung high-speed railway
2022-07-01 13:09:02,
2022-07-01 07:19:15,News Analysis: Mixed signals for U.S. economy
2022-07-01 22:28:00,UN coordinator warns humanitarian crisis in Lebanon
2022-07-01 13:50:55,
2022-07-02 06:21:42,"Macron, Albanese discuss future France-Australia relations"
2022-07-02 09:29:15,3 killed in 6.1-magnitude quake in S. Iran
2022-07-02 07:15:41,U.S. stocks rise after S&P 500's worst half year in decades
2022-07-02 07:49:45,"6.2-magnitude quake hits 54 km NE of Bandar-e Lengeh, Iran: USGS"
2022-07-02 05:17:26,Death toll rises to 53 inmates in Colombian prison fire
2022-07-02 06:10:45,Hamas welcomes UN report that calls for lifting Israeli siege on Gaza
2022-07-02 04:36:30,UN verification scheme for Yemen in urgent need of funds
2022-07-02 11:26:43,People attend event for Canada Day in Vancouver
2022-07-02 10:12:30,4 killed after medical plane crashes in southern Argentina
2022-07-02 04:59:30,"Ukrainian president, Norwegian PM discuss support for Kiev"
2022-07-02 02:33:30,Iran's FM says durable guarantees key to conclusion of nuclear talks
2022-07-02 00:57:15,Kenya's exports grew 8.7 pct in Q1
2022-07-02 02:31:30,Kenyan army kills 10 al-Shabab militants in coastal region
2022-07-02 03:33:26,"Humanitarians' growing concern for 30,000 hungry in Maiduguri, Nigeria camp: UN"
2022-07-02 09:00:00,Pakistan to encourage talented youth for innovative policy-making
2022-07-02 10:34:30,"5.8-magnitude quake hits 61 km NNE of Makubetsu, Japan: USGS"
2022-07-02 11:23:45,"Cambodia sees spike in drug arrests, seizures during H1 of 2022"
2022-07-02 07:21:08,Flower festival held in Moscow
2022-07-02 06:21:42,"Macron, Albanese discuss future France-Australia relations"
2022-07-02 10:09:30,"Facts about Russia-Ukraine conflict: Russian FM says Moscow no longer trusts U.S., EU"
2022-07-02 04:50:45,U.S. manufacturing sector expands slower in June amid contraction in new orders
2022-07-02 07:20:47,In pics: 2022 Canada Day Parade in Toronto
2022-07-02 07:15:41,U.S. stocks rise after S&P 500's worst half year in decades
