﻿2022-06-20 00:05:47,China-Laos Railway inducts Lao train drivers
2022-06-23 03:33:15,Saudi crown prince pays 1st visit to Turkey since death of Khashoggi
2022-06-20 03:37:15,Macron's alliance leads legislative elections without absolute majority: reports
2022-06-20 19:54:00,Ukraine continues consultations on security guarantee: presidential advisor
2022-06-20 10:27:30,No absolute majority for Macron following legislative elections: Interior Ministry
2022-06-20 11:04:45,S.Korean president's approval rating stays at 48 pct: poll
2022-06-20 07:59:00,Gustavo Petro elected president of Colombia in second round of elections
2022-06-20 10:32:30,Multiple people injured as shooting erupted in U.S. capital
2022-06-20 21:10:30,Israel says builds U.S.-sponsored Mideast air defense alliance
2022-06-21 22:34:00,UK's biggest rail strike in 30 years causes major disruption
2022-06-21 20:50:17,Kenya reinstates mask mandate as COVID-19 positivity rate spikes
2022-06-21 19:08:47,New Yorkers honor lives lost to COVID-19 at Juneteenth celebration
2022-06-21 21:47:45,"Hungary supports Ukraine's EU bid, Orban tells Zelensky"
2022-06-22 16:58:32,
2022-06-22 02:49:45,"Israeli FM, Blinken discuss Biden's upcoming visit"
2022-06-22 22:02:00,Official campaigning starts for Japan's upcoming upper house election
2022-06-22 21:21:00,World Insights: How BRICS could inject new life into fragile global economy
2022-06-22 17:02:29,
2022-06-22 13:43:58,"Shootings in Buffalo, Uvalde just tip of iceberg of U.S. gun violence: El Pais"
2022-06-22 05:46:58,"Egyptian president, Saudi Arabian crown prince vow to address security threats"
2022-06-22 10:20:00,Brazil's ex-president Lula pledges to bolster LatAm integration if elected
2022-06-22 14:02:00,"Quake kills at least 280, injures 595 in eastern Afghanistan"
2022-06-23 07:28:29,Biden calls on Congress to suspend federal gas tax for 90 days
2022-06-23 03:58:15,"Colombia's president-elect contacts Venezuelan gov't to ""open border"""
2022-06-23 05:25:15,Chinese envoy calls for lifting arms embargo on CAR
2022-06-23 07:49:40,"Public hearing of U.S. House Select Committee to investigate Capitol riot held in Washington, D.C."
2022-06-23 04:51:00,"U.S. Fed chief says recession is ""certainly a possibility"""
2022-06-23 02:28:44,European Parliament backs carbon market reforms
2022-06-23 06:44:29,"Russian FM in Iran to discuss nuclear talks, bilateral ties"
2022-06-23 01:04:45,Bulgarian gov't ousted by no-confidence vote
2022-06-23 05:36:15,Lebanon sees resurgence in COVID-19 cases
2022-06-23 04:15:00,Higher prices in Yemen because of Ukraine crisis challenge aid efforts: UN
2022-06-23 08:03:37,"Heatwave hits Athens, Greece"
2022-06-23 04:00:59,UN chief saddened by heavy loss of life in Afghanistan earthquake
2022-06-23 05:30:15,News Analysis: Turkey's economic woes amplified by Fed's rate hikes
2022-06-23 01:38:45,Tunisia foils 6 illegal migration attempts off coasts
2022-06-23 02:40:01,Ghana has not recorded any Ebola case: official
2022-06-23 02:44:58,Cameroonian gendarmerie bust suspected kidnapping ring
2022-06-22 23:28:15,Incessant rains trigger flood fears in Indian-controlled Kashmir
2022-06-22 23:16:15,Myanmar reports 13 new COVID-19 cases
2022-06-22 23:14:15,"ASEAN-China cooperation mutually beneficial, contributes to regional peace, stability, development: Cambodian deputy PM"
2022-06-23 07:27:08,"Day of Memory and Sorrow marked in St. Petersburg, Russia"
2022-06-23 01:04:45,Bulgarian gov't ousted by no-confidence vote
2022-06-23 08:03:35,"Heatwave hits Athens, Greece"
2022-06-23 07:49:38,"Public hearing of U.S. House Select Committee to investigate Capitol riot held in Washington, D.C."
2022-06-23 07:28:29,Biden calls on Congress to suspend federal gas tax for 90 days
2022-06-23 06:59:15,Feature: Asian Carp in U.S. has new name of Copi
