﻿2022-06-16 21:58:14,Chinese vice premier stresses solid progress on major projects
2022-06-17 19:58:30,"Chinese vice premier stresses green, low-carbon economy"
2022-06-17 08:00:15,New international freight train from Chongqing to South Asia goes on test run 
2022-06-18 00:56:45,Chinese president addresses 25th St. Petersburg International Economic Forum
2022-06-18 21:47:57,Half of highway serving as main transportation artery in Shenzhen completed
2022-04-20 07:23:15,24 Solar Terms: Grain Rain
2022-05-14 09:58:19,
2022-05-29 13:05:59,
2022-06-06 08:18:04,24 Solar Terms: Grain in Ear
2022-06-16 22:35:17,"China's national lawmakers to mull laws on wire fraud, civil enforcement, monopoly"
2022-06-16 11:19:03,
2022-06-16 16:12:30,"Ancient sculpture remnants reunited after 3,000 years"
2022-06-16 14:56:58,Feature: Leather carving artist brings solace to grieving pet owners
2022-06-16 11:18:44,
2022-06-16 20:02:29,"(HKSAR 25) International forum held in Hong Kong on achievements of ""one country, two systems"""
2022-06-17 21:09:00,China subsidizes over 69 mln people in accessing basic medical insurance in Q1
2022-06-17 19:58:30,"Chinese vice premier stresses green, low-carbon economy"
2022-06-17 23:48:30,China refutes U.S. ambassador's remarks over anti-epidemic policy
2022-06-17 19:51:34,"China has 3,013 higher education institutions"
2022-06-17 20:44:45,China stresses COVID-19 control at enclosed sites with gatherings
2022-06-17 16:22:32,
2022-06-17 21:23:00,China to allow more international flights
2022-06-17 20:17:30,Study reveals how silkworms produce silk at single-cell level
2022-06-17 16:58:45,China stresses COVID-19 control at enclosed sites with people gatherings
2022-06-17 11:15:15,China Focus: China harvests first batch of self-bred deep-sea Atlantic salmons
2022-06-17 13:25:45,China launches third aircraft carrier
2022-06-17 10:56:00,Chinese mainland reports 23 new local confirmed COVID-19 cases
2022-06-17 19:06:15,"China has world largest monitoring network for disease, health risk factors"
2022-06-17 15:59:15,China to build more national air monitoring stations
2022-06-17 14:01:29,Human activities contribute over 90 pct of oil slicks in global oceans: study
2022-06-18 19:11:15,Beijing cuts off bar-linked COVID-19 transmission chain
2022-06-18 13:57:58,Chinese ambassador calls for further deepening China-New Zealand friendship
2022-06-18 22:40:14,China's Yunnan launches shopping festival to boost consumption
2022-06-18 21:13:00,Flood emergency response activated in Yangtze River basin
2022-06-18 14:14:00,Xi underscores improved capability in fighting corruption to ensure full victory
2022-06-18 21:27:58,China-developed TP500 unmanned freighter makes maiden flight
2022-06-18 22:33:31,Major flood likely to hit China's Pearl River basin
2022-06-18 19:17:14,Chinese scientists identify genes for more heat-tolerant rice
2022-06-18 01:02:15,"Disclosed money paid to U.S. by Taiwan authorities only ""tip of the iceberg"": Chinese FM spokesperson"
2022-06-18 07:16:13,China Day event held at Philadelphia flower show
2022-06-18 18:22:58,Eastern Chinese city sees rise in China-Europe freight train trips
2022-06-18 22:14:14,China's Yunnan launches shopping festival to boost consumption
2022-06-18 00:18:28,China refutes U.S. ambassador's remarks over anti-epidemic policy
2022-06-18 00:25:45,Hongkong Post to issue stamps to commemorate 25th anniversary of HKSAR's establishment
2022-06-18 00:45:45,"Disclosed money paid to U.S. by Taiwan authorities only ""tip of the iceberg"": Chinese FM spokesperson"
2022-06-18 20:51:43,Taiwan lowers 2022 economic growth forecast to 3.75 pct
2022-06-18 23:40:30,Rain-triggered building collapse kills 5 in China's Guangxi
2022-06-18 22:21:01,Beijing launches livestreaming promotion campaign to expand e-commerce business
2022-06-18 10:16:45,CPC leadership reviews report on rectification of financial institutions
2022-06-18 21:30:00,Across China: Iranian designer paints his oriental life with pencils
2022-06-18 23:15:29,Mainland very concerned about KMT ex-chairman Lien Chan's health: spokesperson
2022-06-18 20:11:45,Hong Kong keeps tracing COVID-19 through sewage surveillance
2022-06-19 07:22:06,"Rescuers evacuate stranded people in flood water in Nanping, SE China"
2022-06-19 07:27:48,458-meter-high main tower of int'l land-sea center in Chongqing topped out
