﻿2022-07-10 23:10:27,"Chinese premier stresses stabilizing market entities, employment, advancing opening-up"
2022-07-10 17:14:15,Senior Chinese official attends opening ceremony of cultural exhibition
2022-07-11 16:33:18,2022 senior high school entrance examination in Shanghai kicks off
2022-07-11 23:11:13,"Chinese FM lauds China-ASEAN friendship, renews commitment on open regionalism"
2022-07-12 20:37:12,"China, Malaysia reach 5-point consensus on developing ties"
2022-07-12 07:02:14,"China-Europe Railway Express (Chongqing)'s 10,000th trip arrives in Germany"
2022-07-12 22:36:15,China's consumer spending on recovery curve amid policy support
2022-06-06 08:18:04,24 Solar Terms: Grain in Ear
2022-06-20 08:55:04,"GLOBALink | See you again, Bayanbulak"
2022-06-21 07:36:44,24 Solar Terms: Summer Solstice
2022-07-07 07:14:05,24 Solar Terms: Lesser Heat
2022-07-09 09:09:14,Shanghai holds solo Giorgio Morandi exhibition
2022-07-09 09:22:15,Dance training program helps boost China-Laos cultural exchange
2022-07-09 09:16:12,14 ancient tombs unearthed in central China's Hunan
2022-07-10 21:43:57,"China, Pakistan hold joint maritime drill"
2022-07-11 15:32:29,China issues orange alert for high temperatures
2022-07-11 22:58:00,"Chinese premier stresses importance of workplace safety, prevention of major accidents"
2022-07-11 19:26:14,China hopes Sri Lankan community will stick together through difficult times: spokesperson
2022-07-11 19:20:15,South China National Botanical Garden inaugurated in Guangzhou
2022-07-11 22:53:59,Chinese vice premier stresses comprehensive rural revitalization
2022-07-11 20:05:04,
2022-07-11 11:47:29,China activates Level IV emergency response for floods
2022-07-11 22:34:57,"China urges to uphold vision of peace, development, independence, inclusiveness"
2022-07-11 09:19:15,"China's Anhui reports 9 confirmed, 30 asymptomatic local COVID-19 cases"
2022-07-12 23:46:00,China renews blue alert for rainstorms
2022-07-12 20:37:12,"China, Malaysia reach 5-point consensus on developing ties"
2022-07-12 18:04:30,U.S. unilateral sanctions have no future: Commissioner's office of Chinese foreign ministry in HKSAR
2022-07-12 23:46:59,China's average life expectancy rises to 78.2 years
2022-07-12 21:47:30,China Focus: China sees constant progress in civil helicopter industry
2022-07-12 22:28:47,Full text of Xi Jinping's letter to young people from Taiwan attending the Straits Youth Forum
2022-07-12 16:45:34,
2022-07-12 22:44:35,Xi encourages young people across the Taiwan Strait to strive for national rejuvenation
2022-07-12 19:27:46,Longer vaccine interval may be more effective against Omicron subvariants: study
2022-07-12 20:58:15,Hong Kong keeps tracing COVID-19 through sewage surveillance
2022-07-12 17:32:47,Chang'an China-Europe freight train service opens more routes
2022-07-12 17:00:01,Tibetan macaques seen in forest farm in NW China's Qinghai
2022-07-12 14:31:44,China aims to build modern national road network by 2035
2022-07-12 22:07:40,China to ease residency restrictions in urban areas
2022-07-12 20:31:59,China has 428 mln 5G mobile users: ministry
2022-07-12 20:45:15,China slams U.S. consular official's remarks on Hong Kong policy
2022-07-12 21:45:30,Xi sends congratulatory letter to inauguration of World Internet Conference organization
2022-07-12 22:52:45,"China, Georgia vow to strengthen cooperation between legislatures"
2022-07-12 21:12:29,China sees growing number of registered trademarks in H1: official
2022-07-12 15:02:00,Xi Focus-Closeup: Dialogue on ancient civilizations
2022-07-12 17:41:30,CRRC's new industrial base coming on stream in NE China
2022-07-12 20:58:57,Worker work at construction site of T3B terminal project of Chongqing Jiangbei International Airport in China
2022-07-12 22:36:16,China to ease residency restrictions in urban areas
2022-07-12 19:05:42,English edition of Xi's diplomatic speeches published
2022-07-13 07:21:59,Locals turn to different places to escape scorching heat in Chongqing
2022-07-13 03:55:30,China ready to enhance strategic communication with Malaysia amid world volatility: Chinese FM
2022-07-13 01:43:14,China launches new data relay satellite
2022-07-13 01:57:27,China welcomes Security Council resolution on Syria humanitarian aid
2022-07-13 00:08:15,China renews blue alert for rainstorms
