﻿2022-03-16 22:12:11,Senior officials pledge allegiance to Constitution
2022-03-17 22:08:42,Heavy snow hits north China
2022-03-17 11:39:31,China issues blue alert for blizzard
2022-03-18 00:18:16,China-EU trade sees sound momentum in first two months
2022-02-17 12:56:46,Stories of Jingdezhen in the Imperial Kiln: Designs for the Imperial Kiln
2022-02-19 08:51:39,Rain Water of 24 solar terms
2022-03-05 13:57:44,24 Solar Terms: Awakening of Insects
2022-03-16 22:50:30,China's education ministry stresses mental health amid epidemic
2022-03-16 13:03:05,GLOBALink | County of music
2022-03-16 23:49:46,U.S. should fully clarify biological military activities: newspaper
2022-03-16 20:11:43,U.S. a typical example of big countries bullying small countries: FM spokesperson
2022-03-16 20:55:45,Across China: Gharials in China's Bronze Age shine light on crocodilian evolution
2022-03-16 22:52:19,China urges U.S. not to undermine China's legitimate interests
2022-03-17 08:48:01,5.1-magnitude quake hits NW China's Gansu: CENC
2022-03-17 21:54:31,
2022-03-17 22:14:30,5.2-magnitude quake hits China's Xinjiang
2022-03-17 18:54:31,China to strengthen policy support for industrial economy
2022-03-17 20:22:46,
2022-03-17 22:31:29,Chinese premier stresses forest fire prevention efforts
2022-03-17 17:51:16,China successfully launches Yaogan-34 02 remote sensing satellite
2022-03-17 18:21:15,"Chinese oral COVID-19 drug safe, well-tolerated in human tests: study"
2022-03-17 21:38:16,Various sectors in Hong Kong slam smearing on mainland aid against COVID-19
2022-03-17 20:56:52,New pumped-storage hydropower station in east China begins construction
2022-03-17 02:21:00,China's top legislature voices opposition against negative contents in U.S. spending bill
2022-03-17 20:59:00,Across China: Podcasts heating up in China
2022-03-17 22:56:15,"China urges U.S. to stop ""unreasonable suppression"" of Chinese companies"
2022-03-17 23:31:57,Xi Focus: Xi requires swift containment of latest COVID-19 outbreaks
2022-03-17 23:21:46,"Xi to speak with Biden on China-U.S. relations, issues of common concern"
2022-03-17 23:41:45,16 officials in China's Jilin disciplined over COVID-19 outbreak
2022-03-17 11:20:26,"Chinese mainland reports 1,226 new local COVID-19 cases"
2022-03-17 23:46:13,China successfully launches Yaogan-34 02 remote sensing satellite
2022-03-17 16:39:01,Hong Kong's stock market continues V-shaped strong recovery
2022-03-17 18:08:11,Across China: Winter sports popularity heralds booming business for SW China's ice-snow market
2022-03-17 11:39:30,"5.1-magnitude quake hits China's Gansu, no casualties reported"
2022-03-17 23:03:45,Chinese FM meets with secretary-general of SCO
2022-03-17 11:39:31,China issues blue alert for blizzard
2022-03-17 22:30:53,Mainland-aided fifth community isolation facility in Hong Kong put into operation
2022-03-17 20:33:57,"China to tighten regulation of livestreaming, short videos"
2022-03-17 22:44:43,Reflection on vaccines and freedom: a patient's diary at COVID-19 isolation facility in Hong Kong
2022-03-17 18:19:15,Across China: Netizens give thumbs up to anti-epidemic measures in rural China
2022-03-18 09:28:01,China Focus: China's space station to support large-scale scientific research
2022-03-18 09:46:03,Chinese yuan weakens to 6.3425 against USD Friday
2022-03-18 00:11:59,"Victories of anti-fascist war should be respected, upheld: Chinese spokesperson"
2022-03-18 06:58:12,Chinese envoy calls for efforts to prevent humanitarian crisis of larger scale in Ukraine
2022-03-18 01:01:59,Standing Committee of Political Bureau of CPC Central Committee convenes meeting on COVID-19 situation and better and more stringent epidemic prevention and control
2022-03-18 01:05:15,Shenzhen to resume public transport in five districts
2022-03-18 09:47:56,"Chinese mainland reports 2,388 new local COVID-19 cases"
2022-03-18 07:54:27,GLOBALink | Clean energy helps greenhouse vegetable farming go zero-carbon in N China
