﻿2022-03-24 22:20:17,Engine wreckage pieces of China's crashed plane recovered: official
2022-03-24 05:37:58,Malawi signs MOU on BRI cooperation with China
2022-03-24 23:34:28,Chinese premier stresses spring farming to ensure grain security
2022-03-25 21:04:15,Xi Story: Helping enterprises thrive not just survive
2022-03-25 23:29:15,China's top legislator holds talks with Kyrgyz parliament speaker
2022-03-25 20:48:32,"Xinhua Commentary: Dynamic zero-COVID approach effective, necessary"
2022-03-05 13:57:44,24 Solar Terms: Awakening of Insects
2022-03-16 13:03:05,GLOBALink | County of music
2022-03-20 08:17:09,24 Solar Terms: Spring Equinox 
2022-03-22 20:56:17,Across China: Ancient water-saving wisdom in UNESCO world heritage
2022-03-23 10:21:55,
2022-03-23 22:23:00,"More Lebanese students keen to learn Chinese language, explore China's culture: director"
2022-03-24 21:42:53,GLOBALink | China urges U.S. to give convincing account of bio-military activities
2022-03-24 15:58:47,China orders nationwide safety inspections in all sectors
2022-03-24 19:44:32,China's 2nd batch of anti-epidemic supplies arrive in Kiribati
2022-03-24 22:20:17,Engine wreckage pieces of China's crashed plane recovered: official
2022-03-24 19:57:47,China urges U.S. to give convincing account of bio-military activities
2022-03-24 23:48:45,1st phase of mainland-aided COVID-19 medical facilities completed in Hong Kong
2022-03-24 21:55:32,GLOBALink | NE China's Liaoning adopts stringent measures to contain latest COVID-19 resurgence
2022-03-25 08:50:43,"Acupuncture -- a bridge of friendship between India, China"
2022-03-25 21:07:30,Core site of China plane crash to be excavated
2022-03-25 16:43:28,"Xinhua Commentary: Dynamic zero-COVID approach effective, necessary"
2022-03-25 21:46:00,Xi talks with British PM over phone
2022-03-25 22:12:00,Distribution of anti-epidemic supply kits to begin in April in Hong Kong
2022-03-25 18:05:45,Nomination period of HKSAR chief executive election to begin on April 3
2022-03-25 18:58:00,Xi talks with South Korean president-elect over phone
2022-03-25 21:10:45,China's Hualong One reactor demonstration project fully operational
2022-03-25 19:06:00,Over 212 million people above 60 fully vaccinated in China
2022-03-25 23:25:16,China's external debt rises in 2021
2022-03-25 02:03:00,Chinese military vows resolute countermeasures against provocation to destabilize Taiwan Strait
2022-03-25 18:11:45,"Chinese FM calls for long-term vision, win-win cooperation in ties with India"
2022-03-25 23:44:30,Regulator vows to push for establishment of financial stability fund
2022-03-25 14:23:19,
2022-03-25 15:51:14,China rolls out policies to support grain production
2022-03-25 16:02:30,China's science foundation ups research budget to 33 bln yuan
2022-03-25 22:02:59,Political advisors discuss policy support for seed industry
2022-03-25 20:52:32,Chinese scientists discover marine fungus that can degrade plastic
2022-03-25 22:30:16,"Women's rights, interests effectively protected in Xinjiang: experts"
2022-03-26 07:22:15,China calls for restraint regarding nuclear issue on Korean Peninsula
2022-03-26 00:01:30,Benz recalls vehicles from Chinese market over safety concerns
2022-03-26 05:31:15,"China, Egypt hope to strengthen digital cooperation"
2022-03-26 04:10:02,People-centered development significant to human rights: Chinese ambassador
2022-03-26 00:39:45,State councilor guides emergency response work for plane crash
2022-03-26 00:31:45,Chinese vice premier urges stringent steps to curb COVID-19 spread in Jilin
2022-03-26 01:44:45,No casualties reported after 6.0-magnitude quake hits China's Qinghai: CENC
2022-03-26 00:44:45,6.0-magnitude quake hits China's Qinghai: CENC
