﻿2022-02-23 23:33:02,National political advisors urged to conduct in-depth study of public issues
2022-02-23 17:14:46,China-Laos Railway to run additional passenger trains
2022-02-24 18:46:46,Chinese vice premier stresses high-quality development of Belt and Road Initiative
2022-02-24 16:43:49,4 cured COVID-19 patients discharged from hospital in Suzhou
2022-02-24 11:39:08,Chinese navy ships depart from Tonga after delivering China's disaster relief supplies
2022-02-25 16:22:15,China's high-tech zones show strong growth momentum in 2021
2022-02-25 22:18:13,CPC leadership meets to discuss draft gov't work report
2021-12-02 15:05:53,Mounting artist's dream of painting shrimps
2021-12-02 15:05:44,Artisan introduces charm of wooden art and leatherware to people
2022-02-16 13:39:13,Stories of Jingdezhen in the Imperial Kiln: Famille verte wares from the Reigns of Jiajing and Wanli
2022-02-17 12:56:46,Stories of Jingdezhen in the Imperial Kiln: Designs for the Imperial Kiln
2022-02-23 23:52:15,"""Two sessions"" hot topic leads to better protection of workers' rights"
2022-02-23 23:49:00,China calls for diplomatic settlement of Ukraine issue
2022-02-23 19:23:15,Beijing reports 8 new local COVID-19 cases
2022-02-23 22:15:00,
2022-02-23 23:33:02,National political advisors urged to conduct in-depth study of public issues
2022-02-23 16:39:28,"Culture China: Crystal clean, jade-like minds"
2022-02-24 20:36:47,China urges all parties involved in Ukraine issue to exercise restraint
2022-02-24 18:46:46,Chinese vice premier stresses high-quality development of Belt and Road Initiative
2022-02-24 17:02:17,China's crackdown on illegal off-campus training continues during winter vacation
2022-02-24 21:12:59,HKSAR government eases legal requirements to fully leverage mainland support against COVID-19
2022-02-24 16:20:00,Across China: Ancient Chinese ritual parades on in modern time
2022-02-24 22:02:16,"Chinese, Russian FMs hold phone conversation"
2022-02-24 19:24:14,Over 3.1 bln COVID-19 vaccine doses administered on Chinese mainland
2022-02-25 18:39:56,CPC leadership meets to discuss draft gov't work report
2022-02-25 00:04:59,China urges Japan to properly handle historical issues
2022-02-25 23:53:41,China to expand pilot program for retirement savings wealth management products
2022-02-25 21:05:32,Chongqing's edible oil firm advances production line for better quality
2022-02-25 21:10:01,Xi Focus: How Xi's thought navigates China's high-quality development
2022-02-25 21:58:16,China urges U.S. to return assets to Afghanistan
2022-02-25 16:01:15,Chinese shares close higher Friday
2022-02-25 22:12:15,Mobile labs with mainland support begin operation in Hong Kong for mass COVID-19 testing
2022-02-25 16:02:15,China's high-tech zones show strong growth momentum in 2021
2022-02-25 20:30:41,Xi says China supports Russia in solving issue through negotiation with Ukraine
2022-02-25 09:07:49,A glimpse of ice and snow wonders of Jinggangshan in E China
2022-02-25 23:21:46,China's air travel rises 12.5 percent during Spring Festival
2022-02-25 16:45:19,"GLOBALink | Xinjiang, my home: Fur Skis whizzing at top speed "
2022-02-25 18:03:41,Kim congratulates Xi on successful Beijing Winter Olympics
2022-02-25 19:29:58,Population of wild animals expands in NW China's national park
2022-02-25 20:55:02,CPC leadership meets to discuss draft gov't work report
2022-02-25 20:28:51,China eyes Qinghai-Tibet Plateau site for new radio astronomy observatory
2022-02-25 20:13:29,China to seek political settlement of Ukraine issue: FM spokesperson
2022-02-25 23:30:41,"China to continue supporting Afghanistan's transformation, development: spokesperson"
2022-02-25 00:07:00,China urges U.S. to immediately cease malicious cyber activities
2022-02-25 21:43:21,Former senior municipal legislator under probe
2022-02-25 21:43:24,China urges Britain to cease meddling in Hong Kong affairs
2022-02-25 22:41:31,China will remember heroic act of late Australian police officer: spokesperson
2022-02-25 17:19:26,Across China: Savoring sweet taste of success through banana farming
2022-02-25 15:36:00,Anhui's pilot FTZ sees robust foreign trade in 2021
2022-02-25 00:03:01,"U.S. is South China Sea ""troublemaker"": military spokesperson"
2022-02-25 18:24:56,China's forex market transacts 19.45 trillion yuan in January
2022-02-25 22:28:30,Taiwan's DPP accused of exploiting Ukraine issue
2022-02-25 17:15:31,China's airlines accrue over 100 mln continuous hours of safe flight
2022-02-26 00:34:56,"Mainland, Macao sign assistance arrangement on preservation measures in arbitration"
2022-02-26 00:02:42,"Chinese, Russian presidents hold phone conversation"
