﻿2022-02-22 21:43:30,Mobile cabin COVID-19 hospitals supported by mainland being constructed in Hong Kong
2022-02-22 13:32:30,Chinese envoy urges diplomacy to resolve Ukraine issue
2022-02-22 20:35:00,China's top legislator holds talks with Algerian parliament speaker
2022-02-23 16:46:15,Xi Jinping on high-quality development
2022-02-23 17:14:46,China-Laos Railway to run additional passenger trains
2022-02-23 21:17:02,"China's national reunification must, will surely be realized: spokesperson"
2021-12-02 15:05:53,Mounting artist's dream of painting shrimps
2021-12-02 15:05:44,Artisan introduces charm of wooden art and leatherware to people
2022-02-16 13:39:13,Stories of Jingdezhen in the Imperial Kiln: Famille verte wares from the Reigns of Jiajing and Wanli
2022-02-17 12:56:46,Stories of Jingdezhen in the Imperial Kiln: Designs for the Imperial Kiln
2022-02-21 21:16:30,China Focus: Campuses teem with Beijing 2022 fervor as students kickstart new semester
2022-02-21 18:57:31,Chinese researchers develop highly efficient perovskite solar cells
2022-02-21 23:45:00,China releases 5-year plan for elderly care services
2022-02-21 16:57:07,Ruins of China's earliest state academy found in east China
2022-02-22 17:30:46,"Chinese FM calls on all parties to remain calm, resolve Ukraine issue through dialogue"
2022-02-22 17:16:48,
2022-02-22 16:16:32,"50 years on, why Nixon's China visit should be remembered"
2022-02-22 14:51:01,Chinese FM holds phone conversation with U.S. secretary of state
2022-02-22 12:56:13,China renews yellow alert for blizzard
2022-02-22 18:40:16,"Xinhua Commentary: Washington needs to steer China policy back onto track of reason, pragmatism"
2022-02-22 16:18:17,Chinese authorities act to protect minors from e-cigarette
2022-02-23 19:14:17,"China vows exceptional, all-out efforts to secure summer grain harvest"
2022-02-23 19:34:13,Sino-European joint space mission conducts magnetometer extension test
2022-02-23 23:49:00,China calls for diplomatic settlement of Ukraine issue
2022-02-23 21:22:01,"""Two sessions"" hot topic leads to better protection of workers' rights"
2022-02-23 20:04:32,Airbus delivers 142 commercial aircraft to China in 2021
2022-02-23 18:00:45,Mainland to offer greater opportunities for Taiwan's youth: spokesperson
2022-02-23 00:42:30,"Xinjiang holds video conference to showcase social, economic development"
2022-02-23 09:26:16,Expert: China’s economy to maintain steady growth momentum in 2022
2022-02-23 21:15:00,Xi Focus: Sowing for future: Xi leads China's seed industry vitalization
2022-02-23 18:41:58,Sino-European joint space mission conducts magnetometer extension test
2022-02-23 16:09:33,A cradle for cultivating patriotic talent | Stories shared by Xi Jinping
2022-02-23 20:53:46,China boosts support for export credit insurance
2022-02-23 22:11:46,Pic story: taxi driver works as volunteer to help fight COVID-19 in Hohhot
2022-02-23 14:07:28,HKSAR gov't unveils huge budget to fight COVID-19
2022-02-23 15:55:15,Inflammatory bowel disease linked to fecal microplastics: study
2022-02-23 00:26:16,Chinese vice premier stresses importance of national soil survey
2022-02-23 22:52:34,Senior CPC official meets Panchen Lama
2022-02-23 23:16:30,China urges Japan to strictly discipline its diplomatic personnel in China
2022-02-23 19:02:31,China makes progress in consolidating poverty alleviation: official
2022-02-23 22:17:29,Shandong establishes online platform to provide door-to-door nursing
2022-02-23 20:34:45,Chinese vice premier stresses further efforts on environmental inspection
2022-02-23 23:33:02,National political advisors urged to conduct in-depth study of public issues
2022-02-23 16:08:15,"Xinhua Commentary: Anti-China disinformation -- Washington's geopolitical weapon under pretext of so-called ""press freedom"""
2022-02-23 00:13:15,"Senior official urges efforts to advance whole-process people's democracy, rule of law"
2022-02-23 19:30:16,Taiwan's DPP urged to stop obstructing Kinmen-Xiamen ferry links
2022-02-23 21:17:02,"China's national reunification must, will surely be realized: spokesperson"
2022-02-23 16:39:28,"Culture China: Crystal clean, jade-like minds"
2022-02-23 23:51:00,China requires enterprises to disclose environmental information
2022-02-23 20:17:28,"Winter Olympics brings mainland, Taiwan compatriots closer: spokesperson"
2022-02-23 12:22:15,17 held accountable for alleged woman abuse in China's Jiangsu
2022-02-23 23:00:31,China reaffirms support for Nepal's own development path
2022-02-23 20:48:45,Xi congratulates Julius Nyerere leadership school on inauguration
2022-02-24 00:01:01,Major enterprises in China's Suzhou steadily resume work amid latest COVID-19 resurgence
2022-02-24 00:09:01,China launches digital working platform for lawmakers
