﻿2022-03-07 17:34:15,Land-sea trade corridor facilitates car imports from Middle East to China
2022-03-07 17:08:13,"Russian forces hold fire, open humanitarian corridors in four Ukrainian cities on Monday"
2022-03-05 00:42:30,Zambia targets to put over 5 mln vulnerable people on social support in 2022
2022-03-05 10:49:00,UN official calls on parties to work with IAEA to ensure safety of Ukraine's nuclear sites
2022-03-05 04:31:00,"Chile reports 23,132 COVID-19 cases, 126 deaths in one day"
2022-03-05 14:45:15,Russia declares ceasefire in Ukraine for civilians evacuation -- defense ministry
2022-03-05 05:26:00,"Brazil's economy grows 4.6 pct in 2021, fastest rate since 2010"
2022-03-06 12:09:45,Chile creates national park to protect Santiago's glaciers
2022-03-06 02:07:28,"Ukraine, Russia to hold next round of talks on Monday: Ukrainian negotiator"
2022-03-06 10:41:31,UN chief voices concern over political polarization in Libya
2022-03-06 13:55:43,Dragon Boat Festival held in southern California
2022-03-06 21:49:16,"Erdogan, Putin discuss Ukraine crisis over phone"
2022-03-06 04:22:46,Global COVID-19 deaths near 6 mln: WHO
2022-03-06 04:41:45,"Roundup: Egypt's Coffestival gala brings coffee lovers, brands together"
2022-03-07 21:57:31,"Russia, Ukraine to hold 3rd round of talks on Monday"
2022-03-07 22:03:45,"Putin, EU leader discuss humanitarian issues in Ukraine over phone: Kremlin"
2022-03-07 20:09:00,"Feature: Street art fiesta returns to eastern DR Congo city, with women under spotlight"
2022-03-07 05:46:30,Saudi Arabia inaugurates 1st World Defense Show with cutting-edge Chinese equipment
2022-03-07 20:29:15,Ukraine says nuclear plants operating stably
2022-03-07 17:33:17,GLOBALink | Afghans celebrate return of horsemen game with improved security
2022-03-07 13:32:45,"Russian forces to hold fire, open humanitarian corridors in some Ukrainian cities on Monday"
2022-03-07 20:00:01,CERAWeek energy forum kicks off amid global energy turmoil
2022-03-07 22:30:58,Third round of Russia-Ukraine talks kicks off: Russian media
2022-03-07 19:41:46,"Philippines logs 6,297 new COVID-19 cases in week"
2022-03-07 04:24:15,Iranian diplomat says new IAEA report containing positive changes
2022-03-07 01:46:15,"Putin, Macron discuss Ukraine issue over phone"
2022-03-07 10:53:13,"Ukraine ready to discuss ""non-NATO models"""
2022-03-07 22:24:47,
2022-03-07 19:49:44,Former Pakistani president Tarar dies at 92
2022-03-07 19:29:45,Pakistani PM announces food subsidy program for 20 mln households
2022-03-08 05:47:00,"Europe-Asia, Asia-North America most heavily hit by airspace closure: IATA"
2022-03-08 04:54:00,Feature: Women in Mideast eye promising future amid increasingly visible changes
2022-03-08 05:45:13,"Saudi Arabia inks 22 deals with local, foreign defense firms"
2022-03-08 06:34:13,Three teens in critical condition after shooting outside high school in U.S. Iowa
2022-03-08 03:53:00,"21 mln Yemenis need life-saving aid, half are children: UNICEF"
2022-03-08 06:03:15,First challenge in offloading Yemen tanker oil is funding: UN
2022-03-08 06:14:13,Dow plunges nearly 800 points as Ukraine jitters linger
2022-03-08 01:12:31,Legitimacy issue of AUKUS-related nuke material transfer must not be dodged: Chinese envoy
2022-03-08 04:27:01,"South Sudan marks milestone amid stalled progress, growing violence: UN official"
2022-03-08 02:50:45,35 refugees resettled from Libya to Europe: UNHCR
2022-03-08 04:27:01,Members of Tunisian caretaker Superior Council of Judiciary take oath
2022-03-08 06:27:16,Moderate quake strikes off central Indonesia
2022-03-08 01:03:30,Indonesia launches visa on arrival service for travelers from 23 countries
2022-03-08 00:53:33,"Singapore reports 13,520 new COVID-19 cases, 846,341 in total"
2022-03-08 05:04:00,Huawei takes leap into future with Hungarian supply center
2022-03-08 04:03:02,"Russia, Ukraine end 3rd round of peace talks with no significant results"
2022-03-08 05:22:15,Political decisions needed for ending Vienna talks on Iran nuclear deal: EU coordinator
2022-03-08 08:13:16,"Roundup: Dow sheds nearly 800 points, oil jumps as Russia-Ukraine conflict continues"
2022-03-08 06:34:13,Three teens in critical condition after shooting outside high school in U.S. Iowa
2022-03-08 05:53:15,FLASH: MULTIPLE VICTIMS IN SHOOTING OUTSIDE HIGH SCHOOL IN U.S. IOWA
