﻿2022-04-01 21:17:00,"Chinese premier calls on China, EU to enhance dialogue, coordination, deepen cooperation"
2022-04-02 23:25:02,1st batch of Thai fruits shipped to China by China-Laos Railway
2022-04-02 15:12:31,Shanghai screens over 14 mln people in 2nd phase of closed-off management
2022-04-02 01:06:32,Xinhua Headlines: Foreign businesses undented as Shanghai continues massive COVID-19 testing
2022-04-03 07:36:21,"COVID-19 antigen self-testing kits produced at Biouhan healthcare company in Hefei, E China"
2022-03-16 13:03:05,GLOBALink | County of music
2022-03-20 08:17:09,24 Solar Terms: Spring Equinox 
2022-03-23 10:21:55,
2022-03-31 11:12:50,GLOBALink | Shopkeeper in grand bazaar in Xinjiang
2022-04-01 19:34:29,Researchers print 3D cardiac tissue capable of sustaining pulses for over 6 months
2022-04-01 23:06:46,Top political advisor stresses enhanced supervision over Yangtze River environmental protection
2022-04-01 22:32:32,"Education of women, girls critical for sustainable development: symposium"
2022-04-01 20:36:01,"China to offer more nucleic acid testing to students, teachers"
2022-04-01 18:39:15,"Art exhibition of ""Dream of the Red Chamber"" opens in The Netherlands"
2022-04-01 21:40:02,"China urges Britain to abandon colonial mindset, stop interfering in Hong Kong affairs"
2022-04-01 16:12:30,Anti-epidemic situation in China complicated: official
2022-04-01 21:07:02,Commissioner's office of Chinese foreign ministry in HKSAR says interference in Hong Kong affairs will come to naught
2022-04-02 18:51:41,China further lowers cost of COVID-19 nucleic acid tests
2022-04-02 17:04:31,
2022-04-02 22:09:45,Xiconomics: China-Europe cooperation gains steam by embracing green partnership
2022-04-02 20:32:17,Chinese vice premier stresses support for foreign trade companies
2022-04-02 10:01:00,"Chinese mainland reports 2,086 new local COVID-19 cases"
2022-04-02 23:25:02,1st batch of Thai fruits shipped to China by China-Laos Railway
2022-04-02 23:06:00,"Research explains coexistence of humans, snow leopards in NW China"
2022-04-02 20:06:16,Across China: Conservation drive helps Yellow River headwaters flow freely for 18 years
2022-04-02 22:42:31,
2022-04-02 19:23:00,Taiwan reports 404 new COVID-19 cases
2022-04-02 20:51:31,U.S. panel arrives in China to assist with plane crash probe
2022-04-02 16:15:31,"China science, technology news summary -- April 2"
2022-04-02 22:30:45,Hong Kong to conduct 3-day mass self-test for COVID-19
2022-04-02 22:48:47,
2022-04-02 18:56:45,China regulates online tomb-sweeping activities during Qingming holiday
2022-04-02 11:03:32,Shanghai's largest temporary quarantine site operational
2022-04-02 23:59:03,Xinhua Headlines: China-EU leaders' meeting injects hope to turbulent world
2022-04-03 11:51:15,Shanghai launches citywide antigen testing
2022-04-03 11:52:31,"Chinese mainland reports 1,455 new local COVID-19 cases"
2022-04-03 14:08:16,Tibet to invest over 22 bln USD in major projects
2022-04-03 09:05:01,China's national art festival scheduled for September
2022-04-03 00:07:00,Top legislator stresses adherence to path of socialist political advancement with Chinese characteristics
2022-04-03 10:57:15,"Chinese mainland reports 1,455 new local COVID-19 cases"
2022-04-03 14:08:14,Shanghai races to ensure daily supplies amid fight against COVID-19 
2022-04-03 07:36:21,"COVID-19 antigen self-testing kits produced at Biouhan healthcare company in Hefei, E China"
2022-04-03 12:46:16,Shanghai races to ensure daily supplies amid fight against COVID-19
2022-04-03 00:02:02,"Interview: China supports diplomacy, de-escalation for Russia-Ukraine conflict -- expert"
2022-04-03 13:31:17,China's internet sector reports steady revenue growth in first two months
2022-04-03 13:31:14,Bank of China net profit up 12.28 pct in 2021
2022-04-03 00:38:14,Chinese vice premier urges containing Shanghai's COVID-19 in shortest time possible
