﻿2022-04-19 20:57:00,Senior Chinese lawmakers meet amid legislative session
2022-04-19 19:46:13,China-Mongolia border port sees robust growth in freight transport in Q1
2022-04-20 21:17:39,"Boao Forum for Asia focuses on green recovery, sustainable development"
2022-04-20 07:32:03,Enterprises make efforts to assure vegetable supply in Shanghai
2022-04-20 20:42:46,China's top legislator holds talks with Malawi parliament speaker
2022-04-21 01:00:15,Xi Focus: China's endeavor to maintain economic growth amid COVID-19 fight
2022-04-05 07:15:59,24 Solar Terms: Qingming
2022-04-08 08:08:39,GLOBALink | Junior football team on edge of desert in Xinjiang
2022-04-13 15:15:51,GLOBALink | Female livestreamer helps locals increase income in Xinjiang
2022-04-18 19:42:15,"New film from animation studio behind ""White Snake"" slated for release in July"
2022-04-19 20:57:00,Major enterprises in Jilin resume operation as epidemic eases
2022-04-19 14:18:17,China Focus: Heavyweight enterprises in Shanghai resume operations amid COVID-19 resurgence
2022-04-19 20:49:00,China's top court to improve property rights protection for smaller businesses
2022-04-19 18:10:15,China vows to adhere to dynamic zero-COVID approach as cases spike
2022-04-19 20:41:00,Tibet makes progress in prehistoric archaeology research
2022-04-19 10:50:34,China Great Wall Museum solicits upgrading scheme globally
2022-04-19 18:57:30,"Procuratorates maintain heavy-handed approach against economic, financial crimes"
2022-04-20 09:18:00,"Chinese mainland reports 2,753 new local confirmed COVID-19 cases, 2,494 in Shanghai"
2022-04-20 22:43:13,Macao's air temperature rises in 2021
2022-04-20 19:32:31,
2022-04-20 19:52:47,
2022-04-20 23:06:13,Chinese defense minister holds phone talks with U.S. counterpart
2022-04-20 19:30:15,China revises law to promote vocational education
2022-04-20 21:04:45,"Taiwan reports 2,386 new local COVID-19 cases"
2022-04-20 00:00:01,1st phase construction of mainland-aided COVID-19 isolation facility completed in Hong Kong
2022-04-20 19:02:49,
2022-04-20 21:29:00,Feature: A 20-hour race to rescue stranded whale
2022-04-20 07:23:15,24 Solar Terms: Grain Rain
2022-04-20 11:20:37,Tianzhou-3 docks with Tianhe's front docking port
2022-04-20 12:18:15,Chinese satellite obtains global gravity field data
2022-04-20 16:24:30,BeiDou boosts tech support for Chinese smartphone industry
2022-04-20 20:29:30,U.S. should regard Pacific Island countries as independent states: FM spokesperson
2022-04-20 23:45:32,Preliminary findings on China Eastern plane crash released
2022-04-20 01:16:00,Chinese ambassador to U.S. warns against using Ukraine crisis to mess up U.S.-China relations
2022-04-20 22:15:43,Qinghai's Xining strengthens supply of living necessities for residents in closed-off management areas
2022-04-20 20:33:31,Scientists improve crop yield forecast by machine learning
2022-04-20 19:29:13,Chinese scientists map out how Omicron evades antibody therapeutics
2022-04-20 22:39:15,Tsinghua University launches report to promote climate risk analysis by businesses
2022-04-20 18:44:15,BeiDou boosts tech support in Chinese smartphone industry
2022-04-20 20:18:33,China's fiscal revenue up 8.6 percent in Q1
2022-04-21 00:56:30,"Chinese premier stresses ensuring agricultural production, energy supply"
2022-04-21 01:07:30,Chinese FM holds phone talks with Azerbaijani counterpart on 30th anniversary of diplomatic ties
2022-04-21 07:23:35,Hospitals in Shanghai make efforts to ensure medical services for citizens
2022-04-21 02:01:45,China capable of ensuring grain security: experts
2022-04-21 01:29:45,"China to take further steps for spring farming, ensure and increase energy supply"
2022-04-21 00:16:31,"Xi Focus: Four years on, Hainan's free trade port construction in full swing"
2022-04-21 00:34:30,"Chinese, Armenian FMs hold phone talks over 30th anniversary of diplomatic ties"
2022-04-21 02:20:45,China's pursuit of common prosperity inspiring to world: U.S. expert
2022-04-21 00:27:28,Hong Kong continues to steadfastly guard against COVID-19: Carrie Lam
2022-04-21 00:22:28,"Senior Chinese diplomat meets with Cambodian, Lao ambassadors"
2022-04-21 07:27:26,Staff members deliver supplies to residents in Shanghai
