﻿2022-03-04 23:50:48,"Xinhua Headlines: China's ""two sessions"" start in crucial year for modernization"
2022-03-04 18:42:01,"Presidium elected, agenda set for China's annual legislative session"
2022-03-05 11:52:15,China to promote high-quality Belt and Road cooperation
2022-03-05 23:44:15,Chinese leaders attend deliberations at annual legislative session
2022-03-05 19:54:47,"Xinhua Headlines: China sets 2022 GDP target at around 5.5 pct, giving a shot in arm to world recovery"
2022-03-06 20:54:45,High-quality development paves China's path toward modernization
2022-03-06 22:35:45,"Chinese premier stresses promoting sustained, sound economic and social development"
2022-03-07 00:14:58,Chinese leaders join discussions with political advisors
2022-03-07 00:08:02,"Xi stresses ensuring key agricultural products supply, building stronger social security network"
2021-12-02 15:05:53,Mounting artist's dream of painting shrimps
2021-12-02 15:05:44,Artisan introduces charm of wooden art and leatherware to people
2022-02-16 13:39:13,Stories of Jingdezhen in the Imperial Kiln: Famille verte wares from the Reigns of Jiajing and Wanli
2022-02-17 12:56:46,Stories of Jingdezhen in the Imperial Kiln: Designs for the Imperial Kiln
2022-03-03 20:45:46,Cultural China: Preparedness averts peril
2022-03-04 20:35:47,NPC deputy in space speaks for space industry
2022-03-04 21:12:00,China's space station to host 6 astronauts by end of 2022
2022-03-04 23:54:45,"Advisory: Schedules for China's ""two sessions"" on March 5"
2022-03-05 10:29:45,Chinese mainland reports 102 new local COVID-19 cases
2022-03-05 09:21:16,"China to step up study on virus variants, accelerate R&D of vaccines"
2022-03-05 18:32:00,China launches seven new satellites
2022-03-05 21:28:28,"Advisory: Schedules for China's ""two sessions"" on March 6"
2022-03-05 09:22:17,Chinese gov't to keep spending low to benefit people
2022-03-05 23:54:15,"China mulls amending law on local legislatures, governments"
2022-03-05 23:44:15,Chinese leaders attend deliberations at annual legislative session
2022-03-05 21:48:46,Explainer: Prudent Chinese defense budget growth ensures broad public security
2022-03-06 18:03:03,GLOBALink | Our life in Xinjiang is wonderful: National lawmaker from Xinjiang
2022-03-06 23:14:59,"Xi Focus: ""I was once a farmer"""
2022-03-06 14:47:00,"China Focus: Grassroots voice heard at China's annual ""two sessions"""
2022-03-06 21:06:15,Feature: Petite scientist with a big mission
2022-03-06 16:40:00,Second batch of Chinese evacuee flights from Ukraine returns home
2022-03-06 18:00:15,14 dead in coal mine accident in China's Guizhou
2022-03-06 19:36:45,Xi replies to letter from IOC chief
2022-03-06 16:47:03,
2022-03-06 23:51:00,"China mulls giving more seats to people from grassroots, women in top legislature"
2022-03-06 17:42:47,GLOBALink | High expectations for a splendid Beijing Winter Paralympics
2022-03-06 22:50:45,Xi Focus: Xi's close bond with people in northern grasslands
2022-03-06 20:19:02,"Chinese FM to meet press on foreign policy, relations"
2022-03-06 14:25:00,Ancient rock painting complex found in NW China
2022-03-06 19:25:45,Xi replies to letter from IOC chief
2022-03-06 07:51:58,Central gov't aids Hong Kong to build emergency hospital
2022-03-06 00:07:13,Across China: American expat seeks to promote Chinese culture through cooking shows
2022-03-06 16:43:00,Feature: Hong Kong taxi drivers join COVID-19 battle
2022-03-06 22:35:45,"Chinese premier stresses promoting sustained, sound economic and social development"
2022-03-07 00:14:58,Chinese leaders join discussions with political advisors
2022-03-07 10:05:15,Market exchange rates in China -- March 7
2022-03-07 07:57:37,Pic story: inheritor of intangible cultural heritage of hemp weaving in Ningxia
2022-03-07 10:04:16,Chinese mainland reports 214 new local COVID-19 cases
2022-03-07 00:39:00,Mainland health experts learn about latest progress of Hong Kong's vaccination program
2022-03-07 09:50:15,Chinese shares open lower Monday
2022-03-07 00:08:02,"Xi stresses ensuring key agricultural products supply, building stronger social security network"
2022-03-07 10:15:15,Hong Kong's Hang Seng Index falls over 4 pct in morning trading
2022-03-07 08:57:06,CPPCC members interviewed via video link ahead of 2nd plenary meeting of annual session
2022-03-07 09:53:36,2nd plenary meeting of 5th session of 13th CPPCC National Committee held in Beijing
