﻿2022-03-13 20:44:04,Tanzania to investigate causes of contaminated water in Mara River
2022-03-15 04:10:41,Greece's Piraeus port posts record high profit for 2021
2022-03-15 06:25:41,"UN chief calls for efforts to promote gender equality, women's rights"
2022-03-11 20:17:15,"EU foreign policy chief says ""pause needed"" in Iran nuke talks"
2022-03-11 13:13:45,"S. Korea reports 282,987 new COVID-19 cases"
2022-03-12 21:33:43,No political impacts can divert Ian's rules-based ties with IAEA: nuke chief
2022-03-12 07:25:45,Pfizer-BioNTech COVID-19 vaccine greatly reduces risk of Omicron infection among children: CDC
2022-03-12 21:31:28,Russia says to publish retaliatory sanctions against West soon
2022-03-12 23:08:18,Worker shortage in U.S. far from over: report
2022-03-12 12:01:34,"World Insights: 11 years on, Fukushima radioactive waste still tough challenge for Japan"
2022-03-12 11:33:30,"Facts about Russia-Ukraine conflict: Possible meeting between Putin, Zelensky not ruled out -- Kremlin"
2022-03-13 20:32:02,Zambia announces official program for funeral of ex-leader
2022-03-13 12:55:00,France to start administering 4th COVID-19 vaccine dose
2022-03-13 02:23:45,"Putin, Macron, Scholz discuss Ukraine crisis over phone"
2022-03-13 18:27:31,Tongan PM isolated at home after testing positive for COVID-19
2022-03-13 14:21:16,12 ballistic missiles hit Iraq's Kurdish regional capital
2022-03-13 15:30:31,
2022-03-14 16:46:30,
2022-03-14 13:35:11,Bolivia to return to face-to-face classes
2022-03-14 06:04:00,"Russia, Ukraine to hold online negotiations on Monday"
2022-03-14 20:07:29,Greek PM tests positive for COVID-19
2022-03-14 23:14:00,Infrastructure built under CPEC helps enhance regional connectivity: Pakistani official
2022-03-14 06:15:45,Former U.S. President Barack Obama tests positive for COVID-19
2022-03-14 19:06:12,"Ukraine seeking ceasefire, troop withdrawal at talks with Russia"
2022-03-15 03:24:30,Feature: Istanbul's cattle raisers call for more support to help them survive
2022-03-15 05:37:45,Argentina suspends soy oil and meal exports
2022-03-15 05:02:41,Next UN secretary-general should be female: General Assembly president
2022-03-15 01:18:30,UN chief announces emergency funds for humanitarian aid in Ukraine
2022-03-15 06:06:45,"U.S. Fed expected to raise rates this week amid skyrocketing inflation, Ukraine conflict"
2022-03-15 06:54:59,"Euro area fiscal policy to remain ""agile and flexible"" amidst Russia-Ukraine conflict"
2022-03-15 06:51:00,Argentine fuel prices jump over 10 pct
2022-03-15 03:29:30,Iran busts 2 terror rings in SE province
2022-03-15 05:18:45,Israeli gov't websites down due to large-scale cyberattack
2022-03-15 06:25:41,"UN chief calls for efforts to promote gender equality, women's rights"
2022-03-15 04:22:45,Slovenian government limits gasoline prices to curb price hikes
2022-03-15 02:40:26,Feature: U.S. sanctions still strangling Aleppo's economic vitality as Syrian crisis entering 12th year
2022-03-15 00:34:31,Zambian president meets with Somalia FM
2022-03-15 01:56:29,Egyptian remittances hit 31.5 bln USD in 2021: central bank
2022-03-15 01:49:30,Roundup: Egypt bids to mitigate increasing prices ahead of Ramadan
2022-03-15 05:21:41,Tunisia may see new COVID-19 wave in May: minister
2022-03-14 23:36:17,"Brunei reports 2,278 new COVID-19 cases, total at 114,371"
2022-03-14 23:29:16,India's exports up by 25.41 pct in February
2022-03-14 23:14:00,Infrastructure built under CPEC helps enhance regional connectivity: Pakistani official
2022-03-15 05:59:45,Senior Chinese official elaborates on China's position on Ukraine situation
2022-03-15 03:24:30,Feature: Istanbul's cattle raisers call for more support to help them survive
2022-03-15 06:54:59,"Euro area fiscal policy to remain ""agile and flexible"" amidst Russia-Ukraine conflict"
2022-03-15 06:06:45,"U.S. Fed expected to raise rates this week amid skyrocketing inflation, Ukraine conflict"
2022-03-15 06:45:45,Feature: Havana recovers from COVID-19 pandemic's impact
2022-03-15 02:40:26,Feature: U.S. sanctions still strangling Aleppo's economic vitality as Syrian crisis entering 12th year
