﻿2022-08-02 18:48:15,China-Europe freight train services see a sharp rise in July
2022-08-03 14:08:45,"55th ASEAN foreign ministers' meeting, related meetings kick off in Cambodia"
2022-07-31 23:15:45,India reports first monkeypox death
2022-08-01 11:13:00,New wildfires in SW France injure 4 firefighters
2022-08-01 09:26:45,Late night shooting in U.S. city Orlando leaves seven injured
2022-08-01 20:48:45,Spain ready to support Albania's EU integration: PM Sanchez
2022-08-02 04:01:00,Russia bans 39 Britons from entry
2022-08-02 06:14:15,U.S. kills al-Qaeda leader al-Zawahiri in drone strike in Afghanistan -- media
2022-08-02 07:52:15,Biden says U.S. killed al-Qaeda leader al-Zawahiri in drone strike
2022-08-02 02:46:15,Roundup: 1st grain-laden ship from Ukraine to anchor off Istanbul for inspection: Turkish ministry
2022-08-02 02:28:45,Biden continues to test positive for COVID-19
2022-08-02 07:38:45,Biden says U.S. killed al-Qaeda leader al-Zawahiri in drone strike
2022-08-02 13:50:01,"Roundup: Several U.S. states make emergency declarations, monkeypox likely to be next public health failure"
2022-08-02 05:55:30,France detects bird flu at turkey farm
2022-08-02 09:22:00,Uruguay to start vaccination campaign against monkeypox
2022-08-02 10:43:45,Brazil to treat severe monkeypox cases with antiviral drug Tecovirimat
2022-08-03 18:27:16,
2022-08-03 17:49:30,"China, Greece vow to further deepen mutually beneficial cooperation"
2022-08-03 23:24:00,Roundup: China calls for rejection of double standards in nuclear non-proliferation
2022-08-03 16:25:45,Sri Lankan president urges political parties to work for an all-party gov't
2022-08-03 18:22:47,
2022-08-03 21:58:00,DR Congo decides to expel UN peacekeeping mission's spokesperson amid violent protests
2022-08-03 23:35:30,Roundup: First grain-laden ship from Ukraine passes through Istanbul's Bosphorus Strait after inspection
2022-08-03 20:38:15,Indonesia emphasizes importance of strengthening ASEAN's institutional capacity
2022-08-03 20:09:30,1st grain ship leaving Ukraine resumes journey after inspection off Istanbul's coast
2022-08-03 04:04:00,Germany's wheat yields in 2022 below average due to drought
2022-08-03 05:49:45,1st grain ship leaving Ukraine anchors off Istanbul for inspection
2022-08-03 13:41:45,"Americans living in ""backsliding"" democracy: Washington Post"
2022-08-03 14:08:45,"55th ASEAN foreign ministers' meeting, related meetings kick off in Cambodia"
2022-08-04 06:12:15,UN Secretariat does not take money from oil and gas industry: Guterres
2022-08-04 06:44:30,Biden signs executive order on abortion rights
2022-08-04 06:56:30,U.S. stocks rally amid economic data
2022-08-04 05:03:30,Venezuela reaffirms pledge of cooperation with OPEC+
2022-08-04 02:25:00,Iran urges U.S. to seize chance of upcoming nuke talks
2022-08-04 04:38:00,"Iraqi Shiite cleric calls for dissolving parliament, holding early elections"
2022-08-04 05:10:30,"Severe drought displaces 918,000 people in Somalia: UN"
2022-08-04 05:25:30,"Aramco, Sinopec sign MoU to deepen wide-ranging cooperation via joint ventures"
2022-08-04 02:51:00,UN to set up fact-finding mission for Donetsk prison attack
2022-08-04 00:56:00,Cameroon launches program to promote positive parenting
2022-08-04 05:36:45,Roundup: UN renews warnings over possible food shortage in Sudan
2022-08-04 01:06:00,UN provides 9.5 mln USD for famine prevention in Somalia
2022-08-04 02:34:15,Cambodian PM meets with China's Wang Yi
2022-08-03 23:51:15,China-Brunei joint venture signs 263 mln USD financing deal with local banks
2022-08-04 00:54:30,Brunei welcomes more investment from China: senior official
2022-08-04 06:41:15,French bank Societe Generale reports net loss 1.5 bln euros after Russia exit
2022-08-04 02:14:45,Factory explosion causes 8 injured in SW France
2022-08-04 05:55:30,Italy's retail sales fall in Q2: ISTAT
2022-08-04 06:56:30,U.S. stocks rally amid economic data
2022-08-04 06:49:45,"Oil prices drop amid U.S. inventory data, OPEC+ decision"
2022-08-04 06:44:30,Biden signs executive order on abortion rights
