﻿2022-07-07 00:52:00,Kenya's SGR train ferries 7.8 mln passengers since inception
2022-07-10 00:40:15,Former Angolan president Jose Eduardo dos Santos dies at 79
2022-07-08 10:59:15,Brazil forecasts 2021-2022 grain output at 272.5 mln tons
2022-07-08 10:57:12,Washington spends 250 mln USD on biowarfare activities in Ukraine: Russian Defense Ministry
2022-07-08 06:12:30,"Peace negotiations between Russia, Ukraine to get more difficult with time: Putin"
2022-07-08 18:46:16,
2022-07-08 11:06:13,Former Japanese PM shot when delivering speech in western Japan
2022-07-08 01:58:12,"China, Russia pledge to expand cooperation, safeguard interests of developing countries"
2022-07-08 23:44:30,Most Americans disapprove of Supreme Court's decision to overturn Roe v. Wade: poll
2022-07-08 18:44:42,"UN chief stresses importance of ""networked multilateralism"" before EU-UN high-level dialogue"
2022-07-08 15:06:00,Former Japanese PM Abe showing no vital signs: Kyodo
2022-07-08 15:30:57,Philippine President Marcos tested positive for COVID-19
2022-07-08 20:09:30,Xinhua Commentary: Raped 10-year-old denied abortion reflects botched U.S. governance
2022-07-08 11:18:27,Former Japanese PM Abe reportedly injured in gunshot
2022-07-08 19:40:35,
2022-07-08 12:02:29,Former Japanese PM Abe shows no sign of life after being shot
2022-07-08 11:40:15,Former Japanese PM Abe shows no sign of life after being shot
2022-07-09 00:14:15,Russian navy receives 1st submarine carrying nuclear-powered drones
2022-07-09 21:06:42,Sri Lankan PM agrees to quit after protesters storm president's residence
2022-07-09 04:04:15,ECB urges eurozone banks to factor climate risk into their risk models
2022-07-09 05:47:00,"Entrenched inflation a ""significant risk"" to U.S. economy, say Fed officials"
2022-07-09 16:52:54,Economic Watch: Is U.S. economy already in a recession?
2022-07-09 17:29:45,"Fitch affirms Greece's rating at ""BB"" with positive outlook"
2022-07-09 12:32:00,Elon Musk decides to terminate Twitter deal
2022-07-09 19:23:12,"6 killed, over 10 injured in bus-car collision in Pakistan's Punjab"
2022-07-09 04:14:45,Chinese envoy urges Security Council to end Syrian cross-border delivery ASAP
2022-07-09 11:27:42,Interview: Pakistan-China cooperation expected to reach new high: prime minister
2022-07-09 05:04:44,"China calls for dialogue to resolve political differences in West Africa, Sahel"
2022-07-09 04:59:45,Colombia enters 5th wave of COVID-19 pandemic
2022-07-09 21:44:58,Iran tightens entry health rules amid increasing COVID-19 cases
2022-07-10 04:45:44,Feature: Egyptians suffer from price hikes during Eid al-Adha
2022-07-10 00:24:29,Sri Lankan PM's house set on fire
2022-07-10 10:42:12,Argentina marks 206th anniversary of Independence Day
2022-07-10 03:00:30,Feature: Lebanon's steep crisis deprives people of joyous celebrations in Eid al-Adha
2022-07-10 03:45:30,Portugal spends 1.68 bln euros to contain inflation: PM
2022-07-10 05:32:42,"Feature: 5 years after liberation, life returns to normal in Mosul"
2022-07-10 00:04:31,"Kenya, WHO launches hub for handling health emergencies in Africa"
2022-07-10 01:02:29,Tanzania thanks Chinese embassy for renovation of school football ground
2022-07-10 06:26:45,"Interview: ""Relative calm"" in British caretaker gov't amid Tory leader race, says expert"
2022-07-10 03:19:45,3 Algerians injured in armed attack in Mali
2022-07-10 04:45:44,Feature: Egyptians suffer from price hikes during Eid al-Adha
2022-07-10 10:07:16,Two persons killed in boat accident in Nigeria
2022-07-10 01:09:30,"China, Australia agree to smooth bilateral ties"
2022-07-10 10:12:14,"New Zealand reports 7,461 community cases of COVID-19"
2022-07-10 01:27:30,Sri Lankan president says to resign on July 13
2022-07-10 06:26:45,"Interview: ""Relative calm"" in British caretaker gov't amid Tory leader race, says expert"
2022-07-10 03:45:30,Portugal spends 1.68 bln euros to contain inflation: PM
2022-07-09 23:12:14,Ukraine to receive 1.7 bln USD from int'l donors: PM
2022-07-09 07:48:15,U.S. stocks end mixed amid solid jobs data
2022-07-09 16:52:54,Economic Watch: Is U.S. economy already in a recession?
2022-07-10 09:29:57,Former Mexican President Luis Echeverria dies at 100
