﻿2022-07-21 21:52:39,JSQ freight vehicle leaves Chongqing for first pilot run to Moscow
2022-07-23 20:16:15,China sets up national archives for preserving bibliology resources
2022-07-24 21:49:45,Chinese vice premier congratulates Wentian mission participants
2022-07-24 10:02:15,"China Focus: China's COVID-19 vaccines safe, effective"
2022-07-24 14:50:00,China launches space station's first lab module
2022-07-25 12:02:45,Shenzhou-14 astronauts enter Wentian lab module
2022-07-25 15:59:26,First Beijing Culture Forum kicks off
2022-06-06 08:18:04,24 Solar Terms: Grain in Ear
2022-06-20 08:55:04,"GLOBALink | See you again, Bayanbulak"
2022-06-21 07:36:44,24 Solar Terms: Summer Solstice
2022-07-07 07:14:05,24 Solar Terms: Lesser Heat
2022-07-22 23:22:43,China improves cultural heritage preservation over past decade
2022-07-24 00:08:56,China launches campaign to improve people's digital skills
2022-07-24 01:06:56,Exhibition on dress culture of millennium-old Dunhuang grottoes opens
2022-07-24 20:53:30,China renews orange alert for high temperatures
2022-07-24 10:20:31,Chinese mainland reports 87 new local confirmed COVID-19 cases
2022-07-24 14:50:00,China launches space station's first lab module
2022-07-24 00:24:00,Senior Chinese lawmaker stresses making rare disease treatment more law-based
2022-07-25 12:02:45,Shenzhou-14 astronauts enter Wentian lab module
2022-07-25 14:31:00,2nd China International Consumer Products Expo opens in Hainan
2022-07-25 00:50:15,Across China: Young talents feel rewarded at grassroots jobs
2022-07-25 23:35:26,HKSAR gov't launches policy address consultation
2022-07-25 17:17:18,
2022-07-25 16:54:31,
2022-07-25 22:48:30,Across China: Featured industries boost employment for locals
2022-07-25 22:20:30,"Xi sends congratulatory letter to China-Africa peace, security forum"
2022-07-25 21:33:51,China's FAST telescope under maintenance in Guizhou
2022-07-25 19:22:31,China's space tracking ship Yuanwang-3 back from missions
2022-07-25 16:38:45,Xi extends congratulations to new Indian president
2022-07-25 22:28:30,FM spokesperson warns of serious consequence over Pelosi's potential Taiwan visit
2022-07-25 21:42:15,Xi Focus-Closeup: Ensuring the Yellow River benefits the people
2022-07-25 23:14:29,China's Anhui sees GDP rise 3 pct in H1
2022-07-25 10:59:11,China renews orange alert for high temperatures
2022-07-25 20:39:01,China's expressway network links 95 pct of population
2022-07-25 10:52:12,Former vice chairman of China's Tibet regional government arrested for suspected bribery
2022-07-25 20:11:44,"Xi sends congratulatory letter to China-Africa peace, security forum"
2022-07-25 18:52:27,"Chinese FM stresses peace, stability in South China Sea for regional development"
2022-07-25 21:26:12,Cross-Strait exchange event held to promote tourism
2022-07-25 00:55:15,China launches new scientific expedition in Yangtze headwaters
2022-07-25 15:59:26,First Beijing Culture Forum kicks off
2022-07-25 20:50:00,China's supply and marketing cooperatives report steady sales growth
2022-07-25 04:33:26,China's Wentian lab module docks with Tianhe core module combination
2022-07-25 22:56:30,Japan urged to rectify wrongful remarks on Taiwan
2022-07-25 17:33:01,
2022-07-25 23:34:42,"Economic Watch: Digital service, production flourish across China"
2022-07-26 00:31:45,Across China: Int'l students captivated by China's eco-culture via study tour
2022-07-26 00:02:45,Chinese vice premier attends inaugural meeting of China Mineral Resources Group
