﻿2022-08-27 22:15:00,Economic Watch: Soaring China-Europe freight trains facilitate international trade
2022-08-28 10:01:37,40th anniversary of China National Children's Center celebrated in Beijing
2022-08-28 22:07:30,China holds conference on internet civilization
2022-08-28 17:36:31,Xinhua Headlines: Major coal producer Shanxi speeds up green transformation
2022-08-29 22:18:47,Xinhua Headlines: Pairing assistance brings sea change to landlocked region
2022-08-30 00:39:00,"Chinese premier stresses need to nurture market entities, boost market vitality"
2022-06-20 08:55:04,"GLOBALink | See you again, Bayanbulak"
2022-06-21 07:36:44,24 Solar Terms: Summer Solstice
2022-07-07 07:14:05,24 Solar Terms: Lesser Heat
2022-07-23 07:29:03,24 Solar Terms: The Great Heat
2022-08-27 10:30:30,Chinese language to be integrated into Ghana's educational curriculum: Ghanaian official
2022-08-27 20:01:45,Feature: Immersive experience enables Sydney locals to taste Hong Kong's best cuisine and culture
2022-08-27 18:53:45,Chinese premier congratulates 2022 World New Energy Vehicle Congress
2022-08-27 17:28:45,"China opposes U.S. Congress members' Taiwan visits disguised as ""unofficial"": spokesperson"
2022-08-28 22:07:30,China holds conference on internet civilization
2022-08-28 20:45:00,Chinese top legislator highlights law-based Yellow River protection
2022-08-28 16:53:45,Chinese premier extends congratulations to Pujiang Innovation Forum
2022-08-28 22:23:30,"Senior official stresses importance of promoting culture, spirit of the times in cyberspace"
2022-08-28 21:20:15,"""Hong Kong dollar selling"" not means capital outflow, not to affect financial, monetary stability of Hong Kong: finance chief"
2022-08-28 20:34:31,
2022-08-29 21:26:45,"Across China: Digital economy, restoration efforts add new charm to old town"
2022-08-29 18:59:15,China Focus: Astronomers obtain first large-field X-ray maps of sky
2022-08-29 21:52:00,China to provide more humanitarian supplies to Pakistan: spokesperson
2022-08-29 22:00:15,Economic Watch: China's green finance creates more opportunities for foreign institutions
2022-08-29 16:29:18,
2022-08-29 21:01:15,China's Y-20 transport aircraft to be showcased at int'l airshow in Europe
2022-08-29 13:56:15,"Over 8,100 officials punished for violating China's frugality rules"
2022-08-29 22:08:31,China allocates 10 bln yuan in subsidies to grain farmers
2022-08-29 22:30:04,
2022-08-29 23:31:00,Chinese state councilor urges efforts to improve food safety
2022-08-29 21:57:35,A visit to venue of 2022 CIFTIS: Shougang Park
2022-08-29 22:23:15,Plant growth in China's space lab in good condition
2022-08-29 23:56:15,China's AG600M firefighting aircraft makes maiden amphibious flight
2022-08-29 13:23:00,Feature: Italian fashion designer builds dream life on east China island
2022-08-29 23:50:45,U.S. lies about Xinjiang will only bankrupt its own credibility faster: Chinese FM spokesperson
2022-08-29 23:45:15,PLA garrison in Hong Kong completes 25th routine rotation
2022-08-29 23:58:16,Hang Seng Indexes Company launches new China enterprise tracker
2022-08-29 21:09:00,Xi sends condolences to Alvi over severe floods in Pakistan
2022-08-30 10:22:45,China conducts central bank bills swap
2022-08-30 11:29:16,"Night camping close to whale sharks in aquarium draws visitors in Zhuhai, S China"
2022-08-30 00:39:00,"Chinese premier stresses need to nurture market entities, boost market vitality"
2022-08-30 10:04:30,Chinese yuan weakens to 6.8802 against USD Tuesday
2022-08-30 11:40:00,Chinese shares lower at midday Tuesday
2022-08-30 09:23:30,Chinese mainland reports 349 new local confirmed COVID cases
2022-08-30 09:55:30,Chinese mainland reports 349 new local confirmed COVID cases
2022-08-30 10:28:30,Violations of Syria's sovereignty and territorial integrity must cease: Chinese envoy
