﻿2022-08-14 21:11:30,Silk Road int'l expo pushes for deeper Belt and Road cooperation
2022-08-15 19:30:31,World Insights: Rising concern about political violence in U.S. after Mar-a-Lago search
2022-08-13 05:10:16,U.S. judge unseals search warrant for Trump's Mar-a-Lago estate
2022-08-13 10:44:00,It takes more than rhetoric for U.S. to woo Africa: The Guardian
2022-08-13 13:03:00,"World Insights: Japan's cabinet reshuffle reflects focus on politics, security over economy"
2022-08-13 22:19:15,Pakistan condemns terror incident in Saudi Arabia's Jeddah
2022-08-14 02:30:30,U.S. steals 89 tankers of oil from Syria: state media
2022-08-14 10:14:15,Portugal announces financial aid to farmers
2022-08-14 12:39:15,"Washington commits crimes, violates human rights in Syria, experts say"
2018-12-27 21:11:58,News Analysis: Trump's surprise visit to Iraq sparks resentment among political blocs
2022-08-14 23:52:00,G20 members agree to formulate development funding for least developed countries
2022-08-14 23:03:15,Heavy rain kills 52 in Sudan
2022-08-14 03:42:30,"Iranian FM warns U.S. against using ""language of threat"""
2022-08-14 23:38:15,"Man drives car into barricade on Capitol Hill, firing gunshots before killing himself"
2022-08-15 09:44:00,Argentina to send humanitarian aid to Cuba after oil fire
2022-08-15 17:56:00,Economic research firms raise Malaysia's 2022 growth forecast after robust 2Q performance
2022-08-15 10:02:30,Bodies of mountaineers recovered after accident in Ecuador
2022-08-15 20:56:23,India celebrates Independence Day
2022-08-15 17:39:00,World Insights: Rising concern about political violence in U.S. after Mar-a-Lago search
2022-08-15 23:52:30,World Insights: Japan should not go too far in whitewashing militarism
2022-08-15 16:23:45,"Feature: BRI brings ""road to prosperity"" for remote river bank residents in southern Bangladesh"
2022-08-15 20:40:47,"Feature: U.S. shadow still hangs over Afghanistan, one year on"
2022-08-15 17:59:15,Global warming increases risk of mega-floods in California
2022-08-15 16:02:48,
2022-08-15 18:10:31,
2022-08-15 22:07:30,Iran says 2015 nuclear deal revival possible if U.S. shows flexibility
2022-08-16 07:00:15,Bolivia confirms 15 monkeypox cases
2022-08-16 05:11:30,Israeli far-right lawmaker to run as independent for parliamentary elections
2022-08-16 01:50:00,UN chief appoints Simon Stiell as UNFCCC executive secretary
2022-08-16 00:41:30,"U.S. rate hikes, recession still in the cards: CNN"
2022-08-16 05:24:45,"Roundup: Syria, Lebanon discuss plan to send 15,000 refugees back home per month"
2022-08-16 05:05:45,Israel rejects appeal to free Palestinian prisoner in hunger striker
2022-08-16 03:07:45,China urges fully implementing Yemen truce agreement
2022-08-16 05:53:45,Roundup: U.S. monkeypox cases on sharp rise as media blame government's setbacks in containing outbreak
2022-08-16 03:00:15,Kenya's Deputy President William Ruto declared election winner
2022-08-16 05:53:45,Roundup: U.S. monkeypox cases on sharp rise as media blame government's setbacks in containing outbreak
2022-08-16 03:00:15,Kenya's Deputy President William Ruto declared election winner
2022-08-16 03:02:45,"6 killed, 15 injured in road accident in western Algeria"
2022-08-15 23:36:45,Kyrgyzstan registers 527 COVID-19 cases over week
2022-08-15 23:52:30,World Insights: Japan should not go too far in whitewashing militarism
2022-08-15 23:25:00,Indonesia's car sales surge in July
2022-08-16 04:47:30,"Feature: ""Ferragosto"" finds vacationers in Italy unperturbed by heatwaves, fuel costs"
2022-08-16 05:03:15,Russia accuses British reconnaissance aircraft of border violation
2022-08-16 03:48:45,German troops arrive in Bosnia on EU's peacekeeping mission Althea
2022-08-16 04:30:30,"Oil prices drop amid demand worries, dollar strength"
2022-08-16 04:16:45,Monkeypox another global health crisis fueled by U.S. governmental neglect: media
2022-08-16 04:37:15,Setbacks in Biden administration's response allow monkeypox to gain foothold: media
