﻿2022-06-06 16:16:30,Shenzhou-14 astronauts enter Tianzhou-4 cargo craft
2022-06-06 21:10:15,China's top political advisor holds virtual meeting with Singaporean parliament speaker
2022-06-07 20:20:47,Record 12 mln sit for China's annual college entrance exam
2022-06-07 23:34:14,China's Yangtze River Delta sees rise in China-Europe freight train trips
2022-06-07 00:22:47,Beijing returning to normalcy as epidemic wanes
2022-06-07 23:52:15,How China's fiscal strength pushes ahead carbon goals 
2022-04-20 07:23:15,24 Solar Terms: Grain Rain
2022-05-14 09:58:19,
2022-05-29 13:05:59,
2022-06-05 23:35:30,Wondrous Xinjiang: Musical heritage resounds in Xinjiang village
2022-06-06 17:56:15,Chinese FM to attend 3rd C+C5 foreign ministers meeting in Kazakhstan
2022-06-06 23:15:45,"China's top legislator calls for cooperation with CSTO on peace, stability"
2022-06-06 19:30:46,Beijing reports zero local COVID-19 infections
2022-06-06 10:34:58,Chinese mainland reports 25 new local confirmed COVID-19 cases
2022-06-06 22:56:30,"U.S. guilty of ""coercion diplomacy"": FM spokesperson"
2022-06-06 15:08:44,"China vows to improve eye care services for children, seniors"
2022-06-06 08:18:04,24 Solar Terms: Grain in Ear
2022-06-06 00:01:45,Late Shang Dynasty tombs discovered in central China
2022-06-06 13:05:15,China renews yellow alert for rainstorms
2022-06-07 19:59:00,Economic Watch: RMB assets show growing appeal for global investors
2022-06-07 22:54:32,
2022-06-07 20:29:13,Economic Watch: China's May forex reserves expand on weaker dollar index
2022-06-07 22:41:03,
2022-06-07 19:37:00,Taipei concludes long-awaited book fair
2022-06-07 18:42:45,"Senior Chinese diplomat, Japanese national security official talk over phone"
2022-06-07 16:00:15,China holds national college entrance exam with tailored COVID-19 countermeasures
2022-06-07 22:45:45,"Heavy rains, floods affect over 800,000 in China's Jiangxi"
2022-06-07 15:38:16,Xi Focus-Quotable Quotes: Xi Jinping on higher education
2022-06-07 14:56:37,"Mount Huangshan in E China, World Cultural and Natural Heritage"
2022-06-07 22:45:03,
2022-06-07 20:40:15,Hong Kong Palace Museum to open on July 2
2022-06-07 22:01:24,View of Guanshan Mountain in NW China
2022-06-07 23:58:00,"China, Russia vow to promote cooperation along Yangtze, Volga rivers"
2022-06-07 21:42:32,"Mainland, Hong Kong palace museums to co-launch grand exhibitions"
2022-06-07 21:03:30,Explainer: How China's fiscal strength pushes ahead carbon goals
2022-06-07 20:17:15,"Chinese premier stresses smoothing transportation and logistics, stabilizing economy"
2022-06-07 00:10:00,Successful launch of Shenzhou-14 draws worldwide attention
2022-06-07 23:49:00,China Focus: Air purifiers fall out of favor as air pollution eases in China
2022-06-07 22:43:45,"Chinese premier stresses smoothing transportation and logistics, stabilizing economy"
2022-06-07 20:52:14,"Vice premier stresses reform, innovation for high-quality growth"
2022-06-07 20:34:15,Researchers map high-resolution alpine treeline in Himalayas
2022-06-07 21:04:30,China to establish national park at Qinghai Lake
2022-06-07 20:39:15,China takes global lead in number of declared 5G patents
2022-06-07 20:35:15,"Book on Xi's views on strengthening, revitalizing armed forces published"
2022-06-08 06:45:44,"China, Kazakhstan to jointly build bilateral relations in next golden 30 years: Chinese FM"
2022-06-08 08:58:20,"Shanghai reports 4 confirmed, 11 asymptomatic local COVID-19 cases"
2022-06-08 07:23:03,Barren land by Yarlung Zangbo River sees sea of green trees in SW China's Tibet 
2022-06-08 01:10:13,Kazakh president meets with Chinese FM on bilateral ties
2022-06-08 01:48:15,"Chinese, Kazakh FMs hold talks on strengthening bilateral cooperation"
