﻿2022-03-19 19:14:12,"Trade between China's Hunan, B&R countries surges in first 2 months"
2022-03-22 06:04:16,Experts warn another uptick in COVID-19 cases due to new variant
2022-03-19 19:22:14,"Somali, AU military chiefs set up team on rules of operations for new peace mission"
2022-03-19 22:29:00,Putin criticizes U.S. military-biological research in Ukraine
2022-03-20 19:34:15,More African agricultural products to enter Chinese market: SCMP
2022-03-20 23:24:45,Ukraine extends martial law
2022-03-20 02:26:45,"Serbian, Hungarian leaders inaugurate section of Belgrade-Budapest railway"
2022-03-20 21:12:15,"Egypt, Pakistan agree to boost bilateral ties"
2022-03-20 18:54:46,"Roundup: Experts, citizens from various countries criticize West's double standards in opposing war"
2022-03-20 20:33:14,Feature: Worries and wishes of a street flower vendor in Iran
2022-03-20 21:24:16,Severe cooking gas shortage hits war-ravaged Yemen
2022-03-21 04:15:59,Yemen's Houthis launches drones attacks against Saudi Aramco oil facilities
2022-03-21 20:03:12,72 injured as 2 trains collide in Tunis: official
2022-03-21 18:49:00,UN to continue advocating against climate change in Pacific region: UN official
2022-03-21 22:46:46,
2022-03-21 10:19:58,Brazil's Supreme Federal Court revokes ban on messaging platform Telegram
2022-03-21 12:03:31,Senior Russian navy commander killed in Ukraine: Sevastopol governor
2022-03-21 10:58:12,Gas price in Los Angeles inches toward 6 dollars per gallon
2022-03-21 17:11:02,
2022-03-21 03:53:15,"Iran's supreme leader, president laud nationals for defeating U.S. ""maximum pressure"""
2022-03-21 09:04:29,Russia says to open humanitarian corridors from Mariupol
2022-03-21 16:28:14,Economic Watch: EU scrambles to shake off dependence on Russian energy amid Ukraine conflict
2022-03-22 01:29:15,Russia halts peace treaty talks with Japan
2022-03-22 05:36:45,UN chief condemns Houthi attacks on Saudi civilian sites
2022-03-22 02:41:31,"UNIFIL chief urges Lebanon, Israel to make meaningful steps toward sustainable peace"
2022-03-22 04:56:29,"5 dead, 4 missing after heavy rains pound Rio de Janeiro state"
2022-03-22 03:33:30,"Nearly 270,000 child COVID-19 cases reported in U.S. in past month"
2022-03-22 06:08:45,95 injured as 2 trains collide in Tunisia: official
2022-03-22 06:20:45,"China, like-minded countries concerned about human rights violations against indigenous people"
2022-03-22 02:58:30,Lebanon facing wheat crisis amid Russia-Ukraine conflict: president
2022-03-22 02:18:30,Jordan to ease COVID-19 restrictions during upcoming Ramadan
2022-03-22 07:46:52,In pics: charitable water station in Yemen
2022-03-22 00:06:15,"Russia bans Facebook, Instagram for ""extremism"""
2022-03-22 07:06:45,Brazil unveils incentives to spur biomethane output
2022-03-22 03:26:30,"UN chief warns against ""sleepwalking"" to climate disaster"
2022-03-22 07:50:41,"Canada confirms 2,698 new COVID-19 cases"
2022-03-22 05:25:45,Sudan condemns Houthi attacks on facilities in Saudi Arabia
2022-03-22 07:44:23,"In pics: Kazuri workshop in Nairobi, Kenya"
2022-03-22 05:20:45,Tunisia condemns attacks targeting vital sites in Saudi Arabia
2022-03-22 09:30:19,"Malaysia reports 17,828 new COVID-19 infections, total passes 4 mln mark"
2022-03-22 09:24:14,Aussie astronomers unmask mystery galactic radio circles
2022-03-22 08:44:00,Whales' mouths hold wealth of information for Aussie researchers
2022-03-22 06:38:45,Online retail sales in Ireland down sharply
2022-03-22 02:29:11,Panda twins in Madrid make first public appearance
2022-03-22 04:49:45,Ukraine's compromises with Russia to be put to referendum: Zelensky
2022-03-22 09:45:14,Mexican president inaugurates new international airport
2022-03-22 09:43:15,Crime surge during pandemic leaves U.S. unhoused more vulnerable: The Guardian
2022-03-22 09:41:15,Wisconsin police officer accused of kneeling on girl's neck: NBC
