﻿2022-04-15 22:01:45,Top Chinese legislator holds talks with Russian Federation Council speaker
2022-04-16 21:06:32,Xinhua Headlines: Chinese astronauts return with six-month space station mission accomplished
2022-04-16 21:09:15,Chinese vice premier stresses high-quality construction of Xiong'an New Area
2022-04-16 11:08:15,Shenzhou-13 astronauts out of return capsule
2022-03-20 08:17:09,24 Solar Terms: Spring Equinox 
2022-03-23 10:21:55,
2022-03-31 11:12:50,GLOBALink | Shopkeeper in grand bazaar in Xinjiang
2022-04-05 07:15:59,24 Solar Terms: Qingming
2022-04-14 20:41:30,Across China: Chinese craftsmen revive century-old British heritage building
2022-04-14 22:06:13,China issues plan to strengthen basic education teacher force
2022-04-14 19:04:13,China's Xi'an launches new freight train service to Europe
2022-04-15 10:55:45,Chinese pianist Lang Lang performs at highest railway station in Europe
2022-04-15 23:39:00,Chinese political advisors pool wisdom on affordable child care
2022-04-15 21:16:30,China expresses strong opposition to U.S. lawmakers' visit to Taiwan
2022-04-16 03:02:15,China launches atmospheric environment monitoring satellite
2022-04-16 21:09:15,Chinese vice premier stresses high-quality construction of Xiong'an New Area
2022-04-16 09:58:00,Shenzhou-13 astronauts land safely
2022-04-16 22:05:30,China Focus: Shanghai tackles logistics bottlenecks amid virus resurgence
2022-04-16 21:00:00,"World experts congratulate China on success of Shenzhou-13 mission, expect further cooperation"
2022-04-16 11:28:32,"Chinese mainland reports 3,867 new local COVID-19 cases"
2022-04-16 15:27:02,Construction of makeshift hospital completed in NE China city
2022-04-16 19:30:48,Xiplomacy: Xi's remarks on bolstering ties with Saudi Arabia
2022-04-16 10:16:15,Shenzhou-13 astronauts land safely
2022-04-17 14:35:13,"Feature: ""Pandaversary"" underlines 50 years of successful China-U.S. collaboration on giant panda conservation"
2022-04-17 21:02:15,Core module of China's space station achieves anticipated goal
2022-04-17 17:29:28,Major lakes in Qinghai-Tibet Plateau see significant water increase
2022-04-17 20:32:31,GLOBALink | Chinese currency RMB gains more int'l influence: experts
2022-04-17 20:55:15,World-leading laptop manufacturer's Shanghai base phases in return to production
2022-04-17 19:22:02,"Residents pick tea leaves in Medog County, China's Tibet"
2022-04-17 22:20:47,
2022-04-17 09:15:30,"Chinese mainland reports 3,504 new local COVID-19 cases"
2022-04-17 10:10:58,"Chinese mainland reports 3,504 new local COVID-19 cases"
2022-04-17 23:25:45,China's leading automaker resumes production in Changchun
2022-04-17 20:46:54,Pic story: maintenance worker of wind power generation system in Tianjin
2022-04-17 20:31:15,"HKSAR gov't official urges public to take 3rd, 4th COVID-19 vaccine doses timely"
2022-04-17 21:31:30,"Feature: Aid, antidote, and AWE: a Chinese expert's marathon battle against COVID-19"
2022-04-17 22:04:32,
2022-04-17 17:24:36,"Across China: Giving autistic patients life skills, guidance"
2022-04-17 16:33:30,Sinosure scales up financial support for green industries
2022-04-17 21:53:30,Two lab modules to be central work area on China's space station
2022-04-17 21:16:15,"Taiwan reports 1,303 new COVID-19 cases"
2022-04-17 07:37:11,Harbin Electric Corporation posts growth in Q1
2022-04-17 15:59:30,Chinese Wisdom in Xi's Words: People united are as strong as fortress
2022-04-17 00:40:45,Nomination period of HKSAR's sixth-term chief executive election concludes
2022-04-18 01:07:45,Core module of China's space station achieves anticipated goal
2022-04-18 00:02:46,China nucleic acid testing capacity at 51.65 mln samples a day
2022-04-18 00:06:45,Two lab modules to be central work area on China's space station
