﻿2022-03-06 22:35:45,"Chinese premier stresses promoting sustained, sound economic and social development"
2022-03-07 17:34:15,Land-sea trade corridor facilitates car imports from Middle East to China
2022-03-07 22:47:00,COVID-19 control top priority for Hong Kong: vice premier
2022-03-07 16:22:39,CPPCC members deliver speeches at main venue of video conference of annual session
2022-03-08 23:56:02,Presidium of China's annual legislative session holds 2nd meeting
2022-03-08 17:20:14,"China's judicial authorities strengthen protection of women, children"
2022-03-08 19:15:00,"Xi attends video summit with French, German leaders"
2022-02-16 13:39:13,Stories of Jingdezhen in the Imperial Kiln: Famille verte wares from the Reigns of Jiajing and Wanli
2022-02-17 12:56:46,Stories of Jingdezhen in the Imperial Kiln: Designs for the Imperial Kiln
2022-02-19 08:51:39,Rain Water of 24 solar terms
2022-03-03 20:45:46,Cultural China: Preparedness averts peril
2022-03-05 13:57:44,24 Solar Terms: Awakening of Insects
2022-03-06 14:25:00,Ancient rock painting complex found in NW China
2022-03-06 00:07:13,Across China: American expat seeks to promote Chinese culture through cooking shows
2022-03-07 20:23:01,Chinese vice premier extends Int'l Women's Day greetings
2022-03-07 16:17:18,"China, India should be partners rather than rivals: FM"
2022-03-07 16:21:15,3.8 mln more COVID-19 vaccine doses administered on Chinese mainland
2022-03-07 22:22:00,"Advisory: Schedules for China's ""two sessions"" on March 8"
2022-03-07 16:09:17,Taiwan question differs in nature from Ukraine issue: Chinese FM
2022-03-07 16:10:01,Chinese FM urges bringing China-U.S. relations back on right track
2022-03-08 21:38:16,
2022-03-08 21:47:18,
2022-03-08 15:45:04,Feature: China-aided hospital to be key life-saving facility for Cambodians
2022-03-08 20:59:45,169-mln-yr-old new-species stegosaur fossil discovered in China
2022-03-08 19:13:01,IMF report recognizes Hong Kong's strong economic recovery
2022-03-08 10:00:45,Chinese mainland reports 175 new local COVID-19 cases
2022-03-08 16:56:15,"China's judicial authorities strengthen protection of women, children"
2022-03-08 12:04:17,"China Chat | Which comes first, esoteric freedoms or a better life?"
2022-03-08 19:03:00,"Gender equality in context of climate change, biodiversity loss"
2022-03-08 21:33:05,"Feature: Helping Chinese women age comfortably, gracefully"
2022-03-08 23:38:00,"China Focus: Females hold up ""half the sky"" in China's scientific research"
2022-03-08 23:49:01,"Xinhua Commentary: Understanding China's whole-process people's democracy at ""two sessions"""
2022-03-08 09:48:45,Over 2 mln lawmakers elected by 1 billion voters in China
2022-03-08 18:11:45,Taiwan reports 53 new COVID-19 cases
2022-03-08 18:24:45,China's NEV sales soar in February
2022-03-08 17:05:15,China steps up judicial protection of IPR: reports
2022-03-08 22:49:31,Hong Kong's live pig supply back to normal level
2022-03-08 21:59:00,Xi Focus: Top commander's call to strengthen national defense
2022-03-08 23:18:47,"Science, technology play crucial role in China's fight against COVID-19: minister"
2022-03-08 21:54:51,Tourists enjoy scenery of Hukou Waterfall in Shaanxi
2022-03-08 22:11:15,China's central bank to provide 1 trln yuan to central budget
2022-03-08 21:55:02,China's macro leverage ratio down to 272.5 pct in 2021
2022-03-08 23:10:45,"Seminar discusses gender equality in context of climate change, biodiversity loss"
2022-03-08 20:55:31,China urges U.S. to release details of bio-labs in Ukraine
2022-03-09 02:06:14,"Chinese, Pakistani FMs hold phone talks"
2022-03-09 00:52:16,1st super-heavy equipment of Bangladesh's largest fertilizer factory installed
2022-03-09 00:07:02,China's national legislature holds 2nd plenary meeting of annual session
2022-03-09 03:13:31,"Roundup: China's foreign policy promoting world peace, cooperation: experts"
2022-03-09 07:26:12,NPC deputy from Chongqing makes suggestions about education
2022-03-09 00:02:20,"NPC Constitution, Law Committee deliberates draft amendment to law on local legislatures, governments"
2022-03-09 01:54:16,China welcomes visit of UN rights chief this May: envoy
2022-03-09 00:01:01,"Advisory: Schedules for China's ""two sessions"" on March 9"
