﻿2022-04-30 19:01:25,Workers work on construction site during Labor Day holiday in Chengdu
2022-04-30 00:48:13,Budapest's major logistics hub promotes Sino-EU trade cooperation
2022-05-01 21:27:43,China Focus: World's highest automatic weather station to be set up on Mt. Qomolangma
2022-05-01 18:58:53,People stick to posts during Labor Day holiday
2022-05-02 07:29:18,Rescue underway after building collapses in central China
2022-04-08 08:08:39,GLOBALink | Junior football team on edge of desert in Xinjiang
2022-04-13 15:15:51,GLOBALink | Female livestreamer helps locals increase income in Xinjiang
2022-04-20 07:23:15,24 Solar Terms: Grain Rain
2022-04-24 08:18:05,GLOBALink | Parkour teenagers in ancient city of Kashgar
2022-04-28 15:04:49,Across China: Hainan's boat-shaped houses tell stories of rich ethnic culture
2022-04-28 13:57:01,"China launches learning app for middle, primary school students"
2022-04-29 22:41:11,Fighting terrorism shared responsibility of international community: FM spokesperson
2022-04-29 20:40:28,Beijing requires 48-hr negative COVID-19 test result to enter public venues
2022-04-29 23:18:26,Chinese premier holds phone conversation with Norwegian PM
2022-04-30 19:15:56,Xinhua Commentary: Why China stands firm on dynamic zero-COVID policy
2022-04-30 23:50:14,"HKSAR gov't continues to provide free COVID-19 testing service for elderly, targeted groups"
2022-04-30 15:23:28,China launches new satellites
2022-05-01 20:46:32,China Focus: China's endeavor to becoming intellectual property powerhouse
2022-05-01 23:36:47,Chinese enjoy Labor Day holiday from doorstep amid epidemic control
2022-05-01 21:27:43,China Focus: World's highest automatic weather station to be set up on Mt. Qomolangma
2022-05-01 20:00:16,Shanghai curbs risk of COVID-19 transmission in communities: official
2022-05-01 20:01:59,China's Changchun clears COVID-19 risk areas
2022-05-01 21:52:46,HKSAR gov't continues tracing COVID-19 through sewage surveillance
2022-05-01 19:13:41,Xi Focus-Closeup: Hard work on even harder land
2022-05-01 16:02:45,
2022-05-01 12:57:46,Macao sees highest daily number of visitors during Labor Day holiday
2022-05-01 17:41:46,Shanghai curbs risk of COVID-19 transmission in communities: official
2022-05-01 18:52:43,"Interview: China to make all-out efforts to stabilize industrial, supply chains: official"
2022-05-01 23:02:14,Chinese vice premier stresses cutting off COVID-19 transmission in Shanghai communities
2022-05-01 18:20:41,China's Changchun clears COVID-19 risk areas
2022-05-01 12:42:43,"China, Portuguese-speaking countries have co-op potential in multiple areas: experts"
2022-05-01 14:47:59,Xinhua Commentary: NYT's biased report on Shanghai's COVID fight betrays its ignorance of China
2022-05-01 23:26:17,Update: Beijing reports 55 new local COVID-19 cases
2022-05-02 10:04:31,Communist youth league of China has over 73.7 mln members
2022-05-02 09:23:15,China's top legal departments urge abduction suspects to surrender
2022-05-02 08:56:17,Communist youth league of China has over 73.7 members
2022-05-02 11:14:30,
2022-05-02 08:52:11,Across China: Saving spotted seals
2022-05-02 00:09:11,State councilor stresses all-out rescue efforts after central China building collapse
2022-05-02 11:20:32,
2022-05-02 09:59:31,"Profile: Meet Yang Benfen, a granny writer ""by the stove"""
2022-05-02 08:55:13,"Shanghai reports 727 confirmed, 6,606 asymptomatic local COVID-19 cases"
2022-05-02 11:16:41,"China-Britain hydrogen energy cooperation enjoys huge potential, broad prospects: ambassador"
2022-05-02 10:28:41,China's power consumption likely to rise 5-6 pct in 2022
2022-05-02 07:29:18,Rescue underway after building collapses in central China
2022-05-02 10:36:45,"Interview: Chinese economy resilient, long-term fundamentals attractive for investors, says Swiss banker"
2022-05-02 10:57:44,Feature: Direct shipping route sees growing demand in booming China-Britain trade
2022-05-02 09:46:33,Chinese mainland reports 846 new local COVID-19 cases
