﻿2022-05-04 23:25:01,China sets up world's highest automatic weather station
2022-05-05 11:31:15,China launches Jilin-1 commercial satellites
2022-05-05 12:20:11,Freight transport booms on China-Laos Railway
2022-05-06 00:24:30,Chinese scientific expedition team returns safely to Mount Qomolangma base camp
2022-04-13 15:15:51,GLOBALink | Female livestreamer helps locals increase income in Xinjiang
2022-04-20 07:23:15,24 Solar Terms: Grain Rain
2022-04-24 08:18:05,GLOBALink | Parkour teenagers in ancient city of Kashgar
2022-05-03 22:12:45,China calls for more efforts to protect revolutionary cultural relics
2022-05-04 23:25:01,China sets up world's highest automatic weather station
2022-05-04 22:58:19,China sees 160 mln domestic tourist trips during May Day holiday
2022-05-04 20:33:58,"Across China: Safeguarding source of China's ""mother river"""
2022-05-05 16:06:02,Across China: Doctor fights rare disease in northwest China
2022-05-05 18:39:30,China's large-scale water supply projects to cover 54 pct of rural residents
2022-05-05 11:34:11,Marrakesh Treaty for print-disabled people takes effect in China
2022-05-05 07:30:12,24 Solar Terms: Start of Summer
2022-05-05 22:24:45,
2022-05-05 20:43:00,Sanctions only make world economy worse: FM spokesperson
2022-05-05 23:58:31,HKSAR chief executive sees off mainland medical workers supporting pandemic fight
2022-05-05 11:31:15,China launches Jilin-1 commercial satellites
2022-05-05 23:55:26,"Xi Focus-Closeup: ""Gear up, young people!"""
2022-05-05 23:45:28,Death toll rises to 26 in central China building collapse
2022-05-05 20:50:01,Macao sees rising number of tourists during Labor Day holiday
2022-05-05 22:51:15,"China will surely win anti-COVID war in Shanghai, with time-tested epidemic control policy: top leadership"
2022-05-05 22:04:59,
2022-05-05 02:16:13,"10 rescued, 5 dead in central China building collapse"
2022-05-05 20:12:00,Beijing parks see decline in visitors during holiday amid COVID-19 resurgence
2022-05-05 15:36:58,Countryside road trips hot amid Beijing's epidemic control during May Day holiday
2022-05-06 10:11:01,"Chinese mainland reports 356 new local confirmed COVID-19 cases, 245 in Shanghai"
2022-05-06 11:57:15,"Chinese ambassador urges U.S. to stop politicizing business, trade ties with China"
2022-05-06 09:55:00,Market exchange rates in China -- May 6
2022-05-06 10:41:58,"53 confirmed dead, 10 rescued in central China building collapse"
2022-05-06 00:24:30,Chinese scientific expedition team returns safely to Mount Qomolangma base camp
2022-05-06 13:57:30,Exhibition on Chinese youth movement history opens in Beijing
2022-05-06 14:07:30,Striving for rigorous and targeted epidemic prevention and control
2022-05-06 13:28:16,"China's box office gets holiday boost, amassing 297 mln yuan"
2022-05-06 11:14:21,Chinese scientists find potential in lunar soil to generate oxygen and fuel
2022-05-06 10:09:01,Chinese shares open lower Friday
2022-05-06 11:44:13,Hong Kong's Hang Seng Index falls nearly 4 pct in morning trading
2022-05-06 12:53:15,Feature: Construction of Chinese-Kazakh petrochemical project well underway
2022-05-06 11:37:16,Scientists work out panoramic cellular maps of animals
2022-05-06 09:27:46,"Chinese mainland reports 356 new local confirmed COVID-19 cases, 245 in Shanghai"
2022-05-06 13:22:14,"5 dead, 3 injured in pileup in east China"
2022-05-06 00:36:11,Sanctions only make world economy worse: FM spokesperson
2022-05-06 09:59:00,China central bank conducts reverse repos to boost liquidity
2022-05-06 14:34:16,
2022-05-06 11:58:17,"China's BRI projects greatly benefit Cambodian economy, people: officials, experts"
2022-05-06 13:31:13,"China releases list of most-wanted fugitives for women, child trafficking"
2022-05-06 00:34:45,China announces more measures to shore up small firms
2022-05-06 10:11:58,53 confirmed dead in central China building collapse
2022-05-06 13:53:32,"Across China: China's ""chalk village"" goes global"
