﻿2022-07-30 21:59:15,China's national archives open in Beijing
2022-07-31 23:01:32,Xinhua Headlines: Coordinated development energizes Chinese port city
2022-07-31 13:45:00,Kyrgyz president meets with Chinese FM
2022-08-02 00:12:45,"State councilor calls for all-out flood control, drought relief efforts"
2022-08-02 18:48:15,China-Europe freight train services see a sharp rise in July
2022-08-02 21:03:17,Digital technology transforms China's mountainous province
2022-08-03 00:42:15,"Visit to Central Asian countries boosts stability, cooperation: Chinese FM"
2022-06-06 08:18:04,24 Solar Terms: Grain in Ear
2022-06-20 08:55:04,"GLOBALink | See you again, Bayanbulak"
2022-06-21 07:36:44,24 Solar Terms: Summer Solstice
2022-07-07 07:14:05,24 Solar Terms: Lesser Heat
2022-07-31 23:57:30,Xi attends reception celebrating 95th founding anniversary of PLA
2022-07-31 13:55:30,Debris from Chinese rocket reenters atmosphere
2022-07-31 16:29:00,"Rainstorms affect 222,000 people in China's Liaoning"
2022-08-01 15:21:45,"Driven by sizzling sci-fi comedy, China's summer box office picks up speed"
2022-08-01 00:37:15,Chinese museum solicits cultural relics exhibits worldwide
2022-08-01 16:58:15,China Focus: New law on black soil protection comes into force
2022-08-01 12:58:31,China renews yellow alert for high temperatures
2022-08-01 19:24:00,China to grant zero-tariff treatment for 16 least-developed countries
2022-08-01 23:19:30,Xi Focus: PLA striving to build world-class military under Xi's leadership
2022-08-01 21:19:15,Scientists design two-in-one antibodies against COVID-19 variants
2022-08-01 10:06:00,Intangible cultural heritage exhibition held in Xinjiang
2022-08-01 23:32:15,PLA not to sit idly by if Pelosi visits Taiwan: Chinese spokesperson
2022-08-01 23:53:15,Chinese researchers study producing fishmeal from industrial exhaust gases
2022-08-02 17:27:47,
2022-08-02 20:58:30,"Profile: ""Shield maker"" for China's defense programs"
2022-08-02 00:05:00,China forbids COVID-19-related employment discrimination
2022-08-02 23:01:02,China is a firm supporter of UN: Chinese UN ambassador
2022-08-02 22:18:15,U.S. treachery on Taiwan question only to hurt its national credibility: Chinese FM
2022-08-02 20:43:33,China launches campaign to crack down on illegal wildlife trade
2022-08-02 00:12:45,"State councilor calls for all-out flood control, drought relief efforts"
2022-08-02 22:00:15,U.S. treachery on Taiwan question only to hurt its national credibility: Chinese FM
2022-08-02 20:32:16,China to improve sci-tech services for rural population
2022-08-02 17:20:15,"Chinese FM to attend meetings on East Asia cooperation, visit Cambodia"
2022-08-02 13:40:30,China renews yellow alert for high temperatures
2022-08-02 21:47:33,Village in China's Henan transformed by cultural industries
2022-08-02 20:02:30,
2022-08-02 19:54:45,China's weekly road logistics price index rises
2022-08-02 23:47:15,"Visit to Central Asian countries boosts stability, cooperation: Chinese FM"
2022-08-02 18:34:30,Chinese-built Mombasa-Nairobi SGR helps increase environmental awareness
2022-08-02 23:08:15,Notice authorized to be released by Xinhua News Agency
2022-08-02 20:45:45,"China's Jiangsu sees nearly 700,000 new energy vehicles on the road"
2022-08-02 18:29:30,China assumes UN Security Council presidency for August
2022-08-02 21:22:31,View of Bayi Village in China's Chongqing
2022-08-02 21:44:00,"Tibet achieves robust economic growth, stability"
2022-08-02 21:23:30,Shanghai Port registers record throughput in July
2022-08-02 23:43:15,Foreign Affairs Committee of CPPCC National Committee issues statement on Pelosi's visit to China's Taiwan region
2022-08-02 17:12:46,
2022-08-02 00:56:45,Tajik president meets Chinese FM on boosting cooperation
2022-08-02 21:28:15,U.S. should take full responsibility for escalating tensions across Taiwan Strait: Chinese spokesperson
2022-08-03 02:17:15,Spokesperson of Ministry of National Defense makes remarks on Pelosi's visit to Taiwan
2022-08-03 00:16:30,PLA Eastern Theater Command to launch joint military operations around Taiwan Island
2022-08-03 07:26:15,China calls for rejection of double standards in nuclear non-proliferation
2022-08-03 04:18:45,China summons U.S. ambassador over Pelosi's visit to Taiwan
