﻿2022-06-07 20:20:47,Record 12 mln sit for China's annual college entrance exam
2022-06-07 23:34:14,China's Yangtze River Delta sees rise in China-Europe freight train trips
2022-06-07 00:22:47,Beijing returning to normalcy as epidemic wanes
2022-06-08 21:00:57,China's annual college entrance exam concludes
2022-06-08 19:57:01,Xinhua Headlines: China reaps bumper summer harvest securing food security
2022-06-09 04:04:15,Chinese FM attends third C+C5 foreign ministers' meeting in Kazakhstan
2022-04-20 07:23:15,24 Solar Terms: Grain Rain
2022-05-14 09:58:19,
2022-05-29 13:05:59,
2022-06-06 23:15:45,"China's top legislator calls for cooperation with CSTO on peace, stability"
2022-06-06 08:18:04,24 Solar Terms: Grain in Ear
2022-06-07 22:41:03,
2022-06-07 18:42:45,"Senior Chinese diplomat, Japanese national security official talk over phone"
2022-06-07 16:00:15,China holds national college entrance exam with tailored COVID-19 countermeasures
2022-06-07 23:58:00,"China, Russia vow to promote cooperation along Yangtze, Volga rivers"
2022-06-07 21:42:32,"Mainland, Hong Kong palace museums to co-launch grand exhibitions"
2022-06-07 00:10:00,Successful launch of Shenzhou-14 draws worldwide attention
2022-06-07 23:49:00,China Focus: Air purifiers fall out of favor as air pollution eases in China
2022-06-07 22:43:45,"Chinese premier stresses smoothing transportation and logistics, stabilizing economy"
2022-06-07 21:04:30,China to establish national park at Qinghai Lake
2022-06-07 20:39:15,China takes global lead in number of declared 5G patents
2022-06-08 21:17:15,Scientists stress water imbalance in Third Pole
2022-06-08 20:16:59,Taiwan's CPI rises 3.39 pct in May
2022-06-08 23:38:01,Xiplomacy: Xi advocates building maritime community with shared future
2022-06-08 16:21:00,"Art competition aims to boost China, Hungary youth exchanges"
2022-06-08 22:52:43,China to remove bottlenecks in policy implementation to produce greater effects for keeping economic activity stable
2022-06-08 21:24:14,Xi inspects southwestern Chinese city of Meishan
2022-06-08 20:25:59,Feature: A rider's love for cycling drives her forward
2022-06-08 19:24:45,Beijing documents 17 new species
2022-06-08 22:07:28,"Outflow of China's foreign-trade orders manageable, impact limited: ministry"
2022-06-08 20:15:00,"China paying close attention to Sri Lanka's current difficulties, challenges: spokesperson"
2022-06-08 17:11:18,
2022-06-08 19:40:45,China's passenger car sales down in May
2022-06-08 21:48:28,"Hong Kong to distribute about 190,000 RAT kits following sewage COVID-19 detection"
2022-06-08 21:52:30,Chinese scientists discover mating-swarms in early mayfly fossils
2022-06-08 21:42:30,Economic Watch: Overseas investors add A-share investment on China stimulus measures
2022-06-08 20:54:15,Across China: South China island explores green fishery for sea protection
2022-06-08 17:15:04,
2022-06-08 22:22:30,Chinese premier stresses giving full play to policy effects to stabilize economy
2022-06-08 20:05:00,Chinese premier stresses giving full play to policy effects to stabilize economy
2022-06-08 18:43:30,"Chinese, Turkmen FMs agree to step up bilateral cooperation"
2022-06-09 10:00:15,145 COVID-19 patients discharged from hospitals on Chinese mainland
2022-06-09 10:10:15,"China Focus: Classic clothing gives ""gaokao"" exam candidates a boost"
2022-06-09 00:13:15,BRICS countries vow to deepen business cooperation
2022-06-09 01:47:13,Chinese FM attends third C+C5 foreign ministers' meeting in Kazakhstan
2022-06-09 06:57:45,Putting pressure on Iran not to help solve Iran nuke issue: Chinese envoy
2022-06-09 07:26:08,Corals planted to protect underwater ecology in S China's Hainan
2022-06-09 05:50:14,"Chinese envoy calls for meaningful, concrete actions from U.S. to relieve Korean Peninsula tensions"
2022-06-09 07:35:21,Shenzhen-Zhongshan link under construction in S China
2022-06-09 10:01:13,Chinese mainland reports 53 new local confirmed COVID-19 cases
2022-06-09 02:36:30,"Chinese FM on outcomes, consensus of third C+C5 foreign ministers' meeting"
