﻿2022-08-05 13:47:47,
2022-08-06 07:12:15,News Analysis: Banner U.S. jobs report offers new perspective on recession fears
2022-08-03 23:24:00,Roundup: China calls for rejection of double standards in nuclear non-proliferation
2022-08-03 23:35:30,First grain-laden ship from Ukraine passes through Istanbul's Bosphorus Strait after inspection
2022-08-03 20:09:30,1st grain ship leaving Ukraine resumes journey after inspection off Istanbul's coast
2022-08-03 04:04:00,Germany's wheat yields in 2022 below average due to drought
2022-08-03 13:41:45,"Americans living in ""backsliding"" democracy: Washington Post"
2022-08-04 07:33:45,U.S. Congresswoman Jackie Walorski dies in car accident in Indiana
2022-08-04 06:44:30,Biden signs executive order on abortion rights
2022-08-04 06:56:30,U.S. stocks rally amid economic data
2022-08-04 18:13:00,"Economic Watch: EU economy grows for second quarter, recession fears linger"
2022-08-04 18:24:45,Nepal to hold general elections on Nov. 20
2022-08-04 07:51:15,UN chief calls for taxation on windfall profits of oil and gas companies
2022-08-04 16:24:00,South American roses popular on Chinese Valentine's Day
2022-08-04 19:52:01,Biden signs executive order on abortion rights
2022-08-05 12:10:15,America faces catastrophic teacher shortage: The Washington Post
2022-08-05 14:59:00,"5 killed, 9 injured in fiery multi-vehicle crash in Los Angeles"
2022-08-05 18:50:15,"Cambodia, EU vow to strengthen bilateral ties"
2022-08-05 21:18:33,
2022-08-05 05:37:30,"Bolivia sees 2 new monkeypox cases, steps up control measures"
2022-08-05 07:26:16,Police find no victims after reports of shooting at mall in U.S. Minnesota
2022-08-05 10:23:45,"Peru's president calls on political parties to help create ""broad-based"" cabinet"
2022-08-05 22:51:45,RCEP to bolster Cambodia-South Korea economic cooperation: Cambodian FM
2022-08-05 10:08:45,"Thai nightclub fire kills at least 13, injures dozens: local media"
2022-08-05 15:12:47,
2022-08-06 04:43:00,"Israeli airstrikes on Gaza kill 10, injure 55 amid escalating tension"
2022-08-06 00:15:30,World Insights: China-built modern railway helps unleash Kenya's economic potential
2022-08-06 06:32:45,News Analysis: Banner U.S. jobs report offers new perspective on recession fears
2022-08-06 04:24:00,"Putin, Erdogan meet to further Russia-Türkiye ties"
2022-08-06 01:21:30,ITU affirms observance of guidance incorporated in UNGA Resolution 2758
2022-08-06 07:36:15,U.S. California hits grim milestone of 10 mln confirmed COVID-19 cases
2022-08-06 02:38:30,Iran condemns Israel's deadly airstrikes on Gaza
2022-08-06 02:34:30,Lebanon's Hezbollah voices support for Palestinians after Israeli airstrikes on Gaza
2022-08-06 04:02:45,"Egypt mediates between Israel, Palestinian factions to end Gazan tensions: official"
2022-08-06 02:47:30,"Israeli defense minister says to send 25,000 reservists to Gazan border"
2022-08-06 04:17:15,World food prices decline amid relief from restarted Ukraine grain exports: FAO
2022-08-06 04:18:15,"UN helps Mauritius, Seychelles tackle rising chemical fertilizer costs"
2022-08-06 01:21:45,DR Congo honors victims of deadly anti-UN protests in Goma
2022-08-06 08:59:30,Zambian Kungfu athletes to participate in two regional tournaments
2022-08-06 04:02:45,"Egypt mediates between Israel, Palestinian factions to end Gazan tensions: official"
2022-08-06 01:09:15,"Chinese, Singaporean FMs exchange views on Taiwan question"
2022-08-06 00:51:30,"Blast kills 8, injures 18 in Afghan capital"
2022-08-06 00:12:00,Myanmar issues new guidelines for tourist visa application
2022-08-06 02:11:30,"Putin bans ""unfriendly"" investors from making transactions in strategic enterprises, projects"
2022-08-06 02:24:15,"Crash in Hungary leaves three migrants dead, 11 injured"
2022-08-06 04:51:45,Ukraine eyes to export grain from ports in Mykolayiv region
2022-08-06 07:20:00,Chinese envoy blasts U.S. for its negative moves on disarmament
2022-08-06 07:00:00,Canada confirms 957 monkeypox cases
2022-08-06 07:36:15,U.S. California hits grim milestone of 10 mln confirmed COVID-19 cases
