﻿2022-08-21 22:46:15,Daughter of Russian philosopher murdered: investigative committee
2022-08-21 17:42:46,
2022-08-21 23:49:30,China begins shipment of high-speed trains to Indonesia
2022-08-18 13:44:00,"14 killed, 14 injured in rain spells across Pakistan in 24 hours"
2022-08-19 04:50:30,Roundup: U.S. judge holds hearing on motions to unseal affidavit for Mar-a-Lago search warrant
2022-08-19 20:38:15,Türkiye says in constant dialogue with Russia over presence of Kurdish militia in Syria
2022-08-19 16:14:46,"World Insights: Cooperation with China helps promote connectivity, poverty alleviation in Africa"
2022-08-19 21:41:15,"Philippine president to visit Indonesia, Singapore in first overseas trips after taking office"
2022-08-19 07:16:15,U.S. CDC admits falling short in response to COVID-19
2022-08-20 05:36:30,IAEA says consulting on sending mission to Zaporizhzhia plant soon
2022-08-20 20:18:00,Feature: Travel plans disrupted in UK as strikes bring transport to halt
2022-08-20 19:56:30,16 killed in traffic accident in SE Türkiye
2022-08-20 06:25:45,Gunfire incidents surge in U.S. schools as worries grow
2022-08-20 10:31:30,UN chief urges more in-depth examination of causes of hate
2022-08-20 14:56:15,Raid on Trump's home hurts U.S. voters' trust in FBI: report
2022-08-20 11:32:30,"Regional bloc condemns ""terrorist attacks"" against Venezuelan facilities"
2022-08-20 23:06:16,"EU's ""enhanced surveillance"" on Greek economy ends"
2022-08-21 23:39:45,Kenya says food insecure population to spike amid worsening drought
2022-08-21 09:07:30,"36 killed, 145 injured in rain spells across Pakistan in 24 hours"
2022-08-21 18:39:30,UN urges long-term support of victims in Somalia amid increased attacks
2022-08-21 17:52:00,Japanese PM tests positive for COVID-19
2022-08-21 09:37:00,Brazilian presidential candidate Lula announces plans for salary increases
2022-08-21 13:42:30,"Biden says slavery ""America's original sin"""
2022-08-21 09:30:30,Bus accident in Bolivia kills 5
2022-08-21 15:47:03,
2022-08-21 23:59:00,Israeli researchers develop innovative way to grow nutrient-rich seaweeds
2022-08-21 17:47:30,Japanese PM Kishida tests positive for COVID-19
2022-08-21 14:34:30,"Biden says slavery ""America's original sin"""
2022-08-21 03:38:45,Int'l community condemns hotel attack in Mogadishu
2022-08-22 07:34:06,In pics: German Federal Government open day
2022-08-22 02:17:45,Monkeypox cases in Israel surpass 200
2022-08-22 06:04:00,4 bodies recovered from collapsed shrine in Iraq
2022-08-22 06:34:30,"Serbia to seek compromise solutions, protect Kosovo Serbs if NATO doesn't, says Vucic"
2022-08-22 00:17:15,Flash floods death toll rises to 50 in India
2022-08-22 06:12:15,Portugal becomes fastest aging country in EU: Study
2022-08-22 07:24:32,Farmers harvest figs in southern Lebanon
2022-08-21 18:38:00,Chinese medical team provides free health care services in rural Cameroon
2022-08-21 21:52:45,"Egypt, UAE leaders champion Arab unity to address regional challenges"
2022-08-21 20:18:15,"21 people killed in Somalian hotel attack, says minister"
2022-08-21 22:44:00,Myanmar reports 33 new COVID-19 cases
2022-08-21 22:56:00,"Philippines logs 3,643 new COVID-19 cases, 49 deaths"
2022-08-22 07:30:27,Wild elephants seen at wetland in NE India
2022-08-22 07:20:43,"Int'l tea festival held in Prague, Czech Republic"
2022-08-22 07:34:04,In pics: German Federal Government open day
2022-08-21 23:56:00,Bennett sprints to second Vuelta stage win in two days in Breda
2022-08-21 13:42:30,"Biden says slavery ""America's original sin"""
2022-08-21 19:37:45,"U.S. attempts to use Taiwan question to contain China doomed to fail, Pakistani analysts say"
2022-08-21 22:19:30,U.S. sends more stolen oil from NE Syria to Iraqi bases
