﻿2022-07-28 00:39:02,BRI helps Croatia realize centuries-old dream as Peljesac Bridge opens to traffic
2022-07-28 21:10:16,Record inflation slows down Sweden's economy
2022-07-25 17:07:45,At least 30 passengers killed in road accident in Kenya
2022-07-25 19:22:30,"Japan confirms 1st monkeypox case, alert issued"
2022-07-26 14:01:15,"World Insights: Heatwave a stark warning that ""planet is on fire,"" demanding more global cooperation, experts say"
2022-07-26 21:27:42,"Blast kills 2 children, injures 10 in Afghanistan's Zabul province"
2022-07-26 07:41:26,Biden anticipates return of in-person work later this week
2022-07-27 19:14:46,"Namibia, South Korea to explore options for further development of esports"
2022-07-27 03:58:00,446 migrants rescued off Libyan coast last week: IOM
2022-07-27 12:34:17,Sri Lanka's former president to extend stay in Singapore: local reports
2022-07-27 04:56:45,Ukraine to get 1.6 bln euros from European Investment Bank: PM
2022-07-27 19:57:01,Türkiye inaugurates Joint Coordination Center for Ukraine's grain shipment
2022-07-27 01:43:39,Russia to quit ISS after 2024: space chief
2022-07-27 12:21:46,U.S. in leadership shortage crisis: Singaporean newspaper
2022-07-28 18:04:46,
2022-07-28 21:40:15,Japan's daily COVID-19 cases hit record for 2nd straight day
2022-07-28 20:47:15,
2022-07-28 19:27:30,Former Pakistani president Zardari tests positive for COVID-19
2022-07-28 04:56:15,Roundup: Joint coordination center for Ukraine's grain shipment opens in Istanbul
2022-07-28 12:44:14,Ryanair's Spanish cabin workers plan to prolong strikes until January
2022-07-28 12:41:00,"Urgent: 6.1-magnitude quake hits 30 km WNW of Tocopilla, Chile -- USGS"
2022-07-28 22:11:30,U.S. GDP shrinks 0.9 pct in Q2 after Q1 contraction
2022-07-28 04:30:15,"Monkeypox hits Europe, Americas hardest: WHO"
2022-07-28 02:46:30,"Monkeypox hits Europe, Americas hardest: WHO"
2022-07-29 04:29:15,Hamas denies having military sites in Gazan civilian areas
2022-07-29 04:48:58,Yemen's presidential council appoints 4 ministers
2022-07-29 02:17:46,"Turks slash meat intake amid soaring inflation, declining purchasing power"
2022-07-29 04:16:45,Mai-Mai militia members reportedly join eastern DRC demonstrations: UN
2022-07-29 07:00:45,"News Analysis: U.S. hits technical recession, but many sectors remain healthy"
2022-07-29 06:43:00,Brazilian authorities rescue over 300 workers in slave labor
2022-07-29 03:54:15,"Austrian Chancellor says EU embargo on Russian gas ""impossible"""
2022-07-29 03:44:31,Security Council extends mandate of UN peacekeeping force in Cyprus
2022-07-29 04:04:30,"Earthquake in northern Chile causes one injury, landslides, structural damage"
2022-07-29 06:27:45,Security Council extends mandate of UN peacekeeping mission in Libya
2022-07-29 00:52:59,Joint coordination center opens in Türkiye to ensure safe shipment of Ukrainian grain
2022-07-29 00:52:00,"357 killed, over 400 injured as monsoon rains continue to batter Pakistan"
2022-07-29 04:43:00,UAE's Etihad Airways posts record-breaking profit in H1
2022-07-29 03:21:15,Zimbabwe to host high-level forum on debt resolution
2022-07-29 05:38:30,"Algeria, Niger, Nigeria ink deal to build trans-Saharan gas pipeline"
2022-07-29 07:34:30,"World Hepatitis Day marked in Kampala, Uganda"
2022-07-29 02:46:31,"5.8-magnitude quake hits 20 km NE of Bulolo, Papua New Guinea: USGS"
2022-07-29 00:52:00,"357 killed, over 400 injured as monsoon rains continue to batter Pakistan"
2022-07-29 03:07:43,"Uzbek president says China is always Uzbekistan's reliable friend, partner"
2022-07-29 04:02:15,Lifetime of German nuclear plants should not be extended without checks:study
2022-07-29 04:20:45,Ukrainian parliament adopts draft law on special status for Polish citizens
2022-07-29 04:27:46,Suspect admits starting wildfires in SE France
2022-07-29 05:50:16,Canada proposes pricing model for assault-style firearms buyback
2022-07-29 07:00:45,"News Analysis: U.S. hits technical recession, but many sectors remain healthy"
2022-07-29 06:01:15,U.S. San Francisco declares state of emergency in response to spread of monkeypox
