﻿2022-05-08 14:01:45,John Lee elected as HKSAR's sixth-term chief executive designate
2022-05-08 23:15:04,"HKSAR holds chief executive election, winner ready to roll up sleeves"
2022-05-08 09:28:15,"China's BRI projects greatly benefit Cambodian economy, people: officials, experts"
2022-05-09 20:10:17,"China Focus: China adheres to zero-COVID policy, minimizes epidemic's impact on economy"
2022-05-10 10:04:31,Xi attends ceremony marking centenary of Communist Youth League of China
2022-05-10 04:20:30,China launches cargo craft for space station supplies
2022-05-11 07:27:25,Retail stores gradually return to normal operation in Shanghai
2022-04-13 15:15:51,GLOBALink | Female livestreamer helps locals increase income in Xinjiang
2022-04-20 07:23:15,24 Solar Terms: Grain Rain
2022-04-24 08:18:05,GLOBALink | Parkour teenagers in ancient city of Kashgar
2022-05-05 07:30:12,24 Solar Terms: Start of Summer
2022-05-07 20:54:43,Dates set for China's 2022 national college entrance exam
2022-05-07 20:39:45,"China Focus: ""Chef course"" for school kids stokes spirited discussions online"
2022-05-08 22:20:16,Central gov't liaison office lauds HKSAR chief executive election
2022-05-09 11:19:11,Chinese culture show staged in Ghana university to boost friendly ties
2022-05-09 23:38:16,"NED is actually ""second CIA"" of U.S.: FM spokesperson"
2022-05-09 09:52:45,"Chinese mainland reports 401 new local COVID-19 cases, 322 in Shanghai"
2022-05-09 23:56:11,Beijing reports 50 new local COVID-19 infections
2022-05-09 20:14:13,Beijing reports 50 new local COVID-19 infections
2022-05-09 19:45:43,First TCM herb train from Vietnam arrives in China
2022-05-09 00:59:45,"Chinese FM meets Cambodian counterpart, calling on world to listen more to Asian voices"
2022-05-10 21:16:44,China to encourage foreign investment in more industries
2022-05-10 20:55:46,China's Shenzhen sees power consumption up in April
2022-05-10 22:06:00,"China, Thailand vow to strengthen cooperation between legislatures"
2022-05-10 17:52:15,China Focus: China launches cargo craft for space station supplies
2022-05-10 20:06:28,China slams U.S. for changing Taiwan wording on State Department website
2022-05-10 17:54:47,
2022-05-10 23:16:31,"Chinese scientists find fossil of new marine reptile with ""incredibly long"" tail"
2022-05-10 12:05:43,Xi sums up experience from CYLC successes
2022-05-10 22:57:13,Xi talks with Macron over phone
2022-05-10 04:20:30,China launches cargo craft for space station supplies
2022-05-10 12:40:45,China's cargo craft docks with space station combination
2022-05-10 09:08:58,China's cargo craft docks with space station combination
2022-05-10 21:10:44,China urges G7 to cease interfering in its internal affairs
2022-05-10 23:26:28,Xi talks with Macron over phone
2022-05-10 21:03:41,Hongkong Post to launch online booking service for non-local COVID-19 vaccination record
2022-05-10 22:07:00,Production at all four 3M factories in Shanghai resumed
2022-05-10 02:03:15,"China calls for equal, balanced global development partnership"
2022-05-10 21:30:43,Xi's keynote speech at opening ceremony of Boao Forum for Asia Annual Conference 2022 published
2022-05-10 00:02:56,Chinese vice premier reiterates dynamic zero-COVID policy
2022-05-10 22:23:14,Feature: Exquisite model ships pay tribute to Macao's shipbuilding history
2022-05-10 22:38:47,
2022-05-10 13:32:56,China renews blue alert for rainstorms
2022-05-10 21:10:45,"China, South Korea agree to boost pragmatic cooperation"
2022-05-10 19:16:28,China's NEV retail sales surge in April despite epidemic blow
2022-05-10 23:00:50,N China's Hebei steps up farming activities
2022-05-10 18:24:48,
2022-05-10 11:17:45,"Hope of Party, country rests on youth: Xi"
2022-05-10 23:55:26,"Across China: Miao embroidery brings cash, comradeship for elderly villagers"
2022-05-11 07:23:59,Medics provide home services to elderly residents to receive COVID-19 vaccination in Beijing
2022-05-11 07:27:25,Retail stores gradually return to normal operation in Shanghai
2022-05-11 08:56:13,"Shanghai reports 228 confirmed, 1,259 asymptomatic local COVID-19 cases"
2022-05-11 00:29:30,"HKSAR gov't strongly refutes G7, EU statements on chief executive election"
2022-05-11 00:07:03,"Xinhua Headlines-Xi Focus: Xi tells Chinese youth to contribute energy, creativity to rejuvenation"
