﻿2022-06-11 19:14:30,
2022-06-11 21:14:18,Washington's wishful thinking to divide and rule the world
2022-06-08 18:33:30,Death toll in train derailment in Iran rises to 17
2022-06-08 23:26:00,Iran says turns off IAEA surveillance cameras
2022-06-08 21:02:15,Finnish PM infected with COVID-19
2022-06-08 18:59:30,1 killed in vehicle ramming incident in Berlin
2022-06-09 20:12:30,Greece's inflation hits 29-yr record in May
2022-06-09 23:25:44,French authorities launch probe into Ferrero salmonella outbreak
2022-06-09 17:54:00,More than 40 killed in DR Congo diamond mine collapse
2022-06-09 08:58:59,"Polarization among U.S. society leads to frequent mass shootings, racist killings: writer"
2022-06-10 19:19:03,
2022-06-10 04:39:15,"""Multiple victims"" reported after shooting in U.S. state of Maryland"
2022-06-10 09:17:59,"Ukrainian president signs sanction decrees on Russian president, officials"
2022-06-10 17:49:03,
2022-06-11 17:37:43,Feature: China-Nigeria agricultural cooperation aims for greater food production
2022-06-11 05:59:59,"Interview: Americas summit spotlights U.S. waning influence, say Venezuelan experts"
2022-06-11 21:38:13,"Landmine explosion kills 8, wounds 27 in southern Syria"
2022-06-11 15:06:15,"Americans' concerns around gun violence, school safety intensify -- report"
2022-06-11 04:16:00,"Biden struggles in ""pond of exclusionary Summit of the Americas"""
2022-06-11 21:04:16,UN voices concern about clashes in Libya's Tripoli
2022-06-11 05:58:58,UK inflation expectations hit record as gov't plans support package
2022-06-11 06:32:00,At least 4 people killed by explosion in Colombia
2022-06-11 07:05:13,17 states elected into UN Economic and Social Council for three-year term
2022-06-11 12:41:00,Summit of Americas concludes in Los Angeles amid protests
2022-06-11 23:04:45,Japanese politicians' suggestions on reinforcing military capabilities very dangerous: military expert
2022-06-11 06:19:13,Economic Watch: U.S. CPI ticks up to 8.6 pct in May as Fed struggles to tame inflation
2022-06-12 00:41:00,"Egypt calls for peace in Yemen, renews support to gov't"
2022-06-12 06:00:14,"Iran, Venezuela sign 20-year partnership agreement"
2022-06-12 01:35:00,Turkey sees 3rd fuel hike in a week amid currency depreciation
2022-06-12 10:12:29,Brazil confirms 2nd case of monkeypox
2022-06-12 10:17:30,UN voices concern over security in DRC
2022-06-12 02:37:00,Turkey to further limit resident permits for foreigners
2022-06-12 09:54:49,Putin signs law on non-compliance with ECHR decisions
2022-06-12 06:01:15,Palestinian president hosts senior U.S. officials ahead of Biden's visit
2022-06-11 23:56:00,UN says 18.4 mln people experiencing high levels of acute food insecurity in HOA
2022-06-12 00:41:00,"Egypt calls for peace in Yemen, renews support to gov't"
2022-06-12 00:44:00,Ethiopia launches new COVID-19 vaccination campaign to boost inoculation
2022-06-11 23:14:45,Myanmar reports 13 new COVID-19 cases
2022-06-12 10:06:29,"China key contributor to global and regional peace, stability, development -- Cambodian academics"
2022-06-11 23:58:59,"China rebuts U.S. defense secretary's remarks on South China Sea, Taiwan"
2022-06-12 09:54:49,Putin signs law on non-compliance with ECHR decisions
2022-06-12 01:35:00,Turkey sees 3rd fuel hike in a week amid currency depreciation
2022-06-12 04:28:00,"Feature: Needle attacks reportedly on rise in France, causes remain mystery"
2022-06-11 14:15:00,"Economic Watch: U.S. inflation rockets upward, peak unknown"
2022-06-11 08:01:15,"U.S. equities post weekly losses amid inflation, recession fears"
2022-06-11 12:41:00,Summit of Americas concludes in Los Angeles amid protests
