﻿2022-06-14 17:18:38,China activates level-III emergency response for flooding
2022-06-15 17:57:00,China's top legislator holds talks with Guyana's parliament speaker
2022-06-16 14:02:30,China opens last section of rail loop around its largest desert
2022-06-16 21:02:14,Shenyang East Railway Station sees 100th China-Europe freight train pull out
2022-06-16 21:50:32,Xinhua Headlines: China inaugurates world's first desert rail loop in Xinjiang
2022-04-20 07:23:15,24 Solar Terms: Grain Rain
2022-05-14 09:58:19,
2022-05-29 13:05:59,
2022-06-06 08:18:04,24 Solar Terms: Grain in Ear
2022-06-14 11:31:44,"China to work with other WTO members to tackle plastic pollution, says Chinese envoy"
2022-06-14 21:42:15,China's ecosystem improved greatly since 2012: minister
2022-06-14 20:26:45,China adds 6.5 mln master's graduates in 10 years
2022-06-14 20:23:45,China has reaped over 80 pct of wheat
2022-06-15 23:17:29,"China to support private investment, take forward projects with multiple effects to boost effective investment"
2022-06-15 20:45:44,China cuts carbon emissions per unit of GDP by half from 2005
2022-06-15 22:32:15,China to further reinforce legal guarantee for rural vitalization
2022-06-15 22:30:15,Top political advisor stresses consultation on promoting common prosperity
2022-06-15 20:52:45,"Xinhua Commentary: China capable of juggling health, wealth amid epidemic"
2022-06-15 21:05:43,Chinese vice premier stresses importance of power supply
2022-06-15 20:00:30,Shanghai's last temporary COVID-19 hospital closes
2022-06-15 21:07:45,Xi talks with Putin over phone
2022-06-15 10:51:15,69 countries say no to interference in China's internal affairs
2022-06-16 21:04:45,"Hong Kong to distribute 225,000 RAT kits following sewage COVID-19 detection"
2022-06-16 12:34:46,
2022-06-16 23:57:45,China Focus: Conference on industrial Internet provides inspiration for digital transformation
2022-06-16 10:18:47,"Beijing reports 14 confirmed, 4 asymptomatic local COVID-19 cases"
2022-06-16 22:35:17,"China's national lawmakers to mull laws on wire fraud, civil enforcement, monopoly"
2022-06-16 11:19:03,
2022-06-16 16:12:30,"Ancient sculpture remnants reunited after 3,000 years"
2022-06-16 18:59:15,Three-stage engine of China's new manned carrier rocket to enter prototype development
2022-06-16 21:58:14,Chinese vice premier stresses solid progress on major projects
2022-06-16 17:56:00,RCEP offers broader room for China-ROK cooperation: official
2022-06-16 09:44:30,Xiplomacy: Xi's reply inspires African youths to promote China-Africa cooperation
2022-06-16 23:06:30,"China to support private firms, boost private investment"
2022-06-16 19:11:15,Beijing reports 13 new local COVID-19 infections
2022-06-16 14:56:58,Feature: Leather carving artist brings solace to grieving pet owners
2022-06-16 21:40:15,China Focus: Chinese scientists identify indigenous lunar water in Chang'e-5 samples
2022-06-16 22:09:15,"Angola Airlines, China Lucky Aviation sign deal for cargo transportation"
2022-06-16 21:00:45,China Focus: Chinese economy revs up recovery engine as May data improves
2022-06-16 11:18:44,
2022-06-16 20:02:29,"(HKSAR 25) International forum held in Hong Kong on achievements of ""one country, two systems"""
2022-06-16 17:27:43,Across China: How technology helps fight against floods in east China
2022-06-16 19:31:15,"China-developed COVID-19 mRNA vaccine as booster safe, immunogenic in clinical trial"
2022-06-16 13:49:30,Feature: Victor Hugo and his Chinese Lounge
2022-06-16 09:29:14,(HKSAR 25) Feature: A top gun's story of Hong Kong's bridges
2022-06-16 19:15:15,"China to recruit 67,000 rural teachers this year"
2022-06-16 22:22:15,China's commercial space telescope completes all-sky optical survey
2022-06-17 04:06:00,"China, Russia hold business dialogue to seek closer cooperation"
2022-06-17 07:20:15,"8 injured, 6 missing in factory blast in NW China"
