﻿2022-07-14 19:49:01,Montenegro opens 1st Chinese-built highway section
2022-07-15 03:49:29,"Commission cuts EU, eurozone growth forecasts"
2022-07-13 13:21:45,COVID-19 stricken cruise ship docks in Australia's Sydney amid wave of cases
2022-07-13 14:25:03,State of emergency declared in Sri Lanka
2022-07-13 19:47:30,"Ethiopia repatriates over 50,000 nationals from Saudi Arabia in last 45 days"
2022-07-13 20:25:30,"Israel, U.S. announce new partnership on emerging technologies"
2022-07-13 02:16:27,8 contenders in race to succeed Johnson as UK PM
2022-07-13 14:22:00,"Economic Watch: Euro falls to parity with U.S. dollar, heaping pressure on ECB"
2022-07-13 13:21:47,"Interview: U.S. attempts to divide world dangerous, misguided, says renowned U.S. economist"
2022-07-13 09:27:00,Sri Lankan president Rajapaksa arrives in Maldives
2022-07-14 19:29:56,"Pacific Islands Forum launches 2050 Strategy to set vision, direction for region"
2022-07-14 04:27:57,"Ukraine, Russia make some progress at talks on grain exports: Zelensky"
2022-07-14 04:45:00,Euro falls below parity against U.S. dollar
2022-07-14 12:00:15,Economic Watch: All eyes on Fed as U.S. inflation continues to surge
2022-07-14 20:48:14,Estonian PM asked to form new coalition government after resignation
2022-07-15 19:59:30,G20 finance leaders seek consensus to overcome global economic threats
2022-07-15 09:36:57,Venezuelan parliament slams John Bolton's coup confession
2022-07-15 04:45:30,Italian president rejects PM Draghi's resignation
2022-07-15 14:00:45,"NASA, SpaceX launch climate science research mission to space station"
2022-07-15 18:57:15,Ethiopia says foils multiple terror plots in capital city in recent days
2022-07-15 19:37:26,Sri Lanka's ruling party to nominate interim president for presidency
2022-07-15 16:56:44,
2022-07-15 21:36:27,
2022-07-15 09:43:00,"Former Honduran president's son, 3 others shot dead"
2022-07-15 11:57:26,Sri Lankan parliament speaker says President Rajapaksa resigns
2022-07-15 21:34:57,Palestinian president calls on U.S. to reopen consulate in E. Jerusalem
2022-07-15 12:30:28,Sri Lankan president resigns
2022-07-15 01:29:15,Russia legalizes special economic measures to support military operations abroad
2022-07-16 06:46:12,31 people killed in tribal clashes in Sudan
2022-07-16 02:41:57,"99 killed, 300,000 trapped by gang violence in Haitian capital: UN"
2022-07-16 06:03:15,"Roundup: Biden voices support for two-state solution, pledges aid to Palestinians"
2022-07-16 05:42:12,"Feature: Former Botswana teacher committed to helping girls overcome ""period poverty"""
2022-07-16 05:30:11,Israel hails Saudi decision to open airspace sign of budding normalization
2022-07-16 02:42:01,UN seeks solution after Egypt suspends participation in Mali peacekeeping mission
2022-07-16 06:21:30,UN Security Council extends mandate of political mission in Haiti
2022-07-16 06:27:31,"Saudi Arabia, U.S. agree to strengthen cooperation in tech, science"
2022-07-16 04:08:15,"6.4-magnitude quake hits Off the coast of Aisen, Chile: USGS"
2022-07-16 05:42:12,"Feature: Former Botswana teacher committed to helping girls overcome ""period poverty"""
2022-07-16 00:53:00,"EAC urged to bring down costs of transport, logistics to boost exports"
2022-07-16 00:03:42,Somali leader seeks to shore up ties with Kenya
2022-07-15 23:54:41,Flight with hydraulic failure lands safely in India's Kerala
2022-07-16 00:19:44,1st catenary cantilever installed on Jakarta-Bandung HSR in Indonesia
2022-07-16 01:02:46,2 communication base stations along Jakarta-Bandung HSR built in Indonesia
2022-07-16 04:55:15,Eastern European countries show increasing interest in Greece's gas project
2022-07-16 06:07:14,Ukraine gets M270 multiple launch rocket systems: defense minister
2022-07-16 05:32:16,News Analysis: Italian gov't faces uncertainty over PM's rejected resignation
2022-07-16 07:07:30,2 suspects in U.S. California 7-Eleven shootings arrested
2022-07-16 07:01:14,Number of active U.S. drilling rigs up this week
2022-07-16 07:24:14,Mexican president urges need to regularize migrant workers in U.S.
