﻿2022-07-17 13:48:31,
2022-07-18 22:32:00,New teaching resources expected to foster passion for Chinese history in HKSAR secondary schools
2022-07-19 17:16:12,China has over 1.85 mln 5G base stations in use
2022-07-19 20:44:31,
2022-06-06 08:18:04,24 Solar Terms: Grain in Ear
2022-06-20 08:55:04,"GLOBALink | See you again, Bayanbulak"
2022-06-21 07:36:44,24 Solar Terms: Summer Solstice
2022-07-07 07:14:05,24 Solar Terms: Lesser Heat
2022-07-18 21:26:26,Top political advisor calls for greeting 20th CPC national congress with steady progress
2022-07-18 23:48:00,"Chinese FM spokesperson urges investigations into UK, U.S. war crimes, human rights violations"
2022-07-18 22:32:00,New teaching resources expected to foster passion for Chinese history in HKSAR secondary schools
2022-07-18 20:40:30,China to issue commemorative coins for world heritage site Quanzhou
2022-07-18 20:27:15,China urges U.S. to revoke arms sales plan to Taiwan
2022-07-18 14:58:56,"China issues plan for preserving, using cultural relics along Yellow River"
2022-07-18 22:10:42,Premier Li to attend WEF Special Virtual Dialogue with Global Business Leaders
2022-07-18 19:37:00,Chinese vice premier stresses innovation-driven development of Xinjiang
2022-07-19 23:25:26,"China launches inspection of municipal, county-level law-based governance"
2022-07-19 22:52:29,
2022-07-19 20:52:41,Universities make significant progress in China's sci-tech innovation
2022-07-19 20:48:45,"Hong Kong to distribute 295,000 RAT kits following sewage COVID-19 detection"
2022-07-19 21:06:56,More China-aided anti-epidemic supplies handed over to Laos
2022-07-19 23:37:27,"China, EU agree to jointly tackle global economic challenges"
2022-07-19 16:57:45,China has over 1.85 mln 5G base stations in use
2022-07-19 23:23:30,China urges U.S. to stop arms sales to Taiwan
2022-07-19 21:28:17,
2022-07-19 21:10:59,China urges U.S. to stop arms sales to Taiwan
2022-07-19 21:14:00,China Focus: What China will do to boost industrial resilience
2022-07-19 11:07:12,Chinese mainland reports 199 new local confirmed COVID-19 cases
2022-07-19 23:50:34,Xinhua Headlines: Residents in China's highest county relocated for better life
2022-07-19 20:44:31,
2022-07-19 19:58:45,Across China: Traditional agricultural heritage offers insight into sustainable development
2022-07-19 14:00:45,Scientists use AI to identify new ALS gene targets
2022-07-19 00:36:14,China Focus: Chinese prosecutors safeguard high-quality development
2022-07-19 17:17:45,China's Chongqing registers steady economic growth in H1
2022-07-19 22:15:15,China strongly opposes Pelosi's plan to visit Taiwan
2022-07-19 00:07:11,197 oriental white storks bred in NE China nature reserve
2022-07-19 21:03:00,China urges U.S. to stop fueling militarization and weaponization of outer space
2022-07-19 16:16:40,China's Caofeidian Port sees rise in cargo throughput
2022-07-19 13:51:44,Across China: Self-repairing fish robot brings hope to plastic crisis
2022-07-19 22:14:15,"Delegates to 20th CPC National Congress from central Party, state organs elected"
2022-07-20 01:22:59,"China to foster market-oriented, world-class business environment governed by sound legal framework: Premier Li"
2022-07-20 00:25:45,Chinese court upholds ruling that Dutch collector should repatriate mummified Buddha
2022-07-20 01:02:59,"Chinese, Finnish FMs hold phone talks"
2022-07-20 01:24:58,Vice premier says China not loosening COVID response
2022-07-20 00:55:41,Chinese premier meets with executive chairman of WEF
2022-07-20 01:32:00,Ningxia in northwest China reports one bubonic plague case
2022-07-20 01:02:00,China will unswervingly deepen high-level opening-up: Premier Li
2022-07-20 07:24:49,Dali-Baoshan section of Dali-Ruili Railway in SW China to be put into operation
2022-07-20 00:48:56,Painstaking efforts needed to stabilize overall Chinese economic performance: Premier Li
