﻿2022-05-30 23:33:47,China's ambassador to Bulgaria calls for deepening ties under BRI
2022-05-31 03:32:28,New Yorkers celebrate Memorial Day marking start of summer
2022-05-27 15:50:18,Oxygen producing plant built in Afghanistan's Baghlan province
2022-05-27 23:42:15,News Analysis: Turkey keeps reservations over Nordics' NATO bids
2022-05-28 09:36:02,Racial Discrimination: A Legalized Sin in Canada
2022-05-28 03:26:41,Ugandan gov't gives ultimatum to striking health workers
2022-05-28 23:06:48,At least 31 killed in stampede in southern Nigeria: police
2022-05-28 00:56:26,Houston braces for protests crying for gun control as gun lobby group kicks off convention
2022-05-28 04:18:45,"Ukrainian FM, U.S. secretary of state discuss military support for Ukraine"
2022-05-28 23:41:45,At least 31 killed in stampede in southern Nigeria: police
2022-05-28 02:55:43,300 humanitarian relief trucks reach Ethiopia's Tigray in past week: UN
2022-05-28 12:10:46,Eurasian Economic Union needs to redesign logistics amid Western sanctions: Belarusian president
2022-05-28 04:30:43,UN chief condemns killing by armed groups in Burkina Faso
2022-05-29 13:41:01,U.S. California governor tests positive for COVID-19
2022-05-29 00:12:48,
2022-05-29 14:22:29,
2022-05-29 18:59:02,"Cyprus, Israel kick off joint military exercise"
2022-05-29 10:54:46,Rescuers search for 8 missing crew members in ship collision in Philippines
2022-05-30 10:06:58,Urgent: Missing Nepali plane found to be crashed: army
2022-05-30 21:34:15,Africa Food Manufacturing expo kicks off in Cairo
2022-05-30 23:54:00,S. African gov't committed to Black Economic Empowerment
2022-05-30 11:52:27,Two candidates to face off in second round of Colombia's presidential elections
2022-05-30 19:18:43,World Bank to disburse 700 million USD to Sri Lanka: minister
2022-05-30 20:33:01,Construction of girder passage on Jakarta-Bandung HSR's longest bridge completed
2022-05-30 10:44:13,Missing Nepali plane found to be crashed: army
2022-05-30 06:09:31,Sudan lifts state of emergency countrywide
2022-05-30 04:57:31,"Jordanian, Georgian FMs discuss ways to boost ties, cooperation"
2022-05-30 20:56:15,"21 bodies found at crash site of Nepali plane, 1 still missing"
2022-05-31 05:10:26,Death toll rises to 91 in Brazil heavy rains
2022-05-31 03:32:28,Syria reiterates rejection of Turkey's move to create border safe zone
2022-05-31 07:34:31,Trade show for agro-food production held in Algiers
2022-05-31 05:35:31,3 rockets land near air base housing U.S. experts in W. Iraq
2022-05-31 07:15:46,U.S. experts warn of COVID surge from Memorial Day weekend gatherings
2022-05-31 04:23:30,"Ukrainian president, French FM discuss support for Ukraine"
2022-05-31 04:39:26,"Ecuador, Mexico move closer to trade deal in ninth round of talks"
2022-05-31 05:30:43,"Yemen's presidential council forms committee to restructure pro-gov't army, security forces"
2022-05-31 02:10:30,U.S. COVID-19 cases six times more than last year as summer begins: report
2022-05-31 00:31:14,U.S. mass shootings have a lot in common with public lynching: CNN
2022-05-31 09:52:16,Guest Opinion: Who is to blame for U.S. inflation?
2022-05-31 05:07:43,Over 100 gold miners killed in clashes in Chad: official
2022-05-31 03:32:33,Tunisia to slash public sector pay to unlock IMF loan
2022-05-31 05:26:28,Symposium in Cairo marks 66th anniversary of China-Egypt diplomatic ties
2022-05-31 10:07:31,Destructive winds trigger power outages across Aussie state
2022-05-31 11:14:26,"New Zealand reports 8,436 new community cases of COVID-19"
2022-05-31 10:35:31,Aussie state shows fall in smokers on World No Tobacco day
2022-05-31 05:29:28,"Zelensky, Erdogan agree on need to restore peace in Ukraine"
2022-05-31 06:07:46,World Potato Congress held in Dublin
2022-05-31 06:14:43,Britain issues monkeypox guidance to control transmission
2022-05-31 10:06:26,"Unrest, protests erupt in U.S. after Texas school mass shooting"
2022-05-31 09:52:16,Guest Opinion: Who is to blame for U.S. inflation?
2022-05-31 10:45:31,"U.S. bent on invading Venezuela, Venezuelan ruling party warns"
