﻿2022-02-23 17:14:46,China-Laos Railway to run additional passenger trains
2022-02-23 20:54:16,"U.S. sanctions Russia after Putin sends troops to Lugansk, Donetsk"
2022-02-20 18:57:42,"One dead, one injured after police helicopter crashes in U.S. state California"
2022-02-20 20:22:00,Britain's Queen Elizabeth II tests positive for COVID-19
2022-02-21 00:26:43,"5 terrorists, 1 soldier killed in clash in NW Pakistan"
2022-02-21 04:30:30,EU allocates 40 mln euros humanitarian aid to Sudan
2022-02-21 00:50:31,GLOBALink | Britain's Queen Elizabeth II tests positive for COVID-19
2022-02-21 20:53:00,"Feature: Five decades later, what can be learned from Nixon's historic visit to China?"
2022-02-21 19:07:30,Negotiation with U.S. not on Iran's agenda in Vienna: official
2022-02-21 12:17:58,"Putin, Macron discuss Ukraine issue over phone"
2022-02-21 22:01:43,New freight train connection runs between Germany and China
2022-02-21 15:30:31,Canadian police reclaim downtown Ottawa with nearly 200 trucker rally protesters arrested
2022-02-21 18:39:30,Chinese experts conduct COVID-19 tests in Laos for returning Chinese nationals
2022-02-22 05:25:00,"Chile reports 23,254 COVID-19 cases, 144 deaths in one day"
2022-02-22 05:09:45,"Death toll climbs to 176 in Brazil landslides, floods"
2022-02-22 09:07:30,Interview: Chinese investment in Argentina a boost to community development
2022-02-22 11:46:16,"U.S. ""in political war to the death"" with American democracy hanging in balance: retired federal judge"
2022-02-22 21:55:31,Death toll of gold mine blast in Burkina Faso rises to 63
2022-02-22 19:48:46,
2022-02-22 20:44:02,"Interview: Ending self-isolation puts Britons at higher risk of Omicron infections, says aerosol scientist"
2022-02-22 12:03:16,Xinhua Commentary: What's behind WSJ's recognition of China's anti-COVID policy
2022-02-23 05:01:00,UN chief says people must come first during pandemic recovery
2022-02-23 21:38:00,Israeli president says March Turkey trip targets climate crisis cooperation
2022-02-23 06:51:15,Three white men killing African American Ahmaud Arbery found guilty of hate crimes
2022-02-23 16:16:33,China's anti-epidemic supplies arrive in Kiribati
2022-02-23 04:52:01,"EU agrees Russia sanctions package, warns of further action"
2022-02-23 21:51:15,"Britain loses 20 bln USD due to fraud, errors in COVID-19 support schemes: report"
2022-02-23 21:49:15,Turkey demands UAE repatriate mob boss Sedat Peker after Interpol red notice
2022-02-23 20:13:32,"Iran says ""a few but important"" issues remain in Vienna nuke talks"
2022-02-23 19:16:58,"Iran, Qatar determined to boost trade, economic ties: president"
2022-02-23 20:28:30,Lebanon foils 3 suicide attacks planned by IS militants: minister
2022-02-23 01:55:45,"EU readies sanctions against Russia, urges Moscow to return to diplomacy"
2022-02-23 18:57:01,Chinese FM meets co-chairs of intergovernmental negotiations on UNSC reform
2022-02-23 17:16:31,UNEP calls for investments to mitigate wildfires amid threat
2022-02-23 08:37:30,U.S. child poverty spikes in January after Biden's benefit program expired: The Washington Post
2022-02-23 07:24:30,Two Black Hawk helicopters crash in U.S. state of Utah
2022-02-23 21:05:13,Heavy snowfall hits Indian-controlled Kashmir
2022-02-23 06:09:15,Russia's upper house approves use of military abroad
2022-02-24 00:14:16,S. African experts call for BRICS to expand scope after COVID-19
2022-02-24 00:50:16,Kenya urges for increasing contributions to Global Fund
2022-02-24 00:14:17,Ghanaian expert says China-Africa cooperation in infrastructure to boost intra-regional trade
2022-02-24 00:19:15,Armenia reports 946 new COVID-19 cases
2022-02-23 23:51:01,"Roundup: Brunei celebrates national day with moderate-scaled parade, performances amid rising COVID-19 cases"
2022-02-24 00:18:00,Security forces kill 10 terrorists in military operation in SW Pakistan: army
2022-02-24 00:32:17,Albania to cut quarantine period for positive COVID-19 patients to 5 days
2022-02-24 00:39:15,Feature: Greek painter brings post-lockdown hope to the canvas
2022-02-24 00:21:00,Hungarian FM says Egypt deserves EU support for curbing illegal immigration
2022-02-23 20:12:31,"Interview: Hedge fund billionaire warns of disorder, low investment returns in U.S."
2022-02-23 13:59:28,U.S. experts warn spread of more contagious Omicron sub-type as restrictions lifted
2022-02-23 23:50:00,Roundup: More peripheral losses inflicted as U.S. sheds off COVID-19 restrictions
