﻿2022-09-04 22:08:15,Digital trade new growth driver for BRI countries
2022-09-04 21:34:01,Cutting-edge information technologies adopted for agriculture in NE China's Heilongjiang
2022-09-05 16:22:46,
2022-09-06 15:42:05,China launches new remote sensing satellite group
2022-09-06 12:56:22,65 killed after 6.8-magnitude quake hits China's Sichuan
2022-09-06 18:13:48,"Xinhua Special: CIFTIS, towards a greener, innovative and further opening-up future"
2022-06-20 08:55:04,"GLOBALink | See you again, Bayanbulak"
2022-06-21 07:36:44,24 Solar Terms: Summer Solstice
2022-07-07 07:14:05,24 Solar Terms: Lesser Heat
2022-07-23 07:29:03,24 Solar Terms: The Great Heat
2022-08-31 20:50:00,Millennia-old post office along ancient Silk Road to open to public
2022-09-04 10:55:15,Across China: Art enriches life in NW China villages
2022-09-04 09:41:00,"China's top legislator to visit Russia, Mongolia, Nepal, ROK, attend 7th Eastern Economic Forum"
2022-09-04 22:55:45,"Taiwan lifts Typhoon Hinnamnor warning, no casualties reported"
2022-09-04 22:17:31,China Focus: TCM gains popularity among Belt and Road countries
2022-09-05 15:43:46,Across China: Millennium-old neighborhood regains glamour in Fujian
2022-09-05 09:51:45,Chinese mainland reports 303 new local confirmed COVID-19 cases
2022-09-05 22:03:45,China strongly condemns U.S. cyber attacks on China's Northwestern Polytechnical University
2022-09-05 14:23:00,6.8-magnitude quake hits China's Sichuan
2022-09-05 19:58:15,Grand reception in Bangladesh marks 25th anniversary of Hong Kong's return to motherland
2022-09-05 18:30:30,China launches cybersecurity week in military barracks
2022-09-05 22:06:15,China allocates disaster relief funds to quake-hit Sichuan
2022-09-05 20:00:15,21 killed in 6.8-magnitude quake in China's Sichuan
2022-09-06 15:26:30,China experiences hottest summer since 1961
2022-09-06 03:19:45,State Council working team rushes to quake-hit Sichuan
2022-09-06 15:12:45,Senior Chinese legislators meet to deliberate law drafts
2022-09-06 17:18:00,"China to promote cold resource research, innovation"
2022-09-06 21:45:45,Economic Watch: Chinese banks provide more loans to backstop real economy
2022-09-06 22:02:30,
2022-09-06 19:08:45,"Malaysian FM highlights economic ties, high-tech cooperation with China"
2022-09-06 20:45:30,China's industrial robot output surges in 2021
2022-09-06 21:08:45,Seminar on development of Taiwan enterprises on mainland held
2022-09-06 19:36:00,"China to raise prices of gasoline, diesel"
2022-09-06 23:36:30,China's terrestrial ecosystems can offset 18 pct of energy-related CO2 emissions in 2060: study
2022-09-06 14:57:45,Scientists find evidence of carb diet consumption by earliest modern humans in East Asia
2022-09-06 21:06:45,Xi stresses improving system for achieving breakthroughs in core technologies in key fields
2022-09-06 22:22:00,China Focus: China deploys large UAV to support emergency communications in quake-hit Sichuan
2022-09-06 23:52:30,"2,700 plus military, armed police personnel join quake relief in Sichuan"
2022-09-06 21:05:30,Chinese Gaofen satellites deployed for quake-hit Sichuan
2022-09-06 17:47:02,
2022-09-06 21:02:30,China's top political advisor urges improving specialists consultative forums
2022-09-06 09:59:30,Chinese mainland reports 264 new local confirmed COVID-19 cases
2022-09-06 23:16:45,Chinese vice premier announces full-scale construction at Guangdong BASF site
2022-09-06 11:06:30,China launches new test satellites via Kuaizhou-1A carrier rocket
2022-09-06 20:32:30,China's IP protection wins recognition of foreign enterprises: survey
2022-09-07 00:22:15,Xi stresses improving system for achieving breakthroughs in core technologies in key fields
2022-09-07 07:45:18,Chengdu builds 5 air-inflated labs for COVID-19 nucleic acid testing
2022-09-07 00:33:00,Top Chinese legislator urges enhanced parliamentary exchanges within BRICS
2022-09-07 07:16:37,24 Solar Terms: White Dew
2022-09-07 07:42:02,In pics: rescue efforts at quake-hit Shimian County in SW China
2022-09-07 07:50:59,"In pics: Dongji fish market in Fuyuan City, China's Heilongjiang"
