﻿2022-04-23 14:57:58,Suspect for latest shooting in U.S. capital found dead
2022-04-23 01:00:15,Liaoning launches first int'l freight train service via China-Laos Railway
2022-04-20 16:58:46,Sri Lankan president assures impartial probe into police shooting
2022-04-20 07:33:45,U.S. stocks rally as investors eye earnings reports
2022-04-20 03:03:15,"Ukraine, Russia conduct fifth prisoner swap"
2022-04-21 12:43:30,Biden administration appeals ruling striking down travel mask mandate
2022-04-21 17:28:45,Global tourism industry to create nearly 126 mln jobs in 10 years: report
2022-04-21 17:58:46,Roundup: Ambitious young Ecuadorians see opportunity in learning Chinese
2022-04-21 21:32:00,"News analysis: Rapid responses, vaccination campaigns help curb COVID-19 spread in Egypt: experts"
2022-04-21 16:26:31,Putin orders blockade of Azovstal plant in Mariupol: media
2022-04-21 02:27:45,Canadian inflation spikes to 6.7 pct
2022-04-21 03:47:00,Feature: Greeks to pay more for Easter meal this year
2022-04-21 05:42:15,UN investigators question 3-week-old Mali military operation that claimed 200-plus lives
2022-04-22 07:13:15,Shelter-in-place order lifted at U.S. UC Berkeley after threat investigation
2022-04-22 17:26:15,Libya's newly approved gov't holds first meeting
2022-04-22 07:32:30,"Interview: Emerging markets could be in difficult situation amid U.S. Fed tightening, IMF official warns"
2022-04-22 09:56:45,Chile's ongoing drought causes drop in mining production
2022-04-22 19:06:30,Pakistani president administers oath to 4 new cabinet members
2022-04-23 21:40:30,Al-Qaida commander killed in operation in SE Yemen
2022-04-23 11:16:45,IAEA mission to visit Ukraine's Chernobyl plant
2022-04-23 14:57:58,Suspect for latest shooting in U.S. capital found dead
2022-04-23 07:17:00,Brazil decrees end of COVID-19 health emergency
2022-04-23 19:44:00,"Indian gov't asks TV channels to refrain from airing misleading, provocative content"
2022-04-23 16:19:30,Gaza fires third rocket into Israel in 24 hours
2022-04-23 12:21:00,Health and peace: Drawing on wisdom from classics to inspire today's world
2022-04-23 01:55:45,Feature: Young Palestinian man uses TikTok to document extraordinary cave life
2022-04-23 16:34:32,
2022-04-23 12:38:00,"UN chief to visit Russia, Ukraine next week"
2022-04-23 14:44:48,
2022-04-23 21:37:31,"Feature: Value of reading recognized despite dislocation, conflict"
2022-04-23 20:51:30,New Ebola case confirmed in NW DR Congo
2022-04-23 07:43:00,Dow plunges 981 points for its worst day since 2020 amid rate hike fears
2022-04-23 13:46:00,"Car-free streets, performances, other activities mark New Yorkers' Earth Day"
2022-04-23 01:11:30,UN chief to meet Putin in Moscow
2022-04-23 00:35:30,UN chief to meet Putin in Moscow
2022-04-23 20:48:15,EU reaches deal on new legislation to combat illegal content online
2022-04-23 15:48:17,Suicide bomber kills at least three in Somali capital
2022-04-23 20:51:30,New Ebola case confirmed in NW DR Congo
2022-04-23 22:06:45,DR Congo declares new Ebola outbreak
2022-04-23 21:36:35,"Singapore reports 2,709 new COVID-19 cases"
2022-04-23 22:21:46,Sri Lankan workers send more money home in March
2022-04-23 20:00:01,"Vietnam reports 10,365 new COVID-19 cases"
2022-04-23 22:21:46,"Turkey ""neutralizes"" 50 YPG members in Syria: ministry"
2022-04-23 20:48:15,EU reaches deal on new legislation to combat illegal content online
2022-04-23 21:55:30,10 missing in mining accident in Poland
2022-04-23 14:57:58,Suspect for latest shooting in U.S. capital found dead
2022-04-23 10:42:45,Number of active U.S. drilling rigs up this week
2022-04-23 13:46:00,"Car-free streets, performances, other activities mark New Yorkers' Earth Day"
