﻿2022-05-20 14:28:12,Afghanistan bans wheat export to meet local needs
2022-05-20 15:46:19,China's trade with Belt and Road countries enjoys robust growth
2022-05-19 22:18:13,Fire breaks out in crowded slum in Philippine capital
2022-05-19 19:18:01,Japan carries out anti-missile exercise in western city of Osaka
2022-05-19 06:26:13,"U.S. reports 180 severe hepatitis cases in children, over 70 cases in recent two weeks"
2022-05-19 06:17:11,Global economic growth dragged down by spillover from Ukraine crisis
2022-05-19 17:36:45,Rwanda boosts COVID-19 economic recovery fund with 250 mln USD
2022-05-19 06:37:15,"Dow sinks over 1,100 points in worst day since 2020"
2022-05-20 00:35:30,"Russian, U.S. military chiefs discuss Ukraine over phone"
2022-05-20 17:20:46,Pakistani experts foresee new wave of inflation as USD crosses 200 mark against local currency
2022-05-20 20:15:15,UN agency facilitates return of 300 Ethiopian migrants stranded in Yemen
2022-05-20 11:50:58,Ramos-Horta sworn in for 2nd time as Timor Leste president
2022-05-20 02:59:43,Wildfires near Ukraine's Chernobyl plant pose no radioactive threat: IAEA
2022-05-20 03:54:56,Chinese medics boost capacity of South Sudanese peers to treat heart ailments
2022-05-20 04:09:58,"U.S. mass shooting marks convergence of racist extremism, gun violence: The Guardian"
2022-05-21 07:02:28,U.S. Berkeley schools reinstate indoor mask mandate
2022-05-21 19:25:30,Russia confirms halt of gas supply to Finland
2022-05-21 03:19:31,"U.S. Congress ""broken"" for other branches doing its job: Politico"
2022-05-21 02:47:13,UNECA says quality data critical to fostering inter-regional cooperation on migration
2022-05-21 19:45:43,Opposition set for victory in Australian election: local media
2022-05-21 21:06:01,Russia publishes long list of Americans banned from entry
2022-05-21 15:53:00,
2022-05-21 10:35:11,"Interview: Peru's interest in electric vehicles revives, says industrial expert"
2022-05-21 03:53:31,"Russian forces ""completely liberate"" Azovstal steel plant in Mariupol"
2022-05-21 06:44:28,Argentina applies over 101 mln shots of COVID-19 vaccines
2022-05-21 02:18:13,Pandemic travel measures need to be streamlined globally
2022-05-21 00:27:00,G7 countries determined to rein in rising inflation
2022-05-21 18:29:13,"S.Korean, U.S. presidents hold summit talks in Seoul"
2022-05-21 02:38:16,UN releases extra 30 mln USD to help hungry people in Sahel
2022-05-21 17:45:02,
2022-05-21 21:14:00,Australian PM concedes defeat in federal election
2022-05-21 14:14:16,Feature: Pupils long for stable Afghanistan with education for girls
2022-05-21 09:56:45,"Colombia's presidential race likely to enter runoff, poll shows"
2022-05-22 07:55:48,World Day for Cultural Diversity for Dialogue and Development marked in Uganda
2022-05-22 05:40:43,"Feature: Hanging with puppy friends in Cairo's new ""dog cafe"""
2022-05-22 03:54:31,Feature: Gaza reconstruction moving slowly one year after deadly clash between Israel and Hamas
2022-05-22 04:55:45,Israel confirms 1st monkeypox case
2022-05-22 03:36:45,"Iraq reports 90 hemorrhagic fever cases, 18 deaths"
2022-05-22 07:55:46,World Day for Cultural Diversity for Dialogue and Development marked in Uganda
2022-05-22 07:49:17,Botswana's National Culture Day marked in Mochudi
2022-05-22 07:50:14,9th Int'l Festival for Drums and Traditional Arts celebrated in Cairo
2022-05-21 22:57:13,Myanmar reports 16 more COVID-19 cases
2022-05-22 00:12:31,Pakistani foreign minister to visit China
2022-05-22 08:08:01,"6.1-magnitude quake hits 1 km ENE of Bungahan, Philippines: USGS"
2022-05-22 05:15:43,"Tourist plane crashes in SE France, 5 dead"
2022-05-22 07:28:28,People visit Malta AgriFair 2022 in Ta'Qali
2022-05-22 07:43:52,"Preparation work for WEF 2022 Annual Meeting ongoing in Davos, Switzerland"
2022-05-21 22:08:57,"One killed, 40-plus injured after tornado hits Northern Michigan"
2022-05-21 23:53:29,Roundup: CBOT agricultural futures mixed in past week
2022-05-21 18:29:13,"S.Korean, U.S. presidents hold summit talks in Seoul"
