﻿2022-05-05 12:20:11,Freight transport booms on China-Laos Railway
2022-05-06 03:46:15,Nearly 15 mln deaths directly or indirectly linked to COVID-19: WHO
2022-05-02 11:12:41,Biden attends memorial service of former U.S. Vice President Walter Mondale
2022-05-02 10:58:45,Ukraine to continue evacuation from Mariupol
2022-05-02 16:38:31,
2022-05-02 20:28:43,
2022-05-03 00:10:15,European Union escalates antitrust case against Apple
2022-05-03 19:04:17,California's population decreases for second consecutive year
2022-05-03 21:48:43,Putin approves retaliatory sanctions over Russia-Ukraine conflict
2022-05-04 11:40:28,DPRK fires what appears to be ballistic missile toward eastern waters: Japanese gov't
2022-05-04 04:23:28,At least 16 killed in bus-fuel truck collision in Ukraine
2022-05-04 18:00:30,Russia-Ukraine conflict increases uncertainty for Finnish tech firms
2022-05-04 16:04:15,"Cambodia, Indonesia, Thailand to host 3 major leaders' meetings in November: joint statement"
2022-05-04 03:47:28,Ukraine gets 4.5 bln euros in int'l aid since start of conflict
2022-05-05 04:02:01,"U.S. Fed raises interest rates by half point, ramping up inflation fight"
2022-05-05 17:02:18,Sri Lanka faces diesel shortage as foreign exchange crisis worsens
2022-05-05 13:56:15,News Analysis: How will abortion rights fight affect U.S. midterms?
2022-05-05 07:06:13,"UN action plan for clean, affordable energy by 2030 announced"
2022-05-05 12:46:15,World Bank to provide Laos with 395 mln USD funding support: report
2022-05-05 22:15:13,"Bank of England hikes interest rate to 1 pct, 13-year high"
2022-05-05 14:11:26,"Biden declares ongoing wildfires in New Mexico ""a major disaster"""
2022-05-05 20:12:41,OPEC+ sticks to modest output boost despite oil rally
2022-05-05 19:34:45,Turkey's annual inflation hits two-decade high of nearly 70 percent
2022-05-05 19:37:43,Pakistani PM expresses grief over loss of lives in floods hitting Afghanistan
2022-05-05 10:08:58,"Quakes in north Chile show ""unusual"" activity, expert warns"
2022-05-05 07:51:28,UN meets to help reverse tourism slump
2022-05-06 11:28:14,"Interview: Fed rate hike could deal blow to developing countries, Argentine economist warns"
2022-05-06 10:06:41,Panama confirms first new acute hepatitis case in 2-year-old boy
2022-05-06 13:50:30,Palestinian president condemns fatal ax attack in Israel
2022-05-06 04:35:56,"Putin, Bennett discuss Ukraine over phone"
2022-05-06 07:29:16,"UN chief calls for end to ""cycle of death, destruction"" in Ukraine"
2022-05-06 13:00:38,Los Angeles County Fair launched after two-year hiatus 
2022-05-06 06:27:11,"3 killed, 4 injured in axe attack in Israel: police"
2022-05-06 00:36:43,Israel celebrates 74th Independence Day
2022-05-06 02:27:41,"2 armed assailants kill 3 Israelis, injure 3: police"
2022-05-06 06:55:15,U.S. FDA limits use of Johnson & Johnson COVID-19 vaccine over blood clot risk
2022-05-06 10:31:00,Aid to Ethiopia's Tigray not enough: UN agency
2022-05-06 03:28:58,Chinese books donation to Madagascar school boosts cultural exchange
2022-05-06 13:53:31,South Africa's major city likely to face dry taps soon
2022-05-06 14:39:30,"Disbelief, outrage after child forgotten in school bus in Australian state"
2022-05-06 14:07:28,Vietnamese transport firms raise charges amid mounting fuel prices
2022-05-06 14:15:28,Vietnam's wood export up in 4 months
2022-05-06 07:29:16,"UN chief calls for end to ""cycle of death, destruction"" in Ukraine"
2022-05-06 07:19:35,Local elections underway in Britain
2022-05-06 13:37:11,Belarus will not participate in Russian special military operation in Ukraine: president
2022-05-06 12:24:13,"Economic Watch: Gains for oil companies, pains for U.S. consumers"
2022-05-06 09:25:41,Biden announces new White House press secretary
2022-05-06 07:34:28,Red Dress Day marked in Canada
