﻿2022-04-08 04:52:30,U.S. Senate confirms first African American woman for Supreme Court
2022-04-04 22:25:01,German consumer sentiment at historic low due to Russia-Ukraine conflict: survey
2022-04-04 20:20:30,Iran says ready to resume talks with Saudi Arabia to solve differences
2022-04-05 21:31:15,Zambia's cabinet approves 8th development blueprint
2022-04-05 03:30:15,"Security Council welcomes envoy's truce call in Yemen, response from parties"
2022-04-05 11:50:11,Economic growth in eurozone to slow down this year: Eurogroup president
2022-04-05 11:44:15,"Biden's Supreme Court nominee sent to full Senate for floor debate, votes"
2022-04-05 05:24:16,Vucic wins Serbian presidential elections: preliminary results
2022-04-06 20:51:27,India reports 1st case of Omicron XE variant
2022-04-06 21:53:46,Russia-Ukraine talks continue: Kremlin
2022-04-06 06:07:16,News Analysis: Gulf states' help likely averts Egypt's emerging economic crisis
2022-04-06 16:06:46,GLOBALink | Iconic China-gifted bridge opens in Manila
2022-04-06 04:01:00,"EU expels ""a number of"" Russian diplomats"
2022-04-06 07:30:12,Four global organizations urge 15 bln USD grants this year to fight pandemics
2022-04-06 17:51:01,Ukraine opens 11 humanitarian corridors
2022-04-06 17:08:45,
2022-04-07 19:11:29,New China-ROK industrial park attracts investment worth nearly 30 bln USD
2022-04-07 12:17:03,
2022-04-07 07:12:56,Biden's extension of payment pause on federal student loans fuels inflation concerns
2022-04-07 10:56:45,Over 12.8 mln children in U.S. infected with COVID-19
2022-04-07 19:42:46,"ICRC helps evacuate 1,000 from Ukraine's Mariupol"
2022-04-07 09:33:15,"COVID-19 takes its toll on U.S. poor, low-income communities: The Guardian"
2022-04-07 10:01:31,Russia accuses U.S. of increasing military biological capability globally
2022-04-08 01:49:15,Pakistani apex court declares dissolution of national assembly unconstitutional
2022-04-08 03:07:15,U.S. San Francisco mayor announces new programs to reduce carbon emissions
2022-04-08 10:14:15,Israeli settlement construction undermines chances of peace: Palestinian PM
2022-04-08 03:43:32,Peruvian president appoints 3rd health minister
2022-04-08 03:27:30,"At least 10 dead, several missing in Colombian landslide"
2022-04-08 04:08:28," 2 killed, 8 injured in shooting attack in Israel's Tel Aviv"
2022-04-08 05:43:46,Roundup: UN General Assembly adopts resolution to suspend Russia from Human Rights Council
2022-04-08 06:38:45,"2 killed, 8 injured in shooting attack in Israel's Tel Aviv"
2022-04-08 06:15:41,Russia declares early termination of membership of UN Human Rights Council
2022-04-08 06:27:45,WHO calls on mitigating climate crisis for health protection
2022-04-08 00:34:00,"Rwandan president criticizes ""coverup"" over 1994 genocide"
2022-04-08 04:08:32,UN General Assembly adopts resolution to suspend Russia from Human Rights Council
2022-04-08 04:56:27,Russia-Ukraine conflict complicates ECB's rate hike considerations
2022-04-08 06:32:45,Brazil expects 2021-2022 grain output to reach 269.3 mln tons
2022-04-08 09:15:00,At least six dead in explosion in NE DR Congo: official
2022-04-08 05:09:30,"Morocco, Spain agree to open new chapter in bilateral ties"
2022-04-08 06:03:44,Egypt's foreign reserves drop by nearly 4 bln USD in March: bank
2022-04-08 09:47:00,Senate inquiry calls for Royal Commission examining Australia's response to COVID-19
2022-04-08 10:13:17,"Malaysia reports 11,994 new COVID-19 cases, 36 more deaths"
2022-04-08 10:13:17,"Malaysia reports 11,994 new COVID-19 cases, 36 more deaths"
2022-04-08 10:15:16,Chinese FM holds phone talks with French president's diplomatic counselor
2022-04-08 09:18:59,"Interview: Britain-China cooperation helps build greener future for world, says City of London mayor"
2022-04-08 06:15:41,Russia declares early termination of membership of UN Human Rights Council
2022-04-08 04:52:30,U.S. Senate confirms first African American woman for Supreme Court
2022-04-08 07:04:41,Chinese embassy in U.S. urges Washington to cancel Pelosi's trip to Taiwan
2022-04-08 08:01:00,"Ukraine conflict, climate action play major role in Canada's 2022 budget"
