﻿2022-06-07 23:34:14,China's Yangtze River Delta sees rise in China-Europe freight train trips
2022-06-10 00:03:45,"Ecuador, Japan, Malta, Mozambique, Switzerland elected non-permanent members of UN Security Council"
2022-06-05 23:58:28,Bangladeshi army deployed as container depot fire kills at least 45
2022-06-05 18:54:15,UN warns of increased risk of famine in Somalia amid acute food insecurity
2022-06-07 05:45:15,"UK's Johnson wins no-confidence vote, saves premiership"
2022-06-07 21:42:29,World Bank downgrades 2022 global growth forecast to 2.9 pct
2022-06-07 20:39:16,2 killed in gunshots in German supermarket: police
2022-06-07 00:28:00,German FM to visit Pakistan: Pakistani foreign ministry
2022-06-07 04:42:13,"UK's Johnson wins no-confidence vote, saves premiership"
2022-06-07 03:12:13,Mexican president confirms won't attend Summit of the Americas
2022-06-08 18:33:30,Death toll in train derailment in Iran rises to 17
2022-06-08 04:29:28,"Syrian, Russian warplanes carry out military drills amid increasing Israeli strikes"
2022-06-08 03:33:29,New Omicron subvariants rise in U.S. COVID-19 cases
2022-06-08 05:39:30,"Tunisia, Britain sign MoU on renewable energies"
2022-06-08 03:01:28,Hungarian diplomat elected new president of UN General Assembly
2022-06-08 23:26:00,Iran says turns off IAEA surveillance cameras
2022-06-08 21:02:15,Finnish PM infected with COVID-19
2022-06-08 17:28:48,
2022-06-08 18:59:30,1 killed in vehicle ramming incident in Berlin
2022-06-09 23:43:44,India's health ministry asks states not to lower guard amid surging pandemic cases
2022-06-09 20:12:30,Greece's inflation hits 29-yr record in May
2022-06-09 23:25:44,French authorities launch probe into Ferrero salmonella outbreak
2022-06-09 17:54:00,More than 40 killed in DR Congo diamond mine collapse
2022-06-09 22:05:59,Russia supports normalization of Armenia-Azerbaijan ties: Lavrov
2022-06-09 22:36:33,
2022-06-09 21:00:45,"Latin American, Caribbean countries entitled to independently choose development paths: spokesperson"
2022-06-09 08:58:59,"Polarization among U.S. society leads to frequent mass shootings, racist killings: writer"
2022-06-10 05:46:30,Iran to remove 27 monitoring cameras from nuclear sites: IAEA
2022-06-10 04:39:15,"""Multiple victims"" reported after shooting in U.S. state of Maryland"
2022-06-10 00:58:00,"Upcoming widespread blackouts ""national disgrace"" for U.S.: report"
2022-06-10 00:51:44,Somalia's Mohamud inaugurated as tenth president amid peace pledge
2022-06-10 05:10:30,"Syrian president accuses U.S. of using dollar to commit global ""robbery"""
2022-06-10 07:45:39,S.Korea initiates test operation of ride-hailing service with self-driving vehicles
2022-06-10 04:06:15,Israel unveils advanced 50-km range anti-tank missile
2022-06-10 04:52:30,"Hezbollah vows to protect Lebanon's oil, gas in dispute with Israel"
2022-06-10 08:42:19,"Marine life seen in Cape Town, South Africa"
2022-06-10 00:03:45,"Ecuador, Japan, Malta, Mozambique, Switzerland elected non-permanent members of UN Security Council"
2022-06-10 06:55:30,Venezuelan workers march to reject country's exclusion from Americas summit
2022-06-10 05:08:14,Chinese envoy voices concerns over AUKUS-related nuke material transfer
2022-06-10 03:21:15,Guinea-Bissau announces members of new government
2022-06-10 02:48:15,African countries acquire about 818 mln COVID-19 vaccine doses: Africa CDC
2022-06-10 02:49:00,Feature: Chinese Tai Chi brings joy to Zimbabwean children
2022-06-09 23:43:44,India's health ministry asks states not to lower guard amid surging pandemic cases
2022-06-09 23:46:45,Philippines tightens screening of Japan-bound Filipinos to curb human trafficking
2022-06-10 01:45:00,Uzbekistan gets 142 mln USD World Bank concessional credit for forest restoration
2022-06-10 05:28:15,"Interview: Global problems need global collaboration, says British academic"
2022-06-10 03:30:15,Malta's Tourism Studies Institute hosts Chinese culinary event
2022-06-10 03:36:15,Finland's new Climate Change Act to enter into force in July
2022-06-10 05:52:16,U.S.-listed Chinese firms trade lower
2022-06-10 07:33:43,"Three dead, one critically injured after shooting in U.S. state of Maryland"
2022-06-10 04:39:15,"""Multiple victims"" reported after shooting in U.S. state of Maryland"
