﻿2022-07-17 13:48:31,
2022-07-21 13:56:15,UN high-level meeting mobilizes support for Africa's sustainable development
2022-07-20 23:36:30,"Most Americans discontented with Biden, economy, state of country: poll"
2022-07-20 20:54:56,"U.S. DHS secretary ""deeply concerned"" over high tolerance of hate in country"
2022-07-20 22:49:30,Democrats' policies to blame for historic U.S. inflation: media
2022-07-20 19:43:27,Sri Lanka's new president Ranil Wickremesinghe to be sworn in on Thursday
2022-07-20 22:14:47,
2022-07-20 23:12:29,"Urgent: Sunak, Truss emerge as two finalists in UK leadership race"
2022-07-20 22:39:15,Brussels calls for 15-pct reduction in gas consumption in Europe
2022-07-21 20:40:12,Libyan PM says resumption of oil production to improve economy
2022-07-21 06:31:26,"Argentina calls for Mercosur unity, global outlook"
2022-07-21 23:05:15,ECB kicks off rate-hiking cycle with a 50-bp increase
2022-07-21 20:36:12,ECB kicks off rate-hiking cycle with a 50-bp increase
2022-07-21 12:42:57,Ranil Wickremesinghe sworn in as Sri Lankan president
2022-07-21 16:20:17,Italian PM resigns
2022-07-21 11:42:47,
2022-07-21 22:20:00,"Türkiye, Finland, Sweden to meet in August to assess compliance in NATO bid: Turkish FM"
2022-07-21 19:54:14,Italy's PM resigns
2022-07-21 12:48:16,"World Insights: Sunak, Truss emerge as finalists in UK leadership race of ruling party"
2022-07-21 15:44:57,Indonesian president to visit China
2022-07-21 06:39:26,Irish gov't achieves fiscal surplus for 2nd quarter in a row
2022-07-21 00:30:46,"Roundup: Record heat in UK causes wildfires, disrupts traffic"
2022-07-21 00:59:56,South African president urges stakeholders to examine progress in redressing racialized economy
2022-07-21 05:36:14,Colombia's Independence Day military parade returns after 2-year absence
2022-07-21 19:39:00,U.S. report on human trafficking inaccurate: Vietnam foreign ministry
2022-07-21 22:52:11,Biden tests positive for COVID-19
2022-07-22 04:15:44,"Roundup: Draghi resigns, Italy to hold early elections on Sept. 25"
2022-07-22 05:39:42,Argentine president calls for strengthening Mercosur
2022-07-22 05:23:41,Lebanese president urges IMF to conclude aid deal with Lebanon
2022-07-22 04:53:45,UN envoy steps up efforts for extension and expansion of truce in Yemen
2022-07-22 03:49:44,Roundup: BA.5 fuels another COVID-19 wave as U.S. infections surpass 90 mln
2022-07-22 05:06:45,UN condemns violence in Papua New Guinea elections
2022-07-22 02:22:30,Promoting sustainable development needs working with young people: UN chief
2022-07-22 06:36:00,Syria's air defenses respond to fresh Israeli attack
2022-07-22 05:55:00,"Photo exhibition on Chinese, Israeli city walls kicks off in Tel Aviv"
2022-07-22 01:19:30,"Chinese enterprises, Uganda's top university to boost talent training cooperation"
2022-07-22 01:10:27,"Tanzania to launch livestock strategy to strengthen breeding, animal health"
2022-07-22 03:46:45,Roundup: Egypt starts reactor construction of 1st nuke power plant
2022-07-22 01:05:31,"282 killed, over 200 injured as heavy rains continue to wreak havoc in Pakistan"
2022-07-22 01:00:30,Droupadi Murmu wins presidential election in India
2022-07-22 01:05:30,Uzbek police arrest 8 suspected members of terrorist group
2022-07-22 05:07:46,Russia's oil output up 3.4 pct in first half of 2022
2022-07-22 05:51:45,Opening of China-built Peljesac Bridge takes China-Croatia cooperation to new levels: Chinese ambassador
2022-07-22 05:57:57,Deal on Ukraine's grain exports to be signed to resolve food crisis: FM
2022-07-22 01:55:29,U.S. COVID-19 cases surpass 90 mln
2022-07-21 22:52:11,Biden tests positive for COVID-19
2022-07-22 06:23:57,Canada supports community-based organizations to address monkeypox outbreak
