﻿2022-03-05 21:02:15,"Iran says agreement reached with IAEA to ""exchange documents"" to settle differences"
2022-03-05 11:52:15,China to promote high-quality Belt and Road cooperation
2022-03-03 01:58:01,Greece ends outdoor mask mandate as COVID-19 situation improves
2022-03-04 06:59:43,"Argentina, IMF reach preliminary 44.5 bln USD deal to resolve debt"
2022-03-04 02:01:00,Libya's parliament-approved gov't sworn in
2022-03-04 17:38:50,
2022-03-04 16:11:31,"U.S., Russia establish military hotline to prevent miscalculation"
2022-03-04 16:41:00,Japan's highest court orders TEPCO to pay damages to Fukushima disaster victims
2022-03-04 02:41:02,Russian operation in Ukraine goes as planned: Putin
2022-03-04 21:34:16,News Analysis: Iran eyes fair share in energy market as new nuke deal beckons in Vienna talks
2022-03-04 21:07:00,Israel to fully restore flights to Dubai after month-long cutback over security dispute
2022-03-04 04:26:16,"Russia, Ukraine end second round of talks, agree to organize humanitarian corridors"
2022-03-04 22:09:16,Iran not to concede red lines despite West's rush for deal in Vienna nuke talks: FM
2022-03-04 06:05:32,France's Macron announces bid for presidential re-election
2022-03-05 00:42:30,Zambia targets to put over 5 mln vulnerable people on social support in 2022
2022-03-05 10:49:00,UN official calls on parties to work with IAEA to ensure safety of Ukraine's nuclear sites
2022-03-05 04:31:00,"Chile reports 23,132 COVID-19 cases, 126 deaths in one day"
2022-03-05 06:49:00,"27 Malian soldiers, 70 terrorists killed in attack in central Mali: official"
2022-03-05 11:23:15,U.S. engineer found not guilty in deadly 2015 Philadelphia Amtrak crash
2022-03-05 20:29:00,"Indonesia reports 30,156 new COVID-19 cases, 322 more deaths"
2022-03-05 00:14:04,"56 killed, nearly 200 injured as casualties from Pakistan's mosque blast rise"
2022-03-05 02:39:31,Putin says open to dialogue with Ukraine
2022-03-05 04:54:58,"World food prices reach all-time high over supply issues, Ukraine crisis"
2022-03-05 19:14:46,"Russia hits 2,037 Ukrainian military infrastructure objects -- spokesman"
2022-03-05 14:45:15,Russia declares ceasefire in Ukraine for civilians evacuation -- defense ministry
2022-03-05 17:40:00,Russia declares ceasefire in Ukraine for civilians' evacuation -- defense ministry
2022-03-05 05:26:00,"Brazil's economy grows 4.6 pct in 2021, fastest rate since 2010"
2022-03-05 21:31:31,Zimbabwe removed from list of countries deemed insufficiently compliant with anti-money laundering standards
2022-03-05 01:00:43,Uganda's PMI rises to 55.7 in February: report
2022-03-05 14:28:45,"GLOBALink | 56 killed, nearly 200 injured as casualties from Pakistan's mosque blast rise"
2022-03-06 02:07:28,"Ukraine, Russia to hold next round of talks on Monday: Ukrainian negotiator"
2022-03-06 04:00:46,Israeli president to pay historic visit to Turkey next week
2022-03-06 04:12:45,2 int'l aid workers kidnapped by unknown gunmen in Yemen
2022-03-06 09:10:50, In pics: Vancouver Outdoor Adventure and Travel Show  
2022-03-06 04:42:46,"Iran, IAEA agree to settle nuclear issues in boost for Vienna talks"
2022-03-06 03:50:45,"Iran presses UN nuclear watchdog for independent, impartial approach"
2022-03-06 04:22:46,Global COVID-19 deaths near 6 mln: WHO
2022-03-06 04:41:45,"Roundup: Egypt's Coffestival gala brings coffee lovers, brands together"
2022-03-06 00:09:16,"Morocco seizes 1.4 tonnes of cannabis, arrests 2 suspects"
2022-03-06 00:12:13,EAC member countries record 4.2 pct economic growth in 2021
2022-03-05 23:14:58,"Singapore reports 16,274 new COVID-19 cases"
2022-03-05 23:37:16,"Strong winds hit Indonesia's capital, satellite cities, killing one"
2022-03-06 00:24:15,Feature: Panic grips Pakistan's Peshawar after 63 killed in terrorist attack
2022-03-06 08:56:32,"Great evening carnival celebrated in Strumica, North Macedonia"
2022-03-06 05:43:45,Roundup: Portuguese rush to gas stations amid surging fuel prices
2022-03-05 23:40:17,Russia almost completes destruction of Ukrainian military infrastructure: Putin
2022-03-05 10:52:59,U.S. criminal justice system has racial double standard: The Guardian
2022-03-05 19:49:49,"Houston Livestock Show and Rodeo held in Texas, U.S."
2022-03-05 11:23:15,U.S. engineer found not guilty in deadly 2015 Philadelphia Amtrak crash
