﻿2022-05-08 09:28:15,"China's BRI projects greatly benefit Cambodian economy, people: officials, experts"
2022-05-12 00:52:26,"U.S. inflation surges 8.3 pct in April, still near four-decade high"
2022-05-09 19:40:45,"Afghan FM discusses economy, security with EU envoy"
2022-05-09 20:36:15,Somali president announces re-election bid
2022-05-09 19:06:41,Indonesia's economy grows 5.01 pct amid turbulence in global prices
2022-05-09 21:25:28,Ferdinand Marcos Jr. leads in Philippine presidential election
2022-05-09 22:30:45,Ferdinand Marcos Jr. takes big lead in Philippine presidential election
2022-05-10 06:15:46,UN chief condemns attacks on civilians by armed group in DRC
2022-05-10 10:46:28,S.Korea's new president says to open door to dialogue with DPRK
2022-05-10 14:08:00,"China, UNHCR distribute humanitarian supplies to Afghanistan"
2022-05-10 07:27:45,Financial markets experience strains on market liquidity amid Russia-Ukraine conflict: U.S. Fed report
2022-05-10 19:40:30,Hungary's 1st female president takes office
2022-05-10 14:01:00,Sri Lanka's stock market closed amid unrest
2022-05-10 01:05:13,Preliminary results show Ferdinand Marcos Jr. wins Philippine presidential election
2022-05-11 21:58:01,Iran arrests 2 Europeans over promoting unrest
2022-05-11 15:51:00,Ferdinand R. Marcos claims victory in Philippine presidential election
2022-05-11 23:21:00,
2022-05-11 05:51:01,Death toll from Havana hotel blast rises to 42
2022-05-11 19:10:46,Germany's inflation reaches all-time high at 7.4 pct in April
2022-05-11 07:46:13,Wildfires in U.S. New Mexico continue going wild
2022-05-11 15:16:26,U.S. urged to adhere to one-China principle
2022-05-11 23:38:32,
2022-05-12 05:41:56,Palestinians condemn killing of journalist in West Bank
2022-05-12 05:16:00,Israel launches 127-mln-USD national plan to promote bio-convergence
2022-05-12 04:24:43,"Finland, UK sign statement of mutual support"
2022-05-12 03:51:43,"Tourist boat sinks in Ecuador's Galapagos Islands, leaving no victims"
2022-05-12 10:08:30,Most districts in major U.S. cities unaffordable to Black residents: The Guardian
2022-05-12 03:15:44,Africa main target of IS attacks: Moroccan FM
2022-05-12 06:06:58,U.S. stocks drop following hot inflation data
2022-05-12 02:59:43,Egyptian army kills 14 terrorists in North Sinai
2022-05-12 04:49:46,"Money pledged to prevent Red Sea eco-disaster by tanker a ""strong start"": UN"
2022-05-12 05:31:46,"Zelensky, Scholz discuss defensive aid for Ukraine"
2022-05-12 04:46:41,Brazilian president replaces energy minister over fuel price policy
2022-05-12 06:27:58,Chinese envoy warns against more sanctions on DPRK
2022-05-12 10:56:46,"2 dead, 14 injured in Brazil aircraft crash"
2022-05-12 03:45:43,"Jordan calls for just, transparent probe into journalist's killing in West Bank"
2022-05-12 07:48:56,Canada's COVID-19 cases surpass 3.8 mln
2022-05-12 10:03:46,UN chief appalled by killing of Al-Jazeera journalist in West Bank
2022-05-12 03:15:44,Africa main target of IS attacks: Moroccan FM
2022-05-12 04:38:41,Aircraft with 11 on board missing in Cameroon
2022-05-12 03:30:41,Cameroon conducts three kidney transplant operations successfully
2022-05-12 10:55:43,"New Zealand reports 9,392 new community cases of COVID-19"
2022-05-12 10:58:41,"Malaysia reports 3,321 new COVID-19 infections, 8 new deaths"
2022-05-12 10:18:43,"S.Korea reports 35,906 new COVID-19 cases"
2022-05-12 09:06:13,Russia accuses Pentagon of experimenting on patients in Ukraine
2022-05-12 05:31:46,"Zelensky, Scholz discuss defensive aid for Ukraine"
2022-05-12 07:59:53,Turkey's CPI jumps nearly 70 pct in April
2022-05-12 08:36:16,U.S. dollar touches historic high against Pakistani rupee
2022-05-12 07:48:54,Canada's COVID-19 cases surpass 3.8 mln
2022-05-12 10:08:30,Most districts in major U.S. cities unaffordable to Black residents: The Guardian
