﻿2022-03-05 11:52:15,China to promote high-quality Belt and Road cooperation
2022-03-07 04:24:15,Iranian diplomat says new IAEA report containing positive changes
2022-03-03 01:58:01,Greece ends outdoor mask mandate as COVID-19 situation improves
2022-03-04 22:09:16,Iran not to concede red lines despite West's rush for deal in Vienna nuke talks: FM
2022-03-05 00:42:30,Zambia targets to put over 5 mln vulnerable people on social support in 2022
2022-03-05 10:49:00,UN official calls on parties to work with IAEA to ensure safety of Ukraine's nuclear sites
2022-03-05 04:31:00,"Chile reports 23,132 COVID-19 cases, 126 deaths in one day"
2022-03-05 06:49:00,"27 Malian soldiers, 70 terrorists killed in attack in central Mali: official"
2022-03-05 00:14:04,"56 killed, nearly 200 injured as casualties from Pakistan's mosque blast rise"
2022-03-05 02:39:31,Putin says open to dialogue with Ukraine
2022-03-05 22:32:45,Feature: Tanzanian female boxer eyes to break gender bias with her fists
2022-03-05 04:54:58,"World food prices reach all-time high over supply issues, Ukraine crisis"
2022-03-05 19:14:46,"Russia hits 2,037 Ukrainian military infrastructure objects -- spokesman"
2022-03-05 14:45:15,Russia declares ceasefire in Ukraine for civilians evacuation -- defense ministry
2022-03-05 05:26:00,"Brazil's economy grows 4.6 pct in 2021, fastest rate since 2010"
2022-03-05 01:00:43,Uganda's PMI rises to 55.7 in February: report
2022-03-06 12:09:45,Chile creates national park to protect Santiago's glaciers
2022-03-06 02:07:28,"Ukraine, Russia to hold next round of talks on Monday: Ukrainian negotiator"
2022-03-06 10:41:31,UN chief voices concern over political polarization in Libya
2022-03-06 17:04:31,"GLOBALink | Lviv's historic statues protected as Ukraine, Russia to hold next round of talks"
2022-03-06 13:55:43,Dragon Boat Festival held in southern California
2022-03-06 21:49:16,"Erdogan, Putin discuss Ukraine crisis over phone"
2022-03-06 22:24:47,GLOBALink | China-Malaysia vaccine cooperation strengthens regional vaccine supply
2022-03-06 04:22:46,Global COVID-19 deaths near 6 mln: WHO
2022-03-06 19:07:45,Yemeni Houthis accept UN proposal over rusting oil tanker on Red Sea
2022-03-06 23:58:58,UN Security Council condemns mosque attack in Pakistan
2022-03-06 04:41:45,"Roundup: Egypt's Coffestival gala brings coffee lovers, brands together"
2022-03-07 05:28:30,News Analysis: Turkey's inflation likely to continue as prices bite consumers
2022-03-07 02:36:16,Greece ends outdoor mask mandate as COVID-19 situation improves
2022-03-07 06:40:30,Palestinian PM condemns killing of Palestinian child near Jerusalem
2022-03-07 03:56:15,Female judges sit on benches of Egypt's State Council for first time
2022-03-07 08:07:44,People celebrate traditional Zambo Carnival in northern Lebanon
2022-03-07 06:10:31,Israel detects 1st polio case since 1989
2022-03-07 05:50:28,13 soldiers killed in bus ambush in Syria's Homs: state media
2022-03-07 04:24:15,Iranian diplomat says new IAEA report containing positive changes
2022-03-07 01:46:15,"Putin, Macron discuss Ukraine issue over phone"
2022-03-07 10:04:58,Thousands of sheep parade on Champs-Elysees avenue in Paris
2022-03-07 01:11:59,Rwanda drives e-mobility revolution with e-scooter taxis
2022-03-07 03:56:17,Libya declares force majeure in 2 major oilfields
2022-03-07 02:37:15,Ghana marks 65th anniversary of independence with fanfare
2022-03-06 23:15:03,Bangladesh marks National Jute Day to revive golden era of natural fiber
2022-03-07 10:09:13,"New Zealand reports 17,522 new community cases of COVID-19"
2022-03-07 10:18:16,"Malaysia reports 27,435 new COVID-19 infections, 55 more deaths"
2022-03-06 22:19:03,"People visit Kaziukas fair in Vilnius, Lithuania"
2022-03-07 06:11:31,Portuguese scientists develop pine trees that are more drought-resistant
2022-03-07 00:35:00,"Putin, Macron discuss Ukraine issue over phone"
2022-03-06 13:55:43,Dragon Boat Festival held in southern California
2022-03-06 16:53:13,Gas prices in U.S. Los Angeles county continue climb
2022-03-07 03:37:13,"""The Batman"" dominates North American box office on opening weekend"
