﻿2022-03-28 20:46:13,Kremlin says Russia-Ukraine negotiations may continue in Turkey Tuesday
2022-03-28 14:26:15,"Way of life -- Chinese company builds new roads, new lives in Sri Lanka "
2022-03-26 06:06:15,EU coordinator to travel to Iran to close gaps for nuke talks
2022-03-26 16:04:45,"IMF approves 44-bln-USD loan for Argentina to tackle inflation, boost growth"
2022-03-26 16:35:46,Anticipated aggressive rate hikes by Fed drive up recession concerns
2022-03-27 11:25:46,Xinhua Commentary: EU needs stronger strategic autonomy for more secure future
2022-03-27 22:44:47,
2022-03-27 19:01:30,"Malta's Labour Party wins general election, PM says"
2022-03-27 11:10:45,U.S. Congressman Jeff Fortenberry to step down after conviction
2022-03-27 13:54:00,Australians warned of impending influenza surge amid battle against COVID-19
2022-03-27 13:28:45,Sri Lanka to hold 5th BIMSTEC summit
2022-03-28 14:45:16,"Philippines, U.S. kick off large-scale joint military drills"
2022-03-28 17:35:15,"Interview: Efforts to restore peace, state authority in Ituri to continue: DR Congo military governor"
2022-03-28 09:36:15,Ukraine ready to exchange prisoners with Russia: Zelensky
2022-03-28 06:18:45,"Erdogan, Putin agree to hold next round of Russia-Ukraine negotiations in Turkey"
2022-03-28 21:19:31,Israel needs to adapt to new threats after IS shooting attack: PM
2022-03-28 09:41:15,El Salvador declares state of emergency over wave of homicides
2022-03-28 12:27:46,White House spokeswoman tests positive for COVID-19
2022-03-28 17:25:00,Ukraine urges UN to demilitarize area near Chernobyl plant
2022-03-28 06:01:45,"Egyptian, Japanese FMs discuss bilateral ties, climate issues"
2022-03-28 17:06:47,
2022-03-28 21:08:36,Malta's PM Robert Abela sworn in
2022-03-28 20:54:16,"Bangladeshi PM blasts U.S. sanctions on elite force as ""condemnable act"""
2022-03-28 16:41:00,"FMs of four Asian countries, Panama to visit China"
2022-03-29 00:21:00,Roundup: U.S. moving on from COVID-19 after 2 years' battle with pandemic
2022-03-29 01:48:00,G7 rejects Russia's demand to pay gas deliveries in rubles
2022-03-29 04:10:13,UN humanitarians voice concern over violence in DRC's Ituri
2022-03-29 05:34:30,"Russian, Ukrainian delegations arrive in Istanbul for peace talks"
2022-03-29 05:05:13,Palestine follows with concerns Israel's latest moves in region: PM
2022-03-29 06:20:15,"Ecuador edges closer to pandemic control, health minister says"
2022-03-29 03:34:16,2nd vaccine booster lowers death risk by big margin: Israeli study
2022-03-29 04:48:15,At least 6 dead in four-vehicle pileup in Brazil
2022-03-29 04:01:15,Jordan denounces Israeli settlers' storming of hotel in Jerusalem
2022-03-29 06:43:30,Chinese envoy calls for lifting of Sudan sanctions
2022-03-29 02:32:13,"Sudan risks sliding into economic, security collapse: UN envoy"
2022-03-29 08:14:45,Guest Opinion: What has Europe lost from the Ukraine crisis?
2022-03-29 07:00:30,Chinese envoy calls for lifting of Sudan sanctions
2022-03-29 05:16:30,2.3 tonnes of cannabis seized in Morocco
2022-03-29 06:21:30,Blinken arrives in Morocco for visit
2022-03-29 05:57:30,Egypt counts on France to secure wheat supplies amid Ukrainian crisis: PM
2022-03-28 23:12:43,Mongolia's capital to plant at least 120 mln trees by 2030: mayor
2022-03-28 23:55:45,Nepal issues 1st climbing permit for Mt. Qomolangma
2022-03-28 23:22:58,4 terrorists killed by security forces in NW Pakistan: army
2022-03-29 05:51:15,Dutch gov't unveils plan for receiving EU COVID-19 fund
2022-03-29 05:35:30,Turkey announces new tax cuts to fight high inflation
2022-03-29 05:34:30,"Roundup: Russian, Ukrainian delegations arrive in Istanbul for peace talks"
2022-03-29 07:44:30,U.S. stocks rise ahead of key economic data
2022-03-29 07:32:30,"Oil prices drop amid demand concerns, optimism about Russia-Ukraine talks"
2022-03-29 06:26:30,Boeing announces senior leadership updates
