﻿2022-06-20 00:05:47,China-Laos Railway inducts Lao train drivers
2022-06-21 23:54:17,"Chinese premier stresses ensuring grain security, energy supply"
2022-06-22 20:04:15,China looks set to build space solar power station
2022-06-23 02:55:51,"Xinhua Headlines: Xi urges BRICS solidarity, openness for peace, development"
2022-05-29 13:05:59,
2022-06-06 08:18:04,24 Solar Terms: Grain in Ear
2022-06-20 08:55:04,"GLOBALink | See you again, Bayanbulak"
2022-06-21 22:44:15,China honors Shenzhou-13 mission astronauts with medals
2022-06-21 16:38:58,China's top legislature starts standing committee session
2022-06-21 22:05:45,China honors Shenzhou-13 mission astronauts with medals
2022-06-21 23:09:02,
2022-06-21 22:56:49,
2022-06-21 07:36:44,24 Solar Terms: Summer Solstice
2022-06-21 23:54:17,"Chinese premier stresses ensuring grain security, energy supply"
2022-06-21 23:15:01,China's top legislature starts standing committee session
2022-06-21 21:29:31,Chinese lawmakers deliberate report on boosting children's health
2022-06-21 09:57:30,Chinese mainland reports 9 new local confirmed COVID-19 cases
2022-06-21 21:14:30,National political advisors discuss green development
2022-06-21 20:34:15,"China opposes U.S. implementation of ""Uyghur Forced Labor Prevention Act"""
2022-06-22 14:22:00,Xinhua Commentary: U.S. hegemonic calculations behind Xinjiang lies are pure wishful thinking
2022-06-22 16:20:30,Chinese shares close lower Wednesday
2022-06-22 00:48:28,China's Guangdong activates top emergency response for flood
2022-06-22 21:48:47,
2022-06-22 14:06:00,Feature: 77-year-old craftsman's passion to pass on ancient shipbuilding technology
2022-06-22 22:44:13,"China's top political advisor calls for fostering green, low carbon development"
2022-06-22 21:10:45,China issues regulatory protocols for webcast performers
2022-06-22 18:58:59,China Focus: China's Yangtze River Delta embraces economic recovery
2022-06-22 21:38:58,Hong Kong keeps tracing COVID-19 through sewage surveillance
2022-06-22 10:14:52,Chinese mainland reports 10 new local confirmed COVID-19 cases
2022-06-22 23:01:13,Legendary Chinese ancestor Fuxi commemorated across Strait
2022-06-22 12:16:28,China launches new test satellite
2022-06-22 15:04:13,Across China: Wearable exoskeleton robots help seniors regain mobility
2022-06-22 22:14:00,"Chinese premier stresses work on flood relief, grain harvest"
2022-06-22 00:58:28,"China stands ready to continue supporting sustainable peace, security, dev't in Horn of Africa: envoy"
2022-06-22 19:36:13,Chinese scientists achieve important breakthrough in silkworm research
2022-06-22 20:36:46,Wondrous Xinjiang: Xinjiang sees surging foreign trade
2022-06-22 20:35:28,Beijing reports 3 new local COVID-19 infections
2022-06-23 01:12:45,Hong Kong Palace Museum holds opening ceremony
2022-06-23 01:39:44,"Xi stresses need to build basic data systems, enhance administrative division management"
2022-06-23 02:31:00,"China to continue measures for flood control, disaster relief"
2022-06-23 07:22:21,Panel discussions held during BRICS Business Forum in Beijing
2022-06-23 08:00:39,Political leaders address opening ceremony of BRICS Business Forum in virtual format
2022-06-23 02:55:51,"Xinhua Headlines: Xi urges BRICS solidarity, openness for peace, development"
2022-06-23 01:55:00,U.S. ban on Xinjiang products violates trade rules: Chinese association
2022-06-23 01:12:45,7 discharged from hospital after gas explosion in Tianjin
2022-06-23 00:39:45,China's top legislator attends symposium of lawmakers
2022-06-23 08:04:41,Vibrant HK to celebrate 25th anniversary of return to motherland
2022-06-23 01:56:58,Chinese FM meets outgoing ROK ambassador
2022-06-23 01:05:44,Veterans encouraged to work as teachers in China
2022-06-23 02:31:45,Annual cross-Strait film show finishes tour in Taiwan
