﻿2022-07-27 17:29:30,Croatia's Chinese-built Peljesac Bridge opens for transport
2022-07-28 00:39:02,BRI helps Croatia realize centuries-old dream as Peljesac Bridge opens to traffic
2022-07-23 21:52:29,Monkeypox patient from Thailand found in Cambodian capital: deputy governor
2022-07-24 10:40:30,"Biden's COVID-19 infection ""most likely"" caused by BA.5 variant: physician"
2022-07-24 12:38:44,"Feature: U.S. Texas scorched by heat, drought"
2022-07-24 19:53:30,"Three dead, two wounded in university campus shooting in Philippine capital"
2022-07-24 15:19:59,World Insights: EU's return to coal shows double standard on carbon reduction
2022-07-24 12:23:44,California's wildfire burning rapidly near Yosemite National Park
2022-07-25 00:25:12,Pakistani authority monitors entry routes amid int'l public health emergency of monkeypox
2022-07-25 17:07:45,At least 30 passengers killed in road accident in Kenya
2022-07-25 19:22:30,"Japan confirms 1st monkeypox case, alert issued"
2022-07-25 09:22:00,"Biden's COVID-19 symptoms ""improve significantly"": doctor"
2022-07-26 15:26:47,
2022-07-26 14:01:15,"World Insights: Heatwave a stark warning that ""planet is on fire,"" demanding more global cooperation, experts say"
2022-07-26 21:27:42,"Blast kills 2 children, injures 10 in Afghanistan's Zabul province"
2022-07-26 07:41:26,Biden anticipates return of in-person work later this week
2022-07-27 04:06:15,Mexico confirms 60 monkeypox cases
2022-07-27 19:14:46,"Namibia, South Korea to explore options for further development of esports"
2022-07-27 03:58:00,446 migrants rescued off Libyan coast last week: IOM
2022-07-27 20:13:00,WTO chief urges members to implement outcomes of 12th Ministerial Conference
2022-07-27 06:03:28,"Greece, Saudi Arabia to explore further cooperation"
2022-07-27 12:34:17,Sri Lanka's former president to extend stay in Singapore: local reports
2022-07-27 18:39:15,Cambodia's petroleum demand expected to reach 4.8 million tons by 2030: minister
2022-07-27 11:59:17,
2022-07-27 04:56:45,Ukraine to get 1.6 bln euros from European Investment Bank: PM
2022-07-27 19:57:01,Türkiye inaugurates Joint Coordination Center for Ukraine's grain shipment
2022-07-27 01:43:39,Russia to quit ISS after 2024: space chief
2022-07-27 15:52:28,"Economic Watch: IMF again cuts global growth forecast, highlighting inflation risks"
2022-07-27 12:21:46,U.S. in leadership shortage crisis: Singaporean newspaper
2022-07-28 03:19:16,Iran welcomes more diplomacy to revive nuclear deal: FM
2022-07-28 03:20:30,"6.2-magnitude quake hits 56 km NE of Calama, Chile: USGS"
2022-07-28 01:53:43,Biden makes first in-person appearance after COVID-19 isolation
2022-07-28 04:57:30,Protesters storm Iraqi parliament against nomination for new PM
2022-07-28 06:25:45,U.S. stocks rally after Fed delivers another 75 basis point rate hike
2022-07-28 04:22:43,Yemeni gov't says 81 killed since truce began
2022-07-28 05:04:43,Mexico's exports grow 18.8 pct in first half of 2022
2022-07-28 05:41:15,Nine killed in multi-vehicle crash in south Mexico
2022-07-28 02:46:30,"Monkeypox hits Europe, Americas hardest: WHO"
2022-07-28 01:07:13,UN condemns fighting in South Sudan's oil-rich state
2022-07-28 01:18:15,Namibia says more needs to be done to address disparities in healthcare
2022-07-28 01:20:43,Nigerian semi-military institution issues alert on security threats amid heightening fears
2022-07-28 00:28:00,India to revive state-owned telecom company BSNL with over 20 billion USD
2022-07-27 23:39:16,4 million Indonesian medical workers to get 4th dose of COVID-19 vaccine
2022-07-27 23:53:15,88 pct of Pakistani respondents support ban on kite flying festival: survey
2022-07-28 04:56:15,Roundup: Joint coordination center for Ukraine's grain shipment opens in Istanbul
2022-07-28 06:06:43,New wildfires in SE France burns 900 hectares of land
2022-07-28 04:50:30,Roundup: Dutch farmers block highways as gov't mediator urges dialogue
2022-07-28 06:56:15,Ford reports Q2 results with profit up 19 percent
2022-07-28 06:50:05,Suspect of mass shooting in U.S. Chicago suburb faces 110 new charges
2022-07-28 06:33:15,Budget of U.S. San Francisco prioritizes recovery from pandemic
