﻿2022-07-27 01:43:19,Chinese premier meets Indonesian president to discuss bilateral ties
2022-07-27 18:35:00,Premier Li says Peljesac Bridge will further boost China-Croatia friendship
2022-07-28 00:39:02,BRI helps Croatia realize centuries-old dream as Peljesac Bridge opens to traffic
2022-07-28 00:08:13,Senior CPC official calls for studying Xi's important remarks at high-level study session
2022-07-28 22:24:30,Xi stresses persistent efforts to reach PLA centenary goals
2022-07-28 23:53:17,Teachers' home visits tell growth stories of Xinjiang students
2022-06-06 08:18:04,24 Solar Terms: Grain in Ear
2022-06-20 08:55:04,"GLOBALink | See you again, Bayanbulak"
2022-06-21 07:36:44,24 Solar Terms: Summer Solstice
2022-07-07 07:14:05,24 Solar Terms: Lesser Heat
2022-07-25 15:59:26,First Beijing Culture Forum kicks off
2022-07-26 21:03:45,Across China: Dunhuang's ancient beauty shared in digital form
2022-07-26 21:08:44,Chinese premier sends congratulations to Sri Lankan new PM
2022-07-27 13:19:45,China launches six new satellites
2022-07-27 13:35:15,China's Tianzhou-3 cargo craft re-enters atmosphere under control
2022-07-27 19:50:15,Beijing issues blue alert for rainstorms
2022-07-27 20:25:30,"China issues alerts for rainstorms, mountain torrents"
2022-07-27 19:51:15,China capable of achieving carbon peaking despite challenges: energy regulator
2022-07-27 23:17:46,Chinese spokesperson refutes U.S. report against China
2022-07-27 20:01:15,China takes multiple measures to ensure power supply: official
2022-07-27 18:35:00,Premier Li says Peljesac Bridge will further boost China-Croatia friendship
2022-07-28 23:41:15,Hong Kong capable of dealing with U.S. Fed interest rate hike: financial chief
2022-07-28 23:59:15,China allows enterprises to defer 7 bln yuan of housing provident fund payments
2022-07-28 22:07:17,
2022-07-28 23:22:14,Chinese leadership holds symposium to solicit advice on economic work
2022-07-28 21:03:16,China sees improvements in logistics flow
2022-07-28 20:56:46,Economic Watch: Spanish company eyes China opportunities at Hainan expo
2022-07-28 07:28:45,Chinese envoy urges respecting sovereignty of post-conflict countries
2022-07-28 21:28:43,China's new quantum satellite now operational
2022-07-28 10:45:30,China renews orange alert for high temperatures
2022-07-28 22:29:58,Preparations for 14th COP meeting on wetland conservation on track
2022-07-28 22:57:15,China's former senior official Fu Zhenghua stands trial
2022-07-28 22:00:15,"Chinese leadership analyzes economic situation, reviews disciplinary inspection report"
2022-07-28 21:01:16,Xinhua Commentary: 1992 Consensus the anchor for developing cross-Strait ties
2022-07-28 21:41:29,Highlights of 2nd China Int'l Consumer Products Expo 
2022-07-28 22:46:44,
2022-07-28 13:39:45,8 million-year-old hipparion fossils found in Xinjiang
2022-07-28 22:24:30,Xi stresses persistent efforts to reach PLA centenary goals
2022-07-28 22:23:18,
2022-07-29 00:15:16,Xi says Marxism shows new vitality in 21st century
2022-07-29 01:41:00,"Actions best answer to ""Taiwan independence"": spokesperson"
2022-07-29 02:03:00,Xi speaks with Biden over phone
2022-07-29 00:26:15,China warns against U.S. missile troop deployment plan in Japan
2022-07-29 00:24:31,Chinese spokesperson slams NATO for strategic concept referring to China
2022-07-29 02:38:45,"China, Uzbekistan reach consensuses on strengthening ties"
2022-07-29 07:28:42,View of Xiong'an New Area
2022-07-29 07:23:08,Global Digital Economy Conference 2022 held in Beijing
2022-07-29 01:31:00,China Focus: Homegrown brands shine at int'l expo
2022-07-29 03:31:46,"China, Jordan keep close coordination in int'l, regional affairs: ambassador"
