﻿2022-07-17 13:48:31,
2022-07-18 05:24:15,No dangerous substances for public health found at plane crash site: Greek authorities
2022-07-14 19:29:56,"Pacific Islands Forum launches 2050 Strategy to set vision, direction for region"
2022-07-14 20:48:14,Estonian PM asked to form new coalition government after resignation
2022-07-15 19:59:30,G20 finance leaders seek consensus to overcome global economic threats
2022-07-15 04:45:30,Italian president rejects PM Draghi's resignation
2022-07-15 18:57:15,Ethiopia says foils multiple terror plots in capital city in recent days
2022-07-15 11:57:26,Sri Lankan parliament speaker says President Rajapaksa resigns
2022-07-15 12:30:28,Sri Lankan president resigns
2022-07-15 01:29:15,Russia legalizes special economic measures to support military operations abroad
2022-07-16 21:44:00,Sri Lankan parliament informed of Gotabaya Rajapaksa's resignation from presidency
2022-07-16 17:48:43,
2022-07-16 10:40:56,14 marines killed in Mexico helicopter crash
2022-07-16 20:16:45,Excessive use reduces effect of U.S. sanctions: Iranian spokesman
2022-07-16 06:46:12,31 people killed in tribal clashes in Sudan
2022-07-16 10:14:56,Argentina urges G20 members to seek joint solutions to global inflation
2022-07-16 06:07:14,Ukraine gets M270 multiple launch rocket systems: defense minister
2022-07-16 02:41:57,"99 killed, 300,000 trapped by gang violence in Haitian capital: UN"
2022-07-16 21:52:28,
2022-07-16 06:21:30,UN Security Council extends mandate of political mission in Haiti
2022-07-16 04:08:15,"6.4-magnitude quake hits Off the coast of Aisen, Chile: USGS"
2022-07-16 02:30:00,84 die in first 3 days of Spain's heat wave
2022-07-17 21:03:27,Kiev confirms Ukrainian cargo plane crash in Greece
2022-07-17 13:31:44,"U.S. looks less like ""developed economy"" as political risk, volatility rise: FT"
2022-07-17 00:59:45,Roundup: G20 finance leaders agree to take actions to tackle food insecurity
2022-07-17 15:00:16,"Interview: Britain unprepared for record scorchers, says climate scientist"
2022-07-17 20:01:30,Iran says U.S. seeks to cause tensions in Mideast by spreading Iranophobia
2022-07-17 13:38:45,AU launches early warning platform to tackle insecurity
2022-07-17 19:11:12,Ghana's ruling party elects new leadership
2022-07-17 09:56:11,Over a thousand dinosaur footprints discovered in small Chilean town
2022-07-17 21:22:30,Cambodia's ruling party supports Hun Sen as PM candidate for next election
2022-07-18 04:32:14,"Iraqi soldier, IS militant killed in Iraq"
2022-07-18 04:54:11,No dangerous substances for public health found at plane crash site: Greek authorities
2022-07-18 07:14:24,Heatwave continues to blaze across Italy
2022-07-18 03:36:12,5 Kurdish militants killed in Turkish drone strike in northern Iraq: official sources
2022-07-18 02:40:15,News Analysis: Iran pursues dynamic diplomacy to counter U.S. isolation: Iranian media
2022-07-17 19:11:12,Ghana's ruling party elects new leadership
2022-07-17 21:33:42,African Swine Fever fear grips part of India's Assam
2022-07-18 00:21:57,Tanzania moves to boost sugarcane production
2022-07-17 20:57:30,"Singapore reports 6,947 new COVID-19 cases"
2022-07-17 21:03:31,"Philippines logs 2,560 new COVID-19 cases"
2022-07-17 21:22:30,Cambodia's ruling party supports Hun Sen as PM candidate for next election
2022-07-17 21:35:29,"Feature: Montreux Jazz Festival closes, expecting more Sino-Swiss music exchanges"
2022-07-17 21:43:45,Bayern's uncertain future without Lewandowski
2022-07-18 07:14:22,Heatwave continues to blaze across Italy
2022-07-17 15:13:11,CBOT agricultural futures drop
2022-07-17 16:37:00,"World Insights: With selfish agenda, Biden achieves limited goals on 1st Mideast trip as U.S. president"
2022-07-17 20:01:30,Iran says U.S. seeks to cause tensions in Mideast by spreading Iranophobia
