﻿2022-03-24 05:37:58,Malawi signs MOU on BRI cooperation with China
2022-03-26 04:22:15,"Russia restricts flow of funds to ""unfriendly"" countries, regions"
2022-03-22 07:06:45,Brazil unveils incentives to spur biomethane output
2022-03-23 23:43:30,"Russia to sell gas to ""unfriendly countries"" in rubles: Putin"
2022-03-23 20:52:15,U.S. dislikes quick success in Russia-Ukraine peace talks: Lavrov
2022-03-23 20:04:16,"Pakistan Day marked amid jubilation, commitments for peace, socio-economic development"
2022-03-23 22:23:00,"More Lebanese students keen to learn Chinese language, explore China's culture: director"
2022-03-24 21:01:01,Russia says Pentagon directly involved in bioweapon development in Ukraine
2022-03-24 17:37:46,"S.Korea says DPRK fires projectile, believes it is ICBM test"
2022-03-24 03:08:46,NATO to send more troops to eastern Europe
2022-03-24 04:44:01,97 Venezuelans repatriated from Ecuador in new phase of Return to Homeland Plan
2022-03-24 23:58:30,NATO approves deployment of four new battle groups
2022-03-24 20:45:45,Interview: Zimbabwean trade organization applauds signing of protocol to export citrus fruit to China
2022-03-24 19:20:48,
2022-03-24 11:20:00,EU countries in disarray after Putin announces payment change in gas deal
2022-03-24 07:29:00,Argentina's economy grows 10.3 pct in 2021
2022-03-24 04:06:15,"Omicron subvariant infections on rise in U.S., coinciding with allergy season"
2022-03-24 04:50:16,Russia announces expulsion of U.S. diplomats in retaliation
2022-03-24 02:15:45,Hungarian gov't opposes sanctions on Russian energy shipments
2022-03-24 21:01:58,Bulgaria to recall its ambassador to Russia for consultations: PM
2022-03-25 19:03:01,Biden supports Russia's exclusion from G20
2022-03-25 00:20:47,UN General Assembly adopts resolution on humanitarian situation in Ukraine
2022-03-25 22:03:00,"NATO summit fails to address disagreement, concerns among members amid Ukraine crisis"
2022-03-25 04:41:15,UN warns of worsening food crisis in Sudan amid economic deterioration
2022-03-25 19:24:15,Iran reaffirms red lines set for Vienna nuke talks
2022-03-25 03:32:15,"Greek households hit hard by price increases: survey
"
2022-03-25 13:44:31,
2022-03-25 21:14:43,Int'l labour organization elects new chief
2022-03-26 06:06:15,EU coordinator to travel to Iran to close gaps for nuke talks
2022-03-26 01:46:45,UN agency condemns attack on humanitarian convoy in South Sudan
2022-03-26 06:38:15,Security Council extends mandate for expert panel assisting sanctions committee on DPRK
2022-03-26 04:14:58,Turkey's Erdogan holds phone talks with Ukrainian president
2022-03-26 03:24:00,Turkey's Erdogan holds phone talk with Ukrainian president
2022-03-26 00:27:31,Feature: Egyptians throng to gov't-sponsored low-price food fair ahead of Ramadan
2022-03-26 03:17:00,Yemen's Houthi militia claims responsibility for cross-border attacks against Saudi oil facilities
2022-03-26 03:28:00,"Boeing, Airbus Helicopters partner on H-47 Chinook"
2022-03-26 05:37:15,Relief deliveries in Ethiopia's Tigray at record low: UN
2022-03-26 02:11:45,At least 27 ADF rebels killed in NE DR Congo: army
2022-03-26 05:56:16,Chinese company ready to cooperate with Tunisia in mega-projects: ministry
2022-03-25 23:46:31,"Singapore reports 7,584 new COVID-19 cases"
2022-03-26 07:31:24, Actors perform Chaozhou Opera in Thailand
2022-03-26 00:16:30,"China, India agree to strengthen communication for furthering ties"
2022-03-26 06:06:15,EU coordinator to travel to Iran to close gaps for nuke talks
2022-03-26 09:01:30,Facts about Russia-Ukraine conflict: Russia announces completion of 1st stage of military operation in Ukraine
2022-03-26 07:35:27,View of installation of last segment of Ston Bridge in Croatia
2022-03-26 06:42:17,U.S. stocks end mixed amid economic data
2022-03-26 03:28:00,"Boeing, Airbus Helicopters partner on H-47 Chinook"
2022-03-26 06:40:13,Oil prices rise after reports of attack on Saudi oil facilities
