﻿2022-05-05 04:28:16,German dependency on Russian energy significantly reduced: president
2022-05-01 19:59:01,U.S. seeks to push Afghanistan into unprecedented crisis: Iranian Speaker
2022-05-01 21:29:46,"CEPA trade deal between India, UAE comes into force"
2022-05-01 22:21:00,Feature: Zimbabwean artists raise awareness about conservation through carvings
2022-05-02 11:12:41,Biden attends memorial service of former U.S. Vice President Walter Mondale
2022-05-02 02:28:31,"IMF urges Lebanon to implement ""agreed-upon"" reforms"
2022-05-02 10:58:45,Ukraine to continue evacuation from Mariupol
2022-05-02 16:38:31,
2022-05-02 20:28:43,
2022-05-02 03:17:26,Iran's top commander warns U.S. away from Gulf
2022-05-03 00:10:15,European Union escalates antitrust case against Apple
2022-05-03 15:21:43,In pics: Eid al-Fitr festival
2022-05-03 19:04:17,California's population decreases for second consecutive year
2022-05-03 20:48:16,UNICEF faces funding gap to meet needs of 9.9 mln people in Ethiopia
2022-05-03 16:54:32,
2022-05-03 00:19:00,UNICEF faces funding gap to meet needs of 9.9 mln people in Ethiopia
2022-05-03 21:48:43,Putin approves retaliatory sanctions over Russia-Ukraine conflict
2022-05-03 20:30:13,Kenya imposes night curfew in northern region amid insecurity
2022-05-04 13:07:30,Chilean gov't lowers 2022 economic growth estimate to 1.5 pct
2022-05-04 12:13:30,Cuba kicks off Int'l Tourism Fair to boost economic recovery
2022-05-04 13:12:43,"Threats against leftist candidate taken ""seriously"": Colombian president"
2022-05-04 11:40:28,DPRK fires what appears to be ballistic missile toward eastern waters: Japanese gov't
2022-05-04 22:41:30,Houthi rebels attack gov't security center in Yemen's Taiz despite truce: official
2022-05-04 04:23:28,At least 16 killed in bus-fuel truck collision in Ukraine
2022-05-04 18:00:30,Russia-Ukraine conflict increases uncertainty for Finnish tech firms
2022-05-04 22:10:31,Feature: Chinese volunteer nourishing dreams of Kenyan slum children
2022-05-04 16:04:15,"Cambodia, Indonesia, Thailand to host 3 major leaders' meetings in November: joint statement"
2022-05-04 03:47:28,Ukraine gets 4.5 bln euros in int'l aid since start of conflict
2022-05-05 05:59:13,All preparations for Lebanese parliamentary elections completed: minister
2022-05-05 01:26:58,Roundup: Iranian lawmaker reiterates importance of U.S. guarantee in nuclear talks
2022-05-05 05:10:15,"Hungary ""can't support"" EU's new sanctions against Russia in current form: FM"
2022-05-05 04:38:13,"U.S. Fed raises interest rates by half point, ramping up inflation fight"
2022-05-05 04:50:15,U.S. secretary of state tests positive for COVID-19
2022-05-05 07:06:13,"UN action plan for clean, affordable energy by 2030 announced"
2022-05-05 05:23:16,"Pandemic, conflicts affect mlns' mental health: WHO"
2022-05-05 02:52:00,Vaccines still protect against new COVID-19 variants: WHO
2022-05-05 07:25:31,"People celebrate Eid al-Fitr festival in Doha, Qatar"
2022-05-05 05:34:13,Oil prices jump as EU aims for Russian oil ban
2022-05-05 01:33:01,85 ancient tombs unearthed in Upper Egypt
2022-05-05 04:02:01,246 illegal migrants rescued off Libyan coast last week
2022-05-05 04:52:13,Zimbabwe's maize production declines 43 pct due to poor rainfall
2022-05-05 00:11:45,Britain's shop price inflation posts new high since 2011
2022-05-05 00:51:47,India's services exports hit record high in 2021-22
2022-05-04 23:52:43,India chosen as official country of honor at Cannes film market
2022-05-05 03:24:57,"Ukraine not to agree to ""frozen conflict"" with Russia: Zelensky"
2022-05-05 07:17:45,"Technology Fair 2022 held in Helsinki, Finland"
2022-05-05 05:02:13,"Ukraine, UK sign deal on preferential trade"
2022-05-05 06:53:30,"Feature: Cuba protecting beaches, biodiversity in bid for sustainable tourism"
2022-05-05 05:17:15,Amazon commits additional 10.6 mln USD to help build affordable homes in U.S. Nashville
2022-05-05 06:06:15,Dow jumps over 900 points after Powell rules out larger rate hike
