﻿2022-09-04 22:08:15,Digital trade new growth driver for BRI countries
2022-09-06 21:28:15,UN warns of looming famine in Somalia
2022-09-03 16:55:30,"Macron calls for independent foreign policy, more balanced partnerships"
2022-09-03 11:23:45,"Argentine business, economic leaders condemn failed attack on VP"
2022-09-03 10:31:45,Ex-president Gotabaya Rajapaksa returns to Sri Lanka
2022-09-03 12:17:00,G7 to impose price cap on Russia oil: U.S. treasury secretary
2022-09-03 16:15:30,"57 killed, 7,683 injured in floods across Pakistan in 24 hours"
2022-09-03 06:59:00,"Western sanctions cause energy price hikes, supply disruptions: Russian energy minister"
2022-09-03 10:53:15,Brazil's ex-president Lula leads pre-election poll
2022-09-03 04:47:30,Russia's Gazprom stops gas supply via Nord Stream pipeline indefinitely
2022-09-03 06:31:45,"Swedish PM calls for decoupling electricity, gas prices"
2022-09-04 19:12:45,171 killed by explosive war remnants in Syria so far in 2022: monitor
2022-09-04 21:12:30,Iran seeks to buy Su-35 fighters from Russia: Iranian commander
2022-09-04 12:31:00,"Powerful typhoon lashes Japan's Okinawa islands through weekend, evacuation ordered"
2022-09-05 09:13:15,"10 killed, 15 injured in stabbings in Canada -- police"
2022-09-05 06:24:30,Sweden announces liquidity guarantees of 23 bln USD to electricity companies
2022-09-05 20:56:45,"ADB, EBRD to finance Central Asia's largest wind farm project"
2022-09-05 07:45:30,"10 dead, at least 15 injured in stabbings in Canada: police"
2022-09-05 09:43:00,Chileans head to the polls to vote on new constitution
2022-09-05 22:00:45,OPEC+ to slightly cut oil output in October amid prices dip
2022-09-06 05:32:15,"France, Germany to help each other through energy crisis"
2022-09-06 17:08:15,World Insights: Outcry grows as European billpayers struggle amid historic energy crisis
2022-09-06 21:05:00,UN decries killings of 173 civilians in South Sudan's northern state
2022-09-06 20:12:15,"India, Bangladesh sign 7 pacts during PM Sheikh Hasina's visit"
2022-09-06 20:19:30,Iran says U.S. should stop making additional demands in nuke talks
2022-09-06 05:32:16,Dozens shot in multiple U.S. cities during bloody holiday weekend
2022-09-06 15:44:48,
2022-09-06 11:52:00,UN chief condemns deadly suicide attack at Russian embassy in Kabul
2022-09-06 11:18:04,Katara International Hunting and Falcons Exhibition 2022 held in Doha
2022-09-06 11:58:08,Cuban students welcome new semester
2022-09-06 15:12:47,
2022-09-07 03:50:00,Roundup: Militant attacks surge in S. Yemen despite UN-brokered truce
2022-09-07 03:20:00,Israeli missile strike hits Syria's Aleppo airport
2022-09-07 04:14:45,UN chief condemns attack in Burkina Faso that killed 35 civilians
2022-09-07 06:03:45,"Palestinian PM says Israel's closure of Palestinian NGOs ""void, illegal"""
2022-09-07 02:53:30,"UN, humanitarian agencies sound alarm over Somalia famine"
2022-09-07 06:09:00,UN chief to appeal for massive support for Pakistan during upcoming visit
2022-09-07 01:20:00,Chinese envoy calls on international community to increase supporting Africa
2022-09-07 05:05:45,Egypt reaffirms support for Palestinian cause
2022-09-07 01:02:16,"Egypt, Algeria vow to strengthen ties, step up coordination"
2022-09-07 02:13:30,Pakistan floods still affect over 33 mln people: UN
2022-09-07 02:16:45,Vietnamese delegation visits Israel for agricultural cooperation
2022-09-06 23:28:45,Chinese film festival brings 100-years of history to Malaysian audiences
2022-09-07 05:22:00,Italy greenlights Omicron-adapted COVID-19 booster shots
2022-09-07 06:26:45,Bolivia records nearly 100 monkeypox cases in over a month
2022-09-07 04:58:15,"France's first zero-emission ferry to link Marseille, Corsica"
2022-09-07 05:26:00,"U.S. reports over 20,000 monkeypox cases"
2022-09-07 04:49:00,U.S. toddler shoots 5-month-old baby at home
2022-09-07 07:16:30,U.S. stocks fall as investors assess Fed's policy path
