﻿2022-04-06 20:04:33,"Xinhua Headlines: China sends nearly 40,000 medics to Shanghai in tough fight against Omicron"
2022-04-07 21:26:14,New int'l land-sea transport service to Indo-China Peninsula launched
2022-04-07 19:10:16,Neighboring province aids Shanghai COVID-19 battle 
2022-04-07 07:19:28,Pharmacy in Shanghai stays in business to deliver medicines
2022-03-20 08:17:09,24 Solar Terms: Spring Equinox 
2022-03-23 10:21:55,
2022-03-31 11:12:50,GLOBALink | Shopkeeper in grand bazaar in Xinjiang
2022-04-05 07:15:59,24 Solar Terms: Qingming
2022-04-05 22:00:17,Across China: More young Chinese positive about writing wills
2022-04-06 21:30:32,
2022-04-06 13:53:15,Shanghai conducts new round of citywide COVID-19 screening
2022-04-06 19:31:15,China calls for restraint surrounding Bucha incident
2022-04-06 18:24:01,China vows to adhere to dynamic zero-COVID approach as cases spike
2022-04-06 11:06:45,"Chinese, Canadian FMs hold talks over phone"
2022-04-06 16:06:46,GLOBALink | Iconic China-gifted bridge opens in Manila
2022-04-06 09:50:29,"Chinese mainland reports 1,383 new local COVID-19 cases"
2022-04-06 18:05:59,China to regulate use of Chinese characters
2022-04-06 22:01:20,
2022-04-06 10:33:45,Another makeshift hospital under construction in Shanghai
2022-04-06 09:49:46,No casualties reported after 5.1-magnitude quake hits China's Sichuan
2022-04-06 20:03:16,China urges U.S. to cancel proposed arms sales to Taiwan
2022-04-06 15:28:35,China strengthens legal aid for abducted women
2022-04-06 09:36:30,Feature: Service robots aid Shanghai's epidemic fight
2022-04-07 21:02:01,Chinese mainland warns against Pelosi's Taiwan visit plan
2022-04-07 21:26:14,New int'l land-sea transport service to Indo-China Peninsula launched
2022-04-07 23:49:56,Upgraded China-New Zealand FTA comes into effect
2022-04-07 20:19:00,Neighboring provinces aid Shanghai's COVID-19 battle
2022-04-07 21:39:40,Chinese vice premier calls for all-out efforts to stabilize employment
2022-04-07 00:34:31,Chinese premier stresses maneuvering monetary policy tools to bolster real economy
2022-04-07 00:54:30,"China urges U.S., U.K., Australia to abandon Cold War mindset"
2022-04-07 22:01:30,"China demands ""immediate cancellation"" of Pelosi's Taiwan visit plan"
2022-04-07 21:50:26,Three dead in south China market fire
2022-04-07 10:51:45,China launches new satellite for Earth observation
2022-04-07 17:02:15,China amends regulations to further cut red tape
2022-04-07 16:26:00,Chinese satellite ground station receives Landsat-9 data
2022-04-07 21:40:57,Medics from Fujian leave for Shanghai to aid in battle against COVID-19 resurgence
2022-04-07 11:21:46,China welcomes int'l assessment of documents about U.S. biological military activities
2022-04-07 20:07:44,New marine reptile in dinosaur's age identified in south China
2022-04-07 19:13:30,Sitting Tai Chi exercises help improve stroke recovery: study
2022-04-07 12:35:41,Chinese Wisdom in Xi's Words: The key to running a country is making its people better off
2022-04-08 09:58:14,Chinese shares open higher Friday
2022-04-08 08:44:45,5.3-magnitude quake hits waters off Taiwan: CENC
2022-04-08 09:33:00,"1,867 COVID-19 patients discharged from hospitals on Chinese mainland"
2022-04-08 00:55:59,Chinese FM holds phone talks with French president's diplomatic counselor
2022-04-08 09:39:00,"Chinese mainland reports 1,540 new local confirmed COVID-19 cases"
2022-04-08 09:53:00,Market exchange rates in China -- April 8
2022-04-08 02:02:17,First stage of emergency hospital project handed over to Hong Kong authorities
2022-04-08 08:08:39,GLOBALink | Junior football team on edge of desert in Xinjiang
2022-04-08 09:18:59,"Interview: Britain-China cooperation helps build greener future for world, says City of London mayor"
2022-04-08 09:52:14,Chinese yuan strengthens to 6.3653 against USD Friday
2022-04-08 07:04:41,Chinese embassy in U.S. urges Washington to cancel Pelosi's trip to Taiwan
2022-04-08 02:19:17,National security advisers pledge support for Macao SAR in safeguarding national security
2022-04-08 10:15:16,Chinese FM holds phone talks with French president's diplomatic counselor
