﻿2022-06-27 18:19:44,Jakarta-Bandung HSR No.1 casting yard completes box girders erection
2022-06-28 05:46:14,"Russian, Brazilian presidents discuss global food security, bilateral relations"
2022-06-25 22:01:00,Pro-gov't military leader shot dead by unidentified gunmen in Yemen's Marib
2022-06-25 19:35:31,"Suspected nightclub shooting kills two, injures 21 in Oslo: police"
2022-06-25 22:34:15,Biden signs gun bill as shootings continue to take toll on U.S.
2022-06-25 01:19:00,U.S. Supreme Court ruling overturns landmark decision on abortion rights
2022-06-25 06:23:45,"IMF chief sees ""narrowing path"" to avoiding U.S. recession"
2022-06-25 20:06:44,Somali parliament approves appointment of Barre as PM
2022-06-26 20:59:30,"G7 summit opens amid lower expectations, protests"
2022-06-26 22:53:59,Cambodia's ruling party thanks people for overwhelmingly voting for it in commune polls
2022-06-26 00:34:45,Turkey's concerns not eased on Finland and Sweden's NATO bid: Erdogan
2022-06-26 10:32:43,Multi-country monkeypox outbreak not public health emergency: WHO
2022-06-26 16:32:45,Social groups call for peace ahead of NATO's Madrid summit
2022-06-26 13:55:15,Explosions occur in Ukraine's capital
2022-06-27 18:46:45,Bulgarian PM submits government's resignation
2022-06-27 01:22:30,South African president mourns for 22 teenagers dead in tavern
2022-06-27 23:55:00,Sri Lankan president orders to import fuel immediately
2022-06-27 12:47:00,Ecuador could halt oil production in 48 hours due to protests: official
2022-06-27 04:01:28,"Saudi crown prince, Iraqi PM meet on bilateral ties"
2022-06-27 11:43:00,Canada sends 2 ships to enhance NATO readiness in Baltic region
2022-06-27 16:09:30,S.Korea still committed to dialogue with DPRK: minister
2022-06-27 01:14:30,"G7 summit opens amid lower expectations, protests"
2022-06-27 21:30:31,
2022-06-27 22:02:30,
2022-06-27 18:19:44,Jakarta-Bandung HSR No.1 casting yard completes box girders erection
2022-06-28 05:18:28,Turkey busts money laundry ring supporting IS: media
2022-06-28 06:03:43,"Worst of inflation over, says Brazil's Central Bank president"
2022-06-28 04:03:30,UN Ocean Conference aims to map seafloor by 2030
2022-06-28 03:31:30,Turkey objects to unilateral sanctions against Iran: FM
2022-06-28 05:30:46,"China calls for urgent, decisive actions on Palestinian-Israeli issue"
2022-06-28 04:17:29,"Ukrainian, Moldovan presidents meet on cooperation, EU integration"
2022-06-28 07:03:45,UN official calls for making elections happen in Libya
2022-06-28 07:00:45,Argentine central bank tightens access to forex market for importers
2022-06-28 05:30:44,"China, some 90 countries highlight economic, social and cultural rights at UN session"
2022-06-28 05:20:45,"Israel reports 11,483 new COVID-19 cases, highest since late March"
2022-06-28 05:51:43,Hamas says health conditions of Israeli captive in Gaza deteriorates
2022-06-28 05:47:45,"Amtrak train derails in U.S. Missouri after striking dump truck, injuries reported"
2022-06-28 07:03:45,UN official calls for making elections happen in Libya
2022-06-28 05:56:45,Sudan to file complaint to UN against Ethiopia over killing Sudanese
2022-06-28 03:44:29,Sudan launches 1st direct maritime shipping route to China
2022-06-28 09:13:00,China-donated earthquake relief supplies arrive in Afghanistan
2022-06-28 09:13:01,"Solomon Airlines to resume flights to Australia, Pacific neighbors"
2022-06-28 09:22:00,Australian population doubles in 50 years: national census
2022-06-28 03:31:30,Turkey objects to unilateral sanctions against Iran: FM
2022-06-28 06:24:46,Roundup: UK's bill rewriting Northern Ireland Protocol passes first parliamentary hurdle
2022-06-28 06:24:44,EU Council adopts regulation on gas storage
2022-06-28 07:18:45,Federal agency sends team to investigate deadly Amtrak derailment in U.S. Missouri
2022-06-28 09:39:15,U.S. New Mexico governor issues order to protect access to abortion
2022-06-28 09:40:15,"At least 40 found dead in truck in San Antonio, Texas: local media"
