﻿2022-05-02 21:10:45,China's dynamic zero-COVID policy benefits the world
2022-05-03 19:42:12,Beijing's 12 districts carry out three rounds of nucleic acid screening
2022-05-03 07:22:51,Medics maintain efficient emergency medical services amid COVID-19 resurgence in Beijing
2022-05-04 23:25:01,China sets up world's highest automatic weather station
2022-05-04 07:23:36,Meteorological support team launched in safeguards of Mt. Qomolangma expedition
2022-04-13 15:15:51,GLOBALink | Female livestreamer helps locals increase income in Xinjiang
2022-04-20 07:23:15,24 Solar Terms: Grain Rain
2022-04-24 08:18:05,GLOBALink | Parkour teenagers in ancient city of Kashgar
2022-05-02 23:00:15,Eighth person rescued in Changsha building collapse
2022-05-02 22:59:00,"Hong Kong's secondary schools, kindergartens to resume face-to-face classes in phases"
2022-05-02 22:58:16,Update: Beijing reports 41 new local COVID-19 cases
2022-05-02 16:32:28,Across China: Archaeology museum offers public closer look at history
2022-05-02 11:50:43,"4,662 COVID-19 patients discharged from hospitals on Chinese mainland"
2022-05-03 09:38:45,"Chinese mainland reports 368 new local confirmed COVID-19 cases, 274 in Shanghai"
2022-05-03 21:03:45,Hong Kong's economy down 4 pct in Q1: advance estimates
2022-05-03 19:10:16,Annual list of recipients of top honor for young Chinese unveiled
2022-05-03 10:59:00,Ninth person rescued in Changsha building collapse
2022-05-03 17:28:43,Xi Focus: Xi encourages youth to help boost China's aerospace sci-tech self-reliance
2022-05-03 09:24:43,"Shanghai reports 274 confirmed, 5,395 asymptomatic local COVID-19 cases"
2022-05-03 16:54:32,
2022-05-03 19:49:26,Beijing reports 53 new local COVID-19 cases
2022-05-03 12:48:15,Xi encourages youth to help boost China's aerospace sci-tech self-reliance
2022-05-03 22:12:45,China calls for more efforts to protect revolutionary cultural relics
2022-05-04 22:04:34,Shanghai FTZ's Lingang new area welcomes first foreign bank
2022-05-04 16:19:23,Chinese envoy urges biggest contributor to fulfill UN financial duties
2022-05-04 14:43:45,"Xiplomacy: Xi promotes exploration of outer space, advances global cooperation"
2022-05-04 23:25:01,China sets up world's highest automatic weather station
2022-05-04 21:48:45,
2022-05-04 21:44:13,"China's central bank steps up support for clean, efficient coal use"
2022-05-04 21:15:15,HKSAR gov't appeals for elderly persons to undergo frequent COVID-19 testing
2022-05-04 22:59:01,
2022-05-04 14:09:45,China sets up world's highest automatic weather station
2022-05-04 12:49:30,Across China: Chinese scientists make breakthroughs in captive breeding of Malayan pangolins
2022-05-04 12:57:28,Chinese scientific expedition team reaches Mt. Qomolangma summit
2022-05-04 20:12:56,Across China: Young Chinese a new force in rural revitalization
2022-05-04 20:58:56,Young people devote themselves into volunteering work at front line of fight against COVID-19 in Beijing
2022-05-04 16:04:14,Chinese embassy rebukes Washington's false claims against China over Ukraine issue
2022-05-04 12:46:45,China Focus: Youth blossoming in China's new economy
2022-05-04 20:56:11,German imports from China up 15.8 pct in March
2022-05-04 16:01:17,Chinese scientific expedition team reaches Mt. Qomolangma summit
2022-05-04 22:13:30,"China-Laos Railway sees brisk passenger, cargo transport over inaugural 5 months"
2022-05-04 22:58:19,China sees 160 mln domestic tourist trips during May Day holiday
2022-05-04 21:14:12,"Interview: China to ensure smooth logistics, strengthen support for transport firms"
2022-05-04 23:51:42,China's migrant workers enjoy higher income in 2021
2022-05-04 20:33:58,"Across China: Safeguarding source of China's ""mother river"""
2022-05-05 01:58:58,"10 rescued, 5 dead in central China building collapse"
2022-05-05 07:30:12,24 Solar Terms: Start of Summer
2022-05-05 07:06:05,Farmers working in fields across China
2022-05-05 02:16:13,"10 rescued, 5 dead in central China building collapse"
2022-05-05 00:06:46,"Across China: ""Maritime highway"" facilitates China-ROK trade"
