﻿2022-07-03 15:27:20,
2022-07-05 00:27:30,France's Macron reshuffles cabinet
2022-07-01 11:12:00,World Insights: U.S. Supreme Court in recess following series of consequential rulings
2022-07-01 22:16:46,Eurozone's June inflation surges to record 8.6 pct
2022-07-01 22:58:56,UNESCO launches new State of the Ocean Report
2022-07-01 20:24:00,Turkey detains 13 IS suspects
2022-07-01 22:28:00,UN coordinator warns humanitarian crisis in Lebanon
2022-07-02 06:21:42,"Macron, Albanese discuss future France-Australia relations"
2022-07-02 17:06:30,"Death toll in India's massive landslide rises to 27, search operations continue"
2022-07-02 20:18:02,Roundup: More experts urge U.S. gov't to scrap additional tariffs on Chinese imports
2022-07-02 07:15:41,U.S. stocks rise after S&P 500's worst half year in decades
2022-07-02 22:36:30,Nigerian president welcomes berthing of first ship at new deep seaport
2022-07-02 04:36:30,UN verification scheme for Yemen in urgent need of funds
2022-07-02 14:10:42,U.S. California officials join Chinese community to protest against rising hate crimes
2022-07-03 14:37:01,New Delhi slams U.S. panel report on religious freedom in India
2022-07-03 10:03:45,New York passes new law after U.S. Supreme Court ruling on gun-carrying in public
2022-07-03 12:05:00,Bullet killing Al Jazeera journalist handed to U.S. for examination: Palestinian official
2022-07-04 10:41:32,Monkeypox cases in Brazil rise to 76
2022-07-04 10:50:45,Peru reports 70 pct increase in COVID-19 cases between June 19 and 25
2022-07-04 22:28:29,
2022-07-04 01:54:26,"Time, venue of new round of nuclear talks being finalized: Iranian negotiator"
2022-07-04 03:48:30,Chinese organizations donate clean water facilities to schools in southern Ethiopia
2022-07-04 17:30:46,
2022-07-04 04:21:30,"Several killed, injured in Copenhagen shopping mall shooting: police"
2022-07-04 21:01:45,Heat-beating retail goods jump off shelves as Japan scorched by heatwave
2022-07-04 17:26:57,ECOWAS appoints former Beninese president as mediator for Guinea
2022-07-05 04:36:44,Saudi Arabia allocates 5.33 bln USD against rising global prices
2022-07-05 07:56:07,Abortion rights rally held in Vancouver
2022-07-05 04:44:45,"Kiev says Ukraine's military operation in Lugansk region ""successful"""
2022-07-05 02:23:30,6 killed in shooting at Independence Day parade in U.S. Illinois
2022-07-05 03:06:44,"U.S. threatens Iranians' economic, health rights: gov't spokesman"
2022-07-05 08:00:00,Independence Day mass shooting in Chicago suburb sends shock waves through U.S.
2022-07-05 03:37:42,Israel raises base interest rate from 0.75 pct to 1.25 pct
2022-07-05 06:35:59,At least 22 civilians killed in Burkina Faso attack
2022-07-05 03:46:44,Chinese off-road cars debut in Saudi Arabia
2022-07-05 05:19:45,Peru's monkeypox cases climb to 15
2022-07-05 03:56:45,Death toll rises to 7 in Italian glacier landslide
2022-07-05 05:43:42,Libyan gov't says 210 mln USD spent to maintain power plants
2022-07-05 06:35:59,At least 22 civilians killed in Burkina Faso attack
2022-07-05 06:55:00,Egypt's budget deficit drops to 6.1 pct of GDP in 2021/22 fiscal year
2022-07-04 23:31:14,"Japanese telecom company almost recovers from large-scale disruption, compensation to be discussed"
2022-07-04 23:58:14,"Chinese FM hails Lancang-Mekong cooperation on fight against COVID-19, connectivity, livelihood"
2022-07-05 00:06:30,Singapore's manufacturing PMI declines to 50.3 in June
2022-07-05 07:36:11,"Wildfire breaks out in Schimatari, Greece"
2022-07-05 05:58:45,Bundesbank chief calls for restrictive monetary policy to tame inflation
2022-07-05 05:12:45,Italy declares state of emergency to confront drought
2022-07-05 07:56:06,Abortion rights rally held in Vancouver
2022-07-05 04:57:45,Final settlement agreement on compensation signed for Canadian First Nations children
2022-07-05 08:00:00,Roundup: Independence Day mass shooting in Chicago suburb sends shock waves through U.S.
