﻿2022-05-06 22:44:31,"China, Indonesia vow to safeguard peace, stability in East Asia"
2022-05-06 21:14:42,Junior and senior high schools resume classes for graduating students in Shenyang 
2022-05-07 21:18:43,"Serbia, China honor Chinese martyrs killed in NATO bombing"
2022-05-07 11:26:00,China prepares to launch Tianzhou-4 cargo spacecraft
2022-05-08 09:28:15,"China's BRI projects greatly benefit Cambodian economy, people: officials, experts"
2022-04-13 15:15:51,GLOBALink | Female livestreamer helps locals increase income in Xinjiang
2022-04-20 07:23:15,24 Solar Terms: Grain Rain
2022-04-24 08:18:05,GLOBALink | Parkour teenagers in ancient city of Kashgar
2022-05-05 07:30:12,24 Solar Terms: Start of Summer
2022-05-06 23:57:45,Vice premier inspects soybean production in NE China
2022-05-06 21:23:14,China to make county towns priority in new phase of urbanization
2022-05-07 23:06:15,Vice premier stresses safety of self-built residential structures
2022-05-07 10:09:43,"Chinese mainland reports 345 new local confirmed COVID-19 cases, 253 in Shanghai"
2022-05-07 21:38:29,
2022-05-07 14:04:14,"Shanghai postpones entrance examinations for college, senior high"
2022-05-07 21:51:58,China to promote urbanization through development of county seats
2022-05-07 21:18:43,"Serbia, China honor Chinese martyrs killed in NATO bombing"
2022-05-07 20:07:30,"Xinhua Commentary: China's epidemic control approach science-based, effective"
2022-05-07 19:31:26,82 pct of senior residents in China fully vaccinated against COVID-19
2022-05-07 23:09:13,"Chinese premier stresses effort to stabilize employment, attain annual target"
2022-05-07 22:14:15,China deeply saddened by Havana explosion fatalities: FM spokesperson
2022-05-07 12:40:13,China releases Chang'e-5 payloads' scientific datasets
2022-05-07 20:54:43,Dates set for China's 2022 national college entrance exam
2022-05-07 21:36:00,"Chinese premier stresses effort to stabilize employment, attain annual target"
2022-05-07 18:46:29,
2022-05-07 21:20:01,China int'l big-data online expo slated for May 26
2022-05-07 10:57:58,Xinhua Commentary: China's effective anti-pandemic efforts bespeak institutional strength
2022-05-07 18:56:28,Senior legislators meet to deliberate laws
2022-05-07 20:39:45,"China Focus: ""Chef course"" for school kids stokes spirited discussions online"
2022-05-07 11:40:18,Massive carbon emissions reduce biodiversity 300 mln years ago: study
2022-05-07 11:26:00,China prepares to launch Tianzhou-4 cargo spacecraft
2022-05-07 21:43:00,Preparations in place for HKSAR's sixth-term chief executive election
2022-05-07 17:30:29,
2022-05-07 17:31:15,Xinhua Commentary: China's dynamic zero-COVID policy continues yielding positive results
2022-05-07 21:19:00,"Interview: Green investment to be major growth driver for China, New Development Bank VP says"
2022-05-07 21:29:38,"View of Mount Fanjing in Tongren City, Guizhou "
2022-05-07 21:35:00,Malagasy official thanks China for supporting African countries in agricultural development
2022-05-08 09:12:21,Polling begins for HKSAR's sixth-term chief executive election
2022-05-08 09:34:16,"1,115 COVID-19 patients discharged from hospitals on Chinese mainland"
2022-05-08 10:59:29,"Chinese mainland reports 319 new local COVID-19 cases, 215 in Shanghai"
2022-05-08 10:28:26,Backgrounder: HKSAR's sixth-term chief executive election
2022-05-08 09:31:15,"Chinese mainland reports 319 new local COVID-19 cases, 215 in Shanghai"
2022-05-08 11:03:30,China Bond Connect market reports active trading in April
