﻿2022-03-05 23:44:15,Chinese leaders attend deliberations at annual legislative session
2022-03-05 19:54:47,"Xinhua Headlines: China sets 2022 GDP target at around 5.5 pct, giving a shot in arm to world recovery"
2022-03-06 20:54:45,High-quality development paves China's path toward modernization
2022-03-06 22:35:45,"Chinese premier stresses promoting sustained, sound economic and social development"
2022-03-07 00:14:58,Chinese leaders join discussions with political advisors
2022-03-07 22:16:46,Xi Focus: Xi stresses running military in accordance with law
2022-03-07 17:34:15,Land-sea trade corridor facilitates car imports from Middle East to China
2022-03-07 22:47:00,COVID-19 control top priority for Hong Kong: vice premier
2022-03-07 16:22:39,CPPCC members deliver speeches at main venue of video conference of annual session
2021-12-02 15:05:53,Mounting artist's dream of painting shrimps
2021-12-02 15:05:44,Artisan introduces charm of wooden art and leatherware to people
2022-02-16 13:39:13,Stories of Jingdezhen in the Imperial Kiln: Famille verte wares from the Reigns of Jiajing and Wanli
2022-02-17 12:56:46,Stories of Jingdezhen in the Imperial Kiln: Designs for the Imperial Kiln
2022-03-03 20:45:46,Cultural China: Preparedness averts peril
2022-03-05 21:28:28,"Advisory: Schedules for China's ""two sessions"" on March 6"
2022-03-05 23:54:15,"China mulls amending law on local legislatures, governments"
2022-03-05 23:44:15,Chinese leaders attend deliberations at annual legislative session
2022-03-05 21:48:46,Explainer: Prudent Chinese defense budget growth ensures broad public security
2022-03-06 18:03:03,GLOBALink | Our life in Xinjiang is wonderful: National lawmaker from Xinjiang
2022-03-06 14:47:00,"China Focus: Grassroots voice heard at China's annual ""two sessions"""
2022-03-06 21:06:15,Feature: Petite scientist with a big mission
2022-03-06 16:40:00,Second batch of Chinese evacuee flights from Ukraine returns home
2022-03-06 16:47:03,
2022-03-06 17:42:47,GLOBALink | High expectations for a splendid Beijing Winter Paralympics
2022-03-06 20:19:02,"Chinese FM to meet press on foreign policy, relations"
2022-03-06 14:25:00,Ancient rock painting complex found in NW China
2022-03-06 00:07:13,Across China: American expat seeks to promote Chinese culture through cooking shows
2022-03-07 20:23:01,Chinese vice premier extends Int'l Women's Day greetings
2022-03-07 22:36:01,China strengthens public interest litigation to protect minors
2022-03-07 23:26:15,China's top political advisory body holds 2nd plenary meeting of annual session
2022-03-07 16:17:18,"China, India should be partners rather than rivals: FM"
2022-03-07 21:42:29,HKSAR gov't says fresh food supply from Chinese mainland is stable
2022-03-07 18:52:29,"New vaccine gives dual protection against SARS-CoV-2, influenza: study"
2022-03-07 19:24:30,China unveils guidelines for standards on 'internet of vehicles'
2022-03-07 21:50:30,China Focus: Chinese FM urges bringing China-U.S. relations back on right track
2022-03-07 23:47:30,"HKSAR gov't should uphold ""dynamic zero infection"" approach with phased plan: mainland expert"
2022-03-07 16:21:15,3.8 mln more COVID-19 vaccine doses administered on Chinese mainland
2022-03-07 17:02:53,Chinese-aided landmark hospital inaugurated in eastern Cambodia
2022-03-07 22:22:00,"Advisory: Schedules for China's ""two sessions"" on March 8"
2022-03-07 21:49:31,New fossil fish species found on Qinghai-Tibet Plateau
2022-03-07 22:16:46,Xi Focus: Xi stresses running military in accordance with law
2022-03-07 16:09:17,Taiwan question differs in nature from Ukraine issue: Chinese FM
2022-03-07 16:10:01,Chinese FM urges bringing China-U.S. relations back on right track
2022-03-07 20:56:15,"Decade of Miracles: Green is gold, how Xi's thought fosters China's green transformation"
2022-03-07 22:47:00,COVID-19 control top priority for Hong Kong: vice premier
2022-03-07 18:43:14,Chinese mainland-listed companies have higher proportion of female chiefs than global average: report
2022-03-07 23:01:13,China's robust GDP growth target relatively high: WSJ
2022-03-07 22:36:01,Guangdong carbon market closes lower
2022-03-08 07:43:25,Daily life in Hong Kong amid pandemic
2022-03-08 01:31:43,Macao hosts 2nd Cultural Week of China for Portuguese-speaking public
2022-03-08 00:38:30,"Chinese, Hungarian FMs hold phone talks"
2022-03-08 04:19:00,China's female astronaut sends Int'l Women's Day greetings from space
2022-03-08 00:20:30,Chinese FM holds phone conversation with top EU diplomat
2022-03-08 00:48:30,HKSAR gov't launches platform for submitting COVID-19 rapid test results
