﻿2022-04-30 16:23:45,Feature: Bangladesh capital sees rush of Eid travelers
2022-04-30 00:48:13,Budapest's major logistics hub promotes Sino-EU trade cooperation
2022-04-28 15:57:57,"""Test to treat"" chaos latest setback for U.S. COVID-19 pandemic response: FT"
2022-04-28 15:41:00,Feature: Bangladesh port rejuvenated by Chinese dredging
2022-04-28 16:11:13,Lifting of COVID mask mandate on U.S. transportation horrifies health experts: The Guardian
2022-04-28 20:48:14,U.S. GDP declines 1.4 pct in Q1 amid Omicron surge
2022-04-29 23:53:29,Missing tourist boat located underwater off Japan's Hokkaido
2022-04-29 03:20:58,"U.S. economy shrinks in Q1 amid Omicron surge, high inflation, raising recession fear"
2022-04-29 22:59:28,"At least 10 killed, 20 wounded in Kabul mosque explosion"
2022-04-29 04:41:00,"Ukrainian president, UN chief discuss evacuation from Mariupol"
2022-04-29 12:43:56,"Saudi Arabia's king, crown prince meet Turkish president in Jeddah"
2022-04-29 00:40:45,Radiation levels at Ukraine's Chernobyl plant within safe range: IAEA
2022-04-29 15:04:41,Pakistan strongly condemns terrorist attacks in Afghanistan's Mazar-i-Sharif
2022-04-29 20:40:28,Explosion in mosque causes multiple casualties in Kabul
2022-04-29 02:08:46,Biden requests 33 bln USD from Congress in aid to Ukraine
2022-04-30 14:34:32,
2022-04-30 04:09:01,"142 food trucks, 10 fuel tankers reach Ethiopia's Tigray: UN"
2022-04-30 16:23:45,Feature: Bangladesh capital sees rush of Eid travelers
2022-04-30 02:30:41,New Analysis: Euro nearing five-year low stoking recession fears
2022-04-30 11:26:45,Ecuadoran president declares state of emergency in 3 provinces
2022-04-30 12:56:44,
2022-04-30 20:10:43,In pics: Islamic holy month of Ramadan in Addis Ababa
2022-04-30 15:45:30,Turkey summons German ambassador amid row over Kavala verdict
2022-04-30 06:32:15,Peruvian president arrives in Ecuador to preside over Binational Cabinet meeting
2022-04-30 05:47:58,Dow plunges over 900 points amid market sell-off
2022-04-30 03:15:58,Majority of U.S. small businesses to raise prices further on higher costs: survey
2022-04-30 05:16:58,Brazilian tourism spending abroad jumps 173 pct
2022-04-30 04:10:58,UN chief on Ramadan solidarity visit to Africa
2022-04-30 10:07:45,"U.S. official COVID-19 counts not ""reliable"" due to unrecorded at-home tests: report"
2022-04-30 00:50:43,Eurozone inflation increases to 7.5 pct as economy slows down
2022-04-30 01:14:43,Security Council approves yet another technical rollover for mandate of UN mission in Libya
2022-05-01 07:31:06,"Mother's Day marked in Kathmandu, Nepal"
2022-05-01 03:53:43,Feature: Slack Eid business disheartens Palestinian retailers amid tough economy
2022-05-01 07:36:28,Cape Town residents donate bottled water to victims of flooding
2022-05-01 05:30:41,2 rockets hit air base housing U.S. experts in W. Iraq: military
2022-05-01 03:06:28,Feature: U.S.-led sanctions cripple Ramadan charity work in Syria
2022-05-01 05:18:45,"Feature: Weak economy, political impasse spoil Sudanese Eid joy"
2022-05-01 07:36:26,Cape Town residents donate bottled water to victims of flooding
2022-05-01 06:16:45,8 children killed in tricycle accident in Egypt's Nile Delta
2022-05-01 07:31:05,"Mother's Day marked in Kathmandu, Nepal"
2022-05-01 07:24:01,Heat wave impacts on India's wheat yield
2022-05-01 07:14:54,"Handmade Market held in Canberra, Australia"
2022-05-01 01:17:28,"Ukrainian president, British PM discuss defensive support for Ukraine"
2022-05-01 07:28:28,Motorcycle parade marks opening of motorcycle season
2022-05-01 02:04:30,World Taiji Day marked in Malta
2022-04-30 23:07:56,Experts urge effective problem-solving mode in China-U.S. ties
2022-05-01 00:33:11,"3 injured, over thousand escape nightclub fire in U.S. Houston"
2022-04-30 23:56:16,More teenagers carry handguns in U.S.: ABC News
