﻿2022-03-26 19:54:27,Volunteers help rescue and search work at plane crash site in Guangxi
2022-03-26 21:02:49,Rescuers conduct search and rescue work at core site of recent plane crash in Guangxi
2022-03-27 14:44:16,"New freight train route links China's Chongqing, Vietnam"
2022-03-27 18:41:30,China's Tianzhou-2 cargo craft leaves space station core module
2022-03-27 00:52:45,All 132 people on board China's crashed plane dead
2022-03-27 19:46:43,Victims of China plane crash mourned
2022-03-05 13:57:44,24 Solar Terms: Awakening of Insects
2022-03-16 13:03:05,GLOBALink | County of music
2022-03-20 08:17:09,24 Solar Terms: Spring Equinox 
2022-03-23 10:21:55,
2022-03-25 21:10:45,China's Hualong One reactor demonstration project fully operational
2022-03-26 11:18:00,"Chinese mainland reports 1,280 new local COVID-19 cases"
2022-03-26 15:48:45,Cultural China: People are the foundation of the state
2022-03-26 12:57:02,"Chinese FM calls for long-term vision, win-win cooperation in ties with India"
2022-03-26 19:39:27,Hong Kong's COVID-19 control focuses on elderly care homes
2022-03-26 20:19:31,Shanghai using antigen testing to screen COVID-19 infections
2022-03-26 21:52:58,Beijing's key pollution reading down 33 percent in Jan-Feb
2022-03-26 16:45:45,Taiwan reports 103 new COVID-19 cases
2022-03-27 18:17:31,Second black box of crashed China plane recovered
2022-03-27 18:54:31,China's trust assets expand in 2021
2022-03-27 22:12:06,Press conference held on Flight MU5735 aircraft accident in Guangxi
2022-03-27 22:38:17,"5,800 cases of Party conduct violation investigated in Feb."
2022-03-27 18:21:30,Victims of China plane crash mourned
2022-03-27 04:02:45,Nepali PM meets Chinese FM on boosting practical cooperation
2022-03-27 11:02:45,"Books on studies, practice of Xi Jinping's economic thought published"
2022-03-27 19:26:43,China Development Bank ups financial support for rural revitalization in 2021
2022-03-27 23:05:15,Victims of China plane crash mourned
2022-03-27 14:11:45,"New freight train route links China's Chongqing, Vietnam"
2022-03-27 16:00:15,Over 14 million Shanghai residents take COVID-19 antigen testing
2022-03-27 11:59:45,Second black box of crashed China plane recovered
2022-03-27 11:20:30,Second black box of crashed China plane recovered
2022-03-27 17:02:16,Taiwan reports 203 new COVID-19 cases
2022-03-27 18:39:30,Book on vascular plants in Tianshan Mountains released
2022-03-27 09:49:15,"UNESCO, China's Gansu collaborate in cultural heritage protection"
2022-03-27 20:02:31,
2022-03-27 17:05:00,"GLOBALink | Xinjiang, My home: A family workshop promoting ethnic embroidery to outside world"
2022-03-27 16:48:16," GLOBALink | Mourning for air crash victims held in Guangxi, China"
2022-03-27 09:42:15,"Chinese mainland reports 1,217 new local COVID-19 cases"
2022-03-27 18:41:30,China's Tianzhou-2 cargo craft leaves space station core module
2022-03-27 03:29:45,"Chinese FM reaffirms friendly policy, win-win cooperation with Nepal"
2022-03-27 16:36:15,Victims of China plane crash mourned
2022-03-27 21:57:15,Chinese vice premier urges reinforcing poverty-elimination achievements
2022-03-27 11:01:45,Second black box of crashed China plane recovered: official
2022-03-27 10:50:45,"Chinese mainland reports 1,217 new local COVID-19 cases"
2022-03-27 19:46:43,Victims of China plane crash mourned
2022-03-27 16:39:30,China's Tianzhou-2 cargo craft leaves space station core module
2022-03-27 19:09:45,China's interbank bond market cash bond trading rises in February
