﻿2022-08-20 02:40:30,China to step up support for people in difficulty to effectively meet basic living needs
2022-08-20 20:34:30,Vocational education conference in China offers platform for int'l exchanges
2022-08-20 22:49:00,China launches S&T activities to inspire innovation
2022-08-20 00:47:00,"World conference on vocational, technical education opens in north China"
2022-08-21 17:06:05,China Focus: Pairing assistance promotes common prosperity in Tibet
2022-08-21 23:49:30,China begins shipment of high-speed trains to Indonesia
2022-08-21 00:30:45,"WRC showcases latest robotic technology, products in Beijing"
2022-08-22 07:23:28,TCM used to fight against COVID-19 in S China's Sanya
2022-06-20 08:55:04,"GLOBALink | See you again, Bayanbulak"
2022-06-21 07:36:44,24 Solar Terms: Summer Solstice
2022-07-07 07:14:05,24 Solar Terms: Lesser Heat
2022-07-23 07:29:03,24 Solar Terms: The Great Heat
2022-08-17 18:06:30,Across China: German vlogger amazed by China's ethnic cultures
2022-08-19 22:52:30,Chinese FM holds phone talks with French president's diplomatic counselor
2022-08-19 20:40:00,"Chinese embassies, consulates stand ready to help overseas Taiwan compatriots: spokesperson"
2022-08-20 16:40:00,"Xinhua Commentary: Joint communiques are the most reliable ""guardrails"" for China-U.S. relations"
2022-08-20 01:20:16,Chinese vice premier urges greater efforts to boost employment
2022-08-20 10:14:15,Beijing sees better air quality in January-July period
2022-08-20 22:32:15,Commissioner's office of Chinese Foreign Ministry in HKSAR urges external forces to stop meddling with Hong Kong's rule of law
2022-08-20 01:45:30,Vice premier urges efforts to beef up COVID-19 control in Hainan
2022-08-20 20:57:15,China renews red alert for high temperatures
2022-08-20 10:26:15,Chinese mainland reports 578 new local confirmed COVID-19 cases
2022-08-20 19:05:15,Wild giant panda caught on camera in China's Sichuan
2022-08-20 14:00:45,China Focus: China produces notable achievements in cyberspace building over past 10 yrs
2022-08-20 22:21:00,China Focus: Chinese vocational workshops help with training overseas
2022-08-20 20:49:30,Work team sent to China's Qinghai to guide rescue efforts
2022-08-21 00:46:45,Relics exhibition reveals metallurgy mysteries along ancient Silk Road
2022-08-21 21:08:15,Vocational education powers China's manufacturing upgrading
2022-08-21 20:26:00,China's Hainan to resume fishery production as COVID-19 wanes
2022-08-21 12:14:15,China issues highest alert for high temperatures
2022-08-21 17:06:05,China Focus: Pairing assistance promotes common prosperity in Tibet
2022-08-21 18:38:00,Chinese medical team provides free health care services in rural Cameroon
2022-08-21 19:37:45,"U.S. attempts to use Taiwan question to contain China doomed to fail, Pakistani analysts say"
2022-08-21 23:51:15,Chinese vice premier urges eliminating community COVID-19 spread in island province
2022-08-21 20:07:30,Xinhua Commentary: Washington is to blame for tensions in Taiwan Straits
2022-08-21 17:14:00,"Interview: Congo-China friendship ""is not empty words"", says ex-Congolese FM"
2022-08-21 22:50:15,Economic Watch: China has favorable conditions for overall price stability
2022-08-21 21:55:16,
2022-08-21 15:05:02,
2022-08-21 21:53:26,3rd anniv. of launching of Lingang new area marked in Shanghai
2022-08-21 21:13:00,China Focus: Major rice-producing province revs up drought relief efforts
2022-08-21 21:16:30,Modern Yellow River began forming 1.25 million years ago: study
2022-08-21 20:30:31,
2022-08-21 23:49:30,China begins shipment of high-speed trains to Indonesia
2022-08-21 22:48:15,Three scientists win China's 2022 Future Science Prize
2022-08-21 00:30:45,"WRC showcases latest robotic technology, products in Beijing"
2022-08-21 20:26:45,"10,000 China-Europe freight train trips made in 2022"
2022-08-22 07:23:26,2022 Smart China Expo held in China's Chongqing
2022-08-22 00:02:45,"Across China: ""Summer economy"" booming in central China's Hubei"
2022-08-22 07:23:28,TCM used to fight against COVID-19 in S China's Sanya
