﻿2022-06-25 21:55:14,"Political advisors discuss protection of excellent culture, art of ethnic minorities"
2022-06-25 21:47:03,"BRICS cooperation injects vitality into global development, wins worldwide applause"
2022-06-25 00:25:45,"China's top political advisor underscores CPPCC's cultural, historical work"
2022-06-26 20:34:30,China's top political advisor meets with CPC members of Taiwan origin
2022-06-26 18:31:15,Xinhua Headlines: Xinjiang farmers indignant about being labeled by U.S. lies
2022-06-27 20:42:00,"Chinese vice premier meets exemplary groups, individuals of government offices administration"
2022-06-27 18:29:43,China's top legislator calls for enhanced China-Thailand relations
2022-06-27 19:16:45,Economic Watch: China's industrial profits improve on rebounding factory activities
2022-06-27 18:19:44,Jakarta-Bandung HSR No.1 casting yard completes box girders erection
2022-05-29 13:05:59,
2022-06-06 08:18:04,24 Solar Terms: Grain in Ear
2022-06-20 08:55:04,"GLOBALink | See you again, Bayanbulak"
2022-06-21 07:36:44,24 Solar Terms: Summer Solstice
2022-06-23 18:22:15,Across China: Technologies aid efforts to raise public awareness of cultural relic restoration
2022-06-23 18:20:13,China to establish national demonstration zones for IPR protection
2022-06-23 01:05:44,Veterans encouraged to work as teachers in China
2022-06-25 15:22:14,Sixth World Intelligence Congress opens in China's Tianjin
2022-06-25 03:00:14,Chinese vice premier urges progress on Hainan free trade port
2022-06-25 19:31:15,China's sci-tech talent is becoming more youthful
2022-06-25 11:29:45,"Beijing primary, middle schools announce reopening"
2022-06-26 22:54:01,Across China: SW China rehabilitation center helps people with drug addictions reintegrate into society
2022-06-26 20:09:30,"Hong Kong to distribute 190,000 RAT kits following sewage COVID-19 detection"
2022-06-26 20:34:30,China's top political advisor meets with CPC members of Taiwan origin
2022-06-27 12:31:00,China renews yellow alert for rainstorms in vast regions
2022-06-27 14:54:15,Chinese Wisdom in Xi's Words: Only when the granary is full will people learn etiquette
2022-06-27 21:35:28,Hong Kong keeps tracing COVID-19 through sewage surveillance
2022-06-27 22:34:32,
2022-06-27 17:19:45,Chinese researchers develop ultra-black coating
2022-06-27 15:57:29,"Chinese, Guyanese presidents exchange congratulations on 50th anniversary of diplomatic ties"
2022-06-27 00:46:15,Hong Kong's successes propelled by motherland's unwavering support
2022-06-27 20:23:00,China's road construction maintains sound momentum: official
2022-06-27 19:31:35,
2022-06-27 22:12:31,"Scenery in Ergun, China's Inner Mongolia"
2022-06-27 20:42:00,"Chinese vice premier meets exemplary groups, individuals of government offices administration"
2022-06-27 21:06:30,Senior Chinese official stresses canal protection
2022-06-27 18:46:46,"Beijing's primary, middle schools reopen as COVID-19 wanes"
2022-06-27 18:23:43,China's per capita share of grain at 483 kg
2022-06-27 21:54:48,U.S. in no position to talk about human rights in other countries: Chinese FM spokesperson
2022-06-27 16:59:30,"East China city sees 2,440 China-Europe freight train trips"
2022-06-27 19:16:45,Economic Watch: China's industrial profits improve on rebounding factory activities
2022-06-28 00:37:00,China launches new satellite for Earth observation
2022-06-28 09:49:14,Chinese mainland reports 1 new local confirmed COVID-19 case
2022-06-28 09:51:15,Interview: CPC leadership a recipe for China's success -- U.S. scholar
2022-06-28 09:26:00,Chinese mainland reports 1 new local confirmed COVID-19 case
2022-06-28 09:13:00,China-donated earthquake relief supplies arrive in Afghanistan
2022-06-28 09:21:14,77 COVID-19 patients discharged from hospitals on Chinese mainland
2022-06-28 02:41:30,"U.S. should be held responsible for creating ""debt trap"": FM spokesperson"
2022-06-28 02:09:30,"China Focus: China's rural vitalization breathes new life into agriculture, villages"
