﻿2022-04-22 16:48:00,NE China province launches first int'l freight train service via China-Laos Railway
2022-04-23 09:18:15,Feature: Renewing China-U.S. friendship on the Mississippi
2022-04-23 01:50:48,Boao's takeaways add confidence to global cooperation amid COVID-19
2022-04-23 18:34:15,CPPCC National Committee promotes reading among members
2022-04-24 21:56:49,"As China stabilizes supply chain, Canton Fair sees new records"
2022-04-25 07:45:58,Helicopter company in Shanghai offers free service to transport medical articles amid COVID-19 fight
2022-04-25 10:52:14,Railway-resettled villagers move into new homes with new hopes
2022-04-08 08:08:39,GLOBALink | Junior football team on edge of desert in Xinjiang
2022-04-13 15:15:51,GLOBALink | Female livestreamer helps locals increase income in Xinjiang
2022-04-20 07:23:15,24 Solar Terms: Grain Rain
2022-04-22 20:48:30,China lays out priorities on improving government transparency
2022-04-22 15:34:30,China vows to ensure smooth road traffic for COVID-19 response
2022-04-22 21:39:30,Hong Kong's university entrance exam commences smoothly amid waning pandemic
2022-04-22 23:49:17,China refutes U.S. official's remarks on Ukraine issue
2022-04-22 15:44:46,"China's air, water quality improves in first three months"
2022-04-23 16:10:31,"China-U.S. economic, trade relations win-win in nature: Chinese ambassador to U.S."
2022-04-23 21:52:30,Hong Kong people enjoy reading under COVID-19
2022-04-23 22:25:45,"Boao Forum helps build consensus on global development, observers say"
2022-04-23 15:05:00,"Shanghai new COVID-19 cases: 2,736 confirmed, 20,634 asymptomatic"
2022-04-23 20:59:30,Beijing reports 15 new local COVID-19 cases
2022-04-23 17:16:31,
2022-04-23 00:46:30,Sound legislation urged for Qinghai-Tibet Plateau ecological conservation
2022-04-23 16:32:30,Working people in Xinjiang enjoy labor rights: official
2022-04-23 20:26:16,Xinhua Commentary: China to continue injecting much-needed certainty into world economy
2022-04-24 21:04:32,Leading expert reiterates China's dynamic zero-COVID approach targets outbreaks not infections
2022-04-24 22:56:00,China starts engineering development of lunar exploration program's fourth phase
2022-04-24 19:58:01,China mulls building defense system against near-Earth asteroids
2022-04-24 08:18:05,GLOBALink | Parkour teenagers in ancient city of Kashgar
2022-04-24 21:49:03,
2022-04-24 22:05:41,Panamanian embroidery art on display in Chongqing
2022-04-24 13:52:30,Xi Focus: Invigorating China's space exploration dream
2022-04-24 21:15:26,China starts engineering development of lunar exploration program's fourth phase
2022-04-24 21:30:43,New embroidery patterns identified in ancient tomb
2022-04-24 22:06:13,China prioritizes job-creation to unleash full growth potential against headwinds
2022-04-24 14:06:32,Xi Focus-Closeup: Under the light of a kerosene lamp
2022-04-24 22:12:16,China starts engineering development of lunar exploration program's fourth phase
2022-04-24 21:13:30,Mainland denounces DPP's independence-related statement
2022-04-24 21:31:41,Feature: Railway-resettled villagers move into new homes with new hopes
2022-04-24 13:36:30,Digital book readership in China exceeds 500 mln in 2021: report
2022-04-24 15:12:58,"Xi Focus: China's ""green miracles"" highlight Xi's vision of ecological civilization"
2022-04-24 16:14:15,
2022-04-25 08:06:57,Photo story: recovered COVID-19 patient returns home
2022-04-25 09:45:45,"Chinese mainland reports 2,666 new local confirmed COVID-19 cases"
2022-04-25 11:54:58,Chinese shares down at midday Monday
2022-04-25 10:10:45,China's interbank treasury bond index opens lower Monday
2022-04-25 08:12:03,Shanghai launches new campaigns against COVID-19
2022-04-25 11:50:00,Across China: E-map eases toilet worries in Chinese cities
2022-04-25 10:59:01,China's central bank adds liquidity via operations
2022-04-25 10:23:14,Villagers of Shanghai's Lianqin Village return home from quarantine site
2022-04-25 10:17:58,"China Focus: From vets to common people, collective endeavor toward wildlife protection"
