﻿2022-03-12 21:28:46,Chinese vice premier urges strict measures to stem COVID infection in shortest time
2022-03-12 01:01:51,"Xinhua Headlines: From food security to carbon goals, ""two sessions"" demonstrate China's steady steps toward modernization"
2022-03-13 20:44:02,"China takes strict, swift measures to stem new COVID-19 infections"
2022-03-13 14:13:26,Residents take nucleic acid tests at community in Shanghai
2022-03-13 23:26:16,Shanghai takes special care of juvenile cases of COVID-19
2022-03-14 03:30:16,Xi attends closing ceremony of Beijing Winter Paralympics
2022-02-16 13:39:13,Stories of Jingdezhen in the Imperial Kiln: Famille verte wares from the Reigns of Jiajing and Wanli
2022-02-17 12:56:46,Stories of Jingdezhen in the Imperial Kiln: Designs for the Imperial Kiln
2022-02-19 08:51:39,Rain Water of 24 solar terms
2022-03-05 13:57:44,24 Solar Terms: Awakening of Insects
2022-03-06 14:25:00,Ancient rock painting complex found in NW China
2022-03-06 00:07:13,Across China: American expat seeks to promote Chinese culture through cooking shows
2022-03-11 21:53:00,"China Focus: China's BeiDou enters new phase of stable services, rapid development"
2022-03-11 22:12:29,Feature: Chinese Juncao technology spells bright future for Tanzania's mushroom growers
2022-03-11 14:38:15,China's opening-up policy will not change: premier
2022-03-12 10:32:17,Chinese mainland reports 476 new local COVID-19 cases
2022-03-12 19:15:30,Chinese vice premier urges strict measures to stem COVID infection in shortest time
2022-03-12 18:45:15,China plans more planetary endeavors: scientist
2022-03-12 21:27:45,Chief designer details China's future lunar missions
2022-03-12 01:47:13,In-orbit construction of China's space station going smoothly
2022-03-12 21:28:46,Chinese vice premier urges strict measures to stem COVID infection in shortest time
2022-03-12 23:14:15,"Beijing 2022 sets new standard for delivery of Games, says IPC president Parsons"
2022-03-12 23:46:15,"Roundup: China takes wheelchair curling gold, secures lead in Beijing 2022 Paralympic tally"
2022-03-12 23:43:45,"China, India hold 15th corps commander level meeting"
2022-03-12 20:17:16,China releases full text of government work report
2022-03-12 21:03:30,China Red Cross Society sends emergency humanitarian aid to Ukraine
2022-03-13 21:34:24,"GLOBALink | ""Silver belt"" empowers China's new Long March-8 rocket"
2022-03-13 18:06:30,"China releases reports on budgets, national economic and social development plans"
2022-03-13 22:26:02,Full Text: Report on China's central and local budgets
2022-03-13 12:10:01,Another flight carrying Chinese citizens evacuated from Ukraine arrives safely
2022-03-13 17:04:00,Plane themed with Int'l Consumer Products Expo makes maiden flight
2022-03-13 17:10:15,"China Focus: China takes strict, swift measures to stem new COVID-19 infections"
2022-03-13 21:57:28,Shanghai takes special care of juvenile cases of COVID-19
2022-03-13 18:53:31,Complaints against China's banking sector rise in Q4
2022-03-13 21:15:02,
2022-03-13 23:22:14,4th mainland-aided COVID-19 isolation facility starts operation in Hong Kong
2022-03-13 00:06:45,"HKSAR gov't strives to reduce severe cases, deaths of COVID-19: officials"
2022-03-13 10:08:45,"Chinese mainland reports 1,807 new local COVID-19 cases"
2022-03-13 14:22:30,"All venues for Beijing Olympic, Paralympic Winter Games will open to public"
2022-03-13 21:03:03,"GLOBALink | Xinjiang, My home: Kindergarten teacher's joyful music class"
2022-03-13 16:25:15,"China Focus: Foreign students see opportunities through China's ""two sessions"""
2022-03-13 13:50:13,"Interview: BRI cooperation with China ""transformational"" for Pakistan -- ambassador"
2022-03-13 21:53:31,China's weekly road logistics price index flat
2022-03-13 22:38:15,"Full Text: Report on China's national economic, social development plan"
2022-03-13 16:08:00,Over 4.18 mln more COVID-19 vaccine doses administered on Chinese mainland
2022-03-14 07:41:44,"Hong Kong registers 13,335 new COVID-19 cases"
2022-03-14 00:17:30,Senior Chinese diplomat to meet U.S. national security advisor
2022-03-14 00:19:31,"Chinese vice premier in Jilin, ordering ""most thorough"" COVID control measures to curb outbreaks"
2022-03-14 00:42:31,HKSAR government enhances support for people under home quarantine
2022-03-14 00:54:30,"Chinese vice premier in Jilin, ordering ""most thorough"" COVID control measures to curb outbreaks"
