﻿2022-06-14 05:06:15,UK reveals plan to change N. Ireland Protocol as EU threatens legal action
2022-06-14 09:10:14,Jakarta-Bandung HSR No. 4 casting yard completes box girders erection
2022-06-09 23:25:44,French authorities launch probe into Ferrero salmonella outbreak
2022-06-11 05:59:59,"Interview: Americas summit spotlights U.S. waning influence, say Venezuelan experts"
2022-06-11 21:38:13,"Landmine explosion kills 8, wounds 27 in southern Syria"
2022-06-11 15:06:15,"Americans' concerns around gun violence, school safety intensify -- report"
2022-06-11 04:16:00,"Biden struggles in ""pond of exclusionary Summit of the Americas"""
2022-06-11 05:58:58,UK inflation expectations hit record as gov't plans support package
2022-06-11 12:41:00,Summit of Americas concludes in Los Angeles amid protests
2022-06-11 23:04:45,Japanese politicians' suggestions on reinforcing military capabilities very dangerous: military expert
2022-06-11 06:19:13,Economic Watch: U.S. CPI ticks up to 8.6 pct in May as Fed struggles to tame inflation
2022-06-12 06:00:14,"Iran, Venezuela sign 20-year partnership agreement"
2022-06-12 09:54:49,Putin signs law on non-compliance with ECHR decisions
2022-06-12 21:06:30,S.Korea says DPRK fires multiple projectiles
2022-06-12 21:29:46,UN says humanitarian supplies continue to arrive in Ethiopia's Tigray region
2022-06-13 18:21:58,Hundreds of DRC refugees cross into Uganda: relief agency
2022-06-13 20:22:31,
2022-06-13 19:19:00,Gunmen abduct 40 travellers in northwest Nigeria
2022-06-13 09:39:14,Venezuela registers 1st case of monkeypox in patient from Spain
2022-06-13 18:23:02,
2022-06-13 13:29:00,World Insights: Child labor common in U.S. despite calls for change
2022-06-14 06:47:45,"U.S.-hosted Summit of the Americas a ""total, absolute failure,"" says Venezuela's ruling party"
2022-06-14 02:29:30,Annual watermelon festival held in California featuring fun events for families
2022-06-14 06:02:45,Cultural park to be built on old train station in Beirut: ministers
2022-06-14 02:33:30,"UN chief calls for end to racism, discrimination"
2022-06-14 09:21:13,"Israel issues highest travel warning for Istanbul, citing possible attacks by Iran"
2022-06-14 05:41:45,China calls on int'l community to provide constructive assistance to Mali
2022-06-14 06:01:45,"Israeli researchers uncover 800,000-year-old traces of fire use in Galilee region"
2022-06-14 03:20:30,"NATO says ""working hard"" on issues concerning Finland, Sweden's bids"
2022-06-14 04:32:30,U.S. San Francisco mayor announces grant for gun violence prevention program
2022-06-14 02:18:30,"2022 UN Population Award goes to Namibian parliamentarian, Indonesian family planning board"
2022-06-14 10:21:43,U.S. stocks fall as investors dump risky assets amid surging inflation
2022-06-14 06:30:45,Uruguay's industrial output grows 7.6 pct year-on-year between January and April
2022-06-14 03:58:14,"U.S. reports about 88,000 weekly child COVID-19 cases"
2022-06-14 06:20:45,"News Analysis: Local, regional elections strengthen position of Italy's populist parties"
2022-06-14 06:11:45,18.4 million people in severe food insecurity in Horn of Africa drought: UN
2022-06-14 01:28:30,Sudan welcomes Yemeni warring parties' truce renewal
2022-06-14 01:13:30,At least 50 killed in Burkina Faso attack
2022-06-14 00:25:15,Indian rupee falls to new record low against USD
2022-06-14 10:13:28,"New Zealand reports 6,133 new community cases of COVID-19"
2022-06-14 10:08:28,"Lao PM vows to stabilize economy, finance, currency to avert crisis"
2022-06-14 10:01:30,Britain records 104 more monkeypox cases
2022-06-14 06:20:45,"News Analysis: Local, regional elections strengthen position of Italy's populist parties"
2022-06-14 03:35:30,Italy's job market grows faster than overall economy in Q1
2022-06-14 04:32:30,U.S. San Francisco mayor announces grant for gun violence prevention program
2022-06-14 05:14:30,Boeing to establish new veteran transition center in U.S. Virginia
2022-06-14 07:30:59,Roundup: COVID upsurge sweeps from Rocky Mountain to coast of California
