﻿2022-07-21 21:52:39,JSQ freight vehicle leaves Chongqing for first pilot run to Moscow
2022-07-24 03:16:11,Russia denies attacks on Ukrainian port after grain deal: Turkish minister
2022-07-22 23:54:59,Deal to resume grain exports signed in Istanbul
2022-07-22 13:43:59,Dinesh Gunawardena sworn in as prime minister of Sri Lanka
2022-07-22 08:43:46,Empire of Hacking: U.S. is the Biggest Threat to Cyber Security
2022-07-22 23:39:18,Former White House officials testify at prime-time hearing on Capitol riot
2022-07-22 12:12:00,Rio police raid leaves 18 dead in favelas
2022-07-22 11:44:45,Portugal starts vaccination against Monkeypox
2022-07-22 01:00:30,Droupadi Murmu wins presidential election in India
2022-07-22 00:59:27,Zimbabwean president optimistic about mining growth prospects
2022-07-22 23:14:41,Deal to resume grain exports signed in Istanbul
2022-07-22 20:40:12,"Thirty people killed in collision involving buses, car in northern Nigeria"
2022-07-22 23:31:41,Russia imposes restrictions on diplomatic missions of 5 European countries
2022-07-23 09:02:15,Japan's nuclear regulator approves release of radioactive wastewater into ocean amid opposition
2022-07-23 17:16:30,"Economic Watch: Argentina's economy in H1 mixed bag of growth, instability"
2022-07-23 23:58:00,EAC leaders call for fast tracking admission of Somalia into bloc
2022-07-23 01:03:56,News Analysis: Resignation of Italy's Draghi could spark period of uncertainty
2022-07-23 21:52:29,Monkeypox patient from Thailand found in Cambodian capital: deputy governor
2022-07-23 03:16:15,"Black Sea grain exports agreement ""a beacon of hope"": UN chief"
2022-07-23 13:39:45,"World Insights: Int'l community welcomes Russia-Ukraine grain export deal, expects full implementation"
2022-07-23 17:18:29,"Cambodia slams U.S. ""Cambodia Democracy and Human Rights Act of 2022"""
2022-07-23 23:45:45,WHO declares monkeypox outbreak int'l public health emergency
2022-07-23 22:34:45,Urgent: WHO declares mutli-country monkeypox outbreak int'l public health emergency
2022-07-23 16:26:43,
2022-07-23 16:43:01,
2022-07-23 00:30:57,"Biden's symptoms ""have improved"" after COVID-19 treatment: physician"
2022-07-23 05:20:30,Roundup: Historic deal to resume grain exports from Ukraine signed in Istanbul
2022-07-24 03:37:00,PLO holds U.S. responsible for impeding peace process in Middle East
2022-07-24 10:17:36,People visit Basilica Cistern in Istanbul
2022-07-24 10:17:26,Solar power systems get popular in Damascus after long power cuts
2022-07-24 03:29:56,"UNRWA suffers fiscal crisis, needs int'l support: official"
2022-07-24 02:51:56,"Türkiye summons Swedish diplomat over ""terrorist propaganda"" demonstrations"
2022-07-24 09:37:30,Colombia opens new Caribbean Oceanographic and Hydrographic Research Center
2022-07-24 04:41:15,Roundup: Houthi-fired shells hit Yemen's Taiz as hopes of truce extension fade
2022-07-24 05:50:56,Libya to increase daily oil production to 1.2 mln barrels
2022-07-24 05:48:00,Death toll from Tripoli clashes rises to 16
2022-07-24 09:34:16,Gunmen kill five in central Nigeria: police
2022-07-24 11:46:30,"Malaysia reports 4,816 new COVID-19 infections, 9 new deaths"
2022-07-24 07:48:57,Fashion lovers gather at Dukuh Atas area in Indonesia
2022-07-24 10:28:27,"New Zealand reports 5,535 new community cases of COVID-19"
2022-07-24 04:10:00,1st batch contracts for Portugal's recovery and resilience plan signed
2022-07-24 03:02:57,"Portuguese experts blame climate change, poor forest management for growing wildfire damage"
2022-07-24 09:54:00,Cultural event held in vintage tramway in Bucharest
2022-07-23 21:44:39,"""Grand Parade of Beauties"" held in Quezon, the Philippines"
2022-07-24 10:40:30,"Biden's COVID-19 infection ""most likely"" caused by BA.5 variant: physician"
2022-07-24 10:06:52,"2022 Importfest held in Toronto, Canada"
