﻿2022-04-11 05:59:00,"Macron, Le Pen lead 1st round of French presidential election"
2022-04-08 05:43:46,UN General Assembly adopts resolution to suspend Russia from Human Rights Council
2022-04-08 06:27:45,WHO calls on mitigating climate crisis for health protection
2022-04-09 22:32:27,Feature: Rural Cambodian students say hello to donated Chinese bikes
2022-04-09 07:01:45,UN unveils plan to prevent stricken oil tanker disaster off Yemen coast
2022-04-09 11:01:15,Brazilian Socialist Party appoints former Sao Paulo governor Alckmin as Lula's running mate
2022-04-09 04:40:13,Death toll rises to 13 in flooding in NW Colombia
2022-04-10 10:24:30,"British PM says to provide more economic, military assistance for Ukraine"
2022-04-10 00:18:15,Will Yemen's newly-formed presidential council succeed in ending years-long war?
2022-04-10 05:38:14,"Saudi Arabia to receive 1 mln domestic, foreign pilgrims in upcoming Hajj season"
2022-04-10 15:27:01,S.Korean president-elect nominates 8 ministers
2022-04-10 14:12:00,Voting begins in 2022 French presidential election
2022-04-10 22:13:41,"COVID-19 vaccines save lives, contribute to economic recovery in Cambodia: WHO official"
2022-04-10 00:45:45,Tanzania commemorates 100 years of founding leader Julius Nyerere
2022-04-10 10:50:31,First U.S. private astronaut mission arrives at space station
2022-04-10 05:58:56,Moody's adjusts outlook on Israel from stable to positive
2022-04-10 23:59:16,Voting begins in 2022 French presidential election
2022-04-10 13:28:58,Afghanistan receives another 32 mln USD humanitarian cash aid
2022-04-10 19:19:00,Vienna nuke talks must ensure Iran's economic benefits: Speaker
2022-04-10 12:55:46,3 soldiers killed in guerrilla attack in Colombia
2022-04-10 22:28:43,
2022-04-10 18:27:46,Voting begins in 2022 French presidential election
2022-04-10 13:48:01,New EMU train of China-Laos Railway to serve Lao festival travel rush
2022-04-10 21:01:31,U.S. seeks to impose new conditions for lifting sanctions: Iranian FM
2022-04-10 20:13:14,Palestinian woman killed by Israeli soldiers in West Bank: ministry
2022-04-11 02:04:26,"Syria calls on UN to interfere to stop ""systematic"" Israeli strikes"
2022-04-11 10:18:58,Palestinian killed in clashes with Israeli soldiers in West Bank: medics
2022-04-11 09:26:29,Economic Watch: Mideast countries feel pinch of soaring food prices during Ramadan
2022-04-11 04:15:41,Israeli researchers design wearable sensors to improve vaccine trials
2022-04-11 02:59:30,WFP to increase food rations in Lebanon as food insecurity worsens
2022-04-11 05:40:30,Russia increases spending fund to ensure economic stability
2022-04-11 05:59:00,"Macron, Le Pen lead 1st round of French presidential election"
2022-04-11 03:36:41,"Macron, Le Pen lead 1st round of French presidential election"
2022-04-11 00:30:15,Iranian lawmakers demand U.S. legal guarantee for nuke deal revival
2022-04-11 07:19:34,20th medieval festival marked in Belgium
2022-04-11 09:22:30,
2022-04-11 00:10:13,Romania's main ruling party elects PM as new leader
2022-04-11 01:57:15,Africa's COVID-19 cases surpass 11.36 mln: Africa CDC
2022-04-11 00:25:17,Tanzanian health minister says alarmed by rising cases of cancer
2022-04-11 01:40:30,M23 announces withdrawal from villages in NE DR Congo
2022-04-11 10:14:32,Directors for Australia's 2032 Olympic Games Organizing Committee announced
2022-04-11 10:34:45,"Malaysia reports 8,112 new COVID-19 infections, 12 new deaths"
2022-04-11 10:19:01,"Aussie governing coalition, PM make up ground as election campaign begins: poll"
2022-04-11 10:37:46,"Interview: Scientists, politicians part company in COVID-19 battle, says top British expert"
2022-04-11 07:19:32,20th medieval festival marked in Belgium
2022-04-11 10:39:45,"Zelensky, Scholz discuss defense, financial support for Ukraine over phone"
2022-04-11 07:18:14,Canada restarts cruise ship business
2022-04-11 10:35:44,New York City mayor tests positive for COVID-19
2022-04-11 09:24:31,"Cuba reports lower numbers of COVID-19 cases, deaths"
