﻿2022-05-15 23:20:14,"BRI delivers mutual benefits, says Italian expert"
2022-05-15 19:52:13,Finland makes official decision to apply to join NATO
2022-05-15 06:20:45,Egyptian students show language talents as Chinese Bridge contest concludes in Cairo
2022-05-13 16:46:13,"Mongolian president calls for efforts to secure food supply, security"
2022-05-13 19:56:44,"Putin, Scholz discuss Ukraine crisis over phone"
2022-05-14 10:13:45,UN Security Council condemns killing of Al-Jazeera journalist in West Bank
2022-05-14 21:08:00,Mongolian president calls for planting more trees
2022-05-14 01:31:58,"Turkey not ""positive"" on letting Finland, Sweden join NATO: president"
2022-05-14 04:24:56,FAO chief calls on G7 to take steps on food shortages
2022-05-14 02:37:00,UN chief mourns death of UAE president
2022-05-14 19:36:43,Sri Lankan president appoints 4 ministers to new cabinet
2022-05-14 14:04:11,Cubans hold vigil to mourn victims of Hotel Saratoga explosion
2022-05-14 00:11:45,UAE leaders mourn passing of country's 2nd president
2022-05-14 20:20:42,Ukraine says in talks with Russia over evacuation of 60 people from Azovstal
2022-05-14 22:15:12,Finland's ruling Social Democratic Party backs NATO application
2022-05-15 20:03:15,"Iran serious in Vienna talks, but not trusting ""enemy"": nuclear negotiator"
2022-05-15 17:12:46,Xinhua Commentary: Why a hegemonic Washington won't sway ASEAN
2022-05-15 10:43:45,Mass shooting in Buffalo being investigated as hate crime: U.S. Justice Department
2022-05-15 22:18:43,
2022-05-15 03:07:30,"News Analysis: Finland, Sweden joining NATO are likely to have far-reaching implications"
2022-05-15 10:32:31,World Insights: 200 years of Monroe Doctrine leave trail of U.S. atrocities in Latin America
2022-05-15 19:46:40,Demonstrators descend on U.S. cities amid fierce abortion rights debate
2022-05-15 18:26:31,
2022-05-15 15:10:14,"3 killed, around 25,000 affected in India's Assam floods"
2022-05-15 17:04:42,U.S. white gunman arraigned hours after mass shooting
2022-05-15 20:45:05,People celebrate Vesak Festival in different countries
2022-05-15 16:49:41,"IMF lifts weighting of RMB, dollar in SDR currency basket"
2022-05-15 06:20:45,Egyptian students show language talents as Chinese Bridge contest concludes in Cairo
2022-05-15 06:18:58,At least 10 killed in U.S. supermarket shooting
2022-05-15 09:34:15,Brazil establishes medical situation room to monitor acute hepatitis in children
2022-05-16 06:32:56,Somali parliament re-elects former president Mohamud
2022-05-16 04:30:45,Israel to turn southernmost desert region into agro-research center: ministry
2022-05-16 02:24:45,Sweden's ruling party pivots to support NATO membership
2022-05-16 02:55:41,Israel's supreme court green-lights controversial Jerusalem cable car plan
2022-05-16 07:30:34,Japan's Okinawa marks 50th reversion anniversary
2022-05-16 05:13:41,"Feature: Palestinians demonstrate in Gaza, West Bank to mark 74th anniversary of Nakba Day"
2022-05-16 03:58:43,"Israel's inflation rate hits 4 pct, highest in nearly 11 years"
2022-05-16 00:35:31,"Sweden, Finland launch talks with Turkey over joining NATO: minister"
2022-05-16 02:37:41,Africa's COVID-19 cases pass 11.55 mln: Africa CDC
2022-05-16 06:32:56,Somali parliament re-elects former president Mohamud
2022-05-16 02:45:45,UN warns of worsening drought in Horn of Africa in four decades
2022-05-16 00:01:30,British climber summits Mt. Qomolangma for record 16 times
2022-05-16 08:42:00,Japan's wholesale prices soar record 10 pct in April
2022-05-16 00:36:28,"1 killed, 5 injured in Indonesian oil refinery fire"
2022-05-16 02:24:45,Sweden's ruling party pivots to support NATO membership
2022-05-16 02:30:43,Bulgaria holds Chinese language competition for university students
2022-05-16 00:35:31,"Sweden, Finland launch talks with Turkey over joining NATO: minister"
2022-05-15 18:17:01,World Insights: Native Americans still face challenges in COVID-19 pandemic
2022-05-15 17:12:46,Xinhua Commentary: Why a hegemonic Washington won't sway ASEAN
2022-05-16 07:22:01,"1 killed, multiple injured at church in U.S. California"
