﻿2022-08-08 07:30:05,China-built modern railway helps foster job creation for local people in Kenya
2022-08-09 05:04:16,"EU proposes ""final text"" for reviving Iran nuclear deal"
2022-08-05 10:23:45,"Peru's president calls on political parties to help create ""broad-based"" cabinet"
2022-08-06 22:48:00,"Roundup: Israel-Gaza exchange of fire continues for 2nd day, 15 killed"
2022-08-06 16:01:30,"55th ASEAN FMs' meeting, related meetings end with adoption of some 30 documents: Cambodian FM"
2022-08-06 21:40:15,Israel continues bombing Gaza amid rockets firing
2022-08-06 04:24:00,"Putin, Erdogan meet to further Russia-Türkiye ties"
2022-08-06 20:47:00,Ugandan official reiterates firm adherence to one-China principle
2022-08-07 09:53:30,"24 killed, 215 wounded as Israel-Gaza exchange of fire continues for 2nd day"
2022-08-07 10:35:45,Biden's PGII initiative aims to undermine BRI: report
2022-08-07 20:53:30,"U.S. keeps sanctioning Iran as ""pressure leverage"": Iranian lawmaker"
2022-08-08 22:17:17,
2022-08-08 23:18:15,Israel and Islamic Jihad hold fragile truce
2022-08-08 21:26:45,"World Insights: U.S. recession prospects, rate hikes to have spillover impact on Malaysia, emerging economies"
2022-08-08 19:34:31,
2022-08-08 21:22:16,News Analysis: Safeguards issue emerges as new challenge in Vienna talks
2022-08-08 10:25:45,"1 killed, 122 injured in Cuba's fuel farm explosions"
2022-08-08 14:06:45,"Ukrainian, European Council leaders discuss situation at Zaporizhzhia NPP"
2022-08-08 20:03:15,"British police strip-search over 600 kids, mostly black boys: report"
2022-08-08 10:22:00,"UN chief welcomes cease-fire in Gaza, Israel"
2022-08-08 02:08:15,"Over 4,000 hectares of land destroyed in wildfires in northwestern Spain"
2022-08-08 02:56:15,Birthrate hits lowest in two decades in Sweden
2022-08-09 07:56:45,Trump says Mar-a-Lago residence in Florida raided by FBI agents
2022-08-09 07:49:45,Trump says Mar-a-Lago residence in Florida raided by FBI agents
2022-08-09 07:28:34,Military parade held to mark 62nd anniversary of Cote d'Ivoire's independence
2022-08-09 05:13:00,UN Mideast envoy calls for talks toward two-state solution for Israeli-Palestinian conflict
2022-08-09 06:56:15,Biden authorizes largest weapons assistance to Ukraine
2022-08-09 02:10:15,U.S. has failed to contain monkeypox: WP
2022-08-09 04:28:45,China urges support for Africa to enhance capacities
2022-08-09 04:29:00,Feature: Life in Gaza gradually return to normal after 3-day conflict with Israel
2022-08-09 03:59:45,Humanitarians aim to feed 16 mln people in drought-stricken Ethiopia: UN
2022-08-09 05:59:15,Russia temporarily halts inspections of its facilities under New START treaty
2022-08-09 05:47:30,Brazil's analysts cut 2022 inflation forecast to 7.11 pct
2022-08-09 06:13:15,"Ecuador's monkeypox cases rise to 10, with one death"
2022-08-09 04:26:15,Intense clashes erupt between rival security forces in Yemen's Shabwa
2022-08-09 06:24:00,Biden authorizes largest weapons assistance to Ukraine
2022-08-09 03:11:00,Kenya's electoral body says set for general elections
2022-08-09 03:03:15,Zambia arrests 3 foreigners over heroin trafficking
2022-08-09 03:06:00,"Zambian smallholders decry dumping of fresh cabbages, tomatoes on market"
2022-08-09 07:28:32,Military parade held to mark 62nd anniversary of Cote d'Ivoire's independence
2022-08-09 04:28:00,Mongolian parliamentary speaker reaffirms bilateral friendship with China
2022-08-09 09:23:00,"Australia names over 100 new species in ""win for biodiversity"""
2022-08-09 09:16:00,Bumper breeding season boosts New Zealand endangered flightless parrots' population
2022-08-09 05:59:15,Russia temporarily halts inspections of its facilities under New START treaty
2022-08-09 05:53:45,Ukraine hopes for Germany's help in getting 8 bln euros from EU
2022-08-09 06:16:30,Lang Lang performs in Ljubljana's summer moonlight night
2022-08-09 07:56:45,Trump says Mar-a-Lago residence in Florida raided by FBI agents
2022-08-09 07:49:45,Trump says Mar-a-Lago residence in Florida raided by FBI agents
2022-08-09 06:24:00,Biden authorizes largest weapons assistance to Ukraine
