﻿2022-08-13 23:57:04,China renews red alert for high temperatures
2022-08-13 21:42:15,China renews red alert for high temperatures
2022-08-14 23:04:30,Silk Road int'l expo pushes for deeper Belt and Road cooperation
2022-08-14 07:30:31,"Sanya strives to ensure daily life supplies for local residents, stranded tourists"
2022-08-14 19:27:09,"Workers conduct routine maintenance of Yingpan Road tunnel in Changsha, Hunan"
2022-08-14 21:11:30,Silk Road int'l expo pushes for deeper Belt and Road cooperation
2022-08-15 15:16:16,Chinese team completes first competition in tank biathlon in int'l army games
2022-08-15 15:50:30,Economic Watch: Chinese economy's recovery momentum continues in July
2022-06-20 08:55:04,"GLOBALink | See you again, Bayanbulak"
2022-06-21 07:36:44,24 Solar Terms: Summer Solstice
2022-07-07 07:14:05,24 Solar Terms: Lesser Heat
2022-07-23 07:29:03,24 Solar Terms: The Great Heat
2022-08-12 00:03:30,China Focus: Taiwan studies experts expound on significance of white paper
2022-08-12 22:40:00,FM spokesperson announces China's sanctions on Lithuanian Deputy Minister of Transport and Communications
2022-08-13 15:27:30,"Beijing Int'l Film Festival kicks off, 16 candidates vying for top award"
2022-08-13 15:43:45,Giant panda in Shaanxi gives birth to twins
2022-08-13 09:35:45,China's Jiangsu makes headway in integrated development over past decade
2022-08-14 00:19:15,Vice premier urges swift containment of COVID-19 resurgence in Hainan
2022-08-14 16:17:15,Taiwan's New Party makes positive contributions to cross-Strait relations: mainland spokesperson
2022-08-14 21:13:45,Taiwan universities see shortfall in enrollment
2022-08-14 20:23:30,Xinhua Commentary: Historic goal of reuniting motherland must be realized
2022-08-14 21:11:30,Silk Road int'l expo pushes for deeper Belt and Road cooperation
2022-08-14 21:35:30,"China, Thailand kick off joint air force training exercise"
2022-08-14 22:57:30,Full text of Xi Jinping's letter to grassroots heroes
2022-08-15 20:33:45,China Focus: Model soldier remains icon in China 60 years after death
2022-08-15 21:14:00,Senior Chinese military official meets Cambodian defense minister
2022-08-15 14:19:45,Graphene can efficiently extract gold from electronic waste: study
2022-08-15 15:16:16,Chinese team completes first competition in tank biathlon in int'l army games
2022-08-15 21:05:02,"China to take resolute measures to safeguard national sovereignty, territorial integrity: FM spokesperson"
2022-08-15 18:43:45,China's transport investment up 9.1 pct in Jan.-July
2022-08-15 10:05:00,Across China: Archaeological discoveries enrich Grand Canal culture
2022-08-15 21:27:30,"China steps up measures in flood control, drought relief"
2022-08-15 15:11:45,Roll of Japanese chemical warfare unit disclosed
2022-08-15 19:36:01,China renews red alert for high temperatures
2022-08-15 23:41:30,"Chinese foreign minister meets Geneva envoys from Asian, African developing countries"
2022-08-15 21:04:15,"China's space lab module powered by huge, flexible solar panels"
2022-08-15 17:17:45,Economic Watch: China's home prices generally stable in July
2022-08-15 18:48:00,"China Focus: China's space lab module powered by huge, flexible solar panels"
2022-08-15 20:40:00,Chinese military spokesperson blasts U.S. Congress members' visit to Taiwan
2022-08-15 19:36:00,Descendants of Nanjing Massacre survivors granted to record historical truth
2022-08-15 20:56:07,Main structure of terminal of new airport in Hohhot completed
2022-08-15 15:44:31,
2022-08-15 16:51:30,Chinese shares close mixed Monday
2022-08-15 16:20:46,
2022-08-15 23:23:00,Chinese spokesperson slams U.S. Congress members' visit to Taiwan
2022-08-15 20:32:30,Xi's article on new development philosophy to be published
2022-08-15 20:44:45,Beijing reports 4 new COVID-19 infections
2022-08-15 15:21:01,
2022-08-15 15:41:00,Xi's article on new development philosophy to be published
2022-08-16 00:14:15,China allocates 200 mln yuan for drought relief
2022-08-16 00:19:00,China to strengthen meteorological services for tourism
2022-08-16 01:06:15,China Focus: Anti-Japanese war memorials mark Japan's WWII surrender
2022-08-16 01:26:45,China issues action plan to boost enterprise innovation
