﻿2022-06-24 01:20:31,"The China-Europe Railway Express (Chongqing) embarks on its 10,000th trip"
2022-06-27 02:20:15,"G7 summit opens amid lower expectations, protests"
2022-06-24 19:48:30,"Indian minister says cars to get ""star rating"" based on crash test"
2022-06-24 06:44:15,News Analysis: U.S. president touts gas tax holiday amid surging energy prices
2022-06-24 02:12:15,At least 5 people killed in building blaze in Argentine capital
2022-06-24 09:30:30,"World Insights: Gun lobby, interest-oriented market behind U.S. gun violence"
2022-06-25 17:53:02,
2022-06-25 22:34:48,
2022-06-25 02:36:14,News Analysis: Turkey intent on blocking Nordic bids at NATO summit if security concerns persist
2022-06-25 22:01:00,Pro-gov't military leader shot dead by unidentified gunmen in Yemen's Marib
2022-06-25 11:34:45,"IMF chief sees ""narrowing path"" to avoiding U.S. recession"
2022-06-25 19:35:31,"Suspected nightclub shooting kills two, injures 21 in Oslo: police"
2022-06-25 07:25:45,Chile seizes major cocaine cache in stepped-up fight against organized crime
2022-06-25 22:34:15,Biden signs gun bill as shootings continue to take toll on U.S.
2022-06-25 01:19:00,U.S. Supreme Court ruling overturns landmark decision on abortion rights
2022-06-25 06:23:45,"IMF chief sees ""narrowing path"" to avoiding U.S. recession"
2022-06-25 20:06:44,Somali parliament approves appointment of Barre as PM
2022-06-26 10:36:44,Colombian president-elect names foreign minister
2022-06-26 20:59:30,"G7 summit opens amid lower expectations, protests"
2022-06-26 22:53:59,Cambodia's ruling party thanks people for overwhelmingly voting for it in commune polls
2022-06-26 00:34:45,Turkey's concerns not eased on Finland and Sweden's NATO bid: Erdogan
2022-06-26 10:32:43,Multi-country monkeypox outbreak not public health emergency: WHO
2022-06-26 20:52:45,"WWF calls for ambitious, consensual framework to halt biodiversity loss"
2022-06-26 16:32:45,Social groups call for peace ahead of NATO's Madrid summit
2022-06-26 13:55:15,Explosions occur in Ukraine's capital
2022-06-26 23:50:00,"China, Scotland enjoy various cooperation: ambassador"
2022-06-27 01:22:30,South African president mourns for 22 teenagers dead in tavern
2022-06-27 01:05:30,Namibian enterprises leverage wedding expo to reinvigorate business
2022-06-27 04:01:28,"Saudi crown prince, Iraqi PM meet on bilateral ties"
2022-06-27 03:08:30,"1 dead, several injured after building collapses in N. Lebanon"
2022-06-27 07:33:33,Madagascar celebrates 62nd anniversary of its independence
2022-06-27 01:14:30,"G7 summit opens amid lower expectations, protests"
2022-06-27 04:39:30,Israel to invest 880 mln USD in climate technology innovation
2022-06-26 21:40:59,Libya celebrates completion of infrastructure works in Misurata Free Zone
2022-06-27 07:33:32,Madagascar celebrates 62nd anniversary of its independence
2022-06-27 02:38:29,Over 70 percent of Egyptian new capital's 1st phase completed: cabinet
2022-06-27 08:41:00,"7 terrorists, 2 soldiers killed in military operation in NW Pakistan"
2022-06-27 07:27:16,"Aftermath of earthquake in Khost province, Afghanistan"
2022-06-27 00:53:28,"Singapore reports 5,116 new COVID-19 cases"
2022-06-27 06:45:44,Feature: G7 summit opens amidst protests
2022-06-27 01:14:30,"G7 summit opens amid lower expectations, protests"
2022-06-27 05:07:30,"Feature: ""East Meets West"" concert featuring Chinese, Italian compositions held in Rome"
2022-06-25 22:34:15,Biden signs gun bill as shootings continue to take toll on U.S.
2022-06-26 14:55:15,"As Roe v. Wade overturned, Americans take to the streets"
2022-06-26 13:30:15,"Feature: ""Stop Asian Hate"" -- Asian Americans urge ending racial bigotry, violence"
