﻿2022-07-13 15:52:15,China launches new data relay satellite
2022-07-13 22:55:30,Top political advisor calls on Taiwan compatriots to stand firmly on right side of history
2022-07-14 23:12:41,"Chinese premier stresses consolidating recovery, stabilizing economy"
2022-07-14 19:49:01,Montenegro opens 1st Chinese-built highway section
2022-07-15 19:50:29,"China's economy secures positive Q2 growth, steam gathering for further recovery"
2022-07-15 19:06:11,"Chinese scientists sequence genome of 14,000-yr-old human"
2022-06-06 08:18:04,24 Solar Terms: Grain in Ear
2022-06-20 08:55:04,"GLOBALink | See you again, Bayanbulak"
2022-06-21 07:36:44,24 Solar Terms: Summer Solstice
2022-07-07 07:14:05,24 Solar Terms: Lesser Heat
2022-07-13 22:14:16,"China, Vietnam hold meeting on bilateral cooperation"
2022-07-13 19:16:30,"World will oppose ""U.S. rules"" of foreign interference: FM spokesperson"
2022-07-13 20:47:45,Temperature in Shanghai hits record high
2022-07-13 20:38:30,"China unveils measures to bolster employment, consumption"
2022-07-13 23:33:30,Senior CPC official urges BRICS to build anti-corruption governance system
2022-07-14 22:10:45,"Chinese premier stresses consolidating recovery, bringing economy back on track"
2022-07-14 16:42:15,"1,900-year-old celadon kiln site found in central China's Hunan"
2022-07-14 22:15:42,"China, Cambodia intergovernmental committee holds meeting via video"
2022-07-14 21:05:15,"Chinese FM spokesperson refutes ""debt trap"" claim"
2022-07-14 16:42:16,Across China: Rural women weave in prosperous lives through embroidery
2022-07-14 22:37:45,Chinese premier pledges to ease burden of receiving medical treatment
2022-07-14 19:00:44,"China, Pacific island countries vow to strengthen cooperation"
2022-07-14 21:31:29,China to build international agricultural breeding center in Hainan
2022-07-14 23:31:45,"Chinese scientists sequence genome of 14,000-yr-old human"
2022-07-14 20:11:59,China to make all-out efforts to ensure autumn harvest: official
2022-07-15 23:38:45,"Senior CPC leader stresses consolidating ethnic unity, religious harmony"
2022-07-15 20:59:42,China has been paying close attention to difficulties in Sri Lanka: FM spokesperson
2022-07-15 09:42:00,Chinese mainland reports 64 new local confirmed COVID-19 cases
2022-07-15 21:46:33,
2022-07-15 21:17:03,Across China: Energy powerhouse speeds up shift to green strategy
2022-07-15 16:21:45,Int'l auto expo opens in northeast China
2022-07-15 09:00:00,"1,900-year-old celadon kiln site found in central China's Hunan"
2022-07-15 22:49:15,"Xi stresses implementing Party's policies on Xinjiang, highlights stability, security"
2022-07-15 21:39:00,"China, Thailand ink agreement in cooperation to promote badminton"
2022-07-15 22:40:16,China sees over 1.45 bln domestic tourist trips in H1
2022-07-15 20:10:12,"Xi stresses implementing Party's policies on Xinjiang, highlights stability, security"
2022-07-15 20:58:59,"National sci-tech programs to be further opened up to Hong Kong, Macao"
2022-07-15 19:57:30,Across China: 40 wild Asian elephants spotted in SW China
2022-07-15 20:12:15,Data highlights of Chinese economy on recovery track
2022-07-15 17:58:30,
2022-07-15 23:59:45,"China urges U.S., West to stop interfering in Middle East"
2022-07-15 19:55:27,More test kits distributed in Hong Kong to trace COVID-19 through sewage surveillance
2022-07-15 19:58:32,Xi's article on advancing study of Chinese civilization to be published
2022-07-15 19:51:27,Factbox: Data highlights of Chinese economy on recovery track
2022-07-15 21:24:00,SCODA sees busier China-Europe freight train service in H1
2022-07-15 19:21:11,China Focus: Feathers help dinosaurs dominate Jurassic period: study
2022-07-15 17:11:00,"China, Singapore vow to deepen cooperation"
2022-07-15 19:06:11,"Chinese scientists sequence genome of 14,000-yr-old human"
2022-07-15 23:22:45,HKSAR gov't to boost Hong Kong sci-tech development at full steam: chief executive
2022-07-15 20:46:46,Across China: Overseas students witness China's rural development through Miao culture
2022-07-16 07:08:41,GLOBALink | Narat band on grassland in Xinjiang
2022-07-16 00:27:41,"Xi stresses implementing Party's policies on Xinjiang, highlights stability, security"
2022-07-16 07:33:46,In pics: Tibetan antelopes at Qiangtang National Nature Reserve 
2022-07-16 07:33:27,China launches two new satellites
