﻿2022-04-23 09:18:15,Feature: Renewing China-U.S. friendship on the Mississippi
2022-04-23 18:34:15,CPPCC National Committee promotes reading among members
2022-04-24 21:56:49,"As China stabilizes supply chain, Canton Fair sees new records"
2022-04-25 21:47:04,"Chinese premier stresses need to further anti-corruption fight, build clean government"
2022-04-25 07:45:58,Helicopter company in Shanghai offers free service to transport medical articles amid COVID-19 fight
2022-04-25 10:52:14,Railway-resettled villagers move into new homes with new hopes
2022-04-25 20:56:11,China to further tap consumption potential 
2022-04-08 08:08:39,GLOBALink | Junior football team on edge of desert in Xinjiang
2022-04-13 15:15:51,GLOBALink | Female livestreamer helps locals increase income in Xinjiang
2022-04-20 07:23:15,24 Solar Terms: Grain Rain
2022-04-23 16:10:31,"China-U.S. economic, trade relations win-win in nature: Chinese ambassador to U.S."
2022-04-23 20:59:30,Beijing reports 15 new local COVID-19 cases
2022-04-24 21:04:32,Leading expert reiterates China's dynamic zero-COVID approach targets outbreaks not infections
2022-04-24 22:56:00,China starts engineering development of lunar exploration program's fourth phase
2022-04-24 08:18:05,GLOBALink | Parkour teenagers in ancient city of Kashgar
2022-04-24 22:05:41,Panamanian embroidery art on display in Chongqing
2022-04-24 21:30:43,New embroidery patterns identified in ancient tomb
2022-04-24 22:06:13,China prioritizes job-creation to unleash full growth potential against headwinds
2022-04-24 22:12:16,China starts engineering development of lunar exploration program's fourth phase
2022-04-25 21:39:02,Xi Focus: Xi calls for blazing new path to develop China's world-class universities
2022-04-25 20:28:43,China Focus: China to further tap consumption potential
2022-04-25 21:43:13,"""Indivisible security"" endorsed by international community: Chinese FM"
2022-04-25 19:51:43,China's Yunnan distributes tourism vouchers worth 300 mln yuan
2022-04-25 17:46:47,
2022-04-25 18:00:12,Across China: Reading salon for elderly helps forge sound family environment
2022-04-25 21:39:02,"Taiwan records 5,108 new local COVID-19 cases, home quarantine shortened"
2022-04-25 21:09:00,China to work with international community for implementation of Global Security Initiative: FM
2022-04-25 21:47:04,"Chinese premier stresses need to further anti-corruption fight, build clean government"
2022-04-25 14:02:17,China builds legal Great Wall to safeguard national security: official
2022-04-25 20:21:41,"Economic Watch: China's cross-border e-commerce gains growth momentum, bolsters consumption"
2022-04-25 15:53:01,Xi congratulates Macron on re-election as French president
2022-04-25 22:00:14,"Ships catch fire in Macao sea waters, blasts heard"
2022-04-25 21:02:58,"China, UN vow to jointly boost global development"
2022-04-25 23:33:30,Xi Focus: Moments of President Xi with university students
2022-04-25 15:54:48,New Hemsleya species discovered in central China
2022-04-25 22:21:16,"Security cooperation between China, Solomon Islands within sovereignty of two countries: spokesperson"
2022-04-25 22:47:30,Hong Kong to start application for employment support scheme this week
2022-04-25 10:17:58,"China Focus: From vets to common people, collective endeavor toward wildlife protection"
2022-04-25 18:00:47,
2022-04-25 20:05:42,China renews blue alert for rainstorms
2022-04-25 18:23:22,Shanghai Anti-COVID Diary 19 | A story of eight households: 10+1
2022-04-25 21:31:15,"Chinese company kicks off construction of bridge, station of Tel Aviv Light Rail Green Line"
2022-04-25 20:29:43,"China Focus: China accelerates legislation, improves legal system in past decade"
2022-04-26 07:22:59,Hong Kong reports 242 new COVID-19 cases
2022-04-26 07:16:23,Unmanned delivery vehicles used in Shanghai to distribute supplies to residents
2022-04-26 01:06:43,Beijing to expand nucleic acid testing to more areas
2022-04-26 00:12:46,China Focus: China's artemisinin research boosts global war on malaria
