﻿2022-08-24 23:38:00,"China, Türkiye vow to strengthen parliamentary cooperation"
2022-08-25 21:19:45,China advances to tank biathlon final in int'l army games
2022-08-25 19:00:00,"Premier Li says China ready to work with ROK to promote healthy, stable bilateral ties"
2022-08-26 21:30:46,Mega infrastructure projects lead China's mountainous province to prosperity
2022-08-27 22:15:00,Economic Watch: Soaring China-Europe freight trains facilitate international trade
2022-08-27 22:16:30,"China's industrial performance continues recovery, despite marginal profits decline"
2022-08-27 00:00:15,China to weave stronger safety net for disadvantaged people
2022-08-28 10:01:37,40th anniversary of China National Children's Center celebrated in Beijing
2022-06-20 08:55:04,"GLOBALink | See you again, Bayanbulak"
2022-06-21 07:36:44,24 Solar Terms: Summer Solstice
2022-07-07 07:14:05,24 Solar Terms: Lesser Heat
2022-07-23 07:29:03,24 Solar Terms: The Great Heat
2022-08-22 22:46:45,2022 Zhongguancun Forum opens media registration
2022-08-24 23:19:45,"China to build on policy package for stabilizing economy to firm up foundation for recovery, growth"
2022-08-25 22:45:00,HKUST scientists identify key blood protein for simpler treatment for Alzheimer's disease
2022-08-25 22:50:30,Hong Kong's external trade records decrease in July
2022-08-25 20:43:30,"Chinese premier stresses importance of agricultural science, technology"
2022-08-25 20:29:03,Chinese envoy warns of dangers of new Cold War
2022-08-25 12:02:30,Typhoon Ma-on makes landfall in south China's Guangdong Province
2022-08-25 01:06:00,Chinese FM attends reception marking 30th anniversary of China-ROK ties
2022-08-26 20:51:00,China's top legislature to establish ten more outreach offices
2022-08-26 10:08:30,Chinese mainland reports 262 new local confirmed COVID-19 cases
2022-08-26 16:07:15,Xi Focus-Closeup: Cutting-edge tech exemplifies China's innovation drive
2022-08-26 23:34:00,"China, U.S. enter into audit oversight cooperation agreement"
2022-08-26 17:50:15,"Xinhua Commentary: Self-serving Washington and its ""decoupling from China"" fallacies"
2022-08-26 16:06:45,"China mulls imposing credit punishment on telecom, internet fraudsters"
2022-08-26 20:38:46,Global scientists call for deeper space science cooperation
2022-08-27 10:30:30,Chinese language to be integrated into Ghana's educational curriculum: Ghanaian official
2022-08-27 10:30:00,Chinese mainland reports 250 new local confirmed COVID-19 cases
2022-08-27 20:01:45,Feature: Immersive experience enables Sydney locals to taste Hong Kong's best cuisine and culture
2022-08-27 20:08:15,Top-notch clean energy equipment showcased in China's Sichuan
2022-08-27 20:09:00,China Life Insurance's net profit down in H1
2022-08-27 18:08:15,"Xi replies to letter from families of ""Lisbon Maru"" survivors"
2022-08-27 18:08:30,"Guest Opinion: Legal loopholes in U.S. ""Taiwan Relations Act"""
2022-08-27 20:58:46,American teacher joins mountain firefighting effort in southwest China
2022-08-27 18:53:45,Chinese premier congratulates 2022 World New Energy Vehicle Congress
2022-08-27 22:15:00,Economic Watch: Soaring China-Europe freight trains facilitate international trade
2022-08-27 19:43:45,China's environmental protection sector sees steady revenue growth in 2021
2022-08-27 23:15:30,"Interview: China, ROK poised for future cooperation"
2022-08-27 18:54:45,"China, ASEAN to hold forum on environmental cooperation"
2022-08-27 00:11:00,"China allocates 10 bln yuan for drought relief, autumn grain production"
2022-08-27 17:28:45,"China opposes U.S. Congress members' Taiwan visits disguised as ""unofficial"": spokesperson"
2022-08-27 18:56:00,"China, Myanmar scientists find new evidence on Qinghai-Tibet Plateau formation"
2022-08-27 21:08:00,Chinese scientists propose new treatment strategy for nasopharyngeal carcinoma
2022-08-27 20:24:30,"China, Myanmar scientists find new evidence on Qinghai-Tibet Plateau formation"
2022-08-27 09:58:45,China rises to 1st place in most cited papers: report
2022-08-27 21:55:47,
2022-08-28 09:52:31,Picturesque wind farm in a sea of clouds in east China
2022-08-28 00:12:15,Guest Opinion: One-China principle brooks no distortion
2022-08-28 10:57:35,"Villagers provide fishing tools for tourists to promote local tourism industry in Guilin, S China"
2022-08-28 09:46:00,Chinese mainland reports 259 new local confirmed COVID cases
2022-08-28 09:18:15,Chinese mainland reports 259 new local confirmed COVID cases
2022-08-28 10:38:27,In pics: Chengdu Motor Show 2022
2022-08-28 10:38:49,"View of paddy fields in Guiyang, SW China's Guizhou"
