﻿2022-05-29 23:42:45,Shanghai announces action plan for economic recovery
2022-05-29 12:46:58,China prepares to launch Shenzhou-14 crewed spaceship
2022-05-30 17:21:16,China's top legislature schedules standing committee session
2022-05-30 20:06:59,Xi Focus: Xi meets new HKSAR chief executive John Lee
2022-05-30 23:33:47,China's ambassador to Bulgaria calls for deepening ties under BRI
2022-05-30 21:46:13,"Cooperation between China, Pacific island countries sees vitality, bright future"
2022-04-20 07:23:15,24 Solar Terms: Grain Rain
2022-04-24 08:18:05,GLOBALink | Parkour teenagers in ancient city of Kashgar
2022-05-05 07:30:12,24 Solar Terms: Start of Summer
2022-05-14 09:58:19,
2022-05-27 21:27:30,NYU Shanghai holds online graduation ceremony
2022-05-28 17:23:43,Ancient decarburization kiln discovered in central China
2022-05-29 19:09:58,Rocket for China's Wentian lab module arrives at launch site
2022-05-29 20:56:13,"Chinese FM, PIF secretary general discuss cooperation on blue economy, climate change"
2022-05-29 09:50:13,Chinese vice foreign minister briefs media on visit of UN High Commissioner for Human Rights to China
2022-05-29 12:46:58,China prepares to launch Shenzhou-14 crewed spaceship
2022-05-30 21:06:13,Wondrous Xinjiang: Artsy traffic boxes liven up NW China's frontier city
2022-05-30 17:21:16,China's top legislature schedules standing committee session
2022-05-30 22:51:28,Economic Watch: China takes prompt actions to stabilize growth amid tests
2022-05-30 17:56:45,Global warming may lead to shorter flower life: study
2022-05-30 19:14:46,Premier Li grants appointment certificate to John Lee as HKSAR chief executive
2022-05-30 17:17:13,Across China: Tiny bamboo toothpick prying up big market overseas
2022-05-30 17:54:32,"Documents, records sealed for eligible minor-related cases in China"
2022-05-30 23:08:16,China tightens measures to prevent import of monkeypox virus
2022-05-30 20:31:01,Interview: 6th-term HKSAR chief executive John Lee vows actions for new chapter
2022-05-30 13:20:30,Fijian president vows to continue adhering to one-China policy
2022-05-30 23:52:29,
2022-05-30 19:00:46,"Fiji, China vow to deepen bilateral ties, practical cooperation"
2022-05-30 23:33:47,China's ambassador to Bulgaria calls for deepening ties under BRI
2022-05-30 23:20:46,Political advisors discuss revising arbitration law
2022-05-30 21:12:16,China to build new platforms for cooperation with Pacific island countries
2022-05-30 23:56:27,
2022-05-30 21:04:11,China tightens measures to prevent import of monkeypox virus
2022-05-30 21:46:13,"Cooperation between China, Pacific island countries sees vitality, bright future"
2022-05-30 22:03:30,Macao's merchandise trade rises 19.1 pct in first four months
2022-05-31 11:11:29,China's central bank adds liquidity via reverse repos
2022-05-31 10:34:30,290 COVID-19 patients discharged from hospitals on Chinese mainland
2022-05-31 00:20:18,U.S. poses most serious long-term challenge to international order: spokesperson
2022-05-31 00:18:32,
2022-05-31 11:13:26,Market exchange rates in China -- May 31
2022-05-31 00:12:01,China refutes U.S. remarks on UN human rights chief's visit to China
2022-05-31 10:19:19,China's Global Development Initiative a timely call-for-action to address global challenges: WEF officer
2022-05-31 11:10:28,Chinese yuan strengthens to 6.6607 against USD Tuesday
2022-05-31 10:12:13,"Feature: Keeping fit, the best children's day gift"
2022-05-31 00:26:15,Vice premier urges solid preparation work for national college entrance exam
2022-05-31 10:24:30,China supports development of South Pacific nuclear-free zone
2022-05-31 10:14:30,China has implemented nearly 500 projects in Pacific island countries
2022-05-31 00:23:16,Record 11.93 mln students to take China's college entrance exam
2022-05-31 09:55:30,"Chinese mainland reports 28 new local confirmed COVID-19 cases, 16 in Beijing"
