﻿2022-04-10 17:48:48,Why China's dynamic zero-COVID approach must be sustained
2022-04-11 19:38:46,China's top legislature schedules standing committee session
2022-04-11 22:19:31,"Chinese premier calls for stabilization of employment, prices to shore up economy"
2022-04-11 10:00:32,"Chinese mainland reports 1,164 new local confirmed COVID-19 cases"
2022-04-11 12:29:15,Xi inspects south China's Hainan Province
2022-04-12 09:36:31,"Chinese mainland reports 1,251 new local confirmed COVID-19 cases"
2022-03-20 08:17:09,24 Solar Terms: Spring Equinox 
2022-03-23 10:21:55,
2022-03-31 11:12:50,GLOBALink | Shopkeeper in grand bazaar in Xinjiang
2022-04-05 07:15:59,24 Solar Terms: Qingming
2022-04-09 21:14:11,Universal Beijing Resort debuts new Chinese-made game themed parade
2022-04-09 21:29:00,Chinese experts discover antitumor activities in flower constituents
2022-04-10 23:56:15,Update: China's Guangzhou to suspend in-person school classes over COVID-19
2022-04-10 23:20:56,China issues guideline on establishing unified domestic market
2022-04-10 23:25:56,"China unveils plan to boost healthcare for women, children"
2022-04-10 19:40:00,Chinese premier stresses cooperation with Portuguese-speaking countries
2022-04-10 13:48:01,New EMU train of China-Laos Railway to serve Lao festival travel rush
2022-04-10 20:57:27,Ice Ribbon set to open to public before May
2022-04-10 21:06:31,"Over 11,000 people in Shanghai discharged from hospital"
2022-04-11 20:39:14,"Chinese premier stresses stabilizing employment, price to shore up economy"
2022-04-11 13:53:17,"Xi stresses role of ""Chinese seeds"" in ensuring food security"
2022-04-11 20:51:00,NATO urged to stop spreading provocative remarks against China: spokesperson
2022-04-11 21:03:01,China stresses smooth freight transport amid epidemic
2022-04-11 21:13:14,Across China: Foreign volunteers help fight epidemic in China
2022-04-11 17:31:30,Taiwan reports 630 new COVID-19 cases
2022-04-11 16:32:00,Macao unveils makeshift hospital in case of COVID-19 outbreak
2022-04-11 22:34:34,Multinational corporations support Shanghai's fight against COVID-19
2022-04-11 16:36:02,
2022-04-11 18:56:29,Explainer: Why dynamic zero-COVID policy remains best choice for Shanghai
2022-04-11 21:30:31,
2022-04-11 15:25:02,Rocket for China's Tianzhou-4 mission arrives at launch site
2022-04-11 19:38:46,China's top legislature schedules standing committee session
2022-04-11 22:45:30,5.1-magnitude quake hits waters off Taiwan: CENC
2022-04-11 22:19:31,"Chinese premier calls for stabilization of employment, prices to shore up economy"
2022-04-11 10:00:32,"Chinese mainland reports 1,164 new local confirmed COVID-19 cases"
2022-04-11 21:41:15,"Hong Kong's teachers, students required to conduct COVID-19 test daily after schools reopen"
2022-04-11 22:34:28,GLOBALink | Xi's visit encourages marine scientists
2022-04-11 17:02:15,Across China: A hub airport making the aviation industry smarter
2022-04-11 09:00:16,Tang Dynasty tombs discovered in China's Shanxi
2022-04-11 10:14:30,"1,378 COVID-19 patients discharged from hospitals on Chinese mainland"
2022-04-11 15:12:01,Shanghai launches classified management of city areas to contain COVID-19 spread
2022-04-12 09:33:31,Economic Watch: European experts eye stronger growth of RMB as global currency reserve
2022-04-12 09:45:30,"1,676 COVID-19 patients discharged from hospitals on Chinese mainland"
2022-04-12 09:43:30,Market exchange rates in China -- April 12
2022-04-12 09:36:31,"Chinese mainland reports 1,251 new local confirmed COVID-19 cases"
2022-04-12 09:42:31,Chinese yuan weakens to 6.3795 against USD Tuesday
2022-04-12 07:02:00,Chinese envoy calls for true multilateralism in fight against COVID-19
2022-04-12 07:36:00,Tianjin sends TCM medical team to aid Shanghai in battle against COVID-19
