﻿2022-08-14 20:44:45,41 killed in massive church fire in Egypt's Giza
2022-08-14 14:35:47,Foreign band sings song of Belt and Road to the world
2022-08-11 21:47:00,Five European countries help France to fight wildfires
2022-08-11 07:32:15,Cuba makes progress in controlling fuel farm fire
2022-08-11 07:30:15,12 vessels authorized to depart Ukrainian ports for grain export: UN official
2022-08-12 21:36:00,Indonesia to complete 1st phase of foot-and-mouth disease vaccination by September
2022-08-12 03:33:15,"African observers laud Kenya for holding free, fair elections"
2022-08-12 12:44:00,"Interview: U.S. in no position to talk about human rights, says expert"
2022-08-12 04:09:45,German Chancellor Scholz promises more aid for rising energy prices
2022-08-12 06:59:30,News Analysis: U.S. monetary policy changes have knock-on impacts on euro zone
2022-08-13 10:54:45,Colombian gov't recognizes legitimacy of ELN guerrilla delegation for peace talks
2022-08-13 18:04:46,
2022-08-13 05:45:00,Hotel fire leaves 22 injured in northern Colombia
2022-08-13 06:38:45,UN chief appoints Abdulla of Sudan as coordinator for Black Sea Grain Initiative
2022-08-13 05:21:31,The 28th Sarajevo Film Festival opens in Bosnian capital
2022-08-13 22:32:00,Egyptian parliament approves 13-minister cabinet reshuffle
2022-08-13 00:40:00,Roundup: Drought declared in parts of England as hot weather persists
2022-08-13 05:10:16,U.S. judge unseals search warrant for Trump's Mar-a-Lago estate
2022-08-13 18:01:15,World Insights: U.S. Congress passes Inflation Reduction Act amid harsh criticism
2022-08-13 10:44:00,It takes more than rhetoric for U.S. to woo Africa: The Guardian
2022-08-13 05:28:15,168 aid workers suffer attack so far this year: UN
2022-08-13 13:03:00,"World Insights: Japan's cabinet reshuffle reflects focus on politics, security over economy"
2022-08-13 22:19:15,Pakistan condemns terror incident in Saudi Arabia's Jeddah
2022-08-13 04:51:15,Mexican president deplores gang attacks on civilians in riots leaving 11 dead
2022-08-14 02:30:30,U.S. steals 89 tankers of oil from Syria: state media
2022-08-14 10:14:15,Portugal announces financial aid to farmers
2022-08-14 18:59:00,"Road accident kills 5, injures 4 in Indonesia's West Java"
2022-08-14 12:39:15,"Washington commits crimes, violates human rights in Syria, experts say"
2018-12-27 21:11:58,News Analysis: Trump's surprise visit to Iraq sparks resentment among political blocs
2022-08-14 20:44:45,41 killed in massive church fire in Egypt's Giza
2022-08-14 23:52:00,G20 members agree to formulate development funding for least developed countries
2022-08-14 03:42:30,"Iranian FM warns U.S. against using ""language of threat"""
2022-08-14 11:38:15,
2022-08-14 20:33:00,Israel's ex-army chief joins Gantz-led alliance for elections
2022-08-15 05:04:00,Jordan launches probe into oil spill off southern coast
2022-08-15 06:39:30,Feature: Gazan fiancee's tragic story during deadly Israel-Jihad conflict
2022-08-15 04:12:30,Israeli missile attacks kill 3 soldiers in Syria
2022-08-14 23:56:16,Ethiopian PM inaugurates first free trade zone
2022-08-14 23:50:15,"Tanzania to construct over 33,000 km roads in 2022/2023 fiscal year"
2022-08-15 00:20:00,13 al-Shabab militants killed in Somali airstrike
2022-08-15 00:53:30,"Feature: Denied crimes, skipped history -- Japan ignores forced labor crimes in Hashima Island history"
2022-08-15 00:09:00,"Feature: Pakistan celebrates Independence Day with pomp, splendor"
2022-08-14 23:52:00,G20 members agree to formulate development funding for least developed countries
2022-08-15 04:17:45,No toxic found for fish die-off in Oder river: Polish minister
2022-08-15 04:00:30,"1 killed, 1 injured in traffic accident in Croatia"
2022-08-14 23:58:00,1 killed in Armenian shopping center blast
2022-08-14 11:25:00,CBOT agricultural futures rally
2022-08-14 12:39:15,"Washington commits crimes, violates human rights in Syria, experts say"
2022-08-14 23:38:15,"Man drives car into barricade on Capitol Hill, firing gunshots before killing himself"
