﻿2022-07-16 23:32:30,Top legislator highlights ecological protection on Qinghai-Tibet Plateau
2022-07-17 13:48:31,
2022-07-17 18:10:00,China's Tianzhou-3 cargo craft separates from space station combination
2022-07-18 22:32:00,New teaching resources expected to foster passion for Chinese history in HKSAR secondary schools
2022-07-18 20:04:45,China's steady economic recovery boosts global expectations for future growth
2022-06-06 08:18:04,24 Solar Terms: Grain in Ear
2022-06-20 08:55:04,"GLOBALink | See you again, Bayanbulak"
2022-06-21 07:36:44,24 Solar Terms: Summer Solstice
2022-07-07 07:14:05,24 Solar Terms: Lesser Heat
2022-07-14 16:42:16,Across China: Rural women weave in prosperous lives through embroidery
2022-07-15 09:00:00,"1,900-year-old celadon kiln site found in central China's Hunan"
2022-07-15 22:40:15,Chinese vice premier stresses development of rural industries
2022-07-16 22:19:14,"Chinese vice premier stresses green, high-quality development"
2022-07-16 09:15:45,Chinese mainland reports 75 new local confirmed COVID-19 cases
2022-07-16 21:10:56,"Chinese state councilor stresses workplace safety, flood relief"
2022-07-17 16:11:45,"Croatia, China launch 3rd joint police patrol to better serve tourists"
2022-07-17 20:06:30,Northeast China's Liaohe River sees 1st flood of 2022
2022-07-17 10:29:14,Chinese mainland reports 106 new local confirmed COVID-19 cases
2022-07-17 12:44:42,China renews yellow alert for heat waves in multiple regions
2022-07-18 21:26:26,Top political advisor calls for greeting 20th CPC national congress with steady progress
2022-07-18 22:29:45,China's Daqing Oilfield sees rising natural gas output
2022-07-18 23:48:00,"Chinese FM spokesperson urges investigations into UK, U.S. war crimes, human rights violations"
2022-07-18 18:33:00,
2022-07-18 22:32:00,New teaching resources expected to foster passion for Chinese history in HKSAR secondary schools
2022-07-18 20:40:30,China to issue commemorative coins for world heritage site Quanzhou
2022-07-18 23:36:00,China refutes U.S. report on Xinjiang-related issues
2022-07-18 22:30:45,7 dead after winds hit dock in east China's Ningbo
2022-07-18 20:53:49, Zishui bridge along Changde-Yiyang-Changsha railway under construction 
2022-07-18 21:20:59,
2022-07-18 00:40:57,"Chinese, Hungarian FMs hold phone talks on bilateral ties, Ukraine"
2022-07-18 20:42:30,China Focus: China's Anhui strives to ensure daily supplies amid COVID-19 resurgence
2022-07-18 20:27:15,China urges U.S. to revoke arms sales plan to Taiwan
2022-07-18 21:30:26,"5,200-year-old stone carving chrysalis found in north China"
2022-07-18 21:05:30,Taipei Palace Museum launches special exhibition for kids
2022-07-18 14:58:56,"China issues plan for preserving, using cultural relics along Yellow River"
2022-07-18 11:50:15,China prepares to launch Wentian lab module
2022-07-18 18:04:28,
2022-07-18 19:25:00,China Development Bank increases support for Yangtze River protection
2022-07-18 22:10:42,Premier Li to attend WEF Special Virtual Dialogue with Global Business Leaders
2022-07-18 19:37:00,Chinese vice premier stresses innovation-driven development of Xinjiang
2022-07-19 08:35:41,China's Ningxia achieves robust GDP growth
2022-07-19 08:31:45,China's Jiangxi sees booming digital economy
2022-07-19 00:05:56,Researchers propose new AI model to better understand human expectations
2022-07-19 00:54:16,Chinese FM holds phone talks with French president's diplomatic counselor
2022-07-19 00:22:15,Xi sends congratulatory letter to World Conference on Globally Important Agricultural Heritage Systems
2022-07-19 00:36:14,China Focus: Chinese prosecutors safeguard high-quality development
2022-07-19 00:29:15,Chinese vice premier stress protection of agricultural heritage systems
2022-07-19 00:07:11,197 oriental white storks bred in NE China nature reserve
