﻿2022-06-26 20:34:30,China's top political advisor meets with CPC members of Taiwan origin
2022-06-27 20:42:00,"Chinese vice premier meets exemplary groups, individuals of government offices administration"
2022-06-27 18:29:43,China's top legislator calls for enhanced China-Thailand relations
2022-06-28 22:03:28,"Land transformation implemented in Lulong, China's Hebei"
2022-06-28 17:34:16,Expert says BRI boosts living standards in Turkey
2022-06-29 01:30:16,Hong Kong's development pulling at President Xi's heartstrings
2022-06-29 00:25:45,"Chinese premier urges efforts to stabilize employment, safeguard livelihoods"
2022-05-29 13:05:59,
2022-06-06 08:18:04,24 Solar Terms: Grain in Ear
2022-06-20 08:55:04,"GLOBALink | See you again, Bayanbulak"
2022-06-21 07:36:44,24 Solar Terms: Summer Solstice
2022-06-23 18:22:15,Across China: Technologies aid efforts to raise public awareness of cultural relic restoration
2022-06-23 18:20:13,China to establish national demonstration zones for IPR protection
2022-06-27 12:31:00,China renews yellow alert for rainstorms in vast regions
2022-06-27 20:23:00,China's road construction maintains sound momentum: official
2022-06-27 20:42:00,"Chinese vice premier meets exemplary groups, individuals of government offices administration"
2022-06-27 18:46:46,"Beijing's primary, middle schools reopen as COVID-19 wanes"
2022-06-27 21:54:48,U.S. in no position to talk about human rights in other countries: Chinese FM spokesperson
2022-06-28 22:28:47,
2022-06-28 19:50:30,China urges U.S. to cease official exchanges with Taiwan: FM spokesperson
2022-06-28 16:04:28,Total of COVID-19 vaccine doses administered on Chinese mainland hits 3.4 bln
2022-06-28 00:37:00,China launches new satellite for Earth observation
2022-06-28 21:05:41,Hong Kong keeps tracing COVID-19 through sewage surveillance
2022-06-28 23:47:30,"(HKSAR 25) Xinhua Commentary: Hong Kong poised for greater success under ""one country, two systems"""
2022-06-28 23:00:45,
2022-06-28 16:42:44,China's new COVID-19 protocol cuts isolation length for inbound travelers
2022-06-28 23:39:28,"China Focus: Shenzhou-13 astronauts meet press after quarantine, recuperation"
2022-06-28 18:41:15,"China to cut gasoline, diesel retail prices"
2022-06-28 22:32:16,5.3-magnitude quake hits waters off Taiwan: CENC
2022-06-28 20:42:44,China's top legislator holds talks with lower house speaker of Kazakhstan's parliament
2022-06-28 22:19:58,Over 25 mln foreigners learning Chinese by end of 2021: education ministry
2022-06-28 22:43:12,Chinese FM meets with outgoing EU ambassador
2022-06-28 18:17:00,Chinese female astronaut inspires graduates at Peking University
2022-06-28 22:40:14,"Chinese premier urges efforts to stabilize employment, safeguard livelihoods"
2022-06-28 22:06:48,
2022-06-28 18:59:15,China unveils major sci-tech issues of 2022
2022-06-28 17:42:58,Xi's special representative to attend Philippine presidential inauguration
2022-06-29 10:52:15,China's central bank adds liquidity via reverse repos
2022-06-29 01:03:45,Senior Chinese official emphasizes protection of Yangtze River
2022-06-29 00:25:45,"Chinese premier urges efforts to stabilize employment, safeguard livelihoods"
2022-06-29 10:27:39,Activities launched to celebrate 25th anniv. of Hong Kong's return to motherland
2022-06-29 10:41:16,China's installed capacity of renewable energy exceeds 1 bln kilowatts
2022-06-29 09:42:46,Feature: Sports bring people of various ethnic groups together in Xinjiang
2022-06-29 09:07:58,China Focus: China's acupuncture gains popularity in BRICS countries
2022-06-29 11:07:13,China conducts central bank bills swap
2022-06-29 07:43:17,First anniv. of operation of Baihetan hydropower station's first two generating units marked in SW China
2022-06-29 09:40:43,47 COVID-19 patients discharged from hospitals on Chinese mainland
2022-06-29 10:21:15,Chinese mainland reports 3 new local confirmed COVID-19 cases
