﻿2022-03-27 14:44:16,"New freight train route links China's Chongqing, Vietnam"
2022-03-27 20:12:13,"Malta's Labour Party wins general election, PM says"
2022-03-24 21:01:01,Russia says Pentagon directly involved in bioweapon development in Ukraine
2022-03-24 23:58:30,NATO approves deployment of four new battle groups
2022-03-24 07:29:00,Argentina's economy grows 10.3 pct in 2021
2022-03-24 02:15:45,Hungarian gov't opposes sanctions on Russian energy shipments
2022-03-24 21:01:58,Bulgaria to recall its ambassador to Russia for consultations: PM
2022-03-25 22:03:00,"NATO summit fails to address disagreement, concerns among members amid Ukraine crisis"
2022-03-25 04:41:15,UN warns of worsening food crisis in Sudan amid economic deterioration
2022-03-25 19:24:15,Iran reaffirms red lines set for Vienna nuke talks
2022-03-25 03:32:15,"Greek households hit hard by price increases: survey
"
2022-03-26 17:48:00,Chinese company kicks off road project construction in Ghana
2022-03-26 06:06:15,EU coordinator to travel to Iran to close gaps for nuke talks
2022-03-26 12:38:00,Brazil's Butantan Institute inaugurates factory for CoronaVac vaccine production
2022-03-26 17:51:00,"9th World Water Forum highlights water access, sanitation"
2022-03-26 16:04:45,"IMF approves 44-bln-USD loan for Argentina to tackle inflation, boost growth"
2022-03-26 16:35:46,Anticipated aggressive rate hikes by Fed drive up recession concerns
2022-03-26 17:39:45,Flu cases rise in U.S.: CDC data
2022-03-27 11:25:46,Xinhua Commentary: EU needs stronger strategic autonomy for more secure future
2022-03-27 23:08:15,Roundup: Iran vows not to cross red lines to surrender in Vienna talks
2022-03-27 04:02:45,Nepali PM meets Chinese FM on boosting practical cooperation
2022-03-27 20:35:01,Maldivian national carrier commences flights to Sri Lanka's Ratmalana Airport
2022-03-27 20:48:02,"Somalia says foils fresh terror attack, kills 12 Shabab militants"
2022-03-27 12:52:45,"Brazil reports 29,922 new COVID-19 cases, 196 more deaths"
2022-03-27 19:01:30,"Malta's Labour Party wins general election, PM says"
2022-03-27 17:37:31,Myanmar marks Armed Forces Day with military parade
2022-03-27 21:48:18,Mayor of Kigali takes part in national community work in Rwanda
2022-03-27 02:47:45,Zimbabwe holds by-election amid low voter turnout
2022-03-27 21:26:16,"Israel, Germany ink deal on energy cooperation"
2022-03-27 11:10:45,U.S. Congressman Jeff Fortenberry to step down after conviction
2022-03-27 13:54:00,Australians warned of impending influenza surge amid battle against COVID-19
2022-03-27 16:46:31,
2022-03-27 16:58:31,GLOBALink | Mobile library promotes reading in Afghan province  
2022-03-27 22:33:15,Feature: Gazans break tradition to more openly embrace plastic surgery
2022-03-27 14:40:00,"UN chief condemns attacks on civilian facilities in Saudi Arabia, Yemen"
2022-03-27 13:28:45,Sri Lanka to hold 5th BIMSTEC summit
2022-03-27 21:09:00,Feature: Kenya's civil servants to leverage Huawei training to boost service delivery
2022-03-27 22:11:00,"Rwanda's Umuganda community work resumes, after two-year suspension due to COVID-19"
2022-03-27 21:48:16,Mayor of Kigali takes part in national community work in Rwanda
2022-03-27 23:15:13,"Myanmar reports 130 new COVID-19 cases, 1 more death"
2022-03-27 22:31:15,"Indonesia reports 3,077 new COVID-19 cases, 100 more deaths"
2022-03-27 21:27:15,"Singapore reports 4,848 new COVID-19 cases"
2022-03-27 19:01:31,"EU coordinator, Iran's negotiator hold talks on Vienna nuke negotiations"
2022-03-27 21:26:16,"Israel, Germany ink deal on energy cooperation"
2022-03-27 21:01:01,Economic Watch: Anti-Russia sanctions hit Turkish food market
2022-03-27 13:00:45,Feature: Cuba's most popular beach resort aims to boost tourism before high season ends
2022-03-27 21:08:00,U.S. to approve 2nd vaccine booster amid mixed pandemic scenario
2022-03-27 11:12:46,Dredging to free container ship grounded in U.S. bay halted due to weather conditions
