﻿2022-03-18 05:16:15,U.S. House votes to suspend normal trade relations with Russia
2022-03-18 00:18:16,China-EU trade sees sound momentum in first two months
2022-03-17 17:54:17,Roundup: U.S. Fed raises interest rates to tame 40-year-high inflation
2022-03-17 20:30:32,
2022-03-17 00:00:42,"Zelensky asks U.S. to ""do more"" to help Ukraine"
2022-03-17 20:31:00,"Egypt discovers five 4,000-year-old ancient tombs"
2022-03-17 10:17:27,"U.S. strategically provokes Russia, neutralizes Europe to consolidate influence zones: expert"
2022-03-17 19:23:46,"3 killed, 225 injured after magnitude-7.4 quake strikes northeastern Japan"
2022-03-17 21:50:30,U.S.-supervised Ukraine lab studies disease transmission via bats
2022-03-17 09:12:00,"2 killed, 92 injured after magnitude-7.4 quake strikes northeastern Japan"
2022-03-17 21:50:47,
2022-03-17 12:57:45,Russia ready to continue high-level negotiations with Ukraine as NATO mulling reset of deterrence
2022-03-17 23:00:16,Egypt holds festivals in ancient sites to boost cultural tourism
2022-03-17 19:47:31,"Israel foils weapons, drugs smuggling over Jordan-Israel border"
2022-03-17 22:55:41,Russia demands U.S. disclose information on biolabs in Ukraine
2022-03-17 13:20:44,"S.Korea reports record high of over 600,000 new COVID-19 cases"
2022-03-17 22:17:30,UNIFIL's new chief urges enhanced coordination for Lebanon-Israel Blue Line disputes
2022-03-17 12:14:45,"Roundup: South Pacific island nations witness food, petrol prices hikes"
2022-03-17 18:46:16,South Sudan secures 120 mln USD from World Bank for infrastructure growth
2022-03-17 23:04:45,State funeral held for former Zambian President Banda
2022-03-17 21:13:00,Facts about Russia-Ukraine conflict: Russia ready to continue high-level negotiations with Ukraine
2022-03-17 09:23:00,Detainee at CIA detention site served as training prop to teach interrogators torture techniques: The Guardian
2022-03-17 10:03:15,Brazil's central bank raises benchmark interest rate to 11.75 pct
2022-03-17 17:26:00,Zelensky lists 6 priorities at peace talks with Russia
2022-03-18 07:45:45,Brazil cuts economic growth estimate to 1.5 pct in 2022
2022-03-18 03:45:30,Israel approves budget for building air defense laser system: minister
2022-03-18 03:08:15,Omicron BA2 subvariant spreading as EU countries lift COVID-19 restrictions: EMA
2022-03-18 09:51:00,Peruvian court orders release of ex-president Fujimori
2022-03-18 04:34:14,Omicron BA2 subvariant spreading as EU countries lift COVID-19 restrictions: EMA
2022-03-18 04:21:30,4 rockets hit Iraq's largest air base
2022-03-18 06:20:41,Chinese envoy calls for efforts to prevent humanitarian crisis of larger scale in Ukraine
2022-03-18 02:02:14,"Chinese envoy calls for efforts to ease humanitarian, economic crises in Afghanistan"
2022-03-18 03:31:15,Israeli cargo plane carrying gear to build field hospital in Ukraine departs
2022-03-18 05:32:30,Humanitarian situation in N. Ethiopia continues to be of extreme concern: UN
2022-03-18 04:00:15,Major fire damages commercial building in New York's Flushing Chinatown
2022-03-18 02:03:15,World Bank provides 750 mln USD to spur Kenya's post-pandemic growth
2022-03-18 04:48:14,"U.S. weekly jobless claims fall to 214,000, lowest level since start of year"
2022-03-18 08:16:35,Malta unveils COVID-19 memorial garden in Paola
2022-03-18 02:03:15,World Bank provides 750 mln USD to spur Kenya's post-pandemic growth
2022-03-18 01:31:56,AU hosts high-level continental forum on unconstitutional changes of government in Africa
2022-03-18 01:34:59,Africa's COVID-19 cases exceed 11.29 mln: Africa CDC
2022-03-18 08:52:45,Australians urged to get booster shot as Omicron BA.2 cases surge
2022-03-18 09:35:00,"Malaysia reports 27,004 new COVID-19 infections, 86 new deaths"
2022-03-18 09:28:01,Indonesia's Bali to host 144th assembly of IPU
2022-03-18 09:36:00,"Facts about Russia-Ukraine conflict: Erdogan renews proposal to bring Putin, Zelensky together"
2022-03-18 09:48:36,Blooming flowers seen near St Paul's Cathedral in London
2022-03-18 07:33:41,Saint Patrick's Day parade held in Irish capital Dublin
2022-03-18 06:59:44,U.S. stocks rise as investors assess Fed decision
2022-03-18 07:18:41,U.S.-listed Chinese firms trade mostly lower
2022-03-18 08:44:38,"2022 Toronto Sportsmen's Show held in Mississauga, Canada"
