﻿2022-05-27 16:01:30,China's first salt cavern compressed air energy storage starts operation
2022-05-27 22:52:00,Feature: Chinese-built SGR passenger train service easing mobility for Kenya's working class
2022-05-28 07:49:25,Disinfection work conducted in schools in Shanghai before resumption of classes
2022-05-28 17:39:43,"Samoa, China agree on mutually beneficial, win-win cooperation"
2022-05-28 21:48:29,Mega data project bolsters China's digital infrastructure
2022-05-29 07:17:58,"Unmanned farming in Ningxia, NW China"
2022-04-20 07:23:15,24 Solar Terms: Grain Rain
2022-04-24 08:18:05,GLOBALink | Parkour teenagers in ancient city of Kashgar
2022-05-05 07:30:12,24 Solar Terms: Start of Summer
2022-05-14 09:58:19,
2022-05-26 18:29:46,China's space tracking ship departs for 100th mission
2022-05-26 15:09:59,"Chinese scientists design tiny, wriggling inspection robot"
2022-05-27 22:44:48,
2022-05-27 19:22:44,Beijing reports 20 new local COVID-19 infections
2022-05-27 01:10:46,Three generations of Uygur family devoted to protecting ancient Buddhist city
2022-05-27 21:50:32,Chinese researchers cultivate local wine yeast strains
2022-05-27 21:27:30,NYU Shanghai holds online graduation ceremony
2022-05-27 21:04:16,China activates Level-IV emergency response for flooding
2022-05-27 16:08:30,"China releases medium-, long-term plan to develop philosophy, social sciences"
2022-05-27 18:44:48,Factbox: China makes headway in wetland conservation
2022-05-27 09:16:13,Chinese scientists find gene for drought resistance in rice
2022-05-27 21:44:54,
2022-05-27 10:39:45,Chinese mainland reports 80 new local confirmed COVID-19 cases
2022-05-28 17:18:43,Xi Focus: Xi calls for advancing study of Chinese civilization
2022-05-28 00:05:13,U.S. urged to give up its obsession with containing China
2022-05-28 21:56:28,Hong Kong keeps tracing COVID-19 through sewage surveillance
2022-05-28 22:15:42,"Locals enjoy leasure time at park along Grand Canal in Wuqiao County, Hebei"
2022-05-28 17:39:43,"Samoa, China agree on mutually beneficial, win-win cooperation"
2022-05-28 13:29:41,Xi calls for advancing study of Chinese civilization
2022-05-28 00:30:15,Hong Kong holds legal conference on Basic Law to mark 25th anniversary of return to motherland
2022-05-28 22:24:28,China-U.S. relations not zero-sum game: Chinese FM
2022-05-28 23:10:13,China-U.S. relations not zero-sum game: Chinese FM
2022-05-28 16:06:15,"China, Greece celebrate 50 years of diplomatic relations"
2022-05-28 18:25:43,"China's AC352 helicopter completes function, reliability flight tests"
2022-05-28 17:23:43,Ancient decarburization kiln discovered in central China
2022-05-28 21:58:26,Xinhua Commentary: Washington should learn to quit China-smearing addiction
2022-05-28 23:02:46,
2022-05-28 00:32:16,117th joint patrol on Mekong River concludes
2022-05-28 16:08:13,China activates Level-IV emergency response for flooding over south China rains
2022-05-28 22:15:43,Yuyuan Garden Mall in Shanghai reopens
2022-05-29 10:03:46,252 COVID-19 patients discharged from hospitals on Chinese mainland
2022-05-29 01:23:43,Chinese vice premier stresses summer agricultural production
2022-05-29 10:40:46,Balance of loans in Shanghai rises at end of April
2022-05-29 00:54:58,Forum on national security law held in Hong Kong
2022-05-29 10:39:43,Chinese mainland reports 54 new local confirmed COVID-19 cases
2022-05-29 00:13:45,Chinese vice foreign minister briefs media on visit of UN High Commissioner for Human Rights to China
2022-05-29 10:18:43,China's bond market sees over 5 trln yuan issued in April
2022-05-29 09:48:47,Chinese mainland reports 54 new local confirmed COVID-19 cases
2022-05-29 11:35:56,"Beijing reports 14 confirmed, 7 asymptomatic local COVID-19 cases"
2022-05-29 09:50:13,Chinese vice foreign minister briefs media on visit of UN High Commissioner for Human Rights to China
2022-05-29 10:19:43,China's public offering fund volume hits 25.52 trln yuan
2022-05-29 07:17:58,"Unmanned farming in Ningxia, NW China"
2022-05-29 09:13:28,"Shanghai reports 29 confirmed, 93 asymptomatic local COVID-19 cases"
