﻿2022-07-11 16:33:18,2022 senior high school entrance examination in Shanghai kicks off
2022-07-11 23:11:13,"Chinese FM lauds China-ASEAN friendship, renews commitment on open regionalism"
2022-07-12 20:37:12,"China, Malaysia reach 5-point consensus on developing ties"
2022-07-12 07:02:14,"China-Europe Railway Express (Chongqing)'s 10,000th trip arrives in Germany"
2022-07-13 15:52:15,China launches new data relay satellite
2022-07-13 20:24:45,China's foreign trade grows at double-digit pace in June with resilient outlook
2022-06-06 08:18:04,24 Solar Terms: Grain in Ear
2022-06-20 08:55:04,"GLOBALink | See you again, Bayanbulak"
2022-06-21 07:36:44,24 Solar Terms: Summer Solstice
2022-07-07 07:14:05,24 Solar Terms: Lesser Heat
2022-07-09 09:09:14,Shanghai holds solo Giorgio Morandi exhibition
2022-07-09 09:22:15,Dance training program helps boost China-Laos cultural exchange
2022-07-09 09:16:12,14 ancient tombs unearthed in central China's Hunan
2022-07-11 15:32:29,China issues orange alert for high temperatures
2022-07-11 22:58:00,"Chinese premier stresses importance of workplace safety, prevention of major accidents"
2022-07-11 19:26:14,China hopes Sri Lankan community will stick together through difficult times: spokesperson
2022-07-11 19:20:15,South China National Botanical Garden inaugurated in Guangzhou
2022-07-11 22:53:59,Chinese vice premier stresses comprehensive rural revitalization
2022-07-11 22:34:57,"China urges to uphold vision of peace, development, independence, inclusiveness"
2022-07-12 20:37:12,"China, Malaysia reach 5-point consensus on developing ties"
2022-07-12 14:31:44,China aims to build modern national road network by 2035
2022-07-12 20:31:59,China has 428 mln 5G mobile users: ministry
2022-07-12 20:45:15,China slams U.S. consular official's remarks on Hong Kong policy
2022-07-12 22:36:16,China to ease residency restrictions in urban areas
2022-07-13 22:14:16,"China, Vietnam hold meeting on bilateral cooperation"
2022-07-13 15:52:15,China launches new data relay satellite
2022-07-13 20:34:46,Shanghai int'l violin competition to hold finals online in August
2022-07-13 03:55:30,China ready to enhance strategic communication with Malaysia amid world volatility: Chinese FM
2022-07-13 17:54:00,Balance of loans in Shanghai rises at end of June
2022-07-13 01:43:14,China launches new data relay satellite
2022-07-13 19:16:30,"World will oppose ""U.S. rules"" of foreign interference: FM spokesperson"
2022-07-13 20:47:45,Temperature in Shanghai hits record high
2022-07-13 22:27:20,Inoculation of COVID-19 vaccine for elderly steadily advances in Beijing
2022-07-13 17:18:43,
2022-07-13 14:29:00,China renews orange alert for high temperatures
2022-07-13 22:55:30,Top political advisor calls on Taiwan compatriots to stand firmly on right side of history
2022-07-13 17:11:49,
2022-07-13 20:38:30,"China unveils measures to bolster employment, consumption"
2022-07-13 21:23:00,China's hog production generally stable: ministry
2022-07-13 20:03:29,"China, Pakistan maritime drill concludes"
2022-07-13 20:21:29,1st antechamber exchange session held in HKSAR to enhance executive-legislative collaboration
2022-07-13 23:40:45,"China, Nicaragua sign FTA early harvest arrangements"
2022-07-13 23:01:30,"China unveils measures to bolster employment, consumption"
2022-07-13 23:33:30,Senior CPC official urges BRICS to build anti-corruption governance system
2022-07-13 21:12:27,
2022-07-13 23:57:45,China to take further steps for job growth and employment stability
2022-07-13 17:20:45,China Focus: China-Brazil cooperation benefits regional development
2022-07-13 17:38:41,China to have nine of top 20 container ports: forecast
2022-07-13 20:12:29,DPP warned not to use mainland patrol vessel for political manipulation
2022-07-13 20:48:42,"Over 172,000 people in Hong Kong take 4th dose of COVID-19 vaccines"
2022-07-13 19:10:15,China's digital yuan transactions hit 83 bln yuan in first 5 months
2022-07-13 21:23:07,View of Badain Jaran Desert in N China's Inner Mongolia 
2022-07-13 00:08:15,China renews blue alert for rainstorms
2022-07-13 15:08:15,China launches new data relay satellite
