﻿2022-05-28 07:49:25,Disinfection work conducted in schools in Shanghai before resumption of classes
2022-05-28 17:39:43,"Samoa, China agree on mutually beneficial, win-win cooperation"
2022-05-29 17:54:14,"BRI injects impetus, stability to francophone Africa, experts say"
2022-05-29 23:42:45,Shanghai announces action plan for economic recovery
2022-05-29 07:17:58,"Unmanned farming in Ningxia, NW China"
2022-05-29 12:46:58,China prepares to launch Shenzhou-14 crewed spaceship
2022-04-20 07:23:15,24 Solar Terms: Grain Rain
2022-04-24 08:18:05,GLOBALink | Parkour teenagers in ancient city of Kashgar
2022-05-05 07:30:12,24 Solar Terms: Start of Summer
2022-05-14 09:58:19,
2022-05-27 01:10:46,Three generations of Uygur family devoted to protecting ancient Buddhist city
2022-05-27 21:50:32,Chinese researchers cultivate local wine yeast strains
2022-05-27 21:27:30,NYU Shanghai holds online graduation ceremony
2022-05-27 21:04:16,China activates Level-IV emergency response for flooding
2022-05-27 09:16:13,Chinese scientists find gene for drought resistance in rice
2022-05-28 00:05:13,U.S. urged to give up its obsession with containing China
2022-05-28 17:39:43,"Samoa, China agree on mutually beneficial, win-win cooperation"
2022-05-28 22:24:28,China-U.S. relations not zero-sum game: Chinese FM
2022-05-28 16:06:15,"China, Greece celebrate 50 years of diplomatic relations"
2022-05-28 18:25:43,"China's AC352 helicopter completes function, reliability flight tests"
2022-05-28 17:23:43,Ancient decarburization kiln discovered in central China
2022-05-28 00:32:16,117th joint patrol on Mekong River concludes
2022-05-28 16:08:13,China activates Level-IV emergency response for flooding over south China rains
2022-05-29 22:41:45,HKSAR gov't continues tracing COVID-19 through sewage surveillance
2022-05-29 20:33:26,"Niue, China to deepen bilateral cooperation"
2022-05-29 01:23:43,Chinese vice premier stresses summer agricultural production
2022-05-29 20:19:17,"Chinese FM, PIF secretary general discuss cooperation on blue economy, climate change"
2022-05-29 00:54:58,Forum on national security law held in Hong Kong
2022-05-29 19:53:15,Taiwan's consumer confidence plunges in May
2022-05-29 20:58:13,Beijing sees no community transmission of COVID-19 since Friday
2022-05-29 19:09:58,Rocket for China's Wentian lab module arrives at launch site
2022-05-29 12:54:47,
2022-05-29 13:05:59,
2022-05-29 20:56:13,"Chinese FM, PIF secretary general discuss cooperation on blue economy, climate change"
2022-05-29 14:34:32,
2022-05-29 09:48:47,Chinese mainland reports 54 new local confirmed COVID-19 cases
2022-05-29 15:22:20,Xi calls for advancing study of Chinese civilization
2022-05-29 09:50:13,Chinese vice foreign minister briefs media on visit of UN High Commissioner for Human Rights to China
2022-05-29 20:28:31,Beijing sees no community transmission of COVID-19 since Friday
2022-05-29 17:43:43,China donates 10 mln COVID-19 vaccine doses to Myanmar
2022-05-29 09:13:28,"Shanghai reports 29 confirmed, 93 asymptomatic local COVID-19 cases"
2022-05-29 12:46:58,China prepares to launch Shenzhou-14 crewed spaceship
2022-05-29 15:05:16,"Xi Focus-Quotable Quotes: Xi Jinping on history, civilization"
2022-05-30 09:52:56,"Beijing reports 8 confirmed, 4 asymptomatic local COVID-19 cases"
2022-05-30 10:22:16,China's central bank adds liquidity via reverse repos
2022-05-30 10:27:13,China conducts central bank bills swap
2022-05-30 10:41:11,"Chinese mainland reports 20 new local confirmed COVID-19 cases, 8 in Beijing"
2022-05-30 09:35:01,215 COVID-19 patients discharged from hospitals on Chinese mainland
2022-05-30 07:21:44,"China's first deep-sea floating wind turbine ""Fuyao"" towed in China's Guangdong"
2022-05-30 10:55:13,China's interbank treasury bond index opens higher Monday
2022-05-30 07:45:51,"Scenery of Potatso National Park in Shangri-La, Yunnan"
