﻿2022-04-09 03:28:11,Chinese premier stresses importance of stabilizing economic fundamentals
2022-04-09 11:37:15,Shanghai to conduct new round of citywide COVID-19 screening
2022-04-10 07:16:06,16 recovered COVID-19 patients leave makeshift hospital in Shanghai
2022-04-10 22:07:00,China Focus: E-commerce platforms aid daily supplies amid Shanghai's COVID surge
2022-04-10 23:20:56,China issues guideline on establishing unified domestic market
2022-04-10 17:48:48,Why China's dynamic zero-COVID approach must be sustained
2022-04-11 10:00:32,"Chinese mainland reports 1,164 new local confirmed COVID-19 cases"
2022-03-20 08:17:09,24 Solar Terms: Spring Equinox 
2022-03-23 10:21:55,
2022-03-31 11:12:50,GLOBALink | Shopkeeper in grand bazaar in Xinjiang
2022-04-05 07:15:59,24 Solar Terms: Qingming
2022-04-07 20:07:44,New marine reptile in dinosaur's age identified in south China
2022-04-08 21:03:00,Bacteria in tumors help cancer cells metastasize: study
2022-04-08 20:45:00,China's top legislator holds talks with Nepali parliament speaker
2022-04-09 22:02:16,Jiangsu Province aids neighboring Shanghai's COVID-19 battle
2022-04-09 15:03:45,"Xi Focus-Closeup: Splendid Beijing Olympic, Paralympic Winter Games for all, including gourmets"
2022-04-09 13:33:11,Shanghai builds over 100 makeshift hospitals for COVID-19 treatment
2022-04-09 19:54:30,Beijing registers one area as high risk for COVID-19
2022-04-09 21:14:11,Universal Beijing Resort debuts new Chinese-made game themed parade
2022-04-09 16:15:01,Xiplomacy: Xi's security vision helps build a world of lasting peace
2022-04-09 21:29:00,Chinese experts discover antitumor activities in flower constituents
2022-04-09 16:23:59,"Chinese, Serbian FMs hold phone talks over ties"
2022-04-10 23:56:15,Update: China's Guangzhou to suspend in-person school classes over COVID-19
2022-04-10 14:32:33,
2022-04-10 22:26:00,"Tibet donates materials to help Shanghai, Jilin battle COVID-19"
2022-04-10 15:51:17,China rolls out measures to enhance work safety
2022-04-10 22:07:00,China Focus: E-commerce platforms aid daily supplies amid Shanghai's COVID surge
2022-04-10 23:20:56,China issues guideline on establishing unified domestic market
2022-04-10 22:07:01,Hong Kong customs seize record haul of methamphetamine
2022-04-10 23:25:56,"China unveils plan to boost healthcare for women, children"
2022-04-10 17:45:18,"Tibetan relics show solid bonds between plateau, plains"
2022-04-10 21:59:00,"Macao SAR to enhance role of platform linking China, Portuguese-speaking countries: chief executive"
2022-04-10 16:42:29,Xinhua Commentary: Why China's dynamic zero-COVID approach must be sustained
2022-04-10 19:40:00,Chinese premier stresses cooperation with Portuguese-speaking countries
2022-04-10 21:10:26,HKSAR gov't calls on public to do rapid antigen testing
2022-04-10 13:48:01,New EMU train of China-Laos Railway to serve Lao festival travel rush
2022-04-10 20:57:27,Ice Ribbon set to open to public before May
2022-04-10 21:06:31,"Over 11,000 people in Shanghai discharged from hospital"
2022-04-10 17:29:17,
2022-04-11 10:29:46,China central bank conducts reverse repos to maintain liquidity
2022-04-11 07:52:07,"Night view of Liuzhou, S China's Guangxi"
2022-04-11 10:32:45,China's PPI up 8.3 pct in March
2022-04-11 10:00:32,"Chinese mainland reports 1,164 new local confirmed COVID-19 cases"
2022-04-11 10:56:48,Former senior official of Zhejiang indicted for graft
2022-04-11 10:53:45,China's benchmark interbank gold prices higher Monday
2022-04-11 10:33:45,"1,378 COVID-19 patients discharged from hospitals on Chinese mainland"
2022-04-11 09:00:16,Tang Dynasty tombs discovered in China's Shanxi
2022-04-11 10:14:30,"1,378 COVID-19 patients discharged from hospitals on Chinese mainland"
