﻿2022-04-07 21:26:14,New int'l land-sea transport service to Indo-China Peninsula launched
2022-04-07 19:10:16,Neighboring province aids Shanghai COVID-19 battle 
2022-04-08 16:54:29,Shanghai to open more temporary hospitals for COVID-19 treatment
2022-04-09 03:28:11,Chinese premier stresses importance of stabilizing economic fundamentals
2022-04-09 11:37:15,Shanghai to conduct new round of citywide COVID-19 screening
2022-04-09 17:26:45,"Xi Story: Splendid Beijing Olympic, Paralympic Winter Games for all, including gourmets"
2022-03-20 08:17:09,24 Solar Terms: Spring Equinox 
2022-03-23 10:21:55,
2022-03-31 11:12:50,GLOBALink | Shopkeeper in grand bazaar in Xinjiang
2022-04-05 07:15:59,24 Solar Terms: Qingming
2022-04-06 16:06:46,GLOBALink | Iconic China-gifted bridge opens in Manila
2022-04-07 21:02:01,Chinese mainland warns against Pelosi's Taiwan visit plan
2022-04-07 20:19:00,Neighboring provinces aid Shanghai's COVID-19 battle
2022-04-07 21:39:40,Chinese vice premier calls for all-out efforts to stabilize employment
2022-04-07 00:34:31,Chinese premier stresses maneuvering monetary policy tools to bolster real economy
2022-04-07 22:01:30,"China demands ""immediate cancellation"" of Pelosi's Taiwan visit plan"
2022-04-07 11:21:46,China welcomes int'l assessment of documents about U.S. biological military activities
2022-04-07 20:07:44,New marine reptile in dinosaur's age identified in south China
2022-04-08 18:42:15,"Pelosi's Taiwan visit plan must be canceled, not postponed: FM spokesperson"
2022-04-08 20:16:46,Chinese premier stresses stabilizing economic fundamentals
2022-04-08 21:17:56,Xinhua Commentary: China to defeat Omicron again with dynamic zero-COVID policy
2022-04-08 21:03:00,Bacteria in tumors help cancer cells metastasize: study
2022-04-08 10:39:17,"China honors units, individuals for contributions to Beijing Olympic, Paralympic Winter Games"
2022-04-08 08:08:39,GLOBALink | Junior football team on edge of desert in Xinjiang
2022-04-08 23:05:46,"China slams U.S. for prisoner abuse at ""black sites"""
2022-04-08 20:45:00,China's top legislator holds talks with Nepali parliament speaker
2022-04-09 17:09:31,Across China: Bringing Tang Dynasty armor back to life
2022-04-09 18:33:18,
2022-04-09 22:13:04,GLOBALink | Residents share true stories of China's Xinjiang
2022-04-09 22:02:16,Jiangsu Province aids neighboring Shanghai's COVID-19 battle
2022-04-09 16:20:58,12th Beijing Int'l Film Festival to open on Aug. 13
2022-04-09 12:52:17,"Xi Focus-Quotable Quotes: Xi Jinping on Beijing 2022 Winter Olympics, Paralympics"
2022-04-09 15:03:45,"Xi Focus-Closeup: Splendid Beijing Olympic, Paralympic Winter Games for all, including gourmets"
2022-04-09 21:58:15,China's fixed-asset railway investment exceeds 106 bln yuan in Q1
2022-04-09 13:33:11,Shanghai builds over 100 makeshift hospitals for COVID-19 treatment
2022-04-09 03:40:30,China to continue promoting financial cooperation among BRICS countries
2022-04-09 20:47:00,"Taiwan reports 578 new COVID-19 cases, one death"
2022-04-09 20:06:44,China's export container shipping index down in March
2022-04-09 14:37:30,Chinese ministerial officials plant trees in Beijing
2022-04-09 22:47:31,China facilitates freight transportation to ensure daily supplies
2022-04-09 22:32:06,"View of Lingqu Canal in Guangxi, one of world's oldest and most well-preserved artificial canals"
2022-04-09 21:14:11,Universal Beijing Resort debuts new Chinese-made game themed parade
2022-04-09 16:15:01,Xiplomacy: Xi's security vision helps build a world of lasting peace
2022-04-09 21:29:00,Chinese experts discover antitumor activities in flower constituents
2022-04-09 23:34:31,China continues to strengthen protection of Chinese sturgeon
2022-04-09 21:35:00,"Taiwan's exports to mainland, HK rise 13.4 pct in March"
2022-04-09 16:14:28,"90 percent of Chinese netizens believe the US is a bully in Ukraine crisis, coercive toward China: survey"
2022-04-09 16:23:59,"Chinese, Serbian FMs hold phone talks over ties"
2022-04-09 15:40:44,Taiwan's CPI in March sees biggest rise in over 9 years
2022-04-10 01:15:44,Local officials disciplined for failing to fulfill duties in COVID-19 response
2022-04-10 00:09:28,China's lithium-ion battery output tops 82 GWh in Jan.-Feb.
2022-04-10 07:19:15,View of makeshift hospital converted from National Exhibition and Convention Center in Shanghai
2022-04-10 07:16:06,16 recovered COVID-19 patients leave makeshift hospital in Shanghai
