﻿2022-08-31 21:33:47,China-Europe freight train from Turkmenistan arrives at China's Xi'an
2022-09-01 02:14:15,"Life expectancy in U.S. continues to drop, driven by COVID-19: NPR"
2022-08-29 19:40:45,Disapproval rate of Japanese gov't hits record high: new poll
2022-08-29 03:02:15,France detects bird flu at duck farm
2022-08-30 21:10:45,Angola major opposition party to file complaint against election results
2022-08-30 06:12:00,12 killed as al-Sadr supporters storm Iraqi gov't offices in Baghdad
2022-08-30 18:43:45,Sri Lanka to form unit to help restructure state-owned enterprises: president
2022-08-30 02:56:15,NASA postpones Artemis I moon mission due to engine issue
2022-08-30 10:21:15,U.S. study shows older homeless at greater risk of dying
2022-08-30 03:27:15,NASA's moon mission launch called off due to engine issue
2022-08-30 19:04:00,Portugal's health minister resigns amid hospital staff shortages
2022-08-30 02:53:45,Russian economy may slump 2-3 pct this year: official
2022-08-31 15:52:46,Tomato flu scare grips India
2022-08-31 04:58:30,"Ukrainian president, IAEA chief discuss mission to Zaporizhzhia nuclear power plant"
2022-08-31 10:33:00,Brazil's ex-president Lula leads polls ahead of October presidential race
2022-08-31 13:26:45,"36 killed, 1,941 injured in rain spells across Pakistan in 24 hours"
2022-08-31 21:04:31,
2022-08-31 06:11:30,Iraqi PM threatens to quit if political conflict continues
2022-08-31 06:22:45,Putin expresses deep condolences over death of Gorbachev
2022-08-31 17:14:45,"Interview: Restored Venezuela-Colombia ties a blow to U.S., says expert"
2022-08-31 23:36:16,"Israel discovers 500,000-year-old giant elephant tusk"
2022-08-31 22:28:45,India's GDP grows at 13.5 percent in April-June period: gov't data
2022-08-31 04:04:30,Russia's Gazprom to reduce gas deliveries to French Engie due to disagreement
2022-08-31 17:06:32,
2022-09-01 02:36:00,Israel strikes Syria's Aleppo int'l airport
2022-09-01 02:27:00,Security Council extends mandate of UN Interim Force in Lebanon
2022-09-01 01:31:45,Russia bans 55 more Canadians from entry
2022-09-01 04:48:00,Inflation in Italy surges to new high
2022-09-01 01:10:00,Rhinoceros poaching surges in Namibia
2022-09-01 02:37:15,Black Americans see racism as persistent challenge: poll
2022-09-01 06:23:30,Update: Israel launches missile attacks on Syria
2022-09-01 00:16:45,"Blast kills 2, wounds 3 in Afghan capital"
2022-09-01 02:19:00,EU FMs agree to suspend visa facilitation agreement with Russia
2022-09-01 04:37:30,Brazil unemployment at lowest level since December 2015
2022-09-01 04:36:15,UN Security Council calls for enhanced efforts to improve capacity building in Africa
2022-09-01 04:46:15,Peacekeepers transport medicines to Gao of Mali as terrorists block main supply route: UN
2022-09-01 06:01:00,Palestinian PM urges U.S. not to block Palestine's bid for full UN membership
2022-09-01 00:23:00,Namibia economy grew 2.7 pct in 2021
2022-09-01 11:10:00,2 armed separatists killed in south Nigeria: army
2022-09-01 05:29:00,UN urges Libyan parties to refrain from violence
2022-09-01 10:56:45,S.Korea logs 9.47 bln USD of trade deficit in August
2022-09-01 10:25:00,"Malaysia reports 2,340 new COVID-19 infections, 6 new deaths"
2022-09-01 10:44:00,"New Zealand logs 2,066 new COVID-19 community cases, two more deaths"
2022-09-01 10:45:13,Giant pandas celebrate third birthday in Zoo Berlin
2022-09-01 04:56:00,Malta to remain Libya's strategic partner: PM
2022-09-01 07:34:01,"Annual tomato fight in Bunol, Spain"
2022-09-01 08:53:00,Vulnerable people suffer more as Americans ditch COVID measures: The Guardian
2022-09-01 06:55:30,U.S. stocks fall for 4th straight day
2022-09-01 06:22:15,5.5-magnitude quake hits south of Fiji Islands: USGS
