﻿2022-06-29 19:36:29,"Chinese vice premier stresses clean, efficient use of coal"
2022-06-29 22:46:14,China removes mark for COVID-hit regions on visitors' travel code
2022-06-30 20:55:15,President Xi meets HKSAR Chief Executive Carrie Lam
2022-06-30 20:59:57,Chinese vice president puts forward 4-point proposal on developing China-Philippines ties
2022-06-30 20:47:02,President Xi meets chief executive of Macao SAR
2022-06-30 18:08:32,China's top political advisor underscores high-standard aid to Qinghai
2022-06-30 18:25:45,President Xi arrives in Hong Kong for anniversary celebrations
2022-06-30 00:55:30,"China, Philippines vow to further promote bilateral ties"
2022-06-30 16:57:18,
2022-05-29 13:05:59,
2022-06-06 08:18:04,24 Solar Terms: Grain in Ear
2022-06-20 08:55:04,"GLOBALink | See you again, Bayanbulak"
2022-06-21 07:36:44,24 Solar Terms: Summer Solstice
2022-06-29 22:43:45,"China urges G7 to cease all attacks, smears against country"
2022-06-29 20:14:45,China sees flourishing commercialization of sci-tech achievements
2022-06-29 18:17:59,"1992 Consensus should not be distorted, discarded: spokesperson"
2022-06-29 22:22:30,China Focus: China's Mars probe completes targeted exploration
2022-06-29 15:38:15,"Chinese people directly elect 2.6 mln lawmakers at township, county levels"
2022-06-29 16:11:30,8 Qing Dynasty stone tablets found in SW China shrine
2022-06-29 10:21:15,Chinese mainland reports 3 new local confirmed COVID-19 cases
2022-06-29 15:19:15,CPC membership exceeds 96.7 million
2022-06-30 21:26:46,
2022-06-30 21:30:26,"China eases companies' burden with tax and fee cuts, deferrals"
2022-06-30 22:30:31,"Grand bridge connecting old, new town of Jinyang opens to traffic"
2022-06-30 16:39:29,China Focus: New highway opens in China's largest desert
2022-06-30 21:28:28,
2022-06-30 20:59:57,Chinese vice president puts forward 4-point proposal on developing China-Philippines ties
2022-06-30 21:39:15,China to step up financing support for major projects
2022-06-30 19:49:29,"Chongqing, Chengdu record 20,000 China-Europe freight train trips"
2022-06-30 14:12:30,Millenniums-old construction materials found in China's Xi'an
2022-06-30 20:27:43,"China-U.S. military ties require mutual effort, sincerity: spokesperson"
2022-06-30 14:09:30,China Focus: Institutional strengths empower China's pursuit for people-centered development
2022-06-30 02:54:45,China stands ready to work with SCO members in building closer community with shared future: Chinese FM
2022-06-30 00:16:14,China's top legislature enacts 69 new laws in ten years
2022-06-30 22:30:45,China slams NATO for strategic concept referring to China: FM spokesperson
2022-06-30 17:09:45,Across China: Conservation of breeding habitat for migratory birds
2022-06-30 21:13:15,China activates flood emergency response as typhoon approaches
2022-06-30 22:56:00,China urges U.S. to stop suppression of Chinese firms
2022-06-30 10:26:29,Chinese mainland reports 8 new local confirmed COVID-19 cases
2022-06-30 20:54:12,Video conference shares Xinjiang stories with Jordanian guests
2022-06-30 13:16:30,Feature: Robot creates 3D portraits of Terracotta Warrior in NW China
2022-06-30 19:19:15,China's Guangdong initiates emergency response for Typhoon Chaba
2022-06-30 14:43:30,Across China: Brazilian actress enjoys stage fever in China
2022-07-01 05:42:00,"Chinese military spokesperson responds to provocations of Australian, Canadian military aircraft"
2022-07-01 00:36:27,Guangdong carbon market closes higher
2022-07-01 06:29:15,U.S. urged to cease any official exchanges with Taiwan
2022-07-01 04:14:00,"China to use policy-based, developmental financial instruments to support major projects, expand work-relief programs in key projects"
2022-07-01 04:04:00,China to step up financing support for major projects
2022-07-01 03:58:00,China urges U.S. to return Afghanistan's national assets
2022-07-01 08:59:30,Xi arrives in Hong Kong for the 25th anniversary of the region's return to the motherland
2022-07-01 01:23:27,"President Xi hails Hong Kong's innovation, technology development"
2022-07-01 00:24:26,"Xi Focus: Xi says his heart ""always with Hong Kong compatriots"""
2022-07-01 03:39:57,"Senior Chinese, Nepali officials hold video call"
