﻿2022-07-21 21:52:39,JSQ freight vehicle leaves Chongqing for first pilot run to Moscow
2022-07-24 23:58:15,Russian FM visits Egypt in 1st African tour during Russian-Ukrainian conflict
2022-07-22 23:54:59,Deal to resume grain exports signed in Istanbul
2022-07-22 23:39:18,Former White House officials testify at prime-time hearing on Capitol riot
2022-07-22 12:12:00,Rio police raid leaves 18 dead in favelas
2022-07-22 23:14:41,Deal to resume grain exports signed in Istanbul
2022-07-22 23:31:41,Russia imposes restrictions on diplomatic missions of 5 European countries
2022-07-23 09:02:15,Japan's nuclear regulator approves release of radioactive wastewater into ocean amid opposition
2022-07-23 17:16:30,"Economic Watch: Argentina's economy in H1 mixed bag of growth, instability"
2022-07-23 23:58:00,EAC leaders call for fast tracking admission of Somalia into bloc
2022-07-23 01:03:56,News Analysis: Resignation of Italy's Draghi could spark period of uncertainty
2022-07-23 21:52:29,Monkeypox patient from Thailand found in Cambodian capital: deputy governor
2022-07-23 03:16:15,"Black Sea grain exports agreement ""a beacon of hope"": UN chief"
2022-07-23 13:39:45,"World Insights: Int'l community welcomes Russia-Ukraine grain export deal, expects full implementation"
2022-07-23 17:18:29,"Cambodia slams U.S. ""Cambodia Democracy and Human Rights Act of 2022"""
2022-07-23 23:45:45,WHO declares monkeypox outbreak int'l public health emergency
2022-07-23 22:34:45,Urgent: WHO declares mutli-country monkeypox outbreak int'l public health emergency
2022-07-23 00:30:57,"Biden's symptoms ""have improved"" after COVID-19 treatment: physician"
2022-07-23 05:20:30,Roundup: Historic deal to resume grain exports from Ukraine signed in Istanbul
2022-07-24 10:40:30,"Biden's COVID-19 infection ""most likely"" caused by BA.5 variant: physician"
2022-07-24 12:38:44,"Feature: U.S. Texas scorched by heat, drought"
2022-07-24 16:46:31,
2022-07-24 13:26:42,Interview: New sinology department in BiH's university to improve understanding
2022-07-24 15:43:03,
2022-07-24 19:53:30,"Three dead, two wounded in university campus shooting in Philippine capital"
2022-07-24 15:19:59,World Insights: EU's return to coal shows double standard on carbon reduction
2022-07-24 12:23:44,California's wildfire burning rapidly near Yosemite National Park
2022-07-24 09:37:30,Colombia opens new Caribbean Oceanographic and Hydrographic Research Center
2022-07-24 21:05:45,Gunman admits to campus shooting in Philippine capital leaving 3 dead
2022-07-25 00:25:12,Pakistani authority monitors entry routes amid int'l public health emergency of monkeypox
2022-07-25 05:33:30,Roundup: Turkish doctors face growing violence amid tensions with patients
2022-07-25 04:38:30,Arab states seek good ties with Iran on principles of mutual respect: Jordan king
2022-07-25 04:19:12,Kuwaiti emir appoints new PM
2022-07-25 00:51:15,Humanitarian partners may stop aid to Somalia due to lack of funding
2022-07-25 00:27:14,Feature: Passion for whales takes Cape Town residents to citizen science
2022-07-25 00:51:15,Humanitarian partners may stop aid to Somalia due to lack of funding
2022-07-25 00:54:15,"Tanzania launches cultivation of over 11,000 hectares of block farms for youth"
2022-07-24 23:11:56,Brunei holds meet-and-greet event for royal birthday celebration
2022-07-25 00:00:57,Nepal unveils action plan for tourism revival
2022-07-25 00:25:12,Pakistani authority monitors entry routes amid int'l public health emergency of monkeypox
2022-07-24 15:19:59,World Insights: EU's return to coal shows double standard on carbon reduction
2022-07-25 04:14:12,Begaj takes oath as new president of Albania
2022-07-24 23:49:57,Facts about Russia-Ukraine conflict: Russian FM visits Egypt in 1st African tour during Russian-Ukrainian conflict
2022-07-24 17:55:56,"Feature: Colorado community honors victims, first responders on 10th anniversary of historic mass shooting"
2022-07-24 12:23:44,California's wildfire burning rapidly near Yosemite National Park
2022-07-24 12:38:44,"Feature: U.S. Texas scorched by heat, drought"
