﻿2022-05-19 20:44:28,Vice premier urges solid work on environmental protection
2022-05-20 23:44:15,Beijing extends COVID control measures amid local outbreak
2022-05-20 15:46:19,China's trade with Belt and Road countries enjoys robust growth
2022-05-20 19:26:58,Chinese premier stresses expanding opening-up
2022-05-20 00:07:26,Chinese premier stresses more support for market entities
2022-05-21 18:22:48,Xinhua Headlines: China takes Mount Qomolangma scientific expedition to new heights
2022-04-20 07:23:15,24 Solar Terms: Grain Rain
2022-04-24 08:18:05,GLOBALink | Parkour teenagers in ancient city of Kashgar
2022-05-05 07:30:12,24 Solar Terms: Start of Summer
2022-05-14 09:58:19,
2022-05-19 15:53:01,"Homework 1,300 years ago reveals Xinjiang's school life in ancient times"
2022-05-19 23:42:13,Chinese vice premier stresses high-quality meteorological development
2022-05-19 18:44:01,Beijing reports 64 new local COVID-19 infections
2022-05-19 21:40:43,"China urges U.S. not to support ""Tibetan independence"""
2022-05-19 20:44:28,Vice premier urges solid work on environmental protection
2022-05-20 23:16:44,"China FM applauds ""BRICS Plus"" cooperation model"
2022-05-20 14:58:31,China's yearly box office total hits 15 bln yuan
2022-05-20 20:39:14,China launches three low-orbit communication test satellites
2022-05-20 23:31:00,"Senior Chinese, Kazakh officials meet via video link"
2022-05-20 17:59:57,Chinese researchers develop lever-inspired triboelectric nanogenerator
2022-05-20 19:26:58,Chinese premier stresses expanding opening-up
2022-05-20 15:18:27,China's Zhurong rover switches to dormant mode in severe Martian dust storm
2022-05-20 22:22:45,China donates anti-COVID-19 materials to Sudan
2022-05-21 19:42:25,Tianjin launches mass nucleic acid tests
2022-05-21 09:26:43,Chinese mainland reports 181 new local confirmed COVID-19 cases
2022-05-21 08:54:46,"China to accelerate construction of national park, botanical garden systems"
2022-05-21 16:11:47,Snow leopard population exceeds 100 in Mt. Qomolangma reserve
2022-05-21 20:37:45,Chinese cities report improving air quality in first four months
2022-05-21 18:00:58,"Experts say Xi's BRICS video address adds impetus to development, cooperation"
2022-05-21 12:54:11,"Xi Focus-Quotable Quotes: Xi Jinping on respecting, protecting human rights"
2022-05-21 21:28:49,First China-Laos cargo train launched in Chongqing
2022-05-21 17:22:58,"Chinese, Ghanaian vocational colleges set up campus to cultivate more talents"
2022-05-21 19:30:28,China's refusal for Taiwan's participation in WHA gains support
2022-05-21 17:46:16,"Pakistan desires to bring friendship, mutual trust with China to new heights: PM"
2022-05-21 20:16:43,BRICS countries renew pledge to strengthen environmental cooperation
2022-05-21 23:07:17,Hongkong Post to issue stamps marking 25th anniversary of HKSAR's establishment
2022-05-21 19:50:16,Xinhua Commentary: Human rights progress in Xinjiang conspicuous to unbiased observers
2022-05-21 01:05:15,Chinese FM elaborates on China-Latin America relations
2022-05-21 23:31:15,China's coal output up 10.5 pct in first four months
2022-05-21 14:39:30,Zhang Yupu elected chairman of Ningxia
2022-05-21 21:46:12,BRICS countries renew pledge to strengthen environmental cooperation 
2022-05-21 23:38:15,18-59 age group advised to receive 4th dose of COVID-19 vaccine in Hong Kong
2022-05-21 15:51:03,
2022-05-21 15:04:36,
2022-05-21 15:30:31,Xi Focus-Closeup: Letters from President Xi
2022-05-21 15:44:31,
2022-05-21 22:40:13,Land-sea train from China to Laos launched with faster clearance
2022-05-21 14:00:11,Xinhua Commentary: Smear campaign against Xinjiang reveals dark nature of U.S. hegemony
2022-05-22 00:09:28,China Focus: Highlights of China's foreign trade development in past decade
2022-05-22 08:05:35,"Commentary: Dynamic zero-COVID approach, China's choice to safeguard lives, underpin economic growth"
