﻿2022-05-26 00:55:28,"Karot hydropower project under CPEC to generate eco-friendly, cheap electricity: Pakistani PM"
2022-05-27 21:37:28,"Turkey expects concrete steps from Sweden, Finland for NATO's bids: FM"
2022-05-26 05:35:41,"Roundup: Victims identified, gunman's mental health questioned in Texas school shooting"
2022-05-26 20:28:26,World Economic Forum calls for closer global cooperation
2022-05-26 16:51:16,Feature: Can U.S. turn pain of gun violence into action?
2022-05-26 04:09:30,"Roundup: Monkeypox cases rising in EU, authorities urge countries to take measures"
2022-05-26 23:49:15,China-trained Myanmar athletes achieve good results at 31st SEA Games
2022-05-27 19:42:15,Zimbabwe's inflation spirals above 130 pct amid currency depreciation
2022-05-27 17:00:48,
2022-05-27 11:33:45,"Strong quake hits eastern Indonesia, but no tsunami expected"
2022-05-27 04:50:46,"Ukrainian president, Finnish PM discuss Ukraine's European integration, post-conflict recovery"
2022-05-27 09:19:13,UN chief condemns violence against civilians in Afghanistan
2022-05-27 19:26:00,UN Security Council fails to adopt resolution on DPRK sanctions
2022-05-27 01:19:30,Countries attempting to isolate Russia only hurt themselves: Putin
2022-05-27 12:17:45,"World Insights: Brazilian state's ""strategic partnership"" with BRICS bank ""essential"" for sustainable urban development"
2022-05-27 09:51:31,Abbas names adviser al-Sheikh to lead PLO executive committee
2022-05-27 18:06:32,
2022-05-27 21:30:29,Somalia warns severe drought could affect 8 mln people
2022-05-27 12:24:01,"Strong quake hits eastern Indonesia, no tsunami warning issued"
2022-05-27 19:34:17,"UN Mideast envoy calls for coordinated, strategic approach to Israeli-Palestinian issue"
2022-05-27 23:42:15,News Analysis: Turkey keeps reservations over Nordics' NATO bids
2022-05-28 09:36:02,Racial Discrimination: A Legalized Sin in Canada
2022-05-28 04:32:43,"Palestinian killed, dozens injured in clashes with Israeli soldiers in West Bank"
2022-05-28 04:12:46,Feature: Turkish supermarket deserted amid ever-increasing food prices
2022-05-28 00:25:31,"BRI injects impetus, stability to francophone Africa, experts say"
2022-05-28 03:26:41,Ugandan gov't gives ultimatum to striking health workers
2022-05-28 06:10:43,U.S. stocks advance after inflation data
2022-05-28 03:19:28,"Turkey, UAE pledge to boost cooperation, sign trade agreement"
2022-05-28 05:31:45,Ecuador reports 1st suspected case of monkeypox
2022-05-28 00:46:30,Pakistan welcomes China-proposed Global Security Initiative
2022-05-28 02:06:26,"Some U.S. universities, schools reimposing indoor mask mandates: report"
2022-05-28 05:39:45,Argentina confirms first case of monkeypox
2022-05-28 01:28:28,Nigeria issues measures to prevent possible spread of monkeypox
2022-05-28 00:56:26,Houston braces for protests crying for gun control as gun lobby group kicks off convention
2022-05-28 05:04:43,Venezuelan president slams U.S. for excluding countries from Americas Summit
2022-05-28 04:18:45,"Ukrainian FM, U.S. secretary of state discuss military support for Ukraine"
2022-05-28 02:55:43,300 humanitarian relief trucks reach Ethiopia's Tigray in past week: UN
2022-05-28 04:30:43,UN chief condemns killing by armed groups in Burkina Faso
2022-05-28 05:57:45,7 killed in traffic accident in NE Egypt
2022-05-28 05:45:45,"Roundup: Egypt considers Moody's ratings as ""positive decision"" amid ongoing global economic challenges"
2022-05-28 09:51:13,AfDB says to mainstream circular economy into Africa's development architecture
2022-05-28 07:17:17,Oil prices continue to rise in South Korea
2022-05-28 09:08:17,Interview: Mongolian minister says China's experience in combating desertification worth learning
2022-05-28 09:48:14,Lights of Vivid to return to Australia in COVID-19 revival
2022-05-28 05:48:44,"Ukrainian PM, German development minister discuss Ukraine's post-conflict recovery"
2022-05-28 10:17:51,Highlights of MCM Comic Con in London
2022-05-28 09:57:31,Belarus to creat militias to beef up defense
2022-05-28 06:10:43,U.S. stocks advance after inflation data
2022-05-28 10:24:30,"Interview: U.S.-led IPEF threatens global trade, security, says expert"
2022-05-28 06:40:01,Roundup: U.S. Fed's closely watched inflation measure up 6.3 pct in April
