﻿2022-07-27 18:35:00,Premier Li says Peljesac Bridge will further boost China-Croatia friendship
2022-07-28 00:39:02,BRI helps Croatia realize centuries-old dream as Peljesac Bridge opens to traffic
2022-07-28 00:08:13,Senior CPC official calls for studying Xi's important remarks at high-level study session
2022-07-28 23:53:17,Teachers' home visits tell growth stories of Xinjiang students
2022-07-29 22:00:00,China launches new group of remote sensing satellites
2022-07-30 01:02:16,CPC seeks national rejuvenation by following Chinese path to modernization
2022-06-06 08:18:04,24 Solar Terms: Grain in Ear
2022-06-20 08:55:04,"GLOBALink | See you again, Bayanbulak"
2022-06-21 07:36:44,24 Solar Terms: Summer Solstice
2022-07-07 07:14:05,24 Solar Terms: Lesser Heat
2022-07-25 15:59:26,First Beijing Culture Forum kicks off
2022-07-26 21:03:45,Across China: Dunhuang's ancient beauty shared in digital form
2022-07-27 23:17:46,Chinese spokesperson refutes U.S. report against China
2022-07-28 07:28:45,Chinese envoy urges respecting sovereignty of post-conflict countries
2022-07-28 21:28:43,China's new quantum satellite now operational
2022-07-28 10:45:30,China renews orange alert for high temperatures
2022-07-28 22:29:58,Preparations for 14th COP meeting on wetland conservation on track
2022-07-28 21:01:16,Xinhua Commentary: 1992 Consensus the anchor for developing cross-Strait ties
2022-07-28 13:39:45,8 million-year-old hipparion fossils found in Xinjiang
2022-07-29 11:02:30,Liaison office of central gov't in HKSAR reiterates resolutely safeguarding national security
2022-07-29 21:20:45,"Chinese premier stresses promoting effective investment, consumption"
2022-07-29 01:41:00,"Actions best answer to ""Taiwan independence"": spokesperson"
2022-07-29 23:49:28,"Chinese premier stresses promoting effective investment, consumption"
2022-07-29 11:18:00,"China opposes UN Human Rights Committee concluding observations concerning Hong Kong, Macao"
2022-07-29 00:26:15,China warns against U.S. missile troop deployment plan in Japan
2022-07-29 21:19:02,
2022-07-29 22:08:31,
2022-07-29 21:05:01,China vows resolute countermeasures if U.S. challenges red line
2022-07-29 17:24:01,"Chinese, Pakistani FMs discuss bilateral ties, issues of mutual interests"
2022-07-29 23:39:15,Chinese court hears appeal of American sentenced to death
2022-07-29 00:24:31,Chinese spokesperson slams NATO for strategic concept referring to China
2022-07-29 22:14:46,
2022-07-29 22:00:00,China launches new group of remote sensing satellites
2022-07-29 22:57:45,China's new satellite to improve atmospheric density-detection accuracy
2022-07-29 22:32:30,Xi stresses further strengthening armed forces by training competent personnel
2022-07-29 22:31:13,China's top legislature schedules standing committee session
2022-07-29 11:15:30,Liaison office of central gov't in Macao SAR opposes so-called concluding observations by UN Human Rights Committee
2022-07-29 23:45:16,Xi talks with Iranian president over phone
2022-07-29 21:13:30,"Former senior provincial legislator expelled from CPC, office"
2022-07-30 07:52:16,Visually impaired twin brothers start coffee shop in Shanghai
2022-07-30 02:02:16,Hainan begins construction of independent customs operations
2022-07-30 01:20:01,Chinese FM advocates closer SCO community with shared future
2022-07-30 01:43:45,China's securities regulator approves trading of new options
2022-07-30 07:00:45,Chinese FM attends SCO foreign ministers' meeting in Tashkent
2022-07-30 01:05:28,"Tianjin zone marks leasing of 2,000th aircraft"
2022-07-30 07:45:29,Public open day of second CICPE attracts numerous visitors in Haikou
2022-07-30 08:00:45,"Xi'an launches 1,791 freight trains to Europe in H1"
2022-07-30 01:31:43,China to pilot retirement savings products in November
