﻿2022-05-18 20:08:57,"Cambodian, Chinese entrepreneurs meet to explore business opportunities"
2022-05-19 17:55:31,Faulty U.S. immigration policy erodes human rights at Mexican border
2022-05-17 23:57:27,Japan to open up for small-scale tours from 4 countries as trial
2022-05-17 04:15:28,No deal reached for EU on oil embargo against Russia
2022-05-17 06:05:41,"Clashes erupt between Palestinians, Israeli police during funeral in Jerusalem"
2022-05-17 04:16:28,"Swedish, Finnish delegations shouldn't bother to visit Ankara: Turkey's president"
2022-05-17 20:19:30,Israel says intercepts drone launched by Lebanon's Hezbollah
2022-05-17 20:38:45,Latvia's interior minister resigns
2022-05-18 20:18:13,Lebanese parliamentary elections' results reflect public's eagerness for changes: experts
2022-05-18 20:12:01,Pakistani PM kicks off nationwide anti-polio campaign as new cases emerge
2022-05-18 21:28:31,
2022-05-18 17:44:13,"Finland, Sweden submit formal applications for NATO membership"
2022-05-18 08:00:13,"New York City lifts COVID-19 alert level to ""high"""
2022-05-18 12:57:06,World Insights: Baby formula shortage throws U.S. families into panic
2022-05-18 11:20:43,"""Failure of an American ideology"" contributed to 1 mln COVID-19 deaths in U.S.: The Guardian"
2022-05-18 06:15:13,Almost 13.2 mln U.S. children infected with COVID-19
2022-05-18 03:26:41,Hungary's new president visits Poland in 1st trip abroad
2022-05-18 17:24:28,
2022-05-19 07:38:15,Biden invokes Defense Production Act to address infant formula shortage
2022-05-19 19:18:01,Japan carries out anti-missile exercise in western city of Osaka
2022-05-19 06:26:13,"U.S. reports 180 severe hepatitis cases in children, over 70 cases in recent two weeks"
2022-05-19 15:09:16,Afghan capital city to launch 181 development projects
2022-05-19 20:56:46,Xinhua Commentary: Beware of U.S. attempt to peddle bloc confrontation in Asia
2022-05-19 19:32:17,Russia says 771 more Ukrainian soldiers surrender at Azovstal steel plant
2022-05-19 17:43:43,"Pakistani PM, European Council president discuss relations, Afghanistan"
2022-05-19 06:17:11,Global economic growth dragged down by spillover from Ukraine crisis
2022-05-19 17:36:45,Rwanda boosts COVID-19 economic recovery fund with 250 mln USD
2022-05-19 19:50:29,"UN chief says renewable energy ""lifeline"" to ending climate change"
2022-05-19 14:05:12,3 injured as blast hits Afghanistan's northern Mazar-I-Sharif city
2022-05-19 06:37:15,"Dow sinks over 1,100 points in worst day since 2020"
2022-05-20 03:36:58,"UN mission urges Lebanon, Israel to resolve rifts through tripartite meetings"
2022-05-20 03:15:56,Israel warns of ransomware attacks on cash registers
2022-05-20 06:40:15,Uruguayan president raises concern amid spike in COVID-19 cases
2022-05-20 05:02:01,UN adviser concerned over Nigeria demonstrations protesting arrest of suspects in blasphemy slaying
2022-05-20 01:16:28,"News Analysis: Israeli gov't loses majority, stability in question"
2022-05-20 06:29:16,Colombia captures one of most wanted members of Gulf Clan
2022-05-20 06:06:13,Peru declares health alert amid monkeypox outbreak in some countries
2022-05-20 04:32:00,"UN chief urges reintegrating agricultural production of Russia, Ukraine into world markets"
2022-05-20 00:49:31,NATO chief vows to settle Turkey's concerns over expansion
2022-05-20 05:44:00,Preparations underway to draft new constitution in Tunisia: presidency
2022-05-20 03:54:56,Chinese medics boost capacity of South Sudanese peers to treat heart ailments
2022-05-20 05:58:00,"4 migrants dead, 10 missing as boat sinks off Tunisia's coast"
2022-05-20 00:19:34,"Singapore reports 4,578 new COVID-19 cases"
2022-05-20 00:58:32,Pakistan reports 89 new COVID-19 cases
2022-05-20 01:46:46,Uzbekistan to ease tariff policy for energy sector reform
2022-05-20 02:59:43,Wildfires near Ukraine's Chernobyl plant pose no radioactive threat: IAEA
2022-05-20 02:31:43,Scholz says no shortcuts to Ukraine's EU membership bid
2022-05-20 04:54:58,Italian PM gains support for key measure to unlock 200 bln euros in recovery fund
2022-05-20 04:09:58,"U.S. mass shooting marks convergence of racist extremism, gun violence: The Guardian"
2022-05-20 03:17:58,White nationalism is urgent threat that American people must now confront: U.S. media
2022-05-20 04:41:58,U.S. jobless claims rise for third straight week amid tight labor market
