﻿2022-08-10 11:12:15,Over 1 mln tonnes of goods transported on China-Laos Railway
2022-08-11 02:32:15,Trump declines to answer questions in civil investigation
2022-08-08 21:26:45,"World Insights: U.S. recession prospects, rate hikes to have spillover impact on Malaysia, emerging economies"
2022-08-08 21:22:16,News Analysis: Safeguards issue emerges as new challenge in Vienna talks
2022-08-08 14:06:45,"Ukrainian, European Council leaders discuss situation at Zaporizhzhia NPP"
2022-08-08 20:03:15,"British police strip-search over 600 kids, mostly black boys: report"
2022-08-09 20:19:00,Iran places 1st import order using cryptocurrency: official
2022-08-09 07:56:45,Trump says Mar-a-Lago residence in Florida raided by FBI agents
2022-08-09 11:49:45,UN to set up fact-finding mission for Donetsk prison attack
2022-08-09 07:49:45,Trump says Mar-a-Lago residence in Florida raided by FBI agents
2022-08-09 22:33:02,
2022-08-09 05:59:15,Russia temporarily halts inspections of its facilities under New START treaty
2022-08-09 06:13:15,"Ecuador's monkeypox cases rise to 10, with one death"
2022-08-09 09:51:15,Trump says Mar-a-Lago residence in Florida raided by FBI agents
2022-08-09 06:24:00,Biden authorizes largest weapons assistance to Ukraine
2022-08-09 21:58:16,UEFA bans Israel's Hapoel Beer Sheva from playing at home stadium
2022-08-09 11:49:30,Guatemala confirms first case of monkeypox
2022-08-09 12:38:30,U.S. massacres civilians in wars in the Middle East: report
2022-08-10 23:52:15,Iraq's Sadrist supporters determined to continue protests unless demands for reforms are met
2022-08-10 00:18:31,
2022-08-10 00:41:15,"Petrol, diesel prices up around 3 pct in Myanmar"
2022-08-10 05:38:30,"Venezuelans protest sanctions, illegal seizures of nation's assets"
2022-08-10 17:54:17,Severe drought displaces over 1 mln Somalis: UN
2022-08-10 00:35:30,"Iran ignores West's ""threats, empty deadlines"" in nuke talks: advisor"
2022-08-10 07:13:15,U.S. stocks close lower amid earnings headwinds
2022-08-10 14:07:15,World Insights: Japan extremely selfish to insist on discharging nuclear wastewater into sea
2022-08-10 13:06:45,"Japanese PM reshuffles cabinet, LDP leadership as support rates tumble"
2022-08-10 17:12:45,"9 dead, 7 missing in S.Korean heavy rainfall"
2022-08-10 23:03:00,Feature: Iraq's Sadrist supporters determined to continue protests unless demands for reforms are met
2022-08-11 07:11:45,12 vessels authorized to depart Ukrainian ports for grain export: UN official
2022-08-11 05:54:15,UN chief congratulates on peaceful voting in Kenyan elections
2022-08-11 06:15:30,UN trade body urges actions to curb cryptocurrencies in developing countries
2022-08-11 04:56:15,Over 200 major glaciers disappear in Italy due to changing climate: research
2022-08-11 04:31:15,Israel to invest 6.13 mln USD in training Arabs for hi-tech sector
2022-08-11 04:16:30,UN chief congratulates on peaceful voting in Kenyan elections
2022-08-11 02:48:15,Syrian forces foil rebel attack in Idlib: media
2022-08-11 06:54:15,U.S. inflation keeps elevated level in July amid Fed's rate hikes
2022-08-11 02:18:00,Iraqi Shiite cleric urges judiciary to dissolve parliament
2022-08-11 06:10:00,12 killed in traffic accident in southern Egypt
2022-08-11 04:45:15,8 migrants dead as boat sinks off Tunisia's coast
2022-08-11 05:59:45,"Sudan's sovereign council deputy chairman vows to reveal ""plots"" against tribal cohesion"
2022-08-11 00:11:45,Indian gov't launches vaccine for lumpy skin disease in cattle
2022-08-11 00:18:45,Foxconn to develop EV industry in Indonesia this year: minister
2022-08-11 00:35:30,"Thailand, Malaysia strengthen collaboration on trade, digital economy"
2022-08-11 04:20:30,Over 200 major glaciers disappear in Italy due to changing climate: research
2022-08-11 07:11:45,12 vessels authorized to depart Ukrainian ports for grain export: UN official
2022-08-11 02:58:15,German finance ministry proposes tax relief of 10 bln euros amid high inflation
2022-08-11 07:20:30,U.S. stocks post solid gains on weaker inflation in July
2022-08-11 06:23:00,"Canada confirms over 1,000 monkeypox cases"
2022-08-11 05:25:15,Cuba makes progress in controlling fuel farm fire
