﻿2022-06-05 00:14:14,Death toll rises to 5 in German train derailment
2022-06-06 04:40:15,Queen Elizabeth II vows to keep serving after 70-yr reign
2022-06-06 08:54:13,"Belt and Road railway project ""grand gateway"" to benefit Southeast Asia, says former Thai deputy PM"
2022-06-02 17:31:29,"S. Korea, Japan hold talks on survey near disputed islets, dumping of nuclear waste water"
2022-06-02 11:55:45,Denmark votes to join EU defence pact amid concerns over Russia-Ukraine conflict
2022-06-02 00:15:00,Chinese Medical Team in Malawi cheers children on Int'l Children's Day
2022-06-03 20:44:45,Sri Lankan president instructs officials to maintain adequate stocks of essential items
2022-06-03 17:29:45,Ukraine crisis dampens Uganda's economic recovery: central bank
2022-06-04 11:16:00,Security Council strongly condemns attack against UN peacekeepers in Mali
2022-06-04 22:09:45,Drought leaves more than 7.2 million people needing food aid in Ethiopia: UNOCHA
2022-06-04 22:24:47,
2022-06-05 08:59:45,Economic Watch: EU's sanctions on Russia weigh on own economy
2022-06-05 23:58:28,Bangladeshi army deployed as container depot fire kills at least 45
2022-06-05 22:10:47,Feature: Cameroonian woman lights up rural communities with solar energy
2022-06-05 06:48:29,Bajram Begaj elected as Albania's new president
2022-06-05 14:36:30,Feature: Lao students meet Chinese culture in Dragon Boat Festival celebration
2022-06-05 16:34:45,
2022-06-05 11:53:28,UN chief urges businesses to prioritize sustainability ahead of World Environment Day
2022-06-05 09:22:45,Search for eight missing miners continues in Colombia
2022-06-05 10:30:15,"At least 3 killed, over 100 injured in Bangladesh's container depot fire"
2022-06-05 09:20:59,Biden evacuated from beach house in NE U.S. after small plane enters airspace
2022-06-05 11:26:14,Washington in no position to give moral lessons: Uruguayan writer
2022-06-05 17:16:15,Polls close in Cambodia's commune elections
2022-06-05 16:30:15,"Interview: Belt and Road railway project ""grand gateway"" to benefit Southeast Asia, says former Thai deputy PM"
2022-06-05 09:57:58,"Heavy rains in Cuba leave 3 dead, 1 missing"
2022-06-05 18:54:15,UN warns of increased risk of famine in Somalia amid acute food insecurity
2022-06-05 22:14:14,Russia says tanks supplied by Eastern European countries destroyed near Kiev
2022-06-05 14:24:28,Philippines raises alert level at volcano southeast of Manila
2022-06-06 04:38:59,"Gov't, Houthi rebels begin 2nd round of talks on Yemen's Taiz: gov't source"
2022-06-06 04:33:00,Jordan hosts annual int'l warrior competition
2022-06-06 04:31:00,Queen Elizabeth II vows to keep serving after 70-yr reign
2022-06-06 06:38:00,"Three dead, 14 injured after shooting in Tennessee"
2022-06-06 02:12:45,Jordan underlines need for UN body to keep supporting Palestinian refugees
2022-06-06 08:07:06,"Food expo held in Damascus, Syria"
2022-06-06 09:44:30,"Argentina registers 46,045 cases, 84 deaths from COVID-19 in past week"
2022-06-06 00:20:45,Pakistan fully committed to ambitious actions to address climate change
2022-06-06 08:06:46,Palestinian women harvest gourds in Hebron
2022-06-06 02:27:44,Feature: Namibian artist renders old newspapers into artwork
2022-06-06 01:41:45,Tanzania launches conservation master plan as it marks World Environment Day
2022-06-06 00:56:45,Kenya's electoral body clears main presidential candidates in August polls
2022-06-06 02:05:45,"Roundup: Visit to Pacific island countries practice of China's equality-based diplomacy, boosts common development -- Chinese FM"
2022-06-06 01:55:45,"Roundup: China willing to help Pacific island countries to prosper, Chinese FM says after 8-nation tour"
2022-06-06 08:17:13,Indian bus accident death toll rises to 25
2022-06-06 08:27:38,Earth Garden festival celebrated in Malta
2022-06-06 07:24:38,People take part in parade to celebrate 2022 Rose Festival in Bulgaria
2022-06-06 04:31:00,Queen Elizabeth II vows to keep serving after 70-yr reign
2022-06-05 22:58:30,"Late night shooting in Philadelphia leaves at least three dead, 11 injured"
2022-06-05 16:20:00,"At least 3 dead, 10 more injured in Philadelphia shooting"
2022-06-06 06:38:00,"Three dead, 14 injured after shooting in Tennessee"
