﻿2022-05-13 21:38:22,Supplies of daily necessities guaranteed in Beijing amid COVID-19 resurgence
2022-05-14 00:38:41,"Chinese political advisors discuss capacity building for patriots in Hong Kong, Macao"
2022-05-14 16:28:00,First C919 jet to be delivered completes successful maiden test flight
2022-05-14 17:43:32,Nucleic acid test support teams from Hubei leave Shanghai with mission accomplished 
2022-05-15 23:20:14,"BRI delivers mutual benefits, says Italian expert"
2022-05-15 16:59:43,China Focus: China strives to ensure employment for people with disabilities
2022-04-13 15:15:51,GLOBALink | Female livestreamer helps locals increase income in Xinjiang
2022-04-20 07:23:15,24 Solar Terms: Grain Rain
2022-04-24 08:18:05,GLOBALink | Parkour teenagers in ancient city of Kashgar
2022-05-05 07:30:12,24 Solar Terms: Start of Summer
2022-05-11 23:04:13,Inner Mongolia ups protection of intangible cultural heritages
2022-05-12 17:44:31,"Profile: Chinese Nightingale medalist shines in professionalism, dedication"
2022-05-12 18:49:43,Across China: Behind animation adaption of Chinese award-winning sci-fi novel
2022-05-13 14:39:00,Immigration authority refutes false info slandering China's entry-exit policies
2022-05-13 21:35:15,Launch of China's commercial carrier rocket fails
2022-05-13 18:12:17,Beijing reports 51 new local COVID-19 infections
2022-05-13 23:21:45,"Chinese, Greek FMs hold phone talks over ties, Ukraine issue"
2022-05-13 23:31:30,China urges U.S. to fulfill financial obligations to UN
2022-05-13 21:11:17,"China voices opposition to smearing remarks by Japan, EU"
2022-05-13 22:44:28,Xinhua Commentary: Washington's small-clique politics won't fool SE Asia
2022-05-14 22:24:17,China diverts over 53 bln cubic meters of water northwards
2022-05-14 23:56:28,Anti-China forces in Hong Kong have no extrajudicial privileges: commissioner's office of Chinese foreign ministry in HKSAR
2022-05-14 17:20:16,Rescuers find 7 from 13 missing at Yunnan nature reserve
2022-05-14 21:44:00,Experts denounce U.S. plot to deprive Xinjiang people of development opportunities
2022-05-14 21:39:58,Positive COVID-19 results continue to be found in Hong Kong's sewage samples
2022-05-14 22:00:58,China takes subsidies application online to help people with disabilities
2022-05-14 10:39:58,Chinese mainland reports 253 new local COVID-19 cases
2022-05-15 10:42:28,Chinese mainland reports 226 new local COVID-19 cases
2022-05-15 20:56:48,
2022-05-15 18:11:58,China's self-developed floating airship breaks record
2022-05-15 23:35:30,China economic powerhouse province posts 7.1 pct foreign trade growth
2022-05-15 20:44:26,"Xi's article on major theoretical, practical issues in China's development to be published"
2022-05-15 23:25:11,Chinese auto brands see sales growth in Jan.-Apr.
2022-05-15 20:46:45,Beijing to conduct further mass COVID-19 testings
2022-05-15 21:55:01,China to strengthen Party building among retired officials
2022-05-15 16:20:48,"Xi's article on major theoretical, practical issues in China's development to be published"
2022-05-15 22:13:00,Chinese mobile game developers top global revenue list
2022-05-15 20:04:28,"Taiwan records over 411,000 COVID-19 cases in a week"
2022-05-15 22:32:28,Wild ducks seen in Yuanmingyuan Park 
2022-05-15 21:08:46,China's sci-tech innovation board more attractive to foreign investors
2022-05-15 18:05:01,China Focus: Tianwen-1 mission marks first year on Mars
2022-05-15 22:24:32,
2022-05-15 20:56:43,Xi extends condolences over passing of UAE President Sheikh Khalifa
2022-05-15 22:08:58,Economic Watch: China doubles down on expanding domestic demand to bolster growth
2022-05-15 21:13:45,"Interview: BRI delivers mutual benefits, says Italian expert"
2022-05-15 21:40:45,Xi sends congratulatory message to new UAE president
2022-05-15 16:59:43,China Focus: China strives to ensure employment for people with disabilities
2022-05-15 16:36:45,
2022-05-16 08:59:00,Village doctors can improve hypertension control in rural China: study
2022-05-16 08:35:58,"Chinese police crack 77,000 economic crimes in 2021"
2022-05-16 08:58:15,"Shanghai reports 69 confirmed, 869 asymptomatic local COVID-19 cases"
