﻿2022-08-27 22:15:00,Economic Watch: Soaring China-Europe freight trains facilitate international trade
2022-08-30 03:35:45,"Jordan, Norway vow to boost cooperation in various fields"
2022-08-26 22:18:00,Economic Watch: Hidden consequences of U.S. chips act
2022-08-27 07:26:15,"Dow sinks over 1,000 points after Powell vows tough inflation battle"
2022-08-27 16:42:00,"Economic Watch: ""Some pain"" ahead as U.S. Fed set to continue rate hikes"
2022-08-27 01:46:30,Britain's energy price cap to hike by 80 pct in October amid worsening cost-of-living crisis
2022-08-27 18:38:00,"45 killed, 113 injured in rain spells across Pakistan in 24 hours"
2022-08-28 18:07:19,
2022-08-28 12:02:15,"Death toll rises to 1,000 as torrential rains wreak havoc in Pakistan"
2022-08-28 18:02:00,Sri Lankan PM stresses need to protect poor to IMF delegation
2022-08-28 04:49:30,French PM announces 1.5 bln euros green fund to accelerate ecological transition
2022-08-28 21:15:00,Int'l Army Games 2022 ends in Russia
2022-08-28 04:03:45,"Egypt, U.S., Spain hold joint naval drills in Mediterranean"
2022-08-29 19:40:45,Disapproval rate of Japanese gov't hits record high: new poll
2022-08-29 03:02:15,France detects bird flu at duck farm
2022-08-29 01:19:45,Tunisia foils 51 illegal immigration attempts toward Italy
2022-08-29 09:19:45,6 injured in shooting at Los Angeles bar
2022-08-29 09:27:45,Man killed by lion in Ghana's zoo
2022-08-29 10:02:18,Colombia's ambassador-designate arrives in Venezuela for ties normalization
2022-08-29 08:52:00,Colombia's ambassador-designate to Venezuela arrives for normalization of relations
2022-08-29 02:44:00,Reviving 2015 nuclear deal in interests of all parties: Iranian spokesman
2022-08-29 03:07:00,Palestine condemns Israeli settlers for breaking into Al-Aqsa Mosque compound
2022-08-30 09:54:10,"Drought hits Teleorman County, Romania"
2022-08-30 03:35:45,"Jordan, Norway vow to boost cooperation in various fields"
2022-08-30 06:12:00,12 killed as al-Sadr supporters storm Iraqi gov't offices in Baghdad
2022-08-30 03:54:30,UN envoy urges comprehensive manner to address situation in Syria
2022-08-30 05:00:45,UN steps up assisitance to Pakistan over severe flooding
2022-08-30 01:31:02,
2022-08-30 10:52:40,"Sugarcane enters harvest season in Dhaka, Bangladesh"
2022-08-30 06:07:45,Face masks now optional for Peruvian school kids
2022-08-30 04:17:00,N. Ethiopia situation alarms humanitarians amid calls for aid access
2022-08-30 02:56:15,NASA postpones Artemis I moon mission due to engine issue
2022-08-30 02:14:00,Jordan says finishing oil spill cleanup off southern coast
2022-08-30 10:21:15,U.S. study shows older homeless at greater risk of dying
2022-08-30 03:27:15,NASA's moon mission launch called off due to engine issue
2022-08-30 02:53:45,Russian economy may slump 2-3 pct this year: official
2022-08-30 01:38:30,Mozambique's biggest trade fair opens with positive prospects
2022-08-30 05:56:45,Ethiopia ready to negotiate on Nile dam under AU's patronage: ambassador
2022-08-30 01:27:30,Kenya's NCBA Group partnering with Huawei to rollout digital banking products
2022-08-30 12:03:45,Evacuation order lifted for Fukushima plant host town 11 years after disaster
2022-08-30 11:08:30,"New Zealand logs 2,464 new COVID-19 community cases, 11 more deaths"
2022-08-30 12:07:15,S.Korea's tax revenue forecast to rise 0.8 pct in 2023
2022-08-30 09:54:10,"Drought hits Teleorman County, Romania"
2022-08-30 03:35:45,"Jordan, Norway vow to boost cooperation in various fields"
2022-08-30 04:10:30,300 to be evacuated from Swedish ferry after fire
2022-08-30 10:21:15,U.S. study shows older homeless at greater risk of dying
2022-08-30 11:12:30,Most Americans want stricter gun laws: poll
2022-08-30 11:08:31,Homicides in California up again in 2021: AP
