﻿2022-08-08 05:00:15,Israel confirms cease-fire with Gaza after 3 days of deadly strikes
2022-08-08 07:30:05,China-built modern railway helps foster job creation for local people in Kenya
2022-08-04 07:33:45,U.S. Congresswoman Jackie Walorski dies in car accident in Indiana
2022-08-04 18:13:00,"Economic Watch: EU economy grows for second quarter, recession fears linger"
2022-08-04 18:24:45,Nepal to hold general elections on Nov. 20
2022-08-04 16:24:00,South American roses popular on Chinese Valentine's Day
2022-08-05 12:10:15,America faces catastrophic teacher shortage: The Washington Post
2022-08-05 14:59:00,"5 killed, 9 injured in fiery multi-vehicle crash in Los Angeles"
2022-08-05 18:50:15,"Cambodia, EU vow to strengthen bilateral ties"
2022-08-05 05:37:30,"Bolivia sees 2 new monkeypox cases, steps up control measures"
2022-08-05 07:26:16,Police find no victims after reports of shooting at mall in U.S. Minnesota
2022-08-05 10:23:45,"Peru's president calls on political parties to help create ""broad-based"" cabinet"
2022-08-05 10:08:45,"Thai nightclub fire kills at least 13, injures dozens: local media"
2022-08-06 04:43:00,"Israeli airstrikes on Gaza kill 10, injure 55 amid escalating tension"
2022-08-06 00:15:30,World Insights: China-built modern railway helps unleash Kenya's economic potential
2022-08-06 22:48:00,"Roundup: Israel-Gaza exchange of fire continues for 2nd day, 15 killed"
2022-08-06 16:01:30,"55th ASEAN FMs' meeting, related meetings end with adoption of some 30 documents: Cambodian FM"
2022-08-06 21:40:15,Israel continues bombing Gaza amid rockets firing
2022-08-06 04:24:00,"Putin, Erdogan meet to further Russia-Türkiye ties"
2022-08-06 01:21:30,ITU affirms observance of guidance incorporated in UNGA Resolution 2758
2022-08-06 20:47:00,Ugandan official reiterates firm adherence to one-China principle
2022-08-06 23:41:30,"Cambodia, Pakistan vow to further enhance bilateral ties"
2022-08-06 21:46:30,Pakistani PM sets up relief fund for flood-affected people
2022-08-06 04:17:15,World food prices decline amid relief from restarted Ukraine grain exports: FAO
2022-08-06 04:18:15,"UN helps Mauritius, Seychelles tackle rising chemical fertilizer costs"
2022-08-07 20:56:47,
2022-08-07 09:53:30,"24 killed, 215 wounded as Israel-Gaza exchange of fire continues for 2nd day"
2022-08-07 10:35:45,Biden's PGII initiative aims to undermine BRI: report
2022-08-07 20:53:30,"U.S. keeps sanctioning Iran as ""pressure leverage"": Iranian lawmaker"
2022-08-07 23:05:47,
2022-08-08 07:33:58,Ghanaians celebrate traditional Asafotufiami festival with fanfare
2022-08-08 02:48:15,Constant calls for guarantees show Iran's deep distrust of U.S.: analysts
2022-08-08 06:01:00,Gazan faction says reaches Egypt-brokered cease-fire with Israel
2022-08-08 04:41:00,Israel confirms cease-fire with Gaza after 3 days of deadly strikes
2022-08-08 04:18:30,UN support for Syria can encourage Lebanon's Syrian refugees return home: ambassador
2022-08-08 02:08:15,"Over 4,000 hectares of land destroyed in wildfires in northwestern Spain"
2022-08-08 02:56:15,Birthrate hits lowest in two decades in Sweden
2022-08-08 03:57:33,Iran does not seek nuke weapons: FM
2022-08-08 03:36:00,Feature: Tunisian jasmine sellers struggle to make ends meet amid global business decline
2022-08-08 03:00:45,Feature: Tunisian jasmine sellers struggle to make ends meet amid global business decline
2022-08-08 07:30:05,China-built modern railway helps foster job creation for local people in Kenya
2022-08-07 23:05:30,"5 killed, 7 injured in road accident in Myanmar"
2022-08-07 22:56:00,"Philippines logs 4,621 new COVID-19 cases, 18 more deaths"
2022-08-08 00:32:15,"China, Bangladesh pledge to strengthen partnership, deepen cooperation"
2022-08-08 04:54:30,"Portugal registers 70 municipalities in ""maximum"" fire danger level"
2022-08-08 02:12:15,Birthrate hits lowest in two decades in Sweden
2022-08-08 03:29:00,Wildfires in NW France burn over 300 hectares of land
2022-08-07 22:44:31,Biden ends isolation after recovering from COVID-19 rebound case
2022-08-07 20:53:30,"U.S. keeps sanctioning Iran as ""pressure leverage"": Iranian lawmaker"
2022-08-07 13:49:45,Philadelphia concerned about grave gun violence: media
