﻿2022-04-30 00:48:13,Budapest's major logistics hub promotes Sino-EU trade cooperation
2022-05-02 05:16:18,Stable supply of Chinese commodities mitigates threat of inflation in Mideast
2022-04-29 22:59:28,"At least 10 killed, 20 wounded in Kabul mosque explosion"
2022-04-29 04:41:00,"Ukrainian president, UN chief discuss evacuation from Mariupol"
2022-04-29 20:40:28,Explosion in mosque causes multiple casualties in Kabul
2022-04-30 04:09:01,"142 food trucks, 10 fuel tankers reach Ethiopia's Tigray: UN"
2022-04-30 16:23:45,Feature: Bangladesh capital sees rush of Eid travelers
2022-04-30 02:30:41,New Analysis: Euro nearing five-year low stoking recession fears
2022-04-30 11:26:45,Ecuadoran president declares state of emergency in 3 provinces
2022-04-30 20:10:43,In pics: Islamic holy month of Ramadan in Addis Ababa
2022-04-30 15:45:30,Turkey summons German ambassador amid row over Kavala verdict
2022-04-30 23:00:01,Ukraine allocates 4 bln USD for defense ministry
2022-04-30 05:47:58,Dow plunges over 900 points amid market sell-off
2022-04-30 04:10:58,UN chief on Ramadan solidarity visit to Africa
2022-04-30 10:07:45,"U.S. official COVID-19 counts not ""reliable"" due to unrecorded at-home tests: report"
2022-04-30 00:50:43,Eurozone inflation increases to 7.5 pct as economy slows down
2022-04-30 01:14:43,Security Council approves yet another technical rollover for mandate of UN mission in Libya
2022-05-01 19:59:01,U.S. seeks to push Afghanistan into unprecedented crisis: Iranian Speaker
2022-05-01 16:34:20,
2022-05-01 10:49:28,"Chile reports 2,124 new COVID-19 cases, 18 deaths"
2022-05-01 21:29:46,"CEPA trade deal between India, UAE comes into force"
2022-05-01 05:30:41,2 rockets hit air base housing U.S. experts in W. Iraq: military
2022-05-01 16:25:31,"S.Korean president-elect names security adviser, 5 senior secretaries"
2022-05-01 03:06:28,Feature: U.S.-led sanctions cripple Ramadan charity work in Syria
2022-05-01 17:46:17,
2022-05-02 04:33:41,Africa's COVID-19 cases surpass 11.44 mln: Africa CDC
2022-05-02 11:12:41,Biden attends memorial service of former U.S. Vice President Walter Mondale
2022-05-02 03:49:45,"Israel allocates 18 mln USD to promote innovation in tomato, cucumber growing"
2022-05-02 02:28:31,"IMF urges Lebanon to implement ""agreed-upon"" reforms"
2022-05-02 09:53:26,Nearly 18 mln Argentines receive COVID-19 booster shot
2022-05-02 04:09:46,6 rockets land near town in northern Iraq
2022-05-02 10:58:45,Ukraine to continue evacuation from Mariupol
2022-05-02 09:40:14,International Labor Day marked across world
2022-05-02 01:35:28,"Greeks hold demonstration on Labor Day amid energy crisis, high inflation"
2022-05-02 03:17:26,Iran's top commander warns U.S. away from Gulf
2022-05-02 04:33:41,Africa's COVID-19 cases surpass 11.44 mln: Africa CDC
2022-05-02 05:58:43,Moroccan king pardons 958 prisoners ahead of Eid al-Fitr
2022-05-02 05:54:43,Tunisian president announces to form high committee to establish new constitution
2022-05-02 11:10:45,"Pakistan to make every effort to fight terrorism, says National Assembly speaker"
2022-05-02 10:56:41,Australian opposition party maintains lead ahead of May election: polls
2022-05-02 11:13:41,8 killed in Philippine capital fire
2022-05-02 10:36:45,"Interview: Chinese economy resilient, long-term fundamentals attractive for investors, says Swiss banker"
2022-05-02 11:00:45,Russia not to artificially complete military actions in Ukraine by V-Day: FM
2022-05-02 10:58:45,Ukraine to continue evacuation from Mariupol
2022-05-02 11:12:41,Biden attends memorial service of former U.S. Vice President Walter Mondale
2022-05-02 09:55:31,"""The Bad Guys"" tops North American box office for 2nd straight weekend"
2022-05-02 08:20:50,2022 Outdoor Adventure Show held in Canada
