﻿2022-08-20 20:34:30,Vocational education conference in China offers platform for int'l exchanges
2022-08-20 22:49:00,China launches S&T activities to inspire innovation
2022-08-21 23:49:30,China begins shipment of high-speed trains to Indonesia
2022-08-21 00:30:45,"WRC showcases latest robotic technology, products in Beijing"
2022-08-22 23:05:02,"China ramps up drought-relief efforts to ensure production, livelihoods"
2022-08-22 15:28:31,"Smart China Expo opens in Chongqing, focusing on intelligent technology"
2022-08-22 07:23:28,TCM used to fight against COVID-19 in S China's Sanya
2022-06-20 08:55:04,"GLOBALink | See you again, Bayanbulak"
2022-06-21 07:36:44,24 Solar Terms: Summer Solstice
2022-07-07 07:14:05,24 Solar Terms: Lesser Heat
2022-07-23 07:29:03,24 Solar Terms: The Great Heat
2022-08-20 01:45:30,Vice premier urges efforts to beef up COVID-19 control in Hainan
2022-08-20 20:57:15,China renews red alert for high temperatures
2022-08-20 22:21:00,China Focus: Chinese vocational workshops help with training overseas
2022-08-20 20:49:30,Work team sent to China's Qinghai to guide rescue efforts
2022-08-21 00:46:45,Relics exhibition reveals metallurgy mysteries along ancient Silk Road
2022-08-21 21:08:15,Vocational education powers China's manufacturing upgrading
2022-08-21 12:14:15,China issues highest alert for high temperatures
2022-08-21 17:06:05,China Focus: Pairing assistance promotes common prosperity in Tibet
2022-08-21 23:51:15,Chinese vice premier urges eliminating community COVID-19 spread in island province
2022-08-21 21:55:16,
2022-08-21 15:05:02,
2022-08-21 20:30:31,
2022-08-21 22:48:15,Three scientists win China's 2022 Future Science Prize
2022-08-22 19:31:30,"Economic Watch: Movie fest, fitness: Chinese urbanites indulge in new consumption fervor"
2022-08-22 20:24:00,"China urges efforts to prevent floods, relieve droughts"
2022-08-22 23:01:45,Hong Kong's CPI up in July
2022-08-22 22:31:02,China's service outsourcing industry posts steady growth
2022-08-22 19:55:15,Macao SAR seeks public consultation on amendment to law on safeguarding national security
2022-08-22 20:57:30,China's political advisors discuss employment-first policy
2022-08-22 22:36:15,2022 Zhongguancun Forum to be held in September
2022-08-22 23:21:30,China's space tracking ship sails for monitoring missions
2022-08-22 17:18:00,"Taiwan raises weekly cap on inbound trips to 50,000"
2022-08-22 19:35:15,Xi extends sympathy to Japanese PM over COVID-19 infection
2022-08-22 22:02:15,Current epidemic in Hainan reaches turning point: authority
2022-08-22 17:28:45,Across China: New research rebuilds scenario of soldiers guarding Great Wall
2022-08-22 23:48:48,Chinese public security authority urges better care for police officers
2022-08-22 14:15:00,Across China: The beauty of Beijing through lens of a Greek photographer
2022-08-22 23:06:30,China's Guangdong braces for Typhoon Ma-on
2022-08-22 09:44:30,Giant panda cub Xiao Qi Ji celebrates 2nd birthday in U.S.
2022-08-22 22:46:45,2022 Zhongguancun Forum opens media registration
2022-08-22 17:55:15,China enters semi-final in tank biathlon in int'l army games
2022-08-22 15:28:31,"Smart China Expo opens in Chongqing, focusing on intelligent technology"
2022-08-22 23:22:45,China advancing negotiations on joining DEPA: commerce ministry
2022-08-22 21:05:00,Chinese Foreign Ministry refutes wrongful remarks by U.S. Ambassador to China concerning Taiwan region
2022-08-22 16:06:30,China releases results of investigation into math textbook illustrations
2022-08-23 07:29:58,Lanzhou New Area in NW China builds multiple industrial clusters
2022-08-23 07:29:56,Critically endangered plant rediscovered in SW China
