﻿2022-03-03 15:59:00,"Protection of disabled people's rights integrated in Chinese laws, development strategies: officials"
2022-03-03 22:50:16,"Xinhua Commentary: China's ""two sessions"": A spectacle of genuine, effective democracy"
2022-03-04 23:50:48,"Xinhua Headlines: China's ""two sessions"" start in crucial year for modernization"
2022-03-04 18:42:01,"Presidium elected, agenda set for China's annual legislative session"
2022-03-05 11:52:15,China to promote high-quality Belt and Road cooperation
2022-03-05 23:44:15,Chinese leaders attend deliberations at annual legislative session
2022-03-05 19:54:47,"Xinhua Headlines: China sets 2022 GDP target at around 5.5 pct, giving a shot in arm to world recovery"
2022-03-06 01:37:31,Xi Jinping attends deliberation of Inner Mongolia delegation at Fifth Session of 13th National People's Congress
2021-12-02 15:05:53,Mounting artist's dream of painting shrimps
2021-12-02 15:05:44,Artisan introduces charm of wooden art and leatherware to people
2022-02-16 13:39:13,Stories of Jingdezhen in the Imperial Kiln: Famille verte wares from the Reigns of Jiajing and Wanli
2022-02-17 12:56:46,Stories of Jingdezhen in the Imperial Kiln: Designs for the Imperial Kiln
2022-03-03 21:19:15,"China Focus: What to expect at China's annual ""two sessions"""
2022-03-03 20:46:43,"Advisory: Schedules for China's ""two sessions"" on March 4"
2022-03-03 20:45:46,Cultural China: Preparedness averts peril
2022-03-03 17:15:12,Central China uncovers ancient street market depicted in world-renowned painting
2022-03-03 23:26:28,Chinese political advisors gather in Beijing for annual session
2022-03-04 22:02:32,GLOBALink | China's top political advisory body starts annual session
2022-03-04 00:05:45,China's AG600 large amphibious aircraft gets financial-leasing support
2022-03-04 20:11:31,Pompeo's erroneous Taiwan-related remarks another reminder of malicious intentions: spokesperson
2022-03-04 11:57:00,Agenda of 5th session of 13th National People's Congress
2022-03-04 20:35:47,NPC deputy in space speaks for space industry
2022-03-04 21:12:00,China's space station to host 6 astronauts by end of 2022
2022-03-04 23:54:45,"Advisory: Schedules for China's ""two sessions"" on March 5"
2022-03-05 19:02:31,China launches women volunteers' service campaign
2022-03-05 21:51:52,Tibet sees fast growth in online retail sales
2022-03-05 21:39:34,"People enjoy blooming flowers at ""Jingzhe"" across China"
2022-03-05 10:29:45,Chinese mainland reports 102 new local COVID-19 cases
2022-03-05 09:21:16,"China to step up study on virus variants, accelerate R&D of vaccines"
2022-03-05 19:15:30,China's courier sector continues to grow in February
2022-03-05 18:32:00,China launches seven new satellites
2022-03-05 12:14:16,"GLOBALink | China to deepen multilateral, bilateral economic, trade cooperation"
2022-03-05 21:09:32,China greenlights three ChiNext IPOs
2022-03-05 12:06:38,"GLOBALink | China ready to contribute more to world peace, prosperity"
2022-03-05 21:28:28,"Advisory: Schedules for China's ""two sessions"" on March 6"
2022-03-05 22:07:43,"Hong Kong reports 37,529 new COVID-19 cases"
2022-03-05 14:13:28,Chinese mainland reports 102 new local COVID-19 cases
2022-03-05 09:22:17,Chinese gov't to keep spending low to benefit people
2022-03-05 23:54:15,"China mulls amending law on local legislatures, governments"
2022-03-05 20:52:33,Roundup: China-Malaysia vaccine cooperation strengthens regional vaccine supply
2022-03-05 22:15:45,Hong Kong youth groups ease hospital stress with free online consultation amid epidemic
2022-03-05 23:44:15,Chinese leaders attend deliberations at annual legislative session
2022-03-05 21:48:46,Explainer: Prudent Chinese defense budget growth ensures broad public security
2022-03-05 17:18:53,Over 3.15 bln COVID-19 vaccine doses administered on Chinese mainland
2022-03-05 20:37:00,"Xiplomacy: Decipher China's development philosophy in Xi's ""two sessions"" remarks"
2022-03-06 00:16:16,Mainland health experts visit Hong Kong's anti-epidemic community facilities
2022-03-06 00:22:15,"Xi stresses ethnic unity, strengthening sense of community for Chinese nation"
2022-03-06 07:51:58,Central gov't aids Hong Kong to build emergency hospital
2022-03-06 00:07:13,Across China: American expat seeks to promote Chinese culture through cooking shows
2022-03-06 00:39:30,"Chinese FM holds phone talks with U.S. secretary of state over bilateral ties, Ukraine"
