﻿2022-03-02 15:56:03,"Chinese vice premier stresses efforts for carbon peak, neutrality"
2022-03-03 15:59:00,"Protection of disabled people's rights integrated in Chinese laws, development strategies: officials"
2022-03-03 00:37:46,China's top political advisory body wraps up standing committee session
2022-03-03 22:50:16,"Xinhua Commentary: China's ""two sessions"": A spectacle of genuine, effective democracy"
2022-03-04 17:38:50,
2022-03-04 20:18:31,China's top political advisory body starts annual session
2022-03-04 18:42:01,"Presidium elected, agenda set for China's annual legislative session"
2021-12-02 15:05:53,Mounting artist's dream of painting shrimps
2021-12-02 15:05:44,Artisan introduces charm of wooden art and leatherware to people
2022-02-16 13:39:13,Stories of Jingdezhen in the Imperial Kiln: Famille verte wares from the Reigns of Jiajing and Wanli
2022-02-17 12:56:46,Stories of Jingdezhen in the Imperial Kiln: Designs for the Imperial Kiln
2022-02-24 17:02:17,China's crackdown on illegal off-campus training continues during winter vacation
2022-03-02 22:46:17,Beijing sees decrease in permanent resident population
2022-03-02 16:13:15,Freight train sends anti-virus materials to Hong Kong
2022-03-02 20:18:15,China's national legislature to hold press conference ahead of annual session
2022-03-02 15:08:30,Xinhua Commentary: China's self-reliant sci-tech innovation not threatening others
2022-03-03 20:36:49,Macao's criminal investigation cases rise 13.1 pct in 2021
2022-03-03 22:34:01,Xi Focus-Closeup: Caring for border guardians on Qinghai-Tibet Plateau
2022-03-03 21:19:15,"China Focus: What to expect at China's annual ""two sessions"""
2022-03-03 15:39:01,"China develops new COVID-19 test kit -- fast, small, cheap"
2022-03-03 20:46:43,"Advisory: Schedules for China's ""two sessions"" on March 4"
2022-03-03 22:53:17,China's AG600 large amphibious aircraft gets financial-leasing support
2022-03-03 20:45:46,Cultural China: Preparedness averts peril
2022-03-03 17:15:12,Central China uncovers ancient street market depicted in world-renowned painting
2022-03-03 00:16:15,China refutes Blinken's groundless accusations concerning Xinjiang
2022-03-03 11:46:32,"Spring ploughing on Yangtze River island
"
2022-03-03 23:26:28,Chinese political advisors gather in Beijing for annual session
2022-03-03 21:20:44,"GLOBALink | Story behind ""Tang dolls,"" souvenirs customized for Beijing 2022 "
2022-03-03 22:15:06,"Xinhua Commentary: China's ""two sessions"": A spectacle of genuine, effective democracy"
2022-03-03 15:14:59,China's top political advisory body to hold annual session from March 4 to 10
2022-03-03 20:43:45,Chinese national lawmakers gather in Beijing for annual session
2022-03-04 14:48:25,CPPCC members interviewed via video link ahead of annual session 
2022-03-04 14:18:47,5th session of 13th National Committee of CPPCC to open
2022-03-04 16:20:50,China From Above | Mega projects of transportation
2022-03-04 00:05:45,China's AG600 large amphibious aircraft gets financial-leasing support
2022-03-04 20:11:31,Pompeo's erroneous Taiwan-related remarks another reminder of malicious intentions: spokesperson
2022-03-04 23:23:52,Agenda of 5th session of 13th CPPCC National Committee
2022-03-04 20:09:31,"Ukraine should be bridge between East, West, not frontline for confrontation: Chinese envoy"
2022-03-04 23:50:48,"Xinhua Headlines: China's ""two sessions"" start in crucial year for modernization"
2022-03-04 22:30:32,Pic story of employment base for disabled youth in Tianjin
2022-03-04 20:41:45,Decade of Miracles: How Xi's thought steers new chapter of China's economic growth
2022-03-04 11:57:00,Agenda of 5th session of 13th National People's Congress
2022-03-04 20:11:31,"Pompeo's lunatic remarks ""will lead nowhere"": spokesperson"
2022-03-04 20:35:47,NPC deputy in space speaks for space industry
2022-03-04 17:51:15,Over 3.14 bln COVID-19 vaccine doses administered on Chinese mainland
2022-03-04 22:11:30,China's central bank to spare no effort in serving real economy in 2022
2022-03-04 22:01:15,Macao GDP grows 18 pct in 2021
2022-03-04 21:07:45,China urges suspension of unqualified off-campus tutors
2022-03-04 23:01:16,"Site formation for mainland-aid isolation, treatment facilities to be completed in Hong Kong in 2 days"
2022-03-04 21:12:00,China's space station to host 6 astronauts by end of 2022
2022-03-04 15:55:31,Chinese shares close lower Friday
2022-03-04 16:46:46,"China conducts more tax, fee cuts for small firms"
2022-03-04 21:47:15,Wondrous Xinjiang: Chinese opportunity through eyes of Belgian entrepreneur
2022-03-04 23:54:45,"Advisory: Schedules for China's ""two sessions"" on March 5"
