﻿2022-05-08 09:28:15,"China's BRI projects greatly benefit Cambodian economy, people: officials, experts"
2022-05-12 23:34:15,Beijing to conduct 3 more rounds of mass COVID-19 testing
2022-05-12 22:08:18,"Safeguarding national security justified, interference futile: commissioner's office of Chinese foreign ministry in HKSAR"
2022-05-13 21:38:22,Supplies of daily necessities guaranteed in Beijing amid COVID-19 resurgence
2022-05-14 00:38:41,"Chinese political advisors discuss capacity building for patriots in Hong Kong, Macao"
2022-04-13 15:15:51,GLOBALink | Female livestreamer helps locals increase income in Xinjiang
2022-04-20 07:23:15,24 Solar Terms: Grain Rain
2022-04-24 08:18:05,GLOBALink | Parkour teenagers in ancient city of Kashgar
2022-05-05 07:30:12,24 Solar Terms: Start of Summer
2022-05-11 22:23:58,"First-dose COVID-19 vaccination rate for elderly, disabled homes reaches 84 pct"
2022-05-11 23:04:13,Inner Mongolia ups protection of intangible cultural heritages
2022-05-12 13:33:00,China's ecology sees historic turning point: official
2022-05-12 23:08:15,China urges U.S. to adopt serious measures to truly help ethnic minorities get over trauma
2022-05-12 23:11:16,"China urges U.S. to promote regional peace, stability at upcoming U.S.-ASEAN summit"
2022-05-12 17:44:31,"Profile: Chinese Nightingale medalist shines in professionalism, dedication"
2022-05-12 18:49:43,Across China: Behind animation adaption of Chinese award-winning sci-fi novel
2022-05-12 21:46:47,"Safeguarding national security justified, interference futile: commissioner's office of Chinese foreign ministry in HKSAR"
2022-05-12 15:43:47,China's Mars rover finds water evidence on the red planet: study
2022-05-12 22:42:58,Hong Kong's third-dose COVID-19 vaccination rate reaches 50 pct
2022-05-13 22:04:48,"C China's village develops agricultural complex featured with agro-tourism, e-commerce"
2022-05-13 20:45:00,China's online property insurance premiums up 8 pct in 2021
2022-05-13 09:34:17,"Chinese mainland reports 312 new local COVID-19 cases, 227 in Shanghai"
2022-05-13 15:53:02,
2022-05-13 20:46:01,Feature: Mt. Qomolangma observation station becomes scientific expedition hotspot
2022-05-13 17:01:15,Across China: Miao ethnic people start new life after poverty alleviation resettlement
2022-05-13 14:39:00,Immigration authority refutes false info slandering China's entry-exit policies
2022-05-13 00:26:14,China's AC352 helicopter completes flight test for airworthiness certification
2022-05-13 21:35:15,Launch of China's commercial carrier rocket fails
2022-05-13 18:12:17,Beijing reports 51 new local COVID-19 infections
2022-05-13 16:12:32,
2022-05-13 19:49:43,Chinese scientists complete whole-genome sequencing of endangered turtle
2022-05-13 01:41:30,"Roundup: China, Ethiopia eye further augmenting investment, trade cooperation"
2022-05-13 23:21:45,"Chinese, Greek FMs hold phone talks over ties, Ukraine issue"
2022-05-13 15:03:16,Chinese Wisdom in Xi's Words: Minor steps can take one to a wider world
2022-05-13 23:31:30,China urges U.S. to fulfill financial obligations to UN
2022-05-13 21:11:17,"China voices opposition to smearing remarks by Japan, EU"
2022-05-13 22:44:28,Xinhua Commentary: Washington's small-clique politics won't fool SE Asia
2022-05-13 10:24:28,"Chinese mainland reports 312 new local COVID-19 cases, 227 in Shanghai"
2022-05-13 16:08:00,Xi's Economic Agenda: Charting roadmap for China's modern infrastructure system
2022-05-14 10:31:45,866 COVID-19 patients discharged from hospitals on Chinese mainland
2022-05-14 07:09:06,Farmers busy with summer farming across China
2022-05-14 09:58:19,
2022-05-14 09:32:26,Chinese mainland reports 253 new local COVID-19 cases
2022-05-14 00:38:41,"Chinese political advisors discuss capacity building for patriots in Hong Kong, Macao"
2022-05-14 12:03:26,China's SMEs Development Index retreats in April
2022-05-14 10:39:58,Chinese mainland reports 253 new local COVID-19 cases
2022-05-14 12:03:23,China's NEV battery output hikes over 180 pct in first 4 months
