﻿2022-03-03 15:59:00,"Protection of disabled people's rights integrated in Chinese laws, development strategies: officials"
2022-03-03 00:37:46,China's top political advisory body wraps up standing committee session
2022-03-03 22:50:16,"Xinhua Commentary: China's ""two sessions"": A spectacle of genuine, effective democracy"
2022-03-04 23:50:48,"Xinhua Headlines: China's ""two sessions"" start in crucial year for modernization"
2022-03-04 20:18:31,China's top political advisory body starts annual session
2022-03-04 18:42:01,"Presidium elected, agenda set for China's annual legislative session"
2022-03-05 11:52:15,China to promote high-quality Belt and Road cooperation
2021-12-02 15:05:53,Mounting artist's dream of painting shrimps
2021-12-02 15:05:44,Artisan introduces charm of wooden art and leatherware to people
2022-02-16 13:39:13,Stories of Jingdezhen in the Imperial Kiln: Famille verte wares from the Reigns of Jiajing and Wanli
2022-02-17 12:56:46,Stories of Jingdezhen in the Imperial Kiln: Designs for the Imperial Kiln
2022-03-02 20:18:15,China's national legislature to hold press conference ahead of annual session
2022-03-03 21:19:15,"China Focus: What to expect at China's annual ""two sessions"""
2022-03-03 15:39:01,"China develops new COVID-19 test kit -- fast, small, cheap"
2022-03-03 20:46:43,"Advisory: Schedules for China's ""two sessions"" on March 4"
2022-03-03 20:45:46,Cultural China: Preparedness averts peril
2022-03-03 17:15:12,Central China uncovers ancient street market depicted in world-renowned painting
2022-03-03 23:26:28,Chinese political advisors gather in Beijing for annual session
2022-03-03 22:15:06,"Xinhua Commentary: China's ""two sessions"": A spectacle of genuine, effective democracy"
2022-03-03 15:14:59,China's top political advisory body to hold annual session from March 4 to 10
2022-03-03 20:43:45,Chinese national lawmakers gather in Beijing for annual session
2022-03-04 22:02:32,GLOBALink | China's top political advisory body starts annual session
2022-03-04 00:05:45,China's AG600 large amphibious aircraft gets financial-leasing support
2022-03-04 20:11:31,Pompeo's erroneous Taiwan-related remarks another reminder of malicious intentions: spokesperson
2022-03-04 23:50:48,"Xinhua Headlines: China's ""two sessions"" start in crucial year for modernization"
2022-03-04 11:57:00,Agenda of 5th session of 13th National People's Congress
2022-03-04 20:11:31,"Pompeo's lunatic remarks ""will lead nowhere"": spokesperson"
2022-03-04 20:35:47,NPC deputy in space speaks for space industry
2022-03-04 22:11:30,China's central bank to spare no effort in serving real economy in 2022
2022-03-04 21:12:00,China's space station to host 6 astronauts by end of 2022
2022-03-04 23:54:45,"Advisory: Schedules for China's ""two sessions"" on March 5"
2022-03-04 21:04:02,Xi declares open Beijing 2022 Paralympic Winter Games
2022-03-05 17:12:00,China to provide priority support for key projects in 14th Five-Year Plan: draft budget report
2022-03-05 19:02:31,China launches women volunteers' service campaign
2022-03-05 10:29:45,Chinese mainland reports 102 new local COVID-19 cases
2022-03-05 09:21:16,"China to step up study on virus variants, accelerate R&D of vaccines"
2022-03-05 19:15:30,China's courier sector continues to grow in February
2022-03-05 18:32:00,China launches seven new satellites
2022-03-05 10:38:01,China's Hong Kong lead in Davis Cup World Group II tie against Benin Republic
2022-03-05 12:14:16,"GLOBALink | China to deepen multilateral, bilateral economic, trade cooperation"
2022-03-05 17:33:00,Xi Focus-Closeup: A screw that never rusts
2022-03-05 21:09:32,China greenlights three ChiNext IPOs
2022-03-05 11:32:31,Ministers interviewed via video link after opening meeting of 5th session of 13th NPC
2022-03-05 12:06:38,"GLOBALink | China ready to contribute more to world peace, prosperity"
2022-03-05 10:28:43,"Support pledged to help HK, Macao develop economy, improve people's wellbeing"
2022-03-05 10:45:01,"China firmly opposes separatist activities seeking ""Taiwan independence,"" foreign interference"
2022-03-05 14:13:28,Chinese mainland reports 102 new local COVID-19 cases
2022-03-05 16:49:26,Pic story of service center for disabled in C China's village
2022-03-05 09:22:17,Chinese gov't to keep spending low to benefit people
2022-03-05 20:52:33,Roundup: China-Malaysia vaccine cooperation strengthens regional vaccine supply
2022-03-05 17:18:53,Over 3.15 bln COVID-19 vaccine doses administered on Chinese mainland
2022-03-05 20:37:00,"Xiplomacy: Decipher China's development philosophy in Xi's ""two sessions"" remarks"
2022-03-05 17:05:00,"China's tax refunds, cuts to reach record high in 2022: minister"
2022-03-05 09:04:48,Chinese premier delivers government work report
