﻿2022-02-28 23:32:26,China's top legislature concludes standing committee session
2022-02-28 23:20:16,China-Mongolia border port sees growth in freight transport
2022-02-28 18:59:03,"Xinhua Headlines: China-Africa trade reaches all-time high in 2021, showing resilience amid pandemic"
2022-03-01 19:50:37,China's top political advisory body prepares for annual session
2022-03-01 21:50:00,"Xi tells young officials to have strong faith, work hard"
2022-03-02 07:39:21,Special freight train to help stabilize mainland supply of goods to Hong Kong
2021-12-02 15:05:53,Mounting artist's dream of painting shrimps
2021-12-02 15:05:44,Artisan introduces charm of wooden art and leatherware to people
2022-02-16 13:39:13,Stories of Jingdezhen in the Imperial Kiln: Famille verte wares from the Reigns of Jiajing and Wanli
2022-02-17 12:56:46,Stories of Jingdezhen in the Imperial Kiln: Designs for the Imperial Kiln
2022-02-23 16:39:28,"Culture China: Crystal clean, jade-like minds"
2022-02-24 17:02:17,China's crackdown on illegal off-campus training continues during winter vacation
2022-02-24 16:20:00,Across China: Ancient Chinese ritual parades on in modern time
2022-02-28 20:09:56,China releases information on new lunar samples
2022-02-28 16:12:46,China issues top 10 scientific advances of 2021
2022-02-28 22:12:45,"Chinese, ROK FMs hold video meeting on bilateral ties"
2022-02-28 20:59:27,Chinese FM calls for bringing China-U.S. ties back on right track
2022-02-28 21:40:42,Mainland medical experts arrives in Hong Kong in fighting COVID-19
2022-02-28 23:32:26,China's top legislature concludes standing committee session
2022-02-28 10:11:15,Chinese mainland reports 87 new local COVID-19 cases Sunday
2022-03-01 21:51:15,China moves to further improve coal market pricing mechanism
2022-03-01 23:04:29,Mainland-aided isolation facility in Hong Kong starts admitting COVID-19 patients
2022-03-01 23:52:00,Vice premier pledges support for WorldSkills Competition preparation week
2022-03-01 20:42:45,China moves to further improve coal pricing mechanism
2022-03-01 22:08:56,"Mainland slams DPP seeking ""Taiwan independence"" by banking on external forces"
2022-03-01 22:53:30,Xinhua Commentary: Human rights claims are the new costume of the U.S.
2022-03-01 00:12:46,Construction of mainland-aided isolation facility in Hong Kong completed in 1 week
2022-03-01 23:06:13,"U.S. ""show of support"" for Taiwan futile: Chinese spokesperson"
2022-03-01 21:47:58,Yellow River protection regulation takes effect in China's Ningxia
2022-03-01 21:21:37,Snow view of Saihanba National Forest Park in north China's Hebei Province
2022-03-01 21:52:17,
2022-03-01 23:35:41,China releases 5-year plan on elderly care
2022-03-01 21:49:02,GLOBALink | French volunteer joins fight against COVID-19 resurgence in China's Suzhou
2022-03-01 20:34:45,Chinese researchers develop polygenic risk score model for coronary artery disease
2022-03-01 20:18:47," GLOBALink | China's dynamic zero-COVID policy people-centered, effective"
2022-03-01 23:58:00,"Over 7,800 arrested for IPR infringement in China in 2021"
2022-03-01 22:27:15,Police chief of northeast China's Liaoning under investigation
2022-03-01 23:40:45,"Over 7,800 arrested for IPR infringement in China in 2021"
2022-03-01 23:52:15,Xi Story: Taking Chinese notes to the world
2022-03-01 23:58:14,"Chinese, Ukrainian FMs hold phone talks over Ukrainian situation"
2022-03-01 19:50:37,China's top political advisory body prepares for annual session
2022-03-01 21:07:01,Most firms on Beijing bourse report profits in 2021
2022-03-01 23:08:29,China's space tracking ship sails for Indian Ocean missions
2022-03-01 04:32:14,Chinese envoy calls for efforts to promote direct negotiations on Ukraine
2022-03-01 20:37:45,Mainland-aided isolation facility in Hong Kong starts admitting COVID-19 patients
2022-03-01 21:40:18,China to further optimize government services
2022-03-01 21:50:00,"Xi tells young officials to have strong faith, work hard"
2022-03-01 23:44:47,"Chinese, Ukrainian FMs hold phone talks over Ukrainian situation"
2022-03-02 07:39:21,Special freight train to help stabilize mainland supply of goods to Hong Kong
