﻿2022-04-05 23:23:51,Shanghai Anti-COVID Diary | A story of eight households in a building
2022-04-06 20:04:33,"Xinhua Headlines: China sends nearly 40,000 medics to Shanghai in tough fight against Omicron"
2022-04-07 07:19:28,Pharmacy in Shanghai stays in business to deliver medicines
2022-03-20 08:17:09,24 Solar Terms: Spring Equinox 
2022-03-23 10:21:55,
2022-03-31 11:12:50,GLOBALink | Shopkeeper in grand bazaar in Xinjiang
2022-04-04 10:51:30,Cultural China: Wide hearts embrace all
2022-04-05 13:51:29,Shanghai's COVID-19 testing capacity reaches 4 mln tubes daily
2022-04-05 22:04:36,Farming activities in full swing across China
2022-04-05 07:15:59,24 Solar Terms: Qingming
2022-04-05 22:00:17,Across China: More young Chinese positive about writing wills
2022-04-05 21:33:16,HKSAR's LegCo has returned to rationality: LegCo president
2022-04-06 21:30:32,
2022-04-06 13:53:15,Shanghai conducts new round of citywide COVID-19 screening
2022-04-06 10:24:41,New candidate vaccines against COVID-19 variants designed: study
2022-04-06 21:34:49,
2022-04-06 19:31:15,China calls for restraint surrounding Bucha incident
2022-04-06 18:24:01,China vows to adhere to dynamic zero-COVID approach as cases spike
2022-04-06 11:06:45,"Chinese, Canadian FMs hold talks over phone"
2022-04-06 16:06:46,GLOBALink | Iconic China-gifted bridge opens in Manila
2022-04-06 06:34:16,"China desires de-escalation, rapid resolution of conflict in Ukraine"
2022-04-06 09:50:29,"Chinese mainland reports 1,383 new local COVID-19 cases"
2022-04-06 18:05:59,China to regulate use of Chinese characters
2022-04-06 22:37:58,Taiwan reports rising number of local COVID-19 cases
2022-04-06 18:56:00,China-Mongolia land port sees robust growth in freight exports
2022-04-06 08:24:14,5.1-magnitude quake hits SW China's Sichuan: CENC
2022-04-06 21:00:31,Chinese premier stresses maneuvering monetary policy tools to bolster real economy
2022-04-06 20:45:42,Chinese satellites achieve V-band low orbit measurement
2022-04-06 22:01:20,
2022-04-06 09:49:46,No casualties reported after 5.1-magnitude quake hits China's Sichuan
2022-04-06 20:03:16,China urges U.S. to cancel proposed arms sales to Taiwan
2022-04-06 15:28:35,China strengthens legal aid for abducted women
2022-04-06 23:15:11,Spokesperson slams Taiwan's DPP for exploiting Ukraine issue
2022-04-06 09:36:30,Feature: Service robots aid Shanghai's epidemic fight
2022-04-06 20:01:31,"Xi to attend event commending role models of Beijing Olympic, Paralympic Winter Games"
2022-04-06 21:59:01,U.S. should immediately cease arms sale to Taiwan: Chinese spokesperson
2022-04-06 23:20:15,Senior Chinese official meets Nigerien parliament official via video link
2022-04-06 02:17:46,"Chinese, Canadian FMs hold talks over phone"
2022-04-07 01:33:30,"China to defer old-age insurance contributions for industries in special difficulty, employ monetary policy tools to support real economy"
2022-04-07 09:58:18,"Chinese mainland reports 1,284 new local confirmed COVID-19 cases"
2022-04-07 07:29:43,"Hong Kong reports 1,489 new COVID-19 cases"
2022-04-07 00:34:31,Chinese premier stresses maneuvering monetary policy tools to bolster real economy
2022-04-07 00:54:30,"China urges U.S., U.K., Australia to abandon Cold War mindset"
2022-04-07 10:04:31,Market exchange rates in China -- April 7
2022-04-07 01:44:31,China solicits opinions on draft financial stability law
2022-04-07 10:24:30,"1,765 COVID-19 patients discharged from hospitals on Chinese mainland"
2022-04-07 00:58:32,"Chinese FM holds phone talks with Israel's alternate prime minister, FM"
2022-04-07 10:28:31,China's central bank conducts 10 bln yuan of reverse repos
2022-04-07 09:58:17,Chinese embassy in Malawi donates sewing machines
2022-04-07 08:34:15,China launches new satellite for Earth observation
