﻿2022-09-06 23:05:30,Chinese-built bridge opens to traffic in southern Bangladesh
2022-09-07 05:26:00,"U.S. reports over 20,000 monkeypox cases"
2022-09-04 19:12:45,171 killed by explosive war remnants in Syria so far in 2022: monitor
2022-09-04 21:12:30,Iran seeks to buy Su-35 fighters from Russia: Iranian commander
2022-09-05 09:13:15,"10 killed, 15 injured in stabbings in Canada -- police"
2022-09-05 06:24:30,Sweden announces liquidity guarantees of 23 bln USD to electricity companies
2022-09-05 20:56:45,"ADB, EBRD to finance Central Asia's largest wind farm project"
2022-09-05 07:45:30,"10 dead, at least 15 injured in stabbings in Canada: police"
2022-09-05 22:00:45,OPEC+ to slightly cut oil output in October amid prices dip
2022-09-06 05:32:15,"France, Germany to help each other through energy crisis"
2022-09-06 20:12:15,"India, Bangladesh sign 7 pacts during PM Sheikh Hasina's visit"
2022-09-06 20:19:30,Iran says U.S. should stop making additional demands in nuke talks
2022-09-06 05:32:16,Dozens shot in multiple U.S. cities during bloody holiday weekend
2022-09-06 11:52:00,UN chief condemns deadly suicide attack at Russian embassy in Kabul
2022-09-07 19:14:47,
2022-09-07 21:41:00,EU mulls new measures to tackle energy crisis
2022-09-07 01:32:16,Expert calls for cross-border collaboration to tackle EU gas crisis
2022-09-07 18:04:30,Sri Lankan president voices willingness to strengthen relations with Britain under Truss
2022-09-07 18:26:45,Western countries try to preserve old world order despite irreversible changes in int'l system: Putin
2022-09-07 17:51:31,Cambodian minister urges ASEAN peers to take extra precautionary actions to protect cultural properties
2022-09-07 11:38:15,Chilean president reshuffles cabinet after rejection of proposed constitution
2022-09-07 13:40:45,Roundup: Chinese astronauts talk from space with African youth
2022-09-07 12:59:00,UN chief calls for demilitarized zone around Ukraine's Zaporizhzhia nuclear plant
2022-09-07 06:09:00,UN chief to appeal for massive support for Pakistan during upcoming visit
2022-09-07 22:03:15,"British PM eyes ""negotiated solution"" on Northern Ireland protocol"
2022-09-07 21:04:15,Russia ready to cooperate with any country given increasing global energy demand: Putin
2022-09-07 13:24:48,
2022-09-07 13:24:00,"Roundup: ""Historic"" decline in U.S. life expectancy reveals system problems, inequality"
2022-09-07 10:14:45,First LatAm conference on peacekeeping held in Peru
2022-09-08 02:59:30,Roundup: UN warns achieving full gender equality still centuries away
2022-09-08 05:16:30,Update: 10 killed in building collapse in Syria's Aleppo
2022-09-08 04:22:45,OPEC+ oil output cut aims to promote market stability: Saudi minister
2022-09-08 05:34:30,UN humanitarians strive to deliver aid in Ethiopia amid challenges
2022-09-08 05:31:45,"Heatwaves to worsen air quality, additional ""climate penalty"": WMO"
2022-09-08 05:50:00,"Chile's economy to grow 1.75 to 2.25 pct in 2022, central bank estimates"
2022-09-08 04:22:46,"Israel gets back 2,600-year-old rare papyrus from U.S. private owner"
2022-09-08 02:29:15,Mozambique president says six people killed by terrorists in northern province
2022-09-08 02:30:00,Namibians enjoy celebrations upon upcoming Chinese Mid-Autumn Festival
2022-09-08 03:33:00,Burundi's president inaugurates China-constructed Ruzibazi hydropower dam
2022-09-07 23:06:00,Myanmar reports 223 new COVID-19 cases
2022-09-07 22:33:45,Fire in southern Vietnam kills 32
2022-09-08 02:36:45,5.6-magnitude quake hits western Indonesia
2022-09-08 03:10:00,Italy's retail sales up in July: ISTAT
2022-09-08 04:18:45,Hungary supports Romania's Schengen entry: president
2022-09-08 06:02:45,INSEE forecasts zero growth for France by yearend
2022-09-08 06:43:00,"Apple debuts iPhone 14 Pro, iPhone 14 Pro Max"
2022-09-08 07:09:15,Canadian police say another suspect in fatal stabbings taken into custody
2022-09-08 07:23:00,Apple introduces Apple Watch Ultra
