﻿2022-03-17 22:08:42,Heavy snow hits north China
2022-03-18 18:58:12,Changchun carries out new round of nucleic acid testing
2022-03-18 23:24:44,"Chinese vice premier stresses solid efforts on soybeans, oil crops"
2022-03-19 19:14:12,"Trade between China's Hunan, B&R countries surges in first 2 months"
2022-03-19 19:17:17,Chinese vice premier demands full implementation of epidemic control measures
2022-03-20 07:23:23,China's first cargo airport completes flight-test of air freighter
2022-02-19 08:51:39,Rain Water of 24 solar terms
2022-03-05 13:57:44,24 Solar Terms: Awakening of Insects
2022-03-16 22:50:30,China's education ministry stresses mental health amid epidemic
2022-03-16 13:03:05,GLOBALink | County of music
2022-03-17 20:33:57,"China to tighten regulation of livestreaming, short videos"
2022-03-18 10:38:15,"Chinese mainland reports 2,388 new local COVID-19 cases"
2022-03-18 09:28:01,China Focus: China's space station to support large-scale scientific research
2022-03-18 19:09:30,China to stick to dynamic zero-COVID approach: official
2022-03-18 15:02:16,"Xinhua Commentary: New development philosophy helps China prosper, benefits world"
2022-03-18 15:57:43,"Cultural China: How sleeves, breeze come to embody upright officials in China"
2022-03-18 13:20:30,Wondrous Xinjiang: Residents' stories tell of human rights progress
2022-03-18 18:54:15,Second class from China's space station to livestream on March 23
2022-03-18 22:45:46,China Focus: China vows adherence to dynamic zero-COVID approach
2022-03-18 23:51:00,Second class from China's space station scheduled on March 23
2022-03-18 07:54:27,GLOBALink | Clean energy helps greenhouse vegetable farming go zero-carbon in N China
2022-03-18 23:24:44,"Chinese vice premier stresses solid efforts on soybeans, oil crops"
2022-03-18 20:46:45,New material designed to cool smartphones
2022-03-18 10:40:15,"China-style diplomacy ""better than"" West's, says Ugandan president"
2022-03-19 10:05:00,Top Chinese archaeological finds of 2021 unveiled
2022-03-19 20:46:45,Around 1.24 billion people in China fully vaccinated against COVID-19
2022-03-19 14:18:50,China Focus: Waste sorting gives campuses a fresh look
2022-03-19 22:34:22,"GLOBALink | Qixi Village, a model for rural vitalization in China's Zhongshan"
2022-03-19 23:38:29,"Chinese vice FM calls for cherishing peace, pursuing win-win future for Asia-Pacific"
2022-03-19 12:31:45,China urges U.S. to face up to its own human rights violations
2022-03-19 20:43:46,Most COVID-19 cases in China mild or asymptomatic: health official
2022-03-19 22:10:00,China makes progress in developing vaccines against Omicron variant
2022-03-19 22:40:00,"Chinese vice FM calls for cherishing peace, pursuing win-win future for Asia-Pacific"
2022-03-19 23:44:30,"Chinese, Zambian FMs hold talks in Anhui"
2022-03-19 19:11:16,Taiwan reports 126 new COVID-19 cases
2022-03-19 22:49:16,Biding farewell -- a patient's diary at COVID-19 isolation facility in Hong Kong
2022-03-19 13:56:46,Tropical methane emissions explain recent global atmospheric changes: study
2022-03-19 20:11:30,Xi signs order to promulgate rules on regulating military equipment procurement contracts
2022-03-19 19:17:17,Chinese vice premier demands full implementation of epidemic control measures
2022-03-20 00:02:28,HKSAR gov't to distribute anti-epidemic supply kits to all Hong Kong residents
2022-03-20 09:53:30,China details measures to support its time-honored brands
2022-03-20 09:30:30,China's stock exchanges waive fees for listed firms
2022-03-20 08:53:16,Across China: Rooftop photovoltaics fuel China's green transition
2022-03-20 01:55:18,China urges U.S. to face up to its own human rights violations
2022-03-20 07:23:23,China's first cargo airport completes flight-test of air freighter
2022-03-20 08:17:09,24 Solar Terms: Spring Equinox 
2022-03-20 07:25:50,Shenzhen launches chartered air-freight service to Hong Kong
