﻿2022-06-05 00:14:14,Death toll rises to 5 in German train derailment
2022-06-06 18:38:48,
2022-06-07 06:00:15,"UK's Johnson wins no-confidence vote, saves premiership"
2022-06-03 20:44:45,Sri Lankan president instructs officials to maintain adequate stocks of essential items
2022-06-03 17:29:45,Ukraine crisis dampens Uganda's economic recovery: central bank
2022-06-04 11:16:00,Security Council strongly condemns attack against UN peacekeepers in Mali
2022-06-05 08:59:45,Economic Watch: EU's sanctions on Russia weigh on own economy
2022-06-05 23:58:28,Bangladeshi army deployed as container depot fire kills at least 45
2022-06-05 06:48:29,Bajram Begaj elected as Albania's new president
2022-06-05 16:34:45,
2022-06-05 10:30:15,"At least 3 killed, over 100 injured in Bangladesh's container depot fire"
2022-06-05 09:20:59,Biden evacuated from beach house in NE U.S. after small plane enters airspace
2022-06-05 11:26:14,Washington in no position to give moral lessons: Uruguayan writer
2022-06-05 17:16:15,Polls close in Cambodia's commune elections
2022-06-05 16:30:15,"Interview: Belt and Road railway project ""grand gateway"" to benefit Southeast Asia, says former Thai deputy PM"
2022-06-05 09:57:58,"Heavy rains in Cuba leave 3 dead, 1 missing"
2022-06-05 18:54:15,UN warns of increased risk of famine in Somalia amid acute food insecurity
2022-06-05 14:24:28,Philippines raises alert level at volcano southeast of Manila
2022-06-06 04:31:00,Queen Elizabeth II vows to keep serving after 70-yr reign
2022-06-06 06:38:00,"Three dead, 14 injured after shooting in Tennessee"
2022-06-06 09:44:30,"Argentina registers 46,045 cases, 84 deaths from COVID-19 in past week"
2022-06-07 05:21:15,Int'l shipping exhibition Posidonia opens in Athens
2022-06-07 05:50:15,Israeli parliament rejects bill on renewing settler law
2022-06-07 06:06:15,"Uruguayan president tests positive for COVID-19, cancels summit trip"
2022-06-07 06:10:30,Israel launches missile strikes on military sites in Syrian capital
2022-06-07 05:11:15,"Latin America, Caribbean face sharp economic slowdown, UN agency warns"
2022-06-07 02:47:15,UN agencies warn catastrophic hunger looms over Somalia
2022-06-07 05:45:15,"UK's Johnson wins no-confidence vote, saves premiership"
2022-06-07 00:28:00,German FM to visit Pakistan: Pakistani foreign ministry
2022-06-07 02:54:48,
2022-06-07 04:37:15,Chinese envoy warns against providing weapons to Ukraine or imposing sanctions on Russia
2022-06-07 05:25:15,UN chief condemns church attack in Nigeria
2022-06-07 07:01:30,Feature: Dragonboats celebrate Chinese tradtional festival in U.S. Southern California
2022-06-07 06:08:30,Jordan signs investment deal with Saudi-Jordanian fund
2022-06-07 04:42:13,"UK's Johnson wins no-confidence vote, saves premiership"
2022-06-07 03:12:13,Mexican president confirms won't attend Summit of the Americas
2022-06-07 02:59:59,Roundup: Leaders push for more efforts to bridge global digital divide
2022-06-07 04:16:15,675 illegal migrants rescued off Libyan coast in past week: IOM
2022-06-07 02:47:15,UN agencies warn catastrophic hunger looms over Somalia
2022-06-06 23:27:00,Feature: Excitement soars at Jakarta Formula E race
2022-06-07 00:08:45,India successfully tests Intermediate Range Ballistic Missile
2022-06-07 00:28:00,German FM to visit Pakistan: Pakistani foreign ministry
2022-06-07 04:42:13,"UK's Johnson wins no-confidence vote, saves premiership"
2022-06-07 05:45:15,"UK's Johnson wins no-confidence vote, saves premiership"
2022-06-07 06:16:29,Learning Chinese is basis for China-Belarus cooperation: education minister
2022-06-07 06:22:30,Pilot killed in U.S. Navy fighter jet crash in California desert
2022-06-07 08:01:30,"Guest Opinion: U.S. should lift people's living standards, not inflation"
2022-06-07 07:01:30,Feature: Dragonboats celebrate Chinese tradtional festival in U.S. Southern California
