﻿2022-08-16 13:17:00,"1 killed, 10 injured as building collapses in Pakistan's Karachi"
2022-08-16 10:58:15,"BRI brings ""road to prosperity"" for remote river bank residents in southern Bangladesh"
2022-08-14 10:14:15,Portugal announces financial aid to farmers
2022-08-14 23:03:15,Heavy rain kills 52 in Sudan
2022-08-14 23:38:15,"Man drives car into barricade on Capitol Hill, firing gunshots before killing himself"
2022-08-15 17:56:00,Economic research firms raise Malaysia's 2022 growth forecast after robust 2Q performance
2022-08-15 10:02:30,Bodies of mountaineers recovered after accident in Ecuador
2022-08-15 23:52:30,World Insights: Japan should not go too far in whitewashing militarism
2022-08-15 20:40:47,"Feature: U.S. shadow still hangs over Afghanistan, one year on"
2022-08-15 17:59:15,Global warming increases risk of mega-floods in California
2022-08-15 22:07:30,Iran says 2015 nuclear deal revival possible if U.S. shows flexibility
2022-08-16 16:35:06,UN special envoy underscores need to end conflict in Yemen
2022-08-16 00:55:00,Feature: Ethiopia aspires to attract more Chinese tourists with help of digital technology
2022-08-16 07:00:15,Bolivia confirms 15 monkeypox cases
2022-08-16 21:04:30,"EU admits to ""double standards"" on Ukraine, Palestine"
2022-08-16 14:13:15,U.S. Department of Justice opposes request to unseal Mar-a-Lago search affidavit
2022-08-16 00:41:30,"U.S. rate hikes, recession still in the cards: CNN"
2022-08-16 21:18:30,62 percent of Americans worried about paying for housing in next year: poll
2022-08-16 12:20:45,"S.Korea, U.S. to launch preliminary drills ahead of major combined exercise"
2022-08-16 19:45:02,
2022-08-16 18:25:00,Nuclear agreement hinges on U.S. decision after Iran responds to EU's draft: media
2022-08-16 21:07:15,Interview: Pelosi's Taiwan visit blatant political provocation against China -- Egyptian researcher
2022-08-16 20:46:47,Iran says 2015 nuclear deal revival possible if U.S. shows flexibility
2022-08-16 18:27:30,"S.Korea, U.S. launch annual military drills, protests aroused"
2022-08-16 20:46:45,"8 killed, 32 injured in south Pakistan's road accident"
2022-08-16 05:53:45,U.S. monkeypox cases on sharp rise as media blame government's setbacks in containing outbreak
2022-08-16 03:00:15,Kenya's Deputy President William Ruto declared election winner
2022-08-16 20:30:00,Int'l Army Games 2022 opens in Russia
2022-08-17 02:11:30,Iran reports 1st monkeypox case
2022-08-17 05:26:30,Ecuador's monkeypox cases climb to 19
2022-08-17 05:14:15,Iraqi PM urges rival parties to solve political deadlock via dialogue
2022-08-17 03:26:15,UN chief appoints 10 members to serve on Internet Governance Forum Leadership Panel
2022-08-17 05:38:00,"Biden signs Democratic bill on tax, health care, climate"
2022-08-17 04:50:16,"Jordan, Bahrain vow expanded cooperation in various fields"
2022-08-17 01:26:15,Roundup: UK real pay falls at record pace amid high inflation
2022-08-17 04:40:01,Peacekeeping troop rotations resume in Mali: UN
2022-08-17 01:12:16,Nigerian president inaugurates malaria elimination council
2022-08-17 05:16:45,"Death toll from heavy rains, floods in Sudan climbs to 75"
2022-08-17 04:40:00,Morocco arrests 4 for suspected arson in forest
2022-08-17 00:47:15,Pakistan's textile exports up 0.67 pct in July
2022-08-17 00:19:15,"Indonesia sets economic growth at 5.3 percent, inflation at 3.3 percent in 2023"
2022-08-17 00:02:31,"Philippines logs 2,633 new COVID-19 cases, 49 deaths"
2022-08-17 04:24:30,Malta receives first shipment of monkeypox vaccine
2022-08-17 05:41:45,Italy's government debt reaches record high
2022-08-17 05:55:30,"Russian defense ministry signs deals for Sarmat ballistic missiles, S-500 air defense systems"
2022-08-17 06:51:15,"Mexico to face uncertain economic outlook in 2023, experts say"
2022-08-17 06:44:45,U.S. stocks end mixed amid economic data
2022-08-17 05:38:00,"Biden signs Democratic bill on tax, health care, climate"
