﻿2022-05-20 23:44:15,Beijing extends COVID control measures amid local outbreak
2022-05-20 19:26:58,Chinese premier stresses expanding opening-up
2022-05-21 18:22:48,Xinhua Headlines: China takes Mount Qomolangma scientific expedition to new heights
2022-05-22 20:32:52,Rare species thrive in China through enhanced biodiversity conservation
2022-05-23 07:28:24,Scenery of Wushan section of Yangtze River in Chongqing
2022-05-23 01:58:13,Land-sea train from China to Laos launched with faster clearance
2022-04-20 07:23:15,24 Solar Terms: Grain Rain
2022-04-24 08:18:05,GLOBALink | Parkour teenagers in ancient city of Kashgar
2022-05-05 07:30:12,24 Solar Terms: Start of Summer
2022-05-14 09:58:19,
2022-05-19 15:53:01,"Homework 1,300 years ago reveals Xinjiang's school life in ancient times"
2022-05-20 23:16:44,"China FM applauds ""BRICS Plus"" cooperation model"
2022-05-20 14:58:31,China's yearly box office total hits 15 bln yuan
2022-05-20 20:39:14,China launches three low-orbit communication test satellites
2022-05-20 23:31:00,"Senior Chinese, Kazakh officials meet via video link"
2022-05-20 19:26:58,Chinese premier stresses expanding opening-up
2022-05-20 22:22:45,China donates anti-COVID-19 materials to Sudan
2022-05-21 09:26:43,Chinese mainland reports 181 new local confirmed COVID-19 cases
2022-05-21 08:54:46,"China to accelerate construction of national park, botanical garden systems"
2022-05-21 20:37:45,Chinese cities report improving air quality in first four months
2022-05-21 17:22:58,"Chinese, Ghanaian vocational colleges set up campus to cultivate more talents"
2022-05-21 23:07:17,Hongkong Post to issue stamps marking 25th anniversary of HKSAR's establishment
2022-05-21 19:50:16,Xinhua Commentary: Human rights progress in Xinjiang conspicuous to unbiased observers
2022-05-21 01:05:15,Chinese FM elaborates on China-Latin America relations
2022-05-21 14:39:30,Zhang Yupu elected chairman of Ningxia
2022-05-21 21:46:12,BRICS countries renew pledge to strengthen environmental cooperation 
2022-05-21 23:38:15,18-59 age group advised to receive 4th dose of COVID-19 vaccine in Hong Kong
2022-05-21 15:51:03,
2022-05-21 15:04:36,
2022-05-21 15:30:31,Xi Focus-Closeup: Letters from President Xi
2022-05-21 15:44:31,
2022-05-21 14:00:11,Xinhua Commentary: Smear campaign against Xinjiang reveals dark nature of U.S. hegemony
2022-05-22 19:21:56,Hong Kong to distribute more RAT kits following sewage COVID-19 detection
2022-05-22 19:42:11,Beijing reports 94 new local COVID-19 infections
2022-05-22 23:55:01,Chinese foreign minister holds talks with Pakistani counterpart
2022-05-22 15:53:17,"China Focus: China National Botanical Garden, paradise for biodiversity"
2022-05-22 17:41:43,China Focus: China makes historic achievements in human rights protection
2022-05-22 13:21:41,Chinese researchers find archaeological evidence of brisk incense trade along Silk Road
2022-05-23 10:14:56,Market exchange rates in China -- May 23
2022-05-23 07:22:44,Pic story: volunteer from Belgium helps fight COVID-19 in Tianjin
2022-05-23 08:31:26,"Shanghai reports 55 confirmed, 503 asymptomatic local COVID-19 cases"
2022-05-23 07:28:24,Scenery of Wushan section of Yangtze River in Chongqing
2022-05-23 01:39:13,China releases new database on biodiversity
2022-05-23 01:12:59,Shanghai partially resumes cross-district public transport
2022-05-23 02:04:13,"U.S. ""Indo-Pacific Strategy"" bound to fail: Chinese FM"
2022-05-23 10:14:59,Chinese yuan strengthens to 6.6756 against USD Monday
2022-05-23 09:48:01,"Endangered white-headed langur population increases to 1,300"
2022-05-23 10:03:58,316 COVID-19 patients discharged from hospitals on Chinese mainland
2022-05-23 09:50:00,Chinese mainland reports 174 new local confirmed COVID-19 cases
2022-05-23 01:08:00,Full text: China-Pakistan Joint Statement
2022-05-23 01:12:56,Xi Focus: China's biodiversity push and its broader ecological ambition
2022-05-23 10:22:58,Chinese customers more satisfied with express delivery services: survey
