﻿2022-04-20 21:44:00,Feature: Israeli publisher telling stories of China in Hebrew
2022-04-23 01:00:15,Liaoning launches first int'l freight train service via China-Laos Railway
2022-04-20 03:03:15,"Ukraine, Russia conduct fifth prisoner swap"
2022-04-21 17:28:45,Global tourism industry to create nearly 126 mln jobs in 10 years: report
2022-04-21 17:58:46,Roundup: Ambitious young Ecuadorians see opportunity in learning Chinese
2022-04-21 21:32:00,"News analysis: Rapid responses, vaccination campaigns help curb COVID-19 spread in Egypt: experts"
2022-04-21 16:26:31,Putin orders blockade of Azovstal plant in Mariupol: media
2022-04-21 02:27:45,Canadian inflation spikes to 6.7 pct
2022-04-21 00:31:28,German producer prices rise at record pace in March: Destatis
2022-04-21 03:47:00,Feature: Greeks to pay more for Easter meal this year
2022-04-21 05:42:15,UN investigators question 3-week-old Mali military operation that claimed 200-plus lives
2022-04-22 07:13:15,Shelter-in-place order lifted at U.S. UC Berkeley after threat investigation
2022-04-22 17:26:15,Libya's newly approved gov't holds first meeting
2022-04-22 07:32:30,"Interview: Emerging markets could be in difficult situation amid U.S. Fed tightening, IMF official warns"
2022-04-22 09:56:45,Chile's ongoing drought causes drop in mining production
2022-04-22 19:06:30,Pakistani president administers oath to 4 new cabinet members
2022-04-23 11:16:45,IAEA mission to visit Ukraine's Chernobyl plant
2022-04-23 07:17:00,Brazil decrees end of COVID-19 health emergency
2022-04-23 19:44:00,"Indian gov't asks TV channels to refrain from airing misleading, provocative content"
2022-04-23 12:21:00,Health and peace: Drawing on wisdom from classics to inspire today's world
2022-04-23 16:34:32,
2022-04-23 12:38:00,"UN chief to visit Russia, Ukraine next week"
2022-04-23 14:44:48,
2022-04-23 21:37:31,"Feature: Value of reading recognized despite dislocation, conflict"
2022-04-23 20:51:30,New Ebola case confirmed in NW DR Congo
2022-04-23 07:43:00,Dow plunges 981 points for its worst day since 2020 amid rate hike fears
2022-04-23 13:46:00,"Car-free streets, performances, other activities mark New Yorkers' Earth Day"
2022-04-23 01:11:30,UN chief to meet Putin in Moscow
2022-04-23 00:35:30,UN chief to meet Putin in Moscow
2022-04-23 18:11:45,"1,500 destitute Afghans receive China-donated humanitarian assistance"
2022-04-23 20:48:15,EU reaches deal on new legislation to combat illegal content online
2022-04-24 04:29:30,Boat carrying 60 people sinks off Lebanon's Tripoli
2022-04-24 03:47:15,Roundup: Turkish houses sell like hotcakes amid high inflation
2022-04-24 09:40:57,Scenery of Kawaguchi Lake in Japan
2022-04-24 05:56:28,"Lebanon's army rescues 30 people off sinking boat, recovers 2 bodies"
2022-04-24 04:57:30,Israel's Bennett speaks to UN chief on Israeli-Palestinian tensions
2022-04-24 01:58:15,Over 100 killed in explosion at Nigerian illegal oil refinery
2022-04-24 06:14:28,"Roundup: Egyptian writers, intellectuals wish for more popularity of World Book Day"
2022-04-24 09:47:45,"Interview: Chinese cultural products bring joy to Muslims during Ramadan, says Egyptian official"
2022-04-23 21:36:35,"Singapore reports 2,709 new COVID-19 cases"
2022-04-23 23:21:00,Thailand attracts tourists with kite festival
2022-04-23 22:21:46,Sri Lankan workers send more money home in March
2022-04-24 03:16:15,Dragon-slaying returns to London's Trafalgar Square to mark England's national day
2022-04-24 09:21:46,Ukrainian president backs diplomatic solution to conflict with Russia
2022-04-24 09:10:45,Russian forces hit logistics terminal of foreign weapons near Odessa
2022-04-23 14:57:58,Suspect for latest shooting in U.S. capital found dead
2022-04-23 10:42:45,Number of active U.S. drilling rigs up this week
2022-04-23 13:46:00,"Car-free streets, performances, other activities mark New Yorkers' Earth Day"
