﻿2022-03-28 21:55:02,"Xinhua Headlines: From serfdom to freedom -- Tibet's progress on democracy, human rights"
2022-03-28 14:26:15,"Way of life -- Chinese company builds new roads, new lives in Sri Lanka "
2022-03-28 15:36:16,"China, UNHCR provide humanitarian supplies to Afghanistan"
2022-03-29 22:28:13,Political advisors urged to greet 20th CPC national congress with solid work
2022-03-29 20:59:02,China acts swiftly to contain COVID-19 resurgence
2022-03-05 13:57:44,24 Solar Terms: Awakening of Insects
2022-03-16 13:03:05,GLOBALink | County of music
2022-03-20 08:17:09,24 Solar Terms: Spring Equinox 
2022-03-23 10:21:55,
2022-03-27 18:39:30,Book on vascular plants in Tianshan Mountains released
2022-03-27 09:49:15,"UNESCO, China's Gansu collaborate in cultural heritage protection"
2022-03-28 23:56:45,"U.S. urged to avoid undermining China's legitimate interests when handling Ukraine issue, relations with Russia"
2022-03-28 17:16:00,DNA testing of 132 victims of China's plane crash completed: official
2022-03-28 19:15:02,Chinese FM to chair 3rd meeting of foreign ministers of countries neighboring Afghanistan
2022-03-28 20:24:14,Search continues at China plane crash site after second black box found
2022-03-28 23:52:58,BRICS int'l journalism online training program concludes
2022-03-29 15:26:51,
2022-03-29 21:58:01,Chinese military to award August 1 Medal to outstanding personnel
2022-03-29 22:28:13,Political advisors urged to greet 20th CPC national congress with solid work
2022-03-29 18:03:00,CPC appoints provincial-level Party chiefs
2022-03-29 20:19:30,"""Democracy"" not shield for ""Taiwan independence"": Chinese spokesperson"
2022-03-29 00:00:01,"Roundup: Visit to South Asian countries boosts solidarity, cooperation under new circumstances -- Chinese FM"
2022-03-29 19:31:11,"""China-U.S.-Russia +"" consultation mechanism meeting on Afghan issue upcoming"
2022-03-29 15:20:43,
2022-03-29 20:34:26,Construction of new Sanxingdui museum building begins
2022-03-29 20:14:20,Interview: University rector optimistic about Uzbekistan-China relations
2022-03-29 23:04:15,Researchers publish new permafrost map of northern hemisphere
2022-03-29 20:54:45,"Fossils of dinosaur footprints, water ripples found in east China"
2022-03-29 17:05:46,China sets energy targets for 2022
2022-03-29 15:44:51,
2022-03-29 00:24:58,"Experts highlight Tibet's achievements in promoting culture, people's well-being, economic development"
2022-03-29 21:52:00,Macao requires vaccination for in-bound visitors 12 years or older from outside mainland
2022-03-29 21:37:53,Workers harvest tea leaves in Nanjing
2022-03-29 21:55:15,"Chinese premier stresses safeguarding women, children's rights"
2022-03-29 19:43:32,China issues plan for development of traditional Chinese medicine
2022-03-29 21:45:15,China to further improve social credit system
2022-03-29 22:38:13,HKSAR chief executive urges active vaccination against COVID-19
2022-03-29 19:41:27,China's rocket modified with solid strap-on boosters makes maiden flight
2022-03-29 14:02:16,"China Focus: Dedication, team work boost China's COVID-19 research"
2022-03-29 16:53:41,China's sportswear industry booms with local brands on trend
2022-03-30 00:05:33,Chinese FM holds video conference with top EU diplomat
2022-03-30 09:41:30,Chinese yuan strengthens to 6.3566 against USD Wednesday
2022-03-30 07:45:28,Shanghai tightens COVID-19 control measures amid resurgence
2022-03-30 00:10:26,Chinese FM talks over phone with Swiss president
2022-03-30 09:39:30,"Chinese mainland reports 1,565 new local COVID-19 cases"
2022-03-30 00:55:32,"5.2-magnitude quake hits 78 km WNW of Cabra, Philippines -- USGS"
2022-03-30 00:06:31,"Chinese state councilor stresses cause probe, aftermath settlement of plane crash"
2022-03-30 09:09:31,Shanghai announces measures to help businesses affected by COVID-19
2022-03-30 07:39:23,"Hong Kong registers 3,164 new COVID-19 cases"
