﻿2022-03-27 23:05:15,Victims of China plane crash mourned
2022-03-27 18:41:30,China's Tianzhou-2 cargo craft leaves space station core module
2022-03-28 21:55:02,"Xinhua Headlines: From serfdom to freedom -- Tibet's progress on democracy, human rights"
2022-03-28 14:26:15,"Way of life -- Chinese company builds new roads, new lives in Sri Lanka "
2022-03-28 15:36:16,"China, UNHCR provide humanitarian supplies to Afghanistan"
2022-03-05 13:57:44,24 Solar Terms: Awakening of Insects
2022-03-16 13:03:05,GLOBALink | County of music
2022-03-20 08:17:09,24 Solar Terms: Spring Equinox 
2022-03-23 10:21:55,
2022-03-25 21:10:45,China's Hualong One reactor demonstration project fully operational
2022-03-26 15:48:45,Cultural China: People are the foundation of the state
2022-03-27 19:20:43,"Nepal, China vow to deepen friendship, support each other in safeguarding core interests"
2022-03-27 16:00:15,Over 14 million Shanghai residents take COVID-19 antigen testing
2022-03-27 11:59:45,Second black box of crashed China plane recovered
2022-03-27 22:50:31,
2022-03-27 17:02:16,Taiwan reports 203 new COVID-19 cases
2022-03-27 18:39:30,Book on vascular plants in Tianshan Mountains released
2022-03-27 09:49:15,"UNESCO, China's Gansu collaborate in cultural heritage protection"
2022-03-27 18:41:30,China's Tianzhou-2 cargo craft leaves space station core module
2022-03-27 21:57:15,Chinese vice premier urges reinforcing poverty-elimination achievements
2022-03-27 10:50:45,"Chinese mainland reports 1,217 new local COVID-19 cases"
2022-03-27 19:46:43,Victims of China plane crash mourned
2022-03-27 16:39:30,China's Tianzhou-2 cargo craft leaves space station core module
2022-03-28 21:46:07,Construction of main line of Guiyang-Huangping Highway enters final stage
2022-03-28 19:14:58,China reduces personal income tax for parents of children under 3
2022-03-28 00:21:15,"China's Shenzhen resumes normal work, production"
2022-03-28 21:47:57,"Scenery of cole flower field in Nanjing, Jiangsu "
2022-03-28 23:56:45,"U.S. urged to avoid undermining China's legitimate interests when handling Ukraine issue, relations with Russia"
2022-03-28 18:24:47,"GLOBALink | From serfdom to freedom, Tibet witnesses drastic change"
2022-03-28 21:50:31,
2022-03-28 21:10:31,Feature: Former Tibetan serf recalls 60 years of change
2022-03-28 17:16:00,DNA testing of 132 victims of China's plane crash completed: official
2022-03-28 19:25:00,"FMs of 4 Asian countries, Panama to visit China"
2022-03-28 10:09:30,"Chinese mainland reports 1,219 new local COVID-19 cases"
2022-03-28 18:51:01,Xi Focus-Closeup: A Tibetan village's old friend
2022-03-28 16:42:46,Xi mourns victims of China plane crash
2022-03-28 19:15:02,Chinese FM to chair 3rd meeting of foreign ministers of countries neighboring Afghanistan
2022-03-28 18:52:45,China to strengthen bond-financing support for private firms
2022-03-28 20:25:15,Huawei posts robust net profits growth in 2021
2022-03-28 00:16:15,Shanghai tightens COVID-19 control measures amid resurgence
2022-03-28 17:52:15,Taiwan reports 127 new COVID-19 cases
2022-03-28 23:30:43,Number of positive COVID-19 cases found in Hong Kong's mandatory tests on decline: Carrie Lam
2022-03-28 20:24:14,Search continues at China plane crash site after second black box found
2022-03-28 23:52:58,BRICS int'l journalism online training program concludes
2022-03-29 00:00:01,"Roundup: Visit to South Asian countries boosts solidarity, cooperation under new circumstances -- Chinese FM"
2022-03-29 00:21:01,25 civil servants punished over fatal building collapse in E China
2022-03-29 00:24:58,"Experts highlight Tibet's achievements in promoting culture, people's well-being, economic development"
