﻿2022-04-21 16:09:30,China's Gansu launches first int'l freight train via China-Laos Railway
2022-04-22 03:01:00,Shanghai to launch new campaigns against COVID-19
2022-04-22 16:48:00,NE China province launches first int'l freight train service via China-Laos Railway
2022-04-23 01:50:48,Boao's takeaways add confidence to global cooperation amid COVID-19
2022-04-23 18:34:15,CPPCC National Committee promotes reading among members
2022-04-23 01:00:15,Liaoning launches first int'l freight train service via China-Laos Railway
2022-04-05 07:15:59,24 Solar Terms: Qingming
2022-04-08 08:08:39,GLOBALink | Junior football team on edge of desert in Xinjiang
2022-04-13 15:15:51,GLOBALink | Female livestreamer helps locals increase income in Xinjiang
2022-04-20 07:23:15,24 Solar Terms: Grain Rain
2022-04-21 17:53:45,Chinese research vessel returns from expedition in western Pacific
2022-04-21 15:54:15,China highlights achievements in youth development in white paper
2022-04-22 00:06:31,HKSAR gov't firmly opposes any interference in sixth-term chief executive election
2022-04-22 00:59:45,"Chinese vice premier urges more ""Boao plans"" for regional development"
2022-04-22 14:51:05,China one of the safest countries in the world: official
2022-04-22 20:48:30,China lays out priorities on improving government transparency
2022-04-22 15:34:30,China vows to ensure smooth road traffic for COVID-19 response
2022-04-22 21:39:30,Hong Kong's university entrance exam commences smoothly amid waning pandemic
2022-04-22 20:19:15,Chinese satellite ground stations receive atmospheric data
2022-04-22 00:39:43,Chinese vice premier stresses ensuring agricultural supplies
2022-04-22 09:52:45,"Chinese mainland reports 2,119 new local confirmed COVID-19 cases, 1,931 in Shanghai"
2022-04-22 20:35:30,Visitor arrivals in Macao drop by 30.2 pct in March due to COVID-19
2022-04-22 16:55:15,China to hold over 200 popular-science space activities
2022-04-22 23:49:17,China refutes U.S. official's remarks on Ukraine issue
2022-04-22 15:44:46,"China's air, water quality improves in first three months"
2022-04-23 15:31:15,CPPCC National Committee promotes reading among members
2022-04-23 21:24:28,China's power use up 5 pct in Q1
2022-04-23 15:10:13,Full text of Xi Jinping's congratulatory letter to the First National Conference on Reading
2022-04-23 16:10:31,"China-U.S. economic, trade relations win-win in nature: Chinese ambassador to U.S."
2022-04-23 10:41:45,"Feature: Translators, ebooks facilitate Chinese-Arab mutual understanding"
2022-04-23 21:52:30,Hong Kong people enjoy reading under COVID-19
2022-04-23 22:00:31,China's coal output up 14.8 pct in March
2022-04-23 15:56:14,Xinjiang's first plateau airport starts operation
2022-04-23 19:06:31,
2022-04-23 22:03:18,World Book Day marked across China
2022-04-23 15:09:13,Xi congratulates the first national conference on reading
2022-04-23 22:25:45,"Boao Forum helps build consensus on global development, observers say"
2022-04-23 15:05:00,"Shanghai new COVID-19 cases: 2,736 confirmed, 20,634 asymptomatic"
2022-04-23 20:59:30,Beijing reports 15 new local COVID-19 cases
2022-04-23 17:16:31,
2022-04-23 22:24:32,"Life resumes in orderly manner in Xining, NW China's Qinghai"
2022-04-23 00:46:30,Sound legislation urged for Qinghai-Tibet Plateau ecological conservation
2022-04-23 16:32:30,Working people in Xinjiang enjoy labor rights: official
2022-04-23 14:27:01,"Across China: Construction site library amuses workers with knowledge, fun"
2022-04-23 21:37:28,China's shipbuilding sector continues to lead in world market
2022-04-23 20:09:15,Reading becomes more popular among Chinese in 2021: survey
2022-04-23 18:11:45,"1,500 destitute Afghans receive China-donated humanitarian assistance"
2022-04-23 20:39:15,World Book Day marked in N China's Hebei
2022-04-23 20:26:16,Xinhua Commentary: China to continue injecting much-needed certainty into world economy
2022-04-23 18:40:47,
