﻿2022-05-08 09:28:15,"China's BRI projects greatly benefit Cambodian economy, people: officials, experts"
2022-05-14 00:43:46,Parliamentary analysis on increased security as NATO member questioned in Sweden
2022-05-11 21:58:01,Iran arrests 2 Europeans over promoting unrest
2022-05-11 15:51:00,Ferdinand R. Marcos claims victory in Philippine presidential election
2022-05-11 05:51:01,Death toll from Havana hotel blast rises to 42
2022-05-11 15:16:26,U.S. urged to adhere to one-China principle
2022-05-12 21:14:26,Sri Lankan president appoints new prime minister
2022-05-12 04:24:43,"Finland, UK sign statement of mutual support"
2022-05-12 10:08:30,Most districts in major U.S. cities unaffordable to Black residents: The Guardian
2022-05-12 05:31:46,"Zelensky, Scholz discuss defensive aid for Ukraine"
2022-05-12 10:22:13,DPRK confirms first-ever COVID-19 case: state media
2022-05-12 10:56:46,"2 dead, 14 injured in Brazil aircraft crash"
2022-05-12 21:42:43,"Former Croatian president hails 30 years of diplomatic ties between Croatia, China"
2022-05-12 23:35:13,"Biden says 1 mln American lives lost to COVID-19 ""a tragic milestone"""
2022-05-13 14:14:48,
2022-05-13 20:54:31,U.S. Senate confirms Powell to second term as Fed chair
2022-05-13 01:06:30,COVID-19 death toll in Europe tops 2 mln: WHO
2022-05-13 20:32:01,Grief of 1 million COVID deaths in U.S.
2022-05-13 16:46:13,"Mongolian president calls for efforts to secure food supply, security"
2022-05-13 12:33:58,"70 percent of Americans view inflation as ""very big problem:"" survey"
2022-05-13 02:22:28,News Analysis: EU inflation pushed by Ukraine crisis set to persist
2022-05-13 19:56:44,"Putin, Scholz discuss Ukraine crisis over phone"
2022-05-13 23:00:16,Xinhua Commentary: Washington's small-clique politics won't fool SE Asia
2022-05-13 13:10:47,
2022-05-14 10:13:45,UN Security Council condemns killing of Al-Jazeera journalist in West Bank
2022-05-14 00:18:43,Slovenia's new parliament elects first female parliamentary speaker
2022-05-14 10:16:43,Colombia to drop mandatory face mask requirement in schools
2022-05-14 03:10:58,Roundup: Leaders across Middle East mourn death of UAE president
2022-05-14 03:08:00,"U.S., Russian defense chiefs hold first phone conversation since start of Ukraine conflict"
2022-05-14 01:31:58,"Turkey not ""positive"" on letting Finland, Sweden join NATO: president"
2022-05-14 04:24:56,FAO chief calls on G7 to take steps on food shortages
2022-05-14 10:12:43,Brazil reports 139 more COVID-19 deaths
2022-05-14 04:36:13,Israel's COVID-19 reproduction rate exceeds 1
2022-05-14 08:18:27,"ExpoRose festival kicks off in Grasse, southern France"
2022-05-14 02:37:00,UN chief mourns death of UAE president
2022-05-14 00:11:45,UAE leaders mourn passing of country's 2nd president
2022-05-14 04:50:00,Update: Israeli missile attack kills 5 in central Syria
2022-05-14 08:24:39,"Jurassic Quest exhibition draws visitors in Vancouver, Canada"
2022-05-14 06:12:15,"Tunisia, Egypt sign agreements to strengthen cooperation"
2022-05-14 03:31:58,"Tunisia, Egypt vow to strengthen cooperation and bilateral relations"
2022-05-14 10:22:56,West Africa nears local vaccine production: official
2022-05-14 09:25:28,New Zealand PM tests positive for COVID-19
2022-05-14 10:36:00,"Malaysia reports 3,029 new COVID-19 infections, 5 new deaths"
2022-05-14 11:47:58,"S.Korea reports 29,581 new COVID-19 cases"
2022-05-14 06:05:13,Portuguese gov't announces measure to cap gas price
2022-05-14 07:58:34,"""The Kiss"" by Gustav Klimt exhibited at Upper Belvedere in Vienna"
2022-05-14 06:27:15,Feature: Rotterdam breathes new life into derelict railway viaduct
2022-05-14 06:24:11,Oil prices rise as supply concerns persist
2022-05-14 06:06:16,"Feature: Cuba committed to green development despite pandemic, sanctions"
2022-05-14 06:20:15,Death toll climbs to 46 in Havana hotel blast
