﻿2022-09-06 15:42:05,China launches new remote sensing satellite group
2022-09-06 12:56:22,65 killed after 6.8-magnitude quake hits China's Sichuan
2022-09-06 23:05:30,Chinese-built bridge opens to traffic in southern Bangladesh
2022-09-07 07:31:32,Quake relief efforts underway in Sichuan
2022-09-07 21:52:23,More people evacuated after earthquake in Sichuan
2022-09-07 20:50:46,Digital trade spurs growth in Belt and Road partner countries
2022-06-21 07:36:44,24 Solar Terms: Summer Solstice
2022-07-07 07:14:05,24 Solar Terms: Lesser Heat
2022-07-23 07:29:03,24 Solar Terms: The Great Heat
2022-09-05 19:58:15,Grand reception in Bangladesh marks 25th anniversary of Hong Kong's return to motherland
2022-09-06 15:26:30,China experiences hottest summer since 1961
2022-09-06 03:19:45,State Council working team rushes to quake-hit Sichuan
2022-09-06 15:12:45,Senior Chinese legislators meet to deliberate law drafts
2022-09-06 19:08:45,"Malaysian FM highlights economic ties, high-tech cooperation with China"
2022-09-06 21:08:45,Seminar on development of Taiwan enterprises on mainland held
2022-09-06 22:22:00,China Focus: China deploys large UAV to support emergency communications in quake-hit Sichuan
2022-09-06 21:05:30,Chinese Gaofen satellites deployed for quake-hit Sichuan
2022-09-06 21:02:30,China's top political advisor urges improving specialists consultative forums
2022-09-06 09:59:30,Chinese mainland reports 264 new local confirmed COVID-19 cases
2022-09-06 23:16:45,Chinese vice premier announces full-scale construction at Guangdong BASF site
2022-09-06 11:06:30,China launches new test satellites via Kuaizhou-1A carrier rocket
2022-09-07 20:00:45,Economic Watch: China's foreign trade sustains growth as economic recovery consolidates
2022-09-07 20:22:15,Ancient Italian cultural exhibition opens in east China
2022-09-07 19:59:00,China's Wing Loong large civil UAV supports drought relief efforts
2022-09-07 18:56:00,Xi sends congratulations to Kenyan President-elect Ruto
2022-09-07 21:33:15,Chinese premier sends congratulations to new British PM
2022-09-07 15:56:00,Feature: German fashion designer's inextricable bond with traditional Chinese silk
2022-09-07 22:04:00,"CPC allocates 20 mln yuan for relief, reconstruction in quake-hit Sichuan"
2022-09-07 20:16:00,Modern Chinese scientists feature on commemorative stamps
2022-09-07 23:09:15,China fully echoes Kyrgyz president's comments on bilateral ties: spokesperson
2022-09-07 18:22:46,
2022-09-07 20:59:15,Chinese researchers find neutralizing antibody against COVID-19 variants
2022-09-07 16:35:30,Across China: Young Chinese building careers in rural areas
2022-09-07 21:52:30,China's urban rail transit passenger trips rebound in August
2022-09-07 17:20:15,China revises marine disaster emergency response plan
2022-09-07 21:02:30,China Focus: Smart tech helps construction of China's first sea-crossing high-speed railway
2022-09-07 20:15:30,Multilingual versions of Xi's discourses on respecting and protecting human rights published
2022-09-07 16:28:31,
2022-09-07 00:33:00,Top Chinese legislator urges enhanced parliamentary exchanges within BRICS
2022-09-07 21:52:23,More people evacuated after earthquake in Sichuan
2022-09-07 20:06:00,Xi Jinping stresses mobilizing national resources for core technology breakthroughs in key fields
2022-09-07 15:24:45,Xi extends congratulations on Brazil's 200th anniversary of independence to Bolsonaro
2022-09-07 11:32:15,"74 killed, 26 missing after 6.8-magnitude quake hits China's Sichuan"
2022-09-07 17:40:46,
2022-09-07 07:16:37,24 Solar Terms: White Dew
2022-09-07 16:33:45,Chinese shares close higher Wednesday
2022-09-07 13:40:45,Roundup: Chinese astronauts talk from space with African youth
2022-09-07 09:40:31,Chinese mainland reports 323 new local confirmed COVID-19 cases
2022-09-07 20:53:15,"Former senior political advisor expelled from CPC, public office"
2022-09-07 21:54:15,Satellite observation alliance for sustainable development launched in China
2022-09-07 22:05:15,Chinese taikonauts talk with Tanzanian students from space
2022-09-07 20:49:00,China's foreign currency reserves at 3.0549 trln U.S. dollars
2022-09-07 15:48:45,Taiwan's CPI rises by 2.66 pct in August
2022-09-07 21:42:30,"Economic Watch: Chinese ""durian of soup"" records soaring sales overseas"
