﻿2022-07-03 15:27:20,
2022-07-04 03:58:26,Egypt's president inaugurates trial run of China-made LRT
2022-06-30 19:39:30,"Israeli parliament dissolves, Lapid becomes caretaker PM"
2022-06-30 19:09:14,"Tokyo stocks end sharply lower on domestic output concerns, U.S. recession woes"
2022-07-01 11:12:00,World Insights: U.S. Supreme Court in recess following series of consequential rulings
2022-07-01 22:16:46,Eurozone's June inflation surges to record 8.6 pct
2022-07-01 22:58:56,UNESCO launches new State of the Ocean Report
2022-07-01 02:56:15,First African American woman sworn in as U.S. Supreme Court justice
2022-07-01 02:00:15,NATO summit concludes amid criticisms of bloc's aggression
2022-07-01 20:24:00,Turkey detains 13 IS suspects
2022-07-01 06:19:00,Inflation to exceed official target ceiling in 2022: Brazil's central bank
2022-07-01 07:19:15,News Analysis: Mixed signals for U.S. economy
2022-07-01 22:28:00,UN coordinator warns humanitarian crisis in Lebanon
2022-07-02 06:21:42,"Macron, Albanese discuss future France-Australia relations"
2022-07-02 17:06:30,"Death toll in India's massive landslide rises to 27, search operations continue"
2022-07-02 20:18:02,Roundup: More experts urge U.S. gov't to scrap additional tariffs on Chinese imports
2022-07-02 07:15:41,U.S. stocks rise after S&P 500's worst half year in decades
2022-07-02 22:36:30,Nigerian president welcomes berthing of first ship at new deep seaport
2022-07-02 04:36:30,UN verification scheme for Yemen in urgent need of funds
2022-07-02 10:12:30,4 killed after medical plane crashes in southern Argentina
2022-07-02 14:10:42,U.S. California officials join Chinese community to protest against rising hate crimes
2022-07-03 09:37:30,Monkeypox cases in Colombia rise to 5
2022-07-03 14:37:01,New Delhi slams U.S. panel report on religious freedom in India
2022-07-03 10:03:45,New York passes new law after U.S. Supreme Court ruling on gun-carrying in public
2022-07-03 12:05:00,Bullet killing Al Jazeera journalist handed to U.S. for examination: Palestinian official
2022-07-03 09:33:26,Argentine economy minister resigns
2022-07-03 16:30:47,
2022-07-03 14:36:32,
2022-07-04 02:25:30,Guinea Bissau president elected as new chairman of Economic Community of West African States
2022-07-04 01:24:26,"Israeli archaeologists reassemble 3,500-year-old huge jars"
2022-07-04 01:54:26,"Time, venue of new round of nuclear talks being finalized: Iranian negotiator"
2022-07-04 03:58:26,Egypt's president inaugurates trial run of China-made LRT
2022-07-04 04:21:30,"Several killed, injured in Copenhagen shopping mall shooting: police"
2022-07-04 02:49:27,Zimbabwean president meets with senior Chinese diplomat on bilateral cooperation
2022-07-04 02:53:27,Jordan reveals cause of Aqaba port gas leakage
2022-07-04 03:48:30,Chinese organizations donate clean water facilities to schools in southern Ethiopia
2022-07-04 03:10:27,Ghanaian president urges for concerted efforts to root out terrorism in West Africa
2022-07-04 03:58:26,Roundup: Egypt's president inaugurates trial run of China-made LRT
2022-07-03 23:24:15,Bangladesh's exports hit all-time high of over 52 bln USD in FY 2021-22
2022-07-04 07:30:52,People visit cattle farm house ahead of Eid al-Adha festival in Dhaka
2022-07-04 00:34:15,1 injured in firing on polio eradication team in NW Pakistan
2022-07-04 04:21:30,"Several killed, injured in Copenhagen shopping mall shooting: police"
2022-07-04 07:44:42,"Summer heat wave hits Slovenia, North Macedonia"
2022-07-04 02:44:30,Six dead in glacier collapse in Italy
2022-07-03 23:00:56,Roundup: Experts concerned about U.S. Supreme Court limiting EPA in curbing emissions
2022-07-03 12:10:00,Extreme drought conditions persist in California
2022-07-03 17:19:45,Guest Opinion: America's lies are born out of its own atrocities
