﻿2022-03-31 22:34:16,China's Shaanxi launches first int'l freight train via China-Laos Railway
2022-04-01 03:20:16,Russia creates working groups to probe U.S.-controlled biolabs in Ukraine
2022-03-29 22:52:14,New round of Russia-Ukraine talks end in Istanbul
2022-03-29 22:04:01,UN helicopter crashes in NE DR Congo
2022-03-30 21:51:46," Blast kills 1, wounds another in N. Afghanistan"
2022-03-30 13:59:15,"World Insights: Russia-Ukraine talks ""constructive"" to settle conflict"
2022-03-30 01:59:32,Roundup: FDA authorizes second COVID-19 booster doses for vulnerable groups
2022-03-30 10:48:01,World Insights: Health officials say U.S. running out of money to fight COVID-19
2022-03-30 01:24:29,U.S. COVID-19 cases surpass 80 mln -- Johns Hopkins University
2022-03-30 13:11:56,Roundup: How the U.S. cranks up its information war in the Russia-Ukraine conflict
2022-03-30 09:46:43,"Interview: International probe into U.S.-led biolabs in Ukraine needed, says former UN weapons inspector"
2022-03-31 17:21:37,
2022-03-31 06:46:46,Portugal's new government sworn in
2022-03-31 19:44:31,UN migration agency opens security academy in Lebanon
2022-03-31 04:25:30,"Egypt, Ukraine leaders discuss Russia-Ukraine peace talks over phone"
2022-03-31 17:57:02,
2022-03-31 02:27:15,"Ukraine confirms partial withdrawal of Russian troops from Kiev, Chernihiv directions"
2022-03-31 03:45:31,"Roundup: Biden says pandemic not over, receives 2nd COVID-19 booster shot"
2022-03-31 05:13:26,COVID-19 virus likely continues to evolve but severity reduces over time: WHO
2022-03-31 22:49:47,"Russia to terminate gas supply contracts if ""unfriendly"" buyers refuse to pay in rubles"
2022-03-31 05:34:45,OPEC chief urges global leaders to ensure unhindered energy flow
2022-03-31 12:22:30,"Ministers map pathway to transform agri-food systems at FAO regional session for LatAm, Caribbean"
2022-03-31 09:26:18,"Media report warns of violence, conflicts ahead of U.S. midterm elections"
2022-04-01 06:57:26,Alicia Barcena wraps up nearly 14 years as ECLAC head
2022-04-01 04:14:18,Donors pledge 2.44 bln USD for humanitarian response in Afghanistan
2022-04-01 07:58:16,UN Security Council endorses reconfiguration of AU mission in Somalia
2022-04-01 05:50:32,Saudi-led coalition reaffirms commitment to ceasefire in Yemen
2022-04-01 07:52:16,Alicia Barcena wraps up nearly 14 years as ECLAC head
2022-04-01 03:22:11,UN chief launches expert group on net-zero emissions commitments of non-state entities
2022-04-01 04:04:15,At least 10 killed in Brazil bus accident
2022-04-01 02:44:01,Chinese envoy stresses need for continued int'l support for Somalia in security field
2022-04-01 06:32:30,Iraqi prominent Shiite cleric gives rivals chance to form new gov't
2022-04-01 02:22:59,14 injured in Kuwait's landmark market fire
2022-04-01 06:09:30,Turkey lowers party' election threshold for parliament to 7 pct
2022-04-01 07:32:00,"2022 National Heavy Equipment Show held in Mississauga, Canada"
2022-04-01 04:52:12,Italy ends two-year COVID-19 state of emergency
2022-04-01 00:40:16,"Update: Russia to terminate gas supply contracts if ""unfriendly"" buyers refuse to pay in rubles"
2022-04-01 04:35:14,China urges dialogue to end Libya's political impasse: envoy
2022-04-01 02:57:56,New CDC data suggest decline in youth mental health during COVID-19
2022-04-01 04:31:30,Feature: Int'l festival in Cairo offers low-price dates ahead of Ramadan
2022-04-01 00:48:01,"China-OIC strengthened relations to promote peace, development: experts"
2022-04-01 08:31:41,5 killed in helicopter crash in Australia's Melbourne
2022-04-01 08:16:30,U.S. not giving Pakistan due credit as ally in war against terror: Pakistani PM
2022-04-01 07:32:21,Traditional rowing held to mark Freedom Day in Malta
2022-04-01 05:41:31,Ukraine tells IAEA Russian forces leaving Chernobyl plant
2022-04-01 06:09:30,Turkey lowers party' election threshold for parliament to 7 pct
2022-04-01 08:36:45,World Insights: Could U.S. markets remain high despite surging inflation?
2022-04-01 06:28:31,"Dow plunges 550 points, Wall Street logs worst quarter in 2 years"
2022-04-01 07:31:58,"2022 National Heavy Equipment Show held in Mississauga, Canada"
