﻿2022-05-29 17:54:14,"BRI injects impetus, stability to francophone Africa, experts say"
2022-05-29 22:54:45,Spanish PM meets NATO chief in Madrid
2022-05-27 11:33:45,"Strong quake hits eastern Indonesia, but no tsunami expected"
2022-05-27 19:26:00,UN Security Council fails to adopt resolution on DPRK sanctions
2022-05-27 12:17:45,"World Insights: Brazilian state's ""strategic partnership"" with BRICS bank ""essential"" for sustainable urban development"
2022-05-27 12:24:01,"Strong quake hits eastern Indonesia, no tsunami warning issued"
2022-05-27 15:50:18,Oxygen producing plant built in Afghanistan's Baghlan province
2022-05-27 23:42:15,News Analysis: Turkey keeps reservations over Nordics' NATO bids
2022-05-28 09:36:02,Racial Discrimination: A Legalized Sin in Canada
2022-05-28 03:26:41,Ugandan gov't gives ultimatum to striking health workers
2022-05-28 23:06:48,At least 31 killed in stampede in southern Nigeria: police
2022-05-28 00:56:26,Houston braces for protests crying for gun control as gun lobby group kicks off convention
2022-05-28 04:18:45,"Ukrainian FM, U.S. secretary of state discuss military support for Ukraine"
2022-05-28 23:41:45,At least 31 killed in stampede in southern Nigeria: police
2022-05-28 02:55:43,300 humanitarian relief trucks reach Ethiopia's Tigray in past week: UN
2022-05-28 01:15:28,China-built road creates good fortune for Malagasy poultry farmers
2022-05-28 12:10:46,Eurasian Economic Union needs to redesign logistics amid Western sanctions: Belarusian president
2022-05-28 04:30:43,UN chief condemns killing by armed groups in Burkina Faso
2022-05-29 13:41:01,U.S. California governor tests positive for COVID-19
2022-05-29 10:40:45,Colombia deploys soldiers to secure presidential elections
2022-05-29 00:12:48,
2022-05-29 14:22:29,
2022-05-29 09:37:41,Mexico confirms first imported case of monkeypox
2022-05-29 18:59:02,"Cyprus, Israel kick off joint military exercise"
2022-05-29 10:54:46,Rescuers search for 8 missing crew members in ship collision in Philippines
2022-05-29 23:54:01,Ukrainian president Zelensky visits frontline in Kharkiv
2022-05-30 10:06:58,Urgent: Missing Nepali plane found to be crashed: army
2022-05-30 04:32:30,Clashes break out between Israelis and Palestinians over Israeli nationalists' march
2022-05-30 10:12:58,Death toll rises to 56 from Brazil heavy rains
2022-05-30 01:03:11,Albanian parliament set to fail again on electing new president
2022-05-30 10:44:13,Missing Nepali plane found to be crashed: army
2022-05-30 06:09:31,Sudan lifts state of emergency countrywide
2022-05-30 04:57:31,"Jordanian, Georgian FMs discuss ways to boost ties, cooperation"
2022-05-30 05:08:31,UN envoy arrives in Yemen's Aden to discuss lifting siege on Taiz
2022-05-30 00:26:13,Palestinian presidency rejects Israeli PM's remarks on Jerusalem
2022-05-30 05:07:26,Tunisia works to speed up national reform program
2022-05-30 09:27:12,"Martial arts performed at graduation ceremony in Cotonou, Benin"
2022-05-30 06:09:31,Sudan lifts state of emergency countrywide
2022-05-30 10:06:58,Urgent: Missing Nepali plane found to be crashed: army
2022-05-30 10:03:58,"Malaysia reports 1,155 new COVID-19 infections, 5 new deaths"
2022-05-30 10:44:13,Missing Nepali plane found to be crashed: army
2022-05-30 10:36:13,Hannover Messe opens offline in Germany
2022-05-30 07:56:22,"In pics: Vintage car show in Wiesbaden, Germany"
2022-05-30 09:48:01,"France, Netherlands reach final of men's U17 Euro 2022"
2022-05-29 13:41:01,U.S. California governor tests positive for COVID-19
2022-05-30 09:26:43,Feature: African Americans in Minneapolis disappointed by lack of progress in rooting out racism
2022-05-30 01:08:11,"1 killed, 7 injured in outdoor festival shooting in U.S. Oklahoma"
