﻿2022-08-31 21:33:47,China-Europe freight train from Turkmenistan arrives at China's Xi'an
2022-09-02 20:02:02,New York imposes new gun restrictions on concealed carry
2022-08-31 13:26:45,"36 killed, 1,941 injured in rain spells across Pakistan in 24 hours"
2022-08-31 22:28:45,India's GDP grows at 13.5 percent in April-June period: gov't data
2022-08-31 17:06:32,
2022-09-01 01:31:45,Russia bans 55 more Canadians from entry
2022-09-01 02:37:15,Black Americans see racism as persistent challenge: poll
2022-09-01 20:00:30,News Analysis: Turkish economy faces uncertainty despite rapid growth this year: economists
2022-09-01 02:19:00,EU FMs agree to suspend visa facilitation agreement with Russia
2022-09-01 04:37:30,Brazil unemployment at lowest level since December 2015
2022-09-01 23:55:00,IAEA mission arrives at Zaporizhzhia nuclear plant
2022-09-01 21:12:30,India launches indigenous vaccine for prevention of cervical cancer
2022-09-02 15:08:00,"Interview: Restored Colombia-Venezuela ties to provide opportunities for LatAm, Caribbean, says expert"
2022-09-02 17:17:45,Russia to toughen anti-COVID measures during Eastern Economic Forum 2022
2022-09-02 23:51:01,Ukraine exports 1.7 mln tons of foodstuffs in first month under grain deal
2022-09-02 03:56:30,Global COVID-19 cases surpass 600 mln: WHO
2022-09-02 06:35:30,Chilean gov't rules out water rationing amid ongoing drought
2022-09-02 02:19:45,IAEA chief leaves Zaporizhzhia nuclear plant
2022-09-02 23:51:00,"Iran briefly seizes 2 U.S. ""surveillance vessels"" in Red Sea"
2022-09-02 03:57:45,NASA targets Saturday for Artemis I launch
2022-09-02 19:38:15,Lufthansa flight cancellations trigger protests at Indian capital airport
2022-09-02 03:16:15,"White House effort to fight monkeypox virus ""one mess after another"": media"
2022-09-02 19:44:15,U.S. CDC recommends updated COVID-19 boosters targeting Omicron
2022-09-02 15:25:30,U.S. CDC recommends updated COVID-19 boosters targeting Omicron
2022-09-02 21:34:31,Sri Lankan parliament passes interim budget
2022-09-02 17:01:19,
2022-09-02 03:50:45,"Rolling power cuts ""possible"" for companies this winter: French PM"
2022-09-03 06:04:00,Unsealed filing details items recovered from Trump's Mar-a-Lago in FBI search
2022-09-03 03:26:16,"U.S. should take ""important"" role in stopping unilateral Israeli measures: Palestinian official"
2022-09-03 06:48:15,UN chief appoints Otunbayeva of Kyrgyzstan as special representative for Afghanistan
2022-09-03 00:23:31,"Feature: ""My world turns upside down"" -- Pakistan's floods survivors in distress"
2022-09-03 05:11:00,IAEA to keep experts permanently at Zaporizhzhia nuclear plant
2022-09-03 06:59:00,"Western sanctions cause energy price hikes, supply disruptions: Russian energy minister"
2022-09-03 03:01:30,Iran condemns deadly mosque bombing attack in Afghanistan
2022-09-03 04:47:30,Russia's Gazprom stops gas supply via Nord Stream pipeline indefinitely
2022-09-03 04:52:00,Attack on peacekeeping base in Mali causes significant damage: UN
2022-09-03 04:30:15,Gas supplies via Nord Stream 1 pipeline indefinitely halted
2022-09-03 02:51:45,German tech fair IFA 2022 for consumer electronics opens
2022-09-03 04:19:30,Feature: Egypt's low-price school supplies fair offers parents relief from rising costs
2022-09-03 02:07:30,"5 killed, 50 injured in bus accident in Egypt"
2022-09-03 00:37:30,South Sudan approves over 700 mln USD on road project
2022-09-03 00:28:30,Feature: Made-in-China Jakarta-Bandung high-speed trains debut on Indonesian soil
2022-09-03 00:23:31,"Feature: ""My world turns upside down"" -- Pakistan's floods survivors in distress"
2022-09-02 23:50:00,Malaysian investment authority partners with Chinese firm's overseas branch for supply chain program
2022-09-03 05:11:00,IAEA to keep experts permanently at Zaporizhzhia nuclear plant
2022-09-03 06:31:45,"Swedish PM calls for decoupling electricity, gas prices"
2022-09-03 06:59:00,"Western sanctions cause energy price hikes, supply disruptions: Russian energy minister"
2022-09-03 07:43:16,Customers visit Chinese supermarket selling mooncakes ahead of Mid-Autumn Festival in Canada
2022-09-03 07:29:00,"6.1-magnitude quake hits 111 km WNW of Kandrian, Papua New Guinea: USGS"
2022-09-03 06:11:45,Number of active U.S. drilling rigs down this week
