﻿2022-05-18 20:08:57,"Cambodian, Chinese entrepreneurs meet to explore business opportunities"
2022-05-19 04:42:16,"Turkey threatens not to approve Sweden's NATO bid if ""terrorists"" not extradited"
2022-05-17 04:37:28,"Ukrainian, EU officials discuss Ukraine's European integration aspirations"
2022-05-17 13:32:01,"World Insights: U.S. in sorrow, outrage after ""racially-motivated"" mass shooting"
2022-05-17 23:57:27,Japan to open up for small-scale tours from 4 countries as trial
2022-05-17 04:15:28,No deal reached for EU on oil embargo against Russia
2022-05-17 06:05:41,"Clashes erupt between Palestinians, Israeli police during funeral in Jerusalem"
2022-05-17 04:16:28,"Swedish, Finnish delegations shouldn't bother to visit Ankara: Turkey's president"
2022-05-17 20:19:30,Israel says intercepts drone launched by Lebanon's Hezbollah
2022-05-17 20:38:45,Latvia's interior minister resigns
2022-05-18 20:18:13,Lebanese parliamentary elections' results reflect public's eagerness for changes: experts
2022-05-18 20:12:01,Pakistani PM kicks off nationwide anti-polio campaign as new cases emerge
2022-05-18 21:28:31,
2022-05-18 17:44:13,"Finland, Sweden submit formal applications for NATO membership"
2022-05-18 10:41:46,Venezuela confirms U.S. decision to ease oil sanctions
2022-05-18 06:47:13,12 Colombian soldiers injured in ambush
2022-05-18 08:00:13,"New York City lifts COVID-19 alert level to ""high"""
2022-05-18 12:57:06,World Insights: Baby formula shortage throws U.S. families into panic
2022-05-18 11:20:43,"""Failure of an American ideology"" contributed to 1 mln COVID-19 deaths in U.S.: The Guardian"
2022-05-18 06:15:13,Almost 13.2 mln U.S. children infected with COVID-19
2022-05-18 03:26:41,Hungary's new president visits Poland in 1st trip abroad
2022-05-18 17:24:28,
2022-05-19 07:38:15,Biden invokes Defense Production Act to address infant formula shortage
2022-05-19 05:08:00,"Over 113,000 Syrians immigrants gain right to vote in Turkish elections: official"
2022-05-19 06:26:13,"U.S. reports 180 severe hepatitis cases in children, over 70 cases in recent two weeks"
2022-05-19 07:52:16,UN chief calls on nations to act together to end food insecurity
2022-05-19 09:17:50,Ultra-Orthodox Jews participate in celebrations of Jewish holiday of Lag BaOmer in Israel
2022-05-19 06:17:11,Global economic growth dragged down by spillover from Ukraine crisis
2022-05-19 01:13:46,"Kenya vows to intensify efforts to tackle transnational crime, graft"
2022-05-19 09:22:30,"Iranian media slaps U.S. ""dark history"" of mistreating Native American children in boarding schools"
2022-05-19 04:32:02,"UN chief says renewable energy ""lifeline"" to ending climate change"
2022-05-19 04:58:58,Chile's economy grows 7.2 pct in first quarter
2022-05-19 00:26:31,"Singapore reports 6,442 new COVID-19 cases"
2022-05-19 03:59:59,U.S. reopens embassy in Ukraine
2022-05-19 04:31:56,Yemeni gov't accuses Houthi rebels of recruiting children in conflict
2022-05-19 06:37:15,"Dow sinks over 1,100 points in worst day since 2020"
2022-05-19 01:13:46,"Kenya vows to intensify efforts to tackle transnational crime, graft"
2022-05-19 03:16:00,Africa's COVID-19 cases pass 11.57 mln: Africa CDC
2022-05-19 00:58:43,5 bodies of illegal immigrants found off SE coast
2022-05-19 09:09:30,Economic Watch: Indians feel pinch as inflation soars
2022-05-19 09:14:30,Report shows Aussie workers to lose thousands of dollars to inflation in 2022
2022-05-19 09:20:28,Undecided women could hold key to Australian election: survey
2022-05-19 08:02:24,Highlights of exhibition at Fabrique des Lumieres in Netherlands
2022-05-19 09:07:16,Facts about Russia-Ukraine conflict: Russia says 694 Ukrainian soldiers surrender at Azovstal steel plant
2022-05-19 07:47:17,Highlights of Black Sea Defense and Aerospace Exhibition in Romania
2022-05-19 07:38:15,Biden invokes Defense Production Act to address infant formula shortage
2022-05-19 09:22:30,"Iranian media slaps U.S. ""dark history"" of mistreating Native American children in boarding schools"
2022-05-19 09:17:28,"U.S. crude supplies up, other petroleum data mixed last week"
