﻿2022-06-01 20:28:15,China's newly-launched meteorological satellites put into trial operation
2022-06-02 22:26:45,"China, Cook Islands pledge closer ties, deepened practical cooperation"
2022-06-02 20:16:13,China strengthens supervision of COVID-19 nucleic acid testing
2022-06-02 00:10:15,Shanghai returning to normalcy as epidemic wanes
2022-06-03 21:00:16,"China's ties with PNG conducive to regional peace, development: Chinese FM"
2022-06-03 15:16:58,Cargo transport tops 4 mln tonnes on China-Laos Railway
2022-06-03 20:04:15,Policy mix supports Chinese COVID-battered small businesses 
2022-04-20 07:23:15,24 Solar Terms: Grain Rain
2022-04-24 08:18:05,GLOBALink | Parkour teenagers in ancient city of Kashgar
2022-05-05 07:30:12,24 Solar Terms: Start of Summer
2022-05-14 09:58:19,
2022-06-01 22:50:46,"4 dead, 14 injured after earthquake hits China's Sichuan"
2022-06-01 22:00:16,China's wetlands protection law takes effect
2022-06-01 22:08:13,"China, Vanuatu reach 5-point consensus on bilateral ties, int'l cooperation"
2022-06-02 23:39:16,Hong Kong holds groundbreaking ceremony of Chinese Medicine Hospital
2022-06-02 17:28:16,COVID-19 vaccination rate among elderly further increases in China
2022-06-02 14:54:45,China launches nine Geely-01 satellites
2022-06-02 11:05:44,"Chinese mainland reports 18 new local confirmed COVID-19 cases, 11 in Beijing"
2022-06-02 19:56:58,U.S. urged to cease any form of official exchanges with Taiwan
2022-06-02 19:03:43,"China Focus: Wriggling abiotic worm manifests ""intelligent life"" rudiment"
2022-06-02 00:01:00,"China urges U.S. to practice mutual respect, peaceful coexistence, win-win cooperation"
2022-06-02 11:20:45,Rescue underway after earthquake hits China's Sichuan
2022-06-02 11:28:45,"Xinhua Commentary: China, Pacific island countries -- friends in need, indeed"
2022-06-02 21:05:16,"New method found for probing differences between matter, antimatter"
2022-06-03 21:00:16,"China's ties with PNG conducive to regional peace, development: Chinese FM"
2022-06-03 14:30:30,
2022-06-03 15:42:15,China's internet sector reports steady revenue growth in Jan-April
2022-06-03 20:30:13,Dragon Boat Festival: A celebration of patriotism
2022-06-03 10:28:00,Xi Focus-Quotable Quotes: Xi Jinping on patriotism
2022-06-03 20:40:47,
2022-06-03 22:15:01,Across China: Expats embrace China's Dragon Boat Festival
2022-06-03 21:48:48,"Jinan strengthens greening of mountains, construction of mountain parks"
2022-06-03 22:34:58,"Hong Kong to distribute about 60,000 RAT kits following sewage COVID-19 detection"
2022-06-03 21:53:00,Xiamen welcomes back cross-Strait dragon boat race after 2-year hiatus
2022-06-03 19:48:30,"Feature: Racing dragon boats, serving Zongzi -- Dragon Boat Festival in Macao"
2022-06-03 20:20:45,Starbucks Reserve Roastery in Shanghai resumes operations after two-month suspension
2022-06-03 22:13:00,Across China: Once impoverished village thrives through Zongzi industry
2022-06-03 16:10:15,Economic Watch: Cross-border e-commerce a new frontier for Chinese companies amid pandemic
2022-06-03 00:22:14,Rescue underway after earthquake hits China's Sichuan
2022-06-03 10:49:58,Chinese mainland reports 20 new local confirmed COVID-19 cases
2022-06-03 17:02:31,Economic Watch: Policy mix supports Chinese COVID-battered small businesses
2022-06-03 23:04:00,Chinese ambassador sees China-U.S. university exchanges as important bond between young peoples
2022-06-03 20:13:30,"China to see ""average to poor"" weather during flood season"
2022-06-03 15:36:13,China Focus: Chinese study reveals evolution of giraffe's long necks
2022-06-03 23:36:15,One-China principle bedrock of China-U.S. ties: Chinese ambassador
2022-06-03 20:24:31,
2022-06-03 19:32:15,China Focus: Dragon Boat Festival: A celebration of patriotism
2022-06-03 19:26:13,China's human resources services sector logs robust growth in 2021
2022-06-03 17:00:44,"Chinese envoy slams U.S., Britain for unfounded accusations against China"
2022-06-03 10:50:01,Xi Focus-Quotable Quotes: Xi Jinping on patriotism
2022-06-03 17:30:45,Restarting China-Australia relations requires concrete actions: Chinese FM
2022-06-03 22:35:00,Xinjiang plans over 134 bln USD fixed-asset investment in 2022
2022-06-03 00:07:15,Chinese state councilor stresses importance of flood control
2022-06-04 07:43:00,Cargo transport tops 4 mln tonnes on China-Laos Railway
2022-06-04 00:07:30,Chinese ambassador: We hope the U.S. will be a good golf player
