﻿2022-02-26 18:58:30,Ukraine won't lay down weapons: Zelensky
2022-02-27 07:36:12,Laos-China Railway helps reviving domestic tourism of Laos
2022-02-25 05:01:00,"Chile registers 30,675 more daily COVID-19 cases"
2022-02-25 05:23:58,"Inflation risks in Mexico remain on rise, says central bank"
2022-02-25 19:50:17,Ukrainian president seeks talks with Russia
2022-02-25 20:55:00,"Poland's Border Guard says 29,000 people cross Poland-Ukraine border"
2022-02-25 11:18:30,Explosions heard in central Kiev: Interfax
2022-02-25 06:58:15,Putin discusses Ukraine issue with state leaders
2022-02-25 22:06:17,Putin ready to send delegation to Minsk for talks with Ukraine
2022-02-25 05:11:01,3 people killed in Colombia landslide
2022-02-25 21:19:59,Russian airborne forces land near Kiev
2022-02-25 14:38:27,"UNGA president calls on Russia, Ukraine to settle disputes through dialogue"
2022-02-25 21:51:30,Ukrainian president reiterates call for talks with Russia
2022-02-26 05:56:45,"U.S. sanctions Putin, Lavrov over Russian military operation in Ukraine"
2022-02-26 00:11:59,Putin ready to send delegation to Minsk for talks with Ukraine
2022-02-26 14:24:16,"Competition, confrontation should not be keynote of China-U.S. ties: Chinese diplomat"
2022-02-26 13:24:00,Most African Americans list racial injustice as one of most worrying problems: The Hill
2022-02-26 07:01:00,IAEA: Ukraine's nuclear power reactors running safely
2022-02-26 00:25:00,Kuwait stages airshow to mark national holidays
2022-02-26 19:37:30,India's humanitarian aid arrives in Afghanistan: official
2022-02-26 18:55:15,Russia strikes Ukrainian military facilities with cruise missiles -- spokesman
2022-02-26 18:56:15,France to deploy 500 soldiers in Romania amid Ukraine crisis
2022-02-26 14:27:14,UN chief appoints Amin Awad of Sudan as UN crisis coordinator for Ukraine
2022-02-26 17:07:41,Hungary offers capital as venue for Russia-Ukraine peace talks
2022-02-26 22:12:00,"Kremlin says Kiev refuses to talk as Ukraine describes conditions as ""unacceptable"""
2022-02-26 20:07:30,Ukrainian president says battles going on across country
2022-02-26 13:22:00,Any action by Security Council should be truly conducive to defusing Ukraine crisis: Chinese envoy
2022-02-26 03:06:30,France announces 300 mln euros in aid for Ukraine
2022-02-26 19:27:15,Moscow to re-examine relations with states imposing sanctions: Medvedev
2022-02-26 20:08:30,"Lebanon, Algeria ink deals on criminals extradition, judicial cooperation"
2022-02-26 17:09:45,"Zelensky says weapons, equipment from partners ""on the way to Ukraine"""
2022-02-26 18:38:11,Russian forces hit 821 Ukrainian military infrastructure objects -- spokesman
2022-02-26 22:36:32,
2022-02-27 07:36:12,Laos-China Railway helps reviving domestic tourism of Laos
2022-02-27 03:55:00,Lebanese PM calls for Arab countries' support to overcome crisis
2022-02-27 00:48:48,
2022-02-27 06:12:15,"Feature: Gazans resort to ""Musicotherapy"" to reduce psychological stress"
2022-02-27 00:56:30,Tanzania issues alert over threat of polio outbreak
2022-02-27 01:22:45,Nigeria sets new date for 2023 presidential election
2022-02-27 00:43:45,Tanzania Railways suspends operations after floods wash away rail track
2022-02-27 07:36:11,Laos-China Railway helps reviving domestic tourism of Laos
2022-02-27 07:25:11,Urgent: DPRK fires unidentified projectile into eastern waters -- S. Korean military
2022-02-27 07:08:14,FLASH: DPRK FIRES UNIDENTIFIED PROJECTILE TOWARD EAST WATERS -- S. KOREAN MILITARY
2022-02-27 01:58:45,"Feature: Greek gov't to further support households, businesses as energy costs skyrocket"
2022-02-27 00:32:26,Ireland has 2nd highest household internet access rate in EU27: report
2022-02-27 00:45:30,Hungarian PM checks borders amid Russia-Ukraine conflict
2022-02-26 13:24:00,Most African Americans list racial injustice as one of most worrying problems: The Hill
2022-02-26 14:24:16,"Competition, confrontation should not be keynote of China-U.S. ties: Chinese diplomat"
2022-02-27 00:09:31,U.S. provides 350 mln USD worth of weapons to Ukraine
