﻿2022-06-24 01:20:31,"The China-Europe Railway Express (Chongqing) embarks on its 10,000th trip"
2022-06-26 00:32:45,"Iran, EU say nuke talks to resume in days"
2022-06-23 07:28:29,Biden calls on Congress to suspend federal gas tax for 90 days
2022-06-23 13:45:13,About 31 mln working-age Americans suffer from long COVID-19: Brookings Institution
2022-06-23 13:47:00,Americans feel less secure despite growing military budget: The Washington Post
2022-06-23 06:44:29,"Russian FM in Iran to discuss nuclear talks, bilateral ties"
2022-06-23 19:19:30,Japan's Okinawa repeats call for scrapping plans to relocate U.S. base on the island
2022-06-23 14:54:22,Ecuadoran president tests positive for COVID-19
2022-06-23 19:24:29,"Iran, Russia vow boost to comprehensive ties"
2022-06-24 04:12:00,"EU leaders grant Ukraine, Moldova EU candidate status"
2022-06-24 19:48:30,"Indian minister says cars to get ""star rating"" based on crash test"
2022-06-24 06:44:15,News Analysis: U.S. president touts gas tax holiday amid surging energy prices
2022-06-24 02:12:15,At least 5 people killed in building blaze in Argentine capital
2022-06-24 09:30:30,"World Insights: Gun lobby, interest-oriented market behind U.S. gun violence"
2022-06-24 00:36:00,Roundup: U.S. Supreme Court strikes down New York state law that limits gun-carrying in public
2022-06-25 17:53:02,
2022-06-25 05:37:30,"UN chief urges reintegrating food, fertilizer products from Ukraine, Russia into world markets"
2022-06-25 22:34:48,
2022-06-25 02:36:14,News Analysis: Turkey intent on blocking Nordic bids at NATO summit if security concerns persist
2022-06-25 22:01:00,Pro-gov't military leader shot dead by unidentified gunmen in Yemen's Marib
2022-06-25 11:34:45,"IMF chief sees ""narrowing path"" to avoiding U.S. recession"
2022-06-25 20:56:59,Biden signs gun bill as shootings continue to take toll on U.S.
2022-06-25 22:42:15,Roundup: Political uncertainty envelops Libya as UN-backed transitional phase expires: analysts
2022-06-25 21:02:43,Ethiopia eyes China's huge sesame market: official
2022-06-25 19:35:31,"Suspected nightclub shooting kills two, injures 21 in Oslo: police"
2022-06-25 07:25:45,Chile seizes major cocaine cache in stepped-up fight against organized crime
2022-06-25 05:19:30,UN chief calls for action to help internally displaced persons
2022-06-25 22:34:15,Biden signs gun bill as shootings continue to take toll on U.S.
2022-06-25 01:19:00,U.S. Supreme Court ruling overturns landmark decision on abortion rights
2022-06-25 06:23:45,"IMF chief sees ""narrowing path"" to avoiding U.S. recession"
2022-06-25 20:06:44,Somali parliament approves appointment of Barre as PM
2022-06-26 04:22:00,"Update: Iran, EU say nuke talks to resume in days"
2022-06-26 00:34:45,Turkey's concerns not eased on Finland and Sweden's NATO bid: Erdogan
2022-06-26 00:37:30,"Iraqi PM to visit Iran, Saudi Arabia soon"
2022-06-26 05:15:15,Lebanon faces new wave of COVID-19: ministry
2022-06-26 08:04:50,Demonstrators protest against U.S. Supreme Court's ruling on abortion
2022-06-26 00:29:43,"Egyptian president, Qatari emir vow to boost cooperation after thaw in ties"
2022-06-26 00:49:45,"Ghana repatriates 1,320 Nigeriens over street begging"
2022-06-26 02:21:00,Tunisia arrests 8 women allegedly linked to terror group: ministry
2022-06-26 01:03:44,French-speaking Gabon joins the Commonwealth: Gabonese President
2022-06-26 00:30:29,"Singapore reports 6,168 new COVID-19 cases"
2022-06-26 00:14:29,Sri Lanka to limit fuel for private vehicles as fuel suppliers delay shipments
2022-06-26 00:00:30,Vietnam's Da Nang city holds investment forum
2022-06-26 00:34:45,Turkey's concerns not eased on Finland and Sweden's NATO bid: Erdogan
2022-06-26 02:45:00,One in two households in Greece struggling to cover energy needs: survey
2022-06-26 05:07:15,Russian-operated tanker to sail to Piraeus after moored off Greek island for days
2022-06-25 21:32:59,Biden signs gun bill as shootings continue to take toll on U.S.
2022-06-25 22:34:15,Biden signs gun bill as shootings continue to take toll on U.S.
2022-06-25 20:56:59,Biden signs gun bill as shootings continue to take toll on U.S.
