﻿2022-03-07 17:34:15,Land-sea trade corridor facilitates car imports from Middle East to China
2022-03-08 23:56:02,Presidium of China's annual legislative session holds 2nd meeting
2022-03-08 17:20:14,"China's judicial authorities strengthen protection of women, children"
2022-03-09 23:38:22,China's top political advisory body holds standing committee meeting
2022-03-09 23:54:15,"Xinhua Headlines: China ups legal protection of citizens, further advances law-based governance"
2022-03-09 19:51:58,"Top political advisor calls for peaceful, integrated development of cross-Strait relations"
2022-02-16 13:39:13,Stories of Jingdezhen in the Imperial Kiln: Famille verte wares from the Reigns of Jiajing and Wanli
2022-02-17 12:56:46,Stories of Jingdezhen in the Imperial Kiln: Designs for the Imperial Kiln
2022-02-19 08:51:39,Rain Water of 24 solar terms
2022-03-03 20:45:46,Cultural China: Preparedness averts peril
2022-03-05 13:57:44,24 Solar Terms: Awakening of Insects
2022-03-06 14:25:00,Ancient rock painting complex found in NW China
2022-03-06 00:07:13,Across China: American expat seeks to promote Chinese culture through cooking shows
2022-03-08 15:45:04,Feature: China-aided hospital to be key life-saving facility for Cambodians
2022-03-08 10:00:45,Chinese mainland reports 175 new local COVID-19 cases
2022-03-08 16:56:15,"China's judicial authorities strengthen protection of women, children"
2022-03-08 23:38:00,"China Focus: Females hold up ""half the sky"" in China's scientific research"
2022-03-08 23:49:01,"Xinhua Commentary: Understanding China's whole-process people's democracy at ""two sessions"""
2022-03-08 17:05:15,China steps up judicial protection of IPR: reports
2022-03-08 20:55:31,China urges U.S. to release details of bio-labs in Ukraine
2022-03-09 23:56:31,"Feature: Female power in a ""men's sport"""
2022-03-09 23:38:22,China's top political advisory body holds standing committee meeting
2022-03-09 17:11:45,Chinese shares close lower Wednesday
2022-03-09 20:10:01,"Advisory: Schedules for China's ""two sessions"" on March 10"
2022-03-09 20:38:15,"Voices at ""two sessions"" bring fresh ideas to common prosperity"
2022-03-09 20:51:15,Ping An Bank net profit up in 2021
2022-03-09 18:00:47,
2022-03-09 16:43:30,Nearly 3.17 bln COVID-19 vaccine doses administered on Chinese mainland
2022-03-09 17:46:44,"GLOBALink | Women flaw detection team on railway in Ningxia, China"
2022-03-09 18:30:46,Across China: Woman in wheelchair weaves way out of poverty
2022-03-09 15:53:46,Chinese shares close lower Wednesday
2022-03-09 11:18:43,Xinhua Commentary: Sci-tech progress an engine for China's high-quality development
2022-03-09 00:02:20,"NPC Constitution, Law Committee deliberates draft amendment to law on local legislatures, governments"
2022-03-09 14:45:15,"Organs have their own pace of aging, a Chinese study finds"
2022-03-09 23:26:00,Chinese premier to meet press on Friday
2022-03-09 17:33:45,China Focus: NPC deputy brings rosy prospects to villagers through rose plantation
2022-03-09 00:01:01,"Advisory: Schedules for China's ""two sessions"" on March 9"
2022-03-09 22:02:15,Xi Focus: The ladder of prosperity with seeds of hope
2022-03-09 18:03:00,China provides humanitarian aid supplies for Ukraine
2022-03-09 21:40:38,Chinese lawmakers raise 487 proposals to annual legislative session
2022-03-09 17:47:17,GLOBALink | Providing better education for children in rural China
2022-03-09 22:41:45,Diary from Hong Kong: a patient's 1st day at Tsing Yi COVID-19 isolation facility
2022-03-10 05:52:58,"Saudi, Chinese firms sign deal on space technologies, satellites, AI cooperation"
2022-03-10 06:08:00,"China's military spending maintains reasonable, steady growth: spokesperson"
2022-03-10 06:59:13,"China, like-minded countries concerned by violation of children's rights at immigration detention centers"
2022-03-10 06:20:58,Chinese PLA cooperates with militaries of over 50 countries in COVID-19 fight: spokesperson
2022-03-10 03:12:46,China donates 3rd batch of COVID-19 vaccines to UNRWA
2022-03-10 07:29:08,Smart farming program improves efficiency of agricultural production in Jiangxi
2022-03-10 06:14:01,"Chinese military spokesperson vows zero tolerance for ""Taiwan independence"" separatist acts"
2022-03-10 00:40:32,"Hong Kong focuses on reducing deaths, critical cases in COVID-19 battle: Carrie Lam"
2022-03-10 01:40:45,Interview: HKSAR chief executive on Hong Kong's path out of worst COVID-19 wave
