﻿2022-03-19 19:14:12,"Trade between China's Hunan, B&R countries surges in first 2 months"
2022-03-19 07:13:30,U.S. military aircraft crashes in Norway
2022-03-19 12:14:45,"S. Korea reports 381,454 new COVID-19 cases"
2022-03-19 22:40:47,GLOBALink | On site in Ukraine: Residents stock up on supplies in Kharkiv
2022-03-19 13:04:45,World Insights: Risks posed by worldwide U.S.-funded biolabs cause jitters around globe
2022-03-19 19:22:14,"Somali, AU military chiefs set up team on rules of operations for new peace mission"
2022-03-19 22:29:00,Putin criticizes U.S. military-biological research in Ukraine
2022-03-19 10:12:00,Xinhua Commentary: World needs answer on U.S. biolabs
2022-03-19 12:11:26,U.S. denies once again signs of new wave of COVID-19: The Guardian
2022-03-19 06:18:30,Chilean economy records historic 11.7 pct growth in 2021
2022-03-19 07:14:30,Canada's chief health officer calls for getting third dose of vaccine
2022-03-19 01:03:01,Serbian football fans list U.S.-led NATO interventions with banners
2022-03-19 07:10:30,"Violations of indigenous peoples' rights by U.S. ""chronic, systemic racism"": diplomat"
2022-03-19 18:39:00,"UNEP joins global alliance to advance human, planetary health"
2022-03-20 19:34:15,More African agricultural products to enter Chinese market: SCMP
2022-03-20 10:15:44,"Chile adds 12,357 COVID-19 cases"
2022-03-20 12:32:00,Biden mourns passing of U.S. Congressman Don Young
2022-03-20 23:24:45,Ukraine extends martial law
2022-03-20 02:26:45,"Serbian, Hungarian leaders inaugurate section of Belgrade-Budapest railway"
2022-03-20 21:12:15,"Egypt, Pakistan agree to boost bilateral ties"
2022-03-20 19:38:12,"Experts, citizens from various countries criticize West's double standards in opposing war"
2022-03-20 18:54:46,"Roundup: Experts, citizens from various countries criticize West's double standards in opposing war"
2022-03-20 20:33:14,Feature: Worries and wishes of a street flower vendor in Iran
2022-03-20 21:24:16,Severe cooking gas shortage hits war-ravaged Yemen
2022-03-20 14:17:32,
2022-03-21 09:41:42,"Argentina registers 1,227 new COVID-19 cases, 11 more deaths"
2022-03-21 04:29:15,"Qatar, Germany vow to strengthen energy cooperation"
2022-03-21 04:15:59,Yemen's Houthis launches drones attacks against Saudi Aramco oil facilities
2022-03-21 08:14:27,Refugees receive food from distribution center of UNRWA at Al-Shati refugee camp in Gaza City
2022-03-21 00:50:00,World legislators meet in Indonesia's Bali for climate change issues
2022-03-21 09:59:08,"Newroz celebration marked in Erbil, Iraq"
2022-03-21 09:28:02,"Feature: After 19 years, U.S. human rights crimes still fresh in Iraq"
2022-03-21 03:53:15,"Iran's supreme leader, president laud nationals for defeating U.S. ""maximum pressure"""
2022-03-21 09:04:29,Russia says to open humanitarian corridors from Mariupol
2022-03-20 23:26:45,"Two killed, 17 injured in Tanzanian road accident"
2022-03-21 10:02:00,Malawi rolls out polio vaccination campaign targeting 2.9 mln children
2022-03-21 01:10:00,Local organizations welcome court interdict on Amazon HQ construction in South Africa
2022-03-21 09:21:45,Federal gov't rejects concerns over South Australian election result
2022-03-21 10:00:00,"Malaysia reports 19,105 new COVID-19 infections, 71 more deaths"
2022-03-21 09:27:59,Australian gov't announces funding boost for plastic recycling technology
2022-03-21 08:17:05,"Fallas festival celebrated in Valencia, Spain"
2022-03-21 09:04:29,Russia says to open humanitarian corridors from Mariupol
2022-03-21 09:46:41,"Russia, Ukraine make progress in ceasefire negotiations: Turkish FM"
2022-03-21 09:28:02,"Feature: After 19 years, U.S. human rights crimes still fresh in Iraq"
2022-03-21 09:47:57, St. Patrick's Day Parade returns to Toronto
2022-03-21 09:51:56,"1 killd, 24 injured in U.S. car show shooting"
