﻿2022-06-23 20:32:01,South Koreans hold anti-THAAD protest near presidential office
2022-06-24 01:20:31,"The China-Europe Railway Express (Chongqing) embarks on its 10,000th trip"
2022-06-21 22:34:00,UK's biggest rail strike in 30 years causes major disruption
2022-06-21 20:50:17,Kenya reinstates mask mandate as COVID-19 positivity rate spikes
2022-06-21 21:47:45,"Hungary supports Ukraine's EU bid, Orban tells Zelensky"
2022-06-22 02:49:45,"Israeli FM, Blinken discuss Biden's upcoming visit"
2022-06-22 22:02:00,Official campaigning starts for Japan's upcoming upper house election
2022-06-22 13:43:58,"Shootings in Buffalo, Uvalde just tip of iceberg of U.S. gun violence: El Pais"
2022-06-22 05:46:58,"Egyptian president, Saudi Arabian crown prince vow to address security threats"
2022-06-22 14:02:00,"Quake kills at least 280, injures 595 in eastern Afghanistan"
2022-06-23 07:28:29,Biden calls on Congress to suspend federal gas tax for 90 days
2022-06-23 10:50:16,Chilean gov't to reinvest in copper giant Codelco
2022-06-23 13:45:13,About 31 mln working-age Americans suffer from long COVID-19: Brookings Institution
2022-06-23 13:47:00,Americans feel less secure despite growing military budget: The Washington Post
2022-06-23 06:44:29,"Russian FM in Iran to discuss nuclear talks, bilateral ties"
2022-06-23 01:04:45,Bulgarian gov't ousted by no-confidence vote
2022-06-23 15:13:51,
2022-06-23 17:56:46,
2022-06-23 19:19:30,Japan's Okinawa repeats call for scrapping plans to relocate U.S. base on the island
2022-06-23 14:54:22,Ecuadoran president tests positive for COVID-19
2022-06-23 04:00:59,UN chief saddened by heavy loss of life in Afghanistan earthquake
2022-06-23 19:24:29,"Iran, Russia vow boost to comprehensive ties"
2022-06-24 05:02:59,Emergency preparedness requires gender-aware responses: UN report
2022-06-24 02:26:14,"Iran, Russia vow boost to comprehensive ties"
2022-06-24 04:12:00,"EU leaders grant Ukraine, Moldova EU candidate status"
2022-06-24 06:02:14,"Palestine says Israeli settlement expansion undermines two-state solution, peace"
2022-06-24 03:30:15,Re-appointed Lebanese PM urges political parties to cooperate for saving country
2022-06-24 06:44:15,News Analysis: U.S. president touts gas tax holiday amid surging energy prices
2022-06-24 02:12:15,At least 5 people killed in building blaze in Argentine capital
2022-06-24 07:12:15,News Analysis: U.S. president touts gas tax holiday amid surging energy prices
2022-06-24 04:41:58,UN envoy stresses need to engage Taliban in Afghanistan
2022-06-24 05:14:59,UNICEF appeals for funding to tackle lethal child undernutrition ahead of G7 summit
2022-06-24 09:30:30,"World Insights: Gun lobby, interest-oriented market behind U.S. gun violence"
2022-06-24 07:54:31,"Israel discovers 1,200-year-old mosque in Negev desert"
2022-06-24 00:36:00,Roundup: U.S. Supreme Court strikes down New York state law that limits gun-carrying in public
2022-06-24 04:15:00,"Roundup: Saudi crown prince wraps up regional tour for mending rifts, enhancing cooperation"
2022-06-24 05:04:15,UN envoy stresses need to engage Taliban in Afghanistan
2022-06-24 02:04:32,Feature: Gazan refugees hope for better life amid harsh reality
2022-06-24 04:35:59,UAE's Emirates Airline launches 1st passenger flight to Israel
2022-06-24 09:36:30,Ghanaian VP calls for economic cooperation in Africa to address global challenges
2022-06-24 04:39:00,Libya's Interior Ministry condemns deadly clashes in Tripoli
2022-06-24 02:51:30,Tunisia holds investment forum to attract int'l investment
2022-06-24 13:53:45,Singapore's manufacturing output growth expands to 13.8 pct in May
2022-06-24 13:53:00,"India reports more than 17,000 new COVID-19 cases"
2022-06-24 13:46:00,"Pandemic has left many Aussies feeling lonely, researchers find"
2022-06-24 10:19:45,Portugal's Ocean Winds to invest 1.58 bln USD in offshore wind project
2022-06-24 13:16:00,At least 2 killed in Il-76 plane crash in Russia
2022-06-24 12:06:43,Facts about Russia-Ukraine conflict: Ukraine receives artillery rocket systems from U.S.
2022-06-24 13:13:45,U.S. Senate passes compromised gun bill
2022-06-24 10:33:45,U.S. to send Ukraine more rocket systems in new weapons package
2022-06-24 13:40:59,"Interview: U.S. interest rate hikes, tighter monetary policy to slow LatAm growth, Chilean expert warns"
