﻿2022-06-23 20:28:00,Senior legislators meet to deliberate law drafts
2022-06-23 01:53:45,Chinese FM meets Indian new ambassador
2022-06-24 07:40:27,HK vibrant with celebratory atmosphere ahead of 25th anniversary of return to motherland
2022-06-24 02:52:48,"Xinhua Headlines: President Xi calls for peace, development, openness, innovation to build high-quality BRICS partnership "
2022-06-24 01:20:31,"The China-Europe Railway Express (Chongqing) embarks on its 10,000th trip"
2022-05-29 13:05:59,
2022-06-06 08:18:04,24 Solar Terms: Grain in Ear
2022-06-20 08:55:04,"GLOBALink | See you again, Bayanbulak"
2022-06-21 07:36:44,24 Solar Terms: Summer Solstice
2022-06-22 22:44:13,"China's top political advisor calls for fostering green, low carbon development"
2022-06-22 19:36:13,Chinese scientists achieve important breakthrough in silkworm research
2022-06-23 11:19:45,China launches new batch of remote sensing satellites
2022-06-23 22:02:30,"Macao's COVID-19 cases continue to rise, indoor entertainment venues closed"
2022-06-23 20:13:44,China commends Nepal's decision not to move ahead on SPP with U.S.
2022-06-23 20:29:00,China aims to boost digital government construction
2022-06-23 02:31:00,"China to continue measures for flood control, disaster relief"
2022-06-23 18:22:15,Across China: Technologies aid efforts to raise public awareness of cultural relic restoration
2022-06-23 10:46:30,China renews yellow alert for high temperatures
2022-06-23 18:20:13,China to establish national demonstration zones for IPR protection
2022-06-23 23:34:45,U.S. policy toward China road to self-destruction: Asia Times
2022-06-23 23:50:59,China Focus: China promotes cooperation among BRICS countries in fighting COVID-19 pandemic
2022-06-23 17:13:48,
2022-06-23 20:44:00,"Xi stresses need to build basic data systems, enhance administrative division management"
2022-06-23 10:18:14,Chinese mainland reports 13 new local confirmed COVID-19 cases
2022-06-23 00:39:45,China's top legislator attends symposium of lawmakers
2022-06-23 22:30:29,"Chinese, Iranian FMs holds phone conversation on ties"
2022-06-23 15:16:30,(HKSAR 25) Factbox: Highlights of Hong Kong's development achievements since its return to motherland
2022-06-23 23:57:45,Full Text: Remarks by Chinese President Xi Jinping at the 14th BRICS Summit
2022-06-23 01:05:44,Veterans encouraged to work as teachers in China
2022-06-24 10:54:00,No casualties reported from Xinjiang's 5.1-magnitude quake
2022-06-24 10:05:45,"China-Europe Railway Express (Chongqing) embarks on 10,000th trip"
2022-06-24 12:26:45,Taiwan's jobless rate rises to 3.68 pct in May
2022-06-24 07:46:08,"Scenery of Hinggan League, north China's Inner Mongolia"
2022-06-24 13:28:00,China Focus: China passes new law to strengthen black soil protection
2022-06-24 11:12:14,China adopts amendment to anti-monopoly law
2022-06-24 13:26:00,China pays UN peacekeeping dues in full
2022-06-24 09:17:30,Chinese mainland reports 18 new local confirmed COVID-19 cases
2022-06-24 11:00:15,China renews yellow alert for heatwaves in multiple regions
2022-06-24 13:24:45,Chinese envoy calls for more int'l support for Afghanistan
2022-06-24 09:10:15,
2022-06-24 10:55:00,Means of production prices fall in China
2022-06-24 09:57:43,"(HKSAR 25) Roundup: Retaining competitive edge, Hong Kong embarks on new journey toward prosperity"
2022-06-24 10:37:01,Life-saving relay amid floods in south China
2022-06-24 12:24:45,RMB gains larger share in global payments: SWIFT
2022-06-24 08:15:54,"Hongjiannao National Nature Reserve in NW China's Shaanxi, sanctuary for relict gulls "
2022-06-24 13:40:00,"Direct flight to link China's Chongqing, Madrid"
2022-06-24 09:56:49,Chinese mainland reports 18 new local confirmed COVID-19 cases
2022-06-24 01:09:15,Full text of 14th BRICS Summit Beijing Declaration
2022-06-24 11:20:30,China passes new law to strengthen black soil protection
