﻿2022-03-07 17:34:15,Land-sea trade corridor facilitates car imports from Middle East to China
2022-03-11 16:34:00,"India's ruling party BJP wins 4 states, credit given to Modi's pro-poor policies"
2022-03-08 20:55:30,One third of hi-tech workers in Israel are women: report
2022-03-08 22:02:16,Economic Watch: High volatility seen in commodity prices amid Ukraine crisis
2022-03-08 19:24:16,"Russia introduces ""silence regime"" in Ukraine for safe evacuation of civilians"
2022-03-09 19:35:27,"Israel's president flies to Turkey to ""restart"" ties"
2022-03-09 06:59:01,Polls begin to pick new South Korean president
2022-03-09 12:02:47,Racial disparities remain in U.S. physics graduates: report
2022-03-09 07:07:00,U.S. federal budget deficit reaches 475 bln USD in first five months of FY 2022: CBO
2022-03-09 11:46:45,NATO countries use Ukraine crisis to pursue militaristic projects: report
2022-03-10 21:41:00,Hungarian parliament elects Katalin Novak as president
2022-03-10 07:44:13,9 people shot dead in central Mexico
2022-03-10 13:43:30,"S.Korea reports 327,549 new COVID-19 cases"
2022-03-10 21:36:00,"Russian, Ukrainian FMs say ready to continue dialogue over conflict"
2022-03-10 14:13:28,U.S. House passes 1.5 trln USD omnibus spending bill
2022-03-10 21:58:00,"Israeli president's ""historic"" visit continues in Turkey's Istanbul"
2022-03-10 16:51:00,"Russian, Ukrainian foreign ministers meet in Turkey -- media"
2022-03-10 07:03:15,Dow rebounds over 650 points as investors eye latest conflict in Ukraine
2022-03-11 05:53:15,Reported armed convoys in Tripoli increase concern: UN
2022-03-11 06:09:16,Brazil expects record agricultural output in 2022
2022-03-11 20:17:15,"EU foreign policy chief says ""pause needed"" in Iran nuke talks"
2022-03-11 22:13:16,German inflation exceeds 5 pct mark again in February
2022-03-11 21:00:48,
2022-03-11 11:12:28,UNSC to convene at Russia's request to probe into U.S. military biological activities in Ukraine
2022-03-11 00:31:46,U.S. children severely behind in reading after 2 years of pandemic: media
2022-03-11 19:21:37,Putin approves sending foreign volunteers to Donbass
2022-03-11 07:40:45,Topping-out ceremony for part of Crescent Tower in Egypt's new administrative capital
2022-03-11 15:50:48,
2022-03-11 19:46:49,"American ""sabotage and psychological operations"" delay Vienna talks: Iranian source"
2022-03-11 13:13:45,"S. Korea reports 282,987 new COVID-19 cases"
2022-03-11 06:15:15,"Roundup: Truck convoy circles Capital Beltway for 4th day, as travel mask mandate extended"
2022-03-11 20:34:31,"Iran confirms ""pause"" in Vienna nuke talks"
2022-03-11 13:26:00,IMF to downgrade global growth forecast amid Ukraine crisis: IMF chief
2022-03-12 09:21:00,Brazil launches national plan to cut reliance on fertilizer imports
2022-03-12 05:33:45,Gabriel Boric inaugurated as youngest president of Chile
2022-03-12 03:08:14,UN warns of impending famine in war-ravaged Yemen due to economic collapse
2022-03-12 02:24:15,Lebanon bans export of locally produced food to combat food shortage
2022-03-12 00:29:15,Canada's unemployment rate falls below pre-COVID-19 level for first time
2022-03-12 04:05:30,"UN chief says 11 years of ""brutal fighting"" in Syria must end"
2022-03-12 05:14:30,Morocco seizes 2 tonnes of cannabis
2022-03-12 09:50:45,Egypt Desert Challenge Rally held to stimulate sports tourism
2022-03-12 06:13:45,Roundup: Sudanese currency collapse paralyse major markets in Khartoum
2022-03-11 22:23:31,"Singapore reports 15,345 new COVID-19 cases"
2022-03-12 09:09:01,New Zealanders queue for petrol as price hikes
2022-03-12 10:20:30,"Malaysia reports 32,800 new COVID-19 infections, 76 new deaths"
2022-03-12 07:06:43,COVID-19 cases surge after Ireland lifts mask mandate
2022-03-12 04:26:30,Italy's COVID-19 case count rises again
2022-03-12 04:42:31,Italy's wine exports reach record levels in 2021
2022-03-12 07:29:43,U.S. stocks fall as Ukraine conflict roils markets
2022-03-12 07:32:01,U.S.-listed Chinese firms trade lower
2022-03-12 09:32:58,"2 dead, 9 injured after vehicle crashes into outdoor seating of restaurant in U.S. capital"
