﻿2022-05-05 12:20:11,Freight transport booms on China-Laos Railway
2022-05-07 02:42:56,At least 8 killed in Havana hotel explosion
2022-05-02 16:38:31,
2022-05-02 20:28:43,
2022-05-04 11:40:28,DPRK fires what appears to be ballistic missile toward eastern waters: Japanese gov't
2022-05-04 04:23:28,At least 16 killed in bus-fuel truck collision in Ukraine
2022-05-04 18:00:30,Russia-Ukraine conflict increases uncertainty for Finnish tech firms
2022-05-04 16:04:15,"Cambodia, Indonesia, Thailand to host 3 major leaders' meetings in November: joint statement"
2022-05-04 03:47:28,Ukraine gets 4.5 bln euros in int'l aid since start of conflict
2022-05-05 04:02:01,"U.S. Fed raises interest rates by half point, ramping up inflation fight"
2022-05-05 13:56:15,News Analysis: How will abortion rights fight affect U.S. midterms?
2022-05-05 07:06:13,"UN action plan for clean, affordable energy by 2030 announced"
2022-05-05 22:15:13,"Bank of England hikes interest rate to 1 pct, 13-year high"
2022-05-05 14:11:26,"Biden declares ongoing wildfires in New Mexico ""a major disaster"""
2022-05-05 20:12:41,OPEC+ sticks to modest output boost despite oil rally
2022-05-05 19:34:45,Turkey's annual inflation hits two-decade high of nearly 70 percent
2022-05-05 19:37:43,Pakistani PM expresses grief over loss of lives in floods hitting Afghanistan
2022-05-06 23:50:46,China-aided borehole project boosts water access in eastern Rwanda
2022-05-06 11:28:14,"Interview: Fed rate hike could deal blow to developing countries, Argentine economist warns"
2022-05-06 10:06:41,Panama confirms first new acute hepatitis case in 2-year-old boy
2022-05-06 23:30:45,Feature: Kenyan rural women broaden revenue streams through basket weaving
2022-05-06 15:17:41,Death toll in Afghanistan's floods rises to 9: authorities
2022-05-06 13:50:30,Palestinian president condemns fatal ax attack in Israel
2022-05-06 07:29:16,"UN chief calls for end to ""cycle of death, destruction"" in Ukraine"
2022-05-06 13:00:38,Los Angeles County Fair launched after two-year hiatus 
2022-05-06 06:55:15,U.S. FDA limits use of Johnson & Johnson COVID-19 vaccine over blood clot risk
2022-05-07 04:51:13,"Lebanese expat voter turnout in 9 Arab countries, Iran hits 53 pct"
2022-05-07 07:40:31,U.S. CDC investigating over 100 severe hepatitis cases in children
2022-05-07 01:40:58,World food prices down slightly after record surge: FAO
2022-05-07 06:02:13,"Iraq reports 40 hemorrhagic fevers cases, 8 deaths: ministry"
2022-05-07 11:02:58,"Palestine condemns Israeli decision to build 4,000 settlement units in West Bank"
2022-05-07 05:22:15,U.S. unemployment rate unchanged at 3.6 pct in April amid tight labor market
2022-05-07 05:16:11,Russia says 50 more civilians evacuated from Azovstal
2022-05-07 03:34:15,"UK Conservatives suffer losses in local elections amid partygate scandal, inflation"
2022-05-07 11:00:58,Peru's Congress shelves president's constitutional reform bill
2022-05-07 03:14:00,"UK Conservatives suffer losses in local elections amid partygate scandal, inflation"
2022-05-07 07:05:11,"Gas leak sparks hotel blast, says Cuban presidential office"
2022-05-07 05:33:15,UN chief welcomes Security Council speaking with one voice for peace in Ukraine
2022-05-07 02:24:56,African lobbies launch campaign to track expenditure of climate finance
2022-05-07 02:37:00,China's Sinosteel Cam S.A. inks iron ore deal in Cameroon
2022-05-07 00:19:45,South Sudan kicks off plans to nationalize oil industry
2022-05-07 09:45:46,Sri Lanka declares state of emergency amid unrest
2022-05-07 11:04:00,"Malaysia reports 1,251 new COVID-19 infections, 7 more deaths"
2022-05-07 10:25:56,"S.Korea reports 39,600 new COVID-19 cases"
2022-05-07 07:40:21,"Exhibition of ""In 80 Coins around the World"" held in Vienna, Austria"
2022-05-07 09:24:43,Pope says NATO may have caused Russia's moves in Ukraine: Politico
2022-05-07 10:45:59,The 2022 Giro d'Italia began in Budapest
2022-05-07 08:56:56,In pics: 2022 OAFC Trade Show in Canada
2022-05-07 07:40:31,U.S. CDC investigating over 100 severe hepatitis cases in children
2022-05-07 08:59:26,At least 18 killed in Havana hotel explosion
