﻿2022-08-03 18:21:45,"China, Cambodia vow to carry forward traditional friendship"
2022-08-04 16:58:15,China launches terrestrial ecosystem carbon monitoring satellite
2022-08-05 02:17:45,PLA Eastern Theater Command launches unprecedented live-fire joint exercises around Taiwan Island
2022-08-05 22:00:50,PLA Eastern Theater Command launches live-fire joint exercises around Taiwan Island
2022-08-05 13:47:47,
2022-08-06 00:22:30,PLA Eastern Theater Command continues joint exercises around Taiwan
2022-06-06 08:18:04,24 Solar Terms: Grain in Ear
2022-06-20 08:55:04,"GLOBALink | See you again, Bayanbulak"
2022-06-21 07:36:44,24 Solar Terms: Summer Solstice
2022-07-07 07:14:05,24 Solar Terms: Lesser Heat
2022-08-01 15:21:45,"Driven by sizzling sci-fi comedy, China's summer box office picks up speed"
2022-08-01 10:06:00,Intangible cultural heritage exhibition held in Xinjiang
2022-08-03 16:05:30,World heritage site Huangshan Mountain attracts more tourists in July
2022-08-04 21:08:15,PLA drills a deterrent to collusion between United States and China's Taiwan: spokesperson
2022-08-04 02:20:45,Political parties of various countries strongly oppose Pelosi's visit to China's Taiwan region
2022-08-04 17:44:45,"Tsai Ing-wen's obstinate pursuit of ""Taiwan independence"" extremely harmful: experts"
2022-08-04 17:28:15,"Experts back punishments for organizations related to die-hard ""Taiwan independence"" elements"
2022-08-04 18:10:00,Int'l community supports China in taking all necessary measures to counter U.S. provocation
2022-08-04 21:50:15,Xi Focus: Xi's inspection tours reflect efforts to steer China's economy toward sustainable future
2022-08-04 18:08:30,UN chief affirms one-China policy as Pelosi's Taiwan visit creates tensions
2022-08-04 23:22:45,"Xinhua Commentary: U.S. grossly trampling on international law, basic norms governing international relations"
2022-08-04 17:49:00,Bi-khim Hsiao to face historical reckoning for promoting Pelosi's Taiwan visit: mainland spokesperson
2022-08-04 23:49:15,China's non-CPC political parties make joint statement on Pelosi visit
2022-08-04 19:44:00,Hong Kong starts COVID-19 vaccination of children aged under 3
2022-08-05 20:30:15,China's Hunan achieves progress in high-quality development
2022-08-05 10:11:30,Chinese mainland reports 162 new local confirmed COVID-19 cases
2022-08-05 21:07:30,China to promote advanced coal production capacity
2022-08-05 16:58:04,
2022-08-05 02:17:45,PLA Eastern Theater Command launches unprecedented live-fire joint exercises around Taiwan Island
2022-08-05 22:00:50,PLA Eastern Theater Command launches live-fire joint exercises around Taiwan Island
2022-08-05 21:50:30,China summons Japanese ambassador to lodge representations over G7 statement on Taiwan
2022-08-05 17:07:00,"Test site for intelligent, connected vehicles built in China's Wuhan"
2022-08-05 21:55:00,Slackliners compete on cliffs in central China
2022-08-05 00:45:45,Chinese FM firmly refutes G7 statement on Taiwan
2022-08-05 21:46:15,Xinhua Commentary: China's reunification an unstoppable trend
2022-08-05 19:06:45,China's pork price down 7 pct last week
2022-08-05 17:30:32,
2022-08-05 21:27:36,Children enjoy summer vacation in Shenyang
2022-08-05 20:02:40,Tourists visit Bashang area of Fengning in N China's Hebei
2022-08-05 15:18:15,Archaeologists reveal history of millennium-old temple in China's Gansu
2022-08-05 18:38:45,China probes into accusations of coal price gouging
2022-08-05 16:00:30,"Chinese, U.S. scientists design drug delivery tool for brain cancer"
2022-08-05 19:24:45,"Chinese FM to visit Bangladesh, Mongolia; ROK, Nepalese FM to visit China"
2022-08-05 19:10:16,Chinese Foreign Ministry announces countermeasures in response to Nancy Pelosi's visit to Taiwan
2022-08-06 04:02:15,Six reasons why Pelosi's visit to Taiwan is a mistake
2022-08-06 01:40:30,"China denounces U.S. as ""unprovoked provocateur and creator of crisis"""
2022-08-06 07:17:47,5th China Int'l Industrial Design Exhibition kicks off in Wuhan
2022-08-06 00:47:30,China warns of possible flooding in major river basins
2022-08-06 01:15:15,China lodges representations with Canada over G7 statement on Taiwan
2022-08-06 00:22:30,PLA Eastern Theater Command continues joint exercises around Taiwan
2022-08-06 01:09:15,"Chinese, Singaporean FMs exchange views on Taiwan question"
