﻿2022-06-16 20:39:15,"Kenya, Zambia resolve to remove barriers to spur trade"
2022-06-16 21:02:14,Shenyang East Railway Station sees 100th China-Europe freight train pull out
2022-06-12 21:29:46,UN says humanitarian supplies continue to arrive in Ethiopia's Tigray region
2022-06-13 18:21:58,Hundreds of DRC refugees cross into Uganda: relief agency
2022-06-13 19:19:00,Gunmen abduct 40 travellers in northwest Nigeria
2022-06-13 13:29:00,World Insights: Child labor common in U.S. despite calls for change
2022-06-14 09:21:13,"Israel issues highest travel warning for Istanbul, citing possible attacks by Iran"
2022-06-14 10:56:32,S&P 500 ends in bear market territory as recession fears mount
2022-06-14 03:20:30,"NATO says ""working hard"" on issues concerning Finland, Sweden's bids"
2022-06-14 04:32:30,U.S. San Francisco mayor announces grant for gun violence prevention program
2022-06-14 03:58:14,"U.S. reports about 88,000 weekly child COVID-19 cases"
2022-06-14 06:20:45,"News Analysis: Local, regional elections strengthen position of Italy's populist parties"
2022-06-14 20:29:23,U.S. Capitol riot hearings: election fraud claims under spotlight
2022-06-15 08:59:30,Economic Watch: U.S. gas prices highest in history -- could they go even higher?
2022-06-15 13:04:28,Experts say U.S. might already be in recession: CNBC
2022-06-15 07:32:15,Higher unemployment rate looms in U.S. as Fed fights inflation: WSJ
2022-06-15 20:13:48,Negotiations needed to bring ceasefire in Ukraine: France's Macron
2022-06-15 22:16:47,
2022-06-15 20:41:45,Sri Lanka receives medical equipment from UNFPA with support of China
2022-06-15 03:18:30,"Ukraine crisis threatens 2023 grain harvest, says top FAO economist"
2022-06-16 07:42:15,U.S. Fed raises rates by three-quarter point amid inflation surprises
2022-06-16 20:00:30,U.S. scholar: rap music should not be scapegoated as source of American violence
2022-06-16 02:24:00,U.S. to provide 1-bln-USD additional security assistance to Ukraine
2022-06-16 19:04:17,East African army commanders to meet in Nairobi over troubled eastern DR Congo
2022-06-16 02:22:47,
2022-06-16 03:32:58,Russia continues to slash gas supply to Europe
2022-06-16 14:42:45,Roundup: Members hope for outcomes on key issues at WTO's 12th ministerial meeting
2022-06-16 23:10:29,Kuwait returns 5 smuggled artifacts to Egypt
2022-06-16 11:46:58,Bolivia picks out representative to attend Chinese proficiency competition in China
2022-06-16 20:11:30,Afghan forces arrest 6 people on charge of illegally digging historical sites
2022-06-17 05:52:15,Argentina's central bank hikes interest rate to 52 pct
2022-06-17 04:11:00,"Biden follows Trump's ""crude and hostile"" policy on Mideast: Palestinian writer"
2022-06-17 05:35:14,Israeli university launches national center for inventors
2022-06-17 04:55:15,Argentine capital lifts indoor face mask mandate
2022-06-17 04:46:00,"Arab states urged to invest more in cyber technology, digital transformation"
2022-06-17 04:31:00,"Violence displaces over 17,000 in Mozambique's Cabo Delgado: UN"
2022-06-17 05:30:58,Iraq ready to host new round of Iranian-Saudi talks: FM
2022-06-17 05:54:15,Chinese diplomat urges U.S. to take concrete actions to compensate Afghans
2022-06-17 04:12:00,Egypt lifts all COVID-19-related entry restrictions
2022-06-17 07:29:18,"Grapes enter harvest season in Menoufia province, Egypt"
2022-06-17 04:31:00,"Violence displaces over 17,000 in Mozambique's Cabo Delgado: UN"
2022-06-17 00:28:45,E-banking in Pakistan continues steady growth: central bank
2022-06-17 00:40:44,Indian benchmark indices extend losing streak further on U.S. Fed rate hike
2022-06-16 23:55:45,Japan's ruling party pledges to boost defense ahead of upper house election
2022-06-17 05:30:15,"Zelensky, European leaders discuss Ukraine's EU integration, conflict with Russia"
2022-06-17 04:41:00,Nearly 30 pct of Irish households live in energy poverty: report
2022-06-17 03:58:00,Romania to buy 32 used F-16 jets from Norway
2022-06-17 07:08:15,Weekly storage of natural gas in U.S. up: EIA
2022-06-17 06:40:15,U.S.-listed Chinese firms trade lower
2022-06-17 06:35:13,"Dow drops over 700 points to end below 30,000"
