﻿2022-04-25 12:48:15,"Feature: With China's medical expertise, African island winning battle against malaria"
2022-04-25 10:52:14,Railway-resettled villagers move into new homes with new hopes
2022-04-23 20:51:30,New Ebola case confirmed in NW DR Congo
2022-04-24 21:10:30,"12 killed, 10 missing after boats capsize off Tunisia's coast"
2022-04-24 17:50:45,10 confirmed dead after tourist boat goes missing off Japan's Hokkaido
2022-04-24 14:07:28,"French presidential runoff kicks off between Macron, Le Pen"
2022-04-25 06:44:11,Freedom Movement celebrates landslide victory in Slovenia's election
2022-04-25 08:39:26,Moderate earthquake hits eastern Indonesia
2022-04-25 19:00:26,"Ukrainian president, top U.S. officials discuss assistance for Kiev"
2022-04-25 23:26:28,Russia asks U.S. to stop arming Ukraine
2022-04-25 06:10:56,Macron wins French presidential runoff: exit poll
2022-04-25 02:56:46,Macron wins French presidential runoff: exit poll
2022-04-25 18:28:45,
2022-04-25 07:25:26,UN chief urges stronger global cooperation as multilateralism under threat
2022-04-25 18:32:13,U.S. funding for military R&D surges 24 pct for past decade: SIPRI
2022-04-25 23:50:28,Suspected car bomb explodes outside prison in Ecuador
2022-04-25 17:32:29,
2022-04-25 07:32:13,Asian Americans fight rising hate crimes amid pandemic: The Guardian
2022-04-25 14:40:14,Over a dozen migrants injured after police chase in U.S. Texas
2022-04-25 21:02:00,Russia announces ceasefire near Azovstal plant to ensure civilian evacuation
2022-04-25 02:26:28,"Ugandan, Rwandan leaders agree on joint approach on insecurity in eastern DR Congo"
2022-04-25 09:12:46,Economic Watch: European economy bears brunt of sanctions blowback
2022-04-25 18:48:16,AU congratulates Macron on re-election as French President
2022-04-25 07:15:16,"U.S. retirement system ""built for the rich"": professor"
2022-04-25 13:41:16,"Chile reports 1,909 daily COVID-19 cases, no deaths"
2022-04-25 21:26:15,"Aviation industry, passengers confused by COVID-19 restrictions in UK: lawmakers"
2022-04-26 05:17:13,"Jordan, U.S. reaffirm coordination to prevent escalation of violations in Jerusalem"
2022-04-26 06:41:15,Twitter accepts Elon Musk's acquisition offer
2022-04-26 03:36:00,Colombia to lift mandatory use of face masks
2022-04-26 06:29:13,Indigenous leader presses for UN investigations into genocide by Canadian gov't
2022-04-26 00:22:43,"U.S., NATO presence in Afghanistan leads to only destruction, massacre: Iranian president"
2022-04-26 05:09:56,UN chief pushes for truce in Ukraine despite Russian envoy's negative response
2022-04-26 05:21:58,3 mortar rounds hit military base near Baghdad
2022-04-26 02:20:43,Erdogan underlines Istanbul process in talks with Guterres to end Ukraine crisis
2022-04-26 04:31:00,IAEA holds first int'l conference on nuclear law
2022-04-26 03:09:45,Western attempts to split Russian society unsuccessful: Putin
2022-04-26 03:54:00,Jordan reiterates support for UN efforts in resolving Yemeni crisis
2022-04-26 05:47:01,Feature: Chinese artemisinin medicines at front line of Sudan's fight against malaria
2022-04-26 03:50:56,Roundup: Artemisinin -- life-saving malarial treatment in Sudan
2022-04-26 05:04:01,Egypt unearths Greco-Roman temple in North Sinai
2022-04-26 00:06:43,World's oldest person dies at 119 in Japan
2022-04-26 00:16:28,Feature: Myanmar arts business booms after digital transformation
2022-04-25 23:49:30,"Kazakh president, Chinese defense minister agree to strengthen military cooperation"
2022-04-26 00:37:43,"UN chief, Turkish president promise to work for peace in Ukraine"
2022-04-26 04:34:00,Russian forces seize Kherson city council building: media
2022-04-26 04:31:00,IAEA holds first int'l conference on nuclear law
2022-04-26 05:33:58,Canadian police to ban motorcycle convoy protest from downtown
2022-04-26 07:40:12,Children take part in Bay Area Science Festival Discover Day in San Francisco
2022-04-26 06:41:15,Twitter accepts Elon Musk's acquisition offer
