﻿2022-05-15 23:20:14,"BRI delivers mutual benefits, says Italian expert"
2022-05-15 06:20:45,Egyptian students show language talents as Chinese Bridge contest concludes in Cairo
2022-05-17 06:46:16,Biden approves redeployment of U.S. troops to Somalia
2022-05-15 20:03:15,"Iran serious in Vienna talks, but not trusting ""enemy"": nuclear negotiator"
2022-05-15 17:12:46,Xinhua Commentary: Why a hegemonic Washington won't sway ASEAN
2022-05-15 10:43:45,Mass shooting in Buffalo being investigated as hate crime: U.S. Justice Department
2022-05-15 19:46:40,Demonstrators descend on U.S. cities amid fierce abortion rights debate
2022-05-15 17:04:42,U.S. white gunman arraigned hours after mass shooting
2022-05-15 23:36:11,Feature: Turkey's farmers yearn for support as costs soar
2022-05-15 06:20:45,Egyptian students show language talents as Chinese Bridge contest concludes in Cairo
2022-05-15 06:18:58,At least 10 killed in U.S. supermarket shooting
2022-05-16 06:32:56,Somali parliament re-elects former president Mohamud
2022-05-16 10:43:41,"Chinese Americans celebrate cultural heritage in New York, New Jersey"
2022-05-16 10:16:46,At least 11 killed in bus crash in northern Peru
2022-05-16 20:19:46,IGAD congratulates Hassan Sheikh Mohamud on election as Somalia's president
2022-05-16 22:16:48,
2022-05-16 21:18:00,"Russia concerned over Finland, Sweden's decision to join NATO: Kremlin"
2022-05-16 02:24:45,Sweden's ruling party pivots to support NATO membership
2022-05-16 14:44:59,"1 killed, 5 injured at church in U.S. California"
2022-05-16 21:53:15,"Sweden to apply to join NATO, says PM"
2022-05-16 22:49:30,
2022-05-16 05:13:41,"Feature: Palestinians demonstrate in Gaza, West Bank to mark 74th anniversary of Nakba Day"
2022-05-16 20:48:00,Pakistan PM sets up task force on climate change
2022-05-16 10:45:43,"UN chief appalled by racist shooting in Buffalo, New York"
2022-05-17 05:04:46,UN voices concern over clashes in Libya's Tripoli
2022-05-17 03:56:43,Colombia's ELN guerrillas declare unilateral ceasefire for presidential elections
2022-05-17 06:03:45,Israel cancels mandatory COVID-19 tests for inbound travelers
2022-05-17 04:37:28,"Ukrainian, EU officials discuss Ukraine's European integration aspirations"
2022-05-17 01:26:15,13 injured in blast in Pakistan's Karachi
2022-05-17 05:37:45,Feature: Cuba boosts ecotourism at island keys
2022-05-17 06:09:43,Mexican president hopes to reach agreement with U.S. on Summit of the Americas
2022-05-17 06:28:44,Palestinians warn against Israeli cable car plan in Jerusalem
2022-05-17 04:15:28,No deal reached for EU on oil embargo against Russia
2022-05-17 06:05:41,"Clashes erupt between Palestinians, Israeli police during funeral in Jerusalem"
2022-05-17 04:16:28,"Swedish, Finnish delegations shouldn't bother to visit Ankara: Turkey's president"
2022-05-17 01:33:13,UN chief welcomes Somalia's peaceful presidential elections
2022-05-17 00:29:15,UN congratulates new Somalian leader on successful polls
2022-05-17 03:59:28,Horn of Africa drought affects 18 mln people: UN
2022-05-17 05:44:41,Tunisian minister's wife injured in explosion at home
2022-05-17 09:34:16,Coup attempt foiled in Mali: gov't spokesperson
2022-05-17 10:13:16,"Malaysia reports 1,697 new COVID-19 infections, 5 new deaths"
2022-05-17 10:06:17,Fiji reports 39 new COVID-19 cases
2022-05-17 09:47:30,Leptospirosis claims 41 lives in Fiji this year
2022-05-17 05:03:45,German Green party almost triples result in key state election
2022-05-17 05:23:43,"Putin says Russia would respond to expansion of NATO military infrastructure into Finland, Sweden"
2022-05-17 07:55:05,"Flight show held in Zadar, Croatia"
2022-05-17 07:18:00,Oil prices rise amid strength in gasoline
2022-05-17 09:28:15,Guest Opinion: An exceptional U.S. remains exceptional on child labor
2022-05-17 05:43:43,U.S. stocks end mixed as market volatility continues
