﻿2022-08-31 21:33:47,China-Europe freight train from Turkmenistan arrives at China's Xi'an
2022-09-02 06:46:15,IAEA chief leaves Zaporizhzhia nuclear plant
2022-08-30 21:10:45,Angola major opposition party to file complaint against election results
2022-08-30 18:43:45,Sri Lanka to form unit to help restructure state-owned enterprises: president
2022-08-31 15:52:46,Tomato flu scare grips India
2022-08-31 04:58:30,"Ukrainian president, IAEA chief discuss mission to Zaporizhzhia nuclear power plant"
2022-08-31 13:26:45,"36 killed, 1,941 injured in rain spells across Pakistan in 24 hours"
2022-08-31 21:04:31,
2022-08-31 06:11:30,Iraqi PM threatens to quit if political conflict continues
2022-08-31 06:22:45,Putin expresses deep condolences over death of Gorbachev
2022-08-31 17:14:45,"Interview: Restored Venezuela-Colombia ties a blow to U.S., says expert"
2022-08-31 22:28:45,India's GDP grows at 13.5 percent in April-June period: gov't data
2022-08-31 04:04:30,Russia's Gazprom to reduce gas deliveries to French Engie due to disagreement
2022-08-31 17:06:32,
2022-09-01 01:31:45,Russia bans 55 more Canadians from entry
2022-09-01 02:37:15,Black Americans see racism as persistent challenge: poll
2022-09-01 20:00:30,News Analysis: Turkish economy faces uncertainty despite rapid growth this year: economists
2022-09-01 16:09:00,"Feature: Rising college cost, teacher shortage vexing for Americans"
2022-09-01 23:17:30,"Cambodia arrests 10,545 drug-related suspects in first 8 months"
2022-09-01 02:19:00,EU FMs agree to suspend visa facilitation agreement with Russia
2022-09-01 04:37:30,Brazil unemployment at lowest level since December 2015
2022-09-01 23:55:00,IAEA mission arrives at Zaporizhzhia nuclear plant
2022-09-01 21:12:30,India launches indigenous vaccine for prevention of cervical cancer
2022-09-02 02:08:00,Jerusalem-themed int'l book fair opens in Jordan's capital
2022-09-02 05:03:45,"Iran ""carefully, rapidly"" preparing answer to U.S. nuke deal responses: FM"
2022-09-02 03:56:30,Global COVID-19 cases surpass 600 mln: WHO
2022-09-02 05:25:45,"UN Security Council calls on parties in Libya to preserve calm, refrain from violence"
2022-09-02 06:35:30,Chilean gov't rules out water rationing amid ongoing drought
2022-09-02 06:03:30,Poland to seek trillion dollar war reparations from Germany for WWII
2022-09-02 04:34:00,"N. Ethiopia fighting triggers displacements, limits access, but aid gets through: UN"
2022-09-02 02:19:45,IAEA chief leaves Zaporizhzhia nuclear plant
2022-09-02 03:57:45,NASA targets Saturday for Artemis I launch
2022-09-02 04:05:30,UN chief appoints new deputy special coordinator for Lebanon
2022-09-02 03:16:15,"White House effort to fight monkeypox virus ""one mess after another"": media"
2022-09-02 05:15:30,"Saudi Arabia amends tourist visa policy for GCC, other countries' residents"
2022-09-02 03:17:45,South Sudan's peace monitors approve transitional government's extension
2022-09-02 03:50:45,"Rolling power cuts ""possible"" for companies this winter: French PM"
2022-09-02 05:12:00,"Smuggled arms, ammunition seized in southern Tunisia"
2022-09-02 03:17:45,South Sudan's peace monitors approve transitional government's extension
2022-09-02 03:51:15,Over 100 asylum seekers evacuated from Libya to Rwanda: UN agency
2022-09-02 09:22:00,"19 killed, 1,256 injured in rain spells across Pakistan in 24 hours"
2022-09-02 00:49:00,India's unemployment rises in August
2022-09-02 10:19:15,"Malaysia reports 2,356 new COVID-19 infections, 9 more deaths"
2022-09-02 06:03:30,Poland to seek trillion dollar war reparations from Germany for WWII
2022-09-02 06:05:30,EMA endorses Omicron-adapted COVID-19 vaccines
2022-09-02 07:35:03,"Contemporary African art exhibition held in Vilnius, Lithuania"
2022-09-02 04:02:45,Canada approves first bivalent COVID-19 booster
2022-09-02 03:57:45,NASA targets Saturday for Artemis I launch
2022-09-02 04:47:15,Oil prices drop as U.S. dollar jumps
