﻿2022-02-28 23:20:16,China-Mongolia border port sees growth in freight transport
2022-02-27 23:07:45,Ukraine to send delegation for talks with Russia at Belarus border
2022-02-27 23:05:41,Putin puts Russian deterrence forces on combat duty
2022-02-27 09:49:56,"Argentina's COVID-19 death toll surpasses 126,000"
2022-02-27 21:54:17,Ukraine agrees to negotiate with Russia at Belarus border: presidency
2022-02-27 21:29:01,Putin puts Russian deterrence forces on combat duty
2022-02-27 20:42:38,Feature: Ukrainians crave for stability amid fears of intensified conflict
2022-02-27 15:19:45,Colombian authorities seize 1.5 tons of cocaine
2022-02-28 12:24:47,
2022-02-28 07:21:45,UN Security Council adopts resolution requesting UNGA emergency session on Ukraine
2022-02-28 13:58:46,
2022-02-28 23:45:30,"NATO allies boost military, practical support to Ukraine"
2022-02-28 22:02:48,"Hosting U.S. nuclear weapons ""completely unacceptable"": Japan's PM"
2022-02-28 20:44:11,Roundup: UN Environment Assembly opens with call to re-invigorate green agenda
2022-02-28 22:51:02,Russia's nuclear triad put on high alert: defense ministry
2022-02-28 11:01:28,"Ukraine mobilizes 100,000 troops amid conflict with Russia"
2022-02-28 09:25:15,"Argentina registers 3,610 new COVID-19 cases, 72 more deaths"
2022-02-28 22:54:12,UN rights body to hold emergency debate on Ukraine situation
2022-02-28 16:17:41,Russian air forces dominate airspace of Ukraine -- Russian Defense Ministry
2022-02-28 16:48:59,Ukrainian delegation arrives for talks with Russia -- report
2022-03-01 06:11:45,IPCC report sounds alarm on climate change for next 20 years
2022-03-01 03:57:26,Iranian Cultural Week opens in Lebanon's capital
2022-03-01 07:36:44,"UN relief chief calls for protection of humanitarians, more resources for Ukraine"
2022-03-01 01:48:01,UN chief says fighting in Ukraine must stop
2022-03-01 02:47:15,"UNIFIL's new chief vows to ensure calm between Lebanon, Israel"
2022-03-01 04:17:30,Russian passenger plane lands in Istanbul after Greece bans airspace: media
2022-03-01 00:23:00,All Russia's security concerns must be taken into account for settlement in Ukraine -- Putin
2022-03-01 06:49:45,Chinese envoy warns against politicization of humanitarian aid to Ukraine
2022-03-01 00:43:56,Next round of Russia-Ukraine peace talks to be held on Belarusian-Polish border -- head of Russian delegation
2022-03-01 01:39:00,Next round of Russia-Ukraine peace talks to be held on Belarusian-Polish border -- head of Russian delegation
2022-03-01 00:20:45,Russia-Ukraine peace talks end in Belarus -- media reports
2022-03-01 07:07:45,U.S. stocks end mixed as investors eye Russia-Ukraine conflict
2022-03-01 07:21:45,Security Council welcomes Iraq-Kuwait cooperation in search for missing nationals
2022-03-01 05:16:30,Ukraine officially appeals for EU membership
2022-03-01 04:52:26,Turkey warns warships not to pass through straits except for return to bases
2022-03-01 03:06:15,All Russia's security concerns must be taken into account for settlement in Ukraine -- Putin
2022-03-01 00:58:57,Mobile World Congress 2022 opens in Barcelona
2022-03-01 01:39:00,Next round of Russia-Ukraine peace talks to be held on Belarusian-Polish border -- head of Russian delegation
2022-03-01 02:38:15,"Chinese, Sierra Leonean hospitals vow further cooperation"
2022-03-01 05:29:45,Sudanese protesters demand civilian rule in front of Republican Palace
2022-03-01 05:07:32,"Sudan calls for smooth, effective trilateral negotiations on Ethiopia's Nile dam"
2022-03-01 08:17:56,Indian economy grew 5.4 pct in October-December quarter
2022-03-01 01:09:58,Jordan plans to use sludge to generate power
2022-03-01 00:52:00,"2 killed, 6 injured in Pakistan's Karachi firings"
2022-03-01 03:06:15,All Russia's security concerns must be taken into account for settlement in Ukraine -- Putin
2022-03-01 05:16:30,Ukraine officially appeals for EU membership
2022-03-01 05:14:30,Finland's GDP grows by 3.3 pct in 2021: statistics
2022-03-01 07:07:45,U.S. stocks end mixed as investors eye Russia-Ukraine conflict
2022-03-01 07:36:44,"UN relief chief calls for protection of humanitarians, more resources for Ukraine"
2022-03-01 06:45:45,Roundup: Experts call for caution as U.S. CDC updates mask recommendations
