﻿2022-05-26 19:43:13,"China, Solomon Islands ready to forge ""iron-clad"" ties"
2022-05-26 21:19:32,Xi meets representatives to meeting on handling public complaints
2022-05-26 00:55:28,"Karot hydropower project under CPEC to generate eco-friendly, cheap electricity: Pakistani PM"
2022-05-27 16:01:30,China's first salt cavern compressed air energy storage starts operation
2022-05-28 07:49:25,Disinfection work conducted in schools in Shanghai before resumption of classes
2022-04-20 07:23:15,24 Solar Terms: Grain Rain
2022-04-24 08:18:05,GLOBALink | Parkour teenagers in ancient city of Kashgar
2022-05-05 07:30:12,24 Solar Terms: Start of Summer
2022-05-14 09:58:19,
2022-05-26 20:46:28,Sand-prevention green corridor built along desert railway in China's Xinjiang
2022-05-26 23:48:13,Top legislator stresses legal safeguards for tranquil environment
2022-05-26 19:43:13,"China, Solomon Islands ready to forge ""iron-clad"" ties"
2022-05-26 18:29:46,China's space tracking ship departs for 100th mission
2022-05-26 15:09:59,"Chinese scientists design tiny, wriggling inspection robot"
2022-05-26 23:54:31,U.S. attempt to contain China by using Taiwan just wishful thinking: spokesperson
2022-05-26 20:19:13,Chinese FM elaborates on principles for China-Solomon Islands security cooperation
2022-05-26 18:38:45,Makeshift hospital for COVID-19 patients in Shanghai closes
2022-05-26 18:32:43,Factbox: China's ecological progress in 2021
2022-05-27 22:44:48,
2022-05-27 01:38:30,Hong Kong holds international symposium on rule of law
2022-05-27 22:17:44,Wondrous Xinjiang: Ranger saves dying desert forest with undying efforts
2022-05-27 19:22:44,Beijing reports 20 new local COVID-19 infections
2022-05-27 00:57:28,"Outdoor opera ""Princess Wencheng"" staged for 10th year in Tibet"
2022-05-27 18:47:29,"4 killed, 4 missing as heavy rain lashes southwest China"
2022-05-27 22:42:16,"Kiribati, China vow to enhance cooperation on BRI, climate change"
2022-05-27 17:50:45,
2022-05-27 01:10:46,Three generations of Uygur family devoted to protecting ancient Buddhist city
2022-05-27 21:50:32,Chinese researchers cultivate local wine yeast strains
2022-05-27 21:27:30,NYU Shanghai holds online graduation ceremony
2022-05-27 21:04:16,China activates Level-IV emergency response for flooding
2022-05-27 16:08:30,"China releases medium-, long-term plan to develop philosophy, social sciences"
2022-05-27 19:09:01,China reports surplus in international goods trade
2022-05-27 18:44:48,Factbox: China makes headway in wetland conservation
2022-05-27 17:14:13,CPC leadership deliberates regulation on Party's political consultation work
2022-05-27 20:53:18,Meeting held to review CPC regulations on political consultation
2022-05-27 15:04:14,Xi Focus-Closeup: Protect historical heritage like cherishing life
2022-05-27 09:16:13,Chinese scientists find gene for drought resistance in rice
2022-05-27 21:44:54,
2022-05-27 10:39:45,Chinese mainland reports 80 new local confirmed COVID-19 cases
2022-05-27 19:28:45,Macao GDP contracts 8.9 pct on year in Q1
2022-05-27 19:10:58,China's lithium-ion battery output tops 95 GWh in March-April
2022-05-27 19:08:01,China's external portfolio investment assets top 979 bln USD by end of 2021
2022-05-27 00:03:16,Chinese premier stresses need for concrete efforts to ensure summer harvest
2022-05-28 07:49:25,Disinfection work conducted in schools in Shanghai before resumption of classes
2022-05-28 00:05:13,U.S. urged to give up its obsession with containing China
2022-05-28 09:33:11,Chinese mainland reports 71 new local confirmed COVID-19 cases
2022-05-28 10:07:28,Xinhua Commentary: Time for Australia to reset relationship with China
2022-05-28 09:35:13,269 COVID-19 patients discharged from hospitals on Chinese mainland
2022-05-28 00:30:15,Hong Kong holds legal conference on Basic Law to mark 25th anniversary of return to motherland
2022-05-28 08:14:25,Hebei's schools organize activities to help students stay in best shape before Gaokao
2022-05-28 09:08:17,Interview: Mongolian minister says China's experience in combating desertification worth learning
2022-05-28 09:56:30,Chinese mainland reports 71 new local confirmed COVID-19 cases
2022-05-28 00:32:16,117th joint patrol on Mekong River concludes
