﻿2022-07-14 19:49:01,Montenegro opens 1st Chinese-built highway section
2022-07-15 05:56:15,"Iran warns U.S., allies against making ""mistakes"" in region"
2022-07-12 18:38:45,Funeral of former Japanese PM Abe held in Tokyo
2022-07-12 04:40:45,Wildfires in U.S. Utah scorching tens of thousands acres of land
2022-07-12 18:14:30,Russia registers first monkeypox case
2022-07-12 18:33:45,"Euro falls to parity with USD, hitting 20-year low"
2022-07-12 22:38:29,World Insights: Constitutional amendment still a mirage despite sweeping election win for Japan's ruling bloc
2022-07-13 13:21:45,COVID-19 stricken cruise ship docks in Australia's Sydney amid wave of cases
2022-07-13 14:25:03,State of emergency declared in Sri Lanka
2022-07-13 19:47:30,"Ethiopia repatriates over 50,000 nationals from Saudi Arabia in last 45 days"
2022-07-13 20:25:30,"Israel, U.S. announce new partnership on emerging technologies"
2022-07-13 02:16:27,8 contenders in race to succeed Johnson as UK PM
2022-07-13 14:22:00,"Economic Watch: Euro falls to parity with U.S. dollar, heaping pressure on ECB"
2022-07-13 13:21:47,"Interview: U.S. attempts to divide world dangerous, misguided, says renowned U.S. economist"
2022-07-13 09:27:00,Sri Lankan president Rajapaksa arrives in Maldives
2022-07-14 19:29:56,"Pacific Islands Forum launches 2050 Strategy to set vision, direction for region"
2022-07-14 04:27:57,"Ukraine, Russia make some progress at talks on grain exports: Zelensky"
2022-07-14 22:16:31,
2022-07-14 20:41:12,"Japanese PM says ""maximum caution"" needed as COVID-19 cases spike"
2022-07-14 04:45:00,Euro falls below parity against U.S. dollar
2022-07-14 12:00:15,Economic Watch: All eyes on Fed as U.S. inflation continues to surge
2022-07-14 19:23:03,
2022-07-14 20:48:14,Estonian PM asked to form new coalition government after resignation
2022-07-15 09:36:57,Venezuelan parliament slams John Bolton's coup confession
2022-07-15 06:08:41,Lebanese state media employees strike over worsening conditions
2022-07-15 04:45:30,Italian president rejects PM Draghi's resignation
2022-07-15 01:18:15,"UN envoy hails positive developments in Colombia, warns against violence"
2022-07-15 05:58:30,"Cuba, Mexico kick off business forum to bolster trade ties"
2022-07-15 04:37:30,UN asks for urgent settlement after Mali orders suspension of rotation of peacekeepers
2022-07-15 04:39:27,"News Analysis: Differences between U.S., Israel on Iran nuke issue remain despite Biden's visit"
2022-07-15 07:28:52,Annual Bastille Day celebrations held in France
2022-07-15 06:19:42,Put development at center of int'l agenda: Chinese minister
2022-07-15 09:43:00,"Former Honduran president's son, 3 others shot dead"
2022-07-15 03:24:27,Roundup: Palestinians hold mass protests against Biden's visit
2022-07-15 03:55:15,"U.S. to issue more temporary work visas to Mexican, Central American migrants: Mexican president"
2022-07-15 07:35:33,"Sacred Journey exhibition marked in Vancouver, Canada"
2022-07-15 01:29:15,Russia legalizes special economic measures to support military operations abroad
2022-07-15 05:52:42,Libyan gov't in Tripoli names new oil company head
2022-07-15 01:37:15,Roundup: AU meeting opens with call on African countries to enhance agricultural production
2022-07-15 00:49:00,IGAD deploys electoral mission to observe Kenya polls
2022-07-15 08:54:59,Australian state to provide rapid tests to vulnerable groups
2022-07-15 08:38:42,"2 terrorists, 1 army officer killed in military operation in SW Pakistan: military"
2022-07-15 02:15:15,"5.8-magnitude quake hits 28 km W of Port Olry, Vanuatu: USGS"
2022-07-15 03:22:27,Italian PM Draghi to resign
2022-07-15 07:28:50,Annual Bastille Day celebrations held in France
2022-07-15 06:01:42,Forum on EU-China climate cooperation held in Madrid
2022-07-15 04:11:27,U.S. dollar climbs as traders bet on aggressive Fed rate hike
2022-07-15 07:22:45,"Mile-long school buses head to U.S. lawmaker's office to honor children shot dead, demand gun control"
2022-07-15 07:35:31,"Sacred Journey exhibition marked in Vancouver, Canada"
