﻿2022-07-17 13:48:31,
2022-07-20 16:46:15,Second China Int'l Consumer Products Expo to be held in Hainan
2022-07-20 00:55:41,Chinese premier meets with executive chairman of WEF
2022-07-21 20:54:12,Xinhua Commentary: China's anti-COVID measures safeguard rather than disrupt global supply
2022-06-06 08:18:04,24 Solar Terms: Grain in Ear
2022-06-20 08:55:04,"GLOBALink | See you again, Bayanbulak"
2022-06-21 07:36:44,24 Solar Terms: Summer Solstice
2022-07-07 07:14:05,24 Solar Terms: Lesser Heat
2022-07-19 23:25:26,"China launches inspection of municipal, county-level law-based governance"
2022-07-19 23:23:30,China urges U.S. to stop arms sales to Taiwan
2022-07-19 21:28:17,
2022-07-19 14:00:45,Scientists use AI to identify new ALS gene targets
2022-07-19 23:20:30,Political advisors discuss expanding China's talent pool
2022-07-19 22:14:15,"Delegates to 20th CPC National Congress from central Party, state organs elected"
2022-07-20 19:46:30,China urges U.S. to stop looting Syrian national resources
2022-07-20 01:02:59,"Chinese, Finnish FMs hold phone talks"
2022-07-20 18:34:12,"Chinese, Sierra Leonean FMs discuss ties over phone"
2022-07-20 21:56:00,Chinese premier vows further efforts to deepen opening-up
2022-07-20 00:55:41,Chinese premier meets with executive chairman of WEF
2022-07-20 20:28:45,Xiconomics: How China's push for economic stability bolsters global recovery
2022-07-20 23:44:27,Vice premier stresses improving aquatic environment in north China
2022-07-20 10:05:00,Chinese mainland reports 108 new local confirmed COVID-19 cases
2022-07-20 01:02:00,China will unswervingly deepen high-level opening-up: Premier Li
2022-07-20 21:58:48,
2022-07-20 22:09:31,
2022-07-20 19:48:41,The story of Xiamen University is a tale of the world with China
2022-07-21 13:52:12,"Scientists find potential link between polystyrene particles, mental diseases"
2022-07-21 20:16:12,Over 60 mln e-commerce livestreaming promotions held in H1
2022-07-21 13:33:15,"An An, world's longest-living male giant panda under human care, dies at 35 in Hong Kong"
2022-07-21 21:14:30,RMB retains 5th spot as currency for global payments
2022-07-21 21:11:30,Endangered corpse flowers bloom at China National Botanical Garden
2022-07-21 22:36:01,"Experts expound on Xi's address at HKSAR anniversary meeting, inaugural ceremony of sixth-term gov't"
2022-07-21 20:42:15,Substantial progress made in China-ROK FTA talks: official
2022-07-21 20:58:30,"China's small, medium-sized banks operating stably: regulator"
2022-07-21 20:21:15,Indonesian president to visit China
2022-07-21 14:35:42,"Tornado leaves one dead, 25 injured in east China"
2022-07-21 15:52:00,Interview: Turkish journalist refutes U.S. mud-slinging at China on Xinjiang
2022-07-21 22:20:57,"Senior CPC official urges preventing, defusing risks in united front work"
2022-07-21 09:04:30,"Across China: Camping, sports activities thrive at Beijing Expo Park"
2022-07-21 18:23:44,Xi sends congratulatory letter to World Youth Development Forum
2022-07-21 21:03:45,China moves to further integrate medical and elderly care services
2022-07-21 21:52:39,JSQ freight vehicle leaves Chongqing for first pilot run to Moscow
2022-07-21 21:57:57,"Registration for electoral councils to elect NPC deputies from HK, Macao concludes"
2022-07-21 20:53:30,Xinhua Commentary: China's anti-COVID measures safeguard rather than disrupt global supply
2022-07-21 14:57:45,Researchers find new solution for mixed-dimensional attapulgite clay utilization
2022-07-21 18:49:45,Hong Kong to beef up COVID-19 testing at elderly care homes
2022-07-21 16:36:15,"Interview: Traditional Chinese culture a bridge between East, West, says scholar"
2022-07-21 21:46:05,Unmanned harvesters put into use to improve production efficiency in Jiangxi
2022-07-22 00:56:29,World Youth Development Forum opens in Beijing
2022-07-22 01:21:30,AUKUS submarine collaboration risks nuclear proliferation: report
2022-07-22 01:23:26,"Chinese police intensify crackdown on pornography, prostitution, gambling-related crimes"
2022-07-22 00:56:30,Chinese vice premier urges high-quality development of education
2022-07-22 06:53:00,"Chinese envoy urges immediate, full lift of unilateral sanctions on Syria"
