﻿2022-08-12 19:22:16,"African observers laud Kenya for holding free, fair elections"
2022-08-12 09:42:15,China-proposed BRI boosts socio-economic development of Pacific island countries -- Fijian expert
2022-08-09 20:19:00,Iran places 1st import order using cryptocurrency: official
2022-08-09 11:49:45,UN to set up fact-finding mission for Donetsk prison attack
2022-08-09 05:59:15,Russia temporarily halts inspections of its facilities under New START treaty
2022-08-09 09:51:15,Trump says Mar-a-Lago residence in Florida raided by FBI agents
2022-08-09 21:58:16,UEFA bans Israel's Hapoel Beer Sheva from playing at home stadium
2022-08-09 12:38:30,U.S. massacres civilians in wars in the Middle East: report
2022-08-10 17:54:17,Severe drought displaces over 1 mln Somalis: UN
2022-08-10 00:35:30,"Iran ignores West's ""threats, empty deadlines"" in nuke talks: advisor"
2022-08-10 07:13:15,U.S. stocks close lower amid earnings headwinds
2022-08-10 14:07:15,World Insights: Japan extremely selfish to insist on discharging nuclear wastewater into sea
2022-08-10 13:06:45,"Japanese PM reshuffles cabinet, LDP leadership as support rates tumble"
2022-08-10 17:12:45,"9 dead, 7 missing in S.Korean heavy rainfall"
2022-08-11 07:11:45,12 vessels authorized to depart Ukrainian ports for grain export: UN official
2022-08-11 21:47:00,Five European countries help France to fight wildfires
2022-08-11 18:40:46,
2022-08-11 07:32:15,Cuba makes progress in controlling fuel farm fire
2022-08-11 07:30:15,12 vessels authorized to depart Ukrainian ports for grain export: UN official
2022-08-12 21:36:00,Indonesia to complete 1st phase of foot-and-mouth disease vaccination by September
2022-08-12 00:53:45,Chinese companies to develop new industrial park in Ethiopia
2022-08-12 08:07:02,
2022-08-12 12:44:00,"Interview: U.S. in no position to talk about human rights, says expert"
2022-08-12 21:42:30,Denmark announces first tender for carbon storage permits
2022-08-12 20:15:30,Feature: Lifelong promise from Mama Soraida to her elephant friends
2022-08-12 19:23:15,"Cameroon dismisses 1,000 military students over fake certificate"
2022-08-12 04:09:45,German Chancellor Scholz promises more aid for rising energy prices
2022-08-12 06:59:30,News Analysis: U.S. monetary policy changes have knock-on impacts on euro zone
2022-08-13 03:45:00,7 killed in road crash in southern Brazil
2022-08-13 05:45:00,Hotel fire leaves 22 injured in northern Colombia
2022-08-13 06:38:45,UN chief appoints Abdulla of Sudan as coordinator for Black Sea Grain Initiative
2022-08-13 00:25:15,Tension between pro-government forces flares up in Yemen
2022-08-13 00:28:45,ICBC Turkey receives 4 prizes at Global Banking and Finance Awards 2022
2022-08-13 02:55:30,WHO gives new names to variants of monkeypox virus
2022-08-13 05:28:15,168 aid workers suffer attack so far this year: UN
2022-08-13 05:16:15,Prominent Shiite cleric's opponents launch rival sit-in in Iraqi capital
2022-08-13 04:51:15,Mexican president deplores gang attacks on civilians in riots leaving 11 dead
2022-08-13 01:29:00,Cameroon raises age limit for recruitment of people with disabilities in public service
2022-08-13 00:39:00,Zimbabwe's central bank to release smaller gold coins for affordability by ordinary Zimbabweans
2022-08-13 04:22:15,Roundup: Stamp exhibition honors distinguished women in Tunisia
2022-08-12 22:32:15,Roundup: Indonesia maintains high target of foreign tourist arrivals amid rising COVID-19 cases
2022-08-12 23:48:30,"Philippines logs 4,661 new COVID-19 cases, 28 deaths"
2022-08-12 23:55:45,Myanmar to hold tourism exhibition to revitalize pandemic-hit industry
2022-08-13 06:12:00,Italy's trade in value increases due to high energy prices in Q2: ISTAT
2022-08-13 05:01:15,"Fire destroys 16,000 hectares in Portugal's largest protected area"
2022-08-13 06:14:45,Italy emerges as European hotspot for West Nile fever outbreaks
2022-08-13 06:13:00,"U.S. Congress passes Democratic bill on tax, health care, climate"
2022-08-13 06:41:00,"U.S. stocks rally, notching weekly gains"
2022-08-13 06:52:15,"Canada confirms over 25,000 new COVID-19 cases in one week"
