﻿2022-03-07 17:34:15,Land-sea trade corridor facilitates car imports from Middle East to China
2022-03-09 23:38:22,China's top political advisory body holds standing committee meeting
2022-03-09 19:51:58,"Top political advisor calls for peaceful, integrated development of cross-Strait relations"
2022-03-10 22:22:01,China Focus: China's top political advisory body wraps up annual session
2022-03-11 00:16:45,Key takeaways from China's crucial political gathering
2022-02-16 13:39:13,Stories of Jingdezhen in the Imperial Kiln: Famille verte wares from the Reigns of Jiajing and Wanli
2022-02-17 12:56:46,Stories of Jingdezhen in the Imperial Kiln: Designs for the Imperial Kiln
2022-02-19 08:51:39,Rain Water of 24 solar terms
2022-03-03 20:45:46,Cultural China: Preparedness averts peril
2022-03-05 13:57:44,24 Solar Terms: Awakening of Insects
2022-03-06 14:25:00,Ancient rock painting complex found in NW China
2022-03-06 00:07:13,Across China: American expat seeks to promote Chinese culture through cooking shows
2022-03-08 23:49:01,"Xinhua Commentary: Understanding China's whole-process people's democracy at ""two sessions"""
2022-03-09 20:10:01,"Advisory: Schedules for China's ""two sessions"" on March 10"
2022-03-09 20:38:15,"Voices at ""two sessions"" bring fresh ideas to common prosperity"
2022-03-09 16:43:30,Nearly 3.17 bln COVID-19 vaccine doses administered on Chinese mainland
2022-03-09 00:02:20,"NPC Constitution, Law Committee deliberates draft amendment to law on local legislatures, governments"
2022-03-09 23:26:00,Chinese premier to meet press on Friday
2022-03-09 17:33:45,China Focus: NPC deputy brings rosy prospects to villagers through rose plantation
2022-03-09 18:03:00,China provides humanitarian aid supplies for Ukraine
2022-03-09 21:40:38,Chinese lawmakers raise 487 proposals to annual legislative session
2022-03-10 15:49:16,"Profit forecasts show resilience, vitality of Shenzhen-listed firms"
2022-03-10 23:29:45,6 isolation facilities in Hong Kong to be put into operation within March
2022-03-10 16:02:15,Chinese shares close higher Thursday
2022-03-10 19:30:28,China to step up rural highway construction
2022-03-10 20:48:52,Nuclear proliferation risks of AUKUS must be addressed: Chinese envoy
2022-03-10 17:38:00,China congratulates Yoon Suk-yeol on election as ROK president
2022-03-10 22:43:13,Macao explores diversified financial cooperation with Luxembourg
2022-03-10 17:51:45,Smart logistics zone realizes carbon neutrality in NW China
2022-03-10 23:07:15,"Hong Kong's COVID-19 epidemic nears peak, exponential rise in cases ceased: mainland expert"
2022-03-10 22:22:01,China Focus: China's top political advisory body wraps up annual session
2022-03-10 20:33:43,China Chat | Winning hearts and minds of the Chinese people
2022-03-10 17:14:47,
2022-03-10 21:47:53,"Hong Kong reports 24,390 new COVID-19 cases"
2022-03-10 22:03:16,Roundup: New studies find more evidence supporting natural origin of SARS-CoV-2
2022-03-10 23:07:16,China boosts funding to address weak links in social welfare
2022-03-10 20:57:46,Advisory: Schedule for NPC annual session on March 11
2022-03-10 22:56:17,Guangdong carbon market closes higher
2022-03-10 23:53:32,Documents to be put to vote at China's annual legislative session
2022-03-10 15:53:50,
2022-03-10 22:57:18,China reveals top 10 paleontological breakthroughs of 2021
2022-03-10 15:21:15,Book reviewing Xi Jinping's economic thought and its practices published
2022-03-10 06:14:01,"Chinese military spokesperson vows zero tolerance for ""Taiwan independence"" separatist acts"
2022-03-10 23:45:46,"Panchen Lama encourages Tibetan Buddhism followers to serve society, motherland"
2022-03-11 07:46:06,
2022-03-11 01:13:46,U.S. should conduct investigations into civilian casualties caused by its air strikes: FM spokesperson
2022-03-11 01:24:46,China denounces Australian defense chief's negative remarks
2022-03-11 00:13:47,"Chinese FM exchanges views on Ukraine issue with French, Italian counterparts"
