﻿2022-06-04 20:07:14,Feature: CPEC transmission project fosters Pakistan's socio-economic development in green way
2022-06-04 12:22:00,"Interview: Timor-Leste president highlights China's important role in promoting regional peace, stability"
2022-06-05 00:14:14,Death toll rises to 5 in German train derailment
2022-06-01 20:25:45,3rd India-Bangladesh passenger train service flagged off
2022-06-01 21:28:01,"Lebanon, Iraq agree to bolster legal, judicial cooperation"
2022-06-01 22:12:30,Vanuatu will always be true friend of China: president
2022-06-02 07:22:44,Death toll from heavy rains in Brazil's Pernambuco state rises to 107
2022-06-02 17:31:29,"S. Korea, Japan hold talks on survey near disputed islets, dumping of nuclear waste water"
2022-06-02 11:27:45,Pundits criticize Biden's delay in trashing Trump's trade war
2022-06-02 11:55:45,Denmark votes to join EU defence pact amid concerns over Russia-Ukraine conflict
2022-06-02 07:37:45,3 victims confirmed dead in U.S. Oklahoma shooting
2022-06-03 12:20:43,Biden urges Congress to act on gun violence amid partisan tensions
2022-06-03 20:44:45,Sri Lankan president instructs officials to maintain adequate stocks of essential items
2022-06-03 17:29:45,Ukraine crisis dampens Uganda's economic recovery: central bank
2022-06-03 07:10:45,Death toll rises to 126 from Brazilian heavy rains
2022-06-04 20:07:14,Feature: CPEC transmission project fosters Pakistan's socio-economic development in green way
2022-06-04 12:22:00,"Interview: Timor-Leste president highlights China's important role in promoting regional peace, stability"
2022-06-04 11:16:00,Security Council strongly condemns attack against UN peacekeepers in Mali
2022-06-04 22:09:45,Drought leaves more than 7.2 million people needing food aid in Ethiopia: UNOCHA
2022-06-04 06:43:00,Death toll climbs to 128 from heavy rains in Brazil
2022-06-04 22:15:02,
2022-06-04 15:45:15,China-aided Eastbay Expressway of Gwadar port in Pakistan opened to traffic
2022-06-04 00:08:30,"5.3-magnitude quake hits 45 km SW of San Pedro de Atacama, Chile -- USGS"
2022-06-04 06:34:00,Roundup: UN condemns latest attack on peacekeepers in Mali
2022-06-04 23:05:00,Iran welcomes UN-backed truce renewal in Yemen
2022-06-04 22:24:47,
2022-06-05 08:59:45,Economic Watch: EU's sanctions on Russia weigh on own economy
2022-06-05 09:33:00,"U.S. quest to maintain world hegemony exacerbates conflicts, wars worldwide -- Syrian experts"
2022-06-05 06:48:29,Bajram Begaj elected as Albania's new president
2022-06-05 00:26:14,Turkey to address security concerns in Syria with new operation: president
2022-06-05 09:22:45,Search for eight missing miners continues in Colombia
2022-06-05 09:20:59,Biden evacuated from beach house in NE U.S. after small plane enters airspace
2022-06-05 03:41:30,"Wildfire rages in southern Athens, homes evacuated"
2022-06-05 08:42:14,"In pics: Richmond Museum's artifact storage warehouse in British Columbia, Canada"
2022-06-05 02:00:15,"AU expresses deep concern over worsening security, humanitarian situations in Sahel region"
2022-06-05 05:09:30,Egypt's renewable electricity generation up 17.2 pct in 2021
2022-06-05 03:36:29,2 found dead on stationary plane in Algeria
2022-06-04 22:29:45,Myanmar reports 11 more COVID-19 infections
2022-06-05 08:33:45,S.Korea says DPRK fires unidentified ballistic missile eastward
2022-06-05 02:01:15,PNG FM hails cooperation with China
2022-06-05 03:41:30,"Wildfire rages in southern Athens, homes evacuated"
2022-06-05 06:48:29,Bajram Begaj elected as Albania's new president
2022-06-05 08:59:45,Economic Watch: EU's sanctions on Russia weigh on own economy
2022-06-04 07:17:00,Canada confirms 58 cases of monkeypox
2022-06-04 14:01:00,"U.S. holds leading music industry show featuring latest products, innovations"
2022-06-05 09:20:59,Biden evacuated from beach house in NE U.S. after small plane enters airspace
