﻿2022-07-12 07:02:14,"China-Europe Railway Express (Chongqing)'s 10,000th trip arrives in Germany"
2022-07-13 19:42:15,"EU Council discusses economic situation, welcomes Croatia into eurozone"
2022-07-10 19:57:42,S.Korea says DPRK fires apparent artillery shots
2022-07-10 19:36:45,Japan's ruling bloc set to secure majority of contested seats in upper house election
2022-07-11 19:04:12,News Analysis: Biden's visit won't make breakthrough in resolving Palestinian-Israeli conflict: analysts
2022-07-11 13:04:30,U.S. trade representative tests positive
2022-07-11 14:30:14,Death toll rises to 15 in Nigeria boat capsize
2022-07-11 12:05:30,Sri Lankan president says to resign as previously announced
2022-07-12 18:38:45,Funeral of former Japanese PM Abe held in Tokyo
2022-07-12 04:40:45,Wildfires in U.S. Utah scorching tens of thousands acres of land
2022-07-12 18:14:30,Russia registers first monkeypox case
2022-07-12 04:41:32,Gas flow through Nord Stream 1 to Germany stops for maintenance
2022-07-12 18:33:45,"Euro falls to parity with USD, hitting 20-year low"
2022-07-12 22:38:29,World Insights: Constitutional amendment still a mirage despite sweeping election win for Japan's ruling bloc
2022-07-13 13:21:45,COVID-19 stricken cruise ship docks in Australia's Sydney amid wave of cases
2022-07-13 14:25:03,State of emergency declared in Sri Lanka
2022-07-13 19:47:30,"Ethiopia repatriates over 50,000 nationals from Saudi Arabia in last 45 days"
2022-07-13 20:25:30,"Israel, U.S. announce new partnership on emerging technologies"
2022-07-13 21:18:00,"Russia, Ukraine, Turkey, UN start talks on grain exports in Istanbul"
2022-07-13 23:10:30,U.S. coercion not work on Iran: president
2022-07-13 23:00:27,
2022-07-13 02:16:27,8 contenders in race to succeed Johnson as UK PM
2022-07-13 14:22:00,"Economic Watch: Euro falls to parity with U.S. dollar, heaping pressure on ECB"
2022-07-13 19:26:12,Philippine President Marcos free from COVID-19 symptoms: official
2022-07-13 13:21:47,"Interview: U.S. attempts to divide world dangerous, misguided, says renowned U.S. economist"
2022-07-13 09:27:00,Sri Lankan president Rajapaksa arrives in Maldives
2022-07-13 10:03:15,"NATO hostility towards China ""irrational"": Brazilian news magazine"
2022-07-13 20:42:28,
2022-07-14 06:24:00,Argentina's number of monkeypox cases climbs to 12
2022-07-14 02:20:56,Hungarian government declares state of energy emergency
2022-07-14 04:13:57,Israel's trade deficit up 35.2 pct in H1
2022-07-14 06:49:15,UN General Assembly president calls for action to return world to sustainable development
2022-07-14 05:19:57,UN chief hails progress in talks over Ukraine grain exports
2022-07-14 04:51:57,Interview: Young Mexican woman to collaborate with NASA on space debris removal
2022-07-14 03:35:00,UN humanitarians concerned about killing of civilians in eastern DRC
2022-07-14 02:41:56,UN chief calls for action in 4 areas to build back better from COVID-19
2022-07-14 00:22:30,Israel adds work permits for Palestinians in Gaza ahead of Biden's visit
2022-07-14 00:56:44,"Congo's legislative, local elections transparent: regional observation mission"
2022-07-14 02:31:00,Six killed in Nigerian windstorm
2022-07-14 00:59:45,South African media report commends growing win-win China-Africa relationship
2022-07-14 00:01:42,"Singapore reports 16,870 new COVID-19 cases"
2022-07-14 00:14:42,6 terrorists killed in military operation in NW Pakistan: army
2022-07-14 01:06:45,Sri Lanka's acting president declares nationwide curfew
2022-07-14 04:28:00,European Space Agency's Vega-C rocket succeeds flight
2022-07-14 04:27:57,"Ukraine, Russia make some progress at talks on grain exports: Zelensky"
2022-07-14 05:03:00,"France reports over 127,000 COVID-19 cases ahead of national day"
2022-07-14 07:02:15,"U.S. oil imports down, exports up last week: EIA"
2022-07-14 07:07:15,"Roundup: U.S. crude supplies up, other petroleum data mixed"
2022-07-14 07:00:15,U.S. crude oil production down last week: EIA
