﻿2022-07-11 16:42:17,World population to reach 8 bln on Nov. 15: UN
2022-07-12 07:02:14,"China-Europe Railway Express (Chongqing)'s 10,000th trip arrives in Germany"
2022-07-08 10:57:12,Washington spends 250 mln USD on biowarfare activities in Ukraine: Russian Defense Ministry
2022-07-08 23:44:30,Most Americans disapprove of Supreme Court's decision to overturn Roe v. Wade: poll
2022-07-08 15:30:57,Philippine President Marcos tested positive for COVID-19
2022-07-08 20:09:30,Xinhua Commentary: Raped 10-year-old denied abortion reflects botched U.S. governance
2022-07-09 00:14:15,Russian navy receives 1st submarine carrying nuclear-powered drones
2022-07-09 04:04:15,ECB urges eurozone banks to factor climate risk into their risk models
2022-07-09 05:47:00,"Entrenched inflation a ""significant risk"" to U.S. economy, say Fed officials"
2022-07-09 16:52:54,Economic Watch: Is U.S. economy already in a recession?
2022-07-09 17:29:45,"Fitch affirms Greece's rating at ""BB"" with positive outlook"
2022-07-09 12:32:00,Elon Musk decides to terminate Twitter deal
2022-07-10 19:57:42,S.Korea says DPRK fires apparent artillery shots
2022-07-10 04:45:44,Feature: Egyptians suffer from price hikes during Eid al-Adha
2022-07-10 19:36:45,Japan's ruling bloc set to secure majority of contested seats in upper house election
2022-07-10 00:24:29,Sri Lankan PM's house set on fire
2022-07-10 16:44:14,"Feature: Pakistanis celebrate Eid al-Adha festival with jubilation, family reunion, feasts"
2022-07-10 03:45:30,Portugal spends 1.68 bln euros to contain inflation: PM
2022-07-10 12:18:27,Roundup: U.S. monkeypox cases hit nearly 800 as experts criticize weakness in public health system
2022-07-11 16:58:47,
2022-07-11 19:04:12,News Analysis: Biden's visit won't make breakthrough in resolving Palestinian-Israeli conflict: analysts
2022-07-11 13:04:30,U.S. trade representative tests positive
2022-07-11 20:25:30,"Western sanctions bring Iran, Russia closer in trade, economy: lawmaker"
2022-07-11 13:46:27,Feature: Panamanian fishermen compete to fish plastic in attempts to curb marine pollution
2022-07-11 14:30:14,Death toll rises to 15 in Nigeria boat capsize
2022-07-11 17:24:34,
2022-07-11 04:40:42,"Israeli PM, Egyptian president agree to meet ""soon"" in phone call"
2022-07-11 12:05:30,Sri Lankan president says to resign as previously announced
2022-07-12 04:07:30,"Israel reports 11 new monkeypox cases, total at 66"
2022-07-12 05:20:44,Brazil's financial market lowers 2022 inflation forecast to 7.67 pct
2022-07-12 04:06:45,UN chief hails human diversity as world population reaching 8 bln
2022-07-12 01:16:27,Iran says production of 20-pct uranium nothing new
2022-07-12 06:01:45,Brazilian president unveils deal to import Russian diesel
2022-07-12 04:41:29,No bloc could earn enough seats to form Israeli gov't: poll
2022-07-12 05:36:42,Chinese envoy calls for extension of Yemen truce
2022-07-12 04:02:30,Greece's Corinth Canal reopens to shipping after 18-month hiatus
2022-07-12 07:05:45,"UN verifies over 19,100 child victims of grave violations in armed conflict in 2021"
2022-07-12 01:34:15,Zambia heightens COVID-19 preventive measures ahead of AU meetings
2022-07-12 03:51:29,Tunisia sees noticeable rebound in COVID-19 infections
2022-07-12 00:30:15,DR Congo officially becomes 7th full member of East African Community
2022-07-12 00:25:15,India's central bank unveils rupee settlement system for int'l trade
2022-07-12 06:39:45,"6.0-magnitude quake hits 152 km ENE of Hihifo, Tonga: USGS"
2022-07-12 05:33:44,"6.1-magnitude quake hits 87 km SE of Port Vila, Vanuatu: USGS"
2022-07-12 06:10:45,"UK's new PM to be announced on Sept. 5, says Tory lawmaker"
2022-07-12 04:41:32,Gas flow through Nord Stream 1 to Germany stops for maintenance
2022-07-12 06:37:44,"China-Europe Railway Express (Chongqing)'s 10,000th trip arrives in Germany"
2022-07-12 03:44:30,Roundup: New Omicron subvariants become health threat in U.S. summer COVID-19 surge
2022-07-12 05:58:30,Over 500 firefighters battle wildfire to protect iconic trees in U.S. Yosemite National Park
2022-07-12 04:40:45,Wildfires in U.S. Utah scorching tens of thousands acres of land
