﻿2022-05-23 01:58:13,Land-sea train from China to Laos launched with faster clearance
2022-05-25 07:14:15,"14 students, 1 teacher dead in U.S. Texas elementary school shooting"
2022-05-22 13:44:43,Interview: U.S. struggles in its engagement with ASEAN -- Malaysian analyst
2022-05-22 16:30:30,"UN chief calls for ""a shared future for all life"""
2022-05-22 19:05:58,Biden starts Japan tour as protesters take to streets
2022-05-23 23:22:01,"COVID-19 pandemic ""far from over"": WHO chief"
2022-05-23 12:21:41,"Canada's storm leaves 8 dead, tens of thousands without power"
2022-05-23 12:17:43,Biden meets Japanese Emperor
2022-05-23 06:21:28,"World Health Assembly to focus on COVID-19, health and peace"
2022-05-23 20:21:29,U.S. new Indo-Pacific economic framework faces headwinds
2022-05-23 22:46:14,New wave of COVID-19 underway in U.S.: report
2022-05-23 16:24:47,War-left U.S. bomb discovered in southern Cambodia: official
2022-05-23 07:08:26,Anthony Albanese sworn in as Australia's 31st prime minister
2022-05-24 22:26:31,
2022-05-24 19:38:15,Somali PM suspends foreign minister for abuse of power
2022-05-24 19:56:43,
2022-05-24 14:39:58,Argentina's domestic trade secretary resigns
2022-05-24 09:32:01,Airbus signs logistics support contract with U.S. Army
2022-05-24 07:30:58,U.S. stocks rally as financials lead rebound
2022-05-25 06:40:56,"Security Council condemns M23 attack on UN peacekeepers, Congolese army"
2022-05-25 05:39:45,Israeli PM welcomes reported U.S. decision to keep Iran's IRGC on terror list
2022-05-25 06:07:02,"14 students, 1 teacher dead in U.S. Texas elementary school shooting"
2022-05-25 02:10:31,UN gives highest peacekeeping award to Chad captain killed in Mali
2022-05-25 00:04:14,BRICS countries pin high hopes on cooperation in industrial digital transformation
2022-05-25 04:02:16,Lebanese currency sinks to new record low
2022-05-25 01:24:12,"Turkey demands ""written agreement"" to allow Finnish, Swedish NATO bids"
2022-05-25 07:42:09,Daily life of children in Beirut's refugee camp
2022-05-25 05:20:43,"Urgent: 14 children, 1 teacher killed in elementary school shooting in U.S. Texas"
2022-05-25 02:16:26,At least 11 killed in police operation in Rio de Janeiro favela
2022-05-25 01:46:30,Interview: IMF warns of further downside risks for global economy
2022-05-25 07:45:33,"Session themed ""Safeguarding Our Planet and People"" held at WEF"
2022-05-25 03:11:31,"News Analysis: Another Gaza-Israel conflict ""matter of time"" amid high tensions: experts"
2022-05-25 04:08:46,At least 21 killed in Rio de Janeiro favela police operation
2022-05-25 07:18:01,Report reveals staggering gun violence cost in U.S. Santa Clara County
2022-05-25 01:56:28,U.S. CDC issues new monkeypox warning as more potential cases found
2022-05-25 02:19:30,Zimbabwean peacekeeper wins 2021 UN Military Gender Advocate of Year Award
2022-05-25 03:53:43,5 Turkish soldiers killed in anti-PKK operation in N. Iraq: ministry
2022-05-25 02:50:15,U.S. Black children struggle to process Buffalo massacre: NYT
2022-05-25 06:32:01,"14 students, 1 teacher dead in U.S. Texas elementary school shooting"
2022-05-25 04:01:43,Gunmen kill 12 villagers in NW Nigeria
2022-05-25 03:11:31,"Morocco, Mauritania vow to boost military cooperation"
2022-05-25 04:04:45,Nigeria's apex bank raises benchmark interest rate to 13 pct
2022-05-25 07:38:51,Sri Lanka increases fuel prices again
2022-05-25 05:37:45,Urgent: DPRK fires ballistic missile -- Yonhap
2022-05-25 07:10:58,DPRK fires ballistic missiles eastward
2022-05-25 07:16:53,Elizabeth Line opens to public in London
2022-05-25 07:45:31,"Session themed ""Safeguarding Our Planet and People"" held at WEF"
2022-05-25 06:05:59,Air France-KLM launches 2.26-bln-euro capital increase
2022-05-25 07:44:01,"Biden briefed on ""horrific news"" of Texas elementary school shooting: White House"
2022-05-25 07:38:58,Power outages caused by storm stretching into 4th day in Canada
2022-05-25 07:18:01,Report reveals staggering gun violence cost in U.S. Santa Clara County
