﻿2022-07-21 21:52:39,JSQ freight vehicle leaves Chongqing for first pilot run to Moscow
2022-07-23 20:16:15,China sets up national archives for preserving bibliology resources
2022-07-24 21:49:45,Chinese vice premier congratulates Wentian mission participants
2022-07-24 10:02:15,"China Focus: China's COVID-19 vaccines safe, effective"
2022-07-24 14:50:00,China launches space station's first lab module
2022-06-06 08:18:04,24 Solar Terms: Grain in Ear
2022-06-20 08:55:04,"GLOBALink | See you again, Bayanbulak"
2022-06-21 07:36:44,24 Solar Terms: Summer Solstice
2022-07-07 07:14:05,24 Solar Terms: Lesser Heat
2022-07-22 23:22:43,China improves cultural heritage preservation over past decade
2022-07-22 20:55:16,Ming Dynasty imperial edict found in north China
2022-07-23 15:54:15,"World Youth Development Forum highlights youth employment, entrepreneurship"
2022-07-23 21:10:30,HKSAR gov't keeps tracing COVID-19 through sewage surveillance
2022-07-23 22:28:42,China develops Omicron vaccines through multiple technical routes: official
2022-07-23 15:26:00,119th joint patrol on Mekong River concludes
2022-07-23 16:52:30,Senior CPC official addresses 5th Digital China Summit
2022-07-23 21:28:27,Chinese Wisdom in Xi's Words: Only by studying history can one understand the Great Way
2022-07-24 21:11:30,China launches space station's first lab module
2022-07-24 12:09:30,China to launch first lab module for space station
2022-07-24 14:23:45,China launches first lab module of space station
2022-07-24 21:49:45,Chinese vice premier congratulates Wentian mission participants
2022-07-24 23:38:12,China's Shandong sees trade growth with RCEP members in H1
2022-07-24 19:55:15,"Interview: McLaren CEO wants ""at least two F1 races"" in China in next 5 years"
2022-07-24 22:16:15,China's C919 jets complete all flight tests
2022-07-24 23:40:15,NE China auto expo sees over 6 bln yuan in transactions
2022-07-24 15:52:27,China launches space station's first lab module
2022-07-24 16:36:45,Taiwan's jobless rate rises to new high of 3.74 pct in June
2022-07-24 00:08:56,China launches campaign to improve people's digital skills
2022-07-24 16:16:26,Xi extends congratulations to new Albanian president
2022-07-24 01:06:56,Exhibition on dress culture of millennium-old Dunhuang grottoes opens
2022-07-24 00:06:00,"China Focus: China's COVID-19 vaccines safe, effective"
2022-07-24 20:53:30,China renews orange alert for high temperatures
2022-07-24 10:20:31,Chinese mainland reports 87 new local confirmed COVID-19 cases
2022-07-24 14:50:00,China launches space station's first lab module
2022-07-24 00:24:00,Senior Chinese lawmaker stresses making rare disease treatment more law-based
2022-07-24 17:12:57,"Interview: Argentine author Borges invaluable to West's understanding of China, says academic"
2022-07-24 17:01:00,"Across China: ""Foreigners' street"" in Kunming sees business bounce back"
2022-07-24 17:12:27,
2022-07-24 22:38:56,China's coastal bulk freight index down in June
2022-07-24 16:38:28,
2022-07-24 20:01:15,"Hong Kong to distribute 350,000 RAT kits following sewage COVID-19 detection"
2022-07-25 07:46:45,Heatwave hits Hong Kong
2022-07-25 00:50:15,Across China: Young talents feel rewarded at grassroots jobs
2022-07-25 09:17:57,Chinese mainland reports 101 new local confirmed COVID-19 cases
2022-07-25 01:20:16,Symposium on studying Xi Jinping Thought on Diplomacy held in Beijing
2022-07-25 07:34:26,Plum planting boosts local economy in SW China's Wanyin Village
2022-07-25 00:55:15,China launches new scientific expedition in Yangtze headwaters
2022-07-25 04:33:26,China's Wentian lab module docks with Tianhe core module combination
