﻿2022-05-07 21:18:43,"Serbia, China honor Chinese martyrs killed in NATO bombing"
2022-05-08 14:01:45,John Lee elected as HKSAR's sixth-term chief executive designate
2022-05-08 23:15:04,"HKSAR holds chief executive election, winner ready to roll up sleeves"
2022-05-08 09:28:15,"China's BRI projects greatly benefit Cambodian economy, people: officials, experts"
2022-04-13 15:15:51,GLOBALink | Female livestreamer helps locals increase income in Xinjiang
2022-04-20 07:23:15,24 Solar Terms: Grain Rain
2022-04-24 08:18:05,GLOBALink | Parkour teenagers in ancient city of Kashgar
2022-05-05 07:30:12,24 Solar Terms: Start of Summer
2022-05-07 23:06:15,Vice premier stresses safety of self-built residential structures
2022-05-07 14:04:14,"Shanghai postpones entrance examinations for college, senior high"
2022-05-07 23:09:13,"Chinese premier stresses effort to stabilize employment, attain annual target"
2022-05-07 22:14:15,China deeply saddened by Havana explosion fatalities: FM spokesperson
2022-05-07 12:40:13,China releases Chang'e-5 payloads' scientific datasets
2022-05-07 20:54:43,Dates set for China's 2022 national college entrance exam
2022-05-07 18:56:28,Senior legislators meet to deliberate laws
2022-05-07 20:39:45,"China Focus: ""Chef course"" for school kids stokes spirited discussions online"
2022-05-07 11:40:18,Massive carbon emissions reduce biodiversity 300 mln years ago: study
2022-05-07 11:26:00,China prepares to launch Tianzhou-4 cargo spacecraft
2022-05-07 21:35:00,Malagasy official thanks China for supporting African countries in agricultural development
2022-05-08 15:50:51,
2022-05-08 21:22:58,China Focus: Markets regain vitality in Shanghai as epidemic abates
2022-05-08 15:52:28,
2022-05-08 23:15:04,"HKSAR holds chief executive election, winner ready to roll up sleeves"
2022-05-08 23:06:30,Rare Malayan pangolin filmed in China
2022-05-08 19:51:46,China's logistics sector reports contraction in April
2022-05-08 12:30:45,John Lee elected as HKSAR's sixth-term chief executive designate: returning officer
2022-05-08 17:28:16,"Shanghai reports 215 confirmed, 3,760 asymptomatic local COVID-19 cases"
2022-05-08 09:12:21,Polling begins for HKSAR's sixth-term chief executive election
2022-05-08 20:28:58,Beijing reports 39 new local COVID-19 cases
2022-05-08 21:47:11,China central gov't office says Hong Kong takes fresh look with new electoral system
2022-05-08 22:20:16,Central gov't liaison office lauds HKSAR chief executive election
2022-05-08 13:51:43,China central gov't office says Hong Kong takes fresh look with new electoral system
2022-05-08 09:34:16,"1,115 COVID-19 patients discharged from hospitals on Chinese mainland"
2022-05-08 22:20:13,"China science, technology news summary -- May 8"
2022-05-08 16:02:29,
2022-05-08 10:59:29,"Chinese mainland reports 319 new local COVID-19 cases, 215 in Shanghai"
2022-05-08 22:10:13,China greenlights sci-tech innovation IPO
2022-05-08 22:25:44,Children in Tibet with CHDs depart for free surgery in Jiangsu
2022-05-08 14:25:58,HKSAR chief executive congratulates John Lee on winning election
2022-05-08 15:11:42,"Profile: John Lee, HKSAR's sixth-term chief executive designate"
2022-05-08 20:03:45,Xi to address grand gathering marking Communist Youth League of China centenary
2022-05-08 19:08:30,Central gov't liaison office lauds HKSAR chief executive election
2022-05-09 06:14:16,"5.5-magnitude quake hits 93 km west of Tobelo, Indonesia -- USGS"
2022-05-09 07:33:57,"Shanghai sets up fixed, mobile nucleic acid testing sites "
2022-05-09 08:47:26,"Shanghai reports 322 confirmed, 3,625 asymptomatic local COVID-19 cases"
2022-05-09 00:48:46,"HKSAR's sixth-term chief executive election successful practice of ""patriots administering Hong Kong"": Commissioner's office of Chinese foreign ministry in HKSAR"
2022-05-09 00:59:45,"Chinese FM meets Cambodian counterpart, calling on world to listen more to Asian voices"
2022-05-09 01:06:11,"HKSAR's sixth-term chief executive election successful practice of ""patriots administering Hong Kong"": Commissioner's office of Chinese foreign ministry in HKSAR"
