﻿2022-05-31 20:17:30,China Focus: China's new configuration AG600 large amphibious aircraft makes maiden flight
2022-05-31 15:53:10,
2022-06-01 07:31:15,Shanghai's largest makeshift hospital for COVID-19 patients closes
2022-06-01 23:51:02,China Focus: Shanghai returning to normalcy as epidemic wanes
2022-06-01 20:28:15,China's newly-launched meteorological satellites put into trial operation
2022-06-02 00:10:15,Shanghai returning to normalcy as epidemic wanes
2022-04-20 07:23:15,24 Solar Terms: Grain Rain
2022-04-24 08:18:05,GLOBALink | Parkour teenagers in ancient city of Kashgar
2022-05-05 07:30:12,24 Solar Terms: Start of Summer
2022-05-14 09:58:19,
2022-05-30 22:52:28,China's first solar-tidal photovoltaic power plant connected to grid
2022-05-31 19:35:01,"""Cloud dialogue"" on China's Sanxingdui Ruins held for foreign teenagers"
2022-05-31 20:39:32,China Focus: All-around development of Chinese children guaranteed
2022-05-31 20:30:15,"Firm opposition to U.S.-Taiwan official interactions, military collusion: spokesperson"
2022-05-31 12:36:45,Chinese FM stresses cooperation over competition in Sino-U.S. relations
2022-05-31 22:15:00,China Focus: Outdoor training courses a class act for children in Hainan
2022-05-31 21:03:31,"Hong Kong to distribute 240,000 RAT kits following sewage COVID-19 detection"
2022-05-31 12:46:43,China's new configuration AG600 large amphibious aircraft makes maiden flight
2022-05-31 16:14:43,"Shanghai to fully restore normal production, living order from June 1"
2022-06-01 22:33:45,China Focus: Summer harvest progresses in full swing to ensure food security
2022-06-01 20:47:00,China's newly-launched meteorological satellites put into trial operation
2022-06-01 21:50:15,Chinese premier stresses policy package implementation to stabilize economy
2022-06-01 22:50:46,"4 dead, 14 injured after earthquake hits China's Sichuan"
2022-06-01 12:19:30,Across China: Farmer's museum in central China chronicles bygone era
2022-06-01 22:04:30,"Xi Focus: Xi expounds on Chinese civilization with vision, insights"
2022-06-01 17:32:47,
2022-06-01 11:24:13,"Beijing reports 14 confirmed, 1 asymptomatic local COVID-19 cases"
2022-06-01 18:06:00,China's newly-launched meteorological satellites put into trial operation
2022-06-01 20:15:31,Economic Watch: Macao continues to inject vigor into local economy
2022-06-01 22:12:30,Vanuatu will always be true friend of China: president
2022-06-01 17:22:59,6.1-magnitude quake hits Sichuan: CENC
2022-06-01 21:32:00,"Cambodia, China ink deal to build COVID-19 vaccine filling factory in Cambodia"
2022-06-01 22:31:19,
2022-06-01 16:30:47,Across China: Barrier-free films bring light to visually impaired audiences
2022-06-01 22:00:16,China's wetlands protection law takes effect
2022-06-01 15:16:14,Full text of Xi Jinping's letter to China Soong Ching Ling Foundation on its 40th anniversary
2022-06-01 22:04:37,
2022-06-01 22:08:13,"China, Vanuatu reach 5-point consensus on bilateral ties, int'l cooperation"
2022-06-01 18:43:15,"China science, technology news summary -- June 1"
2022-06-01 14:58:17,Xi congratulates China National Children's Center on its 40th anniversary
2022-06-01 17:07:45,China Focus: Multi-pronged efforts shield children's eyesight
2022-06-01 20:50:00,China activates level-III response after 6.1-magnitude quake jolts Sichuan
2022-06-01 19:06:15,Wearable hyperthermia device developed for tumor treatment
2022-06-01 21:34:15,"1 dead, 6 injured after earthquake hits Sichuan"
2022-06-01 20:26:17,Beijing adds two more COVID-19 cases from community screening
2022-06-01 22:30:30,China to expedite delivery of policy package to keep economy stable
2022-06-02 09:42:17,"Chinese mainland reports 18 new local confirmed COVID-19 cases, 11 in Beijing"
2022-06-02 09:42:13,286 COVID-19 patients discharged from hospitals on Chinese mainland
2022-06-02 09:53:31,Market exchange rates in China -- June 2
2022-06-02 09:00:05,"Shanghai reports 5 confirmed, 8 asymptomatic local COVID-19 cases"
2022-06-02 09:51:31,Chinese yuan weakens to 6.7095 against USD Thursday
2022-06-02 00:01:00,"China urges U.S. to practice mutual respect, peaceful coexistence, win-win cooperation"
