﻿2022-07-04 22:20:42,Children experience agrarian culture in central China's Hunan
2022-07-04 23:58:14,"Chinese FM hails Lancang-Mekong cooperation on fight against COVID-19, connectivity, livelihood"
2022-07-05 15:30:47,
2022-07-05 14:45:12,China Focus: China's Anhui ensures daily supplies amid latest COVID-19 resurgence
2022-05-29 13:05:59,
2022-06-06 08:18:04,24 Solar Terms: Grain in Ear
2022-06-20 08:55:04,"GLOBALink | See you again, Bayanbulak"
2022-06-21 07:36:44,24 Solar Terms: Summer Solstice
2022-06-29 16:11:30,8 Qing Dynasty stone tablets found in SW China shrine
2022-06-30 14:12:30,Millenniums-old construction materials found in China's Xi'an
2022-06-30 14:43:30,Across China: Brazilian actress enjoys stage fever in China
2022-07-03 22:20:58,10th World Peace Forum opens in Beijing
2022-07-04 20:01:27,"Swap Connect between Chinese mainland, Hong Kong to expand financial market access"
2022-07-04 21:43:00,China proposes 6 key future directions of Lancang-Mekong Cooperation
2022-07-04 19:20:47,
2022-07-04 02:17:30,Chinese FM expounds on stance on Myanmar issue
2022-07-04 13:04:45,China renews blue alert for rainstorms
2022-07-04 14:42:30,"Bergamot component can inhibit SARS-CoV-2 in cells, animals: research"
2022-07-04 02:06:30,"China, Laos pledge to strengthen strategic communication, mutually beneficial cooperation"
2022-07-04 18:47:02,
2022-07-04 20:17:30,China opposes remarks of NASA official on space program
2022-07-04 20:04:47,
2022-07-04 09:57:30,Chinese mainland reports 41 new local confirmed COVID-19 cases
2022-07-04 19:59:27,"Paper on employment in Xinjiang debunks ""forced labor"" lies"
2022-07-04 22:08:00,"China, Vietnam agree to maintain strategic communication, advance cooperation"
2022-07-04 23:58:14,"Chinese FM hails Lancang-Mekong cooperation on fight against COVID-19, connectivity, livelihood"
2022-07-05 23:55:47,"Thailand, China agree to carry on traditional friendship, expand bilateral cooperation"
2022-07-05 23:15:45,Chinese Wisdom in Xi's Words: Well-measured use of nature key to ecological conservation
2022-07-05 18:18:14,Chinese astronomers detect 9 super lithium-rich unevolved stars
2022-07-05 21:34:14,China's Hubei to issue 100-mln-yuan sports coupons
2022-07-05 10:31:44,Chinese mainland reports 69 new local confirmed COVID-19 cases
2022-07-05 16:00:45,China sees hottest June in over 60 years
2022-07-05 17:00:15,Xi congratulates Algerian president on 60th anniversary of independence 
2022-07-05 19:50:30,"Hong Kong to distribute 300,000 RAT kits following sewage COVID-19 detection"
2022-07-05 22:06:02, Locomotive company in C China steps up production to guarantee completion of orders
2022-07-05 19:16:15,China to step up supervision of hog futures market to tame pork price hikes
2022-07-05 18:42:16,China secures bumper summer harvest of rapeseed
2022-07-05 00:51:30,Chinese vice premier stresses consolidating poverty alleviation outcomes
2022-07-05 19:22:16,Commissioner's office of Chinese Foreign Ministry in HKSAR condemns gross interference in China's internal affairs
2022-07-05 15:46:29,Chinese astronomers detect 9 super lithium-rich unevolved stars
2022-07-05 00:46:27,China's top legislator stresses environmental restoration of Yangtze River
2022-07-05 22:03:30,China sees wider high school education coverage
2022-07-05 22:05:49,Pic story: beekeeper develops business in NW China 
2022-07-05 09:39:30,Chinese mainland reports 69 new local confirmed COVID-19 cases
2022-07-05 17:45:57,5th Digital China Summit to focus on digital China initiative
2022-07-05 16:37:45,China mulls releasing pork from state reserves
2022-07-05 19:18:15,Average life expectancy in China hits 77.93 yrs
2022-07-05 15:55:29,"Xinjiang's Alashankou port handles over 3,000 China-Europe freight trains"
2022-07-06 01:04:00,"China, Thailand reach consensus on future ties, railway, cyber security"
2022-07-06 00:25:01,"Xinhua Headlines: Tourism resurgence tells of a flourishing, stable, open Xinjiang"
2022-07-06 00:31:00,Chinese premier stresses crackdown on IPR infringements
2022-07-06 00:00:44,China's top political advisor urges more suggestions on carbon reduction
2022-07-06 01:02:00,Silk Road Fund inks investment agreement with Indonesia Investment Authority
