﻿2022-05-08 09:28:15,"China's BRI projects greatly benefit Cambodian economy, people: officials, experts"
2022-05-11 03:00:43,"Turkey, Kazakhstan aim to reach 10 bln USD in bilateral trade: president"
2022-05-07 06:21:13,Ukraine urges Russia's troop pullback to resume talks
2022-05-08 19:24:45,Afghanistan receives 32-mln-USD humanitarian cash aid
2022-05-08 19:15:43,Libya condemns deadly attack in Egypt's Sinai
2022-05-09 19:40:45,"Afghan FM discusses economy, security with EU envoy"
2022-05-09 20:36:15,Somali president announces re-election bid
2022-05-09 06:33:13,Voting begins in Philippine elections
2022-05-09 02:01:43,"Syrian president meets Iran's supreme leader, president: state media"
2022-05-09 19:06:41,Indonesia's economy grows 5.01 pct amid turbulence in global prices
2022-05-09 21:25:28,Ferdinand Marcos Jr. leads in Philippine presidential election
2022-05-09 22:30:45,Ferdinand Marcos Jr. takes big lead in Philippine presidential election
2022-05-09 19:03:46,Sri Lankan PM resigns amid violent protests
2022-05-10 06:15:46,UN chief condemns attacks on civilians by armed group in DRC
2022-05-10 23:50:30,Spanish government sacks spy chief after phone tapping scandal
2022-05-10 10:46:28,S.Korea's new president says to open door to dialogue with DPRK
2022-05-10 14:08:00,"China, UNHCR distribute humanitarian supplies to Afghanistan"
2022-05-10 22:56:32,
2022-05-10 07:27:45,Financial markets experience strains on market liquidity amid Russia-Ukraine conflict: U.S. Fed report
2022-05-10 23:19:30,"Sri Lankan military authorized to maintain law, order amid unrest"
2022-05-10 10:27:04,
2022-05-10 23:52:27,Russian FM visits Algeria to mark 60th anniversary of ties
2022-05-10 19:40:30,Hungary's 1st female president takes office
2022-05-10 14:01:00,Sri Lanka's stock market closed amid unrest
2022-05-10 01:05:13,Preliminary results show Ferdinand Marcos Jr. wins Philippine presidential election
2022-05-10 23:58:29,Emergency rooms see more gun violence victims in U.S. in 1st year of pandemic: CNN
2022-05-10 19:05:15,Afghan central bank to inject more money to stabilize local currency
2022-05-10 19:53:27,"Feature: Ukraine conflict, energy crisis weigh heavily on Greece's livestock farmers"
2022-05-11 05:51:01,Death toll from Havana hotel blast rises to 42
2022-05-11 02:56:43,"Don't forget Syria crisis: UN humanitarian, refugee, development chiefs"
2022-05-11 03:46:43,"UN, Netherlands to hold pledging event to avert oil tanker disaster off Yemen"
2022-05-11 02:33:43,UN did not co-host Syria pledging event after EU refused to invite Russia: spokesman
2022-05-11 07:20:58,"6.7-magnitude quake hits 87 km NW of San Antonio de los Cobres, Argentina: USGS"
2022-05-11 07:46:13,Wildfires in U.S. New Mexico continue going wild
2022-05-11 04:54:00,UN envoy presses Yemeni warring factions to uphold ceasefire
2022-05-11 05:34:56,News Analysis: Israeli government stays wary on the 1st anniversary of 11-day war
2022-05-11 07:27:58,"6.8-magnitude quake hits 78 km NNW of San Antonio de los Cobres, Argentina: USGS"
2022-05-11 05:39:58,UN envoy presses Yemeni warring factions to uphold ceasefire
2022-05-11 09:22:16,6.8-magnitude quake rocks northern Chile
2022-05-11 03:12:46,IAEA clears Uganda to build nuclear power plant in phased approach
2022-05-11 03:08:45,UN refugee agency welcomes Libya's release of migrants
2022-05-11 02:09:43,"China-donated Sinovac vaccine doses, medical equipment reach Benin"
2022-05-11 00:49:28,Brunei reports 265 new COVID-19 cases as inbound visitors start ART self-reporting
2022-05-11 09:15:12,Feature: Power cuts slash profits at India's small businesses
2022-05-11 09:22:17,"S.Korea's employment rises 865,000 in April"
2022-05-11 04:43:43,Slovenian gov't again limits gasoline prices
2022-05-11 05:46:00,First president of Ukraine Leonid Kravchuk dies at 88
2022-05-11 05:13:59,Sweden reports 9 cases of unexplained acute hepatitis in children
2022-05-11 06:11:58,U.S. stocks end mixed as market volatility continues
2022-05-11 07:46:13,Wildfires in U.S. New Mexico continue going wild
2022-05-11 07:22:01,U.S. crude oil inventories up: API
