﻿2022-03-18 00:18:16,China-EU trade sees sound momentum in first two months
2022-03-19 05:22:15,Ukraine's positions at peace talks with Russia remain unchanged: Ukraine's presidential advisor
2022-03-17 17:54:17,Roundup: U.S. Fed raises interest rates to tame 40-year-high inflation
2022-03-17 20:31:00,"Egypt discovers five 4,000-year-old ancient tombs"
2022-03-17 19:23:46,"3 killed, 225 injured after magnitude-7.4 quake strikes northeastern Japan"
2022-03-17 21:50:30,U.S.-supervised Ukraine lab studies disease transmission via bats
2022-03-17 09:12:00,"2 killed, 92 injured after magnitude-7.4 quake strikes northeastern Japan"
2022-03-17 21:50:47,
2022-03-17 19:47:31,"Israel foils weapons, drugs smuggling over Jordan-Israel border"
2022-03-17 22:55:41,Russia demands U.S. disclose information on biolabs in Ukraine
2022-03-17 22:17:30,UNIFIL's new chief urges enhanced coordination for Lebanon-Israel Blue Line disputes
2022-03-17 18:46:16,South Sudan secures 120 mln USD from World Bank for infrastructure growth
2022-03-17 21:13:00,Facts about Russia-Ukraine conflict: Russia ready to continue high-level negotiations with Ukraine
2022-03-18 07:45:45,Brazil cuts economic growth estimate to 1.5 pct in 2022
2022-03-18 03:08:15,Omicron BA2 subvariant spreading as EU countries lift COVID-19 restrictions: EMA
2022-03-18 09:51:00,Peruvian court orders release of ex-president Fujimori
2022-03-18 11:34:43,
2022-03-18 11:02:16,Interview: Turkish specialist praises China's anti-pandemic measures
2022-03-18 23:53:47,Feature: Runway fashion shows return to Istanbul after 2-year suspension
2022-03-18 02:03:15,World Bank provides 750 mln USD to spur Kenya's post-pandemic growth
2022-03-18 06:24:45,Oil prices surge on renewed supply concerns
2022-03-18 04:48:14,"U.S. weekly jobless claims fall to 214,000, lowest level since start of year"
2022-03-19 02:17:15,"Chinese envoy calls for response, clarification over biological security issue in Ukraine"
2022-03-19 07:13:30,U.S. military aircraft crashes in Norway
2022-03-19 10:22:01,Palestinian protesters injured in clashes with Israeli soldiers in West Bank
2022-03-19 03:39:15,UN chief calls for action against racial discrimination
2022-03-19 10:50:25,Britain's BoE raises interest rate to 0.75 pct
2022-03-19 10:46:37,Britain removes all remaining COVID travel measures
2022-03-19 06:50:30,"U.S., UK inextricably linked to Syrian people's misery: diplomat"
2022-03-19 07:18:15,"U.S., UK inextricably linked to Syrian people's misery: diplomat"
2022-03-19 10:12:00,Xinhua Commentary: World needs answer on U.S. biolabs
2022-03-19 06:18:30,Chilean economy records historic 11.7 pct growth in 2021
2022-03-19 05:17:11,Turkey inaugurates 1st bridge over Dardanelles Strait
2022-03-19 07:14:30,Canada's chief health officer calls for getting third dose of vaccine
2022-03-19 01:03:01,Serbian football fans list U.S.-led NATO interventions with banners
2022-03-19 05:38:30,UN chief announces establishment of advisory board on multilateralism
2022-03-19 07:10:30,"Violations of indigenous peoples' rights by U.S. ""chronic, systemic racism"": diplomat"
2022-03-19 07:31:19,In pics: lantern market in Cairo ahead of Ramadan
2022-03-19 05:18:15,12 bodies of illegal immigrants found off Tunisian coast
2022-03-19 04:59:30,"Sudan, South Sudan reiterate commitment to achieve peace, stability"
2022-03-19 10:17:16,"Malaysia reports 24,241 new COVID-19 infections, 59 more deaths"
2022-03-19 09:38:56,"New Zealand reports 18,514 new community cases of COVID-19"
2022-03-19 10:48:29,"Cambodia, Saudi Arabia vow to further promote ties, cooperation"
2022-03-19 11:04:30,Economic Watch: Difficulties remain as Europe prepares to further diversify energy supply
2022-03-19 10:50:24,Britain's BoE raises interest rate to 0.75 pct
2022-03-19 10:46:36,Britain removes all remaining COVID travel measures
2022-03-19 06:42:29,U.S.-listed Chinese firms trade higher
2022-03-19 07:14:30,Canada's chief health officer calls for getting third dose of vaccine
2022-03-19 07:13:30,U.S. military aircraft crashes in Norway
