﻿2022-08-06 19:02:15,"China-Mongolia border port handles 10,000 China-Europe freight trains"
2022-08-06 22:00:15,"Chinese, Russian FMs meet in Cambodia"
2022-08-03 23:35:30,First grain-laden ship from Ukraine passes through Istanbul's Bosphorus Strait after inspection
2022-08-04 07:33:45,U.S. Congresswoman Jackie Walorski dies in car accident in Indiana
2022-08-04 06:44:30,Biden signs executive order on abortion rights
2022-08-04 06:56:30,U.S. stocks rally amid economic data
2022-08-04 18:13:00,"Economic Watch: EU economy grows for second quarter, recession fears linger"
2022-08-04 18:24:45,Nepal to hold general elections on Nov. 20
2022-08-04 07:51:15,UN chief calls for taxation on windfall profits of oil and gas companies
2022-08-04 16:24:00,South American roses popular on Chinese Valentine's Day
2022-08-04 19:52:01,Biden signs executive order on abortion rights
2022-08-05 12:10:15,America faces catastrophic teacher shortage: The Washington Post
2022-08-05 22:54:15,"China, Türkiye hold forum to boost economic ties"
2022-08-05 14:59:00,"5 killed, 9 injured in fiery multi-vehicle crash in Los Angeles"
2022-08-05 18:50:15,"Cambodia, EU vow to strengthen bilateral ties"
2022-08-05 05:37:30,"Bolivia sees 2 new monkeypox cases, steps up control measures"
2022-08-05 07:26:16,Police find no victims after reports of shooting at mall in U.S. Minnesota
2022-08-05 10:23:45,"Peru's president calls on political parties to help create ""broad-based"" cabinet"
2022-08-05 10:08:45,"Thai nightclub fire kills at least 13, injures dozens: local media"
2022-08-06 04:43:00,"Israeli airstrikes on Gaza kill 10, injure 55 amid escalating tension"
2022-08-06 20:54:49,In pics: youth firefighter mentorship program training camp in Vancouver
2022-08-06 00:15:30,World Insights: China-built modern railway helps unleash Kenya's economic potential
2022-08-06 22:48:00,"Roundup: Israel-Gaza exchange of fire continues for 2nd day, 15 killed"
2022-08-06 16:01:30,"55th ASEAN FMs' meeting, related meetings end with adoption of some 30 documents: Cambodian FM"
2022-08-06 21:40:15,Israel continues bombing Gaza amid rockets firing
2022-08-06 17:54:15,"Kenya mulls establishing sanctuary for mountain bongos, black rhinos"
2022-08-06 04:24:00,"Putin, Erdogan meet to further Russia-Türkiye ties"
2022-08-06 01:21:30,ITU affirms observance of guidance incorporated in UNGA Resolution 2758
2022-08-06 16:13:02,
2022-08-06 06:39:15,U.S. California hits grim milestone of 10 mln confirmed COVID-19 cases
2022-08-06 20:47:00,Ugandan official reiterates firm adherence to one-China principle
2022-08-06 15:56:46,
2022-08-06 04:17:15,World food prices decline amid relief from restarted Ukraine grain exports: FAO
2022-08-06 04:18:15,"UN helps Mauritius, Seychelles tackle rising chemical fertilizer costs"
2022-08-07 04:41:15,"Feature: Gazans seized with fear, sorrow amid Israeli airstrikes"
2022-08-07 05:11:00,Israel says misfire by Palestinian militants kills civilians in Gaza
2022-08-07 03:40:15,News Analysis: Constant calls for guarantees show Iran's deep distrust of U.S.: analysts
2022-08-06 20:47:00,Ugandan official reiterates firm adherence to one-China principle
2022-08-07 00:21:30,Tanzania's Zanzibar authorities vow full support to reggae festival
2022-08-07 00:18:30,Sudan summons Chadian ambassador over allegedly deadly cross-border attack
2022-08-07 01:18:00,"Blast kills 2, injures 22 in Afghan capital"
2022-08-07 01:10:15,Myanmar reports no deaths from COVID-19 for nearly 4 months
2022-08-06 23:41:30,"Cambodia, Pakistan vow to further enhance bilateral ties"
2022-08-07 00:14:45,One killed in vessels collision in Croatia
2022-08-07 04:29:30,2nd caravan of grain ships from Ukraine arrive in Istanbul
2022-08-07 04:06:30,Giant pandas twins celebrate third birthday in Belgium
2022-08-06 20:54:47,In pics: youth firefighter mentorship program training camp in Vancouver
2022-08-06 13:09:45,U.S. reports on long COVID fail to offer solid plans to help patients: NBC
2022-08-07 00:00:45,"At least 17 missing, 67 injured in Cuba's fuel tank explosion"
