﻿2022-06-08 21:00:57,China's annual college entrance exam concludes
2022-06-09 04:04:15,Chinese FM attends third C+C5 foreign ministers' meeting in Kazakhstan
2022-06-09 22:41:16,Top political advisor meets Taiwan participants at cross-Strait seminar
2022-06-09 21:57:00,"Chinese FM, Tajik transport minister vow to deepen cooperation"
2022-06-10 10:08:45,China-Europe freight trains busier as COVID-19 epidemic wanes
2022-06-10 21:48:48,Annual college entrance exam in Beijing concludes 
2022-06-10 20:57:45,Vice premier stresses deepening China-Russia connectivity cooperation
2022-06-10 20:58:48,A decade of stargazing on roof of world
2022-04-20 07:23:15,24 Solar Terms: Grain Rain
2022-05-14 09:58:19,
2022-05-29 13:05:59,
2022-06-06 08:18:04,24 Solar Terms: Grain in Ear
2022-06-08 22:52:43,China to remove bottlenecks in policy implementation to produce greater effects for keeping economic activity stable
2022-06-08 21:48:28,"Hong Kong to distribute about 190,000 RAT kits following sewage COVID-19 detection"
2022-06-09 23:07:15,"Xinhua Commentary: China capable of coordinating dynamic COVID control, economic growth"
2022-06-09 00:13:15,BRICS countries vow to deepen business cooperation
2022-06-09 05:50:14,"Chinese envoy calls for meaningful, concrete actions from U.S. to relieve Korean Peninsula tensions"
2022-06-09 20:17:30,Shenzhou-14 taikonauts to conduct 24 medical experiments in space
2022-06-09 20:55:47,China urges U.S. to revoke arms sale to Taiwan
2022-06-09 19:59:30,State Council steps up supervision to ensure workplace safety
2022-06-09 18:51:58,Hong Kong keeps tracing COVID-19 through sewage surveillance
2022-06-10 20:39:58,China's testing facility of atmospheric neutron passes acceptance test
2022-06-10 15:08:46,
2022-06-10 22:37:30,Chinese FM talks with UNGA president
2022-06-10 21:36:15,China's new yuan loans at 1.89 trln yuan in May
2022-06-10 21:48:48,Annual college entrance exam in Beijing concludes 
2022-06-10 18:28:15,Across China: Italian designer meets Chinese culture in Greater Bay Area
2022-06-10 16:58:48,
2022-06-10 20:27:45,"Hong Kong to distribute about 200,000 RAT kits following sewage COVID-19 detection"
2022-06-10 22:13:11,"E-commerce helps to promote local agricultural products in Weixian, Hebei "
2022-06-10 20:34:27,Chongqing Zoo holds birthday party for giant pandas
2022-06-10 20:20:44,"New cargo flight service links China's Hefei, Osaka"
2022-06-10 20:38:00,"China to launch over 6,200 publicity events centered on intangible cultural heritage"
2022-06-10 21:24:01,Over 3 mln police deployed to secure China's national college entrance exam
2022-06-10 21:35:15,"Philippines' Marcos vows to foster stronger, deeper ties with China"
2022-06-10 11:00:30,China activates level-IV response after two quakes jolt Sichuan
2022-06-10 20:57:00,"China's tax, fee cuts total 244 billion yuan in Jan.-April"
2022-06-10 20:48:00,Xi calls for creating a new chapter in Sichuan's development
2022-06-10 23:30:30,Xi Focus-Closeup: Boosting grain production to safeguard food security
2022-06-10 18:39:15,Feature: China's growing global influence attracts more Tunisians to learn Chinese
2022-06-10 19:50:45,"Senior CPC official underscores studying, implementing Xi Thought"
2022-06-10 20:38:45,"BRICS nations vow to deepen economic, trade cooperation"
2022-06-10 15:04:30,
2022-06-10 19:23:29,Chinese mission to EU refutes European Parliament's resolution on Xinjiang
2022-06-10 20:58:48,A decade of stargazing on roof of world
2022-06-10 23:46:32,"Chinese, U.S. defense chiefs agree to enhance strategic mutual trust, properly manage differences"
2022-06-11 08:28:15,"Shanghai reports 7 confirmed, 9 asymptomatic local COVID cases"
2022-06-11 09:25:30,Chinese mainland reports 65 new local confirmed COVID-19 cases
2022-06-11 01:22:45,"China, Poland vow to promote stable development of bilateral ties"
2022-06-11 00:18:44,Chinese institute launches super-large dataset about global climate system
