﻿2022-03-19 19:14:12,"Trade between China's Hunan, B&R countries surges in first 2 months"
2022-03-20 07:23:23,China's first cargo airport completes flight-test of air freighter
2022-03-20 23:02:44,"Chinese FM holds talks with Algerian, Tanzanian counterparts"
2022-03-21 21:05:36,Epidemic prevention and control workers in Harbin on front line
2022-03-22 01:37:11,Passenger plane carrying 132 crashes in south China
2022-02-19 08:51:39,Rain Water of 24 solar terms
2022-03-05 13:57:44,24 Solar Terms: Awakening of Insects
2022-03-16 22:50:30,China's education ministry stresses mental health amid epidemic
2022-03-16 13:03:05,GLOBALink | County of music
2022-03-17 20:33:57,"China to tighten regulation of livestreaming, short videos"
2022-03-18 15:57:43,"Cultural China: How sleeves, breeze come to embody upright officials in China"
2022-03-19 20:46:45,Around 1.24 billion people in China fully vaccinated against COVID-19
2022-03-19 23:38:29,"Chinese vice FM calls for cherishing peace, pursuing win-win future for Asia-Pacific"
2022-03-20 19:02:46,Taiwan reports 121 new COVID-19 cases
2022-03-20 10:24:30,"Chinese mainland reports 1,656 new local COVID-19 cases"
2022-03-20 16:07:26,Over 3.22 bln COVID-19 vaccine doses administered on Chinese mainland
2022-03-20 21:31:12,"China's Shenzhen to resume normal work, production from Monday"
2022-03-20 21:58:15,"China, other developing countries hold reasonable concerns, similar positions on current European situation: FM"
2022-03-20 14:35:56,China stands on the right side of history on Ukraine issue: FM
2022-03-20 23:16:15,"Update: China's Shenzhen to resume normal work, production from Monday"
2022-03-20 08:17:09,24 Solar Terms: Spring Equinox 
2022-03-21 23:15:01,China improves legislation to protect children in cyberspace
2022-03-21 21:12:32,"CPC urges efforts to make Party history education a routine, long-term campaign"
2022-03-21 23:37:14,China stems groundwater overexploitation
2022-03-21 20:12:15,China to implement value-added tax rebates
2022-03-21 09:18:44,Study reveals mechanism behind reproductive synchrony in locusts
2022-03-21 21:42:30,China to implement large-scale VAT credit refund to keep macroeconomic stability
2022-03-21 22:12:45,Asteroid named after Chinese university
2022-03-21 20:22:15,Xi orders all-out rescue efforts after plane crash
2022-03-21 22:42:16,Asteroid named after Chinese university
2022-03-21 20:56:30,Nine astronomical telescope projects settled in NW China
2022-03-21 11:32:30,"Chinese mainland reports 1,947 new local COVID-19 cases"
2022-03-21 22:27:46,China encourages differentiated funeral services amid COVID-19 outbreak
2022-03-21 19:03:00,"Across China: New birth of Hainan's ""mother river"""
2022-03-21 20:15:18,"State Council appoints, removes officials"
2022-03-21 21:38:31,Experts highlight protection of rights of ethnic minority groups
2022-03-21 18:56:02,"Taiwan export orders from mainland, Hong Kong up 17.6 pct in February"
2022-03-21 16:42:30,Xinhua Commentary: China's economic resilience proves unreasonable predictions wrong
2022-03-21 19:36:02,China to offer Ukraine more humanitarian aid supplies
2022-03-21 22:24:44,
2022-03-21 10:07:00,"Chinese mainland reports 1,947 new local COVID-19 cases"
2022-03-21 19:35:57,Macao SAR chief executive vows full support for newly-appointed national security advisers
2022-03-21 22:16:59,
2022-03-21 14:58:56,Top court updates rules on administrative compensation
2022-03-22 07:32:51,Photo story: medical worker at nucleic testing base in Tianjin
2022-03-22 07:27:42,"China's Shenzhen resumes normal work, production from Monday"
2022-03-22 01:37:11,Passenger plane carrying 132 crashes in south China
2022-03-22 09:45:17,Market exchange rates in China -- March 22
2022-03-22 04:55:30,Chinese FM makes four-point proposal on China-Pakistan relations
2022-03-22 04:24:29,"China, Islamic world have strong desire to further deepen cooperation: Chinese FM"
2022-03-22 00:26:31,
