﻿2022-05-17 22:50:45,"Xinhua Commentary: Racing against time and virus, China merits global confidence"
2022-05-17 21:30:29,Shanghai cuts off community transmission of COVID-19 after tough battle
2022-05-18 20:47:23,"Multiethnic family reflects Xinjiang's diversity, unity"
2022-05-18 20:08:57,"Cambodian, Chinese entrepreneurs meet to explore business opportunities"
2022-05-19 00:11:30,Xi reiterates China's resolve to open up at high standard
2022-04-13 15:15:51,GLOBALink | Female livestreamer helps locals increase income in Xinjiang
2022-04-20 07:23:15,24 Solar Terms: Grain Rain
2022-04-24 08:18:05,GLOBALink | Parkour teenagers in ancient city of Kashgar
2022-05-05 07:30:12,24 Solar Terms: Start of Summer
2022-05-17 20:26:46,China to promote cross-border exchange of accessible-format publication copies: official
2022-05-17 22:50:45,"Xinhua Commentary: Racing against time and virus, China merits global confidence"
2022-05-17 23:39:28,China's top political advisor stresses development of digital economy
2022-05-17 22:08:00,China's top legislator meets Tajik National Assembly chairman
2022-05-17 14:51:18,Feature: Eight days on world's highest peak
2022-05-17 20:00:29,China Focus: China's AC313A large civil helicopter makes maiden flight
2022-05-17 22:08:28,Chinese FM spokesperson on IMF's lifting of RMB weighting in SDR currency basket
2022-05-17 23:39:29,HKSAR gov't urges public to get vaccinated for COVID-19 in accordance with vaccine pass requirements
2022-05-17 22:14:11,China urges Japan to revoke wrong decision of dumping nuclear-contaminated water into sea
2022-05-18 22:33:46,"Hong Kong to distribute 170,000 RAT kits following sewage COVID-19 detection"
2022-05-18 20:59:34,Chinese scientists reveal molecular mechanism behind rape yield improvement
2022-05-18 23:13:13,Chinese premier stresses faster implementation of macro policies
2022-05-18 21:28:31,Xinhua Commentary: The Western media's absurd logic behind China's efforts to resume production
2022-05-18 20:45:15,China's renewable energy capacity expands rapidly in first four months
2022-05-18 09:25:30,Chinese mainland reports 227 new local confirmed COVID-19 cases
2022-05-18 20:37:16,China Focus: Virtual museum tours enrich lives in epidemic
2022-05-18 21:15:33,Bilingual version of Xi's discourses on safeguarding human rights published
2022-05-18 20:26:13,"Feature: Macao's museums boosted by tech innovations, interactions with visitors"
2022-05-18 20:52:20,"Crayfish harvest season begins in Jiangsu, E China"
2022-05-18 21:28:32,"China to strengthen multiple supports for small, medium enterprises"
2022-05-18 23:03:00,Full Text: Chinese President Xi Jinping's address at the conference of the 70th anniversary of CCPIT and Global Trade and Investment Promotion Summit
2022-05-18 21:48:31,
2022-05-18 20:39:34,Shared bikes disinfected as COVID-19 precaution measures in Beijing
2022-05-18 20:16:00,Grand Canal-themed museum opens in China's Henan
2022-05-18 22:30:48,"Sister city relationship set up between Chinese, Croatian cities"
2022-05-18 08:06:15,"Shanghai reports 96 confirmed, 759 asymptomatic local COVID-19 cases"
2022-05-18 23:17:56,"Chinese vice premier stresses importance of cooperation between country's eastern, western regions"
2022-05-18 09:52:26,Chinese mainland reports 227 new local confirmed COVID-19 cases
2022-05-18 17:34:43,
2022-05-18 21:02:29,Chinese FM urges Japan to remove factors disrupting ties
2022-05-18 16:46:56,Chinese FM to chair BRICS foreign ministers' meeting via video link
2022-05-18 21:30:29,
2022-05-18 21:26:33,"Xi, Dutch King exchange congratulations on 50th anniversary of diplomatic ties"
2022-05-18 18:00:15,Expanded Xinjiang Museum opens to public
2022-05-18 19:08:46,"China Focus: Highlights of China's fiscal, taxation development in past decade"
2022-05-19 00:16:14,Senior Chinese diplomat holds phone conversation with U.S. national security advisor
2022-05-19 08:41:31,Preservation capacity enhanced at China's seed bank for cold-region crops
2022-05-19 01:11:46,"Foreign dignitaries, heads of int'l organizations congratulate CCPIT on 70th anniversary"
2022-05-19 09:32:34,394 COVID-19 patients discharged from hospitals on Chinese mainland
2022-05-19 09:52:43,"China, Cuba enjoy excellent bilateral relations: Chinese ambassador"
2022-05-19 08:07:31,"Shanghai reports 82 confirmed, 637 asymptomatic local COVID-19 cases"
2022-05-19 09:30:30,Chinese mainland reports 191 new local confirmed COVID-19 cases
