﻿2022-04-01 21:17:00,"Chinese premier calls on China, EU to enhance dialogue, coordination, deepen cooperation"
2022-04-02 23:25:02,1st batch of Thai fruits shipped to China by China-Laos Railway
2022-04-02 15:12:31,Shanghai screens over 14 mln people in 2nd phase of closed-off management
2022-04-02 01:06:32,Xinhua Headlines: Foreign businesses undented as Shanghai continues massive COVID-19 testing
2022-04-03 20:48:15,Shanghai races to ensure daily supplies amid fight against COVID-19 
2022-04-03 07:36:21,"COVID-19 antigen self-testing kits produced at Biouhan healthcare company in Hefei, E China"
2022-04-03 21:08:31,Shanghai launches citywide antigen testing amid COVID-19 resurgence
2022-03-16 13:03:05,GLOBALink | County of music
2022-03-20 08:17:09,24 Solar Terms: Spring Equinox 
2022-03-23 10:21:55,
2022-03-31 11:12:50,GLOBALink | Shopkeeper in grand bazaar in Xinjiang
2022-04-01 19:34:29,Researchers print 3D cardiac tissue capable of sustaining pulses for over 6 months
2022-04-01 22:32:32,"Education of women, girls critical for sustainable development: symposium"
2022-04-01 18:39:15,"Art exhibition of ""Dream of the Red Chamber"" opens in The Netherlands"
2022-04-02 18:51:41,China further lowers cost of COVID-19 nucleic acid tests
2022-04-02 20:32:17,Chinese vice premier stresses support for foreign trade companies
2022-04-02 10:01:00,"Chinese mainland reports 2,086 new local COVID-19 cases"
2022-04-02 23:06:00,"Research explains coexistence of humans, snow leopards in NW China"
2022-04-02 20:06:16,Across China: Conservation drive helps Yellow River headwaters flow freely for 18 years
2022-04-02 20:51:31,U.S. panel arrives in China to assist with plane crash probe
2022-04-02 16:15:31,"China science, technology news summary -- April 2"
2022-04-02 18:56:45,China regulates online tomb-sweeping activities during Qingming holiday
2022-04-02 11:03:32,Shanghai's largest temporary quarantine site operational
2022-04-02 23:59:03,Xinhua Headlines: China-EU leaders' meeting injects hope to turbulent world
2022-04-03 11:52:31,"Chinese mainland reports 1,455 new local COVID-19 cases"
2022-04-03 19:12:13,China Focus: Shanghai launches citywide antigen testing amid COVID-19 resurgence
2022-04-03 14:08:16,Tibet to invest over 22 bln USD in major projects
2022-04-03 09:05:01,China's national art festival scheduled for September
2022-04-03 00:07:00,Top legislator stresses adherence to path of socialist political advancement with Chinese characteristics
2022-04-03 17:24:01,China Focus: Shanghai races to ensure daily supplies amid fight against COVID-19
2022-04-03 14:08:14,Shanghai races to ensure daily supplies amid fight against COVID-19 
2022-04-03 20:36:45,China Huarong returns to profit in 2021
2022-04-03 22:24:01,Hong Kong to remove constrains on TCM development: Carrie Lam
2022-04-03 19:16:11,"Taiwan reports 280 new COVID-19 cases, with local cases rising"
2022-04-03 20:41:45,China's lottery sales up 18.6 pct in February
2022-04-03 18:45:29,Shanghai port runs normally amid COVID-19 resurgence
2022-04-03 17:14:34,
2022-04-03 15:28:49,
2022-04-03 23:38:16,Nomination period of HKSAR chief executive election begins
2022-04-03 21:33:58,"Medical workers from Jiangxi, Shandong to help fight COVID-19 in Shanghai"
2022-04-03 18:56:14,Experts say China-EU leaders' meeting injects stability into global situation
2022-04-03 20:45:45,China's RMB cross-border payments soar in 2021: report
2022-04-03 14:24:59,GLOBALink| Sino-EU cooperation keeps momentum amid headwinds
2022-04-03 23:42:16,Thousands of medical workers nationwide rushing to aid Shanghai in COVID-19 response
2022-04-03 00:38:14,Chinese vice premier urges containing Shanghai's COVID-19 in shortest time possible
2022-04-04 00:07:16,Across China: Aizhai Bridge becomes road to prosperity for local villagers
2022-04-04 01:03:30,Chinese FM holds talks with Philippine counterpart on bilateral ties
2022-04-04 01:29:30,China Focus: Thousands of medics nationwide rushing to aid Shanghai in COVID-19 response
