﻿2022-06-18 14:58:32,
2022-06-19 14:03:00,Roundup: Europe faces unusual mid-June heatwave
2022-06-17 21:56:00,Xinhua Commentary: U.S. poses gravest threat to global cybersecurity
2022-06-17 19:29:13,British home secretary approves Assange's U.S. extradition
2022-06-17 19:48:31,"1 killed, 6 injured as blast hits mosque in N. Afghanistan"
2022-06-18 19:05:13,WFP says 7.4 mln people food insecure in south Ethiopia amid severe drought
2022-06-18 17:16:45,"World Insights: Putin elaborates stance on political, economic issues at St. Petersburg forum"
2022-06-18 22:15:16,"32 killed in floods in India's Assam, Meghalaya"
2022-06-18 22:54:15,U.S. risks worsening crisis with wrong China containment policy: SCMP
2022-06-18 03:21:59,"UN chief warns of ""global mental health crisis"""
2022-06-18 04:34:00,"Italy's heatwave sparks emergencies, threatens agriculture"
2022-06-18 04:15:00,Boeing announces dedication to HBCUs with 8 mln USD funding
2022-06-18 02:44:45,"U.S. FDA authorizes Moderna, Pfizer-BioNTech COVID-19 vaccines for kids as young as 6 months"
2022-06-18 18:41:00,"Xinhua Commentary: Multilateralism, cooperation carry best hope for global economic recovery"
2022-06-18 01:28:59,AU approves urgent measures to tackle impacts of Ukraine crisis
2022-06-19 21:28:00,"Greeks, Turks share pessimism for economy, skepticism over Ukraine crisis: survey"
2022-06-19 14:03:00,Roundup: Europe faces unusual mid-June heatwave
2022-06-19 15:58:46,
2022-06-19 09:52:30,"UN chief warns against stigma, discrimination fueled by Internet, social media"
2022-06-19 22:28:32,
2022-06-19 22:32:15,"Leaders of Egypt, Bahrain, Jordan discuss regional, int'l issues"
2022-06-19 19:12:15,Duterte-Carpio sworn in as Philippines' 15th vice president
2022-06-19 10:02:30,Thousands gather in Washington D.C. for Poor People's Campaign
2022-06-19 00:14:14,Russia to temporarily suspend gas supply via Turkish Stream pipeline
2022-06-19 13:12:00,U.S. National Security Adviser Jake Sullivan tests positive for COVID-19
2022-06-19 10:54:45,"Post-pandemic world should focus on respect, cooperation, Venezuelan president says"
2022-06-20 06:37:44,Urgent: Gustavo Petro elected president of Colombia in second round of elections
2022-06-20 03:37:15,Macron's alliance leads legislative elections without absolute majority: reports
2022-06-20 04:38:15,Iraq reports 13 cases of cholera
2022-06-20 02:50:13,News Analysis: Israeli gas exports can hardly fill European energy gap left by Russia: experts
2022-06-20 05:16:30,4 IS militants killed in airstrike in W Iraq: military
2022-06-20 03:30:15,Iraq seeks to raise oil production to 8 mln bpd by 2027
2022-06-20 07:47:01,Pasadena Chalk Festival held in California
2022-06-20 07:59:00,Gustavo Petro elected president of Colombia in second round of elections
2022-06-20 07:40:20,Bucharest Tech Week held in Romania
2022-06-20 00:49:43,Indian defense ministry says no rollback of new recruitment policy for armed forces
2022-06-20 01:51:59,"Turkish, Israeli presidents vow to boost bilateral cooperation"
2022-06-20 00:47:43,News Analysis: Libyan negotiations in Egypt last chance for settlement to elections: analysts
2022-06-20 01:55:00,"News Analysis: Will Tunisia's constitutional referendum serve ""new republic"" purpose?"
2022-06-20 05:10:28,"Egyptian fighter jet crashes during training, pilot survives: army statement"
2022-06-20 00:50:45,MONUSCO's withdrawal from DR Congo's Tanganyika province reflects security improvement: UN envoy
2022-06-19 23:50:30,6 terrorists killed in clash with security forces in SW Pakistan
2022-06-20 00:05:47,China-Laos Railway inducts Lao train drivers
2022-06-20 00:49:43,Indian defense ministry says no rollback of new recruitment policy for armed forces
2022-06-20 03:37:15,Macron's alliance leads legislative elections without absolute majority: reports
2022-06-20 07:40:18,Bucharest Tech Week held in Romania
2022-06-20 04:41:29,N. Macedonia's PM rules out early elections after opposition rally
2022-06-19 15:51:40,People participate in 2022 Mermaid Parade at Coney Island in New York
2022-06-19 16:13:11,"People attend rally calling for attention to living conditions of low-income people in Washington, D.C."
2022-06-20 07:46:59,Pasadena Chalk Festival held in California
