﻿2022-04-11 19:38:46,China's top legislature schedules standing committee session
2022-04-11 22:19:31,"Chinese premier calls for stabilization of employment, prices to shore up economy"
2022-04-11 10:00:32,"Chinese mainland reports 1,164 new local confirmed COVID-19 cases"
2022-04-12 15:12:38,Xi inspects Wuzhishan in Hainan
2022-04-12 20:50:30,Secure lives in Shanghai's temporary hospitals
2022-03-20 08:17:09,24 Solar Terms: Spring Equinox 
2022-03-23 10:21:55,
2022-03-31 11:12:50,GLOBALink | Shopkeeper in grand bazaar in Xinjiang
2022-04-05 07:15:59,24 Solar Terms: Qingming
2022-04-10 23:20:56,China issues guideline on establishing unified domestic market
2022-04-10 23:25:56,"China unveils plan to boost healthcare for women, children"
2022-04-10 13:48:01,New EMU train of China-Laos Railway to serve Lao festival travel rush
2022-04-11 20:39:14,"Chinese premier stresses stabilizing employment, price to shore up economy"
2022-04-11 20:51:00,NATO urged to stop spreading provocative remarks against China: spokesperson
2022-04-11 21:03:01,China stresses smooth freight transport amid epidemic
2022-04-11 22:34:34,Multinational corporations support Shanghai's fight against COVID-19
2022-04-11 18:56:29,Explainer: Why dynamic zero-COVID policy remains best choice for Shanghai
2022-04-11 19:38:46,China's top legislature schedules standing committee session
2022-04-11 21:41:15,"Hong Kong's teachers, students required to conduct COVID-19 test daily after schools reopen"
2022-04-11 22:34:28,GLOBALink | Xi's visit encourages marine scientists
2022-04-11 09:00:16,Tang Dynasty tombs discovered in China's Shanxi
2022-04-11 10:14:30,"1,378 COVID-19 patients discharged from hospitals on Chinese mainland"
2022-04-12 23:14:47,
2022-04-12 21:53:28,"Chinese, Russian party officials hold talks on inter-party exchanges"
2022-04-12 10:35:47,"1,676 COVID-19 patients discharged from hospitals on Chinese mainland"
2022-04-12 20:42:45,China accelerates issuance of local-gov't special bonds
2022-04-12 23:08:01,Tax data reveals Olympics ignited Chinese winter sports fever
2022-04-12 13:55:15,Chinese experts reveal genetic variation basis in watermelon seed size
2022-04-12 23:24:00,HKSAR LegCo passes funding application to assist industries affected by COVID-19 pandemic
2022-04-12 17:41:14,Commissioner's office of Chinese foreign ministry in HKSAR urges outsiders to write off political shows
2022-04-12 19:55:30,Shanghai crude oil futures close higher
2022-04-12 16:49:01,Xi tells Party cadres to make every possible effort to ensure people's happy lives
2022-04-12 16:40:46,Xi stresses boosting national park development in Hainan
2022-04-12 21:31:07,Economic Watch: China's appetite grows for ready-made dishes
2022-04-12 19:49:30,China at critical point in fight against COVID-19: health spokesperson
2022-04-12 09:36:31,"Chinese mainland reports 1,251 new local confirmed COVID-19 cases"
2022-04-12 16:02:45,"China to improve cold-chain logistics, transportation"
2022-04-12 22:22:37,View of Wuzhishan section of Hainan Tropical Rainforest National Park
2022-04-12 23:06:45,China rolls out five-year plan on family education
2022-04-12 20:29:45,China's top political advisor meets Italian Senate speaker
2022-04-12 22:38:30,"Beijing to have 700,000 electric vehicle charging piles by 2025"
2022-04-12 20:46:45,"Chinese premier stresses stabilizing macroeconomy, ensuring people's livelihood"
2022-04-12 22:15:10,"View of karst landscape in Shilin Yi Autonomous County, SW China's Yunnan"
2022-04-12 19:55:31,Chinese vice premier stresses importance of national afforestation
2022-04-12 22:33:30,"China Focus: China smooths logistics amid COVID-19 control to meet daily, industrial needs"
2022-04-12 19:09:13,Xi's speech at Beijing 2022 Winter Olympics and Paralympics review and awards ceremony published
2022-04-12 22:11:30,"Chinese premier stresses need to stabilize macroeconomy, ensure people's livelihoods"
2022-04-12 07:02:00,Chinese envoy calls for true multilateralism in fight against COVID-19
2022-04-12 22:14:47,
2022-04-12 21:49:28,"Ukraine issue reveals U.S. pursuit of hegemony, bullying: FM spokesperson"
2022-04-12 22:37:28,China's anti-graft chief urges solid work ahead of 20th CPC national congress
2022-04-12 18:11:59,China's wide field survey telescope verifies its primary-focus camera
2022-04-13 07:40:15,Photo story: 78-year-old volunteer on frontline of Shanghai's fight against COVID-19
