﻿2022-04-03 21:08:31,Shanghai launches citywide antigen testing amid COVID-19 resurgence
2022-04-04 22:01:46,Chinese FM holds talks with Panamanian counterpart
2022-04-04 12:56:45,HKSAR Chief Executive Carrie Lam says not to run in upcoming election
2022-04-04 21:16:16,"China-Laos Railway sees brisk passenger, cargo transport over inaugural 4 months"
2022-04-05 21:26:16,"Shanghai's temporary hospitals expected to accommodate over 70,000 patients"
2022-04-05 23:23:51,Shanghai Anti-COVID Diary | A story of eight households in a building
2022-03-20 08:17:09,24 Solar Terms: Spring Equinox 
2022-03-23 10:21:55,
2022-03-31 11:12:50,GLOBALink | Shopkeeper in grand bazaar in Xinjiang
2022-04-02 20:32:17,Chinese vice premier stresses support for foreign trade companies
2022-04-02 23:06:00,"Research explains coexistence of humans, snow leopards in NW China"
2022-04-02 16:15:31,"China science, technology news summary -- April 2"
2022-04-03 09:05:01,China's national art festival scheduled for September
2022-04-03 17:24:01,China Focus: Shanghai races to ensure daily supplies amid fight against COVID-19
2022-04-03 00:38:14,Chinese vice premier urges containing Shanghai's COVID-19 in shortest time possible
2022-04-04 19:46:20,"China-Laos Railway sees brisk passenger, cargo transport over inaugural 4 months"
2022-04-04 21:32:41,China's sci-tech week to be held in May
2022-04-04 01:03:30,Chinese FM holds talks with Philippine counterpart on bilateral ties
2022-04-04 10:51:30,Cultural China: Wide hearts embrace all
2022-04-04 13:33:00,"Xi Focus: Qingming, time for remembering heroes and observing traditions"
2022-04-04 22:50:14,"China, Hungary agree to enhance cooperation in various fields"
2022-04-04 21:24:50,"Over 38,000 medics dispatched to Shanghai to aid COVID-19 fight"
2022-04-05 21:41:16,Chinese cities report improving air quality in first two months
2022-04-05 23:44:26,China's PC monitor shipments to drop slightly in 2022: report
2022-04-05 15:42:46,Xi Focus-Quotable Quotes: Xi Jinping on carrying forward spirit of heroes
2022-04-05 13:51:29,Shanghai's COVID-19 testing capacity reaches 4 mln tubes daily
2022-04-05 00:56:16,Update: Shanghai screens over 24 mln residents for COVID-19 in one day
2022-04-05 00:40:16,China sincerely wants peace in Ukraine: FM
2022-04-05 18:22:31,
2022-04-05 21:18:17,China's rail freight volume up 2.8 pct in Q1
2022-04-05 19:03:17,HKSAR chief executive mourns deaths of COVID-19 patients
2022-04-05 22:04:36,Farming activities in full swing across China
2022-04-05 22:29:31,China reports no major accidents during Tomb-sweeping Day holiday
2022-04-05 07:15:59,24 Solar Terms: Qingming
2022-04-05 16:17:40,
2022-04-05 21:21:14,Taiwan reports 281 new COVID-19 cases
2022-04-05 22:00:17,Across China: More young Chinese positive about writing wills
2022-04-05 21:51:39,People across China enjoy spring view during Qingming Festival
2022-04-05 21:31:44,"Local grannies volunteer to provide lunches to frontline workers in Quanzhou, Fujian"
2022-04-05 16:47:01,
2022-04-05 21:33:16,HKSAR's LegCo has returned to rationality: LegCo president
2022-04-05 18:57:14,Xi congratulates Aleksandar Vucic on reelection as Serbian president
2022-04-05 09:31:56,"Chinese mainland reports 1,173 new local COVID-19 cases"
2022-04-05 20:52:59,China's CZBank net profit up 2.75 pct in 2021
2022-04-06 00:22:31,Across China: More Chinese choose fresh-cut flowers for tomb-sweeping
2022-04-06 08:10:41,China makes positive contribution to global economic growth: Ethiopian ambassador
2022-04-06 06:34:16,"Roundup: China desires de-escalation, rapid resolution of conflict in Ukraine"
2022-04-06 08:24:14,5.1-magnitude quake hits SW China's Sichuan: CENC
2022-04-06 02:17:46,"Chinese, Canadian FMs hold talks over phone"
