﻿2022-05-17 21:30:29,Shanghai cuts off community transmission of COVID-19 after tough battle
2022-05-18 20:47:23,"Multiethnic family reflects Xinjiang's diversity, unity"
2022-05-18 20:08:57,"Cambodian, Chinese entrepreneurs meet to explore business opportunities"
2022-05-19 21:52:58,Xi calls on BRICS countries to build global community of security for all
2022-05-19 20:44:28,Vice premier urges solid work on environmental protection
2022-05-19 19:32:18,China issues guideline on promoting high-quality meteorological development
2022-04-13 15:15:51,GLOBALink | Female livestreamer helps locals increase income in Xinjiang
2022-04-20 07:23:15,24 Solar Terms: Grain Rain
2022-04-24 08:18:05,GLOBALink | Parkour teenagers in ancient city of Kashgar
2022-05-05 07:30:12,24 Solar Terms: Start of Summer
2022-05-17 23:39:28,China's top political advisor stresses development of digital economy
2022-05-17 22:08:00,China's top legislator meets Tajik National Assembly chairman
2022-05-18 23:13:13,Chinese premier stresses faster implementation of macro policies
2022-05-18 21:28:31,Xinhua Commentary: The Western media's absurd logic behind China's efforts to resume production
2022-05-18 09:25:30,Chinese mainland reports 227 new local confirmed COVID-19 cases
2022-05-18 20:37:16,China Focus: Virtual museum tours enrich lives in epidemic
2022-05-18 21:48:31,
2022-05-18 23:17:56,"Chinese vice premier stresses importance of cooperation between country's eastern, western regions"
2022-05-18 09:52:26,Chinese mainland reports 227 new local confirmed COVID-19 cases
2022-05-18 17:34:43,
2022-05-18 21:02:29,Chinese FM urges Japan to remove factors disrupting ties
2022-05-18 16:46:56,Chinese FM to chair BRICS foreign ministers' meeting via video link
2022-05-18 21:30:29,
2022-05-19 12:43:58,Panchen Rinpoche attends religious activities in Tibet
2022-05-19 20:32:31,Chinese premier stresses more support to help market entities tide over difficulties
2022-05-19 00:16:14,Senior Chinese diplomat holds phone conversation with U.S. national security advisor
2022-05-19 22:45:16,Tibet issues coupons to boost local tourism
2022-05-19 20:55:30,"Xi Focus: Making the ""pie"" of cooperation bigger for the world"
2022-05-19 22:20:51,Tianjin boosts aerospace industry to promote high-quality development
2022-05-19 18:53:01,Chinese scientists find new gene to improve wheat yield
2022-05-19 01:11:46,"Foreign dignitaries, heads of int'l organizations congratulate CCPIT on 70th anniversary"
2022-05-19 22:52:13,China's Gansu reports trade growth with RCEP members
2022-05-19 19:33:15,Macao's visitor expenditure up 6.7 pct in Q1
2022-05-19 15:53:01,"Homework 1,300 years ago reveals Xinjiang's school life in ancient times"
2022-05-19 21:23:43,WHO validates 3rd Chinese COVID-19 vaccine for emergency use
2022-05-19 23:03:11,"Roundup: Xi's speech on trade promotion boosts global confidence in recovery, development, say experts"
2022-05-19 23:42:13,Chinese vice premier stresses high-quality meteorological development
2022-05-19 18:44:01,Beijing reports 64 new local COVID-19 infections
2022-05-19 21:40:43,"China urges U.S. not to support ""Tibetan independence"""
2022-05-19 20:37:31,WHO validates 3rd Chinese COVID-19 vaccine for emergency use
2022-05-19 22:18:17,Chongqing's foreign trade grows 12.1 pct in January-April
2022-05-19 20:44:28,Vice premier urges solid work on environmental protection
2022-05-19 20:51:26,Wondrous Xinjiang: Youth in Xinjiang work out better life in fishing industry
2022-05-19 19:36:15,Economic Watch: Policies in place to help sustain China's stable housing market
2022-05-19 20:33:31,China's cities see surge in recycled water use
2022-05-19 16:01:18,Chinese premier extends congratulations to new French PM
2022-05-19 23:14:13,Taiwan's accumulated number of local COVID-19 cases exceeds 1 mln
2022-05-19 22:38:31,"Infrastructure projects under construction in key pilot zone of Tacheng, Xinjiang"
2022-05-19 21:49:57,BRICS bank issues 7-billion-yuan bond in China's interbank bond market
2022-05-19 22:01:58,HKSAR gov't to relaunch online platform for declaration of non-local COVID-19 vaccination records
2022-05-19 09:30:30,Chinese mainland reports 191 new local confirmed COVID-19 cases
2022-05-19 14:43:20,"Across China: Bringing ancient ""money pots"" back to life in Yunnan museum"
2022-05-20 00:52:28,China to work with BRICS to promote common development: Xi
2022-05-20 07:07:13,"Chinese envoy urges countries to increase coordination, stabilize global food market"
2022-05-20 01:36:43,China calls on BRICS countries to gather consensus in face of global challenges
2022-05-20 00:07:26,Chinese premier stresses more support for market entities
