﻿2022-05-08 09:28:15,"China's BRI projects greatly benefit Cambodian economy, people: officials, experts"
2022-05-10 04:20:30,China launches cargo craft for space station supplies
2022-05-11 19:42:18,China has provided over 2.2 billion COVID vaccine doses to world
2022-05-11 07:27:25,Retail stores gradually return to normal operation in Shanghai
2022-05-11 23:26:49,Xinhua Headlines: China speeds up future-oriented infrastructure development
2022-05-11 22:56:13,Top legislator stresses rule of law for protecting wetlands
2022-04-13 15:15:51,GLOBALink | Female livestreamer helps locals increase income in Xinjiang
2022-04-20 07:23:15,24 Solar Terms: Grain Rain
2022-04-24 08:18:05,GLOBALink | Parkour teenagers in ancient city of Kashgar
2022-05-05 07:30:12,24 Solar Terms: Start of Summer
2022-05-07 20:54:43,Dates set for China's 2022 national college entrance exam
2022-05-09 11:19:11,Chinese culture show staged in Ghana university to boost friendly ties
2022-05-09 23:38:16,"NED is actually ""second CIA"" of U.S.: FM spokesperson"
2022-05-09 23:56:11,Beijing reports 50 new local COVID-19 infections
2022-05-10 20:06:28,China slams U.S. for changing Taiwan wording on State Department website
2022-05-10 23:16:31,"Chinese scientists find fossil of new marine reptile with ""incredibly long"" tail"
2022-05-10 09:08:58,China's cargo craft docks with space station combination
2022-05-10 02:03:15,"China calls for equal, balanced global development partnership"
2022-05-10 00:02:56,Chinese vice premier reiterates dynamic zero-COVID policy
2022-05-10 13:32:56,China renews blue alert for rainstorms
2022-05-10 21:10:45,"China, South Korea agree to boost pragmatic cooperation"
2022-05-11 23:02:16,Chinese scientists take inspiration from cobwebs to tackle freshwater scarcity
2022-05-11 22:13:48,Glacier research carried out on Mount Qomolangma
2022-05-11 20:43:32,"Beijing to conduct antigen testing in key areas, sectors"
2022-05-11 23:02:17,"Chinese premier stresses employment-first fiscal, monetary policies"
2022-05-11 17:16:11,Xinhua Commentary: Western attacks on Hong Kong election make no sense
2022-05-11 17:48:30,"Taiwan reports 57,188 new local COVID-19 cases, eight new deaths"
2022-05-11 22:23:58,"First-dose COVID-19 vaccination rate for elderly, disabled homes reaches 84 pct"
2022-05-11 22:04:39,"Work, production resumption underway in Zhengzhou"
2022-05-11 17:21:30,China's telescope array in Antarctica starts search for Earth-like planets
2022-05-11 19:42:59,"Xinhua Commentary: China, Germany should enhance cooperation during times of uncertainty"
2022-05-11 10:21:26,"Chinese mainland reports 302 new local COVID-19 cases, 228 in Shanghai"
2022-05-11 15:16:26,U.S. urged to adhere to one-China principle
2022-05-11 17:36:28,
2022-05-11 23:10:29,
2022-05-11 23:04:13,Inner Mongolia ups protection of intangible cultural heritages
2022-05-11 22:56:13,Top legislator stresses rule of law for protecting wetlands
2022-05-11 21:45:45,Interview: China to unveil timely measures to stabilize employment: official
2022-05-12 10:05:26,"Plane veers off runway, catches fire in southwest China"
2022-05-12 07:11:01,Chinese envoy warns against more sanctions on DPRK
2022-05-12 00:22:28,"China to prioritize employment in fiscal and monetary policies, mobilize existing assets to boost effective investment"
2022-05-12 02:20:31,Chinese FM meets Pakistani counterpart
2022-05-12 01:06:30,China slams U.S. for leaving unexploded bombs in Southeast Asia
2022-05-12 08:36:28,Shanghai enterprises make steady progress in resuming production
2022-05-12 10:46:47,"Chinese mainland reports 222 new local COVID-19 cases, 144 in Shanghai"
2022-05-12 10:06:30,Chinese shares open lower Thursday
2022-05-12 10:54:43,China central bank conducts reverse repos to maintain liquidity
2022-05-12 07:15:27,Spring farming begins in nearest administrative township to Mt. Qomolangma
2022-05-12 10:51:44,25 injured after passenger plane veers off runway in southwest China
2022-05-12 10:47:46,Market exchange rates in China -- May 12
