﻿2022-03-19 19:14:12,"Trade between China's Hunan, B&R countries surges in first 2 months"
2022-03-22 19:20:45,U.S. Senate begins hearings for Biden's Supreme Court nominee
2022-03-20 23:24:45,Ukraine extends martial law
2022-03-20 02:26:45,"Serbian, Hungarian leaders inaugurate section of Belgrade-Budapest railway"
2022-03-20 21:12:15,"Egypt, Pakistan agree to boost bilateral ties"
2022-03-20 18:54:46,"Roundup: Experts, citizens from various countries criticize West's double standards in opposing war"
2022-03-20 20:33:14,Feature: Worries and wishes of a street flower vendor in Iran
2022-03-21 04:15:59,Yemen's Houthis launches drones attacks against Saudi Aramco oil facilities
2022-03-21 20:03:12,72 injured as 2 trains collide in Tunis: official
2022-03-21 18:49:00,UN to continue advocating against climate change in Pacific region: UN official
2022-03-21 22:46:46,
2022-03-21 10:19:58,Brazil's Supreme Federal Court revokes ban on messaging platform Telegram
2022-03-21 12:03:31,Senior Russian navy commander killed in Ukraine: Sevastopol governor
2022-03-21 10:58:12,Gas price in Los Angeles inches toward 6 dollars per gallon
2022-03-21 03:53:15,"Iran's supreme leader, president laud nationals for defeating U.S. ""maximum pressure"""
2022-03-21 09:04:29,Russia says to open humanitarian corridors from Mariupol
2022-03-21 16:28:14,Economic Watch: EU scrambles to shake off dependence on Russian energy amid Ukraine conflict
2022-03-22 21:02:17,Lebanese PM urges UN peacekeeping force to curb Israeli violations of airspace
2022-03-22 19:14:46,Russia urges Washington to quit escalating tensions
2022-03-22 01:29:15,Russia halts peace treaty talks with Japan
2022-03-22 11:07:11,Japan ends emergency virus measures in all 18 prefectures covered
2022-03-22 18:38:31,Tropical storm Asani crosses Myanmar's delta region
2022-03-22 04:56:29,"5 dead, 4 missing after heavy rains pound Rio de Janeiro state"
2022-03-22 19:23:03,
2022-03-22 10:26:15,UN General Assembly to vote again on Ukraine: spokesperson
2022-03-22 06:08:45,95 injured as 2 trains collide in Tunisia: official
2022-03-22 06:20:45,"China, like-minded countries concerned about human rights violations against indigenous people"
2022-03-22 00:06:15,"Russia bans Facebook, Instagram for ""extremism"""
2022-03-22 16:52:15,"Tokyo, 8 other prefectures brace for blackouts amid supply crunch in wake of powerful quake"
2022-03-22 07:06:45,Brazil unveils incentives to spur biomethane output
2022-03-22 21:57:28,"IFC, multilateral partners launch alliance to spur growth of African start-ups"
2022-03-23 07:35:20,In pics: NATO bombing scars in Belgrade
2022-03-23 03:28:30,Roundup: PM vows tough anti-terror stance after deadly attack in southern Israel
2022-03-23 02:30:15,UN chief calls for sustainable use of groundwater for future generations
2022-03-23 05:07:30,Israel builds its 1st quantum computer
2022-03-23 04:55:30,Jordan holds local elections amid strict measures against COVID-19
2022-03-23 02:34:00,Egypt's cabinet approves draft budget for FY 2022/23 with 6.1 pct deficit
2022-03-23 02:44:15,34 killed in north Nigeria gunmen attacks
2022-03-23 06:06:44,"Algerian, Chinese firms set up 7-bln-USD fertilizer joint venture"
2022-03-22 22:46:45,Sri Lanka to hire int'l law firm to assist debt restructuring amid foreign exchange shortage
2022-03-22 22:41:31,"Pakistani PM calls for unity of Islamic world, assistance to Afghanistan"
2022-03-22 21:16:18,"Indonesia reports 7,464 new COVID-19 cases, 170 more deaths"
2022-03-23 04:40:30,German authorities crack down on online hate speech against politicians
2022-03-23 04:48:30,Spain lifts obligation for non-symptomatic COVID-19 patients to isolate
2022-03-23 03:32:15,Netherlands lends support to Turkey's mediation role in Ukraine crisis
2022-03-23 07:49:45,Pre-pandemic supply chain won't come back: expert
2022-03-23 07:39:45,Canadian ruling party wins support to govern through 2025
2022-03-23 06:38:43,Apple announces new coaching program and features for educators
