﻿2022-07-12 20:37:12,"China, Malaysia reach 5-point consensus on developing ties"
2022-07-13 15:52:15,China launches new data relay satellite
2022-07-13 22:55:30,Top political advisor calls on Taiwan compatriots to stand firmly on right side of history
2022-07-14 23:12:41,"Chinese premier stresses consolidating recovery, stabilizing economy"
2022-07-14 19:49:01,Montenegro opens 1st Chinese-built highway section
2022-07-15 01:01:57,Xi inspects Urumqi in China's Xinjiang
2022-06-06 08:18:04,24 Solar Terms: Grain in Ear
2022-06-20 08:55:04,"GLOBALink | See you again, Bayanbulak"
2022-06-21 07:36:44,24 Solar Terms: Summer Solstice
2022-07-07 07:14:05,24 Solar Terms: Lesser Heat
2022-07-12 22:36:16,China to ease residency restrictions in urban areas
2022-07-13 22:14:16,"China, Vietnam hold meeting on bilateral cooperation"
2022-07-13 01:43:14,China launches new data relay satellite
2022-07-13 19:16:30,"World will oppose ""U.S. rules"" of foreign interference: FM spokesperson"
2022-07-13 20:47:45,Temperature in Shanghai hits record high
2022-07-13 14:29:00,China renews orange alert for high temperatures
2022-07-13 20:38:30,"China unveils measures to bolster employment, consumption"
2022-07-13 23:33:30,Senior CPC official urges BRICS to build anti-corruption governance system
2022-07-13 00:08:15,China renews blue alert for rainstorms
2022-07-13 15:08:15,China launches new data relay satellite
2022-07-14 22:10:45,"Chinese premier stresses consolidating recovery, bringing economy back on track"
2022-07-14 23:12:41,"Chinese premier stresses consolidating recovery, stabilizing economy"
2022-07-14 22:32:42,Mainland denounces DPP's sinister aim of damaging cross-Strait relations
2022-07-14 16:42:15,"1,900-year-old celadon kiln site found in central China's Hunan"
2022-07-14 16:44:31,
2022-07-14 22:02:58,
2022-07-14 22:15:42,"China, Cambodia intergovernmental committee holds meeting via video"
2022-07-14 20:15:56,In pics: clouds during sunny day in Beijing
2022-07-14 21:05:15,"Chinese FM spokesperson refutes ""debt trap"" claim"
2022-07-14 16:42:16,Across China: Rural women weave in prosperous lives through embroidery
2022-07-14 22:08:33,
2022-07-14 22:37:45,Chinese premier pledges to ease burden of receiving medical treatment
2022-07-14 19:00:44,"China, Pacific island countries vow to strengthen cooperation"
2022-07-14 20:53:15,"Hong Kong to distribute 330,000 RAT kits following sewage COVID-19 detection"
2022-07-14 12:44:12,China sees growth in summer grain harvest
2022-07-14 22:05:30,Former provincial legislator stands trial for accepting bribes
2022-07-14 22:53:44,Rising consumer prices impact daily lives in Taiwan
2022-07-14 21:31:29,China to build international agricultural breeding center in Hainan
2022-07-14 23:31:45,"Chinese scientists sequence genome of 14,000-yr-old human"
2022-07-14 21:55:46,Children experience different activities during summer vacation across China
2022-07-14 23:34:56,"China's banking, insurance sectors run in reasonable range in H1"
2022-07-14 20:11:59,China to make all-out efforts to ensure autumn harvest: official
2022-07-15 09:42:00,Chinese mainland reports 64 new local confirmed COVID-19 cases
2022-07-15 09:25:00,Chinese mainland reports 64 new local confirmed COVID-19 cases
2022-07-15 09:00:00,"1,900-year-old celadon kiln site found in central China's Hunan"
2022-07-15 01:41:59,Xi stresses protecting cultural heritage after watching ethnic performance in Xinjiang
2022-07-15 01:51:15,Xi says Xinjiang is a hub in Belt and Road cooperation
2022-07-15 00:07:15,China creates over 6.5 million urban jobs in H1
2022-07-15 00:05:59,Tesla's Shanghai Gigafactory more than doubles exports in H1
2022-07-15 09:27:56,Xi inspects Shihezi City of Xinjiang
2022-07-15 01:50:15,Xi stresses community work in Urumqi inspection
2022-07-15 07:26:42,Chinese envoy calls on upcoming Colombian gov't to consolidate peace
