﻿2022-05-24 19:32:13,Mission completed: 691 medics return to east China's Anhui from Shanghai
2022-05-25 00:09:14,China's top legislator proposes enhancing parliamentary exchanges with Greece
2022-05-25 20:57:31,China's top political advisor inspects Gannan Tibetan Autonomous Prefecture
2022-05-25 19:02:01,"Xi meets heroes, role models from public security system"
2022-05-26 01:25:15,Chinese premier stresses need to implement policies to stabilize economy
2022-05-26 00:55:28,"Karot hydropower project under CPEC to generate eco-friendly, cheap electricity: Pakistani PM"
2022-04-20 07:23:15,24 Solar Terms: Grain Rain
2022-04-24 08:18:05,GLOBALink | Parkour teenagers in ancient city of Kashgar
2022-05-05 07:30:12,24 Solar Terms: Start of Summer
2022-05-14 09:58:19,
2022-05-24 22:34:45,
2022-05-24 08:38:00,China releases action plan on rural construction
2022-05-24 13:20:41,Chinese Wisdom in Xi's Words: Food is first necessity of the people
2022-05-24 21:17:41,Macao's retail sales value down 0.6 pct year on year in Q1
2022-05-24 23:36:15,"China Focus: Sequel planned for China's top-grossing animated film, ignites expectations for quality titles"
2022-05-24 15:27:03,Researchers start planting space-bred seeds returned by Shenzhou-13
2022-05-25 20:25:11,Economic Watch: Forging solid BRICS foundation for tackling global climate change
2022-05-25 20:28:11,U.S.-led IPEF tool of coercion upon regional countries: FM spokesperson
2022-05-25 22:07:46,Vice premier stresses coordinating COVID-19 control with economic development
2022-05-25 01:53:31,BRICS should cooperate on digital transformation: Chinese official
2022-05-25 09:44:14,Feature: A glance of Wushu's popularity in Cuba amid COVID-19 pandemic
2022-05-25 20:14:13,"Debris from Chinese rocket reenters atmosphere, mostly burning up"
2022-05-25 20:55:31,"China saddened by Texas school shooting, urges U.S. to effectively protect human rights: FM spokesperson"
2022-05-25 13:23:58,Feature: Chinese university a bridge for Sino-India relationship
2022-05-25 19:19:06,Pic story of children's chorus in NE China
2022-05-25 16:06:01,"Chinese, Indonesian FMs hold phone conversation"
2022-05-25 01:49:28,"Chinese, German FMs hold virtual meeting on bilateral ties, multilateralism"
2022-05-25 20:49:26,Chinese premier stresses implementation of policies to stabilize economy
2022-05-25 20:57:31,China's top political advisor inspects Gannan Tibetan Autonomous Prefecture
2022-05-25 22:22:35,
2022-05-25 21:23:43,Senior Beijing health official removed from office
2022-05-25 20:27:15,China-Russia joint air patrol targets no third party: spokesman
2022-05-25 19:45:17,"Xinjiang's fight against terrorism, extremism stands test of history: officials"
2022-05-25 21:13:28,Scientists engineer new material that can harvest energy 24-hr uninterrupted
2022-05-25 21:44:53,Anhui section of Baihetan-Zhejiang UHV power transmission project under construction
2022-05-25 22:34:00,"Hong Kong to distribute another 180,000 RAT kits following sewage COVID-19 detection"
2022-05-25 10:10:28,Chinese mainland reports 102 new local confirmed COVID-19 cases
2022-05-25 21:35:46,Macao sees 5.1 pct more medical consultations in 2021
2022-05-25 23:10:29,
2022-05-25 21:12:28,"China to take targeted, scientific measures for new pollutants disposal: official"
2022-05-25 20:24:14,"China details measures for better use of existing infrastructure, assets"
2022-05-25 15:07:16,Across China: From tourist island to free trade port -- Hainan's transformation in the eyes of three Italians
2022-05-25 22:28:00,Huawei cloud service sees robust growth in Bangladeshi market
2022-05-25 15:46:29,President Xi meets UN human rights chief Bachelet
2022-05-25 22:32:45,"Nanjing Massacre survivor passes away, only 56 still alive"
2022-05-25 15:41:27,Xi Focus-Closeup: Literature and beyond: in memory of a literary friend
2022-05-25 15:26:11,China further lowers cost of COVID-19 nucleic acid tests
2022-05-25 23:43:17,PLA patrol necessary against Taiwan-U.S. collusion: spokesperson
2022-05-25 20:50:32,China's top legislator holds talks with Jordan's Senate president
2022-05-26 01:00:16,China-Russia joint air patrol targets no third party: spokesman
2022-05-26 00:58:28,Construction of Legoland Shanghai Resort resumes
2022-05-26 01:25:15,Chinese premier stresses need to implement policies to stabilize economy
2022-05-26 00:36:13,Former KMT chairperson refutes rumors about Xinjiang
