﻿2022-07-06 18:40:14,"Shenzhou-14 taikonauts conduct in-orbit science experiments, prepare for space walks"
2022-07-07 00:16:47,"Xinhua Headlines: China, Caribbean countries deepen comprehensive cooperation
"
2022-07-07 00:06:00,China's top legislator holds talks with chairperson of Uzbekistan's Senate
2022-07-07 00:52:00,Kenya's SGR train ferries 7.8 mln passengers since inception
2022-05-29 13:05:59,
2022-06-06 08:18:04,24 Solar Terms: Grain in Ear
2022-06-20 08:55:04,"GLOBALink | See you again, Bayanbulak"
2022-06-21 07:36:44,24 Solar Terms: Summer Solstice
2022-07-04 18:47:02,
2022-07-04 20:04:47,
2022-07-05 23:55:47,"Thailand, China agree to carry on traditional friendship, expand bilateral cooperation"
2022-07-06 22:03:15,"China stresses rectifying problems in central budget execution, fiscal revenues and expenditures"
2022-07-06 20:15:45,"China ready to usher in new ""golden age"" with Philippines: Chinese FM"
2022-07-06 14:51:30,Construction of China's first commercial spacecraft launch site starts in Hainan
2022-07-06 16:05:42,First Historical Archives of China opens to public
2022-07-06 20:57:59,"Feature: Virtual ""bird-woman"" ambassador spreads Dunhuang culture"
2022-07-06 15:47:44,Wheels on China's Zhurong rover keep stable with novel material
2022-07-06 00:34:00,Chinese foreign minister to meet U.S. secretary of state
2022-07-06 18:00:57,"China Focus: Shenzhou-14 taikonauts conduct in-orbit science experiments, prepare for space walks"
2022-07-06 20:58:00,China launches Level IV emergency response for floods in northern regions
2022-07-06 16:25:45,China cracks down on ecological damage through environmental inspections
2022-07-06 23:22:45,HKSAR chief executive John Lee vows results in addressing livelihood issues
2022-07-06 00:00:44,China's top political advisor urges more suggestions on carbon reduction
2022-07-06 10:33:30,Chinese mainland reports 112 new local confirmed COVID-19 cases
2022-07-06 19:47:29,Taiwan's CPI shows record rise of 3.59 pct in June
2022-07-06 19:22:30,China's passenger vehicles see robust June retail sales
2022-07-06 21:08:00,Interview: Airbus speaks on great prospects for Chinese market
2022-07-06 21:55:12,China Focus: China's environmental inspections pave way for green development
2022-07-06 19:23:30,Hong Kong keeps tracing COVID-19 through sewage surveillance
2022-07-06 19:27:30,China criticizes U.S. attempt to ban Dutch chipmaking tech exports to China
2022-07-06 16:28:45,Feature: Modern technology fuels centuries-old Qinqiang Opera
2022-07-06 09:13:00,"China's Anhui reports 81 confirmed, 141 asymptomatic local COVID-19 cases"
2022-07-07 08:03:32,"Achievement made in artificial breeding, reproduction of Yangtze finless porpoise "
2022-07-07 08:13:27,"36th National Lotus Exhibition opens in Kunming, SW China's Yunnan"
2022-07-07 09:28:44,Chinese mainland reports 94 new local confirmed COVID-19 cases
2022-07-07 09:36:45,39 COVID-19 patients discharged from hospitals on Chinese mainland
2022-07-07 01:05:00,"China, Philippines vow to enhance good-neighborly friendship, deepen cooperation"
2022-07-07 00:16:47,"Xinhua Headlines: China, Caribbean countries deepen comprehensive cooperation
"
2022-07-07 10:50:12,Across China: Concrete support provided for children in need
2022-07-07 10:39:32,Chinese yuan strengthens to 6.7143 against USD Thursday
2022-07-07 01:06:12,"China stresses rectifying problems in central budget execution, fiscal revenues and expenditures"
2022-07-07 07:14:05,24 Solar Terms: Lesser Heat
2022-07-07 01:07:00,China to promote use of electronic licenses and certificates to energize market players
2022-07-07 10:58:29,Chinese mainland reports 94 new local confirmed COVID-19 cases
2022-07-07 00:24:59,"China, Philippines agree to upgrade cooperation, resolve differences through dialogue"
