﻿2022-03-13 23:27:17,"Turkish president, Greek PM vow to boost cooperation ""despite disagreements"""
2022-03-13 20:44:04,Tanzania to investigate causes of contaminated water in Mara River
2022-03-10 21:41:00,Hungarian parliament elects Katalin Novak as president
2022-03-10 21:58:00,"Israeli president's ""historic"" visit continues in Turkey's Istanbul"
2022-03-11 05:53:15,Reported armed convoys in Tripoli increase concern: UN
2022-03-11 20:17:15,"EU foreign policy chief says ""pause needed"" in Iran nuke talks"
2022-03-11 11:12:28,UNSC to convene at Russia's request to probe into U.S. military biological activities in Ukraine
2022-03-11 00:31:46,U.S. children severely behind in reading after 2 years of pandemic: media
2022-03-11 13:13:45,"S. Korea reports 282,987 new COVID-19 cases"
2022-03-11 06:15:15,"Truck convoy circles Capital Beltway for 4th day, as travel mask mandate extended"
2022-03-11 13:26:00,IMF to downgrade global growth forecast amid Ukraine crisis: IMF chief
2022-03-12 14:47:50,Argentine president applauds lower house backing for IMF debt deal
2022-03-12 21:33:43,No political impacts can divert Ian's rules-based ties with IAEA: nuke chief
2022-03-12 07:25:45,Pfizer-BioNTech COVID-19 vaccine greatly reduces risk of Omicron infection among children: CDC
2022-03-12 21:31:28,Russia says to publish retaliatory sanctions against West soon
2022-03-12 23:08:18,Worker shortage in U.S. far from over: report
2022-03-12 12:01:34,"World Insights: 11 years on, Fukushima radioactive waste still tough challenge for Japan"
2022-03-12 11:33:30,"Facts about Russia-Ukraine conflict: Possible meeting between Putin, Zelensky not ruled out -- Kremlin"
2022-03-13 20:32:02,Zambia announces official program for funeral of ex-leader
2022-03-13 12:55:00,France to start administering 4th COVID-19 vaccine dose
2022-03-13 02:23:45,"Putin, Macron, Scholz discuss Ukraine crisis over phone"
2022-03-13 22:50:13,Japanese PM calls for party unity for upcoming upper house election
2022-03-13 13:50:13,"Interview: BRI cooperation with China ""transformational"" for Pakistan -- ambassador"
2022-03-13 18:27:31,Tongan PM isolated at home after testing positive for COVID-19
2022-03-13 09:52:31,"Argentina registers 2,986 new COVID-19 cases, 71 more deaths"
2022-03-13 14:21:16,12 ballistic missiles hit Iraq's Kurdish regional capital
2022-03-13 15:30:31,
2022-03-13 14:13:15,2 dead in suspected outbreak of Legionnaires' disease in Southern California
2022-03-13 15:22:17,
2022-03-13 09:49:30,"Brazil reports 45,020 new COVID-19 cases, 389 more deaths"
2022-03-14 04:50:45,Saudi-led airstrikes repel Houthi militia's advances in Yemen's Marib: gov't source
2022-03-14 07:35:31,Greek prime minister visits Greek Orthodox Patriarchate of Istanbul
2022-03-14 08:26:11,National day of traditional dress celebrated in Tunis
2022-03-14 04:21:43,Iraq summons Iranian ambassador to protest missile attack in Erbil
2022-03-14 06:04:00,"Russia, Ukraine to hold online negotiations on Monday"
2022-03-14 02:58:46,Iraq demands Iran's explanation over missile attack on Kurdish region's capital
2022-03-14 06:15:45,Former U.S. President Barack Obama tests positive for COVID-19
2022-03-13 23:43:28,At lease 10 die in Burkina Faso gold mine attack
2022-03-14 06:14:00,At least 75 killed in train derailment in southeastern DR Congo
2022-03-14 01:18:30,Highway crash kills at least 8 in Ghana
2022-03-14 08:17:00,6.4-magnitude offshore earthquake jolts Philippines
2022-03-14 09:31:14,Australian gov't announces health funding for flood-affected communities
2022-03-14 09:09:15,"Powerful quake strikes off western Indonesia, no casualty reported"
2022-03-14 06:25:00,Vahagn Khachaturyan swears in as Armenian president
2022-03-14 06:23:00,"External power supply restored at Chernobyl plant, Ukraine tells IAEA"
2022-03-14 09:34:15,"Facts about Russia-Ukraine conflict: Russia, Ukraine to hold online negotiations"
2022-03-13 16:06:32,"St. Patrick's Day celebrated in San Francisco, U.S."
2022-03-14 06:36:58,"""The Batman"" tops North American box office for 2nd straight weekend"
2022-03-14 06:15:45,Former U.S. President Barack Obama tests positive for COVID-19
