﻿2022-04-02 23:25:02,1st batch of Thai fruits shipped to China by China-Laos Railway
2022-04-04 06:25:00,Serbian President Vucic declares 2nd mandate after elections
2022-04-01 16:02:15,"Governor says Ukrainian helicopters attack oil depot in Russia, causing fire"
2022-04-01 13:47:41,"3 killed, 1 injured in midair collision of S. Korean trainer jets"
2022-04-01 15:30:17,Xinhua Commentary: Why is U.S. a war-hungry nation?
2022-04-02 03:19:13,UN chief welcomes Yemen truce agreement
2022-04-02 23:24:57,"U.S. ""has systematically marginalized"" patients with psychiatric illness: The Hill"
2022-04-02 04:18:14,"China, like-minded countries call for efforts to promote economic, social, cultural rights amid COVID-19"
2022-04-02 20:00:15,"Iran says new sanctions, blocking Iranian singer's entry show U.S. ""hostility"""
2022-04-02 04:59:15,Security Council voices concern over peacekeeping helicopter crash in DRC
2022-04-02 09:03:45,BRI countries emerging as economic powerhouses through win-win cooperation: experts
2022-04-02 19:57:11,Saudi Arabia welcomes UN-backed 2-month truce in Yemen
2022-04-03 21:38:46,"6 dead, at least 9 wounded in Sacramento shooting"
2022-04-03 12:39:14,Explosions heard in Ukraine's Odesa -- Ukrainian media
2022-04-03 21:01:42,Iran FM says ball in U.S. court as agreement close in Vienna talks
2022-04-03 17:31:02,
2022-04-03 19:32:26,"Serbians vote in presidential, parliamentary, local elections"
2022-04-03 11:13:18,Wide gaps remain between people of color in U.S. from 2016 to 2020: USA Today
2022-04-03 17:18:02,Opposition's no-confidence motion against Pakistani PM rejected over foreign interference
2022-04-03 15:25:46,Taliban supreme leader bans poppy cultivation in Afghanistan
2022-04-03 06:52:31,Draft documents ready for discussion by presidents: Ukrainian chief negotiator
2022-04-03 18:52:13,Pakistani president dissolves national assembly at PM's request
2022-04-03 11:20:15,At least 8 dead after heavy rains in Brazil's Rio de Janeiro
2022-04-03 15:13:26,Hungary's parliamentary elections start
2022-04-03 12:16:15,"Argentina reaffirms ""unwavering objective of recovering full sovereignty"" over Malvinas Islands"
2022-04-03 18:04:03,
2022-04-03 10:12:01,Brazil removes COVID-19 testing requirement for fully vaccinated travelers arriving by air
2022-04-03 17:10:15,"Pakistani PM asks dissolution of NA, calls for interim gov't"
2022-04-04 03:24:30,Iran says U.S. has no compassion for Muslim nations
2022-04-04 05:51:46,Sudan's Al-Burhan urges UN mission's neutrality on national political crisis
2022-04-04 06:25:00,Serbian President Vucic declares 2nd mandate after elections
2022-04-04 04:00:45,UN Palestinian refugee agency faces worsening financial plight amid Ukraine-Russia crisis: official
2022-04-04 06:26:44,Hungarian PM Orban's coalition wins in parliamentary elections
2022-04-04 05:32:44,Demonstration held in Madrid against NATO intervention on Ukraine conflict
2022-04-04 01:30:30,Nepali PM concludes India visit
2022-04-04 03:05:29,Feature: Israel on alert after spate of deadly attacks ahead of Ramadan
2022-04-04 05:51:46,Sudan's Al-Burhan urges UN mission's neutrality on national political crisis
2022-04-04 01:02:29,Africa's COVID-19 cases pass 11.34 mln: Africa CDC
2022-04-04 00:55:31,Egypt urges to avoid escalation in Palestinian territories
2022-04-04 02:17:45,Roundup: Pakistani president dissolves national assembly after opposition's no-confidence motion rejected
2022-04-04 01:30:30,Nepali PM concludes India visit
2022-04-03 23:41:15,"Singapore reports 3,743 new COVID-19 cases"
2022-04-04 04:28:45,Hungarian PM Orban's coalition leads in parliamentary elections
2022-04-04 06:25:00,Serbian President Vucic declares 2nd mandate after elections
2022-04-04 06:26:44,Hungarian PM Orban's coalition wins in parliamentary elections
2022-04-03 21:01:42,Iran FM says ball in U.S. court as agreement close in Vienna talks
2022-04-03 20:56:48,"6 dead, at least 9 wounded in Sacramento shooting: police"
2022-04-03 21:38:46,"6 dead, at least 9 wounded in Sacramento shooting"
