﻿2022-07-28 00:39:02,BRI helps Croatia realize centuries-old dream as Peljesac Bridge opens to traffic
2022-07-30 02:32:16,White House approves disaster declaration for Kentucky in wake of deadly flooding
2022-07-27 19:14:46,"Namibia, South Korea to explore options for further development of esports"
2022-07-27 19:57:01,Türkiye inaugurates Joint Coordination Center for Ukraine's grain shipment
2022-07-28 21:40:15,Japan's daily COVID-19 cases hit record for 2nd straight day
2022-07-28 19:27:30,Former Pakistani president Zardari tests positive for COVID-19
2022-07-28 04:56:15,Roundup: Joint coordination center for Ukraine's grain shipment opens in Istanbul
2022-07-28 04:30:15,"Monkeypox hits Europe, Americas hardest: WHO"
2022-07-28 02:46:30,"Monkeypox hits Europe, Americas hardest: WHO"
2022-07-29 23:30:15,"Pakistani, Afghan FMs meet on enhancing economic integration"
2022-07-29 07:00:45,"News Analysis: U.S. hits technical recession, but many sectors remain healthy"
2022-07-29 20:36:01,"Inflations in France, Spain reach new high in nearly 40 years"
2022-07-29 16:49:30,"Roundup: Snares pose great menace to wildlife survival in Cambodia, say officials, conservationists"
2022-07-29 10:18:00,Peru extends state of emergency due to COVID-19 amid fourth wave
2022-07-29 03:54:15,"Austrian Chancellor says EU embargo on Russian gas ""impossible"""
2022-07-29 13:49:02,
2022-07-29 19:03:00,"11 dead, 4 injured as train ploughs into minibus in Bangladesh"
2022-07-29 00:52:59,Joint coordination center opens in Türkiye to ensure safe shipment of Ukrainian grain
2022-07-29 11:48:13,Most Americans pessimistic about solving social issues: report
2022-07-29 17:25:32,
2022-07-30 21:25:15,Spain confirms 2nd Monkeypox death
2022-07-30 04:42:15,Cabinet reshuffle response to economic challenges: Argentine president
2022-07-30 20:31:30,Inflation worries main reason for Euro-Dollar parity: Spanish experts
2022-07-30 10:04:45,U.S. citizens struggle to make ends meet amid record high inflation: CNN
2022-07-30 04:38:01,Attacks on UN bases in DRC halted or prevented: UN
2022-07-30 15:34:30,10 Afghan security personnel killed in flash flood in Afghanistan's Ghazni province
2022-07-30 10:48:04,Britain Is Not Giving up Imperial Nostalgia
2022-07-30 11:59:45,U.S. House passes bill to ban assault weapons
2022-07-30 15:21:15,"Soldier, 6 terrorists killed in military operation in SW Pakistan"
2022-07-30 07:26:30,UN political affairs chief warns of bleak prospects for ending Russia-Ukraine conflict
2022-07-30 06:47:15,Brazil confirms first monkeypox-related death
2022-07-30 02:32:16,White House approves disaster declaration for Kentucky in wake of deadly flooding
2022-07-31 02:38:15,Roundup: Electric scooters spark traffic security concerns in Türkiye
2022-07-31 04:51:00,"UN mission, Arab League call for end to escalation amid political protests in Iraq"
2022-07-31 03:35:30,Roundup: Al-Sadr's followers start sit-in in Iraqi parliament as opponents prepare for counter-protest
2022-07-31 05:01:30,"4,500-year-old mud-brick building remains uncovered in Egypt"
2022-07-31 05:02:15,Moroccan economy grows 7.9 pct in 2021: central bank
2022-07-31 06:20:15,Moroccan king calls for normal relations with Algeria
2022-07-30 22:16:30,Cambodia successfully sells carbon credits in global voluntary carbon market: official
2022-07-31 01:01:45,Myanmar issues health guidelines for incoming travelers
2022-07-31 00:56:45,"Indonesia blocks Yahoo, PayPal, Dota for failing to register for licensing"
2022-07-30 07:26:30,UN political affairs chief warns of bleak prospects for ending Russia-Ukraine conflict
2022-07-30 07:32:30,"5.6-magnitude quake hits 261 km SE of Vilyuchinsk, Russia: USGS"
2022-07-31 00:28:45,Portugal faces worst drought on record
2022-07-30 07:46:15,"Major U.S. areas sound alarm on monkeypox as nearly 5,000 cases reported nationwide"
2022-07-30 10:04:45,U.S. citizens struggle to make ends meet amid record high inflation: CNN
2022-07-30 07:16:15,"News Analysis: U.S. markets end week on rally despite technical recession, rate hikes"
