﻿2022-06-02 22:26:45,"China, Cook Islands pledge closer ties, deepened practical cooperation"
2022-06-02 20:16:13,China strengthens supervision of COVID-19 nucleic acid testing
2022-06-03 21:00:16,"China's ties with PNG conducive to regional peace, development: Chinese FM"
2022-06-04 20:07:14,Feature: CPEC transmission project fosters Pakistan's socio-economic development in green way
2022-06-04 22:05:17,Zero-carbon road traverses China's largest desert
2022-06-04 10:59:45,China unveils Shenzhou-14 crew for space station mission
2022-06-04 17:46:45,"China, Timor-Leste agree to strengthen regional cooperation, safeguard multilateralism"
2022-06-04 16:48:14,"China, Timor-Leste expect to expand pragmatic cooperation in trade, investment, infrastructure"
2022-04-20 07:23:15,24 Solar Terms: Grain Rain
2022-04-24 08:18:05,GLOBALink | Parkour teenagers in ancient city of Kashgar
2022-05-05 07:30:12,24 Solar Terms: Start of Summer
2022-05-14 09:58:19,
2022-06-02 17:28:16,COVID-19 vaccination rate among elderly further increases in China
2022-06-02 14:54:45,China launches nine Geely-01 satellites
2022-06-03 10:28:00,Xi Focus-Quotable Quotes: Xi Jinping on patriotism
2022-06-03 22:15:01,Across China: Expats embrace China's Dragon Boat Festival
2022-06-03 22:34:58,"Hong Kong to distribute about 60,000 RAT kits following sewage COVID-19 detection"
2022-06-03 21:53:00,Xiamen welcomes back cross-Strait dragon boat race after 2-year hiatus
2022-06-03 19:48:30,"Feature: Racing dragon boats, serving Zongzi -- Dragon Boat Festival in Macao"
2022-06-03 00:22:14,Rescue underway after earthquake hits China's Sichuan
2022-06-03 10:49:58,Chinese mainland reports 20 new local confirmed COVID-19 cases
2022-06-03 19:32:15,China Focus: Dragon Boat Festival: A celebration of patriotism
2022-06-03 19:26:13,China's human resources services sector logs robust growth in 2021
2022-06-03 10:50:01,Xi Focus-Quotable Quotes: Xi Jinping on patriotism
2022-06-03 17:30:45,Restarting China-Australia relations requires concrete actions: Chinese FM
2022-06-04 19:43:16,"Xi Focus: The green modernization for a beautiful China, world"
2022-06-04 17:48:14,"China, Timor-Leste to further enhance win-win cooperation"
2022-06-04 22:10:45,"Hong Kong to distribute about 100,000 sets of RAT kits following sewage COVID-19 detection"
2022-06-04 21:22:35,Various events held to raise people's awareness of environmental protection in China
2022-06-04 19:05:18,Staff members work at factory of SMC Corporation in Beijing 
2022-06-04 10:05:14,China to launch Shenzhou-14 crewed spaceship on June 5
2022-06-04 22:54:46,
2022-06-04 13:52:00,Agricultural Bank of China steps up support for manufacturing industries
2022-06-04 14:05:00,Across China: Remote mountain Zongzi leaves a cash cow for locals
2022-06-04 13:53:58,China's State Grid to invest over 500 bln yuan in power grid projects in 2022
2022-06-04 17:46:45,"China, Timor-Leste agree to strengthen regional cooperation, safeguard multilateralism"
2022-06-04 23:05:00,"Profile: Cai Xuzhe, newcomer to space, but always flight dreamer"
2022-06-04 09:03:14,China to launch Shenzhou-14 crewed spaceship on June 5
2022-06-04 23:39:15,"Beijing issues action plan to stimulate business, consumption amid epidemic"
2022-06-04 09:03:16,China unveils Shenzhou-14 crew for space station mission
2022-06-04 19:10:00,Timor-Leste lauds China's efforts for cooperation with Pacific island countries
2022-06-04 15:17:59,Chinese Wisdom in Xi's Words: Continuing to search high and low
2022-06-04 16:26:30,China raises emergency response for rainstorms
2022-06-04 21:18:15,China Development Bank issues 8 bln yuan in bonds to boost rural vitalization
2022-06-04 16:44:47,
2022-06-04 16:24:47,
2022-06-04 23:35:00,China unveils Shenzhou-14 crew for space station mission
2022-06-04 21:30:15,"Xi Focus: The green modernization for a beautiful China, world"
2022-06-04 21:22:45,China raises emergency response level for flood control
2022-06-04 20:41:16,Beijing reports 12 new local COVID-19 infections
2022-06-05 08:58:45,"Shanghai reports 6 confirmed, 16 asymptomatic local COVID-19 cases"
2022-06-05 07:57:30,See-off ceremony held for Chinese astronauts of Shenzhou-14 mission
2022-06-05 09:21:02,China's e-commerce logistics activities rebound in May
2022-06-05 09:35:00,265 COVID-19 patients discharged from hospitals on Chinese mainland
