﻿2022-08-30 13:49:15,Track-laying completed on China's first sea-crossing high-speed railway
2022-08-31 07:18:10,2022 China New Media Conference kicks off in Changsha
2022-08-31 21:33:47,China-Europe freight train from Turkmenistan arrives at China's Xi'an
2022-08-31 21:00:46,"Xinhua Headlines: From backwater to clean energy base, China's Gansu accelerates green development"
2022-09-01 07:28:04,Global Trade in Services Summit held in Beijing
2022-06-20 08:55:04,"GLOBALink | See you again, Bayanbulak"
2022-06-21 07:36:44,24 Solar Terms: Summer Solstice
2022-07-07 07:14:05,24 Solar Terms: Lesser Heat
2022-07-23 07:29:03,24 Solar Terms: The Great Heat
2022-08-29 23:31:00,Chinese state councilor urges efforts to improve food safety
2022-08-29 13:23:00,Feature: Italian fashion designer builds dream life on east China island
2022-08-30 23:30:45,Symposium in Beijing marks 30th anniversary of 1992 Consensus
2022-08-30 23:50:30,China mulls new law to protect Qinghai-Tibet Plateau
2022-08-30 23:20:15,China's first solar exploration satellite makes progress: official
2022-08-30 20:29:30,China Focus: Conference pools wisdom for building better cyberspace
2022-08-30 15:13:00,"China makes solid progress in production safety, disaster relief in 10 years"
2022-08-30 22:15:00,China makes notable achievements in environmental protection: report
2022-08-30 15:21:30,China's top legislature starts standing committee session
2022-08-31 18:25:15,Taiwan records 60 pct less rainfall this summer
2022-08-31 21:14:00,Chinese scientists find nanosheet to kill anaerobic microbes
2022-08-31 09:38:01,Scientists identify new gene behind rare blood disease
2022-08-31 23:18:15,Xi sends congratulatory letter to China int'l services trade fair
2022-08-31 09:31:45,Chinese researchers develop anti-SARS-CoV-2 nanomaterial
2022-08-31 20:30:45,"Counter-terrorism forum in Beijing eyes int'l cooperation, smart weaponry"
2022-08-31 20:11:45,Feature: China's humanitarian aid to Pakistani flood victims testimony of ironclad friendship
2022-08-31 21:58:45,Chinese political advisors discuss promotion of exchanges among all ethnic groups
2022-08-31 21:04:15,"China's Qinghai achieves plateau eco-protection, economic development"
2022-08-31 20:58:15,Chinese top legislator meets Russian ambassador to China
2022-08-31 19:12:32,
2022-08-31 20:50:00,Millennia-old post office along ancient Silk Road to open to public
2022-08-31 21:29:00,
2022-08-31 21:15:01,
2022-08-31 19:33:45,Central gov't fully supports HK's participation in B&R development: vice premier
2022-08-31 21:51:46,Chinese top legislator attends symposium of NPC deputies in Beijing
2022-08-31 18:29:00,Feature: Chinese ballet prince shines on top western stage
2022-08-31 22:33:45,"Top Chinese legislator calls for in-depth investigation, research from deputies"
2022-08-31 22:23:15,China's Guangdong makes great strides in high-quality development
2022-08-31 17:02:30,Chinese Vice Premier to attend Taiyuan Energy Low Carbon Development Forum 2022
2022-09-01 10:18:15,Chinese mainland reports 307 new local confirmed COVID-19 cases
2022-09-01 09:56:45,Chinese yuan strengthens to 6.8821 against USD Thursday
2022-09-01 09:51:30,Chinese mainland reports 307 new local confirmed COVID-19 cases
2022-09-01 11:02:50,China's central bank adds liquidity via reverse repos
2022-09-01 00:58:30,"Chinese vice premier stresses healthy, sustainable development of services trade"
2022-09-01 07:28:04,Global Trade in Services Summit held in Beijing
2022-09-01 00:07:45,Hong Kong to get more support in contribution to building of Belt and Road
