﻿2022-08-11 21:48:19,Medics from across China join fight against COVID-19 in S China's Sanya
2022-08-12 20:32:46,Asian elephants embrace baby boom in China amid enhanced conservation efforts
2022-08-12 09:42:15,China-proposed BRI boosts socio-economic development of Pacific island countries -- Fijian expert
2022-08-13 21:25:02,"Cultural industries, programs bring benefits to Chinese villagers "
2022-08-13 07:20:56,Hydropower project for multiple purposes under construction in south China
2022-08-13 21:42:15,China renews red alert for high temperatures
2022-06-20 08:55:04,"GLOBALink | See you again, Bayanbulak"
2022-06-21 07:36:44,24 Solar Terms: Summer Solstice
2022-07-07 07:14:05,24 Solar Terms: Lesser Heat
2022-07-23 07:29:03,24 Solar Terms: The Great Heat
2022-08-11 16:28:30,Feature: Chinese-aided teaching building to bolster education in Afghanistan
2022-08-11 20:44:00,Lecture meeting held in Busan to mark 30th anniversary of S.Korea-China diplomatic ties
2022-08-11 23:43:45,"China's Hainan reports 2,318 confirmed COVID-19 cases in latest resurgence"
2022-08-11 20:54:45,China denounces Lithuanian official's visit to Taiwan
2022-08-11 22:51:15,Xinhua Commentary: CPC strong leadership core of national reunification
2022-08-11 01:23:00,"Xinhua Commentary: White paper on Taiwan question to pool strength for national reunification, rejuvenation"
2022-08-12 13:23:00,"China improves rail, air travel services in summer travel rush"
2022-08-12 15:47:00,New Rhamnaceae species discovered in SW China
2022-08-12 21:15:00,China sets world record in steady high magnetic field research
2022-08-12 19:44:45,China issues highest alert for high temperatures
2022-08-12 20:25:00,Xi calls on int'l community to build development partnership
2022-08-12 18:36:15,Xinhua Commentary: Grasp the new starting point for China's reunification
2022-08-12 23:51:16,Taiwan studies experts discuss important discourses in white paper
2022-08-12 00:03:30,China Focus: Taiwan studies experts expound on significance of white paper
2022-08-12 14:01:45,China Focus: Harvest from heavenly breeding
2022-08-12 19:02:31,16 films shortlisted for top award at Beijing Int'l Film Festival
2022-08-12 10:03:15,Chinese mainland reports 648 new local confirmed COVID-19 cases
2022-08-12 18:53:16,
2022-08-12 19:38:45,China sets world record in steady high magnetic field research
2022-08-12 22:40:00,FM spokesperson announces China's sanctions on Lithuanian Deputy Minister of Transport and Communications
2022-08-13 23:06:45,New cargo train links east China with Central Asia
2022-08-13 21:25:16,
2022-08-13 21:41:02,Economic Watch: Computing power paves way for China's digital economy transformation
2022-08-13 17:39:17,
2022-08-13 12:37:00,Overseas Chinese confident about China's complete reunification
2022-08-13 21:53:00,Yulin North Railway Station in Guangxi under construction
2022-08-13 23:57:04,China renews red alert for high temperatures
2022-08-13 17:39:30,Chinese medics boost treatment of non-communicable diseases in South Sudan
2022-08-13 07:20:56,Hydropower project for multiple purposes under construction in south China
2022-08-13 22:40:00,China's box office bounces back this summer
2022-08-13 15:27:30,"Beijing Int'l Film Festival kicks off, 16 candidates vying for top award"
2022-08-13 00:18:30,U.S. should bear consequences of damaging China-U.S. counternarcotics cooperation: spokesperson
2022-08-13 13:10:30,China renews red alert for high temperatures
2022-08-13 15:43:45,Giant panda in Shaanxi gives birth to twins
2022-08-13 00:26:30,Central China province responds to high temperature-induced drought
2022-08-13 20:25:02,8th Internet Plus Education Innovation Week opens in Beijing
2022-08-13 13:48:45,"Taiwan lowers 2022 economic growth forecast, ups CPI growth expectation"
2022-08-13 21:47:45,Feature: Acupuncture bridges China-Uganda ties
2022-08-13 00:22:30,China submits instruments of ratification of forced labor conventions with ILO
2022-08-13 18:53:15,Interview: Cambodian academic says China-proposed initiatives essential to global governance
2022-08-13 09:35:45,China's Jiangsu makes headway in integrated development over past decade
2022-08-14 00:19:15,Vice premier urges swift containment of COVID-19 resurgence in Hainan
2022-08-14 00:00:45,Korla section of International Army Games 2022 opens in NW China's Xinjiang
2022-08-14 00:10:45,Snow leopard spotted in northwest China province
