﻿2022-07-28 00:39:02,BRI helps Croatia realize centuries-old dream as Peljesac Bridge opens to traffic
2022-08-01 02:50:15,"Russia says U.S., NATO ""main threats"" to national maritime security"
2022-07-30 21:25:15,Spain confirms 2nd Monkeypox death
2022-07-30 20:31:30,Inflation worries main reason for Euro-Dollar parity: Spanish experts
2022-07-30 10:04:45,U.S. citizens struggle to make ends meet amid record high inflation: CNN
2022-07-30 10:48:04,Britain Is Not Giving up Imperial Nostalgia
2022-07-30 11:59:45,U.S. House passes bill to ban assault weapons
2022-07-30 07:26:30,UN political affairs chief warns of bleak prospects for ending Russia-Ukraine conflict
2022-07-30 06:47:15,Brazil confirms first monkeypox-related death
2022-07-30 02:32:16,White House approves disaster declaration for Kentucky in wake of deadly flooding
2022-07-31 06:20:15,Moroccan king calls for normal relations with Algeria
2022-07-31 23:15:45,India reports first monkeypox death
2022-07-31 22:56:15,Russian Armed Forces to get Zircon hypersonic missiles in months: Putin
2022-07-31 04:51:00,"UN mission, Arab League call for end to escalation amid political protests in Iraq"
2022-07-31 17:14:00,"Monsoon storms hit parched U.S. Southwest, Las Vegas hit hard"
2022-07-31 11:20:02,Rail strike continues in Britain
2022-07-31 19:15:45,Former Philippine President Fidel Ramos dies at 94
2022-07-31 23:41:00,Madagascar's defense minister says 32 people killed in arson attack
2022-07-31 08:23:15,"Biden tests positive for COVID-19 in ""rebound"" case: physician"
2022-07-31 16:46:46,
2022-07-31 23:33:00,"Russia says U.S., NATO ""main threats"" to national maritime security"
2022-07-31 20:00:45,WHO-Cambodia official urges people to get booster doses as more COVID-19 cases detected
2022-07-31 16:25:03,
2022-07-31 19:23:15,Senegal kicks off legislative elections
2022-08-01 10:49:05,"Heatwave hits Coria, Spain"
2022-08-01 00:43:45,Part of Beirut port silos collapses after weeks of fire
2022-08-01 04:04:00,Iran's border guards clash with Taliban: report
2022-08-01 01:36:30,Iran says proposed ideas submitted to accelerate nuclear talks
2022-08-01 11:13:00,New wildfires in SW France injure 4 firefighters
2022-08-01 09:26:45,Late night shooting in U.S. city Orlando leaves seven injured
2022-08-01 08:23:00,"Biden remains positive for COVID-19 but ""continues to feel well"": doctor"
2022-08-01 10:09:00,At least 4 killed in bus crash in western Bolivia
2022-08-01 04:10:15,Israel begins vaccinating children under 5 against COVID-19
2022-08-01 09:41:30,5 killed by unknown gunmen in SW Colombia
2022-07-31 19:23:15,Senegal kicks off legislative elections
2022-08-01 11:22:30,UN chief outraged after peacekeepers kill two in DRC
2022-08-01 10:28:00,"Two killed during deadly incident between UN peacekeepers, residents in NE DR Congo"
2022-08-01 12:10:45,"Cases in Australian aged care sector surpasses 9,000 amid COVID-19 surge in winter"
2022-08-01 12:03:30,Australian state announces funding for Chinese community culture museum in Sydney
2022-08-01 12:02:00,Malaysia's manufacturing PMI rises to 50.6 in July
2022-08-01 11:13:00,New wildfires in SW France injure 4 firefighters
2022-08-01 07:15:44,Birthdays of two giant pandas celebrated at Moscow Zoo
2022-08-01 10:49:04,"Heatwave hits Coria, Spain"
2022-08-01 09:26:45,Late night shooting in U.S. city Orlando leaves seven injured
2022-08-01 08:23:00,"Biden remains positive for COVID-19 but ""continues to feel well"": doctor"
2022-08-01 09:31:30,"""DC League of Super-Pets"" tops North American box office on opening weekend"
