﻿2022-04-18 16:41:46,"Chinese vice premier stresses stabilizing industrial, supply chains"
2022-04-18 00:10:14,China's space station to enter new phase of application: official
2022-04-18 23:44:30,"China's economy on solid footing despite challenges of COVID, external uncertainty"
2022-04-19 20:57:00,Senior Chinese lawmakers meet amid legislative session
2022-04-19 18:54:15,"Overseas experts, business leaders see strong resilience in China's economy"
2022-04-19 19:46:13,China-Mongolia border port sees robust growth in freight transport in Q1
2022-03-20 08:17:09,24 Solar Terms: Spring Equinox 
2022-03-23 10:21:55,
2022-03-31 11:12:50,GLOBALink | Shopkeeper in grand bazaar in Xinjiang
2022-04-05 07:15:59,24 Solar Terms: Qingming
2022-04-17 21:02:15,Core module of China's space station achieves anticipated goal
2022-04-17 23:40:32,"Xinhua Headlines: Unfazed by U.S. sanctions and smear campaign, Xinjiang farmers more enthusiastic about cotton farming"
2022-04-17 21:53:30,Two lab modules to be central work area on China's space station
2022-04-18 19:42:15,"New film from animation studio behind ""White Snake"" slated for release in July"
2022-04-18 22:50:59,Children urged to get timely vaccination for COVID-19: health official
2022-04-18 23:19:15,China's top legislator attends symposium of lawmakers
2022-04-18 00:02:46,China nucleic acid testing capacity at 51.65 mln samples a day
2022-04-18 20:21:30,China Focus: China mulls tougher law against women trafficking
2022-04-18 14:06:15,"Chinese vice premier stresses stabilizing industrial, supply chains"
2022-04-18 10:04:33,China's top legislature starts standing committee session
2022-04-18 17:54:16,Beijing boosts COVID-19 vaccination among the aged
2022-04-18 09:52:30,"Chinese mainland reports 2,723 new local COVID-19 cases"
2022-04-18 00:06:45,Two lab modules to be central work area on China's space station
2022-04-19 22:19:42, Spring farming across China
2022-04-19 20:56:01,China's Xi'an to lift restrictive measures against COVID-19
2022-04-19 20:57:00,Major enterprises in Jilin resume operation as epidemic eases
2022-04-19 23:24:45,Tesla's Shanghai factory resumes production
2022-04-19 23:49:00,"Xi stresses enhancing digital gov't construction, advancing fiscal reforms"
2022-04-19 14:18:17,China Focus: Heavyweight enterprises in Shanghai resume operations amid COVID-19 resurgence
2022-04-19 20:57:00,Senior Chinese lawmakers meet amid legislative session
2022-04-19 16:14:58,Chinese satellite obtains global gravity field data
2022-04-19 20:49:00,China's top court to improve property rights protection for smaller businesses
2022-04-19 18:14:49,
2022-04-19 18:10:15,China vows to adhere to dynamic zero-COVID approach as cases spike
2022-04-19 19:31:28,China-Mongolia border port sees robust growth in freight transport in Q1
2022-04-19 20:41:00,Tibet makes progress in prehistoric archaeology research
2022-04-19 20:24:01,"Xi stresses enhancing digital gov't construction, advancing fiscal reforms at, below provincial level"
2022-04-19 10:50:34,China Great Wall Museum solicits upgrading scheme globally
2022-04-19 18:57:30,"Procuratorates maintain heavy-handed approach against economic, financial crimes"
2022-04-19 18:01:49,
2022-04-19 18:58:31,"Taiwan reports 1,626 new local COVID-19 cases, 2 new deaths"
2022-04-19 21:11:00,"Chinese lipid-lowering drug candidate proves safe, effective"
2022-04-19 19:56:45,Across China: Tech-savvy farmers work smart
2022-04-20 00:08:01,Shanghai's foreign trade expands 14.6 percent in Q1
2022-04-20 01:25:00,Tesla's Shanghai factory resumes production
2022-04-20 00:00:01,1st phase construction of mainland-aided COVID-19 isolation facility completed in Hong Kong
2022-04-20 07:23:15,24 Solar Terms: Grain Rain
2022-04-20 02:27:15,"Xi stresses enhancing digital gov't construction, advancing fiscal reforms"
2022-04-20 07:32:03,Enterprises make efforts to assure vegetable supply in Shanghai
2022-04-20 01:16:00,Chinese ambassador to U.S. warns against using Ukraine crisis to mess up U.S.-China relations
2022-04-20 02:30:13,Extent of Antarctic sea ice hits record low: study
2022-04-20 07:40:10,"In pics: maintenance work of power transmission project in Lujiang, east China"
2022-04-20 00:48:00,"China, Ghana pledge to enhance cooperation"
