﻿2022-08-01 16:16:02,
2022-08-02 00:38:30,UN chief welcomes 1st sailing of vessel from Ukraine's Odesa under grain export deal
2022-07-31 23:15:45,India reports first monkeypox death
2022-07-31 22:56:15,Russian Armed Forces to get Zircon hypersonic missiles in months: Putin
2022-07-31 04:51:00,"UN mission, Arab League call for end to escalation amid political protests in Iraq"
2022-07-31 11:20:02,Rail strike continues in Britain
2022-07-31 23:41:00,Madagascar's defense minister says 32 people killed in arson attack
2022-07-31 08:23:15,"Biden tests positive for COVID-19 in ""rebound"" case: physician"
2022-07-31 23:33:00,"Russia says U.S., NATO ""main threats"" to national maritime security"
2022-07-31 20:00:45,WHO-Cambodia official urges people to get booster doses as more COVID-19 cases detected
2022-07-31 19:23:15,Senegal kicks off legislative elections
2022-08-01 11:13:00,New wildfires in SW France injure 4 firefighters
2022-08-01 09:26:45,Late night shooting in U.S. city Orlando leaves seven injured
2022-08-01 20:48:45,Spain ready to support Albania's EU integration: PM Sanchez
2022-08-01 08:23:00,"Biden remains positive for COVID-19 but ""continues to feel well"": doctor"
2022-08-01 21:10:16,
2022-08-01 10:09:00,At least 4 killed in bus crash in western Bolivia
2022-08-01 17:00:46,
2022-08-02 08:11:22,"Streets flooded after heavy rain in Sanaa, Yemen"
2022-08-02 04:01:00,Russia bans 39 Britons from entry
2022-08-02 06:14:15,U.S. kills al-Qaeda leader al-Zawahiri in drone strike in Afghanistan -- media
2022-08-02 04:34:30,"After 200 years, land iguanas hatch again in Ecuador's Galapagos archipelago"
2022-08-02 07:52:15,Biden says U.S. killed al-Qaeda leader al-Zawahiri in drone strike
2022-08-02 02:46:15,Roundup: 1st grain-laden ship from Ukraine to anchor off Istanbul for inspection: Turkish ministry
2022-08-02 08:27:42,Yemeni students welcome new semester
2022-08-02 02:28:45,Biden continues to test positive for COVID-19
2022-08-02 07:38:45,Biden says U.S. killed al-Qaeda leader al-Zawahiri in drone strike
2022-08-02 05:19:00,4 IS militants killed in operations north of Iraqi capital: source
2022-08-02 05:34:30,Palestinian young man killed by Israeli soldiers in West Bank: health ministry
2022-08-02 05:55:30,France detects bird flu at turkey farm
2022-08-02 00:38:30,UN chief welcomes 1st sailing of vessel from Ukraine's Odesa under grain export deal
2022-08-02 09:22:00,Uruguay to start vaccination campaign against monkeypox
2022-08-02 01:53:45,UN chief calls for action in 5 areas to strengthen NPT
2022-08-02 03:59:15,Over 1.2 mln people remain displaced in Myanmar: UN
2022-08-02 05:13:15,Iraqi PM calls for national dialogue to settle political deadlock
2022-08-02 00:45:30,"Two separatist commanders killed, seven suspects arrested in Cameroon's Anglophone region"
2022-08-02 07:24:05,62nd anniversary of Benin's independence marked in Cotonou
2022-08-02 00:27:00,Sierra Leonean doctors start nationwide strike over economic hardship
2022-08-02 03:03:30,Tajik National Assembly chairman meets Chinese FM on strengthening exchanges
2022-08-02 08:57:45,"Pakistan military helicopter goes missing in SW Pakistan, 6 on board: military"
2022-08-02 08:11:45,5.6-magnitude quake hits eastern Myanmar
2022-08-02 02:52:00,Nuclear war must never be initiated: Putin
2022-08-02 03:03:45,Up to 900 firefighters battling forest fire in Czech Republic
2022-08-02 03:14:01,Poland commemorates 78th anniversary of Warsaw Uprising
2022-08-02 06:14:15,U.S. kills al-Qaeda leader al-Zawahiri in drone strike in Afghanistan -- media
2022-08-02 06:18:15,U.S.-listed Chinese firms trade mostly lower
2022-08-02 05:58:00,Urgent: U.S. kills al-Qaeda leader al-Zawahiri in drone strike in Afghanistan -- media
