﻿2022-08-18 18:44:30,"China-Europe freight train service ""a passage of life"" amid pandemic: official"
2022-08-19 05:20:15,U.S. judge holds hearing on motions to unseal affidavit for Mar-a-Lago search warrant
2022-08-16 21:04:30,"EU admits to ""double standards"" on Ukraine, Palestine"
2022-08-16 14:13:15,U.S. Department of Justice opposes request to unseal Mar-a-Lago search affidavit
2022-08-16 12:20:45,"S.Korea, U.S. to launch preliminary drills ahead of major combined exercise"
2022-08-16 18:25:00,Nuclear agreement hinges on U.S. decision after Iran responds to EU's draft: media
2022-08-16 18:27:30,"S.Korea, U.S. launch annual military drills, protests aroused"
2022-08-16 20:46:45,"8 killed, 32 injured in south Pakistan's road accident"
2022-08-16 20:30:00,Int'l Army Games 2022 opens in Russia
2022-08-17 23:09:45,Three more ships leave Ukraine under grain deal
2022-08-17 18:32:00,"Interview: U.S. pandemic fight a complete failure, says Turkish specialist"
2022-08-17 19:16:17,
2022-08-17 05:38:00,"Biden signs Democratic bill on tax, health care, climate"
2022-08-17 01:26:15,Roundup: UK real pay falls at record pace amid high inflation
2022-08-17 14:19:30,U.S. Congresswoman Liz Cheney defeated in Wyoming GOP primary
2022-08-17 19:51:00,Japan's suicide rate spikes due to pandemic: study
2022-08-18 12:03:15,"UN envoy meets with Myanmar's SAC chairman, FM"
2022-08-18 20:39:30,Feature: Drought-hit Europe sees impacts on people's livelihoods
2022-08-18 22:38:47,
2022-08-18 21:22:46,Türkiye's central bank cuts key interest rate to 13 pct
2022-08-18 13:44:00,"14 killed, 14 injured in rain spells across Pakistan in 24 hours"
2022-08-18 00:40:00,Roundup: UK inflation hits fresh high with cost-of-living crisis worsening
2022-08-18 06:13:15,"Brazil lifts mandatory mask use in airports, on flights"
2022-08-18 22:50:15,Feature: Drought-hit Europe sees impacts on people's livelihoods
2022-08-18 23:25:00,"Iran slams U.S. ""barbaric"" treatment of detained Iranian"
2022-08-18 14:18:00,"U.S. is biggest human rights saboteur in Middle East and beyond, experts say"
2022-08-19 04:50:30,Roundup: U.S. judge holds hearing on motions to unseal affidavit for Mar-a-Lago search warrant
2022-08-19 00:43:30,Israeli imports from China up 35 pct in 7 months
2022-08-19 07:45:48,Lake Velence in Hungary faces severe drought
2022-08-19 00:56:45,"Ukrainian president, UN chief meet on grain exports, situation at Zaporizhzhia NPP"
2022-08-19 05:10:15,Chilean economy grows 5.4 pct in 2nd quarter
2022-08-19 00:04:15,"U.S. recession to be long, severe: economist"
2022-08-19 03:16:15,Türkiye seeks to settle row with Russia over nuclear plant construction
2022-08-19 03:56:30,"One year after Haiti earthquake, 250,000 children are without adequate schools: UN"
2022-08-19 06:37:00,"Argentina unveils national plan for science, technology, innovation"
2022-08-19 07:16:15,U.S. CDC admits falling short in response to COVID-19
2022-08-19 01:57:30,UN condemns deadly attack in Afghanistan
2022-08-19 02:35:15,Iran says entry into new stage in nuke talks hinges on U.S. response
2022-08-19 02:06:00,News Analysis: Would early elections resolve Sudan's political crisis?
2022-08-19 01:05:00,Namibia's president encourages youth to be resilient amid unpredictable global economy
2022-08-19 01:01:30,Zambia kicks off electronic population census
2022-08-18 23:00:15,"Philippines logs 3,758 new COVID-19 cases, 48 deaths"
2022-08-18 22:58:00,Myanmar reports 31 new COVID-19 cases
2022-08-18 23:06:45,India unveils 1st electric double decker bus in Mumbai
2022-08-19 07:21:26,Slovenia faces persistent drought
2022-08-19 06:24:15,Interview: Maltese minister expects to enhance Malta-China people-to-people exchanges
2022-08-19 06:10:30,Italy's COVID-19 infections rise again
2022-08-19 07:14:00,U.S. San Francisco faces surging hate crimes against AAPI community
2022-08-19 07:27:45,Canada's wheat price falls 20 pct in July
2022-08-19 07:32:45,COVID impact worse for Canadians with mental health difficulties: survey
