﻿2022-07-09 21:56:31,Xinhua Headlines: Pearl River Delta transforms from world factory to technology hub
2022-07-09 23:10:16,Chinese FM meets with U.S. secretary of state
2022-07-10 23:10:27,"Chinese premier stresses stabilizing market entities, employment, advancing opening-up"
2022-07-10 17:14:15,Senior Chinese official attends opening ceremony of cultural exhibition
2022-07-11 18:34:15,Xi Story: A national gift about Confucius
2022-07-11 16:33:18,2022 senior high school entrance examination in Shanghai kicks off
2022-07-12 07:02:14,"China-Europe Railway Express (Chongqing)'s 10,000th trip arrives in Germany"
2022-06-06 08:18:04,24 Solar Terms: Grain in Ear
2022-06-20 08:55:04,"GLOBALink | See you again, Bayanbulak"
2022-06-21 07:36:44,24 Solar Terms: Summer Solstice
2022-07-07 07:14:05,24 Solar Terms: Lesser Heat
2022-07-09 09:09:14,Shanghai holds solo Giorgio Morandi exhibition
2022-07-09 21:38:42,Chinese premier extends condolences over passing away of former Japanese PM Abe
2022-07-09 14:12:57,China Focus: Chinese scientists help solve riddle of Moon's largest crater
2022-07-09 10:44:30,"China, France agree to enhance strategic collaboration, deepen pragmatic cooperation"
2022-07-09 18:14:59,"Chinese, Singaporean FMs meet on ties, cooperation"
2022-07-09 09:22:15,Dance training program helps boost China-Laos cultural exchange
2022-07-09 09:16:12,14 ancient tombs unearthed in central China's Hunan
2022-07-09 17:55:45,"China, Spain agree to further boost ties"
2022-07-09 23:40:16,"China, Germany agree to deepen bilateral cooperation in various fields"
2022-07-10 21:10:02,"Chinese premier stresses stabilizing market entities, employment, advancing opening-up"
2022-07-10 21:43:57,"China, Pakistan hold joint maritime drill"
2022-07-10 17:14:15,Senior Chinese official attends opening ceremony of cultural exhibition
2022-07-10 21:07:00,Shanghai issues red alert for high temperatures
2022-07-11 15:32:29,China issues orange alert for high temperatures
2022-07-11 11:40:29,HKSAR gov't streamlines testing services for growing Shenzhen-bound travellers
2022-07-11 21:30:30,Children experience different activities during summer vacation across China
2022-07-11 21:38:45,Chinese scientists identify evolution of H5N1 avian influenza virus
2022-07-11 16:54:00,Taiwan reports 4 local COVID-19 Omicron BA.5 cases
2022-07-11 21:29:38,Maritime Day of China marked in NE China's Liaoning
2022-07-11 23:49:00,China to continue increasing long-term loans to manufacturing sector
2022-07-11 22:17:45,Across China: Delivering daily supplies amid Anhui's virus resurgence
2022-07-11 22:53:14,"China, U.S. should engage in healthy interactions in Asia-Pacific: Chinese FM"
2022-07-11 17:12:46,
2022-07-11 22:58:00,"Chinese premier stresses importance of workplace safety, prevention of major accidents"
2022-07-11 18:49:00,Chinese scientists identify evolution of H5N1 avian influenza virus
2022-07-11 19:26:14,China hopes Sri Lankan community will stick together through difficult times: spokesperson
2022-07-11 16:28:45,China Focus: China places people at the forefront in pursuit of economic development
2022-07-11 17:04:33,
2022-07-11 22:50:59,"China, ASEAN provide confidence, dynamics for global recovery: Chinese FM"
2022-07-11 19:20:15,South China National Botanical Garden inaugurated in Guangzhou
2022-07-11 22:18:49,Economic Watch: Foreign companies eye opportunities in western China's green industries
2022-07-11 22:53:59,Chinese vice premier stresses comprehensive rural revitalization
2022-07-11 21:02:30,"China to help enterprises achieve high-quality development with aid of colleges, universities"
2022-07-11 20:05:04,
2022-07-11 11:47:29,China activates Level IV emergency response for floods
2022-07-11 22:10:45,Deals totaling 79 bln USD signed at trade fair in NW China
2022-07-11 19:44:15,China solicits name for Advanced Space-based Solar Observatory
2022-07-11 23:06:57,Across China: Desert library offers oasis of knowledge in China's Ningxia
2022-07-11 09:19:15,"China's Anhui reports 9 confirmed, 30 asymptomatic local COVID-19 cases"
2022-07-11 22:39:01,"CPC circular stresses study of 4th volume of ""Xi Jinping: The Governance of China"""
2022-07-11 23:11:13,"Chinese FM lauds China-ASEAN friendship, renews commitment on open regionalism"
2022-07-12 01:52:30,One-China principle anchor of stability across Taiwan Strait: Chinese FM
