﻿2022-08-09 20:31:45,Senior CPC official stresses enhanced media contribution to Belt and Road construction
2022-08-10 15:26:15,China launches 16 new satellites
2022-08-10 02:36:00,First group of tourists stranded in China's Sanya return home
2022-08-10 11:12:15,Over 1 mln tonnes of goods transported on China-Laos Railway
2022-08-11 01:04:15,"Xinhua Headlines: China issues white paper on Taiwan question, envisioning new SAR after reunification"
2022-06-06 08:18:04,24 Solar Terms: Grain in Ear
2022-06-20 08:55:04,"GLOBALink | See you again, Bayanbulak"
2022-06-21 07:36:44,24 Solar Terms: Summer Solstice
2022-07-07 07:14:05,24 Solar Terms: Lesser Heat
2022-08-03 16:05:30,World heritage site Huangshan Mountain attracts more tourists in July
2022-08-06 18:22:15,Documentary festival on China held offline in Myanmar
2022-08-09 16:55:45,China aims to build more pocket parks in 2022
2022-08-09 20:52:00,"China launches emergency response for typhoon, floods in parts of China"
2022-08-09 16:21:03,
2022-08-09 21:58:15,Chinese vice foreign minister answers questions on Pelosi's Taiwan visit
2022-08-09 17:09:17,
2022-08-09 22:25:02,
2022-08-09 14:23:46,China's commercial rocket CERES-1 Y3 launches three satellites
2022-08-09 15:15:45,China Focus: Beijing Central Axis to compete for world cultural heritage status
2022-08-10 23:25:15,PLA operations around Taiwan a deterrent to collusion between separatists and external forces: spokesperson
2022-08-10 20:41:00,"China's State Council appoints, removes officials"
2022-08-10 20:31:30,"New 8,000-m-deep oil, gas reserve drilled in NW China"
2022-08-10 22:23:23,SW China's Banxi Village enters fruits harvest season
2022-08-10 21:30:15,"Chinese state councilor calls for opening-up, win-win cooperation in 5G development"
2022-08-10 00:44:30,"Chinese state councilor stresses importance of flood control, workplace safety"
2022-08-10 21:46:45,"""Concrete actions"" needed to bring China-Australia relations back on right track: Chinese ambassador"
2022-08-10 14:06:15,China launches 16 new satellites
2022-08-10 10:10:00,Spokesperson makes remarks on white paper on Taiwan question and China's reunification in new era
2022-08-10 20:31:00,Chinese telecom operators spend 400 bln yuan in 5G
2022-08-10 02:55:30,"Chinese Foreign Minister calls for healthy, stable relations with ROK"
2022-08-10 00:06:16,PLA Eastern Theater Command continues joint exercises around Taiwan 
2022-08-10 21:43:00,Economic Watch: China's robotaxis making advances on road to commercial operation
2022-08-10 00:52:00,"China launches emergency response for typhoon, floods"
2022-08-10 11:33:15,Beijing to hold 2022 World Robot Conference
2022-08-10 22:19:15,PLA Eastern Theater Command fulfills all tasks of joint military operations around Taiwan
2022-08-10 16:24:18,China Focus: Stranded tourists join anti-epidemic fight in Sanya
2022-08-10 03:02:00,"Chinese, ROK FMs have in-depth exchange of views on THAAD"
2022-08-10 23:46:00,U.S. must bear consequences of climate talks suspension: FM spokesperson
2022-08-10 10:02:30,"China releases white paper on Taiwan question, reunification in new era"
2022-08-10 10:00:00,Full Text: The Taiwan Question and China's Reunification in the New Era
2022-08-10 20:27:14,2022 World 5G Convention kicks off in NE China's Harbin
2022-08-10 00:06:15,Tibet's Lhasa launches city-wide COVID-19 testing
2022-08-11 01:02:15,China's Guangxi activates Level-IV emergency response for typhoon
2022-08-11 02:06:00,"China facing increasing pressure in COVID-19 prevention, control: health official"
2022-08-11 01:21:15,Chinese FM holds talks with Nepalese counterpart
2022-08-11 00:17:45,China's Macao SAR forms twin towns with district of Sao Tome and Principe
2022-08-11 01:37:45,Temperatures continue to soar in Shanghai
2022-08-11 01:10:15,Chinese FM slams Pelosi's visit to Taiwan
2022-08-11 01:23:00,"Xinhua Commentary: White paper on Taiwan question to pool strength for national reunification, rejuvenation"
