﻿2022-06-19 20:42:14,"(HKSAR 25) Rising to challenges, Hong Kong stays as key financial hub with emerging opportunities"
2022-06-20 07:16:41,"Heavy rainfalls cause floods, waterlogging in Jian'ou City, SE China"
2022-06-20 20:13:15,China Focus:Beijing-Wuhan high-speed rail starts operation at 350 km/h
2022-06-20 00:05:47,China-Laos Railway inducts Lao train drivers
2022-06-21 01:27:18,Xinhua Headlines: BRICS partnership stands strong amid global challenges
2022-04-20 07:23:15,24 Solar Terms: Grain Rain
2022-05-29 13:05:59,
2022-06-06 08:18:04,24 Solar Terms: Grain in Ear
2022-06-17 19:51:34,"China has 3,013 higher education institutions"
2022-06-17 20:17:30,Study reveals how silkworms produce silk at single-cell level
2022-06-18 19:17:14,Chinese scientists identify genes for more heat-tolerant rice
2022-06-19 23:24:14,China's Jiangxi issues red alert for geological disasters
2022-06-19 23:03:15,China tightens regulation of business activities of officials' relatives
2022-06-19 22:30:15,China develops new coating for spacecraft thermal control
2022-06-19 13:54:00,China's State Council appoints principal officials of sixth-term HKSAR gov't
2022-06-19 23:06:18,Beijing screens out one COVID-19 case from community
2022-06-19 23:06:16,China's Jiangxi launches level-III flood-control emergency response
2022-06-20 22:20:31,
2022-06-20 21:15:30,Economic Watch: China goes all out to bolster employment for college graduates in record year
2022-06-20 23:46:15,Political advisors discuss high quality development
2022-06-20 15:37:00,Study outline on Xi Jinping's economic thought published
2022-06-20 14:26:31,China's Jiangxi issues highest alert for floods
2022-06-20 11:35:43,"Over 1,100 ancient tombs discovered in China's Sichuan"
2022-06-20 16:31:14,Chinese shares close mixed Monday
2022-06-20 23:25:58,Xinhua Commentary: Bigger BRICS contribution to greater global development
2022-06-20 17:09:31,Global development report shares Chinese wisdom with world: FM
2022-06-20 23:52:13,"Taiwan's primary school students to fall by 20,000 annually due to low birth rate: report"
2022-06-20 21:56:44,Interview: Hong Kong's future is very promising: Chief Executive Carrie Lam
2022-06-20 20:09:15,China announces campaign to strengthen psychological care for elderly
2022-06-20 23:02:00,China Focus: Three Gorges Reservoir area gets new high-speed railway
2022-06-20 11:48:45,Asia's largest passenger railway hub starts operation in Beijing
2022-06-20 21:43:30,Hong Kong keeps tracing COVID-19 through sewage surveillance
2022-06-20 20:30:13,Beijing reports three new local COVID-19 infections
2022-06-20 19:52:00,China makes significant contributions to WTO waiver of COVID-19 vaccine patents: official
2022-06-20 20:48:16,Shanghai reports two COVID-19 infections from community
2022-06-20 21:09:31,Xi encourages PLA infantry academy students to contribute to strengthening armed forces
2022-06-20 17:27:30,Young Kyrgyz reflect on their education and life in China
2022-06-20 23:44:15,CPC promulgates regulations on political consultation work
2022-06-20 13:39:15,Beijing-Wuhan high-speed rail starts operation at 350 km/h
2022-06-20 22:04:32,
2022-06-20 20:44:15,China's Pearl River region braces for major floods
2022-06-20 18:12:44,Multinational companies still regard China as important destination: report
2022-06-20 08:55:04,"GLOBALink | See you again, Bayanbulak"
2022-06-21 00:06:15,Vice premier urges solid efforts toward rural modernization
2022-06-21 01:27:18,Xinhua Headlines: BRICS partnership stands strong amid global challenges
2022-06-21 00:35:28,"Xi Focus: Fist, pie, task force -- catchphrases for BRICS cooperation"
2022-06-21 00:27:31,Across China: More accessible express delivery services make life convenient for remote villagers
2022-06-21 07:36:44,24 Solar Terms: Summer Solstice
2022-06-21 07:22:42,In pics: headquarters building of New Development Bank in Shanghai
