﻿2022-05-31 15:53:10,
2022-06-01 00:42:17,U.S. policymakers misjudged inflation threat until it was too late: WP
2022-05-29 13:41:01,U.S. California governor tests positive for COVID-19
2022-05-29 14:22:29,
2022-05-29 18:59:02,"Cyprus, Israel kick off joint military exercise"
2022-05-30 10:06:58,Urgent: Missing Nepali plane found to be crashed: army
2022-05-30 20:33:01,Construction of girder passage on Jakarta-Bandung HSR's longest bridge completed
2022-05-30 10:44:13,Missing Nepali plane found to be crashed: army
2022-05-30 06:09:31,Sudan lifts state of emergency countrywide
2022-05-30 04:57:31,"Jordanian, Georgian FMs discuss ways to boost ties, cooperation"
2022-05-30 20:56:15,"21 bodies found at crash site of Nepali plane, 1 still missing"
2022-05-31 12:03:41,Many Canadians remain without power 9 days after deadly derecho
2022-05-31 07:15:46,U.S. experts warn of COVID surge from Memorial Day weekend gatherings
2022-05-31 21:54:01,"Tonga lauds friendly relations with China, vows to stick to one-China policy"
2022-05-31 14:59:30,"Biden says Second Amendment ""was never absolute"" in gun control push"
2022-05-31 11:58:45,America needs a Memorial Day for gun-violence victims: The Los Angeles Times
2022-05-31 11:53:31,Last body found at crash site of Nepali plane
2022-05-31 13:23:41,Feature: Chinese vaccines help protect Cambodian children against COVID-19
2022-05-31 09:52:16,Guest Opinion: Who is to blame for U.S. inflation?
2022-05-31 15:45:26,"Feature: Kabul Zoo, a popular place among war-weary Afghans for pastime"
2022-05-31 12:31:31,Children in U.S. more likely to be gun victims than those in other high-income countries
2022-06-01 09:36:43,News Analysis: Declining U.S. consumer sentiment to hurt Democrats in midterms
2022-06-01 02:27:41,Zambia commissions China-funded modern conference center
2022-06-01 03:53:00,2 Yemeni gov't soldiers killed in roadside bomb
2022-06-01 10:29:01,New Australian government ministry sworn in
2022-06-01 07:30:15,U.S. debt could reach 125 pct of GDP with irresponsible actions: budget watch group
2022-06-01 05:38:11,Unemployment in Brazil drops to 7-year low
2022-06-01 00:57:29,Feature: Chinese put smiles on faces of vulnerable children in Rwanda
2022-06-01 00:07:31,Japan to allow more airports to accept entrants from abroad
2022-06-01 05:22:15,WHO warns of further transmission of monkeypox over summer
2022-06-01 10:47:13,Palestinian president asks U.S. to turn words into deeds
2022-06-01 02:57:58,Ecuadorian writer receives China book award
2022-06-01 06:57:11,"Ex-FARC dissidents confirm death of top leader ""Gentil Duarte"""
2022-06-01 05:10:15,Palestine to take measures to confront Israeli escalation: president
2022-06-01 01:11:46,"Russia to halt gas supplies to companies of Denmark, Germany"
2022-06-01 06:39:15,UN chief urges extension of Yemen's two-month nationwide truce
2022-06-01 06:40:29,Space News: Who poses the biggest threat to our world?
2022-06-01 04:56:15,UN welcomes lifting of state of emergency in Sudan
2022-06-01 11:51:13,World Insights: Data shows Trump trade war hurts American farmers
2022-06-01 06:18:13,Feature: Chinese Bridge language contest attracts enthusiastic Egyptian teenagers
2022-06-01 10:16:00,Ghanaian vegetable importers impacted by currency depreciation
2022-06-01 04:31:00,Famine threatens drought-devastated parts of Horn of Africa: UN
2022-06-01 11:41:15,"New Zealand reports 8,182 new community cases of COVID-19"
2022-06-01 11:31:16,Malaysian manufacturing sector reports broad stagnation in May
2022-06-01 11:26:11,Skyrocketing energy prices leave Australia's smaller energy suppliers out in cold
2022-06-01 05:42:15,Roundup: Further Sino-German economic cooperation expected at Hannover Messe
2022-06-01 11:36:15,Spain confirms 12 more monkeypox cases
2022-06-01 11:17:16,1st case of monkeypox confirmed in Hungary
2022-06-01 11:51:13,World Insights: Data shows Trump trade war hurts American farmers
2022-06-01 09:36:43,News Analysis: Declining U.S. consumer sentiment to hurt Democrats in midterms
2022-06-01 11:55:13,"Summit of the Americas ""a failure,"" says ALBA-TCP top official"
