﻿2022-02-15 16:24:46,China's Shaanxi launches rail-sea transport freight train to India
2022-02-21 09:46:00,"DR Congo, Turkey sign multiple cooperation agreements"
2022-02-18 15:26:31,GLOBALink | Lebanese sports expert hails China's successful hosting of Olympic Winter Games
2022-02-18 20:50:38,Public transport in Paris on strike
2022-02-19 05:55:28,Kiev must hold dialogue with Donbas to restore peace in Ukraine: Putin
2022-02-19 19:26:28,G20 leaders pledge to support faster recovery of poor economies from pandemic
2022-02-19 04:36:15,3 killed as record wind batters Britain
2022-02-19 21:03:00,Russia holds strategic deterrence exercise as tensions with Ukraine escalate
2022-02-19 07:48:43,"Two trapped in burning ferry off Greek island rescued, 12 still missing"
2022-02-19 06:10:45,Last UN staffer detained in Ethiopia released
2022-02-19 05:15:30,Chinese envoy calls for improved governance capabilities of Haiti
2022-02-20 09:47:30,U.S. suffers more than 1 mln excess deaths during pandemic: The Guardian
2022-02-20 11:25:15,"Death toll from floods, landslides climbs to 146 in Brazilian city of Petropolis"
2022-02-20 18:57:42,"One dead, one injured after police helicopter crashes in U.S. state California"
2022-02-20 20:22:00,Britain's Queen Elizabeth II tests positive for COVID-19
2022-02-20 11:05:15,German FM warns against guessing Russian decisions on Ukraine
2022-02-21 00:26:43,"5 terrorists, 1 soldier killed in clash in NW Pakistan"
2022-02-21 04:30:30,EU allocates 40 mln euros humanitarian aid to Sudan
2022-02-21 09:46:00,"DR Congo, Turkey sign multiple cooperation agreements"
2022-02-21 00:50:31,GLOBALink | Britain's Queen Elizabeth II tests positive for COVID-19
2022-02-21 20:53:00,"Feature: Five decades later, what can be learned from Nixon's historic visit to China?"
2022-02-21 23:39:00,Lebanon approves long-awaited competition law
2022-02-21 20:42:00,New spider species discovered in Israel
2022-02-21 19:07:30,Negotiation with U.S. not on Iran's agenda in Vienna: official
2022-02-21 12:17:58,"Putin, Macron discuss Ukraine issue over phone"
2022-02-21 12:57:01,"Biden accepts ""in principle"" meeting with Putin: White House"
2022-02-21 10:25:13,"Chile registers 30,398 new daily COVID-19 cases, still grapples with Omicron"
2022-02-21 22:01:43,New freight train connection runs between Germany and China
2022-02-21 15:30:31,Canadian police reclaim downtown Ottawa with nearly 200 trucker rally protesters arrested
2022-02-21 10:27:15,Death toll from mudslides rises to 152 in Brazil
2022-02-21 23:52:13,"Kuwait hosts celebration for national, liberation days"
2022-02-21 18:39:30,Chinese experts conduct COVID-19 tests in Laos for returning Chinese nationals
2022-02-21 23:27:00,34 killed as cholera epidemic spreads in Cameroon
2022-02-22 00:13:15,Botswana to reduce COVID-19 isolation period to 5 days
2022-02-22 00:16:16,Mozambique's livestock production up 9 pct annually in decade
2022-02-21 21:17:15,Thailand raises COVID-19 alert level amid rising new infections
2022-02-21 21:35:45,"Indonesia reports 34,418 newly-confirmed COVID-19 cases, 176 more deaths"
2022-02-21 23:13:00,Afghanistan launches polio vaccination targeting 9.1 mln children
2022-02-21 23:28:00,"Russia says destroying 2 Ukrainian combat vehicles, killing 5 intruders"
2022-02-21 22:57:00,"Russia says destroying 2 Ukrainian combat vehicles, killing 5 intruders"
2022-02-22 00:09:15,"3 hurt, 39 apartments destroyed in German residential complex fire"
2022-02-21 19:07:30,Negotiation with U.S. not on Iran's agenda in Vienna: official
2022-02-21 22:52:00,Biden extends national emergency beyond March 1
2022-02-21 20:53:00,"Feature: Five decades later, what can be learned from Nixon's historic visit to China?"
