﻿2022-03-13 20:44:02,"China takes strict, swift measures to stem new COVID-19 infections"
2022-03-13 14:13:26,Residents take nucleic acid tests at community in Shanghai
2022-03-13 23:26:16,Shanghai takes special care of juvenile cases of COVID-19
2022-03-14 21:34:57,New mainland medical team arrives in Hong Kong to boost epidemic fight
2022-03-14 21:07:02,Xinhua Headlines: China guards against strong rebound of COVID-19
2022-03-15 04:10:41,Greece's Piraeus port posts record high profit for 2021
2022-02-16 13:39:13,Stories of Jingdezhen in the Imperial Kiln: Famille verte wares from the Reigns of Jiajing and Wanli
2022-02-17 12:56:46,Stories of Jingdezhen in the Imperial Kiln: Designs for the Imperial Kiln
2022-02-19 08:51:39,Rain Water of 24 solar terms
2022-03-05 13:57:44,24 Solar Terms: Awakening of Insects
2022-03-06 14:25:00,Ancient rock painting complex found in NW China
2022-03-06 00:07:13,Across China: American expat seeks to promote Chinese culture through cooking shows
2022-03-11 22:12:29,Feature: Chinese Juncao technology spells bright future for Tanzania's mushroom growers
2022-03-12 21:27:45,Chief designer details China's future lunar missions
2022-03-12 23:14:15,"Beijing 2022 sets new standard for delivery of Games, says IPC president Parsons"
2022-03-12 23:46:15,"Roundup: China takes wheelchair curling gold, secures lead in Beijing 2022 Paralympic tally"
2022-03-12 23:43:45,"China, India hold 15th corps commander level meeting"
2022-03-12 21:03:30,China Red Cross Society sends emergency humanitarian aid to Ukraine
2022-03-13 18:06:30,"China releases reports on budgets, national economic and social development plans"
2022-03-13 10:08:45,"Chinese mainland reports 1,807 new local COVID-19 cases"
2022-03-13 14:22:30,"All venues for Beijing Olympic, Paralympic Winter Games will open to public"
2022-03-14 16:28:46,Chinese shares close lower Monday
2022-03-14 17:11:41,"Plant, soil fungal diversity positively correlated: study"
2022-03-14 23:54:15,Chinese premier stresses importance of steady economic growth
2022-03-14 21:34:27,
2022-03-14 20:30:31,China urges Japan to be cautious concerning nuclear sharing talks: spokesperson
2022-03-14 21:34:57,New mainland medical team arrives in Hong Kong to boost epidemic fight
2022-03-14 21:47:47,Chinese smartphone maker OPPO launches new 5G phones in Saudi Arabia
2022-03-14 20:32:30,Xi Focus-Quotable Quotes: Xi Jinping on strengthening overall Party leadership
2022-03-14 22:23:44,"Yes, it's negative: a patient's diary at COVID-19 isolation facility in Hong Kong"
2022-03-14 22:26:01,Chinese scientists reveal how bats facilitate virus transmission
2022-03-14 21:11:45,China's Jilin reports 144 new local COVID-19 cases
2022-03-14 17:44:46,
2022-03-14 22:25:00,China offers full refunds for rail tickets amid COVID-19 resurgence
2022-03-14 16:53:03,
2022-03-14 23:57:16,State Council decides on division of responsibilities on key tasks in government work report to facilitate stable economic performance
2022-03-14 14:18:15,Full Text: Report on Work of NPC Standing Committee
2022-03-14 19:57:17,FM spokesperson urges U.S. to stop arms sales to Taiwan
2022-03-14 20:58:30,China's FDI inflow up 37.9 pct in first two months
2022-03-14 16:32:45,Macao's new approved residential mortgage loans rise 40.4 pct in January
2022-03-14 00:54:30,"Chinese vice premier in Jilin, ordering ""most thorough"" COVID control measures to curb outbreaks"
2022-03-14 22:06:00,"Xinhua Commentary: Party leadership, a recipe for China's success"
2022-03-15 00:59:15,Chinese FM hold phone talks with Spanish counterpart
2022-03-15 00:28:14,China's Jilin reports 895 new local COVID-19 cases
2022-03-15 07:30:58,Shanghai moves classes online amid latest COVID-19 rebound 
2022-03-15 00:53:15,"Chinese, Indonesian FMs hold phone talks"
2022-03-15 05:59:45,Senior Chinese official elaborates on China's position on Ukraine situation
2022-03-15 07:23:22,Tourists enjoy cherry blossoms in Wuhan
2022-03-15 05:50:45,Senior Chinese diplomat meets U.S. national security advisor
2022-03-15 00:03:15,China urges U.S. to fully clarify biological military activities
