﻿2022-03-07 17:34:15,Land-sea trade corridor facilitates car imports from Middle East to China
2022-03-11 04:02:15,"UN rights body urges fair, equitable allocation of COVID-19 vaccines"
2022-03-08 14:55:13,UN relief chief outlines immediate humanitarian priorities for Ukraine
2022-03-08 20:55:30,One third of hi-tech workers in Israel are women: report
2022-03-08 22:02:16,Economic Watch: High volatility seen in commodity prices amid Ukraine crisis
2022-03-08 13:48:45,No breakthrough in third round of Russia-Ukraine talks
2022-03-08 19:24:16,"Russia introduces ""silence regime"" in Ukraine for safe evacuation of civilians"
2022-03-09 19:35:27,"Israel's president flies to Turkey to ""restart"" ties"
2022-03-09 06:59:01,Polls begin to pick new South Korean president
2022-03-09 12:02:47,Racial disparities remain in U.S. physics graduates: report
2022-03-09 07:07:00,U.S. federal budget deficit reaches 475 bln USD in first five months of FY 2022: CBO
2022-03-09 11:46:45,NATO countries use Ukraine crisis to pursue militaristic projects: report
2022-03-10 21:41:00,Hungarian parliament elects Katalin Novak as president
2022-03-10 07:44:13,9 people shot dead in central Mexico
2022-03-10 17:12:37,
2022-03-10 07:07:16,Ecuadorian president travels to Chile for Boric's presidential inauguration
2022-03-10 13:43:30,"S.Korea reports 327,549 new COVID-19 cases"
2022-03-10 21:36:00,"Russian, Ukrainian FMs say ready to continue dialogue over conflict"
2022-03-10 14:13:28,U.S. House passes 1.5 trln USD omnibus spending bill
2022-03-10 21:58:00,"Israeli president's ""historic"" visit continues in Turkey's Istanbul"
2022-03-10 16:51:00,"Russian, Ukrainian foreign ministers meet in Turkey -- media"
2022-03-10 07:03:15,Dow rebounds over 650 points as investors eye latest conflict in Ukraine
2022-03-11 01:17:46,U.S. families struggle with soaring child care cost: media
2022-03-11 02:13:45,Israel's military chief visits U.S. Navy headquarters in Bahrain
2022-03-11 05:53:15,Reported armed convoys in Tripoli increase concern: UN
2022-03-11 03:09:00,"AU, UN call on Sudanese parties to urgently resume dialogue"
2022-03-11 06:09:16,Brazil expects record agricultural output in 2022
2022-03-11 04:55:15,COVID-19 cases resurging in France as restrictions eased
2022-03-11 00:31:46,U.S. children severely behind in reading after 2 years of pandemic: media
2022-03-11 01:09:03,
2022-03-11 05:31:15,Chile's financial market projects 2 pct economic growth in 2022
2022-03-11 07:40:45,Topping-out ceremony for part of Crescent Tower in Egypt's new administrative capital
2022-03-11 05:47:15,2 more polio cases detected in Jerusalem
2022-03-11 03:14:00,"UN rights body urges fair, equitable allocation of COVID-19 vaccines"
2022-03-11 08:10:06,"In pics: BC Home and Garden Show in Vancouver, Canada"
2022-03-11 06:15:15,"Roundup: Truck convoy circles Capital Beltway for 4th day, as travel mask mandate extended"
2022-03-11 01:58:58,Lebanese judge bans 5 bank board chiefs from travel
2022-03-11 07:40:43,Topping-out ceremony for part of Crescent Tower in Egypt's new administrative capital
2022-03-11 00:47:47,UNESCO launches project to boost literacy skills in South Sudan
2022-03-11 00:19:43,Tanzania records steady growth in mining sector in 2021: minister
2022-03-10 21:59:00,"Indonesia reports 21,311 newly-confirmed COVID-19 cases, 278 more deaths"
2022-03-11 07:31:43,Mass wedding ceremony held in southern Afghanistan
2022-03-11 07:41:10,Giant panda cub seen in Singapore
2022-03-11 02:47:00,"BMW Group more than triples net profit, posts record result in 2021"
2022-03-11 00:13:47,France to help Lebanon revamp transport sector
2022-03-11 00:23:47,ECB unveils roadmap of interest rate rise
2022-03-11 02:33:00,U.S. census in 2020 undercounted several minority groups: gov't estimates
2022-03-11 05:26:15,Half of Canadians have close friend or family member infected with COVID-19: survey
2022-03-11 07:02:30,Oil prices fall as volatile trading continues
