﻿2022-08-19 22:28:01,China-Europe freight trains on tracks of win-win cooperation
2022-08-20 19:02:15,Number of Somalis affected by drought rises to 7.8 mln: UN
2022-08-17 23:09:45,Three more ships leave Ukraine under grain deal
2022-08-17 18:32:00,"Interview: U.S. pandemic fight a complete failure, says Turkish specialist"
2022-08-17 14:19:30,U.S. Congresswoman Liz Cheney defeated in Wyoming GOP primary
2022-08-17 19:51:00,Japan's suicide rate spikes due to pandemic: study
2022-08-18 20:39:30,Feature: Drought-hit Europe sees impacts on people's livelihoods
2022-08-18 13:44:00,"14 killed, 14 injured in rain spells across Pakistan in 24 hours"
2022-08-18 00:40:00,Roundup: UK inflation hits fresh high with cost-of-living crisis worsening
2022-08-18 14:18:00,"U.S. is biggest human rights saboteur in Middle East and beyond, experts say"
2022-08-19 04:50:30,Roundup: U.S. judge holds hearing on motions to unseal affidavit for Mar-a-Lago search warrant
2022-08-19 23:46:46,
2022-08-19 20:38:15,Türkiye says in constant dialogue with Russia over presence of Kurdish militia in Syria
2022-08-19 00:56:45,"Ukrainian president, UN chief meet on grain exports, situation at Zaporizhzhia NPP"
2022-08-19 16:14:46,"World Insights: Cooperation with China helps promote connectivity, poverty alleviation in Africa"
2022-08-19 21:41:15,"Philippine president to visit Indonesia, Singapore in first overseas trips after taking office"
2022-08-19 06:37:00,"Argentina unveils national plan for science, technology, innovation"
2022-08-19 07:16:15,U.S. CDC admits falling short in response to COVID-19
2022-08-20 20:48:45,15 people killed in flash floods in north India
2022-08-20 05:36:30,IAEA says consulting on sending mission to Zaporizhzhia plant soon
2022-08-20 20:18:00,Feature: Travel plans disrupted in UK as strikes bring transport to halt
2022-08-20 04:49:45,Aid workers face increasingly dangerous situation: UN
2022-08-20 05:41:15,"Chilean economy cooling to dampen inflation, says finance minister"
2022-08-20 19:56:30,16 killed in traffic accident in SE Türkiye
2022-08-20 06:25:45,Gunfire incidents surge in U.S. schools as worries grow
2022-08-20 15:36:30,Feature: In-person Chinese language classes resume in Myanmar's Kheng Hock Keong
2022-08-20 10:31:30,UN chief urges more in-depth examination of causes of hate
2022-08-20 04:39:02,
2022-08-20 14:56:15,Raid on Trump's home hurts U.S. voters' trust in FBI: report
2022-08-20 11:32:30,"Regional bloc condemns ""terrorist attacks"" against Venezuelan facilities"
2022-08-20 20:03:30,13 killed in rain-related roof collapse incidents in southern Pakistan
2022-08-20 00:07:00,Feature: Chinese medical team provides quality health service in Ethiopia
2022-08-21 06:45:00,Feature: CIA's 1953 coup against Mosaddeq remains source of Iran's distrust toward U.S.
2022-08-21 03:38:45,Int'l community condemns hotel attack in Mogadishu
2022-08-21 05:50:15,Palestinian President condemns Israel's closure of 7 NGOs
2022-08-21 04:33:15,"Iran says West wants to prevent it from producing nuclear fuel, having scientific power"
2022-08-21 04:38:30,"Feature: Facing difficult economic situation, Tunisians celebrate return of music festival"
2022-08-21 04:46:00,"Death toll from heavy rains, floods in Sudan rises to 79"
2022-08-21 06:09:00,Egypt's mango festival concludes amid efforts to boost sales
2022-08-20 20:51:20,"Singapore reports 2,660 new COVID-19 cases"
2022-08-20 23:11:15,Myanmar reports 48 new COVID-19 cases
2022-08-20 23:07:00,"Cambodia attracts over 740,000 int'l tourists in first 7 months"
2022-08-20 23:01:17,"Xinhua Headlines: Heatwaves, severe droughts cause Europe searing pain"
2022-08-21 01:03:30,UN chief inspects Ukraine's grain export in Istanbul
2022-08-21 03:59:15,Cyprus to oppose proposal to ban visas for Russians: media
2022-08-20 11:04:00,NASA unveils landing sites for manned Moon mission
2022-08-20 15:03:30,American roads have deadliest first quarter in 20 years: Wall Street Journal
2022-08-20 20:26:04,2022 Canadian National Exhibition held in Toronto
