﻿2022-05-26 19:43:13,"China, Solomon Islands ready to forge ""iron-clad"" ties"
2022-05-26 21:19:32,Xi meets representatives to meeting on handling public complaints
2022-05-26 01:25:15,Chinese premier stresses need to implement policies to stabilize economy
2022-05-26 00:55:28,"Karot hydropower project under CPEC to generate eco-friendly, cheap electricity: Pakistani PM"
2022-05-27 16:01:30,China's first salt cavern compressed air energy storage starts operation
2022-04-20 07:23:15,24 Solar Terms: Grain Rain
2022-04-24 08:18:05,GLOBALink | Parkour teenagers in ancient city of Kashgar
2022-05-05 07:30:12,24 Solar Terms: Start of Summer
2022-05-14 09:58:19,
2022-05-26 21:49:43,Chinese premier stresses concrete efforts to ensure summer harvest
2022-05-26 20:46:28,Sand-prevention green corridor built along desert railway in China's Xinjiang
2022-05-26 23:48:13,Top legislator stresses legal safeguards for tranquil environment
2022-05-26 18:29:44,Chinese FM elaborates on principles for China-Solomon Islands security cooperation
2022-05-26 19:43:13,"China, Solomon Islands ready to forge ""iron-clad"" ties"
2022-05-26 18:29:46,China's space tracking ship departs for 100th mission
2022-05-26 15:09:59,"Chinese scientists design tiny, wriggling inspection robot"
2022-05-26 23:54:31,U.S. attempt to contain China by using Taiwan just wishful thinking: spokesperson
2022-05-26 20:19:13,Chinese FM elaborates on principles for China-Solomon Islands security cooperation
2022-05-26 18:38:45,Makeshift hospital for COVID-19 patients in Shanghai closes
2022-05-26 18:32:43,Factbox: China's ecological progress in 2021
2022-05-26 23:55:31,6.9-magnitude quake hits southeast of Loyalty Islands -- USGS
2022-05-26 16:33:17,China continues to raise basic pension payments for retirees
2022-05-26 10:00:28,Chinese mainland reports 104 new local confirmed COVID-19 cases
2022-05-27 01:38:30,Hong Kong holds international symposium on rule of law
2022-05-27 20:19:58,"Interview: China's economic development an ""example for the world"": Pakistani FM"
2022-05-27 22:17:44,Wondrous Xinjiang: Ranger saves dying desert forest with undying efforts
2022-05-27 00:57:28,"Outdoor opera ""Princess Wencheng"" staged for 10th year in Tibet"
2022-05-27 20:54:15,Farmers work in Ziquejie Terraces in central China's Hunan 
2022-05-27 17:50:45,
2022-05-27 17:56:30,
2022-05-27 01:10:46,Three generations of Uygur family devoted to protecting ancient Buddhist city
2022-05-27 21:50:32,Chinese researchers cultivate local wine yeast strains
2022-05-27 21:27:30,NYU Shanghai holds online graduation ceremony
2022-05-27 21:16:30,UN peacekeeping chief praises China's support
2022-05-27 21:04:16,China activates Level-IV emergency response for flooding
2022-05-27 21:22:28,Canadian coffee chain confident in Chinese market despite COVID-19 resurgence
2022-05-27 22:41:41,117th joint patrol on Mekong River concludes
2022-05-27 20:07:58,Across China: The slow train lifeline in Xinjiang
2022-05-27 16:01:30,China's first salt cavern compressed air energy storage starts operation
2022-05-27 16:08:30,"China releases medium-, long-term plan to develop philosophy, social sciences"
2022-05-27 19:09:01,China reports surplus in international goods trade
2022-05-27 20:51:27,Shanghai gradually reopens city parks
2022-05-27 18:44:48,Factbox: China makes headway in wetland conservation
2022-05-27 17:14:13,CPC leadership deliberates regulation on Party's political consultation work
2022-05-27 20:53:18,Meeting held to review CPC regulations on political consultation
2022-05-27 15:04:14,Xi Focus-Closeup: Protect historical heritage like cherishing life
2022-05-27 09:16:13,Chinese scientists find gene for drought resistance in rice
2022-05-27 18:02:36,
2022-05-27 10:39:45,Chinese mainland reports 80 new local confirmed COVID-19 cases
2022-05-27 19:28:45,Macao GDP contracts 8.9 pct on year in Q1
2022-05-27 19:10:58,China's lithium-ion battery output tops 95 GWh in March-April
2022-05-27 19:08:01,China's external portfolio investment assets top 979 bln USD by end of 2021
2022-05-27 00:03:16,Chinese premier stresses need for concrete efforts to ensure summer harvest
