﻿2022-05-08 09:28:15,"China's BRI projects greatly benefit Cambodian economy, people: officials, experts"
2022-05-11 19:42:18,China has provided over 2.2 billion COVID vaccine doses to world
2022-05-11 07:27:25,Retail stores gradually return to normal operation in Shanghai
2022-05-11 22:56:13,Top legislator stresses rule of law for protecting wetlands
2022-05-12 22:10:13,"Health, wealth no zero-sum game in China's COVID battle"
2022-05-12 22:08:18,"Safeguarding national security justified, interference futile: commissioner's office of Chinese foreign ministry in HKSAR"
2022-04-13 15:15:51,GLOBALink | Female livestreamer helps locals increase income in Xinjiang
2022-04-20 07:23:15,24 Solar Terms: Grain Rain
2022-04-24 08:18:05,GLOBALink | Parkour teenagers in ancient city of Kashgar
2022-05-05 07:30:12,24 Solar Terms: Start of Summer
2022-05-10 20:06:28,China slams U.S. for changing Taiwan wording on State Department website
2022-05-10 13:32:56,China renews blue alert for rainstorms
2022-05-10 21:10:45,"China, South Korea agree to boost pragmatic cooperation"
2022-05-11 20:43:32,"Beijing to conduct antigen testing in key areas, sectors"
2022-05-11 23:02:17,"Chinese premier stresses employment-first fiscal, monetary policies"
2022-05-11 22:23:58,"First-dose COVID-19 vaccination rate for elderly, disabled homes reaches 84 pct"
2022-05-11 19:42:59,"Xinhua Commentary: China, Germany should enhance cooperation during times of uncertainty"
2022-05-11 15:16:26,U.S. urged to adhere to one-China principle
2022-05-11 23:04:13,Inner Mongolia ups protection of intangible cultural heritages
2022-05-12 16:23:56,Ceremony marking the Centenary of the Communist Youth League of China
2022-05-12 23:39:16,China's sci-tech sector sees historic changes over decade: official
2022-05-12 16:11:59,Full text of Xi Jinping's speech at ceremony marking centenary of Communist Youth League of China
2022-05-12 13:33:00,China's ecology sees historic turning point: official
2022-05-12 23:11:16,"China urges U.S. to promote regional peace, stability at upcoming U.S.-ASEAN summit"
2022-05-12 18:08:45,"Xi, Slovenian president exchange congratulations on 30th anniversary of diplomatic ties"
2022-05-12 17:44:31,"Profile: Chinese Nightingale medalist shines in professionalism, dedication"
2022-05-12 11:34:16,25 injured after passenger plane veers off runway in southwest China
2022-05-12 07:11:01,Chinese envoy warns against more sanctions on DPRK
2022-05-12 17:33:05,
2022-05-12 02:20:31,Chinese FM meets Pakistani counterpart
2022-05-12 10:10:15,"Plane veers off runway, catches fire in southwest China"
2022-05-12 20:41:11,China to defer social insurance premium payments for epidemic-hit firms
2022-05-12 10:46:47,"Chinese mainland reports 222 new local COVID-19 cases, 144 in Shanghai"
2022-05-12 22:30:01,"Over 4,200 endangered cranes spotted at China's largest freshwater lake"
2022-05-12 19:40:11,China to continue bolstering support for unemployed people
2022-05-12 18:00:29,
2022-05-12 22:35:31,International Nurses Day marked across China
2022-05-12 21:03:28,Interview: China's economy maintains sound momentum despite fluctuations
2022-05-12 21:18:28,Beijing to conduct 3 more rounds of mass COVID-19 testing
2022-05-12 18:49:43,Across China: Behind animation adaption of Chinese award-winning sci-fi novel
2022-05-12 18:06:46,
2022-05-12 21:46:47,"Safeguarding national security justified, interference futile: commissioner's office of Chinese foreign ministry in HKSAR"
2022-05-12 21:23:31,"Economic Watch: With more opening-up measures in pipeline, China set to remain appealing to overseas investors"
2022-05-12 17:31:30,Xi Focus-Closeup: The undaunted nurse
2022-05-12 15:43:47,China's Mars rover finds water evidence on the red planet: study
2022-05-12 22:42:58,Hong Kong's third-dose COVID-19 vaccination rate reaches 50 pct
2022-05-13 07:21:01,U.S.-listed Chinese firms trade mostly higher
2022-05-13 00:00:13,China urges deeper ASEAN Plus Three ties in financial sector: official
2022-05-13 00:26:14,China's AC352 helicopter completes flight test for airworthiness certification
2022-05-13 07:37:48,International Nurses Day: pay respect to male nurses
2022-05-13 01:41:30,"Roundup: China, Ethiopia eye further augmenting investment, trade cooperation"
2022-05-13 00:40:15,Chinese FM holds phone talks with Danish counterpart
