﻿2022-06-17 08:00:15,New international freight train from Chongqing to South Asia goes on test run 
2022-06-18 14:52:13,60 pct of CEOs worldwide expect recession: survey
2022-06-15 22:16:47,
2022-06-16 07:42:15,U.S. Fed raises rates by three-quarter point amid inflation surprises
2022-06-16 02:24:00,U.S. to provide 1-bln-USD additional security assistance to Ukraine
2022-06-16 03:32:58,Russia continues to slash gas supply to Europe
2022-06-17 20:21:29,WTO secures unprecedented package of trade outcomes at Ministerial Conference
2022-06-17 09:25:30,Urgent: Multiple people shot at church in U.S. state of Alabama -- police
2022-06-17 04:11:00,"Biden follows Trump's ""crude and hostile"" policy on Mideast: Palestinian writer"
2022-06-17 21:56:00,Xinhua Commentary: U.S. poses gravest threat to global cybersecurity
2022-06-17 19:29:13,British home secretary approves Assange's U.S. extradition
2022-06-17 13:08:32,Russia's Pacific Fleet conducts training in Philippine Sea
2022-06-17 10:12:44,"Half of Americans rate U.S. moral values as ""poor:"" Gallup"
2022-06-17 14:40:30,"NED: The U.S. government's ""white glove"""
2022-06-17 19:48:31,"1 killed, 6 injured as blast hits mosque in N. Afghanistan"
2022-06-17 05:30:15,"Zelensky, European leaders discuss Ukraine's EU integration, conflict with Russia"
2022-06-17 05:30:58,Iraq ready to host new round of Iranian-Saudi talks: FM
2022-06-18 06:38:15,"U.S. sanctions ""extortion measures,"" says Venezuelan vice president"
2022-06-18 19:05:13,WFP says 7.4 mln people food insecure in south Ethiopia amid severe drought
2022-06-18 04:28:00,Lebanon's caretaker PM calls for quick appointment of new gov't head
2022-06-18 17:16:45,"World Insights: Putin elaborates stance on political, economic issues at St. Petersburg forum"
2022-06-18 22:15:16,"32 killed in floods in India's Assam, Meghalaya"
2022-06-18 02:23:00,UN chief urges action to drought-proof planet's future
2022-06-18 03:21:59,"UN chief warns of ""global mental health crisis"""
2022-06-18 04:34:00,"Italy's heatwave sparks emergencies, threatens agriculture"
2022-06-18 04:15:00,Boeing announces dedication to HBCUs with 8 mln USD funding
2022-06-18 16:54:00,"Civilian, several others killed in temple attack in Afghan capital"
2022-06-18 22:28:13,Feature: Lebanese wheat farmers struggle to sustain livelihoods in spiraling inflation
2022-06-18 10:52:45,Colombia recommends 2nd COVID-19 booster shot
2022-06-18 02:44:45,"U.S. FDA authorizes Moderna, Pfizer-BioNTech COVID-19 vaccines for kids as young as 6 months"
2022-06-18 09:13:30,Chile confirms 1st monkeypox case
2022-06-18 18:41:00,"Xinhua Commentary: Multilateralism, cooperation carry best hope for global economic recovery"
2022-06-18 01:28:59,AU approves urgent measures to tackle impacts of Ukraine crisis
2022-06-18 22:15:15,Kenya announces death of iconic male lion
2022-06-19 05:14:58,"Iranian fighter jet crashes, no one killed: army"
2022-06-19 07:39:09,"Volunteers clean beach in Capital Governorate, Kuwait"
2022-06-19 07:33:14,"Graduation parade held at Air Force Academy in Dundigal, India"
2022-06-19 04:02:43,"News Analysis: Egypt-EU-Israel gas deal ""model for joint cooperation"": analysts"
2022-06-19 02:30:00,"Huawei holds 1st ""SFTF Alumni Reunion"" in Tunisia"
2022-06-19 05:55:00,Tunisian judges extend strike over sackings
2022-06-19 00:57:46,Pakistan advocates global framework against hate speech
2022-06-19 07:33:13,"Graduation parade held at Air Force Academy in Dundigal, India"
2022-06-19 02:27:59,Roundup: Indian government modifies recruitment scheme to ease protests
2022-06-19 03:47:45,"""Chinese Bridge"" language competition held online in Croatia"
2022-06-19 04:58:58,Contemporary art show Documenta kicks off in Germany's Kassel
2022-06-19 07:13:11,"""Latvian Winner 2022"" int'l dog and cat show held in Riga, Latvia"
2022-06-18 06:01:15,Number of active U.S. drilling rigs up this week
2022-06-18 04:29:15,Canada confirms 168 cases of monkeypox
2022-06-18 22:33:30,U.S. risks worsening crisis with wrong China containment policy: SCMP
