﻿2022-02-23 17:14:46,China-Laos Railway to run additional passenger trains
2022-02-24 07:02:15,"UN, partners continue delivering aid to both sides of contact line in Ukraine"
2022-02-21 04:30:30,EU allocates 40 mln euros humanitarian aid to Sudan
2022-02-21 20:53:00,"Feature: Five decades later, what can be learned from Nixon's historic visit to China?"
2022-02-21 19:07:30,Negotiation with U.S. not on Iran's agenda in Vienna: official
2022-02-21 12:17:58,"Putin, Macron discuss Ukraine issue over phone"
2022-02-21 22:01:43,New freight train connection runs between Germany and China
2022-02-21 15:30:31,Canadian police reclaim downtown Ottawa with nearly 200 trucker rally protesters arrested
2022-02-22 05:09:45,"Death toll climbs to 176 in Brazil landslides, floods"
2022-02-22 09:07:30,Interview: Chinese investment in Argentina a boost to community development
2022-02-22 11:46:16,"U.S. ""in political war to the death"" with American democracy hanging in balance: retired federal judge"
2022-02-22 21:55:31,Death toll of gold mine blast in Burkina Faso rises to 63
2022-02-22 20:44:02,"Interview: Ending self-isolation puts Britons at higher risk of Omicron infections, says aerosol scientist"
2022-02-22 12:03:16,Xinhua Commentary: What's behind WSJ's recognition of China's anti-COVID policy
2022-02-23 22:41:31,"South Africa's fiscal outlook improves while ""significant"" risks exist"
2022-02-23 23:51:01,"Brunei celebrates national day with moderate-scaled parade, performances amid rising COVID-19 cases"
2022-02-23 21:38:00,Israeli president says March Turkey trip targets climate crisis cooperation
2022-02-23 21:51:15,"Britain loses 20 bln USD due to fraud, errors in COVID-19 support schemes: report"
2022-02-23 20:13:32,"Iran says ""a few but important"" issues remain in Vienna nuke talks"
2022-02-23 21:42:17,
2022-02-23 19:16:58,"Iran, Qatar determined to boost trade, economic ties: president"
2022-02-23 18:57:01,Chinese FM meets co-chairs of intergovernmental negotiations on UNSC reform
2022-02-23 08:37:30,U.S. child poverty spikes in January after Biden's benefit program expired: The Washington Post
2022-02-23 20:36:45,"World Insights: U.S., Chinese economies highly interdependent, win-win cooperation only right choice"
2022-02-23 07:24:30,Two Black Hawk helicopters crash in U.S. state of Utah
2022-02-23 21:58:44,
2022-02-24 04:01:30,Airstrikes kill 5 IS militants in northern Iraq
2022-02-24 04:33:30,WTO to hold ministerial meeting in mid-June
2022-02-24 05:23:43,Ukraine imposes state of emergency over tensions with Russia
2022-02-24 03:52:31,Jordan reaffirms support for two-state solution to attain Mideast peace
2022-02-24 07:57:01,"Death toll reaches 204 from landslides, floods in Brazil"
2022-02-24 00:18:00,Security forces kill 10 terrorists in military operation in SW Pakistan: army
2022-02-24 05:31:45,"UN chief condemns arrest of UN peacekeepers in CAR, calls for their release"
2022-02-24 04:37:45,14-year-old Palestinian boy killed in West Bank: Israeli military
2022-02-24 06:23:45,"UN, partners continue delivering aid to both sides of contact line in Ukraine"
2022-02-24 07:00:46,Canadian PM declares end of 10-day state of emergency
2022-02-24 05:31:45,"UN chief condemns arrest of UN peacekeepers in CAR, calls for their release"
2022-02-24 03:35:30,Kenya reopens runway at major airport after brief closure
2022-02-24 05:29:45,6th int'l women film festival kicks off in Egypt
2022-02-24 07:26:34,40th Thailand Tourism Festival held at Lumpini Park in Bangkok
2022-02-24 07:36:43,"Puberty ceremony held in Lalitpur, Nepal"
2022-02-24 01:05:16,"Indonesia reports 61,488 new COVID-19 cases, 227 more deaths"
2022-02-24 07:42:25,People enjoy spring blooms in Madrid
2022-02-24 07:43:04,Delimara 3 power station boosts power supply in Malta
2022-02-24 07:26:01,U.S. crude oil inventories soar as oil prices climb amid tensions over Ukraine
2022-02-24 07:15:00,U.S.-listed Chinese firms trade mostly lower
2022-02-23 20:36:45,"World Insights: U.S., Chinese economies highly interdependent, win-win cooperation only right choice"
2022-02-24 07:00:46,Canadian PM declares end of 10-day state of emergency
