﻿2022-08-27 22:15:00,Economic Watch: Soaring China-Europe freight trains facilitate international trade
2022-08-29 22:18:47,Xinhua Headlines: Pairing assistance brings sea change to landlocked region
2022-08-30 00:39:00,"Chinese premier stresses need to nurture market entities, boost market vitality"
2022-08-30 13:49:15,Track-laying completed on China's first sea-crossing high-speed railway
2022-08-30 20:57:30,Xi meets model civil servants
2022-08-30 18:51:45,Meeting of CPC Central Committee Political Bureau proposes convening 20th CPC National Congress on Oct. 16 in Beijing
2022-08-31 07:18:10,2022 China New Media Conference kicks off in Changsha
2022-06-20 08:55:04,"GLOBALink | See you again, Bayanbulak"
2022-06-21 07:36:44,24 Solar Terms: Summer Solstice
2022-07-07 07:14:05,24 Solar Terms: Lesser Heat
2022-07-23 07:29:03,24 Solar Terms: The Great Heat
2022-08-27 10:30:30,Chinese language to be integrated into Ghana's educational curriculum: Ghanaian official
2022-08-27 20:01:45,Feature: Immersive experience enables Sydney locals to taste Hong Kong's best cuisine and culture
2022-08-28 21:20:15,"""Hong Kong dollar selling"" not means capital outflow, not to affect financial, monetary stability of Hong Kong: finance chief"
2022-08-29 21:26:45,"Across China: Digital economy, restoration efforts add new charm to old town"
2022-08-29 18:59:15,China Focus: Astronomers obtain first large-field X-ray maps of sky
2022-08-29 21:52:00,China to provide more humanitarian supplies to Pakistan: spokesperson
2022-08-29 21:01:15,China's Y-20 transport aircraft to be showcased at int'l airshow in Europe
2022-08-29 22:08:31,China allocates 10 bln yuan in subsidies to grain farmers
2022-08-29 23:31:00,Chinese state councilor urges efforts to improve food safety
2022-08-29 22:23:15,Plant growth in China's space lab in good condition
2022-08-29 13:23:00,Feature: Italian fashion designer builds dream life on east China island
2022-08-29 23:50:45,U.S. lies about Xinjiang will only bankrupt its own credibility faster: Chinese FM spokesperson
2022-08-29 23:45:15,PLA garrison in Hong Kong completes 25th routine rotation
2022-08-29 23:58:16,Hang Seng Indexes Company launches new China enterprise tracker
2022-08-30 23:30:45,Symposium in Beijing marks 30th anniversary of 1992 Consensus
2022-08-30 19:49:30,Drones help Chinese scientists protect Tibetan antelopes
2022-08-30 16:51:32,
2022-08-30 23:50:30,China mulls new law to protect Qinghai-Tibet Plateau
2022-08-30 00:39:00,"Chinese premier stresses need to nurture market entities, boost market vitality"
2022-08-30 23:20:15,China's first solar exploration satellite makes progress: official
2022-08-30 20:13:01,
2022-08-30 16:29:17,
2022-08-30 23:23:00,Cooperation remains mainstay of China-Italy relations: report
2022-08-30 20:29:30,China Focus: Conference pools wisdom for building better cyberspace
2022-08-30 19:24:45,China's SMEs show stable development in January-July period
2022-08-30 23:33:45,Mainland naturally goes all-out to help Taiwan compatriots stranded overseas: spokesperson
2022-08-30 21:34:27,Pre-expo supply-demand matchmaking meeting of CIIE held in Shanghai
2022-08-30 20:51:00,China to hold international fair to promote investment cooperation
2022-08-30 22:57:30,China Focus: China's decade of solid progress on emergency response
2022-08-30 15:13:00,"China makes solid progress in production safety, disaster relief in 10 years"
2022-08-30 22:15:00,China makes notable achievements in environmental protection: report
2022-08-30 15:21:30,China's top legislature starts standing committee session
2022-08-31 09:38:01,Scientists identify new gene behind rare blood disease
2022-08-31 11:23:45,China's non-manufacturing PMI down in August
2022-08-31 10:55:45,China's central bank adds liquidity via reverse repos
2022-08-31 09:31:45,Chinese researchers develop anti-SARS-CoV-2 nanomaterial
2022-08-31 07:18:10,2022 China New Media Conference kicks off in Changsha
2022-08-31 07:21:59,"Rainbow appears in Nyingchi, China's Tibet"
2022-08-31 10:39:00,China's manufacturing PMI up in August
2022-08-31 09:52:30,Chinese mainland reports 349 new local confirmed COVID-19 cases
2022-08-31 10:28:45,Chinese envoy calls on parties in Libya to resolve differences peacefully
2022-08-31 09:38:00,Chinese mainland reports 349 new local confirmed COVID-19 cases
