﻿2022-07-21 21:52:39,JSQ freight vehicle leaves Chongqing for first pilot run to Moscow
2022-07-22 20:00:00,"Senior official urges enhanced protection of cultural relics, heritages"
2022-07-23 20:16:15,China sets up national archives for preserving bibliology resources
2022-07-23 20:03:04,"10 years on, old revolutionary base embarks on new development path"
2022-07-23 07:24:26,"Latest achievements in building ""digital China"" displayed on 5th Digital China Summit "
2022-07-24 10:02:15,"China Focus: China's COVID-19 vaccines safe, effective"
2022-06-06 08:18:04,24 Solar Terms: Grain in Ear
2022-06-20 08:55:04,"GLOBALink | See you again, Bayanbulak"
2022-06-21 07:36:44,24 Solar Terms: Summer Solstice
2022-07-07 07:14:05,24 Solar Terms: Lesser Heat
2022-07-22 23:48:45,China to boost effective demand for stronger economic recovery
2022-07-22 22:17:26,"HKSAR gov't appeals to support from residential care homes, healthcare in expediting vaccination"
2022-07-22 23:22:43,China improves cultural heritage preservation over past decade
2022-07-22 22:39:26,China urges Japan to stop hyping up security threats to justify its military build-up
2022-07-22 22:45:45,"China unveils measures to expand effective demand, boost economic recovery"
2022-07-22 14:38:15,China Focus: Chinese scientists find gene boosting grain yield
2022-07-22 20:55:16,Ming Dynasty imperial edict found in north China
2022-07-22 21:12:15,"Macao reports no new community COVID-19 cases, eases restrictions"
2022-07-23 20:16:15,China sets up national archives for preserving bibliology resources
2022-07-23 16:53:27,China releases images of Martian satellite
2022-07-23 15:54:15,"World Youth Development Forum highlights youth employment, entrepreneurship"
2022-07-23 09:54:12,China renews yellow alert for high temperatures
2022-07-23 22:16:29,
2022-07-23 22:19:26,World Youth Development Forum highlights youth power in green development
2022-07-23 21:10:30,HKSAR gov't keeps tracing COVID-19 through sewage surveillance
2022-07-23 22:28:42,China develops Omicron vaccines through multiple technical routes: official
2022-07-23 12:49:45,Xi extends congratulations on Egypt's 70th national day
2022-07-23 17:38:44,
2022-07-23 15:26:00,119th joint patrol on Mekong River concludes
2022-07-23 11:11:26,Xinhua Commentary: Ethnic unity propels China toward a promising future
2022-07-23 17:39:30,China's FAST telescope detects over 660 new pulsars
2022-07-23 16:54:24,"In pics: scenery of Longtoushan scenic area in Hanzhong, NW China's Shaanxi Province"
2022-07-23 21:58:39,"Night economy drives up consumption in Guiyang, Guizhou"
2022-07-23 07:29:27,2022 China Int'l Travel Mart kicks off in Kunming
2022-07-23 16:52:30,Senior CPC official addresses 5th Digital China Summit
2022-07-23 21:28:27,Chinese Wisdom in Xi's Words: Only by studying history can one understand the Great Way
2022-07-23 20:30:32,
2022-07-23 17:37:29,Roundup: Cambodia attracts 1.29 bln USD investment from China in H1 of 2022
2022-07-24 09:12:16,Over 460 ancient tombs discovered in north China's Hebei
2022-07-24 09:29:15,Chinese mainland reports 87 new local confirmed COVID-19 cases
2022-07-24 11:53:45,China's mobile phone shipments rise 9.2 pct in June
2022-07-24 00:08:56,China launches campaign to improve people's digital skills
2022-07-24 01:06:56,Exhibition on dress culture of millennium-old Dunhuang grottoes opens
2022-07-24 00:06:00,"China Focus: China's COVID-19 vaccines safe, effective"
2022-07-24 10:20:31,Chinese mainland reports 87 new local confirmed COVID-19 cases
2022-07-24 00:24:00,Senior Chinese lawmaker stresses making rare disease treatment more law-based
2022-07-24 09:38:30,China Development Bank ups loan support for environmental protection
