﻿2022-04-04 21:16:16,"China-Laos Railway sees brisk passenger, cargo transport over inaugural 4 months"
2022-04-05 02:28:16,"Nuclear agreement within reach if U.S. side ""realistic"": Iran's FM"
2022-04-03 21:38:46,"6 dead, at least 9 wounded in Sacramento shooting"
2022-04-03 12:39:14,Explosions heard in Ukraine's Odesa -- Ukrainian media
2022-04-03 16:12:56,Taliban supreme leader bans poppy cultivation in Afghanistan
2022-04-03 21:01:42,Iran FM says ball in U.S. court as agreement close in Vienna talks
2022-04-03 11:13:18,Wide gaps remain between people of color in U.S. from 2016 to 2020: USA Today
2022-04-03 17:18:02,Opposition's no-confidence motion against Pakistani PM rejected over foreign interference
2022-04-03 15:25:46,Taliban supreme leader bans poppy cultivation in Afghanistan
2022-04-03 17:10:15,"Pakistani PM asks dissolution of NA, calls for interim gov't"
2022-04-04 11:14:45,Rodrigo Chaves leads in Costa Rica presidential runoff
2022-04-04 22:25:01,German consumer sentiment at historic low due to Russia-Ukraine conflict: survey
2022-04-04 20:20:30,Iran says ready to resume talks with Saudi Arabia to solve differences
2022-04-04 05:51:46,Sudan's Al-Burhan urges UN mission's neutrality on national political crisis
2022-04-04 15:05:16,Afghan security forces launch clearance operation in eastern province
2022-04-04 23:56:15,German consumer sentiment at historic low due to Russia-Ukraine conflict: survey
2022-04-04 09:51:14,At least 12 killed in Ecuador prison riot
2022-04-04 16:44:30,Georgia appoints new FM
2022-04-04 15:07:15,"6 dead, 12 wounded in mass shooting in California's capital city"
2022-04-04 19:59:33,"GLOBALink | Europe suffers amid Russia-Ukraine conflict, U.S. arms dealers reap profits"
2022-04-04 16:29:02,People commemorate victims of metro explosion in St. Petersburg
2022-04-04 17:19:45,Turkey's annual inflation hits record high
2022-04-04 22:49:01,India's March PMI declines to 54 as business confidence drops to two-year low
2022-04-04 18:10:46,Syria's war-battered ancient marketplace under reconstruction
2022-04-04 05:32:44,Demonstration held in Madrid against NATO intervention on Ukraine conflict
2022-04-05 02:48:14,U.S. pins hope on 2nd booster to protect certain groups from COVID-19
2022-04-05 06:53:46,Brazil to host in-person Latin America travel trade fair
2022-04-05 04:19:30,WHO warns severe air pollutions
2022-04-05 05:05:45,Yemen's president calls on Houthis for negotiations to end civil war
2022-04-05 03:30:15,"Security Council welcomes envoy's truce call in Yemen, response from parties"
2022-04-05 01:44:47,
2022-04-05 04:01:30,IPCC report calls for further reducing greenhouse gas emissions
2022-04-05 09:02:04,People receive COVID-19 vaccines in Bangkok
2022-04-05 04:09:30,News Analysis: Will Yemen's 1st all-around ceasefire in years last?
2022-04-05 05:24:44,Int'l organizations warn of escalating humanitarian crisis in Lebanon
2022-04-05 05:24:16,Vucic wins Serbian presidential elections: preliminary results
2022-04-05 04:53:44,"UN chief calls for end to landmine scourge ""once and for all"""
2022-04-05 07:36:50,"Canada confirms 10,375 new COVID-19 cases"
2022-04-05 05:59:46,Tunisian President asks elections body to prepare parliamentary elections
2022-04-05 05:56:45,UN mission in Mali to investigate reports of mass civilian casualties: UN
2022-04-05 05:29:45,S. Africa formally ends national state of disaster
2022-04-05 09:42:16,S.Korea's consumer price rises 4.1 pct in March
2022-04-05 09:35:16,S.Korea's foreign reserves fall in March
2022-04-05 09:37:02,"S.Korea reports 266,135 new COVID-19 cases"
2022-04-05 06:26:44,Portugal to spend 32.7 mln euros on COVID-19 medicines
2022-04-05 06:44:41,"Moscow hopes Kiev won't listen to ""advisers"" from afar: Russian FM"
2022-04-05 05:24:30,Spain reports large-margin increase of tourists in February
2022-04-05 07:36:48,"Canada confirms 10,375 new COVID-19 cases"
2022-04-05 07:28:45,COVID-19 cases rise in New York State
2022-04-05 07:51:00,Half of Canadian firms affected by conflict in Ukraine: survey
