﻿2022-03-17 22:08:42,Heavy snow hits north China
2022-03-18 18:58:12,Changchun carries out new round of nucleic acid testing
2022-03-18 00:18:16,China-EU trade sees sound momentum in first two months
2022-03-18 23:24:44,"Chinese vice premier stresses solid efforts on soybeans, oil crops"
2022-03-19 02:56:15,"Xi has candid, in-depth exchange of views with Biden"
2022-02-17 12:56:46,Stories of Jingdezhen in the Imperial Kiln: Designs for the Imperial Kiln
2022-02-19 08:51:39,Rain Water of 24 solar terms
2022-03-05 13:57:44,24 Solar Terms: Awakening of Insects
2022-03-16 22:50:30,China's education ministry stresses mental health amid epidemic
2022-03-16 13:03:05,GLOBALink | County of music
2022-03-17 21:54:31,
2022-03-17 22:14:30,5.2-magnitude quake hits China's Xinjiang
2022-03-17 20:22:46,
2022-03-17 22:31:29,Chinese premier stresses forest fire prevention efforts
2022-03-17 18:21:15,"Chinese oral COVID-19 drug safe, well-tolerated in human tests: study"
2022-03-17 23:46:13,China successfully launches Yaogan-34 02 remote sensing satellite
2022-03-17 23:03:45,Chinese FM meets with secretary-general of SCO
2022-03-17 20:33:57,"China to tighten regulation of livestreaming, short videos"
2022-03-18 10:38:15,"Chinese mainland reports 2,388 new local COVID-19 cases"
2022-03-18 23:24:47,"China, Cambodia agree to advance Belt and Road cooperation"
2022-03-18 09:28:01,China Focus: China's space station to support large-scale scientific research
2022-03-18 21:34:15,China rolls out new tax cuts for small businesses
2022-03-18 15:46:45,Xinhua Commentary: Washington plays with fire by selling arms to Taiwan
2022-03-18 19:09:30,China to stick to dynamic zero-COVID approach: official
2022-03-18 15:02:16,"Xinhua Commentary: New development philosophy helps China prosper, benefits world"
2022-03-18 15:57:43,"Cultural China: How sleeves, breeze come to embody upright officials in China"
2022-03-18 20:28:44,"Feature: Heart to heart, hand in hand -- mainland medical staff help COVID test sampling in Hong Kong"
2022-03-18 23:12:46,HKSAR chief executive has full confidence in mainland medical staff
2022-03-18 22:05:09,Volunteers deliver free lunch to people working on COVID-19 frontline in Quanzhou
2022-03-18 13:20:30,Wondrous Xinjiang: Residents' stories tell of human rights progress
2022-03-18 18:54:15,Second class from China's space station to livestream on March 23
2022-03-18 22:45:46,China Focus: China vows adherence to dynamic zero-COVID approach
2022-03-18 06:58:12,Chinese envoy calls for efforts to prevent humanitarian crisis of larger scale in Ukraine
2022-03-18 23:51:00,Second class from China's space station scheduled on March 23
2022-03-18 23:53:41,China ready to move ties with South Africa to deeper level: Xi
2022-03-18 09:47:56,"Chinese mainland reports 2,388 new local COVID-19 cases"
2022-03-18 07:54:27,GLOBALink | Clean energy helps greenhouse vegetable farming go zero-carbon in N China
2022-03-18 23:24:44,"Chinese vice premier stresses solid efforts on soybeans, oil crops"
2022-03-18 20:46:45,New material designed to cool smartphones
2022-03-18 16:15:56,Xinhua Commentary: Strict self-governance enables CPC to lead China on new journey toward rejuvenation
2022-03-18 10:40:15,"China-style diplomacy ""better than"" West's, says Ugandan president"
2022-03-19 11:06:29,China's pickup truck sales up steadily in February
2022-03-19 00:16:45,Former senior Beijing political advisor jailed for 9 years for graft
2022-03-19 07:28:56,Beijing conducts nucleic acid tests amid snow
2022-03-19 11:02:30,China's weekly coastal bulk freight index higher
2022-03-19 02:56:15,"Xi has candid, in-depth exchange of views with Biden"
2022-03-19 10:05:00,Top Chinese archaeological finds of 2021 unveiled
2022-03-19 11:10:33,Lock-up shares worth over 215 bln yuan to become tradable
2022-03-19 00:34:00,"Heavy snow hits Beijing, triggering alerts for ice, fog"
2022-03-19 10:13:00,"Chinese mainland reports 2,157 new local COVID-19 cases"
2022-03-19 10:31:14,Another flight carrying Chinese citizens evacuated from Ukraine arrives safely
2022-03-19 09:54:00,"Chinese mainland reports 2,157 new local COVID-19 cases"
