﻿2022-02-20 19:34:16,"Update: CPC Central Committee, State Council congratulate Chinese delegation on Winter Olympics achievements"
2022-02-20 00:22:22,"Chinese FM calls for greater solidarity, cooperation at MSC"
2022-02-21 21:12:32,"China empowers green, digital future with mega data project"
2022-02-21 21:08:16,Top political advisor meets with Taiwan's New Party chairman
2022-02-21 02:07:15,Mainland medical experts continue inspection of Hong Kong's anti-COVID work
2022-02-21 22:32:16,New freight train connection runs between Germany and China
2021-12-02 15:05:53,Mounting artist's dream of painting shrimps
2021-12-02 15:05:44,Artisan introduces charm of wooden art and leatherware to people
2022-02-16 13:39:13,Stories of Jingdezhen in the Imperial Kiln: Famille verte wares from the Reigns of Jiajing and Wanli
2022-02-17 12:56:46,Stories of Jingdezhen in the Imperial Kiln: Designs for the Imperial Kiln
2022-02-19 16:36:18,"GLOBALink | How kids learn skiing in Guizhou, China"
2022-02-19 16:20:31,GLOBALink | Beijing Olympics offers safe environment with well-planned measures: IOC member
2022-02-19 15:44:31,
2022-02-19 16:08:33,"China science, technology news summary -- Feb. 19"
2022-02-19 19:07:13,China's Chang'e-4 discovers glass globules on far side of moon
2022-02-20 15:17:00,"CPC Central Committee, State Council congratulate Chinese delegation on Winter Olympics achievements"
2022-02-20 22:28:05,Cultural China: Timely assistance to those in need a time-honored tradition
2022-02-20 08:50:13,North China city reports 18 new local COVID-19 cases
2022-02-20 20:12:00,Xinhua Commentary: Beijing Winter Olympics embodies an ideal world
2022-02-20 20:55:32,"Beyond record golds, China witnesses inspiring breakthroughs at Beijing 2022"
2022-02-20 20:57:35,"Xinhua Commentary: Drawing wisdom, strength from China-U.S. ""ice-breaking"" history"
2022-02-20 00:37:30,China welcomes UN human rights chief to visit Xinjiang: FM
2022-02-20 01:08:14,Second medical team from mainland arrives in Hong Kong in fighting latest COVID-19 outbreak
2022-02-21 21:45:45,Taiwan officially allows imports of Japanese food from nuclear disaster affected areas
2022-02-21 16:44:43,China takes countermeasures against U.S. military firms
2022-02-21 18:36:30,Xi Jinping on law-based governance
2022-02-21 21:16:33,"China Focus: ""Maker economy"" promotes rural development"
2022-02-21 17:00:00,China's central bank issues 25 bln yuan of bills in Hong Kong SAR
2022-02-21 20:34:00,China releases 5-year plan for elderly care services
2022-02-21 17:35:16,Xi Focus-Closeup: A promise in spring
2022-02-21 21:08:16,Top political advisor meets with Taiwan's New Party chairman
2022-02-21 23:30:01,Hong Kong's COVID-19 test speeds up as mainland medical staff joins battle
2022-02-21 23:58:15,Greater Bay Airlines gets Hong Kong's nod for scheduled air services
2022-02-21 22:55:00,SF Airlines' freighter fleet to exceed 70 in 2022
2022-02-21 21:16:30,China Focus: Campuses teem with Beijing 2022 fervor as students kickstart new semester
2022-02-21 23:09:00,China steps up personality rights protection on internet
2022-02-21 22:37:00,Feature: Couple fighting epidemic in east China's Suzhou
2022-02-21 22:43:00,Police in east China city release cause of drowning accident
2022-02-21 18:57:31,Chinese researchers develop highly efficient perovskite solar cells
2022-02-21 23:45:00,China releases 5-year plan for elderly care services
2022-02-21 16:57:07,Ruins of China's earliest state academy found in east China
2022-02-21 23:09:01,China to pilot commercial endowment insurance nationwide
2022-02-21 23:23:00,China enriches list for cross-border e-commerce retail imports
2022-02-21 21:17:16,"Across the Pacific: 50 years on, why Nixon's China visit should be remembered"
2022-02-21 21:07:15,Xiplomacy: How Xi's remarks guide healthy China-U.S. ties
2022-02-22 07:25:22,Snow scenery across China
2022-02-22 07:22:14,Port zones in Shenzhen optimize waterway transport for HK daily supplies
