﻿2022-06-24 07:40:27,HK vibrant with celebratory atmosphere ahead of 25th anniversary of return to motherland
2022-06-24 01:20:31,"The China-Europe Railway Express (Chongqing) embarks on its 10,000th trip"
2022-06-24 19:06:07,Senior high school entrance examination in Beijing kicks off
2022-06-25 17:44:14,"Xiconomics: How China, along with other BRICS nations, turns aspirations for common development into reality"
2022-06-25 21:55:14,"Political advisors discuss protection of excellent culture, art of ethnic minorities"
2022-06-25 21:47:03,"BRICS cooperation injects vitality into global development, wins worldwide applause"
2022-06-25 00:25:45,"China's top political advisor underscores CPPCC's cultural, historical work"
2022-05-29 13:05:59,
2022-06-06 08:18:04,24 Solar Terms: Grain in Ear
2022-06-20 08:55:04,"GLOBALink | See you again, Bayanbulak"
2022-06-21 07:36:44,24 Solar Terms: Summer Solstice
2022-06-23 18:22:15,Across China: Technologies aid efforts to raise public awareness of cultural relic restoration
2022-06-23 18:20:13,China to establish national demonstration zones for IPR protection
2022-06-23 01:05:44,Veterans encouraged to work as teachers in China
2022-06-24 10:54:00,No casualties reported from Xinjiang's 5.1-magnitude quake
2022-06-24 10:05:45,"China-Europe Railway Express (Chongqing) embarks on 10,000th trip"
2022-06-24 22:15:14,China's top legislature concludes standing committee session
2022-06-24 11:12:14,China adopts amendment to anti-monopoly law
2022-06-24 09:56:49,Chinese mainland reports 18 new local confirmed COVID-19 cases
2022-06-24 18:39:00,Chinese neuroscientist receives 2022 L'Oreal-UNESCO For Women in Science Award
2022-06-24 01:09:15,Full text of 14th BRICS Summit Beijing Declaration
2022-06-24 11:20:30,China passes new law to strengthen black soil protection
2022-06-25 22:29:15,"Cambodia, China's Jiangsu province launch ""Silk Road E-commerce"""
2022-06-25 23:15:30,Beijing's Daxing airport puts city terminal into service in Hebei
2022-06-25 14:24:00,China's food industry notches steady growth in first 5 months
2022-06-25 15:22:14,Sixth World Intelligence Congress opens in China's Tianjin
2022-06-25 00:03:45,China revises sports law
2022-06-25 21:55:14,"Political advisors discuss protection of excellent culture, art of ethnic minorities"
2022-06-25 11:41:44,Chinese mainland reports 7 new local confirmed COVID-19 cases
2022-06-25 00:25:45,"China's top political advisor underscores CPPCC's cultural, historical work"
2022-06-25 16:19:45,Renewable energy development boosts China's pursuit for carbon goals: report
2022-06-25 19:42:32,
2022-06-25 22:27:15,"China's Xinjiang condemns U.S. ""forced labor"" act"
2022-06-25 22:10:14,China to provide 50 million yuan of emergency humanitarian assistance to Afghanistan
2022-06-25 22:56:32,
2022-06-25 13:16:45,China advances Greater Bay Area building in Guangzhou's Nansha
2022-06-25 23:10:29,China to enhance legal protection of farmlands
2022-06-25 20:37:58,"Hong Kong to distribute 220,000 RAT kits following sewage COVID-19 detection"
2022-06-25 09:40:00,"(HKSAR 25) Roundup: Greater success expected for Hong Kong under ""one country, two systems"""
2022-06-25 03:00:14,Chinese vice premier urges progress on Hainan free trade port
2022-06-25 16:09:44,China's beverage sales up in first five months
2022-06-25 14:00:59,"BRICS countries to consolidate, advance cooperation momentum: MOC"
2022-06-25 19:31:15,China's sci-tech talent is becoming more youthful
2022-06-25 11:29:45,"Beijing primary, middle schools announce reopening"
2022-06-25 22:47:06,
2022-06-25 03:39:30,"China to strengthen exchanges, mutual learning with Latin America: Chinese FM"
2022-06-25 21:50:00,China's Jiangsu adopts measures for agricultural development
2022-06-26 07:44:38,Schools in N China organize after-class activities
2022-06-26 00:16:45,"China to take precautionary measures for flood, drought relief"
2022-06-26 07:44:42,"Scenery of Chishan Lake National Wetland Park in Chuzhou, E China"
2022-06-26 07:30:46,"Constructors work at construction site amid heat wave in Baotou, N China"
