﻿2022-08-03 18:21:45,"China, Cambodia vow to carry forward traditional friendship"
2022-08-04 16:58:15,China launches terrestrial ecosystem carbon monitoring satellite
2022-08-04 17:01:48,
2022-08-04 21:50:15,Xi Focus: Xi's inspection tours reflect efforts to steer China's economy toward sustainable future
2022-08-05 02:17:45,PLA Eastern Theater Command launches unprecedented live-fire joint exercises around Taiwan Island
2022-06-06 08:18:04,24 Solar Terms: Grain in Ear
2022-06-20 08:55:04,"GLOBALink | See you again, Bayanbulak"
2022-06-21 07:36:44,24 Solar Terms: Summer Solstice
2022-07-07 07:14:05,24 Solar Terms: Lesser Heat
2022-08-01 15:21:45,"Driven by sizzling sci-fi comedy, China's summer box office picks up speed"
2022-08-01 10:06:00,Intangible cultural heritage exhibition held in Xinjiang
2022-08-03 23:04:01,"Presenting Pelosi with so-called ""award"" a political farce by DPP authorities: Chinese spokesperson"
2022-08-03 16:05:30,World heritage site Huangshan Mountain attracts more tourists in July
2022-08-03 16:10:30,World Insights: Int'l community blasts Pelosi's visit to Taiwan
2022-08-03 19:27:45,Commissioner's office of Chinese Foreign Ministry in HKSAR condemns Pelosi's visit to China's Taiwan
2022-08-03 23:39:15,"Chinese ambassador lodges stern demarche, strong protest to U.S. on Pelosi's visit to China's Taiwan"
2022-08-04 21:08:15,PLA drills a deterrent to collusion between United States and China's Taiwan: spokesperson
2022-08-04 20:32:30,PLA drills a deterrent to collusion between United States and China's Taiwan: spokesperson
2022-08-04 02:20:45,Political parties of various countries strongly oppose Pelosi's visit to China's Taiwan region
2022-08-04 18:50:30,NW China's Shaanxi sees foreign trade up 6 pct in H1
2022-08-04 16:42:45,Chinese scientists develop a hydrogel that helps burn up tumors
2022-08-04 22:36:31,
2022-08-04 03:03:45,"China to take resolute, strong, effective countermeasures to safeguard sovereignty and territorial integrity: FM spokesperson"
2022-08-04 14:30:30,China launches terrestrial ecosystem carbon monitoring satellite
2022-08-04 17:44:45,"Tsai Ing-wen's obstinate pursuit of ""Taiwan independence"" extremely harmful: experts"
2022-08-04 22:37:15,PLA Eastern Theater Command conducts long-range live-fire drills around Taiwan Island
2022-08-04 17:38:00,Gene study reveals penguin evolution to marine environments
2022-08-04 17:28:15,"Experts back punishments for organizations related to die-hard ""Taiwan independence"" elements"
2022-08-04 22:58:46,
2022-08-04 02:49:15,PLA Eastern Theater Command conducts joint exercises around Taiwan Island
2022-08-04 18:10:00,Int'l community supports China in taking all necessary measures to counter U.S. provocation
2022-08-04 22:50:46,
2022-08-04 17:15:15,"China, Cambodia to further strengthen partnership"
2022-08-04 21:50:15,Xi Focus: Xi's inspection tours reflect efforts to steer China's economy toward sustainable future
2022-08-04 21:34:06,"Qixi Festival marked in Xi'an, NW China"
2022-08-04 18:08:30,UN chief affirms one-China policy as Pelosi's Taiwan visit creates tensions
2022-08-04 23:22:45,"Xinhua Commentary: U.S. grossly trampling on international law, basic norms governing international relations"
2022-08-04 21:26:30,China launches Level IV emergency response for floods
2022-08-04 17:49:00,Bi-khim Hsiao to face historical reckoning for promoting Pelosi's Taiwan visit: mainland spokesperson
2022-08-04 23:49:15,China's non-CPC political parties make joint statement on Pelosi visit
2022-08-04 19:44:00,Hong Kong starts COVID-19 vaccination of children aged under 3
2022-08-05 10:06:30,Market exchange rates in China -- Aug. 5
2022-08-05 10:11:30,Chinese mainland reports 162 new local confirmed COVID-19 cases
2022-08-05 10:03:30,Chinese yuan strengthens to 6.7405 against USD Friday
2022-08-05 02:17:45,PLA Eastern Theater Command launches unprecedented live-fire joint exercises around Taiwan Island
2022-08-05 02:40:30,China launches reusable experimental spacecraft
2022-08-05 05:33:45,"Chinese, Turkish FMs meet for enhancing cooperation"
2022-08-05 00:45:45,Chinese FM firmly refutes G7 statement on Taiwan
2022-08-05 05:25:15,"China, Laos vow to build unbreakable community with shared future"
2022-08-05 09:44:16,Chinese mainland reports 162 new local confirmed COVID-19 cases
