﻿2022-08-21 17:42:46,
2022-08-21 23:49:30,China begins shipment of high-speed trains to Indonesia
2022-08-23 00:00:45,Euro back below parity against U.S. dollar for 2nd time this year
2022-08-19 20:38:15,Türkiye says in constant dialogue with Russia over presence of Kurdish militia in Syria
2022-08-19 16:14:46,"World Insights: Cooperation with China helps promote connectivity, poverty alleviation in Africa"
2022-08-20 05:36:30,IAEA says consulting on sending mission to Zaporizhzhia plant soon
2022-08-20 20:18:00,Feature: Travel plans disrupted in UK as strikes bring transport to halt
2022-08-20 19:56:30,16 killed in traffic accident in SE Türkiye
2022-08-20 06:25:45,Gunfire incidents surge in U.S. schools as worries grow
2022-08-20 14:56:15,Raid on Trump's home hurts U.S. voters' trust in FBI: report
2022-08-20 23:06:16,"EU's ""enhanced surveillance"" on Greek economy ends"
2022-08-21 09:07:30,"36 killed, 145 injured in rain spells across Pakistan in 24 hours"
2022-08-21 17:52:00,Japanese PM tests positive for COVID-19
2022-08-21 13:42:30,"Biden says slavery ""America's original sin"""
2022-08-21 21:52:45,"Egypt, UAE leaders champion Arab unity to address regional challenges"
2022-08-21 15:47:03,
2022-08-21 17:47:30,Japanese PM Kishida tests positive for COVID-19
2022-08-21 14:34:30,"Biden says slavery ""America's original sin"""
2022-08-21 03:38:45,Int'l community condemns hotel attack in Mogadishu
2022-08-22 19:12:15,Energy crisis deepens in Europe as extreme drought hits electricity output
2022-08-22 06:34:30,"Serbia to seek compromise solutions, protect Kosovo Serbs if NATO doesn't, says Vucic"
2022-08-22 09:33:45,U.S. first lady ends isolation after testing negative for COVID-19
2022-08-22 17:15:15,S.Korean activists cry out for total stop of S.Korea-U.S. war rehearsal
2022-08-22 06:12:15,Portugal becomes fastest aging country in EU: Study
2022-08-22 19:26:30,Australian state to invest heavily against infectious livestock diseases
2022-08-22 22:18:45,Feature: Reading room commemorating Iris Chang opens at San Francisco WWII Pacific War Memorial Hall
2022-08-23 07:02:00,"Four tourists killed, 16 injured in Peru road crash"
2022-08-23 02:26:00,UN chief appoints members of fact-finding mission for Donetsk prison attack
2022-08-23 06:03:45,Colombia's confirmed monkeypox cases rise to 273
2022-08-23 05:49:30,Saudi energy minister says OPEC+ mulls new agreement beyond 2022: media
2022-08-23 04:57:30,Brazilian market cuts 2022 inflation forecast to 6.82 pct
2022-08-23 02:50:00,Feature: LA's Holocaust Museum mounts exhibit in honor of Shanghai's welcome of Jewish refugees
2022-08-23 04:30:30,"Condemn all incitement to hatred, violence based on religion or belief: UN chief"
2022-08-23 05:57:00,Three-quarters of voters say U.S. headed in wrong direction: poll
2022-08-23 04:28:00,Feature: Farmers across Europe struggling with record hot and dry summer
2022-08-23 05:52:16,"Israel to offer free, voluntary COVID-19 PCR tests to arrivals"
2022-08-23 03:04:00,UNICEF head voices concern over child casualties in Ukraine conflict
2022-08-23 03:56:30,5 Arab states gather in Egypt to discuss all-round cooperation
2022-08-22 00:45:45,East Africa mega hydro power project nears completion
2022-08-22 22:17:45,Kenya's Odinga files petition at Supreme Court to challenge presidential election results
2022-08-23 03:30:30,Roundup: Kenya's Odinga challenges presidential election results in Supreme Court
2022-08-22 21:59:00,Brunei records 83.6 pct decrease of average daily COVID-19 cases from peak
2022-08-22 21:29:15,"Indian gov't signs loan agreement of 96.3 mln USD with ADB to improve water supply, sanitation"
2022-08-22 23:50:30,Myanmar reports 42 new COVID-19 cases
2022-08-23 03:20:00,European Forum Alpbach kicks off in Austria
2022-08-23 03:48:15,Malta and India join forces to boost investment
2022-08-23 03:32:15,"Feature: Wildfires, droughts devastate natural habitats across Europe"
2022-08-23 03:34:45,69 pct of Native Americans severely affected by inflation: poll
2022-08-23 07:36:16,"Trump asks for appointment of ""special master"" to oversee handling of materials taken in Mar-a-Lago search"
2022-08-23 03:50:00,"Retail report finds Americans souring on inflation, online shopping: Washington Times"
