﻿2022-08-06 23:13:45,PLA Eastern Theater Command continues joint exercises around Taiwan
2022-08-07 22:12:50,Residents receive nucleic acid test in S China's Hainan
2022-08-08 01:48:45,PLA Eastern Theater Command continues joint exercises to test precision strike capabilities
2022-08-08 07:30:05,China-built modern railway helps foster job creation for local people in Kenya
2022-08-08 19:54:47,How China's major agricultural province becomes innovation hub
2022-08-09 07:22:35,"China's Sanya strives to ensure daily life supplies for local residents, stranded tourists"
2022-06-06 08:18:04,24 Solar Terms: Grain in Ear
2022-06-20 08:55:04,"GLOBALink | See you again, Bayanbulak"
2022-06-21 07:36:44,24 Solar Terms: Summer Solstice
2022-07-07 07:14:05,24 Solar Terms: Lesser Heat
2022-08-01 15:21:45,"Driven by sizzling sci-fi comedy, China's summer box office picks up speed"
2022-08-03 16:05:30,World heritage site Huangshan Mountain attracts more tourists in July
2022-08-05 17:07:00,"Test site for intelligent, connected vehicles built in China's Wuhan"
2022-08-06 18:22:15,Documentary festival on China held offline in Myanmar
2022-08-06 23:56:30,"Chinese, Iranian FMs discuss bilateral ties, Taiwan question over phone"
2022-08-06 23:18:45,Chinese FM expounds on China's position on Taiwan question
2022-08-07 16:24:45,Int'l community affirms support for one-China principle
2022-08-07 01:13:00,Pelosi's Taiwan visit exposes Tsai Ing-wen's political nature: experts
2022-08-07 16:55:30,Xinhua Commentary: Using Taiwan to contain China bound to fail
2022-08-07 08:29:30,China receives data from newly launched ecosystem monitoring satellite
2022-08-07 09:27:00,Chinese mainland reports 337 new local confirmed COVID-19 cases
2022-08-07 13:58:45,Head of UN Office at Vienna affirms one-China policy
2022-08-07 15:57:15,China Focus: Diplomats from 30 Islamic countries visit Xinjiang
2022-08-07 17:18:15,"Political leaders, social organizations from multiple countries blast Pelosi's visit to China's Taiwan"
2022-08-08 02:06:45,U.S. mistaken on Taiwan question in 3 aspects: Chinese FM
2022-08-08 23:15:33,Attempts to distort one-China principle doomed to fail: spokesperson
2022-08-08 23:03:02,
2022-08-08 20:46:30,Beijing-Tianjin-Hebei region sees growth in foreign trade
2022-08-08 01:41:15,"China, Bangladesh vow closer cooperation, oppose separatism"
2022-08-08 17:35:15,Compilation of CPC's important literature published
2022-08-08 23:21:15,PLA Eastern Theater Command continues joint exercises around Taiwan
2022-08-08 17:45:45,HKSAR cuts hotel quarantine for inbound travelers to 3 days
2022-08-08 19:43:15,"Over 8,500 people dispatched to help fight COVID-19 epidemic in China's Hainan"
2022-08-08 21:52:30,Economic Watch: China's new energy sector moves into high gear amid pursuit for carbon goals
2022-08-08 23:10:15,Tibet's Lhasa reports 18 positive COVID-19 cases
2022-08-08 22:51:02,
2022-08-08 09:42:00,Chinese researchers find new way to lower lipid levels
2022-08-08 21:48:15,"China promotes use of land, sea for major projects"
2022-08-08 23:55:02,
2022-08-08 19:55:45,Xi extends condolences to Cuban president over fuel farm explosions
2022-08-08 22:13:30,Mongolian PM meets with Chinese FM
2022-08-09 07:25:54,Supply-demand matchmaking meeting held ahead of 5th CIIE in Shanghai
2022-08-09 04:28:45,China urges support for Africa to enhance capacities
2022-08-09 00:16:15,90 pct of China import expo exhibition area booked
2022-08-09 01:26:15,"Chinese, Mongolian FMs hold talks on boosting ties"
2022-08-09 09:29:45,Chinese mainland reports 350 new local confirmed COVID-19 cases
2022-08-09 00:58:00,"China, Mongolia reach broad consensuses on strengthening ties"
2022-08-09 07:30:35,Photo story: A paragliding amateur aims to discover more beauty of Xinjiang
