﻿2022-06-16 14:02:30,China opens last section of rail loop around its largest desert
2022-06-16 21:58:14,Chinese vice premier stresses solid progress on major projects
2022-06-17 19:58:30,"Chinese vice premier stresses green, low-carbon economy"
2022-06-17 08:00:15,New international freight train from Chongqing to South Asia goes on test run 
2022-06-18 00:56:45,Chinese president addresses 25th St. Petersburg International Economic Forum
2022-04-20 07:23:15,24 Solar Terms: Grain Rain
2022-05-14 09:58:19,
2022-05-29 13:05:59,
2022-06-06 08:18:04,24 Solar Terms: Grain in Ear
2022-06-16 22:35:17,"China's national lawmakers to mull laws on wire fraud, civil enforcement, monopoly"
2022-06-16 11:19:03,
2022-06-16 16:12:30,"Ancient sculpture remnants reunited after 3,000 years"
2022-06-16 19:11:15,Beijing reports 13 new local COVID-19 infections
2022-06-16 14:56:58,Feature: Leather carving artist brings solace to grieving pet owners
2022-06-16 21:40:15,China Focus: Chinese scientists identify indigenous lunar water in Chang'e-5 samples
2022-06-16 11:18:44,
2022-06-16 20:02:29,"(HKSAR 25) International forum held in Hong Kong on achievements of ""one country, two systems"""
2022-06-17 21:09:00,China subsidizes over 69 mln people in accessing basic medical insurance in Q1
2022-06-17 19:58:30,"Chinese vice premier stresses green, low-carbon economy"
2022-06-17 23:48:30,China refutes U.S. ambassador's remarks over anti-epidemic policy
2022-06-17 22:43:30,Chinese president addresses 25th St. Petersburg International Economic Forum
2022-06-17 23:43:30,China's ports log container throughput growth in first five months
2022-06-17 19:51:34,"China has 3,013 higher education institutions"
2022-06-17 22:28:06,In pics: Qixinghe National Nature Reserve in NE China's Heilongjiang
2022-06-17 20:44:45,China stresses COVID-19 control at enclosed sites with gatherings
2022-06-17 16:22:32,
2022-06-17 21:23:00,China to allow more international flights
2022-06-17 20:17:30,Study reveals how silkworms produce silk at single-cell level
2022-06-17 16:58:45,China stresses COVID-19 control at enclosed sites with people gatherings
2022-06-17 11:15:15,China Focus: China harvests first batch of self-bred deep-sea Atlantic salmons
2022-06-17 18:47:00,CPC leadership deliberates report on rectification of financial institutions
2022-06-17 13:25:45,China launches third aircraft carrier
2022-06-17 10:56:00,Chinese mainland reports 23 new local confirmed COVID-19 cases
2022-06-17 23:24:30,China Focus: German firms confident in Chinese market with continued investments
2022-06-17 19:06:15,"China has world largest monitoring network for disease, health risk factors"
2022-06-17 15:59:15,China to build more national air monitoring stations
2022-06-17 14:01:29,Human activities contribute over 90 pct of oil slicks in global oceans: study
2022-06-18 10:24:43,"Beijing reports 1 confirmed, 8 asymptomatic local COVID-19 cases"
2022-06-18 00:59:43,China refunds over 1.6 trillion yuan of VAT credit
2022-06-18 00:56:45,Chinese president addresses 25th St. Petersburg International Economic Forum
2022-06-18 01:02:15,"Disclosed money paid to U.S. by Taiwan authorities only ""tip of the iceberg"": Chinese FM spokesperson"
2022-06-18 07:16:13,China Day event held at Philadelphia flower show
2022-06-18 10:30:47,Interview: Official dubs GBA best entry point for Hong Kong's integration into national development
2022-06-18 00:18:28,China refutes U.S. ambassador's remarks over anti-epidemic policy
2022-06-18 00:25:45,Hongkong Post to issue stamps to commemorate 25th anniversary of HKSAR's establishment
2022-06-18 00:45:45,"Disclosed money paid to U.S. by Taiwan authorities only ""tip of the iceberg"": Chinese FM spokesperson"
2022-06-18 09:26:28,Chinese mainland reports 11 new local confirmed COVID-19 cases
2022-06-18 08:37:15,Fire breaks out in Shanghai's petrochemical firm
2022-06-18 10:16:45,CPC leadership reviews report on rectification of financial institutions
2022-06-18 10:05:29,Chinese mainland reports 11 new local confirmed COVID-19 cases
