﻿2022-06-05 23:50:48,Xinhua Headlines: China launches crewed mission to complete space station construction
2022-06-05 21:56:14,China's Shenzhou-14 crewed spaceship docks with space station combination
2022-06-06 16:16:30,Shenzhou-14 astronauts enter Tianzhou-4 cargo craft
2022-06-06 21:10:15,China's top political advisor holds virtual meeting with Singaporean parliament speaker
2022-06-06 18:38:48,
2022-06-07 00:22:47,Beijing returning to normalcy as epidemic wanes
2022-04-20 07:23:15,24 Solar Terms: Grain Rain
2022-05-14 09:58:19,
2022-05-29 13:05:59,
2022-06-05 08:58:45,"Shanghai reports 6 confirmed, 16 asymptomatic local COVID-19 cases"
2022-06-05 23:35:30,Wondrous Xinjiang: Musical heritage resounds in Xinjiang village
2022-06-05 14:36:30,Feature: Lao students meet Chinese culture in Dragon Boat Festival celebration
2022-06-05 20:33:45,Beijing adds five local COVID-19 cases
2022-06-05 12:05:28,"Beijing reports 16 confirmed, 3 asymptomatic local COVID-19 cases"
2022-06-05 21:36:15,"Hong Kong to distribute about 190,000 sets of RAT kits following sewage COVID-19 detection"
2022-06-05 23:40:30,Taiwan graduates focused on job search amid COVID-19: survey
2022-06-06 17:56:15,Chinese FM to attend 3rd C+C5 foreign ministers meeting in Kazakhstan
2022-06-06 20:49:15,Chinese scientists find promising oral COVID-19 drug candidate: study
2022-06-06 20:18:58,"Hong Kong's home vaccination service offers jabs to 18,000 people"
2022-06-06 23:15:45,"China's top legislator calls for cooperation with CSTO on peace, stability"
2022-06-06 14:43:30,Shenzhou-14 astronauts enter Tianzhou-4 cargo craft
2022-06-06 19:30:46,Beijing reports zero local COVID-19 infections
2022-06-06 23:50:48,
2022-06-06 20:35:03,China to promote cold storage facilities construction
2022-06-06 22:04:20,In pics: Majiayuan terrace in NW China's Gansu
2022-06-06 10:34:58,Chinese mainland reports 25 new local confirmed COVID-19 cases
2022-06-06 00:13:45,China's holiday sees nearly 80 mln domestic tourist trips
2022-06-06 23:06:31,
2022-06-06 21:55:51,"Bustling night life in Xi'an, NW China's Shaanxi"
2022-06-06 22:56:30,"U.S. guilty of ""coercion diplomacy"": FM spokesperson"
2022-06-06 02:05:45,"Visit to Pacific island countries practice of China's equality-based diplomacy, boosts common development -- Chinese FM"
2022-06-06 17:39:15,Book of Xi's discourses on rural work published
2022-06-06 15:08:44,"China vows to improve eye care services for children, seniors"
2022-06-06 23:10:48,"China's sci-tech progress has promoted health, security: official"
2022-06-06 23:22:49,
2022-06-06 08:18:04,24 Solar Terms: Grain in Ear
2022-06-06 19:29:45,Book of Xi's discourses on rural work published
2022-06-06 17:01:00,"Chinese Wisdom in Xi's Words: ""Earth does not speak and it nurtures all things"""
2022-06-06 00:01:45,Late Shang Dynasty tombs discovered in central China
2022-06-06 21:23:15,Feature: Chinese manufacturers seek business opportunities at expo in Egypt
2022-06-06 13:05:15,China renews yellow alert for rainstorms
2022-06-06 22:16:30,Across China: China strengthens efforts to protect Asian elephants
2022-06-06 20:58:15,Shenzhen to build 20 advanced manufacturing industrial parks
2022-06-06 15:38:45,Shenzhou-14 astronauts enter Tianzhou-4 cargo craft
2022-06-06 21:12:15,Major irrigation system breaks ground in south China
2022-06-07 00:16:00,BRICS countries vow to deepen financial cooperation
2022-06-07 07:22:40,Students prepare for national college entrance exam in China
2022-06-07 00:22:47,Beijing returning to normalcy as epidemic wanes
2022-06-07 00:10:00,Successful launch of Shenzhou-14 draws worldwide attention
