﻿"19:15, 03-Apr-2022",At least six dead in downtown Sacramento shooting
"15:55, 03-Apr-2022","Taliban bans drug cultivation, including lucrative opium"
"14:20, 03-Apr-2022",Casualties feared in Kabul currency market explosion
"21:14, 03-Apr-2022",Chinese diving team presents new synchronized pairs after reshuffling
"19:22, 03-Apr-2022","Iran says agreement 'close' in Vienna nuclear talks, ball in U.S. court"
"22:28, 03-Apr-2022",Jordan's Prince Hamzah relinquishes title
"13:14, 03-Apr-2022",Kazakhstan says it thwarts assassination attempt on president
"22:18, 03-Apr-2022",Missiles hit refinery near Odesa
"17:28, 03-Apr-2022",NBA highlights on April 2: Do Jazz know how to deal with big lead?
"15:44, 03-Apr-2022",Pakistan to go to the polls after PM Khan foils sacking attempt
"20:26, 03-Apr-2022",Polls open in Costa Rica presidential election
"13:15, 03-Apr-2022","Serbians to vote in presidential, parliamentary elections on Sunday"
"17:31, 03-Apr-2022",Pyongyang slams S. Korea for defense minister's 'preemptive strike' remarks
"14:35, 03-Apr-2022",Russia makes new claims on U.S.-funded bioweapons labs
"14:47, 03-Apr-2022",South Korea's Yoon nominates ex-PM Han as new prime minister
"22:49, 03-Apr-2022",South Sudan rivals sign deal on key military provision of peace accord
"15:05, 03-Apr-2022",UK 'living with COVID' plan sees nearly 5 million infected in one week
"13:36, 03-Apr-2022",Ukraine's economy may shrink 40% in 2022
"15:29, 03-Apr-2022",Vote on no-confidence motion against Pakistani PM Khan dismissed
"19:09, 03-Apr-2022",World No. 2 Daniil Medvedev may miss French Open after surgery
"18:54, 04-Apr-2022",Magnitude-5.1 quake hits waters off Japan's eastern coast
"22:12, 04-Apr-2022",23 women died in boat crash in central Sudan
"20:25, 04-Apr-2022","6 missing after hovercraft overturns in Samara, Russia"
"07:19, 04-Apr-2022",At least 20 dead in Ecuador prison riot
"16:30, 04-Apr-2022","At least 2 killed, several injured in car accident in Moscow"
"13:00, 04-Apr-2022",Biden urges Congress to pass gun control legislation
"20:50, 04-Apr-2022","CGTN Sports Talk: Who can challenge Suns, Grizzlies in the West?"
"10:37, 04-Apr-2022",Chaves projected to win Costa Rica election: preliminary tally
"09:49, 04-Apr-2022",Death toll from heavy rains in Rio de Janeiro rises to 18
"23:09, 04-Apr-2022",Emissions must peak before 2025 for 'liveable future': UN
"22:20, 04-Apr-2022",Exclusive: Russia's role in space exploration is indispensable
"12:33, 04-Apr-2022","China, Panama hail prospects in relations as FMs meet "
"15:11, 04-Apr-2022",Georgian foreign minister resigns to become ambassador to U.S.: TASS
"07:15, 04-Apr-2022",Hungarian PM Viktor Orban's coalition wins in parliamentary elections
"15:33, 04-Apr-2022",Pakistan's top court to decide on Khan's fate after he escapes removal
"16:44, 04-Apr-2022",India's annual foreign trade exceeds $1 trillion for first time
"12:11, 04-Apr-2022",Iran: U.S. has no compassion for Muslim nations
"17:28, 04-Apr-2022","Iran blames U.S. for halt to Vienna nuclear talks, calls for political decision"
"09:09, 04-Apr-2022","Iraq's oil exports hit $11.07b in March, highest in 50 years"
"20:56, 04-Apr-2022",Jaguars set new spending record on free agency during NFL off-season
"10:46, 04-Apr-2022",Man in Germany gets 90 COVID-19 shots to sell forged passes
"09:45, 04-Apr-2022","Mbappe on fire as PSG destroy Lorient, Barca leapfrog Sevilla with Pedri masterpiece"
"13:06, 04-Apr-2022",Myanmar says FX deposits should be converted into local currency
"18:04, 04-Apr-2022",NBA highlights on April 3: Lakers more likely to miss playoffs after loss to Nuggets
"10:50, 04-Apr-2022","New-generation players Alcaraz, Swiatek shine at Miami Open"
"17:53, 04-Apr-2022",Nigerian rail company says 168 missing after attack on train
"18:26, 04-Apr-2022",Premier Li congratulates Hungarian PM Orban 
"10:42, 04-Apr-2022",Protest held in Madrid against NATO intervention in Ukraine conflict
"19:36, 04-Apr-2022",Putin signs decree with visa restrictions against 'unfriendly countries'
"17:59, 04-Apr-2022",Russia rejects Ukraine's Bucha killings accusations
"07:13, 04-Apr-2022",Serbian President Vucic declares victory in 1st round of presidential elections
"13:35, 04-Apr-2022","Sri Lanka's central bank governor resigns, stock exchange halts"
"07:14, 04-Apr-2022",Sri Lanka's cabinet resigns after protesters defy curfew
"14:07, 04-Apr-2022",Sri Lanka's president seeks unity government to solve economic crisis
"21:28, 04-Apr-2022",Suspected Islamists kill 21 civilians in eastern DR Congo
"18:44, 04-Apr-2022",Train derailment in DR Congo kills at least seven
"15:56, 04-Apr-2022",Turkish inflation hits fresh record at 61.1%
"20:48, 04-Apr-2022",Wang Yi: China supports Hungary in pursuing an independent development path
"18:53, 04-Apr-2022",What sanctions have been imposed on Russia?
"13:12, 04-Apr-2022",Why does Russia's rubles-for-gas demand matter?
"15:40, 05-Apr-2022","Five killed, more than 10 injured as truck crashes into train in Hungary"
"12:09, 05-Apr-2022",Allegations of Chinese hacking in Ukraine irresponsible and not credible: Embassy
"22:02, 05-Apr-2022",Analysis: Sri Lanka is in its worst economic crisis in recent history. Why?
"10:33, 05-Apr-2022",CDC: Omicron sub-variant BA.2 makes up 72% of U.S. COVID-19 variants
"16:49, 05-Apr-2022",China slams EU agency for 'selective blindness' over its position on Ukraine crisis
"11:21, 05-Apr-2022",Football giants send heartfelt wishes to Netherlands coach Van Gaal after cancer revelation
"13:44, 05-Apr-2022",German regulator takes over Gazprom Germania to ensure energy supply
"22:14, 05-Apr-2022",UN chief warns Ukraine conflict one of greatest challenges to international order
"17:05, 05-Apr-2022",Kuwait's government resigns in latest standoff with parliament
"14:43, 05-Apr-2022","Missile, bomb market to surge 73% by 2030 amid conflict"
"13:23, 05-Apr-2022",Peru declares curfew due to inflation protests
"23:10, 05-Apr-2022",Russia calls Bucha allegations 'forgery' as EU expels diplomats
"14:25, 05-Apr-2022",Several killed as truck crashes into train in Hungary: police
"09:37, 05-Apr-2022",South Korea's consumer prices grow over 4% in March
"14:51, 05-Apr-2022",Sri Lanka's ruling coalition loses parliamentary majority: report
"15:41, 05-Apr-2022",Sri Lankan finance minister resigns day after swearing in
"20:39, 05-Apr-2022",Sri Lankan government in disarray as economic crisis deepens
"12:23, 05-Apr-2022",Sri Lankan parliament reconvenes after state of emergency
"16:08, 05-Apr-2022",Two people dead in murder-suicide in Hamburg
"07:42, 05-Apr-2022",U.S. Supreme Court nominee Jackson clears procedural hurdle in Senate
"09:40, 05-Apr-2022",U.S. approves potential sale of F-16 aircraft to Bulgaria
"17:41, 05-Apr-2022",U.S. dollar reaches over 300 against Sri Lankan rupee for first time
"10:51, 05-Apr-2022",World Bank cuts East Asia's 2022 GDP growth forecast to 5% on Ukraine crisis
"22:40, 05-Apr-2022",Zelenskyy says UN system must be reformed
"19:32, 06-Apr-2022",7 killed in car accident in south Iran
"09:21, 06-Apr-2022","Developing Asia to grow by 5.2% in 2022, ADB forecasts"
"10:46, 06-Apr-2022",Amazon lines up satellite launches to take on Musk's Starlink
"18:21, 06-Apr-2022","China accuses U.S., UK, Australia of creating 'Asia-Pacific NATO'"
"10:44, 06-Apr-2022",Civilian deaths in Bucha: China says circumstances should be verified
"10:56, 06-Apr-2022","Chinese, Belgians mourn Chinese workers killed in WWI"
"11:40, 06-Apr-2022",Chinese firms hit record number of European patent applications in 2021
"11:03, 06-Apr-2022",Kevin De Bruyne magic inspires Man City to edge past steely Atletico Madrid
"17:40, 06-Apr-2022",6 injured after explosion rocks Pul-e-Khishti Mosque
"17:07, 06-Apr-2022",Graphics: Gun violence soars in the U.S. during COVID-19 pandemic
"12:17, 06-Apr-2022",IMF urges $15 billion in grants for 2022 to manage long-term COVID risk
"15:05, 06-Apr-2022","Independent investigation, new sanctions urged over civilian deaths in Bucha"
"15:58, 06-Apr-2022",Iran submits documents on outstanding issues to IAEA
"21:45, 06-Apr-2022",Iran to cut uranium enrichment capacity if nuclear deal reached
"12:38, 06-Apr-2022",Israeli government loses majority as coalition chair steps down
"14:05, 06-Apr-2022","M5.6 quake hits waters off Aceh, Indonesia"
"18:04, 06-Apr-2022",Man dies after ramming car into Russian embassy in Romania
"19:18, 06-Apr-2022",Minister: Sri Lanka's president won't resign under any circumstances
"09:40, 06-Apr-2022",NASA's major test for Artemis I mission called off due to tech issue
"16:40, 06-Apr-2022",Expert: Omicron a big threat to elderly and patients with serious underlying diseases
"17:56, 06-Apr-2022","One dead, three hurt in Greek COVID-19 hospital explosion"
"12:12, 06-Apr-2022",Online jam builds up as new Qatar World Cup ticket sale launched
"20:38, 06-Apr-2022",Orban invites Putin for peace talks in Hungary
"12:44, 06-Apr-2022",Pakistan adjourns hearing on PM's bid to stay in power
"07:15, 06-Apr-2022",Peru's President Castillo ends Lima curfew
"12:44, 06-Apr-2022",Peruvian president lifts curfew amid protests against surge in prices
"18:25, 06-Apr-2022",Russian veteran politician Vladimir Zhirinovsky dies
"10:26, 06-Apr-2022",South Korean cabinet approves funds for presidential office relocation
"14:19, 06-Apr-2022",Sri Lankan president rejects calls for resignation amid protests
"07:34, 06-Apr-2022",Sri Lankan president revokes emergency rule ordinance
"19:52, 06-Apr-2022",Turkey finds third stray naval mine in Black Sea
"11:07, 06-Apr-2022","Twitter names Elon Musk to board, further lifting shares"
"13:04, 06-Apr-2022","U.S., EU work on new round of sanctions against Russia"
"17:45, 06-Apr-2022",U.S. builds 'threat perception' to run its military chariot
"07:16, 06-Apr-2022","UK, U.S., Australia agree to work on hypersonics under defense pact"
"07:46, 06-Apr-2022",UN peacekeeper from Nepal killed in eastern Congo
"12:19, 06-Apr-2022","WHO to supply HIV drugs to Ukraine, cover patients for next 12 months"
"08:47, 07-Apr-2022","3 shot during NE Philadelphia standoff, gunman dead"
"07:40, 07-Apr-2022",Canada approves controversial Bay du Nord offshore oil project
"07:25, 07-Apr-2022","EU stockpiles drugs against chemical, nuclear, biological incidents"
"09:02, 07-Apr-2022",M4.6 quake strikes central Japan's Aichi Prefecture: JMA
"01:56, 04-Apr-2022",Chinese FM holds talks with Philippine counterpart on bilateral ties
"00:38, 04-Apr-2022",UN Chief Guterres calls for probe into Bucha killings
"03:16, 04-Apr-2022",Sri Lanka's entire cabinet resigns 
"03:32, 04-Apr-2022",Ukraine March grain exports fall sharply vs Feb: Economy ministry
"00:50, 05-Apr-2022",First phase of Angola's affordable housing project scheduled to be launched in June
"01:08, 05-Apr-2022","Carbon emissions from 2010-2019 hit record high, UN chief says"
"01:08, 05-Apr-2022",Ghana Vice President woos NFL to set up American football academy in Africa
"02:04, 05-Apr-2022",Ghana president launches global drive to woo tourists
"02:44, 05-Apr-2022","Kenya, Netherlands sign deal to export horticulture through SGR"
"02:49, 05-Apr-2022","Zambia, Rwanda sign 7 agreements to deepen bilateral cooperation"
"23:59, 06-Apr-2022",Former Burkinabe president Blaise Compaore sentenced to life imprisonment
"03:17, 06-Apr-2022",Chinese-funded parliament building in Zimbabwe to be completed
"03:23, 06-Apr-2022",DR Congo rebels free three hostages after more than a month in captivity
"03:31, 06-Apr-2022",Egypt's president congratulates Hungarian PM for election victory
"03:35, 06-Apr-2022",International partners urge Somalia for progress in elections
"03:13, 06-Apr-2022",People should still be vigilant about COVID-19: S. African minister
"03:15, 06-Apr-2022",Rwanda tourism revenue up 25 pct last year despite pandemic
"01:59, 06-Apr-2022",Slovenia expels 33 Russia diplomats
"00:58, 07-Apr-2022",Africa sees spike in climate-related health emergencies
"02:21, 07-Apr-2022",DR Congo President expected in Nairobi to formally sign EAC Treaty of Accession
"01:53, 07-Apr-2022",IEA says will tap 120 million barrels more in emergency oil reserves
"01:51, 07-Apr-2022",Nigeria lifts nighttime curfew amid decline in COVID-19 infections
"01:01, 07-Apr-2022","Tunisian FM summons Turkish ambassador after Erdogan's ""regret"" comments"
"01:10, 07-Apr-2022","WHO urges efforts to preserve, protect health and mitigate climate crisis"
"00:13, 07-Apr-2022",Zambian VP happy with increased Chinese investment
"00:40, 04-Apr-2022",Ukraine conflict day 39: Bucha's 'unspeakable' war crimes denied by Russia
"20:12, 05-Apr-2022",Prices for everyday items in Germany go up as cost of living reaches all time high
"01:35, 06-Apr-2022",Charles Darwin's notebooks returned to Cambridge University Library
"00:45, 06-Apr-2022",EU triggers rule of law procedure against Hungary
"21:08, 06-Apr-2022",French presidential elections: What you need to know
"01:02, 07-Apr-2022",Hungary breaks ranks with EU by offering to purchase Russian energy in rubles
"01:34, 07-Apr-2022",Israel-China free trade deal to be accelerated after foreign ministers call
"05:30, 04-Apr-2022",School offers free education for autistic children
"03:22, 05-Apr-2022",Costa Rica elects its new President
"03:22, 05-Apr-2022",How climate change can affect your kidneys
"03:22, 05-Apr-2022",Is the U.S. differentiating between Ukrainians and Haitians? 
"03:13, 06-Apr-2022","Costa Rica leads in pineapples, but it comes at a cost"
"05:57, 06-Apr-2022",Farming pineapple in Costa Rica 
"06:43, 06-Apr-2022",Lima goes under curfew amid nationwide protests
"05:05, 06-Apr-2022",Lima under curfew after nationwide protests
"03:10, 06-Apr-2022",Los Angeles is hot spot for luxury housing
"03:17, 06-Apr-2022",People living with gun owners twice as likely to be killed by that weapon
"03:08, 06-Apr-2022",Protestors in Sri Lanka call for president's resignation
"03:20, 06-Apr-2022",U.S. to see highest sea level rise in next 30 years
"05:36, 06-Apr-2022",Ukrainians receive humanitarian aid
"06:32, 07-Apr-2022",Russia-Ukraine conflict: Claims of rape increase and higher risk of unintended pregnancies
"06:33, 07-Apr-2022",Helping Ukrainian children get clothing and supplies they need 
"04:56, 07-Apr-2022","NATO: ""No indication that President Putin has changed his ambition"""
"06:16, 07-Apr-2022",Nicaraguan refugees in Costa Rica
"06:33, 07-Apr-2022",Peru ends Lima curfew
"06:16, 07-Apr-2022",Suspects arrested in Sacramento mass shooting
"06:38, 07-Apr-2022","Ukrainian refugees flee to Mexico, some to seek asylum in U.S."
"06:16, 07-Apr-2022",World's youngest asteroid hunter
