﻿"15:49, 21-Apr-2022",2 children injured in blast in Afghanistan's Kabul
"19:20, 21-Apr-2022",7 dead in fire at military research facility in Russia's Tver
"11:02, 21-Apr-2022",At least 6 dead in Haitian plane crash
"17:19, 21-Apr-2022",11 killed after blast rocks Afghanistan's northern Kunduz City
"23:06, 21-Apr-2022",Businesses reopen as COVID-19 ebbs in NE China
"17:28, 21-Apr-2022",China condemns Japanese leader's offering to war-linked shrine
"22:22, 21-Apr-2022",China welcomes all countries to join Global Security Initiative
"11:30, 21-Apr-2022",Death toll from tropical storm Megi rises to 224 in Philippines
"17:45, 21-Apr-2022",Ding Junhui suffers first-round loss at World Snooker Championship
"15:01, 21-Apr-2022",Displaced Ukrainian children struggle to cope with crisis
"10:21, 21-Apr-2022",East Timor's Jose Ramos-Horta declares victory in election
"18:25, 21-Apr-2022",Manchester United confirm Erik ten Hag as their next manager
"15:33, 21-Apr-2022","Explosion in Damascus, no casualties reported"
"16:56, 21-Apr-2022","31 killed, 87 injured in mosque explosion in Afghanistan"
"11:53, 21-Apr-2022","Israeli tear gas, rubber bullets cause injuries at Al-Aqsa Mosque"
"15:19, 21-Apr-2022",Italy caps air conditioning in bid to reduce Russian gas imports
"20:12, 21-Apr-2022","Japan, New Zealand agree to negotiate on information-sharing deal"
"16:00, 21-Apr-2022",M6.8 quake hits near coast of Nicaragua region: EMSC
"22:48, 21-Apr-2022",Musk says he has financing to take Twitter buyout bid to investors
"18:05, 21-Apr-2022",Muslims face 'prevalent' bullying in California's schools: survey
"10:35, 21-Apr-2022","Russian, Central Asian foreign ministers to hold meeting on Friday"
"14:53, 21-Apr-2022",UAE-India free trade agreement to begin on May 1: official
"18:55, 21-Apr-2022",UK govt drops bid to delay decision on investigation into PM Johnson
"17:04, 21-Apr-2022",UK hopes to clinch free trade deal with India by year's end: British PM
"13:04, 21-Apr-2022","China stresses Asia's role in promoting global peace, growth and cooperation"
"15:39, 22-Apr-2022",108 mystery hepatitis cases detected in UK
"14:17, 22-Apr-2022","2 militants, 1 paramilitary trooper killed in Kashmir gunfight"
"21:48, 22-Apr-2022",CGTN Sports Talk: Can Erik ten Hag make it work for Man United?
"19:55, 22-Apr-2022","Cardinals, Titans promise to keep key players Murray, Brown"
"12:54, 22-Apr-2022",Cash-strapped Sri Lanka hit by record inflation
"21:42, 22-Apr-2022","China, Austria to boost cooperation, push forward ties"
"21:04, 22-Apr-2022",Over 30 reportedly dead or injured in Afghanistan mosque explosion
"23:03, 22-Apr-2022",Explosion rocks Kabul
"07:13, 22-Apr-2022",Fed chair suggests half-point rate hike 'on the table'
"17:22, 22-Apr-2022",Kenya's former president Mwai Kibaki dies at 90
"13:54, 22-Apr-2022",France issues International arrest warrant for ex-Nissan boss
"12:19, 22-Apr-2022",Fresh clashes rock Jerusalem's Al-Aqsa Mosque on Friday
"07:08, 22-Apr-2022",Honduran ex-president extradited to U.S. for drug trafficking trial
"10:29, 22-Apr-2022",Japan to hold auction on May 10 to sell 4.78 million barrels of reserve oil
"21:45, 22-Apr-2022",Premier Li: China willing to play a constructive role in Sri Lanka's economic stability
"12:38, 22-Apr-2022",Mali announces 2-year transition ahead of elections
"20:13, 22-Apr-2022",Missile attack targets Turkish military base in Iraqi Kurdistan region
"15:47, 22-Apr-2022","Modi: India, UK to finalize free trade agreement this year"
"17:10, 22-Apr-2022",N. Macedonia's ex-PM sentenced to jail for embezzlement
"19:52, 22-Apr-2022",NBA playoffs on April 21: Warriors one win away from advancing
"17:04, 22-Apr-2022",Russia's Roscosmos to cooperate with China in manned space flights
"19:58, 22-Apr-2022","Russian, Central Asian FMs hope to increase economic cooperation"
"07:33, 22-Apr-2022",Russian central bank eases foreign currency controls for exporters
"16:40, 22-Apr-2022",S&P Global: Eurozone growth hits 7-month high in April
"08:42, 22-Apr-2022",Small plane crashes in U.S.' Georgia
"07:39, 22-Apr-2022","Leaders of DPRK, ROK exchange letters amid tensions"
"20:20, 22-Apr-2022",Taliban arrest suspected ISIS militant over mosque attack: police
"21:33, 22-Apr-2022",Train station in Paris cleared due to suspicious luggage
"22:13, 22-Apr-2022",Tunisian president seizes control of electoral commission
"13:53, 22-Apr-2022",U.S. child welfare system jabbed for putting Black kids in foster care: report
"10:29, 22-Apr-2022",UEFA welcomes decision allowing punishment of Super League clubs
"14:34, 22-Apr-2022",Will Asia lead global recovery with new uncertainties ahead?
"14:22, 23-Apr-2022",10 missing in Polish coal mine accident: owner
"13:38, 23-Apr-2022",3 killed in mine blast in Russia's Orenburg region
"09:09, 23-Apr-2022",Alcaraz the youngest tennis player to break into world top 10 in 17 years
"08:32, 23-Apr-2022",COVID-19 was third leading death cause in U.S. in 2021
"20:13, 23-Apr-2022",Charlotte Hornets fire coach James Borrego after missing playoffs
"08:34, 23-Apr-2022","EU countries, lawmakers reach deal on new online content rules"
"19:31, 23-Apr-2022",Erik ten Hag says he's granted 'control' of United's transfers
"09:56, 23-Apr-2022",Gaza fires 2 rockets toward Israel as tensions rise
"11:38, 23-Apr-2022",Indonesia bans palm oil exports as global food inflation spikes
"09:51, 23-Apr-2022",Iran Revolutionary Guards general unhurt after car shot at
"14:42, 23-Apr-2022","Iran, Saudi Arabia resume talks in Baghdad: Iranian media"
"13:32, 23-Apr-2022",Israel to close crossing to Gaza after rocket attacks
"09:25, 23-Apr-2022",Man tries lighting self on fire in front of U.S. Supreme Court
"11:34, 23-Apr-2022",Mask mandates return to U.S. college campuses as cases surge
"18:16, 23-Apr-2022",NBA playoffs on April 22: Paul shows Pelicans how to play correctly
"20:33, 23-Apr-2022","New Ebola case confirmed in northwestern DR Congo, lab report says"
"11:53, 23-Apr-2022","One killed, several injured as 5.7 quake shakes Bosnia: reports"
"11:40, 23-Apr-2022","Russia vows to take full control over Donbas, southern Ukraine"
"07:12, 23-Apr-2022","Shooting near college prep school in Washington, D.C. leaves 4 wounded"
"14:56, 23-Apr-2022","Tourist boat sinks off Japan's Hokkaido, fate of 26 on board 'unknown'"
"10:34, 23-Apr-2022","Explainer: What's known about hepatitis outbreak in children in Europe, U.S."
"19:03, 23-Apr-2022","With fixation on China, Washington is trapped in dangerous groupthink"
"11:24, 23-Apr-2022",World's biggest particle collider for hunting 'dark matter' restarts after 3-year break
"17:56, 24-Apr-2022",10 people from missing Japanese tourist boat found dead: NHK
"08:36, 24-Apr-2022",10 people from missing Japanese tourist boat found dead: NHK
"07:04, 24-Apr-2022",At least 14 killed after boat carrying migrants sinks off Lebanon
"07:16, 24-Apr-2022",Death toll from migrant shipwrecks off Tunisia rises to 17
"22:40, 24-Apr-2022",Attack on military unit in Burkina Faso kills 10 people: AFP
"15:33, 24-Apr-2022",CGTN asks Ukrainian president: Peace talks or appeal for military support?
"14:25, 24-Apr-2022",CGTN correspondent Dmitriy Maslak's war diary 32: Visiting 'DPR' armed howitzer battalion
"21:39, 24-Apr-2022",Detained British national released from Yemen: official
"21:12, 24-Apr-2022",First commercial flight from Yemen since 2016 postponed
"11:31, 24-Apr-2022","Global Political Calendar: Guterres to meet Putin and Zelenskyy, Scholz visits Japan"
"16:51, 24-Apr-2022",Iran's IRGC detains foreign ship carrying smuggled fuel: report
"09:43, 24-Apr-2022",Israeli PM tells UN chief Israel is 'stabilizing force' in conflict with Palestine
"14:07, 24-Apr-2022","Kyiv says top U.S. officials to visit, Russia hits Odesa as conflict enters third month"
"09:27, 24-Apr-2022","Messi stunner secures PSG Ligue 1 title, Bayern win 10th consecutive Bundesliga title"
"19:23, 24-Apr-2022","NBA playoffs on April 23: What's wrong with Durant, Nets?"
"07:39, 24-Apr-2022",New Mexico declares state of emergency due to multiple wildfires
"21:47, 24-Apr-2022",Oman secures release of 14 foreigners held in Yemen
"15:53, 24-Apr-2022",At least 2 dead in Poland mine accident
"14:02, 24-Apr-2022","Midday turnout at 26.41% as Macron, Le Pen vie for French presidency"
"17:08, 24-Apr-2022","Priest attacked with knife in Nice, France"
"21:31, 24-Apr-2022",RNG top laner Bin: We will study T1 and G2 for MSI 2022
"22:32, 24-Apr-2022",Russia's Sarmat ballistic missiles to be in service this year: official
"22:16, 24-Apr-2022","Six soldiers killed, 20 injured in Mali 'terror' attacks: army"
"17:25, 24-Apr-2022",Slovenia opens polling for parliamentary elections
"10:13, 25-Apr-2022",Death toll rises to 11 in Japanese tourist boat accident
"08:57, 25-Apr-2022","France's Macron defeats far-right, pledges change"
"10:22, 25-Apr-2022",Global military spending hits record $2.1 trillion in 2021
"11:43, 25-Apr-2022",Guterres: Turn crisis into moment of opportunity for multilateralism 
"08:31, 25-Apr-2022",Israeli military launches artillery strike on Lebanese target in response to rocket launch
"08:22, 25-Apr-2022",Macron wins French presidential election with 58.55% of votes: Interior Ministry
"08:23, 25-Apr-2022",Nicaragua announces full 'withdrawal' from OAS
"07:14, 25-Apr-2022",Police officers shoot dead two in car in Paris: AFP
"07:24, 25-Apr-2022",Rocket fired from southern Lebanon exploded in Israel: Al Jazeera
"10:54, 25-Apr-2022",South Korean President-elect's delegation meets Japanese FM
"08:47, 25-Apr-2022",Svoboda Movement party wins parliamentary elections in Slovenia
"11:56, 25-Apr-2022",Teenager Alcaraz mirrors Nadal with Barcelona crown
"11:54, 25-Apr-2022",WHO: At least 1 child has died out of 169 global acute hepatitis cases 
"02:09, 19-Apr-2022","1 killed, scores feared dead in building collapse in Indonesia's Kalimantan"
"00:57, 22-Apr-2022",Kenya to host inaugural marathon on new Chinese-built Nairobi Expressway
"00:58, 22-Apr-2022",Many U.S. states make gun possession easier amid gun violence surge
"00:09, 22-Apr-2022",Russia slaps sanctions on U.S. and Canadian officials and figures
"01:47, 22-Apr-2022",South African flood death toll revised down to 435
"01:47, 22-Apr-2022",Turkey's iconic Ramadan treat steeped in history
"01:11, 22-Apr-2022",UK MPs back probe into whether Boris Johnson lied to parliament
"00:56, 23-Apr-2022",Egyptian students enjoy broader chances to learn Chinese
"01:08, 23-Apr-2022","Russia not holding talks with any states on security guarantees for Ukraine, says Lavrov"
"01:00, 23-Apr-2022",Sunken oil tanker off Tunisian coast was empty: ministry
"00:56, 23-Apr-2022",UN chief to visit Moscow on April 26
"03:19, 24-Apr-2022",At least 10 mln children face severe drought in the Horn of Africa: UNICEF
"23:57, 24-Apr-2022","At least 8 killed, 45 rescued after boat sunk off Lebanon"
"02:44, 24-Apr-2022",Egyptian museum housing royal mummies attracts nearly 1 mln visitors since debut
"00:04, 24-Apr-2022",Over 100 killed in explosion at illegal oil refining depot in southern Nigeria
"02:28, 24-Apr-2022",Tanzania to vaccinate over 10 mln children against polio
"01:50, 24-Apr-2022","Turkey closes airspace to Russian military, civilian planes flying to Syria"
"02:07, 24-Apr-2022",Zelenskyy reiterates call for meeting with Putin
"03:27, 25-Apr-2022",Freedom Movement set to win Slovenia's general election: exit poll
"03:14, 25-Apr-2022",French president Emmanuel Macron wins second term: projections
"03:15, 25-Apr-2022",Mask mandates return to U.S. universities as COVID-19 cases rise
"03:43, 25-Apr-2022",Quartararo sweeps to victory in Portugal MotoGP
"21:51, 22-Apr-2022","Boris Johnson avoids 'Russia pressure', talks up trade deal during India visit  "
"19:22, 22-Apr-2022",Europe endured climate turmoil in 2021 - EU report 
"00:50, 25-Apr-2022","EU chief Von der Leyen in India to talk climate, trade and Ukraine"
"05:54, 22-Apr-2022",Allergies are getting worse due to climate change
"11:45, 22-Apr-2022",Ambassador Qin Gang builds China-U.S. friendships in Iowa 
"06:14, 22-Apr-2022",Hundreds of billions needed to help poor nations with impacts of Russian-Ukraine conflict
"06:10, 22-Apr-2022",Brazil's indigenous groups fight Bolsonaro's push for increased mining on their land
"06:15, 22-Apr-2022",Chinese Ambassador Qin Gang tours farms in U.S. Midwest
"03:14, 22-Apr-2022",Chinese Ambassador to U.S. Qin Gang visits Iowa's Harry Stine Center 
"05:55, 22-Apr-2022",Former Honduran President flown to U.S. to face bribery charges to aid in cocaine trade
"06:10, 22-Apr-2022",Iowa farmers positive about trade ahead of visit from China's Ambassador to the U.S.
"11:45, 22-Apr-2022",Peace through agriculture at the China-U.S. Agricultural Forum
"12:01, 22-Apr-2022",U.S-China High Level Agricultural Dialog takes place in Iowa 
"03:10, 23-Apr-2022",Brazilian Indigenous groups fight mining on their land
"05:51, 23-Apr-2022",Brazilian researchers find new species without leaving museum
"04:35, 23-Apr-2022",Building China-U.S. friendships
"12:04, 23-Apr-2022","CGTN's ""The Ambassador"" trailer for ""America's Breadbasket"""
"12:05, 23-Apr-2022",China's Ambassador to the U.S. tours Syngenta seed facility in Iowa 
"01:33, 23-Apr-2022",Chinese Ambassador to the U.S. visits Kimberly Farms in Iowa
"01:35, 23-Apr-2022",IMF’s Tobias Adrian on latest Global Financial Stability Report
"05:51, 23-Apr-2022",Transition to clean energy could save U.S. lives   
"06:08, 23-Apr-2022",U.S. CDC issues health alert for acute hepatitis in children  
"12:04, 23-Apr-2022",U.S.-China High Level Agricultural Dialogue takes place in Iowa 
"02:56, 23-Apr-2022",U.S. - China High Level Agricultural Dialogue takes place in Iowa
"04:35, 23-Apr-2022",U.S. to launch parole program for Ukrainian refugees  
"06:28, 23-Apr-2022",Violence resurges at Jerusalem's Al-Aqsa Mosque
"02:06, 24-Apr-2022",China’s Ambassador to U.S. stops at Iowa farm where Xi Jinping also visited
"04:38, 24-Apr-2022",Chinese Ambassador to U.S. tours Smithfield Farms on midwest tour
"06:09, 24-Apr-2022",Farmers across Argentina protest government policies in Buenos Aires
"00:18, 24-Apr-2022",Largest gas utility in U.S. proposes switching to hydrogen energy
"05:01, 24-Apr-2022",New California bill aims to shorten working hours
"04:47, 24-Apr-2022",Researchers work to create police shootings database in the U.S.
"04:42, 24-Apr-2022",Schools reopen amid COVID-19 pandemic in Venezuela
"04:51, 24-Apr-2022",Students tackle global warming at annual sustainability summit
"03:21, 25-Apr-2022",Americans fill their gas tanks in Mexico
"03:41, 25-Apr-2022",Carnival parade resumes in Rio de Janeiro after pandemic hiatus
"04:33, 25-Apr-2022",Dwellings offer guests unique experience in the outdoors
"03:50, 25-Apr-2022",Minnesota Overseas Chinese Service Center welcomes Ambassador Qin Gang
"00:44, 25-Apr-2022",Residents in California cross border to Mexico for cheaper gas
