﻿"11:46, 16-Aug-2022","Indonesia at 'pinnacle of global leadership,' president says"
"18:04, 16-Aug-2022",Modi sets sights on making India a developed country by 2047
"17:13, 17-Aug-2022","2022 Asian Para Games to open in Hangzhou from October 22 to 28, 2023"
"15:54, 17-Aug-2022",53 injured after 3 bogies of train derail in India's Gondia
"18:20, 17-Aug-2022",At least 17 people killed in traffic accident in northern Morocco
"21:01, 17-Aug-2022",At least 81 people killed in flooding across 10 Afghan provinces
"16:09, 17-Aug-2022","China, Chile vow to push bilateral relations to higher level"
"18:38, 17-Aug-2022",Chinese military to attend Russia's Vostok-2022 strategic military drills 
"17:25, 17-Aug-2022",Egyptian president appoints departing central bank governor as advisor
"16:01, 17-Aug-2022",Electoral committee: Tunisian constitution to come into effect
"17:19, 17-Aug-2022",Euro area GDP up by 0.6% in Q2
"22:19, 17-Aug-2022",European banks restart Russian bond trading: FT  
"16:13, 17-Aug-2022","FIFA cancels suspended World Cup qualifier between Brazil, Argentina"
"19:49, 17-Aug-2022",Germany summons Palestinian representative over Abbas' 'holocaust' comment
"17:11, 17-Aug-2022",Gotabaya Rajapaksa to return to Sri Lanka on August 24: report
"22:01, 17-Aug-2022",In Pictures | Business of Kabul vendors
"17:48, 17-Aug-2022",Iran ready to implement prisoner swap agreement with U.S.: report
"19:10, 17-Aug-2022","Israel, Türkiye to restore full diplomatic relations"
"18:38, 17-Aug-2022","Kenya's Ruto says expectations are huge, no time to waste"
"18:15, 17-Aug-2022",Knicks relaunch trade negotiations with Jazz over Donovan Mitchell
"22:40, 17-Aug-2022",Mali demands emergency UN meeting over French 'aggression'
"19:51, 17-Aug-2022",Musk says he was joking about buying Manchester United
"21:30, 17-Aug-2022","Over 35,000 monkeypox cases reported to WHO, up 20% from previous week"
"22:43, 17-Aug-2022","Somali, U.S. forces engage in air strikes, killing 13 al-Shabab terrorists"
"21:28, 17-Aug-2022",Syria denies holding U.S. journalist missing for 10 years
"20:34, 17-Aug-2022",Syria to immediately retaliate against any Turkish attack: military
"16:18, 17-Aug-2022",Coordinators' meeting on implementing FOCAC 8th ministerial conference results to be held
"21:06, 18-Aug-2022",5 dead after storm lashes France's Corsica: police
"07:32, 18-Aug-2022",37 killed in forest fires in eastern Algeria
"12:02, 18-Aug-2022",British billionaire Ratcliffe ready to buy Manchester United as Glazers open to sell stakes
"22:09, 18-Aug-2022","Bus explosion kills 6, injures 15 in central Uzbekistan"
"21:11, 18-Aug-2022",Graphics: China-Europe freight train injects vitality into global recovery
"15:54, 18-Aug-2022",China: U.S. bill to boost chips distorts global supply chains
"18:20, 18-Aug-2022","Cincinnati Open: China's Zhang Shuai into last 16, Nadal loses on return"
"09:13, 18-Aug-2022","Coexistence, cooperation, the only right choice for China-Japan ties: Yang Jiechi"
"20:58, 18-Aug-2022",Concerns over nuclear risk from Zaporizhzhia rise after shellfires
"14:59, 18-Aug-2022",Death toll in Afghanistan mosque blast rises to 21: police
"11:20, 18-Aug-2022",Ethiopia calls for formal ceasefire with Tigray rebels
"22:55, 18-Aug-2022","Former CFO of Trump Organization pleads guilty to tax fraud, conspiracy, other charges"
"18:46, 18-Aug-2022",German chancellor to meet Israeli prime minister in Berlin
"09:32, 18-Aug-2022",In Pictures: Life on a wheelbarrow
"10:37, 18-Aug-2022","Magnitude 5.7 earthquake strikes near Rancagua, Chile: EMSC"
"11:25, 18-Aug-2022",Russian astronauts' spacewalk disrupted by spacesuit issue
"18:30, 18-Aug-2022",Scholz: Germany plans to lower sales tax on gas to 7%
"18:25, 18-Aug-2022",Skiing and curling robots shine at World Robot Conference
"12:04, 18-Aug-2022",Studies to see if mutations behind monkeypox spread: WHO
"11:14, 18-Aug-2022","U.S. CDC director announces shake-up, citing COVID-19 mistakes"
"21:59, 18-Aug-2022",U.S. supplying 1.8m additional monkeypox vaccine doses
"18:19, 18-Aug-2022",U.S. has failed to contain virus amid the monkeypox crisis: media
"17:10, 18-Aug-2022",Vanuatu's president dissolves parliament
"19:51, 18-Aug-2022",Wang Shuang scores first goal for Racing Louisville
"16:29, 19-Aug-2022",A path to war with China isn't in U.S. interest: American peace activist
"12:02, 19-Aug-2022","One year after Haiti earthquake, 250,000 children are without adequate schools: UN"
"17:23, 19-Aug-2022",Algeria authorities: wildfires under full control
"14:23, 19-Aug-2022","Security flaws for iPhones, iPads and Macs draw criticism in China"
"17:27, 19-Aug-2022",At least 7 killed in airstrikes in Syria's Al Bab
"16:34, 19-Aug-2022",Biden's PACT Act highlights U.S. double standards on human rights: U.S. scholar
"19:50, 19-Aug-2022",China and India have wisdom to 'help each other succeed': spokesperson
"19:35, 19-Aug-2022",China's Olympic champion Gao Tingyu wants to be an iconic speed skater
"11:28, 19-Aug-2022",China sets up working group to advance talks on joining DEPA
"20:09, 19-Aug-2022",China urges U.S. not to miscalculate its resolve to defend sovereignty
"16:26, 19-Aug-2022",DPRK rejects ROK's 'audacious initiative'
"12:37, 19-Aug-2022",Dollar hits 1-month high as Fed officials talk up rate hikes
"18:05, 19-Aug-2022",Increased policy support gives impetus to China's metaverse film sector
"15:27, 19-Aug-2022",Jameel Ahmad appointed as Pakistan's new central bank governor
"08:06, 19-Aug-2022",Japan's core CPI up 2.4% in July 
"23:03, 19-Aug-2022",Myanmar's State Administration Council to consider negotiations with Suu Kyi after her trial
"07:51, 19-Aug-2022","No agreement reached as talks continue between Serbia, Kosovo"
"17:08, 19-Aug-2022",Palestinian killed in Israeli West Bank raid: Palestinian ministry
"21:48, 19-Aug-2022",Putin discusses situation in Ukraine with Macron over phone
"16:35, 19-Aug-2022","Real, United wait for Casemiro to decide if he will go to Old Trafford"
"21:07, 19-Aug-2022",Russian President Putin meets Kazakh counterpart Tokayev in Sochi
"18:17, 19-Aug-2022","Turkish, Israeli presidents discuss bilateral relations, regional issues over phone"
"10:58, 19-Aug-2022","Two planes collide at California airport, multiple fatalities feared"
"07:28, 19-Aug-2022",U.S. judge leaning toward releasing Trump search evidence
"17:01, 19-Aug-2022",UN chief condemns mosque blast in Kabul
"18:47, 19-Aug-2022",UN chief visits Odesa to observe grain export process
"11:59, 19-Aug-2022",WHO: COVID-19 cases fall but high deaths still is 'unacceptable'
"18:49, 19-Aug-2022",What makes Pau Gasol a legendary Laker whose jersey will be retired?
"10:58, 19-Aug-2022",China's Zhang Shuai stuns World No. 2 Kontaveit to scale new heights in Cincinnati
"19:16, 20-Aug-2022","'Science Saturday': Asteroid impacts, sea sponges and oldest ice core"
"13:01, 20-Aug-2022",153 injured in India's Dahi Handi celebrations in Mumbai: report
"18:18, 20-Aug-2022","16 dead, 21 wounded in Türkiye road accident: governor"
"11:45, 20-Aug-2022",2 die during overcrowded festival celebrations at Indian temple
"11:39, 20-Aug-2022","6 killed, 20 injured in road accident in India's Rajasthan"
"20:44, 20-Aug-2022",Asia News Wrap: India celebrates its 75th Independence Day and more
"11:48, 20-Aug-2022","At least 16 killed, over 10 injured in Somalia hotel siege"
"07:14, 20-Aug-2022",Biden greenlights next $775-million arms package for Kyiv
"09:25, 20-Aug-2022","Exclusive: Guterres says Black Sea Grain Initiative effective, but more needed"
"20:27, 20-Aug-2022","Global Political Calendar: China-proposed security briefing at UN, China-ROK ties at 30"
"22:01, 20-Aug-2022",Congo health officials investigating possible Ebola case: WHO
"20:15, 20-Aug-2022",Exclusive Stringer Dispatch – NZ columnist: Decades-long agreement between China and U.S. have been seriously eroded
"14:17, 20-Aug-2022","Europe's military aid to Ukraine decreasing, falling behind U.S.: report"
"07:42, 20-Aug-2022",German chancellor denies influence in tax fraud probe
"15:27, 20-Aug-2022",Greece exits EU's fiscal surveillance after 12 years
"11:15, 20-Aug-2022",IMF eyes creditor assurances as it prepares Sri Lanka visit
"15:57, 20-Aug-2022",In Pictures: Wedding street in Kabul
"18:16, 20-Aug-2022",Indonesia confirms first monkeypox case: health ministry
"08:14, 20-Aug-2022",Mexico's former attorney general arrested over student disappearances
"09:29, 20-Aug-2022",Montenegro's government loses no-confidence vote
"07:48, 20-Aug-2022",Nord Stream 1 pipeline to shut for three days in latest fuel blow to Europe
"11:30, 20-Aug-2022",SpaceX launches 53 new Starlink satellites 
"13:27, 20-Aug-2022","Tanker, cargo ship collide off Japanese coast"
"15:59, 20-Aug-2022",Tech Talk: Why is connectivity indispensable in the metaverse?
"18:01, 20-Aug-2022","Two more grain ships leave Ukraine, Türkiye's Defense Ministry says"
"17:13, 20-Aug-2022",Tyrese Haliburton considers being traded by the Kings as motivation
"07:26, 20-Aug-2022",U.S. federal court sentences IS member to life in prison for beheadings
"20:40, 20-Aug-2022",UN chief visits Istanbul to monitor inspections of Ukrainian grain shipments
"16:57, 20-Aug-2022","United, Real reach agreement over transfer of Casemiro to Old Trafford"
"10:30, 21-Aug-2022","36 killed, 145 injured in flash floods across Pakistan"
"08:56, 21-Aug-2022",Daughter of Russian philosopher Alexander Dugin killed in car explosion outside Moscow
"10:55, 21-Aug-2022",Algeria fires burned UNESCO-listed park: expert
"21:43, 21-Aug-2022",Death toll in minibus collision in Russia rises to 16
"18:50, 21-Aug-2022",4 bodies pulled from Iraq shrine rubble after landslide
"07:44, 21-Aug-2022",At least six killed in warehouse collapse in Ethiopian capital
"17:31, 21-Aug-2022",Chen Yufei wants to keep her head clear before BWF World Championships
"16:21, 21-Aug-2022",China sweep South Korea 3-0 in AVC Women's Cup opener
"09:54, 21-Aug-2022",Cuba confirms its first monkeypox case
"14:26, 21-Aug-2022",Death toll swells to 38 as heavy rains wreak havoc in India
"11:41, 21-Aug-2022",Exoskeletons enhance body functions for a promising human-robotics shared future
"21:16, 21-Aug-2022",Explosion reported in Baghdad's Green Zone
"10:17, 21-Aug-2022",Dozens killed in Afghanistan floods
"16:50, 21-Aug-2022",Japanese PM Kishida tests positive for COVID-19
"15:59, 21-Aug-2022",Mondo Duplantis sets new European pole vault record to win gold
"16:08, 21-Aug-2022",New Zealand to temporarily boost worker intake amid shortfall
"07:22, 21-Aug-2022",Russia alleges Ukraine shelled Zaporizhzhia nuclear plant
"11:29, 21-Aug-2022",Sanctions against Russia leads to color revolution: German peace campaigner
"18:12, 21-Aug-2022",Shi Yuqi thirsty for men's singles title at BWF World Championships
"09:10, 21-Aug-2022","21 killed, 117 injured in Mogadishu hotel attack: health minister"
"12:39, 21-Aug-2022",Turkish DM convinced Black Sea grain shipments are step toward peace
"22:25, 21-Aug-2022",UAE Ambassador to Iran to resume duties in coming days
"23:00, 21-Aug-2022",Ukraine says Russian missiles have hit the Odesa region
"07:15, 22-Aug-2022","Sudan declares state of alert, emergency in 6 states over heavy rains, floods"
"03:53, 19-Aug-2022",Algeria's wildfires death toll rises to 37: local media
"02:32, 19-Aug-2022",Kenya's outgoing president promises smooth transition
"02:20, 19-Aug-2022","No agreement on Serbia-Kosovo tensions, talks continue: EU's Borrell"
"03:41, 19-Aug-2022","UN chief has trilateral meeting with Ukrainian, Turkish presidents in Lviv"
"03:51, 19-Aug-2022",UN's DR Congo peacekeeping mission pulls out of major eastern city
"02:24, 20-Aug-2022",7 killed in bus-truck collision in Southern Egypt
"01:07, 20-Aug-2022",Airstrike kills 13 al-Shabab terrorists in Somalia
"01:07, 20-Aug-2022","Death toll from heavy rains, floods in Sudan climbs to 75"
"02:33, 20-Aug-2022",Finnish prime minister takes drugs test after party video causes stir
"01:07, 20-Aug-2022",Somalia PM appeals for life-saving aid for people affected by devastating drought
"02:45, 20-Aug-2022",Stampede in Nigerian church event kills two people: police
"01:03, 20-Aug-2022",U.S. monkeypox cases on sharp rise as media blame government's setbacks in containing outbreak
"02:44, 20-Aug-2022",WFP seeks $418 million to ramp up aid in Horn of Africa amid famine threats
"01:45, 21-Aug-2022",15 people killed in flash floods in north India
"02:29, 21-Aug-2022",Death toll rises to 19 in Turkish road accident: minister
"00:30, 21-Aug-2022",DR Congo investigates suspected Ebola case
"00:50, 21-Aug-2022",French President Macron to travel to Algeria on August 25
"01:52, 21-Aug-2022",TAZARA passenger train services to reopen in September
"01:54, 22-Aug-2022",Dos Santos' body arrives in Angola six weeks after demise
"00:49, 22-Aug-2022","Egypt, UAE leaders champion Arab unity to address regional challenges"
"01:47, 22-Aug-2022",Kenya says food insecure population to spike amid worsening drought
"02:14, 22-Aug-2022",Zimbabwe sells over 200 mln kg tobacco leaf in 2022
"00:50, 22-Aug-2022","Fears of major UK supply disruption as 2,000 workers go on strike at largest port"
"01:53, 22-Aug-2022",Western leaders stress need to ensure Ukraine nuclear site safety in joint call
"20:18, 17-Aug-2022",Full Text: Ambassador Qin Gang on China-U.S. relations and Taiwan 
"06:42, 18-Aug-2022",Bomb attack in Ecuador kills and injuries civilians
"06:44, 18-Aug-2022",Drought in Europe limits river transportation of goods 
"06:43, 18-Aug-2022",U.S. flight schools working to train more new pilots 
"04:05, 19-Aug-2022",Chinese Ambassador to the U.S. Qin Gang's interview with Al-Jazeera
"04:21, 19-Aug-2022",India frees 11 men convicted of gang rape and murder in 2002 
"04:06, 19-Aug-2022",Indigenous rights leader becomes Colombia's ambassador to the UN
"06:11, 19-Aug-2022",Investigations surrounding former U.S. President Donald Trump
"01:26, 20-Aug-2022",Aid workers on World Humanitarian Day
"02:10, 20-Aug-2022",“The world is big enough for China and the U.S. ”Chinese Ambassador Qin Gang's interview with Al-Jazeera
"04:56, 20-Aug-2022",Food insecurity in Latin America
"06:04, 20-Aug-2022",Macron's office says Putin agreed to an IAEA mission to nuclear plant
"04:41, 20-Aug-2022",More food products vanishing from shelves internationally
"06:04, 20-Aug-2022",Peru's global inflation
"04:41, 20-Aug-2022",Rising temperatures cause sea turtles to turn female
"00:11, 20-Aug-2022",Spokesperson of Chinese Embassy in the U.S. on Harassment of Embassy
"06:58, 21-Aug-2022",Brazilian scientists developing mRNA vaccines
"02:47, 21-Aug-2022",Canada relieved Catholic groups of $25 million obligation to survivors
"06:58, 21-Aug-2022",Extreme weather hits many parts of the U.S.
"06:57, 21-Aug-2022",U.S. ended Trump-era 'Remain in Mexico' immigration policy
"02:47, 21-Aug-2022",Venezuelan households suffering from a scarcity of nutritious food
