﻿"12:34, 14-Apr-2022",China's sport climbing team trains for Hangzhou Asian Games
"15:33, 15-Apr-2022",China extends tariff exemption for U.S. goods
"19:39, 15-Apr-2022","China's top legislator hails 'mature, resilient, stable' China-Russia relationship"
"20:50, 15-Apr-2022",China launches Zhongxing-6D satellite
"13:30, 15-Apr-2022",China organizes patrol with combat readiness in Taiwan Straits
"18:24, 15-Apr-2022",China to cut reserve requirement ratio by 25 bps to boost economy
"13:35, 15-Apr-2022",China to empower BeiDou global services PNT system by 2035 
"10:00, 15-Apr-2022",China to tighten virtual currency regulation
"20:05, 15-Apr-2022","Chinese, Mauritian media mark 50th anniversary of diplomatic ties"
"17:13, 15-Apr-2022","Chinese, Mauritian presidents exchange congratulations on 50th anniversary of diplomatic ties"
"10:53, 15-Apr-2022",Disinfection team from NW China volunteers to aid Shanghai
"14:29, 15-Apr-2022",Euro hits two-year low as ECB holds fire
"13:53, 15-Apr-2022",Four Chinese players to compete at World Snooker Championship
"14:05, 15-Apr-2022",Hebei series | Episode 10: Pochard Guardians
"11:16, 15-Apr-2022",Low-carbon travel in Boao: BFA International Convention Center
"10:10, 15-Apr-2022",Report exposes rising anti-Asian racism in the United States
"23:13, 15-Apr-2022",Shanghai entrepreneurs build digital tool to help people in need
"22:35, 15-Apr-2022",Shanghai residents and political advisors call for animal protection amid COVID-19 outbreak
"15:34, 15-Apr-2022",Shanghai tells hospitals not to delay treatment over COVID-19 measures
"23:10, 15-Apr-2022","Shenzhou-13 crew ready for return: Trip to be fast, smooth and safe"
"22:18, 15-Apr-2022",Works of Japanese photographer Mika Ninagawa find their way to Beijing
"18:44, 15-Apr-2022","Xi Jinping's article on developing a high-quality, sustainable social security system to be published"
"20:57, 16-Apr-2022","1 killed, 6 wounded in oil tanker explosion in waters off China's Hong Kong"
"21:08, 16-Apr-2022",CBA rising star Jiang Weize always asks himself to do better
"14:39, 16-Apr-2022",Submersible chief designer: China's deep-sea exploration is not just about depth
"19:06, 16-Apr-2022","China's growth at IIHF World Championships comes from Beijing 2022, says captain Yu Baiwei"
"09:07, 16-Apr-2022",Welcome home! China's Shenzhou-13 taikonauts return after six months in orbit
"09:08, 16-Apr-2022","Chinese mainland records 3,896 new confirmed COVID-19 cases"
"13:35, 16-Apr-2022",Dive into a bird paradise in NW China's Shaanxi
"08:55, 16-Apr-2022",Hong Kong marks National Security Education Day
"12:48, 16-Apr-2022",How is Shenzhou-13 crew's return different from other space missions?
"17:40, 16-Apr-2022",When will Shenzhou-13 taikonauts stand up after returning to earth?
"11:28, 16-Apr-2022",Wildlife of Wolong: The blue sheep in the alpine zone
"16:30, 16-Apr-2022",Young at heart for life
"14:08, 17-Apr-2022",China's envoy to U.S. calls for efforts to break ice of 'new Cold War'
"20:37, 17-Apr-2022","Shanxi's improvements come from scientific training, hard work, says CBA coach"
"22:25, 17-Apr-2022",Pandemic-hit Shanghai to partially resume taxi service for medical need
"23:10, 17-Apr-2022",China Space Station: How Shenzhou-13 returns fast and safely
"19:46, 17-Apr-2022","China Weekly News Quiz: April 10-17, 2022"
"13:34, 17-Apr-2022",China's Dongfeng quick response ground team welcomes taikonauts return  
"15:14, 17-Apr-2022",Timetable for China's space station construction 2022: 6 more missions
"09:11, 17-Apr-2022","Chinese mainland records 3,529 new confirmed COVID-19 cases"
"14:57, 17-Apr-2022","Global experts applaud China's Shenzhou-13 mission, expect future collaboration"
"09:48, 17-Apr-2022",Nomination for HKSAR's sixth-term chief executive election concludes
"20:03, 17-Apr-2022",Shanghai battles COVID-19: How a food delivery person helps the elderly living alone
"18:45, 17-Apr-2022",Proportion of people with COVID-19 in at-risk groups declining in Shanghai: official
"18:22, 17-Apr-2022",Shenzhou-13's return: One giant leap for China Space Station 
"11:56, 17-Apr-2022",Two ancient Manchurian catalpa trees in full blossom in E China
"12:10, 18-Apr-2022",Feast for stargazers in April: Alignment of four planets could be seen with naked eye
"14:09, 18-Apr-2022",CMG Documentary about 'Rongbaozhai' – Studio of Glorious Treasures starts shooting
"15:10, 18-Apr-2022",China National Botanical Garden inauguration ceremony held in Beijing 
"10:01, 18-Apr-2022",China's GDP expands 4.8% in Q1 despite COVID-19 disruptions
"20:58, 18-Apr-2022",China's first archaeological museum to open to the public
"11:54, 18-Apr-2022",China's nucleic acid testing capacity hits 51.65 million samples a day
"10:32, 18-Apr-2022",China's top legislature starts standing committee session
"22:08, 18-Apr-2022",Chinese Embassy in Panama shares book on Panama Canal's untold story
"22:52, 18-Apr-2022",Chinese hopeful Zhao claims 1st win at World Snooker Championship
"09:23, 18-Apr-2022","Chinese mainland records 2,742 new confirmed COVID-19 cases"
"22:35, 18-Apr-2022","Chinese vice premier stresses stabilizing industrial, supply chains"
"12:04, 18-Apr-2022",Guangdong Nan'ao Series | Episode 3: Brown-winged dancer
"14:29, 18-Apr-2022","3 dead, 9 injured in swimming pool collapse in China's Zhengzhou"
"13:04, 18-Apr-2022",This is China: What to expect from the 2022 Boao Forum for Asia?
"19:51, 18-Apr-2022",Top UN official reiterates views on China as a key mediator in Russia-Ukraine conflict
"17:43, 18-Apr-2022",What's on the logo of China National Botanical Garden?
"10:12, 19-Apr-2022",Artist Dai Wenhua mixes visual art with voice and technology
"22:41, 19-Apr-2022",Blasts heard at factory in SW China's Mianyang
"16:11, 19-Apr-2022",China: Security pact with Solomon Islands does not target third party 
"14:54, 19-Apr-2022",China provides emergency humanitarian assistance to Sri Lanka
"23:06, 19-Apr-2022",China's defense minister hails friendship with Mozambique
"09:10, 19-Apr-2022","Chinese mainland records 3,316 new confirmed COVID-19 cases"
"14:26, 19-Apr-2022",China pledges to strengthen comprehensive strategic coordination with Russia
"15:22, 19-Apr-2022","Cities in Yangtze River Delta support small, micro enterprises"
"23:02, 19-Apr-2022",How does China help in the global fight against COVID-19 pandemic?
"14:19, 19-Apr-2022",Low-carbon travel in Bo'ao: Yudai Beach
"14:32, 19-Apr-2022","Ma Zhenxia wins ""Exciting Hangzhou"" marathon in personal best of 42:52"
"13:09, 19-Apr-2022",Chinese-built unit of nuclear plant in Pakistan starts operation
"14:23, 19-Apr-2022",Organizers aim for 'zero-emission' Chengdu World University Games
"15:12, 19-Apr-2022","Pfizer's Paxlovid may offer relief for long COVID, more studies needed"
"14:44, 19-Apr-2022",Sailing event selection begins in Hainan Province
"22:00, 19-Apr-2022",Shanghai's manufacturing firms resume production
"20:43, 19-Apr-2022","President Xi Jinping calls for promoting government digitalization, intellectualization"
"20:46, 20-Apr-2022","China warns U.S. not to use Ukraine issue to smear, frame China"
"14:22, 20-Apr-2022",Fantasy 'Fantastic Beasts: The Secrets of Dumbledore' stays atop for a second week
"13:47, 20-Apr-2022","1 Chinese student killed, three injured in rollover accident in California sand dunes"
"10:22, 20-Apr-2022",Animals and solar terms: Guyu
"14:03, 20-Apr-2022",Boao Forum: Six factors affecting Asia's economic growth in 2022
"17:42, 20-Apr-2022","China issues preliminary report on MU5735 crash, no cause identified yet"
"21:56, 20-Apr-2022",Top legislature adopts quota distribution for 14th NPC deputy election
"23:14, 20-Apr-2022",China makes major breakthroughs in lung cancer diagnosis and treatment 
"23:03, 20-Apr-2022",China's U-23 football manager Jankovic is confident ahead of Hangzhou 2022
"13:37, 20-Apr-2022",Chinese envoy: Sending more weapons to Ukraine will not bring peace
"13:52, 20-Apr-2022",Chinese experts first make human stem cell via chemical reprogramming
"09:20, 20-Apr-2022","Chinese mainland records 2,761 new confirmed COVID-19 cases"
"17:35, 20-Apr-2022","Community workers help the quarantined get food, medicines in Shanghai"
"18:22, 20-Apr-2022",MOFA: Security pact with Solomon Islands does not pose a threat
"18:24, 20-Apr-2022",Spread of the epidemic in Shanghai's communities effectively contained: Official
"16:23, 20-Apr-2022",TV Special of CMG column 'Voice' celebrates UN Chinese Language Day
"09:53, 20-Apr-2022",China's spacecraft Tianzhou-3 docks with Tianhe's front docking port
"09:26, 20-Apr-2022",Vlog: What's new for the 2022 Boao Forum for Asia
"10:02, 20-Apr-2022","Wang Yi: China, Ghana should work together for international justice"
"16:26, 20-Apr-2022",This is China: What has Xi Jinping spoken about at the Boao forum?
"09:01, 20-Apr-2022",President Xi Jinping to deliver a keynote speech via video at BFA annual conference
"09:38, 21-Apr-2022",BRICS+: Are there any prospects?
"09:54, 21-Apr-2022",Beijing's Bird's Nest launches 'Dual-Olympic' themed tourism route 
"22:17, 21-Apr-2022",COVID-19 in Shanghai: Why are multiple rounds of PCR tests needed?
"08:24, 21-Apr-2022","China, Azerbaijan vow to further synergize development strategies"
"17:28, 21-Apr-2022",China condemns Japanese leader's offering to war-linked shrine
"10:02, 21-Apr-2022",Chinese youth able to realize 'national rejuvenation': white paper
"12:01, 21-Apr-2022","Chinese youth drive new-era innovation, entrepreneurship: white paper"
"22:22, 21-Apr-2022",China welcomes all countries to join Global Security Initiative
"10:48, 21-Apr-2022","Chinese mainland records 2,841 new confirmed COVID-19 cases"
"15:24, 21-Apr-2022",China's top procuratorate orders arrest of ex-official Fu Zhenghua
"14:28, 21-Apr-2022","Chinese youth embrace rich cultural life, higher education levels: white paper"
"17:45, 21-Apr-2022",Ding Junhui suffers first-round loss at World Snooker Championship
"15:15, 21-Apr-2022",Full text: Xi Jinping's speech at 2022 Boao Forum for Asia
"15:06, 21-Apr-2022",Full text: 'Youth of China in the New Era' white paper
"16:56, 21-Apr-2022",Graphics: Facts about China's youth
"08:48, 21-Apr-2022",Hong Kong overcomes epidemic with confidence
"14:08, 21-Apr-2022",Key quotes from Xi Jinping's speech at 2022 Boao Forum for Asia
"19:09, 21-Apr-2022",President Xi replies to letter from British pupils on climate change
"09:17, 21-Apr-2022",The necessity of Chinese and global energy transition toward decarbonization
"19:12, 21-Apr-2022",Xi: China's commitment to reform and opening-up will not waver
"13:04, 21-Apr-2022","China stresses Asia's role in promoting global peace, growth and cooperation"
"09:45, 21-Apr-2022",Xi Jinping at Boao 2022: Cooperation 'biggest strength' in achieving bright future for humanity
"13:30, 22-Apr-2022",China's securities watchdog encourages institutional investors to invest more in equities
"21:42, 22-Apr-2022","China, Austria to boost cooperation, push forward ties"
"09:14, 22-Apr-2022",China opposes any interference in sixth-term HKSAR chief executive election
"22:59, 22-Apr-2022",China's League of Legends pros to compete remotely during MSI 2022
"09:04, 22-Apr-2022","Chinese mainland records 2,133 new confirmed COVID-19 cases"
"07:46, 22-Apr-2022",Earth Day: Our planet is interconnected
"11:23, 22-Apr-2022",Guangdong Nan'ao Series | Episode 7: Bay Dwellers
"21:45, 22-Apr-2022",Premier Li: China willing to play a constructive role in Sri Lanka's economic stability
"21:25, 22-Apr-2022",Low-carbon travel in Boao: Courtyard of Eastern Culture
"16:31, 22-Apr-2022","More Shanghai supermarkets resume operation, both online and offline"
"11:55, 22-Apr-2022",President Xi underscores need for fostering high-caliber talent in reply to science professors
"21:47, 22-Apr-2022",The sailing of RCEP and Hainan FTP to bring opening-up dividends to Asia
"14:57, 22-Apr-2022",Shanghai carmakers see steady production growth after COVID-19 curbs
"10:48, 22-Apr-2022",Shanghai to launch new measures against COVID-19
"21:52, 22-Apr-2022","Shanghai vows to enable patients to attend hospital, regardless of test results"
"14:34, 22-Apr-2022",Will Asia lead global recovery with new uncertainties ahead?
"19:12, 22-Apr-2022",Xi Jinping unanimously elected delegate to 20th CPC National Congress
"11:31, 23-Apr-2022", Fresh photos: Spectacular views of Earth from China's space station
"14:21, 23-Apr-2022",China capable of coping with Fed rate hikes: official
"14:34, 23-Apr-2022",China skateboarding team step up Asian Games preparations
"10:04, 23-Apr-2022","China slams U.S., EU for double standards on sovereignty, territorial integrity"
"16:54, 23-Apr-2022",Chinese bibliophiles go for old books in e-reading era
"09:14, 23-Apr-2022","Chinese mainland records 2,988 new confirmed COVID-19 cases"
"14:17, 23-Apr-2022",Guangdong Nan'ao Series | Episode 8: Island tea tree
"14:46, 23-Apr-2022",How Xi Jinping encourages people to read
"14:36, 23-Apr-2022",Online shopping event to promote quality African goods in China
"14:41, 23-Apr-2022",President Xi encourages whole Chinese society to read more
"12:37, 23-Apr-2022",S China aims to enlist ocean in efforts to tackle climate change
"15:20, 23-Apr-2022","Shanghai COVID-19 death toll rises by 12, all unvaccinated"
"10:55, 23-Apr-2022",Sound legislation urged for Qinghai-Tibet Plateau ecological conservation
"14:58, 23-Apr-2022",Unboxing China: This is how Chinese get to read more
"11:03, 23-Apr-2022",Vlog: Decoding the metaverse at Boao Forum for Asia 2022
"19:03, 23-Apr-2022","With fixation on China, Washington is trapped in dangerous groupthink"
"02:44, 16-Apr-2022",Shenzhou-13 manned spacecraft separates from China's space station
"02:41, 21-Apr-2022","Senior Chinese diplomat meets with Cambodian, Lao ambassadors"
"04:44, 16-Apr-2022",Shenzhen’s busy port unaffected by recent COVID outbreak
"07:06, 17-Apr-2022",Harvard College China Forum hosts lauded speakers on 25th anniversary 
"02:04, 18-Apr-2022",Ambassador Qin calls for efforts to break ice of 'new Cold War' at opening ceremony of the Harvard College China Forum
"05:43, 18-Apr-2022",CGTN America President Jiang Heping on future of U.S.-China relations
"01:10, 18-Apr-2022",The 25th Harvard College China Forum held in Boston
"23:37, 18-Apr-2022",The Ukraine Crisis and Its Aftermath article by Chinese Ambassador Qin Gang
"11:45, 22-Apr-2022",Ambassador Qin Gang builds China-U.S. friendships in Iowa 
"06:15, 22-Apr-2022",Chinese Ambassador Qin Gang tours farms in U.S. Midwest
"03:14, 22-Apr-2022",Chinese Ambassador to U.S. Qin Gang visits Iowa's Harry Stine Center 
"11:45, 22-Apr-2022",Peace through agriculture at the China-U.S. Agricultural Forum
"12:01, 22-Apr-2022",U.S-China High Level Agricultural Dialog takes place in Iowa 
"12:04, 23-Apr-2022","CGTN's ""The Ambassador"" trailer for ""America's Breadbasket"""
"12:05, 23-Apr-2022",China's Ambassador to the U.S. tours Syngenta seed facility in Iowa 
"12:04, 23-Apr-2022",U.S.-China High Level Agricultural Dialogue takes place in Iowa 
