﻿"22:29, 16-Jun-2022",Chinese shuttlers enter quarterfinals of Indonesian Open
"20:37, 16-Jun-2022",Finding True America: Asian Americans' pain as 'perpetual foreigners'
"22:55, 16-Jun-2022",Foreign interference only complicates regional problems: Iranian president
"21:42, 16-Jun-2022",French army says almost 40 dead in anti-terrorism strike in Niger
"15:35, 16-Jun-2022","No fixed date for when UK will send first migrants to Rwanda, Raab says"
"21:15, 16-Jun-2022",Two Hezbollah members sentenced to life for Hariri murder: UN court
"22:59, 16-Jun-2022",U.S. to give $6 million in emergency aid to crisis-hit Sri Lanka
"22:47, 16-Jun-2022",WTO provisionally agrees to extend e-commerce tariff moratorium: Reuters
"09:59, 17-Jun-2022","3 Palestinians killed, 8 injured by Israeli forces in West Bank, local media reports"
"19:24, 17-Jun-2022",5-story building collapses in Cairo
"09:04, 17-Jun-2022",Australian PM confirms attendance to NATO summit
"10:50, 17-Jun-2022",Bank of Japan announces to maintain ultralow rate policy
"20:46, 17-Jun-2022",BRICS set to include and represent more emerging economies
"22:29, 17-Jun-2022",UK Prime Minister Boris Johnson visits Kyiv
"18:28, 17-Jun-2022"," One killed, several wounded in Afghan mosque bombing: police "
"17:21, 17-Jun-2022",Chiefs QB Mahomes surprised at former teammate Hill's comments
"18:03, 17-Jun-2022","EU recommends granting Ukraine, Moldova candidate status"
"19:29, 17-Jun-2022",Finding True America: What's the point of being American? 
"11:01, 17-Jun-2022",Revealed: Which cities to host the first-ever 48-team World Cup in 2026?
"12:14, 17-Jun-2022",French senators seek action over UEFA Champions League final chaos
"16:52, 17-Jun-2022",Highlights of Diamond League Oslo: Duplantis sets meet record
"19:42, 17-Jun-2022",Iran FM calls on U.S. to be realistic and abandon sanctions
"13:45, 17-Jun-2022",Japan's top court rules state not liable for Fukushima disaster
"17:45, 17-Jun-2022",M5.5 quake hits Afghanistan's Hindu Kush region: EMSC
"09:14, 17-Jun-2022",One killed in church attack in U.S. state of Alabama: police
"11:30, 17-Jun-2022",NBA Finals on June 16: Warriors beat Celtics to win 7th championship
"19:03, 17-Jun-2022",Saudi crown prince to visit Turkey on June 22
"21:10, 17-Jun-2022",U.S. FDA authorizes COVID-19 vaccines for youngest children
"07:26, 17-Jun-2022",U.S. House passes Lower Food and Fuel Costs Act
"09:47, 17-Jun-2022",U.S. Open's tiny margins for error bring out McIlroy's fire
"17:20, 17-Jun-2022",UK minister signs order to extradite Julian Assange to U.S.
"15:56, 17-Jun-2022",Turkish drone attack kills at least four in Iraq  
"11:05, 17-Jun-2022",WTO approves package of trade deals at ministerial meeting
"08:39, 17-Jun-2022",WTO chief urges countries to accept 'unprecedented package' of trade agreements
"23:36, 17-Jun-2022",China stresses the need to advance economic globalization amid global crisis 
"13:56, 17-Jun-2022",President Xi Jinping to host 14th BRICS Summit
"15:41, 18-Jun-2022",2021-22 NBA review: How do Boston Celtics lose the Finals?
"15:22, 18-Jun-2022","3 killed, 7 wounded in Kabul temple blast"
"09:05, 18-Jun-2022",9 Colbert show staffers arrested for illegal entry at U.S. Capitol
"10:19, 18-Jun-2022",Asia News Wrap: China's new aircraft carrier and more
"14:27, 18-Jun-2022","59 dead, millions stranded as floods hit Bangladesh and India "
"21:25, 18-Jun-2022",Attacker injures 3 at San Francisco International Airport
"11:09, 18-Jun-2022","At least 2 killed, 7 injured in temple explosions in Afghan capital"
"12:23, 18-Jun-2022",Do EU Leaders seek pathway to peace for Ukraine?
"22:52, 18-Jun-2022",Finding True America: To fight or to be silent
"17:39, 18-Jun-2022",Fire breaks out in major substation south of Sydney
"11:54, 18-Jun-2022",Floods in northeastern India kill at least 31
"17:23, 18-Jun-2022","Iranian F14 fighter jet crashes, no casualties: IRNA"
"14:58, 18-Jun-2022",Lawyer: La Liga is ready face PSG in court over Mbappe's extension
"14:55, 18-Jun-2022",Liverpool agree to sell Mane to Bayern for 41 million euros 
"21:28, 18-Jun-2022",One firefighter dead after building collapse in Philadelphia
"09:29, 18-Jun-2022","Philadelphia shooting leaves one dead, one critical"
"15:57, 18-Jun-2022",Pictures: Ukrainian cities in rubble
"19:46, 18-Jun-2022",Protests after ruling Japanese govt 'not responsible for Fukushima disaster' 
"22:26, 18-Jun-2022","Saudi crown prince to visit Egypt, Jordan ahead of Turkey"
"08:42, 18-Jun-2022",Israel strikes Gaza after rocket fire
"17:46, 18-Jun-2022",The international appeal of China's shopping festival
"18:18, 18-Jun-2022",What did world leaders say at St. Petersburg forum?
"20:07, 19-Jun-2022",14th BRICS Summit set to be held next Thursday
"16:36, 19-Jun-2022",2021-22 NBA review: Wood is only the start of Mavericks' upgrade
"20:08, 19-Jun-2022",Analyst: Peace talks between Russia and Ukraine still in question
"09:39, 19-Jun-2022",Apple store workers vote to form their first U.S. union
"14:46, 19-Jun-2022",Azerbaijan accuses Armenian forces of shelling border region
"21:59, 19-Jun-2022",Biden to meet with Saudi crown prince: U.S. secretary of energy
"08:07, 19-Jun-2022","Bus overturns on Mexican highway, killing at least 13"
"14:31, 19-Jun-2022",Death toll rises to 63 in northeastern India floods
"20:13, 19-Jun-2022","Egypt, Bahrain, Jordan summit kicks off in Sharm El-Sheikh"
"10:30, 19-Jun-2022",Europe swelters in record-breaking June heatwave
"22:58, 19-Jun-2022",Explosion reported in Kabul
"21:09, 19-Jun-2022",Finding True America: Behind a Black neighborhood's struggle with drugs
"14:58, 19-Jun-2022","GSW assistant Atkinson decides to stay, forgo Hornets head coach job"
"14:15, 19-Jun-2022","Global Political Calendar: 14th BRICS Summit, G7 Summit"
"07:23, 19-Jun-2022",Islamic State claims attack on Sikh temple in Kabul that killed two
"08:34, 19-Jun-2022",U.S. National Security Advisor Jake Sullivan tests positive for COVID-19 
"22:39, 19-Jun-2022",January 6 panel to implicate Trump in fake elector plot
"16:37, 19-Jun-2022","Iranian, Kazakh presidents meet in Tehran"
"22:30, 19-Jun-2022","No deal to end gun violence, U.S. Republican lawmaker says"
"19:08, 19-Jun-2022",Over 25 million people under heat alerts in U.S.
"17:33, 19-Jun-2022",Palestinian shot dead by Israeli forces in northern West Bank: report
"21:02, 19-Jun-2022",Polls open for Colombian presidential run-off election
"23:02, 19-Jun-2022",SA diplomat: BRICS to transform to new global governance institution
"17:13, 19-Jun-2022",Duterte-Carpio sworn in as 15th Philippine vice president  
"15:42, 19-Jun-2022","SpaceX rocket launches with Globalstar satellite, the 3rd mission in 36 hours"
"22:48, 19-Jun-2022",Spain battles wildfires as heatwave eases
"12:38, 19-Jun-2022",Spain battles wildfires as it swelters in heatwave
"12:54, 19-Jun-2022",Top Colombian court orders house arrest for President Ivan Duque
"23:08, 19-Jun-2022",Two unique ways to tour the nooks and crannies of Singapore 
"21:16, 19-Jun-2022","U.S. treasury secretary expects economy to slow, but recession not 'inevitable'"
"19:36, 19-Jun-2022",UK to deport asylum seekers to Rwanda despite failing in first attempt
"19:41, 19-Jun-2022",UN peacekeeper killed by mine in Mali
"14:22, 19-Jun-2022",Washington Nationals retire Ryan Zimmerman's No. 11 jersey
"22:24, 20-Jun-2022", Achievements under the BRICS mechanism in the past 16 years
"16:07, 20-Jun-2022",13 soldiers dead after bus attack in Syria
"15:26, 20-Jun-2022",Air passenger volume to reach 83% of 2019 levels this year: IATA
"18:27, 20-Jun-2022",At least 260 killed in attack in Ethiopia's Oromiya region: Reuters
"11:58, 20-Jun-2022","Canadian GP: Verstappen holds off Sainz, Zhou scores four points"
"14:28, 20-Jun-2022","2 killed, 28 wounded in bazaar explosion, E Afghanistan"
"23:26, 20-Jun-2022",China plays critical role in global environment & climate cooperation
"17:20, 20-Jun-2022",China take first gold in artistic swimming at FINA World Championships
"18:00, 20-Jun-2022",EU receives official notification of Denmark's intention to join its defense policy
"19:57, 20-Jun-2022",FINA restricts transgender participation in women's competition
"23:05, 20-Jun-2022",Finding True America: Puerto Rico in the eye of a U.S. drug storm
"20:48, 20-Jun-2022",French health chief resigns after election defeat
"06:53, 20-Jun-2022",Gustavo Petro elected president of Colombia in second round of elections
"18:01, 20-Jun-2022",IMF delegation arrives in crisis-hit Sri Lanka for bailout talks
"15:00, 20-Jun-2022",Iran blames U.S. for stalled talks to revive nuclear deal
"18:48, 20-Jun-2022",Israel building regional air defense alliance with U.S.
"17:21, 20-Jun-2022",Lebanon reports its first case of monkeypox
"07:33, 20-Jun-2022",Macron's party loses majority with 245 seats in French parliament: ministry
"09:46, 20-Jun-2022","One teenager killed, three wounded in Washington D.C. shooting"
"19:10, 20-Jun-2022","COVID-19 incidence rises in India as nearly 80,000 new cases recorded in a week"
"17:23, 20-Jun-2022",Philippine President-elect Ferdinand Marcos Jr to head agriculture department
"23:00, 20-Jun-2022",Report: 2.9 billion people worldwide still have no internet access
"22:31, 20-Jun-2022",UK rail strikes to go ahead after efforts to resolve dispute fail
"21:41, 20-Jun-2022",UK says 5 detained British nationals released from Afghanistan
"16:21, 20-Jun-2022",World Refugee Day: 5 facts about refugees
"07:07, 21-Jun-2022",At least 132 villagers killed in central Mali weekend attacks
"07:12, 21-Jun-2022",Decision on pause on federal gasoline tax could come by end of week: Biden
"07:49, 21-Jun-2022",Macron to hold talks with French opposition parties over parliament deadlock
"07:28, 21-Jun-2022",Mexican foreign minister tested positive for COVID-19
"07:29, 21-Jun-2022",Panamanian president diagnosed with rare blood disorder
"07:38, 21-Jun-2022",Tunisian constitution committee chief delivers draft to president
"01:10, 17-Jun-2022",DRC halts bilateral trade agreements with Rwanda
"01:27, 17-Jun-2022","Kenya, Zambia to remove barriers to spur trade"
"02:50, 17-Jun-2022",Somalia to receive $100 million from World Bank
"01:26, 17-Jun-2022",Speaker of Bulgarian parliament fired by new majority
"02:09, 17-Jun-2022",Unemployment greatest hurdle facing South Africa: President
"01:30, 18-Jun-2022",Congo restricts border crossings with Rwanda after soldier shot dead during attack
"03:00, 18-Jun-2022",Iraq says on alert for possible new COVID-19 spread
"01:20, 18-Jun-2022","Joe Biden: Approval of COVID jabs for children a ""huge relief"""
"02:59, 18-Jun-2022",Russia has 'nothing against' Ukraine joining EU: Putin
"03:01, 18-Jun-2022","S. Sudan ratifies East African bloc's protocols on movement of persons, transhumance"
"02:59, 18-Jun-2022",Zambia marks first anniversary of founding leader Kaunda's death
"00:57, 19-Jun-2022","32 killed in floods in India's Assam, Meghalaya"
"00:57, 19-Jun-2022",Kenya announces death of iconic male lion
"02:37, 19-Jun-2022",Morocco's COVID-19 cases soars again
"02:37, 19-Jun-2022",Reigning champion Berrettini into Queen's final
"02:37, 19-Jun-2022",Russia sending large number of reserve troops to Sievierodonetsk
"02:37, 19-Jun-2022",Russia to temporarily suspend gas supply via Turkish Stream pipeline
"00:58, 19-Jun-2022",WFP says 7.4 million people food insecure in Ethiopia due to drought
"02:20, 20-Jun-2022",Macron set to lose parliamentary majority: projections
"01:53, 21-Jun-2022",East Africa leaders call for immediate ceasefire in DR Congo
"03:16, 21-Jun-2022",Germany reiterates aim to phase out coal by 2030
"01:46, 21-Jun-2022","Israeli coalition to submit bill to dissolve parliament, force polls"
"01:58, 21-Jun-2022","Turkey says NATO summit 'not the deadline' for Finland, Sweden talks"
"01:51, 21-Jun-2022",UK set to for biggest rail strike in three decades after talks fail
"21:53, 16-Jun-2022",UN turns to crowdfunding to stop what could be world's biggest oil spill
"06:50, 17-Jun-2022"," Celebrating Juneteenth, the Emancipation of African Americans"
"04:00, 17-Jun-2022",Colombian presidential race enters runoff
"06:49, 17-Jun-2022","European leaders meet Zelenskyy in Kyiv, affirm support for EU membership"
"04:00, 17-Jun-2022",FDA approves COVID vaccine for youngest children
"04:23, 17-Jun-2022",California’s Joshua trees struggle to survive extreme weather conditions
"04:22, 17-Jun-2022",NYC helps elderly residents adapt to digital technology amid pandemic
"04:00, 17-Jun-2022",Some factors that cause high inflation in the U.S.
"04:00, 17-Jun-2022",Suspect confesses to killing missing journalist and expert in Amazon
"06:06, 18-Jun-2022",Bryce Weiler working to inspire and help others with disabilities
"05:58, 18-Jun-2022",California's Palm Springs expected to face more days with extreme heat
"06:05, 18-Jun-2022",California town angers residents with tourism plans
"02:37, 18-Jun-2022",Commemoration service held for victims of Nigeria church massacre 
"06:07, 18-Jun-2022",Marine life impacted by presence of microplastics
"05:37, 18-Jun-2022",Putin asserts Russia's resilience against economic 'blitzkrieg' of sanctions
"06:10, 18-Jun-2022",Salvadorans remain cautious to embrace Bitcoin
"05:41, 18-Jun-2022",UK Prime Minister Boris Johnson visits Kyiv
"06:00, 18-Jun-2022",Viral police brutality video shakes India 
"06:13, 18-Jun-2022",World Cup 2026 host cities announced 
"07:00, 19-Jun-2022","40th annual ""Mermaid Parade"" through New York's Coney Island"
"04:30, 19-Jun-2022",50th Anniversary of Watergate
"04:35, 19-Jun-2022",At least 59 dead in Bangladesh and India from storms and flooding
"04:30, 19-Jun-2022",Fed rate hike could price millions out of housing market
"04:30, 19-Jun-2022",The history of Juneteenth
"04:35, 19-Jun-2022",U.S. President Biden takes a tumble off his bicycle in Delaware
"04:23, 20-Jun-2022",Smithsonian Institution Museum collects artifacts to document pandemic
"04:26, 20-Jun-2022",Yellowstone to partially reopens after floods
"05:32, 21-Jun-2022",Advocates call for reparations for Black Americans
"05:33, 21-Jun-2022",Argentinian beef producer invest in education for local workers
"03:41, 21-Jun-2022",El Salvador takes new gang crack down measures
"03:42, 21-Jun-2022",Major corporations face backlash for attempting to co-opt Juneteenth 
"03:42, 21-Jun-2022",More than 100 million people displaced around the world
