﻿"22:31, 26-Feb-2022","America's allies want no part in the Russia-Ukraine conflict, but it's hard to not take sides"
"21:00, 26-Feb-2022",Iran to send five athletes to 2022 Winter Paralympic Games
"20:12, 26-Feb-2022","MWC organizer: No Russian showcase, ban on some Russian firms"
"20:06, 26-Feb-2022",Ukraine crisis spirals into space: Roscosmos head warns U.S. sanctions may lead to ISS crashing down
"08:54, 27-Feb-2022",Australia floods kill seven as severe weather pummels Queensland
"22:34, 27-Feb-2022",Boxing governing bodies ban Russia from hosting title bouts
"09:34, 27-Feb-2022","Wang Yi: China backs a security dialogue between NATO, EU and Russia"
"08:20, 27-Feb-2022",'Never leave citizens behind': Chinese ambassador says he still in Kyiv
"20:29, 27-Feb-2022",Chinese para ice hockey team have first adaptive training session
"23:17, 27-Feb-2022",Clashes intensify as Russia-Ukraine conflict enters 4th day
"07:08, 27-Feb-2022",DPRK fires suspected ballistic missile toward eastern waters: ROK military
"11:26, 27-Feb-2022",Earthquake in western Indonesia kills 10
"17:51, 27-Feb-2022","Explainer: SWIFT, and the impact of cutting Russian banks out"
"19:28, 27-Feb-2022",Global Political Calendar: China's Two Sessions and Russia-Ukraine conflict
"22:13, 27-Feb-2022",Leeds United fire manager Marcelo Bielsa amid difficult season
"18:37, 27-Feb-2022","NBA highlights on Feb. 26: Irving, Nets get revenge on Bucks"
"13:23, 27-Feb-2022",Polling stations open for referendum in Belarus
"13:39, 27-Feb-2022",Refugees flee across EU borders as Ukrainian fighting continues
"10:11, 27-Feb-2022",Russia resumes operation as Ukraine says talk conditions 'unacceptable'
"11:58, 27-Feb-2022","Spotlight: Volodymyr Zelenskyy, the man in the middle"
"15:44, 27-Feb-2022",Ukraine agrees to hold talks with Russia at Belarusian-Ukrainian border
"19:26, 28-Feb-2022",'Uneven' climate change adaptation measures impacting 3.6b people: UN
"22:36, 28-Feb-2022","50 years after Nixon's China trip, realpolitik could still lead to peace"
"10:54, 28-Feb-2022",Africa faces tough job not to become world's plastic 'dustbin'
"17:26, 28-Feb-2022",Alien Fungi: If earth has tongues
"07:45, 28-Feb-2022",BP abandons 19.75% stake in Russian oil giant Rosneft
"15:29, 28-Feb-2022",Belarus to give up non-nuclear status
"07:35, 28-Feb-2022",Belarusian referendum approves of constitutional amendments
"19:24, 28-Feb-2022",China initiates emergency coordination to ensure its citizens' safety in Ukraine: Wang Yi
"16:41, 28-Feb-2022",China explores feasible plans for evacuation of citizens from Ukraine
"15:48, 28-Feb-2022",Chinese FM to address UN Human Rights Council session
"08:05, 28-Feb-2022",DPRK confirms conducting 'reconnaissance satellite' test
"11:05, 28-Feb-2022","FIFA orders Russia to play World Cup qualifiers at neutral venues with no fans, flag or anthem"
"14:27, 28-Feb-2022",Graphics: American prisons – A business that 'enslaves' prisoners
"10:16, 28-Feb-2022","IPC, BOCOG presidents confident of successful Winter Paralympics"
"19:59, 28-Feb-2022",Indonesia may miss 2023 FIBA Basketball World Cup at home
"18:48, 28-Feb-2022",Iran says three key issues remain unresolved in Vienna nuclear talks
"20:28, 28-Feb-2022",Mets hire first female director of Major League operations: report
"18:31, 28-Feb-2022",NBA highlights on Feb. 27: Mavs rally in last quarter to beat Warriors
"23:13, 28-Feb-2022",Russia-Ukraine talks held as fighting enters 5th day
"11:54, 28-Feb-2022",Russia urgently hikes key rate to 20% after rouble tanks almost 30% following latest sanctions
"12:12, 28-Feb-2022",Snooker: China's Fan defeats O'Sullivan to claim European Masters 2022
"11:27, 28-Feb-2022",Team China's sports gear at Beijing 2022 Winter Olympics
"07:50, 28-Feb-2022","U.S., France urge citizens to leave Russia"
"07:31, 28-Feb-2022",UN adopts resolution on emergency General Assembly session on Ukraine
"11:09, 28-Feb-2022",Ukraine conflict: Here is what you need to know
"16:36, 28-Feb-2022",World's largest cargo plane An-225 Mriya destroyed in Ukraine
"10:23, 01-Mar-2022",Russian UN ambassador regrets U.S. decision to expel 12 members of his mission
"18:11, 01-Mar-2022",British PM: Putin not a 'valid interlocutor'
"10:21, 01-Mar-2022",Burkina Faso approves 36-month military-led transition period: report
"22:57, 01-Mar-2022",Cargo ship with luxury cars sinks off Portugal's Azores Islands
"09:09, 01-Mar-2022",China calls for efforts conducive to direct negotiations on Ukraine
"15:25, 01-Mar-2022","China hopes Russia, Ukraine maintain dialogue, negotiation process"
"11:54, 01-Mar-2022",China to provide emergency food aid to drought-affected Horn of Africa countries
"21:10, 01-Mar-2022",China calls for constructive efforts to find political solution to Ukraine issue
"09:15, 01-Mar-2022",Death toll rises to 13 from Colombia's coal mine explosion
"15:44, 01-Mar-2022",Expert: Short-termism in U.S. getting ahead of long-term perspective in China-U.S. relations
"17:18, 01-Mar-2022",Fire in Damascus mall kills 11: state media
"10:45, 01-Mar-2022",Five people killed in California church shooting
"16:14, 01-Mar-2022","ISU bans Russia, Belarus from international competitions"
"08:32, 01-Mar-2022",Iran says it will not wait forever over nuclear deal
"23:21, 01-Mar-2022","Latest on Russia-Ukraine conflict: 2nd talks planned, Kharkiv attacked, casualties rise"
"20:20, 01-Mar-2022",Queen Elizabeth II well enough to carry out virtual audiences
"22:24, 01-Mar-2022",Russia-Ukraine conflict clouds fragile recovery of global aviation industry
"12:11, 01-Mar-2022",Sudanese protesters demand civilian rule in front of Republican Palace
"07:35, 01-Mar-2022",U.S. Senate fails to pass bill to protect abortion rights nationally
"07:48, 01-Mar-2022",UN Security Council imposes arms embargo on Houthis in Yemen
"13:40, 02-Mar-2022"," New Zealand police dismantle tents, tow vehicles to clear protests"
"23:34, 02-Mar-2022","African, Middle Eastern journalists' bodies call out Western media's 'racist' Ukraine coverage"
"14:04, 02-Mar-2022",Analyst: Biden continues to face a divided nation
"07:08, 02-Mar-2022",Biden assures 'sustained help' to Ukraine in a call with Zelenskyy
"10:08, 02-Mar-2022","Biden highlights infrastructure, economy as he battles low approval"
"22:56, 02-Mar-2022","Blast in SW Pakistan leaves 2 killed, several injured"
"15:05, 02-Mar-2022",CGTN correspondent Dmitriy Maslak's war diary: Day 2
"14:07, 02-Mar-2022",China delivers world's first super-large LNG dual-fuel oil tanker
"22:39, 02-Mar-2022",Team China aim for breakthrough in alpine skiing at 2022 Winter Paralympics
"11:21, 02-Mar-2022",Crime and profit: Why prison is good for business in the U.S.
"17:57, 02-Mar-2022",German Chancellor Olaf Scholz visits Israel
"12:27, 02-Mar-2022","Google drops RT, other Russian state media from its news features"
"21:54, 02-Mar-2022",M6.6 earthquake strikes Kermadec Islands: USGS
"22:40, 02-Mar-2022",MLB cancels opening games of 2022 season after lockout talks collapse
"14:28, 02-Mar-2022","Message from Biden's address: U.S. divided at home, unreliable abroad"
"22:39, 02-Mar-2022",NBA highlights on March 1: Lakers fail to rally against Mavs at home
"09:02, 02-Mar-2022","Nord Stream 2 owner considers insolvency after pipeline halt, sanctions: Reuters"
"22:05, 02-Mar-2022",OPEC+ sticks to modest output boost despite oil rally
"20:15, 02-Mar-2022",Russia-Ukraine conflict: Tensions show no sign of easing on 7th day
"11:53, 02-Mar-2022",Russia launches economic counter-measures against the West
"08:28, 02-Mar-2022",The Fed's historic error
"16:03, 02-Mar-2022",The chilling truth behind U.S.-made lies
"10:10, 02-Mar-2022",Joe Biden bans Russian flights from American airspace
"21:52, 02-Mar-2022",UN Environment Assembly adopts resolution to fight plastic pollution
"16:36, 02-Mar-2022","UN expert: ""Color Revolution"" precipitates Russia-Ukraine conflict"
"13:10, 02-Mar-2022","Ukrainian cyber resistance group targets Russian power grid, railways"
"15:36, 02-Mar-2022",Winter Paralympics flames combined at the Temple of Heaven in Beijing
"14:50, 02-Mar-2022","Woman, child killed in explosion at Donetsk central square"
"09:33, 02-Mar-2022",World Bank announces more than $1b in aid for Afghanistan
"07:25, 02-Mar-2022",Zelenskyy says he is ready to negotiate with Putin
"15:58, 03-Mar-2022",Libya's Bashagha accuses rival of seizing ministers to stop new govt taking office
"16:13, 03-Mar-2022",2022 Winter Paralympics torch relay reaches Yanqing
"17:24, 03-Mar-2022",2nd round of Russia-Ukraine talks will be held on Thursday: Lavrov
"18:27, 03-Mar-2022",Armenia elects Vahagn Khachaturian as new president
"17:53, 03-Mar-2022",At least 18 killed in gold mine collapse in Guinea
"17:20, 03-Mar-2022","Beijing 2022 overachieves emissions target, plugs capital to green energy"
"11:24, 03-Mar-2022",China calls on UN to play positive role for de-escalation in Ukraine
"11:28, 03-Mar-2022",China criticizes U.S. 'ruthless misappropriation' of Afghan assets
"09:10, 03-Mar-2022",China voices concerns for safety of Ukraine's nuclear facilities
"09:40, 03-Mar-2022",Former Nissan CEO's aide gets 6-month suspended sentence
"07:42, 03-Mar-2022",IAEA chief Grossi to visit Iran on Saturday: Iran's Nournews
"20:00, 03-Mar-2022",NBA highlights on March 2: Bucks rally in last quarter to beat Heat
"13:59, 03-Mar-2022",Quad leaders to meet virtually on Thursday
"13:06, 03-Mar-2022",Russian billionaire Abramovich confirms Chelsea for sale amid Ukraine crisis
"07:18, 03-Mar-2022","Seven dead as Romanian chopper crashes, fighter jet missing"
"07:27, 03-Mar-2022",South Korean opposition presidential candidates merge campaigns
"14:11, 03-Mar-2022",This is China: What makes the 2022 Two Sessions special?
"19:06, 03-Mar-2022",U.S. mulls sanctions on Quad partner India after New Delhi abstains from UN Russia vote
"10:03, 03-Mar-2022",U.S. House panel says Trump may have broken law in bid to overturn election
"16:02, 03-Mar-2022",Ukraine to seek action against Russia from 50 additional tech firms
"18:49, 03-Mar-2022",Which countries did not back the UN resolution on Ukraine?
"18:05, 03-Mar-2022",Xi to attend opening ceremony of Beijing 2022 Paralympic Winter Games
"23:44, 27-Feb-2022",Egypt calls for Arab League meeting on Ukraine conflict
"02:08, 27-Feb-2022",Western allies agree on blocking some Russian banks from SWIFT
"01:16, 27-Feb-2022","Moscow ready to cooperate with ""all constructive forces"" on settlement in Ukraine"
"01:07, 27-Feb-2022",Russia able to take measures to mitigate damage from sanctions: Kremlin
"04:24, 27-Feb-2022",Sri Lankan central bank recommends reducing work days to beat fuel shortage
"04:38, 27-Feb-2022",Sweden will not play Russia in the 2022 World Cup play-offs
"02:28, 28-Feb-2022",Africa's COVID-19 cases pass 11.17 mln: Africa CDC
"02:14, 28-Feb-2022",EU to shut airspace to Russian airlines
"02:11, 28-Feb-2022",UN nuclear watchdog sets Wednesday date for emergency meeting on Ukraine
"02:57, 28-Feb-2022",Rural Hungarians unite to provide aid for Ukrainians fleeing conflict
"01:50, 28-Feb-2022",Russia says won't suspend military operation in Ukraine during talks
"01:39, 28-Feb-2022",Zimbabwe to assist nationals stuck in Ukraine to return home
"03:33, 01-Mar-2022",AU 'disturbed' by reports that Africans are blocked from leaving Ukraine
"01:10, 01-Mar-2022",Chinese FM urges sound development of global human rights
"03:22, 01-Mar-2022","First round of Russia-Ukraine Talks ends, Kyiv seeks EU membership"
"03:27, 01-Mar-2022","Hosting U.S. nuclear weapons ""completely unacceptable"": Japan's PM"
"03:30, 01-Mar-2022","NATO allies boost military, practical support to Ukraine"
"03:31, 01-Mar-2022",Russia's nuclear triad put on high alert: defense ministry
"03:19, 01-Mar-2022",UN chief says fighting in Ukraine must stop
"01:01, 02-Mar-2022",African airlines' capacity jumped 11.3 percent in February
"02:07, 02-Mar-2022",IEA members to release 60 million barrels from emergency oil reserves
"02:05, 02-Mar-2022",Libya parliament approves new government
"00:58, 02-Mar-2022",Nigerian President travels to Kenya for the commemoration of the 50th anniversary of UNEP
"03:13, 02-Mar-2022",South Africa's foreign minister says blocking Africans from evacuation out of Ukraine proof of racism
"01:23, 03-Mar-2022",The UN General Assembly adopts a draft resolution on Ukraine
"01:17, 03-Mar-2022",UN rights council appoints former ICC prosecutor to lead Ethiopia probe
"01:16, 03-Mar-2022","WHO: COVID cases, deaths continue to fall globally"
"20:10, 28-Feb-2022","Ukraine conflict day 5: Talks begin, Ukraine applies to join EU, Ruble crashes, Russia advances in the east"
"01:37, 01-Mar-2022","Western energy and banking giants pull out of Russia, prompting economic chaos"
"03:01, 02-Mar-2022",Brussels split as Ukraine pushes to join EU 
"21:35, 02-Mar-2022",European journalism body slams EU ban on Russian TV channel
"00:28, 02-Mar-2022",Pictures of girl killed in Ukraine captures global attention - WARNING DISTURBING IMAGE
"04:48, 27-Feb-2022",Bolivia's miners celebrate as Oruro Carnival begins 
"04:47, 27-Feb-2022",Kyiv mayor issues curfew from 5pm Saturday to 8am on Monday 
"04:48, 27-Feb-2022","Oil depot burns in Luhansk, Ukraine"
"04:31, 27-Feb-2022",Qin Gang visits a school that President Xi and Biden visited 10 years ago
"05:25, 28-Feb-2022",Explanation of Vote by Ambassador Zhang Jun at the UN Security Council on the Resolution on Ukraine
"05:45, 01-Mar-2022",African students struggle to leave Ukraine amid crisis
"05:51, 01-Mar-2022",Chicago protesters hold rally in support of Ukraine
"06:17, 01-Mar-2022",Mexico prepares for wave of Ukrainian refugees
"05:45, 01-Mar-2022",Mini carnival kicks off in Brazil
"05:54, 01-Mar-2022",More Americans likely to buy cryptocurrency
"05:56, 01-Mar-2022",New proposed legislation makes pesticides more accessible to farmers
"05:41, 01-Mar-2022",Republicans share their visions for the country at CPAC 2022
"07:08, 01-Mar-2022",The new digital revolution in Argentina
"05:50, 02-Mar-2022",Delegations from over 40 countries walk out of UN Human Rights Council
"05:50, 02-Mar-2022","Fat Tuesday Mardi Gras celebrations return to New Orleans, Louisiana"
"05:10, 02-Mar-2022",LA bans oil and gas wells
"05:49, 02-Mar-2022",Raging bulls crash through gate of family home in India 
"02:36, 02-Mar-2022",Residents of Afghanistan's 'One Kidney Village' sell organs for cash
"02:37, 02-Mar-2022","Russia steps up military actions in Kharkiv and Kyiv, Ukraine "
"05:06, 02-Mar-2022",State of the Union: Biden and U.S economy
"05:03, 02-Mar-2022",Ukraine crisis: Do sanctions work?
"06:33, 03-Mar-2022",BYD lauded a success in cooperation
"06:04, 03-Mar-2022",Carbon credit program pays landowners not to cut down trees
"06:31, 03-Mar-2022",Cubans face growing inflation   
"06:00, 03-Mar-2022",The impact of removing Russian banks from SWIFT
"06:08, 03-Mar-2022",U.S. eyes a new phase of pandemic
"06:33, 03-Mar-2022",Ukrainians block city entrance to prevent Russian forces
