﻿"21:47, 15-Feb-2022",'Funding is always an issue': The small 'exotic' nations at Beijing 2022
"17:23, 15-Feb-2022",Backgrounder: The IOC President's Trophy
"20:29, 15-Feb-2022",Carrie Lam says no plans for citywide lockdown as cases surge
"19:28, 15-Feb-2022",Gold near 8-month high as Russia-Ukraine tensions boost appeal
"21:34, 15-Feb-2022",About Chinese Lantern Festival
"23:09, 15-Feb-2022",Mastering Chinese Poetry Ep28: Song of Hawthorn
"20:58, 16-Feb-2022","Beijing 2022: Canada win short track men's 5,000m relay, Choi wins women's 1,500m "
"09:43, 16-Feb-2022","China's consumer, producer price inflation growth slows in January"
"12:09, 16-Feb-2022",China's Metaverse Industry Committee admits 17 new firms
"17:18, 16-Feb-2022",China says war threat hyped up by U.S. fuels Ukraine crisis
"20:12, 16-Feb-2022",China's Qi Guangpu wins long-awaited Olympic gold in men's aerials
"09:10, 16-Feb-2022",Chinese mainland records 102 confirmed COVID-19 cases
"16:54, 16-Feb-2022",Kong Fanying a bright spark in China's alpine skiing toil at Beijing 2022
"23:16, 16-Feb-2022",Liaison Office of central govt vows support as HK fights COVID-19 outbreak
"16:39, 16-Feb-2022",People across China celebrate Lantern Festival
"14:27, 16-Feb-2022",Photos of a cute little owl on a branch
"17:04, 16-Feb-2022",The first month of the Chinese new year sees unique celestial events
"11:28, 17-Feb-2022","""Coffee banquet"" in Yunnan conveys locals' wish for better development"
"21:06, 17-Feb-2022",'We had a plan': The foreign aerials coaches behind golden Team China
"23:08, 17-Feb-2022","More kids on snow, Chinese youths head to ski resorts as Beijing Olympics takes place"
"18:30, 17-Feb-2022",COVID-19 in Hong Kong: Vice minister of NHC in Shenzhen to coordinate work
"17:09, 17-Feb-2022",Central government sends expert team to HKSAR
"17:32, 17-Feb-2022",Chinese envoy: Afghanistan's overseas assets should be returned quickly and in full
"09:20, 17-Feb-2022",China's large amphibious aircraft prototype the AG600 moves forward toward production
"12:07, 17-Feb-2022",China's Gu first in women's freeski halfpipe qualifiers at Beijing Olympics
"09:12, 17-Feb-2022",Chinese mainland records 92 confirmed COVID-19 cases
"08:31, 17-Feb-2022",Chinese traditional opera finds new audience through short videos
"17:39, 17-Feb-2022",Daily Quotes from 2022 Winter Olympic Games on Feb. 17
"22:11, 17-Feb-2022",Experts speak highly of COVID-19 protocols at Beijing 2022
"12:08, 17-Feb-2022",Official: Beijing Winter Olympics showcase China's tech prowess
"20:12, 17-Feb-2022",Xi Jinping congratulates meeting marking 65th anniversary of China-Sri Lanka diplomatic ties
"16:48, 18-Feb-2022",China's top legislature schedules standing committee session on Feb. 27-28
"11:22, 18-Feb-2022",IOC president praises CMG's Winter Olympics broadcast technology
"14:21, 18-Feb-2022",China plans to build 8 national computing hubs with 10 data center clusters
"08:45, 18-Feb-2022",China releases new quantum computing software
"22:35, 18-Feb-2022","China responds to EU challenge at WTO, vows to safeguard legitimate rights and interest"
"14:02, 18-Feb-2022",Chinese COVID-19 vaccine V-01 protects against Omicron in booster trial
"10:58, 18-Feb-2022",More gold for Gu as Team China's freestyle superstar wins Olympic halfpipe
"22:55, 18-Feb-2022",China's figure skating pair set new world record in short program
"22:08, 18-Feb-2022",China urges European Parliament to stop political stunts over Hong Kong
"08:56, 18-Feb-2022",China urges effective implementation of Minsk agreements at UN meeting on Ukraine
"18:23, 18-Feb-2022",China warns against using war as smokescreen for bargaining on Ukraine
"21:41, 18-Feb-2022",Chinese aid for fighting COVID-19 arrives in Solomon Islands
"09:26, 18-Feb-2022",Chinese mainland records 87 confirmed COVID-19 cases
"18:02, 18-Feb-2022",Chinese freeskier Gu credits medals on '99% hard work' as rivals back her to boost sport
"18:45, 18-Feb-2022",Hong Kong chief executive election postponed to May due to COVID-19
"11:07, 18-Feb-2022",The beauty of the color brown
"11:01, 18-Feb-2022",Taiwan's New Party chairman to attend closing ceremony of Beijing 2022
"17:48, 18-Feb-2022",Xi Jinping sends message of sympathy to Bolsonaro over rainfall disaster casualties
"11:37, 19-Feb-2022",Bionic whale shark makes a splash in Shanghai aquarium
"22:18, 19-Feb-2022",CGTN and Argentine media premiere co-produce documentary to mark 50th anniversary of diplomatic ties
"20:16, 19-Feb-2022",China approves sequential booster vaccinations
"20:24, 19-Feb-2022",China tries 'sequential immunization' to combat COVID-19
"21:57, 19-Feb-2022",Chinese duo Sui and Han win pairs figure skating gold at Beijing 2022
"09:30, 19-Feb-2022",Chinese mainland records 137 confirmed COVID-19 cases
"18:08, 19-Feb-2022",Chinese snowboarder Su Yiming: Love is why I do the sport
"16:05, 19-Feb-2022",Exclusive: Chinese women's ice hockey captain Yu Baiwei reflects on Beijing 2022
"10:45, 19-Feb-2022",Do you like the color green?
"20:31, 19-Feb-2022",Saudi ski program supervisor: Beijing 2022 motivates me to attend future Olympics
"19:22, 19-Feb-2022",Various sectors in Hong Kong gear up to take anti-pandemic measures
"11:42, 19-Feb-2022",Wang Fengchen: Chinese designers tell new fashion story at Beijing 2022
"19:25, 19-Feb-2022",China calls for rejecting new 'Cold War' as Ukraine tensions escalate
"23:00, 19-Feb-2022",Winter Olympics 2022 is the 'carbon neutral template' for future global events
"10:08, 19-Feb-2022","Chinese, Argentine presidents exchange congratulations on 50th anniversary of diplomatic ties"
"17:48, 19-Feb-2022",Xi to attend closing ceremony of Beijing Winter Olympics
"20:41, 20-Feb-2022",Hong Kong legislator: Aid from Chinese mainland boosts our confidence to conquer COVID-19
"12:55, 20-Feb-2022",Airbus to deliver 600th China-assembled A320 family aircraft by 2022
"13:56, 20-Feb-2022",Bach congratulates CMG for exceptional broadcasting achievements at Beijing 2022 
"20:00, 20-Feb-2022","Beijing 2022 concludes, passes Winter Olympics to Milano-Cortina 2026"
"22:54, 20-Feb-2022",Beijing 2022 is a 'great victory' with safe COVID-19 control: Official
"15:17, 20-Feb-2022","CPC Central Committee, State Council congratulate Chinese Winter Olympic delegation"
"20:19, 20-Feb-2022","China Weekly News Quiz: February 13-20, 2022"
"11:36, 20-Feb-2022",China's Chang'e-4 discovers glass globules on far side of moon
"16:47, 20-Feb-2022",China's PV exports rose 60% to $28.4b in 2021  
"10:16, 20-Feb-2022","Xu Mengtao, Gao Tingyu named flag bearers of Team China for Beijing 2022's closing ceremony"
"16:00, 20-Feb-2022",Chinese FM: China welcomes UN human rights chief to visit Xinjiang
"09:12, 20-Feb-2022",Chinese mainland records 195 confirmed COVID-19 cases
"13:05, 20-Feb-2022",German team piloted by Friedrich win 4-man bobsleigh gold at Beijing 2022
"18:01, 20-Feb-2022",Highlights of Team China at 2022 Winter Olympic Games
"09:59, 20-Feb-2022",IOC awards Olympic Cup to the Chinese people
"15:10, 20-Feb-2022",Inner Mongolia stretch of Yellow River thawing early in N China
"21:37, 20-Feb-2022",Nixon's 1972 visit to China: What happened 50 years ago and why it matters today
"21:05, 20-Feb-2022",Pictures: A glimpse of Beijing 2022 closing ceremony
"14:24, 20-Feb-2022",Finland win first ever Olympic ice hockey gold medal at Beijing 2022
"12:52, 20-Feb-2022",Norway's Therese Johaug wins women's 30km mass start free gold at Beijing 2022
"14:01, 21-Feb-2022","Beijing 2022 Olympics closes with fitting, symbolic 'willow twig' goodbye"
"13:30, 21-Feb-2022",Beijing 2022 Winter Olympics: A spectacular triumph for China
"10:49, 21-Feb-2022",A group of black-necked cranes found wintering in NW China's Xinjiang for the first time
"18:07, 21-Feb-2022",China completes foundations of world's largest LNG storage tanks
"15:48, 21-Feb-2022",China to impose countermeasures against two U.S. firms over Taiwan arms sales
"11:26, 21-Feb-2022",China's tablet shipments record highest growth in seven years
"15:50, 21-Feb-2022",China denies accusation of shining laser at Australian warplane
"10:26, 21-Feb-2022",China to send 96 Paralympians to participate in Beijing 2022 Winter Paralympics
"09:21, 21-Feb-2022",Chinese mainland records 144 confirmed COVID-19 cases
"22:58, 21-Feb-2022",HK to roll out 'vaccine pass' in hope of boosting vaccination rate
"23:15, 21-Feb-2022",Hong Kong ramps up plans to curb COVID-19 infections
"19:26, 21-Feb-2022",How Gao Tingyu grew to become speed skating Olympic gold medalist
"15:59, 21-Feb-2022",Jin Jiang Hotel – the place where Shanghai Communique was signed
"11:49, 21-Feb-2022",Mainland medical experts continue checking Hong Kong's anti-COVID work
"22:59, 21-Feb-2022","Nixon's ice-breaking visit to China, 50 years on"
"09:30, 21-Feb-2022",Quiz: Did you follow Beijing 2022 Winter Olympics?
"19:01, 21-Feb-2022",Super skaters shatter Olympic and world records at Beijing 2022
"21:53, 21-Feb-2022",Wang Yang calls on Taiwan compatriots to realize reunification is historical trend
"14:23, 21-Feb-2022",Whooper swans share an intimate moment at E China's Yinghua Lake
"15:26, 22-Feb-2022","China calls for calm, restraint and dialogue to ease Ukraine tensions"
"19:15, 22-Feb-2022",China's No. 1 central document vows promotion of rural vitalization
"09:11, 22-Feb-2022",Chinese mainland records 138 confirmed COVID-19 cases
"10:35, 22-Feb-2022","After Bloomberg 'deeply regrets the error,' do the Western media still owe China for its inaccurate reports?"
"12:42, 22-Feb-2022",Elusive sable spotted in north China's Inner Mongolia
"22:56, 22-Feb-2022",HK requires all residents to take 3 COVID tests in March
"21:12, 22-Feb-2022",First Olympic mascot themed Chinese film influences people to participate in sports 
"18:44, 22-Feb-2022",Rocket booster set to hit the moon is not China's: Chinese Foreign Ministry 
"12:29, 22-Feb-2022",The beauty of yellow leaves
"12:48, 22-Feb-2022",Wang Yi urges U.S. to practice its promises during phone call with Blinken
"21:09, 23-Feb-2022",92-year-old sculptor Liu Huanzhang continues to breathe life into stone
"11:36, 23-Feb-2022",Beautiful photos of frozen flowers taken in S China
"21:06, 23-Feb-2022",CMG starts calligraphic TV program with China Calligraphers Association 
"18:41, 23-Feb-2022",Central government ensures medical supplies delivered to Hong Kong
"15:56, 23-Feb-2022",Chinese envoy calls for practicing true multilateralism to safeguard UN Charter
"15:24, 23-Feb-2022",China rejects unilateral sanctions on Russia over Ukraine 
"20:12, 23-Feb-2022","China's Metaverse Committee, Asia Digital Bank to jointly boost BRI digital economy"
"10:14, 23-Feb-2022",China calls for increasing developing countries' voice at UNSC
"09:08, 23-Feb-2022",Chinese mainland records 205 confirmed COVID-19 cases
"11:38, 23-Feb-2022",Hong Kong to allocate some $6b to curb COVID-19
"13:10, 23-Feb-2022",Mainland vows decisive measures to crush 'Taiwan independence' plots
"17:23, 23-Feb-2022",More developing countries join Winter Olympics at Beijing 2022
"17:16, 23-Feb-2022","Olympic review: Snowboard, freeski keep soaring at Beijing 2022 Games"
"18:29, 23-Feb-2022",Xi congratulates inauguration of Mwalimu Julius Nyerere leadership school
"10:52, 24-Feb-2022",Beijing Winter Olympic organizers earn rave reviews from global athletes
"15:23, 24-Feb-2022",China calls on all parties to exercise restraint over Ukraine crisis
"17:45, 24-Feb-2022",China's major shale gas field adds 19 new wells
"09:18, 24-Feb-2022",China urges all parties to exercise restraint over Ukraine crisis
"12:49, 24-Feb-2022",China vows to boost support for export credit insurance
"19:43, 24-Feb-2022",Chinese embassy vows to protect citizens in Ukraine
"09:27, 24-Feb-2022",Chinese mainland records 186 confirmed COVID-19 cases
"12:39, 24-Feb-2022",Chinese students complain of unfair treatment while entering U.S.  
"19:32, 24-Feb-2022","Olympic review: Norway rules Nordic events, big names sweep medals"
"20:52, 24-Feb-2022",PLA actions 'won't stop' unless Taiwan separatists stop provocation: Defense Ministry
"11:09, 24-Feb-2022",This view of the ocean will put you at ease
"18:50, 24-Feb-2022",U.S. Justice Department ends controversial 'China Initiative' 
"19:11, 24-Feb-2022","Xi Jinping encourages Chinese winter sports athletes to strive for nation, people"
"12:49, 25-Feb-2022",'Elves of the plateau' winter in SW China's Tibet
"15:25, 25-Feb-2022", Young talent return to rural areas to become 'new farmers'
"12:40, 25-Feb-2022",BizBeat Ep.337: China strengthens ties with Middle East and Africa
"12:01, 25-Feb-2022",Breathtaking view of Helan Mountains covered with snow in NW China
"17:49, 25-Feb-2022",CPC leadership meets to discuss draft government work report
"22:17, 25-Feb-2022","China calls on Russia, Ukraine to solve issue through negotiation"
"15:56, 25-Feb-2022",China says it stands on the side of justice and peace on the Ukraine crisis
"15:15, 25-Feb-2022",China continues its socialist progress
"12:31, 25-Feb-2022",China moves to guide coal prices within reasonable range
"18:08, 25-Feb-2022",China plans new data center clusters to lift computing power
"10:15, 25-Feb-2022",China to boost green shift in cities and villages: ministry
"10:42, 25-Feb-2022",China to construct 10 national data center clusters for greater computing power
"15:41, 25-Feb-2022",Chinese envoy urges U.S. to contain 'Taiwan independence' forces
"09:40, 25-Feb-2022",Chinese mainland records 224 confirmed COVID-19 cases
"14:55, 25-Feb-2022",Critically endangered Baer's pochards spotted in east China's Shandong
"16:46, 25-Feb-2022",How do two of the world's biggest carbon emitters join hands to fight climate change
"10:51, 25-Feb-2022",In Pictures | The Beijing Central Axis: The Bell and Drum Towers
"21:17, 25-Feb-2022",Mainland slams Taiwan's DPP authorities on sanctioning Russia 
"12:47, 25-Feb-2022",Picturesque snow scenes in parts of China reminiscent of a fairyland
"20:26, 25-Feb-2022",Temporary hospitals under construction in HKSAR to fight COVID-19
"14:50, 25-Feb-2022",Volunteers make vital contribution to Beijing 2022's tremendous success
"10:35, 25-Feb-2022",Winter Paralympic villages open to welcome 48 delegations
"19:29, 25-Feb-2022","China supports Russia, Ukraine to solve the issue through negotiation, Xi tells Putin"
"00:09, 19-Feb-2022","IOC boss slams Valieva's team, China wins another gold: Olympics update"
"06:24, 16-Feb-2022",Lantern Festival lights up Asia
"08:14, 18-Feb-2022","China’s ""doctors on skis” behind Beijing 2022 Winter Games"
"08:15, 18-Feb-2022",Meet the Ultra HD 4K “Cheetah” at 2022 Beijing Winter Olympics
"03:57, 19-Feb-2022",See how China’s digital currency charms users at the Winter Olympics
"06:26, 23-Feb-2022",A look back on Nixon's China visit
"06:55, 24-Feb-2022", Ray Dalio of Bridgewater Associates at CGCC Lunar New Year Gala 
"17:18, 25-Feb-2022",Ambassador Qin Gang commemorates 50th anniversary of Nixon's China visit
"01:35, 25-Feb-2022",Remarks of Ambassador Qin Gang to The China General Chamber of Commerce U.S.A. Annual Gala 2022
