﻿"11:48, 25-Apr-2022",China will do its utmost to help Sri Lanka tide over difficulties
"20:20, 26-Apr-2022","3 Chinese nationals killed, 1 injured in blast at Pakistan's Karachi University"
"21:31, 26-Apr-2022",Asia's 1st Rafael Nadal Tennis Center to open in Hong Kong
"10:50, 26-Apr-2022",Beijing expands mass COVID-19 testing to 11 more districts 
"16:35, 26-Apr-2022",Blue-tailed Bee-eater Series | Episode 1: The return 
"13:05, 26-Apr-2022",China-Malaysia MoU aims to take TCM to next level
"14:22, 26-Apr-2022",China approves clinical trials of Sinopharm's Omicron-specific vaccine
"19:14, 26-Apr-2022",China is telling its youth to protect IP rights
"16:32, 26-Apr-2022",China on Russia-Ukraine conflict: No one wants World War III
"17:50, 26-Apr-2022",China reaffirms commitment to denuclearization of Korean Peninsula 
"21:26, 26-Apr-2022","China's box office plunges amid COVID-19, films delayed for May Day holiday"
"11:25, 26-Apr-2022",China's model workers: Welders who hold up mega ships
"13:18, 26-Apr-2022",China to further tap consumption potential amid COVID-19 resurgence
"09:07, 26-Apr-2022",Chinese envoy says Palestine issue should not be marginalized
"20:06, 26-Apr-2022","Chinese epidemiologist underlines dynamic zero-COVID approach, TCM role"
"09:13, 26-Apr-2022","Chinese mainland records 1,923 new confirmed COVID-19 cases"
"14:41, 26-Apr-2022",Cold air brings sleet in N China's Inner Mongolia
"12:31, 26-Apr-2022",Guangdong Nan'ao Series | Episode 10: Story-telling figs
"15:41, 26-Apr-2022","PBOC: Investor expectations, sentiment led to financial market volatility"
"19:15, 26-Apr-2022",Reporter's Diary: I talked with a recovered COVID-19 patient in Shanghai about his 21 days in temporary hospital
"17:09, 26-Apr-2022",Souvenirs from space: Shenzhou-13 return capsule unloaded
"20:56, 26-Apr-2022",Xi Jinping calls for advancing infrastructure construction 
"17:29, 27-Apr-2022","'China doesn't engage in political assassinations, unlike the U.S. and some Western countries'"
"21:52, 27-Apr-2022",Beijing adds three more high-risk areas for COVID-19
"10:30, 27-Apr-2022",Blue-tailed Bee-eater Series | Episode 2: Busy Hunters
"16:02, 27-Apr-2022",CGTN wins Gold award at 2022 New York Festivals TV and Film Awards
"10:08, 27-Apr-2022",China condemns USS Sampson transition through Taiwan Straits
"13:40, 27-Apr-2022","China's 38th Antarctic expedition ends, 2 icebreakers back in Shanghai"
"09:46, 27-Apr-2022","China's industrial profits up 8.5% in Q1, dropping from previous quarter"
"22:58, 27-Apr-2022",China warns U.S. of unbearable cost over acts towards Taiwan region
"16:05, 27-Apr-2022",China will keep staying 'on highest alert' amid COVID-19: immigration authority
"09:08, 27-Apr-2022","Chinese mainland records 1,824 new confirmed COVID-19 cases"
"19:57, 27-Apr-2022",Chinese shares rebound on Wednesday after days of slump
"19:05, 27-Apr-2022",Clinical research for Omicron vaccine will take 3-4 months: CNBG
"21:25, 27-Apr-2022",Liaoning coach Yang Ming: Our CBA title is well-deserved
"22:44, 27-Apr-2022","From Henan to Shanghai, female courier helps deliver packs to quarantined residents"
"21:23, 27-Apr-2022",Pakistani FM sends condolences to victims in blast at university
"11:39, 27-Apr-2022",Preparations underway for Chengdu Universiade
"15:33, 27-Apr-2022",Shanghai sets rules for zero-COVID areas as cases continue to fall
"22:00, 27-Apr-2022",Terminal cleaning: Things you need to know to stop COVID spread
"07:26, 27-Apr-2022",China says those behind Karachi terrorist attack will pay the price
"08:01, 27-Apr-2022","Turkmen president, Chinese defense minister agree to deepen military cooperation"
"12:16, 27-Apr-2022",Unearthed silk fragments identified as part of ancient book
"11:16, 27-Apr-2022",Wildlife of Wolong: The big family of golden snub-nosed monkeys
"13:30, 27-Apr-2022",Wildlife of Wolong: The brave snow partridges
"18:43, 27-Apr-2022",Xi congratulates first innovation exchange conference for craftsmen
"17:49, 28-Apr-2022",Beijing ramps up supplies to ease crunch caused by COVID panic buying
"15:30, 28-Apr-2022",Blue-tailed Bee-eater Series | Episode 3: Home Building
"08:24, 28-Apr-2022","China, Iran agree to push military ties to higher level"
"11:42, 28-Apr-2022",China launches first large shallow-water dynamic positioning vessel
"21:02, 28-Apr-2022",China launches new comprehensive scientific expedition to Mount Qomolangma
"17:25, 28-Apr-2022","China, nine Caribbean countries to hold foreign ministers' meeting"
"19:04, 28-Apr-2022","China refutes hypes about space threat, and the U.S. maritime bullying"
"14:03, 28-Apr-2022",China revises law to promote vocational education employment
"15:28, 28-Apr-2022",China to suspend import tariffs for coal from May 1 to March 2023 
"09:18, 28-Apr-2022","Chinese mainland records 1,503 new confirmed COVID-19 cases"
"22:31, 28-Apr-2022",Chinese mainland slams DPP authority for misleading the public
"14:33, 28-Apr-2022",Grand Canal gets fully refilled with water in all dried-out sections
"16:25, 28-Apr-2022",Miao woman finds path to wealth by making bamboo wine
"10:06, 28-Apr-2022",Noted Chinese calligraphy and painting brand to mark 350 years
"17:25, 28-Apr-2022",Shanghai's COVID-19 cases drop for 6th day amid plans to ease restrictive measures
"11:20, 29-Apr-2022",247 foreign firms in Shanghai included in 'white list' to resume production
"11:09, 29-Apr-2022",Blue-tailed Bee-eater Series | Episode 4: One Male's Dream
"14:22, 29-Apr-2022",Rescue underway after building collapsed in central China's Changsha
"13:38, 29-Apr-2022",China vows to stabilize economic growth while guarding against pandemic
"13:17, 29-Apr-2022",China launches two new satellites into orbit
"22:24, 29-Apr-2022","China ready to enhance economic, trade cooperation with Norway"
"15:01, 29-Apr-2022",Chinese envoy pays condolences to victims of Confucius Institute blast
"09:11, 29-Apr-2022","Chinese mainland records 5,659 new confirmed COVID-19 cases"
"17:16, 29-Apr-2022","Global gold demand up 34% in Q1, China's gold consumption down"
"22:56, 29-Apr-2022",Here's how robots work at temporary hospitals in COVID-hit Shanghai
"18:02, 29-Apr-2022","In China, music therapy is quietly taking hold in treatment "
"10:39, 29-Apr-2022",NW China's Shaanxi Archaeology Museum opens
"13:16, 29-Apr-2022","Official: 'Dynamic-zero' policy key to curb COVID-19, boost economy "
"19:08, 29-Apr-2022",Omicron leaves no room for relaxation in epidemic control: expert
"14:50, 29-Apr-2022",Shanghai Defenders: Political advisor delivers medicine for neighbors
"15:29, 29-Apr-2022",Young illustrator tells stories of thousands via personalized pictures
"13:14, 30-Apr-2022",'Where The Mighty Rivers Begin' Ep 4: Rhythms of Life
"12:36, 30-Apr-2022",China launches 5 satellites for Earth observation from East China Sea
"09:43, 30-Apr-2022",China's manufacturing PMI edges down to 47.4 in April
"09:12, 30-Apr-2022","Chinese mainland records 1,424 new confirmed COVID-19 cases"
"22:25, 30-Apr-2022",Chinese scientists find new way to transform CO2 into glucose and fatty acids
"18:09, 30-Apr-2022",Gen Z students spark national passion for Peking Opera 
"22:21, 30-Apr-2022",How does China's Mars rover cope with winter on the Red Planet?
"11:42, 30-Apr-2022",How new energy vehicles find their market in rural China
"13:06, 30-Apr-2022","Ports, airports in Shanghai work to help enterprises resume production"
"16:10, 30-Apr-2022",Rongbuk Glacier on Mt. Qomolangma in stable state despite shrinking
"10:50, 30-Apr-2022",Shanghai banker sleeps in office for a month to ensure financial stability
"15:50, 30-Apr-2022",Shanghai farmers back to land for spring cultivation
"16:14, 30-Apr-2022",Shanghai group-buying coordinator seen as neighborhood hero
"13:48, 30-Apr-2022",Shanghai says over 80% of firms on the 'white list' have resumed work
"16:16, 30-Apr-2022",Team China return to men's ice hockey Division 1
"12:44, 30-Apr-2022",The Colors of Nature: The yellow waterfall
"07:21, 30-Apr-2022",39 missing after Changsha building collapses
"15:56, 30-Apr-2022","Xi's article on building China's strength in science, technology to be published"
"16:38, 30-Apr-2022","Xi stresses further regulations on capital expansions, calls for 'fair competition' for all"
"19:46, 30-Apr-2022",Xi urges all-out rescue work after central China's building collapse trapped dozens
"20:36, 01-May-2022",7th survivor rescued from collapsed building in central China
"17:00, 01-May-2022","Beijing reports 55 new COVID-19 infections, opens new hospital"
"12:18, 01-May-2022","China Weekly News Quiz: April 24-May 1, 2022"
"09:12, 01-May-2022",Chinese mainland records 920 new confirmed COVID-19 cases
"21:12, 01-May-2022",New archaeological findings reveal prehistoric civilization in Tibet
"13:06, 01-May-2022",Nine detained over building collapse in Changsha
"19:14, 01-May-2022",Shanghai COVID-19 Diary: Metro line staff stick to their posts for over a month
"16:33, 01-May-2022","Seven pulled out from toppled building in central China, rescue continues"
"14:17, 01-May-2022",Wildlife of Wolong: The clever snow pigeons
"13:59, 02-May-2022",'Dual-Olympic' themed tourism route opens at Bird's Nest in Beijing
"19:56, 02-May-2022",16 injured after sightseeing bus overturns in NW China
"19:22, 02-May-2022",8th survivor rescued from collapsed building in central China
"12:49, 02-May-2022",A glance of beauty in a remote village in NW China
"17:01, 02-May-2022",Beijing reports 50 new local COVID-19 infections
"14:26, 02-May-2022",China begins annual summer fishing ban
"15:19, 02-May-2022",China starts clinical trial for Omicron-specific vaccine
"09:13, 02-May-2022",Chinese mainland records 865 new confirmed COVID-19 cases
"17:59, 02-May-2022",Chinese shuttlers shine at Badminton Asia Championships 2022
"09:59, 02-May-2022",Highest automatic weather station to be set up on Mt. Qomolangma
"07:52, 02-May-2022",Shanghai: Over 60% of people no longer confined to their communities
"18:25, 02-May-2022",Shanghai's first severe pediatric COVID-19 patient discharged from hospital after recovery
"07:19, 03-May-2022",9th survivor rescued from collapsed building in central China
"16:57, 03-May-2022","103 years on, 'May 4th spirit' inspires Chinese youth to create a better world"
"18:07, 03-May-2022","155 outstanding individuals, groups receive May Fourth Medal"
"17:52, 03-May-2022",Arrests approved for nine people over building collapse in Changsha
"16:57, 03-May-2022",Beijing reports 53 new local COVID-19 infections
"09:06, 03-May-2022",Blue-tailed Bee-eater Series | Ep. 7: Breeding Pains
"10:20, 03-May-2022","CGTN program gathers youths from China, Latin America, Caribbean"
"17:04, 03-May-2022",China's four-decade journey to IP superpower
"12:33, 03-May-2022","Chinese expedition team attempts to summit 8,848-meter Mt. Qomolangma"
"09:05, 03-May-2022",Chinese mainland records 384 new confirmed COVID-19 cases
"17:33, 03-May-2022",Chinese navy conducts routine training in western Pacific Ocean
"15:46, 03-May-2022",Consumption vouchers should be a key pillar in policy tool
"18:47, 03-May-2022",Eastern Theater Command conducts realistic training in East China Sea
"17:09, 03-May-2022",Hong Kong's GDP down 4% in Q1: advance estimates
"19:40, 03-May-2022",How does Xi Jinping encourage Chinese youth?
"12:57, 03-May-2022",Lead dancer Hu Yang: Dancing has been a great life choice
"22:31, 03-May-2022",Li Xia: shall I compare thee to a summer's day?
"12:54, 03-May-2022",Shanghai steps up efforts to address ambulance shortage
"12:29, 03-May-2022",Shanghai taxi driver uses knowledge of city to help those in need
"16:10, 03-May-2022",Three merits of Chinese stocks that attract seasoned investors
"19:12, 03-May-2022","At least 2 killed in central China's building collapse, rescue continues"
"13:10, 03-May-2022",Two more detained over building collapse in Changsha
"16:13, 03-May-2022",Urban farming allows residents to experience joy of countryside
"19:40, 03-May-2022",Xi congratulates Ramos-Horta on election as Timor-Leste's president
"16:42, 03-May-2022",Xi Jinping encourages youth to help boost China's aerospace sci-tech self-reliance
"16:54, 03-May-2022",Z Generation becomes the main consumer of China chic products 
"22:14, 04-May-2022",Rescuers find 10th survivor in collapsed building in central China
"22:57, 04-May-2022",All you need to know about China's latest Mt. Qomolangma conquest
"20:53, 04-May-2022",Beijing adjusts quarantine period for overseas travelers
"19:38, 04-May-2022",Beijing reports 46 new confirmed local cases
"17:26, 04-May-2022",Beijing to extend measures against COVID-19 after Labour Day break
"14:57, 04-May-2022",Blue-tailed Bee-eater Series | Ep. 8: Growth Pains
"23:08, 04-May-2022",COVID in Beijing: Control measures to remain in place after holidays
"18:47, 04-May-2022","China reiterates impartial position on Ukraine, rebukes U.S.'s claims"
"11:30, 04-May-2022",China's expedition team on its way to summit Mt. Qomolangma
"21:59, 04-May-2022",China sees 160 mln domestic tourist trips during May Day holiday
"12:13, 04-May-2022","China sets up world's highest weather station at altitude of 8,830m "
"14:14, 04-May-2022",Chinese expedition conducts research on Mt. Qomolangma summit
"09:11, 04-May-2022",Chinese mainland records 362 new confirmed COVID-19 cases
"12:33, 04-May-2022",Chinese scientific expedition team summits Mt. Qomolangma
"11:10, 04-May-2022",Graphics: How Hong Kong elects its chief executive
"18:52, 04-May-2022",100 years on: Guangzhou commemorates founding of Communist Youth League 
"10:55, 04-May-2022",India should partner with China to bridge digital divide
"21:05, 04-May-2022",Lead dancer Tang Shiyi innovates choreography in traditional dance dramas
"14:28, 04-May-2022",Most firms on Beijing bourse report profits in 2021
"14:48, 04-May-2022",Shanghai Defenders: Foreign volunteer joins fight against COVID-19
"07:55, 04-May-2022",Shanghai reports 260 new confirmed COVID-19 cases
"21:08, 04-May-2022","Taiwan registers over 20,000 new COVID-19 cases, Tuesday"
"14:51, 04-May-2022",Take a look at the striking view of Mount Qomolangma
"14:53, 04-May-2022",Two ways to increase Hong Kong youths' patriotism
"15:25, 04-May-2022",Water lilies bloom to welcome the Lixia solar term in S China
"11:51, 04-May-2022",Young generation carries forward traditional lion dancing 
"10:41, 04-May-2022",Youth are the core of China's dynamism
"07:23, 05-May-2022",Hong Kong Monetary Authority raises base rate to 1.25%
"05:45, 05-May-2022",China responds to U.S. State Department on Ukraine issue
