﻿"19:33, 14-May-2022",17 people shot near NBA playoff game in Milwaukee: report
"15:25, 14-May-2022",2023 AFC Asian Cup will not take place in China
"07:11, 14-May-2022","27 dead, 40 hospitalized in fire at 4-story building in New Delhi"
"07:14, 14-May-2022",5 killed as Israeli missiles hit central Syrian town: SANA
"14:51, 14-May-2022",6 dead after a truck turned over in SW Pakistan
"08:08, 14-May-2022","Biden and Jordan's King Abdullah discuss easing Israel, West Bank tensions"
"21:58, 14-May-2022",China-Europe freight train still in operation amid COVID-19 outbreak
"07:54, 14-May-2022",China urges destruction of WMDs during UN Security Council meeting
"07:15, 14-May-2022",Death toll climbs to 46 in Havana hotel blast
"11:20, 14-May-2022",Djokovic extends dominance in world rankings after thrilling 999th career win
"17:15, 14-May-2022",Dnipro offers long-term humanitarian aid to refugees
"11:40, 14-May-2022",EU coordinator's talks with Iran 'better than expected': Borrell
"19:01, 14-May-2022",Four Sri Lankan cabinet ministers sworn in
"21:45, 14-May-2022",ISIS claims responsibility for attack in Egypt: report
"10:41, 14-May-2022",India prohibits wheat export  
"10:07, 14-May-2022","Inflation in Russia hits 17.83% in April, highest since 2002"
"20:17, 14-May-2022",Israel police launch investigation after funeral incident
"16:09, 14-May-2022",Lukashenko plans bilateral talks with Putin on May 16
"16:58, 14-May-2022",French President Macron to visit UAE to mourn death of its president
"16:09, 14-May-2022",Muslims discrimination and human trafficking still rampant in U.S.
"16:50, 14-May-2022",NBA East semis on May 13: Tatum blows series to Game 7
"19:41, 14-May-2022",NBA West semis on May 13: Warriors beat Grizzlies to reach West Finals
"20:08, 14-May-2022",Putin says Finland shoud keep military neutrality as Finland seeks NATO membership
"17:03, 14-May-2022",Sheikh Mohamed bin Zayed Al Nahyan elected new UAE president
"21:51, 14-May-2022",South Korea defeats China to win second BWF Uber Cup title
"11:37, 14-May-2022",Thomas and Lyles claim 200m wins in Diamond League opener
"08:56, 14-May-2022",UN Security Council condemns killing of Al-Jazeera journalist
"08:04, 14-May-2022",UN chief mourns death of UAE president
"07:01, 15-May-2022",At least 10 killed in 'racially motivated' shooting in U.S. supermarket 
"16:00, 15-May-2022","At least 3 killed, around 25,000 affected in Assam floods, India"
"14:55, 15-May-2022",At least 6 killed in suicide blast in NW Pakistan
"10:19, 15-May-2022",China's handling of COVID-19 pandemic sets high standards for world: Pakistani FM
"17:51, 15-May-2022",Chinese badminton boss on Thomas & Uber Cup losses
"11:04, 15-May-2022","Djokovic reaches Rome final with 1,000th career win"
"17:49, 15-May-2022",Expert: 'Finlandization' for Ukraine is pretty much off the table
"16:39, 15-May-2022",F1 boss on Hamilton and jewelry ban: there has to be one rule for all
"18:03, 15-May-2022",Finnish government officially announces its application for NATO membership
"22:25, 15-May-2022",Finland to join NATO as Russia launches more missiles into Ukraine
"11:52, 15-May-2022","Global Political Calendar: Biden's Asia trip, Australia's election, Sweden eyes NATO membership"
"19:52, 15-May-2022",India win historic first Thomas Cup by beating Indonesia
"20:29, 15-May-2022","Iran serious in Vienna talks, but not trusting 'enemy': negotiator"
"13:57, 15-May-2022",Israel reopens Gaza crossing after nearly two weeks
"20:28, 15-May-2022",At least 10 Palestinians injured in clashes with Israeli forces
"14:26, 15-May-2022",Kishida unveils plan to transform U.S. base in Okinawa into public park
"19:39, 15-May-2022",More refugees return home only to find houses destroyed
"22:05, 15-May-2022",Mortar attack near Somalia's presidential election site
"20:30, 15-May-2022",Oil refinery catches fire in Indonesia's Kalimantan province
"12:07, 15-May-2022",Lebanon holds first elections since its financial collapse
"15:15, 15-May-2022",Saudi Aramco net profit soars 82% in Q1 on high oil prices
"19:53, 15-May-2022",Somalia holds presidential election after long delay
"19:10, 15-May-2022","South Korean, U.S. presidents to hold summit on May 21"
"16:34, 15-May-2022",UAE's new president meets Macron in Abu Dhabi
"19:35, 15-May-2022","Where do Philadelphia 76ers, James Harden go after postseason failure?"
"12:06, 15-May-2022","Wielding a double-edged sword, Europe hurt by its sanctions on Russia"
"20:36, 15-May-2022",Will Finland and Sweden's NATO entry make Europe more secure?
"20:19, 15-May-2022",Xi Jinping sends congratulatory message to new UAE president
"20:20, 15-May-2022",Xi Jinping mourns passing of UAE President Sheikh Khalifa bin Zayed Al Nahyan
"11:36, 16-May-2022", China's embassy in UK urges G7 to mind their own affairs
"12:29, 16-May-2022","15 killed, scores injured in bus accident in Indonesia's East Java"
"07:18, 16-May-2022","3 killed, several injured in California, Texas shootings"
"08:14, 16-May-2022",At least 11 dead in Peru as bus crashes into ravine
"22:26, 16-May-2022",Biden approves plan to redeploy several hundred ground forces into Somalia
"19:18, 16-May-2022","Putin says Sweden, Finland NATO bid no threat to Russia but may trigger response"
"17:25, 16-May-2022",Premier Li asks Pakistan to scale up security for Chinese personnel
"14:07, 16-May-2022",DPRK convenes emergency consultative meeting as outbreak surges
"18:27, 16-May-2022",Daniil Medvedev to return at Geneva Open after 5-week absence
"10:30, 16-May-2022",Rome victor Djokovic in 'sunshine double' after son wins 1st tournament
"18:23, 16-May-2022",Dozens killed in attacks in Burkina Faso
"16:14, 16-May-2022",Finnish president thanks U.S. for support over NATO membership bid
"14:23, 16-May-2022",First commercial flight in 6 years departs Yemen's rebel-held capital
"22:27, 16-May-2022",French PM Jean Castex tenders resignation
"17:13, 16-May-2022",Han Xu continues to make efficient offensive performance for Liberty
"07:00, 16-May-2022",Hassan Sheikh Mohamud wins Somali presidential election  
"11:42, 16-May-2022","Heeding Kobe's words, AC Milan on brink of ending 11-year title drought"
"18:55, 16-May-2022",ISF Gymnasiade Normandy 2022 opens on May 15 in Deauville
"15:23, 16-May-2022",Iranian foreign minister plans to visit UAE on Monday: spokesperson
"15:05, 16-May-2022",Japan's wholesale prices rise by record 10% as energy costs soar
"08:49, 16-May-2022",Lebanese Forces party says it has won at least 20 seats in parliamentary vote
"16:55, 16-May-2022",NBA Conference semis on May 15: two blowouts for Game 7s
"20:09, 16-May-2022",Russia receives anonymous bomb threat on two Moscow-bound flights
"09:30, 16-May-2022",South Korea to purchase 40 U.S. helicopters to train military pilots
"22:00, 16-May-2022","Sri Lanka out of petrol, economy 'extremely precarious,' says PM"
"16:20, 16-May-2022",Sri Lanka to impose curfew on Monday
"07:27, 16-May-2022","Sweden's ruling party backs joining NATO, paving way for bid"
"21:05, 16-May-2022",Swedish government announces decision to apply for NATO membership
"21:55, 16-May-2022",Turkey must keep diplomatic balance for Ukraine peace talks: Erdogan adviser
"09:58, 16-May-2022",UN chief condemns killing of 10 in Buffalo
"11:40, 16-May-2022",UN warns of worsening drought in Horn of Africa in four decades
"21:50, 16-May-2022",Viktor Orban sworn in as Hungarian PM for fifth term
"18:27, 16-May-2022",Wheat prices hit record high after India export ban
"09:25, 16-May-2022","South Korean, U.S. presidents to discuss Indo-Pacific Economic Framework"
"07:36, 17-May-2022","1 dead, 12 injured as blast rocks Karachi market"
"10:48, 17-May-2022",Arsenal in self-destruct mode as Champions League hopes fade
"08:21, 17-May-2022","Backgrounder: Finland's complex history with Russia, Sweden"
"10:44, 17-May-2022",Colombian rebels announce presidential election ceasefire
"11:48, 17-May-2022",DPRK mobilizes army to help fight COVID-19 amid 'anti-pandemic war'
"07:12, 17-May-2022","Erdogan says Swedish, Finnish delegations should not bother coming"
"18:18, 17-May-2022",Euro-area GDP up 5.1% year on year in the first three months
"17:54, 17-May-2022",Evidence obtained by Russia reveals U.S. biolabs in Ukraine developing biological weapons: Putin
"17:49, 17-May-2022","Explosion reported in Nigeria's Kano, casualties unknown"
"20:28, 17-May-2022",Finnish parliament votes in favor of NATO membership
"16:48, 17-May-2022",IAEA director general headed to Fukushima for planned water discharge discussions
"16:47, 17-May-2022",India announces some relaxations in wheat exports
"12:06, 17-May-2022",Libya's Bashagha arrives in capital over stalemate on its control
"15:30, 17-May-2022",Libya's parliament-appointed PM leaves Tripoli: report
"12:02, 17-May-2022",Mycena lux-coeli: Mushrooms that emit eerie green light
"18:26, 17-May-2022","NBA East Finals preview: Defense is the key for Heat, Celtics"
"19:40, 17-May-2022",NBA West Finals preview: How do the Warriors contain Luka Doncic?
"14:35, 17-May-2022","One Palestinian shot, over 60 arrested by Israeli forces in West Bank"
"16:47, 17-May-2022",Packers to make Jaire Alexander highest-paid defensive back in history
"12:37, 17-May-2022","Palestinians, Israeli police clash at funeral in Jerusalem"
"21:30, 17-May-2022","Peskov: Russia can't be isolated, Putin knows where he is leading the country"
"15:03, 17-May-2022","Putin says 'no problem' with Finland, Sweden joining NATO"
"10:31, 17-May-2022",South Korea successfully tests homegrown heavyweight torpedo
"19:16, 17-May-2022",Sri Lanka approves power cut for Wednesday amid financial crisis
"15:19, 17-May-2022",Swedish foreign minister signs application to join NATO
"17:06, 17-May-2022","Sweden, Finland to jointly submit NATO membership applications"
"08:33, 17-May-2022",U.S. Air Force claims it conducted hypersonic weapon test
"22:06, 17-May-2022",U.S. President Biden visits Buffalo after deadly mass shooting 
"07:52, 17-May-2022",U.S. Strategic Petroleum Reserve drops to lowest level since 1987: report
"07:46, 17-May-2022","U.S. revises Cuba policy by easing remittance, travel restrictions"
"20:34, 17-May-2022",UK unveils plans on legislation to make changes in the NI Protocol
"07:43, 17-May-2022",Russian media trumpets 'surrender' as Ukraine ends Azovstal steel plant mission
"22:35, 17-May-2022",Unknown hepatitis in children: Will it become a pandemic too?
"13:05, 17-May-2022",Why is Australia concerned about China-Solomon Islands cooperation?
"09:31, 18-May-2022",10 injured as Moroccan stadium roof collapses
"07:20, 18-May-2022","11 killed, dozens injured in head-on collision in Brazil"
"08:10, 18-May-2022",America's bait to the NATO members
"07:04, 18-May-2022",At least 11 people dead after heavy rains trigger floods in NE India
"08:08, 18-May-2022",January-March GDP annual rate -1.0% minus in Japan
"02:38, 14-May-2022","G7 backs more aid, weapons to Ukraine"
"01:38, 14-May-2022",Namibia's COVID-19 surge due to Omicron sublineage variants: minister
"02:21, 15-May-2022",African leaders congratulate Mohamed bin Zayed on election as new UAE President
"02:22, 15-May-2022",Baby formula shortage worsening in U.S. prompts federal intervention
"02:21, 15-May-2022",Nigeria's electoral body concerned over security situation ahead of February vote
"02:21, 15-May-2022",Rwanda lifts mask mandate as COVID-19 numbers decline
"02:21, 15-May-2022","International partners urge Somali lawmakers to ""discharge their constitutional responsibility"" in Sunday's vote"
"02:21, 15-May-2022","UK to send 50 migrants to Rwanda in a fortnight, says PM"
"02:22, 15-May-2022",UN rights chief calls for investigations into the killing of female journalist in West Bank
"01:32, 16-May-2022",Africa's COVID-19 infections top 11.54 million
"01:31, 16-May-2022",Candidate withdraws from Somalia presidential election 
"01:32, 16-May-2022","Saed Abdullahi Deni wins first round of Somalia election, to proceed into second round alongside three others"
"01:32, 16-May-2022",Zimbabwe denies harboring Rwandese fugitive wanted for role in 1994 genocide
"00:57, 17-May-2022",AU Chief commends Somalia for holding presidential election
"02:41, 17-May-2022","Erdogan tells Sweden, Finland not to ""tire themselves"" seeking Turkey's approval for their NATO bids"
"02:22, 17-May-2022",FAO optimistic about positive transformations of agrifood systems despite challenges
"01:08, 17-May-2022",Guinea-Bissau's president dissolves parliament
"01:04, 17-May-2022",Macron names Elisabeth Borne as new French Prime Minister
"00:31, 17-May-2022",Rwanda aims to have operational cooking gas plant within one year
"01:08, 17-May-2022",South African Reserve Bank places Ubank under curatorship
"00:27, 17-May-2022",UN welcomes successful conclusion of Somalia's Presidential election
"00:41, 17-May-2022",Zimbabwe rolls out mental health program targeting workplaces
"01:43, 18-May-2022",Burkina Faso rescuers find no survivors in flooded mine's rescue chamber: govt
"01:59, 18-May-2022","EU suspends military training in Mali, stops short of ending mission"
"01:58, 18-May-2022","France to increase arms supplies to Ukraine, Macron tells Zelenskyy"
"02:33, 18-May-2022",Israel says intercepts drone launched by Lebanon's Hezbollah
"01:38, 18-May-2022",Somalia welcomes the decision by U.S. to redeploy troops
"00:52, 18-May-2022","Sweden, Finland to submit NATO membership bid Wednesday"
"01:54, 18-May-2022",U.S. eases some sanctions on Venezuela to encourage political talks: official
"17:49, 14-May-2022",West split on prospects of revived Iran nuclear deal 
"21:47, 17-May-2022",What is monkeypox?
"01:17, 18-May-2022",UK government announces plans to 'tweak' Northern Ireland Protocol
"05:14, 15-May-2022","About 200,000 children in the U.S. have lost a caregiver to COVID-19"
"00:33, 15-May-2022",Remarks by spokesperson of the Chinese Embassy in the U.S. on the improper remarks of the U.S. side on Hong Kong
"02:26, 15-May-2022",Company genetically modifies plants to light up when facing stress
"05:13, 15-May-2022",Dominica excludes Russians and Belarusians from citizenship program
"05:01, 15-May-2022",Pro-choice advocates march in U.S. cities for reproductive freedom
"01:34, 15-May-2022",Venezuela's food and fertilizer prices rise amid Russia-Ukraine crisis
"05:05, 15-May-2022",World's longest footbridge opens in Czech Republic 
"06:15, 16-May-2022", Lebanon votes in crucial parliamentary election
"06:38, 16-May-2022",Families flocking to breast milk banks during formula shortage
"06:16, 16-May-2022",Massive wildfire spreads in New Mexico
"03:13, 17-May-2022",Educators teach AAPI history despite growing backlash against “Critical Race Theory”
"06:16, 18-May-2022",Black Tulsans demand reparations for Tulsa massacre
"06:17, 18-May-2022",Guyana becomes world's newest oil producer
"06:17, 18-May-2022",Police investigate Buffalo shooting as a hate crime
"06:15, 18-May-2022",Scientists develop slime “soft robot” in research for advancement of internal medicine
"06:17, 18-May-2022",U.S. doctors advise whole cow's milk amid formula shortage
