﻿"12:07, 25-Feb-2022",15 FARC members killed during military operation in Colombia
"07:11, 25-Feb-2022",Biden announces additional sanctions against Russia
"21:59, 25-Feb-2022",Biden to nominate Ketanji Brown Jackson as first black woman to U.S. supreme court
"12:16, 25-Feb-2022","Chile's melting glaciers, a fast-disappearing gauge of climate change"
"21:03, 25-Feb-2022",Experts: Western sanctions wouldn't halt Russia's military actions
"12:40, 25-Feb-2022","Facebook, Twitter highlight security steps for users in Ukraine"
"11:20, 25-Feb-2022",Graphics: The military balance of power in Russia-Ukraine tensions 
"16:46, 25-Feb-2022",How do two of the world's biggest carbon emitters join hands to fight climate change
"19:33, 25-Feb-2022",Lavrov: Putin says he is willing to negotiate with NATO
"18:31, 25-Feb-2022",Lavrov tells CGTN: Diplomatic negotiations are the way out
"10:30, 25-Feb-2022","M6.2 earthquake strikes Indonesia's Sumatra Island, killing at least 7"
"20:35, 25-Feb-2022",Paris replaces St. Petersburg as UEFA Champions League final location
"07:11, 25-Feb-2022","Putin briefs Macron, Modi and Raisi on Russia's military operation in Ukraine"
"16:16, 25-Feb-2022","Russian military takes full control of Chernobyl nuclear power plant, radiation level keeps normal"
"10:38, 25-Feb-2022","Kyiv reports loud explosions, fire on second day of Russian military operation"
"07:36, 25-Feb-2022",U.S. ex-cops found guilty of violating civil rights of George Floyd
"10:03, 25-Feb-2022",Racial minorities in U.S. report frequent COVID-19-related discrimination: Study
"21:10, 25-Feb-2022",U.S. returns part of land of military bases to ROK
"12:32, 25-Feb-2022","Ukraine crisis: Some 100,000 displaced, thousands flee abroad"
"14:50, 25-Feb-2022",Volunteers make vital contribution to Beijing 2022's tremendous success
"07:53, 25-Feb-2022",Zelenskyy: Ukraine 'left alone' to fight Russia
"19:14, 26-Feb-2022",At least 13 dead after boat capsizes off central Vietnam
"19:03, 26-Feb-2022",Beijing 2022 highlights: When Olympic medals run in the family
"19:21, 26-Feb-2022",China condemns latest U.S. warship transit of Taiwan Straits
"10:57, 26-Feb-2022",China says EU should urge Lithuania to return to one-China principle
"11:13, 26-Feb-2022",China sets new safe flight world record of 100 million continuous hours
"07:31, 26-Feb-2022",Wang Yi: China encourages efforts conducive to peaceful settlement of Ukraine crisis
"13:13, 26-Feb-2022",Cutting Russia off SWIFT technically difficult: Germany
"16:44, 26-Feb-2022",France announces 300m euros in aid for Ukraine
"22:31, 26-Feb-2022","America's allies want no part in the Russia-Ukraine conflict, but it's hard to not take sides"
"21:00, 26-Feb-2022",Iran to send five athletes to 2022 Winter Paralympic Games
"14:50, 26-Feb-2022",M6.0 earthquake strikes Mindanao in Philippines: EMSC
"20:12, 26-Feb-2022","MWC organizer: No Russian showcase, ban on some Russian firms"
"19:51, 26-Feb-2022",NBA highlights on Feb. 25: Harden impresses 76ers in debut game
"19:51, 26-Feb-2022",Rams coach Sean McVay committed to helping team defend Super Bowl title
"20:06, 26-Feb-2022",Ukraine crisis spirals into space: Roscosmos head warns U.S. sanctions may lead to ISS crashing down
"12:22, 26-Feb-2022",U.S. sanctions Putin as Russia and Ukraine signal openness to talks
"06:52, 26-Feb-2022",UN Security Council fails to pass draft resolution on Ukraine
"11:04, 26-Feb-2022",IAEA: Chernobyl radiation levels pose no risk to public amid Ukraine-Russia conflict
"13:36, 26-Feb-2022","Ukrainian Vice PM urges Apple to cut products, services in Russia"
"18:58, 26-Feb-2022",Zelenskyy says Ukraine still in control of Kyiv
"08:54, 27-Feb-2022",Australia floods kill seven as severe weather pummels Queensland
"22:34, 27-Feb-2022",Boxing governing bodies ban Russia from hosting title bouts
"09:34, 27-Feb-2022","Wang Yi: China backs a security dialogue between NATO, EU and Russia"
"08:20, 27-Feb-2022",'Never leave citizens behind': Chinese ambassador says he still in Kyiv
"20:29, 27-Feb-2022",Chinese para ice hockey team have first adaptive training session
"23:17, 27-Feb-2022",Clashes intensify as Russia-Ukraine conflict enters 4th day
"07:08, 27-Feb-2022",DPRK fires suspected ballistic missile toward eastern waters: ROK military
"11:26, 27-Feb-2022",Earthquake in western Indonesia kills 10
"17:51, 27-Feb-2022","Explainer: SWIFT, and the impact of cutting Russian banks out"
"19:28, 27-Feb-2022",Global Political Calendar: China's Two Sessions and Russia-Ukraine conflict
"22:13, 27-Feb-2022",Leeds United fire manager Marcelo Bielsa amid difficult season
"18:37, 27-Feb-2022","NBA highlights on Feb. 26: Irving, Nets get revenge on Bucks"
"13:23, 27-Feb-2022",Polling stations open for referendum in Belarus
"13:39, 27-Feb-2022",Refugees flee across EU borders as Ukrainian fighting continues
"10:11, 27-Feb-2022",Russia resumes operation as Ukraine says talk conditions 'unacceptable'
"11:58, 27-Feb-2022","Spotlight: Volodymyr Zelenskyy, the man in the middle"
"15:44, 27-Feb-2022",Ukraine agrees to hold talks with Russia at Belarusian-Ukrainian border
"19:26, 28-Feb-2022",'Uneven' climate change adaptation measures impacting 3.6b people: UN
"22:36, 28-Feb-2022","50 years after Nixon's China trip, realpolitik could still lead to peace"
"10:54, 28-Feb-2022",Africa faces tough job not to become world's plastic 'dustbin'
"17:26, 28-Feb-2022",Alien Fungi: If earth has tongues
"07:45, 28-Feb-2022",BP abandons 19.75% stake in Russian oil giant Rosneft
"15:29, 28-Feb-2022",Belarus to give up non-nuclear status
"07:35, 28-Feb-2022",Belarusian referendum approves of constitutional amendments
"19:24, 28-Feb-2022",China initiates emergency coordination to ensure its citizens' safety in Ukraine: Wang Yi
"16:41, 28-Feb-2022",China explores feasible plans for evacuation of citizens from Ukraine
"15:48, 28-Feb-2022",Chinese FM to address UN Human Rights Council session
"08:05, 28-Feb-2022",DPRK confirms conducting 'reconnaissance satellite' test
"11:05, 28-Feb-2022","FIFA orders Russia to play World Cup qualifiers at neutral venues with no fans, flag or anthem"
"13:19, 28-Feb-2022",Fundamental solution lies in neutral status of Ukraine
"14:27, 28-Feb-2022",Graphics: American prisons – A business that 'enslaves' prisoners
"10:16, 28-Feb-2022","IPC, BOCOG presidents confident of successful Winter Paralympics"
"19:59, 28-Feb-2022",Indonesia may miss 2023 FIBA Basketball World Cup at home
"18:48, 28-Feb-2022",Iran says three key issues remain unresolved in Vienna nuclear talks
"20:28, 28-Feb-2022",Mets hire first female director of Major League operations: report
"11:45, 28-Feb-2022","NATO, Russia, and the return of history"
"18:31, 28-Feb-2022",NBA highlights on Feb. 27: Mavs rally in last quarter to beat Warriors
"23:13, 28-Feb-2022",Russia-Ukraine talks held as fighting enters 5th day
"11:54, 28-Feb-2022",Russia urgently hikes key rate to 20% after rouble tanks almost 30% following latest sanctions
"12:12, 28-Feb-2022",Snooker: China's Fan defeats O'Sullivan to claim European Masters 2022
"11:27, 28-Feb-2022",Team China's sports gear at Beijing 2022 Winter Olympics
"07:50, 28-Feb-2022","U.S., France urge citizens to leave Russia"
"07:31, 28-Feb-2022",UN adopts resolution on emergency General Assembly session on Ukraine
"11:09, 28-Feb-2022",Ukraine conflict: Here is what you need to know
"16:36, 28-Feb-2022",World's largest cargo plane An-225 Mriya destroyed in Ukraine
"10:23, 01-Mar-2022",Russian UN ambassador regrets U.S. decision to expel 12 members of his mission
"18:11, 01-Mar-2022",British PM: Putin not a 'valid interlocutor'
"10:21, 01-Mar-2022",Burkina Faso approves 36-month military-led transition period: report
"22:57, 01-Mar-2022",Cargo ship with luxury cars sinks off Portugal's Azores Islands
"09:09, 01-Mar-2022",China calls for efforts conducive to direct negotiations on Ukraine
"15:25, 01-Mar-2022","China hopes Russia, Ukraine maintain dialogue, negotiation process"
"11:54, 01-Mar-2022",China to provide emergency food aid to drought-affected Horn of Africa countries
"21:10, 01-Mar-2022",China calls for constructive efforts to find political solution to Ukraine issue
"09:15, 01-Mar-2022",Death toll rises to 13 from Colombia's coal mine explosion
"15:44, 01-Mar-2022",Expert: Short-termism in U.S. getting ahead of long-term perspective in China-U.S. relations
"17:18, 01-Mar-2022",Fire in Damascus mall kills 11: state media
"10:45, 01-Mar-2022",Five people killed in California church shooting
"16:14, 01-Mar-2022","ISU bans Russia, Belarus from international competitions"
"08:32, 01-Mar-2022",Iran says it will not wait forever over nuclear deal
"23:21, 01-Mar-2022","Latest on Russia-Ukraine conflict: 2nd talks planned, Kharkiv attacked, casualties rise"
"20:20, 01-Mar-2022",Queen Elizabeth II well enough to carry out virtual audiences
"22:24, 01-Mar-2022",Russia-Ukraine conflict clouds fragile recovery of global aviation industry
"18:08, 01-Mar-2022",Russia bans airlines from 36 countries from its airspace
"12:11, 01-Mar-2022",Sudanese protesters demand civilian rule in front of Republican Palace
"07:35, 01-Mar-2022",U.S. Senate fails to pass bill to protect abortion rights nationally
"07:48, 01-Mar-2022",UN Security Council imposes arms embargo on Houthis in Yemen
"17:51, 01-Mar-2022",Ukrainian parents race against time to save children
"18:07, 01-Mar-2022",Ukrainian President Volodymyr Zelenskyy signs application to join the EU
"07:08, 02-Mar-2022","Biden, Zelenskyy discuss situation in Ukraine"
"01:16, 24-Feb-2022",S. African experts call for BRICS to expand scope after COVID-19
"01:35, 26-Feb-2022",German GDP growth in 2021 revised to 2.9 percent: Destatis
"03:15, 26-Feb-2022",Manchester United ends their sponsorship deal with Russia's airline 
"01:22, 26-Feb-2022",Russia suspended from Council of Europe
"03:20, 26-Feb-2022",Russia to restrict Facebook access for 'censoring' its media
"23:44, 27-Feb-2022",Egypt calls for Arab League meeting on Ukraine conflict
"02:08, 27-Feb-2022",Western allies agree on blocking some Russian banks from SWIFT
"01:16, 27-Feb-2022","Moscow ready to cooperate with ""all constructive forces"" on settlement in Ukraine"
"01:07, 27-Feb-2022",Russia able to take measures to mitigate damage from sanctions: Kremlin
"04:24, 27-Feb-2022",Sri Lankan central bank recommends reducing work days to beat fuel shortage
"04:38, 27-Feb-2022",Sweden will not play Russia in the 2022 World Cup play-offs
"02:28, 28-Feb-2022",Africa's COVID-19 cases pass 11.17 mln: Africa CDC
"02:14, 28-Feb-2022",EU to shut airspace to Russian airlines
"02:11, 28-Feb-2022",UN nuclear watchdog sets Wednesday date for emergency meeting on Ukraine
"02:57, 28-Feb-2022",Rural Hungarians unite to provide aid for Ukrainians fleeing conflict
"01:50, 28-Feb-2022",Russia says won't suspend military operation in Ukraine during talks
"01:39, 28-Feb-2022",Zimbabwe to assist nationals stuck in Ukraine to return home
"03:33, 01-Mar-2022",AU 'disturbed' by reports that Africans are blocked from leaving Ukraine
"01:10, 01-Mar-2022",Chinese FM urges sound development of global human rights
"03:22, 01-Mar-2022","First round of Russia-Ukraine Talks ends, Kyiv seeks EU membership"
"03:27, 01-Mar-2022","Hosting U.S. nuclear weapons ""completely unacceptable"": Japan's PM"
"03:30, 01-Mar-2022","NATO allies boost military, practical support to Ukraine"
"03:31, 01-Mar-2022",Russia's nuclear triad put on high alert: defense ministry
"03:19, 01-Mar-2022",UN chief says fighting in Ukraine must stop
"01:01, 02-Mar-2022",African airlines' capacity jumped 11.3 percent in February
"02:07, 02-Mar-2022",IEA members to release 60 million barrels from emergency oil reserves
"02:05, 02-Mar-2022",Libya parliament approves new government
"00:58, 02-Mar-2022",Nigerian President travels to Kenya for the commemoration of the 50th anniversary of UNEP
"03:13, 02-Mar-2022",South Africa's foreign minister says blocking Africans from evacuation out of Ukraine proof of racism
"02:43, 26-Feb-2022",Kyiv kindness has shown 'how valuable life is'
"20:10, 28-Feb-2022","Ukraine conflict day 5: Talks begin, Ukraine applies to join EU, Ruble crashes, Russia advances in the east"
"01:37, 01-Mar-2022","Western energy and banking giants pull out of Russia, prompting economic chaos"
"03:01, 02-Mar-2022",Brussels split as Ukraine pushes to join EU 
"00:28, 02-Mar-2022",Pictures of girl killed in Ukraine captures global attention - WARNING DISTURBING IMAGE
"06:32, 23-Feb-2022",Grand Ethiopian Renaissance Dam begins generating electricity
"17:18, 25-Feb-2022",Ambassador Qin Gang commemorates 50th anniversary of Nixon's China visit
"03:53, 25-Feb-2022",Rescue operation remains ongoing as many still missing in Brazil
"06:27, 25-Feb-2022",The economic impact of the Russia-Ukraine conflict escalates
"06:27, 25-Feb-2022",What is SWIFT?
"03:59, 26-Feb-2022",Biden’s COVID-19 response so far
"03:40, 26-Feb-2022",Children Learn Chinese in Mexico
"07:09, 26-Feb-2022",New subway safety plan begins after violent attacks in NYC
"07:04, 26-Feb-2022",Protesters march in support of Ukraine
"03:51, 26-Feb-2022",Qin Gang celebrates 50th anniversary of Nixon’s visit to China
"05:13, 26-Feb-2022",See how China’s presence at U.N. paved way to thawing relations
"05:25, 26-Feb-2022",Ukrainians flee to neighboring countries amid crisis 
"03:37, 26-Feb-2022",Who is the U.S. Supreme Court Nominee Ketanji Brown Jackson?  
"04:48, 27-Feb-2022",Bolivia's miners celebrate as Oruro Carnival begins 
"04:47, 27-Feb-2022",Kyiv mayor issues curfew from 5pm Saturday to 8am on Monday 
"04:48, 27-Feb-2022","Oil depot burns in Luhansk, Ukraine"
"04:31, 27-Feb-2022",Qin Gang visits a school that President Xi and Biden visited 10 years ago
"05:25, 28-Feb-2022",Explanation of Vote by Ambassador Zhang Jun at the UN Security Council on the Resolution on Ukraine
"05:45, 01-Mar-2022",African students struggle to leave Ukraine amid crisis
"05:51, 01-Mar-2022",Chicago protesters hold rally in support of Ukraine
"06:17, 01-Mar-2022",Mexico prepares for wave of Ukrainian refugees
"05:45, 01-Mar-2022",Mini carnival kicks off in Brazil
"05:54, 01-Mar-2022",More Americans likely to buy cryptocurrency
"05:56, 01-Mar-2022",New proposed legislation makes pesticides more accessible to farmers
"05:41, 01-Mar-2022",Republicans share their visions for the country at CPAC 2022
"07:08, 01-Mar-2022",The new digital revolution in Argentina
"05:50, 02-Mar-2022",Delegations from over 40 countries walk out of UN Human Rights Council
"05:50, 02-Mar-2022","Fat Tuesday Mardi Gras celebrations return to New Orleans, Louisiana"
"05:10, 02-Mar-2022",LA bans oil and gas wells
"05:49, 02-Mar-2022",Raging bulls crash through gate of family home in India 
"02:36, 02-Mar-2022",Residents of Afghanistan's 'One Kidney Village' sell organs for cash
"02:37, 02-Mar-2022","Russia steps up military actions in Kharkiv and Kyiv, Ukraine "
"05:06, 02-Mar-2022",State of the Union: Biden and U.S economy
"05:03, 02-Mar-2022",Ukraine crisis: Do sanctions work?
