﻿"17:29, 08-May-2022","3 dead, 2 injured in shooting in Kazakhstan's Kyzylorda: report"
"20:16, 08-May-2022",Afghanistan receives $32 million in humanitarian aid
"20:48, 08-May-2022",Ambush leaves 12 dead in Burkina Faso
"16:41, 08-May-2022","At least 32 dead, 19 missing in Havana hotel blast: report"
"19:29, 08-May-2022",At least 48 killed in NW Nigeria's attacks
"19:07, 08-May-2022",Chinese center Han Xu to play for New York Liberty in WNBA
"18:52, 08-May-2022",Cote d'Ivoire Assembly President Amadou Soumahoro dies
"17:46, 08-May-2022",First cholera outbreak since 2017 kills one in South Sudan
"22:39, 08-May-2022","Iraq signs contracts with U.S., France to import advanced weapons: INA"
"17:10, 08-May-2022",NBA East semis on May 7: Unstoppable Antetokounmpo breaks Celtics
"18:42, 08-May-2022",NBA West semis on May 7: Warriors secure solid home win over Grizzlies
"17:42, 08-May-2022",Putin sends Victory Day greetings to world leaders
"17:03, 08-May-2022",Sri Lanka in talks for $100m emergency funding from AIIB: ministry
"20:04, 08-May-2022",Syrian President Assad meets with Iranian leaders in Tehran
"21:44, 08-May-2022",U.S. first lady makes unannounced trip to Ukraine
"20:02, 08-May-2022",UK deputy PM: Northern Ireland protocol must be unlocked
"16:27, 09-May-2022",6 dead in clashes in Philippines during election day
"14:44, 09-May-2022",Bulgaria says to veto EU oil sanctions on Russia if it does not get derogation
"18:54, 09-May-2022",China to Australia: China is direct stakeholder in South Pacific's security
"16:37, 09-May-2022","Curfew imposed in Sri Lanka after clashes, 20 injured"
"17:39, 09-May-2022",Curfew imposed in Sri Lanka after clashes
"07:14, 09-May-2022",Death toll in Havana hotel explosion rises to 31 
"08:43, 09-May-2022",Dozens dead after suspected militia raid in eastern DRC
"20:22, 09-May-2022",EU chief von der Leyen backs bloc treaty changes
"16:59, 09-May-2022",Famed U.S. media gala turns into COVID-19 super-spreader event
"09:34, 09-May-2022","Fire breaks out in Myanmar refugee camp, casualties unknown"
"21:00, 09-May-2022",French court upholds fake-job verdict against former PM Fillon
"12:03, 09-May-2022","Global Political Calendar: U.S.-ASEAN summit, Yoon's inauguration"
"13:55, 09-May-2022",Iran confirms Qatar's emir will visit Tehran 'soon'
"22:34, 09-May-2022",Japanese foreign minister vows to mend ties when meeting S.Korean to-be counterpart
"08:16, 09-May-2022",M5.8 quake hits Indonesia's North Maluku Province
"12:29, 09-May-2022",Man City and AC Milan close in on title glories after vital wins
"21:17, 09-May-2022",Marcos Jr heads for landslide in Philippine presidential poll: unofficial tally
"12:28, 09-May-2022",Max Verstappen wins inaugural F1 Miami Grand Prix
"18:23, 09-May-2022",NBA East semis on May 8: Harden makes the Heat 'Fear the Beard'
"17:06, 09-May-2022",NBA West semis on May 8: Mavs tie the series before Game 5
"12:43, 09-May-2022",New Mexico firefighters beg holdouts to evacuate village
"22:43, 09-May-2022","Nikola Jokic named back-to-back NBA MVP, report"
"19:11, 09-May-2022",Philippine polling stations closed
"18:38, 09-May-2022",China stresses the need to bring more stability to an age of instability
"15:14, 09-May-2022",Putin addresses Russia's Victory Day parade
"15:00, 09-May-2022",Russia holds annual Victory Day parade amid Ukraine crisis
"20:02, 09-May-2022","Sacramento Kings to hire Mike Brown as new head coach, report"
"17:41, 09-May-2022",South Korea's Moon leaves Blue House on last day of presidency
"18:28, 09-May-2022",Sri Lankan prime minister resigns amid deadly clashes
"13:13, 09-May-2022",Three security guards shot dead at Philippine polling station
"14:31, 09-May-2022","Traffic accident in south India kills 9, injures 21"
"16:18, 09-May-2022","UFC 274: Oliveira stripped of title, puts on championship win against Gaethje anyway"
"16:44, 09-May-2022",UFC 274: Esparza beats champ Rose in worst fight ever contender
"13:42, 09-May-2022",UN chief 'appalled' at school attack in Ukrainian town
"11:28, 09-May-2022",UN provides $19m to help South Sudan prepare for severe floods
"07:32, 09-May-2022",Voting begins in Philippine elections
"14:44, 09-May-2022",Washington's not-so-popular alternative views on China
"21:21, 09-May-2022",Many countries will face food crisis without agricultural products from Ukraine: Ukrainian official
"11:38, 09-May-2022",Tennis wunderkind Alcaraz cements new superstar status with Madrid Open title
"20:48, 10-May-2022","1 dead, 1 in critical condition after Sydney gym shooting"
"22:54, 10-May-2022",28 migrants missing off Spain's Canary Islands
"19:16, 10-May-2022",5 Palestinians injured in clashes with Israeli forces near E Jerusalem
"07:51, 10-May-2022", Sri Lanka's Colombo calm after clashes that killed seven
"18:24, 10-May-2022",Airliner returns to gate in Israel after passengers sent crash images
"16:51, 10-May-2022",At least 15 dead in eastern DR Congo refugee camp attack
"09:08, 10-May-2022","China calls for equal, balanced global development partnership"
"22:58, 10-May-2022",China is willing to work with ROK's new govt on regional issues
"18:47, 10-May-2022",China slams U.S. for distorting facts over Taiwan region 
"16:18, 10-May-2022",Danish inflation hits highest level since 1984
"08:03, 10-May-2022",Death toll from explosion at Havana hotel rises to 40
"16:06, 10-May-2022",EU announces another $1.06b in aid for Syrian people
"12:05, 10-May-2022","Ecuador prison clash leaves 44 dead, 108 on the run"
"15:42, 10-May-2022",Even chance for global temperature to reach 1.5-degree threshold in 5 yrs: WMO
"07:46, 10-May-2022","Four dead, 70 injured in Bolivian university stampede"
"22:10, 10-May-2022",Greek inflation hits double digits for 1st time in 27 years
"17:00, 10-May-2022",IAEA: Opportunity for nuclear deal with Iran may close at any time 
"15:18, 10-May-2022","Japan's outstanding government bonds top 1,104 trillion yen"
"20:26, 10-May-2022",Kazakh president arrives in Turkey for state visit 
"16:12, 10-May-2022",Kuwait emir accepts resignation of government
"07:25, 10-May-2022",M6.3 quake strikes off Papua New Guinea: USGS
"09:13, 10-May-2022","Manchester City beat Real Madrid, PSG to sign top striker Erling Haaland"
"18:06, 10-May-2022",Initial vote counting about complete in Philippines presidential race 
"18:36, 10-May-2022",Prince Charles stands in for Queen Elizabeth as UK parliament opens
"17:38, 10-May-2022",Putin defends military operations in Ukraine as necessary
"21:28, 10-May-2022",Qatar cuts June crude oil prices
"22:22, 10-May-2022",Sri Lankan defense ministry issues shoot-on-sight orders to quell riots
"15:11, 10-May-2022",Sri Lankan president extends national curfew until May 11
"20:34, 10-May-2022",Taliban orders women to wear all-covering burqa in public
"18:40, 10-May-2022",Top Sri Lankan policeman hospitalized after attack: AFP
"17:53, 10-May-2022",U.S. denies its intelligence helped Ukraine to kill Russian generals
"22:53, 10-May-2022",UNGA elects Czech Republic to seat on human rights council
"19:37, 10-May-2022",President Xi Jinping congratulates Katalin Novak on inauguration as Hungarian president
"10:00, 10-May-2022","Yoon sworn in as ROK president, calls for 'complete denuclearization' of DPRK"
"12:49, 11-May-2022",Al Jazeera reporter killed by Israeli army in West Bank
"22:57, 11-May-2022",Al Jazeera reporter killed during Israeli raid in West Bank
"08:30, 11-May-2022",Argentine president declares intent for 2023 reelection
"10:07, 11-May-2022","As Manchester City confirm Haaland deal, resilient Liverpool keep up pace in title race"
"19:26, 11-May-2022",At least 15 people killed in road collision in southern Pakistan
"16:38, 11-May-2022",Brewing company registered as tangible cultural property catches fire in Japan
"19:38, 11-May-2022",Can Erling Haaland help Manchester City make a difference?
"16:33, 11-May-2022",China says 'dynamic zero-COVID' policy maximizing protection of health
"10:05, 11-May-2022",China condemns latest U.S. warship transit of Taiwan Straits
"16:46, 11-May-2022",ECB president says rate hike could come in early summer
"17:11, 11-May-2022",EU nuclear deal coordinator meets Iranian negotiator in Tehran
"22:54, 11-May-2022",Eight soldiers killed in Togo 'terrorist attack’
"11:52, 11-May-2022",El Salvador woman accused of abortion gets 30 years in jail
"16:23, 11-May-2022",Philippine President-elect: will focus on economy in the future 
"07:41, 11-May-2022",First Ukrainian president Leonid Kravchuk dies at 88
"20:58, 11-May-2022",Five Egyptian troops killed in attack in north of Sinai peninsula
"17:32, 11-May-2022",Four killed in Mogadishu explosion ahead of Somalia election: report
"17:39, 11-May-2022",Graphics: Facts behind almost 1 million COVID-19 deaths in the U.S. 
"11:46, 11-May-2022",Indigenous women make up half the female prison population in Canada
"17:18, 11-May-2022",Iran arrests two European nationals accused of organizing unrest
"12:11, 11-May-2022",Japan passes economic security bill
"22:30, 11-May-2022",Ukraine conflict day 77: Kherson might 'join Russia' and Ukraine claims successes near Kharkiv 
"07:31, 11-May-2022",M6.6 earthquake strikes northern Argentina
"18:00, 11-May-2022","NBA conference semis on May 10: 76ers, Mavs crumble in Game 5"
"14:06, 11-May-2022",Palestinian president says he holds Israeli forces responsible for reporter's death
"18:14, 11-May-2022",Palestinian teen killed by Israeli forces in West Bank: Palestine
"21:58, 11-May-2022",Sri Lanka military granted 'shoot-on-sight' orders
"20:11, 11-May-2022",Sri Lankan central bank chief warns of worsening economic crisis
"13:58, 11-May-2022","Sri Lankan military authorized to maintain law, order amid unrest"
"09:51, 11-May-2022",Syria claims Israeli missiles strike southern region
"18:59, 11-May-2022",Tom Brady to join Fox Sports in biggest deal in history after retiring
"13:50, 11-May-2022",Turkish-Kazakh ties to reach level of 'enhanced strategic partnership'
"09:44, 11-May-2022",U.S. House passes nearly $40 billion Ukrainian aid bill
"20:40, 11-May-2022",U.S. consumer prices slow in April but inflation remains high
"08:56, 11-May-2022",UEFA approves changes to Champions League from 2024 with more spots up for grabs
"20:24, 11-May-2022",UK and Sweden agree mutual security pact
"19:39, 11-May-2022","UK strikes new security agreements with Sweden, Finland"
"17:59, 11-May-2022",UN chief says no possibility of concluding peace in Ukraine at present
"13:19, 11-May-2022",Ukraine to suspend key Russia gas transit point to Europe
"13:48, 11-May-2022",Warhol's 'Marilyn' auction nabs $195m; most for US artist
"08:08, 12-May-2022",DPRK detects COVID BA.2 Omicron subvariant: KCNA
"08:21, 12-May-2022",Papua New Guinea deputy PM killed in road accident
"09:13, 12-May-2022","U.S. stocks fall, oil rallies as inflation stokes market volatility"
"07:44, 12-May-2022",UN chief calls for transparent probe of Al Jazeera journalist's killing
"00:52, 09-May-2022",Ethiopia announces new increases in fuel prices
"01:28, 09-May-2022","U.S. unveils new sanctions on Russia, targeting services, media and defense industry"
"00:36, 10-May-2022",Airports Company South Africa says jet fuel supply has decreased but is stable
"00:59, 10-May-2022",COP 15 begins in Abidjan with focus on tackling desertification
"02:20, 10-May-2022",Kenya looking to revamp tourism sector to boost number of visitors
"01:09, 10-May-2022",Nigeria's petroleum authority allays fears of fuel scarcity
"00:42, 10-May-2022",Nigerian university lecturers extend ongoing nationwide strike
"02:24, 10-May-2022",Somali president announces re-election bid
"00:27, 10-May-2022",Zambian President urges deliberate efforts by African leaders to explore mineral resources
"00:10, 11-May-2022",Death toll of cholera outbreak in Nigeria rises to 38
"02:33, 11-May-2022",Elon Musk says he would reverse Twitter's Trump ban
"02:28, 11-May-2022",Emergency rooms see more gun violence victims in U.S. in 1st year of pandemic
"02:53, 12-May-2022","Chinese, Pakistani foreign ministers hold video meeting"
"02:18, 12-May-2022",Prisoner put to death in Arizona’s 1st execution since 2014
"02:49, 12-May-2022",The largest white diamond ever auctioned for $18.8 million
"02:27, 12-May-2022","U.S. overdose deaths rose 15 percent in 2021 to more than 100,000"
"01:56, 12-May-2022",UN calls for investigation into the death of Al Jazeera Journalist
"02:02, 12-May-2022",UN warns of rising number of people facing acute food insecurity in Eastern Africa
"01:15, 07-May-2022",Turbulent times lead to clearer skies for the airline industry
"18:38, 08-May-2022",Canary in the coalmine: Survey shows bird population's rapid decline
"23:56, 08-May-2022",Ukraine conflict prompts Swiss to check their bunkers 
"21:59, 11-May-2022","50:50 chance of exceeding climate change 'tipping point' soon, WMO reports"
"01:18, 12-May-2022",French judge hears accusations of torture against Interpol's UAE president 
"01:23, 12-May-2022","The web should not be used as a battleground, say G7 ministers"
"06:30, 09-May-2022",Bahamas growing more concerned about sea-level rise
"06:21, 09-May-2022",Brazil's Lula da Silva announces his presidential candidacy  
"06:25, 09-May-2022",Japan-funded UNDP project seeks solutions to sargassum influx
"06:24, 09-May-2022",Mexico: Women's movement grows out of rising femicide numbers
"03:49, 10-May-2022",Mexico's President arrives in Cuba ahead of five day tour of Central America
"04:45, 10-May-2022",Chinese company Sunfiber in South Carolina finds sustainable business opportunities in plastic recycling 
"06:29, 10-May-2022","Chinese owned business succeeds through sustainability, plastic recycling in US "
"03:49, 10-May-2022","Daunte Wright’s mother, Katie Wright, discusses her son's death and the trial"
"05:55, 11-May-2022",Afghan women protest the Taliban's new order in Kabul
"06:50, 11-May-2022","Colombia cartel launches ""armed strike"" over leader's extradition"
"05:06, 11-May-2022",The U.S. CDC addresses 35 percent increase in 2020 firearm homicides
"03:53, 11-May-2022","UN: Ukraine civilian deaths ""thousands higher"" than official toll"
"05:04, 12-May-2022",Aid to evacuees of New Mexico wildfire
"05:04, 12-May-2022",Meet Francia Marquez a VP candidate in Colombia
"05:03, 12-May-2022",Russian natural gas flow to Western Europe cut off in Ukraine
"05:03, 12-May-2022",Shoot-on-sight order for anyone found damaging property in Sri Lanka
"05:33, 12-May-2022",Two more journalists killed in Mexico 
"06:47, 12-May-2022",U.S. Senate vote fails to advance abortion rights bill 
"06:48, 12-May-2022",Roe vs Wade: U.S. Treasury chief warns of economic impacts of abortion restrictions
"05:04, 12-May-2022",U.S. gun-related homicide rate surged in 2020
"05:44, 12-May-2022",U.S. reviews China tariffs imposed by Trump 
