﻿"23:11, 15-Jul-2022",China's shipbuilding industry enjoys strong rebound in June
"23:04, 15-Jul-2022",Shanghai might become China's first city for NFT-related industries
"22:30, 15-Jul-2022",Wang Yi calls for humanitarian aid to Syria with no political strings attached
"21:52, 15-Jul-2022",Xi Jinping's article on advancing study of Chinese civilization to be published
"18:31, 16-Jul-2022",At least 6 killed due to heavy rain in NW China's Gansu 
"07:43, 16-Jul-2022",China launches two new high-resolution remote sensing satellites into space
"17:28, 16-Jul-2022",China's Su Bingtian makes men's 100m semifinal at World Championships
"21:01, 16-Jul-2022",China's deepwater jacket project Haiji-1 completes testing
"21:46, 16-Jul-2022",China to contribute $50m to World Bank's pandemic fund
"21:39, 16-Jul-2022",Chinese FM extends condolences to Pakistani counterpart over flooding
"09:10, 16-Jul-2022",Chinese mainland records 129 new confirmed COVID-19 cases
"10:26, 16-Jul-2022",Chinese racing talent Ye Yifei: 'Result is the most important thing' 
"14:59, 16-Jul-2022",Fohan Quan: Embodies both hardness and softness
"21:31, 16-Jul-2022",John Lee: HKSAR govt to strive to promote patriotism education
"15:25, 16-Jul-2022",Macao to halt non-essential business for 5 more days over COVID-19
"22:46, 16-Jul-2022",My Account: Upgrading China's advanced manufacturing capability
"10:05, 16-Jul-2022",Raid Fahmi: Achievements made in China today are truly great
"14:18, 16-Jul-2022",Sichuan houses the world's top three polysilicon producers
"15:27, 16-Jul-2022",The Colors of Nature: The beauty of Shapotou
"15:27, 16-Jul-2022",What is a heat stroke and how to prevent it
"11:25, 17-Jul-2022","6 dead, 12 missing in flash floods in SW China's Sichuan"
"14:09, 17-Jul-2022",Asia's first professional cargo airport starts operation in central China
"08:08, 17-Jul-2022",China beat Chinese Taipei at FIBA Asia Cup
"00:56, 17-Jul-2022",China's top court issues guideline to provide enhanced protection to domestic violence victims
"16:43, 17-Jul-2022",China's Zhao Rui: We're doing better and better game by game
"16:22, 17-Jul-2022",China's central SOEs report steady profit growth in H1
"10:51, 17-Jul-2022","China's long jumper Wang, shot putter Gong take gold, silver at Worlds"
"09:26, 17-Jul-2022",Chinese mainland records 154 new confirmed COVID-19 cases
"10:52, 17-Jul-2022","Class of 2022: Graduates embrace gap year, explore more possibilities"
"17:09, 17-Jul-2022",Li Jingliang TKOs Muslim Salikhov in Round 2 at UFC Long Island
"13:55, 17-Jul-2022",Yi Gang: China to step up implementation of sound monetary policy to support real economy
"18:49, 17-Jul-2022",Panda Trivia: 6 million years of 'vegetarian' life
"16:02, 17-Jul-2022",One person missing after boat overturns in E China
"11:45, 17-Jul-2022",Tianzhou-3 cargo spacecraft separates from China Space Station
"18:26, 17-Jul-2022",Twelve new 5A tourist attractions announced in China
"22:59, 17-Jul-2022",Wang Yi says lessons should be learned from Ukraine crisis during call with Hungarian FM
"16:37, 17-Jul-2022",World's largest carbon trading market mirrors China's green commitment
"11:23, 18-Jul-2022",'Vagabond' giant panda spotted several times by new camera in SW China
"16:24, 18-Jul-2022",Archaeological achievements of the Song Mausoleum in Hangzhou
"21:23, 18-Jul-2022",Beijing issues coupons to boost catering consumption
"11:59, 18-Jul-2022",CGTN reporter visits Urumqi after Chinese President wraps up inspection
"15:47, 18-Jul-2022","China, India hold 16th corps commander level meeting"
"17:44, 18-Jul-2022",China aims to operate first large space telescope in orbit around 2024
"21:21, 18-Jul-2022",China real estate sector recovery accelerates as COVID-19 eases: CMG
"15:01, 18-Jul-2022",China's graduates of Class 2022 enter job market
"14:57, 18-Jul-2022",Chinese regulator urges banks to facilitate real estate delivery 'by all means'
"21:54, 18-Jul-2022",China warns U.S. 'not to play with fire' on Taiwan issue 
"09:22, 18-Jul-2022",Chinese mainland records 167 new confirmed COVID-19 cases
"12:24, 18-Jul-2022",Crested serpent eagle spotted for the first time in Nanjing
"10:49, 18-Jul-2022",Rocket to send Wentian lab module to China Space Station arrives at launchpad
"16:43, 18-Jul-2022",No excuse for China-Australia relations mangled in translation
"13:59, 18-Jul-2022","China's procuratorates file over 670,000 public interest lawsuits since 2017"
"22:20, 18-Jul-2022",Premier Li to attend WEF Special Virtual Dialogue with Global Business Leaders
"15:50, 18-Jul-2022",Xi Jinping extends congratulations to world conference on agricultural heritage
"11:56, 19-Jul-2022",88 nanotech innovation products unveiled in Guangzhou
"09:28, 19-Jul-2022",Aba Series | Episode 9: A harmonious homeland
"19:16, 19-Jul-2022",Ambassador's Culture Chat: All about Sri Lanka with its envoy to China
"17:20, 19-Jul-2022",Art Without Borders: British singer combines Western and Chinese music
"18:46, 19-Jul-2022",19th Asian Games to be held from September 23 to October 8 in 2023 in Hangzhou
"09:14, 19-Jul-2022","China, India hold 16th corps commander level meeting on border issues"
"16:03, 19-Jul-2022",China aims to reach 2 million 5G base stations in 2022
"21:03, 19-Jul-2022","China's industrial activities continue recovery, with high-tech production leading"
"15:42, 19-Jul-2022",China's summer box office tops $548 million
"11:06, 19-Jul-2022",Formidable China thrash hosts Indonesia by 50 points to reach FIBA Asia Cup quarterfinals
"18:56, 19-Jul-2022",China warns of consequences if U.S. House Speaker Nancy Pelosi visits Taiwan region
"19:56, 19-Jul-2022",Chinese envoy outlines propositions to address global food crisis
"09:15, 19-Jul-2022",Chinese mainland records 237 new confirmed COVID-19 cases
"23:18, 19-Jul-2022",Chinese mainland slams secessionist for 'Taiwan independence' attempts
"14:36, 19-Jul-2022",Chinese oil painter depicts female ghosts from famous novel
"22:08, 19-Jul-2022","Chinese vice premier, EU official hold economic dialogue"
"15:55, 19-Jul-2022",My Account on China: History comes alive in the city of Xi'an 
"08:41, 19-Jul-2022","11 injured, 3 still missing after explosion in N China's Tianjin"
"13:42, 19-Jul-2022",Rescued brown bear released into wild after 13-month care in NW China
"09:43, 19-Jul-2022",Researchers propose AI model to better understand human expectations
"16:19, 19-Jul-2022",Severe convective weather hits NE China's Harbin
"19:14, 19-Jul-2022",Ambassador's Culture Chat: Sharing memories with H.E. Djauhari Oratmangun
"17:27, 19-Jul-2022",Art Without Borders: U.S. musician blends traditional and contemporary tunes
"21:35, 19-Jul-2022",World Athletics Championships: Xie Zhenye advances to men's 200m semifinals
"19:47, 20-Jul-2022", Expert: China-EU cooperation in trade encourages global economy
"10:52, 20-Jul-2022","4 killed, 13 injured in residential gas explosion in Tianjin"
"15:54, 20-Jul-2022",Academic: China's digital economy helps keep society more resilient against COVID-19
"14:05, 20-Jul-2022",Beyond the Tianshan Mountains: Xinjiang is a land of wonders
"22:10, 20-Jul-2022",CMG announces program series for the 20th CPC National Congress 
"00:49, 20-Jul-2022",CMG launches multi-series documentary on Chinese civilization
"22:11, 20-Jul-2022",CMG unveils first media program list to welcome 20th CPC National Congress
"15:02, 20-Jul-2022",China-India ties: Need to focus on commonalities
"17:19, 20-Jul-2022","China, Sierra Leone hail traditional ties as FMs speak over phone"
"20:32, 20-Jul-2022",China aims for another bumper year in 2022 with grain output of over 650 million tonnes
"13:57, 20-Jul-2022","China delivers first 6,000-meter-class deep-sea exploration robot"
"19:51, 20-Jul-2022",China launches special campaign on cyber security
"17:16, 20-Jul-2022",China's experience guides international high-speed railway standards
"00:20, 20-Jul-2022",China's most powerful rocket readies for mega payload mission to space station
"19:48, 20-Jul-2022",China's women's team win opener at East Asian Football Championship
"09:53, 20-Jul-2022",Chinese Ambassador to Indonesia Lu Kang on China-Indonesia projects
"09:19, 20-Jul-2022","Chinese, Finnish FMs hold phone talks on bilateral ties"
"16:48, 20-Jul-2022",Chinese farmers reap benefits from new chili production model
"09:16, 20-Jul-2022",Chinese mainland records 150 new confirmed COVID-19 cases
"10:10, 20-Jul-2022",Chinese military slams U.S. warship transiting Taiwan Straits
"09:14, 20-Jul-2022",Chinese premier tells WEF chairman: China stays committed to opening-up
"16:07, 20-Jul-2022",Guangzhou develops e-commerce livestreaming for business growth
"10:49, 20-Jul-2022","M4.8 earthquake hits near Changji City, Xinjiang: CENC"
"20:36, 20-Jul-2022",Pakistani ambassador to China: Sino-Pakistan relationship unshakable
"20:25, 20-Jul-2022",Chinese premier vows further efforts to deepen opening-up
"00:25, 20-Jul-2022",Shanghai and Taipei vow to expand cooperation despite uncertainties
"19:33, 20-Jul-2022",Tourism in Xinjiang Uygur Autonomous Region continues to grow
"19:42, 20-Jul-2022",Work by Chinese artist Wu Weishan unveiled in Japan 
"18:05, 21-Jul-2022",Avant-garde AI innovations highlight Baidu World Conference 2022
"08:58, 21-Jul-2022",China hopeful despite losses at FIBA Asia Cup
"12:55, 21-Jul-2022",China launches sci-tech innovation alliance to promote saline soil use
"20:18, 21-Jul-2022",China's COVID-19 control measures still effective for Omicron variants
"11:23, 21-Jul-2022","China's Feng Bin wins discus throw gold, Liu Shiying eases into javelin throw final "
"10:48, 21-Jul-2022",China's Feng wins women's discus throw gold at World Championships
"17:58, 21-Jul-2022",China's PV exports more than double in H1 2022
"09:18, 21-Jul-2022",Chinese mainland records 200 new confirmed COVID-19 cases
"15:21, 21-Jul-2022",Experts: Regulations to support platform economy should be normalized
"11:13, 21-Jul-2022",Gu Ailing wins 'Best Breakthrough Athlete' at ESPY Awards
"16:25, 21-Jul-2022",Heartwarming moments of a great hornbill family
"14:41, 21-Jul-2022",Indonesian President Joko Widodo to visit China from July 25 to 26
"15:22, 21-Jul-2022",It's time to appreciate lotuses
"13:55, 21-Jul-2022",New discoveries from the Mausoleum of the first Qin Emperor
"10:34, 21-Jul-2022",One killed after tornadoes hit E China  
"17:20, 21-Jul-2022",Qi Baishi's shrimp paintings brought to life through animation leading people into a watery world
"11:37, 21-Jul-2022",Two Chinese companies win first-ever WIPO Global Awards
"15:20, 21-Jul-2022",Xi sends congratulatory letter to World Youth Development Forum
"10:46, 22-Jul-2022",Building Lives: China-Pakistan co-constructed motorway opens prosperity
"11:25, 22-Jul-2022",Building Lives: Kamau's dream house
"21:52, 22-Jul-2022",China holds annual national conference on cultural heritage and relics
"18:20, 22-Jul-2022",China lodges stern representations to Japan over smearing of defense policy
"21:56, 22-Jul-2022",China's NEV battery sales rise as carbon neutrality efforts advance
"18:50, 22-Jul-2022",China's Zhu Yaming reaches men's triple jump final at World Athletics Championships
"10:19, 22-Jul-2022",Chinese banks report forex settlement surplus in H1
"09:20, 22-Jul-2022","Chinese envoy urges immediate, full lift of unilateral sanctions on Syria"
"09:44, 22-Jul-2022",Chinese mainland records 175 new confirmed COVID-19 cases
"22:40, 22-Jul-2022",Experts: STAR Market to nurture China's high-tech innovation dreams
"18:27, 22-Jul-2022",Fresh Chinese graduates getting squeezed in harsh job market
"22:42, 22-Jul-2022",Part of China-Myanmar railway launched in Yunnan Province
"18:24, 22-Jul-2022",Riot Games releases details for League of Legends Worlds 2022
"15:29, 22-Jul-2022",Shanghai: No employer shall terminate labor contract because of infectious disease
"17:58, 22-Jul-2022","Shenzhen hands 'living will' rights to terminal patients, and why it matters"
"11:26, 22-Jul-2022",String theory: NASA Mars rover discovers mystery object
"21:09, 22-Jul-2022",Taiwan's DPP slammed for bringing 'poisonous thorns' to cross-Strait ties
"11:44, 22-Jul-2022",The many merits of China's business-friendly growth approach
"09:29, 22-Jul-2022",Wuliang Mountains Series | Episode 3: Indo-Chinese gray langur
"18:27, 22-Jul-2022",Xi Jinping extends congratulations to Sri Lanka's new president
"16:22, 22-Jul-2022",President Xi Jinping wishes Joe Biden a speedy recovery from COVID-19
"18:22, 23-Jul-2022",10 dead in coal mine accident in NW China's Gansu
"12:40, 23-Jul-2022",'A Decade of Change' | Ep. 13: Fujian Province
"12:02, 23-Jul-2022",Animals in solar term: Dashu
"18:10, 23-Jul-2022","Asia News Wrap: India, Sri Lanka get new presidents and more"
"22:41, 23-Jul-2022",Chief weather forecaster for the Wentian lab launch: Condition is good
"22:04, 23-Jul-2022","China, South Korea draw at 1-1 at the East Asian Football Championship women's tournament"
"10:55, 23-Jul-2022",China's Mars probe Tianwen-1 sends back images of Martian satellite
"11:28, 23-Jul-2022",China's central SOEs invest more in R&D
"16:55, 23-Jul-2022",China takes world crown in power battery development for NEVs
"11:07, 23-Jul-2022",China to expand cash-pooling program to integrate currency management
"10:38, 23-Jul-2022",China welcomes signing of Black Sea grain exports agreement
"09:25, 23-Jul-2022",Chinese mainland records 164 new confirmed COVID-19 cases
"09:40, 23-Jul-2022",Chinese scientists find gene boosting grain yield 
"14:59, 23-Jul-2022",Expert: How will China's Zhurong rover survive Mars' coldest season?
"15:16, 23-Jul-2022",China Space Station: Final rehearsal completed for launch of Wentian lab module
"15:04, 23-Jul-2022",Flowers bloom in Beijing's National Botanical Garden
"17:09, 23-Jul-2022",Incumbent CPC and state leaders already receive China-developed COVID-19 vaccines: Official
"12:36, 23-Jul-2022",China's Qieyang Shijie sets Asian record in winning bronze in 35km race walk at worlds
"18:37, 23-Jul-2022",The loss of Chinese paddlefish is a call for conservation action
"16:24, 23-Jul-2022",China's athletics head coach: Wang Jianan reminds me of Mike Powell in 1991
"12:08, 23-Jul-2022",Xi congratulates Sisi on Egypt's 70th National Day
"09:46, 24-Jul-2022",China presents achievements in digitalization at its digital summit
"09:50, 24-Jul-2022",China's FAST telescope detects over 660 new pulsars
"09:12, 24-Jul-2022",Chinese mainland records 129 new confirmed COVID-19 cases
"10:22, 24-Jul-2022",My Account on China: The bay area of the future
"10:17, 24-Jul-2022",Sports clubs on north China's coast focus on increasing youth interest in sailing
"19:58, 22-Jul-2022","Tourist hotspots, cargo airport, harvest boost: China Quick Take"
"02:32, 22-Jul-2022",Aspen Security Forum welcomed China's Ambassador to U.S. Qin Gang
