﻿"19:32, 06-Apr-2022",7 killed in car accident in south Iran
"10:46, 06-Apr-2022",Amazon lines up satellite launches to take on Musk's Starlink
"10:44, 06-Apr-2022",Civilian deaths in Bucha: China says circumstances should be verified
"10:56, 06-Apr-2022","Chinese, Belgians mourn Chinese workers killed in WWI"
"11:40, 06-Apr-2022",Chinese firms hit record number of European patent applications in 2021
"11:03, 06-Apr-2022",Kevin De Bruyne magic inspires Man City to edge past steely Atletico Madrid
"17:40, 06-Apr-2022",6 injured after explosion rocks Pul-e-Khishti Mosque
"17:07, 06-Apr-2022",Graphics: Gun violence soars in the U.S. during COVID-19 pandemic
"12:17, 06-Apr-2022",IMF urges $15 billion in grants for 2022 to manage long-term COVID risk
"15:05, 06-Apr-2022","Independent investigation, new sanctions urged over civilian deaths in Bucha"
"15:58, 06-Apr-2022",Iran submits documents on outstanding issues to IAEA
"21:45, 06-Apr-2022",Iran to cut uranium enrichment capacity if nuclear deal reached
"12:38, 06-Apr-2022",Israeli government loses majority as coalition chair steps down
"14:05, 06-Apr-2022","M5.6 quake hits waters off Aceh, Indonesia"
"18:04, 06-Apr-2022",Man dies after ramming car into Russian embassy in Romania
"19:18, 06-Apr-2022",Minister: Sri Lanka's president won't resign under any circumstances
"09:40, 06-Apr-2022",NASA's major test for Artemis I mission called off due to tech issue
"16:40, 06-Apr-2022",Expert: Omicron a big threat to elderly and patients with serious underlying diseases
"17:56, 06-Apr-2022","One dead, three hurt in Greek COVID-19 hospital explosion"
"12:12, 06-Apr-2022",Online jam builds up as new Qatar World Cup ticket sale launched
"20:38, 06-Apr-2022",Orban invites Putin for peace talks in Hungary
"18:25, 06-Apr-2022",Russian veteran politician Vladimir Zhirinovsky dies
"10:26, 06-Apr-2022",South Korean cabinet approves funds for presidential office relocation
"14:19, 06-Apr-2022",Sri Lankan president rejects calls for resignation amid protests
"19:52, 06-Apr-2022",Turkey finds third stray naval mine in Black Sea
"12:19, 06-Apr-2022","WHO to supply HIV drugs to Ukraine, cover patients for next 12 months"
"22:21, 07-Apr-2022", No evidence to support use of fourth COVID-19 shot: EU agencies
"08:47, 07-Apr-2022","3 shot during NE Philadelphia standoff, gunman dead"
"16:30, 07-Apr-2022",A green recovery from COVID-19 urgently needed: WHO 
"10:12, 07-Apr-2022",Ageless Benzema hat-trick puts holders Chelsea on brink of Champions League exit
"10:07, 07-Apr-2022","Armenia says to talk peace, discuss border with Azerbaijan"
"18:08, 07-Apr-2022",At least 2 killed in hospital fire in Greece
"17:50, 07-Apr-2022",Australia's Sydney saturated with flash flooding warnings
"19:02, 07-Apr-2022",Britain plans 8 new nuclear reactors in new energy strategy
"21:34, 07-Apr-2022","CGTN Sports Talk: Karim, why always you?"
"07:40, 07-Apr-2022",Canada approves controversial Bay du Nord offshore oil project
"12:45, 07-Apr-2022","Manga artist Motoo Abiko, or Fujiko A. Fujio, dies at 88"
"21:23, 07-Apr-2022","10 dead, several injured in landslides amid heavy rains in Colombia"
"15:10, 07-Apr-2022",China welcomes intl assessment of documents on U.S. biological military activities
"22:38, 07-Apr-2022",Wang Yi: Asian countries should improve communication for regional peace
"07:25, 07-Apr-2022","EU stockpiles drugs against chemical, nuclear, biological incidents"
"18:57, 07-Apr-2022",Guardians keep Jose Ramirez with biggest deal in team history
"21:37, 07-Apr-2022",Irish inflation nears 40-year high of 6.7% in March
"15:59, 07-Apr-2022",Japan to release 15 million barrels of oil from reserves
"09:02, 07-Apr-2022",M4.6 quake strikes central Japan's Aichi Prefecture: JMA
"18:10, 07-Apr-2022",NBA highlights on April 6: Nets beat 21-point deficit to win at MSG
"20:28, 07-Apr-2022",Omicron subvariant makes up over 72% of new COVID-19 cases in U.S.
"22:11, 07-Apr-2022",Pakistan's election body says polls cannot be held in 90 days
"23:03, 07-Apr-2022",Pelosi tests positive for COVID-19 
"14:50, 07-Apr-2022",Somalian PM orders expulsion of African Union envoy
"15:32, 07-Apr-2022","Turkish court halts Khashoggi trial, transfers it to Saudi Arabia"
"20:02, 07-Apr-2022",Two U.S. personnel injured in Syria attack: report
"21:50, 07-Apr-2022",UEFA's new financial policy to limit clubs' spending to 70% of revenue
"15:06, 07-Apr-2022",Ukraine calls for even stronger sanctions on Russia
"23:00, 07-Apr-2022",Yemen talks among Gulf states conclude
"09:26, 07-Apr-2022","Yemen's president sacks deputy, delegates presidential powers to council"
"13:26, 08-Apr-2022","12 killed, 2 missing in Colombia floods: authorities"
"08:17, 08-Apr-2022","2 dead, 1 missing after ROK helicopter crashes in waters off Mara Land"
"07:05, 08-Apr-2022","Two dead, dozen injured and gunman killed in Tel Aviv shooting"
"07:24, 08-Apr-2022",9 killed in gas explosion in east Algeria
"10:03, 08-Apr-2022",At least 6 dead in explosion in NE DR Congo: official
"14:17, 08-Apr-2022"," Success of Beijing Winter Olympics, Paralympics injects energy to global unity, cooperation"
"12:15, 08-Apr-2022",Chart of the day: China recognizes role models of Beijing 2022
"16:04, 08-Apr-2022",China calls on U.S. House speaker Pelosi to cancel Taiwan trip
"10:32, 08-Apr-2022","China holds event commending role models of Beijing Olympic, Paralympic Winter Games"
"16:49, 08-Apr-2022",China: UNHRC's suspension of Russia membership sets a 'dangerous precedent'
"14:57, 08-Apr-2022",China votes against banishing Russia from UN Human Rights Council
"11:44, 08-Apr-2022",Earliest known galaxy discovered to offer clues of primordial universe
"17:09, 08-Apr-2022",Expert: European sanctions won't have peaceful effect on Russia-Ukraine conflict
"12:19, 08-Apr-2022","In pics: Touching moments at Beijing Winter Olympics, Paralympics"
"07:11, 08-Apr-2022",Ketanji Brown Jackson to become first Black woman on U.S. Supreme Court
"17:37, 08-Apr-2022",NBA highlights on April 7: Nuggets seal playoff bid as Nikola Jokic makes history
"07:51, 08-Apr-2022",NY attorney general seeks to hold Trump in contempt over fraud probe
"18:32, 08-Apr-2022",Pakistan's parliament to meet on Saturday to vote on PM Khan's fate
"20:24, 08-Apr-2022",Pakistani government investigates foreign conspiracy for regime change
"07:00, 08-Apr-2022",Pakistani PM Khan faces boot after court orders parliament restoration
"18:31, 08-Apr-2022",Police hunting for man who left a parcel bomb at Toulouse Cathedral
"19:24, 08-Apr-2022","Xi Jinping: China, Philippines have maintained regional peace on South China Sea issue"
"07:13, 08-Apr-2022",Russia terminates membership of UNHRC after suspension 
"16:53, 08-Apr-2022",Russia to cut key interest rate to 17% as financial risks ease
"14:04, 08-Apr-2022",Sri Lanka asks experts to plan debt restructure as protests rage
"20:46, 08-Apr-2022",Sri Lanka's central bank hikes interest rates by 7%
"15:18, 08-Apr-2022",Sri Lankan opposition to move no-confidence motion against government
"14:52, 08-Apr-2022",Symptoms from Omicron 2 days shorter than from Delta: Lancet study
"07:31, 08-Apr-2022","China, France express concern over spillover impact of Ukraine crisis"
"14:14, 08-Apr-2022",Xi Jinping hails Beijing 2022 Winter Olympic and Paralympic legacy
"12:09, 08-Apr-2022",Xi hails advantages of socialist system in completing key national undertakings
"12:10, 08-Apr-2022",Xi Jinping salutes a confident China as Beijing 2022 spirit shines through
"16:15, 09-Apr-2022",Iran imposes sanctions on 15 U.S. officials as nuclear talks stall
"15:25, 09-Apr-2022",One dead in Israeli army raid on Palestinian refugee camp
"07:23, 09-Apr-2022","1 teen dead, 2 injured in shooting outside school in New York"
"20:31, 09-Apr-2022",2 soldiers killed in IS attack in western Iraq
"20:35, 09-Apr-2022","Aaron Judge, Yankees fail to reach contract extension before deadline"
"19:03, 09-Apr-2022",Armenian PM to visit Russia on April 19
"23:02, 09-Apr-2022",At least 13 migrants drowned off Tunisia
"20:35, 09-Apr-2022",Axiom-1: All-private first space crew docks with ISS
"07:30, 09-Apr-2022",Biden receives Turkish ambassador at White House
"16:36, 09-Apr-2022",Blast wounds 1 in Afghanistan's Kabul
"21:13, 09-Apr-2022",Chelsea manager Thomas Tuchel warns players not to ruin season
"17:10, 09-Apr-2022",China slams U.S. for prisoner abuse at 'black sites'
"08:42, 09-Apr-2022",Colombian president approves extradition to U.S. of drug lord Otoniel
"20:02, 09-Apr-2022",Detainee at CIA 'black site' used as training prop to teach torture techniques: The Guardian
"13:46, 09-Apr-2022",Germany could end Russian oil imports this year – Scholz
"15:56, 09-Apr-2022","Iran Guards seize fuel-smuggling boat, arrest 11"
"13:09, 09-Apr-2022","Japan, Philippines hold first 2+2 ministerial meeting"
"18:37, 09-Apr-2022",NBA highlights on April 8: Nets beat Cavs to rise to 7th in the East
"17:20, 09-Apr-2022",Pakistan's lawmakers clash as PM no-confidence debate begins
"09:30, 09-Apr-2022",Nuclear threats and arms control amid conflict in Ukraine
"10:51, 09-Apr-2022","Pakistani PM Khan says he accepts court's ruling, but will not recognize opposition attempt to oust him"
"20:50, 09-Apr-2022",President Raisi says Iran will not give up nuclear rights
"13:58, 09-Apr-2022",Russia relaxes rules on foreign exchange buying as ruble rallies
"20:53, 09-Apr-2022","Russian, Azerbaijani leaders hold phone conversation"
"22:10, 09-Apr-2022",Sri Lanka's leader faces biggest street protest over economic crisis
"15:30, 09-Apr-2022",The ripple effect of Russia-Ukraine conflict on global food security
"23:02, 09-Apr-2022",Traffic accident kills 17 in central Ethiopia
"09:48, 09-Apr-2022",UEFA allocates 240m euros for clubs in 2020-24 benefits program
"22:01, 09-Apr-2022",UK Prime Minister Johnson meets Zelenskyy in Kyiv
"15:00, 09-Apr-2022",Video appears to show Ukrainian troops killing Russian captive
"10:54, 09-Apr-2022",Woods 'proud' of himself as Sheffler leads after Masters 2nd round
"06:53, 10-Apr-2022",No-confidence motion against Pakistani PM Khan passed
"23:59, 06-Apr-2022",Former Burkinabe president Blaise Compaore sentenced to life imprisonment
"00:58, 07-Apr-2022",Africa sees spike in climate-related health emergencies
"02:21, 07-Apr-2022",DR Congo President expected in Nairobi to formally sign EAC Treaty of Accession
"01:53, 07-Apr-2022",IEA says will tap 120 million barrels more in emergency oil reserves
"01:51, 07-Apr-2022",Nigeria lifts nighttime curfew amid decline in COVID-19 infections
"01:01, 07-Apr-2022","Tunisian FM summons Turkish ambassador after Erdogan's ""regret"" comments"
"01:10, 07-Apr-2022","WHO urges efforts to preserve, protect health and mitigate climate crisis"
"00:13, 07-Apr-2022",Zambian VP happy with increased Chinese investment
"02:15, 08-Apr-2022",Burkina Faso's ex-President Roch Marc Christian Kabore authorized to return home
"00:16, 08-Apr-2022",Ghana's central bank cautions against transacting in foreign currencies within the country
"00:16, 08-Apr-2022","Guinea's ex-Prime Minister arrested, faces embezzlement charges"
"02:15, 08-Apr-2022",Scores of extremist militants killed in Nigeria military operations: official
"00:20, 08-Apr-2022",UN General Assembly votes to suspend Russia from UNHCR
"00:49, 08-Apr-2022","UNICEF: Ukraine conflict increases risk of malnutrition for millions of children in North Africa, Middle East"
"03:33, 09-Apr-2022",Austrian chancellor leaves to visit Ukraine
"03:27, 09-Apr-2022",Britain's Queen Elizabeth pulls out of Maundy Day service
"03:17, 09-Apr-2022",Ex-Goldman Sachs banker convicted in plot to loot 1MDB fund
"03:12, 09-Apr-2022", Ketanji Brown Jackson historic Supreme Court confirmation celebrated at White House
"03:37, 09-Apr-2022",New COVID-19 wave likely by autumn: German health minister
"03:39, 09-Apr-2022",Nigeria confirms 14 coaches involved in recent train attack
"03:35, 09-Apr-2022",Kremlin: Russia hopes to end operation in Ukraine 'in foreseeable future'
"01:34, 09-Apr-2022",U.S. launches first private astronaut mission to space station
"04:21, 10-Apr-2022",COVID-19 vaccine prices slashed as booster drive begins in India
"04:40, 10-Apr-2022",Ethiopia mulls improved domestic production to mitigate impact of supply chain disruption
"04:28, 10-Apr-2022",Global donors pledge 9.1 billion euros to support Ukrainian refugees
"03:36, 10-Apr-2022",Israel strikes government positions in Syria
"21:31, 07-Apr-2022",'Everything has increased' - Greeks strike as energy prices soar 
"01:02, 07-Apr-2022",Hungary breaks ranks with EU by offering to purchase Russian energy in rubles
"01:34, 07-Apr-2022",Israel-China free trade deal to be accelerated after foreign ministers call
"23:18, 08-Apr-2022",Are rainforests actually our best weapon against global warming?
"00:18, 08-Apr-2022",Dinosaur fossil from 'the day the asteroid hit' discovered 
"17:43, 09-Apr-2022",'The unthinkable has happened here': EU chief pledges 'unwavering support' on Ukraine visit
"00:40, 09-Apr-2022","'What we saw was catastrophic,' says Kramatorsk station attack eyewitness "
"00:12, 09-Apr-2022",Greek MPs' fury as far-right fighter appears in Volodymyr Zelenskyy's address
"06:32, 07-Apr-2022",Russia-Ukraine conflict: Claims of rape increase and higher risk of unintended pregnancies
"04:56, 07-Apr-2022","NATO: ""No indication that President Putin has changed his ambition"""
"06:16, 07-Apr-2022",Nicaraguan refugees in Costa Rica
"06:33, 07-Apr-2022",Peru ends Lima curfew
"06:16, 07-Apr-2022",Suspects arrested in Sacramento mass shooting
"06:38, 07-Apr-2022","Ukrainian refugees flee to Mexico, some to seek asylum in U.S."
"06:16, 07-Apr-2022",World's youngest asteroid hunter
"03:51, 08-Apr-2022",California relaxes some COVID measures despite case surge
"05:38, 08-Apr-2022",China's U.S. embassy remarks on Pelosi’s planned visit to Taiwan
"03:08, 08-Apr-2022",Explaining China's vote against suspending Russia from the UNHRC
"03:52, 08-Apr-2022",Russia to continue Mars project after European Space Agency quits
"06:30, 08-Apr-2022",Scenes from Ukraine
"06:30, 08-Apr-2022",Shanghai under lockdown
"03:56, 09-Apr-2022",American actor Will Smith barred from Academy events after Oscars slap
"01:27, 09-Apr-2022",First all-private crew blasts off to International Space Station
"01:32, 09-Apr-2022",Pelosi postpones Asia trip after testing positive for COVID-19
"04:47, 09-Apr-2022",U.S. House speaker Pelosi postpones Asia trip after testing positive for COVID-19
"03:56, 09-Apr-2022",Peru declares state of emergency amid unrest over rising prices
"05:54, 09-Apr-2022",Relief worker describes her experiences in critical zones of Ukraine
"01:27, 09-Apr-2022",The world's youngest asteroid hunter honored by NASA
"05:53, 09-Apr-2022",Venezuela establishes new tax reform
"05:29, 09-Apr-2022",White House celebrates Ketanji Brown Jackson’s confirmation to the U.S. Supreme Court
"05:02, 10-Apr-2022",American children send questions to taikonauts
