﻿"20:33, 23-Apr-2022","New Ebola case confirmed in northwestern DR Congo, lab report says"
"08:36, 24-Apr-2022",10 people from missing Japanese tourist boat found dead: NHK
"07:04, 24-Apr-2022",At least 14 killed after boat carrying migrants sinks off Lebanon
"07:16, 24-Apr-2022",Death toll from migrant shipwrecks off Tunisia rises to 17
"22:40, 24-Apr-2022",Attack on military unit in Burkina Faso kills 10 people: AFP
"21:39, 24-Apr-2022",Detained British national released from Yemen: official
"21:12, 24-Apr-2022",First commercial flight from Yemen since 2016 postponed
"11:31, 24-Apr-2022","Global Political Calendar: Guterres to meet Putin and Zelenskyy, Scholz visits Japan"
"16:51, 24-Apr-2022",Iran's IRGC detains foreign ship carrying smuggled fuel: report
"09:43, 24-Apr-2022",Israeli PM tells UN chief Israel is 'stabilizing force' in conflict with Palestine
"14:07, 24-Apr-2022","Kyiv says top U.S. officials to visit, Russia hits Odesa as conflict enters third month"
"09:27, 24-Apr-2022","Messi stunner secures PSG Ligue 1 title, Bayern win 10th consecutive Bundesliga title"
"19:23, 24-Apr-2022","NBA playoffs on April 23: What's wrong with Durant, Nets?"
"07:39, 24-Apr-2022",New Mexico declares state of emergency due to multiple wildfires
"21:47, 24-Apr-2022",Oman secures release of 14 foreigners held in Yemen
"15:53, 24-Apr-2022",At least 2 dead in Poland mine accident
"14:02, 24-Apr-2022","Midday turnout at 26.41% as Macron, Le Pen vie for French presidency"
"17:08, 24-Apr-2022","Priest attacked with knife in Nice, France"
"21:31, 24-Apr-2022",RNG top laner Bin: We will study T1 and G2 for MSI 2022
"22:32, 24-Apr-2022",Russia's Sarmat ballistic missiles to be in service this year: official
"22:16, 24-Apr-2022","Six soldiers killed, 20 injured in Mali 'terror' attacks: army"
"17:25, 24-Apr-2022",Slovenia opens polling for parliamentary elections
"19:03, 25-Apr-2022",5 killed in attack claimed by al-Shabaab in Somalia
"15:41, 25-Apr-2022",Advance team for UN human rights chief arrives in China
"19:04, 25-Apr-2022","Afghan delegation visits Qatar, meets foreign minister"
"20:11, 25-Apr-2022",Ben Simmons under heavy criticism after deciding to skip Game 4
"10:13, 25-Apr-2022",Death toll rises to 11 in Japanese tourist boat accident
"20:32, 25-Apr-2022","EU, India agree to broaden ties amid Ukraine crisis"
"08:57, 25-Apr-2022","France's Macron beats far-right in presidential runoff, pledges change"
"10:22, 25-Apr-2022",Global military spending hits record $2.1 trillion in 2021
"11:43, 25-Apr-2022",Guterres: Turn crisis into moment of opportunity for multilateralism 
"16:51, 25-Apr-2022",Iran confirms fifth round of talks with Saudi Arabia
"08:31, 25-Apr-2022",Israeli military launches artillery strike on Lebanese target in response to rocket launch
"20:24, 25-Apr-2022",Japan reports first possible case of 'unknown hepatitis' in children
"12:29, 25-Apr-2022",Japan starts work on exit of tunnel for Fukushima water release
"08:22, 25-Apr-2022",Macron wins French presidential election with 58.55% of votes: Interior Ministry
"15:47, 25-Apr-2022",Myanmar court delays verdict in Aung San Suu Kyi corruption trial
"18:44, 25-Apr-2022",NBA playoffs on April 24: Young Pelicans make Suns pay with energy
"08:23, 25-Apr-2022",Nicaragua announces full 'withdrawal' from OAS
"15:00, 25-Apr-2022","One dead, one injured in mine incident in Russia's Kuzbass"
"07:14, 25-Apr-2022",Police officers shoot dead two in car in Paris: AFP
"16:04, 25-Apr-2022",Putin congratulates Macron on presidential election victory
"12:23, 25-Apr-2022","F1 Emilia Romagna GP: Red Bull Racing triumph as Verstappen, Perez scoop 1-2 finish"
"19:32, 25-Apr-2022",Report: PSG will sack manager Mauricio Pochettino after this season
"07:24, 25-Apr-2022",Rocket fired from southern Lebanon exploded in Israel: Al Jazeera
"13:24, 25-Apr-2022",Russia to deploy Sarmat missiles by autumn in historic nuclear upgrade
"10:54, 25-Apr-2022",South Korean President-elect's delegation meets Japanese FM
"14:23, 25-Apr-2022",Sri Lanka stock exchange halts again after 13% plunge
"16:36, 25-Apr-2022",Suspect arrested in London after four people found dead
"08:47, 25-Apr-2022",Freedom Movement celebrates landslide victory in Slovenia's election
"11:56, 25-Apr-2022",Teenager Alcaraz mirrors Nadal with Barcelona crown
"21:06, 25-Apr-2022",Two killed in single-engined plane crash in Turkey's Bursa
"22:41, 25-Apr-2022",UFC Vegas: Andrade sets sights on championship with quick Lemos finish
"11:54, 25-Apr-2022",WHO: At least 1 child has died out of 169 global acute hepatitis cases 
"13:18, 25-Apr-2022","Wildfires sweep New Mexico, hundreds of properties destroyed"
"13:12, 25-Apr-2022",Xi congratulates forum on 50th anniversary of malaria drug artemisinin
"18:58, 26-Apr-2022",3 killed in kindergarten shooting in Russia's Ulyanovsk: report
"21:27, 26-Apr-2022","3 soldiers, 2 IS militants killed in clashes in Iraq"
"12:13, 26-Apr-2022",Palestinian shot dead by Israeli forces in West Bank: Palestinian ministry
"21:31, 26-Apr-2022",Asia's 1st Rafael Nadal Tennis Center to open in Hong Kong
"22:57, 26-Apr-2022",Biden issues first pardons since taking office
"13:05, 26-Apr-2022",China-Malaysia MoU aims to take TCM to next level
"09:07, 26-Apr-2022",Chinese envoy says Palestine issue should not be marginalized
"10:20, 26-Apr-2022",DPRK holds military parade to mark army's 90th anniversary: KCNA
"08:54, 26-Apr-2022",Iran says resumption of talks over nuclear deal is on agenda
"18:15, 26-Apr-2022",Moldova convenes security talks on blasts in Transnistria region
"07:34, 26-Apr-2022",Musk seals $44 billion deal for Twitter
"15:36, 26-Apr-2022",Myanmar court delays verdict in Suu Kyi corruption trial to Wednesday
"18:29, 26-Apr-2022","One dead, 26 missing off Spain's Canary Islands"
"22:52, 26-Apr-2022",P&O ferry European Causeway adrift off coast of Larne: BBC
"13:13, 26-Apr-2022","Real Madrid to sign Chelsea's Rudiger, Pogba bids goodbye to Man United"
"15:45, 26-Apr-2022",Russia seeks to reduce existing 'serious' risks of nuclear war: Lavrov
"17:49, 26-Apr-2022","Putin, Erdogan discuss humanitarian situation in Ukraine's Mariupol"
"17:52, 26-Apr-2022","4 killed, several injured in blast inside university in Pakistan's Karachi"
"10:21, 26-Apr-2022",South Korean delegation meets with Japanese PM in Tokyo
"19:58, 26-Apr-2022",Government documents show U.S. CDC delayed disclosing likely COVID-19 animal spillover event
"23:12, 26-Apr-2022",A veto in UN Security Council now triggers General Assembly meeting
"17:43, 26-Apr-2022",UN chief tells Lavrov: Ukraine ceasefire is needed as soon as possible
"08:56, 26-Apr-2022","UN chief pushing for truce in visits to Russia, Ukraine: spokesman"
"18:40, 26-Apr-2022",What does Macron's re-election mean for China?
"21:28, 26-Apr-2022",White House says Biden to talk with Mexican president on Friday
"17:29, 27-Apr-2022","'China doesn't engage in political assassinations, unlike the U.S. and some Western countries'"
"22:36, 27-Apr-2022",11 dead after tour boat disappeared in Japan
"19:23, 27-Apr-2022",Afghan forces curb almost all IS outfit activities in Afghanistan: report
"20:04, 27-Apr-2022",Boeing discloses $1.5b hit from halt to 777x production
"18:06, 27-Apr-2022",Bridge collapses in Bohol in Philippines
"21:27, 27-Apr-2022",Clashes in Ethiopia kill 20 Muslim worshippers: regional Islamic leader
"21:35, 27-Apr-2022",Clashes in Sudan's West Darfur killed over 210: governor
"19:33, 27-Apr-2022",DR Congo starts Ebola vaccinations to stem outbreak in northwest: WHO
"18:34, 27-Apr-2022",EU initiates 'rule of law' funding procedure against Hungary
"19:51, 27-Apr-2022","Federer, Nadal confirm return dates this season"
"19:40, 27-Apr-2022","Guns became leading killer of U.S. children, teens in 2020, analysis shows"
"10:39, 27-Apr-2022","Inflation increases to 5.1% in Australia, highest rate since 2000"
"12:01, 27-Apr-2022",Myanmar court sentences Aung San Suu Kyi to 5 years in prison
"18:59, 27-Apr-2022",NBA playoffs on April 26: Morant leaves career mark in postseason
"08:53, 27-Apr-2022",Over 170 killed in recent armed clashes in Sudan's West Dafur region
"21:23, 27-Apr-2022",Pakistani FM sends condolences to victims in blast at university
"10:12, 27-Apr-2022",Pakistani PM visits Chinese Embassy and expresses condolences to Karachi bombing victims
"14:14, 27-Apr-2022",Retired Colombian military admit murdering 120 civilians
"13:42, 27-Apr-2022","Russia, Ukraine commemorate 36th anniversary of Chernobyl tragedy"
"20:43, 27-Apr-2022","Russian energy giant Gazprom stops gas supplies to Poland, Bulgaria"
"12:09, 27-Apr-2022",Second patient dies of Ebola in DRC: WHO
"16:11, 27-Apr-2022",Musk's SpaceX sends 4 astronauts to international space station
"17:07, 27-Apr-2022",Swiss approves agreement on classified information exchange with NATO
"07:51, 27-Apr-2022",Syrian air defenses respond to new Israeli missile strike in Damascus
"08:01, 27-Apr-2022","Turkmen president, Chinese defense minister agree to deepen military cooperation"
"19:53, 27-Apr-2022",U.S. cruise line docked with 143 tested COVID-19 positive on board
"07:13, 27-Apr-2022",Putin tells UN chief Guterres he still has 'hope' in Ukraine talks
"13:11, 27-Apr-2022",UN chief pushes for safe corridors in Ukraine in meeting with Lavrov
"08:50, 28-Apr-2022","8 killed, 11 injured during shootout at cement plant in Mexico"
"07:24, 28-Apr-2022",Biden to visit South Korea and Japan May 20-24
"08:24, 28-Apr-2022","China, Iran agree to push military ties to higher level"
"09:59, 28-Apr-2022",EU estimates up to 80% of population has had COVID-19
"07:31, 28-Apr-2022",Sudan's political actors to hold comprehensive dialogue in May: envoy
"10:51, 28-Apr-2022",FBI director warns of consequences of U.S. crime spike: report
"08:17, 28-Apr-2022",Is the U.S. an empire? The answer is an emphatic yes!
"10:44, 28-Apr-2022",Dominant Liverpool outclass stubborn Villarreal to put one foot in Champions League final
"06:55, 28-Apr-2022",Macron visits left-leaning Paris suburb after re-election
"08:00, 28-Apr-2022",SpaceX's Crew Dragon capsule Freedom docks with ISS
"09:52, 28-Apr-2022","U.S., Russia swap prisoners Reed and Yaroshenko amid tensions"
"10:11, 28-Apr-2022",WTO chief warns against retreat from global economy
"03:19, 24-Apr-2022",At least 10 mln children face severe drought in the Horn of Africa: UNICEF
"23:57, 24-Apr-2022","At least 8 killed, 45 rescued after boat sunk off Lebanon"
"02:44, 24-Apr-2022",Egyptian museum housing royal mummies attracts nearly 1 mln visitors since debut
"00:04, 24-Apr-2022",Over 100 killed in explosion at illegal oil refining depot in southern Nigeria
"02:28, 24-Apr-2022",Tanzania to vaccinate over 10 mln children against polio
"01:50, 24-Apr-2022","Turkey closes airspace to Russian military, civilian planes flying to Syria"
"02:07, 24-Apr-2022",Zelenskyy reiterates call for meeting with Putin
"03:27, 25-Apr-2022",Freedom Movement set to win Slovenia's general election: exit poll
"03:14, 25-Apr-2022",French president Emmanuel Macron wins second term: projections
"03:15, 25-Apr-2022",Mask mandates return to U.S. universities as COVID-19 cases rise
"03:43, 25-Apr-2022",Quartararo sweeps to victory in Portugal MotoGP
"01:47, 26-Apr-2022","Guinea, Burkina Faso juntas risk more sanctions over transition delays"
"01:06, 26-Apr-2022",India's Haryana state to provide free COVID-19 booster doses to adults
"00:56, 26-Apr-2022",Jurors reject array of defenses at Capitol riot trials
"01:00, 26-Apr-2022",S. Africa: Scores of schools still inaccessible after deadly floods
"01:05, 26-Apr-2022",Twitter starts deal negotiations with Elon Musk
"02:11, 27-Apr-2022",Finland's President in hospital with COVID-19
"02:05, 27-Apr-2022",France condemns life sentence for Turkey's civil society activist 
"01:26, 27-Apr-2022",U.S. Vice President Kamala Harris tests positive for COVID-19
"02:08, 27-Apr-2022","U.S., allies to meet monthly on arming Ukraine: Austin"
"03:28, 28-Apr-2022",Germany preparing for change of control at Rosneft refinery: minister
"03:18, 28-Apr-2022",Hundreds killed in tribal clashes in Sudan's West Darfur
"03:05, 28-Apr-2022",Post-Floyd probe finds discrimination by Minneapolis police: report
"02:40, 28-Apr-2022","UN tourism body suspends Russia's membership, Moscow says it quits"
"02:22, 28-Apr-2022","UNICEF, WHO warn of 'perfect storm' of conditions for measles outbreak"
"01:33, 27-Apr-2022",Macron's 'political gridlock' after French politics' 'tipping point'
"23:28, 27-Apr-2022",New global security group to support Ukraine in its 'courageous but important fight' 
"00:45, 27-Apr-2022",Tensions rise with attacks in Moldova's disputed breakaway territory
"00:01, 27-Apr-2022","Twitter needs to adapt to our rules, EU reminds Elon Musk"
"02:06, 24-Apr-2022",China’s Ambassador to U.S. stops at Iowa farm where Xi Jinping also visited
"04:38, 24-Apr-2022",Chinese Ambassador to U.S. tours Smithfield Farms on midwest tour
"06:09, 24-Apr-2022",Farmers across Argentina protest government policies in Buenos Aires
"00:18, 24-Apr-2022",Largest gas utility in U.S. proposes switching to hydrogen energy
"05:01, 24-Apr-2022",New California bill aims to shorten working hours
"04:47, 24-Apr-2022",Researchers work to create police shootings database in the U.S.
"04:42, 24-Apr-2022",Schools reopen amid COVID-19 pandemic in Venezuela
"04:51, 24-Apr-2022",Students tackle global warming at annual sustainability summit
"03:21, 25-Apr-2022",Americans fill their gas tanks in Mexico
"03:41, 25-Apr-2022",Carnival parade resumes in Rio de Janeiro after pandemic hiatus
"04:33, 25-Apr-2022",Dwellings offer guests unique experience in the outdoors
"03:50, 25-Apr-2022",Minnesota Overseas Chinese Service Center welcomes Ambassador Qin Gang
"00:44, 25-Apr-2022",Residents in California cross border to Mexico for cheaper gas
"05:51, 26-Apr-2022",Ambassador Qin visits Minneapolis' Chinese immersion language school
"05:29, 26-Apr-2022",Countries report mysterious cases of hepatitis outbreak
"08:03, 26-Apr-2022","Interview with International Monetary Fund Managing Director, Kristalina Georgieva"
"05:28, 26-Apr-2022",Venezuelan students back to in-person classes
"04:51, 27-Apr-2022",Book fair back in Havana after two-year hiatus
"04:47, 27-Apr-2022",Mexico closes U.S.-trained special anti-drugs unit
"04:30, 27-Apr-2022",New York City Asian dessert tour
"20:34, 27-Apr-2022",Qin Gang on 50th anniversary of the first China trips by U.S. Congress
"04:20, 27-Apr-2022",See the impacts of U.S. agricultural exports to China
"04:15, 27-Apr-2022","Trump held contempt of court, fined $10,000 a day"
"04:09, 27-Apr-2022",World reacts to Elon Musk buying Twitter
"04:41, 27-Apr-2022",Yayoi Kusama’s art returns to D.C.’s Hirshhorn Museum
"06:20, 28-Apr-2022",Harvard report shows historic ties to slavery
"06:27, 28-Apr-2022",New U.S. program to help Ukrainian refugees stranded in Tijuana
"04:20, 28-Apr-2022",Peruvian students return to classrooms 
