﻿"15:40, 04-Aug-2022",How Pelosi landed in political crossfire abroad and at home
"23:31, 10-Aug-2022",Biden's CHIPS Act: Will it work?
"10:00, 10-Aug-2022","China, ROK agree to jointly maintain stability of supply chains"
"12:15, 10-Aug-2022",China has world's second largest number of nuclear power units: official
"14:50, 10-Aug-2022",China hosts intl. event to discuss nuclear energy and creating carbon neutral future
"14:39, 10-Aug-2022",China launches 16 new satellites into orbit
"21:27, 10-Aug-2022",China refutes UK concern over military drills around Taiwan island
"09:32, 10-Aug-2022","China's consumer prices rise in July, factory-gate inflation ease"
"15:26, 10-Aug-2022",China's Hainan reports 45 new positive COVID-19 cases
"10:00, 10-Aug-2022",China releases white paper on Taiwan question and reunification of China in new era
"07:58, 10-Aug-2022",China's economy has become the world's economic engine: survey
"23:21, 10-Aug-2022",China tests small robotic arm before Shenzhou-14 crew's space walk
"20:04, 10-Aug-2022",China's suspension of climate change talks with U.S. is a legitimate countermeasure: spokesperson
"16:40, 10-Aug-2022",China will fight back if U.S. maintains provocation: spokesperson 
"18:48, 10-Aug-2022",Chinese esports league slaps lifetime ban on match-fixing players
"09:15, 10-Aug-2022",Chinese mainland records 444 new confirmed COVID-19 cases
"22:46, 10-Aug-2022",Chinese women's football ace Wang Shuang joins Racing Louisville
"14:21, 10-Aug-2022",First cafe employing blind baristas open in Shanghai
"20:06, 10-Aug-2022",Full Text: The Taiwan Question and China's Reunification in the New Era
"20:00, 10-Aug-2022",Night economy showcases China's consumption potential
"16:37, 10-Aug-2022",PLA Eastern Theater Command successfully completes military drills around Taiwan
"14:21, 10-Aug-2022",Snooker: All five Chinese players advance at British Open qualifier
"21:41, 10-Aug-2022",Spokesperson makes remarks on white paper on Taiwan question and China's reunification in new era
"17:50, 10-Aug-2022",Taiwan authorities should make right choice on cross-strait ties: spokesperson
"23:21, 10-Aug-2022",Wang Yi warns against three dangerous movements across the Taiwan Straits
"22:08, 11-Aug-2022",'China Documentary Festival' exhibition held in Thailand
"15:08, 11-Aug-2022",'In Search of Lost Time' set as Beijing International Film Festival opener
"16:06, 11-Aug-2022",A glimpse of films shortlisted for Beijing International Film Festival in 2022
"15:46, 11-Aug-2022",Any attempt to seek 'Taiwan independence' will fail: spokesperson
"20:44, 11-Aug-2022",China denounces Lithuanian officials' visit to Taiwan region 
"19:03, 11-Aug-2022",China says it won't compromise on core interests for U.S. tariff cut
"18:47, 11-Aug-2022",China 'seriously concerned' with Japan's wastewater release: envoy
"09:09, 11-Aug-2022",Chinese mainland records 700 new confirmed COVID-19 cases
"07:58, 11-Aug-2022",Only 6% believe U.S. will continue to dominate the world: survey
"23:28, 11-Aug-2022",High-tech methods boost agricultural industry in central China's town
"18:05, 11-Aug-2022",Painting master captures China's art tradition in sweeping landscape
"21:26, 11-Aug-2022",Peaceful reunification is China's first choice in resolving Taiwan question: white paper
"21:01, 11-Aug-2022",Quanzhou: the starting point of Maritime Silk Road
"19:49, 11-Aug-2022",Taiwan businesses an integral part of Quanzhou's growth
"10:23, 11-Aug-2022",World 5G Convention: China's 5G commercial use enters virtuous circle
"23:29, 11-Aug-2022",Xiaomi unveils humanoid robot CyberOne as robot market booms
"08:06, 12-Aug-2022",7 people dead in a fire accident in E China
"21:04, 12-Aug-2022",CMG's 2022 Mid-Autumn Festival Gala: what to expect
"14:54, 12-Aug-2022",Canadian Open: China's Zheng Qinwen topples Andreescu to reach last 8
"10:09, 12-Aug-2022",Changzhou – Chinese profound heritage site and dinosaur land
"08:24, 12-Aug-2022",China 'deeply concerned' by situation at Zaporizhzhia nuclear power plant: envoy
"19:28, 12-Aug-2022",China imposes sanctions on Lithuanian official
"21:27, 12-Aug-2022",China is defensive rather than offensive
"11:11, 12-Aug-2022",China is world's 2nd largest commercial satellite owner
"10:51, 12-Aug-2022",China's commitment to opening-up a ray of hope in a bleak global economy
"09:46, 12-Aug-2022",China's AR-500CJ shipborne unmanned helicopter completes maiden flight
"18:06, 12-Aug-2022",China's first COVID-19 pill included in medical reimbursement list
"09:41, 12-Aug-2022",China's commercial carrier rocket Smart Dragon-3 completes ground tests
"16:08, 12-Aug-2022",China says U.S. THAAD deployment in S. Korea harms strategic security
"09:10, 12-Aug-2022",Chinese mainland records 704 new confirmed COVID-19 cases
"20:02, 12-Aug-2022",Chinese rocket carrying ship Yuanwang-21 to set sail for missions
"19:16, 12-Aug-2022",Chinese women's basketball team departs for European training camp
"16:35, 12-Aug-2022","Foreign experts laud white paper on Taiwan as China reaffirms position, resolution on reunification"
"22:03, 12-Aug-2022",FATRI: Building a complete semiconductor value chain in Quanzhou
"17:59, 12-Aug-2022","Graphics: Taiwan is part of China, a fact supported by history and law"
"21:48, 12-Aug-2022",Hengan Group: Household product maker takes digital strides for growth
"18:42, 12-Aug-2022","Huawei revenue further down in H1 amid U.S. sanctions, pandemic"
"22:08, 12-Aug-2022",MOFA: Pelosi's Taiwan trip has nothing to do with democracy
"17:22, 12-Aug-2022",Magnificent rainbow enlivens sky after summer shower in S China
"09:34, 12-Aug-2022",China Speed: Construction of 2nd makeshift COVID-19 hospital in Sanya completed in 5 days  
"09:42, 12-Aug-2022",Moto vs. Samsung: The flip phone arena in 2022
"21:29, 12-Aug-2022",PEAK: A true tale of Quanzhou's grit and perseverance
"17:51, 12-Aug-2022",Xi Jinping calls on int'l community to build global development partnership
"20:52, 12-Aug-2022",Want Want Group says it has adhered to One-China Principle since its founding
"14:20, 12-Aug-2022",We Talk: How do I view Japan's handling of nuclear wastewater?
"09:35, 12-Aug-2022",Western Inner Mongolia Series | Episode 7: Survival on the rocks
"11:49, 13-Aug-2022",12th Beijing International Film Festival kicks off 
"18:16, 13-Aug-2022",Ambassador: Japan shouldn't dance to the U.S. tune on Taiwan question
"20:46, 13-Aug-2022",Experts: Beijing's white paper sets tone for future cross-strait policies
"12:05, 13-Aug-2022",China submits instruments of ratification of forced labor conventions with ILO
"18:21, 13-Aug-2022",China's Shenzhou-14 astronauts to conduct their first spacewalk in coming days
"15:22, 13-Aug-2022",China sees significant progress in air quality over decade
"09:17, 13-Aug-2022",Chinese mainland records 704 new confirmed COVID-19 cases
"19:34, 13-Aug-2022","7 dead, 8 injured in flash floods in SW China's Sichuan Province"
"19:51, 13-Aug-2022",Lyu Xiaoming helps kids fall in love with basketball in vacation
"21:36, 13-Aug-2022",Moroccan ambassador: Morocco adheres to one-China policy
"16:38, 13-Aug-2022",U.S. no longer 'shining beacon' for Chinese: scholar
"16:30, 13-Aug-2022",World Elephant Day: One year after return of famed migrating elephants 
"17:20, 14-Aug-2022",Discover a unique cycling experience as Tour of Qinghai Lake heralds new era
"23:01, 14-Aug-2022",CGTN poll: 78.34% of people believe China vitalized world economy
"14:01, 14-Aug-2022",China Space Station: How to reduce equipment noise in the Wentian?
"19:35, 14-Aug-2022","China Weekly News Quiz: August 7-14, 2022"
"20:26, 14-Aug-2022",China lodges stern representations with Japan over official's visit to Yasukuni Shrine
"20:39, 14-Aug-2022",China defeat Japan to win AVC Cup for Men again after 10 years
"09:17, 14-Aug-2022",Chinese mainland records 684 new confirmed COVID-19 cases
"10:11, 14-Aug-2022",How new ocean buoys improve fish farming in S. China's Quanzhou
"22:07, 14-Aug-2022","Graphics: Increased trade, exchanges beneficial to people across Taiwan Straits"
"16:31, 14-Aug-2022","M5.9 quake strikes NW China's Yushu, no casualties reported"
"18:00, 14-Aug-2022",Taiwan's New Party makes positive contributions to cross-strait relations: mainland spokesperson
"23:29, 14-Aug-2022",What's behind Tsai's role in Pelosi's Taiwan show?
"15:55, 14-Aug-2022",Xi Jinping replies to letter from grassroots heroes
"13:12, 15-Aug-2022",12th Beijing International Film Festival spotlights living with disabilities
"17:48, 15-Aug-2022",CMG steps up cooperation to tell Macao's story
"23:06, 15-Aug-2022",COVID-stricken Hainan steps up effort to help stranded tourists leave
"15:59, 15-Aug-2022","Chinese, UK scientists find graphene efficient in extracting gold from waste"
"19:03, 15-Aug-2022",China achieves new breakthroughs in UAV for weather modification
"13:45, 15-Aug-2022",China finishes first round of tank biathlon at International Army Games
"23:08, 15-Aug-2022",China is ready to work with developing countries: Wang Yi
"21:16, 15-Aug-2022",China sees spike in AI chipmakers amid surging demand for NEVs
"16:45, 15-Aug-2022",China voices opposition to U.S. lawmakers’ visit to Taiwan region
"16:07, 15-Aug-2022",China vows to safeguard sovereignty after U.S. lawmakers' Taiwan visit
"09:44, 15-Aug-2022",Chinese embassy warns U.S. lawmakers of countermeasures over fresh visit to Taiwan region
"09:14, 15-Aug-2022",Chinese mainland records 770 new confirmed COVID-19 cases
"16:03, 15-Aug-2022",Chinese snowboarder Su Yiming appointed Special Olympics East Asia Ambassador
"21:42, 15-Aug-2022",Expert: Economy in adjustment phase after pandemic 
"15:46, 15-Aug-2022",Experts: Why is summer 2022 so long and intense? 
"09:09, 15-Aug-2022",Looking into China: My life as a Pakistani vlogger in China
"10:30, 15-Aug-2022",Luan Yushuai: Beat the Rush
"16:48, 15-Aug-2022",M4.7 earthquake hits NW China's Qinghai
"10:13, 15-Aug-2022",Modi pledges to make India developed nation in 25 years
"15:44, 15-Aug-2022",Names disclosed of members of Japanese chemical warfare unit in WWII
"14:57, 15-Aug-2022",PLA Eastern Theater Command organizes joint exercises around Taiwan
"23:09, 15-Aug-2022",SW China flash flood: A tragedy that shouldn't happen
"18:14, 15-Aug-2022",Smart chip prices collapse amid low market demands and high inventory
"12:38, 15-Aug-2022",Surging tidal bore in Qiantang River wows visitors
"15:13, 15-Aug-2022","U.S. troublemaker, saboteur of peace in Taiwan Straits: spokesperson"
"16:00, 15-Aug-2022",Xi's article on implementing new development philosophy to be published
"20:37, 16-Aug-2022",China: Vessel's stopover at Sri Lanka follows international practice
"17:49, 16-Aug-2022",China hands out movie coupons worth nearly $15 million
"18:08, 16-Aug-2022",China issues new guideline to boost birth rate
"19:25, 16-Aug-2022",China urges parties to stop fueling tensions on Korean Peninsula
"19:40, 16-Aug-2022","Chinese, Afghan media to hold TV forum on Afghanistan's post-war recovery"
"09:15, 16-Aug-2022",Chinese mainland records 591 new confirmed COVID-19 cases
"21:36, 16-Aug-2022",Commercial domestic flights resume in China's resort city of Sanya
"10:08, 16-Aug-2022",Diehard 'Taiwan independence' separatists to be sanctioned: mainland
"21:00, 16-Aug-2022",Experts: Streaming movies can bring windfalls for Chinese film makers
"12:24, 16-Aug-2022","Lhasa temporary hospital goes all out to treat mild, asymptomatic COVID-19 patients"
"16:01, 16-Aug-2022",New treasures unearthed from the Sanxingdui Ruins site
"20:22, 16-Aug-2022",Official: China to optimize policy environment for economic recovery
"21:50, 16-Aug-2022",Chinese premier urges 6 economic powerhouses to help support national recovery
"17:55, 16-Aug-2022",China's political party system thrives over past decade: official
"10:12, 16-Aug-2022",UK first to OK Moderna's updated COVID-19 shot against Omicron
"11:20, 16-Aug-2022",Western Inner Mongolia Series | Episode 9: Demoiselle hermit
"18:48, 16-Aug-2022",Xi Jinping sends condolences to Egyptian president over deadly church fire
"17:13, 17-Aug-2022","2022 Asian Para Games to open in Hangzhou from October 22 to 28, 2023"
"17:02, 17-Aug-2022",Beijing tightens entry rule amid growing COVID pressure 
"21:04, 17-Aug-2022",CGTN 'Incredible Young Talents' to kick off
"16:09, 17-Aug-2022","China, Chile vow to push bilateral relations to higher level"
"21:14, 17-Aug-2022",China Space Station: Homegrown solar array powers nation's space ambition
"19:28, 17-Aug-2022","China, Uzbekistan to hold 6th meeting of intergovernmental cooperation committee"
"09:58, 17-Aug-2022",China aim for better result at women's Volleyball World Championship
"12:31, 17-Aug-2022","China boosts sci-tech innovation in agricultural machinery, equipment"
"19:43, 17-Aug-2022",China expedites PPP projects to drive investment
"14:24, 17-Aug-2022",China isn't a threat to American people: Veteran U.S. peace activist
"23:01, 17-Aug-2022",China briefs on achievements and measures on ethnic unity and progress in the past decade
"20:41, 17-Aug-2022",China's first oral pill boosts COVID-19 treatment options
"20:57, 17-Aug-2022",China's fiscal revenue falls in first 7 months
"20:59, 17-Aug-2022",China witnessing the strongest heatwave since 1961
"09:23, 17-Aug-2022",Chinese mainland records 637 new confirmed COVID-19 cases
"18:38, 17-Aug-2022",Chinese military to attend Russia's Vostok-2022 strategic military drills 
"22:16, 17-Aug-2022",Chinese premier urges support for new energy vehicles
"22:51, 17-Aug-2022","Chongqing battles wildfire amid heatwave, no casualties so far"
"13:21, 17-Aug-2022",Communicating with the world via Chinese animation
"17:39, 17-Aug-2022",Cross-strait communities share family origins
"18:22, 17-Aug-2022",Long-time captain Zhou Peng says goodbye to Guangdong Southern Tigers
"12:30, 17-Aug-2022",Over 15% of China's population to be scientifically literate by 2025
"10:48, 17-Aug-2022",Putin: Pelosi's Taiwan visit is to destabilize and sow chaos in the region
"18:36, 17-Aug-2022",Sanctions on 'Taiwan independence' diehards completely legitimate: spokesperson
"09:48, 17-Aug-2022",Shanghai-developed mRNA vaccine approved for clinical trials
"12:31, 17-Aug-2022",Western Inner Mongolia Series | Episode 10: Grassland rhapsody
"10:48, 17-Aug-2022",Xi Jinping urges industrial restructuring in NE China for continuous revitalization
"06:33, 10-Aug-2022",Biden signs bill to boost domestic semiconductor industry
"05:55, 12-Aug-2022",Mexico City modernizes subway system with new 'China Standard' trains
"05:37, 13-Aug-2022","FBI seeks espionage evidence against Trump, search warrant shows"
"04:19, 15-Aug-2022",What’s the cost of the U.S. delegation’s visit to China’s Taiwan? 
"06:25, 17-Aug-2022",Chinese Ambassador to the U.S. Qin Gang takes a joint interview of the U.S. mainstream media
"04:25, 17-Aug-2022","Zheng Zeguang: Taiwan is now a touchstone issue for the UK, the U.S. and for us in China"
"20:18, 17-Aug-2022",Full Text: Ambassador Qin Gang on China-U.S. relations and Taiwan 
