﻿"09:16, 07-Jul-2022",July 7 Incident 85 years on: Is Japan getting bellicose again?
"19:23, 07-Jul-2022",Samsung Electronics posts higher Q2 profit on strong server-chip demand
"20:17, 11-Jul-2022",Chinese construction project helps revamp education in Iraq
"22:34, 11-Jul-2022",Mourners pay respect to former PM Abe
"20:56, 11-Jul-2022",Russia-Ukraine conflict affects trade between China and Europe
"21:35, 11-Jul-2022",Sri Lanka crisis offers lessons for middle-income developing countries
"21:24, 11-Jul-2022",U.S. dollar index hits new high since 2002
"23:11, 11-Jul-2022",Wang Yi calls on ASEAN to jointly uphold open regionalism
"23:00, 11-Jul-2022",Will Japan's Kishida carry on Abe's legacy as their party wins big in the upper house?
"22:13, 12-Jul-2022","9,200 monkeypox cases reported from 63 countries: WHO"
"12:01, 12-Jul-2022",Biden: Guns turning U.S. neighborhoods into 'killing fields'
"14:50, 12-Jul-2022",Britain's Labour to put forward no-confidence motion on Tuesday: Reuters 
"13:17, 12-Jul-2022","China, ASEAN vow to strengthen ties as Wang Yi meets ASEAN secretary-general"
"19:25, 12-Jul-2022",China's 'flying man' Su Bingtian to have season's debut at World Athletics Champs
"19:30, 12-Jul-2022",EU gives Croatia final approval to adopt euro currency in 2023
"08:00, 12-Jul-2022","Euro pulls back from near dollar parity, up 0.2%"
"09:32, 12-Jul-2022",Former U.S. Secretary of State Rice joins NFL Denver Broncos owners
"07:10, 12-Jul-2022",French prime minister survives no-confidence vote in parliament
"11:03, 12-Jul-2022",History-making England smash Euro record by thrashing two-time champions Norway 8-0
"21:28, 12-Jul-2022",ISIS leader in Syria killed in U.S. strike: Pentagon
"08:11, 12-Jul-2022","Indonesia, China agree to foster new growth points"
"10:16, 12-Jul-2022",Japanese government to consider regulations on handmade guns
"21:45, 12-Jul-2022",My Account on China: China-Serbia ties cast in steel
"14:49, 12-Jul-2022",Myanmar leader to meet with Russia's space agency chief in Moscow 
"06:55, 12-Jul-2022",NASA unfolds universe's splendor with the 'sharpest' images by Webb
"20:29, 12-Jul-2022",OPEC forecasts slower oil demand growth in 2023
"11:12, 12-Jul-2022",One-China principle is anchor of stability for Taiwan Straits: Chinese FM
"17:54, 12-Jul-2022","Putin, Tokayev hold phone conversation"
"20:01, 12-Jul-2022",Putin offers all Ukrainians simplified path to Russian citizenship
"20:01, 12-Jul-2022",Sri Lanka parliament to elect new president on July 20
"13:26, 12-Jul-2022",Sri Lankan president's brother stopped from flying out as anger surges
"12:39, 12-Jul-2022",Sri Lankan president signs resignation letter: reports
"20:00, 12-Jul-2022","Temperatures soar in Spain, Portugal, France and UK "
"14:26, 12-Jul-2022",Test-fired rocket booster bursts into flames at Musk's SpaceX plant
"07:08, 12-Jul-2022","UK's new PM to be announced on September 5, says Tory lawmaker"
"07:28, 12-Jul-2022",U.S. House to vote on sweeping government funding bills next week
"21:18, 12-Jul-2022",UNSC votes on extending cross-border aid to Syria by 6 months
"20:11, 12-Jul-2022","Wang Yi lauds China-ASEAN friendship, champions open regionalism"
"07:46, 12-Jul-2022","White House says hospitals, doctors must give abortions in emergencies"
"14:47, 12-Jul-2022",Yellen meets Japanese Finance Minister Shunichi Suzuki
"08:51, 13-Jul-2022","2 killed, including a boy, after boat capsizes in Hudson River"
"22:09, 13-Jul-2022",Bank of Canada increases policy interest rate by 100 basis points
"17:34, 13-Jul-2022",Biden departs for Israel for high-stakes Middle East visit 
"20:09, 13-Jul-2022",Biden starts first Middle East trip as president
"23:27, 13-Jul-2022",Cosmonauts to stop using European Robotic Arm on space station
"20:36, 13-Jul-2022",FIVB Nations League: Chinese coach sees men's team's potential
"20:41, 13-Jul-2022",First round of voting starts in Tory leader contest 
"09:26, 13-Jul-2022",Former senior U.S. official John Bolton admits to planning attempted foreign coups
"21:54, 13-Jul-2022","Hungary declares state of emergency in energy, orders export ban on energy sources"
"08:01, 13-Jul-2022",IMF again cuts U.S. 2022 growth forecast to 2.3% as consumer spending cools
"08:24, 13-Jul-2022",M5.5 earthquake hits southern Peru: USGS
"07:09, 13-Jul-2022","Mexico to purchase up to 20,000 tons of milk powder from U.S."
"16:56, 13-Jul-2022",Most Chinese players in poor health before FIBA Asia Cup loss to South Korea
"10:53, 13-Jul-2022",New Zealand raises official cash rate by 50 bps to 2.5%
"12:09, 13-Jul-2022",PLA warned off U.S. warship trespassing in China's territorial waters: spokesperson
"09:01, 13-Jul-2022",South Korea's central bank delivers half-point rate hike
"14:17, 13-Jul-2022",Sri Lanka declares state of emergency after president flees
"15:49, 13-Jul-2022",Sri Lankan PM Ranil Wickremesinghe appointed acting president
"18:22, 13-Jul-2022","Sri Lankan PM orders military, police to 'restore order'"
"07:03, 13-Jul-2022",Sri Lankan President Gotabaya Rajapaksa arrives in Maldives
"23:04, 13-Jul-2022","Sunak, Mordaunt get enough votes to move to 2nd round: report"
"17:09, 13-Jul-2022","Tehran, Riyadh interested in further talks: Iranian Foreign Ministry"
"14:36, 13-Jul-2022",Tokyo court orders ex-Fukushima TEPCO bosses to pay $95 billion
"10:54, 13-Jul-2022",Trump incites Jan. 6 attack after 'unhinged' White House meeting: panel
"07:20, 13-Jul-2022",Twitter lawsuit accuses Elon Musk of contract breach
"18:29, 13-Jul-2022","U.S., Israel announce new tech partnership in health, climate"
"20:30, 13-Jul-2022","U.S. consumer price index rises by 9.1% in June, beats expectation "
"14:13, 13-Jul-2022",UK economy grows 0.5% in May after contracting two months
"19:05, 13-Jul-2022",UK government to hold vote of confidence in itself next week
"22:06, 13-Jul-2022",UK rail workers to stage fresh strike on July 27
"19:33, 13-Jul-2022",Russia-Ukraine grain talks conclude in Istanbul: Turkish ministry
"19:45, 13-Jul-2022","Utah Jazz change mind, willing to listen to trade offer for Mitchell"
"08:45, 13-Jul-2022",Western Europe wilts under second heatwave in weeks
"11:14, 13-Jul-2022", Yoon's office slams repatriation of DPRK fishermen in 2019 as 'crime against humanity'
"18:18, 14-Jul-2022",Amazon offers concessions to end EU antitrust investigation
"14:52, 14-Jul-2022",At least 120 injured amid Portuguese wildfires
"11:07, 14-Jul-2022",4 injured in Philadelphia shooting
"10:05, 14-Jul-2022",Australian unemployment rate drops to 3.5% in June
"08:42, 14-Jul-2022",Bank of Canada surprises with 100bp rate hike to tame inflation
"09:41, 14-Jul-2022",Biden chasing the wind in the Middle East
"11:25, 14-Jul-2022",Biden says he would resort to force to keep Iran from nuclear weapons
"15:50, 14-Jul-2022",Building Lives – Ep. 5: A Sea Gate Connecting the World
"20:17, 14-Jul-2022",Building Lives: Mission in the desert
"15:01, 14-Jul-2022","China, Cambodia reach fruitful results in all-round cooperation: Wang Yi"
"16:17, 14-Jul-2022","China says its position on Ukraine crisis 'consistent, unequivocal'"
"14:04, 14-Jul-2022","Dozens of Afghans killed in unseasonal rain, floods"
"21:17, 14-Jul-2022","Italy's Draghi wins confidence vote, but 5-Star boycotts motion"
"22:42, 14-Jul-2022",Euro plunges to record low
"17:21, 14-Jul-2022","EU cuts euro zone growth forecasts, revises up inflation outlook"
"21:08, 14-Jul-2022",Has Roe v Wade ruling changed the U.S. midterm math? 
"11:57, 14-Jul-2022","IMF agrees to resume Pakistan loan after fuel, tax hikes  "
"22:11, 14-Jul-2022",India reports 1st monkeypox case
"21:43, 14-Jul-2022",Iran says to have 'harsh response' to any mistake from U.S. or its allies
"17:17, 14-Jul-2022","Japan's COVID-19 cases surpass 10 million, government warns of new spike"
"16:45, 14-Jul-2022",Japan to hold state funeral for ex-PM Abe
"18:54, 14-Jul-2022","Japan to restart coal, nuclear plants to ensure power supply"
"16:19, 14-Jul-2022",Ketanji Brown Jackson: First Black woman on U.S. Supreme Court 
"09:12, 14-Jul-2022",Libyan National Oil Corp chairman rejects sacking
"14:05, 14-Jul-2022",Lithuania allows sanctioned Russian goods to transit to Kaliningrad
"22:21, 14-Jul-2022",Mali to suspend all new UN peacekeeping rotations: foreign ministry
"11:44, 14-Jul-2022",Philippine central bank makes surprise 75 bps hike in interest rates
"09:55, 14-Jul-2022",Pig organ transplants inch closer with testing in the dead
"09:24, 14-Jul-2022","Pre-monsoon accidents kill 165, injure 171 in Pakistan"
"09:54, 14-Jul-2022",Rishi Sunak tops first round of voting in UK leadership race
"16:45, 14-Jul-2022",South Korea detects Omicron subvariant BA.2.75
"11:26, 14-Jul-2022",SpaceX Starship booster 'probably' returning to pad after explosion – Elon Musk
"21:50, 14-Jul-2022",Sri Lankan Parliament Speaker receives resignation of president
"19:18, 14-Jul-2022",Sri Lankan President Rajapaksa arrives in Singapore
"13:52, 14-Jul-2022",Sri Lankan President Rajapaksa leaves Maldives for Singapore
"09:49, 14-Jul-2022",Sri Lankan parliament speaker awaiting Rajapaksa resignation
"14:32, 14-Jul-2022",Sri Lankan protesters say they will leave official buildings
"11:32, 14-Jul-2022",Raheem Sterling arrives: Chelsea complete first signing of post-Abramovich era
"22:08, 14-Jul-2022",Sunak tops second round of voting in UK leadership race
"20:13, 14-Jul-2022",Sweden's inflation hits 30-year high in June
"07:55, 14-Jul-2022",U.S. FDA authorizes Novavax COVID-19 vaccine for emergency use in adults
"08:36, 14-Jul-2022",U.S. House passes Active Shooter Alert Act
"19:32, 14-Jul-2022","U.S., Israel sign pledge on denying nuclear weapon to Iran"
"07:51, 14-Jul-2022",U.S. Senate confirms Biden nominee to central bank
"09:33, 14-Jul-2022",U.S. dollar blows past 138 Japanese yen
"06:58, 14-Jul-2022","Ukraine severs diplomatic relations with DPRK over recognition of independence of Donetsk, Luhansk"
"09:23, 14-Jul-2022",Virginia floods leave 44 people missing
"13:55, 14-Jul-2022",Volleyball: U.S. crash out of VNL after surprise loss against Serbia
"07:30, 14-Jul-2022",Week of gang violence leaves 89 dead in Haitian capital: rights group
"16:23, 14-Jul-2022",Yen falls to 24-year low against U.S. dollar
"07:15, 15-Jul-2022",Italian president asks Draghi to rethink resignation
"07:30, 15-Jul-2022",Saudi Arabia to open its airspace for all air carriers
"07:53, 15-Jul-2022",U.S. House passes bill boosting Biden's record defense budget
"00:39, 12-Jul-2022",DR Congo completes entry into East African Community
"23:24, 12-Jul-2022",Death toll from South Africa gun attack rises to 16
"02:46, 12-Jul-2022",Finland's food industry facing serious situation: expert
"00:31, 12-Jul-2022",South Africa confirms third case of monkeypox
"03:17, 13-Jul-2022",Biden and Mexican President Lopez Obrador discuss migration during White House meeting
"02:01, 13-Jul-2022",ECOWAS says Ukraine conflict threatens food security in West Africa
"02:04, 13-Jul-2022",Eight candidates nominated for UK Conservative Party leadership contest
"00:05, 13-Jul-2022",Kenya to set up automotive council to boost local assembly of motor vehicles
"00:36, 13-Jul-2022",WHO calls for equitable expansion of genomics
"02:46, 14-Jul-2022",Ethiopia gov't relief chief arrested on accusations of corruption
"02:23, 14-Jul-2022",Mercedes-Benz to start assembly of electric bus in Brazil
"01:05, 14-Jul-2022",Six candidates still in race to replace UK PM Johnson
"02:49, 14-Jul-2022",Sri Lanka's acting president declares nationwide curfew
"03:02, 14-Jul-2022",Turkey reports deal at talks aimed at restoring Ukrainian grain exports
"01:04, 14-Jul-2022","UAE president, in first address, stresses support for energy security, friendly relations"
"03:16, 15-Jul-2022",Africa sees 63-pct jump in diseases spread from animals to people in last decade: WHO
"03:21, 15-Jul-2022",Belgian Foreign Minister Wilmes resigns
"03:03, 15-Jul-2022",Italian PM Draghi to resign
"03:13, 15-Jul-2022",Sri Lankan parliamentary speaker to formally announce president's resignation on Friday
"03:08, 15-Jul-2022","U.S., Kenya launch trade and investment partnership - USTR"
"03:01, 15-Jul-2022",Xi inspects Urumqi in China's Xinjiang
"21:40, 12-Jul-2022","Euro falls to near parity vs dollar, a new 20-year low"
"00:13, 13-Jul-2022","British SAS 'repeatedly killed detainees, unarmed men' in Afghanistan, BBC probe finds"
"00:47, 14-Jul-2022",How the Ukraine conflict is affecting China-EU trade 
"01:19, 14-Jul-2022",Hungary under international pressure to back corporate tax deal
"00:58, 14-Jul-2022","Italian drought to force up cost of olive oil, tomatoes, risotto rice"
"03:02, 12-Jul-2022", What is happening in Sri Lanka?
"05:52, 12-Jul-2022",Central American migration crisis 
"06:01, 12-Jul-2022",New York subway stations face challenges in accessibility upgrades  
"05:04, 12-Jul-2022",Protecting giant sequoias from wildfires 
"05:48, 12-Jul-2022",Tso'l Food: Chicago
"05:40, 13-Jul-2022",Colombia releases Truth Commission report on decades of violence 
"04:45, 13-Jul-2022",NYC removes last working public payphone
"04:09, 13-Jul-2022","Survivors of U.S. Indian boarding school systems speak out about abuse, mistreatment"
"04:59, 13-Jul-2022",Torrential rains flood Karachi
"05:42, 13-Jul-2022",U.S. President Biden prepares for official Middle East trip
"04:46, 13-Jul-2022",U.S. inflation woes put pressure on businesses in Argentina 
"04:58, 14-Jul-2022",Bolivia Electric Vehicles to tackle air pollution
"05:31, 14-Jul-2022",June inflation data shows a new surge in prices
"06:22, 14-Jul-2022",More than 1.8 billion people worldwide at risk for severe flooding
"05:35, 14-Jul-2022",Parents of Uvalde victims angry at leaked video of attack
"06:22, 14-Jul-2022",Sri Lanka's PM takes over after president flees
"04:03, 14-Jul-2022",The science behind cell-based meat gene editing
"01:08, 14-Jul-2022",The world's largest seed bank
"06:44, 14-Jul-2022",Uvalde shooting video released by Texas media 
"01:17, 15-Jul-2022", California bans plastic packaging
"01:17, 15-Jul-2022",Immigrant workers and the U.S. economy
"04:37, 15-Jul-2022",Migrants' slavery in the U.S.
"06:42, 15-Jul-2022",Mixed reactions to Uvalde police response video publication
"01:16, 15-Jul-2022",What does it take to be a migrant farmhand? 
"04:37, 15-Jul-2022",What’s behind Biden’s U-turn on Saudi Arabia?
