﻿"14:44, 09-May-2022",Bulgaria says to veto EU oil sanctions on Russia if it does not get derogation
"18:54, 09-May-2022",China to Australia: China is direct stakeholder in South Pacific's security
"17:39, 09-May-2022",Curfew imposed in Sri Lanka after clashes
"20:22, 09-May-2022",EU chief von der Leyen backs bloc treaty changes
"16:59, 09-May-2022",Famed U.S. media gala turns into COVID-19 super-spreader event
"21:00, 09-May-2022",French court upholds fake-job verdict against former PM Fillon
"22:34, 09-May-2022",Japanese foreign minister vows to mend ties when meeting S.Korean to-be counterpart
"21:17, 09-May-2022",Marcos Jr heads for landslide in Philippine presidential poll: unofficial tally
"18:23, 09-May-2022",NBA East semis on May 8: Harden makes the Heat 'Fear the Beard'
"17:06, 09-May-2022",NBA West semis on May 8: Mavs tie the series before Game 5
"22:43, 09-May-2022","Nikola Jokic named back-to-back NBA MVP, report"
"19:11, 09-May-2022",Philippine polling stations closed
"18:38, 09-May-2022",China stresses the need to bring more stability to an age of instability
"15:14, 09-May-2022",Putin addresses Russia's Victory Day parade
"20:02, 09-May-2022","Sacramento Kings to hire Mike Brown as new head coach, report"
"17:41, 09-May-2022",South Korea's Moon leaves Blue House on last day of presidency
"18:28, 09-May-2022",Sri Lankan prime minister resigns amid deadly clashes
"16:44, 09-May-2022",UFC 274: Esparza beats champ Rose in worst fight ever contender
"21:21, 09-May-2022",Many countries will face food crisis without agricultural products from Ukraine: Ukrainian official
"20:48, 10-May-2022","1 dead, 1 in critical condition after Sydney gym shooting"
"22:54, 10-May-2022",28 migrants missing off Spain's Canary Islands
"19:16, 10-May-2022",5 Palestinians injured in clashes with Israeli forces near E Jerusalem
"07:51, 10-May-2022", Sri Lanka's Colombo calm after clashes that killed seven
"18:24, 10-May-2022",Airliner returns to gate in Israel after passengers sent crash images
"16:51, 10-May-2022",At least 15 dead in eastern DR Congo refugee camp attack
"09:08, 10-May-2022","China calls for equal, balanced global development partnership"
"22:58, 10-May-2022",China is willing to work with ROK's new govt on regional issues
"18:47, 10-May-2022",China slams U.S. for distorting facts over Taiwan region 
"16:18, 10-May-2022",Danish inflation hits highest level since 1984
"08:03, 10-May-2022",Death toll from explosion at Havana hotel rises to 40
"16:06, 10-May-2022",EU announces another $1.06b in aid for Syrian people
"12:05, 10-May-2022","Ecuador prison clash leaves 44 dead, 108 on the run"
"15:42, 10-May-2022",Even chance for global temperature to reach 1.5-degree threshold in 5 yrs: WMO
"07:46, 10-May-2022","Four dead, 70 injured in Bolivian university stampede"
"22:10, 10-May-2022",Greek inflation hits double digits for 1st time in 27 years
"17:00, 10-May-2022",IAEA: Opportunity for nuclear deal with Iran may close at any time 
"15:18, 10-May-2022","Japan's outstanding government bonds top 1,104 trillion yen"
"20:26, 10-May-2022",Kazakh president arrives in Turkey for state visit 
"16:12, 10-May-2022",Kuwait emir accepts resignation of government
"07:25, 10-May-2022",M6.3 quake strikes off Papua New Guinea: USGS
"09:13, 10-May-2022","Manchester City beat Real Madrid, PSG to sign top striker Erling Haaland"
"18:06, 10-May-2022",Initial vote counting about complete in Philippines presidential race 
"18:36, 10-May-2022",Prince Charles stands in for Queen Elizabeth as UK parliament opens
"17:38, 10-May-2022",Putin defends military operations in Ukraine as necessary
"21:28, 10-May-2022",Qatar cuts June crude oil prices
"22:22, 10-May-2022",Sri Lankan defense ministry issues shoot-on-sight orders to quell riots
"15:11, 10-May-2022",Sri Lankan president extends national curfew until May 11
"20:34, 10-May-2022",Taliban orders women to wear all-covering burqa in public
"18:40, 10-May-2022",Top Sri Lankan policeman hospitalized after attack: AFP
"17:53, 10-May-2022",U.S. denies its intelligence helped Ukraine to kill Russian generals
"22:53, 10-May-2022",UNGA elects Czech Republic to seat on human rights council
"19:37, 10-May-2022",President Xi Jinping congratulates Katalin Novak on inauguration as Hungarian president
"10:00, 10-May-2022","Yoon sworn in as ROK president, calls for 'complete denuclearization' of DPRK"
"12:49, 11-May-2022",Al Jazeera reporter killed by Israeli army in West Bank
"22:57, 11-May-2022",Al Jazeera reporter killed during Israeli raid in West Bank
"08:30, 11-May-2022",Argentine president declares intent for 2023 reelection
"10:07, 11-May-2022","As Manchester City confirm Haaland deal, resilient Liverpool keep up pace in title race"
"19:26, 11-May-2022",At least 15 people killed in road collision in southern Pakistan
"16:38, 11-May-2022",Brewing company registered as tangible cultural property catches fire in Japan
"19:38, 11-May-2022",Can Erling Haaland help Manchester City make a difference?
"16:33, 11-May-2022",China says 'dynamic zero-COVID' policy maximizing protection of health
"10:05, 11-May-2022",China condemns latest U.S. warship transit of Taiwan Straits
"16:46, 11-May-2022",ECB president says rate hike could come in early summer
"17:11, 11-May-2022",EU nuclear deal coordinator meets Iranian negotiator in Tehran
"22:54, 11-May-2022",Eight soldiers killed in Togo 'terrorist attack’
"11:52, 11-May-2022",El Salvador woman accused of abortion gets 30 years in jail
"16:23, 11-May-2022",Philippine President-elect: will focus on economy in the future 
"07:41, 11-May-2022",First Ukrainian president Leonid Kravchuk dies at 88
"20:58, 11-May-2022",Five Egyptian troops killed in attack in north of Sinai peninsula
"17:32, 11-May-2022",Four killed in Mogadishu explosion ahead of Somalia election: report
"17:39, 11-May-2022",Graphics: Facts behind almost 1 million COVID-19 deaths in the U.S. 
"11:46, 11-May-2022",Indigenous women make up half the female prison population in Canada
"17:18, 11-May-2022",Iran arrests two European nationals accused of organizing unrest
"12:11, 11-May-2022",Japan passes economic security bill
"22:30, 11-May-2022",Ukraine conflict day 77: Kherson might 'join Russia' and Ukraine claims successes near Kharkiv 
"07:31, 11-May-2022",M6.6 earthquake strikes northern Argentina
"18:00, 11-May-2022","NBA conference semis on May 10: 76ers, Mavs crumble in Game 5"
"14:06, 11-May-2022",Palestinian president says he holds Israeli forces responsible for reporter's death
"18:14, 11-May-2022",Palestinian teen killed by Israeli forces in West Bank: Palestine
"20:11, 11-May-2022",Sri Lankan central bank chief warns of worsening economic crisis
"13:58, 11-May-2022","Sri Lankan military authorized to maintain law, order amid unrest"
"09:51, 11-May-2022",Syria claims Israeli missiles strike southern region
"18:59, 11-May-2022",Tom Brady to join Fox Sports in biggest deal in history after retiring
"13:50, 11-May-2022",Turkish-Kazakh ties to reach level of 'enhanced strategic partnership'
"09:44, 11-May-2022",U.S. House passes nearly $40 billion Ukrainian aid bill
"20:40, 11-May-2022",U.S. consumer prices slow in April but inflation remains high
"08:56, 11-May-2022",UEFA approves changes to Champions League from 2024 with more spots up for grabs
"20:24, 11-May-2022",UK and Sweden agree mutual security pact
"19:39, 11-May-2022","UK strikes new security agreements with Sweden, Finland"
"17:59, 11-May-2022",UN chief says no possibility of concluding peace in Ukraine at present
"13:48, 11-May-2022",Warhol's 'Marilyn' auction nabs $195m; most for US artist
"18:08, 12-May-2022"," Coastal fire engulfs dozens of homes, prompts evacuations"
"13:35, 12-May-2022", Ukraine proposes swap of injured defenders for Russian prisoners
"20:49, 12-May-2022",11 people confirmed dead in Cameroon plane crash
"20:55, 12-May-2022",At least 4 missing after Slovenia chemical factory explosion
"11:37, 12-May-2022",Denmark outlasts China 3-2 to reach last 8 as Group B leader
"21:36, 12-May-2022",This is what the black hole at Milky Way's center looks like
"16:43, 12-May-2022",Journalist Shireen Abu Akleh's memorial service held in Ramallah
"19:52, 12-May-2022",COVID-19 deaths in Europe pass 2 million mark: WHO
"16:18, 12-May-2022",China says ready to support DPRK in fight against COVID-19
"11:28, 12-May-2022",Chinese envoy warns against more sanctions on DPRK
"08:08, 12-May-2022",DPRK confirms first case of Omicron: KCNA
"17:38, 12-May-2022",Seoul: DPRK fires 3 short-range ballistic missiles toward eastern waters
"11:22, 12-May-2022","EU's Von der Leyen, Michel meet Japanese PM Kishida"
"22:08, 12-May-2022",EU warns against unilateral action by UK over Northern Ireland protocol
"10:46, 12-May-2022",Ep. 392: U.S. can’t afford to decouple from China
"10:28, 12-May-2022",Final refrain for iPod as Apple stops production
"15:02, 12-May-2022",Leaders: Finland must apply for NATO membership without delay
"20:51, 12-May-2022",Guinea opens judicial probe into ex-president Conde: AFP
"17:57, 12-May-2022",IEA cuts forecast for global oil demand growth in 2022 to 1.8 million barrels per day
"09:47, 12-May-2022","Inter beat Juve to win Coppa Italia, Chelsea eye Champions League spot "
"14:17, 12-May-2022",International Day of Plant Health: Appreciate the life of earth 
"14:20, 12-May-2022","One killed, several injured in a military plant explosion in Russia's Khabarovsk"
"08:21, 12-May-2022",Papua New Guinea deputy PM killed in road accident
"20:42, 12-May-2022",Qatar's emir arrives in Iran for talks with Raisi
"16:03, 12-May-2022",Ranil Wickremesinghe to be next PM of Sri Lanka
"10:22, 12-May-2022","South Korean president appoints foreign, interior ministers"
"16:44, 12-May-2022","Sri Lanka court bans ex-PM Rajapaksa, allies from leaving country"
"21:11, 12-May-2022",Sri Lanka's new PM Ranil Wickremesinghe sworn in
"13:32, 12-May-2022","Sri Lankan president to appoint new PM, cabinet this week"
"17:25, 12-May-2022",U.S. COVID-19 death toll surpasses 1 million: White House
"15:52, 12-May-2022","China urges U.S. to drop tariffs on Chinese goods 'in interest of U.S. firms, consumers'"
"21:49, 12-May-2022",U.S. producer price index up 11% in April
"09:13, 12-May-2022","U.S. stocks fall, oil rallies as inflation stokes market volatility"
"14:20, 12-May-2022",UK economy grew by 0.8% in first quarter of 2022 
"07:44, 12-May-2022",UN chief calls for transparent probe of Al Jazeera journalist's killing
"11:16, 12-May-2022",UN chief calls for focus on ensuring global food security
"10:57, 12-May-2022",UN envoy condemns killing of Al Jazeera journalist
"07:10, 13-May-2022","1 dead, 13 injured in blast in Pakistan’s Karachi"
"07:27, 13-May-2022","45 dead in Cuban hotel explosion, national mourning decreed"
"07:09, 13-May-2022",DPRK admits six people died from COVID-19: Yonhap
"07:14, 13-May-2022",U.S. Senate confirms Powell for second term as Fed chief
"00:36, 10-May-2022",Airports Company South Africa says jet fuel supply has decreased but is stable
"00:59, 10-May-2022",COP 15 begins in Abidjan with focus on tackling desertification
"02:20, 10-May-2022",Kenya looking to revamp tourism sector to boost number of visitors
"01:09, 10-May-2022",Nigeria's petroleum authority allays fears of fuel scarcity
"00:42, 10-May-2022",Nigerian university lecturers extend ongoing nationwide strike
"02:24, 10-May-2022",Somali president announces re-election bid
"00:27, 10-May-2022",Zambian President urges deliberate efforts by African leaders to explore mineral resources
"00:10, 11-May-2022",Death toll of cholera outbreak in Nigeria rises to 38
"02:33, 11-May-2022",Elon Musk says he would reverse Twitter's Trump ban
"02:28, 11-May-2022",Emergency rooms see more gun violence victims in U.S. in 1st year of pandemic
"02:18, 12-May-2022",Prisoner put to death in Arizona’s 1st execution since 2014
"02:49, 12-May-2022",The largest white diamond ever auctioned for $18.8 million
"02:27, 12-May-2022","U.S. overdose deaths rose 15 percent in 2021 to more than 100,000"
"01:56, 12-May-2022",UN calls for investigation into the death of Al Jazeera Journalist
"02:02, 12-May-2022",UN warns of rising number of people facing acute food insecurity in Eastern Africa
"00:30, 13-May-2022",Africa faces COVID-19 upsurge driven by variant and eased health measures: WHO
"01:49, 13-May-2022",Kenya keeps fuel subsidy as government finances struggle
"03:18, 13-May-2022",U.S. Republican lawmakers subpoenaed in Capitol assault probe
"01:15, 07-May-2022",Turbulent times lead to clearer skies for the airline industry
"21:59, 11-May-2022","50:50 chance of exceeding climate change 'tipping point' soon, WMO reports"
"01:23, 12-May-2022","The web should not be used as a battleground, say G7 ministers"
"03:49, 10-May-2022",Mexico's President arrives in Cuba ahead of five day tour of Central America
"04:45, 10-May-2022",Chinese company Sunfiber in South Carolina finds sustainable business opportunities in plastic recycling 
"06:29, 10-May-2022","Chinese owned business succeeds through sustainability, plastic recycling in US "
"03:49, 10-May-2022","Daunte Wright’s mother, Katie Wright, discusses her son's death and the trial"
"05:55, 11-May-2022",Afghan women protest the Taliban's new order in Kabul
"06:50, 11-May-2022","Colombia cartel launches ""armed strike"" over leader's extradition"
"05:06, 11-May-2022",The U.S. CDC addresses 35 percent increase in 2020 firearm homicides
"03:53, 11-May-2022","UN: Ukraine civilian deaths ""thousands higher"" than official toll"
"05:04, 12-May-2022",Aid to evacuees of New Mexico wildfire
"05:04, 12-May-2022",Meet Francia Marquez a VP candidate in Colombia
"05:03, 12-May-2022",Russian natural gas flow to Western Europe cut off in Ukraine
"05:03, 12-May-2022",Shoot-on-sight order for anyone found damaging property in Sri Lanka
"05:33, 12-May-2022",Two more journalists killed in Mexico 
"06:47, 12-May-2022",U.S. Senate vote fails to advance abortion rights bill 
"06:48, 12-May-2022",Roe vs Wade: U.S. Treasury chief warns of economic impacts of abortion restrictions
"05:04, 12-May-2022",U.S. gun-related homicide rate surged in 2020
"05:44, 12-May-2022",U.S. reviews China tariffs imposed by Trump 
"03:16, 13-May-2022",Brush fire destroys mansions in Southern California 
"06:35, 13-May-2022",Coca farming threatens Peru's indigenous territories
"06:37, 13-May-2022",Highlights from the Google I/O 2022
"06:27, 13-May-2022",Latest clean energy trends in the cruise industry
"06:49, 13-May-2022",Report shows migrant disappearances in Mexico quadrupled in 2021
"06:24, 13-May-2022",U.S. hosts virtual meeting with leaders across the Americas
"06:36, 13-May-2022","U.S. investigates child deaths at Indian boarding schools, but offers no apology"
"06:30, 13-May-2022",White House hosts global COVID summit  
