﻿"12:20, 29-Jul-2022",Kishida to attend NPT review conference in New York
"08:07, 29-Jul-2022","Top DPRK leader visits Friendship Tower, pays tributes to Chinese People's Volunteer martyrs"
"16:03, 31-Jul-2022", WHO calls for international efforts to contain monkeypox outbreak
"22:50, 31-Jul-2022",2 dead as UN peacekeepers open fire in east DR Congo: official
"14:14, 31-Jul-2022",4 injured in explosion near bus station in Yangon
"15:56, 31-Jul-2022",Astronomers detect heaviest ever neutron star: a 'black widow' 
"21:19, 31-Jul-2022",Death toll from floods in Kentucky climbs to 28
"22:23, 31-Jul-2022",Beirut port silos partially collapse: Reuters
"14:48, 31-Jul-2022",Building Lives: Return visit to affordable housing project in Algeria
"16:30, 31-Jul-2022",Former Philippine President Fidel Ramos passes away
"10:12, 31-Jul-2022",George Russell claims maiden pole at Hungarian GP
"17:10, 31-Jul-2022","Global Political Calendar: PLA's 95th birthday, ASEAN FMs' meeting "
"22:53, 31-Jul-2022",Iran responds to Borrell's proposal to salvage 2015 nuclear deal
"10:54, 31-Jul-2022",M5.3 earthquake strikes Nepal: EMSC
"21:59, 31-Jul-2022",M5.5 earthquake strikes southwestern Pakistan: EMSC
"07:40, 31-Jul-2022",New York City declares monkeypox a public health emergency
"17:11, 31-Jul-2022",Novak Djokovic hopes he can participate in U.S. Open this year
"10:17, 31-Jul-2022","Powerful explosion heard in Kabul, no casualties reported"
"15:52, 31-Jul-2022",Putin says Russian navy to get new hypersonic missiles soon
"21:18, 31-Jul-2022",South Africa's ruling party reaffirms commitment to nationalizing central bank
"13:48, 31-Jul-2022","South Korea, U.S. to hold joint DPRK missile detection exercise"
"17:07, 31-Jul-2022",Space chief: No ISS pullout before Russia has own space station in orbit
"09:12, 31-Jul-2022",Sri Lankan president: Protests and debates will not resolve crisis
"17:32, 31-Jul-2022","Towns considers Minnesota home, excited to pair with Gobert for new season"
"16:00, 31-Jul-2022",Voting starts in Senegal's 2022 National Assembly election
"19:21, 01-Aug-2022",10 dead in India's hospital fire
"12:16, 01-Aug-2022",10 killed after electrical accident in truck in India's West Bengal
"19:05, 01-Aug-2022",Asia reworks qualifying format for 48-team World Cup in 2026
"16:22, 01-Aug-2022","At least 7 killed, 130 injured in fuel truck fire in southern Libya"
"20:12, 01-Aug-2022","Bulgaria president calls Oct. 2 snap polls, appoints caretaker govt"
"16:33, 01-Aug-2022",CGTN Sports Talk: In memory of the immortal Bill Russell
"19:55, 01-Aug-2022",Chart of the day: More than 1.7 mass shootings every day in the U.S.
"19:00, 01-Aug-2022",China's Shen Menglu joins Celtic FC Women
"18:23, 01-Aug-2022",China again warns of 'serious consequences' over Pelosi's potential Taiwan visit
"15:06, 01-Aug-2022",Commonwealth Games: 3 cyclists taken to hospital after horror crash 
"17:39, 01-Aug-2022",Death toll after floods in eastern Uganda rises to 21: relief agency
"21:47, 01-Aug-2022",Death toll from floods in Kentucky climbs to 30
"14:42, 01-Aug-2022",EU faces challenges in tackling energy crisis: expert
"13:30, 01-Aug-2022",Euro 2022: England make history by winning first ever major women's trophy
"13:53, 01-Aug-2022",First grain shipment under new deal leaves Ukraine's Black Sea port
"11:12, 01-Aug-2022",Former FDA chief: Monkeypox to become next U.S. public health failure
"07:22, 01-Aug-2022",Guterres demands accountability after deadly UN peacekeepers shooting in east DR Congo
"09:08, 01-Aug-2022","In race for monkeypox vaccines, experts see repeat of COVID-19"
"07:07, 01-Aug-2022",India reports first monkeypox death
"14:21, 01-Aug-2022","Iran nuclear chief: We can produce atom bomb, have no intention to"
"08:25, 01-Aug-2022",Kosovo closes two border crossings after local Serbs block roads
"18:30, 01-Aug-2022","Kuwait reappoints oil, finance ministers in new cabinet: state media"
"15:56, 01-Aug-2022",Media commentators warn Pelosi against potential Taiwan visit
"18:33, 01-Aug-2022",Former FDA chief says Monkeypox to become U.S.'s next public health failure
"08:39, 01-Aug-2022",Myanmar extends state of emergency for another 6 months
"07:16, 01-Aug-2022",New Zealand's borders fully open after long pandemic closure
"16:28, 01-Aug-2022","No Myanmar representation at ASEAN meeting, chair says"
"14:59, 01-Aug-2022","Philippines won't rejoin International Criminal Court, president says"
"23:01, 01-Aug-2022",Senegal opposition claims election victory
"09:16, 01-Aug-2022",Senegal's ruling coalition holds majority in legislative election
"16:10, 01-Aug-2022",Singaporean PM says stable U.S.-China ties important at Pelosi meeting
"14:01, 01-Aug-2022",Sporting moments of the week (July 25-31)
"12:22, 01-Aug-2022",Bill Russell dies at 88: Sporting world pays tribute to basketball's greatest winner
"20:00, 01-Aug-2022",Sports in Numbers: World records and Team China's performance at track worlds
"18:04, 01-Aug-2022",Sri Lankan Supreme Court extends travel ban on former president
"06:59, 01-Aug-2022",Sudan reports first confirmed monkeypox case
"19:05, 01-Aug-2022",Top awards for Chinese mathematicians presented during 9th ICCM
"23:02, 01-Aug-2022",U.S. adds firms to sanctions list for ties to Iranian petrochemical company
"19:10, 01-Aug-2022",UFC 277: Nunes regains championship in one-sided win over Pena
"23:05, 01-Aug-2022",UN chief warns humanity 'one miscalculation away from nuclear annihilation'
"11:05, 02-Aug-2022","1 killed, several injured in Ohio shooting"
"19:34, 02-Aug-2022",6 dead in Pakistan's military helicopter crash
"07:18, 02-Aug-2022",Al-Qaeda leader Zawahiri killed in Afghanistan: reports
"12:44, 02-Aug-2022",Australian central bank hikes interest rates for 4th consecutive month
"07:32, 02-Aug-2022",Biden announces death of Al-Qaeda chief al-Zawahiri
"14:08, 02-Aug-2022",Building Lives: The bright pearl on the roof of Africa
"23:05, 02-Aug-2022",CPC Taiwan Work Office: DPP collusion with U.S. will lead to disaster
"23:09, 02-Aug-2022",China's top political advisory body calls Pelosi's Taiwan region visit 'major political provocation'
"10:56, 02-Aug-2022","Citi Open: China's Zhu Lin storms into last 16, Raducanu flops on doubles debut"
"23:01, 02-Aug-2022","China's top legislature: No compromise, concession on Taiwan question"
"22:57, 02-Aug-2022",Chinese Foreign Ministry condemns Pelosi's Taiwan visit
"13:56, 02-Aug-2022","Chinese, U.S. scientists develop antibodies against COVID-19 variants like Omicron"
"09:14, 02-Aug-2022",Chinese mainland records 107 new confirmed COVID-19 cases
"12:30, 02-Aug-2022",Cooperation projects foster closer China-Indonesia economic relations
"22:20, 02-Aug-2022",Cyprus records its first monkeypox case: health ministry
"19:48, 02-Aug-2022",DR Congo says 36 killed in recent anti-UN protests
"11:45, 02-Aug-2022","Egypt, Saudi champions to inaugurate Qatar World Cup final stadium"
"14:11, 02-Aug-2022",Foreign officials appreciate Chinese military's contribution to safeguarding world peace
"08:01, 02-Aug-2022","Illinois, California declare health emergency over monkeypox outbreak"
"19:07, 02-Aug-2022",Iran's President Raisi plans to address UN in New York next month
"10:43, 02-Aug-2022",Japanese nuclear power plant leaks 7 tonnes of radioactive water
"07:26, 02-Aug-2022",Kentucky floods kill at least 37 as more storms forecast
"20:02, 02-Aug-2022",Kuwaiti emir issues decree to dissolve parliament
"23:24, 02-Aug-2022",PLA to conduct military operations around Taiwan island as Pelosi visits
"13:46, 02-Aug-2022",Pakistan's election commission rules former PM Khan's party received illegal funds
"11:33, 02-Aug-2022",Prison protest ends after defiant inmates jump off roof
"21:31, 02-Aug-2022",Putin discusses Nagorno-Karabakh issue with Armenian PM
"09:25, 02-Aug-2022","One dead, 5 others injured in Washington D.C. shooting"
"07:06, 02-Aug-2022",South Korea inflation soars to near 24-year high in July
"10:13, 02-Aug-2022",The Race Gap in the U.S.: Arthur insists he's not a racist 
"19:00, 02-Aug-2022",U.S. Fed fueling higher inflation
"09:32, 02-Aug-2022",U.S. House Speaker's husband faces DUI arraignment on Wednesday 
"16:13, 02-Aug-2022",Wang Yi to attend meetings on East Asia cooperation
"21:51, 02-Aug-2022",White House names Robert Fenton as monkeypox coordinator
"21:58, 03-Aug-2022","'Reckless, unwise, dangerous': media on Pelosi's visit to Taiwan "
"20:20, 03-Aug-2022","Soldiers killed over Karabakh as Azerbaijan, Armenia claim violations"
"09:47, 03-Aug-2022",55th ASEAN Foreign Ministers' Meeting kicks off in Cambodia
"21:46, 03-Aug-2022",8 injured in explosion at military explosives producer in SW France
"15:51, 03-Aug-2022","Argentina, Uruguay, Chile, Paraguay jointly bid for 2030 World Cup"
"14:54, 03-Aug-2022",Baya weavers build nests in park in India
"18:15, 03-Aug-2022",CGTN Sports Talk: NBA teams always find their way around restrictions
"15:53, 03-Aug-2022",China: Pelosi's Taiwan visit not about democracy
"02:30, 03-Aug-2022",China summons U.S. ambassador over Pelosi's visit to Taiwan
"18:17, 03-Aug-2022",DR Congo demands UN mission spokesman to leave
"17:32, 03-Aug-2022",Denmark and other five countries join TAC pact
"14:19, 03-Aug-2022",Expert: Pelosi's Taiwan visit 'dangerous and provocative' 
"10:02, 03-Aug-2022",Golf: China's Feng Shanshan announces retirement
"16:49, 03-Aug-2022",Heavy gunshots heard in 'clearing operation' in Kabul
"11:16, 03-Aug-2022",Iguanas reproducing on Galapagos island century after disappearing
"15:40, 03-Aug-2022",First Ukraine grain ship enters Bosphorus after inspection
"20:30, 03-Aug-2022",Iranian top negotiator to hold talks on revival of 2015 nuclear pact
"19:17, 03-Aug-2022",Lithuania confirms 1st monkeypox case
"01:48, 03-Aug-2022",My Account on China EP. 17 – China and Africa: Win-Win Cooperation
"21:10, 03-Aug-2022",Nancy Pelosi: The troublemaker & peace destroyer  
"19:18, 03-Aug-2022",OPEC+ agrees small increase in oil output in September 
"10:59, 03-Aug-2022",Omicron better at invading young noses than other variants
"02:46, 03-Aug-2022","Pelosi ignores Taiwan visit warnings, China to take countermeasures"
"20:38, 03-Aug-2022",Peru's PM Torres resigns for 'personal reasons'
"09:25, 03-Aug-2022",Piastri rejects Alpine F1 seat amid contract confusion
"16:53, 03-Aug-2022",San Diego Padres acquire slugger Juan Soto in blockbuster trade
"18:05, 03-Aug-2022","Sri Lanka extends travel ban on former PM, finance minister"
"13:00, 03-Aug-2022",Sri Lankan Parliament reconvenes after adjournment
"21:44, 03-Aug-2022",Taiwan tensions feared to disrupt one of the world's busiest waterways
"09:23, 03-Aug-2022",Three communiques are the basis of bilateral ties between China and U.S.
"12:01, 03-Aug-2022",UN reiterates support for one-China principle
"22:09, 03-Aug-2022",Volcano eruption resumes in Iceland: Meteorological Office
"18:40, 03-Aug-2022",Where will Guo Ailun go after requesting Liaoning to trade him?
"00:24, 30-Jul-2022","Inflations in France, Spain reach new high in nearly 40 years"
"00:14, 01-Aug-2022",At least seven people killed in another South Africa gun attack
"03:02, 01-Aug-2022",Kenyan president commissions Nairobi's Chinese-built expressway
"00:01, 01-Aug-2022","Massive floods kill at least three in Mbale, Uganda"
"02:48, 01-Aug-2022",Outgoing UN envoy in Libya concerned about politicization of national oil company
"00:58, 02-Aug-2022",Death toll from Uganda floods hits 24
"00:56, 02-Aug-2022","Security situation improved in South Sudan's northern region, UN mission says"
"01:32, 02-Aug-2022",Two people burned to death in latest California wildfire
"01:18, 03-Aug-2022",Ex-Tanzania president to lead observer mission for Kenya's election
"01:02, 03-Aug-2022",First Ukraine grain ship arrives in Türkiye waters
"02:09, 03-Aug-2022",Nigerian President Buhari urges international collaboration against terrorism
"02:30, 03-Aug-2022","Over 37 million people face acute hunger in Horn of Africa, WHO warns"
"01:09, 03-Aug-2022",Somalia Prime Minister announces 26-minister cabinet
"02:40, 03-Aug-2022",Yemen's warring parties extend truce by two months: UN
"01:46, 04-Aug-2022","U.S. President Joe Biden tests positive for COVID-19 again, will continue isolation: Doctor"
"01:22, 04-Aug-2022",EU says Novavax COVID shot must carry heart side-effect warning
"00:57, 03-Aug-2022",Fuel shortages close some filling stations in Hungary
"00:03, 03-Aug-2022",'Damning': UK lawmaker wins admission of 'racist' deportations of Chinese after WWII
"01:27, 03-Aug-2022",Why feed for chickens no longer costs chickenfeed
"01:05, 03-Aug-2022",Why is Earth suddenly spinning faster and what does it mean for us?
"07:31, 01-Aug-2022",Deadly flooding in eastern Kentucky 
"06:20, 01-Aug-2022",Helping sex trafficking victims in Colombia 
"07:26, 01-Aug-2022",How technology can be used to fight against human trafficking 
"07:47, 01-Aug-2022",Many Argentines looking for job opportunities to fight inflation   
"06:01, 01-Aug-2022",Monkeypox outbreak in New York
"06:01, 01-Aug-2022",Shark attacks rise in the U.S. 
"07:37, 01-Aug-2022",Staffing shortages force airlines to cut services 
"06:16, 01-Aug-2022",Venezuela's clothing industry is struggling to survive
"01:48, 02-Aug-2022",Battling human trafficking in Nigeria
"05:36, 02-Aug-2022",Black homeownership in the U.S.
"04:35, 02-Aug-2022",Human trafficking in India and Nepal
"05:57, 02-Aug-2022",McKinney Fire rages in Northern California
"05:57, 02-Aug-2022",NYC Buildings Emissions
"01:57, 02-Aug-2022",New York Monkeypox outbreak
"04:35, 02-Aug-2022",Section of Beirut’s port silos collapses after fire
"08:18, 03-Aug-2022","Ambassador Qin Gang takes an interview with CNN on U.S. House Speaker Nancy Pelosi’s visit to China’s Taiwan region — China's sovereignty cannot be infringed, Chinese people cannot be humiliated, and the reunification of China cannot be stopped"
"04:20, 03-Aug-2022",China’s Women National Soccer team in the U.S.
"02:21, 03-Aug-2022",Competition for electric vehicle market grows
"06:53, 03-Aug-2022",Kentucky floods claims dozens of lives
"01:50, 03-Aug-2022",Mexico City looks to transition to sustainable energy with solar power
"06:18, 03-Aug-2022",Mysterious sinkhole appears in Chile
"06:18, 03-Aug-2022",Residents airlifted from Kentucky flood that left at least 37 dead
"04:20, 03-Aug-2022",Traffickers abuse U.S. reliance on migrant workers  
"04:37, 04-Aug-2022",Healthcare costs keep rising in the U.S.
"04:36, 04-Aug-2022",Pilot shortage hits regional airports in U.S. 
"06:47, 04-Aug-2022",Victim impact statements in penalty phase of Parkland school shooter
