﻿"21:40, 28-Mar-2022","Over 3,000 wild swans return to Bayanbulak grasslands"
"20:10, 29-Mar-2022",Tech Breakdown: Hualong One nuclear reactor helps China meet carbon goals
"19:53, 30-Mar-2022",Accusations about Chinese dams on Mekong River groundless: MOFA 
"15:25, 30-Mar-2022",China-EU summit to be held virtually on April 1
"11:06, 30-Mar-2022",China launches 3 Tianping-2 satellites atop Long March-11 rocket
"18:14, 30-Mar-2022",China's 'city of the future' gears up to build a financial sector 
"22:56, 30-Mar-2022",China voices strong opposition to UK's decision to pull HK judges
"19:47, 30-Mar-2022",Mainland slams attempt to challenge UN resolution embodying one-China principle
"11:54, 30-Mar-2022",China's Wang Yi hails high-level strategic coordination with Pakistan
"12:53, 30-Mar-2022",China-Russia ties withstand test of changing international situation: Wang Yi
"17:21, 30-Mar-2022","Foreign ministers of China, Qatar meet in Anhui"
"11:26, 30-Mar-2022",Journeys in Nature: Sanjiangyuan series | Ep. 8: King of the Sky
"14:51, 30-Mar-2022",NTSB: China issues visas to U.S. experts for Boeing plane crash probe
"16:53, 30-Mar-2022",There is no upper limit for China-Russian cooperation: MOFA 
"20:05, 30-Mar-2022",Xi calls for efforts to push for ecological advancement
"18:09, 31-Mar-2022","China, Solomon Islands sign deal on security cooperation framework"
"11:28, 31-Mar-2022","China urges U.S. to unfreeze Afghan assets, lift unreasonable sanctions"
"09:21, 31-Mar-2022","Wang Yi: Neighbors should support Afghanistan's independence, prosperity"
"11:21, 31-Mar-2022",Wang Yi urges world not to neglect Afghanistan during Ukraine crisis
"15:58, 31-Mar-2022",China remains Turkmenistan's reliable and dependable partner: Wang Yi
"19:23, 31-Mar-2022",China's Tianzhou-2 cargo spacecraft re-enters Earth's atmosphere
"21:47, 31-Mar-2022",China's football team coach: We're not good enough for World Cup
"15:23, 31-Mar-2022",China steps up tree-planting efforts to reduce carbon emissions
"13:02, 31-Mar-2022",China to further crack down on tax evasion in livestreaming sector
"11:48, 31-Mar-2022",China to promote public fitness service system
"21:48, 31-Mar-2022","China to raise prices of gasoline, diesel"
"13:10, 31-Mar-2022",China unveils its top 10 archaeological discoveries of 2021
"15:40, 31-Mar-2022",China urges U.S. to stop politicizing economic and trade issues
"15:53, 31-Mar-2022",Chinese FM holds press conference on Afghan issue
"09:37, 31-Mar-2022",Chinese factory activity slumps in March
"09:01, 31-Mar-2022","Chinese mainland records 1,839 new confirmed COVID-19 cases"
"10:17, 31-Mar-2022","China plane crash: Core search and rescue complete, working on report"
"17:15, 31-Mar-2022","China, Iran agree to strengthen counter-terrorism cooperation"
"09:59, 31-Mar-2022",HKSAR govt slams UK's allegations on national security law
"16:14, 31-Mar-2022",Rare oriental storks frolic in NE China
"21:47, 31-Mar-2022",Third meeting of foreign ministers of Afghanistan's neighbors releases joint statement
"13:05, 31-Mar-2022","Wang Yi holds meeting with FMs of Afghanistan, Pakistan"
"18:52, 31-Mar-2022","China, Tajikistan vow to deepen joint building of the Belt and Road"
"21:40, 31-Mar-2022",Wang Yi talks about eight-pronged consensus on Afghanistan 
"10:02, 31-Mar-2022",Xi Jinping delivers written remarks to 3rd meeting of foreign ministers of Afghanistan's neighbors
"19:31, 31-Mar-2022",Xi chairs CPC leadership meeting on plane crash emergency response
"22:52, 31-Mar-2022","Xi's article on agriculture, rural areas, rural residents to be published"
"11:24, 01-Apr-2022", Global green finance rises over 100-fold in decade – study
"12:16, 01-Apr-2022","China, Uzbekistan agree to deepen cooperation in trade, new energy"
"12:06, 01-Apr-2022","China, Indonesia vow to promote ASEAN Outlook on the Indo-Pacific"
"15:57, 01-Apr-2022",China urges NATO to reflect on its role in the Ukraine crisis
"10:49, 01-Apr-2022",Wang Yi: Afghan interim government should make efforts towards diplomatic recognition
"20:03, 01-Apr-2022","Xi Jinping: China, EU should bring more stability to a turbulent world"
"09:19, 01-Apr-2022","Chinese mainland records 1,827 new confirmed COVID-19 cases"
"10:01, 01-Apr-2022","Hangzhou Asian Games: Venues completed, posters released"
"22:18, 01-Apr-2022",Digitally-empowered Xiong'an New Area-on the fast lane to development
"22:16, 01-Apr-2022",Iconic Chinese products of China-EU Landmark Geographical Indications Agreement
"15:19, 01-Apr-2022","Chinese CDC calls for less travel as monthly COVID cases reached 103,000"
"23:02, 01-Apr-2022",Quantum lab secures communications in Xiongan smart city
"10:38, 01-Apr-2022",Southern Lingnan series: Blue-throated Bee-eater
"17:23, 01-Apr-2022","China, Myanmar to deepen exchanges, cooperation on all fronts "
"09:07, 01-Apr-2022",Wang Yi reiterates China's consistent stance on Ukraine issue
"19:45, 01-Apr-2022",Xi Jinping calls for efforts to forestall major accidents after plane crash
"09:45, 02-Apr-2022",6 missing in landslides in southwest China
"11:40, 02-Apr-2022",All HKSAR residents asked to do daily RATs on April 8-10: Carrie Lam
"11:39, 02-Apr-2022",China-EU Summit provides political guidance for bilateral ties
"13:03, 02-Apr-2022",China-EU leaders' meeting sends positive energy for world peace: China's vice FM
"18:44, 02-Apr-2022","China, Thailand jointly call for continued Russia-Ukraine peace talks"
"15:59, 02-Apr-2022",China accepts credentials of U.S. ambassador
"11:11, 02-Apr-2022","China calls for efforts to promote economic, social, cultural rights amid COVID-19"
"15:09, 02-Apr-2022",China to strengthen the control of sewage outflows
"09:15, 02-Apr-2022","Chinese mainland records 2,129 new confirmed COVID-19 cases"
"23:07, 02-Apr-2022",Chinese vice premier stresses efforts to curb COVID-19 in Shanghai 'in shortest possible time'
"11:13, 02-Apr-2022",Wang Yi: China is ready to boost all-round cooperation with Thailand
"17:11, 02-Apr-2022",Migratory birds land on Gansu lakes to enjoy spring
"17:29, 02-Apr-2022",National teleconference on workplace safety held in Beijing
"13:04, 02-Apr-2022",Nomination for HKSAR's chief executive election to start Sunday as scheduled
"10:28, 02-Apr-2022",Official: China-EU cooperation won't be reversed by any force
"14:51, 02-Apr-2022",Researchers print 3D cardiac tissue able to sustain pulses for over 6 months
"19:01, 02-Apr-2022","Science Saturday: Microplastics, ozone layer damage and collapsing ice"
"15:04, 02-Apr-2022",Southern Lingnan series: Chinese Pangolin
"18:34, 02-Apr-2022",U.S. NTSB team arrives in China for probe of crashed Boeing jet
"14:59, 02-Apr-2022",Wang Yi warns of negative spillover effects of Ukraine crisis
"19:23, 02-Apr-2022",World Autism Day: Voluntary program in SW China helps autistic adults
"11:26, 02-Apr-2022",Xi exchanges congratulations with Azerbaijani president on 30th anniversary of diplomatic ties
"22:09, 03-Apr-2022",2 dead after hang glider crashes in southwest China
"15:30, 03-Apr-2022","China Weekly News Quiz: March 27-April 4, 2022"
"09:17, 03-Apr-2022",China calls for resuming meaningful dialogue on Korean Peninsula issue
"21:14, 03-Apr-2022",Chinese diving team presents new synchronized pairs after reshuffling
"09:02, 03-Apr-2022","Chinese mainland records 1,506 new confirmed COVID-19 cases"
"16:26, 03-Apr-2022",Expert: China should have confidence in fighting current wave of pandemic
"12:40, 03-Apr-2022",Journeys in Nature: Sanjiangyuan series | Ep.10: Guarding the Homeland
"15:10, 03-Apr-2022",Shanghai boosts support for development of technology SMEs 
"10:21, 03-Apr-2022",Shanghai to conduct city-wide COVID-19 testing
"12:21, 03-Apr-2022",Southern Lingnan series: Mangrove
"13:45, 04-Apr-2022","China approves CanSino, CSPC mRNA vaccines for clinical trial"
"14:03, 04-Apr-2022","River, lake chiefs play important roles in guarding China's water resources"
"21:09, 04-Apr-2022",Wang Yi: China does not seek geopolitical interests over Ukraine
"09:13, 04-Apr-2022","Chinese mainland records 1,405 new confirmed COVID-19 cases"
"12:33, 04-Apr-2022","China, Panama hail prospects in relations as FMs meet "
"19:18, 04-Apr-2022",Former ace Chinese footballer: China need to return to Asia top 6 first
"22:05, 04-Apr-2022",More Chinese stay home during the 3-day Qingming holiday as COVID hits
"18:26, 04-Apr-2022",Premier Li congratulates Hungarian PM Orban 
"08:04, 04-Apr-2022",Thousands of medics nationwide rush to aid Shanghai in COVID-19 response
"19:25, 04-Apr-2022",Shanghai to continue closed-off management until further notice
"20:48, 04-Apr-2022",Wang Yi: China supports Hungary in pursuing an independent development path
"13:30, 04-Apr-2022",Wildlife of Wolong: The cute pika catcher
"11:42, 04-Apr-2022",Wildlife of Wolong: The deer with 'vampire fangs'
"17:26, 04-Apr-2022","Xiongan New Area builds city-level security system, aims for national rollout"
"10:10, 05-Apr-2022","2 dead, 4 missing in mudslide in southwest China's Yunnan"
"12:09, 05-Apr-2022",Allegations of Chinese hacking in Ukraine irresponsible and not credible: Embassy
"07:23, 05-Apr-2022",Animals and solar terms: Qingming
"14:31, 05-Apr-2022",China ranks one of world's best computing power among major economies
"16:49, 05-Apr-2022",China slams EU agency for 'selective blindness' over its position on Ukraine crisis
"09:16, 05-Apr-2022","Chinese mainland records 1,235 new confirmed COVID-19 cases"
"20:44, 05-Apr-2022","Illustrations, poems of artist Huang Yongyu on display in Beijing"
"11:30, 05-Apr-2022",Kite flying: A unique tradition
"15:06, 05-Apr-2022","Offline, online ceremony pays tribute China's Yellow Emperor"
"16:41, 05-Apr-2022",Plants related to Qingming Festival
"22:26, 05-Apr-2022",Shanghai pauses for COVID-19: How to stay positive during quarantine
"11:25, 05-Apr-2022","Shanghai reports 13,086 asymptomatic COVID-19 cases"
"10:32, 05-Apr-2022",Shanghai screens over 24m residents for COVID-19 in one day
"23:10, 05-Apr-2022","TCM, proved effective against COVID-19, is recommended by WHO"
"11:50, 05-Apr-2022",Why is Qingming Festival also called Tomb-Sweeping Day?
"10:51, 05-Apr-2022",World Bank cuts East Asia's 2022 GDP growth forecast to 5% on Ukraine crisis
"18:09, 05-Apr-2022",Xi Jinping congratulates Vucic on re-election as Serbian president
"10:17, 06-Apr-2022",'Revival of the Silk Road' Ep. 3
"12:48, 06-Apr-2022",30th anniversary of diplomatic relations between Armenia and China
"11:05, 06-Apr-2022",COVID-19 flare-up depresses tourism sector during Qingming Festival
"18:21, 06-Apr-2022","China accuses U.S., UK, Australia of creating 'Asia-Pacific NATO'"
"18:28, 06-Apr-2022",Foreign Ministry: China calls for full investigation into Bucha killings
"10:44, 06-Apr-2022",Civilian deaths in Bucha: China says circumstances should be verified
"22:20, 06-Apr-2022",China's Qingming Festival holiday box office sinks to historical low
"15:56, 06-Apr-2022",China slams U.S. approval of $95m arms sale to Taiwan
"10:56, 06-Apr-2022","Chinese, Belgians mourn Chinese workers killed in WWI"
"11:40, 06-Apr-2022",Chinese firms hit record number of European patent applications in 2021
"09:22, 06-Apr-2022","Chinese mainland records 1,415 new confirmed COVID-19 cases"
"15:06, 06-Apr-2022",Chinese women open restaurant to support kids with intellectual disabilities
"14:31, 06-Apr-2022","Egrets forage on the terrace of Jingde County, E China"
"16:13, 06-Apr-2022",Expert warns to stick to 'dynamic zero COVID' policy amid case surge
"23:02, 06-Apr-2022",Farmers in NE China prepare for spring plowing amid Omicron surge
"14:13, 06-Apr-2022",Injured red slender loris saved by forest police in SW China's Yunnan
"11:05, 06-Apr-2022",Injured red slender loris saved by forest police officers in SW China
"20:56, 06-Apr-2022",John Lee resigns as chief administration secretary of HKSAR govt
"08:10, 06-Apr-2022",M5.1 quake hits SW China's Sichuan: CENC
"15:20, 06-Apr-2022","NHC deploys 38,000 staff to support Shanghai COVID-19 fight"
"15:59, 06-Apr-2022",Shanghai allows uninfected parents to accompany their quarantined children
"19:01, 06-Apr-2022",Chinese scientist: Omicron is far more deadly than flu
"14:49, 06-Apr-2022",Wuhan medical experts help Shanghai tame spiraling COVID-19 caseload
"10:56, 06-Apr-2022","Chinese, Armenian presidents exchange congratulations on 30th anniversary of diplomatic ties"
"20:26, 06-Apr-2022","Xi to attend event commending role models of Beijing Olympic, Paralympic Winter Games"
"09:58, 07-Apr-2022",China launches new satellite for Earth observation
"15:42, 07-Apr-2022",China opposes U.S. approval of arms sale to Taiwan region
"15:56, 07-Apr-2022",China to take strong measures if Pelosi visits Taiwan region
"15:10, 07-Apr-2022",China welcomes intl assessment of documents on U.S. biological military activities
"22:38, 07-Apr-2022",Wang Yi: Asian countries should improve communication for regional peace
"09:24, 07-Apr-2022","Chinese mainland records 1,323 new confirmed COVID-19 cases"
"11:35, 07-Apr-2022",Critically endangered duck species spotted in NE China's Heilongjiang
"18:43, 07-Apr-2022",Customs customizes to keep cargo moving during Shanghai's lockdown
"14:35, 07-Apr-2022",Hebei series | Episode 2: Boundary River
"16:41, 07-Apr-2022",Hidden World of Birds in City: Migratory birds
"21:09, 07-Apr-2022",High-tech takes Beijing 2022 Winter Olympics to the next level: CMG
"19:47, 07-Apr-2022","JD.com's founder Richard Liu steps down as CEO, president Xu Lei succeeds"
"10:05, 07-Apr-2022",Jan.-Feb.: China's service trade surges by 33.5%  
"15:14, 07-Apr-2022",New book on China by renowned British sociologist published
"21:30, 07-Apr-2022",Renewed choreographer presents experimental modern dance in Guangzhou
"18:10, 07-Apr-2022",The value of Chinese diplomacy over Ukraine
"14:26, 07-Apr-2022",China's Three Gorges quarterly water supply hits 4.8b cubic meters
"08:48, 08-Apr-2022",China warns consequence over Pelosi's Taiwan visit
"09:06, 08-Apr-2022","Chinese mainland records 1,576 new confirmed COVID-19 cases"
"08:07, 08-Apr-2022",M5.3 earthquake hits waters off Taiwan region: CENC
"08:10, 08-Apr-2022",M5.3 earthquake hits waters off Taiwan region: CENC
"07:31, 08-Apr-2022","China, France express concern over spillover impact of Ukraine crisis"
"01:20, 31-Mar-2022","China calls for BRI, anti-terrorism cooperation involving Afghanistan"
"01:34, 07-Apr-2022",Israel-China free trade deal to be accelerated after foreign ministers call
"05:38, 08-Apr-2022",China's U.S. embassy remarks on Pelosi’s planned visit to Taiwan
"03:08, 08-Apr-2022",Explaining China's vote against suspending Russia from the UNHRC
"06:30, 08-Apr-2022",Shanghai under lockdown
