﻿"15:22, 30-Jun-2022",Afghanistan's loya jirga or grand assembly begins in Kabul
"11:19, 30-Jun-2022",Andy Murray suffers earliest Wimbledon exit as Djokovic sails through
"22:36, 30-Jun-2022",China refutes British Foreign Secretary's remarks on Taiwan
"12:23, 30-Jun-2022",Yang Jiechi: China to work with Pakistan to safeguard developing countries' interests
"10:10, 30-Jun-2022",Chinese divers sweep three golds in four hours at FINA World Championships
"08:12, 30-Jun-2022",Death toll in India's Assam floods rises to 151: official
"07:46, 30-Jun-2022",Death toll rises to 53 in Texas migrant truck tragedy 
"07:57, 30-Jun-2022","Doha talks between the U.S., Iran, and the EU end without progress: EU's envoy"
"21:46, 30-Jun-2022","EU, New Zealand conclude trade negotiations: von der Leyen"
"17:44, 30-Jun-2022",Explosions heard near loya jirga hall in Kabul
"10:42, 30-Jun-2022","Marcos sworn in as 17th Philippine president, vowing food sufficiency"
"12:55, 30-Jun-2022",Fire breaks out at market in east India
"10:02, 30-Jun-2022",Football: Chelsea record signing Lukaku rejoins Inter on loan
"19:15, 30-Jun-2022",France holding 10 suspects over Channel migrant disaster
"14:48, 30-Jun-2022",Gruesome truck deaths highlight failure of U.S. border policy  
"18:25, 30-Jun-2022",Infocus: Why is NATO expansion dangerous?
"15:16, 30-Jun-2022",Israeli lawmakers vote to hold new elections on November 1
"15:55, 30-Jun-2022","Israeli parliament dissolves, snap elections set for November 1"
"07:25, 30-Jun-2022",Maximum life term for sole surviving Paris 2015 attacker
"22:57, 30-Jun-2022",Moscow says Snake Island withdrawal related to food exports
"19:01, 30-Jun-2022",NATO launches Innovation Fund
"23:00, 30-Jun-2022",NATO leaders hold final day of meetings in Madrid
"21:17, 30-Jun-2022","OPEC+ endorses plan to increase oil production by 648,000 B/D in August"
"18:06, 30-Jun-2022",Plant shutdown in Japan sparks power shortage fears amid scorching heat
"20:14, 30-Jun-2022",At least two shot dead in Sudan's Omdurman during demonstrations
"12:13, 30-Jun-2022",Regional commander injured in clashes with Palestinians: Israeli army
"22:56, 30-Jun-2022",U.S. Supreme Court allows Biden to end Trump-era 'Remain in Mexico' policy
"08:25, 30-Jun-2022","Texas migrant deaths: At least 53 dead, driver charged, border vehicle checks begin"
"15:43, 30-Jun-2022",Swedish central bank delivers half-point interest hike to curb inflation
"22:20, 30-Jun-2022",Talks at UN fail to resolve Libyan election stalemate: statement
"15:00, 30-Jun-2022",Turkey reports its first case of monkeypox
"07:26, 30-Jun-2022",U.S. Supreme Court Justice Stephen Breyer to retire this week
"16:38, 30-Jun-2022","U.S., Taliban begin talks on unlocking Afghanistan's reserves "
"18:55, 30-Jun-2022","UK, Nigeria sign MoU on bilateral economic interests"
"14:19, 30-Jun-2022",UK economy grows 0.8% in Q1
"12:40, 30-Jun-2022",WHO warns 'sustained transmission' of monkeypox risks vulnerable group
"19:08, 30-Jun-2022",Who does the U.S. Supreme Court belong to? American people or Republican Party？
"11:09, 30-Jun-2022",Woman fatally shot while pushing baby stroller in New York City
"08:22, 01-Jul-2022",Missile strikes kill at least 19 in Ukraine's Odessa 
"21:03, 01-Jul-2022",37 Bangladeshis detained trying to enter Malaysia illegally
"07:25, 01-Jul-2022","4 dead, 3 injured in U.S. Texas car crash involving smuggling operation"
"18:11, 01-Jul-2022",Zheng Qinwen targets success in both singles and doubles at Paris 2024
"14:23, 01-Jul-2022",China urges U.S. to respond positively to reasonable demands of Iran
"09:39, 01-Jul-2022",Dominant China add two more gold medals to FINA World Championships haul
"07:06, 01-Jul-2022","Ecuadorian government, Indigenous groups sign deal to end protests"
"17:08, 01-Jul-2022",Eurozone inflation soars to record high in June
"19:20, 01-Jul-2022",French president holds talks with Australian prime minister
"20:33, 01-Jul-2022","Hong Kong, an East-West culture bridge"
"13:50, 01-Jul-2022",India raises import tax on gold to 12.5% from 7.5%
"16:15, 01-Jul-2022",Jordan's Prince Faisal sworn in as deputy to King Abdullah II
"21:51, 01-Jul-2022",Julian Assange submits appeal to fight extradition
"07:21, 01-Jul-2022",Ketanji Brown Jackson sworn in as first Black woman on U.S. Supreme Court
"17:05, 01-Jul-2022","Kevin Durant requests trade from Nets, has list of destinations"
"16:06, 01-Jul-2022",NBA free agency begins: Four $200+million extensions reached
"11:14, 01-Jul-2022",Nearly 1 in 4 globally at risk from severe flooding: study
"14:12, 01-Jul-2022","Omicron sub-variants BA.4, BA.5 make up most of COVID-19 cases: WHO"
"15:44, 01-Jul-2022","Over 200 police, soldiers injured in protests in Sudan: report"
"09:26, 01-Jul-2022",S&P 500 closes the book on its steepest first-half slide since 1970
"14:18, 01-Jul-2022",Taliban's supreme leader attends Afghan clerics' meeting
"07:14, 01-Jul-2022",Tunisia publishes draft constitution ahead of July vote
"07:55, 01-Jul-2022",U.S. hypersonic missile fails during test   
"21:27, 01-Jul-2022","UK, New Zealand sign 'landmark science agreement'"
"21:48, 01-Jul-2022",WHO says monkeypox cases tripled in Europe over 2 weeks
"16:15, 01-Jul-2022",Wang Yi to visit Southeast Asian countries from July 3 to 14  
"14:06, 01-Jul-2022","Wimbledon: Swiatek wins 37th straight match, China's Zheng reaches last 32"
"22:59, 02-Jul-2022","1 killed, 6 injured in migrant shootout in Serbia"
"07:41, 02-Jul-2022","5 killed, 49 injured after powerful earthquakes hit Iran"
"20:26, 02-Jul-2022",Afghan religious scholars appeal to recognize Taliban government
"16:26, 02-Jul-2022",Death toll rises to 34 in landslide in Indian state of Manipur
"09:32, 02-Jul-2022",Chinese divers reign supreme at FINA World Championships with 10th gold
"23:06, 02-Jul-2022",Chinese volleyball ace Zhu Ting joins Italian club Pallavolo Scandicci
"07:35, 02-Jul-2022",Czech Republic takes over EU Council presidency from France
"11:06, 02-Jul-2022",Deadly missile strike hits residential building in Ukraine's Odessa region
"20:35, 02-Jul-2022",Hamburg senator warns of hot water rationing in case of acute gas shortage
"13:17, 02-Jul-2022",2 injured after multiple Israeli missiles target Syria in 'air aggression'
"08:12, 02-Jul-2022",Libyan protesters storm parliament building in Tobruk
"10:13, 02-Jul-2022",M5.9 quake strikes Japan: JMA
"08:08, 02-Jul-2022",M6.2 earthquake hits Iran's Hormozgan province
"16:48, 02-Jul-2022",NBA free agency period grows crazier as Timberwolves acquire Gobert
"18:13, 02-Jul-2022",New York State bans guns in many public places after Supreme Court ruling
"14:11, 02-Jul-2022",Pro-choice or pro-life? That's a question.
"14:48, 02-Jul-2022",Putin: Western pressure accelerates Belarus' integration with Moscow
"16:18, 02-Jul-2022","Salah stays in Liverpool until 2025 with a weekly salary of £350,000"
"16:40, 02-Jul-2022",Surprises in China's advance at FIBA World Cup qualifiers
"18:46, 02-Jul-2022",Syrian president meets with visiting Iranian foreign minister
"12:14, 02-Jul-2022",Texas Supreme Court allows total abortion ban enforcement: ACLU
"16:12, 02-Jul-2022",Graphics: Texas tragedy spotlights humanitarian crisis along U.S.-Mexico border
"11:58, 02-Jul-2022","UAE president meets senior Chinese diplomat on bilateral ties, cooperation"
"08:56, 02-Jul-2022","WHO: Monkeypox cases triple in Europe, Africa concerned"
"11:45, 02-Jul-2022","Wimbledon: Djokovic and Alcaraz ease through, Zhang Shuai bows out"
"21:44, 02-Jul-2022","Xi Jinping's key quotes at HKSAR anniversary meeting, inauguration of sixth-term govt"
"21:34, 03-Jul-2022",China vows to strengthen cooperation with Zimbabwe in various fields
"07:33, 03-Jul-2022",10-year-old Ohio girl denied abortion after Supreme Court overturned Roe v. Wade 
"13:34, 03-Jul-2022",19 killed as passenger bus falls into ravine in SW Pakistan
"19:32, 03-Jul-2022",7th LMC Foreign Ministers' Meeting to take place in Myanmar
"21:14, 03-Jul-2022",80 firefighters tackles fire at London tower block
"19:56, 03-Jul-2022",Afghan official thanks China for aid to quake-affected families
"20:47, 03-Jul-2022","At least 20 people died,13 injured in a bus accident in Pakistan"
"13:36, 03-Jul-2022",Belarus says it intercepted attempted missile strikes by Ukraine
"14:39, 03-Jul-2022",Building Lives: A big vision on the Little Red Dot
"22:32, 03-Jul-2022",Building Lives – Ep. 4: A center of hope and new life
"20:30, 03-Jul-2022",FIBA World Cup qualifiers: China lose to Australia after bizarre 4th quarter
"17:19, 03-Jul-2022",China sends chartered planes with humanitarian aid supplies to Afghanistan
"19:30, 03-Jul-2022",Chinese FM arrives in Myanmar for meeting on the LMC
"08:24, 03-Jul-2022",Chinese astronaut Jing Haipeng interacts with Sino-Swiss students
"11:29, 03-Jul-2022","DPRK lashes out at closer security ties among S. Korea, U.S., Japan"
"20:37, 03-Jul-2022",Death toll rises to 42 after landslide in India's Manipur
"21:14, 03-Jul-2022",Two years after George Floyd's death: Do Black lives really matter in the U.S.?
"13:44, 03-Jul-2022",Exploring urban rainforests in Malaysia - Part 2
"14:27, 03-Jul-2022","Garland, Cavaliers reach five-year, $193 million extension"
"12:32, 03-Jul-2022",Google to erase more location info as abortion bans expand
"20:52, 03-Jul-2022",Kabul Taliban police get new uniform
"17:32, 03-Jul-2022","Ohio police officers shot fleeing Black man dozens of times, lawyer says"
"19:44, 03-Jul-2022",Libyan protesters rally in Tripoli and other towns
"12:42, 03-Jul-2022",Major Chinese airlines to purchase 292 Airbus A320 airplanes for $37b
"10:51, 03-Jul-2022",Migrant caravan leaves southern Mexico days after Texas tragedy
"14:46, 03-Jul-2022","Nationals extend contracts of GM Mike Rizzo, manager Dave Martinez"
"07:49, 03-Jul-2022",Somali national army kills at least 40 al-Shabaab terrorists
"10:11, 03-Jul-2022","Tennis: Swiatek's 37-match winning streak ends, China's Zheng fails to advance"
"19:45, 03-Jul-2022",Tesla Q2 deliveries fall with temporary closure of China factory
"14:45, 03-Jul-2022",The road that changed lives
"14:50, 03-Jul-2022",Transforming Malaysia's skylines
"14:33, 03-Jul-2022",U.S. supplies more gas to Europe than Russia for the first time
"16:34, 03-Jul-2022",UK monkeypox symptoms different from prior outbreaks: study
"20:18, 03-Jul-2022",Uzbek president confirms casualties from Karakalpakstan unrest
"07:37, 03-Jul-2022",Uzbekistan declares state of emergency in its Republic of Karakalpakstan
"07:15, 04-Jul-2022",Police investigation underway after 31 bodies found decomposing at Indiana funeral home
"07:02, 04-Jul-2022",At least 3 killed in Copenhagen shopping mall shooting
"08:06, 04-Jul-2022",Voting starts in Papua New Guinea’s national election
"02:20, 01-Jul-2022","3 migrants dead, 3 missing as boat sinks off Tunisia's coast"
"00:33, 01-Jul-2022",Chinese President Xi inspects Hong Kong Science Park
"00:19, 01-Jul-2022",Europe to see 'high levels' of COVID this summer: WHO
"02:20, 01-Jul-2022",Libya constitutional talks end without breakthrough
"02:18, 01-Jul-2022","President Xi hails Hong Kong's innovation, technology development"
"02:02, 01-Jul-2022","Tanzania earmarks 400,000 hectares of land for wheat cultivation"
"02:49, 02-Jul-2022",Brazil sets new six-month Amazon deforestation record
"01:46, 02-Jul-2022","Egyptian football star Salah, signs new contract with Liverpool"
"01:02, 02-Jul-2022",India bans single-use plastic to combat pollution
"02:37, 02-Jul-2022",Kenya waives duty on imported maize to boost food security
"01:24, 02-Jul-2022",Sierra Leone re-denominates currency to boost economy
"01:06, 02-Jul-2022",Tunisia unveils draft of new constitution ahead of referendum
"02:29, 03-Jul-2022","Afghan Jirga calls for national support to administration, int'l recognition"
"03:17, 03-Jul-2022",Cristiano Ronaldo wants to leave Manchester United: report 
"02:10, 03-Jul-2022",Lukashenko says Belarus intercepted attempted missile strikes by Ukraine
"03:26, 03-Jul-2022",Nigerian president welcomes berthing of first ship at new deep seaport
"02:02, 03-Jul-2022",Palestinians to hand bullet that killed journalist to U.S. for examination
"02:24, 03-Jul-2022","Ukraine earns $22.2 billion from grain, oilseeds exports in 2021-2022"
"02:28, 04-Jul-2022","Australia will ban Russian gold imports, give Ukraine more armored vehicles"
"02:30, 04-Jul-2022","Glacier collapses in Italian Alps, killing at least six"
"01:43, 04-Jul-2022",Several hit by gunshots at shopping mall in Copenhagen
"03:07, 04-Jul-2022",Zhou escapes major crash at British Grand Prix
"00:59, 04-Jul-2022",Spain's FM denies making controversial Mali NATO mission remarks 
"03:27, 01-Jul-2022",Colombia's Truth Commission releases its final report 
"03:27, 01-Jul-2022",Meet the Mennonites in Peru
"03:27, 01-Jul-2022",Mexican communities react to Texas migrant tragedy
"02:06, 01-Jul-2022",New accusations against Trump for Capitol attack
"06:12, 01-Jul-2022",New diplomatic relations between Venezuela and Colombia
"03:27, 01-Jul-2022",SCOTUS sides with Biden to end 'stay in Mexico' immigration policy
"06:46, 01-Jul-2022",Shanghai Disney Resort theme park reopens
"21:09, 01-Jul-2022","Survey: Chinese firms lower profit reinvestments in U.S. operations, despite revenue growth"
"03:27, 01-Jul-2022",What’s the fastest growing sport in America?
"06:53, 01-Jul-2022",Why do migrants have to die when seeking a better life? 
"04:02, 01-Jul-2022",Why do so many young people risk their lives to migrate?
"05:07, 02-Jul-2022",CGCC: Chinese businesses in U.S. feel strain
"05:03, 02-Jul-2022",Florida judge temporarily blocks state abortion law
"05:07, 02-Jul-2022",Lasso government signs deal in victory for Ecuador protesters 
"05:02, 02-Jul-2022",Memorial for 53 migrants grows in Texas
"05:03, 02-Jul-2022",Migrant tragedy in Texas won’t be the last
"05:04, 02-Jul-2022",NY’s “safe harbor” helps women seeking abortion
"05:02, 02-Jul-2022",Pickleball becomes the fastest growing sport in the U.S.
"05:07, 02-Jul-2022",U.S. basketball star Brittney Griner's trial begins in Russia 
"06:55, 02-Jul-2022",Will Colombia and Venezuela reconnect? 
"06:00, 03-Jul-2022",Families in Guatemala mourn victims of Texas migrant tragedy
"06:27, 03-Jul-2022",Italy's Palio di Provenzano horse race in Siena city center
"06:00, 03-Jul-2022",Ketanji Brown Jackson sworn in as U.S. Supreme Court Justice 
"06:27, 03-Jul-2022",Packed airports and canceled flights on U.S. holiday weekend
"06:00, 03-Jul-2022",Smugglers increasingly turn to large trucks to boost profits 
"06:14, 04-Jul-2022",California proposes ban on gas fueled cars by 2035
