﻿"18:44, 02-Apr-2022","China, Thailand jointly call for continued Russia-Ukraine peace talks"
"23:07, 02-Apr-2022",Chinese vice premier stresses efforts to curb COVID-19 in Shanghai 'in shortest possible time'
"19:01, 02-Apr-2022","Science Saturday: Microplastics, ozone layer damage and collapsing ice"
"18:34, 02-Apr-2022",U.S. NTSB team arrives in China for probe of crashed Boeing jet
"19:23, 02-Apr-2022",World Autism Day: Voluntary program in SW China helps autistic adults
"22:09, 03-Apr-2022",2 dead after hang glider crashes in southwest China
"15:30, 03-Apr-2022","China Weekly News Quiz: March 27-April 4, 2022"
"09:17, 03-Apr-2022",China calls for resuming meaningful dialogue on Korean Peninsula issue
"21:14, 03-Apr-2022",Chinese diving team presents new synchronized pairs after reshuffling
"09:02, 03-Apr-2022","Chinese mainland records 1,506 new confirmed COVID-19 cases"
"16:26, 03-Apr-2022",Expert: China should have confidence in fighting current wave of pandemic
"12:40, 03-Apr-2022",Journeys in Nature: Sanjiangyuan series | Ep.10: Guarding the Homeland
"15:10, 03-Apr-2022",Shanghai boosts support for development of technology SMEs 
"10:21, 03-Apr-2022",Shanghai to conduct city-wide COVID-19 testing
"12:21, 03-Apr-2022",Southern Lingnan series: Mangrove
"13:45, 04-Apr-2022","China approves CanSino, CSPC mRNA vaccines for clinical trial"
"14:03, 04-Apr-2022","River, lake chiefs play important roles in guarding China's water resources"
"21:09, 04-Apr-2022",Wang Yi: China does not seek geopolitical interests over Ukraine
"09:13, 04-Apr-2022","Chinese mainland records 1,405 new confirmed COVID-19 cases"
"12:33, 04-Apr-2022","China, Panama hail prospects in relations as FMs meet "
"19:18, 04-Apr-2022",Former ace Chinese footballer: China need to return to Asia top 6 first
"22:05, 04-Apr-2022",More Chinese stay home during the 3-day Qingming holiday as COVID hits
"18:26, 04-Apr-2022",Premier Li congratulates Hungarian PM Orban 
"08:04, 04-Apr-2022",Thousands of medics nationwide rush to aid Shanghai in COVID-19 response
"19:25, 04-Apr-2022",Shanghai to continue closed-off management until further notice
"20:48, 04-Apr-2022",Wang Yi: China supports Hungary in pursuing an independent development path
"13:30, 04-Apr-2022",Wildlife of Wolong: The cute pika catcher
"11:42, 04-Apr-2022",Wildlife of Wolong: The deer with 'vampire fangs'
"17:26, 04-Apr-2022","Xiongan New Area builds city-level security system, aims for national rollout"
"10:10, 05-Apr-2022","2 dead, 4 missing in mudslide in southwest China's Yunnan"
"12:09, 05-Apr-2022",Allegations of Chinese hacking in Ukraine irresponsible and not credible: Embassy
"07:23, 05-Apr-2022",Animals and solar terms: Qingming
"14:31, 05-Apr-2022",China ranks one of world's best computing power among major economies
"16:49, 05-Apr-2022",China slams EU agency for 'selective blindness' over its position on Ukraine crisis
"09:16, 05-Apr-2022","Chinese mainland records 1,235 new confirmed COVID-19 cases"
"20:44, 05-Apr-2022","Illustrations, poems of artist Huang Yongyu on display in Beijing"
"15:06, 05-Apr-2022","Offline, online ceremony pays tribute China's Yellow Emperor"
"16:41, 05-Apr-2022",Plants related to Qingming Festival
"22:26, 05-Apr-2022",Shanghai pauses for COVID-19: How to stay positive during quarantine
"11:25, 05-Apr-2022","Shanghai reports 13,086 asymptomatic COVID-19 cases"
"10:32, 05-Apr-2022",Shanghai screens over 24m residents for COVID-19 in one day
"23:10, 05-Apr-2022","TCM, proved effective against COVID-19, is recommended by WHO"
"11:50, 05-Apr-2022",Why is Qingming Festival also called Tomb-Sweeping Day?
"10:51, 05-Apr-2022",World Bank cuts East Asia's 2022 GDP growth forecast to 5% on Ukraine crisis
"18:09, 05-Apr-2022",Xi Jinping congratulates Vucic on re-election as Serbian president
"11:05, 06-Apr-2022",COVID-19 flare-up depresses tourism sector during Qingming Festival
"18:21, 06-Apr-2022","China accuses U.S., UK, Australia of creating 'Asia-Pacific NATO'"
"18:28, 06-Apr-2022",Foreign Ministry: China calls for full investigation into Bucha killings
"10:44, 06-Apr-2022",Civilian deaths in Bucha: China says circumstances should be verified
"22:20, 06-Apr-2022",China's Qingming Festival holiday box office sinks to historical low
"15:56, 06-Apr-2022",China slams U.S. approval of $95m arms sale to Taiwan
"10:56, 06-Apr-2022","Chinese, Belgians mourn Chinese workers killed in WWI"
"11:40, 06-Apr-2022",Chinese firms hit record number of European patent applications in 2021
"09:22, 06-Apr-2022","Chinese mainland records 1,415 new confirmed COVID-19 cases"
"15:06, 06-Apr-2022",Chinese women open restaurant to support kids with intellectual disabilities
"14:31, 06-Apr-2022","Egrets forage on the terrace of Jingde County, E China"
"16:13, 06-Apr-2022",Expert warns to stick to 'dynamic zero COVID' policy amid case surge
"23:02, 06-Apr-2022",Farmers in NE China prepare for spring plowing amid Omicron surge
"14:13, 06-Apr-2022",Injured red slender loris saved by forest police in SW China's Yunnan
"20:56, 06-Apr-2022",John Lee resigns as chief administration secretary of HKSAR govt
"08:10, 06-Apr-2022",M5.1 quake hits SW China's Sichuan: CENC
"15:20, 06-Apr-2022","NHC deploys 38,000 staff to support Shanghai COVID-19 fight"
"15:59, 06-Apr-2022",Shanghai allows uninfected parents to accompany their quarantined children
"19:01, 06-Apr-2022",Chinese scientist: Omicron is far more deadly than flu
"10:56, 06-Apr-2022","Chinese, Armenian presidents exchange congratulations on 30th anniversary of diplomatic ties"
"20:26, 06-Apr-2022","Xi to attend event commending role models of Beijing Olympic, Paralympic Winter Games"
"09:58, 07-Apr-2022",China's Gaofen-3 satellites to form Earth-observation network
"15:42, 07-Apr-2022",China opposes U.S. approval of arms sale to Taiwan region
"15:56, 07-Apr-2022",China to take strong measures if Pelosi visits Taiwan region
"15:10, 07-Apr-2022",China welcomes intl assessment of documents on U.S. biological military activities
"22:38, 07-Apr-2022",Wang Yi: Asian countries should improve communication for regional peace
"09:24, 07-Apr-2022","Chinese mainland records 1,323 new confirmed COVID-19 cases"
"11:35, 07-Apr-2022",Critically endangered duck species spotted in NE China's Heilongjiang
"18:43, 07-Apr-2022",Customs customizes to keep cargo moving during Shanghai's lockdown
"14:35, 07-Apr-2022",Hebei series | Episode 2: Boundary River
"21:09, 07-Apr-2022",High-tech takes Beijing 2022 Winter Olympics to the next level: CMG
"19:47, 07-Apr-2022","JD.com's founder Richard Liu steps down as CEO, president Xu Lei succeeds"
"15:14, 07-Apr-2022",New book on China by renowned British sociologist published
"21:30, 07-Apr-2022",Renewed choreographer presents experimental modern dance in Guangzhou
"18:10, 07-Apr-2022",The value of Chinese diplomacy over Ukraine
"23:01, 08-Apr-2022",­­Audio content booming: Podcast business grows in China amid pandemic
"18:23, 08-Apr-2022",Badminton: Young Chinese player Weng Hongyang advances into semifinal
"14:17, 08-Apr-2022"," Success of Beijing Winter Olympics, Paralympics injects energy to global unity, cooperation"
"10:24, 08-Apr-2022",HKSAR chief executive meets mainland TCM experts supporting epidemic fight
"12:15, 08-Apr-2022",Chart of the day: China recognizes role models of Beijing 2022
"16:04, 08-Apr-2022",China calls on U.S. House speaker Pelosi to cancel Taiwan trip
"10:32, 08-Apr-2022","China holds event commending role models of Beijing Olympic, Paralympic Winter Games"
"11:05, 08-Apr-2022",China's State Council removes Lee Ka-chiu from HKSAR govt post
"16:49, 08-Apr-2022",China: UNHRC's suspension of Russia membership sets a 'dangerous precedent'
"08:48, 08-Apr-2022",China warns consequence over Pelosi's Taiwan visit
"09:06, 08-Apr-2022","Chinese mainland records 1,576 new confirmed COVID-19 cases"
"10:42, 08-Apr-2022",Hebei series | Episode 3: Wetland in the Snow
"12:19, 08-Apr-2022","In pics: Touching moments at Beijing Winter Olympics, Paralympics"
"08:07, 08-Apr-2022",M5.3 earthquake hits waters off Taiwan region: CENC
"08:10, 08-Apr-2022",M5.3 earthquake hits waters off Taiwan region: CENC
"19:24, 08-Apr-2022","Xi Jinping: China, Philippines have maintained regional peace on South China Sea issue"
"07:31, 08-Apr-2022","China, France express concern over spillover impact of Ukraine crisis"
"12:51, 08-Apr-2022",Wildlife of Wolong: The 'rainbow' in the misty mountain
"11:38, 08-Apr-2022",Xi: Anti-COVID policy at Beijing 2022 offers beneficial experience for int'l events
"11:47, 08-Apr-2022",Xi: Beijing 2022 enhanced unity and cooperation in a turbulent world
"14:14, 08-Apr-2022",Xi Jinping hails Beijing 2022 Winter Olympic and Paralympic legacy
"11:08, 08-Apr-2022","Highlights of Xi's address to gathering commending Beijing Olympic, Paralympic Winter Games role models"
"12:09, 08-Apr-2022",Xi hails advantages of socialist system in completing key national undertakings
"11:48, 08-Apr-2022",Xi praises Chinese philosophy of harmony reflected in Beijing 2022 Winter Games
"14:42, 08-Apr-2022",Xi Jinping's key quotes at event commending role models of Beijing 2022
"12:10, 08-Apr-2022",Xi Jinping salutes a confident China as Beijing 2022 spirit shines through
"10:11, 09-Apr-2022",Baihetan Dam plunge pool restarts operation after first check
"12:27, 09-Apr-2022",China completes first self-developed Beidou industrial system
"20:29, 09-Apr-2022",China's transport regulator issues rules to ensure logistics 
"17:10, 09-Apr-2022",China slams U.S. for prisoner abuse at 'black sites'
"09:26, 09-Apr-2022","Chinese mainland records 1,350 new confirmed COVID-19 cases"
"21:44, 09-Apr-2022","Zhong Nanshan: China should stick to 'dynamic zero-COVID,' open up gradually "
"15:40, 09-Apr-2022",Flowers in Beijing's Forbidden City
"10:41, 09-Apr-2022",Full text: Xi Jinping's speech at Beijing 2022 Winter Olympics and Paralympics review and awards ceremony
"11:10, 09-Apr-2022",Hebei series | Episode 4: The Rhythm of Winter
"12:10, 09-Apr-2022",Premier Li stresses stabilizing the economy amid greater challenges
"17:00, 09-Apr-2022",Shanghai chipmakers strive to remain operational amid lockdowns
"07:54, 09-Apr-2022",Shanghai to conduct new round of citywide nucleic acid testing
"15:41, 09-Apr-2022",These are the times that try men's souls
"13:35, 09-Apr-2022",Wang Yi hails China's 'iron-clad' friendship with Serbia
"10:32, 09-Apr-2022",Wildlife of Wolong: The solitary night hunter
"09:35, 09-Apr-2022","Why over 200,000 Chinese sturgeons have been released into the Yangtze River"
"10:58, 10-Apr-2022","Australian GP: Leclerc puts Ferrari on pole, Zhou Guanyu cleared"
"18:12, 10-Apr-2022",BWF South Korea Open: Underdog Weng Hongyang wins men's singles title
"16:13, 10-Apr-2022",Black-capped capuchins delight in the warmth of spring in SW China
"23:00, 10-Apr-2022","COVID in Shanghai: Medical observation ends for 11,000 people"
"21:22, 10-Apr-2022","China Weekly News Quiz: April 3-10, 2022"
"19:07, 10-Apr-2022",China issues guideline on building unified national market
"14:47, 10-Apr-2022",China installs Asia's highest deep-water offshore jacket 
"16:04, 10-Apr-2022",Chinese EV maker NIO suspends production amid new COVID-19 outbreak
"09:17, 10-Apr-2022","Chinese mainland records 1,351 new confirmed COVID-19 cases"
"09:32, 10-Apr-2022",Exclusive Stringer Dispatch: I'm volunteering to safeguard temporary hospital in Shanghai
"22:01, 10-Apr-2022",Ireland lists Chinese as a national exam subject for the first time
"21:23, 10-Apr-2022",Li Keqiang highlights Macao's role in connecting China and PSCs
"14:57, 10-Apr-2022","NATO, not China 'destabilizing international security': China's mission to EU"
"15:00, 10-Apr-2022",Spring has sprung for squirrels at Beijing's Temple of Heaven
"21:08, 10-Apr-2022","Sui Wenjing, Han Cong call 15-year partnership 'the best arrangement'"
"20:10, 10-Apr-2022",Wu Dajing to lay out four-year training plan to avoid Olympic regrets
"11:03, 11-Apr-2022",'It was not possible without the car' says race winner Charles Leclerc
"15:41, 11-Apr-2022",A win for China is a win for humanity
"15:22, 11-Apr-2022",Exclusive Stringer Dispatch: COVID-19 patient's daily life in Shanghai temporary hospital
"19:49, 11-Apr-2022",China says delivery of regular military supplies to Serbia 'part of annual cooperation plan'
"15:53, 11-Apr-2022",China denies rumors blaming MU5735 co-pilot for crash: official
"09:39, 11-Apr-2022",China's consumer-price growth accelerates to 1.5% in March
"22:25, 11-Apr-2022",China's NEV sales surge 137.6% while overall car sales down in March
"11:00, 11-Apr-2022","Chinese star Wu Lei ends 666-day goal drought in La Liga, Man City held by Liverpool"
"19:39, 11-Apr-2022","China's new yuan loans rise in March, first quarter lending up 8.34t yuan"
"15:57, 11-Apr-2022",China says Pakistan policy unaffected by leadership change
"10:27, 11-Apr-2022","China unveils plan to boost healthcare for women, children"
"18:55, 11-Apr-2022",China urges NATO against attempts at destabilizing Asia
"15:36, 11-Apr-2022",China urges U.S. to promote peace in Ukraine through practical action instead of sanctions 
"09:29, 11-Apr-2022","Chinese mainland records 1,184 new confirmed COVID-19 cases"
"19:51, 11-Apr-2022",Chinese photographer turns grandma into cover model 
"13:57, 11-Apr-2022",China Space Station: Rocket for Tianzhou-4 cargo mission arrives at launch site
"17:27, 11-Apr-2022","Expert: Elderly, children in Shanghai more vulnerable to Omicron than previous variants"
"15:40, 11-Apr-2022",Family of three fights COVID-19 on frontline in Shanghai
"11:17, 11-Apr-2022",Hebei series | Episode 6: Qilihai
"21:31, 11-Apr-2022",MOFA: Dynamic zero-COVID policy suits China's national conditions
"14:48, 11-Apr-2022",Rare Yangtze finless porpoise enjoys spring in central China's Hubei
"17:21, 11-Apr-2022",Shanghai adjusts COVID-19 control measures to minimize impact on people's lives
"19:38, 11-Apr-2022",Shanghai partially lifts community lockdowns to reboot city
"17:25, 11-Apr-2022",Shanghai residents can order daily supplies via WeChat 'official accounts' now
"16:38, 11-Apr-2022",Shanghai struggles to ensure food deliveries to confined residents
"19:13, 11-Apr-2022",The community welcomes recovering neighbors home
"12:39, 11-Apr-2022","Tibet donates materials to help Shanghai, Jilin battle COVID-19"
"12:49, 11-Apr-2022",Xi Jinping stresses role of 'Chinese seeds' in ensuring food security
"01:34, 07-Apr-2022",Israel-China free trade deal to be accelerated after foreign ministers call
"05:38, 08-Apr-2022",China's U.S. embassy remarks on Pelosi’s planned visit to Taiwan
"03:08, 08-Apr-2022",Explaining China's vote against suspending Russia from the UNHRC
"06:30, 08-Apr-2022",Shanghai under lockdown
"10:26, 10-Apr-2022",Students ask questions to Chinese Taikonauts 
"03:55, 12-Apr-2022","Ambassador Qin: China, U.S. should work together to promote interest of mankind"
"06:13, 12-Apr-2022",Remarks by Ambassador Zhang Jun at the UN Security Council Briefing on COVID-19 Pandemic and Vaccines
