﻿"11:24, 25-Mar-2022",German gas buyers raise alarm over Russia's ruble payment demand
"20:40, 26-Mar-2022",Iraqi presidential vote delayed again over lack of quorum
"19:46, 26-Mar-2022",Los Angeles Dodgers extend manager Dave Roberts's contract for 3 years
"18:16, 26-Mar-2022",NBA highlights on March 25: Heat about to step down as East Leader
"18:27, 26-Mar-2022",Turkey detects 'mine-like object' in Bosphorus
"19:09, 27-Mar-2022","Luhansk 'may hold referendum on joining Russia', Ukraine says 'null and void'"
"20:55, 27-Mar-2022",33 teams to compete for remaining 13 spots at 2022 FIFA World Cup
"13:11, 27-Mar-2022",5 workers killed in northern Oman rockslide
"11:39, 27-Mar-2022",Blast at Colombian police checkpoint declared terrorist attack
"10:04, 27-Mar-2022",Biden discusses Russia conflict with Ukrainian ministers in Poland
"16:51, 27-Mar-2022",Blinken: Best way out is to return to original Iranian nuclear deal
"09:18, 27-Mar-2022",Czech Republic summons Russian ambassador
"10:43, 27-Mar-2022",DPRK carries out construction at Punggye-ri nuclear test site: Yonhap
"19:10, 27-Mar-2022","EU coordinator, Iran's negotiator hold talks on Vienna nuke negotiations"
"13:49, 27-Mar-2022",Economic cost of U.S. vaccine hesitancy burgeoning
"15:49, 27-Mar-2022",El Salvador approves state of emergency over spike in gang killings
"22:33, 27-Mar-2022",Emails show Hunter Biden's role in U.S. biolab in Ukraine: Daily Mail
"18:25, 27-Mar-2022","Five workers killed, several missing in Oman rockslide"
"16:12, 27-Mar-2022","Political Calendar: Russia-Ukraine conflict drags on, foreign ministers of Afghanistan's neighbors meet again"
"14:34, 27-Mar-2022","Iran says nuclear deal is imminent, U.S. envoy not confident"
"08:07, 27-Mar-2022",Iranian FM says point of agreement reached in Vienna talks
"08:09, 27-Mar-2022",M5.1 earthquake hits northern Japan's Hokkaido island
"12:48, 27-Mar-2022",M5.8 earthquake strikes off coast of Ecuador: EMSC
"17:22, 27-Mar-2022",Maltese PM Robert Abela claims election victory for Labour Party
"18:08, 27-Mar-2022",NBA highlights on March 26: Cavs fall into play-in tournament zone
"18:54, 27-Mar-2022",New York Yankees want to keep Aaron Judge with long-term deal
"23:05, 27-Mar-2022",Next round of Ukraine-Russia talks to be held  in Turkey on March 28-30: Ukrainian negotiator
"08:08, 27-Mar-2022",1 killed after parking garage under construction collapses in Boston
"09:43, 27-Mar-2022",The rise of superbugs: Worsened by antibiotic overuse in COVID-19 pandemic?
"21:00, 27-Mar-2022","Somalia claims fresh terror attack foiled, 12 Shabab militants killed"
"13:30, 27-Mar-2022",South Korean president-elect to send policy delegation to U.S.
"13:48, 27-Mar-2022",U.S. and EU leaders agree on new data transfer deal 
"17:01, 27-Mar-2022","U.S. has no strategy of regime change in Russia, Blinken says after Biden calls Putin 'a butcher'"
"14:02, 27-Mar-2022","U.S. wildfire forces evacuation order for 19,000 people in Colorado"
"07:26, 27-Mar-2022",Saudi-led coalition strikes Yemen despite Houthi truce offer
"10:51, 28-Mar-2022"," Israel-Arab summit convenes, Blinken seeks to reassure allies on Iran"
"17:26, 28-Mar-2022",19 killed in shooting in central Mexico
"07:41, 28-Mar-2022","4 killed, 3 injured after car crashes into homeless camp in Salem, U.S.  "
"13:27, 28-Mar-2022",Annual Philippines-U.S. military drills begin on Luzon island
"08:10, 28-Mar-2022","Bomb attack in Colombia's capital leaves 1 dead, 35 injured"
"21:28, 28-Mar-2022",CGTN Sports Talk: You have to beat everyone to win the title
"10:55, 28-Mar-2022",Canada reach first men's World Cup in 36 years after routing Jamaica
"08:27, 28-Mar-2022",Mayor of Chernobyl workers' town says Russian forces have left
"15:54, 28-Mar-2022",China calls for responsible action toward Ukraine de-escalation
"15:34, 28-Mar-2022",China to host third meeting of foreign ministers of Afghanistan's neighboring countries
"07:24, 28-Mar-2022",DPRK will further develop 'powerful strike means': Kim Jong Un 
"18:31, 28-Mar-2022",Delegation representing ROK's president-elect to visit U.S. in early April
"13:19, 28-Mar-2022",In pics: Japanese ski jumper Kobayashi crowned FIS overall season winner in Slovenia
"15:31, 28-Mar-2022","FMs of Indonesia, Thailand, Philippines, Myanmar, Panama to visit China"
"07:23, 28-Mar-2022",Islamic State claims responsibility for Israel attack that killed two
"19:51, 28-Mar-2022","Israel's U.S., Arab partners close ranks on Iran"
"17:51, 28-Mar-2022",Jordan's king lands in West Bank on rare trip to meet Abbas: official
"11:21, 28-Mar-2022",Lassa fever outbreak in Nigeria has claimed 123 lives this year   
"17:31, 28-Mar-2022",Moscow says Putin-Zelenskyy talks would be 'counterproductive'
"15:22, 28-Mar-2022",Maldivian police arrest 9 on suspicion of terrorism
"15:09, 28-Mar-2022",Moscow stock market reopens 
"18:58, 28-Mar-2022",NBA highlights on March 27: Irving blows home debut with 16 bricks
"20:30, 28-Mar-2022",No-confidence motion against Pakistani PM presented in parliament
"07:21, 28-Mar-2022",Palestinian president calls for end of Israeli occupation in talks with Blinken
"19:17, 28-Mar-2022",Paul Pogba wants to 'play for something' and win more titles
"10:52, 28-Mar-2022","Saudi Arabian GP: Verstappen bounces back with thrilling win, Zhou Guanyu 11th "
"09:14, 28-Mar-2022",Second COVID-19 vaccine booster significantly lowers death rate: Israeli study
"18:29, 28-Mar-2022","ROK's President Moon, President-elect Yoon hold first meeting since election"
"15:57, 28-Mar-2022",Turkey finds mine close to border with Bulgaria
"08:53, 28-Mar-2022",U.S. principal deputy press secretary tests positive for COVID-19
"07:52, 28-Mar-2022",Underwater volcano erupts in Japan's Ogasawara Islands
"22:56, 28-Mar-2022",Wildfire risk remains high for much of Texas in future days
"08:13, 28-Mar-2022",Yemen's Houthi ready to swap prisoners with Saudi-led coalition
"13:45, 29-Mar-2022",2 workers killed in South Korean waste disposal facility explosion
"13:45, 29-Mar-2022",20 people could be fined over Downing Street partygate
"07:14, 29-Mar-2022",At least 5 killed in pile-up in Pennsylvania
"20:23, 29-Mar-2022",Bernal back on the bike two months after horror crash
"18:16, 29-Mar-2022",Brazil's Bolsonaro discharged from hospital: report
"10:10, 29-Mar-2022",Brazil's Bolsonaro in hospital after feeling discomfort
"12:35, 29-Mar-2022","Canadian gymnasts call for probe into sexual abuse, toxic culture"
"15:45, 29-Mar-2022",China lodges representations with Australia over repatriated students
"14:27, 29-Mar-2022",Companies team up in Indonesia for sustainable EV battery nickel
"19:38, 29-Mar-2022",DR Congo joins regional East Africa bloc
"17:53, 29-Mar-2022",Explainer: Omicron 'stealth' COVID-19 variant BA.2 now dominant globally
"17:39, 29-Mar-2022",Fitch withdraws Russian banks' ratings
"18:29, 29-Mar-2022",Google fined €2 million as it loses French app store case
"07:44, 29-Mar-2022",Honduran top court backs extradition of ex-president Hernandez to U.S.
"09:29, 29-Mar-2022",Israel-Arab FMs conference to become annual regional forum: Israeli FM
"14:07, 29-Mar-2022","Military chiefs of South Korea, U.S., and Japan to meet in Hawaii"
"21:11, 29-Mar-2022",NBA highlights: Pascal Siakam nets 40 in Raptors' OT win over Celtics
"12:29, 29-Mar-2022",Peruvian impeachment vote falls short of ousting President Castillo
"14:37, 29-Mar-2022","Study finds racial, economic disparities in COVID-19 testing at U.S. homes"
"19:52, 29-Mar-2022","Russia to 'significantly reduce' military activities near Kyiv, Chernihiv"
"16:40, 29-Mar-2022","Talks between heads of Russian, Ukrainian delegations end"
"08:54, 29-Mar-2022",U.S. House approves contempt report against two ex-Trump aides
"16:41, 29-Mar-2022",UK police to issue first 20 fines over lockdown gatherings at Downing Street
"21:06, 29-Mar-2022",UN helicopter crashes in DR Congo
"23:21, 29-Mar-2022",Wang Yi: China 'deeply regrets' that Ukraine crisis is still ongoing
"23:25, 29-Mar-2022",Wang Yi: Sanctions not an effective way to solve problems
"18:11, 30-Mar-2022","3 killed, 2 injured from mudslide in Afghanistan's Wardak province"
"07:02, 30-Mar-2022","5 killed in shooting spree outside Israel's Tel Aviv, police alert raised to 'highest'"
"07:20, 30-Mar-2022",8 UN peacekeepers killed as helicopter crashes in DR Congo
"22:06, 30-Mar-2022",At least 6 Pakistani soldiers killed in local Taliban attack: report
"07:10, 30-Mar-2022",Biden signs bill making lynching federal hate crime
"11:33, 30-Mar-2022",CGTN Exclusive: Mariupol theater after attack
"21:27, 30-Mar-2022","Blast kills 1, wounds another in N Afghanistan"
"15:25, 30-Mar-2022",China-EU summit to be held virtually on April 1
"22:56, 30-Mar-2022",China voices strong opposition to UK's decision to pull HK judges
"09:44, 30-Mar-2022",Chinese envoy warns of consequences of indiscriminate sanctions over Ukraine conflict
"19:30, 30-Mar-2022",Crew aboard Russia's Soyuz MS-19 returns to Earth
"20:06, 30-Mar-2022","Eriksen scores on return to Copenhagen stadium, Ibrahimovic to play 'as long as possible'"
"14:27, 30-Mar-2022",FDA authorizes second booster shot for certain groups
"11:54, 30-Mar-2022",China's Wang Yi hails high-level strategic coordination with Pakistan
"12:53, 30-Mar-2022",China-Russia ties withstand test of changing international situation: Wang Yi
"20:29, 30-Mar-2022",German inflation hits post-reunification high at 7.3% in March: data
"20:58, 30-Mar-2022",Golf legend Ochoa inducted into LPGA Hall of Fame after rule change
"15:53, 30-Mar-2022",Gulf states hold Yemen talks despite Houthi boycott
"14:14, 30-Mar-2022",How does Russia-Ukraine crisis impact global economy?
"20:09, 30-Mar-2022",Lavrov: Russia to increase partnership with Iran in all areas
"09:24, 30-Mar-2022",Lavrov arrives in China for FMs meeting on Afghanistan
"21:06, 30-Mar-2022",Parliament fails for third time to elect Iraqi president
"18:21, 30-Mar-2022",Polling: Can Macron's firebrand rivals win the French presidency?
"07:13, 30-Mar-2022","Putin, Macron discuss situation in Ukraine over phone"
"14:28, 30-Mar-2022",Russia-Ukraine conflict: 5th round of peace talks
"22:21, 30-Mar-2022",Russia-Ukraine conflict: Kremlin says Russia won't demand immediate switch to gas payments in rubles
"17:47, 30-Mar-2022",Russian Foreign Minister Lavrov to visit India on Thursday
"20:48, 30-Mar-2022",Lavrov: Russia satisfied with Istanbul negotiations
"07:12, 30-Mar-2022",Saudi-led coalition announces Yemen ceasefire from Wednesday
"13:22, 30-Mar-2022","Soyuz MS-19 to bring 2 Russian cosmonauts, 1 U.S. astronaut home from orbit"
"19:54, 30-Mar-2022",Spanish inflation hits 37-year high amid energy price hike
"15:25, 30-Mar-2022",Spanish inflation hits 37-year high of 9.8%
"13:10, 30-Mar-2022",Sri Lanka imposes 10-hour power cuts daily amid fuel shortage
"19:38, 30-Mar-2022",Tunisian parliament to defy president with full session
"06:54, 30-Mar-2022",U.S. COVID-19 cases surpass 80 million: Johns Hopkins University
"22:24, 30-Mar-2022",U.S. issues Iran-related sanctions 
"09:12, 30-Mar-2022","UN urges for urgent action to protect South Sudanese from flooding, displacement"
"14:14, 30-Mar-2022",What legacy does the U.S. leave behind in the Middle East? 
"01:22, 27-Mar-2022",EU's Borrell says Iran nuclear deal very close
"02:12, 27-Mar-2022",Security forces kill 6 terrorists in SW Pakistan: army
"23:56, 27-Mar-2022",Seychelles President travels to Dubai for World Government Summit
"00:33, 27-Mar-2022",Ukraine's western city of Lviv under attack
"01:03, 28-Mar-2022","African countries report 1,850 new COVID-19 cases as tally exceeds 11.32 mln"
"02:22, 28-Mar-2022",Cuba's most popular beach resort aims to boost tourism before high season ends
"01:03, 28-Mar-2022","Russia, Ukraine to hold new round of peace talks"
"00:21, 29-Mar-2022",African scientists call for better forests management to boost climate resilience
"00:34, 29-Mar-2022","Biden unveils $5.8 trillion 2023 budget, raises military spending and taxes on wealthy"
"00:20, 29-Mar-2022",Ghana lifts most COVID-19 restrictions
"01:05, 29-Mar-2022","Trump ""more likely than not"" committed felony by obstructing Congress, U.S. judge rules"
"02:15, 29-Mar-2022",UN chief appeals for 'immediate humanitarian ceasefire' in Ukraine
"02:16, 29-Mar-2022",World Bank grants Morocco 180-mln-USD loan to support agriculture
"02:21, 30-Mar-2022",At least 8 passengers killed in Nigerian train attack
"02:07, 30-Mar-2022",Burundi president outlines food security plan to FAO chief
"00:12, 30-Mar-2022","COVID-19 has disrupted Africa's fight against TB, WHO says"
"02:22, 30-Mar-2022",Egypt counts on France to secure wheat supplies amid Ukrainian crisis: PM
"02:27, 30-Mar-2022",South Sudan leader vows to implement peace deal despite hitches
"00:26, 30-Mar-2022",Zimbabwe lifts mandatory COVID-19 tests for travelers into the country
"01:19, 31-Mar-2022","Biden, Zelenskyy hold telephone talks over Ukraine conflict"
"01:24, 31-Mar-2022","Egypt, Nigeria medicines regulators achieve WHO maturity level 3 statuses"
"01:19, 31-Mar-2022",Egypt's El-Sisi hosts Sudan's military leader in Cairo for talks
"01:32, 31-Mar-2022","Egyptian president vows support for efforts to hold Libyan presidential, parliamentary elections"
"02:15, 31-Mar-2022",German Chancellor did not agree with Putin on rouble energy payments -spokesperson
"01:32, 31-Mar-2022","Tunisian president, EU official discuss bilateral ties, EU support"
"01:53, 31-Mar-2022",U.S. imposes sanctions on Iran-based man for aiding ballistic missile program
"22:59, 29-Mar-2022",Mass graves and secret prisons make life hell for migrants in Libya - UN report 
"01:17, 30-Mar-2022",43 Russian diplomats expelled from four EU states 
"20:24, 30-Mar-2022",Ukraine prays for peace as negotiations make slow progress while fighting continues
"23:42, 27-Mar-2022",Ambassador Qin Gang talks about China’s position on Ukraine
"04:35, 27-Mar-2022",Argentina and IMF reach preliminary $45 bln deal to resolve debt
"04:35, 27-Mar-2022",Los Angeles becomes a wildlife friendly city
"04:35, 27-Mar-2022",Thousands of gamers in San Francisco for in-person event
"04:14, 28-Mar-2022",Red Cross warns Colombia crime is on the rise
"07:00, 29-Mar-2022",Demonstrators strike against the Indian government's “anti-people” policies
"06:14, 30-Mar-2022", Residents in Mariupol speak
"02:37, 30-Mar-2022",El Salvador sets in motion emergency decrees amid spate of violence
"04:05, 30-Mar-2022",Experts say Mexican authorities hid evidence in disappearance of 43
"04:06, 30-Mar-2022",U.S. FDA authorizes second COVID-19 booster shot
"06:14, 30-Mar-2022",What's inside Florida's “Parental Rights in Education” law?
"05:54, 31-Mar-2022",Are unions making a comeback?
"05:52, 31-Mar-2022",Economists warn of possible housing bubble despite market growth
"04:04, 31-Mar-2022",Facebook hired consultants to run anti-TikTok campaign
"05:51, 31-Mar-2022",Mexico struggles to deal with latest wave of violence
"03:04, 31-Mar-2022",Thousands of Brazilians face threat of eviction in economic downturn
