﻿"19:20, 04-Jul-2022",Beijing slams NASA chief for claiming China could 'take over' the moon
"23:14, 04-Jul-2022",Chilean president receives final version of draft constitution
"21:26, 04-Jul-2022",My Account on China: China-Indonesia ties: Riding the tide to prosperity
"21:25, 04-Jul-2022",Copenhagen shooting suspect remanded into psychiatric care: police
"19:47, 04-Jul-2022",DRC declares latest Ebola outbreak over
"08:44, 04-Jul-2022","Death toll from floods in Assam, India rises to 179"
"19:06, 04-Jul-2022","Israeli, Polish presidents agree to ‘restore relations to proper course’"
"18:45, 04-Jul-2022",Jihadists 'kill at least 15 civilians' in Burkina Faso
"22:31, 04-Jul-2022",Palestine says Israel must be held responsible for reporter's death
"19:00, 04-Jul-2022",SAS pilots to strike after negotiations fail: chief executive
"20:08, 04-Jul-2022",Singaporean President Halimah Yacob tests positive for COVID-19
"22:44, 04-Jul-2022",Wang Yi calls for building stronger development of Lancang-Mekong economic belt
"10:48, 05-Jul-2022",15 fishermen missing as boat capsizes in eastern Indonesia
"17:36, 05-Jul-2022",5 killed after explosion at Yemeni weapons depot
"19:53, 05-Jul-2022","6 killed in El Salvador, Nicaragua as storm moves toward Mexico"
"19:53, 05-Jul-2022","7 dead, 14 still missing after glacier collapse in Italy"
"19:51, 05-Jul-2022",Analyst: U.S. hijacked NATO for its own interests in Europe
"07:02, 05-Jul-2022",Armed men kill at least 22 in NW Burkina Faso attack
"09:13, 05-Jul-2022",Asia News Wrap: 25 years since Hong Kong's return to the motherland and more
"12:14, 05-Jul-2022",At least 10 injured in suicide attack in NW Pakistan
"15:31, 05-Jul-2022","At least 9 killed, 24 injured in Nepal road accident"
"21:08, 05-Jul-2022",Bloomberg calculates 38% chance of U.S. recession next year
"22:03, 05-Jul-2022",China Indonesia: Riding the tide to prosperity
"16:05, 05-Jul-2022",China's coach pleased with progress at FIVB Volleyball Women's Nations League
"09:58, 05-Jul-2022",China's Zhang Shuai storms into first Wimbledon doubles quarterfinals
"19:52, 05-Jul-2022",Chinese FM attends regional foreign ministers' meeting in Myanmar
"13:34, 05-Jul-2022",Coach Du Feng: China target 2022 FIBA Asia Cup title
"09:57, 05-Jul-2022",Confucius Institute attack suspect arrested by Pakistani authorities
"22:45, 05-Jul-2022",Could Omicron BA.2.75 sub-variant lead to a new global COVID-19 wave?
"17:02, 05-Jul-2022",Euro hits 20-year low against dollar
"18:44, 05-Jul-2022",European Parliament ratifies landmark tech laws
"12:04, 05-Jul-2022",Final settlement agreement reached on indigenous child compensation in Canada
"15:54, 05-Jul-2022","Finland, Sweden formally sign NATO accession protocol"
"11:33, 05-Jul-2022",First arrivals: Barcelona seal double signings of Kessie and Christensen
"15:27, 05-Jul-2022","France repatriates 35 children, 16 mothers from Syria camps"
"21:53, 05-Jul-2022",French president meets visiting Israeli prime minister
"07:51, 05-Jul-2022",Police arrest 'person of interest' in Illinois Highland Park shooting
"22:41, 05-Jul-2022","IEA: High prices, uncertainty will slow growth in gas demand"
"18:15, 05-Jul-2022",Inflation in OECD countries soars to 9.6%
"22:17, 05-Jul-2022",Iran to jointly develop oil field with Iraq: IRNA
"07:29, 05-Jul-2022",Italy declares state of emergency for drought-stricken north
"17:27, 05-Jul-2022",Jaime FlorCruz on China's development over the last four decades
"09:20, 05-Jul-2022","NASA satellite breaks from orbit around Earth, heads to moon"
"18:40, 05-Jul-2022",Over 130 arrested during EU-wide action against human trafficking
"16:42, 05-Jul-2022",PSG appoint Christophe Galtier as new manager
"17:28, 05-Jul-2022",Pakistani authorities brief on latest development in Confucius Institute attack
"10:23, 05-Jul-2022",Philadelphia authorities report 'security incident' on parkway
"22:55, 05-Jul-2022",EU's Borrell says political space to revive Iran nuclear deal may narrow soon
"12:41, 05-Jul-2022",Reserve Bank of Australia lifts cash rate by 50 basis points
"15:00, 05-Jul-2022",Scandinavian Airlines files for bankruptcy in U.S.
"19:11, 05-Jul-2022","Separatist leader says DPR, LPR forces focusing on Donetsk"
"10:36, 05-Jul-2022",South Korea lifting nuclear power to 30% of energy mix by 2030
"07:12, 05-Jul-2022","South Korea June consumer inflation hits nearly 24-year high, exceeds expectations"
"19:46, 05-Jul-2022",State of emergency declared as Italy faces heatwave and drought
"19:54, 05-Jul-2022",Thousands more Sydney residents evacuate as flooding worsens
"22:59, 05-Jul-2022",U.S. recession risk rises to 38%: Bloomberg Economics
"22:32, 06-Jul-2022", UN: Global hunger numbers rose to 828 million in 2021
"21:53, 06-Jul-2022", WHO to reconvene emergency meeting on monkeypox as over 6000 cases reported
"12:01, 06-Jul-2022",10 miners trapped as rainwater enters coal mine in Pakistan
"07:08, 06-Jul-2022",4th of July parade shooting suspect charged with murder
"14:24, 06-Jul-2022","Afghanistan wants strong ties with world, including U.S.: Akhundzada"
"07:16, 06-Jul-2022",UK's Boris Johnson on the brink as ministers quit
"18:00, 06-Jul-2022",China closely following Pakistan's probe into Confucius Institute attack
"21:28, 06-Jul-2022",China ready to usher in new 'golden age' with Philippines: Chinese FM
"16:07, 06-Jul-2022",Chinese Paralympian Zhang Mengqiu: Now is the best time to fight
"21:37, 06-Jul-2022",Chinese players test positive for COVID-19 before FIBA Asia Cup
"11:08, 06-Jul-2022",Chinese shuttlers storm into Malaysia Masters 2022
"11:46, 06-Jul-2022",Chinese vice foreign minister meets Russian ambassador
"08:17, 06-Jul-2022",Derek Chauvin faces federal sentencing for George Floyd murder
"07:48, 06-Jul-2022",Devastating monsoon rains kill at least 29 in Pakistan
"10:38, 06-Jul-2022","Djokovic battles back to beat Sinner, to face Norrie in semi-final"
"18:38, 06-Jul-2022","EU parliament supports 'green' label for gas, nuclear investments"
"14:56, 06-Jul-2022",Fire kills 24 people in packaging factory in Bangladesh
"10:12, 06-Jul-2022","For the first time, CERN scientists observe three 'exotic' particles"
"10:15, 06-Jul-2022",Global manufacturing PMI falls to 52.3 in June on inflation risk
"18:10, 06-Jul-2022",At least 11 killed after suspected jihadists raid Nigeria jail
"17:20, 06-Jul-2022","Halfway through 2022, U.S. has witnessed 311 mass shootings"
"13:30, 06-Jul-2022",Israeli forces kill Palestinian man in Jenin: Al Jazeera
"17:25, 06-Jul-2022",Japan ex-PM Hatoyama urges Tokyo to have more dialogue with China
"19:15, 06-Jul-2022",UK PM Johnson vows to 'keep going' despite resignations
"16:44, 06-Jul-2022","Leaders of Palestinian Authority, Hamas meet in Algeria"
"13:44, 06-Jul-2022",OPEC Secretary General Barkindo dies
"11:08, 06-Jul-2022",Omicron BA.5 is the new enemy of U.S. COVID fight
"07:23, 06-Jul-2022",Panama confirms first case of monkeypox
"18:23, 06-Jul-2022",Police disperse protestors outside presidential residence in Sri Lanka
"16:58, 06-Jul-2022",Roadside bomb kills 2 police officers on outskirts of Somali capital 
"11:46, 06-Jul-2022",Russian FM Lavrov calls for protecting international laws
"07:46, 06-Jul-2022","Russian, Uzbek presidents discuss bilateral ties, Karakalpakstan situation"
"14:25, 06-Jul-2022","Seahawks, Blazers owner Jody Allen: Neither team is for sale yet"
"17:23, 06-Jul-2022",UK Conservative lawmaker submits letter of no confidence in Johnson
"15:50, 06-Jul-2022",UK government loses more junior ministers amid leadership crisis
"13:53, 06-Jul-2022",Utah Jazz introduce Will Hardy as youngest active NBA head coach
"07:33, 07-Jul-2022",11 missing as ship sinks in eastern Indonesia
"14:32, 07-Jul-2022","3 injured, 2 missing after fishing boats catch fire at Jeju port"
"14:43, 07-Jul-2022",Airbus speaks highly on great prospects of Chinese market
"18:16, 07-Jul-2022",At least 300 inmates escape after armed attack on jail in Nigerian capital
"08:07, 07-Jul-2022",Biden to cancel Afghanistan's 'major non-NATO ally' designation
"14:19, 07-Jul-2022",China's BYD overtakes Tesla as world's biggest EV producer by sales
"13:07, 07-Jul-2022",Chinese technology helps Kenya improve mobile payment service
"15:14, 07-Jul-2022","Death toll from landslide in India rises to 48, 14 still missing"
"07:22, 07-Jul-2022",Ecuador confirms first case of monkeypox
"10:15, 07-Jul-2022",InFocus: July 4 parade shooting a blow to Biden's new gun law
"07:23, 07-Jul-2022","Iran arrests UK's deputy ambassador, foreign diplomats for 'spying' activities"
"14:59, 07-Jul-2022","Israel, Turkey to expand flights in first deal since 1951"
"20:04, 07-Jul-2022",Johnson forced to quit as trust ebbed faster than the tide 
"09:16, 07-Jul-2022",July 7 Incident 85 years on: Is Japan getting bellicose again?
"17:54, 07-Jul-2022",July 7 Incident: China urges Japan to reflect on its history of invasion
"08:25, 07-Jul-2022",NASA says contact restored with moon-bound satellite after it was lost
"09:34, 07-Jul-2022",Oil slides to 12-week low on fears of global recession
"07:34, 07-Jul-2022",One dead in stabbing during Swedish political event
"20:32, 07-Jul-2022",Pakistan central bank increases key policy rate by 125 bps to 15%
"10:53, 07-Jul-2022",Record crowd sees England beat Austria at Women's Euro 2022 opener
"13:41, 07-Jul-2022",Russia slams Japan over 'unfriendly position' on energy
"19:23, 07-Jul-2022",Samsung Electronics posts higher Q2 profit on strong server-chip demand
"15:57, 07-Jul-2022","Self-inflicted wounds behind Sri Lanka's bankruptcy, not Chinese loans"
"22:35, 07-Jul-2022",Slovakia confirms its first case of monkeypox
"19:41, 07-Jul-2022","Sri Lanka hikes rates in face of record inflation, despite economic contraction"
"14:18, 07-Jul-2022",Sri Lanka's inflation might hit 70%: report
"18:34, 07-Jul-2022",The three joint communiques are 'guardrails' in China-U.S. relations: spokesperson 
"19:38, 07-Jul-2022","Turkish steel industry hit by Ukraine crisis, trade barriers"
"21:56, 07-Jul-2022",U.S. basketball player Griner pleads guilty in Russian court
"19:31, 07-Jul-2022",UK Prime Minister Boris Johnson resigns
"07:27, 07-Jul-2022",Boris Johnson 'up for a fight' as clamor to quit grows
"16:11, 07-Jul-2022",UK Prime Minister Boris Johnson plans to resign as Conservative leader
"13:58, 07-Jul-2022","UK's Northern Ireland secretary, more ministers resign"
"15:58, 07-Jul-2022",UK's new chancellor of the exchequer calls for PM's resignation
"21:37, 07-Jul-2022",UN report: 2021 global hunger figure rises to 828 million 
"22:17, 07-Jul-2022",Wang Yi says China appreciates Indonesia's role in G20 unity
"07:32, 07-Jul-2022",White House communications director resigning
"09:59, 07-Jul-2022",Zhang Shuai and Elise Mertens race into Wimbledon doubles semifinals
"07:05, 08-Jul-2022",Derek Chauvin gets 21 years in prison for violating Floyd's rights
"23:57, 04-Jul-2022",DR Congo declares 14th Ebola outbreak over
"23:50, 04-Jul-2022","ECOWAS lifts sanctions on Mali, agrees on Burkina Faso transition plan"
"00:42, 05-Jul-2022",Chile's President receives final draft of proposed new Constitution
"02:21, 05-Jul-2022",'Person of interest' arrested after deadly U.S. July 4 parade shooting
"02:11, 05-Jul-2022",Sudan's military leader says army to withdraw from political talks
"02:22, 05-Jul-2022",Ugandan teachers end strike after meeting President Museveni
"02:42, 06-Jul-2022",AfDB approves €89 million loan to bolster Kenya's economic recovery
"02:29, 06-Jul-2022",Mali says 22 migrants die off Libyan coast
"01:45, 06-Jul-2022",Two UK ministers resign in protest against Johnson leadership
"01:04, 06-Jul-2022","Two UN peacekeepers killed, five seriously injured in northern Mali attack"
"03:40, 07-Jul-2022",Burkina Faso's former president Compaore to return 
"03:29, 07-Jul-2022",DR Congo and Rwanda leaders meet in Angola's capital 
"03:21, 07-Jul-2022",Italians find more victims of glacier collapse
"04:14, 07-Jul-2022",Police: Parade shooting suspect contemplated 2nd shooting
"03:11, 07-Jul-2022",U.S. issues sanctions related to Iranian oil
"03:41, 07-Jul-2022",UK Prime Minister Johnson: I will not resign
"03:31, 08-Jul-2022",Alvaro Lario appointed IFAD's 7th President 
"03:28, 08-Jul-2022",French unions announce strike action for September
"03:22, 08-Jul-2022",Jabeur makes African history with Wimbledon final spot against Rybakina
"03:11, 08-Jul-2022",Nadal pulls out of Wimbledon semi-final with abdominal injury
"03:33, 08-Jul-2022",Tanzania plans to construct university for Kiswahili language teaching
"03:45, 08-Jul-2022",The UN Security Council calls for swift formation of new government in Lebanon
"01:00, 07-Jul-2022","Cost of living crisis a priority for France, Prime Minister says "
"20:05, 07-Jul-2022","Ukraine conflict day 134: Kyiv has 'control' over Snake Island, Sloviansk evacuations continue"
"18:59, 07-Jul-2022","With UK's Johnson going, what happens next?"
"05:13, 05-Jul-2022",Chile gets a new draft constitution
"05:33, 05-Jul-2022",Chile introduces final draft for new constitution 
"05:13, 05-Jul-2022",Mexico ramps up preparations for hurricane season
"07:00, 06-Jul-2022",4th of July holiday in US marked by mass shooting and celebrations
"07:03, 06-Jul-2022",Do police treat Black and white suspects the same in the US?
"05:57, 06-Jul-2022",Researchers develop algorithm to predict crime in cities before it happens
"06:31, 06-Jul-2022",Uber piloting a robot food delivery program in Los Angeles 
"06:28, 07-Jul-2022",Interview with UN Under-Secretary General for Operational Support 
"06:29, 07-Jul-2022",Meta changes advertising methods as part of settlement with U.S.
"06:32, 07-Jul-2022",Migration surges at Mexico-U.S. border
"06:29, 07-Jul-2022",Residents in Highland Park still reeling from July Fourth shooting
"06:32, 07-Jul-2022","Russian military puts pressure on northern Donetsk, civilians shelter"
"06:32, 07-Jul-2022",South Africans grieve and seek answers in tavern deaths of 21 youths
"06:31, 07-Jul-2022",Who fits the 'mass shooter' profile?
"06:52, 08-Jul-2022",Biden honors 17 recipients with Presidential Medal of Freedom 
"06:27, 08-Jul-2022",Global confirmed monkeypox cases have tripled since late June 
"06:53, 08-Jul-2022",Hajj is back for 1 million pilgrims after pandemic
"05:35, 08-Jul-2022",How to protect yourself during a mass shooting?
"06:27, 08-Jul-2022",Inflation has driven 71M people in to poverty since Ukraine crisis
"02:33, 08-Jul-2022",Missionaries of Charity nuns expelled from Nicaragua 
"06:27, 08-Jul-2022",One year since president of Haiti assassinated
"06:54, 08-Jul-2022",Spain's running of the bulls returns after pandemic-hiatus
