﻿"16:34, 03-Jun-2022",2 children killed in explosion in Philippines
"09:59, 03-Jun-2022",3 dead after shooting at church in Iowa
"19:52, 03-Jun-2022",5 soldiers killed in roadside blast in Pakistan's Balochistan
"13:13, 03-Jun-2022",7 feared dead as bus catches fire in India's Karnataka
"14:39, 03-Jun-2022",Barcelona teenager Gavi steals the show as Spain held by Ronaldo's Portugal
"17:50, 03-Jun-2022",COVID prevention and control: A comparison between China and the U.S.
"22:55, 03-Jun-2022",EU approves new sanctions targeting Russian oil and Sberbank
"21:19, 03-Jun-2022",Estonian PM removes coalition partner from government
"22:57, 03-Jun-2022",Expert: OPEC production increase can only offset part of global market
"23:01, 03-Jun-2022",German lawmakers approve 100b euro fund for military
"19:05, 03-Jun-2022",ICYMI: The week's quirky news from around the world
"20:36, 03-Jun-2022",Iran vows 'immediate response' to any Western move against it at IAEA
"17:30, 03-Jun-2022",Latvia records first case of monkeypox
"17:19, 03-Jun-2022",Meet the wallabies and kangaroos at this house's yard
"14:03, 03-Jun-2022",NBA Finals on June 2: Unbelievable comeback win for Celtics in Game 1
"18:39, 03-Jun-2022",One actor's quest to bring the circus to Brazilian people
"19:03, 03-Jun-2022",Putin meets African Union chief Macky Sall in Sochi
"08:01, 03-Jun-2022",Queen withdraws from Friday Platinum Jubilee service after ‘discomfort’
"18:36, 03-Jun-2022",Restarting China-Australia relations needs action: Chinese foreign minister
"22:56, 03-Jun-2022",Russia: EU consumers will be first to suffer oil sanctions
"17:47, 03-Jun-2022",Russia's military operation to go at accelerated pace: Chechen leader
"09:06, 03-Jun-2022",S.Korea inflation accelerates 5.4% in May to near 14-year high
"09:10, 03-Jun-2022","Seen from space, the snow-capped Alps are going green"
"22:05, 03-Jun-2022",Seven ways the Ukraine-Russia conflict has changed the world
"19:24, 03-Jun-2022","At least 4 dead, dozens injured as train derails in S Germany"
"14:15, 03-Jun-2022",Soldier killed in 'terror attack' in NW Pakistan
"19:42, 03-Jun-2022",Sri Lankan president calls for imports of medicines amid economic crisis
"18:41, 03-Jun-2022",Story-teller of Jewish refugees in Shanghai receives honor
"21:19, 03-Jun-2022",Wang Yi: That China sought to sign regional security pact with PICs is fake news
"18:15, 03-Jun-2022",Tom Brady reveals free agency makes him feel pressure to return
"15:13, 03-Jun-2022",Turkish inflation hits 24-year high in May at 73.5%
"18:38, 03-Jun-2022","U.S., ROK, Japan vow to boost deterrence amid Korean Peninsula tension"
"20:41, 03-Jun-2022",U.S. unemployment rate holds at 3.6%
"22:55, 03-Jun-2022",UNSC renews UNITAMS mandate in Sudan
"18:12, 03-Jun-2022",United on the right track letting expensive deadwood go under ten Hag
"15:37, 03-Jun-2022",4 injured after fire erupts in business center in Russia
"16:28, 03-Jun-2022",Wang Yi: China to build higher-level relations with PNG
"10:05, 03-Jun-2022",World No. 1 Swiatek to meet first-time finalist Gauff in French Open final 
"18:43, 03-Jun-2022","Yayoi Kusama exhibition opens at Hirshhorn Museum in Washington, D.C."
"20:45, 03-Jun-2022",Zimbabweans make traditional Chinese delicacy zongzi
"15:11, 04-Jun-2022","1 dead, 5 injured in shooting at party near Richmond, U.S."
"18:42, 04-Jun-2022",2021-22 NBA review: How did Phoenix Suns go off track?
"20:08, 04-Jun-2022","12 killed, 21 injured in factory blast in India's Hapur: report"
"22:11, 04-Jun-2022","9 shot at mall in Phoenix, Arizona"
"19:39, 04-Jun-2022",Access to grain and fertilizer top concerns as conflict continues
"15:11, 04-Jun-2022",Asia News Wrap: A deal in Pakistan and more
"09:15, 04-Jun-2022",Atmospheric CO2 more than 50 percent higher than in pre-industrial era
"07:16, 04-Jun-2022",Bomb kills two peacekeepers in Mali: UN
"18:19, 04-Jun-2022",British police briefly evacuate Trafalgar Square in London
"19:18, 04-Jun-2022",Chinese FM discusses achievements of trip to Pacific Island nations
"22:46, 04-Jun-2022",Death toll in Colombia mine explosion rises to seven
"21:00, 04-Jun-2022",Death toll rises to 5 in German train crash
"09:10, 04-Jun-2022","Denmark stun France, Netherlands demolish Belgium in Nations League"
"15:49, 04-Jun-2022",Endangered mountain gorilla population recovers in Rwanda
"19:39, 04-Jun-2022","Expert: Chinese FM's visit to Pacific timely, fruitful"
"20:06, 04-Jun-2022","Expert: Western companies should step up food, fertilizer production"
"14:23, 04-Jun-2022",Floods kill at least 3 in Cuba
"07:15, 04-Jun-2022",Former Trump adviser Navarro indicted on contempt of Congress charges
"09:40, 04-Jun-2022",Global plastic use and waste on track to triple by 2060: report
"16:03, 04-Jun-2022","Houston Astros slugger Yordan Alvarez gets 6-year, $115-million deal"
"15:45, 04-Jun-2022",Learning authentic Wudang Martial Arts from the masters
"21:30, 04-Jun-2022",M6.2 earthquake hits Tonga: EMSC
"21:59, 04-Jun-2022",M6.4 quake hits west of Macquarie Island: USGS
"16:17, 04-Jun-2022",Oman oil discoveries to boost production: minister
"11:59, 04-Jun-2022",Pakistan lauds China's help in battling forest fire
"15:08, 04-Jun-2022","Rocked by mass shootings, U.S. scrambles to harden gun control"
"22:21, 04-Jun-2022",Swiatek beats Gauff to claim record winning streak and French Open title
"08:49, 04-Jun-2022",Two monkeypox strains in U.S. suggest possible undetected spread
"15:58, 04-Jun-2022",UEFA apologizes to fans for Champions League final chaos
"14:00, 05-Jun-2022",At least 3 dead in Philadelphia in latest U.S. mass shooting
"13:39, 05-Jun-2022",Death toll from Bangladesh depot fire rises to 34: chief doctor
"07:58, 05-Jun-2022","At least 16 killed, 450 injured in Bangladesh depot fire: reports"
"07:08, 05-Jun-2022",Bajram Begaj elected as new Albanian president
"17:44, 05-Jun-2022",Death toll rises to at least 49 in Bangladesh port depot fire
"11:08, 05-Jun-2022","Chinese, Malaysian FMs urge major countries to play role in Asia-Pacific's stability"
"11:33, 05-Jun-2022","Chinese, Greek presidents exchange congratulations on 50th anniversary of diplomatic ties"
"08:17, 05-Jun-2022",DPRK fires 8 short-range missiles eastward: ROK
"11:05, 05-Jun-2022",Death toll in Colombia mine explosion rises to nine
"11:18, 05-Jun-2022","Europe's south expects over 150,000 migrant arrivals this year, minister says"
"10:42, 05-Jun-2022",Forest fire kills 4 in NW Pakistan
"16:14, 05-Jun-2022","Global calendar: Shangri-La Dialogue, Summit of the Americas kick off"
"15:49, 05-Jun-2022",Jordanian army says two pilots killed in plane crash
"20:18, 05-Jun-2022",Lebanese presidency says ship entered disputed water with Israel
"08:07, 05-Jun-2022",M6.4 earthquake strikes Alaska's Aleutian Islands: USGS
"21:04, 05-Jun-2022",Dozens killed after explosion and gunfire hit Nigerian church
"07:04, 05-Jun-2022",Michigan governor on hit list of gunman who killed retired judge
"11:46, 05-Jun-2022",Philippine authorities warn of ongoing phreatic eruption at Bulusan
"10:14, 05-Jun-2022",Voting begins in Kazakhstan's constitutional referendum
"18:45, 05-Jun-2022",WHO confirms 780 monkeypox cases reported in 27 countries
"19:23, 05-Jun-2022",Why don't U.S. police save kids in Texas shooting?
"20:30, 05-Jun-2022",World Environment Day: Only one Earth
"07:38, 06-Jun-2022",At least 26 killed after bus plunges into gorge in north India
"10:25, 06-Jun-2022","1 shot in U.S. hospital, suspect on the run"
"07:08, 06-Jun-2022","3 dead, 14 injured in shooting in Chattanooga, Tennessee"
"13:56, 06-Jun-2022","49 killed, 300 injured in Bangladesh port depot fire "
"14:10, 06-Jun-2022","9th Summit of Americas: Invitation tensions, unambitious agenda"
"13:25, 06-Jun-2022",America at Gunpoint: Racially-motivated gun violence on rise - P.1
"14:29, 06-Jun-2022",Australia and China to change for the better
"14:01, 06-Jun-2022","Australian PM, Indonesian president discuss Indo-Pacific cooperation  "
"14:07, 06-Jun-2022",Best photos at Roland Garros: A vivid look back at the 2022 French Open
"21:45, 06-Jun-2022",Biden waives solar panel tariffs on 4 Southeast Asian nations
"17:26, 06-Jun-2022",Briton sentenced to 15 years in Iraqi jail for smuggling artifacts
"19:09, 06-Jun-2022",China comments on U.S. re-addition of not supporting 'Taiwan independence' on govt website
"15:30, 06-Jun-2022","China says Canadian warplanes increase reconnaissance, provocations"
"14:49, 06-Jun-2022",Cuban reporters denounce U.S. delay in visa issuance
"07:36, 06-Jun-2022",Exit polls show high support for Kazakhstan’s constitutional amendments
"07:15, 06-Jun-2022","Gov't, Houthi rebels begin 2nd round of talks on Yemen's Taiz"
"12:34, 06-Jun-2022",Gun violence: U.S. trapped between past and present
"19:03, 06-Jun-2022","IAEA chief Grossi holds press conference on Iran, Ukraine"
"12:32, 06-Jun-2022",Kazakhstan passes constitutional amendments in nationwide referendum 
"11:52, 06-Jun-2022","Ageless Messi makes history with record-breaking 5 goals, Ronaldo nets twice in 4 minutes"
"21:33, 06-Jun-2022",Mexican president won't attend Americas summit in protest over U.S. exclusions
"16:10, 06-Jun-2022",Michael Beasley returns to CBA to join Shanghai Sharks: report
"15:09, 06-Jun-2022",Moscow expects big jump in profits from energy exports on soaring price in 2022
"12:57, 06-Jun-2022",NBA Finals on June 5: Warriors get perfect vengeance in Game 2
"14:01, 06-Jun-2022",Quin Snyder steps down as Utah Jazz head coach
"17:44, 06-Jun-2022",Saudi Arabia hikes July crude prices higher than expected for Asian buyers
"22:31, 06-Jun-2022",Several civilians injured after explosion hits Kabul
"16:31, 06-Jun-2022",Singaporean PM Lee appoints future successor Wong as new deputy PM
"07:24, 06-Jun-2022","China calls for restraint as South Korea, U.S. fire 8 missiles following DPRK's weekend launches"
"18:31, 06-Jun-2022",At least 20 dead in DR Congo massacre
"12:09, 06-Jun-2022",China urges U.S. to stop hegemonic practice of excluding countries from Americas summit
"22:43, 06-Jun-2022",U.S. imposes sanctions on Bosnia and Herzegovina federation's president
"12:54, 06-Jun-2022",U.S. mulls lifting some China tariffs to fight inflation
"15:59, 06-Jun-2022",Christopher Black: U.S. 'rules-based order' mirrors international gangsterism
"15:14, 06-Jun-2022",UK PM Boris Johnson to face confidence vote on Monday
"07:21, 07-Jun-2022",Death toll from Iran building collapse rises to 41
"07:22, 07-Jun-2022",Dominican Republic's environment minister shot dead in office
"07:41, 07-Jun-2022",New York governor signs new gun reform bills into law in wake of mass shootings
"07:17, 07-Jun-2022",Russia announces sanctions on 61 U.S. nationals
"07:21, 07-Jun-2022",Syria intercepts Israeli missiles: SANA
"01:07, 04-Jun-2022",Estonia's coalition government collapses
"02:01, 04-Jun-2022",Former Trump aide Navarro indicted for defying Jan. 6 panel
"01:51, 04-Jun-2022",Iranian FM urges IAEA against possible anti-Iran resolution
"02:29, 04-Jun-2022",Nadal back in French Open final after injured Zverev stops
"01:46, 04-Jun-2022","Putin, AU head discuss bilateral cooperation, impact of Western sanctions"
"02:10, 04-Jun-2022","Tropical storm warning for parts of Florida, Cuba, Bahamas"
"00:36, 04-Jun-2022",UN provides 20 million USD for drought emergency in Somalia
"02:34, 04-Jun-2022",Ukraine crisis dampens Uganda's economic recovery: central bank
"02:25, 05-Jun-2022",Albanian army chief voted in as new president
"00:41, 05-Jun-2022",Drought leaves more than 7.2 million people needing food aid in Ethiopia: UNOCHA
"00:50, 05-Jun-2022",Israel detains four Palestinian fishermen off Gaza coast
"00:26, 05-Jun-2022","One dead, multiple shot at party near Richmond in the U.S."
"01:27, 05-Jun-2022",Tunisian judges to suspend work in courts for a week 
"00:57, 05-Jun-2022",Turkey to address security concerns in Syria with new operation: president
"01:22, 05-Jun-2022",Baby formula shortage in U.S. could ease as Abbott reopens Michigan plant
"01:46, 05-Jun-2022","Wildfire rages near Athens, damaging homes"
"01:20, 06-Jun-2022",France in talks with UAE to replace Russian oil supplies: minister
"00:41, 06-Jun-2022",Queen Elizabeth makes public appearance on final day of Platinum Jubilee weekend
"02:20, 06-Jun-2022",Putin warns Russia will strike if West supplies Ukraine with longer-range missiles
"02:04, 07-Jun-2022",German railway had been planning repairs on deadly crash route - Welt
"01:54, 07-Jun-2022","Putin, Erdogan to decide on food security after talks of Foreign Ministers"
"01:39, 07-Jun-2022",Russia to strengthen economic sovereignty in 2020s: Putin
"02:22, 07-Jun-2022",Tunisia's Ons Jabeur breaks into world top five despite French Open disappointment
"20:17, 06-Jun-2022",British geologist jailed for 15 years by Iraq for smuggling artifacts
"20:44, 06-Jun-2022","Ukraine conflict day 103: Donbas fighting intensifies, UK to send long-range missiles"
"05:57, 04-Jun-2022",A favela has the cleanest sewage in Rio de Janeiro
"01:08, 04-Jun-2022",Ambassador Qin Gang delivers remarks at the Asia Society Texas Center
"02:09, 04-Jun-2022",Chinese Ambassador to the U.S. meets with Rice University President 
"03:41, 04-Jun-2022",Financial challenges keep old cars on Venezuelan roads for longer
"03:41, 04-Jun-2022",Inflation remains a big concern in Brazil
"03:41, 04-Jun-2022",NBA’s deputy commissioner on NBA finals
"03:14, 04-Jun-2022",New York becomes first state to pass major gun restrictions after mass shootings
"03:40, 04-Jun-2022",Should photos of mass shootings be shown to motivate change?
"05:57, 04-Jun-2022","U.S. economy added nearly 400,000 jobs in May"
"06:07, 04-Jun-2022",U.S. still works on final invitation list for Summit of the Americas
"05:51, 05-Jun-2022",China develops inhaled COVID-19 vaccine 
"04:54, 05-Jun-2022",Climate change threatens U.S. historic site 
"04:53, 05-Jun-2022",Many Venezuelans stay mobile by keeping old cars alive 
"05:50, 05-Jun-2022",New Yorkers face soaring rental prices  
"03:22, 05-Jun-2022",Qin Gang echoed calls to reopen the Chinese consulate in Houston
"04:53, 05-Jun-2022",Tropical storm system floods Miami 
"04:53, 05-Jun-2022",Wear Orange Weekend honors victims of gun violence in the U.S. 
"03:38, 06-Jun-2022",Newest AR technology at Augmented World Expo
"02:11, 06-Jun-2022",U.S. holds national Wear Orange Rally against gun violence
"03:57, 07-Jun-2022",CGTN America wins a company record 22 Telly Awards this year
"05:06, 07-Jun-2022",Soybean farmers hit by droughts try new technology
"03:28, 07-Jun-2022",U.S. decision to exclude some nations from Americas Summit draws ire
