﻿"15:48, 09-Mar-2022","China, India to hold 15th round of corps commander talks"
"22:50, 09-Mar-2022",China to further ease tax burden for small & medium-sized firms
"18:00, 09-Mar-2022","China warns U.S. against harming its rights, interests over Ukraine"
"15:47, 09-Mar-2022",China welcomes UN human rights chief to visit Xinjiang
"15:21, 09-Mar-2022",First batch of Chinese humanitarian aid leaves for Ukraine
"19:56, 09-Mar-2022","CMG Exclusive: Sanctions are 'suicide,' Ukraine's truth must be told"
"20:40, 09-Mar-2022",5.1-magnitude quake hits waters off Taiwan: CENC
"15:01, 09-Mar-2022",Mother River Protection Day: Cherished wetlands along the Yellow River
"10:56, 09-Mar-2022",New fossil fish species found in Qinghai-Tibet Plateau
"15:00, 09-Mar-2022",Oldest stegosaur fossil of Asia found in southwest China's Chongqing
"14:01, 09-Mar-2022",Pictures: Young volunteers at the Winter Paralympics
"13:12, 09-Mar-2022",Sources reveal U.S. fabricated Russia-Ukraine info to smear China
"20:47, 09-Mar-2022",Wang Yang: Mainland capable to address Taiwan Straits situation
"13:31, 09-Mar-2022",Why is there a growing interest in socialism in the U.S.?
"13:00, 09-Mar-2022",Young Chinese women seek more fulfillment via multiple careers 
"19:15, 10-Mar-2022",China demands U.S. not harm rights and interests over Russia 
"22:38, 10-Mar-2022",Exclusive: China looks to have foreign astronauts on board its space station some day
"23:10, 10-Mar-2022",China's lunar missions: Phase-4 to assist ILRS construction by 2035 
"09:40, 10-Mar-2022","China's military spending maintains reasonable, steady growth: spokesperson"
"09:03, 10-Mar-2022",Wang Yang urges CPPCC to contribute to improving people's well-being
"11:00, 10-Mar-2022",China's Two Sessions: To further implement the restructuring of China's SOEs
"11:24, 10-Mar-2022",China urges end to violation of migrant children's rights
"09:31, 10-Mar-2022",Chinese mainland records 528 confirmed COVID-19 cases
"21:25, 10-Mar-2022",Chinese para ice hockey team fears nobody at 2022 Winter Paralympics
"21:01, 10-Mar-2022",Daily Quotes from 2022 Winter Paralympics on March 10
"18:39, 10-Mar-2022",Tsinghua economist Li Daokui suggests to levy carbon tax during China's 'Two Sessions'
"19:15, 10-Mar-2022",Meet the gold-medalist para skier at Beijing 2022 Winter Paralympics
"19:20, 10-Mar-2022",Wang Yi: China to work with all to prevent humanitarian crisis in Ukraine
"11:17, 10-Mar-2022",Wind power industry helps China with carbon neutrality goal
"12:23, 10-Mar-2022",Xinjiang representative says women's rights are lawfully guaranteed
"10:59, 11-Mar-2022",Beijing 2022 Paralympics aims to promote 'accessibility mindset'
"09:00, 11-Mar-2022","China's top legislature adopts development plan, closes annual session"
"14:16, 11-Mar-2022",China vows to crack down on women and children traffickers
"11:19, 11-Mar-2022",She power: Real game begins now
"09:09, 11-Mar-2022",Chinese mainland records 555 confirmed COVID-19 cases
"11:47, 11-Mar-2022",Chinese premier: Central govt fully supports HK in COVID-19 fight
"10:16, 11-Mar-2022","Highlights: Premier Li on Ukraine, economy and China-U.S. relationship"
"19:49, 11-Mar-2022",Graphics: What did Chinese premier say at his 2022 presser?
"13:23, 11-Mar-2022",How to apply China's rural revitalization methods to the world?
"12:56, 11-Mar-2022",Premier Li: Mainland to continue sharing development opportunities with Taiwan compatriots
"11:02, 11-Mar-2022",NPC deputy: China masters 4th-generation nuclear technology
"13:26, 11-Mar-2022",Premier Li: China to step up support for businesses hit hard by COVID-19
"12:08, 11-Mar-2022","Premier Li: China to continue with precise, scientific anti-COVID measures  "
"12:04, 11-Mar-2022","Premier Li: China to see record number of job seekers 2022, will prioritize employment"
"13:12, 11-Mar-2022",Premier Li: It takes only 4 days to start a business in China
"16:35, 11-Mar-2022","Chinese premier explains policies amid economic pressure, Ukraine crisis"
"13:34, 11-Mar-2022",Premier Li pledges solid steps to meet government's promises 
"11:26, 11-Mar-2022",China supports all efforts to resolve Ukraine crisis by peaceful means: Premier Li
"12:45, 11-Mar-2022",Premier Li stresses need for fairness in China-U.S. economic competition 
"09:22, 11-Mar-2022",The topics go viral during China's Two Sessions
"16:51, 11-Mar-2022",U.S. hackers found to attack Russia through computers in China
"12:00, 11-Mar-2022",Xi congratulates South Korea's Yoon on presidential election victory
"12:42, 12-Mar-2022",China says all parties' concerns must be addressed in Iran nuclear talks
"22:44, 12-Mar-2022","China, India hold 15th corps commander level meeting, agree to maintain dialogue to resolve LAC issues"
"22:59, 12-Mar-2022",China approves five COVID-19 antigen kits for self-testing
"09:43, 12-Mar-2022",China plans constructing global precision meteorological monitoring system
"22:16, 12-Mar-2022",China releases full text of government work report
"20:28, 12-Mar-2022",Chinese vice premier urges strict measures to stem COVID infection in shortest time
"13:44, 12-Mar-2022","China voices opposition to development of biological, chemical weapons"
"22:00, 12-Mar-2022",Chinese armless alpine skier realizes dream at 2022 Winter Paralympics
"09:14, 12-Mar-2022",Chinese mainland records 588 confirmed COVID-19 cases
"17:50, 12-Mar-2022","Chinese officials: Economy, well-being among revisions to govt work report"
"20:35, 12-Mar-2022",Daily Quotes from 2022 Winter Paralympics on March 12
"13:38, 12-Mar-2022",Fresh batch of Chinese humanitarian aid leaves for Ukraine
"22:14, 12-Mar-2022",Reporter's Diary Ep. 1: Tibetan-style New Year celebrations
"15:02, 12-Mar-2022",Reporter's diary: My first-time covering the Two Sessions
"17:33, 12-Mar-2022","Small-Town Stories: Sanmen, a county for seafood lovers"
"16:28, 12-Mar-2022",Team China defend wheelchair curling gold medal at Beijing 2022
"11:21, 12-Mar-2022","Winning four medals, Zhang Mengqiu's podium style under spotlight "
"17:52, 12-Mar-2022",President Xi to attend closing ceremony of Beijing 2022 Paralympic Winter Games
"12:31, 13-Mar-2022", Lovely moments of a grey-headed woodpecker in snow
"20:00, 13-Mar-2022","2022 Winter Paralympics concludes, but it's not goodbye"
"20:12, 13-Mar-2022",COVID in China: Health service under pressure as more cases emerge
"15:23, 13-Mar-2022","CPC Central Committee, State Council congratulate Chinese delegation on Winter Paralympics achievements"
"22:02, 13-Mar-2022","China Weekly News Quiz: March 6-13, 2022"
"10:22, 13-Mar-2022",Team China flagbearer named for 2022 Winter Paralympics closing ceremony 
"09:50, 13-Mar-2022","China's BeiDou enters new phase of stable services, rapid development"
"09:52, 13-Mar-2022","Chinese mainland records 1,938 confirmed COVID-19 cases"
"17:50, 13-Mar-2022",Daily Quotes from 2022 Winter Paralympics on March 13
"14:37, 13-Mar-2022",Reporter's Diary Ep.2: Family reunions in orphanage during Tibetan New Year
"17:16, 13-Mar-2022",Global Political Calendar: Ukraine crisis and China Development Forum
"15:00, 13-Mar-2022",HKSAR government ramping up support for people in quarantine
"20:15, 13-Mar-2022",Beijing 2022: Splendors at closing ceremony of Winter Paralympic Games 
"18:40, 13-Mar-2022",Team China's flag bearer for 2022 Winter Paralympics closing ceremony
"15:04, 13-Mar-2022",Third mainland-aided COVID-19 isolation facility starts operation in Hong Kong
"14:53, 14-Mar-2022",'Most thorough' COVID-19 control measures urged to curb virus spread
"11:49, 14-Mar-2022","'The Power of the Dog,' 'Dune' triumph at BAFTA Awards"
"21:58, 14-Mar-2022",2022 Winter Paralympics impresses the world
"10:50, 14-Mar-2022",7 killed in north China plant fire
"15:44, 14-Mar-2022",China blasts U.S. for spreading disinformation amid Ukraine conflict
"17:24, 14-Mar-2022",China releases work report of NPC Standing Committee
"18:34, 14-Mar-2022",China should remain vigilant as COVID-19 gets weaker: Top expert
"18:53, 14-Mar-2022","China urges U.S. to honor commitment, stop arms sales to Taiwan region"
"09:14, 14-Mar-2022","Chinese mainland records 1,437 confirmed COVID-19 cases"
"22:01, 14-Mar-2022",Chinese premier stresses importance of stable economic growth
"11:35, 14-Mar-2022",Fire breaks out at power station in Taiwan 
"11:30, 14-Mar-2022","Population of black-necked cranes in China exceeds 17,000 "
"15:36, 14-Mar-2022",Reporter's Diary Ep. 3: New trend in Tibet sparks debate
"20:29, 14-Mar-2022",Shanghai imposes tough measures to tackle fresh COVID-19 outbreak
"16:37, 14-Mar-2022",Spring migration season: Flocks of birds spotted across China
"12:21, 14-Mar-2022",Taiwan fighter jet crashes into sea
"20:13, 14-Mar-2022",Tremor felt as M4.0 quake hits China's Taiwan region
"22:03, 14-Mar-2022",What do you need to know about rapid antigen testing?
"21:22, 15-Mar-2022",Analysts: China's EV sector so far immune to surging nickel prices
"20:42, 15-Mar-2022",COVID-19 in China is 'complicated' but still under control: Official
"15:34, 15-Mar-2022",Can China and the U.S. help defuse the Ukraine crisis?
"16:00, 15-Mar-2022",China's Shenzhou-13 astronauts to give second class from space station
"12:52, 15-Mar-2022",China's cyberspace regulator drafts new rules to protect minors
"13:20, 15-Mar-2022",China's elderly take up photography as hobby
"23:07, 15-Mar-2022",China's high-thrust oxyhydrogen rocket engine completes first test run in 2022
"10:12, 15-Mar-2022",China's economic recovery 'better than expected' in Jan.-Feb. 2022
"12:05, 15-Mar-2022",China urges U.S. to fully clarify biological military activities
"09:18, 15-Mar-2022","Chinese mainland records 3,602 confirmed COVID-19 cases"
"14:40, 15-Mar-2022",A mix of courage and excellence: Dazzling Paralympians pursue dreams at Beijing Winter Paralympics 
"10:13, 15-Mar-2022",Former Shandong Luneng boss Magath aims to save Hertha Berlin from relegation
"15:59, 15-Mar-2022",Expectation for progress on women rights high as 'two sessions' close
"12:02, 15-Mar-2022",More mainland medical workers arrive in Hong Kong to help fight COVID-19
"20:10, 15-Mar-2022",Multiple Hollywood movies slated for Chinese theaters in March
"14:23, 15-Mar-2022","Over 4,000 households affected by power outages in Taiwan region"
"07:59, 15-Mar-2022",Senior official elaborates on China's stance on Ukraine situation
"15:49, 15-Mar-2022",Slinging mud at China wouldn't solve the Ukraine conflict
"11:46, 15-Mar-2022",Town by the city: A slice of England in Shanghai 
"12:50, 15-Mar-2022",UN launches biodiversity talks on deal to protect nature
"12:49, 15-Mar-2022",Wonderful Moments: A bright blue kingfisher tosses a fish in its beak
"18:13, 15-Mar-2022",Xi Jinping congratulates Serdar Berdymukhamedov on election as Turkmenistan's president
"12:04, 15-Mar-2022",Xinjiang's Tarim oilfield supplies 300b cubic meters of gas to east China
"19:54, 16-Mar-2022",5 temporary hospitals built Changchun and Jilin cities amid recent COVID-19 surge in China
"12:38, 16-Mar-2022",Beijing 2022 Winter Paralympics brings about lasting change for people with disability
"15:32, 16-Mar-2022",CMG reveals secrets behind online scams at 315 Gala
"23:10, 16-Mar-2022",China delays property tax reform expansion in 2022: Xinhua
"22:36, 16-Mar-2022",China leads UN push for bicycles to combat climate change
"11:42, 16-Mar-2022",China reaffirms 'four musts' stance on Ukraine issue
"23:05, 16-Mar-2022",China's COVID-hit Jilin builds more makeshift hospitals
"15:47, 16-Mar-2022",China to send arms to Russia? Hear voices from Kyiv and Moscow 
"19:53, 16-Mar-2022",China urges U.S. to provide clarification on biolabs in Ukraine 
"12:02, 16-Mar-2022",China urges U.S. to stop arms sales to Taiwan
"10:24, 16-Mar-2022",Ambassador: Claims of China's foreknowledge on Ukraine conflict are disinformation
"09:24, 16-Mar-2022","Chinese mainland records 1,952 confirmed COVID-19 cases"
"19:55, 16-Mar-2022",Chinese shares rally 3.48% on positive policy signal
"20:50, 16-Mar-2022",Don't wield stick of sanctions while seeking China's support: MOFA
"13:36, 16-Mar-2022",Exclusive interview: China's Zhang Shuai reflects on winning Lyon Open
"20:02, 16-Mar-2022",Expert: We should be optimistic about COVID-19
"13:54, 16-Mar-2022",Greece's Chinese-run Piraeus port hits record profit for 2021
"13:57, 16-Mar-2022",Human remains found in Portugal could be world's oldest mummies
"08:43, 16-Mar-2022",Self-test a crucial tool for early detection of COVID-19: Kit maker
"19:24, 16-Mar-2022","Xi, Widodo agree to facilitate dialogue for peace over Ukraine situation"
"21:35, 17-Mar-2022",2021: China removes 22 million irregular posts from internet
"15:28, 17-Mar-2022","Algerian, Tanzanian, Zambian FMs to visit China"
"12:47, 17-Mar-2022",Boao Forum for Asia 2022 to be held April 20-22
"15:39, 17-Mar-2022",China denounces U.S. suppression of Chinese enterprises
"18:43, 17-Mar-2022","China rejects Blinken's accusations, calls U.S., NATO initiators of Ukraine crisis"
"23:12, 17-Mar-2022",China's para ice hockey team eyeing future wins
"17:53, 17-Mar-2022",China's revised COVID-19 plan optimizes medical resources: expert
"15:59, 17-Mar-2022",China successfully launches new Yaogan-34 02 remote sensing satellite
"15:52, 17-Mar-2022","China to continue regular trade, economic cooperation with Russia, Ukraine"
"18:27, 17-Mar-2022",Chinese envoy: Attempt to meddle in Hong Kong affairs doomed to fail
"09:11, 17-Mar-2022","Chinese mainland records 1,317 confirmed COVID-19 cases"
"08:31, 17-Mar-2022","Father, daughter speak of fulfillment serving Beijing Winter Olympics "
"12:52, 17-Mar-2022",Ice shoves form at China's largest inland freshwater lake
"08:49, 17-Mar-2022",M5.1 earthquake strikes China's Gansu Province
"21:53, 17-Mar-2022",M5.2 earthquake hits NW China's Xinjiang: CENC
"16:11, 17-Mar-2022",More medical and epidemic prevention supplies reach Jilin Province
"17:22, 17-Mar-2022",Red Cross Society of China provides humanitarian aid to Afghanistan
"10:04, 17-Mar-2022",Researchers retrieve Earth neutral atmospheric density
"12:04, 17-Mar-2022",Study reveals cooler conditions may prolong lifespan
"17:57, 17-Mar-2022",Track-laying begins on China's first sea-crossing high-speed railway
"09:02, 17-Mar-2022",China's Wang Chuqin and Sun Yingsha win mixed doubles title at WTT Singapore 
"23:15, 17-Mar-2022",Wang Yi urges greater security role for SCO amid Ukraine conflict
"22:46, 17-Mar-2022","Xi to speak with Biden on China-U.S. relations, issues of common concern"
"20:44, 17-Mar-2022","Xi urges swift COVID-19 containment with minimal impact on economy, livelihood"
"08:50, 18-Mar-2022",China tightens multi-channel networks regulations
"09:32, 18-Mar-2022","Chinese diplomat, Russian ambassador exchange views on bilateral ties"
"09:11, 18-Mar-2022","Chinese mainland records 2,461 confirmed COVID-19 cases"
