﻿"21:42, 08-Aug-2022",Iran's negotiators return to Tehran while examining EU's 'final text' 
"21:50, 08-Aug-2022",Egyptian officials to arrive in Israel for talks on release of PIJ members: report
"19:12, 08-Aug-2022",National Fitness Day: China embraces sports for a healthy lifestyle 
"18:19, 08-Aug-2022","Nearly 70% of Americans consider economy souring, worst in 14 years"
"19:12, 08-Aug-2022",Smoke at Zaporizhzhia nuclear power plant extinguished: TASS
"22:24, 08-Aug-2022",U.S. adds Tornado Cash to cyber-related sanctions list
"13:58, 09-Aug-2022","Three Palestinians killed, 69 shot in Israeli West Bank raid"
"07:27, 09-Aug-2022","17 soldiers, four civilians killed in terrorist attack in Mali"
"07:15, 09-Aug-2022",Stop provoking China: American activists condemn Pelosi's Taiwan misadventure 
"07:09, 09-Aug-2022",Chinese national among at least 9 dead in record South Korean rain
"22:38, 09-Aug-2022",Biden signs bill to boost domestic chip manufacturing
"10:04, 09-Aug-2022",Chinese NGO reveals U.S. violation of human rights in Middle East
"13:43, 09-Aug-2022",No room for ambiguity on one-China principle: Chinese vice FM
"14:28, 09-Aug-2022",Expert: Taiwan Relations Act lacks legal foundation
"20:53, 09-Aug-2022","Russia: Crimea airbase blast was detonation of ammunition, not attack"
"07:56, 09-Aug-2022",Fire rages at Cuban oil terminal; fourth tank now ablaze
"14:20, 09-Aug-2022",Google back up after brief outage – Downdetector
"15:29, 09-Aug-2022",James Marape elected as Papua New Guinea's prime minister 
"20:10, 09-Aug-2022",Landmine attacks kill 4 people in southern Somalia
"17:03, 09-Aug-2022","Medvedev retains men's top spot, Williams drops huge retirement hints"
"11:00, 09-Aug-2022",Polls open in Kenya general elections
"19:39, 09-Aug-2022",Raising awareness for protecting the indigenous peoples' rights
"07:24, 09-Aug-2022",Russia temporarily halts inspections of its facilities under New START treaty
"17:56, 09-Aug-2022","Russian, Israeli presidents hold phone talks"
"21:42, 09-Aug-2022",Serena Williams announces she's 'evolving away from tennis'
"16:01, 09-Aug-2022",Sri Lanka utility regulator approves 75% electricity tariff hike 
"15:12, 09-Aug-2022",Trailer: The Business of War – Part 1: Profit from Conflict
"15:08, 09-Aug-2022",Trailer: 'The Business of War' – Part 2: Military-Industrial Factor
"18:46, 09-Aug-2022",U.S. and 'Taiwan independence' forces are changing the status quo of the Taiwan Strait: vice FM
"11:55, 09-Aug-2022",U.S. returns 30 stolen antique artworks to Cambodia
"10:41, 09-Aug-2022",UN Mideast envoy calls for talks toward two-state solution for Israeli-Palestinian conflict
"12:47, 09-Aug-2022",Dortmund turn to former Chinese Super League striker Modeste after Haller health issue
"23:25, 09-Aug-2022",Xi Jinping extends congratulations on Singapore's 57th national day
"17:09, 09-Aug-2022","Xi Jinping replies to letter from teachers, students in Malta"
"21:50, 10-Aug-2022",Al-Sadr calls to dissolve parliament by end of next week
"08:55, 10-Aug-2022",At least 1 killed as bus overturns in New Jersey
"21:12, 10-Aug-2022",Beluga astray in Seine dies during rescue attempt
"23:31, 10-Aug-2022",Biden's CHIPS Act: Will it work?
"07:10, 10-Aug-2022",Biden signs protocols on Finland and Sweden's accession to NATO
"10:00, 10-Aug-2022","China, ROK agree to jointly maintain stability of supply chains"
"21:27, 10-Aug-2022",China refutes UK concern over military drills around Taiwan island
"16:40, 10-Aug-2022",China will fight back if U.S. maintains provocation: spokesperson 
"12:03, 10-Aug-2022",Chinese embassy confirms 2nd citizen killed in Seoul heavy rain
"22:46, 10-Aug-2022",Chinese women's football ace Wang Shuang joins Racing Louisville
"17:04, 10-Aug-2022",Death toll from South Korean rain rises to 10
"15:57, 10-Aug-2022",Dozens missing after Greece rescues 29 migrants from capsized boat
"19:24, 10-Aug-2022",Early signs show tight Kenyan presidential election
"09:28, 10-Aug-2022",Elon Musk sells $6.9 billion worth of Tesla shares
"07:17, 10-Aug-2022",FBI seizes cell phone of Trump ally Scott Perry
"15:51, 10-Aug-2022",Police shoot dead knife-wielding man at Paris' Charles de Gaulle airport
"14:01, 10-Aug-2022",Germany inflation rate hits 7.5% in July
"17:17, 10-Aug-2022",Graphics: EU's full ban on Russian coal comes into effect
"12:23, 10-Aug-2022","Japanese PM shakes up LDP leadership, shuffles cabinet"
"17:00, 10-Aug-2022",Japanese PM holds news conference after cabinet reshuffle
"09:21, 10-Aug-2022",Japanese PM shuffles LDP leadership
"18:20, 10-Aug-2022",Kyrie Irving wants to remain with Brooklyn Nets next season: report
"16:37, 10-Aug-2022",PLA Eastern Theater Command successfully completes military drills around Taiwan
"22:10, 10-Aug-2022","Putin, Goita discuss further cooperation over phone"
"19:13, 10-Aug-2022","Real Madrid to do better than last season, says manager Ancelotti"
"14:21, 10-Aug-2022",Russian Soyuz rocket successfully launches Iranian satellite: Sputnik
"14:21, 10-Aug-2022",Snooker: All five Chinese players advance at British Open qualifier
"13:39, 10-Aug-2022",Sri Lanka's ousted president expected to fly to Thailand: Reuters
"11:33, 10-Aug-2022",The Business of War: American Leadership or Hegemony
"17:14, 10-Aug-2022",Timo Werner leaves Chelsea for RB Leipzig in a €30 million deal
"18:03, 10-Aug-2022","Two police killed, 800 escape in DR Congo jailbreak"
"12:48, 10-Aug-2022",U.S. allows alternate monkeypox vaccine injection method to boost supply
"20:31, 10-Aug-2022",U.S. consumer prices unchanged in July as cost of gasoline tumbles
"22:08, 11-Aug-2022",'China Documentary Festival' exhibition held in Thailand
"07:18, 11-Aug-2022",Sierra Leone imposes nationwide curfew amid deadly anti-government protests
"20:46, 11-Aug-2022",4 dead after boat capsizes in north India
"07:23, 11-Aug-2022",42 Malian soldiers killed in suspected Islamist attack
"16:55, 11-Aug-2022",At least 13 civilians killed in protests in Sierra Leone
"20:08, 11-Aug-2022",Armed man demanding frozen deposits takes hostages at Lebanese bank
"11:14, 11-Aug-2022",Karim Benzema a shoo-in for Ballon d'Or as Real Madrid seal fifth UEFA Super Cup
"20:35, 11-Aug-2022",Blast kills religious scholar in Afghan capital
"19:03, 11-Aug-2022",China says it won't compromise on core interests for U.S. tariff cut
"18:47, 11-Aug-2022",China 'seriously concerned' with Japan's wastewater release: envoy
"18:59, 11-Aug-2022",Death toll caused by heavy rain in S. Korea rises to 13 with 6 missing
"16:30, 11-Aug-2022",Ethiopia says 2nd turbine of GERD generating power
"07:58, 11-Aug-2022",Only 6% believe U.S. will continue to dominate the world: survey
"19:43, 11-Aug-2022",Guterres appeals not to endanger Zaporizhzhia nuclear plant
"08:19, 11-Aug-2022",Heavy rain death toll in South Korea rises to 11
"07:51, 11-Aug-2022",Iran rejects U.S. charging an Iranian for plot to kill John Bolton
"11:14, 11-Aug-2022","Japanese, U.S. air forces conduct joint drills around Okinawa"
"07:16, 11-Aug-2022",Police raid Peru president's home in search of relative
"21:20, 11-Aug-2022",Sri Lanka's ousted president arrives in Thailand: report
"18:28, 11-Aug-2022",Singapore confirms ousted Sri Lankan president's departure
"15:50, 11-Aug-2022",Türkiye to start using natural gas from Black Sea in March next year
"12:39, 11-Aug-2022",U.S. Congress inaction leads to more problems over COVID-19: Politico
"20:30, 11-Aug-2022",U.S. producer price index up 9.8% year on year in July
"14:39, 11-Aug-2022",UK prosecutor authorizes terrorism charges against ISIS suspect
"16:07, 11-Aug-2022",UN chief congratulates people of Kenya on peaceful election
"09:05, 11-Aug-2022","WHO: COVID-19 deaths fall overall by 9 percent, infections stable"
"09:46, 11-Aug-2022",World Cup 2022 set to start a day early with Qatar vs. Ecuador
"14:53, 12-Aug-2022",Afghanistan diary: Life under the shelters
"18:20, 12-Aug-2022",Australian court orders Google to pay $43m for 'misleading users'
"07:49, 12-Aug-2022",Biden is readying plans to launch his re-election bid: Bloomberg
"19:26, 12-Aug-2022",CGTN Sports Talk: How much better have the Celtics grown?
"14:54, 12-Aug-2022",Canadian Open: China's Zheng Qinwen topples Andreescu to reach last 8
"08:24, 12-Aug-2022",China 'deeply concerned' by situation at Zaporizhzhia nuclear power plant: envoy
"16:08, 12-Aug-2022",China says U.S. THAAD deployment in S. Korea harms strategic security
"19:16, 12-Aug-2022",Chinese women's basketball team departs for European training camp
"22:20, 12-Aug-2022","Deadly floods in eastern Sudan leave 51 dead, 24 injured"
"17:10, 12-Aug-2022",Eurozone industrial production up by 0.7% m/m in June
"09:24, 12-Aug-2022",FBI sought nuclear documents in search of Trump's home: Washington Post
"15:17, 12-Aug-2022","France's annual inflation hits 6.1% in July, highest since 1985 "
"17:59, 12-Aug-2022",Germany suspends its military mission in Mali  
"07:21, 12-Aug-2022",UN urges restraint as Ukraine nuclear power plant shelled again 
"19:28, 12-Aug-2022",Iran says EU proposal to revive nuclear deal could be 'acceptable'
"09:42, 12-Aug-2022",Moto vs. Samsung: The flip phone arena in 2022
"11:13, 12-Aug-2022",PSG plot sensational swoop for Manchester United star Marcus Rashford 
"14:45, 12-Aug-2022",Pakistani expert discusses white paper on Taiwan question 
"16:36, 12-Aug-2022",Pictures: 100-day countdown to the 2022 Qatar World Cup
"22:47, 12-Aug-2022",Poliovirus identified in sewage in NYC: health departments
"10:26, 12-Aug-2022",S. Korea's Yoon pardons Samsung leader Jay Y. Lee
"16:20, 12-Aug-2022",Shipping disruption continues as Rhine water levels fall again in Germany
"14:51, 12-Aug-2022",Source of Britain's River Thames driest ever as Europe battles heat and drought
"12:10, 12-Aug-2022",South Korean F-4 fighter crashes in Hwaseong: Yonhap
"19:24, 12-Aug-2022",Raheem Sterling on why he left City: My playing time was getting limited
"11:30, 12-Aug-2022",Sweden agrees to extradite man to Türkiye in wake of NATO deal
"12:28, 12-Aug-2022",The Business of War: Profit From Conflict 
"16:51, 12-Aug-2022",Timberwolves owner Taylor on signing extension with Towns: It's a non-issue
"10:59, 12-Aug-2022",U.S. Department of Justice asks court to unseal search warrant for Mar-a-Lago raid
"21:36, 12-Aug-2022","U.S. heightens export controls on advanced chip, gas turbine engine technologies"
"11:08, 12-Aug-2022",U.S. investigators use Facebook to charge Nebraska teen over abortion 
"22:55, 12-Aug-2022",New York judge rules criminal case against Trump Organization can proceed
"14:26, 12-Aug-2022",UK economy shrinks 0.1% in Q2
"19:09, 12-Aug-2022",UK government formally declares drought for parts of England
"14:08, 12-Aug-2022",UK to offer polio vaccine booster to children aged 1 to 9 in London
"17:02, 12-Aug-2022",UN chief expresses 'clear commitment' to DPRK's denuclearization
"21:02, 12-Aug-2022",Ugandan central bank raises key rate to curb inflation
"20:52, 12-Aug-2022",Want Want Group says it has adhered to One-China Principle since its founding
"02:09, 09-Aug-2022",First Ukrainian grain shipment seeks new buyer
"03:43, 09-Aug-2022",Rwanda rolls out fourth COVID-19 vaccine jabs 
"03:51, 09-Aug-2022",South Africa's foreign minister urges unity in tackling global challenges
"02:24, 09-Aug-2022",Third oil storage tank collapses in Cuba terminal: report
"02:46, 09-Aug-2022",U.S. announces new $1 billion Ukraine weapons package
"02:15, 09-Aug-2022",World Bank announces additional $4.5 billion in Ukraine aid
"02:56, 10-Aug-2022",Egypt's el-Sisi holds telephone conversation with Israeli PM following Gaza ceasefire deal
"00:09, 10-Aug-2022",Morocco's trade deficit up 48.7 pct as of June
"02:57, 10-Aug-2022",Nigerian military arrests suspects in June church massacre
"01:24, 10-Aug-2022",Vote counting begins after polls close in Kenya's general election
"00:39, 11-Aug-2022","AU, UN welcome two-year extension of South Sudan's transitional government mandate"
"00:35, 11-Aug-2022",Inflation in Czech Republic reaches 17.5 pct in July
"03:02, 11-Aug-2022",Sierra Leone declares nationwide curfew following massive protest
"01:13, 11-Aug-2022",UN expects 'big uptick' in applications for Ukraine grain shipments
"01:53, 12-Aug-2022",Arctic warming four times faster than rest of Earth: study
"01:21, 12-Aug-2022",First Ukraine grain deal ship docks in Türkiye after buyer declines delivery
"02:04, 12-Aug-2022",Morocco sacks coach Vahid Halilhodzic three months before World Cup
"00:39, 12-Aug-2022",Roller coaster crash at Legoland park in Germany injures 34
"00:34, 13-Aug-2022",Fifth caravan of grain ships departs from Ukraine
"00:34, 13-Aug-2022",Hostage standoff at Lebanese bank ends after savings unfrozen
"01:39, 13-Aug-2022",Spain says gas pipeline to France possible in less than a year
"00:16, 12-Aug-2022",Czechia's 17.5% inflation leads to soaring rents and crowded shelters
"03:10, 09-Aug-2022",Colombia's Gustavo Petro Inauguration
"04:15, 09-Aug-2022",Cuba fire rages at fuel storage facility
"05:44, 09-Aug-2022",Native tribe in New York fight to save its land from climate disasters
"12:13, 10-Aug-2022",Ambassador Qin Gang discusses China-U.S. relations 
"06:33, 10-Aug-2022",Biden signs bill to boost domestic semiconductor industry
"01:05, 10-Aug-2022",How tiny homes promote sustainable living
"07:00, 10-Aug-2022",What we know so far about the FBI raid on Trump's home in Mar-a-Lago
"04:29, 11-Aug-2022",Biden administration plans to dilute monkeypox vaccine doses
"04:47, 11-Aug-2022",Biden signs bill to boost domestic chip manufacturing
"04:14, 11-Aug-2022",Denver removes anti-Chinese historical marker
"03:05, 11-Aug-2022",Ecuador seeks international help to fight crime and drug cartels
"04:15, 11-Aug-2022",FBI raids former President Donald Trump’s home in Florida
"04:56, 11-Aug-2022",Four men convicted in 2013 blaze freed after count overturns decision
"04:13, 11-Aug-2022",How climate crisis widens gender gap   
"06:11, 11-Aug-2022",U.S. inflation is affecting Latin American economies 
"06:12, 11-Aug-2022",Worst fire in Cuba's history contained after burning five days
"01:56, 12-Aug-2022",BIG STORY – The Race Gap in the U.S. Native Americans
"02:51, 12-Aug-2022",Ice cream prices not immune to rampant US inflation 
"05:55, 12-Aug-2022",Mexico City modernizes subway system with new 'China Standard' trains
"05:59, 12-Aug-2022","Wang Yi: Promoting peace, cooperation and development jointly in Asia "
"04:16, 12-Aug-2022",Why sustainability can be so expensive
"06:02, 13-Aug-2022",Afghanistan attempts to recover after decades of war
"05:37, 13-Aug-2022","FBI seeks espionage evidence against Trump, search warrant shows"
"00:30, 13-Aug-2022",New Consumer Price Index report reveals inflation slowed down in July
