﻿"18:20, 12-Aug-2022",Australian court orders Google to pay $43m for 'misleading users'
"19:26, 12-Aug-2022",CGTN Sports Talk: How much better have the Celtics grown?
"14:54, 12-Aug-2022",Canadian Open: China's Zheng Qinwen topples Andreescu to reach last 8
"16:08, 12-Aug-2022",China says U.S. THAAD deployment in S. Korea harms strategic security
"19:16, 12-Aug-2022",Chinese women's basketball team departs for European training camp
"22:20, 12-Aug-2022","Deadly floods in eastern Sudan leave 51 dead, 24 injured"
"17:10, 12-Aug-2022",Eurozone industrial production up by 0.7% m/m in June
"15:17, 12-Aug-2022","France's annual inflation hits 6.1% in July, highest since 1985 "
"17:59, 12-Aug-2022",Germany suspends its military mission in Mali  
"19:28, 12-Aug-2022",Iran says EU proposal to revive nuclear deal could be 'acceptable'
"16:36, 12-Aug-2022",Pictures: 100-day countdown to the 2022 Qatar World Cup
"22:47, 12-Aug-2022","Polio detected in NYC's sewage, suggesting virus circulating"
"16:20, 12-Aug-2022",Shipping disruption continues as Rhine water levels fall again in Germany
"19:24, 12-Aug-2022",Raheem Sterling on why he left City: My playing time was getting limited
"16:51, 12-Aug-2022",Timberwolves owner Taylor on signing extension with Towns: It's a non-issue
"21:36, 12-Aug-2022","U.S. heightens export controls on advanced chip, gas turbine engine technologies"
"22:55, 12-Aug-2022",New York judge rules criminal case against Trump Organization can proceed
"19:09, 12-Aug-2022",UK government formally declares drought for parts of England
"17:02, 12-Aug-2022",UN chief expresses 'clear commitment' to DPRK's denuclearization
"21:02, 12-Aug-2022",Ugandan central bank raises key rate to curb inflation
"20:52, 12-Aug-2022",Want Want Group says it has adhered to One-China Principle since its founding
"18:16, 13-Aug-2022",Ambassador: Japan shouldn't dance to the U.S. tune on Taiwan question
"10:58, 13-Aug-2022",Asia News wrap: 11 die in heavy rains in South Korea and more
"11:11, 13-Aug-2022","Ballon d'Or 2022 nominees: Messi misses out for first time in 17 years, Ronaldo included"
"07:33, 13-Aug-2022",Canada's Iqaluit city declares state of emergency over water shortage
"18:48, 13-Aug-2022",Death toll from South Korean rain rises to 14
"19:16, 13-Aug-2022",Egyptian parliament approves 13 new ministers at emergency session
"14:32, 13-Aug-2022",At least 4 injured after bomb explodes in Kabul
"07:25, 13-Aug-2022",First Africa-bound grain ship arrives in Ukrainian port
"20:52, 13-Aug-2022","Heavy rains, flash floods kill 21 in Afghanistan"
"08:10, 13-Aug-2022",Idaho Supreme Court rejects bid to block strict abortion bans
"15:23, 13-Aug-2022",Indian opposition leader tests positive for COVID-19
"14:40, 13-Aug-2022",M6.1 earthquake strikes Philippines
"16:32, 13-Aug-2022",Man United manager ten Hag: Ronaldo hasn't told me he wants to leave
"21:36, 13-Aug-2022",Moroccan ambassador: Morocco adheres to one-China policy
"15:22, 13-Aug-2022","One dead, dozens hurt as gale hits Spain dance music festival"
"19:04, 13-Aug-2022",Opposition leader Odinga ahead in Kenya's presidential race
"17:54, 13-Aug-2022",Padres rising star Tatis Jr. suspended 80 games for doping
"15:32, 13-Aug-2022",Remains of small armor-plated dinosaur unearthed in Argentina
"07:38, 13-Aug-2022",Sierra Leonean president says protests aimed to overthrow the government
"10:43, 13-Aug-2022",Teen sensation Popovici smashes European record in 100m freestyle
"17:00, 13-Aug-2022",Typhoon Meari makes landfall in Japan  
"07:07, 13-Aug-2022",U.S. House passes Inflation Reduction Act
"09:22, 13-Aug-2022",WHO gives new names to variants of monkeypox virus
"18:59, 14-Aug-2022","3 killed, 22 injured in explosion in Armenia's capital Yerevan: report"
"17:20, 14-Aug-2022",Discover a unique cycling experience as Tour of Qinghai Lake heralds new era
"14:51, 14-Aug-2022","3 dead, 12 injured while climbing Ecuadorean volcano"
"18:24, 14-Aug-2022",At least 41 killed in Egyptian church fire: report
"22:44, 14-Aug-2022","5 dead, 16 injured in explosion in Ecuador"
"07:30, 14-Aug-2022","Eight wounded, two critically, in 'terror attack' on Jerusalem bus"
"10:51, 14-Aug-2022","1 killed, 17 injured as car plows into crowd in Pennsylvania"
"20:39, 14-Aug-2022",China defeat Japan to win AVC Cup for Men again after 10 years
"16:39, 14-Aug-2022",David Popovici breaks 13-year-old swimming world record in men's 100m freestyle
"12:11, 14-Aug-2022",Indian billionaire Rakesh Jhunjhunwala dies at 62
"16:16, 14-Aug-2022",Kenya election body: Ruto's party wins governorship of Kenya's capital
"21:41, 14-Aug-2022","Man dies after crashing car, firing gunshots near U.S. Capitol"
"17:48, 14-Aug-2022",Ravens QB Jackson will stop extension talks when new NFL season begins
"12:11, 14-Aug-2022",Gunman arrested after Canberra Airport shooting
"14:54, 14-Aug-2022","Truss 22 points ahead in race to be next UK PM, poll suggests"
"17:01, 14-Aug-2022",Warriors to host Lakers for 2022-23 NBA regular season opener: report
"23:29, 14-Aug-2022",What's behind Tsai's role in Pelosi's Taiwan show?
"21:45, 15-Aug-2022","1 died, 31 injured in concrete platform collapse at wedding in Russia"
"17:41, 15-Aug-2022",2 people injured in explosion at defense facility in Serbia: report
"19:09, 15-Aug-2022","6 die in plastics factory fire in Dhaka, Bangladesh"
"07:45, 15-Aug-2022",80 children die in Zimbabwe's measles surge
"10:02, 15-Aug-2022",3 injured in Illinois theme park shooting
"18:32, 15-Aug-2022",Afghanistan under the Taliban: one year on
"11:37, 15-Aug-2022",At least 31 people die in flash floods in central Afghanistan
"10:59, 15-Aug-2022",Australian PM to investigate claims of Scott Morrison's secret ministry grab
"07:12, 15-Aug-2022",Biden will run for 2024 despite low support rate: WH
"20:53, 15-Aug-2022",2 injured in a blast in Afghan capital Kabul
"15:59, 15-Aug-2022","Chinese, UK scientists find graphene efficient in extracting gold from waste"
"13:56, 15-Aug-2022",China protests against Japan PM Fumio Kishida's offerings to Yasukuni Shrine 
"09:44, 15-Aug-2022",Chinese embassy warns U.S. lawmakers of countermeasures over fresh visit to Taiwan region
"15:46, 15-Aug-2022",Experts: Why is summer 2022 so long and intense? How to stay cool?
"07:07, 15-Aug-2022",At least 16 dead after fireworks warehouse explodes in Armenian mall
"10:45, 15-Aug-2022",Indonesian Defense Minister Prabowo declares 2024 presidential bid
"14:18, 15-Aug-2022",Iran says ground prepared for nuclear deal 'if red lines are met'
"17:38, 15-Aug-2022","Iran will respond to EU's nuclear text by midnight on Monday, says foreign minister"
"07:11, 15-Aug-2022",Israeli missile attacks kill 3 soldiers in Syria
"22:55, 15-Aug-2022",Kenya's election results rejected by 4 top election officials
"16:43, 15-Aug-2022",M5.3 earthquake rattles southern Philippines
"10:13, 15-Aug-2022",Modi pledges to make India developed nation in 25 years
"17:59, 15-Aug-2022",Myanmar court sentences Aung San Suu Kyi to 6 years in prison
"07:17, 15-Aug-2022",Over 13 al-Shabab militants killed in Somali airstrike: report
"07:35, 15-Aug-2022",Putin says Russia and DPRK will expand bilateral relations: KCNA
"17:17, 15-Aug-2022",ROK expresses regret over Japanese PM's offering to war-linked shrine
"11:18, 15-Aug-2022",Ancelotti survives scare as Real Madrid begin La Liga title defense with resilience
"15:54, 15-Aug-2022",Russia warns U.S. about the outcomes of seizing Russian assets 
"09:50, 15-Aug-2022",South Korea offers to improve DPRK's economy in case of denuclearization
"18:14, 15-Aug-2022",Smart chip prices collapse amid low market demands and high inventory
"16:53, 15-Aug-2022",U.S. basketball player Brittney Griner appeals her sentence in Russia
"22:40, 15-Aug-2022",U.S. imposes sanctions on 3 Liberian officials
"07:20, 15-Aug-2022",UFC San Diego: Chito Vera makes statement with nose-breaking Cruz KO
"23:05, 15-Aug-2022",William Ruto elected as Kenya's new president
"21:01, 16-Aug-2022","Losing two sons to Afghanistan evacuation, father says America should compensate"
"15:34, 16-Aug-2022",America's grunts are faintest roars of a dying power
"20:35, 16-Aug-2022",At least 20 dead in Pakistan bus accident and fire
"11:40, 16-Aug-2022","20 dead, 6 injured in bus-oil tanker collision in Pakistan's Punjab"
"20:17, 16-Aug-2022",Biden to sign law on Tuesday making most EVs unqualified for U.S. tax credit
"20:13, 16-Aug-2022",CGTN Sports Talk: How competitive are Nuggets with full roster?
"20:37, 16-Aug-2022",China: Vessel's stopover at Sri Lanka follows international practice
"11:41, 16-Aug-2022",China urges fully implementing Yemen truce agreement
"19:25, 16-Aug-2022",China urges parties to stop fueling tensions on Korean Peninsula
"19:40, 16-Aug-2022","Chinese, Afghan media to hold TV forum on Afghanistan's post-war recovery"
"14:16, 16-Aug-2022",Concerns over monkeypox rise in U.S. as another school year begins
"22:21, 16-Aug-2022","Confirmed monkeypox cases in UK top 3,000"
"17:57, 16-Aug-2022","Djokovic, Murray to play in Davis Cup, Nadal misses group stage"
"21:46, 16-Aug-2022",Expert: New U.S. export controls cannot curb China's chip sector growth
"11:32, 16-Aug-2022",FIFA suspends Indian football federation over third-party influences
"21:54, 16-Aug-2022",Henry Kissinger warns U.S. against changing its one-China policy
"20:40, 16-Aug-2022",Hundreds attend anti-war demonstrations in Tokyo
"11:46, 16-Aug-2022","Indonesia at 'pinnacle of global leadership,' president says"
"23:03, 16-Aug-2022",Iran identifies first monkeypox case
"13:55, 16-Aug-2022",Nuclear deal hinges on U.S. decision after Iran responds to EU's draft: report
"19:54, 16-Aug-2022",Iraqi finance minister resigns
"08:44, 16-Aug-2022",Lula hits 44% voter support ahead of Brazilian election: poll
"19:34, 16-Aug-2022","Mbappe, Neymar meet with Campos to address penalty argument"
"18:04, 16-Aug-2022",Modi sets sights on making India a developed country by 2047
"12:35, 16-Aug-2022",Darwin Nunez suffers disastrous Liverpool home debut as Manchester United lie in wait
"20:54, 16-Aug-2022","Kenya's Odinga rejects poll results, vows to pursue 'legal options'"
"11:48, 16-Aug-2022",One dead after building collapses in Pakistan's Karachi 
"08:55, 16-Aug-2022","Pentagon: U.S., South Korea and Japan held missile defense exercise"
"18:16, 16-Aug-2022",Russia says military warehouse in Crimea damaged by 'sabotage'
"23:01, 16-Aug-2022",Germany's Scholz rejects 'apartheid' term to describe Middle East conflict
"22:49, 16-Aug-2022",Sri Lanka won't extend state of emergency
"11:47, 16-Aug-2022","Study: 'Extreme heat belt' to cover middle of U.S. by 2053, affecting 100 million people"
"17:24, 16-Aug-2022",Texas Rangers fire manager Chris Woodward for team's underperformance
"20:30, 16-Aug-2022","Highly toxic, radioactive waste moved from Japan's Fukushima to Hokkaido amid protests"
"22:34, 16-Aug-2022",Turkish air strike on Syria border post kills 11: monitor
"10:26, 16-Aug-2022",U.S. Justice Department opposes release of affidavit behind Trump raid
"18:36, 16-Aug-2022",U.S. conducts Minuteman III intercontinental ballistic missile test
"21:33, 16-Aug-2022",U.S. First Lady Jill Biden tests positive for COVID-19
"18:48, 16-Aug-2022",Xi Jinping sends condolences to Egyptian president over deadly church fire
"00:34, 13-Aug-2022",Fifth caravan of grain ships departs from Ukraine
"00:34, 13-Aug-2022",Hostage standoff at Lebanese bank ends after savings unfrozen
"01:39, 13-Aug-2022",Spain says gas pipeline to France possible in less than a year
"02:49, 14-Aug-2022","One killed, dozens injured as high winds cause stage collapse at Spain festival"
"00:50, 14-Aug-2022",UN peacekeeping rotations to resume in Mali from August 15
"00:12, 15-Aug-2022",Egypt's president directs authorities to respond to Giza church fire
"00:20, 15-Aug-2022",New Egyptian ministers take oath of office after major reshuffle
"00:32, 15-Aug-2022",Somali president appoints special envoy to EAC
"01:28, 15-Aug-2022",Tunisia foils 11 illegal immigration attempts
"01:00, 16-Aug-2022",Kenya's President-elect: Who is William Samoei Ruto?
"02:12, 16-Aug-2022",Nigeria's annual inflation rises to highest level in 17 years
"01:00, 16-Aug-2022",South Africa announces fourth case of monkeypox
"02:13, 16-Aug-2022","World leaders congratulate Kenya's president-elect, William Ruto"
"03:11, 17-Aug-2022",African leaders arrive in Kinshasa for SADC Summit
"02:29, 17-Aug-2022",Dissenting electoral Commissioners reaffirm rejection of Kenya election result
"03:14, 17-Aug-2022","Germany's electro, digital trade sees robust growth in H1"
"02:40, 17-Aug-2022",Kenya's Raila Odinga says presidential election results 'null and void'
"03:19, 17-Aug-2022",River Rhine's low water levels spark supply worries in Germany
"02:08, 17-Aug-2022",UN secures malaria vaccine supply with landmark deal
"21:28, 13-Aug-2022",Salman Rushdie 'likely to lose eye' after being attacked in New York 
"21:44, 16-Aug-2022",Finland to slash visas for Russian visitors by 90%
"21:34, 16-Aug-2022","Ukraine conflict – day 174: Putin calls Pelosi's Taiwan trip 'brazen demonstration of disrespect', fresh Crimea blasts"
"06:02, 13-Aug-2022",Afghanistan attempts to recover after decades of war
"05:37, 13-Aug-2022","FBI seeks espionage evidence against Trump, search warrant shows"
"00:30, 13-Aug-2022",New Consumer Price Index report reveals inflation slowed down in July
"04:34, 14-Aug-2022",Americans worry about retirement income amid inflation
"04:36, 14-Aug-2022",Childhood vaccine crisis in Venezuela 
"04:35, 14-Aug-2022",Indigenous leaders elevated to prominent positions in Colombia
"04:50, 14-Aug-2022",Median rent in the U.S. skyrockets to $2000 per month
"04:33, 14-Aug-2022",Thousand protest against the president in Brazil
"04:32, 14-Aug-2022",U.S. faces extreme heat and wildfire outbreaks
"06:26, 14-Aug-2022",Vaccine shortage puts Venezuela’s children at risk
"05:23, 15-Aug-2022",Heat becomes America’s top weather killer over the past 30 years
"04:19, 15-Aug-2022",What’s the cost of the U.S. delegation’s visit to China’s Taiwan? 
"05:58, 16-Aug-2022",Afghans reflect on year since Taliban’s return to power
"01:50, 16-Aug-2022",Colombia hosts first Flower Parade since Covid-19 pandemic
"05:57, 16-Aug-2022",Researchers excavate slave burials in Brazil
"04:32, 16-Aug-2022",US and Canada accuse Mexico of backing unfair energy prices
"02:50, 16-Aug-2022",What is sustainability? 
"06:30, 17-Aug-2022",All eyes on Alaska and Wyoming as anti-Trump Republicans face defeat
"05:42, 17-Aug-2022",Exodus from Manhattan as more NYC tourists look to Brooklyn
"05:43, 17-Aug-2022",New trash can design sees mixed reviews in San Francisco
"05:43, 17-Aug-2022",Non-alcoholic beverages gain popularity in the U.S.
"06:44, 17-Aug-2022",Sixth federal investigation opened into Peru's President Castillo 
