﻿"19:04, 29-Aug-2022","18 killed, 40 injured as flash floods hit Afghanistan's Kunar"
"22:24, 29-Aug-2022","Angolan ruling party MPLA, president win general election: official"
"22:06, 29-Aug-2022","2 killed, 19 injured in Baghdad clash"
"18:49, 29-Aug-2022",China urges U.S. not to be 'troublemaker for peace and stability of Taiwan Straits'
"19:30, 29-Aug-2022",Fire extinguished on passenger vessel off Sweden with 300 aboard
"22:42, 29-Aug-2022",Iraq declares comprehensive curfew in all governorates
"21:09, 29-Aug-2022","Iraqi, Iranian foreign ministers hold talks in Tehran"
"19:11, 29-Aug-2022",Survey: 79.6% of Afghans term U.S. war 'complete failure'
"22:05, 29-Aug-2022",Madagascar police kill 14 after albino kidnapping
"20:40, 29-Aug-2022",NASA scrubs Monday launch of Artemis 1 mission for moon exploration
"20:23, 29-Aug-2022",NASA's Artemis I mission launch for moon exploration is on hold
"22:49, 29-Aug-2022",U.S. intelligence officials conduct classification review of materials seized from Trump's home
"23:02, 29-Aug-2022","Putin, Pashinyan discuss implementation of agreements on Nagorno-Karabakh region"
"21:27, 29-Aug-2022",Volleyball: China take silver at AVC Cup for Women
"19:54, 29-Aug-2022",Xi Jinping sends condolences to Pakistani president over severe floods
"07:11, 30-Aug-2022","At least 30 killed, hundreds wounded in Baghdad clashes after al-Sadr quits"
"07:44, 30-Aug-2022","Madagascar police shooting leaves 19 dead, police say"
"20:20, 30-Aug-2022",75 dead in worsening Niger floods
"14:42, 30-Aug-2022",Angolan opposition to contest election results
"15:51, 30-Aug-2022",Armed clashes in Iraqi Green Zone cause injuries
"17:54, 30-Aug-2022",Bayern extend sporting director Hasan Salihamidzic's contract to 2026
"21:59, 30-Aug-2022",CGTN Sports Talk: Who is the best point guard of the young generation?
"21:43, 30-Aug-2022",China calls for concrete actions to U.S. on gun control 
"12:40, 30-Aug-2022",China's Y-20 aircraft to debut at international airshow in Europe
"16:22, 30-Aug-2022",China urges the U.S. to unfreeze Afghan assets
"13:08, 30-Aug-2022",China pledges 100m yuan emergency humanitarian assistance to flood-hit Pakistan
"18:03, 30-Aug-2022",Drought declared in SW England
"16:21, 30-Aug-2022",First batch of flood relief aid from China arrives in Pakistan
"20:20, 30-Aug-2022",Germany's annual CPI inflation rises to 7.9% in August
"21:07, 30-Aug-2022",Graphics: How will the U.S. chip act impact global chipmakers?
"07:21, 30-Aug-2022",IMF board approves $1.1 billion bailout for Pakistan
"18:21, 30-Aug-2022",Iraqi cleric al-Sadr apologizes to people for violence in country
"12:27, 30-Aug-2022",Man stabbed to death at Notting Hill Carnival in London
"19:53, 30-Aug-2022","RJ Barrett, Knicks finalize 4-year, $120-million contract extension"
"14:22, 30-Aug-2022",Road accident in Iran's Shushtar kills 13
"15:47, 30-Aug-2022",Solomon Islands suspends U.S. naval visits: U.S. embassy
"09:18, 30-Aug-2022","U.S. reports nearly 350,000 child COVID-19 cases in past 4 weeks"
"17:29, 30-Aug-2022",UN issues flash appeal for $160m to help Pakistan cope with floods 
"12:03, 30-Aug-2022",UN steps up flooding assistance to Pakistan
"10:21, 30-Aug-2022",Venezuelan president welcomes Colombia's new ambassador-designate
"19:52, 30-Aug-2022",WHO temporarily replaces Western Pacific chief accused of misconduct
"20:58, 30-Aug-2022",West Ham United acquire Lucas Paqueta for club record transfer fee
"17:33, 31-Aug-2022", Fighting spreads along borders of Ethiopia's Tigray region
"19:51, 31-Aug-2022",ADB approves $200 m loan for Sri Lanka food crisis
"14:45, 31-Aug-2022",Air strike hits capital of Ethiopia's Tigray region
"12:07, 31-Aug-2022",Biden approves Mississippi emergency declaration over water crisis
"15:28, 31-Aug-2022",China expresses condolences over Gorbachev's death
"18:42, 31-Aug-2022",Countries still face high COVID-19 infections amid relaxed measures 
"17:05, 31-Aug-2022","Eurozone inflation hits 9.1%, new record"
"21:17, 31-Aug-2022",3 dead in a car bomb explosion in Kabul
"07:14, 31-Aug-2022",Former Soviet leader Gorbachev dies at 91
"14:46, 31-Aug-2022",French GDP rises 0.5% in Q2
"16:55, 31-Aug-2022",IAEA visit to Zaporizhzhia NPP could improve the situation: Zakharova
"20:26, 31-Aug-2022",India's GDP jumps 13.5% in June quarter on pandemic rebound
"23:26, 31-Aug-2022",Nearly 100 cases of tomato flu reported in India
"22:03, 31-Aug-2022",One year after U.S. pullout: changes in Afghanistan and American sins
"23:19, 31-Aug-2022",Pen Path mobile school provides hope for Afghan children
"07:31, 31-Aug-2022","Senior U.S., Japan, ROK security officials to meet in Hawaii"
"20:02, 31-Aug-2022",Singapore Olympic swimming star Joseph Schooling suspended for taking cannabis
"20:54, 31-Aug-2022",Sri Lanka reaches a preliminary agreement with the IMF: Reuters
"09:57, 31-Aug-2022",Tonga extends national state of emergency
"18:12, 31-Aug-2022","Truck crash outside Indonesia school kills 10, including students"
"12:16, 31-Aug-2022",Trump team may have moved classified papers amid probe: U.S. Justice Department
"22:28, 31-Aug-2022",U.S. life expectancy dropped by nearly 3 years in 2020-2021
"16:10, 31-Aug-2022",U.S. military withdrawal and current situation in Afghanistan 
"07:43, 31-Aug-2022",UN Security Council renews Mali sanctions
"21:40, 31-Aug-2022",WHO to provide $10m support to Pakistan over deadly floods
"21:47, 31-Aug-2022","Xi Jinping calls for an open, shared services economy"
"14:36, 01-Sep-2022",Argentina reports one more death due to pneumonia of unknown origin
"13:07, 01-Sep-2022",Black Americans see racism as persistent challenge: survey
"13:08, 01-Sep-2022",California declares state of emergency to avoid power outages
"14:01, 01-Sep-2022",California governor urges residents to conserve electricity as grid struggles in heatwave
"16:07, 01-Sep-2022",China on OHCHR Xinjiang report: Not backed by mainstream of int'l community
"15:50, 01-Sep-2022",Ministry: China opposes U.S. 'abuse' of export control measures with latest chips ban
"16:26, 01-Sep-2022",4 killed in clashes in Iraq's Basra among Shiite rivals
"22:58, 01-Sep-2022",Customized Chinese high-speed trains arrive in Indonesia
"08:04, 01-Sep-2022","Death toll rises to 1,191 in Pakistan monsoon flooding"
"16:27, 01-Sep-2022","Ethiopia, Eritrea forces launch Tigray offensive: rebels"
"14:37, 01-Sep-2022",Floods in 10 Afghan provinces kill 200
"15:03, 01-Sep-2022",Former Malaysian PM's wife found guilty for bribery
"15:08, 01-Sep-2022","Helicopters, excavators perform rescue operation in northwest Pakistan"
"21:18, 01-Sep-2022",ICRC chief: 'Time to stop playing with fire' on Ukraine nuclear plant issue
"07:34, 01-Sep-2022",Israel launches missiles at targets inside Syria
"19:28, 01-Sep-2022",Japan's 'China threat' claim an excuse for military expansion: MOFA
"10:51, 01-Sep-2022",Japan's medical system at 'disaster level' amid COVID-19 surge
"22:37, 01-Sep-2022",Japanese Yen falls to 24-year low against U.S. dollar
"15:23, 01-Sep-2022",Pakistan's CPI skyrockets by 27.3% in August
"20:29, 01-Sep-2022",Poland to demand German reparations of $1.3 trillion for WWII losses
"07:16, 01-Sep-2022",South Korean economy grows 0.7% in Q2: BOK
"12:58, 01-Sep-2022",Sri Lanka reaches preliminary pact with IMF for $2.9 billion loan
"22:06, 01-Sep-2022",Vulnerable people suffer more as Americans ditch COVID-19 measures: The Guardian
"21:29, 01-Sep-2022",Trump settles with House committee in dispute over financial records
"21:24, 01-Sep-2022",World Athletics Indoor Championships Nanjing 2023 postponed
"14:41, 01-Sep-2022",Xi congratulates Tuimalealiifano on re-election as Samoa's head of state
"17:38, 02-Sep-2022",'Gun-free zones' reflect political gambling in the U.S.
"13:29, 02-Sep-2022",Aung San Suu Kyi sentenced to 3 years on poll fraud charges
"08:24, 02-Sep-2022",Biden targets 'extremist' Trump allies as democratic threat in fraught political moment
"16:59, 02-Sep-2022","Denver Broncos extend QB Wilson's contract by five years, $245 million"
"21:18, 02-Sep-2022",CGTN Sports Talk: What did Premier League clubs buy with their record transfer investments?
"15:23, 02-Sep-2022",COVID-19 leaving people more vulnerable to other diseases: FT
"16:59, 02-Sep-2022",At least 18 killed in explosion outside Afghan mosque
"17:35, 02-Sep-2022",Chart of the Day: Recurrent outbreaks of COVID-19 worldwide
"11:19, 02-Sep-2022",China's R&D spending intensity builds up in 2021: statistics
"19:05, 02-Sep-2022",Czech government survives no-confidence vote over energy prices
"20:29, 02-Sep-2022",Death toll from Sudan's floods rises to 105
"07:01, 02-Sep-2022","Death toll rises to over 1,200 in Pakistan monsoon flooding"
"07:19, 02-Sep-2022",Ex-cop gets 10 years prison for joining January 6 Capitol assault
"18:37, 02-Sep-2022",Experts: What will China win out of U.S. latest GPU chip ban?  
"20:34, 02-Sep-2022",G7 finance ministers agree to impose price cap on Russian oil
"06:58, 02-Sep-2022",Global COVID-19 cases surpass 600 million: WHO
"07:11, 02-Sep-2022",Iran sends 'constructive' response to U.S. proposals on nuclear deal: state media
"10:36, 02-Sep-2022",Man arrested for attempted shooting of Argentine VP Kirchner
"15:31, 02-Sep-2022",Myanmar jails former UK envoy for one year: AFP
"14:34, 02-Sep-2022",Shenzhou-14 astronauts complete first extravehicular activities
"07:21, 02-Sep-2022",South Korea's consumer price index registers at 5.7% in August
"14:47, 02-Sep-2022","South Korean won tops 1,360 to U.S. dollar for first time in 13 years"
"08:03, 02-Sep-2022",U.S. CDC recommends first updated COVID-19 booster
"10:04, 02-Sep-2022","U.S. Open: Zheng and Yuan win, four Chinese women into third round"
"23:04, 02-Sep-2022",U.S. court unseals more documents regarding FBI search of Trump's home
"20:32, 02-Sep-2022",U.S. unemployment rate increases to 3.7% in August
"13:33, 02-Sep-2022",UAE ambassador to China: We look forward to contributing to the success of CIFTIS
"15:37, 02-Sep-2022",What happens when COVID-19 control measures are eased?
"20:32, 02-Sep-2022",Will Cavaliers rise in the East after blockbuster trade for Mitchell?
"13:42, 02-Sep-2022",Williams sisters crash out of U.S. Open doubles
"07:39, 03-Sep-2022",Eight Colombian police killed in explosives attack
"07:38, 03-Sep-2022",Sri Lankan former president returns home
"00:19, 30-Aug-2022",Denmark says to boost green power supplies to rest of Europe
"00:41, 30-Aug-2022",Iraqi army declares nationwide curfew from 1600 GMT
"00:20, 30-Aug-2022",Kenya launches new roadmap to reinvigorate plastic recycling
"02:14, 30-Aug-2022","After engine snag, NASA's Artemis 1 Moon Mission launch possible on Friday"
"01:59, 30-Aug-2022","Ramaphosa appoints national council to advice South Africa on ""graft war"""
"01:00, 31-Aug-2022",Ghana launches AfCFTA hub to facilitate businesses
"01:01, 31-Aug-2022",Iran says won't accept IAEA's 'excessive' demands - media
"01:02, 31-Aug-2022",Sunniest summer in Germany since records began
"01:01, 31-Aug-2022",Zambia commemorates Africa Climate Week
"01:26, 01-Sep-2022","At least 50 killed in April by Malian army, ""foreign troops"": UN report"
"02:08, 01-Sep-2022","Biden, Israel's Lapid speak amid discussions on possible Iran nuclear deal"
"02:21, 01-Sep-2022",Ethiopian Airlines bucks regional trend with profit surge
"00:55, 01-Sep-2022",Scientists develop simple test to diagnose deadly African animal disease
"02:03, 01-Sep-2022",WHO says traditional medicine key to easing Africa's disease burden
"02:25, 01-Sep-2022","World monkeypox outbreak cases top 50,000: WHO"
"02:16, 02-Sep-2022",IAEA's Grossi says experts to stay at Ukraine nuclear plant
"02:43, 02-Sep-2022",Mozambique lifts mask mandates due to improved COVID-19 situation
"02:49, 02-Sep-2022",Over 40 pct of Americans believe civil war likely to happen in decade: poll
"02:39, 02-Sep-2022",Tanker refloated after running aground in Egypt's Suez Canal
"02:22, 02-Sep-2022",Zambian president says IMF approval of financing program mark of confidence
"01:22, 03-Sep-2022",EU to present €5 billion aid package to Ukraine next week
"01:21, 03-Sep-2022",Floods kill 56 in north Nigerian state
"01:21, 03-Sep-2022",Kenya's NCBA Group partnering with Huawei to rollout digital banking products
"01:21, 03-Sep-2022",Teenager electrocuted to death in Michigan after devastating storm
"01:21, 03-Sep-2022","Train-minibus collision kills 3, injures 10 in nothern Egypt"
"01:26, 31-Aug-2022","EU to complicate visa process for Russian tourists, stopping short of all-out ban"
"01:22, 02-Sep-2022",Alpine glacier melt: Negative records already before end of summer
"02:19, 02-Sep-2022",Spain introduces free rail passes to fight soaring inflation
"06:52, 30-Aug-2022",Untangling the Libyan Crisis as violence surges in the country
"06:31, 31-Aug-2022",Prices for electric vehicles continue to soar
"01:15, 01-Sep-2022","Afghanistan Special Report: Its people, its problems"
"03:44, 01-Sep-2022",Biden talks crime prevention in Pennsylvania
"04:06, 01-Sep-2022",Chile battles water crisis as constitution vote nears
"03:45, 01-Sep-2022",EV prices spiking as demand increases in the U.S.
"03:44, 01-Sep-2022",Urgent need for more EV charging stations in the U.S.
"03:44, 01-Sep-2022",Exhibits mark 48th anniversary of China-Brazil relations
"06:17, 01-Sep-2022",Is nuclear power coming back?
"05:41, 01-Sep-2022",Mississippi water crisis: How it got there
"06:08, 01-Sep-2022",Sean Callebs rides with The Taliban
"04:06, 01-Sep-2022",Water crisis in Mississippi
"01:20, 01-Sep-2022",Women’s Equality Day: A look at gender bias and sexism
"05:20, 02-Sep-2022",Americans divided over Biden’s student loan forgiveness plan
"05:20, 02-Sep-2022",Brazilian girls prepare for Street Child World Cup
"05:21, 02-Sep-2022","Over 100,000 people have gone missing in Mexico since 2007"
"05:20, 02-Sep-2022",Public school enrollment drops in many big U.S. cities
"05:21, 02-Sep-2022",Rugby program gives prisoners a second chance in Venezuela
"05:21, 02-Sep-2022",See how the meaning of “woke” has evolved in American culture
"05:23, 02-Sep-2022",U.S. math and reading scores plunge during COVID-19
"05:36, 03-Sep-2022", Flying Tigers
"06:29, 03-Sep-2022",Four-day school weeks
"06:29, 03-Sep-2022",Mexico’s president state of the union speech 
"07:11, 03-Sep-2022",The latest on COVID-19 in the U.S.  
