﻿"16:53, 25-May-2022",New Zealand hikes rates to six-year high to fight inflation
"13:18, 25-May-2022",Sri Lankan president appoints Ranil Wickremesinghe as finance minister
"13:53, 27-May-2022",10 militants killed in Indian-controlled Kashmir gunfights
"18:50, 27-May-2022","Domestic politics, region's attitude behind Blinken's China policy speech: experts"
"16:00, 27-May-2022",Chiefs QB Mahomes: Our offense will involve 'everybody' this season
"13:01, 27-May-2022",Ecotourism finance the protection of Gabon's silverback gorillas
"14:44, 27-May-2022",Finland confirms first case of monkeypox
"15:37, 27-May-2022",G7 reaches agreements on phasing out coal: report
"19:22, 27-May-2022","Huge fire breaks out at foam factory in Karachi, Pakistan"
"17:41, 27-May-2022",ICYMI: The week's quirky news from around the world
"16:33, 27-May-2022",Iran summons envoy to protest U.S. call for seizure of Iranian cargo
"15:03, 27-May-2022",Ligue 1 boss Labrune hits back La Liga attacks on Mbappe: unacceptable
"15:59, 27-May-2022",NBA West Finals on May 26: Warriors return to Finals after three years
"19:05, 27-May-2022",Seven Indian soldiers killed as vehicle falls into Shyok River
"18:55, 27-May-2022","Turkey wants action from Sweden, Finland before agreeing to NATO bids"
"20:31, 27-May-2022",U.S. Fed's preferred inflation gauge rises 4.9% in April
"16:14, 27-May-2022","U.S., Japan, ROK senior officials to discuss DPRK’s missile launches"
"22:29, 27-May-2022",U.S. issues new sanctions on DPRK individuals and entities
"14:56, 27-May-2022",U.S. remains suffocated by racism two years after Floyd's death: reports
"18:40, 27-May-2022",WHO senior official concerned over community spread of monkeypox
"19:57, 28-May-2022","2 children killed, 1 wounded in unexploded ordnance blast in Afghanistan"
"17:06, 28-May-2022","26 missing after boat capsizes off Sulawesi island, Indonesia mounts rescue operation"
"21:39, 28-May-2022",9 UN peacekeepers injured as car hits mine in Mali
"18:42, 28-May-2022",A brief look at NRA
"18:48, 28-May-2022",Alcaraz defeats Korda to reach last 16 in French Open
"09:35, 28-May-2022",Alcaraz youngest male player to reach French Open last 16 in 16 years
"10:42, 28-May-2022",Archaeologists discover ancient Mayan city on construction site
"07:05, 28-May-2022",Argentina confirms its first case of monkeypox
"16:43, 28-May-2022",Armed assailant attacks two police officers in Tehran
"08:28, 28-May-2022",China's chief epidemiologist Wu Zunyou recognized for health promotion by WHO
"23:09, 28-May-2022",Chinese Vice FM Ma Zhaoxu on UN human rights chief's visit to China
"22:09, 28-May-2022","Dozens killed, 4 seriously injured in attack in DR Congo"
"17:21, 28-May-2022",European business remains confident in long-term investment in China
"18:46, 28-May-2022",Expert: NRA spends millions lobbying GOP senators
"19:04, 28-May-2022","Fire breaks out in Pakistan's Islamabad house, leaves 2 injured"
"18:45, 28-May-2022",First case of monkeypox confirmed in Ireland
"10:55, 28-May-2022","Hamilton complains of 'bumpiest ever' Monaco track, McLaren to feature Senna logo permanently"
"16:17, 28-May-2022",Iran building collapse death toll jumps to 29
"09:25, 28-May-2022",Latin American bloc condemns exclusions from U.S.-hosted summit
"15:05, 28-May-2022",Los Angeles Lakers hire Darvin Ham as new head coach
"20:33, 28-May-2022","Over 30 dead, 7 injured in Nigeria's stampede"
"14:00, 28-May-2022",NBA East Finals on May 27: Butler takes series to Game 7 with 47 points
"07:28, 28-May-2022",Palestinian teen killed in clashes with Israeli soldiers in West Bank
"07:43, 28-May-2022","Police commander made 'wrong decision' during Texas school shooting, official says"
"11:53, 28-May-2022","Anti-gun protesters gather outside NRA convention in Texas, but speakers reject new gun laws"
"18:43, 28-May-2022","ROK claims sovereignty over disputed Islets, Japan remains silent"
"12:35, 28-May-2022",Real Madrid one step away from immortality as treble-chasing Liverpool await in Paris
"10:26, 28-May-2022","U.S., ROK and Japan condemn DPRK's recent missile launches"
"09:33, 28-May-2022",U.S. agency looking into Musk's Twitter stake purchase
"18:47, 28-May-2022",U.S. imposes sanctions on individuals and entities linked to the DPRK
"14:25, 28-May-2022",Vanuatu declares climate emergency
"22:01, 28-May-2022",Zheng Qinwen beats Alize Cornet to reach French Open Round of 16
"21:22, 29-May-2022","29 killed, 38 missing in building collapse in Iran's Abadan"
"07:25, 29-May-2022",37 dead after heavy rainfall in Brazil's northeast 
"20:55, 29-May-2022",At least 15 Palestinians injured by Israeli forces in Jerusalem
"13:56, 29-May-2022","8 killed, 20 injured after bus rams into tree in Bangladesh"
"11:57, 29-May-2022",Search on for 8 missing crew members after ship collision in Philippines
"20:41, 29-May-2022",AU chief 'gravely concerned' by tensions between Rwanda and DR Congo
"15:52, 29-May-2022",At least 6 dead in bus accident in South Africa's Heidelberg
"22:38, 29-May-2022",At least 6 injured in Tennessee shooting: report
"10:51, 29-May-2022","Athletics: Bromell, Thompson-Herah bag 100m wins in Eugene"
"23:06, 29-May-2022",Biden travels to Texas after deadly school shooting
"18:33, 29-May-2022",CGTN's exclusive interview with Palme d'Or award-winning director 
"17:16, 29-May-2022","China, a priority that could not be prioritized"
"17:47, 29-May-2022",Chinese Foreign Minister Wang Yi to meet his Fijian counterpart
"13:00, 29-May-2022",EU spares pipeline oil from Russian embargo plan: Bloomberg
"15:43, 29-May-2022",Death toll rises to 3 in Baghdad restaurant collapse
"07:56, 29-May-2022",Former Albanian President Bujar Nishani dies 
"16:54, 29-May-2022","Global calendar: Wang Yi's Pacific Islands visit, EU extraordinary summit"
"17:17, 29-May-2022",Infocus: What is Biden's Indo-Pacific Economic Framework?
"22:42, 29-May-2022",Iran unveils underground drone base
"15:34, 29-May-2022",M5.4 quake hits off coast of Japan's Ibaraki Prefecture: JMA
"10:26, 29-May-2022",Mexico confirms its first known monkeypox case
"17:39, 29-May-2022",MotoGP legend Valentino Rossi's iconic No. 46 retires 
"19:50, 29-May-2022",Nepal Army chopper locates possible accident site of missing jet: report
"20:56, 29-May-2022",Polls open in Colombian presidential election
"07:08, 29-May-2022",Real Madrid beat Liverpool to win 14th Champions League title
"13:24, 29-May-2022",Passenger jet carrying 22 people missing in Nepal
"22:10, 29-May-2022","Sri Lanka PM proposes to make president, cabinet answerable to parliament"
"18:34, 29-May-2022",U.S. VP Harris calls for assault weapons ban and background checks
"17:35, 29-May-2022",U.S. doctors reconsider Pfizer's COVID-19 drug for lower-risk patients
"18:39, 29-May-2022",U.S. trade war on China shows ineffective and failure signs
"15:30, 29-May-2022",What is China's actual human rights record in the global context?
"09:13, 30-May-2022", Colombian election: Leftist Petro to face businessman Hernandez in 2nd round
"22:45, 30-May-2022",'Jerusalem Day' parade leads to Israeli-Palestinian clashes 
"13:11, 30-May-2022",16 bodies retrieved from Nepal plane crash site: aviation authority
"07:28, 30-May-2022",16 injured in stampede at New York amid shooting scare
"18:39, 30-May-2022",Bodies of all 22 people on board found at Nepal plane crash site: report
"14:28, 30-May-2022",3 injured as car explodes in Ukraine’s Melitopol
"19:33, 30-May-2022",Around 100 people dead in clashes between gold miners in Chad
"16:08, 30-May-2022",Coach Kenzhu thanks EDG for practice with RNG after winning MSI 2022
"07:12, 30-May-2022",Colombia leftist Petro goes to second round with businessman Hernandez
"13:27, 30-May-2022",Crowd chants 'do something' as Biden visits Uvalde to console grieving families 
"07:24, 30-May-2022","Death toll in Brazilian floods rises to 57, thousands displaced"
"10:36, 30-May-2022",Former European champions Nottingham Forest end 23-year wait for Premier League return
"20:18, 30-May-2022",Germany's inflation accelerates to 7.9% in May
"10:41, 30-May-2022",Germany to change constitution to enable $110 billion defense fund
"22:55, 30-May-2022",Iran's enriched uranium stockpile 18 times over 2015 deal limit: IAEA
"13:10, 30-May-2022","Iran seizes vessel carrying smuggled fuel, arrests crew: report"
"16:55, 30-May-2022",Israel and UAE to sign free trade agreement
"16:12, 30-May-2022","Israel working with U.S., Gulf states to normalize ties with Saudi Arabia"
"07:45, 30-May-2022","Israelis take to streets, skirmishes erupt in Al-Aqsa mosque"
"08:46, 30-May-2022",Lavrov: 'Liberating' Donbas is 'unconditional priority' for Russia
"15:00, 30-May-2022",Man disguised as woman throws cake at Mona Lisa: report
"10:10, 30-May-2022",Nepali army finds wreckage of missing plane
"14:09, 30-May-2022",NBA East Finals on May 29: Celtics beat Heat to play 22nd Finals
"21:40, 30-May-2022",Northern Ireland fails to elect assembly speaker for second time
"11:28, 30-May-2022",Palestinian presidency rejects Israeli PM's remarks on Jerusalem
"09:51, 30-May-2022",Peter Dutton elected new leader of Australia's Liberal Party
"16:36, 30-May-2022","Ralf Rangnick won't stay as consultant, Manchester United announce"
"10:01, 30-May-2022",Real Madrid parade with 14th European Cup crown
"21:54, 30-May-2022",CGTN exclusive with Russian finance minister: Russia doesn't regulate ruble's exchange rate
"16:11, 30-May-2022","Seven Continents, One Home: Jaú National Park in Brazil"
"10:50, 30-May-2022",Sporting moments of the week (May 23-29)
"07:32, 30-May-2022",Sudan lifts state of emergency countrywide
"12:52, 30-May-2022",The warmonger's legacy: 'Policeman of the world' or 'enemy of peace'?
"19:49, 30-May-2022","Turkey, EU to hold senior-level political dialogue on Tuesday"
"20:24, 30-May-2022",U.S. FDA probe into organic strawberries for Hepatitis A outbreak 
"19:52, 30-May-2022",Former Ukrainian President Poroshenko leaves country for political meeting
"07:59, 30-May-2022",WHO: Monkeypox poses 'moderate risk' to global public health
"14:10, 30-May-2022","What is behind India's ban on wheat, sugar exports?"
"07:48, 31-May-2022",15 injured after coal mine explosion in Colombia's Norte de Santander
"07:13, 31-May-2022",Abramovich completes Chelsea sale to Boehly-Clearlake consortium
"09:39, 31-May-2022",Australian PM Anthony Albanese secures majority government
"10:36, 31-May-2022","Cooperation between China, Pacific island countries remains firm: Wang Yi"
"07:37, 31-May-2022",Death toll rises to 91 in Brazil heavy rains
"07:00, 31-May-2022",EU agrees to ban over two-thirds of Russian oil imports
"07:30, 31-May-2022",Rockets hit U.S. airbase in western Iraq
"10:49, 31-May-2022","WHO: Monkeypox won't turn into a pandemic, but many unknowns"
"10:00, 31-May-2022","Wang Yi urges U.S. to abandon Cold War mentality, manage differences"
"02:16, 25-May-2022",Hungary's PM Viktor Orban imposes new state of emergency
"01:43, 26-May-2022","Blast tears through Kabul mosque, killing at least 5"
"01:03, 28-May-2022",Attempts to blame Russia for grain shipping trouble 'groundless': Putin
"02:01, 28-May-2022",Iran seizes two Greek tankers in Gulf
"03:12, 28-May-2022",NRA opens gun convention in Texas after school massacre
"02:09, 28-May-2022","Resurgent east Congo violence displaces 72,000 in one week"
"02:43, 28-May-2022",Turkey keeps reservations over Nordics' NATO bids
"02:51, 29-May-2022",At least 25 dead following heavy rains in Brazil
"02:07, 29-May-2022",DR Congo suspends Rwanda's national carrier from its airspace 
"01:42, 29-May-2022","Putin, Macron, Scholz to continue contacts by phone: Kremlin spokesman"
"02:17, 29-May-2022","Remains of 9,000 Rwanda genocide victims get decent burial in Kigali"
"02:11, 29-May-2022",Tunisian court bans travel for 34 among them Islamist party chief
"01:25, 29-May-2022",Ukrainian FM: Sanctions on Russia have 'no connection' to global food crisis
"02:09, 30-May-2022",EU states fail to reach deal on Russian oil embargo
"02:04, 30-May-2022",Kenyan President urges residents to remain cautious of COVID-19
"01:52, 30-May-2022",Sierra Leone President begins 5-day visit of Kenya
"02:52, 30-May-2022",U.S. Justice Department to review response to Texas school shooting
"03:27, 31-May-2022",EU donates 5 mln euros to provide food assistance in Burkina Faso
"03:13, 31-May-2022",Egyptian president discusses Ukraine conflict with Polish counterpart
"03:30, 31-May-2022",Hanover Messe welcomes more exhibitors from China: trade fair chief
"03:34, 31-May-2022","Kenya, Sierra Leone sign seven bilateral agreements"
"03:39, 31-May-2022",KwaZulu-Natal's post-floods infrastructural recovery to cost over $1.6 billion
"02:25, 27-May-2022",The Spanish ports expediting Europe's bilateral trade with China
"01:17, 31-May-2022",Mona Lisa's smile unbroken after climate protester's cake attack
"00:23, 31-May-2022",Northern Ireland political crisis deepens as DUP blocks working government
"23:34, 27-May-2022",Chinese Ambassador to the U.S. Qin Gang reassured that China’s opening-up policy is unchanged
"23:34, 27-May-2022",Chinese Ambassador to the U.S. Qin Gang said China-U.S. relationship should be win-win cooperation
"23:35, 27-May-2022",Chinese Ambassador to the U.S. Qin Gang answered how U.S. companies can do business in China
"23:27, 27-May-2022","Chinese Ambassador to the U.S. travels to Indiana, meets Governor "
"03:55, 28-May-2022",A California startup develops technology to communicate with plants
"04:35, 28-May-2022",A local public library helps Uvalde families after the school shooting
"03:55, 28-May-2022",Colombia's next president faces economic challenges   
"05:35, 28-May-2022",High inflation and material shortages fuel food insecurity in Mexico 
"05:20, 28-May-2022",Lithium mining in the U.S. 
"06:22, 28-May-2022",Venezuela's government and the opposition to meet again
"05:45, 29-May-2022",9-year-old Uvalde school shooting survivor shares her story 
"04:09, 29-May-2022",German judges visit Peru glacial lake to examine a climate lawsuit
"05:45, 29-May-2022",Key presidential election candidates in Colombia
"04:10, 29-May-2022",Latin American and Caribbean leaders discuss regional issues in Havana
"01:01, 29-May-2022",Personalizing old motorcycles in Venezuela adds vintage touch
"04:00, 29-May-2022",Tso'l Food: Chop Suey
"04:45, 30-May-2022",Mexico City working to improve cycling infrastructure 
"04:56, 30-May-2022",Personalizing old motorcycles in Venezuela  
"02:28, 30-May-2022",Venezuela ready to resume talks with U.S. for easing sanction
"07:03, 31-May-2022",Check out the 700-meter-long (.4 mile) dragon boat
"03:41, 31-May-2022",Colombian presidential election head to runoff
"03:44, 31-May-2022","NRA blames “evil,” not guns for massacre in Uvalde"
