﻿"07:32, 09-Jun-2022",Death toll rises to 40 in church attack in Nigeria
"07:28, 09-Jun-2022",Iran says response to IAEA's resolution is 'firm and proportionate'
"08:49, 11-Jun-2022",Australia reaches settlement with France over scrapped submarine deal
"14:43, 12-Jun-2022","'Enough is enough': Tens of thousands rally against gun violence in capital, across U.S."
"22:36, 12-Jun-2022",China opposes using competition to define China-U.S. relations
"15:57, 12-Jun-2022",China's Zeng Fanbo ready to join an NBA team
"23:35, 12-Jun-2022",China's development is not a threat to others
"23:26, 12-Jun-2022",Chinese defense minister: China will fight to stop Taiwan independence
"16:05, 12-Jun-2022",Expert warns U.S. may face COVID-19 testing supply shortage
"16:09, 12-Jun-2022",Father on Son Heung-min: He's not a world class player yet
"16:49, 12-Jun-2022",Fire breaks out at restaurant in Baghdad
"17:08, 12-Jun-2022",Heatwave sweeping across U.S. sets record highs
"14:27, 12-Jun-2022",Iran claims Mahan Air Boeing 747 seized in Argentina
"15:27, 12-Jun-2022",Japan's 'vision for peace' is unworthy of its name
"14:00, 12-Jun-2022",Polls open for first round of French legislative elections
"20:47, 12-Jun-2022","DPRK fires multiple projectiles, ROK joint chiefs say"
"16:33, 12-Jun-2022","Global Political Calendar: SPIEF to open in Russia, Jan. 6 Committee public hearings to continue"
"17:05, 12-Jun-2022",Sanctions push Russian space agency to demand payment in rubles
"11:22, 12-Jun-2022",Sri Lankan PM says he's open to Russian oil: AP
"22:28, 12-Jun-2022",Two airport workers killed in Afghanistan's bus ambush: official
"22:48, 12-Jun-2022",U.S. 'Indo-Pacific strategy' creates conflict and confrontation
"22:38, 12-Jun-2022",U.S. buys more monkeypox vaccines as global case count grows
"17:07, 12-Jun-2022",U.S. gas price reaches $5 a gallon for first time
"23:44, 12-Jun-2022",U.S. think tank sees China's tech as 'scary.' That's not healthy
"16:20, 12-Jun-2022","UK's new Northern Ireland trade rules will not break law, minister says"
"19:01, 12-Jun-2022","WTO chief seeks one or two deals, warns road will be rocky"
"21:12, 12-Jun-2022","China's commerce minister: WTO reform should promote globalization, benefit all members"
"14:07, 12-Jun-2022",UFC 275: Joanna Jędrzejczyk retires following KO loss to Zhang Weili
"16:58, 12-Jun-2022",Zion Williamson reiterates desire to stay at New Orleans Pelicans
"10:33, 13-Jun-2022","2 killed, 4 wounded in nightclub shooting in Indiana, U.S."
"22:05, 13-Jun-2022",At least 100 killed in Burkina Faso attack over weekend: Reuters
"07:08, 13-Jun-2022",At least 8 killed in Mali attack
"17:01, 13-Jun-2022",Australia's new arc of diplomacy
"14:28, 13-Jun-2022",Baghdad International Airport resumes flights after suspension due to dust storm
"17:50, 13-Jun-2022","Battle intensifies in Severodonestsk, E Ukraine's Donbas region"
"07:49, 13-Jun-2022","Biden to travel to Saudi Arabia, Israel next month"
"07:54, 13-Jun-2022",Biden urges quick action after U.S. senators reach bipartisan gun control deal
"16:49, 13-Jun-2022","China, Panama vow to boost cooperation on 5th anniversary of diplomatic ties"
"21:10, 13-Jun-2022",Clashes in Sudan's Darfur kill more than 100: tribal leader
"09:10, 13-Jun-2022",Yen slides to weakest point against dollar since February 2002
"15:43, 13-Jun-2022",Britain urges EU to change post-Brexit trade rules with N. Ireland
"18:34, 13-Jun-2022",Expert: Security in Europe faces significant changes
"11:40, 13-Jun-2022","F1 Azerbaijan GP: Red Bull claim one-two finish, China's Zhou retires "
"22:29, 13-Jun-2022","Finding True America: Why is gun violence a vicious, unending cycle? "
"19:08, 13-Jun-2022","France, EU have entered 'war economy,' says Macron"
"12:39, 13-Jun-2022",Indian rupee slips to record low against U.S. dollar
"20:09, 13-Jun-2022",Israel urges citizens to leave Turkey immediately over Iran attack threat
"20:49, 13-Jun-2022",Meet the first and only Chinese principal dancer at New York City Ballet
"15:04, 13-Jun-2022",Myanmar kids get first jab of China's Sinopharm COVID-19 vaccine
"12:05, 13-Jun-2022",NASA loses two hurricane monitoring satellites on launch
"15:36, 13-Jun-2022","Pakistani, Turkmen, Armenian leaders to visit Iran: spokesperson"
"11:20, 13-Jun-2022",Ronaldo-less Portugal sunk by Swiss as Seferovic nets fastest goal in Nations League history
"23:01, 13-Jun-2022",Romania detects its 1st case of monkeypox
"22:00, 13-Jun-2022",Trump aides tell Jan. 6 panel he ignored their doubts over vote fraud
"22:04, 13-Jun-2022",U.S. stocks plunge in early trading amid rising inflation
"14:14, 13-Jun-2022",UK slowdown fears mount as GDP's unexpected shrink in April
"16:00, 13-Jun-2022",UN Human Rights Council starts 50th regular session
"17:12, 13-Jun-2022",UN rights chief Michelle Bachelet won't seek 2nd term
"07:52, 13-Jun-2022",Venezuela confirms first case of monkeypox
"21:59, 13-Jun-2022",Wang Yi: China-New Zealand relations are 'maturing and resilient'
"09:58, 14-Jun-2022","104 more cases of monkeypox found in England, mostly in men"
"08:39, 14-Jun-2022",At least 15 killed in mudslides caused by heavy rains in Guatemala
"15:18, 14-Jun-2022",Australia forward Duke: 'Best feeling in the world' to head to Qatar 
"08:30, 14-Jun-2022",Australia win sudden death battle with Peru for World Cup place
"14:51, 14-Jun-2022",Baby formula mess continues in U.S. as FDA admits nine fatalities
"14:51, 14-Jun-2022",Belarus prepares to apply for SCO membership
"08:53, 14-Jun-2022",Biden extends U.S. sanctions against Belarusian authorities by one year
"20:15, 14-Jun-2022",Biden to travel to the Middle East in July: White House
"21:48, 14-Jun-2022",Bond market storm eases a touch but bears still on prowl
"13:57, 14-Jun-2022",Can good sense prevail at WTO's 12th Ministerial Conference?
"07:24, 14-Jun-2022",Over 110 injured in factory blast in southern Iran
"08:33, 14-Jun-2022",EU agency sees risk of COVID-19 deaths rising as Omicron subvariants spread
"17:36, 14-Jun-2022","EU signs deal to buy 110,000 monkeypox vaccines"
"10:58, 14-Jun-2022",Title holders France struggle to restore former glory as Qatar World Cup looms
"22:02, 14-Jun-2022",Finding True America: Mixed feelings on guns amid increasing sales
"14:33, 14-Jun-2022",First flight to Rwanda set to depart from UK today: foreign secretary
"17:15, 14-Jun-2022",Greece frees seized Iranian tanker ship: report
"18:54, 14-Jun-2022","Inflation in Finland climbs to 7% during May, highest in 30 years"
"12:38, 14-Jun-2022","One killed after Kyrgyz, Tajik border guards exchange fire"
"17:21, 14-Jun-2022",Li Yueru on more Chinese players joining WNBA: It's a recognition
"15:51, 14-Jun-2022",McDonald's Russia rebranding shows dicey nature of multinationals
"15:59, 14-Jun-2022",Melvin Gordon III will battle to be top RB in Denver Broncos
"14:23, 14-Jun-2022","NBA Finals on June 13: GSW win Game 5, lead for 1st time in series"
"22:07, 14-Jun-2022","Negotiation, diplomacy best way to reach agreement: Iranian FM"
"09:01, 14-Jun-2022",Exclusive Stringer Dispatch: New Yorkers rally to demand end to gun violence 
"10:21, 14-Jun-2022",S&P 500 confirms bear market as recession worry grows
"13:15, 14-Jun-2022",Second largest supermoon of the year to dazzle the sky 
"18:38, 14-Jun-2022","Sweden's inflation rises 7.2% in May, highest annual gain since 1991"
"16:15, 14-Jun-2022",Train derails in SW Pakistan
"20:35, 14-Jun-2022",U.S. PPI up 10.8% year on year in May
"09:58, 14-Jun-2022",U.S. Senate to take up gun bill as soon as possible: Schumer
"18:00, 14-Jun-2022",WFP forced to suspend food aid to South Sudan
"22:41, 14-Jun-2022",WHO to assess if monkeypox an international health emergency
"11:38, 14-Jun-2022",WTO chief warns of food crisis due to Russia-Ukraine conflict
"11:13, 14-Jun-2022",Yellowstone National Park closed due to 'unprecedented' rainfall and flooding
"10:49, 15-Jun-2022",10 gunmen killed in shootout with Mexican police
"19:01, 15-Jun-2022",2021-22 NBA review: Should Miami Heat continue their risky betting?
"22:21, 15-Jun-2022",Gone are the days when Western countries rode roughshod over developing countries: Chinese Foreign Ministry
"07:40, 15-Jun-2022",8 gendarmes killed in Niger attack
"18:15, 15-Jun-2022",At least 1 killed in Turkish airstrikes on Iraq's Sinjar: Reuters
"20:13, 15-Jun-2022",Britain's Rwanda deportation policy is 'morally reprehensible'
"15:29, 15-Jun-2022",Cardinals coach Kingsbury wants QB Murray's contract issue solved soon
"13:41, 15-Jun-2022",Swiss air space is 'open again': air traffic control
"09:31, 15-Jun-2022",Costa Rica book place at World Cup finals after playoff win
"14:39, 15-Jun-2022",ECB calls surprise meeting Wednesday as inflation soars
"20:50, 15-Jun-2022",ECB to devise new tool to help indebted eurozone members
"17:57, 15-Jun-2022",EU court annuls Qualcomm's billion-euro antitrust fine
"17:15, 15-Jun-2022",UK govt says 'disappointed' at legal steps launched by EU
"14:36, 15-Jun-2022",Eight dead in Iran's birthday party fire: state media
"22:06, 15-Jun-2022",Fed seen revving up inflation fight with sharp rate hike
"23:35, 15-Jun-2022",Finding True America: The myth of racial equality
"15:57, 15-Jun-2022","EU, Israel and Egypt sign natural gas export deal"
"13:52, 15-Jun-2022",Japan to hold upper house election next month
"13:37, 15-Jun-2022",Japan to miss first meeting of states parties to nuclear weapons ban treaty: Kyodo
"14:25, 15-Jun-2022","Japanese, Australian defense ministers meet in Tokyo "
"17:24, 15-Jun-2022",Kishida says to become first Japanese PM to attend NATO summit
"10:46, 15-Jun-2022","Nations League: Hungary beat England 4-0, Germany win Italy"
"10:37, 15-Jun-2022",69 countries oppose interference in China's internal affairs at UN human rights session
"09:58, 15-Jun-2022","Omicron sub-variants BA.4, BA.5 account for 21% of COVID variants in U.S.: CDC"
"22:52, 15-Jun-2022",Senior Chinese official chairs BRICS security meeting
"14:30, 15-Jun-2022",St. Petersburg Int'l Economic Forum opens in Russia 
"14:14, 15-Jun-2022",Tchouameni reveals Mbappe tried to persuade him to join PSG
"07:05, 15-Jun-2022",UK migrant flight to Rwanda grounded as European Court steps in
"17:56, 15-Jun-2022",UK plans new flight for asylum seekers to Rwanda after cancellation
"20:04, 15-Jun-2022",UK's Home Secretary says govt 'remains committed' to Rwanda policy
"08:07, 15-Jun-2022","UN rights body should serve as platform for cooperation, dialogue: Chinese envoy"
"18:03, 15-Jun-2022",WTO talks extended into fifth day in bid to seal deals
"18:47, 15-Jun-2022","Xi, Putin hold phone talks"
"18:46, 15-Jun-2022",Xi Jinping stresses firm adherence to China's path of human rights development
"07:09, 16-Jun-2022","Fed hikes US interest rate by 0.75 percentage, biggest since 1994"
"01:15, 09-Jun-2022",Five soldiers killed in separatist attack in Cameroon's West region
"23:50, 13-Jun-2022",Canadian PM Trudeau tests positive for COVID-19
"02:46, 13-Jun-2022",Gun reform deal reached by U.S. senators with key Republican backing
"02:12, 14-Jun-2022",EU threatens legal action over UK's N.Ireland trade bill
"02:42, 14-Jun-2022",Kevin Spacey due in London court on Thursday: police
"01:22, 14-Jun-2022","U.S. Stocks sink again, as S&P 500 enters 'Bear Market'"
"00:18, 14-Jun-2022",UK Court of Appeal says flight to take migrants to Rwanda can go ahead
"01:23, 14-Jun-2022",UK introduces bill to change post-Brexit trade in N.Ireland
"03:03, 15-Jun-2022",Iran says it is negotiating nuclear talks with U.S. through EU envoy
"00:57, 15-Jun-2022",Jan. 6 committee postpones Wednesday hearing
"00:17, 15-Jun-2022",WFP suspends food aid in South Sudan amid shortage of funds
"01:58, 16-Jun-2022","Cairo deal: Israel to export natural gas, via Egypt, to Europe"
"01:57, 16-Jun-2022",Ethiopian PM dispels rumors of secret peace talks with TPLF officials
"01:59, 16-Jun-2022",Organized meat poaching a big concern in Namibia: Minister
"02:15, 16-Jun-2022","Russian, South African presidents discuss food security: Kremlin"
"01:59, 16-Jun-2022",The U.S. Federal Reserve mulls huge rate hike to combat price surge
"02:40, 16-Jun-2022","U.S. Federal Reserve raise rates by 0.75 percentage point, largest increase in 28 years"
"02:06, 16-Jun-2022",UN allocates 16 million USD to expand support for the needy in Lebanon
"21:09, 13-Jun-2022",NATO chief backs Turkey's security concerns as Sweden's ascension to the alliance stutters
"23:26, 13-Jun-2022",UK's Rwanda immigration policy: What is it and why the controversy?
"19:50, 13-Jun-2022","Ukraine conflict day 110: Troops told 'surrender or die,' Wikipedia appeals disinformation fine"
"21:34, 14-Jun-2022","Wealthy nations, rushing to extract fossil fuels, are 'delusional,' says UN chief "
"04:38, 13-Jun-2022",British ​journalist and Brazilian expert missing in Amazon
"05:41, 13-Jun-2022",Countries at Summit of the Americas pass measures to manage migration
"07:09, 13-Jun-2022",Inflation is causing 'shrinkflation'
"04:35, 13-Jun-2022",New report gives Brazil low scores on sustainability
"06:29, 14-Jun-2022",A U.S. table tennis tour honors the legacy of Ping Pong Diplomacy
"06:25, 14-Jun-2022",Bolivia's Lord of the Great Power Festival returns
"06:25, 14-Jun-2022",Central U.S. heatwave tests Texas power grid
"06:28, 14-Jun-2022",U.S. drops COVID-19 testing requirement for international travelers
"03:34, 15-Jun-2022",Cities across the globe roast under worsening heatwaves 
"05:25, 15-Jun-2022",Civilians shelter in chemical factory as fight over Donbas rages
"01:02, 15-Jun-2022",El Salvador’s hardline abortion ban cause major societal issues
"04:49, 15-Jun-2022",Indigenous group blocks roads in Ecuador to protest Lasso's policies 
"04:26, 15-Jun-2022",Protests continue in India over incendiary remarks by BJP officials 
"03:30, 15-Jun-2022",U.S. officials look to rein in rampant inflation
"02:15, 15-Jun-2022",U.S. sends new round of weapons to Ukraine
"06:34, 15-Jun-2022",What we've learned from the January 6 Congressional inquiry 
"03:04, 16-Jun-2022",Austin approves guaranteed income program
"06:18, 16-Jun-2022",CGTN America wins a record 22 Telly Awards
"06:42, 16-Jun-2022",Can gun manufacturers be held liable for mass shootings in the U.S.?
"03:04, 16-Jun-2022",Challenges for the return migration in El Salvador
"05:15, 16-Jun-2022",DACA Anniversary: Citizenship path for “Dreamers” remains in peril decade after executive order
"06:50, 16-Jun-2022",DC honors slain journalist with street outside Embassy of Saudi Arabia
"01:50, 16-Jun-2022",Indigenous leader released from custody as Ecuador protests continue 
"06:17, 16-Jun-2022",Parts of Yellowstone National Park to remain closed for rest of year
"06:24, 16-Jun-2022",Study shows 80% children in Gaza suffer from an increase in depression
"06:36, 16-Jun-2022",What do we know about the White nationalist group Patriot Front?
