﻿"23:05, 28-Jun-2022",China unveils major sci-tech issues for 2022
"21:43, 29-Jun-2022",Analyst: Integration with other cities in Greater Bay Area to benefit more
"21:48, 29-Jun-2022","Analyst: With the ease of pandemic, business to return to normal"
"16:06, 29-Jun-2022",British member of Hong Kong police says city always bounces back from challenges
"09:57, 29-Jun-2022","China gears up to tackle annual floods, droughts"
"12:14, 29-Jun-2022",China's Mars probe Tianwen-1 completes mission
"08:41, 29-Jun-2022",China's civil aviation sector recovery accelerates in June
"16:54, 29-Jun-2022",China slams U.S. for putting 5 Chinese firms on trade blacklist
"11:55, 29-Jun-2022",Chinese embassy opposes latest U.S. trade blacklist on Chinese firms
"09:14, 29-Jun-2022",Chinese mainland records 24 new confirmed COVID-19 cases
"21:16, 29-Jun-2022",Chinese shipping giant reflects on sea change since 1997 handover   
"21:10, 29-Jun-2022",Christie's: Asia Pacific collectors add to strong global demand for art despite pandemic
"23:27, 29-Jun-2022",Startup story: Director Li to serve as 'messenger' between Hong Kong and Chinese mainland
"20:52, 29-Jun-2022",Expert: The 'Whole-process people's democracy' reflects people's will
"21:36, 29-Jun-2022",The first Suezmax LNG dual fuelled crude oil tanker delivered in China
"21:57, 29-Jun-2022","Greater Bay Area, an important national development strategy for China"
"21:07, 29-Jun-2022",Guangzhou hires Hong Kong youths for government roles
"21:55, 29-Jun-2022","Hong Kong Secretary for Justice: City has been successful as intl. law, arbitration center"
"21:17, 29-Jun-2022",HK local govt. offers Funding Scheme for Youth Entrepreneurship
"21:56, 29-Jun-2022",HKSAR official hails city's role as international arbitration center
"12:51, 29-Jun-2022",Macao SAR chief executive to attend Hong Kong's 25th anniversary celebrations
"09:22, 29-Jun-2022",Hong Kong 25 years on: Better integrating into national development
"12:52, 29-Jun-2022",New batch of China-donated earthquake relief supplies arrives in Kabul
"15:28, 29-Jun-2022",People's congress system ensures practice of whole-process people's democracy
"22:00, 29-Jun-2022","Senior Chinese diplomat visits Pakistan, UAE, Zimbabwe and Mozambique"
"21:34, 29-Jun-2022",Shanghai resumes cross-provincial commute
"20:52, 29-Jun-2022","Small county offers incentives to support employers, create more jobs"
"15:21, 29-Jun-2022",Summer ushers in positive signals for tourism market recovery
"22:54, 29-Jun-2022",This is Hong Kong: Big Bun - A good deal that gained traction
"23:06, 29-Jun-2022","Trailer:  'The Call of the Plateau': Volunteer wardens protect black-necked cranes, the sacred bird on the Plateau"
"14:51, 29-Jun-2022","Xi Jinping inspects Wuhan, stresses China's self-reliance in science, technology"
"23:29, 30-Jun-2022","A hip-hop ode to Hong Kong's 'Lion Rock' spirit, 25th anniversary of city's return to China"
"21:56, 30-Jun-2022",Bauhinia and Lotus Series | Episode 6: Island microcosm
"13:22, 30-Jun-2022",CPC official hails Party's fight against corruption over the past decade 
"13:54, 30-Jun-2022","China launches 1st 2,000-tonne offshore wind farm installation vessel"
"22:36, 30-Jun-2022",China refutes British Foreign Secretary's remarks on Taiwan
"09:36, 30-Jun-2022","China's factory, service sectors expand in June as recovery accelerates"
"10:24, 30-Jun-2022",China's first 1-mln-kilowatt-grade onshore wind power project put into operation
"15:12, 30-Jun-2022",China's first bio-aviation kerosene producer trials clean energy production
"12:23, 30-Jun-2022",Yang Jiechi: China to work with Pakistan to safeguard developing countries' interests
"10:10, 30-Jun-2022",Chinese divers sweep three golds in four hours at FINA World Championships
"09:19, 30-Jun-2022",Chinese mainland records 33 new confirmed COVID-19 cases
"12:37, 30-Jun-2022",Chinese premier extends congratulations to new Grenada PM
"20:01, 30-Jun-2022",Eight stone inscriptions discovered at Chengdu's Wuhou Shrine Museum
"21:22, 30-Jun-2022",Expert: Central govt's support for Hong Kong ensures city's prosperity
"21:05, 30-Jun-2022",Expert: Hong Kong's tourism is full of potential
"21:23, 30-Jun-2022",Expert: Hong Kong should provide supporting measures to retain talents
"21:23, 30-Jun-2022","Expert: 'One Country, Two Systems' a wise arrangement for Hong Kong"
"23:07, 30-Jun-2022",Expert: Start-ups in Hong Kong will benefit most from five-year plan
"23:21, 30-Jun-2022",GBA Initiative driving HK forward with unprecedented momentum
"12:31, 30-Jun-2022",Graphics: Communist Party of China has over 96 million members
"11:52, 30-Jun-2022",Hong Kong 25 years on: A cultural bond between China and the world 
"18:11, 30-Jun-2022",Hong Kong Palace Museum of Culture set to open on July 2
"22:18, 30-Jun-2022",The two-handed sword's uniqueness lies in dexterity
"19:24, 30-Jun-2022",Xi Jinping 'fully acknowledges' Carrie Lam's 5-year tenure as Hong Kong chief executive
"21:03, 30-Jun-2022",Xi Jinping meets CPPCC National Committee Vice Chairman Leung Chun-ying
"21:01, 30-Jun-2022",Xi Jinping meets with Macao SAR chief executive
"15:15, 30-Jun-2022",Xi Jinping arrives in Hong Kong for 25th anniversary of its return to China
"15:48, 30-Jun-2022","'One Country, Two Systems' ensures Hong Kong's prosperity, stability"
"17:34, 30-Jun-2022",Xi's speech on CPC's historical experience over past century to be published
"15:03, 30-Jun-2022",Xi Jinping to arrive in Hong Kong for 25th anniversary of its return to China
"12:04, 01-Jul-2022","'One Country, Two Systems' creates boundless space for Hong Kong's development: Xi"
"22:18, 01-Jul-2022",5th Sichuan Opera Festival brings flash mob parade to ancient lane
"16:39, 01-Jul-2022",A Tibetan blue bear spotted for the first time in NW China's Huzhu
"10:30, 01-Jul-2022",Bauhinia and Lotus Series | Episode 7: Macaques paradise
"16:19, 01-Jul-2022",China issues orange alert for third typhoon 'Chaba'
"18:11, 01-Jul-2022",Zheng Qinwen targets success in both singles and doubles at Paris 2024
"19:13, 01-Jul-2022",China to screen inbound travelers for monkeypox virus
"09:37, 01-Jul-2022",Chinese mainland records 37 new confirmed COVID-19 cases
"09:39, 01-Jul-2022",Dominant China add two more gold medals to FINA World Championships haul
"11:02, 01-Jul-2022",Earth from Space: third typhoon of 2022 formed in the South China Sea
"08:08, 01-Jul-2022",Flag-raising ceremony held in Hong Kong to celebrate 25th anniversary of its return to China
"19:09, 01-Jul-2022",Hebei Museum ushers in the 'Panda Era'
"14:25, 01-Jul-2022",Hong Kong SAR embraces a bright future as it turns 25
"20:33, 01-Jul-2022","Hong Kong, an East-West culture bridge"
"20:30, 01-Jul-2022",Hong Kong to start a new chapter after 25 years of prosperity
"14:01, 01-Jul-2022",Hong Kong youths embrace brighter future as city integrates into national development
"09:18, 01-Jul-2022",Xi to deliver speech on 25th anniversary of HK's return to China
"10:11, 01-Jul-2022",Xi attends meeting marking 25th anniversary of HK's return to China
"10:15, 01-Jul-2022",John Lee sworn in as new chief executive of HKSAR 
"12:15, 01-Jul-2022",President Xi Jinping: Hong Kong thrives when young people thrive
"20:30, 01-Jul-2022",Xi Jinping urges PLA garrison in Hong Kong to better safeguard national security
"16:44, 01-Jul-2022",Xi Jinping meets sixth-term chief executive of HKSAR
"16:15, 01-Jul-2022",Wang Yi to visit Southeast Asian countries from July 3 to 14  
"14:06, 01-Jul-2022","Wimbledon: Swiatek wins 37th straight match, China's Zheng reaches last 32"
"11:32, 01-Jul-2022",Xi: Hong Kong made irreplaceable contributions to China's economic miracle
"00:35, 01-Jul-2022","President Xi Jinping hails Hong Kong's innovation, technology development"
"15:07, 01-Jul-2022",Xi Jinping wraps up HKSAR visit
"10:49, 01-Jul-2022",Xi Jinping: Next five years 'crucial time' for Hong Kong to make breakthroughs
"12:53, 01-Jul-2022",Xi hopes Hong Kong will enjoy brighter future with improved governance capability
"11:20, 02-Jul-2022",All about weather: Special typhoons in July 
"12:41, 02-Jul-2022",My Account on China: Building Green: Smart ecological development at the forefront
"14:56, 02-Jul-2022",CGTN Documentary and Radio The Greater Bay broadcast in Hong Kong
"13:57, 02-Jul-2022","At least 3 rescued after cargo ship splits 300km off Hong Kong, dozens still missing"
"15:20, 02-Jul-2022",China renews yellow alert for rainstorms
"16:06, 02-Jul-2022",China's largest coal-based ethanol project put into trial operation
"09:21, 02-Jul-2022",Chinese mainland records 72 new confirmed COVID-19 cases
"23:06, 02-Jul-2022",Chinese volleyball ace Zhu Ting joins Italian club Pallavolo Scandicci
"17:20, 02-Jul-2022",Crepe myrtle adorns east China's summer
"18:41, 02-Jul-2022","Full text: Xi Jinping's speech at HKSAR anniversary meeting, inauguration of sixth-term govt"
"18:01, 02-Jul-2022",Husband and wife describe their work on China's manned space program
"18:20, 02-Jul-2022","John Lee meets CMG president, pledges deeper cooperation"
"14:25, 02-Jul-2022",Major project of China's west-to-east power transmission program starts operation
"14:49, 02-Jul-2022",Museums re-open in Shanghai after nearly 4 months of Covid shutdown
"12:39, 02-Jul-2022",My Account on China: Environmental ambitions
"22:55, 02-Jul-2022","President Xi's trip to HK to give powerful boost to 'One Country, Two Systems' practice"
"11:20, 02-Jul-2022",Shenzhen residents recall memories of 1997
"16:40, 02-Jul-2022",Surprises in China's advance at FIBA World Cup qualifiers
"11:40, 02-Jul-2022",Teacher from Hong Kong wishes to join Communist Party of China
"15:04, 02-Jul-2022",This is Hong Kong: The master qipao tailor
"15:17, 02-Jul-2022",Typhoon Chaba lands in S China's Guangdong 
"11:58, 02-Jul-2022","UAE president meets senior Chinese diplomat on bilateral ties, cooperation"
"11:45, 02-Jul-2022","Wimbledon: Djokovic and Alcaraz ease through, Zhang Shuai bows out"
"22:55, 02-Jul-2022",Xi's speech at HKSAR 25th anniversary draws positive reactions 
"21:34, 03-Jul-2022",China vows to strengthen cooperation with Zimbabwe in various fields
"07:28, 03-Jul-2022","3 rescued, 27 missing after floating crane sinks in south China"
"19:32, 03-Jul-2022",7th LMC Foreign Ministers' Meeting to take place in Myanmar
"23:15, 03-Jul-2022","8 killed, 1 injured after memorial arch collapses in N China"
"19:56, 03-Jul-2022",Afghan official thanks China for aid to quake-affected families
"14:39, 03-Jul-2022",Building Lives: A big vision on the Little Red Dot
"22:32, 03-Jul-2022",Building Lives – Ep. 4: A center of hope and new life
"21:21, 03-Jul-2022","China Weekly News Quiz: June 26-July 3, 2022"
"20:30, 03-Jul-2022",FIBA World Cup qualifiers: China lose to Australia after bizarre 4th quarter
"21:13, 03-Jul-2022",China ready to upgrade LMC with Myanmar: Wang Yi
"11:07, 03-Jul-2022",China's Chen Yiwen takes 11th diving gold at FINA Champs
"17:36, 03-Jul-2022",China's digital economy worth over 45 trillion yuan in 2021
"17:19, 03-Jul-2022",China sends chartered planes with humanitarian aid supplies to Afghanistan
"19:30, 03-Jul-2022",Chinese FM arrives in Myanmar for meeting on the LMC
"08:24, 03-Jul-2022",Chinese astronaut Jing Haipeng interacts with Sino-Swiss students
"16:36, 03-Jul-2022",Chinese duo clinch Malaysia Open mixed doubles title
"09:27, 03-Jul-2022",Chinese mainland records 104 new confirmed COVID-19 cases
"13:46, 03-Jul-2022",Did the black-necked crane chick survive the wolf attack?
"12:33, 03-Jul-2022",Gen-Zs 'restore' Chinese city of Guangzhou by virtual game and wool felt | 1.4 Billion: Gen-Z
"18:17, 03-Jul-2022","Global Political Calendar: Wang Yi's SE Asia tour, the Lugano summit"
"18:40, 03-Jul-2022",Hong Kong on highway to become global tech and innovation hub 25 years on 
"20:26, 03-Jul-2022","Live: Chang'an Tower, a landmark in the ancient city of Xi'an"
"12:42, 03-Jul-2022",Major Chinese airlines to purchase 292 Airbus A320 airplanes for $37b
"18:18, 03-Jul-2022",South Korea to return more remains of Chinese soldiers killed in Korean War
"21:45, 03-Jul-2022",Pansy Ho: Hong Kong an integral part of China while excelling as international city
"18:38, 03-Jul-2022",My account on China: Rural revitalization efforts bring happiness to villagers in SW China
"12:56, 03-Jul-2022","Steady steps, a straight figure, and powerful fists: Hong Quan"
"19:45, 03-Jul-2022",Tesla Q2 deliveries fall with temporary closure of China factory
"14:45, 03-Jul-2022",The road that changed lives
"14:27, 03-Jul-2022",This is Hong Kong: The substantial restaurant with a Michelin star
"14:50, 03-Jul-2022",Transforming Malaysia's skylines
"16:41, 03-Jul-2022",Typhoon Chaba lashes S China
"10:55, 04-Jul-2022","'Halo saved me today,' says Zhou as Sainz claims maiden win at Silverstone"
"13:36, 04-Jul-2022","Bagua Spear: More shaft, less spear head"
"19:20, 04-Jul-2022",Beijing slams NASA chief for claiming China could 'take over' the moon
"21:26, 04-Jul-2022",My Account on China: China-Indonesia ties: Riding the tide to prosperity
"20:44, 04-Jul-2022","China, Mozambique vow to advance Belt and Road cooperation"
"11:14, 04-Jul-2022",China complete flawless clean sweep of diving golds at FINA World Championships
"23:39, 04-Jul-2022",China's top legislator stresses on protecting Yangtze River 
"10:33, 04-Jul-2022","Chinese, Cambodian foreign ministers exchange views on Myanmar"
"09:18, 04-Jul-2022",Chinese mainland records 72 new confirmed COVID-19 cases
"18:16, 04-Jul-2022",How Xi Jinping practices governance through working in the field
"17:44, 04-Jul-2022",My Account on China: Rural revitalization benefits farmers in Simola
"23:12, 04-Jul-2022","New roads, railways improve lives of local Tibetans"
"08:43, 04-Jul-2022",12 bodies found after typhoon sinks offshore vessel in S China
"18:04, 04-Jul-2022","Orchids bloom in Huanglong, SW China"
"14:14, 04-Jul-2022",Paintings offer glimpse into Chinese artist's take on life
"16:57, 04-Jul-2022",Stories of Xi Jinping and foreign friends
"12:38, 04-Jul-2022",The Xinjiang Act will backfire on the United States
"15:40, 04-Jul-2022",Typhoon Chaba hampers 'Fujing 001' rescue mission 
"23:15, 04-Jul-2022","Wang Yi: China, Vietnam should contribute more to world peace"
"22:44, 04-Jul-2022",Wang Yi calls for building stronger development of Lancang-Mekong economic belt
"14:33, 04-Jul-2022",World's 2nd largest hydro-plant completes sectional power transmission
"22:41, 04-Jul-2022","Xi Jinping: China ready to promote more robust, greener global development"
"03:07, 04-Jul-2022",Zhou escapes major crash at British Grand Prix
"00:50, 05-Jul-2022",Zhou raring to get back on track ahead of Austrian Grand Prix
"20:08, 01-Jul-2022","Mars tasks complete, fuel costs cut, 1,000km-range EV battery: China Quick Take"
"02:06, 01-Jul-2022",New accusations against Trump for Capitol attack
"06:46, 01-Jul-2022",Shanghai Disney Resort theme park reopens
