﻿"09:51, 05-Jun-2022",Volleyball: China beat Italy 3-1 for a third straight win
"11:48, 06-Jun-2022",China women's volleyball team sit third in new FIVB World Rankings
"18:20, 07-Jun-2022",914 cultural relics to be displayed in Hong Kong Palace Museum in July
"09:42, 07-Jun-2022",China enters critical period of advancing large-scale 5G applications
"23:07, 07-Jun-2022",China grants licenses for 60 new video games
"13:00, 07-Jun-2022",China's first desert highway achieves zero carbon emissions
"17:29, 07-Jun-2022",May: China's forex reserves rises to $3.1 trillion on weaker dollar
"12:24, 07-Jun-2022",China's national college entrance examination begins
"13:59, 07-Jun-2022",China slams Australia over its close-in recon near Xisha Islands
"14:42, 07-Jun-2022",Chinese senior diplomat holds phone talks with Japan's national security chief
"22:53, 07-Jun-2022",Expert: Bountiful summer harvest crucial for bolstering China's food security
"21:23, 07-Jun-2022","Gaokao kicks off, with 11.93 million candidates registered"
"10:33, 07-Jun-2022",M5.4 quake jolts waters off northeast Taiwan: CENC
"14:39, 07-Jun-2022",Record numbers take China's gaokao with AI a popular career choice
"13:59, 07-Jun-2022",Successful Shenzhou-14 launch to benefit the world: foreign experts 
"22:00, 08-Jun-2022",10 people dead as heavy rain batters central China's Hunan
"11:29, 08-Jun-2022",China ranks first in declared 5G patents in the world 
"13:26, 08-Jun-2022","China releases new moon map, the world's most detailed to date"
"16:17, 08-Jun-2022",China willing to help Sri Lanka deal with debt burden
"20:26, 08-Jun-2022",Chinese authorities vows to improve the quality of foreign trade
"09:13, 08-Jun-2022",Chinese mainland records 67 new confirmed COVID-19 cases
"17:06, 08-Jun-2022",Farmers use salt-tolerant wheat to increase output in barren land
"20:31, 08-Jun-2022",Friendly policies sustain growth of high-tech firms in GBA
"15:02, 08-Jun-2022","Government, universities roll out measures to help graduates secure jobs"
"15:06, 08-Jun-2022",M5.0 earthquake hits NW China 
"21:41, 08-Jun-2022",Xi Jinping inspects southwestern Chinese city of Meishan
"22:14, 08-Jun-2022","The 3rd Qingdao Multinationals Summit to be held in June, China continues to attract FDI"
"16:07, 08-Jun-2022",World Ocean Day: Restore undersea meadows
"20:12, 09-Jun-2022",7 dead after landslide in south China’s Guangxi  
"23:11, 09-Jun-2022",Agricultural machines power Chengdu's harvest season
"10:40, 09-Jun-2022",Beijing documents 17 new species
"11:42, 09-Jun-2022",5 people rescued after market fire in E China's Zhejiang
"11:35, 09-Jun-2022","China, Tajikistan vow to increase trade, boost new energy cooperation"
"15:50, 09-Jun-2022",Commerce ministry calls on U.S. to lift all tariffs against China
"14:46, 09-Jun-2022",China's FAST detects fast radio burst 3 billion light-years away
"11:10, 09-Jun-2022","China's exports surge to double-digit pace in May, beat forecast"
"16:45, 09-Jun-2022",China says it can detect imported monkeypox cases
"18:14, 09-Jun-2022",China sends new medical team to aid Uganda
"17:58, 09-Jun-2022",China urges U.S. to revoke arms sales to Taiwan region
"09:51, 09-Jun-2022","China urges U.S. to take meaningful, concrete actions to ease Korean Peninsula tensions"
"11:49, 09-Jun-2022","Chinese, Georgian presidents exchange congratulations on 30th anniversary of diplomatic ties"
"09:17, 09-Jun-2022",Chinese mainland records 70 new confirmed COVID-19 cases
"10:37, 09-Jun-2022",Chinese scientists discover mating-swarms in early mayfly fossils
"20:00, 09-Jun-2022",Huang Shi Cheng completes renovation and opens to the public
"15:29, 09-Jun-2022",J-7 fighter jet of Chinese Air Force crashes in Hubei Province
"18:19, 09-Jun-2022",Nature publishes Chinese scientists' breakthrough in quantum computing
"16:55, 09-Jun-2022",No room to misinterpret 1992 Consensus: Chinese mainland spokesperson
"14:30, 09-Jun-2022",Olympic Day activities begin in China
"17:51, 09-Jun-2022",Revisit San Su Ci: The memorial temple of three literary masters
"10:58, 09-Jun-2022",Tennis: China's Zhang Shuai cruises into last 8 at Nottingham Open
"17:16, 09-Jun-2022",China strives to balance dynamic COVID-19 control and economic growth
"20:32, 09-Jun-2022",President Xi Jinping encourages young people to contribute to China-Africa relations
"20:43, 10-Jun-2022","Analysis: Chinese, U.S. defense ministers' high-profile meeting at Shangri-La Dialogue"
"18:55, 10-Jun-2022",China deplores European parliament's resolution on Xinjiang
"14:21, 10-Jun-2022",China makes major breakthrough to advance future intelligent robotics
"09:36, 10-Jun-2022","China's consumer inflation is stable, producer inflation eases to 14-month low in May"
"22:46, 10-Jun-2022",China's video game market reacts positively to June licenses
"19:33, 10-Jun-2022",China slams U.S.'s double standard on democracy as Trump accused of 'attempted coup'
"19:35, 10-Jun-2022",China to send star-studded roster to FINA swimming worlds
"09:21, 10-Jun-2022",Chinese mainland records 45 new confirmed COVID-19 cases
"14:13, 10-Jun-2022",Chinese scholar Li Deren wins 2020 Brock Gold Medal in photogrammetry
"11:57, 10-Jun-2022",Expert: China to face 'disaster' if it moves away from zero-COVID policy 
"14:08, 10-Jun-2022",Guangdong's 'Three Projects' initiative provides millions with training and jobs
"14:09, 10-Jun-2022",Meet the renowned violist promoting traditional Chinese folk music 
"15:55, 10-Jun-2022",North China's Shanxi takes measures to ensure harvest during epidemic 
"07:12, 10-Jun-2022",One injured after quakes jolt Maerkang in SW China
"13:01, 10-Jun-2022",Scientists stress water imbalance in Third Pole
"21:56, 10-Jun-2022",Shanghai rolls out measures to boost automobile sales
"22:53, 10-Jun-2022","Singaporean PM Lee hails 'special, high-level' relations with China "
"22:15, 10-Jun-2022",Wang Yi hails 76th session of UN General Assembly as 'fruitful'
"23:02, 10-Jun-2022",Xi stresses development of more high-tech firms during Sichuan visit
"13:40, 11-Jun-2022",All about weather: China's hottest cities in July 
"15:34, 11-Jun-2022",Asia News Wrap: Record number at China's college entrance exam & more
"13:40, 11-Jun-2022",World Heritage Day: Beijing Great Wall multidisciplinary restoration making progress
"12:17, 11-Jun-2022",China CDC: We have the ability to carry out PCR detection for monkeypox
"18:31, 11-Jun-2022",China holds forum to boost sci-tech innovation of cultural relics
"14:35, 11-Jun-2022",China holds shopping festival for intangible cultural heritage product
"11:19, 11-Jun-2022",MOFA: China firmly opposes political manipulation of COVID-19 origins-tracing 
"18:54, 11-Jun-2022",Chinese mRNA-based COVID-19 vaccines effective in preclinical trials
"09:20, 11-Jun-2022",Chinese mainland records 79 new confirmed COVID-19 cases
"18:48, 11-Jun-2022",Cultural and Natural Heritage Day: Themed events across China
"12:03, 11-Jun-2022",Egg-size hailstones hit N China
"15:33, 11-Jun-2022",Hong Kong's edge in legal services highlighted
"07:52, 11-Jun-2022","Huawei announces new inventions in AI, 5G, and user experience"
"11:48, 11-Jun-2022",Ningxia Series Episode 1: Helan Mountains
"23:03, 11-Jun-2022",Projectors in China: Will they replace TVs in 2022?
"14:51, 11-Jun-2022",U.S. seeks hegemony through 'Indo-Pacific Strategy': Chinese military official
"14:56, 11-Jun-2022",Wetland park in N China's Shanxi Province houses thousands of egrets 
"18:20, 11-Jun-2022",What will China's space station be like once completed?
"12:19, 11-Jun-2022","Zheng Qinwen, Wang Xiyu advance to Valencia Open last four"
"17:04, 12-Jun-2022",Beijing COVID-19 volunteers in communities to receive compensation
"17:11, 12-Jun-2022",Bronze altar discovered at Sanxingdui ruins site in SW China
"17:35, 12-Jun-2022","China Weekly News Quiz: June 5-12, 2022"
"22:36, 12-Jun-2022",China opposes using competition to define China-U.S. relations
"11:24, 12-Jun-2022","China prepares 360 mln yuan, expert teams to guide flood control work"
"15:57, 12-Jun-2022",China's Zeng Fanbo ready to join an NBA team
"23:35, 12-Jun-2022",China's development is not a threat to others
"13:55, 12-Jun-2022",China sets two world records in deep-sea energy exploration 
"21:20, 12-Jun-2022",China to build 5G-powered telemedicine platform for eye diseases
"20:54, 12-Jun-2022",China urges SMEs to hire college graduates
"23:26, 12-Jun-2022",Chinese defense minister: China will fight to stop Taiwan independence
"09:05, 12-Jun-2022",Defense minister outlines China's vision of regional order at Shangri-La Dialogue
"09:35, 12-Jun-2022",Chinese mainland records 134 new confirmed COVID-19 cases
"12:59, 12-Jun-2022",Chinese scientists' major discovery on potato genome sequence: Nature
"13:31, 12-Jun-2022",Ecology in northern China continues to improve under protection
"22:40, 12-Jun-2022",Killer whale baby makes debut as Ocean Park reopens in Shanghai
"18:09, 12-Jun-2022",More factories in NE China adopt smart technology
"22:53, 12-Jun-2022","Starbucks to open 6,000 stores in China by the end of FY22"
"11:41, 12-Jun-2022",Tennis: Chinese derby to be staged at Valencia Open final
"15:42, 12-Jun-2022","Seven Continents, One Home: Trace wild giant panda in China's Qinling Mountains (Part 2)"
"22:48, 12-Jun-2022",U.S. 'Indo-Pacific strategy' creates conflict and confrontation
"23:44, 12-Jun-2022",U.S. think tank sees China's tech as 'scary.' That's not healthy
"17:09, 12-Jun-2022",UFC 275: Zhang Weili beats former champion with spinning backfist KO
"16:40, 12-Jun-2022",Why China asks regional countries to avoid 'bloc politics'
"20:11, 12-Jun-2022",Xi congratulates Ta Kung Pao newspaper on its 120th anniversary
"14:07, 12-Jun-2022",UFC 275: Joanna Jędrzejczyk retires following KO loss to Zhang Weili
"16:49, 13-Jun-2022","China, Panama vow to boost cooperation on 5th anniversary of diplomatic ties"
"20:46, 13-Jun-2022","China completes a third of 2022 goal of 600,000 5G base stations"
"23:17, 13-Jun-2022",China reiterates Taiwan question differs in nature from Ukraine issue
"22:58, 13-Jun-2022",China's central bank to further support water conservancy projects
"22:57, 13-Jun-2022",Chinese Vice Premier urges solid efforts to contain COVID-19 in Beijing
"09:23, 13-Jun-2022",Chinese mainland records 89 new confirmed COVID-19 cases
"11:40, 13-Jun-2022","F1 Azerbaijan GP: Red Bull claim one-two finish, China's Zhou retires "
"13:06, 13-Jun-2022","Heavy rain continues in southern China, flood warnings issued"
"14:09, 13-Jun-2022",Car parts manufacturers matched in China's Taizhou to solve supply chain snags
"14:22, 13-Jun-2022",Intangible cultural heritage block unveiled in S China's Guangzhou
"20:49, 13-Jun-2022",Meet the first and only Chinese principal dancer at New York City Ballet
"15:04, 13-Jun-2022",Myanmar kids get first jab of China's Sinopharm COVID-19 vaccine
"14:50, 13-Jun-2022",Renovation of old neighborhoods in China enhances quality of life
"12:01, 13-Jun-2022","Smart tech helps China's farmers with summer harvest, field management"
"10:12, 13-Jun-2022","Some 13,000 relics unearthed at new Sanxingdui ruins site discovery"
"21:59, 13-Jun-2022",Wang Yi: China-New Zealand relations are 'maturing and resilient'
"12:03, 13-Jun-2022",Zheng Qinwen captures first WTA 125 title at Valencia Open
"11:32, 14-Jun-2022",5G technologies provide new vigor to China's iron and steel industry
"23:21, 14-Jun-2022",CSRC denies it asked foreign banks for executive salary details
"11:43, 14-Jun-2022",China 'built world's largest network infrastructure' in past decade
"11:50, 14-Jun-2022",China's FDI inflow up 17.3% in the first five months of 2022
"22:13, 14-Jun-2022",China's climate change adaptation to reach international level by 2035
"22:16, 14-Jun-2022",China's deep space exploration laboratory starts operation
"09:06, 14-Jun-2022",Chinese mainland records 95 new confirmed COVID-19 cases 
"10:58, 14-Jun-2022",Earth from Space: Beijing experiences a severe hailstorm
"17:21, 14-Jun-2022",Li Yueru on more Chinese players joining WNBA: It's a recognition
"18:27, 14-Jun-2022",M4.4 quake hits SW China's Sichuan: CENC
"09:59, 14-Jun-2022",Pandas enjoy summertime in SW China
"15:41, 14-Jun-2022",Rescue underway after two-story building collapses in E China
"15:33, 14-Jun-2022",Scary moments of thunderstorms in Jiangsu
"13:15, 14-Jun-2022",Second largest supermoon of the year to dazzle the sky 
"08:26, 14-Jun-2022",Super-large dataset about global climate system launched
"14:43, 14-Jun-2022","Wang Yi calls for further deepening cooperation with Seoul, Tokyo "
"11:51, 15-Jun-2022",25th anniversary of HK's return: Population in five charts
"22:21, 15-Jun-2022",Gone are the days when Western countries rode roughshod over developing countries: Chinese Foreign Ministry
"15:45, 15-Jun-2022",BRICS security meeting set for Wednesday
"10:52, 15-Jun-2022","China aims for 3,500 registered general aviation airplanes by 2025"
"11:12, 15-Jun-2022",Chinese researchers explore new artificial glacier melt reduction method
"14:42, 15-Jun-2022",China's first homegrown subsea Xmas tree for oil drilling put into use
"10:08, 15-Jun-2022","China's industrial output, retail sales in May beat expectations, but 'difficulties and challenges' remain"
"16:54, 15-Jun-2022",China's overall flood situation is severe during the season: official
"09:21, 15-Jun-2022",Chinese mainland records 77 new confirmed COVID-19 cases
"23:23, 15-Jun-2022",Guangzhou goes extra mile to ease financial burden of small businesses
"15:22, 15-Jun-2022",Low-carbon Day: China tops world in installed offshore wind power
"23:10, 15-Jun-2022",Monkeypox: Here's how China plans to treat it
"10:37, 15-Jun-2022",69 countries oppose interference in China's internal affairs at UN human rights session
"09:04, 15-Jun-2022",Inclusion and empowerment: Schools and companies work together to help people with disabilities find jobs
"22:52, 15-Jun-2022",Senior Chinese official chairs BRICS security meeting
"08:07, 15-Jun-2022","UN rights body should serve as platform for cooperation, dialogue: Chinese envoy"
"15:21, 15-Jun-2022",Wonders of Sanxingdui: Turtleback-shaped grid bronze
"18:47, 15-Jun-2022","Xi, Putin hold phone talks"
"18:46, 15-Jun-2022",Xi Jinping stresses firm adherence to China's path of human rights development
"01:52, 14-Jun-2022",China's senior diplomat Yang Jiechi meets U.S. counterpart
"05:08, 10-Jun-2022",Shanghai sees fresh COVID-19 measures amid China's 'zero-COVID' policy
"23:44, 11-Jun-2022",Ambassador Qin Gang meets with Delaware governor Carney
"00:48, 12-Jun-2022",Learning about China's Zhangzhou puppetry
"03:16, 14-Jun-2022",China rejects competition with U.S. in bilateral talks
