﻿"13:40, 02-Mar-2022"," New Zealand police dismantle tents, tow vehicles to clear protests"
"23:34, 02-Mar-2022","African, Middle Eastern journalists' bodies call out Western media's 'racist' Ukraine coverage"
"10:08, 02-Mar-2022","Biden highlights infrastructure, economy as he battles low approval"
"22:56, 02-Mar-2022","Blast in SW Pakistan leaves 2 killed, several injured"
"14:07, 02-Mar-2022",China delivers world's first super-large LNG dual-fuel oil tanker
"22:39, 02-Mar-2022",Team China aim for breakthrough in alpine skiing at 2022 Winter Paralympics
"17:57, 02-Mar-2022",German Chancellor Olaf Scholz visits Israel
"12:27, 02-Mar-2022","Google drops RT, other Russian state media from its news features"
"21:54, 02-Mar-2022",M6.6 earthquake strikes Kermadec Islands: USGS
"22:40, 02-Mar-2022",MLB cancels opening games of 2022 season after lockout talks collapse
"22:39, 02-Mar-2022",NBA highlights on March 1: Lakers fail to rally against Mavs at home
"09:02, 02-Mar-2022","Nord Stream 2 owner considers insolvency after pipeline halt, sanctions: Reuters"
"22:05, 02-Mar-2022",OPEC+ sticks to modest output boost despite oil rally
"20:15, 02-Mar-2022",Russia-Ukraine conflict: Tensions show no sign of easing on 7th day
"11:53, 02-Mar-2022",Russia launches economic counter-measures against the West
"10:10, 02-Mar-2022",Joe Biden bans Russian flights from American airspace
"21:52, 02-Mar-2022",UN Environment Assembly adopts resolution to fight plastic pollution
"13:10, 02-Mar-2022","Ukrainian cyber resistance group targets Russian power grid, railways"
"15:36, 02-Mar-2022",Winter Paralympics flames combined at the Temple of Heaven in Beijing
"09:33, 02-Mar-2022",World Bank announces more than $1b in aid for Afghanistan
"07:25, 02-Mar-2022",Zelenskyy says he is ready to negotiate with Putin
"15:58, 03-Mar-2022",Libya's Bashagha accuses rival of seizing ministers to stop new govt taking office
"16:13, 03-Mar-2022",2022 Winter Paralympics torch relay reaches Yanqing
"17:24, 03-Mar-2022",2nd round of Russia-Ukraine talks will be held on Thursday: Lavrov
"21:33, 03-Mar-2022",4 crew members missing after Estonian ship sinks off Odessa coast
"18:27, 03-Mar-2022",Armenia elects Vahagn Khachaturian as new president
"17:53, 03-Mar-2022",At least 18 killed in gold mine collapse in Guinea
"17:20, 03-Mar-2022","Beijing 2022 overachieves emissions target, plugs capital to green energy"
"22:27, 03-Mar-2022",CGTN Sports Talk: Departure of Roman Abramovich ends an era
"11:24, 03-Mar-2022",China calls on UN to play positive role for de-escalation in Ukraine
"11:28, 03-Mar-2022",China criticizes U.S. 'ruthless misappropriation' of Afghan assets
"21:20, 03-Mar-2022",China in the same group with USA at 2022 Women's Basketball World Cup
"09:10, 03-Mar-2022",China voices concerns for safety of Ukraine's nuclear facilities
"09:40, 03-Mar-2022",Former Nissan CEO's aide gets 6-month suspended sentence
"21:16, 03-Mar-2022",Georgia officially applies for EU membership: report
"07:42, 03-Mar-2022",IAEA chief Grossi to visit Iran on Saturday: Iran's Nournews
"20:00, 03-Mar-2022",NBA highlights on March 2: Bucks rally in last quarter to beat Heat
"13:59, 03-Mar-2022",Quad leaders to meet virtually on Thursday
"13:06, 03-Mar-2022",Russian billionaire Abramovich confirms Chelsea for sale amid Ukraine crisis
"22:30, 03-Mar-2022","Russian, Belarusian athletes banned from Beijing 2022 Paralympics"
"20:54, 03-Mar-2022","Russian-Ukraine crisis enters second week, refugees reach 1 million"
"07:18, 03-Mar-2022","Seven dead as Romanian chopper crashes, fighter jet missing"
"07:27, 03-Mar-2022",South Korean opposition presidential candidates merge campaigns
"14:11, 03-Mar-2022",This is China: What makes the 2022 Two Sessions special?
"19:06, 03-Mar-2022",U.S. mulls sanctions on Quad partner India after New Delhi abstains from UN Russia vote
"10:03, 03-Mar-2022",U.S. House panel says Trump may have broken law in bid to overturn election
"16:02, 03-Mar-2022",Ukraine to seek action against Russia from 50 additional tech firms
"18:49, 03-Mar-2022",Which countries did not back the UN resolution on Ukraine?
"18:05, 03-Mar-2022",Xi to attend opening ceremony of Beijing 2022 Paralympic Winter Games
"20:19, 04-Mar-2022",2 killed in explosion outside mosque in eastern Afghanistan
"17:34, 04-Mar-2022",A brief history of Winter Paralympics
"14:05, 04-Mar-2022","Australia orders 200,000 to flee floods, city of Sydney spared"
"09:35, 04-Mar-2022","Biden, Zelenskyy hold phone talks on Ukraine's NPP fire"
"17:16, 04-Mar-2022",At least 56 killed in bomb blast at mosque in Pakistan
"07:20, 04-Mar-2022",China calls for favorable environment for easing the Ukraine crisis
"10:19, 04-Mar-2022",Early voting for South Korea president begins in shadow of COVID-19
"18:08, 04-Mar-2022",Firecracker explosion in India kills at least 11
"16:52, 04-Mar-2022",Inauguration of president of Armenia to be held on March 13
"11:06, 04-Mar-2022",Iran says Vienna nuclear talks in 'final critical steps'
"16:52, 04-Mar-2022",Japan's top court orders TEPCO to pay damages to Fukushima victims
"07:39, 04-Mar-2022",Jury acquits only Louisville officer charged in Breonna Taylor raid
"07:55, 04-Mar-2022","Moldova, Georgia sign applications for EU membership"
"10:04, 04-Mar-2022",IAEA: No radioactive leak from Russian seized nuclear power plant in Ukraine
"19:14, 04-Mar-2022",Putin urges Russia's neighbors not to escalate tensions amid Ukraine crisis
"17:05, 04-Mar-2022",ROK's Moon orders protection of nuclear power plant amid wildfire
"07:05, 04-Mar-2022","Russia, Ukraine agree to organize humanitarian corridors for civilians"
"20:57, 04-Mar-2022",Stringer Dispatch: Kyiv resident volunteers to aid local region
"22:58, 04-Mar-2022",Stunning views of Beijing 2022 Winter Paralympic Games opening ceremony
"12:06, 04-Mar-2022",UN urges Canada to remedy transgenerational discriminatory Indian Act
"07:01, 05-Mar-2022","27 Malian soldiers, 70 terrorists killed in attack in central Mali"
"09:48, 05-Mar-2022",50 injured in a fire at a police detention center in Philippines
"13:20, 05-Mar-2022",Race intensifies for Chelsea takeover as Turkish billionaire Muhsin Bayrak confirms bid
"10:28, 05-Mar-2022","Winter Paralympics: China wins its first gold medal, in Para biathlon"
"07:26, 05-Mar-2022",Chinese envoy calls for joint efforts to ensure safety of nuclear facilities in Ukraine
"07:57, 05-Mar-2022",DPRK fires unidentified projectile toward eastern waters: report
"17:39, 05-Mar-2022",Daily Quotes from 2022 Winter Paralympics on March 5
"14:55, 05-Mar-2022",Serious errors found in U.S.-backed data on Chinese dams on Mekong River
"22:59, 05-Mar-2022",Evacuations temporarily halted in Ukraine area where ceasefire pledged
"22:06, 05-Mar-2022",Exclusive Stringer Dispatch: A day in Ukraine: A silent night in Kyiv
"22:46, 05-Mar-2022","Key quotes: How Xi tells young officials to have strong faith, work hard"
"19:26, 05-Mar-2022",Lavrov says Ukraine is not allowing civilian evacuation from Kharkov
"22:34, 05-Mar-2022",Li Duan becomes world's first blind athlete to light Paralympic flame
"07:04, 05-Mar-2022",Libyan PM's press service denies Dbeibah's resignation
"21:34, 05-Mar-2022",Liverpool manager Jurgen Klopp confirms he will leave in 2024
"16:56, 05-Mar-2022",Meet the designer of Beijing 2022 Winter Paralympics mascot Shuey Rhon Rhon
"19:46, 05-Mar-2022",NBA highlights on March 4: 76ers rise to No. 2 in Eastern Conference
"21:14, 05-Mar-2022",News organizations to stop broadcasting in Russia after new law
"09:44, 05-Mar-2022","Nike, IKEA close Russian stores as sanctions, trade restrictions bite"
"17:02, 05-Mar-2022",Iran agrees roadmap to resolve nuclear issues with IAEA
"08:54, 05-Mar-2022",Over 130 Palestinians injured in clashes with Israeli soldiers in West Bank: medics
"10:01, 05-Mar-2022",Premier Li: China to pursue higher-standard opening-up
"21:01, 05-Mar-2022",Putin calls decision on military operation in Ukraine 'difficult'
"18:00, 05-Mar-2022",Putin tells Scholz: Ukraine dialogue possible if Russian demands are met
"21:41, 05-Mar-2022",Reporter's Diary: Life changes in Russia under economic sanctions
"14:31, 05-Mar-2022",Russia declares partial ceasefire to allow humanitarian corridors in Ukraine
"14:38, 05-Mar-2022",South Korean wildfire spreads and thousands evacuate
"13:00, 05-Mar-2022",U.S. ambassador Nicholas Burns arrives in China
"22:26, 05-Mar-2022","China 'gravely concerned' about U.S.' recent words, deeds on bilateral ties: Wang Yi"
"12:24, 06-Mar-2022",22 injured in violence at Mexican football match
"13:25, 06-Mar-2022","6 dead, 4 injured in major Iowa tornado"
"21:19, 06-Mar-2022",Artists Association President: Mascot resonates with para athletes
"21:34, 06-Mar-2022",CGTN Sports Talk: Suns are doing surprisingly well without Chris Paul
"18:16, 06-Mar-2022",Chinese mission to EU: All efforts conducive to de-escalation welcomed
"07:23, 06-Mar-2022",DPRK says it conducts second 'important' satellite test
"19:51, 06-Mar-2022",Daily Quotes from 2022 Winter Paralympics on March 6
"19:26, 06-Mar-2022",Demonstrators rally against Washington's COVID-19 mandates
"08:50, 06-Mar-2022",Global COVID-19 deaths near 6 million: WHO
"17:26, 06-Mar-2022",Has India overtaken China and become the most populous country in the world?
"18:35, 06-Mar-2022",Highlights: Will Russia-Ukraine conflict further escalate? 
"07:24, 06-Mar-2022","Iran, IAEA agree to settle nuclear issues in boost for Vienna talks"
"13:40, 06-Mar-2022",Israeli PM Bennett met with President Putin in Moscow
"20:33, 06-Mar-2022","Macron, Putin hold phone talks on situation in Ukraine"
"21:56, 06-Mar-2022",Civilian safe passage from Ukraine's Mariupol 'halted': ICRC
"20:15, 06-Mar-2022",NBA highlights on March 5: James' record night ends Lakers' nightmares
"12:06, 06-Mar-2022","Over 700,000 Ukrainian refugees in Poland, many more expected"
"09:43, 06-Mar-2022",Russia may allow outside firms to maintain airliners amid sanctions: Tass
"19:53, 06-Mar-2022",Russia ready for dialogue with Ukraine and foreign partners
"16:27, 06-Mar-2022",Exclusive Stringer Dispatch: Hundreds of thousands of refugees cross Polish border fleeing Russia-Ukraine conflict
"08:57, 06-Mar-2022",Ukrainian websites under 'nonstop' attack: Cyber watchdog agency
"10:44, 06-Mar-2022",Ukrainians queue for cash as withdrawals limited
"23:13, 06-Mar-2022",Visually impaired skier thanks her guide at 2022 Winter Paralympics
"20:24, 06-Mar-2022",Vucic becomes candidate for Serbian presidential election 
"07:32, 07-Mar-2022",13 soldiers killed in bus ambush in Syria's Homs
"09:05, 07-Mar-2022",China's Zhang Shuai wins third career title in Lyon
"01:23, 03-Mar-2022",The UN General Assembly adopts a draft resolution on Ukraine
"01:17, 03-Mar-2022",UN rights council appoints former ICC prosecutor to lead Ethiopia probe
"01:16, 03-Mar-2022","WHO: COVID cases, deaths continue to fall globally"
"00:56, 04-Mar-2022",A crisis looms in Libya as rival government takes oath
"03:12, 04-Mar-2022",Global emissions to be cut by 45 pct to reach net zero emissions by 2050
"03:11, 04-Mar-2022",Putin says Russia's military advance in Ukraine 'going to plan'
"03:12, 04-Mar-2022","Russia-Ukraine crisis spurs corporate exodus, exposes business risks"
"00:56, 04-Mar-2022","Russia to appeal FIFA, UEFA bans over Ukraine conflict "
"00:56, 04-Mar-2022",Russian oil giant calls for halt to military operation in Ukraine
"03:12, 04-Mar-2022",U.S.: Over a dozen injured in a Maryland residential building fire
"03:13, 04-Mar-2022",U.S. to impose new sanctions on Russian oligarchs
"03:28, 05-Mar-2022","African green lobbyists say climate change worsens conflicts, displacements"
"02:50, 05-Mar-2022","Iran nuclear deal 'close', European diplomats to consult with ministers"
"02:36, 05-Mar-2022",U.S. Supreme Court reimposes Boston Marathon bomber's death sentence
"02:45, 05-Mar-2022","Ukraine should be bridge between East, West, not frontline for confrontation"
"03:19, 05-Mar-2022",WFP warns the world's hungry cannot afford another conflict
"01:54, 06-Mar-2022",Stranded foreigners face dilemma of exorbitant transport costs out of Ukraine
"00:32, 06-Mar-2022","Kenya reports three Yellow Fever deaths, confirms outbreak"
"01:52, 06-Mar-2022",Rwanda suspends night curfew as COVID-19 infections subside
"00:24, 06-Mar-2022","Two years on, South Africa continues fight against COVID-19"
"02:20, 06-Mar-2022",Ukraine's FM urges sanctions' solidarity against Russia
"00:11, 07-Mar-2022",Algeria temporarily shuts Embassy in Ukraine
"01:12, 07-Mar-2022",Putin tells Macron Russia to reach aims through 'negotiation or war'
"00:41, 07-Mar-2022",Second batch of Ghana students arrive back home from Ukraine
"00:47, 07-Mar-2022",Ukraine acknowledges allegations of discrimination against fleeing foreigners
"01:24, 07-Mar-2022",Zelenskyy holds telephone talks with Italy's Draghi over Russia's military operation
"21:35, 02-Mar-2022",European journalism body slams EU ban on Russian TV channel
"22:47, 03-Mar-2022",Uncertainty for Ukrainian refugees in Hungary as thousands plan their next steps
"01:08, 04-Mar-2022",Spain's Ukrainian diaspora spring into action to help refugees
"21:34, 04-Mar-2022",Ukraine conflict day 9: Both sides blame each other for nuclear power plant attack
"02:53, 05-Mar-2022",How Artificial Intelligence and 5G will change our lives
"02:40, 05-Mar-2022",Vienna prepares to welcome more Ukrainian refugees
"06:33, 03-Mar-2022",BYD lauded a success in cooperation
"06:04, 03-Mar-2022",Carbon credit program pays landowners not to cut down trees
"06:31, 03-Mar-2022",Cubans face growing inflation   
"06:00, 03-Mar-2022",The impact of removing Russian banks from SWIFT
"06:08, 03-Mar-2022",U.S. eyes a new phase of pandemic
"06:33, 03-Mar-2022",Ukrainians block city entrance to prevent Russian forces
"03:58, 04-Mar-2022",Chinese Ambassador to US visit American factory
"03:56, 04-Mar-2022",Colombian entrepreneurs look for new opportunities to succeed 
"04:26, 04-Mar-2022",More companies back away from Russia due to Ukraine crisis
"03:57, 04-Mar-2022",President Biden delivers first State of the Union address
"03:53, 04-Mar-2022",Putin holds moment of silence for Russian troops killed in conflict  
"06:49, 04-Mar-2022",Tigers and lions saved from Kyiv sanctuary arrive safely to Polish Zoo
"06:45, 04-Mar-2022",Ukrainian refugees arrive by bus and train to Poland
"06:30, 05-Mar-2022",Ambassador Qin Gang at the U.S.-China Dialogue Series opening session 
"05:17, 05-Mar-2022",Early voting begins ahead of South Korea's presidential election
"06:51, 05-Mar-2022",Farmworkers in parts of California can get free rides in electric cars
"06:51, 05-Mar-2022",Russia attacked Europe's largest nuclear power plant.
"06:30, 05-Mar-2022","Suicide bombing in Pakistan kills at least 56, injures 200"
"05:17, 05-Mar-2022",Ukrainian towns of Borodyanka and Hatne destroyed by Russian shelling 
"06:10, 06-Mar-2022",How electric vehicles are helping farmworkers in California
"06:10, 06-Mar-2022",Voting rights in the eyes of Atlanta residents 
"06:08, 06-Mar-2022",What is a no-fly zone? 
