﻿"15:24, 23-Feb-2022",China rejects unilateral sanctions on Russia over Ukraine 
"20:12, 23-Feb-2022","China's Metaverse Committee, Asia Digital Bank to jointly boost BRI digital economy"
"22:36, 23-Feb-2022",China's anti-epidemic supplies arrive in Kiribati
"19:27, 23-Feb-2022",European Union ambassadors approve sanctions against Russia
"20:15, 23-Feb-2022",Iran says nuclear talks reach 'sensitive and important point'
"17:59, 23-Feb-2022",Lebanon thwarts three attacks planned by IS-linked militants
"17:41, 23-Feb-2022",Macron to kick off re-election bid in March: AFP
"13:44, 23-Feb-2022",Military contractor helicopter crash in Hawaii kills 4
"17:23, 23-Feb-2022",More developing countries join Winter Olympics at Beijing 2022
"17:16, 23-Feb-2022","Olympic review: Snowboard, freeski keep soaring at Beijing 2022 Games"
"13:51, 23-Feb-2022","One dead, 10 feared missing in Australia floods"
"13:23, 23-Feb-2022",U.S. CDC doesn't publish most COVID-19 data: NYT
"12:23, 23-Feb-2022",UN chief says people must come first during pandemic recovery
"23:05, 23-Feb-2022",Will gold face heavy sell-off once geopolitical tensions ease?
"18:29, 23-Feb-2022",Xi congratulates inauguration of Mwalimu Julius Nyerere leadership school
"15:03, 24-Feb-2022","9,000-year-old ritual complex found in Jordan desert"
"17:31, 24-Feb-2022",ASML seeks alternative sources for neon gas amid Ukraine crisis
"10:52, 24-Feb-2022",Beijing Winter Olympic organizers earn rave reviews from global athletes
"23:07, 24-Feb-2022",CGTN Sports Talk: Only Chelsea win in UEFA Champions League
"07:23, 24-Feb-2022",Canada's Trudeau ends emergency powers invoked to clear COVID-19 protests
"15:23, 24-Feb-2022",China calls on all parties to exercise restraint over Ukraine crisis
"12:49, 24-Feb-2022",China vows to boost support for export credit insurance
"19:21, 24-Feb-2022","China understands Russia's legitimate security concerns, Wang tells Lavrov"
"14:28, 24-Feb-2022",Chinese embassy in Ukraine issues security alert
"12:39, 24-Feb-2022",Chinese students complain of unfair treatment while entering U.S.  
"08:16, 24-Feb-2022","Death toll from landslides, floods in Brazil surpasses 200"
"13:53, 24-Feb-2022",Djokovic maintains winning return by beating Khachanov in Dubai
"17:34, 24-Feb-2022","Haiti police open fire on demonstrators, one journalist killed"
"19:07, 24-Feb-2022",Kyrie Irving may soon be able to play for Brooklyn Nets at home
"21:27, 24-Feb-2022",MLB reveals 2022 season to be shortened if no CBA deal is reached
"22:32, 24-Feb-2022","Oil tops $105, European gas prices soar after Russia attacks Ukraine"
"19:32, 24-Feb-2022","Olympic review: Norway rules Nordic events, big names sweep medals"
"13:11, 24-Feb-2022",Ongoing drought compounding impact of multiple shocks in Horn of Africa: World Food Program
"15:02, 24-Feb-2022",Over 3.1 billion doses of COVID-19 vaccines administered in China
"10:53, 24-Feb-2022",Putin announces 'special military operation' in Donbas region
"19:10, 24-Feb-2022",Putin begins meeting with the Pakistani Prime Minister
"11:06, 24-Feb-2022",Putin says Russia's plans do not include occupation of Ukraine  
"08:02, 24-Feb-2022",Queen Elizabeth II spoke with UK PM Johnson on Wednesday
"07:48, 24-Feb-2022",3 Syrian soldiers killed in Israeli strikes near Damascus: Syria state news
"18:50, 24-Feb-2022",U.S. Justice Department ends controversial 'China Initiative' 
"14:18, 24-Feb-2022",U.S. vaccination drive is bottoming out as Omicron subsides
"17:34, 24-Feb-2022",Ukraine breaks diplomatic relations with Russia
"19:28, 24-Feb-2022",Ukraine severs ties with Moscow as Russian troops move into Donbas
"14:57, 24-Feb-2022",WHO announces 2nd hub for training countries to make COVID vaccines
"15:58, 24-Feb-2022",When flowing water meets rocks in the Antelope Canyon
"12:07, 25-Feb-2022",15 FARC members killed during military operation in Colombia
"07:11, 25-Feb-2022",Biden announces additional sanctions against Russia
"21:59, 25-Feb-2022",Biden to nominate Ketanji Brown Jackson as first black woman to U.S. supreme court
"12:16, 25-Feb-2022","Chile's melting glaciers, a fast-disappearing gauge of climate change"
"21:03, 25-Feb-2022",Experts: Western sanctions wouldn't halt Russia's military actions
"12:40, 25-Feb-2022","Facebook, Twitter highlight security steps for users in Ukraine"
"11:20, 25-Feb-2022",Graphics: The military balance of power in Russia-Ukraine tensions 
"16:46, 25-Feb-2022",How do two of the world's biggest carbon emitters join hands to fight climate change
"19:33, 25-Feb-2022",Lavrov: Putin says he is willing to negotiate with NATO
"18:31, 25-Feb-2022",Lavrov tells CGTN: Diplomatic negotiations are the way out
"10:30, 25-Feb-2022","M6.2 earthquake strikes Indonesia's Sumatra Island, killing at least 7"
"20:35, 25-Feb-2022",Paris replaces St. Petersburg as UEFA Champions League final location
"07:11, 25-Feb-2022","Putin briefs Macron, Modi and Raisi on Russia's military operation in Ukraine"
"16:16, 25-Feb-2022","Russian military takes full control of Chernobyl nuclear power plant, radiation level keeps normal"
"10:38, 25-Feb-2022","Kyiv reports loud explosions, fire on second day of Russian military operation"
"07:36, 25-Feb-2022",U.S. ex-cops found guilty of violating civil rights of George Floyd
"10:03, 25-Feb-2022",Racial minorities in U.S. report frequent COVID-19-related discrimination: Study
"21:10, 25-Feb-2022",U.S. returns part of land of military bases to ROK
"12:32, 25-Feb-2022","Ukraine crisis: Some 100,000 displaced, thousands flee abroad"
"14:50, 25-Feb-2022",Volunteers make vital contribution to Beijing 2022's tremendous success
"07:53, 25-Feb-2022",Zelenskyy: Ukraine 'left alone' to fight Russia
"19:14, 26-Feb-2022",At least 13 dead after boat capsizes off central Vietnam
"19:03, 26-Feb-2022",Beijing 2022 highlights: When Olympic medals run in the family
"19:21, 26-Feb-2022",China condemns latest U.S. warship transit of Taiwan Straits
"10:57, 26-Feb-2022",China says EU should urge Lithuania to return to one-China principle
"11:13, 26-Feb-2022",China sets new safe flight world record of 100 million continuous hours
"07:31, 26-Feb-2022",Wang Yi: China encourages efforts conducive to peaceful settlement of Ukraine crisis
"13:13, 26-Feb-2022",Cutting Russia off SWIFT technically difficult: Germany
"16:44, 26-Feb-2022",France announces 300m euros in aid for Ukraine
"22:31, 26-Feb-2022","America's allies want no part in the Russia-Ukraine conflict, but it's hard to not take sides"
"21:00, 26-Feb-2022",Iran to send five athletes to 2022 Winter Paralympic Games
"14:50, 26-Feb-2022",M6.0 earthquake strikes Mindanao in Philippines: EMSC
"20:12, 26-Feb-2022","MWC organizer: No Russian showcase, ban on some Russian firms"
"19:51, 26-Feb-2022",NBA highlights on Feb. 25: Harden impresses 76ers in debut game
"19:51, 26-Feb-2022",Rams coach Sean McVay committed to helping team defend Super Bowl title
"20:06, 26-Feb-2022",Ukraine crisis spirals into space: Roscosmos head warns U.S. sanctions may lead to ISS crashing down
"12:22, 26-Feb-2022",U.S. sanctions Putin as Russia and Ukraine signal openness to talks
"06:52, 26-Feb-2022",UN Security Council fails to pass draft resolution on Ukraine
"11:04, 26-Feb-2022",IAEA: Chernobyl radiation levels pose no risk to public amid Ukraine-Russia conflict
"13:36, 26-Feb-2022","Ukrainian Vice PM urges Apple to cut products, services in Russia"
"18:58, 26-Feb-2022",Zelenskyy says Ukraine still in control of Kyiv
"08:54, 27-Feb-2022",Australia floods kill seven as severe weather pummels Queensland
"22:34, 27-Feb-2022",Boxing governing bodies ban Russia from hosting title bouts
"09:34, 27-Feb-2022","Wang Yi: China backs a security dialogue between NATO, EU and Russia"
"08:20, 27-Feb-2022",'Never leave citizens behind': Chinese ambassador says he still in Kyiv
"20:29, 27-Feb-2022",Chinese para ice hockey team have first adaptive training session
"23:17, 27-Feb-2022",Clashes intensify as Russia-Ukraine conflict enters 4th day
"07:08, 27-Feb-2022",DPRK fires suspected ballistic missile toward eastern waters: ROK military
"13:24, 27-Feb-2022",Dmitry Novikov: U.S. uses Ukraine as a geopolitical bargaining chip against Europe
"11:26, 27-Feb-2022",Earthquake in western Indonesia kills 10
"17:51, 27-Feb-2022","Explainer: SWIFT, and the impact of cutting Russian banks out"
"10:25, 27-Feb-2022",Fleeing to the border: Ukrainians lined up overnight seeking refuge
"19:28, 27-Feb-2022",Global Political Calendar: China's Two Sessions and Russia-Ukraine conflict
"08:51, 27-Feb-2022",Heavy shelling strikes Kharkiv in northeastern Ukraine
"22:13, 27-Feb-2022",Leeds United fire manager Marcelo Bielsa amid difficult season
"18:37, 27-Feb-2022","NBA highlights on Feb. 26: Irving, Nets get revenge on Bucks"
"13:23, 27-Feb-2022",Polling stations open for referendum in Belarus
"13:39, 27-Feb-2022",Refugees flee across EU borders as Ukrainian fighting continues
"10:11, 27-Feb-2022",Russia resumes operation as Ukraine says talk conditions 'unacceptable'
"11:58, 27-Feb-2022","Spotlight: Volodymyr Zelenskyy, the man in the middle"
"12:31, 27-Feb-2022",UN body weighs a global treaty to fight plastic pollution
"15:44, 27-Feb-2022",Ukraine agrees to hold talks with Russia at Belarusian-Ukrainian border
"07:45, 28-Feb-2022",BP abandons 19.75% stake in Russian oil giant Rosneft
"08:05, 28-Feb-2022",DPRK confirms conducting 'reconnaissance satellite' test
"07:31, 28-Feb-2022",UNSC adopts resolution requesting UNGA emergency session on Ukraine
"02:05, 23-Feb-2022","Nigerian VP calls for ECOWAS cooperation with international states, bodies to deter coups"
"00:45, 24-Feb-2022",83 percent of Africa's population yet to receive a single dose of COVID-19 vaccine
"01:11, 24-Feb-2022",Ghanaian expert says China-Africa cooperation in infrastructure to boost intra-regional trade
"01:00, 24-Feb-2022",EU Council president calls for emergency summit over Russia-Ukraine crisis
"02:25, 24-Feb-2022",More peripheral losses inflicted as US sheds off COVID-19 restrictions
"01:16, 24-Feb-2022",S. African experts call for BRICS to expand scope after COVID-19
"00:43, 24-Feb-2022",UN chief calls for de-escalation of the Russia-Ukraine crisis
"23:37, 24-Feb-2022",Ukraine fighting rages in Chernobyl near nuclear facility: official
"02:24, 25-Feb-2022",Chernobyl power plant captured by Russian forces-Ukrainian official 
"00:41, 25-Feb-2022","Mayor declares curfew in Ukrainian capital, Kyiv"
"02:26, 25-Feb-2022",Stoltenberg: NATO has no plans to send troops into Ukraine
"02:36, 25-Feb-2022",UK announces new set of sanctions against Russia
"01:35, 26-Feb-2022",German GDP growth in 2021 revised to 2.9 percent: Destatis
"03:15, 26-Feb-2022",Manchester United ends their sponsorship deal with Russia's airline 
"01:22, 26-Feb-2022",Russia suspended from Council of Europe
"03:20, 26-Feb-2022",Russia to restrict Facebook access for 'censoring' its media
"23:44, 27-Feb-2022",Egypt calls for Arab League meeting on Ukraine conflict
"02:08, 27-Feb-2022",Western allies agree on blocking some Russian banks from SWIFT
"01:16, 27-Feb-2022","Moscow ready to cooperate with ""all constructive forces"" on settlement in Ukraine"
"01:07, 27-Feb-2022",Russia able to take measures to mitigate damage from sanctions: Kremlin
"04:24, 27-Feb-2022",Sri Lankan central bank recommends reducing work days to beat fuel shortage
"04:38, 27-Feb-2022",Sweden will not play Russia in the 2022 World Cup play-offs
"02:28, 28-Feb-2022",Africa's COVID-19 cases pass 11.17 mln: Africa CDC
"02:14, 28-Feb-2022",EU to shut airspace to Russian airlines
"02:11, 28-Feb-2022",UN nuclear watchdog sets Wednesday date for emergency meeting on Ukraine
"02:57, 28-Feb-2022",Rural Hungarians unite to provide aid for Ukrainians fleeing conflict
"01:50, 28-Feb-2022",Russia says won't suspend military operation in Ukraine during talks
"01:39, 28-Feb-2022",Zimbabwe to assist nationals stuck in Ukraine to return home
"03:02, 25-Feb-2022",Eye witness: Residents flee Kyiv and a shop sells knives and guns
"02:43, 26-Feb-2022",Kyiv kindness has shown 'how valuable life is'
"01:52, 27-Feb-2022","Milan Fashion Week exceeds expectations, says Italian fashion chief "
"01:35, 27-Feb-2022",Paris says 2024 Olympics will be the best Games ever - The Agenda's Stephen Cole hears France's plans
"06:32, 23-Feb-2022",Grand Ethiopian Renaissance Dam begins generating electricity
"06:55, 24-Feb-2022", Ray Dalio of Bridgewater Associates at CGCC Lunar New Year Gala 
"01:02, 24-Feb-2022",Authorities continue cleaning efforts for oil spill off coast of Peru
"01:02, 24-Feb-2022",China General Chamber of Commerce holds Lunar New Year gala
"06:49, 24-Feb-2022",Dogs run alongside humans for UAE's HK9 Canicross 2022
"01:46, 24-Feb-2022",Electric motors gain popularity in boating industry
"01:46, 24-Feb-2022",Mexico’s economy struggles to bounce back after pandemic recession
"01:02, 24-Feb-2022",Recession hitting Mexico's economy 
"03:31, 24-Feb-2022",Russia-Europe Nord Stream 2 pipeline operations on hold 
"04:48, 24-Feb-2022",Suicide rates on the rise for Black community
"06:49, 24-Feb-2022",Upcycling becomes growing trend in food industry 
"17:18, 25-Feb-2022",Ambassador Qin Gang commemorates 50th anniversary of Nixon's China visit
"03:26, 25-Feb-2022",Most world leaders call on Russia to withdraw troops
"01:59, 25-Feb-2022",Peruvian coastline struggles to recover from oil spill
"03:52, 25-Feb-2022",Reparations for African Americans
"03:53, 25-Feb-2022",Rescue operation remains ongoing as many still missing in Brazil
"03:53, 25-Feb-2022",See how Nixon’s 1972 China trip affected Latin America
"03:27, 25-Feb-2022",See how a Chicago hospital helps the black community fight COVID
"03:52, 25-Feb-2022",See why this scientist insists on wearing a mask
"06:27, 25-Feb-2022",The economic impact of the Russia-Ukraine conflict escalates
"03:53, 25-Feb-2022","Violent landslides, floods devastate rural Bolivia"
"06:27, 25-Feb-2022",What is SWIFT?
"03:59, 26-Feb-2022",Biden’s COVID-19 response so far
"03:40, 26-Feb-2022",Children Learn Chinese in Mexico
"07:09, 26-Feb-2022",New subway safety plan begins after violent attacks in NYC
"07:04, 26-Feb-2022",Protesters march in support of Ukraine
"03:51, 26-Feb-2022",Qin Gang celebrates 50th anniversary of Nixon’s visit to China
"05:13, 26-Feb-2022",See how China’s presence at U.N. paved way to thawing relations
"05:25, 26-Feb-2022",Ukrainians flee to neighboring countries amid crisis 
"03:37, 26-Feb-2022",Who is the U.S. Supreme Court Nominee Ketanji Brown Jackson?  
"05:25, 26-Feb-2022",Winter storm brings ice and snow to U.S. northeast
"04:48, 27-Feb-2022",Bolivia's miners celebrate as Oruro Carnival begins 
"04:47, 27-Feb-2022",Kyiv mayor issues curfew from 5pm Saturday to 8am on Monday 
"04:48, 27-Feb-2022","Oil depot burns in Luhansk, Ukraine"
"04:31, 27-Feb-2022",Qin Gang visits a school that President Xi and Biden visited 10 years ago
"05:25, 28-Feb-2022",Explanation of Vote by Ambassador Zhang Jun at the UN Security Council on the Resolution on Ukraine
