﻿"23:34, 24-Jun-2022",HKSAR official says Hong Kong can benefit from new electoral system
"23:28, 24-Jun-2022","Instead of smart cars, Tencent wants to build a cloud for cars"
"23:24, 24-Jun-2022","Xi Jinping: This is an age rife with challenges, but also full of hope"
"22:27, 24-Jun-2022",Xi: Only through continuous development can people's dreams be realized
"22:28, 24-Jun-2022",Xi calls for jointly fostering global development partnerships
"22:55, 24-Jun-2022",Xi Jinping's key quotes at the High-level Dialogue on Global Development
"22:53, 24-Jun-2022",Xi Jinping stresses building international consensus on promoting development
"16:57, 25-Jun-2022",Asia News Wrap: A devastating earthquake in Afghanistan and more
"09:10, 25-Jun-2022",Full text: Chair's statement at the High-level Dialogue on Global Development
"08:46, 25-Jun-2022",Chengdu Universiade rescheduled for summer 2023
"21:12, 25-Jun-2022",China completes main structure of its neutrino detector
"17:25, 25-Jun-2022",China keeps enlarging nuclear power generation capacity in 2022 
"18:43, 25-Jun-2022",Chinese FM extends condolences to Afghan acting FM over earthquake
"12:52, 25-Jun-2022",China's Sinovac COVID-19 vaccine registered for use in South Africa
"18:24, 25-Jun-2022",China's northern parts swelter in temps as high as 40℃
"16:04, 25-Jun-2022","China unveils EV battery with unprecedented 1,000km on single charge"
"18:25, 25-Jun-2022",China warns against excessive COVID-19 control measures in some places
"09:30, 25-Jun-2022",Chinese mainland records 53 new confirmed COVID-19 cases
"11:46, 25-Jun-2022",Chinese mainland welcomes Hong Kong professionals
"09:00, 25-Jun-2022",Chinese neuroscientist wins 2022 L'Oréal-UNESCO For Women in Science Awards
"19:46, 25-Jun-2022",English-version 'Xi Jinping and College Students' released in Pakistan
"18:24, 25-Jun-2022",Expert: Better use of technology will advance agriculture
"18:22, 25-Jun-2022","Expert: Green energy cooperation, manufacturing and finance are vital"
"14:39, 25-Jun-2022","Hong Kong youths find jobs, opportunities in the Greater Bay Area"
"21:48, 25-Jun-2022",M4.9 earthquake hits Hualien in China's Taiwan: CENC
"22:02, 25-Jun-2022",My account on China: Liangshan's poverty alleviation drive
"23:40, 25-Jun-2022",My account on China: Wuhan's COVID-19 epicenter battle
"20:21, 25-Jun-2022",My account on China: Wuhan's COVID-19 epicenter battle
"22:58, 25-Jun-2022",Official: HKSAR govt to address public concerns as 'new chapter' opens
"16:58, 25-Jun-2022",PLA condemns U.S. aircraft's flight over Taiwan Straits
"11:56, 25-Jun-2022",Pink lightning flashes across the sky of China's Tongliao City
"09:15, 25-Jun-2022",President Xi speaks mind of developing countries: foreign minister
"10:23, 25-Jun-2022","China to strengthen exchanges, mutual learning with Latin America: Chinese FM"
"16:02, 25-Jun-2022",Wang Yi describes BRICS 'China Year' as fruitful
"23:05, 25-Jun-2022",World reacts positively to Xi's words at BRICS events
"00:17, 25-Jun-2022",Xi: China will continue to support the UN's 2030 agenda
"09:53, 25-Jun-2022",Xi to attend meeting marking 25th anniversary of HK's return to motherland
"14:20, 26-Jun-2022",Airbus sets up China research center for hydrogen technology
"23:18, 26-Jun-2022",Allan Zeman: HK continues its super-connector role in the world
"16:23, 26-Jun-2022","China Weekly News Quiz: June 19-26, 2022"
"22:49, 26-Jun-2022",China's sci-tech talent is becoming more youthful
"16:32, 26-Jun-2022",China's war on drugs makes advances but challenges remain 
"12:11, 26-Jun-2022",China take artistic swimming mixed duo bronze at FINA World Championsips
"14:05, 26-Jun-2022",Chinese forward Zeng Fanbo to play in NBA Summer League for Pacers
"09:21, 26-Jun-2022",Chinese mainland records 39 new confirmed COVID-19 cases
"11:23, 26-Jun-2022",China's Biodiversity: Conservation of water shield yields economic benefits for farmers in Chongqing
"14:01, 26-Jun-2022",From drug addict to drug abuse social worker: The story of Yang Weigen
"11:03, 26-Jun-2022",Kung Fu Masters: Stories of 20 legendary lives
"22:40, 26-Jun-2022",Large quantity of drugs destroyed in SW China's Kunming  
"10:32, 26-Jun-2022",North China braces for flood season
"14:43, 26-Jun-2022","Security chief: National Security Law brings order back to Hong Kong, though threats linger"
"21:33, 26-Jun-2022",Shanghai to gradually allow dining-in at restaurants from June 29
"08:45, 27-Jun-2022",Bauhinia and Lotus Series | Episode 3: Urban predator
"17:37, 27-Jun-2022",China's first port-based hydrogen refueling station starts operation 
"13:18, 27-Jun-2022",China's first intelligent factory for offshore drilling equipment starts operation
"20:20, 27-Jun-2022",China's new telecom carrier launches 5G services
"20:17, 27-Jun-2022",China says it welcomes infrastructure initiatives but opposes smears against BRI
"15:14, 27-Jun-2022","Chinese, Guyanese presidents exchange congratulations on 50th anniversary of diplomatic ties"
"09:14, 27-Jun-2022",Chinese mainland records 39 new confirmed COVID-19 cases
"23:10, 27-Jun-2022",Fruit transportation: Direct flights transfer fresh produce across China
"11:16, 27-Jun-2022",Formidable China outclass Lithuania to claim FIBA 3x3 World Cup bronze
"17:37, 27-Jun-2022",Golf: China's Li Haotong wins first title since 2018
"19:12, 27-Jun-2022",Hong Kong 25 Years On: Chinese mainland welcomes HK professionals
"14:59, 27-Jun-2022",Hong Kong Police Force to officially perform Chinese-style foot drills from July 1
"13:49, 27-Jun-2022",Ritual remains of early Xia Dynasty discovered at Wadian site
"09:23, 27-Jun-2022",Sword is an extension of the arm: Xiaoyao Sword
"23:01, 27-Jun-2022",Tencent's QQ messenger accounts hacked to spread porn ads
"19:18, 27-Jun-2022","Trains, classes suspended as NE China on rainstorm alert"
"22:51, 27-Jun-2022",U.S.-backed smear campaign created 'debt trap' narrative to defame BRI
"16:17, 27-Jun-2022",UAE's Etihad Airways to resume Abu Dhabi-Beijing direct flights
"09:25, 27-Jun-2022","Wang, Cao win first diving gold for China at FINA Worlds"
"22:41, 28-Jun-2022", Expert: Hong Kong continues to attract international investors
"08:09, 28-Jun-2022",'Greater Bay Area in the Eyes of Artists' opens at National Museum
"15:13, 28-Jun-2022",3.4 billion COVID-19 vaccine doses administered on Chinese mainland
"14:30, 28-Jun-2022",A group of red foxes settle down in NW China's Golmud City
"15:59, 28-Jun-2022",A leopard cat spotted for the first time in a Hainan wetland park
"23:04, 28-Jun-2022",China and Europe are partners rather than competitors: Wang Yi
"22:18, 28-Jun-2022",China eradicated extreme poverty over the past ten years
"07:54, 28-Jun-2022",China launches new Earth observation satellite
"13:26, 28-Jun-2022",China's market regulator proposes new rules to better implement revised antitrust law
"22:01, 28-Jun-2022",China sends aid to help Afghanistan recover from magnitude-5.9 quake
"16:02, 28-Jun-2022",China slashes quarantine time for international arrivals   
"22:15, 28-Jun-2022","China to cut gasoline, diesel retail prices"
"23:05, 28-Jun-2022",China unveils major sci-tech issues for 2022
"11:23, 28-Jun-2022",China urges U.S. to look at its own forced labor problem
"09:26, 28-Jun-2022",Chinese mainland records 16 new confirmed COVID-19 cases
"15:17, 28-Jun-2022",Coach on China's bronze medal in FIBA 3x3 World Cup: 'We did our best'
"22:19, 28-Jun-2022",Expert: Cooperation between HK and the Greater Bay Area is key
"17:35, 28-Jun-2022","HK youth rep. affirms city's progress, blasts U.S. for provocation"
"16:21, 28-Jun-2022",Hong Kong 25 years on: A bigger role in nation's opening-up
"22:48, 28-Jun-2022",Kabul receives second batch of humanitarian aid from China for earthquake victims
"18:04, 28-Jun-2022",Online influencers boost popularity of frisbee in China amid COVID-19
"14:28, 28-Jun-2022",Quick arm movements: Wing Chun
"15:56, 28-Jun-2022",Shanghai Disneyland to reopen on June 30 with COVID-19 subdued
"15:25, 28-Jun-2022",Shenzhou-13 crew holds first press conference since return from space
"18:19, 28-Jun-2022",Students return to the classroom as COVID-19 cases recede in Beijing
"18:15, 28-Jun-2022",This is Hong Kong: Revisiting the past through miniature art
"13:07, 28-Jun-2022",Two rescued after bus slides into river in Shanghai
"19:40, 28-Jun-2022",China urges U.S. to cease any form of official exchange with Taiwan region 
"20:47, 28-Jun-2022",President Xi's special representative to attend Philippine presidential inauguration
"14:40, 28-Jun-2022",Xi Jinping encourages grain farmers to contribute to national food security
"21:43, 29-Jun-2022",Analyst: Integration with other cities in Greater Bay Area to benefit more
"21:48, 29-Jun-2022","Analyst: With the ease of pandemic, business to return to normal"
"16:06, 29-Jun-2022",British member of Hong Kong police says city always bounces back from challenges
"09:57, 29-Jun-2022","China gears up to tackle annual floods, droughts"
"12:14, 29-Jun-2022",China's Mars probe Tianwen-1 completes mission
"08:41, 29-Jun-2022",China's civil aviation sector recovery accelerates in June
"16:54, 29-Jun-2022",China slams U.S. for putting 5 Chinese firms on trade blacklist
"11:55, 29-Jun-2022",Chinese embassy opposes latest U.S. trade blacklist on Chinese firms
"09:14, 29-Jun-2022",Chinese mainland records 24 new confirmed COVID-19 cases
"21:16, 29-Jun-2022",Chinese shipping giant reflects on sea change since 1997 handover   
"21:10, 29-Jun-2022",Christie's: Asia Pacific collectors add to strong global demand for art despite pandemic
"23:27, 29-Jun-2022",Startup story: Director Li to serve as 'messenger' between Hong Kong and Chinese mainland
"20:52, 29-Jun-2022",Expert: The 'Whole-process people's democracy' reflects people's will
"21:36, 29-Jun-2022",The first Suezmax LNG dual fuelled crude oil tanker delivered in China
"21:57, 29-Jun-2022","Greater Bay Area, an important national development strategy for China"
"21:07, 29-Jun-2022",Guangzhou hires Hong Kong youths for government roles
"21:55, 29-Jun-2022","Hong Kong Secretary for Justice: City has been successful as intl. law, arbitration center"
"21:17, 29-Jun-2022",HK local govt. offers Funding Scheme for Youth Entrepreneurship
"21:56, 29-Jun-2022",HKSAR official hails city's role as international arbitration center
"12:51, 29-Jun-2022",Macao SAR chief executive to attend Hong Kong's 25th anniversary celebrations
"09:22, 29-Jun-2022",Hong Kong 25 years on: Better integrating into national development
"12:52, 29-Jun-2022",New batch of China-donated earthquake relief supplies arrives in Kabul
"15:28, 29-Jun-2022",People's congress system ensures practice of whole-process people's democracy
"22:00, 29-Jun-2022","Senior Chinese diplomat visits Pakistan, UAE, Zimbabwe and Mozambique"
"21:34, 29-Jun-2022",Shanghai resumes cross-provincial commute
"20:52, 29-Jun-2022","Small county offers incentives to support employers, create more jobs"
"15:21, 29-Jun-2022",Summer ushers in positive signals for tourism market recovery
"22:54, 29-Jun-2022",This is Hong Kong: Big Bun - A good deal that gained traction
"23:06, 29-Jun-2022","Trailer:  'The Call of the Plateau': Volunteer wardens protect black-necked cranes, the sacred bird on the Plateau"
"14:51, 29-Jun-2022","Xi Jinping inspects Wuhan, stresses China's self-reliance in science, technology"
"23:29, 30-Jun-2022","A hip-hop ode to Hong Kong's 'Lion Rock' spirit, 25th anniversary of city's return to China"
"21:56, 30-Jun-2022",Bauhinia and Lotus Series | Episode 6: Island microcosm
"13:06, 30-Jun-2022",CGTN Documentary to go live in Hong Kong with premiere list revealed
"13:22, 30-Jun-2022",CPC official hails Party's fight against corruption over the past decade 
"18:10, 30-Jun-2022",Carlos Rodriguez: Latin America must learn from China's development
"13:54, 30-Jun-2022","China launches 1st 2,000-tonne offshore wind farm installation vessel"
"22:36, 30-Jun-2022",China refutes British Foreign Secretary's remarks on Taiwan
"09:36, 30-Jun-2022","China's factory, service sectors expand in June as recovery accelerates"
"10:24, 30-Jun-2022",China's first 1-mln-kilowatt-grade onshore wind power project put into operation
"15:12, 30-Jun-2022",China's first bio-aviation kerosene producer trials clean energy production
"12:23, 30-Jun-2022",Yang Jiechi: China to work with Pakistan to safeguard developing countries' interests
"11:50, 30-Jun-2022",Boom and Bust of Hubei's crayfish: Chinese catering industry strives for recovery
"10:10, 30-Jun-2022",Chinese divers sweep three golds in four hours at FINA World Championships
"09:19, 30-Jun-2022",Chinese mainland records 33 new confirmed COVID-19 cases
"12:37, 30-Jun-2022",Chinese premier extends congratulations to new Grenada PM
"20:01, 30-Jun-2022",Eight stone inscriptions discovered at Chengdu's Wuhou Shrine Museum
"21:22, 30-Jun-2022",Expert: Central govt's support for Hong Kong ensures city's prosperity
"22:28, 30-Jun-2022",Expert: China's database industry evolving to next stage
"21:05, 30-Jun-2022",Expert: Hong Kong's tourism is full of potential
"21:23, 30-Jun-2022",Expert: Hong Kong should provide supporting measures to retain talents
"21:23, 30-Jun-2022","Expert: 'One Country, Two Systems' a wise arrangement for Hong Kong"
"23:07, 30-Jun-2022",Expert: Start-ups in Hong Kong will benefit most from five-year plan
"12:31, 30-Jun-2022",Graphics: Communist Party of China has over 96 million members
"18:14, 30-Jun-2022",HK youth in Shenzhen: Discovering the charm of traditional Chinese medicine
"11:56, 30-Jun-2022",Hong Kong 2022: After a storm comes a calm
"11:52, 30-Jun-2022",Hong Kong 25 years on: A cultural bond between China and the world 
"18:11, 30-Jun-2022",Hong Kong Palace Museum of Culture set to open on July 2
"17:11, 30-Jun-2022",Is Hong Kong's global financial center status being weakened?
"22:18, 30-Jun-2022",The two-handed sword's uniqueness lies in dexterity
"08:15, 30-Jun-2022",Together for a new chapter of HK's prosperity and good governance
"19:24, 30-Jun-2022",Xi Jinping 'fully acknowledges' Carrie Lam's 5-year tenure as Hong Kong chief executive
"21:03, 30-Jun-2022",Xi Jinping meets CPPCC National Committee Vice Chairman Leung Chun-ying
"21:01, 30-Jun-2022",Xi Jinping meets with Macao SAR chief executive
"16:51, 30-Jun-2022",Xi Jinping receives warm welcome in Hong Kong
"15:15, 30-Jun-2022",Xi Jinping arrives in Hong Kong for 25th anniversary of its return to China
"15:48, 30-Jun-2022","'One Country, Two Systems' ensures Hong Kong's prosperity, stability"
"17:34, 30-Jun-2022",Xi's speech on CPC's historical experience over past century to be published
"15:03, 30-Jun-2022",Xi Jinping to arrive in Hong Kong for 25th anniversary of its return to China
"08:08, 01-Jul-2022",Flag-raising ceremony held in Hong Kong to celebrate 25th anniversary of its return to China
"00:35, 01-Jul-2022",Xi Jinping inspects Hong Kong Science Park
"02:06, 01-Jul-2022",New accusations against Trump for Capitol attack
"06:46, 01-Jul-2022",Shanghai Disney Resort theme park reopens
