﻿"22:58, 04-Mar-2022",Stunning views of Beijing 2022 Winter Paralympic Games opening ceremony
"07:01, 05-Mar-2022","27 Malian soldiers, 70 terrorists killed in attack in central Mali"
"09:48, 05-Mar-2022",50 injured in a fire at a police detention center in Philippines
"13:20, 05-Mar-2022",Race intensifies for Chelsea takeover as Turkish billionaire Muhsin Bayrak confirms bid
"10:28, 05-Mar-2022","Winter Paralympics: China wins its first gold medal, in Para biathlon"
"07:26, 05-Mar-2022",Chinese envoy calls for joint efforts to ensure safety of nuclear facilities in Ukraine
"07:57, 05-Mar-2022",DPRK fires unidentified projectile toward eastern waters: report
"17:39, 05-Mar-2022",Daily Quotes from 2022 Winter Paralympics on March 5
"14:55, 05-Mar-2022",Serious errors found in U.S.-backed data on Chinese dams on Mekong River
"22:59, 05-Mar-2022",Evacuations temporarily halted in Ukraine area where ceasefire pledged
"22:46, 05-Mar-2022","Key quotes: How Xi tells young officials to have strong faith, work hard"
"19:26, 05-Mar-2022",Lavrov says Ukraine is not allowing civilian evacuation from Kharkov
"22:34, 05-Mar-2022",Li Duan becomes world's first blind athlete to light Paralympic flame
"07:04, 05-Mar-2022",Libyan PM's press service denies Dbeibah's resignation
"21:34, 05-Mar-2022",Liverpool manager Jurgen Klopp confirms he will leave in 2024
"16:56, 05-Mar-2022",Meet the designer of Beijing 2022 Winter Paralympics mascot Shuey Rhon Rhon
"19:46, 05-Mar-2022",NBA highlights on March 4: 76ers rise to No. 2 in Eastern Conference
"21:14, 05-Mar-2022",News organizations to stop broadcasting in Russia after new law
"09:44, 05-Mar-2022","Nike, IKEA close Russian stores as sanctions, trade restrictions bite"
"17:02, 05-Mar-2022",Iran agrees roadmap to resolve nuclear issues with IAEA
"08:54, 05-Mar-2022",Over 130 Palestinians injured in clashes with Israeli soldiers in West Bank: medics
"10:01, 05-Mar-2022",Premier Li: China to pursue higher-standard opening-up
"21:01, 05-Mar-2022",Putin calls decision on military operation in Ukraine 'difficult'
"18:00, 05-Mar-2022",Putin tells Scholz: Ukraine dialogue possible if Russian demands are met
"21:41, 05-Mar-2022",Reporter's Diary: Life changes in Russia under economic sanctions
"14:31, 05-Mar-2022",Russia declares partial ceasefire to allow humanitarian corridors in Ukraine
"14:38, 05-Mar-2022",South Korean wildfire spreads and thousands evacuate
"13:00, 05-Mar-2022",U.S. ambassador Nicholas Burns arrives in China
"22:26, 05-Mar-2022","China 'gravely concerned' about U.S.' recent words, deeds on bilateral ties: Wang Yi"
"12:24, 06-Mar-2022",22 injured in violence at Mexican football match
"13:25, 06-Mar-2022","6 dead, 4 injured in major Iowa tornado"
"21:19, 06-Mar-2022",Artists Association President: Mascot resonates with para athletes
"21:34, 06-Mar-2022",CGTN Sports Talk: Suns are doing surprisingly well without Chris Paul
"18:16, 06-Mar-2022",Chinese mission to EU: All efforts conducive to de-escalation welcomed
"07:23, 06-Mar-2022",DPRK says it conducts second 'important' satellite test
"19:51, 06-Mar-2022",Daily Quotes from 2022 Winter Paralympics on March 6
"19:26, 06-Mar-2022",Demonstrators rally against Washington's COVID-19 mandates
"08:50, 06-Mar-2022",Global COVID-19 deaths near 6 million: WHO
"17:26, 06-Mar-2022",Has India overtaken China and become the most populous country in the world?
"07:24, 06-Mar-2022","Iran, IAEA agree to settle nuclear issues in boost for Vienna talks"
"20:33, 06-Mar-2022","Macron, Putin hold phone talks on situation in Ukraine"
"21:56, 06-Mar-2022",Civilian safe passage from Ukraine's Mariupol 'halted': ICRC
"20:15, 06-Mar-2022",NBA highlights on March 5: James' record night ends Lakers' nightmares
"09:43, 06-Mar-2022",Russia may allow outside firms to maintain airliners amid sanctions: Tass
"19:53, 06-Mar-2022",Russia ready for dialogue with Ukraine and foreign partners
"08:57, 06-Mar-2022",Ukrainian websites under 'nonstop' attack: Cyber watchdog agency
"23:13, 06-Mar-2022",Visually impaired skier thanks her guide at 2022 Winter Paralympics
"20:24, 06-Mar-2022",Vucic becomes candidate for Serbian presidential election 
"10:40, 07-Mar-2022","'People's Convoy' truck protest targets Washington, slows traffic"
"07:32, 07-Mar-2022",13 soldiers killed in bus ambush in Syria's Homs
"20:49, 07-Mar-2022",Bomb kills two UN peacekeepers in Mali
"17:06, 07-Mar-2022","China-ASEAN relations will speed ahead with common development, says Chinese FM"
"17:32, 07-Mar-2022","Wang Yi: China, Indonesia set example of mutually beneficial cooperation between countries"
"09:05, 07-Mar-2022",China's Zhang Shuai wins third career title in Lyon
"12:26, 07-Mar-2022",China's political advisors stress importance of economic stability
"16:25, 07-Mar-2022",FM Wang Yi: BRICS to form high-quality partnership to drive global development
"15:16, 07-Mar-2022",Wang Yi: China to continue playing constructive role in facilitating Russia-Ukraine talks 
"17:27, 07-Mar-2022",Chinese FM urges Japan to maintain bilateral ties on the right track 
"17:30, 07-Mar-2022",Chinese FM urges U.S. to unfreeze Afghan assets amid cold winter
"21:24, 07-Mar-2022",Chinese athletes bag top 3 medals in para men's snowboard cross SB-UL
"11:35, 07-Mar-2022",Chinese embassy urges UK to stop 'playing with fire' on Taiwan question
"18:09, 07-Mar-2022",Daily Quotes from 2022 Winter Paralympics on March 7
"21:11, 07-Mar-2022",Expert says rocket debris crash on moon harmless
"13:04, 07-Mar-2022",Explainer: What troubles Poland may face by sending warplanes to Ukraine?
"11:40, 07-Mar-2022",2 killed after Israeli 'air aggression' in Syria: SANA
"15:40, 07-Mar-2022",FM: Beijing 2022 shows a more 'confident and open' China to the world
"16:33, 07-Mar-2022","FM Wang Yi: China to make BRI a 'belt of development', a 'road to happiness'"
"17:17, 07-Mar-2022",FM Wang Yi: Root of Korean Peninsula issue lies in security
"17:36, 07-Mar-2022",FM Wang Yi: There are no 'debt traps' between China and Africa
"18:05, 07-Mar-2022",FM Wang Yi highlights China-LAC cooperation in annual press conference
"17:44, 07-Mar-2022",Global COVID-19 deaths surpass 6 million: Johns Hopkins University 
"16:31, 07-Mar-2022",Global Development Initiative to be implemented step by step: Chinese FM
"14:51, 07-Mar-2022",IPC specialist: Beijing 2022 sets bar on accessibility
"17:15, 07-Mar-2022","Iran says nuclear deal possible soon, Russia's contribution constructive"
"12:58, 07-Mar-2022",Iran's Shamkhani: Tehran is evaluating new components in nuclear talks
"10:47, 07-Mar-2022","Iranian lawmaker: Vienna draft deal ready, few differences remaining"
"10:56, 07-Mar-2022","European roundup: Man City thrash Man Utd in derby, Barca return to top four"
"10:58, 07-Mar-2022",Mexican league suspended after football match turns into tragedy
"21:31, 07-Mar-2022",NBA highlights on March 6: Nuggets can always trust 'Joker'
"10:35, 07-Mar-2022",Netflix suspends service in Russia
"13:01, 07-Mar-2022",New IAEA report contains positive changes: Iranian diplomat
"13:02, 07-Mar-2022",Polish charity takes care of pets evacuated from Ukraine
"18:58, 07-Mar-2022",Power shortages worsen Syrians' suffering in winter
"18:08, 07-Mar-2022",Russian defense ministry reveals NATO information in Ukrainian military file: report
"21:34, 07-Mar-2022",Russia reveals evidence of U.S.-funded bio-program in Ukraine
"13:20, 07-Mar-2022",Russia says Ukraine's air force is practically destroyed
"23:07, 07-Mar-2022","Russian, Iranian FMs hold phone talk"
"18:51, 07-Mar-2022","U.S., UK on Russia's list of 'unfriendly' countries, regions"
"13:21, 07-Mar-2022",Russian military 'declares temporary ceasefire' in Ukraine for humanitarian corridors
"11:40, 07-Mar-2022","S. Korea's ruling party chief hit by object, rushed to hospital"
"21:02, 07-Mar-2022",UFC 272: Colby Covington ends Jorge Masvidal feud with one-sided win
"12:37, 07-Mar-2022",Ukraine crisis: One million refugees flee to Poland
"15:00, 07-Mar-2022",Wildfire sweeping eastern coastal area of South Korea
"20:58, 08-Mar-2022","3 killed, 28 injured in explosion in SW Pakistan"
"14:50, 08-Mar-2022",Amputee master teaches orphans kung fu in Syria
"14:59, 08-Mar-2022",Best flowers for ladies on Women's Day
"18:51, 08-Mar-2022","COVID-19 can cause brain shrinkage, memory loss: Oxford study"
"17:21, 08-Mar-2022",Para alpine skier Zhang Mengqiu makes history at Beijing 2022 Winter Paralympics
"15:40, 08-Mar-2022",China urges U.S. to disclose more details about biolabs in Ukraine
"12:12, 08-Mar-2022",China urges safe implementation of humanitarian corridor in Ukraine 
"20:22, 08-Mar-2022",Daily quotes from 2022 Winter Paralympics on March 8
"08:49, 08-Mar-2022","Death toll rises to 20 in Australian heavy rains, floods"
"12:41, 08-Mar-2022","Fuego Volcano in Guatemala erupts, 150 people evacuated"
"14:54, 08-Mar-2022",Gunmen kill at least 62 vigilantes in Nigeria's Kebbi state
"12:05, 08-Mar-2022",Highlights: CGTN stringer brings the latest from Kharkiv
"12:02, 08-Mar-2022",Highlights: Police check CGTN stringer's ID during livestream in Kharkiv
"16:20, 08-Mar-2022",Iran launches second satellite to near-Earth orbit
"20:50, 08-Mar-2022",Iran puts second 'homegrown' military satellite into orbit
"22:31, 08-Mar-2022",Key quotes from Xi Jinping on current situation in Ukraine
"16:42, 08-Mar-2022",London Metal Exchange suspends trading in nickel on Tuesday
"12:36, 08-Mar-2022","Maduro meets U.S. officials over oil, but little progress towards deal"
"15:01, 08-Mar-2022",New survey: One in three COVID-19 patients report long-term symptoms
"09:38, 08-Mar-2022",OPEC officials meet with U.S. shale executives at energy conference
"11:00, 08-Mar-2022",Political decisions needed to end Vienna nuclear talks: EU coordinator
"07:38, 08-Mar-2022",Russia offers humanitarian corridors from five Ukrainian cities
"22:12, 08-Mar-2022",Russia opens humanitarian corridors for people fleeing Ukraine
"18:49, 08-Mar-2022",Shell to withdraw from Russian oil and gas
"07:35, 08-Mar-2022",Spain's former King Juan Carlos I to remain in UAE
"14:57, 08-Mar-2022",Exclusive Stringer Dispatch: Born in conflict – Kyiv's maternity hospital goes underground
"07:22, 08-Mar-2022",One killed after shooting outside Iowa high school in U.S.
"14:53, 08-Mar-2022","Top U.S., Israeli diplomats meet in Riga on Ukraine, Iran"
"10:58, 08-Mar-2022",UN calls for safe aid delivery to combat zones in Ukraine
"15:45, 08-Mar-2022",Ukraine says at least nine dead in Sumy bombing
"21:55, 08-Mar-2022","WHO reverses previous guidance, says COVID-19 boosters are needed"
"07:20, 09-Mar-2022",South Korea's presidential election begins
"07:36, 09-Mar-2022",U.S. trade deficit soars to record high in January as imports rise
"03:28, 05-Mar-2022","African green lobbyists say climate change worsens conflicts, displacements"
"02:50, 05-Mar-2022","Iran nuclear deal 'close', European diplomats to consult with ministers"
"02:36, 05-Mar-2022",U.S. Supreme Court reimposes Boston Marathon bomber's death sentence
"02:45, 05-Mar-2022","Ukraine should be bridge between East, West, not frontline for confrontation"
"03:19, 05-Mar-2022",WFP warns the world's hungry cannot afford another conflict
"01:54, 06-Mar-2022",Stranded foreigners face dilemma of exorbitant transport costs out of Ukraine
"00:32, 06-Mar-2022","Kenya reports three Yellow Fever deaths, confirms outbreak"
"01:52, 06-Mar-2022",Rwanda suspends night curfew as COVID-19 infections subside
"00:24, 06-Mar-2022","Two years on, South Africa continues fight against COVID-19"
"02:20, 06-Mar-2022",Ukraine's FM urges sanctions' solidarity against Russia
"00:11, 07-Mar-2022",Algeria temporarily shuts Embassy in Ukraine
"01:12, 07-Mar-2022",Putin tells Macron Russia to reach aims through 'negotiation or war'
"00:41, 07-Mar-2022",Second batch of Ghana students arrive back home from Ukraine
"00:47, 07-Mar-2022",Ukraine acknowledges allegations of discrimination against fleeing foreigners
"01:24, 07-Mar-2022",Zelenskyy holds telephone talks with Italy's Draghi over Russia's military operation
"01:14, 08-Mar-2022",Chinese FM holds phone conversation with top EU diplomat
"00:59, 08-Mar-2022",EU leaders to meet 'in coming days' to discuss Ukraine's membership application
"01:59, 08-Mar-2022",Egypt's family developing project offers opportunity to tackle overpopulation
"01:19, 08-Mar-2022",Hungarian gov't allows deployment of NATO troops
"03:49, 08-Mar-2022","Russia, Ukraine end third round of talks with little progress"
"01:05, 08-Mar-2022",U.S. national average gas price jumps to highest since 2008: AAA
"01:26, 08-Mar-2022","UK ambassador to Ukraine has left the country, foreign minister confirms"
"00:29, 09-Mar-2022","Gold prices surge in Turkey amid Russia-Ukraine conflict, inflation concerns"
"01:46, 09-Mar-2022",Iran successfully puts 2nd military satellite into orbit
"01:02, 09-Mar-2022","Kamala Harris to visit Poland, Romania from Wednesday"
"02:58, 09-Mar-2022","Kenya, UN partner to launch peace platform to curb electoral violence"
"02:48, 09-Mar-2022","Moroccan, Singaporean FMs agree to boost bilateral ties"
"02:40, 05-Mar-2022",Vienna prepares to welcome more Ukrainian refugees
"02:17, 08-Mar-2022",Greece's 'energy communities' encourage transition to clean power
"22:27, 08-Mar-2022","Ukraine conflict - day 13: 'Humanitarian corridors' opened, 2 million refugees flee"
"02:00, 09-Mar-2022",Ukraine's Volodymyr Zelenskyy quotes Churchill and Shakespeare in plea to UK
"06:30, 05-Mar-2022",Ambassador Qin Gang at the U.S.-China Dialogue Series opening session 
"05:17, 05-Mar-2022",Early voting begins ahead of South Korea's presidential election
"06:51, 05-Mar-2022",Farmworkers in parts of California can get free rides in electric cars
"06:51, 05-Mar-2022",Russia attacked Europe's largest nuclear power plant.
"06:30, 05-Mar-2022","Suicide bombing in Pakistan kills at least 56, injures 200"
"05:17, 05-Mar-2022",Ukrainian towns of Borodyanka and Hatne destroyed by Russian shelling 
"06:10, 06-Mar-2022",How electric vehicles are helping farmworkers in California
"06:10, 06-Mar-2022",Voting rights in the eyes of Atlanta residents 
"06:08, 06-Mar-2022",What is a no-fly zone? 
"04:30, 08-Mar-2022", Traffic fatalities surge during COVID-19
"04:30, 08-Mar-2022",CGTN staff member meets with mother who arrived from Ukraine
"04:28, 08-Mar-2022",International Women's Day greetings from space
"05:38, 08-Mar-2022",Jewish community help evacuate children from Odessa
"04:30, 08-Mar-2022",Lawsuit filed against 'Remain in Mexico' policy
"05:06, 09-Mar-2022",Brazilian artists use music and murals to call for end to conflict
"03:56, 09-Mar-2022",How home exercise has evolved during the COVID pandemic
"03:51, 09-Mar-2022",NGO promotes socioeconomic independence for Brazilian women
"05:05, 09-Mar-2022",Older Venezuelan women face greater economic hardship
"05:40, 09-Mar-2022",See how interest rates affect the stock market
"03:39, 09-Mar-2022",See what primary voting taught us about Texas’ new voting law
"05:02, 09-Mar-2022",U.S. bans all Russian oil and gas imports
