﻿"18:31, 28-Mar-2022",Delegation representing ROK's president-elect to visit U.S. in early April
"18:11, 30-Mar-2022","3 killed, 2 injured from mudslide in Afghanistan's Wardak province"
"22:06, 30-Mar-2022",At least 6 Pakistani soldiers killed in local Taliban attack: report
"21:27, 30-Mar-2022","Blast kills 1, wounds another in N Afghanistan"
"22:56, 30-Mar-2022",China voices strong opposition to UK's decision to pull HK judges
"19:30, 30-Mar-2022",Crew aboard Russia's Soyuz MS-19 returns to Earth
"20:06, 30-Mar-2022","Eriksen scores on return to Copenhagen stadium, Ibrahimovic to play 'as long as possible'"
"20:29, 30-Mar-2022",German inflation hits post-reunification high at 7.3% in March: data
"20:58, 30-Mar-2022",Golf legend Ochoa inducted into LPGA Hall of Fame after rule change
"15:53, 30-Mar-2022",Gulf states hold Yemen talks despite Houthi boycott
"20:09, 30-Mar-2022",Lavrov: Russia to increase partnership with Iran in all areas
"21:06, 30-Mar-2022",Parliament fails for third time to elect Iraqi president
"18:21, 30-Mar-2022",Polling: Can Macron's firebrand rivals win the French presidency?
"15:33, 30-Mar-2022",Russia's Soyuz MS-19 separates from International Space Station
"22:21, 30-Mar-2022",Russia-Ukraine conflict: Kremlin says Russia won't demand immediate switch to gas payments in rubles
"17:47, 30-Mar-2022",Russian Foreign Minister Lavrov to visit India on Thursday
"20:48, 30-Mar-2022",Lavrov: Russia satisfied with Istanbul negotiations
"19:38, 30-Mar-2022",Tunisian parliament to defy president with full session
"22:24, 30-Mar-2022",U.S. issues Iran-related sanctions 
"14:26, 31-Mar-2022",18 injured in bus-truck collision in Afghanistan
"20:46, 31-Mar-2022",2 Palestinians killed by Israeli soldiers in northern West Bank
"21:50, 31-Mar-2022",Ambush on militia in Ethiopia's Oromiya region kills 26
"16:42, 31-Mar-2022",Armenian PM says will meet Azerbaijani President in Belgium on April 6
"09:41, 31-Mar-2022",Biden administration weighs massive oil reserve drawdown
"23:17, 31-Mar-2022",CGTN Sports Talk: 29 teams qualified for 2022 FIFA World Cup
"18:09, 31-Mar-2022","China, Solomon Islands sign deal on security cooperation framework"
"17:05, 31-Mar-2022",Report: China lifts 800 million out of poverty in 40 years
"09:21, 31-Mar-2022","Wang Yi: Neighbors should support Afghanistan's independence, prosperity"
"21:47, 31-Mar-2022",China's football team coach: We're not good enough for World Cup
"15:37, 31-Mar-2022",China to adopt reciprocal visa sanctions on U.S. officials
"15:40, 31-Mar-2022",China urges U.S. to stop politicizing economic and trade issues
"15:53, 31-Mar-2022",Chinese FM holds press conference on Afghan issue
"12:32, 31-Mar-2022","Women's El Clasico breaks world attendance record as 91,553 see Barcelona thrash Real Madrid"
"17:15, 31-Mar-2022","China, Iran agree to strengthen counter-terrorism cooperation"
"22:03, 31-Mar-2022",Guterres urges donors to give unconditional funds for Afghanistan aid
"08:41, 31-Mar-2022",Hubble telescope spots most distant star ever seen
"14:28, 31-Mar-2022",Iran slams new U.S. sanctions as proof of 'pressure on Iranian people’
"14:05, 31-Mar-2022","M7.2 quake hits Tadine, New Caledonia: USGS"
"12:47, 31-Mar-2022","Mexico, USA clinch 2022 Qatar World Cup berths"
"20:24, 31-Mar-2022",NATO defense spending increases for 7th consecutive year
"19:57, 31-Mar-2022",NBA highlights on March 30: Celtics lose due to serial bad decisions
"17:13, 31-Mar-2022","Omicron pushes U.S. COVID-19 cases, deaths to record highs"
"22:46, 31-Mar-2022",Police operation underway after man armed with rifle seen near Lille station
"15:22, 31-Mar-2022",Power cuts in Sri Lanka could continue into May: minister
"22:04, 31-Mar-2022","Presidents of Russia, Azerbaijan, Armenia hold phone talks"
"09:42, 31-Mar-2022",Putin tells Scholz gas payments can continue in euros: Berlin
"22:32, 31-Mar-2022",Road accident in Brazil leaves 10 dead
"14:35, 31-Mar-2022","Tennis: Ruud upsets Zverev, Swiatek marches into Miami semis "
"13:31, 31-Mar-2022",Trudeau visits indigenous community that found unmarked graves
"07:32, 31-Mar-2022",Tunisian president dissolves parliament after 8-month suspension
"22:15, 31-Mar-2022","U.S., UK expand sanctions against Russia"
"18:52, 31-Mar-2022","China, Tajikistan vow to deepen joint building of the Belt and Road"
"12:30, 31-Mar-2022",World's largest base debuts Boeing small satellite production facility
"10:02, 31-Mar-2022",Xi Jinping delivers written remarks to 3rd meeting of foreign ministers of Afghanistan's neighbors
"12:42, 01-Apr-2022", Putin gives Europe two options: pay in rubles or no Russian gas
"20:50, 01-Apr-2022", Russian FM Lavrov meets with Indian PM Modi
"15:32, 01-Apr-2022",8 dead in Serbia coal mine accident: report
"13:13, 01-Apr-2022","3 dead, 1 seriously injured after trainer fighter jet crashes in South Korea"
"18:30, 01-Apr-2022",At least 7 dead after 2 explosions hit Afghanistan
"12:06, 01-Apr-2022","China, Indonesia vow to promote ASEAN Outlook on the Indo-Pacific"
"10:49, 01-Apr-2022",Wang Yi: Afghan interim government should make efforts towards diplomatic recognition
"19:02, 01-Apr-2022","Premier Li: A stable China-EU relationship crucial to world's peace, stability"
"17:13, 01-Apr-2022","Eurozone inflation hits record high of 7.5%, not peaking yet"
"12:17, 01-Apr-2022",FIFA to scrap radical biennial World Cup plans after furious backlash
"18:26, 01-Apr-2022",ICYMI: The week's quirky news from around the world
"22:48, 01-Apr-2022","IEA states agree on coordinated oil release, details forthcoming: Japan"
"22:16, 01-Apr-2022",Iconic Chinese products of China-EU Landmark Geographical Indications Agreement
"20:15, 01-Apr-2022","Indonesia, Malaysia sign agreement on protection of migrant workers"
"20:32, 01-Apr-2022",Israel and UAE finalize free trade deal
"19:37, 01-Apr-2022","Japan lowers legal age of adulthood to 18, a response to its rapidly aging and shrinking population"
"10:19, 01-Apr-2022",Japan to expand sanctions against DPRK over missile development
"22:22, 01-Apr-2022",Jen Psaki plans to leave White House: media
"09:51, 01-Apr-2022",Researchers publish first complete sequence of human genome
"18:40, 01-Apr-2022","Russia, Ukraine talks resume online on Friday"
"11:44, 01-Apr-2022",Studies show 'hybrid immunity' gives best COVID-19 protection
"22:23, 01-Apr-2022",U.S. imposes DPRK-related sanctions
"09:57, 01-Apr-2022",U.S. to launch first private astronaut mission to space station
"23:10, 01-Apr-2022",WHO: COVID-19 variant 'XE' appears 10% more contagious than Omicron BA.2
"09:07, 01-Apr-2022",Wang Yi reiterates China's consistent stance on Ukraine issue
"21:12, 01-Apr-2022",What have China and EU achieved on trade?
"23:06, 01-Apr-2022","Yemen govt to help with release of prisoners, open Sanaa airport in truce moves"
"16:09, 02-Apr-2022",13 killed in northern Oman rockslide
"21:27, 02-Apr-2022","7 killed, 22 injured after mini-van skids off road in India's Tamil Nadu"
"19:39, 02-Apr-2022",Argentine veterans recall Malvinas war with haunting memories
"13:25, 02-Apr-2022","Australia, India sign trade deal "
"11:52, 02-Apr-2022",Boeing 757 lands safely after cockpit window shatters mid-flight
"13:29, 02-Apr-2022",CGTN correspondent Dmitriy Maslak's war diary 23: Mariupol city center
"11:39, 02-Apr-2022",China-EU Summit provides political guidance for bilateral ties
"13:03, 02-Apr-2022",China-EU leaders' meeting sends positive energy for world peace: China's vice FM
"11:11, 02-Apr-2022","China calls for efforts to promote economic, social, cultural rights amid COVID-19"
"21:55, 02-Apr-2022",Dolphins offers best guaranteed money for CB to keep Xavien Howard
"07:39, 02-Apr-2022",Erdogan to Israel's Herzog: synergy in energy mutually beneficial
"18:50, 02-Apr-2022",Head of London police to leave post on April 10
"07:23, 02-Apr-2022",IAEA chief to head mission to Ukraine's Chernobyl nuclear power plant
"13:40, 02-Apr-2022",IAEA says departure of Russian forces from Chernobyl is 'right step'
"08:23, 02-Apr-2022","Israeli forces kill three Palestinian militants in W. Bank, police say"
"15:41, 02-Apr-2022",M4.4 earthquake strikes Japan's Ibaraki Prefecture
"13:15, 02-Apr-2022",Macron holds first rally of France election campaign
"07:49, 02-Apr-2022",Mali's army says 203 killed in military operation in Sahel
"10:27, 02-Apr-2022",NASA begins critical final test on mega moon rocket
"18:55, 02-Apr-2022",NBA highlights on April 1: Grizzlies beat Suns without four starters
"11:46, 02-Apr-2022",Oil price falls most in 2 years after oil stockpile release
"21:40, 02-Apr-2022",Pakistani PM accuses U.S. of backing move to oust him
"13:45, 02-Apr-2022",Pakistani PM protests to U.S. embassy over alleged interference
"22:40, 02-Apr-2022",Protests over soaring energy prices take place across UK
"10:08, 02-Apr-2022","Qatar 2022 World Cup draw: U.S. to face England, Iran; Spain to meet Germany in group stage "
"21:00, 02-Apr-2022",Schedule released for 2024 Summer Olympics in Paris
"19:01, 02-Apr-2022","Science Saturday: Microplastics, ozone layer damage and collapsing ice"
"19:17, 02-Apr-2022",Sri Lanka imposes 36-hour curfew under state of emergency
"23:04, 02-Apr-2022",Ted Cruz partook in 'dangerous' plan to keep Trump in power: Washington Post
"15:59, 02-Apr-2022",U.S. and Germany mull providing Ukraine security guarantees
"07:18, 02-Apr-2022",UN: Yemen's warring parties agree to two-month truce starting Saturday
"11:26, 02-Apr-2022",Xi exchanges congratulations with Azerbaijani president on 30th anniversary of diplomatic ties
"09:17, 03-Apr-2022",China calls for resuming meaningful dialogue on Korean Peninsula issue
"07:44, 03-Apr-2022","Night club explosion in Azerbaijan kills 1, injures 31"
"12:22, 03-Apr-2022",Governor of Pakistan's Punjab removed from position
"13:14, 03-Apr-2022",Kazakhstan says it thwarts assassination attempt on president
"10:27, 03-Apr-2022","European roundup: Man City reclaim top spot, Real and Atletico set for Champions League tests"
"08:36, 03-Apr-2022",Plane with two on board crashes into English Channel
"12:24, 03-Apr-2022",Polls open in Hungarian parliamentary elections
"13:15, 03-Apr-2022",Polls open in Serbian general election
"09:19, 03-Apr-2022","Swiatek demolishes Osaka in Miami final, completes 'Sunshine Double'"
"07:04, 03-Apr-2022",Torrential rains kill 14 in southeastern Brazil
"13:07, 03-Apr-2022",U.S. making false denials after attempting to topple Pakistani government: Pakistani official
"13:36, 03-Apr-2022",Ukraine's economy may shrink 40% in 2022
"09:50, 03-Apr-2022",Yemen's two-month ceasefire begins
"01:19, 31-Mar-2022","Biden, Zelenskyy hold telephone talks over Ukraine conflict"
"01:24, 31-Mar-2022","Egypt, Nigeria medicines regulators achieve WHO maturity level 3 statuses"
"01:19, 31-Mar-2022",Egypt's El-Sisi hosts Sudan's military leader in Cairo for talks
"01:32, 31-Mar-2022","Egyptian president vows support for efforts to hold Libyan presidential, parliamentary elections"
"02:15, 31-Mar-2022",German Chancellor did not agree with Putin on rouble energy payments -spokesperson
"01:32, 31-Mar-2022","Tunisian president, EU official discuss bilateral ties, EU support"
"01:53, 31-Mar-2022",U.S. imposes sanctions on Iran-based man for aiding ballistic missile program
"01:17, 01-Apr-2022",Biden orders unprecedented use of oil reserves to combat fuel prices
"03:01, 01-Apr-2022",Donors pledge $2.44 bln towards UN appeal for Afghan aid
"00:14, 01-Apr-2022",EU leadership sanctioned by Russia: ministry
"03:02, 01-Apr-2022","Egypt, Norway ink deals for producing, purchasing green hydrogen"
"00:33, 01-Apr-2022",OPEC+ sticks to modest oil output boost despite price hike
"00:28, 01-Apr-2022",Ukraine nuclear operator: Russian troops leave Chernobyl
"01:42, 02-Apr-2022","Chinese Embassy in the UK responds to Britain on ""Six-monthly Report on Hong Kong”"
"01:03, 02-Apr-2022","Developing story: Yemen parties agree two month truce, says UN"
"00:10, 02-Apr-2022",England's COVID-19 prevalence hits record high
"00:11, 02-Apr-2022",Joe Biden: 30 countries joining U.S. release of oil stockpiles
"00:44, 02-Apr-2022",Sri Lanka steps up security as anger over economic crisis boils over
"02:16, 02-Apr-2022",U.S. House of Representatives votes to legalize marijuana
"02:04, 02-Apr-2022",World Cup: African champions Senegal drawn alongside hosts Qatar
"02:39, 03-Apr-2022",Babar leads Pakistan to first series win over Australia in 20 years
"01:12, 03-Apr-2022",Macron holds first rally as France election race tightens
"01:46, 03-Apr-2022",Pakistan PM Khan suggests he might not accept vote to oust him
"01:46, 03-Apr-2022",UN pays tribute to 8 peacekeepers in DR Congo helicopter crash
"20:24, 30-Mar-2022",Ukraine prays for peace as negotiations make slow progress while fighting continues
"00:30, 02-Apr-2022","Hungary's election: What's at stake, who might win and why it matters"
"01:41, 02-Apr-2022",Spain turns to solar power to solve its energy crisis
"05:54, 31-Mar-2022",Are unions making a comeback?
"05:52, 31-Mar-2022",Dallas Federal Reserve warns of possible US housing bubble
"04:04, 31-Mar-2022",Facebook hired consultants to run anti-TikTok campaign
"05:51, 31-Mar-2022",Mexico struggles to deal with latest wave of violence
"03:04, 31-Mar-2022",Thousands of Brazilians face threat of eviction in economic downturn
"04:59, 01-Apr-2022",Feminism movements in Venezuela
"04:00, 01-Apr-2022",Muslim communities prepare for start of Ramadan
"06:20, 01-Apr-2022",New report finds Hollywood's diversity improves
"05:00, 01-Apr-2022",Rideshare drivers struggling with soaring gas prices
"05:00, 01-Apr-2022",The consequences of Florida's new abortion law 
"04:00, 01-Apr-2022",U.S. Homeland Security braces for migrant influx if Title 42 lifted
"06:39, 01-Apr-2022",Will the Western sanctions work as intended against Russia's economy?
"06:23, 02-Apr-2022",Feminism in Venezuela 
"06:05, 02-Apr-2022",Indigenous group patrols Ecuador's Amazon for miners
"01:17, 02-Apr-2022",READ: Chinese embassy in U.S. letter to Washington Post on Taiwan Op-Ed
"06:05, 02-Apr-2022",Rescue efforts save some abandoned animals from dying in Ukraine
"06:04, 02-Apr-2022",Sri Lanka declares state of emergency amid unrest over economic crisis
"02:07, 02-Apr-2022",U.S. State Dept. responds to CGTN on Extended Troika meeting on Afghanistan
"06:38, 02-Apr-2022",What is Autism?
"06:12, 03-Apr-2022",40 years after the Malvinas war
"05:47, 03-Apr-2022",Adults living with autism
"02:26, 03-Apr-2022",Costa Rica election: Meet the candidates for the presidential runoff
"05:14, 03-Apr-2022",Members of new migrant caravan clash with authorities in Mexico
"06:20, 03-Apr-2022",Muslims attend evening prayers as Ramadan begins 
"05:19, 03-Apr-2022","Tens of thousands stranded in Ukraine, evacuation corridors opening"
