﻿"19:12, 06-May-2022",Arsenal sign contract extension with manager Mikel Arteta
"18:23, 06-May-2022",Japan hyping China threat to boost its own military might: Chinese spokesperson
"23:01, 06-May-2022",China will never forget NATO's bombing of Chinese embassy: spokesperson
"18:26, 06-May-2022",Indian PM Modi holds virtual meeting to review heatwave preparedness
"20:38, 06-May-2022",Poland and Sweden host donors' conference in Warsaw
"20:03, 06-May-2022",Saudi-led coalition says it has started transferring freed prisoners to Yemen
"23:01, 06-May-2022",Third Ebola patient dies in northwest Democratic Republic of Congo
"22:21, 06-May-2022","Trudeau, Yoon Suk-yeol hold phone talk "
"18:51, 06-May-2022","U.S., Canadian Markets plunge as worries grow over interest rates"
"19:31, 06-May-2022",UK PM: Local elections were 'tough night' for Tories
"20:34, 06-May-2022",UK pushes tough tech rules under new digital watchdog
"20:53, 06-May-2022",UK Labour Party leader Starmer faces investigation over potential lockdown breach
"19:15, 06-May-2022",UN agency: Food prices ease slightly in April after record surge
"22:37, 06-May-2022",Wang Yi: U.S. Indo-Pacific Strategy not in interests of regional countries 
"13:05, 07-May-2022",22 killed as explosion rocks hotel in Cuba's Havana
"15:24, 07-May-2022",8 died of hemorrhagic fever in Iraq: health ministry
"17:22, 07-May-2022",Analyst: Germany is game-changer in Russia-Ukraine conflict
"18:21, 07-May-2022",Analyst: Ukraine war sparks insecurities among Asia-Pacific countries
"21:34, 07-May-2022",Armenia says Azerbaijani forces opened fire in direction of Sotk mine
"07:22, 07-May-2022",22 killed after massive blast hits hotel in Cuba's Havana
"11:17, 07-May-2022",At least 7 dead in building fire in India's Madhya Pradesh
"11:08, 07-May-2022",At least 75 killed as wave of gang violence roils Haitian capital
"10:52, 07-May-2022","Boehly-led consortium wins bid to take over Chelsea, players transfer to continue "
"19:22, 07-May-2022","Collision between buses leaves 7 dead in Natore, Bangladesh"
"13:18, 07-May-2022","DPRK fires projectile toward East Sea, says ROK military"
"21:45, 07-May-2022",Death toll rises to 27 in Havana hotel blast
"18:30, 07-May-2022",'DPR' official: Senior Western military officers may be in Azovstal
"22:49, 07-May-2022",Dynamo football stadium in Kharkiv hit by Russian artillery
"19:45, 07-May-2022",EU coordinator for nuclear deal talks to visit Tehran: report
"16:53, 07-May-2022",EU makes last-ditch effort to save Iran accord: FT
"22:48, 07-May-2022",Egyptian army says it thwarted terrorist attack that killed 11
"07:17, 07-May-2022","Explosion in Madrid building kills 2 people, injures 18"
"17:50, 07-May-2022",Five killed in fires in Russia's Krasnoyarsk
"20:07, 07-May-2022",Flood causes strategic bridge in north Pakistan to collapse
"09:30, 07-May-2022","Former Fed policymakers call for sharp U.S. rate hikes, warn of recession"
"20:03, 07-May-2022",IOC chief: Brisbane 2032 Olympics big event for entire Pacific region
"17:01, 07-May-2022","French President Macron sworn in for 2nd term, vows to serve all people"
"22:31, 07-May-2022",Mariupol evacuation efforts depend on level of conflict in the area
"09:34, 07-May-2022","Martinez fires Inter to top of Serie A, Juventus collapse"
"16:57, 07-May-2022","NBA Playoffs: Mavs top Suns 103-94, Embiid's return lifts 76ers to win over Heat"
"13:06, 07-May-2022","Palestine condemns Israeli decision to build 4,000 settlement units in West Bank"
"21:35, 07-May-2022",Person in England diagnosed with monkeypox
"07:29, 07-May-2022",Personalities of presidential candidates eclipse issues in Philippines
"15:00, 07-May-2022",Russia holds final rehearsal for Victory Day military parade
"22:54, 07-May-2022","S.Korea, Japan: DPRK likely fired submarine-launched ballistic missile"
"23:18, 07-May-2022",Sri Lanka's government declares state of emergency after protests
"16:23, 07-May-2022",Taliban supreme leader orders women to wear all-covering burqa in public: AFP
"23:20, 07-May-2022",Taliban orders women to cover faces in public
"14:59, 07-May-2022","Thirsty bird lying on road, unbearable heat tortures animals in India"
"15:45, 07-May-2022",Turkish shelling kills 2 Syrian forces personnel: Al Arabiya
"11:22, 07-May-2022",U.S. Texans brace for record heat wave
"07:15, 07-May-2022",Guterres welcomes UNSC speaking with one voice for peace in Ukraine
"16:13, 07-May-2022","World's largest heavy-lift vessel debuts, carries Chinese vaccines to Africa"
"11:34, 08-May-2022",19 injured in fires in Russia's Krasnoyarsk
"17:29, 08-May-2022","3 dead, 2 injured in shooting in Kazakhstan's Kyzylorda: report"
"20:16, 08-May-2022",Afghanistan receives $32 million in humanitarian aid
"20:48, 08-May-2022",Ambush leaves 12 dead in Burkina Faso
"16:41, 08-May-2022","At least 32 dead, 19 missing in Havana hotel blast: report"
"19:29, 08-May-2022",At least 48 killed in NW Nigeria's attacks
"19:07, 08-May-2022",Chinese center Han Xu to play for New York Liberty in WNBA
"18:52, 08-May-2022",Cote d'Ivoire Assembly President Amadou Soumahoro dies
"12:19, 08-May-2022",Ferrari's Leclerc grabs pole and praises 'crazy' Miami fans
"17:46, 08-May-2022",First cholera outbreak since 2017 kills one in South Sudan
"11:56, 08-May-2022","Grim search in blown-out Havana hotel, death toll at 26"
"22:39, 08-May-2022","Iraq signs contracts with U.S., France to import advanced weapons: INA"
"16:12, 08-May-2022",Israel arrests two Palestinian murder suspects: report
"13:58, 08-May-2022","Morocco says it foiled 63,121 illegal immigration attempts in 2021"
"17:10, 08-May-2022",NBA East semis on May 7: Unstoppable Antetokounmpo breaks Celtics
"18:42, 08-May-2022",NBA West semis on May 7: Warriors secure solid home win over Grizzlies
"08:39, 08-May-2022",New York subway shooting suspect indicted on terrorism charge
"17:42, 08-May-2022",Putin sends Victory Day greetings to world leaders
"14:46, 08-May-2022",Red squirrel spotted carrying her baby up a tree
"14:27, 08-May-2022",Saudi King Salman admitted to hospital for tests: state media
"07:36, 08-May-2022",Sinn Fein calls for united Ireland debate after historic election win
"15:54, 08-May-2022",South Africa's daily COVID-19 cases continue to soar amid new surge
"17:03, 08-May-2022",Sri Lanka in talks for $100m emergency funding from AIIB: ministry
"20:04, 08-May-2022",Syrian President Assad meets with Iranian leaders in Tehran
"21:44, 08-May-2022",U.S. first lady makes unannounced trip to Ukraine
"20:02, 08-May-2022",UK deputy PM: Northern Ireland protocol must be unlocked
"09:56, 08-May-2022",UN chief 'alarmed' by Taliban's order for women to cover faces in public
"11:54, 08-May-2022",Women's football attendance in Europe grows as Barca set new record
"16:27, 09-May-2022",6 dead in clashes in Philippines during election day
"14:44, 09-May-2022",Bulgaria says to veto EU oil sanctions on Russia if it does not get derogation
"18:54, 09-May-2022",China to Australia: China is direct stakeholder in South Pacific's security
"16:37, 09-May-2022","Curfew imposed in Sri Lanka after clashes, 20 injured"
"17:39, 09-May-2022",Curfew imposed in Sri Lanka after clashes
"07:14, 09-May-2022",Death toll in Havana hotel explosion rises to 31 
"08:43, 09-May-2022",Dozens dead after suspected militia raid in eastern DRC
"20:22, 09-May-2022",EU chief von der Leyen backs bloc treaty changes
"09:01, 09-May-2022",Expert: Putin sees Azovstal steel plant's control as symbol of victory
"16:59, 09-May-2022",Famed U.S. media gala turns into COVID-19 super-spreader event
"09:34, 09-May-2022","Fire breaks out in Myanmar refugee camp, casualties unknown"
"21:00, 09-May-2022",French court upholds fake-job verdict against former PM Fillon
"12:03, 09-May-2022","Global Political Calendar: U.S.-ASEAN summit, Yoon's inauguration"
"13:55, 09-May-2022",Iran confirms Qatar's emir will visit Tehran 'soon'
"22:34, 09-May-2022",Japanese foreign minister vows to mend ties when meeting S.Korean to-be counterpart
"08:16, 09-May-2022",M5.8 quake hits Indonesia's North Maluku Province
"12:29, 09-May-2022",Man City and AC Milan close in on title glories after vital wins
"21:17, 09-May-2022",Marcos Jr heads for landslide in Philippine presidential poll: unofficial tally
"12:28, 09-May-2022",Max Verstappen wins inaugural F1 Miami Grand Prix
"10:23, 09-May-2022","Meet Yoon Suk-yeol, the new president of South Korea "
"18:23, 09-May-2022",NBA East semis on May 8: Harden makes the Heat 'Fear the Beard'
"17:06, 09-May-2022",NBA West semis on May 8: Mavs tie the series before Game 5
"12:43, 09-May-2022",New Mexico firefighters beg holdouts to evacuate village
"22:43, 09-May-2022","Nikola Jokic named back-to-back NBA MVP, report"
"13:00, 09-May-2022",Philippine citizens to vote for new president among other officials
"19:11, 09-May-2022",Philippine polling stations closed
"18:38, 09-May-2022",China stresses the need to bring more stability to an age of instability
"15:14, 09-May-2022",Putin addresses Russia's Victory Day parade
"15:00, 09-May-2022",Russia holds annual Victory Day parade amid Ukraine crisis
"20:02, 09-May-2022","Sacramento Kings to hire Mike Brown as new head coach, report"
"17:41, 09-May-2022",South Korea's Moon leaves Blue House on last day of presidency
"18:28, 09-May-2022",Sri Lankan prime minister resigns amid deadly clashes
"13:13, 09-May-2022",Three security guards shot dead at Philippine polling station
"14:31, 09-May-2022","Traffic accident in south India kills 9, injures 21"
"16:18, 09-May-2022","UFC 274: Oliveira stripped of title, puts on championship win against Gaethje anyway"
"16:44, 09-May-2022",UFC 274: Esparza beats champ Rose in worst fight ever contender
"13:42, 09-May-2022",UN chief 'appalled' at school attack in Ukrainian town
"11:28, 09-May-2022",UN provides $19m to help South Sudan prepare for severe floods
"07:32, 09-May-2022",Voting begins in Philippine elections
"14:44, 09-May-2022",Washington's not-so-popular alternative views on China
"21:21, 09-May-2022",Many countries will face food crisis without agricultural products from Ukraine: Ukrainian official
"11:38, 09-May-2022",Tennis wunderkind Alcaraz cements new superstar status with Madrid Open title
"13:06, 09-May-2022",Zambian politician blames U.S. for instigating Russia-Ukraine conflict
"07:25, 10-May-2022",M6.3 quake strikes off Papua New Guinea: USGS
"01:54, 07-May-2022",At least 8 killed in Cuba hotel explosion
"01:28, 07-May-2022",Egypt allows full reopening of mosques as COVID-19 burden eases
"01:42, 07-May-2022",International Conference on Public Health in Africa to be held in December
"01:37, 07-May-2022",South Africa working to avert closure of vaccine-manufacturing plant
"23:59, 07-May-2022",South Sudan kicks off plans to nationalize oil industry
"02:13, 07-May-2022",Sri Lanka President declares second state of emergency in five weeks
"01:29, 07-May-2022",Third Ebola patient dead amid latest outbreak in DR Congo
"01:41, 07-May-2022",UN Security Council to express concern about Ukraine situation
"01:32, 07-May-2022",UNICEF: Ukraine situation creating a child protection crisis of extraordinary proportions
"01:13, 07-May-2022",Zambia seeks more investment in mining sector to boost production
"00:00, 08-May-2022",China's Sinosteel Cam S.A. inks iron ore deal in Cameroon
"00:50, 08-May-2022","Over 44,000 refugees flee Ukraine into neighboring countries in past day"
"01:41, 08-May-2022","Ramaphosa, Macron hold telephone conversation on several issues"
"01:43, 08-May-2022","WHO stands with Ukraine, Dr Tedros Adhanom says"
"00:52, 09-May-2022",Ethiopia announces new increases in fuel prices
"00:52, 09-May-2022","Kenya's Misoi, Barsosio win inaugural Nairobi City Marathon"
"01:28, 09-May-2022","U.S. unveils new sanctions on Russia, targeting services, media and defense industry"
"00:36, 10-May-2022",Airports Company South Africa says jet fuel supply has decreased but is stable
"00:59, 10-May-2022",COP 15 begins in Abidjan with focus on tackling desertification
"02:20, 10-May-2022",Kenya looking to revamp tourism sector to boost number of visitors
"01:09, 10-May-2022",Nigeria's petroleum authority allays fears of fuel scarcity
"00:42, 10-May-2022",Nigerian university lecturers extend ongoing nationwide strike
"02:24, 10-May-2022",Somali president announces re-election bid
"00:27, 10-May-2022",Zambian President urges deliberate efforts by African leaders to explore mineral resources
"01:05, 07-May-2022",The magic of air travel is back – but East-West routes take longer
"01:15, 07-May-2022",Turbulent times lead to clearer skies for the airline industry
"18:38, 08-May-2022",Canary in the coalmine: Survey shows bird population's rapid decline
"23:56, 08-May-2022",Ukraine conflict prompts Swiss to check their bunkers 
"01:17, 09-May-2022",Macron lays wreath on an overshadowed Victory Day as G7 discusses more Ukraine support
"01:19, 09-May-2022","What is Russia's T-90M tank, and why is Ukraine destroying one significant?"
"20:07, 06-May-2022",Chinese Ambassador to the U.S. on China-U.S. economic and trade ties
"03:15, 07-May-2022",Massive blast destroys part of Cuban hotel
"05:40, 07-May-2022",Mother’s Day in Brazil
"05:36, 07-May-2022",Pandemic accelerates tech and robotics
"06:59, 07-May-2022",Southern California restricts water usage
"05:50, 07-May-2022",Tso’l Food: Cheong Fun in Chicago
"07:01, 07-May-2022",Yunnan by Potomac brings Yunnan cuisine to Virginia 
"07:00, 08-May-2022",All-female taxi services gaining ground in Venezuela
"05:43, 08-May-2022",Ambassador Qin on Chinese Americans' role in China-U.S. relations 
"05:08, 08-May-2022",Death toll from Havana hotel blast reaches 26 on Saturday
"05:08, 08-May-2022",Escaped murder suspect and officer accomplice sought in U.S.
"07:00, 08-May-2022",Growing concerns over COVID-19 surge in the U.S. 
"05:07, 08-May-2022",Number of COVID-19 deaths in U.S. passes 1 million 
"07:01, 08-May-2022",Rescuers search for survivors after huge explosion in Havana
"07:00, 08-May-2022",U.S. President Joe Biden visits Ohio touting jobs growth
"06:30, 09-May-2022",Bahamas growing more concerned about sea-level rise
"06:21, 09-May-2022",Brazil's Lula da Silva announces his presidential candidacy  
"06:25, 09-May-2022",Japan-funded UNDP project seeks solutions to sargassum influx
"06:24, 09-May-2022",Mexico: Women's movement grows out of rising femicide numbers
"03:49, 10-May-2022",Mexico's President arrives in Cuba ahead of five day tour of Central America
"04:45, 10-May-2022",Chinese company Sunfiber in South Carolina finds sustainable business opportunities in plastic recycling 
"06:29, 10-May-2022","Chinese owned business succeeds through sustainable, plastic recycling in U.S."
"03:49, 10-May-2022","Daunte Wright’s mother, Katie Wright, discusses her son's death and the trial"
