﻿"12:30, 18-Jul-2022",2022 Indian presidential election kicks off
"20:08, 19-Jul-2022",Afghanistan's quake causalities soar to 31
"19:16, 19-Jul-2022",Ambassador's Culture Chat: All about Sri Lanka with its envoy to China
"21:44, 19-Jul-2022",Analyst: Putin wants to further strengthen ties with Iran
"22:06, 19-Jul-2022",Badenoch out of Tory leadership contest in fourth round vote
"19:56, 19-Jul-2022",Chinese envoy outlines propositions to address global food crisis
"22:08, 19-Jul-2022","Chinese vice premier, EU official hold economic dialogue"
"21:57, 19-Jul-2022",Europe must act now or risk tougher COVID-19 measures later: WHO official
"21:38, 19-Jul-2022",Expert: Need to reduce fossil fuel use substantially
"21:45, 19-Jul-2022",Israeli army strikes Gaza after gunfire from enclave: statement
"22:28, 19-Jul-2022",January 6 committee chairman tests positive for COVID-19
"16:06, 19-Jul-2022",Japanese figure skater Hanyu Yuzuru retires from competing
"22:30, 19-Jul-2022",Japanese figure skating icon Yuzuru Hanyu retires from competing
"23:23, 19-Jul-2022",World Athletics Championships: Nafissatou Thiam reclaims world heptathlon title
"21:40, 19-Jul-2022","Putin meets Iranian president, supreme leader in Tehran "
"21:44, 19-Jul-2022",Record high temperatures around France: weather office
"21:43, 19-Jul-2022","Russia, Iran and Türkiye to discuss Syria conflict"
"19:14, 19-Jul-2022",Ambassador's Culture Chat: Sharing memories with H.E. Djauhari Oratmangun
"19:15, 19-Jul-2022","Western Europe grapples with record heat, raging fires"
"21:42, 19-Jul-2022",Wickremesinghe: Talks with IMF to fix economy of Sri Lanka under way
"21:35, 19-Jul-2022",World Athletics Championships: Xie Zhenye advances to men's 200m semifinals
"19:47, 20-Jul-2022", Expert: China-EU cooperation in trade encourages global economy
"19:11, 20-Jul-2022",6 Iraqi policemen killed in IS attack
"21:09, 20-Jul-2022","8 killed, 23 injured in Turkish shelling in northern Iraq: report"
"21:40, 20-Jul-2022","Almost 14,000 monkeypox cases reported to WHO this year: Tedros"
"21:18, 20-Jul-2022",2022 World Athletics Championships: Australia's Eleanor Patterson wins women's high jump
"15:58, 20-Jul-2022","AxiCorp's Stephen Innes on Janet Yellen's visit to South Korea, recession risks"
"07:47, 20-Jul-2022","Biden approval rating falls to 36%, matching record low"
"23:02, 20-Jul-2022",Canada's inflation soars to four-decade high
"17:19, 20-Jul-2022","China, Sierra Leone hail traditional ties as FMs speak over phone"
"17:16, 20-Jul-2022",China's experience guides international high-speed railway standards
"09:53, 20-Jul-2022",Chinese Ambassador to Indonesia Lu Kang on China-Indonesia projects
"09:19, 20-Jul-2022","Chinese, Finnish FMs hold phone talks on bilateral ties"
"10:10, 20-Jul-2022",Chinese military slams U.S. warship transiting Taiwan Straits
"09:14, 20-Jul-2022",Chinese premier tells WEF chairman: China stays committed to opening-up
"19:28, 20-Jul-2022",Death toll from Pakistan wedding boat mishap surpasses 50
"20:16, 20-Jul-2022",Death toll from Sudan ethnic clashes rises to 105: official
"16:27, 20-Jul-2022",Dinesh Gunawardena tipped to be new Sri Lankan PM: report
"19:35, 20-Jul-2022",Expert: Trilateral statement can help stabilize situation in Syria
"13:30, 20-Jul-2022",Extreme heat waves are here to stay: WMO
"19:52, 20-Jul-2022",InFocus: What does the euro's crash mean?
"16:46, 20-Jul-2022",Italy to hold confidence vote in PM Draghi's government
"11:53, 20-Jul-2022",Robert Lewandowski: The ultimate goal machine that Barcelona need in post-Messi era
"08:02, 20-Jul-2022","M5.7 earthquake strikes southern Sumatra, Indonesia: EMSC"
"23:11, 20-Jul-2022",Mali expels UN peacekeeping mission spokesperson
"10:54, 20-Jul-2022",Netflix subscriber numbers drop two quarters in a row
"20:36, 20-Jul-2022",Pakistani ambassador to China: Sino-Pakistan relationship unshakable
"19:36, 20-Jul-2022",Putin: West must remove restrictions on Russian grain exports
"09:08, 20-Jul-2022",Qatar's World Cup final stadium to host first match next month
"22:43, 20-Jul-2022",Former Sri Lankan President Rajapaksa on short-term visit pass in Singapore
"19:48, 20-Jul-2022",South Africa extends national state of disaster after heavy flooding
"07:36, 20-Jul-2022",South Africa extends state of disaster in KwaZulu-Natal
"16:56, 20-Jul-2022",South Africa's inflation hits 13-year high in June
"20:46, 20-Jul-2022",Spanish PM says 'more than 500 died' from heatwave
"12:30, 20-Jul-2022",Sri Lankan parliament starts voting to elect new president
"23:01, 20-Jul-2022",Sunak retains lead in UK PM race
"07:40, 20-Jul-2022","Türkiye, Russia, Iran vow to combat terrorism in all forms"
"18:07, 20-Jul-2022",Türkiye's annual inflation reaches highest level in 24 years
"17:56, 20-Jul-2022",Two Iranian border guards killed during clash with opposition group
"07:17, 20-Jul-2022",U.S. House passes bill to protect same-sex marriage
"14:02, 20-Jul-2022",UK inflation strikes new 40-year high of 9.4% in June
"20:31, 20-Jul-2022",UK's Boris Johnson takes his last PMQs in parliament
"22:35, 20-Jul-2022",Ukraine's Yaroslava Mahuchikh wins silver medal in high jump at world championships
"15:10, 20-Jul-2022",Sri Lanka: 6-time PM Ranil Wickremesinghe wins presidency
"17:37, 20-Jul-2022",Wickremesinghe to swear in as Sri Lankan president on July 21
"21:19, 20-Jul-2022","2022 World Athletics Championships: Britain's Jake Wightman wins 1,500m gold"
"22:05, 21-Jul-2022","15 dead, 23,000 affected by rainy-season floods in Niger"
"16:50, 21-Jul-2022",18 killed in tribal feud in Papua New Guinea
"22:23, 21-Jul-2022",Biden tests positive for COVID-19: White House
"18:13, 21-Jul-2022","CGTN Sports Talk: How promising are Banchero, Holmgren, Smith Jr.?"
"21:00, 21-Jul-2022",Central Asia leaders' meeting held in Kyrgyzstan  
"14:20, 21-Jul-2022",Chart of the day: U.S. COVID-19 cases pass 90 million
"08:58, 21-Jul-2022",China hopeful despite losses at FIBA Asia Cup
"20:18, 21-Jul-2022",China's COVID-19 control measures still effective for Omicron variants
"11:23, 21-Jul-2022","China's Feng Bin wins discus throw gold, Liu Shiying eases into javelin throw final "
"19:55, 21-Jul-2022",Indian presidential election: Murmu to win by a huge margin
"22:21, 21-Jul-2022",Draupadi Murmu elected new Indian president
"20:02, 21-Jul-2022",Six people rescued from water after two boats collide in Rotterdam
"09:37, 21-Jul-2022",Final two candidates for UK PM decided: Rishi Sunak and Liz Truss
"11:13, 21-Jul-2022",Gu Ailing wins 'Best Breakthrough Athlete' at ESPY Awards
"16:43, 21-Jul-2022","Harden accepts big pay cut with 2-year, $68.6 million extension with 76ers"
"14:42, 21-Jul-2022",House committee to examine Trump's actions during Capitol attack
"16:09, 21-Jul-2022",Italian Prime Minister Mario Draghi resigns
"15:12, 21-Jul-2022",Italian PM Mario Draghi says will resign
"11:12, 21-Jul-2022",Italy's government beset by divisions as PM fails to unite coalition
"11:51, 21-Jul-2022",Japan rules out tightening monetary policy despite inflation
"10:04, 21-Jul-2022",Nord Stream 1 is due to resume after a 10-day halt for maintenance
"14:01, 21-Jul-2022",One million Americans have left labor market due to 'long COVID-19'
"12:20, 21-Jul-2022",Ranil Wickremesinghe sworn in as Sri Lankan president
"12:34, 21-Jul-2022",Russia restarts gas exports via Nord Stream 1
"21:46, 21-Jul-2022",South Africa's central bank raises key rate to 5.5%
"14:51, 21-Jul-2022","Tennis: Serena, Djokovic on U.S. Open entry list"
"21:22, 21-Jul-2022",Thailand confirms first local case of monkeypox infection
"11:07, 21-Jul-2022",U.S. House committee advances bill to ban assault weapons
"13:28, 21-Jul-2022",Vote count begins for next Indian president
"14:03, 21-Jul-2022",Women's Euro 2022: Stanway stunner sends England past Spain into semis
"07:09, 22-Jul-2022",At least 18 killed in police raid in Brazil's Rio de Janeiro
"10:46, 22-Jul-2022",Building Lives: China-Pakistan co-constructed motorway opens prosperity
"11:25, 22-Jul-2022",Building Lives: Kamau's dream house
"18:20, 22-Jul-2022",China lodges stern representations to Japan over smearing of defense policy
"18:50, 22-Jul-2022",China's Zhu Yaming reaches men's triple jump final at World Athletics Championships
"09:20, 22-Jul-2022","Chinese envoy urges immediate, full lift of unilateral sanctions on Syria"
"18:07, 22-Jul-2022","Death toll from hot waves tops 1,700 in Spain, Portugal: WHO"
"12:45, 22-Jul-2022",Dinesh Gunawardena sworn in as Sri Lankan prime minister
"13:38, 22-Jul-2022","ECB hikes interest rates by 50 bps, the first time in 11 years"
"19:44, 22-Jul-2022",EMA recommends smallpox vaccine against monkeypox
"18:45, 22-Jul-2022",EU launches new legal procedures against UK over N. Ireland
"16:31, 22-Jul-2022",Eurozone economic activity contracts in July
"11:07, 22-Jul-2022",Explainer: What's known about Biden catching COVID-19?
"15:46, 22-Jul-2022",France's hung parliament passes 20b-euro inflation package
"13:58, 22-Jul-2022",The Long Haul with COVID-19: French baker: Life without taste and smell
"11:16, 22-Jul-2022",Germany beat Austria to reach Women's Euro 2022 semifinals
"14:05, 22-Jul-2022",Global manufacturers see chip shortage easing
"12:03, 22-Jul-2022",Graphics: Heatwaves sweep across the globe
"07:17, 22-Jul-2022",Gunmen kill 17 in northwest Nigeria
"14:57, 22-Jul-2022",Mali army says it repelled 'terrorist' attack on military base near capital
"15:24, 22-Jul-2022",How do zoo animals keep cool on hot summer days
"07:12, 22-Jul-2022",Death toll rises to five after Israeli missiles strike near Damascus
"10:39, 22-Jul-2022",Italy is central to ECB rate rise
"10:50, 22-Jul-2022",Japan approves discharge plan for treated nuclear-contaminated water
"16:51, 22-Jul-2022","Kyler Murray reaches a 5-year, $230.5 million extension with Cardinals"
"07:45, 22-Jul-2022",M5.9 earthquake hits Myanmar: CENC
"14:10, 22-Jul-2022",Meta's Facebook revamping main feed to attract younger users
"10:34, 22-Jul-2022",Middle East 'big troika' on Syrian settlement and new cooperation
"22:42, 22-Jul-2022",Part of China-Myanmar railway launched in Yunnan Province
"11:40, 22-Jul-2022","Polio case found in New York City suburb, first in a decade"
"14:20, 22-Jul-2022",Record temperatures set across U.S. as heatwave engulfs nation
"22:27, 22-Jul-2022",Republic of the Congo: The daily life of a station master
"18:24, 22-Jul-2022",Riot Games releases details for League of Legends Worlds 2022
"17:20, 22-Jul-2022",Road accident kills 30 in northern Nigeria: official
"16:27, 22-Jul-2022",Sri Lankan new cabinet sworn in
"14:13, 22-Jul-2022","Sri Lankan security forces flush out main protest camp, 9 arrested"
"08:04, 22-Jul-2022","Sri Lankan security troops raid protest camp, 50 injured"
"12:02, 22-Jul-2022",The Race Gap in the U.S.: Anti-Asian sentiment first codified in 1875
"20:55, 22-Jul-2022","Twitter reports earnings miss, cites Musk buyout uncertainty"
"08:46, 22-Jul-2022",U.S. decathlete Scantling out of World Championships after doping suspension
"22:03, 22-Jul-2022",UN chief hails Ukraine grain deal as a 'beacon on the Black Sea'
"22:19, 22-Jul-2022","Ukraine, Russia sign separate 'mirror' deals on grain export with Türkiye, UN"
"11:34, 22-Jul-2022",'We'll never forget him': Football world mourns after death of Germany legend Uwe Seeler
"11:48, 22-Jul-2022",WHO to decide again if monkeypox is a global health emergency
"10:53, 22-Jul-2022",Wild tiger numbers higher than previously thought: IUCN
"18:27, 22-Jul-2022",Xi Jinping extends congratulations to Sri Lanka's new president
"16:22, 22-Jul-2022",President Xi Jinping wishes Joe Biden a speedy recovery from COVID-19
"07:14, 23-Jul-2022",Former Trump adviser convicted of contempt of Congress
"01:45, 18-Jul-2022",Kenyan President Kenyatta begins three-day visit of Seychelles
"01:34, 20-Jul-2022",AfDB approves over $1 billion for emergency food production plan in Africa
"00:17, 20-Jul-2022","Codeshare deal between South African Airways, Kenya Airways opens up more options for travelers"
"01:25, 20-Jul-2022",Tanzania identifies mystery illness as Leptospirosis
"01:44, 20-Jul-2022","Twitter, Musk head to October trial over $44 billion deal"
"01:25, 21-Jul-2022",Iraqi PM condemns Türkiye for 'violation' after deadly Kurdistan strike
"03:06, 21-Jul-2022","Italian PM Draghi wins confidence vote, but three parties snub motion"
"03:03, 21-Jul-2022",Kenya announces stimulus package to help vulnerable households
"02:27, 21-Jul-2022",Namibia loses nearly 20 percent of forest in last 30 years: official
"01:59, 21-Jul-2022",Russian gas flow expected to resume at previous level: German pipeline manager 
"02:37, 21-Jul-2022",Wildfires rage across Europe as climate alarm sounded
"01:12, 22-Jul-2022",Iran says to gradually eliminate dollar in trade with Russia
"01:45, 22-Jul-2022","Italian parliament dissolved, paving way for early elections"
"01:22, 22-Jul-2022",New Paris police chief takes over after Champions League fiasco
"00:58, 22-Jul-2022","Türkiye, Finland, Sweden to meet in August to assess compliance in NATO bid: Turkish FM"
"02:59, 22-Jul-2022","Türkiye says Russia, Ukraine to sign UN grain export deal Friday"
"01:08, 22-Jul-2022",UN chief to visit Türkiye as Ukraine grain export deal looms
"00:27, 23-Jul-2022","Biden improving as mild COVID symptoms persist, White House says"
"01:15, 23-Jul-2022",Heatwave in Europe underscores need for effective action to combat climate change: WHO
"01:46, 23-Jul-2022",Iran says ready to begin normalization talks on 'political level' with Saudi Arabia
"00:45, 23-Jul-2022",Russia imposes restrictions on diplomatic missions of five European countries
"02:30, 23-Jul-2022",U.S. releases $270 million in military aid to Ukraine
"01:03, 23-Jul-2022",UK calls new EU legal proceedings over N. Ireland 'disappointing'
"00:31, 23-Jul-2022",Volkswagen CEO Diess to step down: statement
"19:09, 21-Jul-2022",ECB hikes interest rates for first time in more than a decade
"00:40, 21-Jul-2022",EU asks member states to reduce energy consumption by 15%
"03:19, 20-Jul-2022",California passes strict laws to reduce plastic waste
"04:34, 20-Jul-2022",Outraged Uvalde citizens demand accountability from school officials for mass shooting
"02:32, 22-Jul-2022",Aspen Security Forum welcomed China's Ambassador to U.S. Qin Gang
"04:38, 22-Jul-2022","Brazil wastes 40% of its children’s talent, says World Bank study  "
"04:38, 22-Jul-2022",China's Ambassador to U.S. speaks at Aspen Security Forum
"04:38, 22-Jul-2022","Extreme heat, wild weather spreads across U.S. "
"06:28, 22-Jul-2022",Foreign policy experts analyze Afghanistan pullout a year later
"06:22, 23-Jul-2022",Exclusive: Taliban official discusses Afghanistan's future 
