﻿"18:46, 16-Jun-2022","Africa reports 1,597 suspected monkeypox cases, 66 deaths this year: CDC"
"07:26, 16-Jun-2022","Fauci tests positive for virus, with mild COVID-19 symptoms"
"19:01, 16-Jun-2022",Bank of England raises interest rate by 0.25 percentage points
"07:22, 16-Jun-2022",Biden announces another $1 billion in military aid for Ukraine
"10:44, 16-Jun-2022","Brazil's central bank raises interest rates, signals more to come"
"14:38, 16-Jun-2022",Buffalo shooter charged with federal hate crimes
"18:25, 16-Jun-2022",Buffalo shooting suspect charged with hate crimes as chilling details emerge
"22:29, 16-Jun-2022",Chinese shuttlers enter quarterfinals of Indonesian Open
"07:09, 16-Jun-2022",U.S. Fed announces biggest interest rate hike since 1994
"20:37, 16-Jun-2022",Finding True America: Asian Americans' pain as 'perpetual foreigners'
"22:55, 16-Jun-2022",Foreign interference only complicates regional problems: Iranian president
"18:39, 16-Jun-2022","French, Italian, German leaders meet Zelenskyy in Kyiv"
"21:42, 16-Jun-2022",French army says almost 40 dead in anti-terrorism strike in Niger
"07:24, 16-Jun-2022","Suspect confessed to killing UK journalist, led to remains: Brazilian police"
"09:48, 16-Jun-2022",Impressive Kyrgios sees off No. 2 seed Tsitsipas at Halle Open
"12:44, 16-Jun-2022",In Focus: Would Poland-Ukraine military deal bring peace or trouble?
"13:47, 16-Jun-2022",Innovators see two-way benefits from China's entry to int'l IP treaty
"17:41, 16-Jun-2022",Japan cuts holdings of U.S. Treasuries to 14-month low
"10:07, 16-Jun-2022",La Liga files complaint against PSG and Man City over alleged FFP breaches
"17:54, 16-Jun-2022",McDonald's to pay 1.25 billion euros to escape French tax evasion case
"15:35, 16-Jun-2022","No fixed date for when UK will send first migrants to Rwanda, Raab says"
"18:13, 16-Jun-2022",Oman's sultan names new oil minister in cabinet reshuffle
"17:40, 16-Jun-2022","Russia, Turkey, Iran agree to further ensure Idlib zone's normalization"
"15:44, 16-Jun-2022",Swiss National Bank raises SNB policy rate to −0.25%
"21:15, 16-Jun-2022",Two Hezbollah members sentenced to life for Hariri murder: UN court
"14:39, 16-Jun-2022",U.S. announces additional $1 billion in military aid for Ukraine
"09:07, 16-Jun-2022",U.S.-led coalition detains senior ISIS leader in Syria
"22:59, 16-Jun-2022",U.S. to give $6 million in emergency aid to crisis-hit Sri Lanka
"14:33, 16-Jun-2022",WHO to share vaccines to stop monkeypox amid inequity fears
"22:47, 16-Jun-2022",WTO provisionally agrees to extend e-commerce tariff moratorium: Reuters
"09:59, 17-Jun-2022","3 Palestinians killed, 8 injured by Israeli forces in West Bank, local media reports"
"19:24, 17-Jun-2022",5-story building collapses in Cairo
"09:04, 17-Jun-2022",Australian PM confirms attendance to NATO summit
"10:50, 17-Jun-2022",Bank of Japan announces to maintain ultralow rate policy
"20:46, 17-Jun-2022",BRICS set to include and represent more emerging economies
"22:29, 17-Jun-2022",UK Prime Minister Boris Johnson visits Kyiv
"18:28, 17-Jun-2022"," One killed, several wounded in Afghan mosque bombing: police "
"17:21, 17-Jun-2022",Chiefs QB Mahomes surprised at former teammate Hill's comments
"18:03, 17-Jun-2022","EU recommends granting Ukraine, Moldova candidate status"
"19:29, 17-Jun-2022",Finding True America: What's the point of being American? 
"11:01, 17-Jun-2022",Revealed: Which cities to host the first-ever 48-team World Cup in 2026?
"12:14, 17-Jun-2022",French senators seek action over UEFA Champions League final chaos
"16:52, 17-Jun-2022",Highlights of Diamond League Oslo: Duplantis sets meet record
"19:42, 17-Jun-2022",Iran FM calls on U.S. to be realistic and abandon sanctions
"13:45, 17-Jun-2022",Japan's top court rules state not liable for Fukushima disaster
"17:45, 17-Jun-2022",M5.5 quake hits Afghanistan's Hindu Kush region: EMSC
"09:14, 17-Jun-2022",One killed in church attack in U.S. state of Alabama: police
"11:30, 17-Jun-2022",NBA Finals on June 16: Warriors beat Celtics to win 7th championship
"17:18, 17-Jun-2022",Russian ambassador to China expects BRICS to play leading global role
"19:03, 17-Jun-2022",Saudi crown prince to visit Turkey on June 22
"21:10, 17-Jun-2022",U.S. FDA authorizes COVID-19 vaccines for youngest children
"07:26, 17-Jun-2022",U.S. House passes Lower Food and Fuel Costs Act
"09:47, 17-Jun-2022",U.S. Open's tiny margins for error bring out McIlroy's fire
"17:20, 17-Jun-2022",UK minister signs order to extradite Julian Assange to U.S.
"15:56, 17-Jun-2022",Turkish drone attack kills at least four in Iraq  
"11:05, 17-Jun-2022",WTO approves package of trade deals at ministerial meeting
"08:39, 17-Jun-2022",WTO chief urges countries to accept 'unprecedented package' of trade agreements
"23:36, 17-Jun-2022",China stresses the need to advance economic globalization amid global crisis 
"13:56, 17-Jun-2022",President Xi Jinping to host 14th BRICS Summit
"15:41, 18-Jun-2022",2021-22 NBA review: How do Boston Celtics lose the Finals?
"15:22, 18-Jun-2022","3 killed, 7 wounded in Kabul temple blast"
"09:05, 18-Jun-2022",9 Colbert show staffers arrested for illegal entry at U.S. Capitol
"10:19, 18-Jun-2022",Asia News Wrap: China's new aircraft carrier and more
"14:27, 18-Jun-2022","59 dead, millions stranded as floods hit Bangladesh and India "
"21:25, 18-Jun-2022",Attacker injures 3 at San Francisco International Airport
"11:09, 18-Jun-2022","At least 2 killed, 7 injured in temple explosions in Afghan capital"
"12:23, 18-Jun-2022",Do EU Leaders seek pathway to peace for Ukraine?
"13:40, 18-Jun-2022",EU gives formal backing to Kyiv's bid to join bloc
"22:52, 18-Jun-2022",Finding True America: To fight or to be silent
"17:39, 18-Jun-2022",Fire breaks out in major substation south of Sydney
"11:54, 18-Jun-2022",Floods in northeastern India kill at least 31
"12:53, 18-Jun-2022",Indian protesters set trains ablaze over military hiring plan
"17:23, 18-Jun-2022","Iranian F14 fighter jet crashes, no casualties: IRNA"
"14:58, 18-Jun-2022",Lawyer: La Liga is ready face PSG in court over Mbappe's extension
"14:55, 18-Jun-2022",Liverpool agree to sell Mane to Bayern for 41 million euros 
"21:28, 18-Jun-2022",One firefighter dead after building collapse in Philadelphia
"09:29, 18-Jun-2022","Philadelphia shooting leaves one dead, one critical"
"15:57, 18-Jun-2022",Pictures: Ukrainian cities in rubble
"19:46, 18-Jun-2022",Protests after ruling Japanese govt 'not responsible for Fukushima disaster' 
"22:26, 18-Jun-2022","Saudi crown prince to visit Egypt, Jordan ahead of Turkey"
"13:20, 18-Jun-2022",Senegalese youths clash with police amid pre-election violence
"08:42, 18-Jun-2022",Israel strikes Gaza after rocket fire
"17:46, 18-Jun-2022",The international appeal of China's shopping festival
"18:18, 18-Jun-2022",What did world leaders say at St. Petersburg forum?
"20:07, 19-Jun-2022",14th BRICS Summit set to be held next Thursday
"16:36, 19-Jun-2022",2021-22 NBA review: Wood is only the start of Mavericks' upgrade
"20:08, 19-Jun-2022",Analyst: Peace talks between Russia and Ukraine still in question
"09:39, 19-Jun-2022",Apple store workers vote to form their first U.S. union
"14:46, 19-Jun-2022",Azerbaijan accuses Armenian forces of shelling border region
"21:59, 19-Jun-2022",Biden to meet with Saudi crown prince: U.S. secretary of energy
"08:07, 19-Jun-2022","Bus overturns on Mexican highway, killing at least 13"
"14:31, 19-Jun-2022",Death toll rises to 63 in northeastern India floods
"20:13, 19-Jun-2022","Egypt, Bahrain, Jordan summit kicks off in Sharm El-Sheikh"
"10:30, 19-Jun-2022",Europe swelters in record-breaking June heatwave
"22:58, 19-Jun-2022",Explosion reported in Kabul
"21:09, 19-Jun-2022",Finding True America: Behind a Black neighborhood's struggle with drugs
"14:58, 19-Jun-2022","GSW assistant Atkinson decides to stay, forgo Hornets head coach job"
"14:15, 19-Jun-2022","Global Political Calendar: 14th BRICS Summit, G7 Summit"
"07:23, 19-Jun-2022",Islamic State claims attack on Sikh temple in Kabul that killed two
"08:34, 19-Jun-2022",U.S. National Security Advisor Jake Sullivan tests positive for COVID-19 
"22:39, 19-Jun-2022",January 6 panel to implicate Trump in fake elector plot
"16:37, 19-Jun-2022","Iranian, Kazakh presidents meet in Tehran"
"22:30, 19-Jun-2022","No deal to end gun violence, U.S. Republican lawmaker says"
"19:08, 19-Jun-2022",Over 25 million people under heat alerts in U.S.
"17:33, 19-Jun-2022",Palestinian shot dead by Israeli forces in northern West Bank: report
"21:02, 19-Jun-2022",Polls open for Colombian presidential run-off election
"23:02, 19-Jun-2022",SA diplomat: BRICS to transform to new global governance institution
"17:13, 19-Jun-2022",Duterte-Carpio sworn in as 15th Philippine vice president  
"15:42, 19-Jun-2022","SpaceX rocket launches with Globalstar satellite, the 3rd mission in 36 hours"
"12:38, 19-Jun-2022",Spain battles wildfires as it swelters in heatwave
"12:54, 19-Jun-2022",Top Colombian court orders house arrest for President Ivan Duque
"23:08, 19-Jun-2022",Two unique ways to tour the nooks and crannies of Singapore 
"21:16, 19-Jun-2022","U.S. treasury secretary expects economy to slow, but recession not 'inevitable'"
"19:36, 19-Jun-2022",UK to deport asylum seekers to Rwanda despite failing in first attempt
"19:41, 19-Jun-2022",UN peacekeeper killed by mine in Mali
"14:22, 19-Jun-2022",Washington Nationals retire Ryan Zimmerman's No. 11 jersey
"06:53, 20-Jun-2022",Gustavo Petro elected president of Colombia in second round of elections
"07:33, 20-Jun-2022",Macron party loses majority with 245 seats in French parliament: ministry
"01:59, 16-Jun-2022",Organized meat poaching a big concern in Namibia: Minister
"02:15, 16-Jun-2022","Russian, South African presidents discuss food security: Kremlin"
"01:59, 16-Jun-2022",The U.S. Federal Reserve mulls huge rate hike to combat price surge
"02:40, 16-Jun-2022","U.S. Federal Reserve raise rates by 0.75 percentage point, largest increase in 28 years"
"02:06, 16-Jun-2022",UN allocates 16 million USD to expand support for the needy in Lebanon
"01:10, 17-Jun-2022",DRC halts bilateral trade agreements with Rwanda
"01:27, 17-Jun-2022","Kenya, Zambia to remove barriers to spur trade"
"02:50, 17-Jun-2022",Somalia to receive $100 million from World Bank
"01:26, 17-Jun-2022",Speaker of Bulgarian parliament fired by new majority
"02:09, 17-Jun-2022",Unemployment greatest hurdle facing South Africa: President
"01:30, 18-Jun-2022",Congo restricts border crossings with Rwanda after soldier shot dead during attack
"03:00, 18-Jun-2022",Iraq says on alert for possible new COVID-19 spread
"01:20, 18-Jun-2022","Joe Biden: Approval of COVID jabs for children a ""huge relief"""
"02:59, 18-Jun-2022",Russia has 'nothing against' Ukraine joining EU: Putin
"03:01, 18-Jun-2022","S. Sudan ratifies East African bloc's protocols on movement of persons, transhumance"
"02:59, 18-Jun-2022",Zambia marks first anniversary of founding leader Kaunda's death
"00:57, 19-Jun-2022","32 killed in floods in India's Assam, Meghalaya"
"00:57, 19-Jun-2022",Kenya announces death of iconic male lion
"02:37, 19-Jun-2022",Morocco's COVID-19 cases soars again
"02:37, 19-Jun-2022",Reigning champion Berrettini into Queen's final
"02:37, 19-Jun-2022",Russia sending large number of reserve troops to Sievierodonetsk
"02:37, 19-Jun-2022",Russia to temporarily suspend gas supply via Turkish Stream pipeline
"00:58, 19-Jun-2022",WFP says 7.4 million people food insecure in Ethiopia due to drought
"02:20, 20-Jun-2022",Macron set to lose parliamentary majority: projections
"21:53, 16-Jun-2022",UN turns to crowdfunding to stop what could be world's biggest oil spill
"03:04, 16-Jun-2022",Austin approves guaranteed income program
"06:18, 16-Jun-2022",CGTN America wins a record 22 Telly Awards
"06:42, 16-Jun-2022",Can gun manufacturers be held liable for mass shootings in the U.S.?
"03:04, 16-Jun-2022",Challenges for the return migration in El Salvador
"05:15, 16-Jun-2022",DACA Anniversary: Citizenship path for “Dreamers” remains in peril decade after executive order
"06:50, 16-Jun-2022",DC honors slain journalist with street outside Embassy of Saudi Arabia
"06:17, 16-Jun-2022",Parts of Yellowstone National Park to remain closed for rest of year
"06:24, 16-Jun-2022",Study shows 80% children in Gaza suffer from an increase in depression
"06:36, 16-Jun-2022",What do we know about the White nationalist group Patriot Front?
"06:50, 17-Jun-2022"," Celebrating Juneteenth, the Emancipation of African Americans"
"04:00, 17-Jun-2022",Colombian presidential race enters runoff
"06:49, 17-Jun-2022","European leaders meet Zelenskyy in Kyiv, affirm support for EU membership"
"04:00, 17-Jun-2022",FDA approves COVID vaccine for youngest children
"04:23, 17-Jun-2022",California’s Joshua trees struggle to survive extreme weather conditions
"04:22, 17-Jun-2022",NYC helps elderly residents adapt to digital technology amid pandemic
"04:00, 17-Jun-2022",Some factors that cause high inflation in the U.S.
"04:00, 17-Jun-2022",Suspect confesses to killing missing journalist and expert in Amazon
"06:06, 18-Jun-2022",Bryce Weiler working to inspire and help others with disabilities
"05:58, 18-Jun-2022",California's Palm Springs expected to face more days with extreme heat
"06:05, 18-Jun-2022",California town angers residents with tourism plans
"02:37, 18-Jun-2022",Commemoration service held for victims of Nigeria church massacre 
"06:07, 18-Jun-2022",Marine life impacted by presence of microplastics
"05:37, 18-Jun-2022",Putin asserts Russia's resilience against economic 'blitzkrieg' of sanctions
"06:10, 18-Jun-2022",Salvadorans remain cautious to embrace Bitcoin
"05:41, 18-Jun-2022",UK Prime Minister Boris Johnson visits Kyiv
"06:00, 18-Jun-2022",Viral police brutality video shakes India 
"06:13, 18-Jun-2022",World Cup 2026 host cities announced 
"07:00, 19-Jun-2022","40th annual ""Mermaid Parade"" through New York's Coney Island"
"04:30, 19-Jun-2022",50th Anniversary of Watergate
"04:35, 19-Jun-2022",At least 59 dead in Bangladesh and India from storms and flooding
"04:30, 19-Jun-2022",Fed rate hike could price millions out of housing market
"04:30, 19-Jun-2022",The history of Juneteenth
"04:35, 19-Jun-2022",U.S. President Biden takes a tumble off his bicycle in Delaware
"04:23, 20-Jun-2022",Smithsonian Institution Museum collects artifacts to document pandemic
"04:26, 20-Jun-2022",Yellowstone to partially reopens after floods
