﻿"22:57, 23-Aug-2022"," M6.2 earthquake strikes southern Sumatra, Indonesia"
"13:00, 23-Aug-2022",Badminton: China's Shi Yuqi wins first match in 10 months on return 
"18:59, 23-Aug-2022","CGTN Sports Talk: Who are more disappointing, United or Liverpool?"
"18:02, 23-Aug-2022",Carolina Panthers name Baker Mayfield starting QB for season opener
"22:20, 23-Aug-2022",China beat Philippines 3-0 for third straight win at AVC Cup
"20:31, 23-Aug-2022",China's vaccine regulator attains new maturity rank from WHO
"18:21, 23-Aug-2022","Respect for sovereignty, territorial integrity foundation of common security - Chinese envoy"
"07:16, 23-Aug-2022","Death toll from Sudan's heavy rains, floods rises to 83"
"14:19, 23-Aug-2022",Drinking water becomes 'strategic resource' amid heatwave: media
"09:46, 23-Aug-2022",Malaysia's ex-PM Najib arrives at top court for final leg of 1MDB appeal
"18:24, 23-Aug-2022",GM Brian Cashman confident in Yankees despite recent struggles
"15:49, 23-Aug-2022",Indonesia's central bank raises policy rate to 3.75%
"15:37, 23-Aug-2022",Iran drops some demands for nuclear deal: Reuters
"12:31, 23-Aug-2022","Iran says U.S. delaying nuclear deal, U.S. sees progress"
"07:10, 23-Aug-2022",Israel announces biggest rate hike in two decades
"16:30, 23-Aug-2022","Malaysian ex-PM Najib loses final 1MDB appeal, sent to prison"
"11:42, 23-Aug-2022","After beating Liverpool, Man Utd begin a slow crawl out of crisis without Ronaldo and Maguire"
"07:59, 23-Aug-2022",Monkeypox reaches all 50 U.S. states
"09:41, 23-Aug-2022","New space telescope shows Jupiter's auroras, tiny moons"
"13:20, 23-Aug-2022",Northern part of Beirut silos collapses
"17:32, 23-Aug-2022",Putin holds telephone conversation with Rahmon
"16:00, 23-Aug-2022",Iraq's judiciary suspends work as cleric Sadr fuels political crisis
"18:00, 23-Aug-2022",Shadow of slavery still looms over African Americans
"23:02, 23-Aug-2022",Spain declares disaster-zone status for fire-hit regions
"07:20, 23-Aug-2022",Suspect in midtown Atlanta shootings arrested at airport
"15:39, 23-Aug-2022",Türkiye does not have preconditions for dialogue with Syria: FM
"09:01, 23-Aug-2022",Tennis: Zverev pulls out of U.S. Open with ankle injury
"07:09, 23-Aug-2022",Trump files lawsuit to block FBI review of items seized at Mar-a-Lago
"17:13, 23-Aug-2022",Two Russian Tu-95MS bombers conduct flight over Sea of Japan
"23:08, 23-Aug-2022",U.S.'s credibility under question as biolab mishaps pile up
"09:47, 23-Aug-2022",UN chief calls for new global consensus on cooperation to ensure collective security
"22:13, 23-Aug-2022",UNICEF: 10 million children suffer from dire drought in Africa 
"22:54, 23-Aug-2022",WTO goods trade indicator stable as growth stagnates
"14:29, 24-Aug-2022",Thai court suspends PM from duty pending ruling on term limits
"10:18, 24-Aug-2022",Badminton World Championships: Chinese shuttlers keep good form
"10:29, 24-Aug-2022","Benfica, Haifa, Plzen cruise into Champions League group stage"
"15:31, 24-Aug-2022",CGTN forum calls global attention to Afghanistan 
"23:05, 24-Aug-2022","China, ROK hail significance of joint report on future development of ties"
"18:07, 24-Aug-2022",China pushing negotiations on post-2020 global biodiversity framework
"17:57, 24-Aug-2022",China to provide more humanitarian aid over deadly Pakistan floods
"10:21, 24-Aug-2022",Chinese envoy calls on parties to minimize risk of accidents at Ukraine nuke plant
"23:11, 24-Aug-2022","Draghi says Italy must remain at heart of EU, international alliances"
"18:26, 24-Aug-2022",Ethiopian govt accuses Tigray rebels of resuming fighting
"14:22, 24-Aug-2022",Europe's biggest supplier expects high gas output until 2030
"19:06, 24-Aug-2022",Everyone knows there is only one China: Former Croatian Deputy PM
"16:45, 24-Aug-2022",Explosion reported in northern Afghanistan
"10:13, 24-Aug-2022",Fetching water in Kandahar
"07:31, 24-Aug-2022","Germany, Canada partner on transatlantic hydrogen trade"
"19:26, 24-Aug-2022",Iran calls U.S. attack on Syria 'violation of sovereignty'
"18:27, 24-Aug-2022",NASA releases the sound of a black hole
"07:17, 24-Aug-2022",Nancy Pelosi's husband pleads guilty to DUI in California
"09:28, 24-Aug-2022",Papua New Guinean PM appoints new cabinet members
"10:02, 24-Aug-2022",Pfizer COVID shots appear 73 percent effective in children under five
"20:06, 24-Aug-2022","Xi Jinping, Yoon Suk-yeol exchange congratulations on 30th anniversary of China-South Korea diplomatic ties"
"22:45, 24-Aug-2022",Russia has 'incomparable superiority' in economic resilience: report
"18:29, 24-Aug-2022",Smart China Expo 2022: Digital technologies advance economy and life
"16:58, 24-Aug-2022",South African inflation hits new 13-year high: data
"15:14, 24-Aug-2022",Thailand's court suspends Prayut's premiership
"10:31, 24-Aug-2022",U.S. military carries out strike in Syria on Iran-linked targets
"18:35, 24-Aug-2022",U.S. judge blocks federal guidance on emergency abortions in Texas
"18:25, 24-Aug-2022",U.S. trims FY 2022 budget deficit forecast as revenues rise
"14:41, 24-Aug-2022",Voting starts in Angolan general election
"16:36, 24-Aug-2022","WTO indicator shows global trade growth stable, but stagnating"
"15:04, 25-Aug-2022",UN rights chief Bachelet holds final press briefing before end of mandate
"07:28, 25-Aug-2022",Biden says he had 'zero' advance notice of FBI search of Trump's Mar-a-Lago home
"22:07, 25-Aug-2022",Biden signs order on $52 billion chips law implementation
"14:34, 25-Aug-2022",Britain's former Myanmar envoy detained in Yangon
"21:15, 25-Aug-2022",China holds peacekeeping forum for collective efforts
"15:26, 25-Aug-2022",China says will protect firms after U.S. adds 7 to export control list
"09:50, 25-Aug-2022",Chinese envoy warns of dangers of new Cold War
"20:37, 25-Aug-2022","Expert: U.S. ""friend-shoring"" policy disrupts free trade"
"13:06, 25-Aug-2022",First provisional results show MPLA ahead in Angola's election
"08:49, 25-Aug-2022",Former Malaysian PM appears for 1MDB trial at High Court
"20:08, 25-Aug-2022",Full text: Some facts about Pelosi's visit to China's Taiwan region 
"22:01, 25-Aug-2022",Graphics: 2022's extreme heat may be the new norm
"13:32, 25-Aug-2022","Japan's top police chief to resign, takes responsibility for Abe shooting"
"08:00, 25-Aug-2022",Jury awards $31m damages in Kobe Bryant crash photo trial
"19:05, 25-Aug-2022","LPGA trio set world record in par-3 challenge, PGA Tour overhauls schedule"
"22:45, 25-Aug-2022",French President Macron arrives in Algeria on visit aimed at fixing ties
"19:03, 25-Aug-2022",Malaysia's Mahathir says 'highly likely' jailed Najib will get pardon
"11:39, 25-Aug-2022",Meet the European giants in the 2022/23 Champions League group stage
"19:43, 25-Aug-2022",Putin signs decree to increase military personnel to 1.15m
"16:26, 25-Aug-2022",Recent floods in Afghanistan claim 182 lives: spokesperson
"18:34, 25-Aug-2022",Suspended Thai PM to attend defense ministry meeting
"18:16, 25-Aug-2022",Taliban say they've not found body of al Qaeda leader
"10:02, 25-Aug-2022",Tropical cyclone Ma-on kills 4 in Philippines
"07:02, 25-Aug-2022","Two dead, three injured in Washington, D.C. shooting"
"20:37, 25-Aug-2022","U.S. GDP in Q2 revised up to 0.6% contraction, technical recession remains"
"18:15, 25-Aug-2022",U.S. judge blocks Idaho abortion ban in medical emergencies
"07:13, 25-Aug-2022",3 U.S. troops wounded in Syria rocket attacks: CENTCOM
"17:07, 25-Aug-2022","Xi Jinping calls on Chinese, African media to better tell stories about bilateral cooperation"
"20:13, 25-Aug-2022",Xinhua releases list of facts about Pelosi's Taiwan visit to refute U.S. disinformation
"19:31, 26-Aug-2022", China-Russia video exchange broadcasting event kicks off in Beijing
"21:59, 26-Aug-2022",2022-23 UEFA Europa League draw results: United to meet Real Sociedad
"15:47, 26-Aug-2022",9th batch of remains of CPV martyrs to return home in mid-September 
"21:43, 26-Aug-2022",Afghanistan diary: The scars of war
"15:47, 26-Aug-2022",Azerbaijani President says controlled parts of Nagorno-Karabakh region
"14:22, 26-Aug-2022","British energy prices to rise 80% to £3,549 a year "
"21:54, 26-Aug-2022",CGTN Sports Talk: Meet your 'ex' in 2022-23 UEFA Champions League
"19:35, 26-Aug-2022",At least 2 people trapped after building collapses in Nigerian capital
"10:22, 26-Aug-2022","Champions League draw: Bayern, Barca and Inter in Group of Death, PSG get Juventus"
"17:00, 26-Aug-2022",China calls for action to settle Israeli-Palestinian conflict
"19:26, 26-Aug-2022",China's coach praises Zhou Qi's contributions to win over Kazakhstan
"19:29, 26-Aug-2022",17 people including children killed in Ethiopian air strike in Tigray: report
"17:15, 26-Aug-2022",Expert: Europe drought drags down economy
"22:16, 26-Aug-2022",Fed likely to keep raising rates sharply amid high inflation: Powell
"20:59, 26-Aug-2022","Türkiye, Finland, Sweden discuss security concerns, to keep meeting through autumn"
"10:25, 26-Aug-2022","In America, a civil war 2.0 could be quietly unfolding "
"21:23, 26-Aug-2022",Key U.S. inflation measure falls 0.1% in July: govt
"22:31, 26-Aug-2022",Make it rain: How does cloud seeding work?
"20:38, 26-Aug-2022",Moderna sues Pfizer-BioNTech for patent infringement over COVID vaccine
"15:13, 26-Aug-2022",Musk's SpaceX and T-Mobile plan to connect mobile phones to Starlink satellites next year
"17:01, 26-Aug-2022",OKC's rookie Chet Holmgren ruled out for 2022-23 NBA season for injury
"21:13, 26-Aug-2022",Pakistan declares emergency as millions affected by floods
"19:59, 26-Aug-2022","Philippine ferry with over 80 people onboard catches fire, 1 injured"
"19:02, 26-Aug-2022",Premier League clubs spend record £1.5 billion on transfers
"11:58, 26-Aug-2022",Robot issue delays fuel removal from Fukushima nuclear plant
"10:27, 26-Aug-2022",Suspended Thai PM vows to continue as defense minister
"07:50, 26-Aug-2022",Tales of chips: Tech monopolies are forcing people to look for open alternatives
"13:08, 26-Aug-2022","Truss, Sunak and the 'China obsession': When will the West grow out of it?"
"19:22, 26-Aug-2022","U.S. consultation request over Mexico's energy policy 'foolish,' says Mexican president"
"17:16, 26-Aug-2022","U.S. inflation eased slightly in July, but numbers remain at decade high"
"11:12, 26-Aug-2022",U.S. judge orders release of redacted Mar-a-Lago affidavit
"09:24, 26-Aug-2022","Ukraine, Russia trade blame over Zaporizhzhia power outage"
"11:08, 26-Aug-2022","WHO: Monkeypox cases drop by 21%, reversing month-long increase"
"19:17, 26-Aug-2022",Xi Jinping encourages foreign experts to contribute more to exchanges between China and others
"07:29, 27-Aug-2022",Suspect in custody after 2 die in Toronto stabbing
"01:47, 24-Aug-2022","Drought in Horn of Africa, Sahel threatens lives of regions' children"
"02:38, 24-Aug-2022",IAEA says it could visit Zaporizhzhia nuclear plant in days
"02:01, 24-Aug-2022",Iraqi PM shortens Egypt trip as protest in Baghdad disrupts judiciary's work
"02:08, 24-Aug-2022",Tanzania conducts national population and housing census
"01:56, 24-Aug-2022",U.S. Justice Department probes violent arrest in Arkansas
"03:05, 24-Aug-2022","U.S. reports over 15,000 monkeypox cases"
"03:02, 24-Aug-2022",U.S. to announce $3 billion in new military aid for Ukraine: official
"02:11, 24-Aug-2022",UN to help Africa develop capital markets to spur economic development
"00:59, 25-Aug-2022",Biden announces student loan relief for borrowers who need it most 
"00:43, 25-Aug-2022",EU to discuss training mission for Ukrainian forces next week
"00:49, 25-Aug-2022",Iran receives U.S. response to EU nuclear text for revival of 2015 pact
"00:54, 25-Aug-2022",Kenya's elected county governors to take office on Thursday
"23:57, 25-Aug-2022",Pakistan floods have affected over 30 million people: climate change minister
"02:00, 25-Aug-2022",U.S. first lady Jill Biden tests positive for rebound case of COVID-19
"01:49, 25-Aug-2022",UN steps up post-COVID-19 support in Africa; battles cholera in Malawi
"02:46, 25-Aug-2022",Chinese FM attends reception marking 30th anniversary of China-ROK ties
"01:40, 26-Aug-2022",A million people have died from COVID-19 in 2022: WHO
"00:46, 26-Aug-2022",Macron arrives in Algeria for visit aimed at resetting relations
"00:44, 26-Aug-2022",The U.S. government revision shows economy shrank 0.6% last quarter
"01:10, 26-Aug-2022",US Open draw: Serena Williams to face Kovinic in first round
"02:08, 27-Aug-2022",Ethiopian government to take action targeting rebel positions
"02:26, 27-Aug-2022","Kenya targets 100,000 tonnes of avocado exports to China annually"
"01:16, 27-Aug-2022",Macron to sign 'renewed partnership' deal with Algeria: presidency
"00:58, 27-Aug-2022","Over 8,000 Somali police officers trained by AU peacekeeping mission in 13 years"
"01:28, 27-Aug-2022",Redacted affidavit used to justify FBI raid of Trump home released
"00:36, 26-Aug-2022",'Wonky' fruit and veg to be sold in UK supermarkets after poor harvest
"00:39, 26-Aug-2022","Cash-rich Germany failing to tackle money laundering, global watchdog finds"
"19:23, 26-Aug-2022","Ukraine conflict - day 184: Zaporizhzhia nuclear plant back online, thousands remain without power "
"06:39, 23-Aug-2022",California faces historic drought
"07:16, 23-Aug-2022",OPINION: Why is U.S. fighting a losing battle by visiting Taiwan?
"06:39, 23-Aug-2022",Pakistan's former PM Imran Khan facing charges under anti-terror act 
"06:39, 23-Aug-2022",The ripple effects of the Russia-Ukraine conflict
"03:12, 24-Aug-2022",Americans travel to Mexico for abortion help
"03:11, 24-Aug-2022",California faces extreme heat
"03:12, 24-Aug-2022",Few Brazilians aware of country’s dark ties to slavery
"06:09, 24-Aug-2022",Global droughts kneecap world’s largest economies
"06:30, 24-Aug-2022",International Day for Remembrance of the Slave Trade and its Abolition
"03:10, 24-Aug-2022",U.S. government urges Americans to leave Ukraine immediately
"02:51, 26-Aug-2022",Abortion bans take effect in more U.S. states 
"05:58, 26-Aug-2022",Celebrating 50 years of Great Panda conservation efforts
"05:15, 26-Aug-2022",China and the Smithsonian celebrate 50 years of pandas in the U.S.
"03:20, 26-Aug-2022",Embalmed heart of Brazil's first emperor arrives in Brasilia 
"04:37, 26-Aug-2022",U.S. GDP contracts less than predicted
"06:13, 26-Aug-2022",U.S. midterms and the top voting issues
"04:40, 26-Aug-2022",U.S. tech industry sees layoffs post COVID-19
"04:35, 26-Aug-2022",Uvalde School Board fires police chief
"05:58, 27-Aug-2022",CGTN reporter's diary from Mexico 
"05:58, 27-Aug-2022",Colombia welcomes its first black vice president
"05:59, 27-Aug-2022",Federal Reserve gathers in Wyoming to discuss rising inflation
"05:59, 27-Aug-2022",President Biden signs executive order to implement CHIPS ACT
"05:58, 27-Aug-2022",Women’s Equality Day 2022
