﻿"22:17, 21-Apr-2022",COVID-19 in Shanghai: Why are multiple rounds of PCR tests needed?
"17:28, 21-Apr-2022",China condemns Japanese leader's offering to war-linked shrine
"22:22, 21-Apr-2022",China welcomes all countries to join Global Security Initiative
"15:24, 21-Apr-2022",China's top procuratorate orders arrest of ex-official Fu Zhenghua
"14:28, 21-Apr-2022","Chinese youth embrace rich cultural life, higher education levels: white paper"
"17:45, 21-Apr-2022",Ding Junhui suffers first-round loss at World Snooker Championship
"15:15, 21-Apr-2022",Full text: Xi Jinping's speech at 2022 Boao Forum for Asia
"15:06, 21-Apr-2022",Full text: 'Youth of China in the New Era' white paper
"16:56, 21-Apr-2022",Graphics: Facts about China's youth
"14:08, 21-Apr-2022",Key quotes from Xi Jinping's speech at 2022 Boao Forum for Asia
"19:09, 21-Apr-2022",President Xi replies to letter from British pupils on climate change
"19:12, 21-Apr-2022",Xi: China's commitment to reform and opening-up will not waver
"13:04, 21-Apr-2022","China stresses Asia's role in promoting global peace, growth and cooperation"
"13:30, 22-Apr-2022",China's securities watchdog encourages institutional investors to invest more in equities
"21:42, 22-Apr-2022","China, Austria to boost cooperation, push forward ties"
"09:14, 22-Apr-2022",China opposes any interference in sixth-term HKSAR chief executive election
"22:59, 22-Apr-2022",China's League of Legends pros to compete remotely during MSI 2022
"09:04, 22-Apr-2022","Chinese mainland records 2,133 new confirmed COVID-19 cases"
"07:46, 22-Apr-2022",Earth Day: Our planet is interconnected
"11:23, 22-Apr-2022",Guangdong Nan'ao Series | Episode 7: Bay Dwellers
"21:45, 22-Apr-2022",Premier Li: China willing to play a constructive role in Sri Lanka's economic stability
"21:25, 22-Apr-2022",Low-carbon travel in Boao: Courtyard of Eastern Culture
"16:31, 22-Apr-2022","More Shanghai supermarkets resume operation, both online and offline"
"11:55, 22-Apr-2022",President Xi underscores need for fostering high-caliber talent in reply to science professors
"21:47, 22-Apr-2022",The sailing of RCEP and Hainan FTP to bring opening-up dividends to Asia
"14:57, 22-Apr-2022",Shanghai carmakers see steady production growth after COVID-19 curbs
"10:48, 22-Apr-2022",Shanghai to launch new measures against COVID-19
"21:52, 22-Apr-2022","Shanghai vows to enable patients to attend hospital, regardless of test results"
"14:34, 22-Apr-2022",Will Asia lead global recovery with new uncertainties ahead?
"19:12, 22-Apr-2022",Xi Jinping unanimously elected delegate to 20th CPC National Congress
"11:31, 23-Apr-2022", Fresh photos: Spectacular views of Earth from China's space station
"10:04, 23-Apr-2022","China slams U.S., EU for double standards on sovereignty, territorial integrity"
"16:54, 23-Apr-2022",Chinese bibliophiles go for old books in e-reading era
"09:14, 23-Apr-2022","Chinese mainland records 2,988 new confirmed COVID-19 cases"
"14:17, 23-Apr-2022",Guangdong Nan'ao Series | Episode 8: Island tea tree
"14:46, 23-Apr-2022",How Xi Jinping encourages people to read
"14:41, 23-Apr-2022",President Xi encourages whole Chinese society to read more
"15:20, 23-Apr-2022","Shanghai COVID-19 death toll rises by 12, all unvaccinated"
"10:55, 23-Apr-2022",Sound legislation urged for Qinghai-Tibet Plateau ecological conservation
"14:58, 23-Apr-2022",Unboxing China: This is how Chinese get to read more
"11:03, 23-Apr-2022",Vlog: Decoding the metaverse at Boao Forum for Asia 2022
"19:03, 23-Apr-2022","With fixation on China, Washington is trapped in dangerous groupthink"
"16:38, 24-Apr-2022",Beijing reports 21 new COVID-19 infections
"15:03, 24-Apr-2022",COVID-19 cases fluctuate as death toll rises in Shanghai
"18:51, 24-Apr-2022","China Weekly News Quiz: April 17-24, 2022"
"09:50, 24-Apr-2022",China's road passenger transport down 26.1% YOY in first quarter
"14:53, 24-Apr-2022",China's space endeavors beyond space station: What's ahead? 
"10:42, 24-Apr-2022",China to start engineering Phase-4 lunar exploration missions this year
"09:20, 24-Apr-2022","Chinese mainland records 1,580 new confirmed COVID-19 cases"
"14:40, 24-Apr-2022",Common prosperity is coming back into fashion
"22:17, 24-Apr-2022",DPP authority slammed for touting false 'two states' theory
"17:43, 24-Apr-2022",Digital book readership in China exceeds 500m in 2021: report
"22:50, 24-Apr-2022",Expert: Popularizing football is the key to China's youth development
"10:17, 24-Apr-2022",Guangdong Nan'ao Series | Episode 9: Medicinal herbs
"17:47, 24-Apr-2022",M3.9 earthquake hits Xinjiang's Kashgar
"21:31, 24-Apr-2022",RNG top laner Bin: We will study T1 and G2 for MSI 2022
"13:48, 24-Apr-2022",Sewage treatment improvements planned in rural China
"14:57, 24-Apr-2022",Shanghai's economy slows down as COVID-19 restrictions continue
"21:26, 24-Apr-2022",Stores partially resume online services while shopping malls remain closed in Shanghai
"15:52, 24-Apr-2022",Strict measures necessary to contain COVID-19 spread: China's top epidemiologist
"15:28, 24-Apr-2022",The Colors of Nature: Pink peach flowers in Tibet
"15:41, 25-Apr-2022",Advance team for UN human rights chief arrives in China
"17:47, 25-Apr-2022",Beijing's Chaoyang District ensures residents' daily necessities
"19:29, 25-Apr-2022",Beijing supermarkets gear up to meet residents' needs as COVID cases rise
"21:54, 25-Apr-2022",China calls for solidarity to build global community of health for all
"15:58, 25-Apr-2022",China takes more targeted measures to contain COVID-19 while keeping economy running
"13:20, 25-Apr-2022",China's legislative work over past decade reflects whole-process people's democracy: official
"19:44, 25-Apr-2022",China to cut reserve requirement ratio for foreign currency deposits
"11:48, 25-Apr-2022",China will do its utmost to help Sri Lanka tide over difficulties
"09:22, 25-Apr-2022","Chinese mainland records 2,680 new confirmed COVID-19 cases"
"08:49, 25-Apr-2022",Female taikonaut Wang Yaping encourages youth to explore space
"12:23, 25-Apr-2022","F1 Emilia Romagna GP: Red Bull Racing triumph as Verstappen, Perez scoop 1-2 finish"
"20:00, 25-Apr-2022",Ships catch fire near Macao's inner harbor
"18:23, 25-Apr-2022",Wang Yi: Over 100 countries support Global Development Initiative
"22:37, 25-Apr-2022",What's behind China's new high-speed rail closing speed record?
"14:53, 25-Apr-2022",Xi Jinping congratulates Macron on re-election as French president
"12:59, 25-Apr-2022",China aims for world-class universities with Chinese characteristics
"13:12, 25-Apr-2022",Xi congratulates forum on 50th anniversary of malaria drug artemisinin
"20:20, 26-Apr-2022","3 Chinese nationals killed, 1 injured in blast at Pakistan's Karachi University"
"21:31, 26-Apr-2022",Asia's 1st Rafael Nadal Tennis Center to open in Hong Kong
"10:50, 26-Apr-2022",Beijing expands mass COVID-19 testing to 11 more districts 
"16:35, 26-Apr-2022",Blue-tailed Bee-eater Series | Episode 1: The return 
"13:05, 26-Apr-2022",China-Malaysia MoU aims to take TCM to next level
"14:22, 26-Apr-2022",China approves clinical trials of Sinopharm's Omicron-specific vaccine
"19:14, 26-Apr-2022",China is telling its youth to protect IP rights
"16:32, 26-Apr-2022",China on Russia-Ukraine conflict: No one wants World War III
"17:50, 26-Apr-2022",China reaffirms commitment to denuclearization of Korean Peninsula 
"21:26, 26-Apr-2022","China's box office plunges amid COVID-19, films delayed for May Day holiday"
"11:25, 26-Apr-2022",China's model workers: Welders who hold up mega ships
"13:18, 26-Apr-2022",China to further tap consumption potential amid COVID-19 resurgence
"09:07, 26-Apr-2022",Chinese envoy says Palestine issue should not be marginalized
"20:06, 26-Apr-2022","Chinese epidemiologist underlines dynamic zero-COVID approach, TCM role"
"09:13, 26-Apr-2022","Chinese mainland records 1,923 new confirmed COVID-19 cases"
"14:41, 26-Apr-2022",Cold air brings sleet in N China's Inner Mongolia
"12:31, 26-Apr-2022",Guangdong Nan'ao Series | Episode 10: Story-telling figs
"15:41, 26-Apr-2022","PBOC: Investor expectations, sentiment led to financial market volatility"
"19:15, 26-Apr-2022",Reporter's Diary: I talked with a recovered COVID-19 patient in Shanghai about his 21 days in temporary hospital
"17:09, 26-Apr-2022",Souvenirs from space: Shenzhou-13 return capsule unloaded
"20:56, 26-Apr-2022",Xi Jinping calls for advancing infrastructure construction 
"17:29, 27-Apr-2022","'China doesn't engage in political assassinations, unlike the U.S. and some Western countries'"
"21:52, 27-Apr-2022",Beijing adds three more high-risk areas for COVID-19
"10:30, 27-Apr-2022",Blue-tailed Bee-eater Series | Episode 2: Busy Hunters
"16:02, 27-Apr-2022",CGTN wins Gold award at 2022 New York Festivals TV and Film Awards
"10:08, 27-Apr-2022",China condemns USS Sampson transition through Taiwan Straits
"13:40, 27-Apr-2022","China's 38th Antarctic expedition ends, 2 icebreakers back in Shanghai"
"09:46, 27-Apr-2022","China's industrial profits up 8.5% in Q1, dropping from previous quarter"
"22:58, 27-Apr-2022",China warns U.S. of unbearable cost over acts towards Taiwan region
"16:05, 27-Apr-2022",China will keep staying 'on highest alert' amid COVID-19: immigration authority
"09:08, 27-Apr-2022","Chinese mainland records 1,824 new confirmed COVID-19 cases"
"19:57, 27-Apr-2022",Chinese shares rebound on Wednesday after days of slump
"19:05, 27-Apr-2022",Clinical research for Omicron vaccine will take 3-4 months: CNBG
"21:25, 27-Apr-2022",Liaoning coach Yang Ming: Our CBA title is well-deserved
"22:44, 27-Apr-2022","From Henan to Shanghai, female courier helps deliver packs to quarantined residents"
"21:23, 27-Apr-2022",Pakistani FM sends condolences to victims in blast at university
"11:39, 27-Apr-2022",Preparations underway for Chengdu Universiade
"15:33, 27-Apr-2022",Shanghai sets rules for zero-COVID areas as cases continue to fall
"22:00, 27-Apr-2022",Terminal cleaning: Things you need to know to stop COVID spread
"07:26, 27-Apr-2022",China says those behind Karachi terrorist attack will pay the price
"08:01, 27-Apr-2022","Turkmen president, Chinese defense minister agree to deepen military cooperation"
"12:16, 27-Apr-2022",Unearthed silk fragments identified as part of ancient book
"11:16, 27-Apr-2022",Wildlife of Wolong: The big family of golden snub-nosed monkeys
"13:30, 27-Apr-2022",Wildlife of Wolong: The brave snow partridges
"18:43, 27-Apr-2022",Xi congratulates first innovation exchange conference for craftsmen
"17:49, 28-Apr-2022",Beijing ramps up supplies to ease crunch caused by COVID panic buying
"15:30, 28-Apr-2022",Blue-tailed Bee-eater Series | Episode 3: Home Building
"08:24, 28-Apr-2022","China, Iran agree to push military ties to higher level"
"11:42, 28-Apr-2022",China launches first large shallow-water dynamic positioning vessel
"21:02, 28-Apr-2022",China launches new comprehensive scientific expedition to Mount Qomolangma
"17:25, 28-Apr-2022","China, nine Caribbean countries to hold foreign ministers' meeting"
"19:04, 28-Apr-2022","China refutes hypes about space threat, and the U.S. maritime bullying"
"14:03, 28-Apr-2022",China revises law to promote vocational education employment
"15:28, 28-Apr-2022",China to suspend import tariffs for coal from May 1 to March 2023 
"09:18, 28-Apr-2022","Chinese mainland records 1,503 new confirmed COVID-19 cases"
"22:31, 28-Apr-2022",Chinese mainland slams DPP authority for misleading the public
"14:33, 28-Apr-2022",Grand Canal gets fully refilled with water in all dried-out sections
"16:25, 28-Apr-2022",Miao woman finds path to wealth by making bamboo wine
"10:06, 28-Apr-2022",Noted Chinese calligraphy and painting brand to mark 350 years
"17:25, 28-Apr-2022",Shanghai's COVID-19 cases drop for 6th day amid plans to ease restrictive measures
"11:20, 29-Apr-2022",247 foreign firms in Shanghai included in 'white list' to resume production
"11:09, 29-Apr-2022",Blue-tailed Bee-eater Series | Episode 4: One Male's Dream
"14:22, 29-Apr-2022",Rescue underway after building collapsed in central China's Changsha
"13:38, 29-Apr-2022",China vows to stabilize economic growth while guarding against pandemic
"13:17, 29-Apr-2022",China launches two new satellites into orbit
"22:24, 29-Apr-2022","China ready to enhance economic, trade cooperation with Norway"
"15:01, 29-Apr-2022",Chinese envoy pays condolences to victims of Confucius Institute blast
"09:11, 29-Apr-2022","Chinese mainland records 5,659 new confirmed COVID-19 cases"
"17:16, 29-Apr-2022","Global gold demand up 34% in Q1, China's gold consumption down"
"22:56, 29-Apr-2022",Here's how robots work at temporary hospitals in COVID-hit Shanghai
"18:02, 29-Apr-2022","In China, music therapy is quietly taking hold in treatment "
"10:39, 29-Apr-2022",NW China's Shaanxi Archaeology Museum opens
"13:16, 29-Apr-2022","Official: 'Dynamic-zero' policy key to curb COVID-19, boost economy "
"19:08, 29-Apr-2022",Omicron leaves no room for relaxation in epidemic control: expert
"14:50, 29-Apr-2022",Shanghai Defenders: Political advisor delivers medicine for neighbors
"15:29, 29-Apr-2022",Young illustrator tells stories of thousands via personalized pictures
"09:08, 30-Apr-2022",'Where the Mighty Rivers Begin' Ep. 5: Sustainability
"08:38, 30-Apr-2022","China, U.S. have established 284 'sister' pairs: video dialogue"
"09:43, 30-Apr-2022",China's manufacturing PMI edges down to 47.4 in April
"09:12, 30-Apr-2022","Chinese mainland records 1,424 new confirmed COVID-19 cases"
"10:50, 30-Apr-2022",Shanghai banker sleeps in office for a month to ensure financial stability
"07:21, 30-Apr-2022",Five people rescued so far from Changsha building collapse
"11:45, 22-Apr-2022",Ambassador Qin Gang builds China-U.S. friendships in Iowa 
"06:15, 22-Apr-2022",Chinese Ambassador Qin Gang tours farms in U.S. Midwest
"03:14, 22-Apr-2022",Chinese Ambassador to U.S. Qin Gang visits Iowa's Harry Stine Center 
"11:45, 22-Apr-2022",Peace through agriculture at the China-U.S. Agricultural Forum
"12:01, 22-Apr-2022",U.S-China High Level Agricultural Dialog takes place in Iowa 
"12:04, 23-Apr-2022","CGTN's ""The Ambassador"" trailer for ""America's Breadbasket"""
"12:05, 23-Apr-2022",China's Ambassador to the U.S. tours Syngenta seed facility in Iowa 
"12:04, 23-Apr-2022",U.S.-China High Level Agricultural Dialogue takes place in Iowa 
"03:51, 24-Apr-2022",Consul General Zhang Ping sends a letter to the Los Angeles Times on Shinzo Abe's Op-ed article related to Taiwan
"03:50, 25-Apr-2022",Minnesota Overseas Chinese Service Center welcomes Ambassador Qin Gang
"05:51, 26-Apr-2022",Ambassador Qin visits Minneapolis' Chinese immersion language school
"08:03, 26-Apr-2022","Interview with International Monetary Fund Managing Director, Kristalina Georgieva"
