﻿"13:18, 25-May-2022",Sri Lankan president appoints Ranil Wickremesinghe as finance minister
"12:33, 31-May-2022","Pakistani government, TTP agree to extend ceasefire"
"10:11, 01-Jun-2022","Mexico death toll from storm Agatha rises to 11, with 33 missing"
"16:50, 01-Jun-2022",2 million in UK estimated to be suffering from long COVID
"10:53, 01-Jun-2022",America's wars: The invented reason and the real reason
"07:21, 01-Jun-2022",At least 106 dead after storm hit northeastern Brazil
"07:33, 01-Jun-2022",Australia's new cabinet sworn in
"22:22, 01-Jun-2022",Canadian central bank hikes key rate from 1% to 1.5% to fight inflation
"13:59, 01-Jun-2022",Children's Day: Chinese vaccines protect Cambodian children from COVID-19
"11:40, 01-Jun-2022","China's defense minister to visit Singapore, attend Shangri-La Dialogue"
"12:39, 01-Jun-2022",Climate expert: Developed nations should put aside arrogance and help poor nations
"17:39, 01-Jun-2022",Dystopian reality: U.S. sacrifices its children to keep its guns
"13:29, 01-Jun-2022","Eurozone inflation hits record 8.1% in May as food, energy prices soar"
"07:17, 01-Jun-2022","Hungary, Norway report first cases of monkeypox"
"13:13, 01-Jun-2022",Inflation in Sri Lanka hits record high for 8th month 
"15:05, 01-Jun-2022",Is South St. Louis better?
"14:54, 01-Jun-2022",It's a never-ending cycle
"22:59, 01-Jun-2022",More than 550 monkeypox cases reported to WHO from 30 countries
"14:04, 01-Jun-2022",NYT article slams U.S. politicians' response to gun violence
"10:21, 01-Jun-2022","Over 112,000 child COVID-19 cases reported in U.S. in past week"
"14:22, 01-Jun-2022",Palestinian woman shot dead in the West Bank: report
"13:25, 01-Jun-2022",Poll shows lowest public confidence in U.S. economy since 2009
"18:15, 01-Jun-2022",Putin holds phone conversation with Armenia's Pashinyan
"18:32, 01-Jun-2022","After clinching 1st Serie A title in 11 years, AC Milan sold to U.S. firm RedBird"
"15:45, 01-Jun-2022",Children in U.S. more likely to be gun victims than those in other high-income countries
"17:23, 01-Jun-2022",Sanaa-Cairo flight takes off for first time in 6 years
"10:38, 01-Jun-2022",Teenager Gauff reaches first Grand Slam semifinal at French Open
"07:13, 01-Jun-2022",Texas governor issues disaster declaration for Uvalde after mass shooting
"14:07, 01-Jun-2022",U.S. COVID-19 cases 6 times higher than last year as summer begins
"21:51, 01-Jun-2022",U.S. names new special envoy for Horn of Africa
"08:16, 01-Jun-2022","U.S. to send Ukraine 'more advanced rocket systems,' Russia incensed"
"22:37, 01-Jun-2022",UN: Peacekeeper killed in terrorist attack in northeastern Mali
"11:14, 01-Jun-2022",Volleyball: Turkey sweep Italy 3-0 at Nations League
"12:36, 01-Jun-2022",WHO warns of further transmission of monkeypox over summer
"15:34, 01-Jun-2022",What's pushing India's extreme heatwave to a 122-year high?
"17:42, 01-Jun-2022",Xi sends condolences to Brazilian president over rainfall disaster
"07:20, 01-Jun-2022",Yellen says she was 'wrong' about inflation path
"22:06, 02-Jun-2022", 'Unlocking women's potential could be key to global development'
"21:44, 02-Jun-2022",EU ambassadors approve 6th sanctions package against Russia
"19:46, 02-Jun-2022",Anadolu Agency: UN registers 'Türkiye' to be used in place of Turkey
"19:22, 02-Jun-2022",Analyst: Biden changes mind due to Russia's upper hand on the battlefield
"19:21, 02-Jun-2022",Analyst: Denmark's participation to strengthen EU security bloc
"17:42, 02-Jun-2022",At least two people interrupt Queen Elizabeth's military parade
"11:24, 02-Jun-2022",China makes a comeback win against Netherlands at Volleyball Women's Nations League
"16:54, 02-Jun-2022",China 'ready to work with South Korea to properly handle sensitive issues' in ties
"17:27, 02-Jun-2022",China to provide emergency humanitarian aid to Sri Lanka
"17:26, 02-Jun-2022",China calls on U.S. to prudently handle trade relations with Taiwan region
"11:46, 02-Jun-2022",Death rates soar for U.S. older people amid Omicron wave: report
"08:17, 02-Jun-2022",Death toll from heavy rains in Brazil's Pernambuco rises to 120
"23:03, 02-Jun-2022",Denmark votes to join EU defense policy
"07:29, 02-Jun-2022",Denmark votes 'yes' to joining EU joint defense policy: PM 
"09:30, 02-Jun-2022","French Open: Swiatek extends winning run, Rudd outclasses Rune"
"19:03, 02-Jun-2022",Germany to send IRIS-T air defense system to Ukraine
"19:29, 02-Jun-2022",Britain's Queen makes balcony appearance for Jubilee celebrations
"21:10, 02-Jun-2022",Kuwaiti Coast Guard arrests 3 Iranian sailors over 'stealing boats'
"18:43, 02-Jun-2022",Morocco reports first case of monkeypox
"22:01, 02-Jun-2022",OPEC+ agrees to further boost oil output
"11:37, 02-Jun-2022",Palestinian PM calls on intl community to sanction Israel
"13:31, 02-Jun-2022",A Palestinian killed in West Bank clash with Israel army
"12:40, 02-Jun-2022",Pandemic hinders efforts to achieve universal energy access by 2030
"10:46, 02-Jun-2022",Peerless Messi sparkles as Argentina thrash Italy to win Finalissima
"07:07, 02-Jun-2022",Five killed in U.S. hospital campus shooting
"22:39, 02-Jun-2022","UK's Prince Andrew tests positive for COVID-19, to miss Jubilee service"
"14:31, 02-Jun-2022",Russia may agree to OPEC+ compensating current drop in oil production
"22:59, 02-Jun-2022",Singapore's first 'Garden-in-a-Hotel' aims to focus on sustainability
"15:15, 02-Jun-2022","Spain's unemployment falls below 3 million in May, first since 2008"
"19:42, 02-Jun-2022",Women's tennis No.1 Swiatek: 'Dealing with periods can be tough for pro athletes'
"11:59, 02-Jun-2022",U.S. lifts Cuba flight restrictions imposed under Trump
"17:03, 02-Jun-2022",UK queen’s Platinum Jubilee celebrations kick off with birthday parade
"18:50, 02-Jun-2022",UN envoy announces agreement to extend truce in Yemen for 2 months
"18:44, 02-Jun-2022",UN launches new strategy to boost engagement with China
"07:59, 02-Jun-2022",UN registers 'Türkiye' as name to replace 'Turkey': Anadolu
"20:15, 02-Jun-2022",Wang Yi hails China's relations with Federated States of Micronesia
"14:35, 02-Jun-2022",World's largest plant discovered in Australia
"16:34, 03-Jun-2022",2 children killed in explosion in Philippines
"09:59, 03-Jun-2022",3 dead after shooting at church in Iowa
"19:52, 03-Jun-2022",5 soldiers killed in roadside blast in Pakistan's Balochistan
"13:13, 03-Jun-2022",7 feared dead as bus catches fire in India's Karnataka
"14:39, 03-Jun-2022",Barcelona teenager Gavi steals the show as Spain held by Ronaldo's Portugal
"17:50, 03-Jun-2022",COVID prevention and control: A comparison between China and the U.S.
"07:46, 03-Jun-2022",Death toll rises to 126 from Brazilian heavy rains
"22:55, 03-Jun-2022",EU approves new sanctions targeting Russian oil and Sberbank
"21:19, 03-Jun-2022",Estonian PM removes coalition partner from government
"22:57, 03-Jun-2022",Expert: OPEC production increase can only offset part of global market
"23:01, 03-Jun-2022",German lawmakers approve 100b euro fund for military
"07:47, 03-Jun-2022",Guns are ‘number one killer’ of children in America: Biden
"19:05, 03-Jun-2022",ICYMI: The week's quirky news from around the world
"20:36, 03-Jun-2022",Iran vows 'immediate response' to any Western move against it at IAEA
"14:11, 03-Jun-2022",Is Vietnam ready to be the factory of the world?
"17:30, 03-Jun-2022",Latvia records first case of monkeypox
"17:19, 03-Jun-2022",Meet the wallabies and kangaroos at this house's yard
"14:32, 03-Jun-2022",Monkeypox outbreak needs a united response: WHO Africa
"14:03, 03-Jun-2022",NBA Finals on June 2: Unbelievable comeback win for Celtics in Game 1
"18:39, 03-Jun-2022",One actor's quest to bring the circus to Brazilian people
"07:24, 03-Jun-2022",Polish not to get EU funds soon despite EC's approval
"19:03, 03-Jun-2022",Putin meets African Union chief Macky Sall in Sochi
"17:11, 03-Jun-2022",Queen Elizabeth II's Platinum Jubilee celebrated across UK
"08:01, 03-Jun-2022",Queen withdraws from Friday Platinum Jubilee service after ‘discomfort’
"18:36, 03-Jun-2022",Restarting China-Australia relations needs action: Chinese foreign minister
"22:56, 03-Jun-2022",Russia: EU consumers will be first to suffer oil sanctions
"17:47, 03-Jun-2022",Russia's military operation to go at accelerated pace: Chechen leader
"13:42, 03-Jun-2022",Russian forces in Ukraine's east attempting to advance south
"09:06, 03-Jun-2022",S.Korea inflation accelerates 5.4% in May to near 14-year high
"09:10, 03-Jun-2022","Seen from space, the snow-capped Alps are going green"
"22:05, 03-Jun-2022",Seven ways the Ukraine-Russia conflict has changed the world
"19:24, 03-Jun-2022","At least 4 dead, dozens injured as train derails in S Germany"
"14:15, 03-Jun-2022",Soldier killed in 'terror attack' in NW Pakistan
"19:42, 03-Jun-2022",Sri Lankan president calls for imports of medicines amid economic crisis
"18:41, 03-Jun-2022",Story-teller of Jewish refugees in Shanghai receives honor
"21:19, 03-Jun-2022",Wang Yi: That China sought to sign regional security pact with PICs is fake news
"09:03, 03-Jun-2022",The disappointing truth about American-style freedom
"18:15, 03-Jun-2022",Tom Brady reveals free agency makes him feel pressure to return
"15:13, 03-Jun-2022",Turkish inflation hits 24-year high in May at 73.5%
"18:38, 03-Jun-2022","U.S., ROK, Japan vow to boost deterrence amid Korean Peninsula tension"
"20:41, 03-Jun-2022",U.S. unemployment rate holds at 3.6%
"22:55, 03-Jun-2022",UNSC renews UNITAMS mandate in Sudan
"18:12, 03-Jun-2022",United on the right track letting expensive deadwood go under ten Hag
"15:37, 03-Jun-2022",4 injured after fire erupts in business center in Russia
"16:28, 03-Jun-2022",Wang Yi: China to build higher-level relations with PNG
"14:10, 03-Jun-2022",Will the new Australian government walk in lockstep with Washington?
"10:05, 03-Jun-2022",World No. 1 Swiatek to meet first-time finalist Gauff in French Open final 
"18:43, 03-Jun-2022","Yayoi Kusama exhibition opens at Hirshhorn Museum in Washington, D.C."
"20:45, 03-Jun-2022",Zimbabweans make traditional Chinese delicacy zongzi
"07:16, 04-Jun-2022",Bomb kills two peacekeepers in Mali: UN
"07:15, 04-Jun-2022",Former Trump adviser Navarro indicted on contempt of Congress charges
"02:18, 01-Jun-2022",Kenya forecasts economy growing by 5.7% in 2022
"23:59, 01-Jun-2022",WHO warns outbreaks of diseases like monkeypox becoming more frequent
"02:09, 02-Jun-2022",Biden announces new $700 million in military aid for Ukraine
"00:45, 02-Jun-2022",Croatia is ready to adopt euro currency in 2023: European Commission 
"02:01, 02-Jun-2022",Ethiopia to receive $200 million financial assistance from World Bank: official
"01:11, 02-Jun-2022","Finland, Sweden to continue NATO talks with Turkey"
"01:51, 02-Jun-2022","UN warns of dire, grim situation in Somalia amid severe drought"
"01:13, 03-Jun-2022",300 Central African Republic refugees head home from Cameroon
"01:53, 03-Jun-2022",Breakthrough military-civilian talks may end Sudan crisis: UN 
"01:15, 03-Jun-2022",OPEC+ agrees to significant oil output increases in July
"00:36, 03-Jun-2022",Russia-controlled Zaporizhzhia region to nationalise Ukraine's assets - RIA
"01:17, 03-Jun-2022",UN-brokered truce in Yemen extended for 2 additional months: UN envoy
"00:36, 03-Jun-2022",WHO: COVID-19 deaths in Africa to fall by nearly 94% in 2022
"01:07, 04-Jun-2022",Estonia's coalition government collapses
"02:01, 04-Jun-2022",Former Trump aide Navarro indicted for defying Jan. 6 panel
"01:51, 04-Jun-2022",Iranian FM urges IAEA against possible anti-Iran resolution
"02:29, 04-Jun-2022",Nadal back in French Open final after injured Zverev stops
"01:46, 04-Jun-2022","Putin, AU head discuss bilateral cooperation, impact of Western sanctions"
"02:10, 04-Jun-2022","Tropical storm warning for parts of Florida, Cuba, Bahamas"
"00:36, 04-Jun-2022",UN provides 20 million USD for drought emergency in Somalia
"02:34, 04-Jun-2022",Ukraine crisis dampens Uganda's economic recovery: central bank
"00:41, 03-Jun-2022",Hungary blocks EU sanctions and defends Russian Patriarch
"03:36, 01-Jun-2022",U.S. struggles to enact gun law reforms compared to global peers
"03:36, 01-Jun-2022",Uvalde mass shooting – one week later
"09:15, 01-Jun-2022",Why the Chinese language is important for diplomacy
"04:05, 02-Jun-2022",German judges examine Peru’s glacier in a climate lawsuit 
"06:58, 02-Jun-2022",More whales spotted in San Francisco due to climate change
"06:25, 02-Jun-2022",Who owns the world's guns? Spoiler: it's no surprise
"07:00, 02-Jun-2022",Why are Uvalde funerals being held next to the school shooting scene?
"06:55, 03-Jun-2022",Bolivian artist paints Indigenous woman like the Mona Lisa
"01:47, 03-Jun-2022",Four victims and gunman dead in mass shooting at Oklahoma hospital
"05:10, 03-Jun-2022",Gun and ammunition stocks spike after mass shooting in Texas
"06:55, 03-Jun-2022",Hurricane Agatha leaves at least 11 people dead and 33 missing 
"04:32, 03-Jun-2022",Latinos face discrimination by other Latinos in the U.S.
"02:55, 03-Jun-2022",Meet the 8-year-old Chinese speaking prodigy
"00:18, 03-Jun-2022",New bike lane in Venezuela stirs up online controversy 
"05:10, 03-Jun-2022",Platinum Jubilee honors Queen Elizabeth II's 70 years of service 
"04:32, 03-Jun-2022",Protests after in-custody death of unarmed black man in Brazil
"01:47, 03-Jun-2022",Rescue teams race to save 14 trapped miners in Colombia
"02:55, 03-Jun-2022","The ""cowgirl"" with a link to China-U.S. relations"
"05:36, 03-Jun-2022",Uvalde mass shooting brings new scrutiny on school safety plans
"04:32, 03-Jun-2022",What to know about ‘red flag’ gun laws
"05:12, 03-Jun-2022",Would you still be contagious 10 days into COVID​-19 isolation?
"05:57, 04-Jun-2022",A favela has the cleanest sewage in Rio de Janeiro
"01:08, 04-Jun-2022",Ambassador Qin Gang delivers remarks at the Asia Society Texas Center
"02:09, 04-Jun-2022",Chinese Ambassador to the U.S. meets with Rice University President 
"03:41, 04-Jun-2022",Financial challenges keep old cars on Venezuelan roads for longer
"03:41, 04-Jun-2022",Inflation remains a big concern in Brazil
"03:41, 04-Jun-2022",NBA’s deputy commissioner on NBA finals
"03:14, 04-Jun-2022",New York becomes first state to pass major gun restrictions after mass shootings
"03:40, 04-Jun-2022",Should photos of mass shootings be shown to motivate change?
"05:57, 04-Jun-2022","U.S. economy added nearly 400,000 jobs in May"
"06:07, 04-Jun-2022",U.S. still works on final invitation list for Summit of the Americas
