﻿"13:20, 15-Mar-2022",China's elderly take up photography as hobby
"10:13, 15-Mar-2022",Former Shandong Luneng boss Magath aims to save Hertha Berlin from relegation
"13:36, 16-Mar-2022",Exclusive interview: China's Zhang Shuai reflects on winning Lyon Open
"21:35, 17-Mar-2022",2021: China removes 22 million irregular posts from internet
"18:43, 17-Mar-2022","China rejects Blinken's accusations, calls U.S., NATO initiators of Ukraine crisis"
"23:12, 17-Mar-2022",China's para ice hockey team eyeing future wins
"21:53, 17-Mar-2022",M5.2 earthquake hits NW China's Xinjiang: CENC
"23:15, 17-Mar-2022",Wang Yi urges greater security role for SCO amid Ukraine conflict
"22:46, 17-Mar-2022","Xi to speak with Biden on China-U.S. relations, issues of common concern"
"20:44, 17-Mar-2022","Xi urges swift COVID-19 containment with minimal impact on economy, livelihood"
"15:00, 18-Mar-2022",Chart of the Day: Chinese mainland battles biggest COVID-19 outbreak in two years
"18:57, 18-Mar-2022",China calls for avoiding larger-scale humanitarian crisis in Ukraine
"17:23, 18-Mar-2022",China's Shenzhou-13 astronauts to give second space class on March 23
"19:04, 18-Mar-2022","China-style diplomacy 'better than' West's, says Ugandan president"
"08:50, 18-Mar-2022",China tightens multi-channel networks regulations
"15:32, 18-Mar-2022",China will stick to 'dynamic zero-COVID' policy: health authorities
"09:32, 18-Mar-2022","Chinese diplomat, Russian ambassador exchange views on bilateral ties"
"09:11, 18-Mar-2022","Chinese mainland records 2,461 confirmed COVID-19 cases"
"16:07, 18-Mar-2022",China unveils its top 6 field archaeological discoveries of 2021
"18:59, 18-Mar-2022",Xi Jinping: China supports ASEAN to play bigger role in regional affairs
"21:54, 18-Mar-2022",Shanghai enforces flexible COVID restrictions despite recent outbreak
"16:34, 18-Mar-2022",The population of Siberian cranes wintering in China reaches 5616
"18:59, 18-Mar-2022",Xi Jinping says China's ready to work with South Africa to advance BRICS cooperation
"22:21, 18-Mar-2022","Xi Jinping exchanges views with South African, Cambodian leaders on Ukraine"
"21:04, 18-Mar-2022",President Xi Jinping has a video call with U.S. President Joe Biden
"11:27, 19-Mar-2022",Beijing welcomes March snow 
"22:37, 19-Mar-2022","China, Zambia agree to deepen cooperation in agriculture, manufacturing"
"16:52, 19-Mar-2022",China's latest COVID-19 rebound: Over 95% cases are mild or asymptomatic
"10:05, 19-Mar-2022",China's FAST telescope observes the origin of fast radio bursts
"14:58, 19-Mar-2022",China's highest mega hydropower plant fully operational
"15:01, 19-Mar-2022",China's largest oil-gas field hits record-high production for winter heating
"23:18, 19-Mar-2022",China says U.S. warship's transit through Taiwan Straits 'dangerous'
"09:36, 19-Mar-2022","Chinese mainland records 2,228 confirmed COVID-19 cases"
"17:55, 19-Mar-2022",Le Yucheng: U.S. should practice Biden's positive remarks on ties with China
"13:38, 19-Mar-2022","Joint China-U.S. efforts needed for world peace, tranquility"
"08:38, 19-Mar-2022","Verstappen sets the pace in Bahrain GP practice, Hamilton struggles"
"17:26, 19-Mar-2022",Wuhan aims to become China's 'valley of satellites' by 2025
"20:50, 19-Mar-2022",Xi signs order to promulgate regulations on military equipment procurement contracts
"12:19, 20-Mar-2022",Animals in solar terms: Chunfen
"20:37, 20-Mar-2022","China, Tanzania agree to deepen cooperation in agriculture, trade"
"15:31, 20-Mar-2022","China Weekly News Quiz: March 13-20, 2022"
"19:07, 20-Mar-2022",China's 3-time para gold medalist hopes to inspire more people
"18:15, 20-Mar-2022",China's BeiDou railway project passes acceptance review
"11:11, 20-Mar-2022",China to clean sweep golds at inaugural World Table Tennis Grand Slam 
"14:26, 20-Mar-2022",Chinese duo scores surprise doubles win in Indian Wells
"09:17, 20-Mar-2022","Chinese mainland records 1,737 confirmed COVID-19 cases"
"08:35, 20-Mar-2022",Ferrari's Leclerc takes first pole as China's Zhou lines up 15th in Bahrain
"14:23, 20-Mar-2022",HKSAR gov't to distribute anti-epidemic supply kits to all residents
"19:38, 20-Mar-2022",Key quotes of Xi Jinping during video call with Joe Biden
"09:43, 20-Mar-2022",Medal designs for Chengdu Universiade unveiled to mark 100-day countdown
"17:12, 20-Mar-2022",Millions of livestock begin seasonal migration in NW China's Xinjiang
"21:23, 20-Mar-2022",Omicron-related COVID-19 more harmful than influenza: Top expert
"23:07, 20-Mar-2022",Rising raw materials costs drive China's new energy vehicles prices up
"08:32, 20-Mar-2022",Wang Yi: China's stance on Ukraine is on the right side of history
"17:08, 20-Mar-2022",Wang Yi: China shares similar positions with developing countries on Ukraine crisis
"12:41, 20-Mar-2022",Wild snow leopard spotted in NW China's Maya Snow Mountain for the first time
"09:42, 21-Mar-2022","Chinese ambassador on Russia-Ukraine conflict: China is part of the solution, not part of the problem"
"23:50, 21-Mar-2022","Before Guangxi crash, 22 accidents involved Boeing 737-800 in history, 10 fatal"
"13:49, 21-Mar-2022",Blooming flowers create enchanting spring scenery across China
"16:53, 21-Mar-2022",Bronze Hall of Sanxingdui Museum reopens after half-year of renovation work
"11:05, 21-Mar-2022",Bronze Hall of Sanxingdui Museum reopens
"10:03, 21-Mar-2022",China's first cargo airport completes flight test of air freighter
"20:53, 21-Mar-2022",China's mobile phone shipments fall 31.7% year on year in February
"17:48, 21-Mar-2022",China's tech hub of Shenzhen resumes normal work as COVID-19 cases decline
"12:03, 21-Mar-2022",China's wheelchair curling team share key to successfully defending Paralympic title
"11:40, 21-Mar-2022",Tokyo 2020: China win men's 4x100m relay bronze after Britain stripped of silver
"22:58, 21-Mar-2022",China to cut 1.5t yuan worth of tax to stabilize economy
"15:32, 21-Mar-2022",China to provide additional $1.6m of humanitarian aid to Ukraine
"12:01, 21-Mar-2022",Chinese ambassador to Ukraine hails 'miraculous' evacuation mission
"09:20, 21-Mar-2022","Chinese mainland records 2,027 new confirmed COVID-19 cases"
"10:34, 21-Mar-2022",History made: China's Zhou Guanyu finishes 10th at dream F1 debut
"10:45, 21-Mar-2022",In pics: Team China clean-sweep titles at WTT Singapore Smash
"12:26, 21-Mar-2022",Infrared camera captures wild leopard parenting cubs in NW China
"11:03, 21-Mar-2022",NE China's nature reserve builds artificial nests for endangered birds
"22:39, 21-Mar-2022",Netizens call out 'rude' CBS news host for heckling Chinese envoy
"16:09, 21-Mar-2022","Passenger plane carrying 132 people crashes in south China, rescue underway"
"18:40, 21-Mar-2022",What China can learn from Eminem about American political talk shows
"19:09, 21-Mar-2022",World Sleep Day: Chinese people sleep 1.44 hours less than 10 years ago
"18:33, 21-Mar-2022",Xi urges all-out rescue work after south China's passenger plane crash
"21:29, 22-Mar-2022","China plane crash: No survivors found so far, cause unclear"
"15:41, 22-Mar-2022",Survivors in China plane crash 'very unlikely': Flight expert
"20:22, 22-Mar-2022",China's central bank issues 5 billion yuan of bills in Hong Kong SAR
"14:05, 22-Mar-2022",China temporarily includes COVID-19 antigen tests in medical insurance
"15:49, 22-Mar-2022",China threatens countermeasures against U.S. visa restrictions
"19:29, 22-Mar-2022",China updates COVID test guideline to make scale adjustable
"21:39, 22-Mar-2022",China urges U.S. to stop sowing discord in the South China Sea
"10:57, 22-Mar-2022","China, like-minded countries concerned about human rights violations against Indigenous people"
"15:53, 22-Mar-2022",Chinese Foreign Ministry spokesperson says 'deeply grieved' by jetliner crash
"09:59, 22-Mar-2022","Chinese mainland records 2,338 new confirmed COVID-19 cases"
"09:10, 22-Mar-2022","China, Islamic world have strong desire for further cooperation: Chinese FM"
"23:04, 22-Mar-2022",Hong Kong officials say COVID-19 stabilizing as city plans to ease curbs
"11:41, 22-Mar-2022",Journeys in Nature: Sanjiangyuan series | Ep. 1: Sources of Life
"19:28, 22-Mar-2022","Kunming airport under normal operation following tragedy, many flights canceled"
"07:34, 22-Mar-2022",M4.7 earthquake strikes near China's Taiwan
"19:19, 22-Mar-2022",U.S.'s most powerful cyberattack system is targeting China: Sources
"12:30, 22-Mar-2022",Latest on the crashed Boeing 737-800: Aircraft design and safety
"15:57, 22-Mar-2022",World Water Day: Cherish precious groundwater
"11:48, 23-Mar-2022",'The Batman' tops revenue chart with $11.7 million in earnings
"11:17, 23-Mar-2022",China-Pakistan ties look to the future
"15:45, 23-Mar-2022",China livestreams second space class from space station
"22:44, 23-Mar-2022",China offers a peek into the scientific facilities at its space station
"18:53, 23-Mar-2022",China reiterates Taiwan question differs in nature from Ukraine issue
"17:30, 23-Mar-2022",China willing to enhance cooperation with Islamic world: Chinese FM
"13:03, 23-Mar-2022",Airline says it got in touch with 123 victims' families in 24 hours
"09:07, 23-Mar-2022","Chinese mainland records 2,667 new confirmed COVID-19 cases"
"17:04, 23-Mar-2022",Black box of crashed flight MU5735 retrieved: official
"18:51, 23-Mar-2022",Expert: The crash of MU5735 jet is very rare in history
"20:10, 23-Mar-2022","Former Chinese leader He Luli cremated, Xi attends the funeral"
"09:48, 23-Mar-2022",Journeys in Nature: Sanjiangyuan series | Ep. 2: Jinsha River Overture
"10:31, 23-Mar-2022","Meet 'plateau celebrities,' wild Tibetan fox cubs in NW China's Gansu"
"17:48, 23-Mar-2022",No G20 member has the right to expel Russia: China's Foreign Ministry
"13:55, 23-Mar-2022",Over 23 hectares of rapeseed flowers bloom in E China's terraced fields
"11:01, 23-Mar-2022",Paintings of nature: Tidal trees at the mouth of the Yellow River
"21:11, 23-Mar-2022","Parts of aircraft wreckage, human tissue fragments found: officials"
"10:41, 23-Mar-2022",Southwest China's Sanxingdui Museum reopens after renovation
"16:10, 23-Mar-2022","Officials urge precise, targeted measures to curb COVID-19 surge on Chinese mainland"
"08:57, 23-Mar-2022","ZTE stock prices surge after resuming trading in Shenzhen, Hong Kong"
"09:13, 23-Mar-2022","Senior Chinese officials guide plane crash rescue, probe in S China"
"22:20, 23-Mar-2022",Xi sends congratulatory letter to fourth CPC-PCC theory seminar
"18:50, 24-Mar-2022",China to host 14th BRICS Summit with focus on 'new era of global development'
"16:07, 24-Mar-2022",Children learn Chinese performing arts on World Theater Day
"10:45, 24-Mar-2022",China's Mars orbiter sends back high-resolution images 
"15:29, 24-Mar-2022",China urges U.S. to remove all additional tariffs imposed on its goods
"12:48, 24-Mar-2022",Chinese legislators inspect enforcement of environmental protection law
"09:24, 24-Mar-2022","Chinese mainland records 2,054 new confirmed COVID-19 cases"
"10:13, 24-Mar-2022",Chinese weightlifter Lyu Xiaojun to be awarded Rio Olympic gold medal
"17:11, 24-Mar-2022",Experts: What black box can tell you about vertical crash of MU5735
"09:24, 24-Mar-2022",Experts carve out path to fight tuberculosis in China
"13:35, 24-Mar-2022",Journeys in Nature: Sanjiangyuan series | Ep. 3: Alpine Wetlands
"09:03, 24-Mar-2022",M5.2 earthquake hits waters off Taiwan region: CENC
"20:16, 24-Mar-2022",National Art Museum of China presents its own collections
"21:46, 24-Mar-2022",Peng Liyuan addresses video conference on World TB Day 2022
"15:51, 24-Mar-2022",China plane crash: Search intensified for second black box
"16:41, 24-Mar-2022",Shenzhou-13 astronauts to make return preparations next week
"23:42, 24-Mar-2022",U.S. owes the world an explanation on biolabs: China's MOD
"07:48, 24-Mar-2022",U.S. reinstates tariff exemptions on 352 Chinese products
"12:14, 24-Mar-2022","Wang Yi: China opposes power politics, bloc confrontation"
"23:47, 24-Mar-2022",Wang Yi makes a surprise stopover in India; what could be expected?
"15:19, 25-Mar-2022",China should strive to achieve 'dynamic zero infection' goals in a short time period: NHC officials
"12:57, 25-Mar-2022",China-Europe freight trains bolster trade amid logistics disruptions
"22:23, 25-Mar-2022","Afghan official: China and Afghan pledge orderly, mutually beneficial cooperation"
"15:12, 25-Mar-2022",Defense minister: China ready to deepen military cooperation with Turkmenistan
"20:42, 25-Mar-2022",China rolls out policies to support grain production
"18:06, 25-Mar-2022",China's J-10C fighter jets add luster to Pakistan's military parade
"20:31, 25-Mar-2022",Opening up and win-win cooperation: China's first global digital trade expo unveils major signals
"20:10, 25-Mar-2022",China says U.S. claims that China knew about Russia's military operation is disinformation
"22:52, 25-Mar-2022","China to encourage financial institutions to lower loan interest rates, cut fees"
"16:44, 25-Mar-2022",Chinese cargo plane lands safely in southwest China after mechanical issue
"09:42, 25-Mar-2022","Chinese mainland records 1,366 new confirmed COVID-19 cases"
"13:59, 25-Mar-2022",Expert: 10 to 15 days needed to decode black box of crashed plane
"20:31, 25-Mar-2022",Fight for love: Injured male panda is recorded in the wild
"14:29, 25-Mar-2022",Journeys in Nature: Sanjiangyuan series | Ep. 4: Dancers on the Cliff
"21:00, 25-Mar-2022","MU5735 search operations continue for survivors, second black box"
"09:12, 25-Mar-2022","Miami Open: Naomi Osaka marches on, Emma Raducanu knocked out"
"12:05, 25-Mar-2022",More Lebanese students keen to explore Chinese culture: official
"17:15, 25-Mar-2022",MU5735 crash: Rescue work continues despite finding no survivors so far
"12:00, 25-Mar-2022",Temporary hospitals from Chinese mainland delivered to Hong Kong
"18:13, 25-Mar-2022",The 23rd anniversary of NATO bombings: China and Serbia will never forget 
"20:44, 25-Mar-2022",Why China isn't switching to a 'living with COVID-19' strategy
"17:42, 25-Mar-2022",Xi holds phone talk with South Korean President-elect Yoon
"07:42, 26-Mar-2022",M6.0 earthquake hits China's Qinghai: CENC
"03:05, 23-Mar-2022",M6.6 quake hits waters off Taiwan: CENC
"04:04, 25-Mar-2022",China says it welcomes any measure to ease humanitarian crisis in Ukraine
"06:30, 18-Mar-2022",The Art of the Party: Teaching Mom to Read
"06:02, 19-Mar-2022",The Art of the Party: Excellent Representative of Intellectuals - Huang Danian
"03:27, 19-Mar-2022",President Xi Jinping has video call with U.S. President Joe Biden
"03:17, 20-Mar-2022",Chinese car companies charge into Brazilian market
"06:54, 22-Mar-2022",From the scene of the plane crash in China
"06:17, 22-Mar-2022",The Art of the Party: Jinggang Mountain Octagon House
"02:11, 23-Mar-2022",The Art of the Party: Gezhouba Water Control Project
"06:36, 23-Mar-2022",Video reports to show China Eastern Airlines plane crash
"06:19, 24-Mar-2022","Passersby catch falling toddler in quilt in Changzhou, China"
"04:52, 25-Mar-2022",U.S. reinstates tariff exemptions on 352 Chinese imports
