﻿"21:04, 29-Apr-2022",Afghan govt says at least 10 killed in Kabul mosque explosion
"11:14, 29-Apr-2022","'Delighted, humbled, blessed': Jurgen Klopp extends Liverpool contract to 2026"
"11:36, 29-Apr-2022",New CDC study finds 75 percent of U.S. children infected with COVID-19 by February
"15:30, 29-Apr-2022","Azerbaijani, Armenian foreign ministers to meet in Dushanbe on May 13"
"10:56, 29-Apr-2022",British Virgin Islands premier arrested in U.S. drug sting
"20:19, 29-Apr-2022",Over 50 worshipers killed in Kabul mosque blast 
"15:01, 29-Apr-2022",Chinese envoy pays condolences to victims of Confucius Institute blast
"13:22, 29-Apr-2022",Clashes at Jerusalem mosque leave 42 Palestinians injured
"18:01, 29-Apr-2022",Climate change may increase risk of new infectious diseases: study
"20:44, 29-Apr-2022","Czech Republic, Poland agree to reopen gas negotiations"
"19:12, 29-Apr-2022",Deutsche Bank offices searched by authorities: Frankfurt prosecutors
"18:10, 29-Apr-2022",EU border agency chief resigns
"17:40, 29-Apr-2022",Euro zone inflation hits record high at 7.5% in April
"10:48, 29-Apr-2022",Fauci: U.S. in 'a different moment' of COVID but pandemic not over
"13:47, 29-Apr-2022",From Gagarin to Tchaikovsky: When cancel culture meets war 
"17:16, 29-Apr-2022","Global gold demand up 34% in Q1, China's gold consumption down"
"14:32, 29-Apr-2022",Hull of missing Japanese boat found on seabed: NHK
"19:36, 29-Apr-2022",IAEA releases first report on water discharge from Fukushima Daiichi
"15:44, 29-Apr-2022",ICYMI: The week's quirky news from around the world
"07:49, 29-Apr-2022",ISIS claims responsibility for attack in N. Afghanistan
"08:31, 29-Apr-2022",Karachi attack: Pakistan continues to fight the scourge of terrorism
"14:28, 29-Apr-2022",Kazakh president proposes referendum on constitutional changes
"19:51, 29-Apr-2022",Moscow open to cooperation with U.S. on Afghanistan: Lavrov
"17:35, 29-Apr-2022","Over 3,000 migrants lost at sea trying to reach Europe in 2021: UN"
"15:16, 29-Apr-2022",Racial split on COVID-19 endures as restrictions ease in U.S.
"10:11, 29-Apr-2022",Ageless Ronaldo makes Premier League history as Man United hold Chelsea to draw
"21:29, 29-Apr-2022",Russian speaker says Ukraine mortgaging itself for U.S. weapons loans
"17:55, 29-Apr-2022",South Africa's latest COVID-19 surge blamed on Omicron mutant
"12:34, 29-Apr-2022",Twelve women killed in gold mine landslide in Indonesia
"15:01, 29-Apr-2022",U.S. children orphaned by COVID-19: What lies ahead?
"07:28, 30-Apr-2022",6 injured in explosion at hospital in Pakistan’s Multan
"21:00, 30-Apr-2022",Blasts cut power to millions in Afghanistan
"10:57, 30-Apr-2022",Ecuador declares emergency in three provinces on rising crime
"12:38, 30-Apr-2022","Fire breaks out at power plant in Russia, power supply unaffected"
"12:47, 30-Apr-2022",Harvard reveals its history of benefiting 'extensively' from slavery
"07:12, 30-Apr-2022",Palestinian killed by Israeli soldiers in northern West Bank: ministry
"09:44, 30-Apr-2022",Kabul mosque explosion kills at least 10
"17:33, 30-Apr-2022",Magnitude-4.2 quake strikes Japan's Southern Kyoto Prefecture: JMA
"13:51, 30-Apr-2022",Manchester United interim boss Rangnick named Austria coach despite poor results
"21:04, 30-Apr-2022",Mexico's Foreign Ministry publishes documents on suing U.S. gunmakers
"15:40, 30-Apr-2022",Pakistani president offers condolences over attack on Chinese teachers
"21:43, 30-Apr-2022",Russia says risks of nuclear war 'must be kept to minimum'
"19:26, 30-Apr-2022",Solomon Islands PM: Pact with China won't militarize Pacific region
"21:01, 30-Apr-2022", Syrian president issues decree granting general amnesty for terrorism-related crimes
"16:16, 30-Apr-2022",Team China return to men's ice hockey Division 1
"11:57, 30-Apr-2022",Fall from grace: Tennis great Becker sentenced to 2 1/2 years in jail over bankruptcy
"20:05, 30-Apr-2022",Two Palestinian men shot by Israeli forces during clashes: Al-Jazeera
"07:36, 30-Apr-2022","U.S., Mexican presidents have ‘constructive’ talks on migration flow"
"12:04, 30-Apr-2022","Wildfires may worsen in U.S. state of New Mexico, officials say"
"07:51, 01-May-2022",Two rockets hit air base housing U.S. advisors in western Iraq
"12:06, 01-May-2022",A third of U.S. college students contemplated withdrawing due to COVID-19 stress
"07:33, 01-May-2022","5 killed, 4 injured in shooting in Pakistan's Punjab"
"10:36, 01-May-2022",8 children killed in vehicle accident in Egypt's Nile Delta
"08:10, 01-May-2022","Islamic State claims Kabul bus bomb that killed 1, injured 3: report"
"08:19, 01-May-2022",Israeli forces arrest 2 suspects in security guard's killing
"12:36, 01-May-2022","Japanese, Vietnamese prime ministers meet in Hanoi"
"23:18, 01-May-2022",Will France lose ties with NATO as Le Pen claims 'victory' in defeat?
"23:02, 01-May-2022",NATO kicks off international exercises
"18:17, 01-May-2022","NBA East semifinals preview: Celtics, Heat have advantage"
"20:15, 01-May-2022",NBA West semifinals preview: Grizzles meet different Warriors
"16:48, 01-May-2022",1 dead after a hard landing of Mi-8 in Russia's Transbaikal Territory
"14:08, 01-May-2022",Pelosi meets Zelenskyy in Kyiv in show of support
"16:03, 01-May-2022","Red Wings will continue to rebuild under Yzerman, but without Blashill"
"19:16, 01-May-2022",Russia claims 46 civilians left Azovstal on Saturday
"09:16, 01-May-2022","Saudi Arabia, Pakistan to discuss support for kingdom's $3b deposit"
"07:59, 01-May-2022",COVID-19 community transmission risk effectively contained in Shanghai
"13:20, 01-May-2022",Study predicts mass marine life extinction if warming continues
"12:53, 01-May-2022",U.S. reports its first human case of H5 bird flu
"18:52, 02-May-2022",Apple hit with EU antitrust charge over payment technology
"10:34, 02-May-2022","At least 8 dead, 3 injured in Philippine university fire"
"07:27, 02-May-2022",At least two severely injured in SW Pakistan blast
"14:35, 02-May-2022",Chadian military council postpones national peace dialogue
"17:59, 02-May-2022",Chinese shuttlers shine at Badminton Asia Championships 2022
"20:06, 02-May-2022",Emergency declared over fire in Russia's Krasnoyarsk
"09:27, 02-May-2022",Israel extends Eid al-Fitr greetings to Arab leaders amid tensions
"12:45, 02-May-2022",Japan probably sought after NATO invitation
"15:51, 02-May-2022",M5.0 quake strikes off coast of Japan's Kyushu island
"07:16, 02-May-2022",Military plane crash kills 4 in central Canada
"16:10, 02-May-2022","Mobile phones of Spanish PM, defense minister hit by spyware: govt"
"12:13, 02-May-2022","Modi arrives in Berlin for European tour, with Ukraine on agenda "
"07:24, 02-May-2022",Multinational troops kill 22 Boko Haram militants in Lake Chad region
"17:10, 02-May-2022",NBA East semis on May 1: Antetokounmpo dominates Celtics
"18:37, 02-May-2022",NBA West semis on May 1: Warriors rally to beat Grizzlies
"19:03, 02-May-2022","Nadal, Djokovic slam Wimbledon for banning Russian, Belarusian players"
"09:45, 02-May-2022","Over 123,000 petition Scholz to forgo Ukraine heavy weapons supplies"
"08:40, 02-May-2022",Speaker of Pakistan's National Assembly offers condolences after attack on Chinese teachers
"21:52, 02-May-2022",Germany pledges 10b euros for bilateral cooperation with India
"08:01, 02-May-2022",At least eight killed in Nigerian building collapse
"13:57, 02-May-2022","Three shot, two arrested in Chilean May Day clashes"
"12:38, 02-May-2022",U.S. CDC: Virus might be behind mystery child hepatitis cases
"09:38, 02-May-2022",UN chief: 'Triple crisis' in Africa exacerbated by war in Ukraine
"15:15, 03-May-2022",'Dozens killed' in Al Shabab attack on African Union mission camp in Somalia
"13:49, 03-May-2022",Al-Shabab attacks African Union camp in Somalia
"21:18, 03-May-2022","Armenia, Turkey agree to continue normalizing relations without preconditions"
"22:08, 03-May-2022",Biden says White House preparing to protect abortion rights
"10:20, 03-May-2022","CGTN program gathers youths from China, Latin America, Caribbean"
"11:23, 03-May-2022",Can Europe weather looming gas shortages?
"12:46, 03-May-2022",Data shows New Zealand sea level rising more quickly than forecast
"21:28, 03-May-2022","Iranian oil minister meets Maduro, targets cooperation with Venezuela"
"12:32, 03-May-2022",Italy announces 14-billion-euro aid to offset higher energy prices
"21:00, 03-May-2022",Kazakh president to visit Turkey on May 10-11
"16:00, 03-May-2022",Mali transitional government breaks off from defense accords with France
"07:17, 03-May-2022","India, Germany pledge climate cooperation, call for peace in Ukraine"
"17:18, 03-May-2022",Indian PM Modi calls for ceasefire in Ukraine
"14:41, 03-May-2022",Most Asian markets drop as traders brace for Fed hike
"12:19, 03-May-2022",O'Sullivan sees off Trump for record-equaling 7th world snooker title
"15:35, 03-May-2022",Pelosi: U.S. will move quickly on bill for emergency aid for Ukraine
"18:01, 03-May-2022",Putin signs decree on economic retaliations against unfriendly states
"12:49, 03-May-2022",Reserve Bank of Australia raises official interest rate to 0.35%
"23:06, 03-May-2022","Revival of Iran nuclear deal not paused, says Iranian FM"
"11:59, 03-May-2022",Russia releases video of civilians after evacuation from Azovstal
"09:30, 03-May-2022","Russia thrown out of Women's Euros, Women's World Cup, Champions League"
"09:56, 03-May-2022","S. Korea, U.S. to begin two-week combined air drills next week: Yonhap"
"08:14, 03-May-2022",South Korean consumer prices see fastest rise in 13 years
"15:34, 03-May-2022","The U.S.-UK axis is declining, deal with it!"
"09:40, 03-May-2022","U.S. Secretary of State, Venezuelan opposition leader hold talks"
"13:17, 03-May-2022",U.S. Supreme Court set to overturn Roe v. Wade abortion decision: Politico
"15:47, 03-May-2022",U.S. and COVID-19 aftermath: A symptom of historical racism
"13:57, 03-May-2022",U.S. manufacturing activity slowest in over 1.5 years as workers quit
"18:47, 03-May-2022","UK PM Johnson struggling at home, hopes to reverse fortunes in Ukraine"
"20:39, 03-May-2022",Ukraine says 2 civilians killed in Azovstal plant bombardment 
"15:54, 03-May-2022",Ukrainian lives are not a priority on the U.S. agenda
"11:57, 03-May-2022",Ukrainian official: No peace deal unless Moscow surrenders
"19:40, 03-May-2022",Xi congratulates Ramos-Horta on election as Timor-Leste's president
"07:57, 04-May-2022",Biden nominates new Supreme Allied Commander Europe
"07:34, 04-May-2022",Latest developments on Russia-Ukraine conflict
"08:49, 04-May-2022",Peruvian PM to face Congress on May 12 over strike
"08:35, 04-May-2022",U.S. Federal Reserve eyes half-point rate hike amid recession fears
"07:31, 04-May-2022",U.S. and Mexico agree to Central America jobs initiative
"08:11, 04-May-2022",UN chief welcomes evacuation of civilians from Azovstal steel plant
"07:48, 04-May-2022",156 people evacuated from Mariupol to Zaporizhzhia: Zelenskyy
"01:05, 30-Apr-2022",African leaders pay tribute to former Kenyan president Kibaki
"01:44, 30-Apr-2022",FIFA says received 23.5 million ticket requests for the 2022 World Cup
"02:43, 30-Apr-2022",Ghana seeing progress from periodic COVID-19 vaccination campaigns 
"01:22, 30-Apr-2022",ICC prosecutor pledges commitment to delivering justice against crimes committed in Libya
"01:55, 30-Apr-2022",South Africa on high alert over possible COVID-19 resurgence
"01:12, 30-Apr-2022",South African Airways welcomes in new CEO on May 1
"02:03, 30-Apr-2022",WHO releases $8.3 million for Sahel's humanitarian response 
"01:50, 01-May-2022",OPEC Fund to finance Nigeria-Morocco gas pipeline
"03:34, 01-May-2022",President Geingob urges Namibia's youth to emulate Chinese counterparts to build country
"04:07, 02-May-2022",Kenya on high alert following latest Ebola outbreak in DR Congo
"03:24, 02-May-2022",Kenyan president raises minimum wage by 12 percent
"04:11, 02-May-2022","Nigeria signs deal with Cuba on vaccine production, technology transfer"
"04:03, 02-May-2022",Nigerian president says final victory over Boko Haram in sight
"04:15, 02-May-2022",Uganda in urgent need for funds as refugee figures swell
"01:45, 03-May-2022",At least eight killed in Nigeria building collapse
"02:47, 03-May-2022","FAO: Forests are vital in achieving food security, improving livelihoods"
"02:54, 03-May-2022",Hungarian government 'does not support' Russian oil and gas embargo: official
"03:00, 03-May-2022",Kenyan government declares night time curfew in northern Marsabit County to tackle insecurity
"01:51, 03-May-2022",Tanzania on high alert over Ebola after fresh outbreak reported in DR Congo
"02:19, 03-May-2022",UN chief says terrorist attacks in Sahel region 'continue to increase'
"00:01, 04-May-2022",Former Wimbledon finalist Anderson retires at 35 
"01:05, 04-May-2022","France tells Mali, exit from defense accords 'unjustified'"
"01:23, 04-May-2022",German opposition leader visits Kyiv
"01:04, 04-May-2022",France's Macron offers to help lift Russia embargo on Ukraine food exports
"00:24, 04-May-2022",U.S. Supreme Court probes leak of draft abortion opinion
"02:43, 04-May-2022",U.S. begins issuing first visas in Cuba in more than 4 years
"01:08, 29-Apr-2022",30 years of Merkel portraits on show
"00:38, 03-May-2022",EU accuses Apple of excluding competitors from contactless payments system
"06:43, 30-Apr-2022",Baby tree kangaroo introduced at the Bronx Zoo in New York
"02:34, 30-Apr-2022",Photographing the 1992 Los Angeles riots
"05:35, 30-Apr-2022",World Bank warns of 'commodity shock' induced by Russia-Ukraine crisis
"06:19, 01-May-2022",A powerful tornado tears through parts of Kansas in the U.S.
"00:54, 01-May-2022",Ambassador Qin Gang looks back on his recent trip to U.S. Midwest
"06:19, 01-May-2022",Argentina faces winter gas shortfall 
"06:19, 01-May-2022",Chinese-made electric bikes boom in the U.S. amid gas prices hike
"06:18, 01-May-2022",Impact of the 1992 Los Angeles Riots
"03:59, 02-May-2022",Cuba May Day March 
"06:27, 02-May-2022",Rodney King: 30 years on
"02:48, 03-May-2022",Air pollution smothers industrial cities across Mexico  
"02:47, 03-May-2022",Bolsonaro & rival Lula hold dual rallies ahead of Brazil election
"06:53, 03-May-2022",Tornado rips through U.S. city
"05:24, 04-May-2022",A look back at the severe hurricane season of 2020
"05:24, 04-May-2022",Colorado nonprofit sends water filters to Ukraine 
"05:24, 04-May-2022",Extreme weather: What’s to come this hurricane season? 
"05:24, 04-May-2022",Fighting HPV in Brazil
"05:25, 04-May-2022",New Jersey tumor cluster 
"05:56, 04-May-2022","Russia-Ukraine crisis threatens food security, global hunger"
