﻿"07:32, 09-Jun-2022",Death toll rises to 40 in church attack in Nigeria
"07:28, 09-Jun-2022",Iran says response to IAEA's resolution is 'firm and proportionate'
"17:45, 10-Jun-2022","15 dead, 37 injured in traffic collision in South Africa"
"20:43, 10-Jun-2022","Analysis: Chinese, U.S. defense ministers' high-profile meeting at Shangri-La Dialogue"
"18:55, 10-Jun-2022",China deplores European parliament's resolution on Xinjiang
"19:33, 10-Jun-2022",China slams U.S.'s double standard on democracy as Trump accused of 'attempted coup'
"17:32, 10-Jun-2022",Chinese defense minister urges U.S. to view China's development rationally
"21:39, 10-Jun-2022",Germany's Scholz meets Vucic in Serbia  
"18:19, 10-Jun-2022",Poland reports its first case of monkeypox: PAP news agency
"18:59, 10-Jun-2022","Russian, Turkmen presidents meet in Moscow"
"22:53, 10-Jun-2022","Singaporean PM Lee hails 'special, high-level' relations with China "
"19:21, 10-Jun-2022",Ten police killed in Burkina Faso attack
"23:00, 10-Jun-2022",Trump responds to primetime January 6 Committee hearing
"20:36, 10-Jun-2022",U.S. inflation rises to 8.6% year on year in May
"18:13, 10-Jun-2022",UN warns Sri Lanka could face 'full-blown humanitarian emergency'
"20:51, 10-Jun-2022",Venezuelan president arrives in Tehran for state visit
"22:15, 10-Jun-2022",Wang Yi hails 76th session of UN General Assembly as 'fruitful'
"15:56, 11-Jun-2022",Death toll rises to 8 in mine explosion in Syria's Daraa
"21:28, 11-Jun-2022",8 killed in Turkey bus crash carrying wedding guests
"12:38, 11-Jun-2022","Armed clashes erupt in Libyan capital, leaving 1 dead"
"15:34, 11-Jun-2022",Asia News Wrap: Record number at China's college entrance exam & more
"08:49, 11-Jun-2022",Australia reaches settlement with France over scrapped submarine deal
"11:32, 11-Jun-2022",Biden signs accord with Latin American nations to address migration issue
"22:44, 11-Jun-2022",Casualties feared in bus explosion in Kabul
"07:10, 11-Jun-2022",DPRK taps Choe Son Hui as new foreign minister: KCNA
"22:16, 11-Jun-2022",EU's von der Leyen in Kyiv to discuss Ukraine's EU membership progress
"16:32, 11-Jun-2022",Fire breaks out in power car of Parabat Express in Bangladesh
"19:32, 11-Jun-2022",All seven bodies found in missing helicopter in Italy
"10:19, 11-Jun-2022",Former Bolivian president Anez sentenced to 10 years in prison
"08:18, 11-Jun-2022",Haitian gangs kidnap 38 minibus passengers
"17:14, 11-Jun-2022",Iran and Venezuela sign 20-year cooperation plan: state TV
"15:47, 11-Jun-2022",Kenny Atkinson agrees to take over as Charlotte Hornets head coach: report
"18:58, 11-Jun-2022","Life expectancy in U.S. falling, Native Americans hardest hit: study"
"16:56, 11-Jun-2022",Liverpool acquire Nunez from Benfica for 100 million euros: report
"18:39, 11-Jun-2022",M5.7 earthquake strikes Balleny Islands region: USGS
"10:58, 11-Jun-2022",Mbappe the lone bright spot as title holders France remain winless in Nations League
"13:35, 11-Jun-2022","NBA Finals on June 10: GSW tie series 2-2, gain back home advantage"
"14:23, 11-Jun-2022",Protests in India against anti-Prophet comments kill 2
"12:21, 11-Jun-2022",Remote Killing: Afghan rural teacher maimed by drone strike
"07:31, 11-Jun-2022",Russian PM authorizes withdrawal from UN tourism body
"13:48, 11-Jun-2022","Singapore, Japan reach agreement on defense exchanges"
"14:24, 11-Jun-2022","South Korea, U.S., Japan discuss combined military exercises"
"10:25, 11-Jun-2022","Tiger Woods joins Michael Jordan, LeBron James on sports billionaire list: Forbes"
"15:37, 11-Jun-2022",U.S. gasoline average pump price tops $5/gallon in historic first
"07:13, 11-Jun-2022",U.S. military confirms first case of monkeypox
"14:51, 11-Jun-2022",U.S. seeks hegemony through 'Indo-Pacific Strategy': Chinese military official
"14:18, 11-Jun-2022",UK judge allows first flight taking migrants to Rwanda
"16:07, 11-Jun-2022",Zelenskyy warns of 'acute and severe food crisis and famine'
"14:43, 12-Jun-2022","'Enough is enough': Tens of thousands rally against gun violence in capital, across U.S."
"07:45, 12-Jun-2022",Biden pledges federal money to fund New Mexico wildfire recovery
"13:31, 12-Jun-2022",Blasts hit 3 provinces in Afghanistan causing casualties
"22:36, 12-Jun-2022",China opposes using competition to define China-U.S. relations
"15:57, 12-Jun-2022",China's Zeng Fanbo ready to join an NBA team
"23:35, 12-Jun-2022",China's development is not a threat to others
"13:55, 12-Jun-2022",China sets two world records in deep-sea energy exploration 
"23:26, 12-Jun-2022",Chinese defense minister: China will fight to stop Taiwan independence
"13:53, 12-Jun-2022",DPRK leader sends message of support to Putin on Russia Day
"10:48, 12-Jun-2022","England and Italy draw in Nations League, as Germany held by Hungary"
"16:05, 12-Jun-2022",Expert warns U.S. may face COVID-19 testing supply shortage
"16:09, 12-Jun-2022",Father on Son Heung-min: He's not a world class player yet
"16:49, 12-Jun-2022",Fire breaks out at restaurant in Baghdad
"07:38, 12-Jun-2022",German parliament approves 100 billion euros special defense fund
"17:08, 12-Jun-2022",Heatwave sweeping across U.S. sets record highs
"14:27, 12-Jun-2022",Iran claims Mahan Air Boeing 747 seized in Argentina
"15:27, 12-Jun-2022",Japan's 'vision for peace' is unworthy of its name
"12:51, 12-Jun-2022",Pakistan weekly inflation spikes 2.67% as fuel prices surge
"14:00, 12-Jun-2022",Polls open for first round of French legislative elections
"20:47, 12-Jun-2022","DPRK fires multiple projectiles, ROK joint chiefs say"
"13:23, 12-Jun-2022",Real Madrid land Aurelien Tchouameni for 80 million euros
"16:33, 12-Jun-2022","Global Political Calendar: SPIEF to open in Russia, Jan. 6 Committee public hearings to continue"
"17:05, 12-Jun-2022",Sanctions push Russian space agency to demand payment in rubles
"11:22, 12-Jun-2022",Sri Lankan PM says he's open to Russian oil: AP
"22:28, 12-Jun-2022",Two airport workers killed in Afghanistan's bus ambush: official
"22:48, 12-Jun-2022",U.S. 'Indo-Pacific strategy' creates conflict and confrontation
"22:38, 12-Jun-2022",U.S. buys more monkeypox vaccines as global case count grows
"17:07, 12-Jun-2022",U.S. gas price reaches $5 a gallon for first time
"12:44, 12-Jun-2022",U.S. paid 2 bln in rubles for astronaut's trip via Russian spacecraft: Roscosmos 
"23:44, 12-Jun-2022",U.S. think tank sees China's tech as 'scary.' That's not healthy
"16:20, 12-Jun-2022","UK's new Northern Ireland trade rules will not break law, minister says"
"19:01, 12-Jun-2022","WTO chief seeks one or two deals, warns road will be rocky"
"21:12, 12-Jun-2022","China's commerce minister: WTO reform should promote globalization, benefit all members"
"14:07, 12-Jun-2022",UFC 275: Joanna Jędrzejczyk retires following KO loss to Zhang Weili
"16:58, 12-Jun-2022",Zion Williamson reiterates desire to stay at New Orleans Pelicans
"10:33, 13-Jun-2022","2 killed, 4 wounded in nightclub shooting in Indiana, U.S."
"20:33, 13-Jun-2022",Africa embraces China as they boost prosperity together
"22:05, 13-Jun-2022",At least 100 killed in Burkina Faso attack over weekend: Reuters
"07:08, 13-Jun-2022",At least 8 killed in Mali attack
"17:01, 13-Jun-2022",Australia's new arc of diplomacy
"14:28, 13-Jun-2022",Baghdad International Airport resumes flights after suspension due to dust storm
"17:50, 13-Jun-2022","Battle intensifies in Severodonestsk, E Ukraine's Donbas region"
"07:49, 13-Jun-2022","Biden to travel to Saudi Arabia, Israel next month"
"07:54, 13-Jun-2022",Biden urges quick action after U.S. senators reach bipartisan gun control deal
"16:49, 13-Jun-2022","China, Panama vow to boost cooperation on 5th anniversary of diplomatic ties"
"21:10, 13-Jun-2022",Clashes in Sudan's Darfur kill more than 100: tribal leader
"09:10, 13-Jun-2022",Yen slides to weakest point against dollar since February 2002
"15:43, 13-Jun-2022",Britain urges EU to change post-Brexit trade rules with N. Ireland
"18:34, 13-Jun-2022",Expert: Security in Europe faces significant changes
"11:40, 13-Jun-2022","F1 Azerbaijan GP: Red Bull claim one-two finish, China's Zhou retires "
"22:29, 13-Jun-2022","Finding True America: Why is gun violence a vicious, unending cycle? "
"19:08, 13-Jun-2022","France, EU have entered 'war economy,' says Macron"
"12:39, 13-Jun-2022",Indian rupee slips to record low against U.S. dollar
"20:09, 13-Jun-2022",Israel urges citizens to leave Turkey immediately over Iran attack threat
"09:36, 13-Jun-2022",McDonald's successor opens in Russia after U.S. giant's withdrawal
"14:58, 13-Jun-2022",McDonald's successor opens in Russia after U.S. giant's withdrawal
"20:49, 13-Jun-2022",Meet the first and only Chinese principal dancer at New York City Ballet
"15:04, 13-Jun-2022",Myanmar kids get first jab of China's Sinopharm COVID-19 vaccine
"12:05, 13-Jun-2022",NASA loses two hurricane monitoring satellites on launch
"14:56, 13-Jun-2022",NATO chief: Turkey's security concerns are legitimate
"15:36, 13-Jun-2022","Pakistani, Turkmen, Armenian leaders to visit Iran: spokesperson"
"11:20, 13-Jun-2022",Ronaldo-less Portugal sunk by Swiss as Seferovic nets fastest goal in Nations League history
"23:01, 13-Jun-2022",Romania detects its 1st case of monkeypox
"22:00, 13-Jun-2022",U.S. House January 6 committee holds second public hearing
"21:58, 13-Jun-2022",U.S. recession odds jump after inflation gauge says Fed has not done enough
"22:04, 13-Jun-2022",U.S. stocks plunge in early trading amid rising inflation
"14:14, 13-Jun-2022",UK slowdown fears mount as GDP's unexpected shrink in April
"16:00, 13-Jun-2022",UN Human Rights Council starts 50th regular session
"17:12, 13-Jun-2022",UN rights chief Michelle Bachelet won't seek 2nd term
"07:52, 13-Jun-2022",Venezuela confirms first case of monkeypox
"14:59, 13-Jun-2022","China's commerce minister: WTO reform should promote globalization, benefit all members"
"21:59, 13-Jun-2022",Wang Yi: China-New Zealand relations are 'maturing and resilient'
"09:58, 14-Jun-2022","104 more cases of monkeypox found in England, mostly in men"
"08:39, 14-Jun-2022",At least 15 killed in mudslides caused by heavy rains in Guatemala
"08:30, 14-Jun-2022",Australia win sudden death battle with Peru for World Cup place
"08:53, 14-Jun-2022",Biden extends U.S. sanctions against Belarusian authorities by one year
"07:24, 14-Jun-2022",Dozens injured in factory blast in southern Iran
"08:33, 14-Jun-2022",EU agency sees risk of COVID-19 deaths rising as Omicron subvariants spread
"09:58, 14-Jun-2022",U.S. Senate to take up gun bill as soon as possible: Schumer
"01:15, 09-Jun-2022",Five soldiers killed in separatist attack in Cameroon's West region
"23:42, 10-Jun-2022",Russia lowers interest rate to 9.5 percent
"00:47, 11-Jun-2022",Algeria's block on trade with Spain could violate EU trade law: top EU officials
"02:07, 11-Jun-2022",Americas summit: U.S. rolls out measures to tackle migration crisis
"00:39, 11-Jun-2022","Cholera, other diseases could kill thousands in Ukraine's Mariupol: Mayor"
"00:43, 11-Jun-2022",Ecuador keeps World Cup spot as FIFA rejects Chile complaint
"00:47, 11-Jun-2022",IOM seeks 66 million USD to scale up humanitarian aid in Somalia
"00:13, 11-Jun-2022",Russia says deputy foreign minister met U.S. ambassador
"00:41, 11-Jun-2022",U.S. household wealth drops for first time in 2 years
"01:57, 11-Jun-2022",UK judge allows first flight sending asylum-seekers to Rwanda to go ahead
"01:27, 12-Jun-2022",Germany's Stuttgart club midfielder Karazor arrested on Spain's Ibiza
"02:38, 12-Jun-2022",Landmine explosion kills 11 in Syria
"01:41, 12-Jun-2022",Monkeypox cases rise to 31 in Nigeria
"01:23, 12-Jun-2022","Most of Britain's Monkeypox cases are in London, as case numbers reach 366"
"02:29, 12-Jun-2022","Protesters rally against gun violence in Washington, across U.S."
"00:43, 12-Jun-2022",Ukraine to get word on EU hopes next week: Von der Leyen 
"23:50, 13-Jun-2022",Canadian PM Trudeau tests positive for COVID-19
"02:46, 13-Jun-2022",Gun reform deal reached by U.S. senators with key Republican backing
"02:12, 14-Jun-2022",EU threatens legal action over UK's N.Ireland trade bill
"02:42, 14-Jun-2022",Kevin Spacey due in London court on Thursday: police
"01:22, 14-Jun-2022","U.S. Stocks sink again, as S&P 500 enters 'Bear Market'"
"00:18, 14-Jun-2022",UK Court of Appeal says flight to take migrants to Rwanda can go ahead
"01:23, 14-Jun-2022",UK introduces bill to change post-Brexit trade in N.Ireland
"00:06, 11-Jun-2022",McDonald's golden arches come down as fast food giant leaves Russia
"21:09, 13-Jun-2022",NATO chief backs Turkey's security concerns as Sweden's ascension to the alliance stutters
"23:26, 13-Jun-2022",UK's Rwanda immigration policy: What is it and why the controversy?
"19:54, 13-Jun-2022",UK to defy EU with proposal to change Northern Ireland trade rules: key points
"19:50, 13-Jun-2022","Ukraine conflict day 110: Troops told 'surrender or die,' Wikipedia appeals disinformation fine"
"00:59, 14-Jun-2022",France National Assembly election: United left threatens Emmanuel Macron's agenda
"23:44, 11-Jun-2022",Ambassador Qin Gang meets with Delaware governor Carney
"06:08, 11-Jun-2022",Cryptocurrency takes root in El Salvador
"06:08, 11-Jun-2022",Microscopic air pollution affects health and livelihoods worldwide 
"06:09, 11-Jun-2022",New technique shows promise in the search for a Type 1 Diabetes cure
"02:45, 12-Jun-2022",Anger spreads after Indian officials' remarks offend Muslims 
"02:44, 12-Jun-2022",Biden to visit New Mexico where fire destroyed over 400 homes 
"03:47, 12-Jun-2022",Fourth COVID-19 wave hits Argentina
"05:23, 12-Jun-2022",Gun market soars after Brazil president loosens restrictions
"02:43, 12-Jun-2022",Gun reform demonstration brings thousands to Washington D.C. 
"05:13, 12-Jun-2022",Leaders deliver remarks at the final day of the Summit of the Americas
"00:48, 12-Jun-2022",Learning about China's Zhangzhou puppetry
"04:17, 12-Jun-2022","Parkland, Florida residents once again ""march for their lives"""
"05:19, 12-Jun-2022",Ping Pong Diplomatic Tour draws in Texas
"07:05, 12-Jun-2022",Protesters march for gun legislation changes in 450 U.S. cities
"04:38, 13-Jun-2022",British ​journalist and Brazilian expert missing in Amazon
"05:41, 13-Jun-2022",Countries at Summit of the Americas pass measures to manage migration
"07:09, 13-Jun-2022",Inflation is causing 'shrinkflation'
"04:35, 13-Jun-2022",New report gives Brazil low scores on sustainability
"03:16, 14-Jun-2022", China's top diplomat Yang Jiechi meets U.S. national security advisor
"06:29, 14-Jun-2022",A U.S. table tennis tour honors the legacy of Ping Pong Diplomacy
"06:25, 14-Jun-2022",Central U.S. heatwave tests Texas power grid
"06:28, 14-Jun-2022",U.S. drops COVID-19 testing requirement for international travelers
