﻿"11:03, 11-Apr-2022",'It was not possible without the car' says race winner Charles Leclerc
"16:08, 11-Apr-2022","1 dead, 48 lay trapped mid-air in ropeway trollies in east India"
"09:12, 11-Apr-2022",2 dead in accommodation facility fire in Seoul
"07:45, 11-Apr-2022","2 killed, 10 injured at a nightclub shooting in Cedar Rapids, Iowa"
"12:17, 11-Apr-2022","6 killed in blast at chemical factory in Gujarat, India"
"19:58, 11-Apr-2022",At least 21 killed in DR Congo armed attack
"19:30, 11-Apr-2022","CGTN Sports Talk: Name your All-NBA, All-Defensive teams"
"21:12, 11-Apr-2022","CGTN Sports Talk: What does 2-2 draw mean to City, Liverpool?"
"19:49, 11-Apr-2022",China says delivery of regular military supplies to Serbia 'part of annual cooperation plan'
"11:00, 11-Apr-2022","Chinese star Wu Lei ends 666-day goal drought in La Liga, Man City held by Liverpool"
"15:57, 11-Apr-2022",China says Pakistan policy unaffected by leadership change
"18:55, 11-Apr-2022",China urges NATO against attempts at destabilizing Asia
"15:36, 11-Apr-2022",China urges U.S. to promote peace in Ukraine through practical action instead of sanctions 
"21:39, 11-Apr-2022",Gunmen attack kills at least 50 in Nigeria's Plateau state
"14:20, 11-Apr-2022","Japan, Russia to begin delayed salmon-trout talks on Monday: document"
"20:02, 11-Apr-2022","Macron wins 27.85% in French first round vote, Le Pen 23.15%"
"10:38, 11-Apr-2022",Mexican president looks to stay in office with 90% of referendum votes
"19:22, 11-Apr-2022",NBA highlights on April 10: 2021-22 regular season is over
"10:15, 11-Apr-2022","New Zealand's prime minister to visit Singapore, Japan"
"11:30, 11-Apr-2022",No injuries reported after manholes catch fire near Times Square: Police
"12:27, 11-Apr-2022","2 killed, 5 injured in Moscow residential gas explosion"
"17:24, 11-Apr-2022",Over 13 million poultry birds culled in France due to bird flu
"17:23, 11-Apr-2022",Pakistan's National Assembly meeting to decide new PM delayed
"19:03, 11-Apr-2022",Ousted Pakistani PM Khan's party resigns from lower house of parliament
"19:49, 11-Apr-2022","European lawmakers warn against Russia sanctions, NATO arming Ukraine"
"12:55, 11-Apr-2022",Russia increases emergency spending fund by $3.5 billion to ensure economic stability
"21:05, 11-Apr-2022","Sanctions on Russia make food insecurity worse, experts say"
"19:50, 11-Apr-2022",Shehbaz Sharif elected as new Pakistani PM
"14:10, 11-Apr-2022",South Korea's antitrust regulator issues warning against Samsung chief over false data
"07:30, 11-Apr-2022",Supporters of Imran Khan stage protest across Pakistan against his ouster
"20:16, 11-Apr-2022",Suspect found guilty of murdering UK lawmaker David Amess
"16:55, 11-Apr-2022",Philippines reports 24 dead in landslides after tropical storm Megi
"22:22, 11-Apr-2022",UFC 273: Volkanovski defends featherweight title with TKZ TKO
"19:18, 11-Apr-2022","UN Special Envoy arrives in Yemen, calls for strengthening truce"
"17:14, 12-Apr-2022","'China, a consistent partner for Africa'"
"20:37, 12-Apr-2022","March: U.S. inflation reaches 8.5%, hitting four-decade high"
"07:44, 12-Apr-2022","At least 1 dead, seven injured in explosion near Lebanon's Sidon"
"14:30, 12-Apr-2022",At least 20 dead in South Africa floods
"13:21, 12-Apr-2022",Attacker killed after attempted stabbing of Israeli officer
"10:14, 12-Apr-2022",Belarus accuses Polish forces of firing on checkpoint with slingshot
"18:36, 12-Apr-2022",China: U.S. politicizes pulling of its non-essential staff from Shanghai over COVID-19
"21:54, 12-Apr-2022",China calls for end to Ukraine conflict at UNSC
"17:03, 12-Apr-2022",China congratulates Shahbaz Sharif on election as new Pakistani PM
"20:18, 12-Apr-2022",Commissioner's office slams U.S. official's 'misleading' comments on HKSAR
"07:30, 12-Apr-2022",Ukraine crisis could slash global trade growth by half in 2022: WTO
"18:28, 12-Apr-2022",Death toll from Philippines storm rises to 42
"09:14, 12-Apr-2022","20 killed, 6 injured in tropical storm Megi in Philippines"
"21:43, 12-Apr-2022",Dozens dead after gunmen ransack central Nigerian villages
"21:50, 12-Apr-2022",Expert: Domestic politics may get more complicated in Pakistan
"21:59, 12-Apr-2022",Expert: Negotiations to be suspended between Russia and Ukraine
"19:55, 12-Apr-2022","Explosion in southern Lebanon kills 1, injures 7"
"10:22, 12-Apr-2022","Former Colombia, Real Madrid star Rincon critical after car crash"
"16:45, 12-Apr-2022",Indian Oil Corporation removes Russian Urals from latest tender: report
"18:17, 12-Apr-2022",Iran summons Afghan charge d'affaires after unrest
"20:30, 12-Apr-2022",Meet young Venezuelan conductor Andrés David Ascanio
"07:42, 12-Apr-2022",OPEC tells EU it's not possible to replace potential Russian oil supply loss  
"13:04, 12-Apr-2022",Pacific region respectful of China's COVID-19 response: Singapore PM
"21:50, 12-Apr-2022",Pakistan's opposition leader Shahbaz Sharif elected as new PM
"21:29, 12-Apr-2022","Several people shot in New York City subway station, 13 injured"
"15:37, 12-Apr-2022","Putin, Lukashenko arrive at Vostochny Cosmodrome in east Russia"
"23:10, 12-Apr-2022","Putin says Russia will achieve aims, Zelenskyy urges oil sanctions"
"16:32, 12-Apr-2022",Putin says Russia to resume lunar program
"07:25, 12-Apr-2022",Sharif takes oath as Pakistani Prime Minister
"13:26, 12-Apr-2022",South Korean president-elect pays visit to Park Geun-hye
"14:57, 12-Apr-2022",Sri Lanka announces default on its external debt
"11:58, 12-Apr-2022",U.S. President Joe Biden plans to visit Japan in late May
"10:35, 12-Apr-2022",U.S. special representative for DPRK to visit South Korea next week
"18:49, 12-Apr-2022",UK PM Johnson and finance minister to be fined for lockdown breaches
"23:22, 13-Apr-2022", Ukraine conflict day 49: Mariupol 'likely to fall' in hours
"13:49, 13-Apr-2022",16 killed in truck accident in Indonesian West Papua
"17:37, 13-Apr-2022","4 French, 1 Belgian among 10 dead in Egypt bus crash: governor"
"16:01, 13-Apr-2022",Normalization with Turkey must take place without pre-conditions: Armenian PM 
"07:03, 13-Apr-2022",Manhunt begins after 10 shot in Brooklyn subway attack
"23:24, 13-Apr-2022",BRICS nations laud China for playing a leading role as rotating chair
"22:12, 13-Apr-2022",Bank of Canada raises key interest rate by half a percentage point
"09:10, 13-Apr-2022","COVID-19, overdoses pushed U.S. to highest death total ever"
"22:10, 13-Apr-2022",COVID-19 remains public health emergency of international concern: WHO
"10:17, 13-Apr-2022",Chinese embassy celebrates 45th anniversary of China-Jordan diplomatic ties
"16:16, 13-Apr-2022",China expresses sympathy for injured in NYC subway shooting
"21:10, 13-Apr-2022",Cote d'Ivoire PM and govt resigns
"10:15, 13-Apr-2022","Death toll from Philippine landslides, floods rises to 80"
"20:49, 13-Apr-2022",Death toll from floods on South Africa's east coast rises to 259: report
"20:57, 13-Apr-2022",Giants' Nakken makes history to become first woman coaching on field
"15:15, 13-Apr-2022",Israeli troops kill Palestinian in West Bank: ministry
"11:53, 13-Apr-2022",Khamenei: Iran's future should not be tied to nuclear talks with world powers
"11:22, 13-Apr-2022",M6.1 earthquake strikes off coast of Papua New Guinea: CENC
"17:05, 13-Apr-2022","NBA highlights on April 12: Nets, Timberwolves reach playoffs"
"08:10, 13-Apr-2022",New York lieutenant governor resigns after bribery charges
"21:19, 13-Apr-2022",New York subway shooting 'person of interest' now a suspect: mayor
"10:24, 13-Apr-2022","Champions League: Real Madrid survive superb Chelsea comeback, Bayern shocked by late equalizer"
"07:39, 13-Apr-2022",Russia-Ukraine conflict: Africa's food challenge 
"10:06, 13-Apr-2022",South African president to visit flood-hit areas as death toll rises
"10:19, 13-Apr-2022",South Korean president-elect nominates four-term lawmaker as new FM
"11:53, 13-Apr-2022","Spain, France secure spots at 2023 Women's World Cup"
"18:20, 13-Apr-2022",Spain's annualized inflation rate surges to 9.8% in March
"09:11, 13-Apr-2022","Tennis: Injured Nadal skips Barcelona Open, return date uncertain"
"14:30, 13-Apr-2022",UK annual inflation soars to 7% in March
"18:15, 14-Apr-2022", UK's immigration system abusers to be removed: PM
"14:29, 14-Apr-2022",2 Palestinians killed in Israeli raid on West Bank
"10:19, 14-Apr-2022","2020: U.S. life expectancy falls by 2 years, sharpest drop among high-income peers"
"11:07, 14-Apr-2022","6 killed, 15 injured in pharma plant explosion in south India"
"07:24, 14-Apr-2022",Brooklyn subway shooting suspect in custody in Manhattan
"21:12, 14-Apr-2022",CGTN Sports Talk: Is the draw with Atletico too costly for City?
"13:46, 14-Apr-2022",CGTN visits once-besieged Chernihiv to north of Kyiv 
"10:10, 14-Apr-2022","Champions League: Man City, Liverpool reach semifinals after second leg draws"
"14:48, 14-Apr-2022",China urges Japan to face up to history on issue of 'comfort women'
"15:51, 14-Apr-2022",Chinese national wounded in NYC subway shooting now stable
"13:33, 14-Apr-2022","Death toll from Philippine landslides, floods hits 148"
"21:57, 14-Apr-2022",Elon Musk swoops down on Twitter with $41 billion cash offer
"20:15, 14-Apr-2022",European Central Bank maintains key interest rates
"07:56, 14-Apr-2022",Exclusive Stringer Dispatch: German residents hoard supplies as prices rise
"11:22, 14-Apr-2022",How has the Ukraine war reshaped the French presidential race?
"21:09, 14-Apr-2022",Intl community voices concerns over Japan's wastewater release plan
"17:16, 14-Apr-2022",Iran opens new centrifuge-parts workshop at Natanz: Reuters
"18:21, 14-Apr-2022","NBA highlights on April 13: Hawks, Pelicans fight for playoff berth"
"11:59, 14-Apr-2022",Nationwide humanitarian cease-fire in Ukraine not possible: UN chief
"14:51, 14-Apr-2022",People of color in U.S. pay higher rental fees than white peers: study
"10:09, 14-Apr-2022",Protests in U.S. city after video shows police shooting of Black man
"14:01, 14-Apr-2022",Qatar announces financial aid for needy Gazan families
"18:25, 14-Apr-2022","Raiders extend QB Derek Carr's contract for 3 years, $121.5 million"
"07:22, 14-Apr-2022","Russia sanctions U.S. congressmen, Canadian senators in tit-for-tat moves"
"07:14, 14-Apr-2022",Russia says its missile cruiser Moskva seriously damaged
"18:01, 14-Apr-2022",Russia says its warship badly damaged as Ukraine claims the hit
"19:33, 14-Apr-2022",Russian court sentences Navalny supporter to 6 months in jail: RIA
"19:05, 14-Apr-2022",Singapore nominates new leader of 4G team
"17:45, 14-Apr-2022",Sweden's annual inflation rate hits 30-year high in March
"15:21, 14-Apr-2022",The Ukrainian refugees issue:  Another example of U.S. hypocrisy
"13:32, 14-Apr-2022",Ukraine conflicts: Meeting up returning residents in outskirts of Kyiv
"07:30, 15-Apr-2022",4 militants killed during skirmish in Shopian of Indian-controlled Kashmir 
"07:31, 15-Apr-2022",Israeli air strikes near Syria's capital Damascus: SANA
"07:05, 15-Apr-2022",Russian cruiser Moskva sinks following serious damage
"07:22, 15-Apr-2022",Suspect denied bail over New York subway shooting
"00:32, 12-Apr-2022",63 percent of Americans rate U.S. economy as bad: poll
"00:27, 12-Apr-2022","Macron, Le Pen kick off French presidential runoff campaigns"
"02:20, 12-Apr-2022",Mexican president takes aim at electoral body after winning vote on his rule
"01:20, 12-Apr-2022",Sri Lanka PM appeals for 'patience' from protesters
"01:13, 12-Apr-2022",WHO is analysing two new Omicron COVID sub-variants
"03:01, 13-Apr-2022",2022 Cairo International Film Festival scheduled for November
"01:58, 13-Apr-2022","WHO: Despite decline in infections, deaths, COVID-19 pandemic still far from over"
"01:59, 13-Apr-2022",Global COVID-19 cases top 500 million: JHU
"02:59, 13-Apr-2022",UN inter-agency team appeals for immediate funding to mitigate impact of Somalia drought
"03:07, 13-Apr-2022",Zambia to export additional power to Namibia
"01:55, 14-Apr-2022",Africa's COVID-19 recovery to take center stage at upcoming UNECA ministerial conference
"02:49, 14-Apr-2022",Man wanted in Brooklyn subway shooting arrested
"03:16, 14-Apr-2022",Number of people that have fled Ukraine tops 4.6 million mark
"01:34, 14-Apr-2022",South African president visits flood-stricken KwaZulu-Natal province
"03:36, 14-Apr-2022",Talks on Libya's national elections begin in Cairo
"02:33, 14-Apr-2022",UN chief presents policy brief on Ukraine conflict
"01:37, 14-Apr-2022",World Bank approves 300 mln USD rehabilitation fund for Ethiopia
"01:00, 15-Apr-2022",Africa experiencing longest-running decline in COVID-19 cases
"00:42, 15-Apr-2022",Commonwealth ministers to mull post COVID-19 recovery on education
"01:25, 15-Apr-2022",Death toll from South Africa floods climbs to 341
"01:05, 15-Apr-2022",ECB sticks to stimulus wind-down timeline
"01:31, 15-Apr-2022",South Africa's power utility says will suspend load shedding during Easter
"00:30, 13-Apr-2022",Tokyo's landmark Nakagin Capsule Tower is to be demolished 
"23:04, 14-Apr-2022",Could the European Super League return?
"00:55, 14-Apr-2022",Diplomatic row erupts after Ukraine rejects visit from German president  
"23:37, 14-Apr-2022",What exactly are chemical weapons? And which ones are still legal?
"01:04, 14-Apr-2022",Who is Putin ally Viktor Medvedchuk and why has Ukraine arrested him? 
"06:37, 11-Apr-2022",Carbon footprint labeling and climate action
"03:40, 12-Apr-2022", Venezuela introduces new tax for using foreign currencies 
"06:13, 12-Apr-2022",Remarks by Ambassador Zhang Jun at the UN Security Council Briefing on COVID-19 Pandemic and Vaccines
"06:52, 12-Apr-2022",U.S. President Biden announced new federal regulations targeting ghost guns
"05:04, 12-Apr-2022",U.S. plans its largest hydrogen energy infrastructure
"05:05, 12-Apr-2022",U.S. students ask questions to Chinese Taikonauts
"07:06, 13-Apr-2022",U.S. inflation rate hits record high since 1981
"04:03, 14-Apr-2022",A U.S. based tech nonprofit helps rescue Ukrainians
"03:50, 14-Apr-2022",An unusually early heat wave strikes northwestern India
"03:49, 14-Apr-2022",Can AI teach our kids? 
"04:03, 14-Apr-2022","Celebrating 50 years of panda conservation in Washington, D.C."
"05:36, 14-Apr-2022",How artificial intelligence helps students learn 
"05:37, 14-Apr-2022",Mexican truck drivers protest new inspection rules at the U.S./Mexico border
"05:48, 14-Apr-2022",Syria's White Helmets make rescue tutorial for Ukrainians
"06:52, 15-Apr-2022",How Americans are dealing with high inflation 
"05:19, 15-Apr-2022",Los Angeles participates in data collection for “Long COVID” initiative
"03:13, 15-Apr-2022",Mexico’s Queretaro city invest in aerospace industry and training   
"06:38, 15-Apr-2022",Protesters celebrate New Year in Sri Lanka 
"06:15, 15-Apr-2022",Thousands of Indigenous people in Brazil protest against mining bill 
