﻿"18:29, 24-Aug-2022",Smart China Expo 2022: Digital technologies advance economy and life
"08:41, 25-Aug-2022",'Looking into China': Syrian Zein: Living in China is a wonderful experience
"21:39, 26-Aug-2022",Stronger China-Africa supply chains deliver economic benefits
"08:46, 29-Aug-2022",CGTN Sneak Preview: China Box
"21:26, 29-Aug-2022",China to provide cash and supplies to flood-hit Pakistan
"22:43, 29-Aug-2022",ChinaJoy in metaverse: Tech is cool but visuals are so-so
"21:27, 29-Aug-2022",Volleyball: China take silver at AVC Cup for Women
"19:54, 29-Aug-2022",Xi Jinping sends condolences to Pakistani president over severe floods
"19:05, 30-Aug-2022",Meeting of CPC Central Committee Political Bureau proposes convening 20th CPC National Congress on Oct. 16 in Beijing
"16:36, 30-Aug-2022",Are Nike and Adidas losing their charm in China?
"21:43, 30-Aug-2022",China calls for concrete actions to U.S. on gun control 
"09:17, 30-Aug-2022",China's AG600M firefighting aircraft makes maiden amphibious flight
"12:40, 30-Aug-2022",China's Y-20 aircraft to debut at international airshow in Europe
"10:08, 30-Aug-2022",China's top legislature begins standing committee session
"19:37, 30-Aug-2022",China's workplace accidents fall for 10th straight year: official
"10:48, 30-Aug-2022",China says U.S. lies on Xinjiang will 'bankrupt its own credibility'
"12:05, 30-Aug-2022",China unveils plans to boost green development of electrical equipment
"16:22, 30-Aug-2022",China urges the U.S. to unfreeze Afghan assets
"18:01, 30-Aug-2022","Xi Jinping meets model civil servants, encourages them to stick to mission"
"13:08, 30-Aug-2022",China pledges 100m yuan emergency humanitarian assistance to flood-hit Pakistan
"09:13, 30-Aug-2022",Chinese mainland records 382 new confirmed COVID-19 cases
"16:52, 30-Aug-2022",Chinese scientists obtain first large-field X-ray maps of sky
"14:04, 30-Aug-2022",Connection of large-span highway bridge completed in SW China
"21:19, 30-Aug-2022",Digital technologies help farmers overcome droughts
"16:21, 30-Aug-2022",First batch of flood relief aid from China arrives in Pakistan
"21:33, 30-Aug-2022",How China is pushing for autonomous driving
"23:06, 30-Aug-2022",The 1992 Consensus 30 years on: Scholars from both sides of Taiwan Straits hail its importance
"23:10, 30-Aug-2022","Power supply returns to normalcy in SW China's Sichuan, Chongqing"
"17:36, 30-Aug-2022",Results unveiled for China's 1st solar observation satellite
"16:23, 30-Aug-2022",State Grid: Power supply in SW China back to normal
"10:40, 30-Aug-2022",Summer in Beijing Series | Episode 7: Purple bamboo park
"20:37, 30-Aug-2022",U.S. should stop sending wrong signals to 'Taiwan independence' forces: spokesperson
"22:40, 31-Aug-2022","CIFTIS 2022: Supply chain, metaverse, AI in spotlight"
"22:08, 31-Aug-2022",Central govt fully supports HK's participation in BRI development: vice premier 
"11:52, 31-Aug-2022",China completes track-laying for first sea-crossing high-speed railway
"15:03, 31-Aug-2022",China expands HPV vaccinations to females aged 9 to 45
"15:28, 31-Aug-2022",China expresses condolences over Gorbachev's death
"09:52, 31-Aug-2022","China hits 1.05 billion internet users, 99.6% are cellphone users"
"10:36, 31-Aug-2022"," China's August manufacturing PMI up slightly at 49.4, non-manufacturing sector growth continues"
"11:44, 31-Aug-2022",China's first domestic HPV vaccine has 100% efficacy in clinical trial
"15:43, 31-Aug-2022",China urges U.S. to stop official exchanges with Taiwan region
"09:18, 31-Aug-2022",Chinese mainland records 392 new confirmed COVID-19 cases
"20:00, 31-Aug-2022",Graphics: How is China battling regional water and power shortages amid ongoing heatwaves?
"09:29, 31-Aug-2022",Looking into China: My rural life in China
"22:32, 31-Aug-2022",Steinbeis outlines development strategy in China
"17:30, 31-Aug-2022","Xi Jinping's speech on new development stage, philosophy, paradigm to be published "
"21:47, 31-Aug-2022","Xi Jinping calls for an open, shared services economy"
"12:52, 01-Sep-2022",BizBeat Ep. 472: China-U.S. audit oversight agreement marks positive progress 
"14:35, 01-Sep-2022",CMG launches Han Meilin's 'Essay on Art' audiobook
"22:07, 01-Sep-2022",CMG launches audio series based on master artist Han Meilin's essays about his artistic creation
"12:49, 01-Sep-2022",Caixin PMI: Power shortages weigh on China's August factory activity
"22:55, 01-Sep-2022",China: Minorities in U.S. treated unequally amid monkeypox outbreak
"16:07, 01-Sep-2022",China on OHCHR Xinjiang report: Not backed by mainstream of int'l community
"17:01, 01-Sep-2022",China expects further partnership with Russia: Li Zhanshu
"10:15, 01-Sep-2022",China firmly opposes UN's so-called 'assessment' on Xinjiang
"16:26, 01-Sep-2022",2022 WAIC: China opens first self-driving test road in downtown Shanghai
"20:45, 01-Sep-2022",China's 'dynamic zero-COVID' strategy stands out
"21:57, 01-Sep-2022",China's service trade in first seven months up 20.7%
"09:21, 01-Sep-2022",Chinese mainland records 368 new confirmed COVID-19 cases
"22:58, 01-Sep-2022",Customized Chinese high-speed trains arrive in Indonesia
"09:59, 01-Sep-2022",Exhibitors display technologies for green development at 2022 CIFTIS
"21:41, 01-Sep-2022",Experts: Companies need better digital models to boost cost-effectiveness 
"14:45, 01-Sep-2022",Horses painted by master artist embody national spirit
"19:28, 01-Sep-2022",Japan's 'China threat' claim an excuse for military expansion: MOFA
"18:32, 01-Sep-2022",China Space Station: Shenzhou-14 taikonauts began 1st spacewalk
"15:02, 01-Sep-2022",Shenzhou-14 taikonauts to conduct their 1st spacewalk on Sep. 1
"15:59, 01-Sep-2022",Take a look at these beautiful grey birds seen in China
"15:34, 01-Sep-2022",What is trade in services and why it matters?
"21:24, 01-Sep-2022",World Athletics Indoor Championships Nanjing 2023 postponed
"21:44, 02-Sep-2022","China advocates peace at sea, opposes show of force: Wang Yi "
"11:19, 02-Sep-2022",China's R&D spending intensity builds up in 2021: statistics
"14:11, 02-Sep-2022","China's breakthrough in NEV materials boosts efficiency, saves energy"
"10:01, 02-Sep-2022",China's top legislature concludes standing committee session
"09:18, 02-Sep-2022",Chinese mainland records 373 new confirmed COVID-19 cases
"21:18, 02-Sep-2022",More people looking to live and work in Xinjiang as economy booms
"18:37, 02-Sep-2022",Experts: What will China win out of U.S. latest GPU chip ban?  
"13:59, 02-Sep-2022",Graphics: Facts about Xinjiang's population and ethnic groups
"16:14, 02-Sep-2022","Marmot, an animal celebrity on social media "
"16:53, 02-Sep-2022",New expressway in Xinjiang designed to provide safe wildlife path
"19:36, 02-Sep-2022",New technologies give a fillip to China's carbon neutrality efforts
"14:34, 02-Sep-2022",Shenzhou-14 astronauts complete first extravehicular activities
"10:04, 02-Sep-2022","U.S. Open: Zheng and Yuan win, four Chinese women into third round"
"16:58, 02-Sep-2022",Yellow Alert issued for Typhoon Hinnamnor
"13:25, 03-Sep-2022",Bird's eye view of Guizhou: Bumper harvest on a terraced field
"13:54, 03-Sep-2022",China commemorates 77th anniversary of Victory over Japan Day
"09:34, 03-Sep-2022",China launches Yaogan-33 02 satellite
"08:52, 03-Sep-2022",China prepares for launch of 2nd lab module with Long March delivery
"10:30, 03-Sep-2022",Chinese FM meets outgoing Russian ambassador to China
"09:11, 03-Sep-2022",Chinese mainland records 502 new confirmed COVID-19 cases
"17:38, 03-Sep-2022","Chinese vice FM stresses spirit of UNCLOS, opposes double standards"
"18:16, 03-Sep-2022",Former CBA MVP Ding Yanyuhang on returning to basketball after 3 years
"11:59, 03-Sep-2022",Graphics: Facts about Xinjiang's economy and people's livelihoods
"21:58, 03-Sep-2022",High-tech health products star at China's services trade fair
"16:08, 03-Sep-2022","One year on, Beijing bourse continues to serve innovative SMEs"
"17:14, 03-Sep-2022",Renowned translator Xue Fan passes away at 88
"19:11, 03-Sep-2022",Study of sample brought back by Chang'e-5 unveils formation of nanophase iron on the moon
"11:41, 03-Sep-2022",The dreamy forest and peaceful village in N China
"22:59, 04-Sep-2022","""Just one breath"": China approves world's 1st inhaled COVID-19 vaccine"
"20:57, 04-Sep-2022","China Weekly News Quiz: August 28-September 4, 2022"
"14:12, 04-Sep-2022",China's large solar-powered drone completes maiden flight
"13:28, 04-Sep-2022","China's top legislator to visit Russia, Mongolia, Nepal, ROK; attend 7th Eastern Economic Forum"
"20:29, 04-Sep-2022",China slams U.S. approval of arms sale to Taiwan
"09:24, 04-Sep-2022",Chinese mainland records 384 new confirmed COVID-19 cases
"15:27, 04-Sep-2022",Claims of Nanjing Massacre 'unseen photos' investigated
"10:34, 04-Sep-2022",Ningxia Series | Episode 8: Liupan Mountains
"18:16, 04-Sep-2022",Optimizing business environment and promoting services trade 
"15:25, 04-Sep-2022",Seminar commemorating victory against Japanese aggression held in Beijing
"08:14, 04-Sep-2022","U.S. Open: Zhang/Kostyuk advance into women's doubles last 16, Yuan Yue crashes out"
"17:06, 04-Sep-2022","UN Xinjiang report 'full of disinformation,' expert says "
"10:45, 05-Sep-2022","Badminton: China's Liang Weikeng, Wang Chang win men's doubles title at Japan Open"
"19:59, 05-Sep-2022",China Charity Day: Technology plays bigger role as country's philanthropy cause advances
"15:31, 05-Sep-2022",China extracts 66 relics in deep-sea expedition in South China Sea
"15:02, 05-Sep-2022",China launches annual cybersecurity publicity campaign
"17:47, 05-Sep-2022",China observers react to OHCHR's Xinjiang report
"19:40, 05-Sep-2022",China's aid in South Pacific countries made progress: spokesperson 
"17:18, 05-Sep-2022",China's central bank to cut forex reserve requirements
"17:26, 05-Sep-2022",China speeds up science popularization to become a sci-tech power: Ministry
"21:12, 05-Sep-2022",China urges U.S. to fully lift embargo on Cuba
"15:39, 05-Sep-2022",Chinese Foreign Ministry's new spokesperson Mao Ning makes debut
"09:19, 05-Sep-2022",Chinese mainland records 349 new confirmed COVID-19 cases
"18:41, 05-Sep-2022",Decoding the Common Prosperity: What is China's common prosperity? Why Zhejiang?
"17:01, 05-Sep-2022",Five plead guilty to subversion in Hong Kong SAR
"10:31, 05-Sep-2022",Gauff beats Zhang as Chinese players end singles journey at U.S. Open
"23:24, 05-Sep-2022",Global companies eye China's long-term growth despite current challenges 
"19:51, 05-Sep-2022",Graphics: What's new at China's 2022 Service Trade Fair?
"12:59, 05-Sep-2022",More than 30 killed after M6.8 quake hit SW China's Sichuan
"13:17, 05-Sep-2022",Looking into China: NZ columnist looking forward to revisiting Xinjiang
"19:50, 05-Sep-2022",President Xi stresses saving lives as top priority for quake relief in Sichuan
"12:15, 05-Sep-2022","U.S. hacked China 10,000 times, stole 140GB of critical data: Report"
"20:21, 05-Sep-2022","Revving up services trade, China is committed to higher-level opening"
"19:27, 05-Sep-2022",Shi Guoliang: 30 years on the road recording China's ethnic culture 
"09:51, 05-Sep-2022",Spring in Hexigten Series | Episode 3: Life's adventure
"16:15, 06-Sep-2022",66 killed after M6.8 quake hits China's Sichuan
"12:25, 06-Sep-2022",Broken logic: OHCHR report on Xinjiang is used as a political tool
"12:32, 06-Sep-2022","CMG, OBS sign agreement for international feed production of Paris 2024"
"19:11, 06-Sep-2022",China Space Station: Shenzhou-14 taikonauts talk with African youths
"17:47, 06-Sep-2022",China condemns deadly attack on Russian embassy in Kabul
"14:43, 06-Sep-2022",China launches new satellites for scientific experiments
"12:05, 06-Sep-2022",China launches new test satellites via Kuaizhou-1A carrier rocket
"10:45, 06-Sep-2022",China's leading energy companies dedicated to green development
"20:18, 06-Sep-2022",China urges U.S. to revoke planned $1.1b arms sale to Taiwan region
"09:15, 06-Sep-2022",Chinese mainland records 310 new confirmed COVID-19 cases
"17:04, 06-Sep-2022",HKSAR reports first monkeypox case imported from overseas
"16:48, 06-Sep-2022",Huawei releases Mate 50 smartphone series with satellite communication
"07:11, 06-Sep-2022",66 killed after M6.8 quake hits China's Sichuan
"17:03, 06-Sep-2022",Stringer Dispatch: Rescue efforts underway after M6.8 quake jolts Sichuan Province
"22:57, 06-Sep-2022",Shanghai reveals latest batch of artifacts from Yangtze shipwreck 
"12:36, 06-Sep-2022",Spring in Hexigten Series | Episode 4: Sound of Spring
"15:45, 06-Sep-2022",Top 500 Chinese companies hit 100-trillion-yuan revenue mark
"22:25, 06-Sep-2022",Xi Jinping stresses achieving breakthroughs in core technologies in key fields
"13:41, 07-Sep-2022",Animals in solar terms: Bailu
"13:37, 07-Sep-2022",Chile approves China's COVID-19 vaccines for clinical research
"16:11, 07-Sep-2022",China-Ireland ties: A gateway to Europe through the Celtic Tiger
"22:07, 07-Sep-2022",China completes roofs of world's three largest LNG storage tanks
"13:10, 07-Sep-2022",China deploys satellites to assist relief work in quake-hit Sichuan
"23:28, 07-Sep-2022",China has become an innovator in medicine in the past decade: Official
"20:40, 07-Sep-2022",China's forex reserves fall to $3.055 trillion in August
"09:54, 07-Sep-2022",China's top legislator urges enhanced parliamentary exchanges within BRICS 
"09:10, 07-Sep-2022",Chinese mainland records 380 new confirmed COVID-19 cases
"21:11, 07-Sep-2022",Chinese premier sends congratulations to new British PM
"10:28, 07-Sep-2022",Col. Richard Black: U.S. created the illusion of Chinese aggression
"17:23, 07-Sep-2022",East meets West in landscapes of China's finest impressionist
"21:58, 07-Sep-2022",Opinion: Huawei Mate 50 is too pricy as a 4G phone
"16:38, 07-Sep-2022",SCO nations have 'vast' potential for development: Chinese envoy
"07:37, 07-Sep-2022",SW China earthquake: Rescuers fight to save people ahead of expected rain
"16:10, 07-Sep-2022",The number of full-time teachers in China reaches 18.44 million
"18:21, 07-Sep-2022",Why China is speeding up research on core technologies
"14:51, 07-Sep-2022",Xi congratulates Bolsonaro on Brazil's 200 years of independence
"01:59, 02-Sep-2022",Space log: China's Shenzhou-14 astronauts complete first spacewalk
"00:50, 31-Aug-2022",Xi letter surprises UK woman after Chinese rescue 80 years ago
"23:46, 02-Sep-2022","Sea-crossing railways, amphibious firefighters and crops in space: China Quick Take"
"22:18, 03-Sep-2022",The Sino-American Aviation Heritage Foundation and Descendants of Flying Tigers Veterans Recall the Spirit of Cooperation and Call for Greater efforts for Both Countries and Humanity
"05:34, 07-Sep-2022",66 killed after M6.8 quake hits China's Sichuan
