﻿"07:08, 12-Mar-2022","2 killed after car plowed into Washington, D.C., restaurant"
"07:22, 12-Mar-2022","6 injured after shooting in Auckland, New Zealand"
"12:55, 12-Mar-2022",At least 7 killed after fire breaks out in slum cluster in New Delhi
"17:34, 12-Mar-2022",Man shot in France's Marseille after knife attack on police: report
"11:54, 12-Mar-2022",Ballon d'Or award announces drastic rule changes after controversial Lionel Messi win
"07:24, 12-Mar-2022",Biden signs stopgap funding bill to avert shutdown
"22:44, 12-Mar-2022","China, India hold 15th corps commander level meeting, agree to maintain dialogue to resolve LAC issues"
"22:00, 12-Mar-2022",Chinese armless alpine skier realizes dream at 2022 Winter Paralympics
"20:35, 12-Mar-2022",Daily Quotes from 2022 Winter Paralympics on March 12
"07:48, 12-Mar-2022",G7 says it will take steps to deny Russia 'most favored nation' status
"09:03, 12-Mar-2022",Gabriel Boric inaugurated as youngest president of Chile
"17:18, 12-Mar-2022",Georgia to hold joint military exercises with NATO
"14:59, 12-Mar-2022",Iran ready to supply oil for world market: official
"20:00, 12-Mar-2022",NBA highlights on March 11: Popovich secures most coaching wins in history
"20:45, 12-Mar-2022",Pakistan demands joint probe into India's 'accidentally fired missile'
"14:21, 12-Mar-2022",Pentagon team revived to speed up arms deliveries to Ukraine and allies
"22:16, 12-Mar-2022","Raiders, DE Maxx Crosby agree on 4-year, $95 million extension"
"14:09, 12-Mar-2022",Russia-Ukraine conflict halts half of world's neon output for chips
"16:28, 12-Mar-2022",Team China defend wheelchair curling gold medal at Beijing 2022
"19:12, 12-Mar-2022",Ukraine crisis: Why doesn't the West show the same outrage for wars in the Middle East?
"17:17, 12-Mar-2022","Turkish, Armenian FMs meet in Turkey amid efforts to mend ties"
"10:13, 12-Mar-2022",Turkmenistan holds snap presidential election
"07:31, 12-Mar-2022",U.S. sanctions Russians over support for DPRK weapons program
"15:17, 12-Mar-2022","Fighting rages outside Kyiv, more humanitarian corridors to open"
"15:15, 12-Mar-2022",Why did Brazil's vegetation coverage rise despite new hydropower project?
"10:18, 12-Mar-2022",YouTube blocks Russian state-funded media channels globally
"07:11, 13-Mar-2022",12 passengers killed in southwest Nigeria vehicle collision
"20:00, 13-Mar-2022","2022 Winter Paralympics concludes, but it's not goodbye"
"15:23, 13-Mar-2022","CPC Central Committee, State Council congratulate Chinese delegation on Winter Paralympics achievements"
"10:22, 13-Mar-2022",Team China flagbearer named for 2022 Winter Paralympics closing ceremony 
"17:50, 13-Mar-2022",Daily Quotes from 2022 Winter Paralympics on March 13
"20:16, 13-Mar-2022",Dallas Cowboys to trade WR Amari Cooper to Cleveland Browns: report
"22:05, 13-Mar-2022","Eleven die in attack on Burkina gold mine, second raid in 48 hours: AFP"
"13:41, 13-Mar-2022",Finland puts a long-delayed nuclear reactor online
"23:02, 13-Mar-2022",Fire reported at Menengai Volcanic Crater in Kenya
"17:16, 13-Mar-2022",Global Political Calendar: Ukraine crisis and China Development Forum
"13:30, 13-Mar-2022",Iran temporarily suspends talks with Saudi Arabia: Nour news
"18:43, 13-Mar-2022","Iranian revolutionary guards claim responsibility for attack on Erbil, Iraq"
"07:26, 13-Mar-2022",Rockets strike northern Iraq's Kurdish region
"18:38, 13-Mar-2022",NBA highlights on March 12: Thompson puts up 3-pointer storm for GSW
"09:03, 13-Mar-2022",Pakistan demands joint probe into 'accidental' India missile fire
"09:56, 13-Mar-2022",Pfizer vaccine reduces risk of Omicron infection among children: CDC
"22:09, 13-Mar-2022",Senior Chinese diplomat to meet U.S. national security advisor in Rome
"20:15, 13-Mar-2022",Beijing 2022: Splendors at closing ceremony of Winter Paralympic Games 
"18:40, 13-Mar-2022",Team China's flag bearer for 2022 Winter Paralympics closing ceremony
"18:32, 13-Mar-2022",UFC Vegas: Magomed Ankalaev does exactly enough to beat Thiago Santos
"19:18, 13-Mar-2022","Russia-Ukraine crisis: Efforts towards talks amid explosions, sanctions"
"17:49, 13-Mar-2022",Vahagn Khachaturyan takes office as Armenian president
"21:46, 14-Mar-2022",10 killed in blast in Yemen's Sanaa: report
"17:41, 14-Mar-2022","17 die as cyclone lashes Mozambique, Malawi"
"18:10, 14-Mar-2022","2 killed, 24 wounded in Chicago shootings over the weekend"
"21:58, 14-Mar-2022",2022 Winter Paralympics impresses the world
"22:02, 14-Mar-2022",CGTN Sports Talk: One loss beats six wins for Harden in 76ers
"22:01, 14-Mar-2022",Chinese premier stresses importance of stable economic growth
"12:10, 14-Mar-2022",Colombian leftist candidates make historic gains in legislative elections: partial results
"07:11, 14-Mar-2022",Death toll rises to 75 in DR Congo train derailment
"14:13, 14-Mar-2022",Delta-Omicron hybrid variant 'Deltacron' identified
"10:48, 14-Mar-2022","External power supply restored at Chernobyl plant, Ukraine tells IAEA"
"11:46, 14-Mar-2022",Floating crane sinks near Tokyo International Exhibition Center
"07:06, 14-Mar-2022",Former U.S. President Barack Obama tests positive for COVID-19
"19:04, 14-Mar-2022",Germany confirms record defense spending in 2022: AFP
"15:59, 14-Mar-2022",Iran's foreign minister to visit Russia after pause in nuke talks
"15:46, 14-Mar-2022",Iran foreign ministry: U.S. must make decision on reviving nuclear deal
"12:16, 14-Mar-2022",Amputee in Israel: Nothing stands in my way if I want to achieve a goal
"23:01, 14-Mar-2022",Lebanon PM says he will not run in parliamentary elections
"07:20, 14-Mar-2022",M6.7 quake strikes Indonesia's Sumatra: USGS
"15:52, 14-Mar-2022","Australia, Netherlands start legal action against Russia for downing of MH17"
"18:34, 14-Mar-2022",NBA highlights on March 13: Celtics retire Garnett's No. 5 Jersey
"06:55, 14-Mar-2022",New batch of emergency humanitarian aid from China arrives in Ukraine
"11:35, 14-Mar-2022",New giant tortoise species found in Galapagos after DNA study
"07:34, 14-Mar-2022",Oscar-winning actor William Hurt dies at 71
"18:15, 14-Mar-2022",Ukraine says Russia ready to discuss withdrawal as talks begin
"07:04, 14-Mar-2022","Russia, Ukraine to hold online negotiations on Monday"
"20:35, 14-Mar-2022",Russia warns it may be forced to pay foreign currency debt in rubles due to sanctions
"16:43, 14-Mar-2022",Sweden's February inflation number highest in almost 30 years
"19:23, 14-Mar-2022",The GOAT is back! Tom Brady announces return to Bucs
"20:35, 14-Mar-2022",UK's PM holds phone conversation with S.Korean president-elect
"12:37, 14-Mar-2022",Ukrainian president urges software giants to halt product support in Russia
"07:09, 14-Mar-2022",Vahagn Khachaturyan sworn in as Armenian president
"11:21, 15-Mar-2022",Australia to lift entry ban on cruise ships after two years
"12:05, 15-Mar-2022",China urges U.S. to fully clarify biological military activities
"14:05, 15-Mar-2022",Court upholds school hijab ban in India's south
"14:40, 15-Mar-2022",A mix of courage and excellence: Dazzling Paralympians pursue dreams at Beijing Winter Paralympics 
"10:13, 15-Mar-2022",Former Shandong Luneng boss Magath aims to save Hertha Berlin from relegation
"15:31, 15-Mar-2022",British film studio makes sets with cardboard to reduce carbon emission
"16:53, 15-Mar-2022",GCC considers inviting Yemeni Houthis to Riyadh consultations: Reuters
"17:17, 15-Mar-2022",Russia's Lavrov says Iran nuclear deal is in home straight
"14:03, 15-Mar-2022",Japan's lower house approves payment hike for hosting U.S. troops
"08:06, 15-Mar-2022",Over 30 people killed in armed attacks in Burkina Faso within 3 days
"20:51, 15-Mar-2022",Rebel attacks in DR Congo kill more than 60
"15:01, 15-Mar-2022",Ride-share return from ISS on Russian Soyuz still on track: NASA
"22:37, 15-Mar-2022","Russia, Ukraine resume fourth round of talks after 'technical' pause"
"22:45, 15-Mar-2022","Russia imposes sanctions against Biden, Blinken"
"18:58, 15-Mar-2022",Lavrov rejects U.S. claim that Moscow is blocking Iran nuclear deal revival
"15:03, 15-Mar-2022",Serdar Berdymukhamedov wins Turkmenistan's presidential election
"22:44, 15-Mar-2022",South Korea reports record deaths amid Omicron surge
"11:36, 15-Mar-2022","Two dead, 18 injured in gas explosion at restaurant in Mexican tourist town"
"17:28, 15-Mar-2022",U.S. sanctions still strangling Syria's economic vitality
"15:40, 15-Mar-2022","UK jobless rate fell to 3.9%, first drop below pre-pandemic level"
"07:13, 16-Mar-2022","11 killed, 486 injured during Fire Festival celebrations in Iran"
"20:55, 16-Mar-2022",12 injured in explosion at apartment building in Portugal
"22:38, 16-Mar-2022","9 killed in college golf team van crash in Texas, U.S."
"07:04, 16-Mar-2022",Biden signs $1.5t omnibus spending bill into law
"18:03, 16-Mar-2022",Boris Johnson visits UAE seeking help with energy crisis
"14:15, 16-Mar-2022",CGTN correspondent Dmitriy Maslak's war diary 13: Look for cover
"13:14, 16-Mar-2022",Ukraine's Servant of the People Party MP: NATO still the most effective alliance for us
"19:05, 16-Mar-2022",COVID vaccine IP waiver now looks promising after 4 WTO members agree
"22:36, 16-Mar-2022",China leads UN push for bicycles to combat climate change
"12:02, 16-Mar-2022",China urges U.S. to stop arms sales to Taiwan
"10:14, 16-Mar-2022","Wang Yi: China supports Iran in defending legitimate rights, interests"
"08:46, 16-Mar-2022",S. Korea: DPRK seems to have failed in unidentified projectile launch
"18:40, 16-Mar-2022",Two British-Iranians leave Iran after years of detention
"10:53, 16-Mar-2022",European countries see rising COVID-19 cases as restrictions eased
"13:40, 16-Mar-2022","Explainer: Can Russia pay its creditors, and what happens if not?"
"22:42, 16-Mar-2022",Francis Kere becomes first African architect to win Pritzker Prize
"13:06, 16-Mar-2022",French regions hit by Sahara sands
"13:54, 16-Mar-2022",Greece's Chinese-run Piraeus port hits record profit for 2021
"13:57, 16-Mar-2022",Human remains found in Portugal could be world's oldest mummies
"10:43, 16-Mar-2022",Iran says ball in U.S. court for Vienna talks after Russia assured
"18:40, 16-Mar-2022",Japan ending COVID-19 quasi-emergency in 18 prefectures
"19:56, 16-Mar-2022",Julian Assange's fiancee urges UK to end 'political case' after appeal denied
"14:10, 16-Mar-2022",Kazakh President Tokayev lays out constitutional reform plan
"16:34, 16-Mar-2022",Malaysia's Federal Court denies Najib's bid to include evidence in 1MDB case
"12:16, 16-Mar-2022","Meet Methuselah, the world's oldest living aquarium fish "
"12:57, 16-Mar-2022",Nonwhite population in U.S. more likely to say inflation hitting them
"22:02, 16-Mar-2022",Omicron sub-variant makes up 23.1% of COVID variants in U.S. 
"21:42, 16-Mar-2022",Putin: Western attempt at global dominance and dismembering Russia will fail
"09:05, 16-Mar-2022",Los Angeles Rams' Andrew Whitworth announces retirement from NFL after 16 years
"21:52, 16-Mar-2022",Russia-Ukraine conflict day 21: Peace talks continue with hope of reaching a compromise
"19:20, 16-Mar-2022",Turkish foreign minister calls for end to Russia-Ukraine conflict
"15:06, 16-Mar-2022",Societal changes urged to end racism towards Asian American women
"22:47, 16-Mar-2022",Magnitude-7.3 quake strikes Japan's Miyagi Prefecture: JMA
"21:42, 16-Mar-2022",Storm Eunice showed UK govt doesn't want to house the homeless
"07:15, 16-Mar-2022","Ukraine, Russia to continue peace talks on Wednesday: Ukrainian negotiator"
"20:25, 16-Mar-2022",Western countries lift COVID-19 bans as global deaths continue to drop
"09:04, 16-Mar-2022","Wall Street stocks rally, oil prices fall ahead of Fed meeting"
"07:10, 17-Mar-2022",At least 3 killed after M7.4 quake jolts Japan's northeast coast
"07:34, 17-Mar-2022",M6.0 earthquake strikes southern Iran
"01:07, 12-Mar-2022",EU adopts a Versailles declaration on how to protect its citizens
"01:07, 12-Mar-2022",Germany marks National Remembrance Day for Victims of Terrorist Violence
"02:49, 12-Mar-2022",Queen Elizabeth II to miss Commonwealth Day service
"00:44, 13-Mar-2022",2.6 million people flee Ukraine: UN
"00:08, 13-Mar-2022","Africa's post-COVID-19: Assessing areas of growth, opportunities, challenges"
"02:13, 13-Mar-2022",At least 60 killed in train derailment in southeastern DR Congo
"23:33, 13-Mar-2022","Chad government, opposition groups begin crucial talks in Doha"
"02:19, 13-Mar-2022",Hamilton plays down hopes of starting F1 season with victory
"01:12, 13-Mar-2022","Kenyan bank to develop digital products, tap Chinese community in East Africa"
"00:44, 13-Mar-2022","Saudi Arabia executes 81 people in 1 Day for ""terror offences"": Report"
"02:16, 13-Mar-2022","Yemen: Number of children killed, injured increase as violence escalates"
"23:53, 14-Mar-2022",Algeria bans export of basic foods due to worries of shortages
"23:52, 14-Mar-2022",Pessimism hampers South Africa's COVID-19 vaccination drive
"23:52, 14-Mar-2022",Senegal launches military operation against rebels in southern Casamance region
"23:53, 14-Mar-2022","UN chief says military operation in Ukraine ""will have no winners,"" announces $40 million in aid"
"00:21, 14-Mar-2022",US journalist shot dead in Ukraine 
"01:07, 15-Mar-2022","China's envoy to UN says world does not need cold war, but growth and progress for all"
"02:55, 15-Mar-2022",Hundreds of flights to and from Germany cancelled as security workers strike
"01:06, 15-Mar-2022","Fuel scarcity hits Nigerian airlines hard, grounding flights and leaving passengers stranded"
"01:05, 15-Mar-2022","Military operation in Ukraine will devastate global food security, warns UN chief"
"00:16, 15-Mar-2022",Ukraine demands Russia's expulsion from the Council of Europe
"02:02, 16-Mar-2022",Biden will travel to Europe for talks with European leaders 
"02:42, 16-Mar-2022","Egypt purchases 126,000 tons of wheat from Russia, Ukraine"
"03:24, 16-Mar-2022","Nigeria to tap $2.2 billion eurobond cash, local funds for fuel subsidy amid rise in oil prices"
"01:46, 16-Mar-2022",Russia announces withdrawal from Council of Europe
"00:11, 17-Mar-2022","7.3 quake in Japan triggers tsunami warning, 2 Million homes lose power"
"03:54, 17-Mar-2022",China's top legislature opposes China-related clauses in U.S. Act 2022
"03:23, 17-Mar-2022",German consumers spend 300 Billion euros less in COVID-19 pandemic
"03:20, 17-Mar-2022",The IMF board suspends the role of the Russian representative
"02:58, 17-Mar-2022",U.S. Fed raises interest rate a quarter point amid high inflation
"00:15, 17-Mar-2022",International court orders Russia to cease military operation in Ukraine
"22:11, 14-Mar-2022",Ukrainian couple get married before husband heads to the frontline 
"21:11, 15-Mar-2022","Ukraine - day 20: Ukraine 'can't join' NATO, airstrikes on Kyiv "
"02:07, 15-Mar-2022",War in Ukraine piles pressure on German automakers 
"01:27, 16-Mar-2022",'No more strength to keep fleeing': Millions coming from Ukraine while hundreds more are heading back
"02:19, 16-Mar-2022",Russia to 'denounce European Convention on Human Rights' amid Council of Europe exit
"22:02, 16-Mar-2022",Sanctions push up prices and hit Belarus' economy
"19:08, 16-Mar-2022","Zaghari-Ratcliffe on way to UK, fellow British-Iranian released by Iran "
"01:16, 16-Mar-2022","Many taking risks to save Ukrainian animals, one dog at a time"
"00:07, 17-Mar-2022",Ukraine buries soldiers killed in Russian attack near Polish border
