﻿"13:05, 04-Aug-2022",China firmly rejects U.S. provocation and political gambling on Taiwan question: Wang Yi
"15:40, 04-Aug-2022",How Pelosi landed in political crossfire abroad and at home
"21:00, 05-Aug-2022","China, Sri Lanka laud long-lasting friendship "
"17:55, 05-Aug-2022",China announces countermeasures over Pelosi's Taiwan visit
"17:34, 05-Aug-2022",China summons Canadian diplomat over G7 statement on Taiwan
"21:44, 05-Aug-2022",Chinese FM warns U.S. not to act rashly to avoid bigger crisis
"20:41, 05-Aug-2022",Explainer: Why Taiwan is an inalienable part of China
"20:41, 05-Aug-2022",Mainland spokesperson: Majority in Taiwan's business sector can 'tell right from wrong'
"19:44, 05-Aug-2022",The first Beijing Animation Festival opens 
"19:19, 05-Aug-2022",Vietnam reiterates commitment to one-China policy as foreign ministers meet
"21:57, 05-Aug-2022",The international community should realize the severity of Pelosi's visit: Wang Yi
"19:22, 05-Aug-2022",Yao Ming: China's 3x3 basketball league is a completely new system
"22:05, 06-Aug-2022",12 China-made high-speed trains for Indonesia roll off production line
"16:59, 06-Aug-2022",Asia News Wrap: India's $19b 5G auction and more
"18:10, 06-Aug-2022",Biggest risk to stability of South China Sea is interference by powers outside region: Wang Yi
"17:49, 06-Aug-2022",Chart of the Day: Why the PLA's six drill areas around Taiwan matter
"20:12, 06-Aug-2022",China appreciates Iran's adherence to the one-China principle: Wang Yi
"10:39, 06-Aug-2022","China holding military exercises in Yellow Sea, Bohai Sea"
"17:45, 06-Aug-2022",Chinese FM makes 3-point proposal to strengthen East Asia cooperation
"16:46, 06-Aug-2022",Chinese Foreign Minister stresses role of ASEAN-centered cooperation platform
"09:12, 06-Aug-2022",Chinese mainland records 361 new confirmed COVID-19 cases
"11:43, 06-Aug-2022",Foreign envoys express opposition to Pelosi's visit to China's Taiwan region
"12:31, 06-Aug-2022",Former KMT Party leader: Pelosi's visit left Taiwan in mess
"09:52, 06-Aug-2022",HKSAR government fully supports sanctions on Pelosi
"16:47, 06-Aug-2022","Hainan reports 525 COVID-19 cases in 6 days, Sanya introduces 'static management'"
"17:13, 06-Aug-2022",PLA continues joint combat exercises around Taiwan Island
"14:28, 06-Aug-2022",Pelosi's 'farcical' Taiwan trip boosts one-China consensus: Wang Yi
"20:39, 06-Aug-2022","Test site for intelligent, connected vehicles built in central China's Wuhan"
"18:09, 06-Aug-2022","Space log: Two months in space, what has China's Shenzhou-14 crew done?"
"14:48, 06-Aug-2022",Wang Yi praises Russia's immediate reaffirmation of one-China principle
"16:51, 06-Aug-2022",Will solar-powered homes become a new trend in the countryside?
"14:39, 07-Aug-2022",Animals in solar terms: Liqiu
"14:24, 07-Aug-2022",CGTN BizTalk: U.S. Inflation Inflicts Pain on World Economy
"18:43, 07-Aug-2022",Chart of the Day: How is this PLA exercise different compared to 1996?
"17:03, 07-Aug-2022","China Weekly News Quiz: July 31-August 7, 2022"
"09:51, 07-Aug-2022",China receives data from newly launched ecosystem monitoring satellite
"15:44, 07-Aug-2022",China's Hainan conducts COVID-19 nucleic acid testing
"10:09, 07-Aug-2022","China's July export up 18%, beats expectations"
"14:44, 07-Aug-2022",Chinese-built large oil terminal operational in Kenya to secure energy
"09:13, 07-Aug-2022",Chinese mainland records 390 new confirmed COVID-19 cases
"15:39, 07-Aug-2022",Chinese new style tea: Innovative products reshaping tea market 
"09:32, 07-Aug-2022","Diamond League: Fraser-Pryce runs world-best 100m, Duplantis triumphs in pole vault"
"16:59, 07-Aug-2022","Foreign experts: Pelosi's visit to Taiwan region breaches one-China principle, damages relations"
"23:07, 07-Aug-2022",Foreign friendship organizations with China strongly condemn Pelosi's visit to Taiwan
"12:48, 07-Aug-2022",PLA Eastern Theater Command continues joint exercises around Taiwan
"12:57, 07-Aug-2022",Taiwan region key to U.S. geopolitical goal to contain Indo-Pacific  
"22:55, 07-Aug-2022",China appreciates Bangladesh's adherence to one-China principle
"23:23, 07-Aug-2022",Wang Yi points out three U.S. mistakes in Pelosi's Taiwan visit
"22:24, 08-Aug-2022","About 2,000 medical workers dispatched to Sanya to help fight COVID-19"
"16:53, 08-Aug-2022",Cafés helping preserve Shanghai's historical landmarks
"09:47, 08-Aug-2022",China defends countermeasures over Pelosi's Taiwan region visit
"10:32, 08-Aug-2022",China eases COVID-19 suspension measures for international flights
"14:55, 08-Aug-2022",China makes breakthrough in cancer treatment via immunotherapy
"20:23, 08-Aug-2022",China opposes distortion of one-China principle
"14:17, 08-Aug-2022",China rides on greater fitness awareness to build a better future
"14:19, 08-Aug-2022",China starts to build its second home-grown large cruise ship
"14:44, 08-Aug-2022",China unveils first scientific outcome of Tianwen-1 SEP observations
"09:13, 08-Aug-2022",Chinese mainland records 380 new confirmed COVID-19 cases
"17:04, 08-Aug-2022",Documentary 'Rong Bao Zhai' honors 350-year-old cultural brand
"10:52, 08-Aug-2022",HK cuts hotel quarantine for COVID-19 to 3 days from 7 
"12:15, 08-Aug-2022",State Council appoints secretary-general of Committee for Safeguarding National Security of HKSAR
"00:23, 08-Aug-2022",Here are the 10 breakthroughs in China's 2022 Taiwan military drill
"23:05, 08-Aug-2022",More than 30 new types of robots to debut at 2022 Beijing Robot Show
"19:12, 08-Aug-2022",National Fitness Day: China embraces sports for a healthy lifestyle 
"12:31, 08-Aug-2022",PLA Eastern Theater Command continues joint exercises around Taiwan
"00:53, 08-Aug-2022",PLA drill around Taiwan: What has been accomplished and what's ahead?
"20:58, 08-Aug-2022",Shanghai aims to expand coffee industrial chain
"23:11, 08-Aug-2022",Virtual power plants gain steam amid China's rising power demand
"09:21, 08-Aug-2022",Western Inner Mongolia Series | Episode 3: The ship of the desert
"19:13, 08-Aug-2022",Xi sends condolences to Cuban president over fuel farm explosions
"21:12, 09-Aug-2022",China: Countermeasures over Pelosi's Taiwan region visit are necessary warning
"13:51, 09-Aug-2022",China issues draft encouraging autonomous vehicles in taxi sector 
"08:18, 09-Aug-2022",China's second lab module Mengtian for space station moved to launch site
"14:33, 09-Aug-2022",China's commercial rocket CERES-1 Y3 launches three satellites
"23:24, 09-Aug-2022",China's first maglev suspension railway undergoes test run
"10:04, 09-Aug-2022",Chinese NGO reveals U.S. violation of human rights in Middle East
"13:43, 09-Aug-2022",No room for ambiguity on one-China principle: Chinese vice FM
"09:14, 09-Aug-2022",Chinese mainland records 399 new confirmed COVID-19 cases
"17:03, 09-Aug-2022","Medvedev retains men's top spot, Williams drops huge retirement hints"
"12:23, 09-Aug-2022",Mengtian lab module arrives at launch site
"12:51, 09-Aug-2022",PLA continues live-fire joint military exercises around Taiwan
"18:48, 09-Aug-2022",Pelosi's visit to Taiwan region is a political farce: vice FM
"21:14, 09-Aug-2022",Pelosi's visit to Taiwan region violated one-China principle: vice FM
"15:25, 09-Aug-2022",Stranded passengers allowed to leave Hainan amid COVID-19 flare-up
"18:46, 09-Aug-2022",U.S. and 'Taiwan independence' forces are changing the status quo of the Taiwan Strait: vice FM
"22:54, 09-Aug-2022",Wang Yi calls for stable development of China-ROK strategic partnership
"12:47, 09-Aug-2022",Dortmund turn to former Chinese Super League striker Modeste after Haller health issue
"23:25, 09-Aug-2022",Xi Jinping extends congratulations on Singapore's 57th national day
"17:09, 09-Aug-2022","Xi Jinping replies to letter from teachers, students in Malta"
"23:31, 10-Aug-2022",Biden's CHIPS Act: Will it work?
"10:00, 10-Aug-2022","China, ROK agree to jointly maintain stability of supply chains"
"12:15, 10-Aug-2022",China has world's second largest number of nuclear power units: official
"14:50, 10-Aug-2022",China hosts intl. event to discuss nuclear energy and creating carbon neutral future
"14:39, 10-Aug-2022",China launches 16 new satellites into orbit
"21:27, 10-Aug-2022",China refutes UK concern over military drills around Taiwan island
"09:32, 10-Aug-2022","China's consumer prices rise in July, factory-gate inflation ease"
"15:26, 10-Aug-2022",China's Hainan reports 45 new positive COVID-19 cases
"10:00, 10-Aug-2022",China releases white paper on Taiwan question and reunification of China in new era
"07:58, 10-Aug-2022",China's economy has become the world's economic engine: survey
"23:21, 10-Aug-2022",China tests small robotic arm before Shenzhou-14 crew's space walk
"20:04, 10-Aug-2022",China's suspension of climate change talks with U.S. is a legitimate countermeasure: spokesperson
"16:40, 10-Aug-2022",China will fight back if U.S. maintains provocation: spokesperson 
"18:48, 10-Aug-2022",Chinese esports league slaps lifetime ban on match-fixing players
"09:15, 10-Aug-2022",Chinese mainland records 444 new confirmed COVID-19 cases
"22:46, 10-Aug-2022",Chinese women's football ace Wang Shuang joins Racing Louisville
"14:21, 10-Aug-2022",First cafe employing blind baristas open in Shanghai
"14:35, 10-Aug-2022",First tourists stranded by COVID-19 flown off Hainan Island
"20:06, 10-Aug-2022",Full Text: The Taiwan Question and China's Reunification in the New Era
"20:00, 10-Aug-2022",Night economy showcases China's consumption potential
"16:37, 10-Aug-2022",PLA Eastern Theater Command successfully completes military drills around Taiwan
"14:21, 10-Aug-2022",Snooker: All five Chinese players advance at British Open qualifier
"21:41, 10-Aug-2022",Spokesperson makes remarks on white paper on Taiwan question and China's reunification in new era
"17:50, 10-Aug-2022",Taiwan authorities should make right choice on cross-strait ties: spokesperson
"10:28, 10-Aug-2022",Taiwan businessmen call for closer cross-strait ties
"23:21, 10-Aug-2022",Wang Yi warns against three dangerous movements across the Taiwan Straits
"13:29, 10-Aug-2022",World's largest free trade deal RCEP creates new opportunities for member countries
"22:08, 11-Aug-2022",'China Documentary Festival' exhibition held in Thailand
"15:08, 11-Aug-2022",'In Search of Lost Time' set as Beijing International Film Festival opener
"16:06, 11-Aug-2022",A glimpse of films shortlisted for Beijing International Film Festival in 2022
"15:46, 11-Aug-2022",Any attempt to seek 'Taiwan independence' will fail: spokesperson
"20:44, 11-Aug-2022",China denounces Lithuanian officials' visit to Taiwan region 
"19:03, 11-Aug-2022",China says it won't compromise on core interests for U.S. tariff cut
"18:47, 11-Aug-2022",China 'seriously concerned' with Japan's wastewater release: envoy
"09:09, 11-Aug-2022",Chinese mainland records 700 new confirmed COVID-19 cases
"07:58, 11-Aug-2022",Only 6% believe U.S. will continue to dominate the world: survey
"23:28, 11-Aug-2022",High-tech methods boost agricultural industry in central China's town
"18:05, 11-Aug-2022",Painting master captures China's art tradition in sweeping landscape
"21:26, 11-Aug-2022",Peaceful reunification is China's first choice in resolving Taiwan question: white paper
"21:01, 11-Aug-2022",Quanzhou: the starting point of Maritime Silk Road
"19:49, 11-Aug-2022",Taiwan businesses an integral part of Quanzhou's growth
"10:23, 11-Aug-2022",World 5G Convention: China's 5G commercial use enters virtuous circle
"23:29, 11-Aug-2022",Xiaomi unveils humanoid robot CyberOne as robot market booms
"08:06, 12-Aug-2022",7 people dead in a fire accident in E China
"21:04, 12-Aug-2022",CMG's 2022 Mid-Autumn Festival Gala: what to expect
"14:54, 12-Aug-2022",Canadian Open: China's Zheng Qinwen topples Andreescu to reach last 8
"10:09, 12-Aug-2022",Changzhou – Chinese profound heritage site and dinosaur land
"08:24, 12-Aug-2022",China 'deeply concerned' by situation at Zaporizhzhia nuclear power plant: envoy
"19:28, 12-Aug-2022",China imposes sanctions on Lithuanian official
"11:11, 12-Aug-2022",China is world's 2nd largest commercial satellite owner
"10:51, 12-Aug-2022",China's commitment to opening-up a ray of hope in a bleak global economy
"09:46, 12-Aug-2022",China's AR-500CJ shipborne unmanned helicopter completes maiden flight
"18:06, 12-Aug-2022",China's first COVID-19 pill included in medical reimbursement list
"09:41, 12-Aug-2022",China's commercial carrier rocket Smart Dragon-3 completes ground tests
"16:08, 12-Aug-2022",China says U.S. THAAD deployment in S. Korea harms strategic security
"17:15, 12-Aug-2022",Chinese chipmaker SMIC posts quarterly revenue surge despite COVID-19 impact
"09:10, 12-Aug-2022",Chinese mainland records 704 new confirmed COVID-19 cases
"20:02, 12-Aug-2022",Chinese rocket carrying ship Yuanwang-21 to set sail for missions
"19:16, 12-Aug-2022",Chinese women's basketball team departs for European training camp
"16:35, 12-Aug-2022","Foreign experts laud white paper on Taiwan as China reaffirms position, resolution on reunification"
"22:03, 12-Aug-2022",FATRI: Building a complete semiconductor value chain in Quanzhou
"17:59, 12-Aug-2022","Graphics: Taiwan is part of China, a fact supported by history and law"
"21:48, 12-Aug-2022",Hengan Group: Household product maker takes digital strides for growth
"18:42, 12-Aug-2022","Huawei revenue further down in H1 amid U.S. sanctions, pandemic"
"11:57, 12-Aug-2022",Hukou Waterfall in northern China roars due to heavy rainfall
"22:08, 12-Aug-2022",MOFA: Pelosi's Taiwan trip has nothing to do with democracy
"17:22, 12-Aug-2022",Magnificent rainbow enlivens sky after summer shower in S China
"09:34, 12-Aug-2022",China Speed: Construction of 2nd makeshift COVID-19 hospital in Sanya completed in 5 days  
"09:42, 12-Aug-2022",Moto vs. Samsung: The flip phone arena in 2022
"21:29, 12-Aug-2022",PEAK: A true tale of Quanzhou's grit and perseverance
"11:59, 12-Aug-2022",'Targeted Poverty Alleviation' policy boots income for residents in Shibadong village
"17:51, 12-Aug-2022",Xi Jinping calls on int'l community to build global development partnership
"14:17, 12-Aug-2022","Quanzhou, Taiwan share close cultural, economic bonds"
"17:09, 12-Aug-2022",The rising importance of China's economy cannot be ignored
"07:57, 12-Aug-2022",Tsai Ing-wen's poisonous legacy building
"20:52, 12-Aug-2022",Want Want Group says it has adhered to One-China Principle since its founding
"14:20, 12-Aug-2022",We Talk: How do I view Japan's handling of nuclear wastewater?
"09:35, 12-Aug-2022",Western Inner Mongolia Series | Episode 7: Survival on the rocks
"04:32, 06-Aug-2022",China's position on Pelosi's visit to China's Taiwan region
"04:11, 06-Aug-2022",Wang Yi: U.S. hollows out the One-China policy
"06:33, 10-Aug-2022",Biden signs bill to boost domestic semiconductor industry
"05:55, 12-Aug-2022",Mexico City modernizes subway system with new 'China Standard' trains
"05:59, 12-Aug-2022","Wang Yi: Promoting peace, cooperation and development jointly in Asia "
"05:37, 13-Aug-2022","FBI seeks espionage evidence against Trump, search warrant shows"
