﻿"17:44, 05-Jun-2022",Death toll rises to at least 49 in Bangladesh port depot fire
"11:46, 05-Jun-2022",Philippine authorities warn of ongoing phreatic eruption at Bulusan
"21:45, 06-Jun-2022",Biden waives solar panel tariffs on 4 Southeast Asian nations
"17:26, 06-Jun-2022",Briton sentenced to 15 years in Iraqi jail for smuggling artifacts
"19:09, 06-Jun-2022",China comments on U.S. re-addition of not supporting 'Taiwan independence' on govt website
"19:03, 06-Jun-2022","IAEA chief Grossi holds press conference on Iran, Ukraine"
"21:33, 06-Jun-2022",Mexican president won't attend Americas summit in protest over U.S. exclusions
"22:31, 06-Jun-2022",Several civilians injured after explosion hits Kabul
"18:31, 06-Jun-2022",At least 20 dead in DR Congo massacre
"22:43, 06-Jun-2022",U.S. imposes sanctions on Bosnia and Herzegovina federation's president
"12:25, 07-Jun-2022","Amino acids, origin of life, identified for first time outside Earth"
"20:33, 07-Jun-2022",At least 27 killed in Sudan ethnic clashes: witnesses
"21:17, 07-Jun-2022",At least 3 killed in train-truck collision in Bulgaria
"16:29, 07-Jun-2022",Brunei's sultan announces government reshuffle
"14:42, 07-Jun-2022",Chinese senior diplomat holds phone talks with Japan's national security chief
"07:21, 07-Jun-2022",Death toll from Iran building collapse rises to 41
"11:29, 07-Jun-2022",Defending champions France struggle to hit top gear as 2022 World Cup looms
"07:22, 07-Jun-2022",Dominican Republic's environment minister shot dead in office
"15:41, 07-Jun-2022",Dubai Police arrest Gupta brothers wanted by South Africa  
"18:18, 07-Jun-2022",EU reaches deal for single phone charger in blow to Apple
"21:20, 07-Jun-2022",Expert: U.S. influence weakens in Latin America
"19:30, 07-Jun-2022",German foreign minister tests positive for COVID-19
"15:40, 07-Jun-2022",Ice skating to raise minimum competition age from 15 to 17
"19:30, 07-Jun-2022",Infocus: Is Vietnam becoming the factory of the world?
"10:24, 07-Jun-2022",U.S. cycling great Greg LeMond reveals cancer diagnosis  
"11:24, 07-Jun-2022",Venezuela's Maduro says Summit of the Americas exclusion is 'discrimination'
"07:41, 07-Jun-2022",New York governor signs new gun reform bills into law in wake of mass shootings
"19:52, 07-Jun-2022",Nigeria's Ondo declares 7-day mourning for church attack's victims
"19:51, 07-Jun-2022",Proud Boys leader charged with sedition over U.S. Capitol Riot
"12:40, 07-Jun-2022",Reserve Bank of Australia lifts cash rate by 50 basis points
"07:17, 07-Jun-2022",Russia announces sanctions on 61 U.S. nationals
"20:59, 07-Jun-2022",Russia imposes personal sanctions on 61 U.S. officials
"20:48, 07-Jun-2022",Russia suspends agreement with Japan over fishery in disputed waters
"09:08, 07-Jun-2022",U.S. official says will respond forcefully if DPRK holds nuclear test
"13:31, 07-Jun-2022","S. Korea, U.S. stage air power demonstration following DPRK missile launches "
"11:54, 07-Jun-2022","Shooter on the run after killing 6 in Guanajuato, Mexico"
"08:45, 07-Jun-2022",S. Korean president taps college professor Chung Jae-ho for ambassador to China
"13:59, 07-Jun-2022",Successful Shenzhou-14 launch to benefit the world: foreign experts 
"08:34, 07-Jun-2022",Summit of the Americas not inclusive: Expert
"19:10, 07-Jun-2022",Swedish government survives no-confidence vote against justice minister
"07:21, 07-Jun-2022",Syria intercepts Israeli missiles: SANA
"20:36, 07-Jun-2022",Two dead in German supermarket shooting: police
"21:21, 07-Jun-2022","U.S., South Korea hold talks on DPRK, alliance"
"17:39, 07-Jun-2022",U.S. vice president announces $1.9b in private funds to address migration
"21:15, 07-Jun-2022",U.S. throws away 82 million COVID-19 vaccine doses
"22:38, 07-Jun-2022",UK designates monkeypox as a notifiable disease
"22:23, 07-Jun-2022",UNGA elects Hungary's Csaba Korosi as next president
"19:07, 07-Jun-2022",Why is Iran proposing a single currency for SCO region? 
"21:33, 07-Jun-2022",World Bank slashes 2022 global growth forecast to 2.9%
"21:30, 07-Jun-2022","U.S. faces 'unacceptable levels of inflation,' Yellen tells senators"
"21:05, 07-Jun-2022",Zelenskyy: Ukraine not ready to export grain via Belarus
"16:19, 08-Jun-2022",'Child of Krakatoa' volcano erupts in Indonesia
"12:13, 08-Jun-2022","21 killed, dozens injured in train derailment in Iran"
"21:02, 08-Jun-2022","After Lavrov meeting, Turkey says Ukraine grain-export plan reasonable"
"19:20, 08-Jun-2022",Airbus A319 makes emergency landing in central Russia: RIA
"14:32, 08-Jun-2022",At least 22 killed after bus overturns in Pakistan 
"20:13, 08-Jun-2022",Biden to visit Europe for G7 and NATO summits
"23:00, 08-Jun-2022",COVID cases in U.S. may have been underrated by 30 times: NYC Study
"16:17, 08-Jun-2022",China willing to help Sri Lanka deal with debt burden
"20:33, 08-Jun-2022",Chinese Defense Minister visits Singapore for regional security forum
"20:26, 08-Jun-2022",Chinese authorities vows to improve the quality of foreign trade
"17:08, 08-Jun-2022","One dead, dozens injured as car plows into crowd in Berlin"
"19:08, 08-Jun-2022",EMA adopts first list of critical medicines for COVID-19
"10:24, 08-Jun-2022",EU sets rules for more gender balance on company boards
"20:28, 08-Jun-2022",Expert: Terms of negotiations are volatile on both Russia and Ukraine
"15:55, 08-Jun-2022",Finnish PM tests positive for COVID-19
"11:18, 08-Jun-2022",France joins U.S.-led Artemis Accords on lunar exploration
"18:28, 08-Jun-2022",Hungary's inflation hits 20-year high in May
"20:29, 08-Jun-2022",In focus: Who will win the EU-Russia 'tug of war'?
"12:44, 08-Jun-2022",India hikes interest rates 50 basis points to 4.9%
"17:31, 08-Jun-2022",Iran removes two IAEA surveillance cameras from nuclear facility
"09:59, 08-Jun-2022",Japan to open up borders on June 10
"16:37, 08-Jun-2022",Japanese opposition submits no-confidence motion against Kishida govt
"09:32, 08-Jun-2022",M6.5 earthquake hits Brazilian border region with Peru
"20:40, 08-Jun-2022",MEPs vote down key part of EU climate plan
"20:43, 08-Jun-2022",Nigeria ruling party picks ex-Lagos governor Tinubu to run for president
"20:26, 08-Jun-2022",Expert: This is not the time for U.S. to hold Summit of the Americas
"17:12, 08-Jun-2022",OECD slashes world growth forecast over Russia-Ukraine conflict
"11:10, 08-Jun-2022",Offside or not offside? Kane's controversial late goal rescues England in Germany
"21:46, 08-Jun-2022","Over 1,000 monkeypox cases reported from 29 non-endemic countries"
"15:22, 08-Jun-2022",Partisan divide on guns grows even as most Americans prefer tight laws
"22:55, 08-Jun-2022",Poor attendance of regional countries clouds U.S.-hosted Summit of the Americas
"07:44, 08-Jun-2022","Syrian, Russian warplanes carry out military drills amid increasing Israeli strikes"
"14:01, 08-Jun-2022",U.S. bans investors from buying Russian securities on secondary market
"22:08, 08-Jun-2022",UK authorizes assault charges against Harvey Weinstein
"17:59, 08-Jun-2022",Will the summit of the Americas turn into a U.S. summit?
"16:07, 08-Jun-2022",World Ocean Day: Restore undersea meadows
"23:09, 09-Jun-2022",5 countries elected as new non-permanent members of UN Security Council
"11:33, 09-Jun-2022",At least 7 dead as fire breaks out in S. Korea's Daegu office building
"20:46, 09-Jun-2022",Shangri-La Dialogue sets up battle of competing security visions for Asia-Pacific
"10:06, 09-Jun-2022",Biden says Americas must invest in making supply chains resilient
"07:48, 09-Jun-2022",Casualty feared as multiple mortar shells explode in Somali capital
"21:26, 09-Jun-2022",China calls on BRICS countries to cooperate to stabilize food security
"16:45, 09-Jun-2022",China says it can detect imported monkeypox cases
"18:14, 09-Jun-2022",China sends new medical team to aid Uganda
"15:50, 09-Jun-2022",China to host 12th BRICS Trade Ministers Meeting
"17:58, 09-Jun-2022",China urges U.S. to revoke arms sales to Taiwan region
"07:32, 09-Jun-2022",Death toll rises to 40 in church attack in Nigeria
"11:59, 09-Jun-2022",Dr Qiao Talks: Why does the U.S. fail to control its guns? 
"19:48, 09-Jun-2022",ECB leaves key rates unchanged in June monetary policy meeting
"07:35, 09-Jun-2022","EU lawmakers pass ban on new petrol, diesel cars by 2035"
"22:37, 09-Jun-2022",Erdogan announces bid to run in 2023 presidential election
"09:58, 09-Jun-2022",Ex-FIFA chief Blatter's fraud trial halted as he's 'too ill to testify'
"18:42, 09-Jun-2022",ICYMI: The week's quirky news from around the world
"18:46, 09-Jun-2022",Iran plans to disconnect 27 IAEA cameras: Grossi
"07:28, 09-Jun-2022",Iran says response to IAEA's resolution is 'firm and proportionate'
"17:17, 09-Jun-2022",Israel's Bennett meets with UAE president
"14:42, 09-Jun-2022",Japan's lower house rejects no-confidence motion against PM Kishida
"16:53, 09-Jun-2022",M4.8 quake hits SE of Chile's Antofagasta: EMSC
"16:13, 09-Jun-2022","NATO chief diagnosed with shingles, working from home: official"
"14:40, 09-Jun-2022",NBA Finals on June 8: Celtics secure tough home win in Game 3
"15:54, 09-Jun-2022",Nassar survivor gymnasts seek over $1 billion compensation from FBI
"18:19, 09-Jun-2022",Nature publishes Chinese scientists' breakthrough in quantum computing
"10:31, 09-Jun-2022","Nations League: Netherlands win over Wales in thriller, Belgium crush Poland"
"18:29, 09-Jun-2022",Over 40 killed in diamond mine collapse in DR Congo
"19:02, 09-Jun-2022",Palestine says man killed by Israeli army in West Bank
"20:15, 09-Jun-2022",Poland signs agreement to buy 250 U.S. tanks
"11:20, 09-Jun-2022",Putting pressure on Iran will not help solve Iran nuke issue: Chinese envoy
"14:28, 09-Jun-2022","Rams extend Super Bowl MVP Cooper Kupp with 3 years, $80 million"
"17:09, 09-Jun-2022","Russia ready to facilitate peace treaty between Yerevan, Baku: Lavrov"
"14:20, 09-Jun-2022",Sri Lankan president's brother resigns from parliament
"10:58, 09-Jun-2022",Tennis: China's Zhang Shuai cruises into last 8 at Nottingham Open
"15:42, 09-Jun-2022",Terrorists kill 23 in northeast Nigeria: sources
"14:08, 09-Jun-2022",U.S. House passes bill to set minimum age of 21 for buying semi-automatic weapons
"07:42, 09-Jun-2022",U.S. House passes gun reform package
"11:25, 09-Jun-2022",U.S. SEC chief unveils plan to overhaul Wall Street stock trading
"07:10, 09-Jun-2022",U.S. military aircraft crashes in California
"14:33, 09-Jun-2022",Russian expert: U.S. restrictions on China's cooperation in space with other countries bring losses to the world
"14:08, 09-Jun-2022",Venezuelans decry exclusion from Americas summit at 'anti-imperialist forums'
"08:36, 10-Jun-2022",'America at Gunpoint': Racially-motivated gun violence on rise P. 1
"08:34, 10-Jun-2022",'America at Gunpoint': Racially motivated gun violence on rise P. 2
"07:13, 10-Jun-2022","Gunman opens fire at U.S. Maryland factory, killing three"
"08:07, 10-Jun-2022",U.S. House January 6 committee holds first public hearing 
"02:04, 07-Jun-2022",German railway had been planning repairs on deadly crash route - Welt
"01:54, 07-Jun-2022","Putin, Erdogan to decide on food security after talks of Foreign Ministers"
"01:39, 07-Jun-2022",Russia to strengthen economic sovereignty in 2020s: Putin
"02:22, 07-Jun-2022",Tunisia's Ons Jabeur breaks into world top five despite French Open disappointment
"01:26, 08-Jun-2022","  Macron's camp could miss absolute majority in parliament, polls show"
"00:52, 08-Jun-2022",Botswana likely to enter 5th COVID-19 wave: health official
"01:38, 08-Jun-2022","Russian, Turkish defense ministers discuss Syria, grain exports from Ukraine"
"01:47, 08-Jun-2022",Tiger Woods says he will miss U.S. Open next week
"01:31, 09-Jun-2022",Algeria suspends treaty of friendship and cooperation with Spain
"01:15, 09-Jun-2022",Five soldiers killed in separatist attack in Cameroon's West region
"01:15, 09-Jun-2022",India achieves Guinness World Record for constructing longest piece of road
"02:49, 09-Jun-2022",Report shows impact of climate change on economies globally
"00:12, 10-Jun-2022",A Palestinian killed during clashes with Israeli soldiers in West Bank: medics
"00:03, 10-Jun-2022",Kenyans rush for vaccines as COVID-19 cases surge
"01:34, 10-Jun-2022",Somalia president urges global community to help avert famine
"01:19, 10-Jun-2022","Spain vows to defend its interests after Algeria halts trade, except gas flow"
"00:15, 09-Jun-2022",Bickering EU lawmakers blame each other for blocking climate deal
"01:51, 09-Jun-2022",Platini and Blatter FIFA corruption trial delayed in Switzerland
"03:57, 07-Jun-2022",CGTN America wins a company record 22 Telly Awards this year
"05:06, 07-Jun-2022",Soybean farmers hit by droughts try new technology
"03:28, 07-Jun-2022",U.S. decision to exclude some nations from Americas Summit draws ire
"06:28, 08-Jun-2022", Jan. 6 Capitol Insurrection hearings preview
"05:30, 08-Jun-2022",American actor Matthew McConaughey pleas for gun law reform in U.S.
"03:38, 08-Jun-2022","Clearing a ""ghost net"" from the ocean floor ahead of World Oceans Day"
"06:29, 08-Jun-2022","Over 210,000 face starvation in Somalia from drought"
"04:57, 08-Jun-2022",Seven U.S. states hold primary midterm elections 
"06:29, 08-Jun-2022",Spectacular slow motion falls down a hill chasing a wheel of cheese
"05:16, 09-Jun-2022",Argentina looks to strengthen global ties
"04:12, 09-Jun-2022",Brazil faces hunger and food insecurity
"04:12, 09-Jun-2022",China approves Argentine soy technology
"05:43, 09-Jun-2022",Family of slain Texas student signals plans to sue gun manufacturer
"06:58, 09-Jun-2022",Giffords & Democrats demand action on U.S. gun violence
"07:03, 09-Jun-2022",Gun violence victims plead for stricter gun control in testimonies.
"04:12, 09-Jun-2022",Jan. 6 committee hearings begin Thursday
"04:12, 09-Jun-2022",Mexico blames the U.S. of illegal guns flow into country
"06:59, 09-Jun-2022",New migrant caravan heads for U.S./Mexico border as Summit of the Americas begins
"05:16, 09-Jun-2022",U.S. sees shortage of mental health service​s for the young  
"05:43, 09-Jun-2022",U.S. unveils new plan to attract more foreign tourists 
"06:27, 10-Jun-2022",Beachgoers in Gaza enjoy cleaner seawater for first time in years 
"06:27, 10-Jun-2022",Islamophobia in India: Controversial comments magnify internal and foreign tensions
"05:09, 10-Jun-2022",Fighting climate change in Latin America and the Caribbean
"05:08, 10-Jun-2022",Shanghai sees fresh COVID-19 measures amid China's 'zero-COVID' policy
"06:34, 10-Jun-2022",Shortage of mental health service​s and suicide
"06:29, 10-Jun-2022",U.S. excludes a Cuban delegation from the People's Summit 
"05:14, 10-Jun-2022",U.S. looks to boost ties with Latin America 
