﻿"15:19, 25-Mar-2022",China should strive to achieve 'dynamic zero infection' goals in a short time period: NHC officials
"15:12, 25-Mar-2022",Defense minister: China ready to deepen military cooperation with Turkmenistan
"22:52, 25-Mar-2022","China to encourage financial institutions to lower loan interest rates, cut fees"
"16:44, 25-Mar-2022",Chinese cargo plane lands safely in southwest China after mechanical issue
"20:31, 25-Mar-2022",Fight for love: Injured male panda is recorded in the wild
"17:15, 25-Mar-2022",MU5735 crash: Rescue work continues despite finding no survivors so far
"18:13, 25-Mar-2022",The 23rd anniversary of NATO bombings: China and Serbia will never forget 
"17:42, 25-Mar-2022",Xi holds phone talk with South Korean President-elect Yoon
"20:21, 26-Mar-2022",China plane crash: All 132 people on board are confirmed dead
"10:56, 26-Mar-2022",China's Hualong One nuclear power demonstration project fully operational
"19:44, 26-Mar-2022",China's Shanghai records a sharp rise in COVID-19 cases
"19:35, 26-Mar-2022",Chinese diplomat meets with senior Russian officials in Moscow
"09:03, 26-Mar-2022","Chinese mainland records 1,335 new confirmed COVID-19 cases"
"14:38, 26-Mar-2022",Chinese officials predict 6 to 8 storm surges this year 
"17:16, 26-Mar-2022",Emergency locator transmitter found after plane crash
"17:49, 26-Mar-2022",Explainer: How will flight MU5735 crash investigation be carried out?
"07:42, 26-Mar-2022",M6.0 earthquake hits China's Qinghai: CENC
"10:47, 26-Mar-2022","Miami Open: Nick Kyrgios, Alexander Zverev, Zhang Shuai advance"
"08:57, 26-Mar-2022",Chinese ambassador stresses the key to human rights and democracy
"11:28, 26-Mar-2022",Stone weapons unearthed at central China prehistoric site
"20:39, 26-Mar-2022",Tianjin Pioneers coach Zhang Degui: Anything is possible in playoffs
"10:51, 26-Mar-2022",Vlog: How to do a COVID-19 self-test in China
"13:41, 27-Mar-2022",Beijing's key pollution reading down 33 percent in Jan-Feb
"22:20, 27-Mar-2022","China Securities Journal: China, U.S. regulators 'moving toward each other' in audit regulatory cooperation"
"17:39, 27-Mar-2022",China Eastern Airlines starts insurance claims process for plane crash
"16:25, 27-Mar-2022","China Weekly News Quiz: March 20-27, 2022"
"14:18, 27-Mar-2022",China holds event to mourn jetliner crash victims
"21:33, 27-Mar-2022","China plane crash: Black boxes under analysis, counseling services underway"
"18:39, 27-Mar-2022",China's Greater Bay Area optimizes work permit process for foreign talent
"09:25, 27-Mar-2022","Chinese mainland records 1,254 confirmed COVID-19 cases"
"16:12, 27-Mar-2022","Political Calendar: Russia-Ukraine conflict drags on, foreign ministers of Afghanistan's neighbors meet again"
"15:01, 27-Mar-2022",Journeys in Nature: Sanjiangyuan series | Ep. 5: Thorold's Deer
"12:15, 27-Mar-2022",Northern shovelers enjoy fine weather 
"10:52, 27-Mar-2022",Second MU5735 black box recovered from crash site
"21:09, 27-Mar-2022",Shanghai to conduct new round of mass virus screening
"17:10, 27-Mar-2022",Three places to enjoy spring and ancient architecture in Beijing
"16:29, 27-Mar-2022",Tianzhou-2 cargo spacecraft separates from China's space station
"22:25, 28-Mar-2022","'Moonfall' tops revenue chart, Qingming Festival holiday sees movie delays"
"09:24, 28-Mar-2022","Airports, railways, intl transport operate normally in Shanghai"
"21:11, 28-Mar-2022",China's aviation authority sets up expert group to supervise industry safety 
"15:54, 28-Mar-2022",China calls for responsible action toward Ukraine de-escalation
"12:18, 28-Mar-2022",China's first gigawatt-scale wind project's output tops 1 billion kWh
"15:34, 28-Mar-2022",China to host third meeting of foreign ministers of Afghanistan's neighboring countries
"09:08, 28-Mar-2022","China willing to cement friendship with Nepal, safeguard regional peace: Wang Yi"
"09:11, 28-Mar-2022","Chinese mainland records 1,275 confirmed COVID-19 cases"
"17:23, 28-Mar-2022",132 victims of MU5735 crash identified through DNA testing
"16:50, 28-Mar-2022",Huawei reports profit surge in 2021 despite U.S. sanctions 
"15:31, 28-Mar-2022","FMs of Indonesia, Thailand, Philippines, Myanmar, Panama to visit China"
"11:41, 28-Mar-2022",Journeys in Nature: Sanjiangyuan series | Ep. 6: Elves in the Snow
"20:36, 28-Mar-2022",Phased closed-off management in Shanghai adopted to curb COVID-19 spread
"21:40, 28-Mar-2022","Over 3,000 wild swans return to Bayanbulak grasslands"
"10:52, 28-Mar-2022","Saudi Arabian GP: Verstappen bounces back with thrilling win, Zhou Guanyu 11th "
"18:39, 28-Mar-2022","Xi Jinping, other Chinese leaders mourn lives lost in MU5735 accident"
"11:20, 29-Mar-2022",COVID-19 cases found via mandatory testing in Hong Kong on the decline
"22:59, 29-Mar-2022",China calls for rationally examining root causes of the Ukraine issue
"22:52, 29-Mar-2022",China has thousands of asymptomatic COVID-19 cases. Should we worry?
"15:45, 29-Mar-2022",China lodges representations with Australia over repatriated students
"12:10, 29-Mar-2022",China reduces personal income tax for parents of children under 3
"19:33, 29-Mar-2022",China reveals human rights violations against Native Americans in U.S.
"19:35, 29-Mar-2022",China's new Long March-6 carrier rocket completes maiden flight
"09:13, 29-Mar-2022","Chinese mainland records 1,293 new confirmed COVID-19 cases"
"17:53, 29-Mar-2022",Explainer: Omicron 'stealth' COVID-19 variant BA.2 now dominant globally
"20:10, 29-Mar-2022",Tech Breakdown: Hualong One nuclear reactor helps China meet carbon goals
"19:18, 29-Mar-2022",Tech Breakdown: Hualong One nuclear reactor helps China meet carbon goals
"15:39, 29-Mar-2022",Luminous 'blue tears' light up sea in east China
"19:59, 29-Mar-2022",Reporters' diary: Covering China's deadliest plane crash in a decade
"22:35, 29-Mar-2022",Shanghai ensures stable financial operations amid Pudong's close-off
"13:14, 29-Mar-2022",Tesla suspends work at Shanghai factory for 4 days over COVID-19 curbs: Reuters
"23:21, 29-Mar-2022",Wang Yi: China 'deeply regrets' that Ukraine crisis is still ongoing
"23:25, 29-Mar-2022",Wang Yi: Sanctions not an effective way to solve problems
"09:06, 29-Mar-2022","Visit to South Asian countries boosts solidarity, cooperation under new circumstances: Chinese FM"
"19:53, 30-Mar-2022",Accusations about Chinese dams on Mekong River groundless: MOFA 
"15:25, 30-Mar-2022",China-EU summit to be held virtually on April 1
"11:06, 30-Mar-2022",China launches 3 Tianping-2 satellites atop Long March-11 rocket
"18:14, 30-Mar-2022",China's 'city of the future' gears up to build a financial sector 
"09:37, 30-Mar-2022",China sets energy targets for 2022
"22:56, 30-Mar-2022",China voices strong opposition to UK's decision to pull HK judges
"09:44, 30-Mar-2022",Chinese envoy warns of consequences of indiscriminate sanctions over Ukraine conflict
"09:11, 30-Mar-2022","Chinese mainland records 1,629 new confirmed COVID-19 cases"
"09:45, 30-Mar-2022",Chinese regulator denies rumors about probes on Xiaomi-invested firms
"19:47, 30-Mar-2022",Mainland slams attempt to challenge UN resolution embodying one-China principle
"11:54, 30-Mar-2022",China's Wang Yi hails high-level strategic coordination with Pakistan
"12:53, 30-Mar-2022",China-Russia ties withstand test of changing international situation: Wang Yi
"17:21, 30-Mar-2022","Foreign ministers of China, Qatar meet in Anhui"
"11:26, 30-Mar-2022",Journeys in Nature: Sanjiangyuan series | Ep. 8: King of the Sky
"09:24, 30-Mar-2022",Lavrov arrives in China for FMs meeting on Afghanistan
"14:51, 30-Mar-2022",NTSB: China issues visas to U.S. experts for Boeing plane crash probe
"14:06, 30-Mar-2022",Sichuan to build new Sanxingdui museum
"16:53, 30-Mar-2022",There is no upper limit for China-Russian cooperation: MOFA 
"10:12, 30-Mar-2022",World's most powerful electric cruise ship on maiden voyage in China
"20:05, 30-Mar-2022",Xi calls for efforts to push for ecological advancement
"18:09, 31-Mar-2022","China, Solomon Islands sign deal on security cooperation framework"
"11:28, 31-Mar-2022","China urges U.S. to unfreeze Afghan assets, lift unreasonable sanctions"
"09:21, 31-Mar-2022","Wang Yi: Neighbors should support Afghanistan's independence, prosperity"
"11:21, 31-Mar-2022",Wang Yi urges world not to neglect Afghanistan during Ukraine crisis
"15:58, 31-Mar-2022",China remains Turkmenistan's reliable and dependable partner: Wang Yi
"19:23, 31-Mar-2022",China's Tianzhou-2 cargo spacecraft re-enters Earth's atmosphere
"21:47, 31-Mar-2022",China's football team coach: We're not good enough for World Cup
"15:23, 31-Mar-2022",China steps up tree-planting efforts to reduce carbon emissions
"13:02, 31-Mar-2022",China to further crack down on tax evasion in livestreaming sector
"11:48, 31-Mar-2022",China to promote public fitness service system
"21:48, 31-Mar-2022","China to raise prices of gasoline, diesel"
"13:10, 31-Mar-2022",China unveils its top 10 archaeological discoveries of 2021
"15:40, 31-Mar-2022",China urges U.S. to stop politicizing economic and trade issues
"15:53, 31-Mar-2022",Chinese FM holds press conference on Afghan issue
"09:37, 31-Mar-2022",Chinese factory activity slumps in March
"09:01, 31-Mar-2022","Chinese mainland records 1,839 new confirmed COVID-19 cases"
"10:17, 31-Mar-2022","China plane crash: Core search and rescue complete, working on report"
"17:15, 31-Mar-2022","China, Iran agree to strengthen counter-terrorism cooperation"
"09:59, 31-Mar-2022",HKSAR govt slams UK's allegations on national security law
"16:14, 31-Mar-2022",Rare oriental storks frolic in NE China
"13:15, 31-Mar-2022","Rare wild takins captured strolling, foraging in NW China"
"21:47, 31-Mar-2022",Third meeting of foreign ministers of Afghanistan's neighbors releases joint statement
"13:05, 31-Mar-2022","Wang Yi holds meeting with FMs of Afghanistan, Pakistan"
"18:52, 31-Mar-2022","China, Tajikistan vow to deepen joint building of the Belt and Road"
"21:40, 31-Mar-2022",Wang Yi talks about eight-pronged consensus on Afghanistan 
"10:02, 31-Mar-2022",Xi Jinping delivers written remarks to 3rd meeting of foreign ministers of Afghanistan's neighbors
"19:31, 31-Mar-2022",Xi chairs CPC leadership meeting on plane crash emergency response
"22:52, 31-Mar-2022","Xi's article on agriculture, rural areas, rural residents to be published"
"11:24, 01-Apr-2022", Global green finance rises over 100-fold in decade – study
"12:16, 01-Apr-2022","China, Uzbekistan agree to deepen cooperation in trade, new energy"
"12:06, 01-Apr-2022","China, Indonesia vow to promote ASEAN Outlook on the Indo-Pacific"
"15:57, 01-Apr-2022",China urges NATO to reflect on its role in the Ukraine crisis
"10:49, 01-Apr-2022",Wang Yi: Afghan interim government should make efforts towards diplomatic recognition
"20:03, 01-Apr-2022","Xi Jinping: China, EU should bring more stability to a turbulent world"
"09:19, 01-Apr-2022","Chinese mainland records 1,827 new confirmed COVID-19 cases"
"10:01, 01-Apr-2022","Hangzhou Asian Games: Venues completed, posters released"
"22:18, 01-Apr-2022",Digitally-empowered Xiong'an New Area-on the fast lane to development
"15:22, 01-Apr-2022",HK's rule of law is not contingent on British opinion
"18:28, 01-Apr-2022",Hangzhou Asian Games to use green electricity at all competition venues
"22:16, 01-Apr-2022",Iconic Chinese products of China-EU Landmark Geographical Indications Agreement
"15:19, 01-Apr-2022","Chinese CDC calls for less travel as monthly COVID cases reached 103,000"
"23:02, 01-Apr-2022",Quantum lab secures communications in Xiongan smart city
"20:54, 01-Apr-2022",Renewable energy opens new options for China-EU cooperation
"10:38, 01-Apr-2022",Southern Lingnan series: Blue-throated Bee-eater
"17:23, 01-Apr-2022","China, Myanmar to deepen exchanges, cooperation on all fronts "
"09:07, 01-Apr-2022",Wang Yi reiterates China's consistent stance on Ukraine issue
"19:45, 01-Apr-2022",Xi Jinping calls for efforts to forestall major accidents after plane crash
"09:45, 02-Apr-2022",6 missing in landslides in southwest China
"11:40, 02-Apr-2022",All HKSAR residents asked to do daily RATs on April 8-10: Carrie Lam
"11:39, 02-Apr-2022",China-EU Summit provides political guidance for bilateral ties
"13:03, 02-Apr-2022",China-EU leaders' meeting sends positive energy for world peace: China's vice FM
"18:44, 02-Apr-2022","China, Thailand jointly call for continued Russia-Ukraine peace talks"
"15:59, 02-Apr-2022",China accepts credentials of U.S. ambassador
"11:11, 02-Apr-2022","China calls for efforts to promote economic, social, cultural rights amid COVID-19"
"11:28, 02-Apr-2022",China's Greco-Roman wrestling team preparing for Hangzhou Asian Games
"12:29, 02-Apr-2022",China's central bank stresses defusing financial risks in 2022
"15:09, 02-Apr-2022",China to strengthen the control of sewage outflows
"09:15, 02-Apr-2022","Chinese mainland records 2,129 new confirmed COVID-19 cases"
"23:07, 02-Apr-2022",Chinese vice premier stresses efforts to curb COVID-19 in Shanghai 'in shortest possible time'
"12:11, 02-Apr-2022",Chinese women's rugby team training in Sichuan for Hangzhou 2022
"10:58, 02-Apr-2022",Construction of all 56 venues for 2022 Hangzhou Asian Games completed
"11:13, 02-Apr-2022",Wang Yi: China is ready to boost all-round cooperation with Thailand
"17:11, 02-Apr-2022",Migratory birds land on Gansu lakes to enjoy spring
"17:29, 02-Apr-2022",National teleconference on workplace safety held in Beijing
"13:04, 02-Apr-2022",Nomination for HKSAR's chief executive election to start Sunday as scheduled
"10:28, 02-Apr-2022",Official: China-EU cooperation won't be reversed by any force
"14:51, 02-Apr-2022",Researchers print 3D cardiac tissue able to sustain pulses for over 6 months
"09:41, 02-Apr-2022",Quantum lab secures safe communications in Xiongan smart city
"19:01, 02-Apr-2022","Science Saturday: Microplastics, ozone layer damage and collapsing ice"
"15:04, 02-Apr-2022",Southern Lingnan series: Chinese Pangolin
"18:34, 02-Apr-2022",U.S. NTSB team arrives in China for probe of crashed Boeing jet
"14:59, 02-Apr-2022",Wang Yi warns of negative spillover effects of Ukraine crisis
"19:23, 02-Apr-2022",World Autism Day: Voluntary program in SW China helps autistic adults
"11:26, 02-Apr-2022",Xi exchanges congratulations with Azerbaijani president on 30th anniversary of diplomatic ties
"09:17, 03-Apr-2022",China calls for resuming meaningful dialogue on Korean Peninsula issue
"09:02, 03-Apr-2022","Chinese mainland records 1,506 new confirmed COVID-19 cases"
"12:40, 03-Apr-2022",Journeys in Nature: Sanjiangyuan series | Ep.10: Guarding the Homeland
"10:21, 03-Apr-2022",Shanghai to conduct city-wide COVID-19 testing
"12:21, 03-Apr-2022",Southern Lingnan series: Mangrove
"01:20, 31-Mar-2022","China calls for BRI, anti-terrorism cooperation involving Afghanistan"
"23:42, 27-Mar-2022",Ambassador Qin Gang talks about China’s position on Ukraine
"02:38, 30-Mar-2022",Shanghai enters two-phase lockdown to combat COVID-19 surge
