﻿"22:48, 22-May-2022","24 dead as floods, landslides hit India’s Assam"
"19:46, 22-May-2022",3 dead after car accident in south Turkey’s Nigde
"11:48, 22-May-2022",5.8-magnitude quake strikes off Japan's Ibaraki Prefecture: JMA
"20:14, 22-May-2022",75th World Health Assembly begins in Geneva
"18:59, 22-May-2022",A quick look at Australia's new leader Anthony Albanese
"20:48, 22-May-2022",Analyst: IPEF aims to reconstruct global supply chain excluding China
"19:05, 22-May-2022",Australian citizens express surprise at election results
"20:08, 22-May-2022",Austria's first suspected monkeypox case reported in Vienna
"22:28, 22-May-2022",Austrian President Van der Bellen says he will run for reelection
"14:09, 22-May-2022","Azerbaijan, Armenia trade barbs on border shooting"
"16:05, 22-May-2022",Biden starts Japan tour as protesters take to streets
"19:22, 22-May-2022",One injured in Kabul blast
"12:40, 22-May-2022",Bus crash kills at least 2 in Turkey
"18:59, 22-May-2022","China, Pakistan vow to strengthen all-round cooperation"
"08:56, 22-May-2022","DPRK discloses over 186,000 new cases of fever"
"22:39, 22-May-2022",Ex-official responds to blame of China for supply chain interruptions
"20:28, 22-May-2022",Former CIA officer: U.S. and its allies neglect their own difficulties
"20:27, 22-May-2022",Former U.S. diplomat: Washington 'was lying to Ukraine about NATO bid'
"10:23, 22-May-2022",Four dead in Canada after heavy storms
"16:05, 22-May-2022","Global calendar: Iranian president visits Oman, Biden's Japan tour "
"21:47, 22-May-2022",Guterres addresses 75th World Health Assembly
"22:49, 22-May-2022",IRGC Quds Force member assassinated in Tehran
"11:48, 22-May-2022",Incoming Australian PM Albanese to fly to Tokyo for Quad summit
"12:55, 22-May-2022",Iran 'serious' about reaching agreement in Vienna: Iranian FM
"07:47, 22-May-2022","Israel, Switzerland report their first confirmed monkeypox cases as virus spreads"
"20:59, 22-May-2022","Lightning strikes, floods kill at least 48 in India"
"11:41, 22-May-2022",Lyon beat Barca to claim eighth Women's Champions League
"07:11, 22-May-2022","M6.1 quake strikes Calatagan, Philippines"
"16:24, 22-May-2022","Scholars call for mental health care, gun control, digital literacy to curb U.S. gun violence"
"16:43, 22-May-2022",NBA East Finals: Miami beats Boston 109-103 for 2-1 series lead
"20:28, 22-May-2022",New COVID subvariant BA.2.12.1 becoming mainstream in U.S.: CDC
"10:43, 22-May-2022",PSG make Kylian Mbappe world's highest-paid player after stunning Real Madrid rejection
"21:16, 22-May-2022",Pakistani FM: Any attack on China is an attack on Pakistan
"07:22, 22-May-2022","Six killed in drone strikes in Iraq, officials blame Turkey"
"15:13, 22-May-2022",Smallpox vaccines can be 85% effective against monkeypox: WHO
"22:19, 22-May-2022",South Koreans pay 20% more for pork amid rising grain costs
"10:13, 22-May-2022",Storm claims over 33 lives in India's eastern state of Bihar
"07:49, 22-May-2022","Tourist plane crashes in SE France, 5 dead"
"22:48, 22-May-2022",Turkish foreign ministry summons U.S. ambassador over rally warning
"07:30, 22-May-2022","U.S. envoy meets Afghan Taliban diplomat, presses women's rights"
"17:29, 22-May-2022",Wang Yi: U.S. Indo-Pacific strategy is bound to be a failed one
"20:51, 22-May-2022",Washington and Seoul agree to expand joint military exercises
"21:44, 22-May-2022",Xinjiang stories the West turns a blind eye to
"16:26, 23-May-2022"," Iran, Qatar foreign ministers hold phone conversation on nuclear agreement talks"
"20:57, 23-May-2022",14 bodies found washed up on Myanmar beach: AFP
"07:12, 23-May-2022",Albanese sworn in as Australia's new PM ahead of Quad summit
"08:58, 23-May-2022","Armenia, Azerbaijan agree to continue border negotiations  "
"17:52, 23-May-2022","Four dead, 80 trapped in Iran building collapse"
"15:33, 23-May-2022",Biden says 'considering' lifting some trade tariffs on China
"15:29, 23-May-2022","Biden unveils his Indo-Pacific pact, but benefits vague"
"22:25, 23-May-2022",China's ride-hailing company DiDi moves to delist from NYSE
"16:15, 23-May-2022","China urges Asia-Pacific to reject military bloc, camp confrontation in region"
"16:21, 23-May-2022",China warns not to underestimate resolve to safeguard sovereignty
"10:30, 23-May-2022","Storms kill at least 8 in Canada, leave half a million without power"
"20:24, 23-May-2022",Denmark reports its first monkeypox case
"17:17, 23-May-2022",ECB 'likely' to exit negative interest rates by end of Q3: Lagarde
"20:41, 23-May-2022",Expert: America's Indo-Pacific Strategy will become trouble for the region
"16:32, 23-May-2022",Hassan Sheikh Mohamud inaugurated as president of Somalia
"17:12, 23-May-2022",Indonesia set to resume palm oil exports but uncertainty persists
"14:45, 23-May-2022","Iran, Oman agree to jointly develop shared oilfield"
"13:33, 23-May-2022",Analysis: Is South Korea changing its China policy with new commitment to U.S.?
"18:56, 23-May-2022",Israeli PM Bennett's chief of staff Tal Gan-Zvi resigns
"13:24, 23-May-2022",Japan set to host 2023 G7 Summit in Hiroshima
"10:06, 23-May-2022",U.S. backs Japan for permanent membership of UN Security Council
"20:13, 23-May-2022",Leaders of U.S. and Japan agree to work on supply chain security
"17:39, 23-May-2022",Luis Campos to succeed Leonardo as PSG's sporting director: report
"07:10, 23-May-2022",Man shot dead on New York City subway train
"22:34, 23-May-2022",Manuel Neuer signs extension to stay at Bayern Munich until 2024
"17:13, 23-May-2022",NBA West Finals on May 22: Wiggins slams Warriors to victory in Game 3
"11:19, 23-May-2022",New York City declares state of emergency amid baby formula shortage
"16:38, 23-May-2022",One person killed in Qatar embassy in Paris
"19:59, 23-May-2022",Pakistan raises benchmark interest rate to 13.75%
"14:59, 23-May-2022",Exclusive: Pakistani FM hails ties with China as 'cornerstone' of Pakistan's foreign policy
"19:52, 23-May-2022","Portugal confirms 14 new monkeypox cases, total at 37"
"19:57, 23-May-2022",Premier Li congratulates new Australian Prime Minister Albanese
"19:10, 23-May-2022","Requirements revealed for countries to host 2023 AFC Asian Cup, report"
"07:08, 23-May-2022",Senior Iranian Revolutionary Guards officer shot dead in Tehran
"21:00, 23-May-2022",Should Russian culture pay the price for Putin's actions?
"13:47, 23-May-2022",Singapore’s core inflation hits 3.3% in April
"10:10, 23-May-2022",Son Heung-min wins history-making Golden Boot as Man City and AC Milan crowned champions
"17:35, 23-May-2022","Sri Lanka's medicine shortage is close to causing deaths, doctors say"
"22:22, 23-May-2022","Starbucks says it will completely exit Russia, closing 130 stores"
"18:58, 23-May-2022",Turkey says NATO needs concrete steps to address its concerns
"16:51, 23-May-2022",UFC Vegas: Ketlen Vieira gets away with one over retooled Holly Holm
"08:10, 23-May-2022",UNHCR reports global conflicts push displaced over 100m
"11:18, 23-May-2022",Verstappen wins in Spain to take title lead as Leclerc retires
"08:50, 23-May-2022",7 die after Philippine vessel catches fire at sea
"21:29, 23-May-2022",World Health Assembly rejects Taiwan-related proposal for 6th consecutive year
"12:28, 23-May-2022",WHO chief warns World Health Assembly 'COVID-19 is not over'
"21:58, 23-May-2022",WHO says no evidence monkeypox virus has mutated
"20:40, 24-May-2022",11 killed during police operation in Rio de Janeiro
"15:57, 24-May-2022",131 confirmed cases of monkeypox reported in 19 countries: WHO
"20:01, 24-May-2022","131 monkeypox cases confirmed outside Africa, WHO says 'containable'"
"08:44, 24-May-2022","6 killed, 5 wounded in ISIS attacks in Iraq"
"10:47, 24-May-2022",A Milestone to Mourn: America's one million COVID deaths
"10:59, 24-May-2022","Exclusive Stringer Dispatch: Americans can't afford gas, housing as inflation rises"
"21:14, 24-May-2022",Analysis: Fed's ending free-money era may hit emerging markets hard
"22:40, 24-May-2022",At least 11 killed in Mexico gangland attack
"11:05, 24-May-2022","Azerbaijan, Armenia ready for border delimitation"
"09:51, 24-May-2022",Brazil's Bolsonaro fires Petrobras CEO after just 40 days
"20:12, 24-May-2022","Defense ministry: China, Russia conduct joint strategic air patrol"
"08:59, 24-May-2022",China opposes politicizing issues of technological nature: envoy
"22:20, 24-May-2022",Wang Yi urges green access to Ukraine grains exports in talks with German FM
"20:43, 24-May-2022",Czech Republic registers first monkeypox case
"13:39, 24-May-2022",Death toll from Iran building collapse reaches 10
"08:23, 24-May-2022",Death toll from storm in Eastern Canada hits 10
"15:21, 24-May-2022",Dollar exchange rate on Moscow Exchange falls below 57 rubles
"20:13, 24-May-2022","Energy price cap to rise to £2,800 in October in UK"
"15:22, 24-May-2022","2 killed, 4 injured as gas tanker explodes in western Kabul"
"12:17, 24-May-2022",Argentine president pays 'fine' for birthday dinner during COVID-19 lockdown
"11:49, 24-May-2022",First military shipment of European baby formula arrives in U.S.
"11:42, 24-May-2022","French Open: Djokovic, Nadal ease into round two, Osaka stunned"
"07:27, 24-May-2022",Houthi militia claims 3 killed by Saudi drone crash in Yemeni capital
"13:34, 24-May-2022",Israeli forces arrest five Palestinians for 'terrorist acts': report
"09:37, 24-May-2022","Leaders of U.S., Japan, India, Australia hold Quad summit in Tokyo"
"09:51, 24-May-2022",Kylian Mbappe on snubbing Real Madrid: I prioritize sporting project over money
"15:42, 24-May-2022",Moldovan investigators search home of former President Dodon
"16:04, 24-May-2022",NBA East Finals on May 23: Heat fall apart again in Game 4
"15:20, 24-May-2022",Novak Djokovic 'understands' ATP's decision to strip Wimbledon points
"13:53, 24-May-2022",Philippine Congress begins 2022 election vote canvassing
"14:22, 24-May-2022",Quad countries to invest $50 billion in Indo-Pacific: Kishida
"16:10, 24-May-2022",Quad leaders issue joint statement following Tokyo summit  
"19:26, 24-May-2022","Regional economic cooperation should be open, inclusive: China on IPEF"
"13:14, 24-May-2022",Russia eases forex requirements for exporters
"13:54, 24-May-2022",Russia releases footage of soldiers demining Azovstal steel plant
"12:41, 24-May-2022","Seven Continents, One Home: Amboseli National Park in Kenya"
"16:44, 24-May-2022",Taliban signs pact with UAE on running Afghan airports
"22:42, 24-May-2022",Tedros elected for second 5-year-term as WHO chief
"14:30, 24-May-2022",Two killed in Iranian F7 jet crash
"12:28, 24-May-2022",UN General Assembly resolution calls for efforts to mitigate food security crisis
"17:11, 24-May-2022","United manager ten Hag wants to end the era of City, Liverpool"
"15:36, 24-May-2022",Wang Yi to visit South Pacific Island countries and Timor-Leste
"14:10, 24-May-2022",Zimbabwe hosts elephant summit to discuss elephant management
"07:08, 25-May-2022",DPRK fires 3 ballistic missiles: Yonhap
"07:02, 25-May-2022","Gunman kills 18 children, 3 adults in Texas school"
"00:06, 23-May-2022","78,000 pounds of infant formula arrives in U.S."
"02:06, 23-May-2022",African leaders to attend 2022 World Economic Forum in Davos
"01:17, 23-May-2022",China-Europe freight train taps business opportunities in Frankfurt
"00:50, 23-May-2022","Four killed after building collapse in Lagos, Nigeria"
"02:14, 23-May-2022",German Chancellor begins Africa tour in Senegal
"01:58, 23-May-2022",South Africa's KwaZulu-Natal province again hit by heavy rains
"00:44, 24-May-2022",At least one person killed in latest KwaZulu-Natal floods
"01:26, 24-May-2022",German Chancellor Olaf Scholz to complete Africa tour in South Africa
"00:52, 24-May-2022",Italy donates 2.5 million euros towards Sudan's emergency nutrition activities
"01:31, 24-May-2022",Kenya launches strategy to guide tourism recovery
"01:07, 24-May-2022",Kenya's electoral body meets presidential aspirants ahead of May 29 campaign start
"02:45, 24-May-2022",Pentagon says 20 countries commit new security aid for Ukraine
"01:17, 24-May-2022",South African President calls for dialogue after alleged racist incident rocks Stellenbosch
"02:21, 25-May-2022","AU extraordinary summit set to discuss terrorism, unconstitutional changes"
"02:16, 25-May-2022",Hungary's PM Viktor Orban imposes new state of emergency
"01:14, 25-May-2022","Severely food insecure people in Latin America, Caribbean increases by 0.5 million between, WFP says"
"01:25, 25-May-2022",Somali PM suspends foreign minister for abuse of power
"00:08, 25-May-2022",Tedros re-elected to second term as WHO Director-General
"00:12, 25-May-2022",Ukraine conflict sparks sharp increase in commodity import prices in MENA region
"01:26, 25-May-2022",World Bank approves $350 million loan to spur Morocco's blue economy
"00:47, 25-May-2022",Zimbabwe president urges emphasis on science and technology education to boost global digital economy
"19:09, 22-May-2022","Ukraine conflict day 88: Kyiv rules out ceasefire, Russia intensifies eastern offensive"
"01:15, 23-May-2022",May sees record-breaking temperatures across Spain
"00:00, 24-May-2022","'Prosper thy neighbor': Helping others flourish is in everyone's interests, says WEF president"
"03:44, 22-May-2022",Beef exports driving destruction of Amazon rainforest
"06:42, 22-May-2022","Brazil's Careiro da Varzea river overflows its banks, floods crops "
"03:44, 22-May-2022",Funerals held for Buffalo shooting victims
"03:44, 22-May-2022",New Mexico has the second highest suicide rate in the U.S.
"04:52, 22-May-2022",Pakistan's heatwave sees temperatures soar to 118 degrees Fahrenheit 
"04:52, 22-May-2022",Two dead after rare tornado hits northern Michigan
"03:36, 23-May-2022",A Bridge in Brazil helps endangered monkeys safely cross highway
"05:31, 23-May-2022",Could this bridge save a species?
"03:38, 23-May-2022",Moment of silence held one week after Buffalo shooting
"03:38, 23-May-2022",Mount Etna erupts with red-hot lava shooting into the sky  
"07:27, 24-May-2022",China’s Ambassador to the U.S. received letters from Flying Tigers veterans 
"07:27, 24-May-2022", U.S. students in Virginia attended the online lecture of Chinese traditional puppet art from Zhangzhou
"05:33, 25-May-2022",Containing Monkeypox
"05:13, 25-May-2022",Cuba’s emerging private sector
"05:31, 25-May-2022",Documenting Asian American lives 
"05:27, 25-May-2022",Largest wildfire in New Mexico’s history
"05:09, 25-May-2022",Title 42 and discrimination
"06:41, 25-May-2022",Judge stops Biden from lifting Title 42; U.S. must continue expelling asylum seekers. What’s next?
"06:48, 25-May-2022",Xi Jinping replies to letter from an old American friend
