﻿"23:22, 13-Apr-2022", Ukraine conflict day 49: Mariupol 'likely to fall' in hours
"13:49, 13-Apr-2022",16 killed in truck accident in Indonesian West Papua
"17:37, 13-Apr-2022","4 French, 1 Belgian among 10 dead in Egypt bus crash: governor"
"16:01, 13-Apr-2022",Normalization with Turkey must take place without pre-conditions: Armenian PM 
"23:24, 13-Apr-2022",BRICS nations laud China for playing a leading role as rotating chair
"22:12, 13-Apr-2022",Bank of Canada raises key interest rate by half a percentage point
"22:10, 13-Apr-2022",COVID-19 remains public health emergency of international concern: WHO
"16:16, 13-Apr-2022",China expresses sympathy for injured in NYC subway shooting
"21:10, 13-Apr-2022",Cote d'Ivoire PM and govt resigns
"20:49, 13-Apr-2022",Death toll from floods on South Africa's east coast rises to 259: report
"20:57, 13-Apr-2022",Giants' Nakken makes history to become first woman coaching on field
"15:15, 13-Apr-2022",Israeli troops kill Palestinian in West Bank: ministry
"11:53, 13-Apr-2022",Khamenei: Iran's future should not be tied to nuclear talks with world powers
"11:22, 13-Apr-2022",M6.1 earthquake strikes off coast of Papua New Guinea: CENC
"17:05, 13-Apr-2022","NBA highlights on April 12: Nets, Timberwolves reach playoffs"
"21:19, 13-Apr-2022",New York subway shooting 'person of interest' now a suspect: mayor
"10:24, 13-Apr-2022","Champions League: Real Madrid survive superb Chelsea comeback, Bayern shocked by late equalizer"
"10:19, 13-Apr-2022",South Korean president-elect nominates four-term lawmaker as new FM
"11:53, 13-Apr-2022","Spain, France secure spots at 2023 Women's World Cup"
"18:20, 13-Apr-2022",Spain's annualized inflation rate surges to 9.8% in March
"14:30, 13-Apr-2022",UK annual inflation soars to 7% in March
"18:15, 14-Apr-2022", UK's immigration system abusers to be removed: PM
"14:29, 14-Apr-2022",2 Palestinians killed in Israeli raid on West Bank
"11:07, 14-Apr-2022","6 killed, 15 injured in pharma plant explosion in south India"
"07:24, 14-Apr-2022",Brooklyn subway shooting suspect in custody in Manhattan
"21:12, 14-Apr-2022",CGTN Sports Talk: Is the draw with Atletico too costly for City?
"10:10, 14-Apr-2022","Champions League: Man City, Liverpool reach semifinals after second leg draws"
"14:48, 14-Apr-2022",China urges Japan to face up to history on issue of 'comfort women'
"15:51, 14-Apr-2022",Chinese national wounded in NYC subway shooting now stable
"13:33, 14-Apr-2022","Death toll from Philippine landslides, floods hits 148"
"21:57, 14-Apr-2022",Elon Musk swoops down on Twitter with $41 billion cash offer
"20:15, 14-Apr-2022",European Central Bank maintains key interest rates
"21:09, 14-Apr-2022",Intl community voices concerns over Japan's wastewater release plan
"17:16, 14-Apr-2022",Iran opens new centrifuge-parts workshop at Natanz: Reuters
"18:21, 14-Apr-2022","NBA highlights on April 13: Hawks, Pelicans fight for playoff berth"
"11:59, 14-Apr-2022",Nationwide humanitarian cease-fire in Ukraine not possible: UN chief
"14:51, 14-Apr-2022",People of color in U.S. pay higher rental fees than white peers: study
"10:09, 14-Apr-2022",Protests in U.S. city after video shows police shooting of Black man
"14:01, 14-Apr-2022",Qatar announces financial aid for needy Gazan families
"18:25, 14-Apr-2022","Raiders extend QB Derek Carr's contract for 3 years, $121.5 million"
"07:22, 14-Apr-2022","Russia sanctions U.S. congressmen, Canadian senators in tit-for-tat moves"
"07:14, 14-Apr-2022",Russia says its missile cruiser Moskva seriously damaged
"18:01, 14-Apr-2022",Russia says its warship badly damaged as Ukraine claims the hit
"19:33, 14-Apr-2022",Russian court sentences Navalny supporter to 6 months in jail: RIA
"19:05, 14-Apr-2022",Singapore nominates new leader of 4G team
"17:45, 14-Apr-2022",Sweden's annual inflation rate hits 30-year high in March
"07:30, 15-Apr-2022",4 militants killed during skirmish in Shopian of Indian-controlled Kashmir 
"21:46, 15-Apr-2022",Biden to nominate Michael Barr for key Fed position
"14:08, 15-Apr-2022",Over 30 killed in bus accident in southeastern Zimbabwe
"15:33, 15-Apr-2022",China extends tariff exemption for U.S. goods
"13:30, 15-Apr-2022",China organizes patrol with combat readiness in Taiwan Straits
"20:05, 15-Apr-2022","Chinese, Mauritian media mark 50th anniversary of diplomatic ties"
"17:13, 15-Apr-2022","Chinese, Mauritian presidents exchange congratulations on 50th anniversary of diplomatic ties"
"11:38, 15-Apr-2022","Clashes erupt at Jerusalem mosque, around 150 injured"
"19:57, 15-Apr-2022",DPRK celebrates 110th anniversary of Kim Il Sung's birth
"13:00, 15-Apr-2022",Elon Musk offers $43 billion for Twitter to pursue 'free speech'
"21:28, 15-Apr-2022",France could face unexpectedly tight presidential race
"18:55, 15-Apr-2022",Georgian authorities to publish questionnaire for EU accession
"19:02, 15-Apr-2022",Iran's IRGC seizes vessel carrying smuggled fuel in Gulf waters
"13:47, 15-Apr-2022","Iran sees rise in oil output, exports amid promising nuclear talks"
"07:31, 15-Apr-2022",Israeli air strikes near Syria's capital Damascus: SANA
"11:13, 15-Apr-2022","Japan, U.S. hold joint exercises in Sea of Japan"
"12:57, 15-Apr-2022",Parents of Black man shot by U.S. police demand criminal justice
"10:10, 15-Apr-2022",Report exposes rising anti-Asian racism in the United States
"22:01, 15-Apr-2022",Russia-Ukraine conflict: Russia pledges more missile strikes on Kyiv after Russian warship sank
"07:05, 15-Apr-2022",Russian cruiser Moskva sinks following serious damage
"18:52, 15-Apr-2022",S.Korea to lift all social-distancing rules except mask mandate: PM
"19:28, 15-Apr-2022",South Africa flood deaths climb to 395: government
"07:22, 15-Apr-2022",Suspect denied bail over New York subway shooting
"10:02, 15-Apr-2022","Tsitsipas and Zverev through to Monte Carlo quarters, Ruud ousted"
"15:24, 15-Apr-2022",U.S. zoos on high alert as bird flu outbreak killed millions of birds
"10:33, 15-Apr-2022",UN releases $100m to 7 countries as Ukraine conflict disrupts food markets
"09:36, 15-Apr-2022",World Cup 2022: Ukraine's playoff semifinal rescheduled for June 1
"10:44, 16-Apr-2022", Sudan's Burhan gestures towards steps to ease tensions
"17:04, 16-Apr-2022",13 killed in traffic accident south of Baghdad
"11:07, 16-Apr-2022","AC Milan beat Genoa to stay atop Serie A, Derby spoil Fulham's party"
"22:50, 16-Apr-2022",Ancient market in Syria being restored to pre-war status
"22:50, 16-Apr-2022",Biden to host U.S.-ASEAN special summit on May 12-13 
"21:12, 16-Apr-2022",British home secretary personally approved Rwanda plan
"19:06, 16-Apr-2022","China's growth at IIHF World Championships comes from Beijing 2022, says captain Yu Baiwei"
"11:50, 16-Apr-2022",Coachella music festival kicks off with pandemic back of mind
"11:25, 16-Apr-2022",DPRK leader attends civilian parade marking founder's birth
"08:59, 16-Apr-2022","Iran condemns 'hypocritical, deviant' U.S. human rights report"
"21:59, 16-Apr-2022","Migrant boat capsizes off Libya, 35 dead or presumed dead: UN"
"18:43, 16-Apr-2022",NBA highlights on April 15: 'Ice Trae' burns Cavs for Hawks to reach playoffs
"19:35, 16-Apr-2022",Pakistan's new ruling alliance takes control of parliament with new speaker
"17:57, 16-Apr-2022",Pakistani army airstrike kills 40 Afghan civilians in Kunar and Khust
"08:32, 16-Apr-2022",Palestinians clash with Israeli police at Jerusalem holy site
"11:23, 16-Apr-2022","Philippine storm death toll rises to 167, 110 missing"
"10:34, 16-Apr-2022",Riots erupt in Sweden's Orebro ahead of far-right demonstration
"13:31, 16-Apr-2022",Russia warns U.S. of 'consequences' of Ukraine military aid: reports
"22:51, 16-Apr-2022","Science Saturday: Space missions, a dinosaur fossil and human genes"
"14:47, 16-Apr-2022",Singapore's Lee says Finance Minister Wong to succeed him as PM
"22:52, 16-Apr-2022",Spring sowing continues amid ongoing crisis in Ukraine
"14:09, 16-Apr-2022",Sri Lanka to temporarily close stock market for five days
"14:46, 17-Apr-2022",'Random' drive-by shooting injures five in Canada
"19:28, 17-Apr-2022","1 killed, over 1,200 displaced in Cape Town blaze"
"07:28, 17-Apr-2022",12 injured in South Carolina shopping mall shooting
"16:24, 17-Apr-2022",14 dead in heavy storm in India's Assam
"18:18, 17-Apr-2022","2 killed, several injured in Pittsburgh shooting: police"
"16:05, 17-Apr-2022",3 killed after two buses collide in the Voronezh region of Russia
"22:23, 17-Apr-2022",Afghan death toll from 'Pakistani strikes' rises to at least 47
"17:04, 17-Apr-2022",Australia lifts ban on international cruise ships
"15:24, 17-Apr-2022",Bellator 277: Grand Prix controversy and golden revenge
"20:39, 17-Apr-2022",CGTN Sports Talk: Which play-in teams will become the dark horse?
"11:20, 17-Apr-2022","Death toll from Philippine landslides, floods rises to 172"
"14:57, 17-Apr-2022","Global experts applaud China's Shenzhou-13 mission, expect future collaboration"
"20:43, 17-Apr-2022",Israel says incoming rocket sirens near border were false alarm
"13:17, 17-Apr-2022","Global Political Calendar: 2022 Boao Forum for Asia conference, France's presidential election"
"10:57, 17-Apr-2022",Global warming: Even cacti can't take the heat
"14:39, 17-Apr-2022",How is the Russia-Ukraine crisis driving global food insecurity? 
"17:34, 17-Apr-2022",Israeli police storm Al-Aqsa mosque compound amid tensions
"10:44, 17-Apr-2022","Judge rules Musk's tweets over taking Tesla private were false, investors say"
"07:19, 17-Apr-2022",Kim Jong Un observes 'new-type tactical guided weapon' test: KCNA
"14:51, 17-Apr-2022",M5.3 quake hits waters off Indonesia's Biak region: EMSC
"15:09, 17-Apr-2022","Myanmar releases 1,619 prisoners in New Year's amnesty"
"18:26, 17-Apr-2022","NBA playoffs on April 16: Edwards, Towns sting Grizzlies for T'wolves"
"22:04, 17-Apr-2022",Rescuers search for missing after South African floods kill over 440
"09:58, 17-Apr-2022","Ronaldo hat-trick rescues Man United, Vlahovic saves Juve in Bologna draw"
"10:03, 17-Apr-2022",South Korean president-elect to send delegation to Japan
"15:54, 17-Apr-2022",Stunning views of the full moon across the world
"17:33, 17-Apr-2022",U.S. indulgence in racial discrimination exacerbates social injustice
"09:02, 17-Apr-2022",UK PM Johnson to pay two-day visit to India from April 21
"13:23, 17-Apr-2022",UK assures Ukraine it will continue supplying military aid
"01:55, 14-Apr-2022",Africa's COVID-19 recovery to take center stage at upcoming UNECA ministerial conference
"02:49, 14-Apr-2022",Man wanted in Brooklyn subway shooting arrested
"03:16, 14-Apr-2022",Number of people that have fled Ukraine tops 4.6 million mark
"01:34, 14-Apr-2022",South African president visits flood-stricken KwaZulu-Natal province
"03:36, 14-Apr-2022",Talks on Libya's national elections begin in Cairo
"02:33, 14-Apr-2022",UN chief presents policy brief on Ukraine conflict
"01:37, 14-Apr-2022",World Bank approves 300 mln USD rehabilitation fund for Ethiopia
"01:00, 15-Apr-2022",Africa experiencing longest-running decline in COVID-19 cases
"00:42, 15-Apr-2022",Commonwealth ministers to mull post COVID-19 recovery on education
"01:25, 15-Apr-2022",Death toll from South Africa floods climbs to 341
"01:05, 15-Apr-2022",ECB sticks to stimulus wind-down timeline
"01:31, 15-Apr-2022",South Africa's power utility says will suspend load shedding during Easter
"00:42, 16-Apr-2022",Chinese envoy sends condolences to South Africa following deadly floods
"00:41, 16-Apr-2022","France, Algeria working on reviving bilateral ties: French FM"
"02:08, 16-Apr-2022",More flooding expected in South Africa as weather service issues Yellow Level 4 warning
"02:09, 16-Apr-2022",Twitter announces new plan to thwart Musk takeover
"00:05, 16-Apr-2022","U.S. approves sale of 12 attack helicopters, high-tech military equipment to Nigeria"
"02:09, 16-Apr-2022",U.S. grants 18-month deportation relief to Cameroonians
"00:05, 16-Apr-2022",Uber suspends operations in Tanzania indefinitely over price regulations
"00:05, 16-Apr-2022",World leaders send condolences to South Africa following deadly floods
"23:52, 17-Apr-2022",Afghanistan receives $32 million in humanitarian cash aid
"02:52, 17-Apr-2022",Kiev gov't asks residents to postpone returning home
"03:08, 17-Apr-2022",Liverpool will fight for quadruple after reaching FA Cup final
"00:52, 17-Apr-2022",Russia bans British top officials from entry
"01:21, 17-Apr-2022",U.S. to host ASEAN leaders in mid-May
"02:44, 17-Apr-2022","Russia's Mariupol ultimatum expires, Ukraine vows to 'fight to end'"
"02:35, 18-Apr-2022",14 arrested after communal violence in Indian capital
"02:04, 18-Apr-2022",French prosecutor studying EU anti-fraud agency report on Le Pen
"01:21, 18-Apr-2022",Top church cleric criticizes UK plan to send migrants to Rwanda
"23:04, 14-Apr-2022",Could the European Super League return?
"23:37, 14-Apr-2022",What exactly are chemical weapons? And which ones are still legal?
"21:22, 17-Apr-2022","Ukraine conflict day 53: Five killed in Kharkiv attack, Mariupol becomes 'red line' in talks"
"04:03, 14-Apr-2022",A U.S. based tech nonprofit helps rescue Ukrainians
"03:50, 14-Apr-2022",An unusually early heat wave strikes northwestern India
"03:49, 14-Apr-2022",Can AI teach our kids? 
"04:03, 14-Apr-2022","Celebrating 50 years of panda conservation in Washington, D.C."
"05:36, 14-Apr-2022",How artificial intelligence helps students learn 
"05:48, 14-Apr-2022",Syria's White Helmets make rescue tutorial for Ukrainians
"05:20, 15-Apr-2022",Asian-American communities see a jump in hate crimes
"06:52, 15-Apr-2022",How Americans are dealing with high inflation 
"05:19, 15-Apr-2022",Los Angeles participates in data collection for “Long COVID” initiative
"03:13, 15-Apr-2022",Mexico’s Queretaro city invest in aerospace industry and training   
"06:38, 15-Apr-2022",Protesters celebrate New Year in Sri Lanka 
"06:15, 15-Apr-2022",Thousands of Indigenous people in Brazil protest against mining bill 
"06:19, 16-Apr-2022",Americans more interested in electric vehicles as fuel prices soar
"04:45, 16-Apr-2022",Automakers fear Russia-Ukraine conflict could affect industry
"04:44, 16-Apr-2022",TikTok users in Brazil defecting to new Chinese app Kwai
"03:58, 17-Apr-2022",California helps Ukrainian refugees flee the conflict
"03:57, 17-Apr-2022",Giant pandas: Ambassadors of friendship between China and the U.S. 
"07:06, 17-Apr-2022",Harvard College China Forum hosts lauded speakers on 25th anniversary 
"03:57, 17-Apr-2022",U.S. nursing school enrollment surges amid COVID pandemic
"02:04, 18-Apr-2022",Ambassador Qin calls for efforts to break ice of 'new Cold War' at opening ceremony of the Harvard College China Forum
"05:43, 18-Apr-2022",CGTN America President Jiang Heping on future of U.S.-China relations
"01:10, 18-Apr-2022",The 25th Harvard College China Forum held in Boston
