﻿"20:59, 13-Jul-2022","China, Vietnam agree to strengthen docking of development strategies"
"19:41, 13-Jul-2022",China builds first unmanned offshore oil rig in South China Sea
"14:12, 13-Jul-2022",China has 428m 5G mobile users and 1.7m 5G base stations: Ministry
"12:37, 13-Jul-2022",China's average life expectancy rises to 78.2 years
"20:39, 13-Jul-2022",China's financial risks within safe boundary: central bank official
"10:07, 13-Jul-2022","China's June exports growth quickens as production recovers, imports grow slower"
"19:58, 13-Jul-2022",China urges U.S. to respect its sovereignty in South China Sea
"20:36, 13-Jul-2022",FIVB Nations League: Chinese coach sees men's team's potential
"16:56, 13-Jul-2022",Most Chinese players in poor health before FIBA Asia Cup loss to South Korea
"12:09, 13-Jul-2022",PLA warned off U.S. warship trespassing in China's territorial waters: spokesperson
"16:27, 13-Jul-2022",Researchers breed konjac seeds brought back by Shenzhou-13 spacecraft
"22:56, 13-Jul-2022",Top political adviser calls on Taiwan residents to stand firmly on right side of history
"20:57, 13-Jul-2022",There is no 'median line' of Taiwan Straits: Mainland spokesperson
"21:12, 14-Jul-2022",'InnoBay 2022' special program sheds light on Hong Kong's innovation potentials 
"14:56, 14-Jul-2022",At least 3 killed in flash floods in SW China's Sichuan 
"15:50, 14-Jul-2022",Building Lives – Ep. 5: A Sea Gate Connecting the World
"20:17, 14-Jul-2022",Building Lives: Mission in the desert
"15:01, 14-Jul-2022","China, Cambodia reach fruitful results in all-round cooperation: Wang Yi"
"10:32, 14-Jul-2022",China appoints 1.2 million 'forest chiefs' in over one year
"19:29, 14-Jul-2022","China calls for peace talks, de-escalation in Russia-Ukraine crisis"
"16:06, 14-Jul-2022",China calls for peace talks to de-escalate Russia-Ukraine tensions
"14:15, 14-Jul-2022",China makes progress in civil helicopter manufacturing
"14:57, 14-Jul-2022",China's H1 fiscal revenue up 3.3%: finance ministry
"15:42, 14-Jul-2022","China's smart solar-mushroom plant generates power, boosts production "
"16:17, 14-Jul-2022","China says its position on Ukraine crisis 'consistent, unequivocal'"
"16:55, 14-Jul-2022",China sees growth in summer grain harvest
"09:12, 14-Jul-2022",China to build more low-carbon communities
"23:26, 14-Jul-2022",Chinese banks say mortgage default risks 'controllable'
"09:32, 14-Jul-2022",Chinese mainland records 121 new confirmed COVID-19 cases
"13:55, 14-Jul-2022",Volleyball: U.S. crash out of VNL after surprise loss against Serbia
"22:33, 14-Jul-2022",Women's development highlighted in China-Central Asia ties
"08:05, 14-Jul-2022",Wudang Monk Spade: The heaviest weapon of Taoists
"14:42, 15-Jul-2022",Building Lives: I'm building the tallest tower in Africa
"19:23, 15-Jul-2022",Close China win over Bahrain doesn't sweep issues under the carpet: coach
"23:11, 15-Jul-2022",China's shipbuilding industry enjoys strong rebound in June
"12:15, 15-Jul-2022",Xi stresses strengthening sense of community for Chinese nation
"09:16, 15-Jul-2022",Chinese mainland records 113 new confirmed COVID-19 cases
"10:43, 15-Jul-2022","Chinese scientists sequence genome of 14,000-year-old human"
"11:45, 15-Jul-2022",Chuojiao Fanzi Quan: Emphasizes self-defense rather than attack
"11:24, 15-Jul-2022","Chinese premier stresses consolidating recovery, stabilizing economy"
"23:04, 15-Jul-2022",Shanghai might become China's first city for NFT-related industries
"18:11, 15-Jul-2022",Su Bingtian happy just to compete at World Athletics Championships
"11:29, 15-Jul-2022",Chinese FM Wang Yi calls for cooperation and multilateralism after Southeast Asia tour
"22:30, 15-Jul-2022",Wang Yi calls for humanitarian aid to Syria with no political strings attached
"21:52, 15-Jul-2022",Xi Jinping's article on advancing study of Chinese civilization to be published
"15:20, 15-Jul-2022","Yanji, a small city with ethnic Korean style and beautiful scenery"
"18:31, 16-Jul-2022",At least 6 killed due to heavy rain in NW China's Gansu 
"07:43, 16-Jul-2022",China launches two new high-resolution remote sensing satellites into space
"17:28, 16-Jul-2022",China's Su Bingtian makes men's 100m semifinal at World Championships
"21:01, 16-Jul-2022",China's deepwater jacket project Haiji-1 completes testing
"21:46, 16-Jul-2022",China to contribute $50m to World Bank's pandemic fund
"21:39, 16-Jul-2022",Chinese FM extends condolences to Pakistani counterpart over flooding
"09:10, 16-Jul-2022",Chinese mainland records 129 new confirmed COVID-19 cases
"10:26, 16-Jul-2022",Chinese racing talent Ye Yifei: 'Result is the most important thing' 
"14:59, 16-Jul-2022",Fohan Quan: Embodies both hardness and softness
"21:31, 16-Jul-2022",John Lee: HKSAR govt to strive to promote patriotism education
"15:25, 16-Jul-2022",Macao to halt non-essential business for 5 more days over COVID-19
"22:46, 16-Jul-2022",My Account: Upgrading China's advanced manufacturing capability
"10:05, 16-Jul-2022",Raid Fahmi: Achievements made in China today are truly great
"14:18, 16-Jul-2022",Sichuan houses the world's top three polysilicon producers
"15:27, 16-Jul-2022",The Colors of Nature: The beauty of Shapotou
"15:27, 16-Jul-2022",What is a heat stroke and how to prevent it
"11:25, 17-Jul-2022","6 dead, 12 missing in flash floods in SW China's Sichuan"
"14:09, 17-Jul-2022",Asia's first professional cargo airport starts operation in central China
"08:08, 17-Jul-2022",China beat Chinese Taipei at FIBA Asia Cup
"00:56, 17-Jul-2022",China's top court issues guideline to provide enhanced protection to domestic violence victims
"16:43, 17-Jul-2022",China's Zhao Rui: We're doing better and better game by game
"16:22, 17-Jul-2022",China's central SOEs report steady profit growth in H1
"10:51, 17-Jul-2022","China's long jumper Wang, shot putter Gong take gold, silver at Worlds"
"09:26, 17-Jul-2022",Chinese mainland records 154 new confirmed COVID-19 cases
"10:52, 17-Jul-2022","Class of 2022: Graduates embrace gap year, explore more possibilities"
"17:09, 17-Jul-2022",Li Jingliang TKOs Muslim Salikhov in Round 2 at UFC Long Island
"13:55, 17-Jul-2022",Yi Gang: China to step up implementation of sound monetary policy to support real economy
"18:49, 17-Jul-2022",Panda Trivia: 6 million years of 'vegetarian' life
"16:02, 17-Jul-2022",One person missing after boat overturns in E China
"11:45, 17-Jul-2022",Tianzhou-3 cargo spacecraft separates from China Space Station
"18:26, 17-Jul-2022",Twelve new 5A tourist attractions announced in China
"22:59, 17-Jul-2022",Wang Yi says lessons should be learned from Ukraine crisis during call with Hungarian FM
"16:37, 17-Jul-2022",World's largest carbon trading market mirrors China's green commitment
"11:23, 18-Jul-2022",'Vagabond' giant panda spotted several times by new camera in SW China
"16:24, 18-Jul-2022",Archaeological achievements of the Song Mausoleum in Hangzhou
"21:23, 18-Jul-2022",Beijing issues coupons to boost catering consumption
"11:59, 18-Jul-2022",CGTN reporter visits Urumqi after Chinese President wraps up inspection
"15:47, 18-Jul-2022","China, India hold 16th corps commander level meeting"
"17:44, 18-Jul-2022",China aims to operate first large space telescope in orbit around 2024
"21:21, 18-Jul-2022",China real estate sector recovery accelerates as COVID-19 eases: CMG
"15:01, 18-Jul-2022",China's graduates of Class 2022 enter job market
"14:57, 18-Jul-2022",Chinese regulator urges banks to facilitate real estate delivery 'by all means'
"21:54, 18-Jul-2022",China warns U.S. 'not to play with fire' on Taiwan issue 
"09:22, 18-Jul-2022",Chinese mainland records 167 new confirmed COVID-19 cases
"12:24, 18-Jul-2022",Crested serpent eagle spotted for the first time in Nanjing
"10:49, 18-Jul-2022",Rocket to send Wentian lab module to China Space Station arrives at launchpad
"16:43, 18-Jul-2022",No excuse for China-Australia relations mangled in translation
"13:59, 18-Jul-2022","China's procuratorates file over 670,000 public interest lawsuits since 2017"
"22:20, 18-Jul-2022",Premier Li to attend WEF Special Virtual Dialogue with Global Business Leaders
"15:50, 18-Jul-2022",Xi Jinping extends congratulations to world conference on agricultural heritage
"11:56, 19-Jul-2022",88 nanotech innovation products unveiled in Guangzhou
"09:28, 19-Jul-2022",Aba Series | Episode 9: A harmonious homeland
"19:16, 19-Jul-2022",Ambassador's Culture Chat: All about Sri Lanka with its envoy to China
"17:20, 19-Jul-2022",Art Without Borders: British singer combines Western and Chinese music
"18:46, 19-Jul-2022",19th Asian Games to be held from September 23 to October 8 in 2023 in Hangzhou
"09:14, 19-Jul-2022","China, India hold 16th corps commander level meeting on border issues"
"16:03, 19-Jul-2022",China aims to reach 2 million 5G base stations in 2022
"21:03, 19-Jul-2022","China's industrial activities continue recovery, with high-tech production leading"
"15:42, 19-Jul-2022",China's summer box office tops $548 million
"11:06, 19-Jul-2022",Formidable China thrash hosts Indonesia by 50 points to reach FIBA Asia Cup quarterfinals
"18:56, 19-Jul-2022",China warns of consequences if U.S. House Speaker Nancy Pelosi visits Taiwan region
"19:56, 19-Jul-2022",Chinese envoy outlines propositions to address global food crisis
"09:15, 19-Jul-2022",Chinese mainland records 237 new confirmed COVID-19 cases
"23:18, 19-Jul-2022",Chinese mainland slams secessionist for 'Taiwan independence' attempts
"14:36, 19-Jul-2022",Chinese oil painter depicts female ghosts from famous novel
"22:08, 19-Jul-2022","Chinese vice premier, EU official hold economic dialogue"
"15:55, 19-Jul-2022",My Account on China: History comes alive in the city of Xi'an 
"08:41, 19-Jul-2022","11 injured, 3 still missing after explosion in N China's Tianjin"
"13:42, 19-Jul-2022",Rescued brown bear released into wild after 13-month care in NW China
"09:43, 19-Jul-2022",Researchers propose AI model to better understand human expectations
"16:19, 19-Jul-2022",Severe convective weather hits NE China's Harbin
"19:14, 19-Jul-2022",Ambassador's Culture Chat: Sharing memories with H.E. Djauhari Oratmangun
"15:33, 19-Jul-2022",Swap Connect: A new milestone in China's financial opening-up
"17:27, 19-Jul-2022",Art Without Borders: U.S. musician blends traditional and contemporary tunes
"21:35, 19-Jul-2022",World Athletics Championships: Xie Zhenye advances to men's 200m semifinals
"19:47, 20-Jul-2022", Expert: China-EU cooperation in trade encourages global economy
"10:52, 20-Jul-2022","4 killed, 13 injured in residential gas explosion in Tianjin"
"15:54, 20-Jul-2022",Academic: China's digital economy helps keep society more resilient against COVID-19
"14:05, 20-Jul-2022",Beyond the Tianshan Mountains: Xinjiang is a land of wonders
"22:10, 20-Jul-2022",CMG announces program series for the 20th CPC National Congress 
"00:49, 20-Jul-2022",CMG launches multi-series documentary on Chinese civilization
"22:11, 20-Jul-2022",CMG unveils first media program list to welcome 20th CPC National Congress
"15:02, 20-Jul-2022",China-India ties: Need to focus on commonalities
"17:19, 20-Jul-2022","China, Sierra Leone hail traditional ties as FMs speak over phone"
"20:32, 20-Jul-2022",China aims for another bumper year in 2022 with grain output of over 650 million tonnes
"13:57, 20-Jul-2022","China delivers first 6,000-meter-class deep-sea exploration robot"
"19:51, 20-Jul-2022",China launches special campaign on cyber security
"17:16, 20-Jul-2022",China's experience guides international high-speed railway standards
"00:20, 20-Jul-2022",China's most powerful rocket readies for mega payload mission to space station
"19:48, 20-Jul-2022",China's women's team win opener at East Asian Football Championship
"09:53, 20-Jul-2022",Chinese Ambassador to Indonesia Lu Kang on China-Indonesia projects
"09:19, 20-Jul-2022","Chinese, Finnish FMs hold phone talks on bilateral ties"
"16:48, 20-Jul-2022",Chinese farmers reap benefits from new chili production model
"09:16, 20-Jul-2022",Chinese mainland records 150 new confirmed COVID-19 cases
"10:10, 20-Jul-2022",Chinese military slams U.S. warship transiting Taiwan Straits
"09:14, 20-Jul-2022",Chinese premier tells WEF chairman: China stays committed to opening-up
"16:07, 20-Jul-2022",Guangzhou develops e-commerce livestreaming for business growth
"10:49, 20-Jul-2022","M4.8 earthquake hits near Changji City, Xinjiang: CENC"
"20:36, 20-Jul-2022",Pakistani ambassador to China: Sino-Pakistan relationship unshakable
"20:25, 20-Jul-2022",Chinese premier vows further efforts to deepen opening-up
"00:25, 20-Jul-2022",Shanghai and Taipei vow to expand cooperation despite uncertainties
"19:33, 20-Jul-2022",Tourism in Xinjiang Uygur Autonomous Region continues to grow
"19:42, 20-Jul-2022",Work by Chinese artist Wu Weishan unveiled in Japan 
"16:26, 21-Jul-2022",Ancient ceramics industry prospers in modern age
"18:05, 21-Jul-2022",Avant-garde AI innovations highlight Baidu World Conference 2022
"15:20, 21-Jul-2022",CGTN reporter visits Shihezi after Chinese President's inspection tour
"17:26, 21-Jul-2022",Chinese regulator fines Didi Global $1.19b over data security violations
"08:58, 21-Jul-2022",China hopeful despite losses at FIBA Asia Cup
"12:55, 21-Jul-2022",China launches sci-tech innovation alliance to promote saline soil use
"20:18, 21-Jul-2022",China's COVID-19 control measures still effective for Omicron variants
"11:23, 21-Jul-2022","China's Feng Bin wins discus throw gold, Liu Shiying eases into javelin throw final "
"10:48, 21-Jul-2022",China's Feng wins women's discus throw gold at World Championships
"17:58, 21-Jul-2022",China's PV exports more than double in H1 2022
"23:13, 21-Jul-2022",China sees fast growth for last-mile auto delivery cars: Blue book
"19:52, 21-Jul-2022",China looks to deepen strategic mutual trust with Indonesia during Widodo's visit
"09:18, 21-Jul-2022",Chinese mainland records 200 new confirmed COVID-19 cases
"15:21, 21-Jul-2022",Experts: Regulations to support platform economy should be normalized
"11:13, 21-Jul-2022",Gu Ailing wins 'Best Breakthrough Athlete' at ESPY Awards
"16:25, 21-Jul-2022",Heartwarming moments of a great hornbill family
"14:41, 21-Jul-2022",Indonesian President Joko Widodo to visit China from July 25 to 26
"15:22, 21-Jul-2022",It's time to appreciate lotuses
"13:55, 21-Jul-2022",New discoveries from the Mausoleum of the first Qin Emperor
"10:34, 21-Jul-2022",One killed after tornadoes hit E China  
"17:20, 21-Jul-2022",Qi Baishi's shrimp paintings brought to life through animation leading people into a watery world
"11:37, 21-Jul-2022",Two Chinese companies win first-ever WIPO Global Awards
"15:20, 21-Jul-2022",Xi sends congratulatory letter to World Youth Development Forum
"02:32, 22-Jul-2022",Aspen Security Forum welcomed China's Ambassador to U.S. Qin Gang
