﻿"17:09, 28-Jul-2022",'State of calamity' declared in earthquake-hit Abra
"17:10, 28-Jul-2022",At least 17 dead in clashes in Syria's Sweida
"17:57, 28-Jul-2022",At least five dead after magnitude-7.0 earthquake in Philippines
"18:34, 28-Jul-2022",At least six dead in floods near Tehran
"10:14, 28-Jul-2022",Australia declares monkeypox 'Incident of National Significance'
"19:43, 28-Jul-2022",Building Lives Ep. 12: A new hope on Brunei Bay
"19:19, 28-Jul-2022",Cambodia to host 55th ASEAN Foreign Ministers' Meeting
"17:53, 28-Jul-2022","Chinese FM to attend, visit three Central Asian countries"
"18:51, 28-Jul-2022","Chinese, Russian FMs meet in Uzbekistan"
"17:56, 28-Jul-2022",Expert: SCO to focus on regional stability and economic cooperation
"07:34, 28-Jul-2022",Last two ex-officers sentenced to prison for George Floyd killing
"10:29, 28-Jul-2022",Fresh nationwide rail strikes hit UK
"10:30, 28-Jul-2022",Germany advance to Women's Euro 2022 final after beating France 2-1
"10:05, 28-Jul-2022",Iran says the U.S. needs to show it wants nuclear deal revived
"17:29, 28-Jul-2022",Japan reports record-high daily COVID-19 cases
"14:22, 28-Jul-2022",Kherson: Ukraine is prepping for a counteroffensive
"12:51, 28-Jul-2022",Kim Jong Un says DPRK ready for any military clash with U.S.
"11:12, 28-Jul-2022","Long-lasting loss of smell, taste in 5% of COVID-19 cases: study"
"23:31, 28-Jul-2022","Lu Kang: China, Indonesia to build a community with a shared future"
"12:26, 28-Jul-2022",M6.2 earthquake hits off Chile
"11:06, 28-Jul-2022",M7 quake death toll in Luzon island rises to 5
"08:40, 28-Jul-2022","One killed, three injured in shooting near New Orleans"
"10:19, 28-Jul-2022",Philippine president arrives in earthquake-hit Abra
"10:38, 28-Jul-2022",Cristiano Ronaldo's future uncertain as Man United complete Lisandro Martinez signing
"17:57, 28-Jul-2022",Sri Lanka's parliament approves extension of state of emergency
"20:30, 28-Jul-2022","U.S. Q2 GDP shrinks by 0.9%, deepening recession fears"
"17:58, 28-Jul-2022","WHO chief: Europe, Americas hit hardest by monkeypox"
"21:27, 28-Jul-2022","Xi sends congratulatory letter to CPC, World Marxist Political Parties Forum"
"23:01, 28-Jul-2022",Chinese President Xi Jinping speaks with U.S. President Joe Biden on the phone
"19:17, 29-Jul-2022","11 dead, 4 injured as train plows into minibus in Bangladesh"
"18:23, 29-Jul-2022",Academic: Rate hikes not enough to tame U.S. inflation
"07:49, 29-Jul-2022",Argentina's lower house leader Massa named economy 'superminister'
"15:54, 29-Jul-2022",Barcelona agrees to sign Jules Kounde from Sevilla for €55 million
"21:57, 29-Jul-2022",Biden approves Kentucky disaster declaration
"10:56, 29-Jul-2022","China, Uzbekistan vow to deepen cooperation, strengthen ties"
"19:55, 29-Jul-2022",China ranks among world's top three anti-monopoly jurisdictions
"20:00, 29-Jul-2022",Death toll from Philippine earthquake rises to 10
"21:21, 29-Jul-2022",Death toll from floods in Iran rises to 53
"14:47, 29-Jul-2022",Eight killed as fire erupts in Moscow building
"17:11, 29-Jul-2022",Eurozone inflation hits record high of 8.9% in July
"20:22, 29-Jul-2022",Explosion inside Kabul cricket stadium injures four
"16:52, 29-Jul-2022",Fed rate hike 'pours oil' on global debt-crisis 'fire'
"14:02, 29-Jul-2022",First freight train of China-Kyrgyzstan-Uzbekistan road-rail intermodal transport system launched
"07:07, 29-Jul-2022","Floods kill at least 8 in U.S.' Kentucky, more deaths expected: governor"
"14:56, 29-Jul-2022",French CPI up 6.1% in July
"13:45, 29-Jul-2022",French economy grows 0.5% q/q in Q2
"16:25, 29-Jul-2022",German economy stagnates in Q2 2022
"18:08, 29-Jul-2022",Inflation in Sri Lanka hits record 60.8% in July
"14:27, 29-Jul-2022",International Tiger Day: Tiger protection bears fruit in over a decade
"17:06, 29-Jul-2022",Japan's factory output grew at the fastest rate in more than 9 years in June
"20:41, 29-Jul-2022",'Disaster declaration' in Kentucky as death toll rises after flooding
"12:20, 29-Jul-2022",Kishida to attend NPT review conference in New York
"21:35, 29-Jul-2022",M5.6 earthquake strikes Russia: CENC
"09:23, 29-Jul-2022",M7 quake death toll in Philippines' Luzon island rises to 6
"07:25, 29-Jul-2022",Moldova extends state of emergency over fallout of ongoing Ukraine conflict
"07:18, 29-Jul-2022","Nicaragua bus accident leaves 16 dead, mostly Venezuelans"
"13:57, 29-Jul-2022",Philippines reports first monkeypox case
"07:18, 29-Jul-2022",San Francisco declares state of emergency in response to spread of monkeypox
"16:35, 29-Jul-2022","Seahawks reach 3-year, $72 million extension with WR DK Metcalf"
"21:02, 29-Jul-2022","Sri Lanka resumes bailout talks with IMF, finance ministry says"
"18:24, 29-Jul-2022",Strong bilateral ties bolster China-Zimbabwe economic development
"07:46, 29-Jul-2022",U.S. says talks took place with Taliban officials on central bank reserves
"14:23, 29-Jul-2022",This is the People's Liberation Army
"08:07, 29-Jul-2022","Top DPRK leader visits Friendship Tower, pays tributes to Chinese People's Volunteer martyrs"
"10:31, 29-Jul-2022",Tributes pour in for four-time F1 champion Vettel after sudden retirement announcement
"07:02, 29-Jul-2022",U.S. CHIPS act: To compete with or to contain China?
"07:05, 29-Jul-2022",U.S. Senate unveil $850 billion defense spending proposal
"20:45, 29-Jul-2022",U.S. annual PCE rises 6.8%
"20:39, 29-Jul-2022",U.S. chip act should be in compliance with WTO's relevant requirements: commerce ministry
"19:29, 29-Jul-2022","Warriors' pain over extensions with Poole, Wiggins, Thompson and Green"
"14:16, 29-Jul-2022",Xi-Biden phone talk; Pelosi could blow up any progress they made
"21:30, 29-Jul-2022",Xi to Iran's Raisi: We should support each other on issues concerning core interests
"10:54, 30-Jul-2022",'The king plays': Ronaldo to play in Man United friendly with Rayo Vallecano
"21:44, 30-Jul-2022",At least 80 killed in Iran's flash floods
"07:16, 30-Jul-2022","Lavrov, Blinken have 'frank' first talks over phone since February"
"13:37, 30-Jul-2022",7 injured in Yangon City Hall explosion
"13:05, 30-Jul-2022","China urges building balanced global, regional security architecture"
"09:13, 30-Jul-2022",Chinese mainland records 100 new confirmed COVID-19 cases
"09:39, 30-Jul-2022",DPRK leader says he's ready for a nuclear clash with the U.S and more
"20:47, 30-Jul-2022",Flooding death toll in U.S. state of Kentucky rises to 25
"12:51, 30-Jul-2022","Graphics: Monkeypox confirmed cases pass 20,000 worldwide"
"17:58, 30-Jul-2022",Iran arrests Swedish citizen on espionage charges
"14:59, 30-Jul-2022",Large group of protesters marches on Baghdad Green Zone
"16:19, 30-Jul-2022",Lewandowski fumes at Bayern for 'lying' about his departure for Barca
"11:23, 30-Jul-2022",New York State declares state of emergency due to monkeypox  
"21:13, 30-Jul-2022",Pelosi risks crossing China's bottom line with Taiwan visit
"16:59, 30-Jul-2022",Pelosi's planned Taiwan visit is a needless provocation
"12:11, 30-Jul-2022","Pitfalls of forced organic farming in Sri Lanka, how it led to food insecurity"
"17:34, 30-Jul-2022",Al-Sadr's supporters enter Iraqi parliament for second time in a week
"07:23, 30-Jul-2022","Spain, Brazil report first monkeypox-related deaths outside Africa"
"18:40, 30-Jul-2022",Spain reports second monkeypox-related death
"13:08, 30-Jul-2022",The Race Gap in the U.S.: There are human beings paying the price
"07:10, 30-Jul-2022",U.S. House passes assault weapons ban
"11:20, 30-Jul-2022",U.S. approves Boeing inspection plan to resume 787 deliveries
"09:09, 30-Jul-2022",Wang Yi advocates closer SCO community with shared future
"23:38, 30-Jul-2022",Warnings raised against Pelosi's possible Taiwan trip
"16:56, 30-Jul-2022",Why did Pelicans add 'weight clause' to Williamson's contract?
"17:26, 30-Jul-2022","Wu Lei on playing overseas: It's about how you perform, not who you are"
"16:03, 31-Jul-2022", WHO calls for international efforts to contain monkeypox outbreak
"22:50, 31-Jul-2022",2 dead as UN peacekeepers open fire in east DR Congo: official
"14:14, 31-Jul-2022",4 injured in explosion near bus station in Yangon
"15:56, 31-Jul-2022",Astronomers detect heaviest ever neutron star: a 'black widow' 
"21:19, 31-Jul-2022",Death toll from floods in Kentucky climbs to 28
"22:23, 31-Jul-2022",Beirut port silos partially collapse: Reuters
"07:06, 31-Jul-2022",Biden tests positive for COVID-19 again
"14:48, 31-Jul-2022",Building Lives: Return visit to affordable housing project in Algeria
"16:30, 31-Jul-2022",Former Philippine President Fidel Ramos passes away
"10:12, 31-Jul-2022",George Russell claims maiden pole at Hungarian GP
"17:10, 31-Jul-2022","Global Political Calendar: PLA's 95th birthday, ASEAN FMs' meeting "
"07:36, 31-Jul-2022",Gunmen open fire on soldiers guarding Guatemalan president  
"07:27, 31-Jul-2022",Indiana Senate narrowly passes near-total abortion ban
"22:53, 31-Jul-2022",Iran responds to Borrell's proposal to salvage 2015 nuclear deal
"10:54, 31-Jul-2022",M5.3 earthquake strikes Nepal: EMSC
"21:59, 31-Jul-2022",M5.5 earthquake strikes southwestern Pakistan: EMSC
"21:43, 31-Jul-2022",More than 125 people injured as protesters storm Iraqi parliament
"07:40, 31-Jul-2022",New York City declares monkeypox a public health emergency
"17:11, 31-Jul-2022",Novak Djokovic hopes he can participate in U.S. Open this year
"21:35, 31-Jul-2022",Parts of Europe are battling with intense wildfires
"10:17, 31-Jul-2022","Powerful explosion heard in Kabul, no casualties reported"
"15:52, 31-Jul-2022",Putin says Russian navy to get new hypersonic missiles soon
"21:29, 31-Jul-2022",Russia's Gazprom halts gas supplies to Latvia
"21:18, 31-Jul-2022",South Africa's ruling party reaffirms commitment to nationalizing central bank
"13:48, 31-Jul-2022","South Korea, U.S. to hold joint DPRK missile detection exercise"
"17:07, 31-Jul-2022",Space chief: No ISS pullout before Russia has own space station in orbit
"09:12, 31-Jul-2022",Sri Lankan president: Protests and debates will not resolve crisis
"17:32, 31-Jul-2022","Towns considers Minnesota home, excited to pair with Gobert for new season"
"16:00, 31-Jul-2022",Voting starts in Senegal's 2022 National Assembly election
"07:03, 31-Jul-2022",Zelenskyy announces mandatory evacuation of Donetsk region
"11:12, 01-Aug-2022",Former FDA chief: Monkeypox to become next U.S. public health failure
"07:22, 01-Aug-2022",Guterres demands accountability after deadly UN peacekeepers shooting in east DR Congo
"09:08, 01-Aug-2022","In race for monkeypox vaccines, experts see repeat of COVID-19"
"07:07, 01-Aug-2022",India reports first monkeypox death
"08:25, 01-Aug-2022",Kosovo closes two border crossings after local Serbs block roads
"08:39, 01-Aug-2022",Myanmar extends state of emergency for another 6 months
"09:16, 01-Aug-2022",Senegal's ruling coalition holds majority in legislative election
"06:59, 01-Aug-2022",Sudan reports first confirmed monkeypox case
"01:25, 29-Jul-2022","5 dead, 66 migrants rescued from waters near Puerto Rico"
"00:54, 29-Jul-2022",At least 7 dead in floods near Tehran
"01:25, 29-Jul-2022",French audit body chief says government too optimistic on economic outlook
"00:57, 29-Jul-2022",French president wraps up Africa tour in Guinea-Bissau
"01:25, 29-Jul-2022","Tanzania, UNICEF launch campaign to end child marriage"
"01:56, 29-Jul-2022",U.S. on the brink of recession as GDP contracts again in 2nd quarter
"01:25, 29-Jul-2022",World Bank approves $100 Million grant for Somalia's reform efforts
"00:22, 30-Jul-2022",4 wounded in sport stadium blast in Afghanistan's Kabul
"00:23, 30-Jul-2022",Ethiopian Airlines orders Africa's first A350-1000 aircraft
"00:24, 30-Jul-2022","Inflations in France, Spain reach new high in nearly 40 years"
"00:45, 30-Jul-2022",Kenya administers 20 million COVID-19 vaccines in new milestone
"02:04, 30-Jul-2022",Zimbabwe's annual inflation surges to 256.9 percent in July
"01:44, 31-Jul-2022",Death toll from week-long Iran flooding tops 80
"01:50, 31-Jul-2022",Hungarian gov't restricts access to fuel price caps
"00:37, 31-Jul-2022",UN aviation body ranks Kenya second best in airport security in Africa
"00:14, 01-Aug-2022",At least seven people killed in another South Africa gun attack
"03:02, 01-Aug-2022",Kenyan president commissions Nairobi's Chinese-built expressway
"00:01, 01-Aug-2022","Massive floods kill at least three in Mbale, Uganda"
"02:48, 01-Aug-2022",Outgoing UN envoy in Libya concerned about politicization of national oil company
"21:41, 30-Jul-2022",Ukraine conflict day 157 - U.S. may declare Russia 'state sponsor of terror'
"00:01, 01-Aug-2022",Beirut port's silos come crashing down in cloud of dust and smoke
"05:53, 28-Jul-2022",Cuban island pays tribute to revolution that began 69 years ago
"05:53, 28-Jul-2022",Federal Reserve hikes rate by 75 basis points
"06:11, 28-Jul-2022",Monkeypox: U.S. leads world in cases and vaccine distribution stumbles
"05:53, 28-Jul-2022",Trafficking of women and children in Ukraine
"05:24, 29-Jul-2022","Mexico’s largest oil refinery opens, but still not in operation "
"05:24, 29-Jul-2022","Migrants still struggling with dangers, trials in U.S. immigration policies"
"05:23, 29-Jul-2022",Thousands of firefighters work to contain devastating Oak Fire
"05:24, 29-Jul-2022",U.S. GDP slips for another quarter 
"06:31, 30-Jul-2022",Combating organ trafficking in Brazil 
"06:07, 31-Jul-2022",California residents preparing for fire season  
"06:07, 31-Jul-2022",Demand for abortion pills soaring in the U.S. 
"06:07, 31-Jul-2022",Kuliang families reconnect friendships by exploring history of Guling 
"06:07, 31-Jul-2022",Peruvian President Pedro Castillo marks his first year in office  
"07:31, 01-Aug-2022",Deadly flooding in eastern Kentucky 
"06:20, 01-Aug-2022",Helping sex trafficking victims in Colombia 
"07:26, 01-Aug-2022",How technology can be used to fight against human trafficking 
"07:47, 01-Aug-2022",Many Argentines looking for job opportunities to fight inflation   
"06:01, 01-Aug-2022",Monkeypox outbreak in New York
"06:01, 01-Aug-2022",Shark attacks rise in the U.S. 
"07:37, 01-Aug-2022",Staffing shortages force airlines to cut services 
"06:16, 01-Aug-2022",Venezuela's clothing industry is struggling to survive
