﻿"08:50, 06-Mar-2022",Global COVID-19 deaths near 6 million: WHO
"10:40, 07-Mar-2022","'People's Convoy' truck protest targets Washington, slows traffic"
"20:49, 07-Mar-2022",Bomb kills two UN peacekeepers in Mali
"17:06, 07-Mar-2022","China-ASEAN relations will speed ahead with common development, says Chinese FM"
"12:26, 07-Mar-2022",China's political advisors stress importance of economic stability
"16:25, 07-Mar-2022",FM Wang Yi: BRICS to form high-quality partnership to drive global development
"15:16, 07-Mar-2022",Wang Yi: China to continue playing constructive role in facilitating Russia-Ukraine talks 
"17:27, 07-Mar-2022",Chinese FM urges Japan to maintain bilateral ties on the right track 
"17:30, 07-Mar-2022",Chinese FM urges U.S. to unfreeze Afghan assets amid cold winter
"21:24, 07-Mar-2022",Chinese athletes bag top 3 medals in para men's snowboard cross SB-UL
"11:35, 07-Mar-2022",Chinese embassy urges UK to stop 'playing with fire' on Taiwan question
"18:09, 07-Mar-2022",Daily Quotes from 2022 Winter Paralympics on March 7
"21:11, 07-Mar-2022",Expert says rocket debris crash on moon harmless
"13:04, 07-Mar-2022",Explainer: What troubles Poland may face by sending warplanes to Ukraine?
"11:40, 07-Mar-2022",2 killed after Israeli 'air aggression' in Syria: SANA
"15:40, 07-Mar-2022",FM: Beijing 2022 shows a more 'confident and open' China to the world
"16:33, 07-Mar-2022","FM Wang Yi: China to make BRI a 'belt of development', a 'road to happiness'"
"17:17, 07-Mar-2022",FM Wang Yi: Root of Korean Peninsula issue lies in security
"17:36, 07-Mar-2022",FM Wang Yi: There are no 'debt traps' between China and Africa
"18:05, 07-Mar-2022",FM Wang Yi highlights China-LAC cooperation in annual press conference
"17:44, 07-Mar-2022",Global COVID-19 deaths surpass 6 million: Johns Hopkins University 
"16:31, 07-Mar-2022",Global Development Initiative to be implemented step by step: Chinese FM
"14:51, 07-Mar-2022",IPC specialist: Beijing 2022 sets bar on accessibility
"17:15, 07-Mar-2022","Iran says nuclear deal possible soon, Russia's contribution constructive"
"12:58, 07-Mar-2022",Iran's Shamkhani: Tehran is evaluating new components in nuclear talks
"10:47, 07-Mar-2022","Iranian lawmaker: Vienna draft deal ready, few differences remaining"
"10:56, 07-Mar-2022","European roundup: Man City thrash Man Utd in derby, Barca return to top four"
"10:58, 07-Mar-2022",Mexican league suspended after football match turns into tragedy
"21:31, 07-Mar-2022",NBA highlights on March 6: Nuggets can always trust 'Joker'
"10:35, 07-Mar-2022",Netflix suspends service in Russia
"13:01, 07-Mar-2022",New IAEA report contains positive changes: Iranian diplomat
"13:02, 07-Mar-2022",Polish charity takes care of pets evacuated from Ukraine
"18:58, 07-Mar-2022",Power shortages worsen Syrians' suffering in winter
"18:08, 07-Mar-2022",Russian defense ministry reveals NATO information in Ukrainian military file: report
"21:34, 07-Mar-2022",Russia reveals evidence of U.S.-funded bio-program in Ukraine
"23:07, 07-Mar-2022","Russian, Iranian FMs hold phone talk"
"18:51, 07-Mar-2022","U.S., UK on Russia's list of 'unfriendly' countries, regions"
"13:21, 07-Mar-2022",Russian military 'declares temporary ceasefire' in Ukraine for humanitarian corridors
"11:40, 07-Mar-2022","S. Korea's ruling party chief hit by object, rushed to hospital"
"21:02, 07-Mar-2022",UFC 272: Colby Covington ends Jorge Masvidal feud with one-sided win
"12:37, 07-Mar-2022",Ukraine crisis: One million refugees flee to Poland
"15:00, 07-Mar-2022",Wildfire sweeping eastern coastal area of South Korea
"20:58, 08-Mar-2022","3 killed, 28 injured in explosion in SW Pakistan"
"14:59, 08-Mar-2022",Best flowers for ladies on Women's Day
"18:51, 08-Mar-2022","COVID-19 can cause brain shrinkage, memory loss: Oxford study"
"17:21, 08-Mar-2022",Para alpine skier Zhang Mengqiu makes history at Beijing 2022 Winter Paralympics
"15:40, 08-Mar-2022",China urges U.S. to disclose more details about biolabs in Ukraine
"12:12, 08-Mar-2022",China urges safe implementation of humanitarian corridor in Ukraine 
"20:22, 08-Mar-2022",Daily quotes from 2022 Winter Paralympics on March 8
"08:49, 08-Mar-2022","Death toll rises to 20 in Australian heavy rains, floods"
"12:41, 08-Mar-2022","Fuego Volcano in Guatemala erupts, 150 people evacuated"
"14:54, 08-Mar-2022",Gunmen kill at least 62 vigilantes in Nigeria's Kebbi state
"16:20, 08-Mar-2022",Iran launches second satellite to near-Earth orbit
"20:50, 08-Mar-2022",Iran puts second 'homegrown' military satellite into orbit
"22:31, 08-Mar-2022",Key quotes from Xi Jinping on current situation in Ukraine
"16:42, 08-Mar-2022",London Metal Exchange suspends trading in nickel on Tuesday
"12:36, 08-Mar-2022","Maduro meets U.S. officials over oil, but little progress towards deal"
"15:01, 08-Mar-2022",New survey: One in three COVID-19 patients report long-term symptoms
"09:38, 08-Mar-2022",OPEC officials meet with U.S. shale executives at energy conference
"11:00, 08-Mar-2022",Political decisions needed to end Vienna nuclear talks: EU coordinator
"07:38, 08-Mar-2022",Russia offers humanitarian corridors from five Ukrainian cities
"22:12, 08-Mar-2022",Russia opens humanitarian corridors for people fleeing Ukraine
"18:49, 08-Mar-2022",Shell to withdraw from Russian oil and gas
"07:35, 08-Mar-2022",Spain's former King Juan Carlos I to remain in UAE
"07:22, 08-Mar-2022",One killed after shooting outside Iowa high school in U.S.
"14:53, 08-Mar-2022","Top U.S., Israeli diplomats meet in Riga on Ukraine, Iran"
"10:58, 08-Mar-2022",UN calls for safe aid delivery to combat zones in Ukraine
"15:45, 08-Mar-2022",Ukraine says at least nine dead in Sumy bombing
"21:55, 08-Mar-2022","WHO reverses previous guidance, says COVID-19 boosters are needed"
"21:32, 09-Mar-2022",'No critical impact on safety' from Chernobyl power loss: IAEA
"18:46, 09-Mar-2022",19 security personnel killed in northwest Nigeria
"16:01, 09-Mar-2022","2 killed, 7 injured in plant blast in western Russia"
"15:27, 09-Mar-2022","3 wounded, 1 missing after steamer explosion in Thailand"
"13:09, 09-Mar-2022",Australian PM declares state of emergency over flooding: report
"14:02, 09-Mar-2022",Carmakers face soaring metal costs as forced to cut ties from Russia
"15:48, 09-Mar-2022","China, India to hold 15th round of corps commander talks"
"19:24, 09-Mar-2022","Discrimination, harassment against Asian American women and Pacific Islander women in U.S. rampant: survey"
"23:18, 09-Mar-2022",Exclusive: Donetsk leader says ending fight the most important thing
"19:09, 09-Mar-2022","Exit polls show Lee, Yoon in dead heat in S. Korea's presidential election"
"15:16, 09-Mar-2022",Experts say post-COVID normality in U.S. is 'too premature'
"15:21, 09-Mar-2022",First batch of Chinese humanitarian aid leaves for Ukraine
"13:53, 09-Mar-2022",Iran condemns Israel's attack in Damascus
"21:14, 09-Mar-2022",Former Israeli PM Netanyahu tests positive for COVID-19
"20:05, 09-Mar-2022",Israeli president arrives in Turkey on landmark trip
"19:56, 09-Mar-2022","CMG Exclusive: Sanctions are 'suicide,' Ukraine's truth must be told"
"13:30, 09-Mar-2022","Russian, Ukrainian foreign ministers to meet in Turkey"
"12:18, 09-Mar-2022",Mexican authorities slam Queretaro with severe punishment for bloody fan riot
"10:03, 09-Mar-2022",Oil prices surge as U.S. bans Russian energy imports
"23:14, 09-Mar-2022",Racial disparities remain in U.S. physics graduates: report
"23:32, 09-Mar-2022",Russia-Ukraine conflict: Fighting continues while Russia faces more sanctions
"13:12, 09-Mar-2022",Sources reveal U.S. fabricated Russia-Ukraine info to smear China
"07:20, 09-Mar-2022",South Koreans vote for new president in tightly contested race
"20:48, 09-Mar-2022","U.S. Congress reaches gov't spending deal, including $13.6 bln for Ukraine"
"07:36, 09-Mar-2022",U.S. trade deficit soars to record high in January as imports rise
"09:35, 09-Mar-2022",Venezuela releases at least two U.S. citizens
"23:36, 09-Mar-2022","WHO report: COVID-19 cases, deaths continue to drop globally"
"09:08, 10-Mar-2022", Magnussen to make F1 comeback as Mazepin's replacement
"15:15, 10-Mar-2022",America is muddling the water in Ukraine
"19:03, 10-Mar-2022",Australia announces to boost size of military
"20:28, 10-Mar-2022",CGTN Sports Talk: All it takes is 18 minutes for PSG to crumble
"21:38, 10-Mar-2022",CPI shows U.S. retail prices up 7.9% in Feb. from a year earlier
"16:27, 10-Mar-2022","Ukraine claims child killed in Mariupol hospital attack, Russia denies"
"15:33, 10-Mar-2022",China congratulates Yoon Suk-yeol on election as South Korean president
"11:24, 10-Mar-2022",China urges end to violation of migrant children's rights
"21:25, 10-Mar-2022",Chinese para ice hockey team fears nobody at 2022 Winter Paralympics
"22:21, 10-Mar-2022","Colts trade Carson Wentz to Commanders for draft picks, report"
"21:01, 10-Mar-2022",Daily Quotes from 2022 Winter Paralympics on March 10
"09:40, 10-Mar-2022",Djokovic withdraws from Indian Wells due to COVID-19 vaccine regulations
"17:22, 10-Mar-2022",EU leaders to discuss ways to phase out energy dependency on Moscow
"21:02, 10-Mar-2022",European Central Bank maintains interest rate
"17:21, 10-Mar-2022",Expert on how ROK President-elect Yoon will combat high inflation
"16:28, 10-Mar-2022",Freelance journalist visits Ukraine border crossing in eastern Poland
"18:17, 10-Mar-2022",Fukushima people condemn discharge of nuclear contaminated water
"19:04, 10-Mar-2022",Hungarian parliament elects Katalin Novak as president
"18:13, 10-Mar-2022",IMF board approves $1.4b in 'critical' support for Ukraine
"22:40, 10-Mar-2022",Iran says it won't give up on peaceful nuclear program
"19:14, 10-Mar-2022",Iran says lack of U.S. decision on nuclear deal complicates talks
"19:15, 10-Mar-2022",Meet the gold-medalist para skier at Beijing 2022 Winter Paralympics
"19:16, 10-Mar-2022",NBA highlights on March 9: Suns become 1st team to clinch playoff spot
"10:00, 10-Mar-2022",Queensland Premier rejects PM's move to include in emergency declaration
"16:32, 10-Mar-2022",ROK ruling party's leadership resigns en masse
"14:41, 10-Mar-2022",Republic of Korea elects new president: Yoon Sok-yeol
"21:10, 10-Mar-2022",Russia-Ukraine talks yield no progress as conflicts enter third week 
"19:58, 10-Mar-2022","Russia bans export of telecoms, tech equipment until end of 2022"
"12:06, 10-Mar-2022",Russia urges U.S. to explain purpose of bio-labs in Ukraine
"09:35, 10-Mar-2022",S. Korean president-elect holds phone call with Biden
"09:16, 10-Mar-2022",Shackleton's lost shipwreck discovered off Antarctica
"10:01, 10-Mar-2022",ROK president-elect says open to dialogue with DPRK
"15:06, 10-Mar-2022","Top Russian, Turkish diplomats meet in Turkey's Antalya"
"13:51, 10-Mar-2022","U.S. closes door on combat aircraft supply for Ukraine, citing 'high risk'"
"13:21, 10-Mar-2022",Exclusive Stringer Dispatch: Ukrainian nursing home worker recalls hard time evacuating
"19:20, 10-Mar-2022",Wang Yi: China to work with all to prevent humanitarian crisis in Ukraine
"07:10, 10-Mar-2022","Yoon Suk-yeol elected South Korean president, vows national unity"
"07:31, 11-Mar-2022","IMF to revise forecast downward over Ukraine crisis, Russian sanctions"
"07:28, 11-Mar-2022",Nigerian troops kill 121 extremist militants in two weeks
"07:56, 11-Mar-2022",Pakistan demands explanation from India for supersonic object crash
"01:14, 08-Mar-2022",Chinese FM holds phone conversation with top EU diplomat
"00:59, 08-Mar-2022",EU leaders to meet 'in coming days' to discuss Ukraine's membership application
"01:59, 08-Mar-2022",Egypt's family developing project offers opportunity to tackle overpopulation
"01:19, 08-Mar-2022",Hungarian gov't allows deployment of NATO troops
"03:49, 08-Mar-2022","Russia, Ukraine end third round of talks with little progress"
"01:05, 08-Mar-2022",U.S. national average gas price jumps to highest since 2008: AAA
"01:26, 08-Mar-2022","UK ambassador to Ukraine has left the country, foreign minister confirms"
"00:29, 09-Mar-2022","Gold prices surge in Turkey amid Russia-Ukraine conflict, inflation concerns"
"01:46, 09-Mar-2022",Iran successfully puts 2nd military satellite into orbit
"01:02, 09-Mar-2022","Kamala Harris to visit Poland, Romania from Wednesday"
"02:58, 09-Mar-2022","Kenya, UN partner to launch peace platform to curb electoral violence"
"02:48, 09-Mar-2022","Moroccan, Singaporean FMs agree to boost bilateral ties"
"01:27, 10-Mar-2022",Kenya wants sanctions against Zimbabwe lifted
"01:28, 10-Mar-2022","Putin, Scholz discuss 'diplomatic' efforts to settle Ukraine conflict: Kremlin"
"01:31, 10-Mar-2022","Romania lifts all COVID-19 restrictions, exits state of alert"
"00:02, 10-Mar-2022",The U.S. man who got first pig heart transplant dies after 2 months
"01:30, 10-Mar-2022",Trial of men who plotted to Kidnap U.S. governor starts
"01:31, 10-Mar-2022",UN war crimes panel urges U.S. to probe deadly Syria air raids
"02:27, 11-Mar-2022",China denounces Australian defense chief's negative remarks
"03:05, 11-Mar-2022",EAC urges members to step up response measures to infectious diseases
"03:29, 11-Mar-2022",Governments look for solutions as pump prices soar globally
"01:56, 11-Mar-2022",Islamic State names new leader: reports
"01:21, 11-Mar-2022","Russian, Ukrainian FMs say ready to continue dialogue over conflict"
"01:58, 11-Mar-2022",S. African President in a phone conversation with Putin
"03:09, 11-Mar-2022",U.S. Children severely behind in reading after two years of pandemic
"22:27, 08-Mar-2022","Ukraine conflict - day 13: 'Humanitarian corridors' opened, 2 million refugees flee"
"01:27, 09-Mar-2022",Bulgaria 'too dependent' on Russian energy to enforce an embargo
"22:47, 09-Mar-2022","Ukraine conflict - day 14: Zelenskyy posts hospital 'atrocity' video, Russia's bioweapons claim"
"02:00, 09-Mar-2022",Ukraine's Volodymyr Zelenskyy quotes Churchill and Shakespeare in plea to UK
"02:23, 10-Mar-2022",UK government accused of 'incompetent' Ukraine refugee visa program
"21:14, 10-Mar-2022","Ukraine - day 15: Kyiv is a 'fortress', Putin warns of food crisis"
"04:30, 08-Mar-2022", Traffic fatalities surge during COVID-19
"04:30, 08-Mar-2022",CGTN staff member meets with mother who arrived from Ukraine
"05:38, 08-Mar-2022",Jewish community help evacuate children from Odessa
"04:30, 08-Mar-2022",Lawsuit filed against 'Remain in Mexico' policy
"05:06, 09-Mar-2022",Brazilian artists use music and murals to call for end to conflict
"03:56, 09-Mar-2022",How home exercise has evolved during the COVID pandemic
"03:51, 09-Mar-2022",NGO promotes socioeconomic independence for Brazilian women
"05:05, 09-Mar-2022",Older Venezuelan women face greater economic hardship
"05:40, 09-Mar-2022",See how interest rates affect the stock market
"03:39, 09-Mar-2022",See what primary voting taught us about Texas’ new voting law
"05:02, 09-Mar-2022",Biden signs executive order banning imports of Russian oil
