﻿"21:59, 21-Jun-2022",26 killed as pre-monsoon rains wreak havoc in Pakistan
"13:29, 21-Jun-2022",An-2 plane with 3 people on board disappears in Russia's Yakutia
"16:05, 21-Jun-2022",Are Yankees on the way for 28th World Series title with a fantastic season start?
"23:57, 21-Jun-2022",BRICS countries 'repairers' of global supply chain: Think tank
"14:43, 21-Jun-2022","Belgium repatriates 6 ISIS women, 16 children from Syria"
"14:34, 21-Jun-2022",Biggest rail strike in 30 years brings UK to standstill
"23:54, 21-Jun-2022","China, Horn of Africa countries call for peaceful resolution of Ukraine conflict"
"14:17, 21-Jun-2022",China calls on countries to work together to counter hate speech 
"11:13, 21-Jun-2022","China expresses concerns over Indigenous women's rights in U.S., Canada, Australia"
"14:53, 21-Jun-2022",China deepens agricultural tech cooperation with BRICS nations
"15:07, 21-Jun-2022",China urges 'relevant country' to stop sending wrong signals to 'Taiwan independence' forces
"21:34, 21-Jun-2022",Egyptian president meets Saudi crown prince at Heliopolis Palace
"16:47, 21-Jun-2022",Europe braves high temperatures
"20:43, 21-Jun-2022",Finding True America: Moms torn between work and their newborns
"17:18, 21-Jun-2022","Fire breaks out in Chinatown in Philadelphia, building evacuated"
"17:56, 21-Jun-2022","Fire breaks out in London high-rise, several injured"
"17:43, 21-Jun-2022",Iran's judiciary says three detained Mossad-linked agents will be tried
"11:47, 21-Jun-2022",Japanese PM to attend nuclear nonproliferation confab in New York
"15:31, 21-Jun-2022","M6 quake hits Bonin Islands, Japan"
"16:02, 21-Jun-2022",Macron holds talks with opposition parties after rejecting French PM's resignation
"07:49, 21-Jun-2022",Macron to hold talks with French opposition parties over parliament deadlock
"13:38, 21-Jun-2022","Mexican migrant advocates demand end to deportations, detention"
"09:45, 21-Jun-2022",NASA fuels moon rocket for first time in countdown rehearsal
"09:27, 21-Jun-2022",Rugby league bans transgender players from women's internationals
"10:39, 21-Jun-2022",Scottie Scheffler tops PGA Tour earnings ranking
"16:24, 21-Jun-2022",South Korea confirms space rocket Nuri's launch success
"15:00, 21-Jun-2022",South Korea launches homegrown space rocket Nuri
"14:53, 21-Jun-2022",South Korea to bid for 2023 AFC Asian Cup
"22:07, 21-Jun-2022",Twitter board unanimously recommends Musk's takeover bid
"11:52, 21-Jun-2022",U.S. starts COVID-19 vaccination for kids as young as 6 months this week
"14:12, 21-Jun-2022",Wales manager Ryan Giggs officially steps down
"20:01, 21-Jun-2022",Yen-dollar exchange rate hits lowest since 1998
"16:48, 22-Jun-2022",Afghan interim government holds presser after earthquake
"16:52, 22-Jun-2022",Afghanistan earthquake death toll rises to 920
"13:32, 22-Jun-2022","At least 255 dead, 155 injured in earthquake in Afghanistan"
"19:03, 22-Jun-2022",Political leaders address opening ceremony of BRICS Business Forum
"07:37, 22-Jun-2022",Biden names first Native American as U.S. Treasurer
"20:46, 22-Jun-2022",Canada's annual CPI jumps to 7.7% in 39-year high
"13:51, 22-Jun-2022","Capitol riot hearing: Arizona, Georgia officials testify"
"11:04, 22-Jun-2022",China 'fully ready' for 14th BRICS Summit: vice foreign minister 
"14:56, 22-Jun-2022",This is China: China's role in the BRICS mechanism 
"09:18, 22-Jun-2022",Chinese envoy warns against antagonism over Ukraine conflict
"12:48, 22-Jun-2022",Overnight earthquake kills at least 255 in eastern Afghanistan
"22:01, 22-Jun-2022",EU lawmakers support phase-out of industry's free CO2 permits by 2032
"23:11, 22-Jun-2022",Finding True America: Why U.S. healthcare is failing	
"17:48, 22-Jun-2022",Israeli legislators vote to dissolve parliament
"20:34, 22-Jun-2022","Kuwaiti crown prince dissolves parliament, calls for early general election"
"10:36, 22-Jun-2022","Lukaku seals sensational return to Inter from Chelsea, Mane signs for Bayern Munich"
"17:38, 22-Jun-2022",MLB standardizes how baseballs are prepped to be put in play
"10:37, 22-Jun-2022",Monkeypox in Asia: Singapore and South Korea report first cases 
"17:43, 22-Jun-2022",Naomi Osaka and LeBron James launch new media company
"12:45, 22-Jun-2022","Pakistan, IMF reach deal for release of $1b tranche"
"07:06, 22-Jun-2022",3 injured after plane lands and catches fire in Miami
"12:24, 22-Jun-2022",Texas official calls police response to Uvalde shooting 'abject failure'
"20:47, 22-Jun-2022","Poliovirus found in London sewage, but risk of contraction 'low'"
"18:24, 22-Jun-2022","Rain-induced floods kill at least 10, injure 50 in Afghanistan"
"23:03, 22-Jun-2022",Rocket strikes Dana Gas headquarters in Iraq's Kirkuk
"19:49, 22-Jun-2022","Saudi Arabia, Jordan agree to strengthen cooperation as Saudi crown prince wraps up visit"
"21:43, 22-Jun-2022",Saudi crown prince arrives in Turkey for first visit since Khashoggi murder
"12:17, 22-Jun-2022",Saudi crown prince visits Turkey
"13:53, 22-Jun-2022",Scientists say climate change likely worsened floods in Bangladesh
"15:05, 22-Jun-2022",South Korea reports first imported case of monkeypox
"14:06, 22-Jun-2022",South Korea to establish mission to NATO in Brussels: official
"21:20, 22-Jun-2022",Spain reports first cholera case since 1979
"17:06, 22-Jun-2022",Sri Lankan PM says economy has 'collapsed'
"15:01, 22-Jun-2022","The brown calf of an albino deer family named ""Miracle"" was born"
"22:14, 22-Jun-2022","Train derailment in central Tanzania kills four, injures 132"
"10:06, 22-Jun-2022","U.S. Senate, in 64-34 vote, advances significant gun legislation"
"07:23, 22-Jun-2022",U.S. begins COVID-19 vaccinations for children under 5
"07:04, 22-Jun-2022",U.S. lawmakers agree on landmark bipartisan bill on gun safety
"16:52, 22-Jun-2022",U.S. prison laborers produce billions of dollars for pennies per hour: ACLU
"17:19, 22-Jun-2022",UAE president announces COP28 to be held in Dubai 
"14:05, 22-Jun-2022",UK consumer price inflation surges to 9.1% in May
"15:17, 22-Jun-2022",WTI crude plunges 5% on recession fears
"22:56, 22-Jun-2022",WTO chief: Multilateralism is alive and working
"13:50, 22-Jun-2022",What drew this Brazilian medical student to China?
"22:14, 22-Jun-2022",Xi Jinping's key quotes at the opening ceremony of BRICS Business Forum
"20:21, 22-Jun-2022",Xi: Sanctions will bring disasters to people around world
"07:10, 23-Jun-2022","1 dead, 1 injured in U.S. San Francisco shooting"
"20:03, 23-Jun-2022",BRICS leaders vow more solidarity as they meet for 14th summit
"22:27, 23-Jun-2022","BRICS issues Beijing Declaration, pledges to safeguard peace and security"
"20:50, 23-Jun-2022","5 dead, 18 injured in building fire in Buenos Aires"
"11:39, 23-Jun-2022","Afghan earthquake death toll rises to 1,500: Al Jazeera "
"11:43, 23-Jun-2022",BRICS-led New Development Bank approaches 7th anniversary
"11:35, 23-Jun-2022",BRICS's weight lies beyond the traditional geopolitical security
"07:40, 23-Jun-2022",Biden's approval falls for fourth straight week to 36%: poll
"19:08, 23-Jun-2022",UK's Johnson holds talks with Rwandan president on asylum seeker deal
"09:24, 23-Jun-2022","COVID-19 cases rise in Southeast Asia, Middle East and Europe"
"23:51, 23-Jun-2022",Xi Jinping: China stands ready to work with BRICS partners to add more substance to GDI 
"09:33, 23-Jun-2022",Olympic champion Zhang Yufei grabs world swimming bronze as two teenagers steal the show
"18:12, 23-Jun-2022","European Parliament adopts resolution on EU candidacy for Ukraine, Moldova"
"21:05, 23-Jun-2022",Finding True America: The 'forgotten' seniors
"13:16, 23-Jun-2022",France's constitution will be tested
"16:14, 23-Jun-2022",Germany enters Phase 2 of emergency gas plan
"09:27, 23-Jun-2022","Helicopter crash kills 6 in West Virginia, U.S."
"18:18, 23-Jun-2022",Higher prices in Yemen caused by Ukraine crisis challenge aid efforts: UN
"14:19, 23-Jun-2022",How Chinese big-name athletes celebrated Olympic Day 
"15:34, 23-Jun-2022",Invasive species of Asian Carp in U.S. renamed Copi
"07:13, 23-Jun-2022","Lavrov in Iran to discuss nuclear deal, cooperation"
"07:30, 23-Jun-2022",Macron calls on opposition to 'leave in-fighting behind'
"12:41, 23-Jun-2022",Mass rail strike continues in UK
"09:17, 23-Jun-2022",Multiple people injured after incident in Auckland's North Shore
"14:45, 23-Jun-2022",Myanmar's Suu Kyi moved to solitary confinement in prison: military
"22:09, 23-Jun-2022",NATO's eastward expansion is the source of Ukraine crisis: German peace campaigner
"21:24, 23-Jun-2022",Najib Mikati to become Lebanon's prime minister-designate: Reuters
"07:45, 23-Jun-2022",Police chief placed on leave by Uvalde school district after mass shooting
"14:53, 23-Jun-2022",Protests spread across Ecuador due to food and fuel shortages
"17:04, 23-Jun-2022",Russian FM holds joint presser with Iranian counterpart in Tehran
"14:47, 23-Jun-2022","Russian, Iranian FMs hold press conference  "
"13:29, 23-Jun-2022",Russian officials say oil refinery near Ukraine border hit by drone attack
"13:49, 23-Jun-2022",Singapore's core inflation rises to 3.6% YoY in May
"13:09, 23-Jun-2022",Six dead after plane crashes in Venezuela
"08:24, 23-Jun-2022","South Korean won slides to breach 1,300 per U.S. dollar, first in 13 years"
"07:15, 23-Jun-2022",Spain denies regional report of first local cholera infection since 1979
"14:52, 23-Jun-2022",State of Fear: I want to be part of this
"19:40, 23-Jun-2022","Strikes cripple UK's railways, unions warn of more to come"
"22:48, 23-Jun-2022",Supreme Court rules Americans have right to carry guns in public
"09:58, 23-Jun-2022",Tech Breakdown: How will space cooperation benefit BRICS countries?
"11:31, 23-Jun-2022",Training with a Russian BJJ fighter in China
"21:45, 23-Jun-2022","Turkey, Israel working to establish better diplomatic ties"
"10:14, 23-Jun-2022",U.S. House Speaker Pelosi declines to endorse gas tax holiday
"07:45, 23-Jun-2022",U.S. House committee votes to up Biden defense budget plan by $37b
"09:50, 23-Jun-2022","U.S. Justice Dept delivers subpoenas in Trump fake electors probe, reports say"
"11:45, 23-Jun-2022",U.S. Yellowstone National Park reopens after unprecedented flooding
"14:53, 23-Jun-2022",UK plans to change in law to minimize impact of strikes
"07:32, 23-Jun-2022",UN chief saddened by heavy loss of life in Afghanistan earthquake
"19:48, 23-Jun-2022",WHO emergency committee meets on monkeypox
"13:57, 23-Jun-2022",World's first all-terrain exoskeleton mech suit
"23:21, 23-Jun-2022",Xi urges upholding openness and inclusiveness at the 14th BRICS Summit
"11:25, 24-Jun-2022",13 dead as police clash with gang suspects in western Mexico
"07:39, 24-Jun-2022",At least 68 killed in Bangladesh monsoon floods
"11:47, 24-Jun-2022",Big men make top 4 selections in 2022 NBA Draft
"09:53, 24-Jun-2022",Four killed in cargo plane crash near Russia's Ryazan
"12:55, 24-Jun-2022",Chairman of UK's Conservatives resigns after by-election defeats
"07:06, 24-Jun-2022","EU leaders grant Ukraine, Moldova EU candidate status"
"09:06, 24-Jun-2022","Forever young: Many cold-blooded creatures don't age, studies show"
"14:16, 24-Jun-2022", Millions of Americans could lose health coverage this year: federal estimates
"14:06, 24-Jun-2022",NASA extends InSight lander's mission on Mars
"13:36, 24-Jun-2022","Qatar World Cup: Winter spectacle, female referees, 26-player squads"
"09:05, 24-Jun-2022",U.S. CDC confirms evidence of local monkeypox transmission
"07:19, 24-Jun-2022",U.S. Senate advances compromise gun bill
"09:54, 24-Jun-2022",U.S. Senate passes gun control bill
"12:33, 24-Jun-2022",UK PM Johnson's Conservatives lose two by-elections
"02:27, 22-Jun-2022",More strikes may hit UK after rail union action: reports
"01:23, 22-Jun-2022",Turkish team to discuss Black Sea grain corridor in Russia this week
"01:28, 23-Jun-2022",1.2 million 2022 FIFA World Cup tickets sold
"00:59, 23-Jun-2022",Bulgarian government toppled as MPs pass no-confidence motion
"01:24, 23-Jun-2022",Burkina Faso to create military zones to fight jihadi rebels
"01:33, 23-Jun-2022",Frenchman targets title defense as WRC Safari Rally action returns to Kenya
"01:02, 23-Jun-2022","Malawian president withholds VP from delegated duties, fires police chief"
"02:58, 23-Jun-2022","Turkey, Saudi Arabia determined to start new period of cooperation: statement"
"02:56, 23-Jun-2022",U.S. President Joe Biden calls for federal gas tax holiday
"02:40, 24-Jun-2022",German COVID-19 incidence rate rises above 500 amidst summer wave
"02:40, 24-Jun-2022",Kenyan president waves off WRC safari rally
"02:41, 24-Jun-2022",U.S. Court rules Americans have a right to carry firearms 
"00:15, 24-Jun-2022",WFP warns ripple effect of Russia-Ukraine conflict to exacerbate food crisis in Ethiopia
"01:19, 24-Jun-2022",World Bank approves 2.3 billion in USD program to tackle food insecurity in Africa
"21:17, 23-Jun-2022",Germany postpones ending use of coal to ensure energy security
"00:05, 24-Jun-2022",Emmanuel Macron says hung parliament means France must learn 'to govern differently'
"01:09, 24-Jun-2022","UK's Rwanda policy sets worrying precedent, says UN commissioner"
"02:44, 22-Jun-2022","After his historic victory, Petro's challenge of governing"
"02:42, 22-Jun-2022",Cuba’s new agricultural revolution
"02:49, 22-Jun-2022",El Salvador continues to buy Bitcoin as prices crash
"06:59, 22-Jun-2022",Possible death penalty for Americans captured in Ukraine 
"02:46, 22-Jun-2022",Stanley Cup Final supports local economy in Colorado
"07:04, 22-Jun-2022",Tornado and floods take over Southern China 
"06:58, 22-Jun-2022",U.S. midterm primary elections kick off in four states
"03:50, 23-Jun-2022",BRICS’s projects bring great convenience to local Brazilians
"03:42, 23-Jun-2022",U.S. Capitol hearing focus on Trump's efforts to overturn 2020 election
"06:21, 23-Jun-2022",Chicago Police gets new rules
"03:44, 23-Jun-2022",Climate change affects whale migration patterns in the U.S.
"05:50, 23-Jun-2022",Fed chairman remains committed to getting inflation down
"03:46, 23-Jun-2022",Milk donation amid a shortage of baby formula in the U.S.
"04:50, 24-Jun-2022",Artificial intelligence in focus at Toronto's Collision Conference
"06:51, 24-Jun-2022",How Florida's condo laws have changed since Surfside condo collapse
"05:11, 24-Jun-2022",Investor Edith Yeung discusses the future of crypto
"04:50, 24-Jun-2022",Pop-up art exhibit in Texas celebrates Black hair
"05:11, 24-Jun-2022",Sri Lanka's economy collapses
