﻿"21:58, 03-Aug-2022","'Reckless, unwise, dangerous': media on Pelosi's visit to Taiwan "
"15:09, 03-Aug-2022",Breaking records: The story behind the 'Jimu-1' aerostat
"20:19, 03-Aug-2022","China, Cambodia vow to carry forward traditional friendship"
"18:57, 03-Aug-2022","China, Greece vow to further deepen mutually beneficial cooperation"
"15:53, 03-Aug-2022",China: Pelosi's Taiwan visit not about democracy
"20:41, 03-Aug-2022",China starts military drills around Taiwan island in response to Pelosi's 'farce' visit
"09:20, 03-Aug-2022",Chinese mainland records 101 new confirmed COVID-19 cases
"09:04, 03-Aug-2022",Chinese mainland suspends selected imports from Taiwan region
"09:46, 03-Aug-2022",Chinese mainland announces punishments on organizations related to diehard 'Taiwan independence' elements
"23:00, 03-Aug-2022",Chinese people flay Pelosi's trip to Taiwan
"08:57, 03-Aug-2022","DPRK fully supports China's right to defend sovereignty, territorial integrity"
"10:02, 03-Aug-2022",Golf: China's Feng Shanshan announces retirement
"22:58, 03-Aug-2022",How a veteran artist innovates with Chinese ink painting 
"11:13, 03-Aug-2022",Macao SAR government slams Pelosi's visit to Taiwan region
"21:37, 03-Aug-2022",PLA officer hopes to keep on as he nears 30 years of active service
"12:45, 03-Aug-2022",PLA Eastern Theater Command organizes actual combat joint exercises around Taiwan island
"14:20, 03-Aug-2022",China Space Station: Small robotic arm of Wentian lab module completes in-orbit tests
"09:23, 03-Aug-2022",Three communiques are the basis of bilateral ties between China and U.S.
"15:36, 03-Aug-2022",3 killed in kindergarten attack in E China
"11:23, 03-Aug-2022",Tsai Ing-wen and DPP plunging Taiwan into abyss of disaster: Mainland spokesperson
"12:01, 03-Aug-2022",UN reiterates support for one-China principle
"13:17, 03-Aug-2022",Wang Yi on Pelosi's Taiwan trip: Those who offend China will be punished
"18:40, 03-Aug-2022",Where will Guo Ailun go after requesting Liaoning to trade him?
"11:26, 04-Aug-2022",ASEAN reiterates support for one-China policy
"09:00, 04-Aug-2022",China-ASEAN Foreign Ministers' Meeting starts
"09:21, 04-Aug-2022","China, Greece vow to further deepen mutually beneficial cooperation"
"13:05, 04-Aug-2022",China firmly rejects U.S. provocation and political gambling on Taiwan question: Wang Yi
"12:40, 04-Aug-2022",China launches terrestrial ecosystem carbon monitoring satellite 
"22:50, 04-Aug-2022",China's eight non-Communist parties condemn Pelosi's visit to Taiwan region
"22:39, 04-Aug-2022",China willing to work with ASEAN to build model for common development
"17:15, 04-Aug-2022",Chinese foreign minister resolutely rebukes G7 statement over Taiwan region
"15:52, 04-Aug-2022","Chinese, Japanese FMs meeting canceled after G7 statement over Taiwan"
"09:25, 04-Aug-2022",Chinese mainland records 111 new confirmed COVID-19 cases
"16:15, 04-Aug-2022",Chinese military keeps its word: spokesperson
"10:58, 04-Aug-2022",Chinese observatory discovers two new near-Earth asteroids
"12:51, 04-Aug-2022",Chinese painter's mastery of ink techniques cements his legacy
"15:46, 04-Aug-2022",Young Chinese scholar wins prize for AIDS research at 24th International AIDS Conference
"12:08, 04-Aug-2022",Countermeasures over Pelosi's Taiwan visit legitimate 
"20:40, 04-Aug-2022","Experts: Pelosi visit to dent global investment moves, China-U.S. ties"
"07:33, 04-Aug-2022",Guterres reiterates support for one-China policy
"15:40, 04-Aug-2022",How Pelosi landed in political crossfire abroad and at home
"17:39, 04-Aug-2022",International political parties strongly oppose Pelosi's visit to China's Taiwan region
"16:53, 04-Aug-2022",Late-season rice planting enters final stage in China
"22:30, 04-Aug-2022",Foreign ministries from many countries reiterate support for one-China policy
"17:25, 04-Aug-2022",Official poster unveiled for 12th Beijing International Film Festival
"12:03, 04-Aug-2022",PLA conducts military exercises and training activities around Taiwan island
"19:50, 04-Aug-2022",PLA flies more than 100 warplanes around Taiwan island
"15:43, 04-Aug-2022",PLA military drills around Taiwan to send strong signal: expert
"13:36, 04-Aug-2022","PLA conducts drills in eastern Taiwan Straits area, expected results achieved"
"11:23, 04-Aug-2022",Mainland denounces Pelosi's meeting with so-called human rights activists 
"15:11, 04-Aug-2022","Taiwan, the classic Pelosi show"
"21:56, 04-Aug-2022",Tornadoes in numbers: Big data reveals how they work in China
"10:16, 04-Aug-2022",Wang Yi: Taiwan question will end with national rejuvenation
"22:44, 04-Aug-2022",Watch China's scientists brave nature researching on Mount Qomolangma
"09:41, 05-Aug-2022","China, Laos vow to build unbreakable community with shared future"
"11:44, 05-Aug-2022","China, New Zealand vow to advance comprehensive strategic partnership "
"21:00, 05-Aug-2022","China, Sri Lanka laud long-lasting friendship "
"12:23, 05-Aug-2022","China, Thailand laud bilateral cooperation"
"17:55, 05-Aug-2022",China announces countermeasures over Pelosi's Taiwan visit
"16:21, 05-Aug-2022",China imposes sanctions on Nancy Pelosi over visit to Taiwan region
"07:07, 05-Aug-2022",China launches reusable experimental spacecraft
"17:00, 05-Aug-2022",China makes tech breakthroughs in marine industry to boost growth
"11:24, 05-Aug-2022","China manufactures first COVID-19 antiviral pill, adding oral option "
"14:48, 05-Aug-2022",China's first cross-sea high-speed railway completes ballastless track construction
"17:34, 05-Aug-2022",China summons Canadian diplomat over G7 statement on Taiwan
"15:31, 05-Aug-2022",China utilizes high-speed train for combat medical drill
"08:52, 05-Aug-2022",Chinese FM puts forward 4 proposals on promoting East Asia cooperation
"21:44, 05-Aug-2022",Chinese FM warns U.S. not to act rashly to avoid bigger crisis
"11:00, 05-Aug-2022",Chinese Foreign Ministry lodges representations over G7 Taiwan remarks
"09:46, 05-Aug-2022","Chinese, Turkish FMs meet for enhancing cooperation"
"09:13, 05-Aug-2022",Chinese mainland records 222 new confirmed COVID-19 cases
"20:41, 05-Aug-2022",Explainer: Why Taiwan is an inalienable part of China
"20:41, 05-Aug-2022",Mainland spokesperson: Majority in Taiwan's business sector can 'tell right from wrong'
"17:16, 05-Aug-2022",Chart of the Day: Multiple firsts of the PLA's military drills surrounding Taiwan island
"17:34, 05-Aug-2022",PLA continues joint exercises around Taiwan island
"09:05, 05-Aug-2022",Sea salt may help inhibit thunderstorms over oceans: study
"11:19, 05-Aug-2022","Taiwan residents rebuff Pelosi's visit, call for closer ties with Chinese mainland"
"19:44, 05-Aug-2022",The first Beijing Animation Festival opens 
"16:58, 05-Aug-2022",Traditional festival consumption speeds up China's economic recovery 
"16:02, 05-Aug-2022",U.S. remains committed to one-China policy: Blinken
"19:19, 05-Aug-2022",Vietnam reiterates commitment to one-China policy as foreign ministers meet
"11:18, 05-Aug-2022",Wang Yi meets with Lavrov on sidelines of ASEAN meeting
"21:57, 05-Aug-2022",The international community should realize the severity of Pelosi's visit: Wang Yi
"13:55, 05-Aug-2022",Western Inner Mongolia Series | Episode 2: Life in the desert
"19:22, 05-Aug-2022",Yao Ming: China's 3x3 basketball league is a completely new system
"22:05, 06-Aug-2022",12 China-made high-speed trains for Indonesia roll off production line
"16:59, 06-Aug-2022",Asia News Wrap: India's $19b 5G auction and more
"18:10, 06-Aug-2022",Biggest risk to stability of South China Sea is interference by powers outside region: Wang Yi
"17:49, 06-Aug-2022",Chart of the Day: Why the PLA's six drill areas around Taiwan matter
"20:12, 06-Aug-2022",China appreciates Iran's adherence to the one-China principle: Wang Yi
"10:39, 06-Aug-2022","China holding military exercises in Yellow Sea, Bohai Sea"
"17:45, 06-Aug-2022",Chinese FM makes 3-point proposal to strengthen East Asia cooperation
"16:46, 06-Aug-2022",Chinese Foreign Minister stresses role of ASEAN-centered cooperation platform
"09:12, 06-Aug-2022",Chinese mainland records 361 new confirmed COVID-19 cases
"11:43, 06-Aug-2022",Foreign envoys express opposition to Pelosi's visit to China's Taiwan region
"12:31, 06-Aug-2022",Former KMT Party leader: Pelosi's visit left Taiwan in mess
"09:52, 06-Aug-2022",HKSAR government fully supports sanctions on Pelosi
"16:47, 06-Aug-2022","Hainan reports 525 COVID-19 cases in 6 days, Sanya introduces 'static management'"
"17:13, 06-Aug-2022",PLA continues joint combat exercises around Taiwan Island
"14:28, 06-Aug-2022",Pelosi's 'farcical' Taiwan trip boosts one-China consensus: Wang Yi
"20:39, 06-Aug-2022","Test site for intelligent, connected vehicles built in central China's Wuhan"
"18:09, 06-Aug-2022","Space log: Two months in space, what has China's Shenzhou-14 crew done?"
"14:48, 06-Aug-2022",Wang Yi praises Russia's immediate reaffirmation of one-China principle
"16:51, 06-Aug-2022",Will solar-powered homes become a new trend in the countryside?
"14:39, 07-Aug-2022",Animals in solar terms: Liqiu
"14:24, 07-Aug-2022",CGTN BizTalk: U.S. Inflation Inflicts Pain on World Economy
"18:43, 07-Aug-2022",Chart of the Day: How is this PLA exercise different compared to 1996?
"17:03, 07-Aug-2022","China Weekly News Quiz: July 31-August 7, 2022"
"09:51, 07-Aug-2022",China receives data from newly launched ecosystem monitoring satellite
"15:44, 07-Aug-2022",China's Hainan conducts COVID-19 nucleic acid testing
"10:09, 07-Aug-2022","China's July export up 18%, beats expectations"
"14:44, 07-Aug-2022",Chinese-built large oil terminal operational in Kenya to secure energy
"09:13, 07-Aug-2022",Chinese mainland records 390 new confirmed COVID-19 cases
"15:39, 07-Aug-2022",Chinese new style tea: Innovative products reshaping tea market 
"09:32, 07-Aug-2022","Diamond League: Fraser-Pryce runs world-best 100m, Duplantis triumphs in pole vault"
"16:59, 07-Aug-2022","Foreign experts: Pelosi's visit to Taiwan region breaches one-China principle, damages relations"
"23:07, 07-Aug-2022",Foreign friendship organizations with China strongly condemn Pelosi's visit to Taiwan
"12:48, 07-Aug-2022",PLA Eastern Theater Command continues joint exercises around Taiwan
"12:57, 07-Aug-2022",Taiwan region key to U.S. geopolitical goal to contain Indo-Pacific  
"22:55, 07-Aug-2022",China appreciates Bangladesh's adherence to one-China principle
"23:23, 07-Aug-2022",Wang Yi points out three U.S. mistakes in Pelosi's Taiwan visit
"22:24, 08-Aug-2022","About 2,000 medical workers dispatched to Sanya to help fight COVID-19"
"16:53, 08-Aug-2022",Cafés helping preserve Shanghai's historical landmarks
"09:47, 08-Aug-2022",China defends countermeasures over Pelosi's Taiwan region visit
"10:32, 08-Aug-2022",China eases COVID-19 suspension measures for international flights
"14:55, 08-Aug-2022",China makes breakthrough in cancer treatment via immunotherapy
"20:23, 08-Aug-2022",China opposes distortion of one-China principle
"14:17, 08-Aug-2022",China rides on greater fitness awareness to build a better future
"14:19, 08-Aug-2022",China starts to build its second home-grown large cruise ship
"14:44, 08-Aug-2022",China unveils first scientific outcome of Tianwen-1 SEP observations
"09:13, 08-Aug-2022",Chinese mainland records 380 new confirmed COVID-19 cases
"17:04, 08-Aug-2022",Documentary 'Rong Bao Zhai' honors 350-year-old cultural brand
"10:52, 08-Aug-2022",HK cuts hotel quarantine for COVID-19 to 3 days from 7 
"12:15, 08-Aug-2022",State Council appoints secretary-general of Committee for Safeguarding National Security of HKSAR
"00:23, 08-Aug-2022",Here are the 10 breakthroughs in China's 2022 Taiwan military drill
"23:05, 08-Aug-2022",More than 30 new types of robots to debut at 2022 Beijing Robot Show
"19:12, 08-Aug-2022",National Fitness Day: China embraces sports for a healthy lifestyle 
"12:31, 08-Aug-2022",PLA Eastern Theater Command continues joint exercises around Taiwan
"00:53, 08-Aug-2022",PLA drill around Taiwan: What has been accomplished and what's ahead?
"20:58, 08-Aug-2022",Shanghai aims to expand coffee industrial chain
"23:11, 08-Aug-2022",Virtual power plants gain steam amid China's rising power demand
"09:21, 08-Aug-2022",Western Inner Mongolia Series | Episode 3: The ship of the desert
"19:13, 08-Aug-2022",Xi sends condolences to Cuban president over fuel farm explosions
"09:56, 09-Aug-2022",'A Decade of Change' | Ep. 30: Ningxia Hui Autonomous Region
"21:12, 09-Aug-2022",China: Countermeasures over Pelosi's Taiwan region visit are necessary warning
"13:51, 09-Aug-2022",China issues draft encouraging autonomous vehicles in taxi sector 
"08:18, 09-Aug-2022",China's second lab module Mengtian for space station moved to launch site
"14:33, 09-Aug-2022",China's commercial rocket CERES-1 Y3 launches three satellites
"23:24, 09-Aug-2022",China's first maglev suspension railway undergoes test run
"10:04, 09-Aug-2022",Chinese NGO reveals U.S. violation of human rights in Middle East
"13:43, 09-Aug-2022",No room for ambiguity on one-China principle: Chinese vice FM
"09:14, 09-Aug-2022",Chinese mainland records 399 new confirmed COVID-19 cases
"14:32, 09-Aug-2022",Unboxing China: How does China help its 10.76 million college graduates get jobs?
"17:03, 09-Aug-2022","Medvedev retains men's top spot, Williams drops huge retirement hints"
"12:23, 09-Aug-2022",Mengtian lab module arrives at launch site
"12:56, 09-Aug-2022",One of the fastest growing cities in China: Quanzhou in Fujian Province
"12:51, 09-Aug-2022",PLA continues live-fire joint military exercises around Taiwan
"18:48, 09-Aug-2022",Pelosi's visit to Taiwan region is a political farce: vice FM
"21:14, 09-Aug-2022",Pelosi's visit to Taiwan region violated one-China principle: vice FM
"14:23, 09-Aug-2022",Quanzhou's Estuary Docks: Bridging the distance to the world
"12:53, 09-Aug-2022",Rising Star Cities: Decoding Quanzhou City with CGTN
"15:25, 09-Aug-2022",Stranded passengers allowed to leave Hainan amid COVID-19 flare-up
"18:46, 09-Aug-2022",U.S. and 'Taiwan independence' forces are changing the status quo of the Taiwan Strait: vice FM
"22:54, 09-Aug-2022",Wang Yi calls for stable development of China-ROK strategic partnership
"10:18, 09-Aug-2022",Western Inner Mongolia Series | Episode 4: Steppe toad-headed lizard
"12:47, 09-Aug-2022",Dortmund turn to former Chinese Super League striker Modeste after Haller health issue
"23:25, 09-Aug-2022",Xi Jinping extends congratulations on Singapore's 57th national day
"17:09, 09-Aug-2022","Xi Jinping replies to letter from teachers, students in Malta"
"07:58, 10-Aug-2022",China's economy becomes the world economy engine: survey
"02:52, 04-Aug-2022",From GBA to the rest of the world: Technologies empower logistics
"04:32, 06-Aug-2022",China's position on Pelosi's visit to China's Taiwan region
"04:11, 06-Aug-2022",Wang Yi: U.S. hollows out the One-China policy
"06:33, 10-Aug-2022",Biden signs bill to boost domestic semiconductor industry
