﻿"11:26, 01-Mar-2022",China's first regulations on preserving Yellow River basin take effect
"09:36, 01-Mar-2022","China's manufacturing PMI edges up to 50.2 in February, beating forecast"
"11:54, 01-Mar-2022",China to provide emergency food aid to drought-affected Horn of Africa countries
"20:57, 01-Mar-2022",China urges U.S. to immediately stop official exchanges with Taiwan region
"14:31, 01-Mar-2022",CMG's documentary collected by Chinese People's Revolution Military Museum 
"21:10, 01-Mar-2022",China calls for constructive efforts to find political solution to Ukraine issue
"15:38, 01-Mar-2022",Mainland-aided isolation facility in Hong Kong starts admitting COVID-19 patients
"15:44, 01-Mar-2022",Expert: Short-termism in U.S. getting ahead of long-term perspective in China-U.S. relations
"18:34, 01-Mar-2022","Side by side, mile by mile, Lu and Yin bond with every step"
"18:22, 01-Mar-2022","Xi tells young officials to have strong faith, work hard"
"09:00, 02-Mar-2022",Beijing 2022 Winter Paralympic Games torch relay kicks off in China
"14:07, 02-Mar-2022",China delivers world's first super-large LNG dual-fuel oil tanker
"19:55, 02-Mar-2022",Food security in China: Lawmakers to review bill ahead of key legislative session
"22:30, 02-Mar-2022",China's rocket startup: Not a replica of SpaceX 
"13:42, 02-Mar-2022",China's space tracking ship sails for Indian Ocean missions
"22:36, 02-Mar-2022",China will not join financial sanctions against Russia: official 
"22:17, 02-Mar-2022","Wang Yi: China firmly upholds political, diplomatic settlement of Iran nuclear issue"
"13:27, 02-Mar-2022",Chinese Paralympians unlock their potential in sports
"09:12, 02-Mar-2022",Chinese mainland records 224 confirmed COVID-19 cases
"22:39, 02-Mar-2022",Team China aim for breakthrough in alpine skiing at 2022 Winter Paralympics
"16:57, 02-Mar-2022",Mainland freight train bringing anti-virus supplies to HKSAR
"14:56, 02-Mar-2022",Beautiful birds frolic in NE China's Heilongjiang Province
"10:38, 02-Mar-2022",Whooper swans move northward after 4 months of wintering in E China
"15:36, 02-Mar-2022",Winter Paralympics flames combined at the Temple of Heaven in Beijing
"20:42, 02-Mar-2022","Xi tells armed police to always be faithful guardian of Party, people"
"17:59, 03-Mar-2022",'Bottlenecks still exist' in China's core technology: spokesperson
"16:13, 03-Mar-2022",2022 Winter Paralympics torch relay reaches Yanqing
"17:20, 03-Mar-2022","Beijing 2022 overachieves emissions target, plugs capital to green energy"
"11:24, 03-Mar-2022",China calls on UN to play positive role for de-escalation in Ukraine
"15:58, 03-Mar-2022",China conditionally approves 1st recombinant protein COVID-19 vaccine
"11:28, 03-Mar-2022",China criticizes U.S. 'ruthless misappropriation' of Afghan assets
"21:20, 03-Mar-2022",China in the same group with USA at 2022 Women's Basketball World Cup
"09:08, 03-Mar-2022","China releases plan to support carbon peak, neutrality goals"
"16:57, 03-Mar-2022",China's 'dynamic zero-COVID' policy helps steady global supply chain: spokesperson
"15:00, 03-Mar-2022","China's top political advisory body briefs media on economic development, zero-COVID strategy"
"18:10, 03-Mar-2022","China's whole-process people's democracy improves people's lives, development: CPPCC spokesperson"
"09:10, 03-Mar-2022",China voices concerns for safety of Ukraine's nuclear facilities
"09:22, 03-Mar-2022",Chinese mRNA COVID-19 antibody shields mice long-term
"09:11, 03-Mar-2022",Chinese mainland records 214 confirmed COVID-19 cases
"11:14, 03-Mar-2022","Guo Yujie, Wang Zhidong named China's Paralympics flagbearers"
"18:05, 03-Mar-2022",Key quotes: How Xi Jinping cares for persons with disabilities
"23:22, 03-Mar-2022","Relics in China reveal modern human lifestyle 40,000 years ago"
"20:33, 03-Mar-2022",Salvage of 160-year-old wooden shipwreck underway in Shanghai
"17:49, 03-Mar-2022","Spokesperson lauds 2022 Winter Olympics as impressive, memorable"
"14:11, 03-Mar-2022",This is China: What makes the 2022 Two Sessions special?
"18:23, 03-Mar-2022",UNGA resolution on Ukraine inconsistent with China's position: MOFA
"19:16, 03-Mar-2022",Unboxing China: What is China's annual government work report and what should we expect from it?
"18:05, 03-Mar-2022",Xi to attend opening ceremony of Beijing 2022 Paralympic Winter Games
"16:29, 03-Mar-2022",Youth Talk Ep. 1: Employment still top priority in China
"17:34, 04-Mar-2022",A brief history of Winter Paralympics
"11:31, 04-Mar-2022",Agenda adopted for fifth session of 13th National People's Congress
"18:00, 04-Mar-2022","CMG authorizes broadcast of 2022 Winter Paralympics opening, closing ceremonies"
"16:52, 04-Mar-2022",CPPCC calls members to reach out to all sections of society to promote unity
"16:33, 04-Mar-2022",China's top political advisor to promote high-quality development with high-quality recommendations
"15:40, 04-Mar-2022",CPPCC promotes good start to 14th Five-Year Plan
"17:20, 04-Mar-2022",CPPCC promotes implementation of the principle of 'Patriots governing Hong Kong' 
"13:04, 04-Mar-2022",China prioritizes developing countries for COVID-19 vaccine cooperation
"09:08, 04-Mar-2022",China's AG600 large amphibious aircraft gets financial-leasing support
"15:39, 04-Mar-2022",NPC spokesperson: China's anti-foreign sanctions law is 'defensive measure'
"16:38, 04-Mar-2022",China's dynamic zero COVID-19 policy still effective and responsible
"16:56, 04-Mar-2022",China's first F1 driver pumped up for his rookie year
"12:00, 04-Mar-2022",10 items on agenda for China's national legislature's annual session 
"14:59, 04-Mar-2022",China's top political advisor calls for enhancing unity among all Chinese
"16:31, 04-Mar-2022",China slams Mike Pompeo's claim of 'recognizing Taiwan' as nonsense
"21:39, 04-Mar-2022",China stands together with its people with disabilities for a shared future
"14:38, 04-Mar-2022",China to send 6 taikonauts to its space station in 2022
"07:32, 04-Mar-2022",China to use Long March-8 rocket for its satellite network launch missions
"09:16, 04-Mar-2022",Chinese mainland records 294 confirmed COVID-19 cases
"14:41, 04-Mar-2022",HK retired firefighter volunteers in fighting pandemic
"13:07, 04-Mar-2022",NPC spokesperson urges mutual respect and peaceful coexistence in China-U.S. relations
"22:58, 04-Mar-2022",Stunning views of Beijing 2022 Winter Paralympic Games opening ceremony
"10:49, 04-Mar-2022",Tang Dynasty stone carving found in central China
"14:33, 04-Mar-2022",There's no 'economic coercion' in China-Lithuania relations: NPC spokesman
"18:08, 04-Mar-2022",This is China: How has Two Sessions over past four years made a difference?
"13:19, 04-Mar-2022",Whole-process people's democracy effectively solves China's problems: NPC spokesperson
"17:48, 04-Mar-2022",Youth Talk Ep. 2: China calls for all efforts to be made to tackle teenage mental health 
"14:02, 05-Mar-2022","China prioritizes economic stability, innovation to address challenges"
"09:00, 05-Mar-2022",Highlights: Premier Li delivers 2022 government work report
"16:49, 05-Mar-2022",China launches satellites to test first low-orbit internet constellation
"09:07, 05-Mar-2022",China sets GDP growth target at 5.5% for 2022
"09:57, 05-Mar-2022",China to boost key agricultural products supply: Premier Li 
"09:59, 05-Mar-2022",China will clear all barriers to expand domestic demand: Premier Li
"10:28, 05-Mar-2022","Winter Paralympics: China wins its first gold medal, in Para biathlon"
"07:26, 05-Mar-2022",Chinese envoy calls for joint efforts to ensure safety of nuclear facilities in Ukraine
"09:12, 05-Mar-2022",Chinese mainland records 281 confirmed COVID-19 cases
"09:57, 05-Mar-2022",Chinese premier vows to deepen reform and strengthen market vitality
"17:39, 05-Mar-2022",Daily Quotes from 2022 Winter Paralympics on March 5
"12:21, 05-Mar-2022",Chinese lawmakers review draft method for HK to elect deputies to 14th NPC
"12:29, 05-Mar-2022",Chinese lawmakers review draft method for Macao to elect deputies to 14th NPC
"14:55, 05-Mar-2022",Serious errors found in U.S.-backed data on Chinese dams on Mekong River
"13:19, 05-Mar-2022",Graphics: What are China's targets in 2022?
"09:50, 05-Mar-2022",China targets high-quality development through innovation-driven strategies
"22:46, 05-Mar-2022","Key quotes: How Xi tells young officials to have strong faith, work hard"
"22:34, 05-Mar-2022",Li Duan becomes world's first blind athlete to light Paralympic flame
"12:31, 05-Mar-2022",Lovely photos of nutcrackers frolicking on tree branches
"16:56, 05-Mar-2022",Meet the designer of Beijing 2022 Winter Paralympics mascot Shuey Rhon Rhon
"10:35, 05-Mar-2022",Premier Li: China to further promote green and low-carbon development
"10:01, 05-Mar-2022",Premier Li: China to pursue higher-standard opening-up
"09:56, 05-Mar-2022",Premier Li says China to build on poverty-elimination achievements via rural revitalization
"22:02, 05-Mar-2022",Snowflakes inspire dance at 2022 Winter Paralympics opening ceremony
"16:18, 05-Mar-2022",This is China: What does analysis of Xi Jinping's words at Two Sessions reveal?
"22:26, 05-Mar-2022","China 'gravely concerned' about U.S.' recent words, deeds on bilateral ties: Wang Yi"
"18:30, 05-Mar-2022",Xi Jinping stresses ethnic unity and sense of community for Chinese nation
"20:38, 06-Mar-2022",A village's path to common prosperity
"21:19, 06-Mar-2022",Artists Association President: Mascot resonates with para athletes
"21:24, 06-Mar-2022","China Weekly News Quiz: Feb. 27-Mar. 6, 2022"
"20:27, 06-Mar-2022",Minister: China's Lancang River projects help adjust floods and droughts
"09:00, 06-Mar-2022",Chinese mainland records 329 confirmed COVID-19 cases
"18:16, 06-Mar-2022",Chinese mission to EU: All efforts conducive to de-escalation welcomed
"19:24, 06-Mar-2022",Chinese national lawmaker calls for efforts to spur rural growth
"19:51, 06-Mar-2022",Daily Quotes from 2022 Winter Paralympics on March 6
"23:05, 06-Mar-2022",Experts explain signals from China's 2022 government work report
"17:44, 06-Mar-2022",6 dead after fire in residential building in Taiwan region
"17:36, 06-Mar-2022",Mainland health experts visit Hong Kong's anti-epidemic community facilities
"22:18, 06-Mar-2022",Small-Town Stories: The eye-catching Liyang No. 1 Road
"17:22, 06-Mar-2022",Tangen on China: Can China deliver on its climate promises?
"17:05, 06-Mar-2022",Two Sessions is key to understanding China's whole-process people's democracy
"23:13, 06-Mar-2022",Visually impaired skier thanks her guide at 2022 Winter Paralympics
"12:54, 06-Mar-2022",Xi Jinping attends Inner Mongolia delegation's deliberation at NPC
"18:14, 06-Mar-2022","Xi Jinping stresses importance of food security, rural revitalization strategy"
"12:38, 07-Mar-2022",5 rescued birds released back into wild in Beijing
"13:39, 07-Mar-2022",CPPCC member on how to make better use of China's carbon goals
"17:06, 07-Mar-2022","China-ASEAN relations will speed ahead with common development, says Chinese FM"
"17:32, 07-Mar-2022","Wang Yi: China, Indonesia set example of mutually beneficial cooperation between countries"
"11:06, 07-Mar-2022",China-Japan ties at 50: A new chapter opened for bilateral relations
"14:46, 07-Mar-2022",China and the U.S.: It takes two countries to make peace
"12:29, 07-Mar-2022",China's Lancang River projects help tame floods and droughts
"09:05, 07-Mar-2022",China's Zhang Shuai wins third career title in Lyon
"11:21, 07-Mar-2022","China's imports, exports expand in first two months in 2022"
"12:26, 07-Mar-2022",China's political advisors stress importance of economic stability
"13:53, 07-Mar-2022",China should give 'green light' to private investment in more areas: CPPCC member
"22:49, 07-Mar-2022",China to build more computing centers in the west region
"16:25, 07-Mar-2022",FM Wang Yi: BRICS to form high-quality partnership to drive global development
"17:45, 07-Mar-2022","China to deepen capacity, energy cooperation with Central Asia"
"15:01, 07-Mar-2022","Highlights: Chinese FM Wang Yi on Ukraine crisis, China-U.S. ties"
"15:35, 07-Mar-2022",Wang Yi calls for China-U.S. ties to return to right path of stable development
"17:27, 07-Mar-2022",Chinese FM urges Japan to maintain bilateral ties on the right track 
"17:30, 07-Mar-2022",Chinese FM urges U.S. to unfreeze Afghan assets amid cold winter
"21:24, 07-Mar-2022",Chinese athletes bag top 3 medals in para men's snowboard cross SB-UL
"11:35, 07-Mar-2022",Chinese embassy urges UK to stop 'playing with fire' on Taiwan question
"09:23, 07-Mar-2022",Chinese mainland records 327 confirmed COVID-19 cases
"18:09, 07-Mar-2022",Daily Quotes from 2022 Winter Paralympics on March 7
"18:08, 07-Mar-2022",Ensuring food security highlighted in China's Two Sessions
"18:25, 07-Mar-2022",Expert: China remains a place of opportunities for foreign investment
"15:40, 07-Mar-2022",FM: Beijing 2022 shows a more 'confident and open' China to the world
"17:45, 07-Mar-2022",FM Wang Yi: China has no intention to make geopolitical gains
"16:33, 07-Mar-2022","FM Wang Yi: China to make BRI a 'belt of development', a 'road to happiness'"
"17:17, 07-Mar-2022",FM Wang Yi: Root of Korean Peninsula issue lies in security
"17:36, 07-Mar-2022",FM Wang Yi: There are no 'debt traps' between China and Africa
"18:05, 07-Mar-2022",FM Wang Yi highlights China-LAC cooperation in annual press conference
"19:06, 07-Mar-2022",Graphics: What did Wang Yi say at the 2022 press conference?
"23:20, 07-Mar-2022","Han Zheng tells Hong Kong, Macao lawmakers to aid SAR governments in COVID-19 control work"
"14:51, 07-Mar-2022",IPC specialist: Beijing 2022 sets bar on accessibility
"14:39, 07-Mar-2022",Interview with NPC deputy Li Dongsheng on China's economic development
"15:48, 07-Mar-2022",Lovely photos of Eurasian jays in snow
"22:39, 07-Mar-2022",NPC deputies from Taiwan delegation say government report 'good news' for SMEs
"21:20, 07-Mar-2022",Solar energy helps power Shanghai's subway
"13:00, 07-Mar-2022",Tangen on China: Future of China-U.S. relations
"16:10, 07-Mar-2022",Real goal of U.S. Indo-Pacific strategy is to establish new version of NATO: Chinese FM
"15:50, 07-Mar-2022",Wang Yi: China-Europe cooperation adds stability to an unstable world
"15:27, 07-Mar-2022",Wang Yi: China-Russia ties free from interference by third parties
"16:19, 07-Mar-2022",Wang Yi: Taiwan question differs in nature from Ukraine issue
"16:04, 07-Mar-2022",Wang Yi: Your motherland will always have your back
"10:54, 07-Mar-2022",Why China's whole-process democracy is a genuine institution
"18:46, 07-Mar-2022",Xi Jinping sends condolences to Pakistani president over terrorist attack
"19:13, 07-Mar-2022",Xi Jinping stresses running military in accordance with law
"01:14, 08-Mar-2022",Chinese FM holds phone conversation with top EU diplomat
"03:58, 04-Mar-2022","China prepares agenda, issues for Two Sessions meetings"
"03:52, 04-Mar-2022",Man narrowly escapes being crushed by a truck in Panzhihua
"06:30, 05-Mar-2022",Ambassador Qin Gang at the U.S.-China Dialogue Series opening session 
"06:51, 05-Mar-2022",Russia attacked Europe's largest nuclear power plant.
"06:30, 05-Mar-2022","Suicide bombing in Pakistan kills at least 56, injures 200"
"04:28, 08-Mar-2022",International Women's Day greetings from space
