﻿"12:45, 21-Feb-2022",Fukushima discharge: IAEA made 'significant progress' but Greenpeace had 'low expectations
"12:08, 21-Feb-2022",Pakistan to plant over 540 million trees from February to April
"09:58, 22-Feb-2022"," 'Growth' stocks still not cheap, cautions JPMorgan"
"07:24, 22-Feb-2022",34 killed in Cameroon's cholera epidemic
"07:20, 22-Feb-2022",59 dead in gold mine blast in southwest Burkina Faso
"09:40, 22-Feb-2022","75% of people want single-use plastics banned, global survey finds"
"12:42, 22-Feb-2022",Biden presented intelligence dating to October about Ukraine crisis
"12:50, 22-Feb-2022",Blinken has not canceled meetings with Lavrov yet
"10:09, 22-Feb-2022",Canada's parliament approves Trudeau's emergency powers
"15:26, 22-Feb-2022","China calls for calm, restraint and dialogue to ease Ukraine tensions"
"11:10, 22-Feb-2022",Chinese envoy calls for further dialogue on Ukraine crisis
"22:15, 22-Feb-2022",Death toll of gold mine blast in Burkina Faso rises to 63
"10:25, 22-Feb-2022","Death toll rises to 181 in Brazil's Petropolis mudslides, floods"
"07:42, 22-Feb-2022", Markets brace for heavy falls as Russia-Ukraine tensions escalate
"14:55, 22-Feb-2022","Iranian Oil Minister: Iran, Russia, Qatar have massive natural gas reservoirs"
"11:54, 22-Feb-2022",Iran hails nuclear talk 'progress' but insists U.S. sanctions end
"10:12, 22-Feb-2022",Libyan interim PM promises legislative elections by end of June
"15:00, 22-Feb-2022",M6.0 earthquake hits Argentina: USGS
"15:35, 22-Feb-2022",National Parks Tour: Grand Canyon National Park
"07:11, 22-Feb-2022",Putin recognizes two 'independent republics' in E Ukraine's Donbas
"22:21, 22-Feb-2022",Putin to meet with Pakistani prime minister on Feb. 24
"20:23, 22-Feb-2022","S. Korea reports 99,573 new COVID-19 cases, 2,157,734 in total"
"10:26, 22-Feb-2022",SpaceX launches more Starlink internet satellites to space
"21:02, 22-Feb-2022",Tonga back online as undersea cable repaired
"10:08, 22-Feb-2022",UN Security Council holds emergency meeting on Ukraine tensions
"19:47, 22-Feb-2022",Xi Jinping wishes Britain's Queen Elizabeth II a speedy recovery from COVID-19
"08:25, 22-Feb-2022",Zelenskyy says Ukraine waiting on support from partners
"10:17, 23-Feb-2022",2 killed after Mi-17 military helicopter crashes in northwestern Venezuela
"10:02, 23-Feb-2022",Brazil storm toll rises to 195 one week on
"15:24, 23-Feb-2022",China rejects unilateral sanctions on Russia over Ukraine 
"20:12, 23-Feb-2022","China's Metaverse Committee, Asia Digital Bank to jointly boost BRI digital economy"
"22:36, 23-Feb-2022",China's anti-epidemic supplies arrive in Kiribati
"19:27, 23-Feb-2022",European Union ambassadors approve sanctions against Russia
"07:31, 23-Feb-2022","Hostage siege in Amsterdam ends, armed man arrested: police"
"20:15, 23-Feb-2022",Iran says nuclear talks reach 'sensitive and important point'
"08:53, 23-Feb-2022",Israel carries out attack targeting southern Syria: report
"17:59, 23-Feb-2022",Lebanon thwarts three attacks planned by IS-linked militants
"17:41, 23-Feb-2022",Macron to kick off re-election bid in March: AFP
"13:44, 23-Feb-2022",Military contractor helicopter crash in Hawaii kills 4
"17:23, 23-Feb-2022",More developing countries join Winter Olympics at Beijing 2022
"17:16, 23-Feb-2022","Olympic review: Snowboard, freeski keep soaring at Beijing 2022 Games"
"13:51, 23-Feb-2022","One dead, 10 feared missing in Australia floods"
"10:14, 23-Feb-2022",Serbian president expresses military neutrality over Russia-Ukraine conflict 
"11:04, 23-Feb-2022",The ghost of slavery is still alive – in America's prisons 
"10:34, 23-Feb-2022",Thousands of olive trees to be donated to restore fire-stricken Ancient Olympia
"13:23, 23-Feb-2022",U.S. CDC doesn't publish most COVID-19 data: NYT
"12:23, 23-Feb-2022",UN chief says people must come first during pandemic recovery
"08:35, 23-Feb-2022",White House: Biden-Putin meeting 'certainly' not being planned
"23:05, 23-Feb-2022",Will gold face heavy sell-off once geopolitical tensions ease?
"18:29, 23-Feb-2022",Xi congratulates inauguration of Mwalimu Julius Nyerere leadership school
"15:03, 24-Feb-2022","9,000-year-old ritual complex found in Jordan desert"
"17:31, 24-Feb-2022",ASML seeks alternative sources for neon gas amid Ukraine crisis
"10:52, 24-Feb-2022",Beijing Winter Olympic organizers earn rave reviews from global athletes
"23:07, 24-Feb-2022",CGTN Sports Talk: Only Chelsea win in UEFA Champions League
"07:23, 24-Feb-2022",Canada's Trudeau ends emergency powers invoked to clear COVID-19 protests
"15:23, 24-Feb-2022",China calls on all parties to exercise restraint over Ukraine crisis
"12:49, 24-Feb-2022",China vows to boost support for export credit insurance
"19:21, 24-Feb-2022","China understands Russia's legitimate security concerns, Wang tells Lavrov"
"14:28, 24-Feb-2022",Chinese embassy in Ukraine issues security alert
"12:39, 24-Feb-2022",Chinese students complain of unfair treatment while entering U.S.  
"08:16, 24-Feb-2022","Death toll from landslides, floods in Brazil surpasses 200"
"13:53, 24-Feb-2022",Djokovic maintains winning return by beating Khachanov in Dubai
"17:34, 24-Feb-2022","Haiti police open fire on demonstrators, one journalist killed"
"19:07, 24-Feb-2022",Kyrie Irving may soon be able to play for Brooklyn Nets at home
"21:27, 24-Feb-2022",MLB reveals 2022 season to be shortened if no CBA deal is reached
"22:32, 24-Feb-2022","Oil tops $105, European gas prices soar after Russia attacks Ukraine"
"19:32, 24-Feb-2022","Olympic review: Norway rules Nordic events, big names sweep medals"
"13:11, 24-Feb-2022",Ongoing drought compounding impact of multiple shocks in Horn of Africa: World Food Program
"15:02, 24-Feb-2022",Over 3.1 billion doses of COVID-19 vaccines administered in China
"10:53, 24-Feb-2022",Putin announces 'special military operation' in Donbas region
"19:10, 24-Feb-2022",Putin begins meeting with the Pakistani Prime Minister
"11:06, 24-Feb-2022",Putin says Russia's plans do not include occupation of Ukraine  
"08:02, 24-Feb-2022",Queen Elizabeth II spoke with UK PM Johnson on Wednesday
"07:48, 24-Feb-2022",3 Syrian soldiers killed in Israeli strikes near Damascus: Syria state news
"18:50, 24-Feb-2022",U.S. Justice Department ends controversial 'China Initiative' 
"14:18, 24-Feb-2022",U.S. vaccination drive is bottoming out as Omicron subsides
"17:34, 24-Feb-2022",Ukraine breaks diplomatic relations with Russia
"19:28, 24-Feb-2022",Ukraine severs ties with Moscow as Russian troops move into Donbas
"14:57, 24-Feb-2022",WHO announces 2nd hub for training countries to make COVID vaccines
"15:58, 24-Feb-2022",When flowing water meets rocks in the Antelope Canyon
"12:07, 25-Feb-2022",15 FARC members killed during military operation in Colombia
"07:11, 25-Feb-2022",Biden announces additional sanctions against Russia
"21:59, 25-Feb-2022",Biden to nominate Ketanji Brown Jackson as first black woman to U.S. supreme court
"14:25, 25-Feb-2022","Brazil death toll rising after Petropolis torrential rain, medical and daily supplies needed"
"12:16, 25-Feb-2022","Chile's melting glaciers, a fast-disappearing gauge of climate change"
"22:17, 25-Feb-2022","China calls on Russia, Ukraine to solve issue through negotiation"
"17:25, 25-Feb-2022",EU wants to cut 'all links' between Russia and global financial system: France    
"21:03, 25-Feb-2022",Experts: Western sanctions wouldn't halt Russia's military actions
"12:40, 25-Feb-2022","Facebook, Twitter highlight security steps for users in Ukraine"
"11:20, 25-Feb-2022",Graphics: The military balance of power in Russia-Ukraine tensions 
"16:46, 25-Feb-2022",How do two of the world's biggest carbon emitters join hands to fight climate change
"14:52, 25-Feb-2022",Kyiv resident describes life around Ukrainian capital
"19:33, 25-Feb-2022",Lavrov: Putin says he is willing to negotiate with NATO
"18:31, 25-Feb-2022",Lavrov tells CGTN: Diplomatic negotiations are the way out
"10:30, 25-Feb-2022","M6.2 earthquake strikes Indonesia's Sumatra Island, killing at least 7"
"20:35, 25-Feb-2022",Paris replaces St. Petersburg as UEFA Champions League final location
"07:11, 25-Feb-2022","Putin briefs Macron, Modi and Raisi on Russia's military operation in Ukraine"
"16:16, 25-Feb-2022","Russian military takes full control of Chernobyl nuclear power plant, radiation level keeps normal"
"09:46, 25-Feb-2022",Tennis: Djokovic suffers shock defeat to Vesely in Dubai
"10:38, 25-Feb-2022","Kyiv reports loud explosions, fire on second day of Russian military operation"
"07:36, 25-Feb-2022",U.S. ex-cops found guilty of violating civil rights of George Floyd
"10:03, 25-Feb-2022",Racial minorities in U.S. report frequent COVID-19-related discrimination: Study
"21:10, 25-Feb-2022",U.S. returns part of land of military bases to ROK
"14:56, 25-Feb-2022",UN pledges $20M in humanitarian aid to Ukraine
"12:32, 25-Feb-2022","Ukraine crisis: Some 100,000 displaced, thousands flee abroad"
"13:28, 25-Feb-2022",Ukraine's president declares general mobilization
"14:50, 25-Feb-2022",Volunteers make vital contribution to Beijing 2022's tremendous success
"18:15, 25-Feb-2022",What to know about Chernobyl during the Ukraine-Russia conflict
"07:53, 25-Feb-2022",Zelenskyy: Ukraine 'left alone' to fight Russia
"02:34, 22-Feb-2022",Botswana to reduce COVID-19 isolation period to 5 days
"00:17, 22-Feb-2022",Africa's response to COVID-19 pandemic has emboldened continent: South African President
"02:35, 22-Feb-2022","Gaza receives 500,000 doses of Vacsera-Sinovac COVID-19 vaccines"
"01:59, 22-Feb-2022",Nigerian President urges repatriation of stolen artefacts 
"02:34, 22-Feb-2022",Nigerian army eliminates dozens of terrorists in Mandara mountains
"00:35, 22-Feb-2022","Turkey donates 100,000 COVID-19 vaccines to DR Congo"
"02:31, 22-Feb-2022",UK to end legal self-isolation for people with COVID-19 from Feb. 24
"01:30, 22-Feb-2022",Ukraine requests urgent UN Security Council talks on de-escalating tensions with Russia
"00:02, 23-Feb-2022",Canadian MPs pass vote on Emergencies Act use against convoy blockades
"01:45, 23-Feb-2022",China appoints special envoy for Horn of Africa affairs
"01:03, 23-Feb-2022",China's top legislator holds talks with Algerian parliament speaker
"02:37, 23-Feb-2022","EU readies sanctions against Russia, urges Moscow to return to diplomacy"
"01:16, 23-Feb-2022",New round of Syrian constitutional talks to be held in March: UN
"02:05, 23-Feb-2022","Nigerian VP calls for ECOWAS cooperation with international states, bodies to deter coups"
"00:45, 24-Feb-2022",83 percent of Africa's population yet to receive a single dose of COVID-19 vaccine
"01:11, 24-Feb-2022",Ghanaian expert says China-Africa cooperation in infrastructure to boost intra-regional trade
"01:00, 24-Feb-2022",EU Council president calls for emergency summit over Russia-Ukraine crisis
"02:25, 24-Feb-2022",More peripheral losses inflicted as US sheds off COVID-19 restrictions
"01:16, 24-Feb-2022",S. African experts call for BRICS to expand scope after COVID-19
"00:43, 24-Feb-2022",UN chief calls for de-escalation of the Russia-Ukraine crisis
"23:37, 24-Feb-2022",Ukraine fighting rages in Chernobyl near nuclear facility: official
"02:24, 25-Feb-2022",Chernobyl power plant captured by Russian forces-Ukrainian official 
"00:41, 25-Feb-2022","Mayor declares curfew in Ukrainian capital, Kyiv"
"02:26, 25-Feb-2022",Stoltenberg: NATO has no plans to send troops into Ukraine
"02:36, 25-Feb-2022",UK announces new set of sanctions against Russia
"01:35, 26-Feb-2022",German GDP growth in 2021 revised to 2.9 percent: Destatis
"03:15, 26-Feb-2022",Manchester United ends their sponsorship deal with Russia's airline 
"01:22, 26-Feb-2022",Russia suspended from Council of Europe
"03:20, 26-Feb-2022",Russia to restrict Facebook access for 'censoring' its media
"23:13, 21-Feb-2022","Russia claims five killed in Ukraine border breach, Kyiv brands it fake news"
"00:59, 22-Feb-2022","Solving Brexit issues can help UK & EU ""stand up"" to Russia says Truss"
"01:39, 23-Feb-2022",Donbas explained: The source of conflict on the Russia-Ukraine border
"01:53, 24-Feb-2022",Greece continues to exceed EU air quality levels in Athens
"03:02, 25-Feb-2022",Eye witness: Residents flee Kyiv and a shop sells knives and guns
"02:43, 26-Feb-2022",Kyiv kindness has shown 'how valuable life is'
"05:57, 22-Feb-2022",Flying into Dubai’s Museum of the Future
"04:34, 22-Feb-2022",Mexico is developing cryptocurrency
"06:26, 23-Feb-2022",A look back on Nixon's China visit
"00:15, 23-Feb-2022",All three defendants convicted of hate crimes in Arbery killing
"04:21, 23-Feb-2022",Black health amid the COVID-19 pandemic   
"06:23, 23-Feb-2022",China's role at the UN
"06:32, 23-Feb-2022",Grand Ethiopian Renaissance Dam begins generating electricity
"04:19, 23-Feb-2022",High cost of prescription drugs in the U.S.
"05:13, 23-Feb-2022",Museum of the Future opens its doors in Dubai
"03:57, 23-Feb-2022",Nixon's visit to China: 50 years on
"04:34, 23-Feb-2022",U.S. lifts ban on Mexican avocado imports
"06:55, 24-Feb-2022", Ray Dalio of Bridgewater Associates at CGCC Lunar New Year Gala 
"01:02, 24-Feb-2022",Authorities continue cleaning efforts for oil spill off coast of Peru
"01:02, 24-Feb-2022",China General Chamber of Commerce holds Lunar New Year gala
"06:49, 24-Feb-2022",Dogs run alongside humans for UAE's HK9 Canicross 2022
"01:46, 24-Feb-2022",Electric motors gain popularity in boating industry
"01:46, 24-Feb-2022",Mexico’s economy struggles to bounce back after pandemic recession
"01:02, 24-Feb-2022",Recession hitting Mexico's economy 
"03:31, 24-Feb-2022",Russia-Europe Nord Stream 2 pipeline operations on hold 
"04:48, 24-Feb-2022",Suicide rates on the rise for Black community
"06:49, 24-Feb-2022",Upcycling becomes growing trend in food industry 
"17:18, 25-Feb-2022",Ambassador Qin Gang commemorates 50th anniversary of Nixon's China visit
"06:28, 25-Feb-2022",Kyiv residents race to leave
"03:26, 25-Feb-2022",Most world leaders call on Russia to withdraw troops
"01:59, 25-Feb-2022",Peruvian coastline struggles to recover from oil spill
"03:52, 25-Feb-2022",Reparations for African Americans
"03:53, 25-Feb-2022",Rescue operation remains ongoing as many still missing in Brazil
"03:53, 25-Feb-2022",See how Nixon’s 1972 China trip affected Latin America
"03:27, 25-Feb-2022",See how a Chicago hospital helps the black community fight COVID
"03:52, 25-Feb-2022",See why this scientist insists on wearing a mask
"06:27, 25-Feb-2022",The economic impact of the Russia-Ukraine conflict escalates
"03:53, 25-Feb-2022","Violent landslides, floods devastate rural Bolivia"
"06:27, 25-Feb-2022",What is SWIFT?
"03:37, 26-Feb-2022",Who is the U.S. Supreme Court Nominee Ketanji Brown Jackson?  
