﻿"21:04, 12-Aug-2022",CMG's 2022 Mid-Autumn Festival Gala: what to expect
"10:09, 12-Aug-2022",Changzhou – Chinese profound heritage site and dinosaur land
"19:28, 12-Aug-2022",China imposes sanctions on Lithuanian official
"21:27, 12-Aug-2022",China is defensive rather than offensive
"10:51, 12-Aug-2022",China's commitment to opening-up a ray of hope in a bleak global economy
"18:06, 12-Aug-2022",China's first COVID-19 pill included in medical reimbursement list
"20:02, 12-Aug-2022",Chinese rocket carrying ship Yuanwang-21 to set sail for missions
"19:16, 12-Aug-2022",Chinese women's basketball team departs for European training camp
"22:03, 12-Aug-2022",FATRI: Building a complete semiconductor value chain in Quanzhou
"17:59, 12-Aug-2022","Graphics: Taiwan is part of China, a fact supported by history and law"
"21:48, 12-Aug-2022",Hengan Group: Household product maker takes digital strides for growth
"18:42, 12-Aug-2022","Huawei revenue further down in H1 amid U.S. sanctions, pandemic"
"22:08, 12-Aug-2022",MOFA: Pelosi's Taiwan trip has nothing to do with democracy
"21:29, 12-Aug-2022",PEAK: A true tale of Quanzhou's grit and perseverance
"17:51, 12-Aug-2022",Xi Jinping calls on int'l community to build global development partnership
"20:52, 12-Aug-2022",Want Want Group says it has adhered to One-China Principle since its founding
"14:20, 12-Aug-2022",We Talk: How do I view Japan's handling of nuclear wastewater?
"11:49, 13-Aug-2022",12th Beijing International Film Festival kicks off 
"18:16, 13-Aug-2022",Ambassador: Japan shouldn't dance to the U.S. tune on Taiwan question
"20:46, 13-Aug-2022",Experts: Beijing's white paper sets tone for future cross-strait policies
"12:05, 13-Aug-2022",China submits instruments of ratification of forced labor conventions with ILO
"18:21, 13-Aug-2022",China's Shenzhou-14 astronauts to conduct their first spacewalk in coming days
"15:22, 13-Aug-2022",China sees significant progress in air quality over decade
"09:17, 13-Aug-2022",Chinese mainland records 704 new confirmed COVID-19 cases
"19:34, 13-Aug-2022","7 dead, 8 injured in flash floods in SW China's Sichuan Province"
"19:51, 13-Aug-2022",Lyu Xiaoming helps kids fall in love with basketball in vacation
"21:36, 13-Aug-2022",Moroccan ambassador: Morocco adheres to one-China policy
"16:38, 13-Aug-2022",U.S. no longer 'shining beacon' for Chinese: scholar
"16:30, 13-Aug-2022",World Elephant Day: One year after return of famed migrating elephants 
"17:20, 14-Aug-2022",Discover a unique cycling experience as Tour of Qinghai Lake heralds new era
"23:01, 14-Aug-2022",CGTN poll: 78.34% of people believe China vitalized world economy
"14:01, 14-Aug-2022",China Space Station: How to reduce equipment noise in the Wentian?
"19:35, 14-Aug-2022","China Weekly News Quiz: August 7-14, 2022"
"20:26, 14-Aug-2022",China lodges stern representations with Japan over official's visit to Yasukuni Shrine
"20:39, 14-Aug-2022",China defeat Japan to win AVC Cup for Men again after 10 years
"09:17, 14-Aug-2022",Chinese mainland records 684 new confirmed COVID-19 cases
"10:11, 14-Aug-2022",How new ocean buoys improve fish farming in S. China's Quanzhou
"22:07, 14-Aug-2022","Graphics: Increased trade, exchanges beneficial to people across Taiwan Straits"
"16:31, 14-Aug-2022","M5.9 quake strikes NW China's Yushu, no casualties reported"
"18:00, 14-Aug-2022",Taiwan's New Party makes positive contributions to cross-strait relations: mainland spokesperson
"23:29, 14-Aug-2022",What's behind Tsai's role in Pelosi's Taiwan show?
"15:55, 14-Aug-2022",Xi Jinping replies to letter from grassroots heroes
"13:12, 15-Aug-2022",12th Beijing International Film Festival spotlights living with disabilities
"17:48, 15-Aug-2022",CMG steps up cooperation to tell Macao's story
"23:06, 15-Aug-2022",COVID-stricken Hainan steps up effort to help stranded tourists leave
"15:59, 15-Aug-2022","Chinese, UK scientists find graphene efficient in extracting gold from waste"
"19:03, 15-Aug-2022",China achieves new breakthroughs in UAV for weather modification
"23:08, 15-Aug-2022",China is ready to work with developing countries: Wang Yi
"21:16, 15-Aug-2022",China sees spike in AI chipmakers amid surging demand for NEVs
"16:45, 15-Aug-2022",China voices opposition to U.S. lawmakers’ visit to Taiwan region
"16:07, 15-Aug-2022",China vows to safeguard sovereignty after U.S. lawmakers' Taiwan visit
"09:44, 15-Aug-2022",Chinese embassy warns U.S. lawmakers of countermeasures over fresh visit to Taiwan region
"09:14, 15-Aug-2022",Chinese mainland records 770 new confirmed COVID-19 cases
"16:03, 15-Aug-2022",Chinese snowboarder Su Yiming appointed Special Olympics East Asia Ambassador
"21:42, 15-Aug-2022",Expert: Economy in adjustment phase after pandemic 
"15:46, 15-Aug-2022",Experts: Why is summer 2022 so long and intense? 
"16:48, 15-Aug-2022",M4.7 earthquake hits NW China's Qinghai
"10:13, 15-Aug-2022",Modi pledges to make India developed nation in 25 years
"15:44, 15-Aug-2022",Names disclosed of members of Japanese chemical warfare unit in WWII
"14:57, 15-Aug-2022",PLA Eastern Theater Command organizes joint exercises around Taiwan
"23:09, 15-Aug-2022",SW China flash flood: A tragedy that shouldn't happen
"18:14, 15-Aug-2022",Smart chip prices collapse amid low market demands and high inventory
"15:13, 15-Aug-2022","U.S. troublemaker, saboteur of peace in Taiwan Straits: spokesperson"
"16:00, 15-Aug-2022",Xi's article on implementing new development philosophy to be published
"20:37, 16-Aug-2022",China: Vessel's stopover at Sri Lanka follows international practice
"17:49, 16-Aug-2022",China hands out movie coupons worth nearly $15 million
"18:08, 16-Aug-2022",China issues new guideline to boost birth rate
"19:25, 16-Aug-2022",China urges parties to stop fueling tensions on Korean Peninsula
"19:40, 16-Aug-2022","Chinese, Afghan media to hold TV forum on Afghanistan's post-war recovery"
"09:15, 16-Aug-2022",Chinese mainland records 591 new confirmed COVID-19 cases
"21:36, 16-Aug-2022",Commercial domestic flights resume in China's resort city of Sanya
"10:08, 16-Aug-2022",Diehard 'Taiwan independence' separatists to be sanctioned: mainland
"21:00, 16-Aug-2022",Experts: Streaming movies can bring windfalls for Chinese film makers
"16:01, 16-Aug-2022",New treasures unearthed from the Sanxingdui Ruins site
"20:22, 16-Aug-2022",Official: China to optimize policy environment for economic recovery
"21:50, 16-Aug-2022",Chinese premier urges 6 economic powerhouses to help support national recovery
"17:55, 16-Aug-2022",China's political party system thrives over past decade: official
"10:12, 16-Aug-2022",UK first to OK Moderna's updated COVID-19 shot against Omicron
"18:48, 16-Aug-2022",Xi Jinping sends condolences to Egyptian president over deadly church fire
"17:13, 17-Aug-2022","2022 Asian Para Games to open in Hangzhou from October 22 to 28, 2023"
"17:02, 17-Aug-2022",Beijing tightens entry rule amid growing COVID pressure 
"16:09, 17-Aug-2022","China, Chile vow to push bilateral relations to higher level"
"21:14, 17-Aug-2022",China Space Station: Homegrown solar array powers nation's space ambition
"19:28, 17-Aug-2022","China, Uzbekistan to hold 6th meeting of intergovernmental cooperation committee"
"09:58, 17-Aug-2022",China aim for better result at women's Volleyball World Championship
"12:31, 17-Aug-2022","China boosts sci-tech innovation in agricultural machinery, equipment"
"19:43, 17-Aug-2022",China expedites PPP projects to drive investment
"14:24, 17-Aug-2022",China isn't a threat to American people: Veteran U.S. peace activist
"23:01, 17-Aug-2022",China briefs on achievements and measures on ethnic unity and progress in the past decade
"20:41, 17-Aug-2022",China's first oral pill boosts COVID-19 treatment options
"20:57, 17-Aug-2022",China's fiscal revenue falls in first 7 months
"20:59, 17-Aug-2022",China witnessing the strongest heatwave since 1961
"09:23, 17-Aug-2022",Chinese mainland records 637 new confirmed COVID-19 cases
"18:38, 17-Aug-2022",Chinese military to attend Russia's Vostok-2022 strategic military drills 
"22:16, 17-Aug-2022",Chinese premier urges support for new energy vehicles
"22:51, 17-Aug-2022","Chongqing battles wildfire amid heatwave, no casualties so far"
"13:21, 17-Aug-2022",Communicating with the world via Chinese animation
"17:39, 17-Aug-2022",Cross-strait communities share family origins
"18:22, 17-Aug-2022",Long-time captain Zhou Peng says goodbye to Guangdong Southern Tigers
"12:30, 17-Aug-2022",Over 15% of China's population to be scientifically literate by 2025
"10:48, 17-Aug-2022",Putin: Pelosi's Taiwan visit is to destabilize and sow chaos in the region
"18:36, 17-Aug-2022",Sanctions on 'Taiwan independence' diehards completely legitimate: spokesperson
"09:48, 17-Aug-2022",Shanghai-developed mRNA vaccine approved for clinical trials
"12:31, 17-Aug-2022",Western Inner Mongolia Series | Episode 10: Grassland rhapsody
"10:48, 17-Aug-2022",Xi Jinping urges industrial restructuring in NE China for continuous revitalization
"13:04, 18-Aug-2022",29 defendants in Hong Kong plead guilty to subversion
"10:30, 18-Aug-2022",Death toll rises to 23 in flash flood in NW China's Qinghai
"14:16, 18-Aug-2022","Chinese ambassador calls on U.S., UK to handle ties with China by showing respect"
"21:11, 18-Aug-2022",Graphics: China-Europe freight train injects vitality into global recovery
"15:54, 18-Aug-2022",China: U.S. bill to boost chips distorts global supply chains
"15:29, 18-Aug-2022","China allocates 420m yuan to support flood, drought relief"
"19:28, 18-Aug-2022",China rations power amid record-high heat wave
"15:52, 18-Aug-2022",China resolutely opposes U.S. trade talks with Taiwan region
"22:23, 18-Aug-2022",China's Sichuan takes steps to ensure power supply amid record heat wave
"10:30, 18-Aug-2022",China's largest container-like computing facility connects to network
"14:46, 18-Aug-2022",Chinese culture themed conference held in Beijing
"09:22, 18-Aug-2022",Chinese mainland records 682 new confirmed COVID-19 cases
"16:48, 18-Aug-2022","Chongqing in SW China hits 45 C, a record high temperature"
"18:20, 18-Aug-2022","Cincinnati Open: China's Zhang Shuai into last 16, Nadal loses on return"
"09:13, 18-Aug-2022","Coexistence, cooperation, the only right choice for China-Japan ties: Yang Jiechi"
"12:18, 18-Aug-2022",Beijing Int'l Film Festival: Director Lucrecia Martel on Argentina-China cultural exchange 
"10:59, 18-Aug-2022","Interview with Hu Zhifeng, vice president of Beijing Film Academy"
"18:32, 18-Aug-2022",Painting by Chinese artist Huang Zhou inspires future generations
"18:25, 18-Aug-2022",Skiing and curling robots shine at World Robot Conference
"19:51, 18-Aug-2022",Wang Shuang scores first goal for Racing Louisville
"20:56, 18-Aug-2022",Wildfire reignites in SW China's Chongqing amid record heatwave
"09:40, 18-Aug-2022",China highlights revitalizing northeast in drive for common prosperity
"16:29, 19-Aug-2022",A path to war with China isn't in U.S. interest: American peace activist
"19:50, 19-Aug-2022",China and India have wisdom to 'help each other succeed': spokesperson
"19:46, 19-Aug-2022",China always supports firms seeking overseas listings: cyber regulator
"23:24, 19-Aug-2022",China appreciates France's adherence to one-China policy: Wang Yi
"17:15, 19-Aug-2022",China assembles world's largest plexiglass structure to detect neutrinos
"14:27, 19-Aug-2022",China denounces 'Chinese debt trap' accusation as a lie
"22:08, 19-Aug-2022",China in past decade: Five major achievements of its internet development
"16:35, 19-Aug-2022",China launches program to help film industry tackle COVID-19 impact
"16:15, 19-Aug-2022",China's Doctors' Day: How technology helps doctors and patients
"09:25, 19-Aug-2022",China's IDM enterprises confident of achieving chip self-sufficiency
"19:35, 19-Aug-2022",China's Olympic champion Gao Tingyu wants to be an iconic speed skater
"13:45, 19-Aug-2022",China's climate testimony against U.S. incrimination
"11:28, 19-Aug-2022",China sets up working group to advance talks on joining DEPA
"20:09, 19-Aug-2022",China urges U.S. not to miscalculate its resolve to defend sovereignty
"15:03, 19-Aug-2022",Chinese court fines conglomerate Tomorrow Holding $8.09 billion
"09:34, 19-Aug-2022",Chinese mainland records 603 new confirmed COVID-19 cases
"14:07, 19-Aug-2022",Continuous heatwaves cause cutoffs in 66 rivers in Chongqing 
"11:01, 19-Aug-2022",Drought shrinks China's largest freshwater lake by 75 percent
"16:29, 19-Aug-2022",Historic achievements made in assistance to Tibet: official
"18:05, 19-Aug-2022",Increased policy support gives impetus to China's metaverse film sector
"14:28, 19-Aug-2022",Maiden flight for new UAV in China's 1st solar drone program 'Rainbow'
"14:08, 19-Aug-2022",National Archives of Publications and Culture preserving records of history in Guangzhou
"14:04, 19-Aug-2022","Sea Cup's first day targets air defense, counterterrorism"
"15:53, 19-Aug-2022",China's State Council to establish new system to lead work on birth policy
"10:08, 19-Aug-2022",Western Inner Mongolia Series | Episode 12: Rooted in the Desert
"20:42, 19-Aug-2022",Xi extends congratulations to World Vocational and Technical Education Development Conference
"12:59, 19-Aug-2022",COVID-19 epidemic: Xinjiang takes measures to help stranded tourists
"10:58, 19-Aug-2022",China's Zhang Shuai stuns World No. 2 Kontaveit to scale new heights in Cincinnati
"10:15, 20-Aug-2022",Baby panda and mother spotted three times in same place in four years
"23:14, 20-Aug-2022",Beijing International Film Festival closed on Saturday 
"20:27, 20-Aug-2022","Global Political Calendar: China-proposed security briefing at UN, China-ROK ties at 30"
"07:54, 20-Aug-2022",Charm of dance visualized at Beijing Intl. Dance Video Festival
"07:49, 20-Aug-2022",China launches new remote sensing satellite group
"22:58, 20-Aug-2022",China's Mengtian lab module slated to launch to space station in October
"09:23, 20-Aug-2022",Chinese mainland records 639 new confirmed COVID-19 cases
"23:22, 20-Aug-2022",Here are the coolest exhibits at 2022 World Robot Conference
"13:14, 20-Aug-2022",New baby care rooms spring up in public spaces across China
"14:12, 20-Aug-2022",Six secessionist group members in Hong Kong plead guilty to subversion: Hong Kong court
"19:53, 20-Aug-2022",World's 1st Hualong-1 power units operating smoothly in SE China
"17:51, 20-Aug-2022",Zeng Fanbo on joining CBA: I want to turn pressure into energy
"04:02, 19-Aug-2022",Chinese FM makes proposal on building China-Africa community with shared future
"05:37, 13-Aug-2022","FBI seeks espionage evidence against Trump, search warrant shows"
"04:19, 15-Aug-2022",What’s the cost of the U.S. delegation’s visit to China’s Taiwan? 
"06:25, 17-Aug-2022",Chinese Ambassador to the U.S. Qin Gang takes a joint interview of the U.S. mainstream media
"04:25, 17-Aug-2022","Zheng Zeguang: Taiwan is now a touchstone issue for the UK, the U.S. and for us in China"
"02:10, 20-Aug-2022",“The world is big enough for China and the U.S. ”Chinese Ambassador Qin Gang's interview with Al-Jazeera
