﻿"18:08, 12-May-2022"," Coastal fire engulfs dozens of homes, prompts evacuations"
"20:49, 12-May-2022",11 people confirmed dead in Cameroon plane crash
"20:55, 12-May-2022",At least 6 killed after Slovenia chemical factory explosion
"21:36, 12-May-2022",Scientists unveil first image of black hole at heart of our galaxy
"16:43, 12-May-2022",Journalist Shireen Abu Akleh's memorial service held in Ramallah
"19:52, 12-May-2022",COVID-19 deaths in Europe pass 2 million mark: WHO
"16:18, 12-May-2022",China says ready to support DPRK in fight against COVID-19
"11:28, 12-May-2022",Chinese envoy warns against more sanctions on DPRK
"17:38, 12-May-2022",Seoul: DPRK fires 3 short-range ballistic missiles toward eastern waters
"11:22, 12-May-2022","EU's Von der Leyen, Michel meet Japanese PM Kishida"
"22:08, 12-May-2022",EU warns against unilateral action by UK over Northern Ireland protocol
"10:46, 12-May-2022",Ep. 392: U.S. can’t afford to decouple from China
"10:28, 12-May-2022",Final refrain for iPod as Apple stops production
"15:02, 12-May-2022",Leaders: Finland must apply for NATO membership without delay
"20:51, 12-May-2022",Guinea opens judicial probe into ex-president Conde: AFP
"17:57, 12-May-2022",IEA cuts forecast for global oil demand growth in 2022 to 1.8 million barrels per day
"09:47, 12-May-2022","Inter beat Juve to win Coppa Italia, Chelsea eye Champions League spot "
"14:17, 12-May-2022",International Day of Plant Health: Appreciate the life of earth 
"14:20, 12-May-2022","One killed, several injured in a military plant explosion in Russia's Khabarovsk"
"20:42, 12-May-2022",Qatar's emir arrives in Iran for talks with Raisi
"16:03, 12-May-2022",Ranil Wickremesinghe to be next PM of Sri Lanka
"10:22, 12-May-2022","South Korean president appoints foreign, interior ministers"
"16:44, 12-May-2022","Sri Lanka court bans ex-PM Rajapaksa, allies from leaving country"
"21:11, 12-May-2022",Sri Lanka's new PM Ranil Wickremesinghe sworn in
"13:32, 12-May-2022","Sri Lankan president to appoint new PM, cabinet this week"
"17:25, 12-May-2022","U.S. COVID-19 death toll surpasses 1 million, but it isn't over"
"15:52, 12-May-2022","China urges U.S. to drop tariffs on Chinese goods 'in interest of U.S. firms, consumers'"
"21:49, 12-May-2022",U.S. producer price index up 11% in April
"14:20, 12-May-2022",UK economy grew by 0.8% in first quarter of 2022 
"11:16, 12-May-2022",UN chief calls for focus on ensuring global food security
"07:10, 13-May-2022","1 dead, 13 injured in blast in Pakistan’s Karachi"
"17:11, 13-May-2022","10 killed in Syria rebel attack, deadliest in years: monitor"
"11:48, 13-May-2022","12 killed in road accident in Hafizabad, Pakistan"
"07:27, 13-May-2022","45 dead in Cuban hotel explosion, national mourning decreed"
"16:36, 13-May-2022",7 Palestinians wounded by Israeli forces in Jenin camp clash: hospital
"12:17, 13-May-2022",Achieving peace is best protection for children in Ukraine: Chinese envoy
"08:38, 13-May-2022",At least 11 dead after boat capsizes off Puerto Rico: USCG
"16:48, 13-May-2022",At least 14 killed in accident in Nepal's Syangja
"10:40, 13-May-2022","Benzema shines as Real's 2nd-highest goalscorer, Spurs crush 10-man Arsenal"
"15:10, 13-May-2022",Beyond the Battlefield: An oil ban on Russia or a test of EU?
"19:54, 13-May-2022",Biden administration allocates $10b to fight crime in U.S.
"15:05, 13-May-2022",CIS foreign ministers’ meeting opens in Dushanbe
"19:16, 13-May-2022","China, U.S. can share common circle of friends: MOFA"
"22:21, 13-May-2022",China opposes attempts to build an 'Asia-Pacific version of NATO' 
"08:40, 13-May-2022",China to send 35 athletes to Gymnasiade 2022
"17:47, 13-May-2022",Xi exchanges congratulations with Croatian president on 30th anniversary of diplomatic ties
"16:43, 13-May-2022",EU Iran envoy briefly 'retained' at German airport
"18:20, 13-May-2022",Musk says $44b Twitter deal on hold over fake account data
"18:05, 13-May-2022",3 injured after explosion at mosque in Kabul
"20:23, 13-May-2022",Graphics: U.S. coronavirus deaths cross 1-million mark
"13:49, 13-May-2022",Palestinian wounded by Israeli fire in Jenin clash: AFP
"14:21, 13-May-2022",ICYMI: The week's quirky news from around the world
"11:07, 13-May-2022","Israel approves construction of over 4,000 settlement homes in West Bank"
"21:42, 13-May-2022",Israeli soldier dies from injuries sustained in raid near Jenin: PM
"08:12, 13-May-2022",M5.5 earthquake shakes Peruvian coast: IGP
"09:35, 13-May-2022",Psaki hints DMZ visit during Biden's upcoming ROK trip
"19:31, 13-May-2022",Queen Elizabeth visits horse show after missing parliament opening
"13:30, 13-May-2022",ROK president offers to send COVID-19 vaccines to DPRK: spokesperson
"18:49, 13-May-2022","Soaring bread prices spark protests, shops set on fire in Iran"
"15:40, 13-May-2022",Stalled Iran nuclear talks have been 'unblocked': EU's Borrell
"17:24, 13-May-2022",Swedish parliament unveils report on NATO membership
"22:37, 13-May-2022",Things to know about the new black hole photo
"19:47, 13-May-2022","Turkey 'not positive' about NATO membership for Finland, Sweden"
"07:14, 13-May-2022",U.S. Senate confirms Powell for second term as Fed chief
"14:01, 13-May-2022",U.S. govt finds burial sites at 53 Native American boarding schools
"18:25, 13-May-2022",UAE President Khalifa bin Zayed Al Nahyan dies at 73
"22:38, 13-May-2022","UK, Norwegian PMs discuss security, energy cooperation"
"15:24, 13-May-2022",War-left U.S. aerial bombs in Southeast Asia still a threat to locals
"19:33, 14-May-2022",17 people shot near NBA playoff game in Milwaukee: report
"15:25, 14-May-2022",2023 AFC Asian Cup will not take place in China
"07:11, 14-May-2022","27 dead, 40 hospitalized in fire at 4-story building in New Delhi"
"10:43, 14-May-2022","27 dead, 40 hospitalized in fire at 4-story building in New Delhi"
"07:14, 14-May-2022",5 killed as Israeli missiles hit central Syrian town: SANA
"14:51, 14-May-2022",6 dead after a truck turned over in SW Pakistan
"08:08, 14-May-2022","Biden and Jordan's King Abdullah discuss easing Israel, West Bank tensions"
"21:58, 14-May-2022",China-Europe freight train still in operation amid COVID-19 outbreak
"07:54, 14-May-2022",China urges destruction of WMDs during UN Security Council meeting
"07:15, 14-May-2022",Death toll climbs to 46 in Havana hotel blast
"11:20, 14-May-2022",Djokovic extends dominance in world rankings after thrilling 999th career win
"17:15, 14-May-2022",Dnipro offers long-term humanitarian aid to refugees
"11:40, 14-May-2022",EU coordinator's talks with Iran 'better than expected': Borrell
"19:01, 14-May-2022",Four Sri Lankan cabinet ministers sworn in
"21:45, 14-May-2022",ISIS claims responsibility for attack in Egypt: report
"10:41, 14-May-2022",India prohibits wheat export  
"10:07, 14-May-2022","Inflation in Russia hits 17.83% in April, highest since 2002"
"20:17, 14-May-2022",Israel police launch investigation after funeral incident
"16:09, 14-May-2022",Lukashenko plans bilateral talks with Putin on May 16
"16:58, 14-May-2022",French President Macron to visit UAE to mourn death of its president
"16:09, 14-May-2022",Muslims discrimination and human trafficking still rampant in U.S.
"16:50, 14-May-2022",NBA East semis on May 13: Tatum blows series to Game 7
"19:41, 14-May-2022",NBA West semis on May 13: Warriors beat Grizzlies to reach West Finals
"20:08, 14-May-2022",Putin says Finland shoud keep military neutrality as Finland seeks NATO membership
"17:03, 14-May-2022",Sheikh Mohamed bin Zayed Al Nahyan elected new UAE president
"21:51, 14-May-2022",South Korea defeats China to win second BWF Uber Cup title
"11:37, 14-May-2022",Thomas and Lyles claim 200m wins in Diamond League opener
"08:56, 14-May-2022",UN Security Council condemns killing of Al-Jazeera journalist
"08:04, 14-May-2022",UN chief mourns death of UAE president
"11:19, 15-May-2022",Abortion rights supporters rally across U.S.
"07:01, 15-May-2022",At least 10 killed in 'racially motivated' shooting in U.S. supermarket 
"16:00, 15-May-2022","At least 3 killed, around 25,000 affected in Assam floods, India"
"14:55, 15-May-2022",At least 6 killed in suicide blast in NW Pakistan
"10:19, 15-May-2022",China's handling of COVID-19 pandemic sets high standards for world: Pakistani FM
"17:51, 15-May-2022",Chinese badminton boss on Thomas & Uber Cup losses
"14:34, 15-May-2022",DPRK reports 15 new deaths with fever symptoms
"11:04, 15-May-2022","Djokovic reaches Rome final with 1,000th career win"
"17:49, 15-May-2022",Expert: 'Finlandization' for Ukraine is pretty much off the table
"16:39, 15-May-2022",F1 boss on Hamilton and jewelry ban: there has to be one rule for all
"18:03, 15-May-2022",Finnish government officially announces its application for NATO membership
"22:25, 15-May-2022",Finland to join NATO as Russia launches more missiles into Ukraine
"14:21, 15-May-2022","G7 nations promise more military, economic aid to Ukraine"
"11:52, 15-May-2022","Global Political Calendar: Biden's Asia trip, Australia's election, Sweden eyes NATO membership"
"12:09, 15-May-2022",Have the UK and U.S. lived up to their promises on Ukrainian refugees?
"19:52, 15-May-2022",India win historic first Thomas Cup by beating Indonesia
"20:29, 15-May-2022","Iran serious in Vienna talks, but not trusting 'enemy': negotiator"
"13:57, 15-May-2022",Israel reopens Gaza crossing after nearly two weeks
"20:28, 15-May-2022",At least 10 Palestinians injured in clashes with Israeli forces
"14:26, 15-May-2022",Kishida unveils plan to transform U.S. base in Okinawa into public park
"19:39, 15-May-2022",More refugees return home only to find houses destroyed
"22:05, 15-May-2022",Mortar attack near Somalia's presidential election site
"20:30, 15-May-2022",Oil refinery catches fire in Indonesia's Kalimantan province
"12:07, 15-May-2022",Lebanon holds first elections since its financial collapse
"15:15, 15-May-2022",Saudi Aramco net profit soars 82% in Q1 on high oil prices
"19:53, 15-May-2022",Somalia holds presidential election after long delay
"19:10, 15-May-2022","South Korean, U.S. presidents to hold summit on May 21"
"14:52, 15-May-2022",SpaceX successfully launches second batch of Starlink satellites
"13:27, 15-May-2022",Swedish people protest against plan to join NATO
"16:34, 15-May-2022",UAE's new president meets Macron in Abu Dhabi
"19:35, 15-May-2022","Where do Philadelphia 76ers, James Harden go after postseason failure?"
"12:06, 15-May-2022","Wielding a double-edged sword, Europe hurt by its sanctions on Russia"
"20:36, 15-May-2022",Will Finland and Sweden's NATO entry make Europe more secure?
"20:19, 15-May-2022",Xi Jinping sends congratulatory message to new UAE president
"20:20, 15-May-2022",Xi Jinping mourns passing of UAE President Sheikh Khalifa bin Zayed Al Nahyan
"07:18, 16-May-2022","3 killed, several injured in California, Texas shootings"
"08:14, 16-May-2022",At least 11 dead in Peru as bus crashes into ravine
"07:00, 16-May-2022",Hassan Sheikh Mohamud wins Somali presidential election  
"08:49, 16-May-2022",Lebanese Forces party says it has won at least 20 seats in parliamentary vote
"07:27, 16-May-2022","Sweden's ruling party backs joining NATO, paving way for bid"
"00:30, 13-May-2022",Africa faces COVID-19 upsurge driven by variant and eased health measures: WHO
"01:49, 13-May-2022",Kenya keeps fuel subsidy as government finances struggle
"03:18, 13-May-2022",U.S. Republican lawmakers subpoenaed in Capitol assault probe
"01:01, 14-May-2022",15 European nations urge Israel to reverse plan for more settler homes
"00:42, 14-May-2022","Biden speaks to Swedish PM, Finnish president amid NATO push"
"02:38, 14-May-2022","G7 backs more aid, weapons to Ukraine"
"01:38, 14-May-2022",Namibia's COVID-19 surge due to Omicron sublineage variants: minister
"01:36, 14-May-2022",UK's PM heads to Belfast as unionists stoke crisis with EU
"02:21, 15-May-2022",African leaders congratulate Mohamed bin Zayed on election as new UAE President
"02:22, 15-May-2022",Baby formula shortage worsening in U.S. prompts federal intervention
"02:21, 15-May-2022",Nigeria's electoral body concerned over security situation ahead of February vote
"02:21, 15-May-2022",Rwanda lifts mask mandate as COVID-19 numbers decline
"02:21, 15-May-2022","International partners urge Somali lawmakers to ""discharge their constitutional responsibility"" in Sunday's vote"
"02:21, 15-May-2022","UK to send 50 migrants to Rwanda in a fortnight, says PM"
"02:22, 15-May-2022",UN rights chief calls for investigations into the killing of female journalist in West Bank
"01:32, 16-May-2022",Africa's COVID-19 infections top 11.54 million
"01:31, 16-May-2022",Candidate withdraws from Somalia presidential election 
"01:32, 16-May-2022","Saed Abdullahi Deni wins first round of Somalia election, to proceed into second round alongside three others"
"01:32, 16-May-2022",Zimbabwe denies harboring Rwandese fugitive wanted for role in 1994 genocide
"00:20, 14-May-2022",Ukraine fighting threatens to ignite Moldova's frozen conflict
"17:49, 14-May-2022",West split on prospects of revived Iran nuclear deal 
"01:29, 15-May-2022",Greek tourism warns it faces acute staff shortages this summer
"03:16, 13-May-2022",Brush fire destroys mansions in Southern California 
"06:35, 13-May-2022",Coca farming threatens Peru's indigenous territories
"06:37, 13-May-2022",Highlights from the Google I/O 2022
"06:27, 13-May-2022",Latest clean energy trends in the cruise industry
"06:49, 13-May-2022",Report shows migrant disappearances in Mexico quadrupled in 2021
"06:24, 13-May-2022",U.S. hosts virtual meeting with leaders across the Americas
"06:36, 13-May-2022","U.S. investigates child deaths at Indian boarding schools, but offers no apology"
"06:30, 13-May-2022",White House hosts global COVID summit  
"00:23, 14-May-2022",Ambassador Qin talks tariffs while touring Sany factory in Atlanta
"05:14, 15-May-2022","About 200,000 children in the U.S. have lost a caregiver to COVID-19"
"00:33, 15-May-2022",Remarks by spokesperson of the Chinese Embassy in the U.S. on the improper remarks of the U.S. side on Hong Kong
"02:26, 15-May-2022",Company genetically modifies plants to light up when facing stress
"05:13, 15-May-2022",Dominica excludes Russians and Belarusians from citizenship program
"05:01, 15-May-2022",Pro-choice advocates march in U.S. cities for reproductive freedom
"01:34, 15-May-2022",Venezuela's food and fertilizer prices rise amid Russia-Ukraine crisis
"05:05, 15-May-2022",World's longest footbridge opens in Czech Republic 
"06:15, 16-May-2022", Lebanon votes in crucial parliamentary election
"06:38, 16-May-2022",Families flocking to breast milk banks during formula shortage
"06:16, 16-May-2022",Massive wildfire spreads in New Mexico
