﻿"16:06, 19-Jul-2022",Japanese figure skater Hanyu Yuzuru retires from competing
"21:09, 20-Jul-2022","8 killed, 23 injured in Turkish shelling in northern Iraq: report"
"21:40, 20-Jul-2022","Almost 14,000 monkeypox cases reported to WHO this year: Tedros"
"21:18, 20-Jul-2022",2022 World Athletics Championships: Australia's Eleanor Patterson wins women's high jump
"23:02, 20-Jul-2022",Canada's inflation soars to four-decade high
"23:11, 20-Jul-2022",Mali expels UN peacekeeping mission spokesperson
"22:43, 20-Jul-2022",Former Sri Lankan President Rajapaksa on short-term visit pass in Singapore
"20:46, 20-Jul-2022",Spanish PM says 'more than 500 died' from heatwave
"23:01, 20-Jul-2022",Sunak retains lead in UK PM race
"22:35, 20-Jul-2022",Ukraine's Yaroslava Mahuchikh wins silver medal in high jump at world championships
"21:19, 20-Jul-2022","2022 World Athletics Championships: Britain's Jake Wightman wins 1,500m gold"
"22:05, 21-Jul-2022","15 dead, 23,000 affected by rainy-season floods in Niger"
"16:50, 21-Jul-2022",18 killed in tribal feud in Papua New Guinea
"22:23, 21-Jul-2022",Biden tests positive for COVID-19: White House
"18:13, 21-Jul-2022","CGTN Sports Talk: How promising are Banchero, Holmgren, Smith Jr.?"
"21:00, 21-Jul-2022",Central Asia leaders' meeting held in Kyrgyzstan  
"14:20, 21-Jul-2022",Chart of the day: U.S. COVID-19 cases pass 90 million
"08:58, 21-Jul-2022",China hopeful despite losses at FIBA Asia Cup
"20:18, 21-Jul-2022",China's COVID-19 control measures still effective for Omicron variants
"11:23, 21-Jul-2022","China's Feng Bin wins discus throw gold, Liu Shiying eases into javelin throw final "
"19:55, 21-Jul-2022",Indian presidential election: Murmu to win by a huge margin
"22:21, 21-Jul-2022",Draupadi Murmu elected new Indian president
"20:02, 21-Jul-2022",Six people rescued from water after two boats collide in Rotterdam
"09:37, 21-Jul-2022",Final two candidates for UK PM decided: Rishi Sunak and Liz Truss
"11:13, 21-Jul-2022",Gu Ailing wins 'Best Breakthrough Athlete' at ESPY Awards
"16:43, 21-Jul-2022","Harden accepts big pay cut with 2-year, $68.6 million extension with 76ers"
"14:42, 21-Jul-2022",House committee to examine Trump's actions during Capitol attack
"16:09, 21-Jul-2022",Italian Prime Minister Mario Draghi resigns
"15:12, 21-Jul-2022",Italian PM Mario Draghi says will resign
"11:12, 21-Jul-2022",Italy's government beset by divisions as PM fails to unite coalition
"11:51, 21-Jul-2022",Japan rules out tightening monetary policy despite inflation
"10:04, 21-Jul-2022",Nord Stream 1 is due to resume after a 10-day halt for maintenance
"14:01, 21-Jul-2022",One million Americans have left labor market due to 'long COVID-19'
"12:20, 21-Jul-2022",Ranil Wickremesinghe sworn in as Sri Lankan president
"12:34, 21-Jul-2022",Russia restarts gas exports via Nord Stream 1
"21:46, 21-Jul-2022",South Africa's central bank raises key rate to 5.5%
"14:51, 21-Jul-2022","Tennis: Serena, Djokovic on U.S. Open entry list"
"21:22, 21-Jul-2022",Thailand confirms first local case of monkeypox infection
"11:07, 21-Jul-2022",U.S. House committee advances bill to ban assault weapons
"13:28, 21-Jul-2022",Vote count begins for next Indian president
"14:03, 21-Jul-2022",Women's Euro 2022: Stanway stunner sends England past Spain into semis
"07:09, 22-Jul-2022",At least 18 killed in police raid in Brazil's Rio de Janeiro
"10:46, 22-Jul-2022",Building Lives: China-Pakistan co-constructed motorway opens prosperity
"11:25, 22-Jul-2022",Building Lives: Kamau's dream house
"18:20, 22-Jul-2022",China lodges stern representations to Japan over smearing of defense policy
"18:50, 22-Jul-2022",China's Zhu Yaming reaches men's triple jump final at World Athletics Championships
"09:20, 22-Jul-2022","Chinese envoy urges immediate, full lift of unilateral sanctions on Syria"
"18:07, 22-Jul-2022","Death toll from hot waves tops 1,700 in Spain, Portugal: WHO"
"12:45, 22-Jul-2022",Dinesh Gunawardena sworn in as Sri Lankan prime minister
"19:44, 22-Jul-2022",EMA recommends smallpox vaccine against monkeypox
"18:45, 22-Jul-2022",EU launches new legal procedures against UK over N. Ireland
"16:31, 22-Jul-2022",Eurozone economic activity contracts in July
"11:07, 22-Jul-2022",Explainer: What's known about Biden catching COVID-19?
"15:46, 22-Jul-2022",France's hung parliament passes 20b-euro inflation package
"13:58, 22-Jul-2022",The Long Haul with COVID-19: French baker: Life without taste and smell
"11:16, 22-Jul-2022",Germany beat Austria to reach Women's Euro 2022 semifinals
"14:05, 22-Jul-2022",Global manufacturers see chip shortage easing
"12:03, 22-Jul-2022",Graphics: Heatwaves sweep across the globe
"07:17, 22-Jul-2022",Gunmen kill 17 in northwest Nigeria
"14:57, 22-Jul-2022",Mali army says it repelled 'terrorist' attack on military base near capital
"15:24, 22-Jul-2022",How do zoo animals keep cool on hot summer days
"07:12, 22-Jul-2022",Death toll rises to five after Israeli missiles strike near Damascus
"10:50, 22-Jul-2022",Japan approves discharge plan for treated nuclear-contaminated water
"16:51, 22-Jul-2022","Kyler Murray reaches a 5-year, $230.5 million extension with Cardinals"
"07:45, 22-Jul-2022",M5.9 earthquake hits Myanmar: CENC
"10:34, 22-Jul-2022",Middle East 'big troika' on Syrian settlement and new cooperation
"22:42, 22-Jul-2022",Part of China-Myanmar railway launched in Yunnan Province
"11:40, 22-Jul-2022","Polio case found in New York City suburb, first in a decade"
"14:20, 22-Jul-2022",Record temperatures set across U.S. as heatwave engulfs nation
"22:27, 22-Jul-2022",Republic of the Congo: The daily life of a station master
"18:24, 22-Jul-2022",Riot Games releases details for League of Legends Worlds 2022
"17:20, 22-Jul-2022",Road accident kills 30 in northern Nigeria: official
"16:27, 22-Jul-2022",Sri Lankan new cabinet sworn in
"08:04, 22-Jul-2022","Sri Lankan security troops raid protest camp, 50 injured"
"20:55, 22-Jul-2022","Twitter reports earnings miss, cites Musk buyout uncertainty"
"08:46, 22-Jul-2022",U.S. decathlete Scantling out of World Championships after doping suspension
"22:03, 22-Jul-2022",UN chief hails Ukraine grain deal as a 'beacon on the Black Sea'
"21:30, 22-Jul-2022",'Beacon of hope': Deal signed to resume grain exports from Ukraine by sea
"22:19, 22-Jul-2022","Ukraine, Russia sign separate 'mirror' deals on grain export with Türkiye, UN"
"11:34, 22-Jul-2022",'We'll never forget him': Football world mourns after death of Germany legend Uwe Seeler
"11:48, 22-Jul-2022",WHO to decide again if monkeypox is a global health emergency
"10:53, 22-Jul-2022",Wild tiger numbers higher than previously thought: IUCN
"18:27, 22-Jul-2022",Xi Jinping extends congratulations to Sri Lanka's new president
"16:22, 22-Jul-2022",President Xi Jinping wishes Joe Biden a speedy recovery from COVID-19
"11:09, 23-Jul-2022",'Extreme wildfires here to stay': Spanish ecology expert  
"11:59, 23-Jul-2022",60 U.S. House lawmakers urge Biden to declare national climate emergency
"18:10, 23-Jul-2022","Asia News Wrap: India, Sri Lanka get new presidents and more"
"20:54, 23-Jul-2022",At least 16 killed during armed clashes in Libyan capital
"14:00, 23-Jul-2022","At least 21 killed, 3 missing in south Iran floods"
"11:19, 23-Jul-2022","Chelsea beat Barcelona to sign Jules Kounde, Arsenal seal Oleksandr Zinchenko deal"
"22:04, 23-Jul-2022","China, South Korea draw at 1-1 at the East Asian Football Championship women's tournament"
"10:38, 23-Jul-2022",China welcomes signing of Black Sea grain exports agreement
"07:14, 23-Jul-2022",Former Trump adviser convicted of contempt of Congress
"17:03, 23-Jul-2022","Japan's daily COVID-19 cases top 200,000 for 1st time"
"12:36, 23-Jul-2022",China's Qieyang Shijie sets Asian record in winning bronze in 35km race walk at worlds
"20:47, 23-Jul-2022",Raiders QB Carr wants to put last season's turmoil in the past
"18:58, 23-Jul-2022",Sporadic gunshots heard in Afghanistan's Pul-e-Khumri city: local media
"12:21, 23-Jul-2022",Sweden strike last-minute winner to set up England Euro 2022 semifinal
"11:17, 23-Jul-2022",Thai PM survives fourth no-confidence vote
"22:12, 23-Jul-2022",WHO decides to declare global health emergency over monkeypox
"22:14, 23-Jul-2022",WHO declares global health emergency over monkeypox
"16:24, 23-Jul-2022",China's athletics head coach: Wang Jianan reminds me of Mike Powell in 1991
"18:01, 23-Jul-2022",When was the last time you saw Arsenal spend the most on transfers?
"12:30, 23-Jul-2022",White House identifies 17 close contacts following Biden's diagnosis
"19:05, 24-Jul-2022", 2 dead after building collapse in Myanmar's Mandalay
"23:03, 24-Jul-2022",16 people dead after migrant vessel capsizes in Bahamas
"07:40, 24-Jul-2022",3 injured in drive-by shooting at church funeral in Chicago
"09:32, 24-Jul-2022",2 Palestinians killed in Israeli raid in West Bank
"21:18, 24-Jul-2022",Algeria's Sonatrach reports malfunction at gas pipeline to Spain
"20:17, 24-Jul-2022","Biden's COVID-19 infection ""most likely"" caused by BA.5 variant"
"20:07, 24-Jul-2022",Blast in India's Chhapra kills 6
"22:56, 24-Jul-2022",Bolsonaro seeks reelection as president of Brazil
"20:11, 24-Jul-2022",CGTN Sports Talk: How much will Harden's $14m pay cut help the 76ers?
"10:25, 24-Jul-2022",China's Zhu Yaming wins men's triple jump bronze at WCH 2022
"22:48, 24-Jul-2022",Collaboration between Greece and China 
"12:48, 24-Jul-2022",Expert: General public shouldn't be worried by monkeypox
"19:10, 24-Jul-2022",Floods kill 10 in war-torn Yemen
"09:47, 24-Jul-2022",France end Dutch defense to reach Women's Euro 2022 semis
"16:30, 24-Jul-2022","Global Political Calendar: Indonesian president to visit China, 95th birthday of PLA"
"07:47, 24-Jul-2022",Heat wave claims 19 in July across U.S.
"19:39, 24-Jul-2022","Japan's Sakurajima volcano erupts, no damages reported"
"17:13, 24-Jul-2022",Lavrov calls on West to 'remove obstacles' to resolve food supply issues
"17:59, 24-Jul-2022",Man United ask Cristiano Ronaldo to confirm date for his return
"16:34, 24-Jul-2022",Phoenix Suns reach long-term extension with coach Monty Williams
"12:49, 24-Jul-2022",President Zelenskyy says Ukrainian forces moving into Kherson
"10:17, 24-Jul-2022",Sports clubs on north China's coast focus on increasing youth interest in sailing
"15:40, 24-Jul-2022",3 killed in shooting at university in Metro Manila
"12:50, 24-Jul-2022",Sri Lankan president orders speedy fuel distribution
"16:08, 24-Jul-2022","Ukraine conflict 5 months on, peace still nowhere in sight"
"08:34, 24-Jul-2022",White House says WHO declaration on monkeypox 'a call to action'
"15:54, 24-Jul-2022",Xi Jinping congratulates Bajram Begaj on inauguration as Albania's president
"07:30, 25-Jul-2022","Albania's new president sworn in, urges political unity"
"08:31, 25-Jul-2022",Denmark's Jonas Vingegaard wins Tour de France
"07:34, 25-Jul-2022",Kuwaiti emir appoints new PM
"07:47, 25-Jul-2022","4 people wounded in shooting at park in Los Angeles, California"
"08:26, 25-Jul-2022",Nigeria's Amusan breaks 100 meters hurdles world record
"08:28, 25-Jul-2022",Sri Lanka's presidential office reopens
"01:25, 21-Jul-2022",Iraqi PM condemns Türkiye for 'violation' after deadly Kurdistan strike
"03:06, 21-Jul-2022","Italian PM Draghi wins confidence vote, but three parties snub motion"
"03:03, 21-Jul-2022",Kenya announces stimulus package to help vulnerable households
"02:27, 21-Jul-2022",Namibia loses nearly 20 percent of forest in last 30 years: official
"01:59, 21-Jul-2022",Russian gas flow expected to resume at previous level: German pipeline manager 
"02:37, 21-Jul-2022",Wildfires rage across Europe as climate alarm sounded
"01:12, 22-Jul-2022",Iran says to gradually eliminate dollar in trade with Russia
"01:45, 22-Jul-2022","Italian parliament dissolved, paving way for early elections"
"01:22, 22-Jul-2022",New Paris police chief takes over after Champions League fiasco
"00:58, 22-Jul-2022","Türkiye, Finland, Sweden to meet in August to assess compliance in NATO bid: Turkish FM"
"02:59, 22-Jul-2022","Türkiye says Russia, Ukraine to sign UN grain export deal Friday"
"01:08, 22-Jul-2022",UN chief to visit Türkiye as Ukraine grain export deal looms
"00:27, 23-Jul-2022","Biden improving as mild COVID symptoms persist, White House says"
"01:15, 23-Jul-2022",Heatwave in Europe underscores need for effective action to combat climate change: WHO
"01:46, 23-Jul-2022",Iran says ready to begin normalization talks on 'political level' with Saudi Arabia
"00:45, 23-Jul-2022",Russia imposes restrictions on diplomatic missions of five European countries
"02:30, 23-Jul-2022",U.S. releases $270 million in military aid to Ukraine
"01:03, 23-Jul-2022",UK calls new EU legal proceedings over N. Ireland 'disappointing'
"00:31, 23-Jul-2022",Volkswagen CEO Diess to step down: statement
"01:00, 24-Jul-2022","Biden's physician releases latest update on his COVID-19 symptoms, treatment"
"02:24, 24-Jul-2022",Iran says it detains Israel-linked network planning sabotage
"02:29, 24-Jul-2022","Strong quakes jolt southern Iran, rescuers scour area"
"02:28, 24-Jul-2022",Türkiye summons Swedish charges d'affaires: diplomatic sources 
"01:29, 25-Jul-2022",Egypt reaffirms support for diplomatic solution to Ukraine conflict
"00:01, 25-Jul-2022",Kenya resumes khat exports to Somalia
"02:24, 25-Jul-2022",At least 24 dead in bus accident in central Kenya
"02:22, 25-Jul-2022",Somali president embarks on tour of Egypt
"00:40, 21-Jul-2022",EU asks member states to reduce energy consumption by 15%
"00:39, 23-Jul-2022",Germany announces multibillion dollar rescue plan for ailing gas giant
"02:32, 22-Jul-2022",Aspen Security Forum welcomed China's Ambassador to U.S. Qin Gang
"04:38, 22-Jul-2022","Brazil wastes 40% of its children’s talent, says World Bank study  "
"04:38, 22-Jul-2022",China's Ambassador to U.S. speaks at Aspen Security Forum
"04:38, 22-Jul-2022","Extreme heat, wild weather spreads across U.S. "
"06:28, 22-Jul-2022",Foreign policy experts analyze Afghanistan pullout a year later
"06:22, 23-Jul-2022",Exclusive: Taliban official discusses Afghanistan's future 
"06:22, 23-Jul-2022",Jan. 6 Hearings: What was Trump doing during the Capitol attack?
"05:44, 24-Jul-2022","California's Oak fire burns down homes, more than 6,000 acres "
"05:43, 24-Jul-2022",Celebrating 60 years of Spider-Man at the Comic-Con Museum
"05:43, 24-Jul-2022",Cubans restore coral reefs
"05:44, 24-Jul-2022",Monkeypox declared a 'global emergency' by World Health Organization 
"01:25, 25-Jul-2022",History of “Kuliang” builds friendships between American and Chinese people from the past to the present
