﻿"12:06, 16-Feb-2022",54 more unmarked graves found at another Canada indigenous school
"18:58, 16-Feb-2022",A third of top defense contractors use prison labor in U.S.: study
"20:29, 16-Feb-2022",Biden gives January 6 panel access to Trump's White House visitor logs
"12:58, 16-Feb-2022",COVID vaccination during pregnancy helps protect babies after birth: U.S. study
"17:18, 16-Feb-2022",China says war threat hyped up by U.S. fuels Ukraine crisis
"20:12, 16-Feb-2022",China's Qi Guangpu wins long-awaited Olympic gold in men's aerials
"19:27, 16-Feb-2022","China, France agree to promote cooperation in agriculture, green manufacturing "
"14:07, 16-Feb-2022",Figure skating: Valieva dominates rink despite doping scandal
"13:34, 16-Feb-2022",Football: Ronaldo breaks goal drought as United defeat Brighton
"19:30, 16-Feb-2022","India's Disco King Bappi Lahiri, composer of 'Jimmy Aaja,' dies at 69"
"18:35, 16-Feb-2022",Iran's top security official says 2015 nuclear deal is an 'empty shell'
"18:40, 16-Feb-2022","Kishida, Johnson talk over Ukraine situation"
"16:54, 16-Feb-2022",Kong Fanying a bright spark in China's alpine skiing toil at Beijing 2022
"18:22, 16-Feb-2022",Lieutenant-Colonel Damiba sworn in as Burkina Faso's president
"12:57, 16-Feb-2022","M6.1 earthquake strikes Funchal, Portugal: EMSC"
"15:47, 16-Feb-2022",M6.2 earthquake strikes Guatemala: USGS
"16:14, 16-Feb-2022","Myanmar military jet crashes after 'technical failure,' pilot dead"
"14:41, 16-Feb-2022",Netherlands detects highly contagious bird flu at chicken farm
"14:09, 16-Feb-2022",Over 2.9 million child COVID-19 cases reported in U.S. in past 4 weeks
"19:20, 16-Feb-2022","Putin, Bolsonaro hold meeting in Moscow"
"15:14, 16-Feb-2022","Russia announces end of Crimea military drills, troops leaving"
"22:53, 16-Feb-2022","S. Korea records 421,000 new COVID-19 cases in a week"
"17:04, 16-Feb-2022",The first month of the Chinese new year sees unique celestial events
"20:37, 16-Feb-2022",UK police launch probe into Prince Charles charity
"12:52, 16-Feb-2022","Branson's Virgin Galactic re-opens ticket sales for spaceflight, shares soar"
"21:06, 17-Feb-2022",'We had a plan': The foreign aerials coaches behind golden Team China
"12:55, 17-Feb-2022","ASEAN FMs reiterate commitment to ensure full, effective implementation of RCEP agreement"
"11:59, 17-Feb-2022","At least 13 women died in a wedding accident in Uttar Pradesh, India"
"07:03, 17-Feb-2022",Ukraine crisis: Diplomatic efforts must be 'pursued at full speed'
"21:18, 17-Feb-2022","Biden, Scholz discuss NATO reinforcements if Russia-Ukraine tensions escalate"
"22:50, 17-Feb-2022","CGTN Sports Talk: Finally, PSG are playing like a real strong team"
"15:54, 17-Feb-2022",China: Spreading false information won't help resolve the Ukraine situation
"12:07, 17-Feb-2022",China's Gu first in women's freeski halfpipe qualifiers at Beijing Olympics
"17:39, 17-Feb-2022",Daily Quotes from 2022 Winter Olympic Games on Feb. 17
"22:11, 17-Feb-2022",Experts speak highly of COVID-19 protocols at Beijing 2022
"11:21, 17-Feb-2022",FAA chief to resign on March 31
"12:09, 17-Feb-2022",Fauci says time to start 'inching' back toward normality
"16:20, 17-Feb-2022","France, partners to begin Mali military withdrawal"
"08:53, 17-Feb-2022",Honduran Supreme Court places ex-president under arrest
"16:20, 17-Feb-2022","Iran not seeking nuclear weapons, needs atomic energy: Khamenei"
"07:17, 17-Feb-2022",Iran says 'closer than ever' to an agreement in nuclear talks as U.S. notes talks in 'very final stages'
"07:10, 17-Feb-2022",Israel fires missiles on military sites near Syrian capital
"18:17, 17-Feb-2022",Japan to extend coronavirus quasi-emergency in 16 prefectures
"21:24, 17-Feb-2022",Japanese PM holds phone conversation with Russian President
"14:24, 17-Feb-2022",Kazakhstan approves military cooperation agreement with Russia
"07:54, 17-Feb-2022","M6.2 earthquake in Guatemala leaves 2 dead, triggers landslides"
"11:55, 17-Feb-2022","Marriott, AirBnB, others see global travel rebounding in 2022"
"19:57, 17-Feb-2022",NBA highlights on Feb. 16: Morris beats the buzzer for Nuggets
"12:13, 17-Feb-2022",Police issue ultimatum to protesters to leave Canadian capital
"11:49, 17-Feb-2022", Russian embassy urges U.S. to focus on diplomatic settling in intra-Ukrainian conflict
"20:26, 17-Feb-2022",Spanish agricultural drama 'Alcarras' wins Berlin film fest
"10:28, 17-Feb-2022","Taliban delegation holds talks with EU, U.S. diplomats in Doha for 2nd day"
"07:03, 17-Feb-2022","Torrential rain kills 104 in Brazilian tourist town, 35 missing"
"09:18, 17-Feb-2022",U.S. retail sales race to record high; economy shows strength ahead of rate hikes
"12:20, 17-Feb-2022","U.S. sea level to rise by 2050 as much as in past century, NOAA says"
"21:51, 17-Feb-2022",Russia expels U.S. deputy chief of mission: RIA
"14:24, 17-Feb-2022",UN chief calls for more cooperation with CSTO on Afghanistan
"11:34, 17-Feb-2022",Ukrainian and Russian skiers celebrate with a hug at Beijing Olympics
"12:18, 17-Feb-2022","Ukrainian military fire mortar shells, grenades on positions in eastern region "
"17:33, 17-Feb-2022","Ukraine, pro-Russia forces trade barbs over ceasefire violation"
"20:01, 17-Feb-2022","Urban noise pollution set to become 'top environmental risk,' says UN"
"09:19, 17-Feb-2022","WHO: New COVID-19 cases drop by 19% globally, deaths stable"
"22:49, 18-Feb-2022",At least 17 killed after fuel tanker explosion road accident
"11:22, 18-Feb-2022",IOC president praises CMG's Winter Olympics broadcast technology
"16:12, 18-Feb-2022",Putin calls on Ukraine to sit down with 'representatives of the Donbas'
"15:29, 18-Feb-2022",Boy trapped in Afghan well for three days dead: officials
"20:58, 18-Feb-2022",Canada's parliament cancels session as police clear protests
"07:09, 18-Feb-2022",Canadian police arrest protesters and warn of action to clear them
"22:35, 18-Feb-2022","China responds to EU challenge at WTO, vows to safeguard legitimate rights and interest"
"10:58, 18-Feb-2022",More gold for Gu as Team China's freestyle superstar wins Olympic halfpipe
"08:56, 18-Feb-2022",China urges effective implementation of Minsk agreements at UN meeting on Ukraine
"18:23, 18-Feb-2022",China warns against using war as smokescreen for bargaining on Ukraine
"21:41, 18-Feb-2022",Chinese aid for fighting COVID-19 arrives in Solomon Islands
"12:03, 18-Feb-2022",COVID may have spread in Europe in 2019: Norwegian study
"22:25, 18-Feb-2022","Death toll from Brazil landslides, floods rises to 136, over 200 still missing"
"15:16, 18-Feb-2022","Elon Musk, Tesla attack SEC for 'unrelenting' harassment"
"16:19, 18-Feb-2022","Exclusive: Bolivia's two-time Olympic flagbearer on power, pressure and future at Beijing 2022"
"19:25, 18-Feb-2022",Figure skating body to vote on raising competition age limit: AFP
"12:32, 18-Feb-2022",At least two injured after fire breaks out on ferry in Greece
"15:50, 18-Feb-2022",France win gold in biathlon women's 12.5 km mass start at Beijing 2022
"07:57, 18-Feb-2022",German Eurofighters reach Romania for NATO missions
"18:02, 18-Feb-2022",Chinese freeskier Gu credits medals on '99% hard work' as rivals back her to boost sport
"11:07, 18-Feb-2022",How President Eisenhower's worst nightmare became a reality 
"15:05, 18-Feb-2022",IAEA holds virtual briefing following Fukushima power plant visit
"18:39, 18-Feb-2022",Israel says intercepted drone from Lebanon 
"11:19, 18-Feb-2022",M5.2 quake strikes off Japan's Miyagi Prefecture
"21:57, 18-Feb-2022",Mali: France should withdraw troops from its territory 'without delay'
"07:39, 18-Feb-2022",Ukraine tensions: Russia slams Blinken speech at UN as 'dangerous'
"16:53, 18-Feb-2022",Putin to oversee nuclear drills during standoff over Ukraine
"21:23, 18-Feb-2022","Russian, U.S. defense chiefs speak over phone"
"10:47, 18-Feb-2022",Stunning photos of kingfisher diving into pond for fish
"08:03, 18-Feb-2022",U.S. Senate passes bill to prevent government shutdown
"11:08, 18-Feb-2022",U.S. says nuclear deal only days away if Iran 'shows seriousness'
"21:05, 18-Feb-2022",UN chief: Ukraine conflict would be 'catastrophic'
"17:48, 18-Feb-2022",Xi Jinping sends message of sympathy to Bolsonaro over rainfall disaster casualties
"19:14, 19-Feb-2022",13 die as Storm Eunice leaves many in Europe without power
"13:31, 19-Feb-2022","2 dead, 3 injured in Hpakant landslide, Myanmar"
"21:41, 19-Feb-2022",Analysis: Ukraine crisis and the energy dynamics
"15:57, 19-Feb-2022",Antibodies found to be more powerful months after mRNA COVID-19 vacs 
"19:26, 19-Feb-2022",At least 13 killed in suicide bombing attack in Somalia
"13:26, 19-Feb-2022",At least 9 dead as Storm Eunice batters Europe
"09:30, 19-Feb-2022",Brazil sets up priority action plans to preserve Amazon
"17:16, 19-Feb-2022","Canadian police arrest over 100 protesting truckers, including 3 organizers"
"21:57, 19-Feb-2022",Chinese duo Sui and Han win pairs figure skating gold at Beijing 2022
"18:08, 19-Feb-2022",Chinese snowboarder Su Yiming: Love is why I do the sport
"16:37, 19-Feb-2022",Common COVID-19 damages in red blood cells cause blood-vessel problems
"13:13, 19-Feb-2022",Daily Quotes from 2022 Winter Olympic Games on Feb. 19
"18:59, 19-Feb-2022",Ethiopia to generate electricity from Nile dam on Sunday
"21:24, 19-Feb-2022",French modelling agent who founded agency with Epstein dies in custody
"20:41, 19-Feb-2022",Global Political Calendar: 50th anniversary of Nixon's visit to China
"18:28, 19-Feb-2022",Horn of Africa struggling to cope with devastating drought
"11:14, 19-Feb-2022",India aims to be green hydrogen hub
"07:29, 19-Feb-2022",Judge rejects Trump effort to toss lawsuits accusing him of Jan. 6 conspiracy
"22:56, 19-Feb-2022",Major League Baseball postpones spring training as negotiations continue
"17:02, 19-Feb-2022","Mali army says 8 soldiers killed, 57 terrorists neutralized"
"11:35, 19-Feb-2022",New Zealand's Nico Porteous wins men's freeski halfpipe gold at Beijing 2022
"14:59, 19-Feb-2022",Police close in on protesters blockading Ottawa's downtown area 
"18:34, 19-Feb-2022",Reporter's log: How Ukrainians feel about West's 'imminent war' propaganda
"16:49, 19-Feb-2022",Rescued condors spread its massive wings soaring the Chilean Andes
"16:36, 19-Feb-2022",Fukushima residents voice concerns about Japan's nuclear contaminated water disposal plan
"17:57, 19-Feb-2022",Russia rejects claims of responsibility for cyberattack on Ukraine
"12:04, 19-Feb-2022",Presidents of Russia and Belarus meet ahead of new military drills
"20:31, 19-Feb-2022",Saudi ski program supervisor: Beijing 2022 motivates me to attend future Olympics
"15:02, 19-Feb-2022","Science Saturday: Space mission, fusion energy record, new HIV variant"
"08:01, 19-Feb-2022","Trump took classified documents from White House to Florida, National Archives says"
"07:12, 19-Feb-2022",UK's Johnson submits 'Partygate' questionnaire: Downing Street
"11:59, 19-Feb-2022",UN chief: 'No alternative' to diplomacy to resolve Ukraine-Russia crisis
"12:12, 19-Feb-2022","Vienna nuke talks 'very close to good, accessible agreement': Iran FM"
"12:29, 19-Feb-2022","WHO chief calls for cooperation, financing to end COVID-19 pandemic"
"18:30, 19-Feb-2022",What does Russia want and how has NATO responded? 
"08:04, 20-Feb-2022","Brazilian flooding, landslide death toll rises to 146"
"07:13, 20-Feb-2022",Iranian president urges sanction removal with French president
"07:07, 20-Feb-2022","Zelenskyy, Macron pursue immediate de-escalation options in eastern Ukraine"
"02:55, 17-Feb-2022",Austria to lift most COVID-19 restrictions in March
"01:33, 17-Feb-2022",Death toll from heavy rains in Brazil's Petropolis hits 55
"01:51, 17-Feb-2022",France warns Iran only days left to agree nuclear deal
"01:17, 17-Feb-2022",IATA welcomes Spain's decision to reject proposals to raise airport charges
"01:20, 17-Feb-2022",Leaders of countries suspended by AU set to miss Brussels Summit
"01:23, 17-Feb-2022",NATO looks to strengthen eastern flank following Russia threat
"00:39, 17-Feb-2022",Stakeholders hope African nations start commercial production of COVID-19 vaccines in 2023
"00:41, 18-Feb-2022",Africa's COVID-19 cases exceed 11.06 mln: Africa CDC
"00:59, 18-Feb-2022",Cambodia to vaccinate children from 3-5 years old amid rising Omicron cases
"02:16, 18-Feb-2022","Morocco, Germany agree to overcome ""misunderstandings"" in bilateral ties"
"00:25, 18-Feb-2022",South Sudan hails progress on China aided television project
"03:24, 19-Feb-2022","Ethiopia's exports of coffee, spices, tea up 52.4 percent"
"02:38, 19-Feb-2022","Global campaigners say discrimination, stigma hampering TB fight"
"01:46, 19-Feb-2022",IMF urges key G20 policy actions to safeguard economic recovery
"02:35, 19-Feb-2022",Kim Potter sentenced to two years in Daunte Wright’s death
"23:58, 19-Feb-2022","Lufthansa to suspend flights to Kyiv, Odessa from Monday"
"01:18, 19-Feb-2022",U.S unwilling to perceive Russia's key security demands: Putin
"02:51, 20-Feb-2022","African lobby urges climate action to deliver justice, green jobs for youth"
"02:22, 20-Feb-2022",At least 15 killed in suspected suicide bombing in Central Somalia 
"01:11, 20-Feb-2022",Kenya: China-built eastern bypass expansion in Nairobi to be completed in June
"01:11, 20-Feb-2022",Slovenia eases COVID-19 restrictions
"22:09, 16-Feb-2022",Russia's troop movements disputed but NATO shares some optimism 
"00:14, 17-Feb-2022",Claim and counterclaim causes confusion in the Ukraine/Russia border crisis 
"02:06, 17-Feb-2022","Pollution is killing more than COVID, U.N. report suggests"
"00:35, 18-Feb-2022",Berlinale Film Festival welcomes back moviegoers despite Omicron concerns
"03:00, 19-Feb-2022",European and African leaders promise partnership to 'build common future'
"03:03, 19-Feb-2022",Ex-IDF soldier trains Ukrainians to fight amid Russia tensions
"00:09, 19-Feb-2022","IOC boss slams Valieva's team, China wins another gold: Olympics update"
"05:29, 18-Feb-2022",Mudslides and floods kill at least 117 in Brazil's Petropolis
"04:13, 19-Feb-2022",Brazilian athlete on participating in the Beijing Olympics
"04:17, 19-Feb-2022",Colorado’s famed ski country celebrates snow sports
"04:09, 19-Feb-2022",Golf cashes in on growing popularity as pandemic pastime
"04:20, 19-Feb-2022",Mudslides and floods kill at least 117 in Brazilian city
"04:10, 19-Feb-2022",Private space companies gather to discuss future of commercial travel
"04:21, 19-Feb-2022",Utah continues Olympic spirit after hosting Winter Games in 2002
"02:33, 20-Feb-2022",Canadian police clash with protesters after weeks of demonstrations
"02:36, 20-Feb-2022",Chaos in Brazil as floods and landslides complicate rescue efforts
"02:40, 20-Feb-2022",China-Argentina mark 50 years of diplomatic relations
"01:20, 20-Feb-2022","Hyperinflation has ended in Venezuela, but economic crisis remains"
"01:20, 20-Feb-2022",Mummies of six children could be oldest mass sacrifice of its kind
"05:01, 20-Feb-2022",Rescue efforts continue in Brazil
"03:05, 20-Feb-2022",Sandy Hook elementary school mass shooting settlement and gun makers
"06:00, 20-Feb-2022","Two rescued after helicopter goes down in Miami Beach, Florida"
"05:04, 20-Feb-2022","U.S. Defense Secretary Lloyd Austin in Vilnius, Lithuania on Saturday"
"02:33, 20-Feb-2022",U.S. Vice President Harris addresses Munich Security Conference 
