﻿"23:00, 11-Jul-2022",Will Japan's Kishida carry on Abe's legacy as their party wins big in the upper house?
"22:11, 15-Jul-2022",At least 12 killed in raids on northern Togo villages
"16:17, 15-Jul-2022",Biden: Palestinians need 'political horizon' towards peace
"14:42, 15-Jul-2022",Building Lives: I'm building the tallest tower in Africa
"19:23, 15-Jul-2022",Close China win over Bahrain doesn't sweep issues under the carpet: coach
"12:15, 15-Jul-2022",Xi stresses strengthening sense of community for Chinese nation
"19:22, 15-Jul-2022",EU Commission approves €5.4b joint hydrogen project with 15 EU states
"10:27, 15-Jul-2022","EU seeks to reduce heating, cooling of buildings to save gas"
"21:11, 15-Jul-2022",Egypt to suspend activities of its contingent in Mali UN mission
"22:22, 15-Jul-2022",G20 finance leaders focus on food crisis
"08:23, 15-Jul-2022",G20 finance leaders meet in Bali with Ukraine crisis on agenda
"07:15, 15-Jul-2022",Italian president asks Draghi to rethink resignation
"20:36, 15-Jul-2022",Novavax COVID-19 vaccine may cause severe allergies: EMA
"15:00, 15-Jul-2022","Ranil Wickremesinghe sworn in as Sri Lankan acting president, vows to restore order "
"11:18, 15-Jul-2022",Cristiano Ronaldo's future in limbo as Chelsea rule out signing Man Utd superstar
"07:30, 15-Jul-2022",Saudi Arabia to open its airspace for all air carriers
"11:55, 15-Jul-2022",Sri Lankan parliament speaker formally accepts president's resignation
"19:28, 15-Jul-2022",Sri Lankan court bars former prime minister from leaving the country
"11:42, 15-Jul-2022",Sri Lanka: Parliament Speaker accepts Rajapaksa's resignation
"19:42, 15-Jul-2022",Sri Lankan ruling party supports interim president for presidency
"18:11, 15-Jul-2022",Su Bingtian happy just to compete at World Athletics Championships
"16:54, 15-Jul-2022",Suns match Pacers' offer of 4-year $133 million deal to keep Ayton
"11:32, 15-Jul-2022",Title favorites France beat Belgium to storm into Euro 2022 quarters
"07:53, 15-Jul-2022",U.S. House passes bill boosting Biden's record defense budget
"17:42, 15-Jul-2022",UAE working to send envoy to Iran: official
"19:47, 15-Jul-2022",UK declares national emergency as record temperatures predicted
"09:17, 15-Jul-2022","WHO: Global COVID-19 cases rise for 5th week, mainly driven by Omicron BA.4, BA.5"
"22:30, 15-Jul-2022",Wang Yi calls for humanitarian aid to Syria with no political strings attached
"18:15, 16-Jul-2022","10 shot dead in Indonesia's Papua, say police"
"07:48, 16-Jul-2022",Mexican Navy says 14 people dead after Black Hawk helicopter crash
"18:21, 16-Jul-2022",Curfew declared in Sudanese towns after 31 killed in deadly clashes
"11:25, 16-Jul-2022",Ancient palace uncovered in N Iraq
"23:05, 16-Jul-2022","Armenian, Azerbaijani FMs hold first bilateral talks since 2020 conflict"
"10:18, 16-Jul-2022",Asia News Wrap: Fukushima bosses told to pay $97b in damages and more…
"10:33, 16-Jul-2022",At least 5 killed in Montana highway pileup
"14:18, 16-Jul-2022",At least 8 killed in road accident in northern Afghanistan
"16:13, 16-Jul-2022","Barcelona, Bayern reach agreement over transfer of Lewandowski "
"17:17, 16-Jul-2022",Biden meets Iraqi PM ahead of Jeddah summit
"16:19, 16-Jul-2022","Chiefs Pro-Bowl LT Brown Jr. rejects long-term deal, will play under franchise tag"
"17:28, 16-Jul-2022",China's Su Bingtian makes men's 100m semifinal at World Championships
"21:46, 16-Jul-2022",China to contribute $50m to World Bank's pandemic fund
"10:26, 16-Jul-2022",Chinese racing talent Ye Yifei: 'Result is the most important thing' 
"14:19, 16-Jul-2022",EU to ban Russian gold imports in new sanctions package
"14:19, 16-Jul-2022",Five UK Conservative candidates debate ahead of two-person run-off
"22:33, 16-Jul-2022","G20 agree on most issues despite no communique, Indonesia says"
"21:16, 16-Jul-2022","IMF chief sees 'exceptionally uncertain' global outlook, deteriorating debt situation"
"21:44, 16-Jul-2022",Indonesia removes palm oil export levy until August 31
"10:11, 16-Jul-2022",Israeli warplanes bomb Gaza: Al Jazeera
"19:50, 16-Jul-2022",M4.6 earthquake strikes Kazakhstan: CENC
"07:30, 16-Jul-2022",Mexico arrests drug fugitive wanted by U.S.
"21:14, 16-Jul-2022","N. Macedonia votes to resolve dispute with Bulgaria, clears way for EU talks"
"15:02, 16-Jul-2022",Politics and promises on Biden's first trip to Arab world since becoming president
"10:05, 16-Jul-2022",Raid Fahmi: Achievements made in China today are truly great
"07:10, 16-Jul-2022",Rocket warning sirens sound in Israel near Gaza
"14:37, 16-Jul-2022",San Francisco airport terminal evacuated due to bomb threat
"14:20, 16-Jul-2022",Sri Lanka's Central Bank expert talks about the causes of inflation
"22:15, 16-Jul-2022",Sri Lanka's central bank governor says economy to contract by more than 6% in 2022: WSJ
"13:31, 16-Jul-2022",Sri Lankan parliament reconvenes after Rajapaksa resignation
"07:16, 16-Jul-2022","U.S. House passes bills on abortion access, Senate approval unlikely"
"08:30, 16-Jul-2022","U.S., Russian astronauts to swap seats on rockets to ISS again"
"07:22, 16-Jul-2022","U.S., Saudi Arabia sign 18 agreements in energy, other areas"
"07:41, 16-Jul-2022",U.S. State Department approves potential arms sales worth $1.5b
"10:49, 16-Jul-2022",U.S. panel probing Capitol attack to ask Secret Service about text deletion
"19:05, 16-Jul-2022", Biden: U.S. 'will not walk away' from Middle East
"22:16, 16-Jul-2022",UN: At least 234 dead or hurt in Haiti gang violence from July 8 to 12
"18:28, 16-Jul-2022",Westbrook parts ways with long-time agent. Will he leave Lakers?
"15:29, 16-Jul-2022",White House expects more Saudi oil after Biden's visit
"18:41, 17-Jul-2022",Badminton: China bag 3 silvers at Singapore Open
"14:16, 17-Jul-2022",COVID-19 cases in U.S. near 90 million as BA.5 variant spreads
"14:01, 17-Jul-2022","Global Political Calendar: UK PM race down to 2 contenders, Sri Lanka to see new president"
"07:50, 17-Jul-2022",Cargo plane with Serbian defense material crashes in northern Greece
"16:45, 17-Jul-2022","At least 2 killed, 15 injured in car bombing in Somalia"
"08:08, 17-Jul-2022",China beat Chinese Taipei at FIBA Asia Cup
"16:43, 17-Jul-2022",China's Zhao Rui: We're doing better and better game by game
"22:52, 17-Jul-2022",Death toll in Sudan tribal clashes rises to 65: ministry
"17:56, 17-Jul-2022",Gobert welcomes Embiid's possible role in French national team
"21:24, 17-Jul-2022",Khamenei adviser: Iran has capability to build nuclear bomb
"22:27, 17-Jul-2022","Iran pardons, commutes sentences for over 2,200 convicts"
"17:43, 17-Jul-2022",Kerley leads home American sweep of men's 100m final
"08:03, 17-Jul-2022","Leaders vow for security, stability in Middle East at Jeddah summit"
"17:09, 17-Jul-2022",Li Jingliang TKOs Muslim Salikhov in Round 2 at UFC Long Island
"22:34, 17-Jul-2022",Nine killed in separate shootings in South Africa: police
"11:19, 17-Jul-2022","OPEC+ to assess oil market, take necessary steps: Saudi FM"
"08:59, 17-Jul-2022",Social life helps orphaned elephants overcome loss: study
"19:09, 17-Jul-2022",SpaceX Dragon cargo spacecraft docks at International Space Station
"10:22, 17-Jul-2022",Tehran accuses U.S. of using 'Iranophobia' to create tension during Biden visit
"15:36, 17-Jul-2022",UAE president announces $817m fund to support space sector
"22:59, 17-Jul-2022",Wang Yi says lessons should be learned from Ukraine crisis during call with Hungarian FM
"12:36, 17-Jul-2022","Women's Euro: Germany beat Finland to grab 3rd group win, Norway crash to shock exit"
"21:03, 18-Jul-2022","11 killed, scores wounded in car accident in Indonesia's Jakarta"
"16:05, 18-Jul-2022",13 killed after bus falls into river in India's Madhya Pradesh
"19:51, 18-Jul-2022",20 people drown as boat capsizes in Indus River
"12:30, 18-Jul-2022",2022 Indian presidential election kicks off
"12:59, 18-Jul-2022","4 dead, several injured in Indiana mall shooting"
"10:05, 18-Jul-2022",Acting Sri Lankan president declares state of emergency
"07:07, 18-Jul-2022",At least 4 killed in Indiana mall shooting
"08:26, 18-Jul-2022",Badminton: Sindhu beats China's Wang Zhiyi to win Singapore Open 
"10:30, 18-Jul-2022",Chelsea suffer huge blow as Matthijs de Ligt agrees record deal to join Bayern Munich
"15:47, 18-Jul-2022","China, India hold 16th corps commander level meeting"
"21:54, 18-Jul-2022",China warns U.S. 'not to play with fire' on Taiwan issue 
"20:26, 18-Jul-2022",EU signs deal with Azerbaijan to double gas imports
"21:11, 18-Jul-2022",EU Council gives final approval to fair and competitive digital rules
"18:25, 18-Jul-2022","EU secures over 50,000 additional doses of Bavarian Nordic's monkeypox vaccine"
"21:29, 18-Jul-2022",Estonia's new government takes office
"10:30, 18-Jul-2022",Expert: Sri Lanka needs multilateral or bilateral assistance
"21:33, 18-Jul-2022",Hottest day in Wales at 35.3°C
"20:10, 18-Jul-2022",Italy sweep Brazil for first VNL title
"13:58, 18-Jul-2022","Japan's daily COVID-19 cases top 100,000 for the third straight day"
"21:00, 18-Jul-2022",M5.1 quake hits eastern Afghanistan: USGS
"19:25, 18-Jul-2022",My Account on China: China-Pakistan ties in corridor of cooperation 
"19:20, 18-Jul-2022",Nearly half of EU's territory 'at risk' of droughts: EU commission
"07:28, 18-Jul-2022",New Zealand's inflation hits 32-year high of 7.3%
"11:24, 18-Jul-2022","On human rights, West not 'good guys' as self-claimed"
"21:44, 18-Jul-2022",Russia calls for restoration of 2015 Iran nuclear deal
"12:03, 18-Jul-2022",Saudi Arabia's balanced foreign policy aligns with multipolar trends
"16:42, 18-Jul-2022","South Korean, Japanese foreign ministers hold bilateral talks"
"18:29, 18-Jul-2022",Sri Lankan acting president says talks with IMF nearing conclusion
"10:48, 18-Jul-2022","Sweden, the Netherlands reach Women's Euro 2022 quarterfinals"
"07:25, 18-Jul-2022","Texas probe cites 'systemic failures,' poor leadership in Uvalde school shooting"
"11:21, 18-Jul-2022",The U.S. dollar dies in strength
"16:25, 18-Jul-2022","UFC Fight Night: Injury curtails Ortega vs. Rodriguez, leaves UFC in the lurch"
"22:41, 18-Jul-2022",UK halts flights at major air base as runway has 'melted': report
"21:36, 18-Jul-2022",Britain on course for hottest day on record while Europe battles wildfires in intense heat
"10:49, 18-Jul-2022",Ukrainian plane carrying 'dangerous cargo' crashes in Greece
"07:14, 19-Jul-2022",13 inmates died in Ecuador prison brawl
"07:13, 19-Jul-2022",Boris Johnson defends record as government wins confidence vote
"07:48, 19-Jul-2022",Russia-Türkiye-Iran trilateral hints at waning U.S. influence in Middle East
"02:09, 16-Jul-2022",AU calls for holistic approach to meet Africa's energy needs
"02:58, 16-Jul-2022",G20 finance leaders seek consensus to overcome global economic threats
"02:38, 16-Jul-2022","Nigeria's inflation rate hits 18.60 percent , highest in five years"
"02:49, 16-Jul-2022",Saudi leaders meet with Biden over bilateral ties
"03:36, 16-Jul-2022",Somalia permits Kenya Airways to start scheduled flights to Mogadishu
"01:16, 16-Jul-2022",UK telecoms workers to hold two-day strike over pay
"00:39, 17-Jul-2022",Iran imposes sanctions on 61 Americans
"01:46, 17-Jul-2022",Kenyan marathoner out of World Athletics Championships
"01:17, 17-Jul-2022",North Macedonia approves French proposal to open EU accession talks
"00:44, 17-Jul-2022",Saudi foreign minister: Not aware of any discussions on Gulf-Israel defense alliance
"01:02, 17-Jul-2022",Saudi sets maximum oil production at 13 million barrels per day
"00:56, 17-Jul-2022",Wildfires rage in France and Spain as heatwaves sear Europe
"02:13, 18-Jul-2022",AU urges establishment of Public Health Emergency Operations Centres
"01:12, 18-Jul-2022",Egypt's El-Sisi heads to Berlin for Petersberg Climate Dialogue
"01:10, 18-Jul-2022",Five people shot dead in separate gun attacks in South Africa
"01:45, 18-Jul-2022",Kenyan President Kenyatta begins three-day visit of Seychelles
"03:11, 18-Jul-2022","UN chief hails Nelson Mandela as a ""moral compass"" for the whole world"
"01:07, 19-Jul-2022",Egyptian President Abdel Fattah el-Sisi urges world to support Africa's efforts to tackle climate change
"01:38, 19-Jul-2022",Italian PM in Algeria for fourth Algerian-Italian bilateral summit
"02:05, 19-Jul-2022","Kenya, Seychelles sign ten cooperation agreements "
"00:31, 19-Jul-2022",Sudan orders investigation into tribal clashes in Blue Nile state
"00:38, 19-Jul-2022",Twelve suspects arraigned in court over South Africa gun killings
"01:08, 16-Jul-2022",Race to be next UK prime minister moves to live TV debates
"00:47, 18-Jul-2022",The many different ways heatwaves can kill you
"20:15, 18-Jul-2022",Ukraine conflict – day 145: Treason fears in Kyiv as Russian assault renewed 
"04:37, 15-Jul-2022",Migrants' slavery in the U.S.
"06:42, 15-Jul-2022",Mixed reactions to Uvalde police response video publication
"06:36, 16-Jul-2022",A mile-long convoy honors school shooting victims killed since 2020
"06:33, 16-Jul-2022",Brazil’s urban gardens produce organic food for residents
"06:34, 16-Jul-2022",Brazil shopkeepers earn money from presidential candidate merchandise 
"06:34, 16-Jul-2022",Florida governor signs bill cracking down on migrants
"06:36, 16-Jul-2022",Followers of Muqtada al-Sadr fill streets of Baghdad for Friday prayer
"06:34, 16-Jul-2022",How does inflation affect seniors?
"06:33, 16-Jul-2022",NYC distributes free at-home COVID-19 tests
"06:36, 16-Jul-2022",Omicron BA.5 drives up COVID cases in the U.S.
"06:35, 16-Jul-2022","Over 9,000 monkeypox cases reported globally"
"06:34, 16-Jul-2022",Parts of Europe face severe heat waves 
"06:52, 16-Jul-2022",U.S.-Saudi controversial relationship met with a fist bump
"06:34, 16-Jul-2022",Would you eat SciFi beef?
"04:58, 17-Jul-2022",Biden departs Saudi Arabia after summit
"05:24, 17-Jul-2022",Containment of northern California's Washburn fire grows overnight
"04:57, 17-Jul-2022",Elon Musk’s lawyers try to slow down Twitter lawsuit
"04:56, 17-Jul-2022",Federal government and U.S. states fight over abortion law
"06:42, 17-Jul-2022",Helicopter crash kills 14 Mexican marines during arrest of drug lord
"02:51, 17-Jul-2022",Mule bookmobiles in Venezuela
"04:57, 17-Jul-2022",Sri Lanka starts the process of selecting a new president 
"04:57, 17-Jul-2022",Track and field legends compete in World Athletics Championships 
"02:56, 18-Jul-2022",Classic version of Don Quixote returns to Cuba
"03:01, 18-Jul-2022",Outrage over leaked surveillance video of Uvalde school attack
"02:58, 18-Jul-2022",Scientists marvel at new pictures from Webb telescope
"06:37, 18-Jul-2022",Ukrainian athlete Yaroslava Mahuchikh competes for her home
