﻿"23:00, 10-Apr-2022","COVID in Shanghai: Medical observation ends for 11,000 people"
"21:22, 10-Apr-2022","China Weekly News Quiz: April 3-10, 2022"
"19:07, 10-Apr-2022",China issues guideline on building unified national market
"22:01, 10-Apr-2022",Ireland lists Chinese as a national exam subject for the first time
"21:23, 10-Apr-2022",Li Keqiang highlights Macao's role in connecting China and PSCs
"21:08, 10-Apr-2022","Sui Wenjing, Han Cong call 15-year partnership 'the best arrangement'"
"20:10, 10-Apr-2022",Wu Dajing to lay out four-year training plan to avoid Olympic regrets
"11:03, 11-Apr-2022",'It was not possible without the car' says race winner Charles Leclerc
"19:49, 11-Apr-2022",China says delivery of regular military supplies to Serbia 'part of annual cooperation plan'
"15:53, 11-Apr-2022",China denies rumors blaming MU5735 co-pilot for crash: official
"09:39, 11-Apr-2022",China's consumer-price growth accelerates to 1.5% in March
"11:00, 11-Apr-2022","Chinese star Wu Lei ends 666-day goal drought in La Liga, Man City held by Liverpool"
"15:57, 11-Apr-2022",China says Pakistan policy unaffected by leadership change
"10:27, 11-Apr-2022","China unveils plan to boost healthcare for women, children"
"18:55, 11-Apr-2022",China urges NATO against attempts at destabilizing Asia
"15:36, 11-Apr-2022",China urges U.S. to promote peace in Ukraine through practical action instead of sanctions 
"09:29, 11-Apr-2022","Chinese mainland records 1,184 new confirmed COVID-19 cases"
"13:57, 11-Apr-2022",China Space Station: Rocket for Tianzhou-4 cargo mission arrives at launch site
"15:40, 11-Apr-2022",Family of three fights COVID-19 on frontline in Shanghai
"11:17, 11-Apr-2022",Hebei series | Episode 6: Qilihai
"21:31, 11-Apr-2022",MOFA: Dynamic zero-COVID policy suits China's national conditions
"14:48, 11-Apr-2022",Rare Yangtze finless porpoise enjoys spring in central China's Hubei
"19:38, 11-Apr-2022",Shanghai partially lifts community lockdowns to reboot city
"17:25, 11-Apr-2022",Shanghai residents can order daily supplies via WeChat 'official accounts' now
"12:39, 11-Apr-2022","Tibet donates materials to help Shanghai, Jilin battle COVID-19"
"12:49, 11-Apr-2022",Xi Jinping stresses role of 'Chinese seeds' in ensuring food security
"09:36, 12-Apr-2022",China Coast Guard vessels patrol Diaoyu Islands
"19:53, 12-Apr-2022",China Space Station: Major tasks at key technology verification stage
"18:36, 12-Apr-2022",China: U.S. politicizes pulling of its non-essential staff from Shanghai over COVID-19
"21:54, 12-Apr-2022",China calls for end to Ukraine conflict at UNSC
"17:03, 12-Apr-2022",China congratulates Shahbaz Sharif on election as new Pakistani PM
"20:18, 12-Apr-2022",Commissioner's office slams U.S. official's 'misleading' comments on HKSAR
"22:34, 12-Apr-2022","Chinese, Russian party officials agree to consolidate mutual political trust"
"09:21, 12-Apr-2022","Chinese mainland records 1,272 new confirmed COVID-19 cases"
"21:59, 12-Apr-2022",Expert: Negotiations to be suspended between Russia and Ukraine
"18:20, 12-Apr-2022","Heavy rain in southwest China county affects 10,000 people"
"16:17, 12-Apr-2022",Hebei series | Episode 7: Wetland on the Plain
"21:01, 12-Apr-2022",International Day of Human Space Flight: Taikonauts prepare for return
"21:49, 12-Apr-2022","Officials: COVID-19 in Shanghai still surging, China at critical point"
"21:45, 12-Apr-2022","Over 6,000 COVID-19 patients discharged in Shanghai"
"21:41, 12-Apr-2022",Reporter's dairy: Delivering the news despite Shanghai's lockdown
"14:23, 12-Apr-2022",Shanghai COVID-19 outbreak: A guide to fetching and sterilizing purchases
"16:42, 12-Apr-2022",Shanghai official warns lockdown-free communities not to slack off
"14:15, 12-Apr-2022",Spring farming in full swing across China
"10:42, 12-Apr-2022",Wildlife of Wolong: the 'vegetarian' carnivore
"19:09, 12-Apr-2022",World merchandise trade volume to grow by 3.0% in 2022: WTO
"17:05, 12-Apr-2022",What's high on China's agenda for development?
"10:59, 13-Apr-2022",'Fantastic Beasts' crowns week's box office with lukewarm rating
"13:48, 13-Apr-2022",Chang'e-5 lunar sample reveals information on space weathering
"16:16, 13-Apr-2022",China expresses sympathy for injured in NYC subway shooting
"16:05, 13-Apr-2022",China quickens issuance of local-gov't special bonds to support growth
"18:09, 13-Apr-2022",China receives data from Gaofen-3 03 satellite
"10:04, 13-Apr-2022","China's March imports unexpectedly drop 0.1%, exports up 14.7%"
"08:06, 13-Apr-2022",China's wide field survey telescope verifies its primary-focus camera
"20:52, 13-Apr-2022",China slams the U.S. on the so-called human rights report
"23:35, 13-Apr-2022","China to make Hainan an example of reform, opening-up in new era"
"09:08, 13-Apr-2022","Chinese mainland records 1,513 new confirmed COVID-19 cases"
"20:57, 13-Apr-2022",Chinese scientists find molecular pathway for critical COVID-19 cases
"18:06, 13-Apr-2022",Chinese vice premier calls for stabilizing supply chain in Shanghai
"20:05, 13-Apr-2022",Li Keqiang congratulates Shahbaz Sharif on election as Pakistani prime minister
"20:10, 13-Apr-2022",Pakistan's new govt looks forward to developing Pak-China ties: PM
"22:27, 13-Apr-2022",Shanghai COVID patient in makeshift hospital shares story about pets
"18:59, 13-Apr-2022",Shanghai moves to regulate community group buying as prices jacked up
"14:05, 13-Apr-2022","Shanghai's largest 50,000-bed temporary hospital fully operational"
"14:00, 13-Apr-2022",Taiwan's DPP slammed for 'destroying' cross-Strait exchanges
"23:34, 13-Apr-2022",Vice foreign minister praises cooperation among BRICS nations
"19:45, 13-Apr-2022",What has Liu Weiwei left after coaching Golden Bulls for five years?
"15:28, 13-Apr-2022","Wildlife in Wolong Nature Reserve: Gorals, elves of the forest"
"14:02, 14-Apr-2022",China highlights Hainan in advancing ecological civilization 
"12:34, 14-Apr-2022",China's sport climbing team trains for Hangzhou Asian Games
"20:15, 14-Apr-2022",China slams Western media for racist remarks on refugees
"14:48, 14-Apr-2022",China urges Japan to face up to history on issue of 'comfort women'
"22:15, 14-Apr-2022",China warns U.S. against dangerous moves on Taiwan question
"09:19, 14-Apr-2022","Chinese mainland records 3,020 new confirmed COVID-19 cases"
"15:51, 14-Apr-2022",Chinese national wounded in NYC subway shooting now stable
"10:18, 14-Apr-2022",Chinese team achieves longest distance of quantum secure direct communication of 100km
"14:06, 14-Apr-2022",Hebei series | Episode 9: Winter Test
"14:05, 14-Apr-2022",Marine reptile fossil dating back 250 million years found in S China
"23:06, 14-Apr-2022",Chinese president Xi Jinping stresses importance of ecological protection
"15:33, 14-Apr-2022",Two cargo trains collide in China's Tianjin Municipality
"22:25, 14-Apr-2022",U.S. urged to stop disturbing Hong Kong under guise of human rights
"23:35, 14-Apr-2022",China to maintain the tradition of 'comrades and brothers' with Vietnam: FM
"15:52, 14-Apr-2022",COVID-19 in Shanghai: Why are new cases still detected in closed communities?
"19:20, 14-Apr-2022",President Xi Jinping orders building world-leading spacecraft launch site
"15:33, 15-Apr-2022",China extends tariff exemption for U.S. goods
"19:39, 15-Apr-2022","China's top legislator hails 'mature, resilient, stable' China-Russia relationship"
"20:50, 15-Apr-2022",China launches Zhongxing-6D satellite
"13:30, 15-Apr-2022",China organizes patrol with combat readiness in Taiwan Straits
"18:24, 15-Apr-2022",China to cut reserve requirement ratio by 25 bps to boost economy
"13:35, 15-Apr-2022",China to empower BeiDou global services PNT system by 2035 
"10:00, 15-Apr-2022",China to tighten virtual currency regulation
"20:05, 15-Apr-2022","Chinese, Mauritian media mark 50th anniversary of diplomatic ties"
"17:13, 15-Apr-2022","Chinese, Mauritian presidents exchange congratulations on 50th anniversary of diplomatic ties"
"09:13, 15-Apr-2022","Chinese mainland records 3,486 new confirmed COVID-19 cases"
"10:53, 15-Apr-2022",Disinfection team from NW China volunteers to aid Shanghai
"14:29, 15-Apr-2022",Euro hits two-year low as ECB holds fire
"13:53, 15-Apr-2022",Four Chinese players to compete at World Snooker Championship
"14:05, 15-Apr-2022",Hebei series | Episode 10: Pochard Guardians
"13:15, 15-Apr-2022",Love season for mandarin ducks
"11:16, 15-Apr-2022",Low-carbon travel in Boao: BFA International Convention Center
"09:38, 15-Apr-2022",M5.4 earthquake hits China's Qinghai: CENC
"10:10, 15-Apr-2022",Report exposes rising anti-Asian racism in the United States
"23:13, 15-Apr-2022",Shanghai entrepreneurs build digital tool to help people in need
"22:35, 15-Apr-2022",Shanghai residents and political advisors call for animal protection amid COVID-19 outbreak
"15:34, 15-Apr-2022",Shanghai tells hospitals not to delay treatment over COVID-19 measures
"23:10, 15-Apr-2022","Shenzhou-13 crew ready for return: Trip to be fast, smooth and safe"
"22:18, 15-Apr-2022",Works of Japanese photographer Mika Ninagawa find their way to Beijing
"18:44, 15-Apr-2022","Xi Jinping's article on developing a high-quality, sustainable social security system to be published"
"20:57, 16-Apr-2022","1 killed, 6 wounded in oil tanker explosion in waters off China's Hong Kong"
"21:08, 16-Apr-2022",CBA rising star Jiang Weize always asks himself to do better
"14:39, 16-Apr-2022",Submersible chief designer: China's deep-sea exploration is not just about depth
"19:06, 16-Apr-2022","China's growth at IIHF World Championships comes from Beijing 2022, says captain Yu Baiwei"
"09:07, 16-Apr-2022",Welcome home! China's Shenzhou-13 taikonauts return after six months in orbit
"09:08, 16-Apr-2022","Chinese mainland records 3,896 new confirmed COVID-19 cases"
"13:35, 16-Apr-2022",Dive into a bird paradise in NW China's Shaanxi
"08:55, 16-Apr-2022",Hong Kong marks National Security Education Day
"12:48, 16-Apr-2022",How is Shenzhou-13 crew's return different from other space missions?
"17:40, 16-Apr-2022",When will Shenzhou-13 taikonauts stand up after returning to earth?
"11:28, 16-Apr-2022",Wildlife of Wolong: The blue sheep in the alpine zone
"16:30, 16-Apr-2022",Young at heart for life
"14:08, 17-Apr-2022",China's envoy to U.S. calls for efforts to break ice of 'new Cold War'
"16:31, 17-Apr-2022",Birds embrace spring romance in southern China
"20:37, 17-Apr-2022","Shanxi's improvements come from scientific training, hard work, says CBA coach"
"22:25, 17-Apr-2022",Pandemic-hit Shanghai to partially resume taxi service for medical need
"23:10, 17-Apr-2022",China Space Station: How Shenzhou-13 returns fast and safely
"19:46, 17-Apr-2022","China Weekly News Quiz: April 10-17, 2022"
"13:34, 17-Apr-2022",China's Dongfeng quick response ground team welcomes taikonauts return  
"15:14, 17-Apr-2022",Timetable for China's space station construction 2022: 6 more missions
"09:11, 17-Apr-2022","Chinese mainland records 3,529 new confirmed COVID-19 cases"
"14:57, 17-Apr-2022","Global experts applaud China's Shenzhou-13 mission, expect future collaboration"
"09:48, 17-Apr-2022",Nomination for HKSAR's sixth-term chief executive election concludes
"20:03, 17-Apr-2022",Shanghai battles COVID-19: How a food delivery person helps the elderly living alone
"18:45, 17-Apr-2022",Proportion of people with COVID-19 in at-risk groups declining in Shanghai: official
"13:47, 17-Apr-2022",Shanghai issues epidemic prevention guidelines to bolster work resumption
"18:22, 17-Apr-2022",Shenzhou-13's return: One giant leap for China Space Station 
"18:12, 17-Apr-2022",The perils of subverting the sovereignty of the Solomons by U.S. and its allies
"11:56, 17-Apr-2022",Two ancient Manchurian catalpa trees in full blossom in E China
"12:10, 18-Apr-2022",Feast for stargazers in April: Alignment of four planets could be seen with naked eyes
"22:49, 18-Apr-2022",BizBeat Ep.375: China's economy expected to get more policy support under renewed pandemic pressure
"14:09, 18-Apr-2022",CMG Documentary about 'Rongbaozhai' – Studio of Glorious Treasures starts shooting
"15:10, 18-Apr-2022",China National Botanical Garden inauguration ceremony held in Beijing 
"11:11, 18-Apr-2022",China leads global efforts in saving forests
"10:01, 18-Apr-2022",China's GDP expands 4.8% in Q1 despite COVID-19 disruptions
"20:58, 18-Apr-2022",China's first archaeological museum to open to the public
"11:54, 18-Apr-2022",China's nucleic acid testing capacity hits 51.65 million samples a day
"10:32, 18-Apr-2022",China's top legislature starts standing committee session
"22:08, 18-Apr-2022",Chinese Embassy in Panama shares book on Panama Canal's untold story
"22:52, 18-Apr-2022",Chinese hopeful Zhao claims 1st win at World Snooker Championship
"09:23, 18-Apr-2022","Chinese mainland records 2,742 new confirmed COVID-19 cases"
"22:35, 18-Apr-2022","Chinese vice premier stresses stabilizing industrial, supply chains"
"12:04, 18-Apr-2022",Guangdong Nan'ao Series | Episode 3: Brown-winged dancer
"14:29, 18-Apr-2022","3 dead, 9 injured in swimming pool collapse in China's Zhengzhou"
"13:04, 18-Apr-2022",This is China: What to expect from the 2022 Boao Forum for Asia?
"19:51, 18-Apr-2022",Top UN official reiterates views on China as a key mediator in Russia-Ukraine conflict
"17:43, 18-Apr-2022",What's on the logo of China National Botanical Garden?
"16:36, 18-Apr-2022",Xi Jinping expresses sympathy to Philippine president over typhoon attack
"10:12, 19-Apr-2022",Artist Dai Wenhua mixes visual art with voice and technology
"08:54, 19-Apr-2022",China's Q1 economic growth exceeds expectations but challenges remain
"09:10, 19-Apr-2022","Chinese mainland records 3,316 new confirmed COVID-19 cases"
"10:10, 19-Apr-2022",Guangdong Nan'ao Series | Episode 4: Black-naped Tern
"10:52, 19-Apr-2022",Why China will stick to decarbonization and sustainable development?
"23:59, 14-Apr-2022",China's Shenzhou-13 crew to return home soon from space station
"02:44, 16-Apr-2022",Shenzhou-13 manned spacecraft separates from China's space station
"01:19, 14-Apr-2022",A Young Man's Voyage: The 2022 UN Chinese Language Day song
"03:55, 12-Apr-2022","Ambassador Qin: China, U.S. should work together to promote interest of mankind"
"06:13, 12-Apr-2022",Remarks by Ambassador Zhang Jun at the UN Security Council Briefing on COVID-19 Pandemic and Vaccines
"04:44, 16-Apr-2022",Shenzhen’s busy port unaffected by recent COVID outbreak
"07:06, 17-Apr-2022",Harvard College China Forum hosts lauded speakers on 25th anniversary 
"02:04, 18-Apr-2022",Ambassador Qin calls for efforts to break ice of 'new Cold War' at opening ceremony of the Harvard College China Forum
"05:43, 18-Apr-2022",CGTN America President Jiang Heping on future of U.S.-China relations
"01:10, 18-Apr-2022",The 25th Harvard College China Forum held in Boston
"23:37, 18-Apr-2022",The Ukraine Crisis and Its Aftermath article by Chinese Ambassador Qin Gang
