﻿"20:12, 24-May-2022","Defense ministry: China, Russia conduct joint strategic air patrol"
"21:15, 24-May-2022",China pledges greater credit support to stabilize economy
"13:13, 24-May-2022",N China's Taiyuan aims for economic recovery after containing COVID-19
"19:49, 24-May-2022",Xi Jinping says Chinese people ready to promote exchanges with American people
"22:55, 24-May-2022",Rescue underway after explosion in east China city
"22:17, 25-May-2022",Chinese Foreign Ministry: U.S. covers its own lies with another over Xinjiang-related issues
"14:19, 25-May-2022",PLA Eastern Theater Command conducts patrol with combat-readiness around the Taiwan island
"17:02, 25-May-2022",China's adolescents are struggling with mental health decline
"20:36, 25-May-2022",China's world Big Data Expo 2022 to boost global digital economy
"17:55, 25-May-2022","Wang Yi: Asian countries should play active role in regional, world peace"
"09:23, 25-May-2022",Chinese mainland records 117 new confirmed COVID-19 cases
"22:57, 25-May-2022","First provincial-level employment, entrepreneurship incubation base for visually-impaired opens in China"
"20:58, 25-May-2022",Carrie Lam: Hong Kong to resume activities marking 25th anniversary of return to China
"08:00, 25-May-2022","Investigation ongoing after blast kills 1, injures 5 in E China"
"22:09, 25-May-2022",Premier Li Keqiang requires detailed policies to stabilize economy
"21:24, 25-May-2022",Premier Li Keqiang stresses effective policies to stabilize economy
"20:38, 25-May-2022","Researchers start breeding 12,000 space seeds returned by Shenzhou-13"
"22:58, 25-May-2022",Space agencies from BRICS countries begin satellite and data sharing
"15:01, 25-May-2022",Supercomputing lab in China uses quantum technology to predict weather
"12:01, 25-May-2022",What can India learn from China's remarkable e-bus rollout?
"18:00, 25-May-2022","Xi Jinping meets heroes, role models from public security system"
"13:08, 25-May-2022",How does China practice people-centered philosophy in human rights development?
"14:14, 26-May-2022",6% of China's summer wheat harvested using machines
"22:00, 26-May-2022",African coffee growers find market potential in China
"09:34, 26-May-2022",Ailao Mountains Series | Ep. 6: Red junglefowl
"23:05, 26-May-2022",Blinken says U.S. does not want a new Cold War
"19:00, 26-May-2022",China-Pacific Island Countries cooperation should not be disturbed by any third party
"20:50, 26-May-2022",Chinese-built lowest-altitude power plant in Israel enters final construction stage
"16:21, 26-May-2022",China calls for U.S. to respond positively to Iran's concerns on nuclear issues
"19:52, 26-May-2022","Xi Jinping looks to improve, strengthen China's public complaint management system"
"12:47, 26-May-2022","Chinese scientists make breakthrough harvesting energy from sun, outer space cooling"
"22:53, 26-May-2022",China's first compressed air energy storage in salt cavern connects to grid
"15:42, 26-May-2022",China stresses political solution to the Korean Peninsula issue as UNSC eyes sanction vote  
"15:43, 26-May-2022",China urges U.S. to accept China's peaceful development objectively
"09:20, 26-May-2022",Chinese mainland records 130 new confirmed COVID-19 cases
"09:35, 26-May-2022","Debris from China's Tianzhou-4 mission re-enters atmosphere, mostly burning up"
"21:34, 26-May-2022",Minimalist lifestyle becomes more popular among young Chinese people
"17:55, 26-May-2022",Night time economy growing in N China as COVID-19 restrictions ease
"14:55, 26-May-2022",Shanghai to resume in-person classes for most high school students from June 6
"11:03, 26-May-2022",Tourism during pandemic: Hotpot bus boosts local tourism in Chengdu
"10:51, 26-May-2022",WEF applauds China's commitment to combat COVID-19 pandemic
"08:42, 26-May-2022","Wang Yi: China, EU are partners, not rivals"
"14:02, 26-May-2022","Wang Yi hails consensus on security, climate change, and other issues with Solomon Islands"
"22:46, 27-May-2022", China slams U.S. for spreading erroneous remarks about Taiwan
"17:40, 27-May-2022","4 killed, 4 missing as heavy rainfall hits SW China's Yunnan"
"18:50, 27-May-2022","Domestic politics, region's attitude behind Blinken's China policy speech: experts"
"19:02, 27-May-2022",Beijing playgroup offers new possibilities for preschool childcare
"14:55, 27-May-2022",CPC leadership deliberates Party's political consultation work regulation
"17:03, 27-May-2022","China may have prevented 50,000 COVID-related deaths: WHO data"
"09:57, 27-May-2022","China's industrial profits under pressure in short term, expected to recover on positive support: NBS"
"16:46, 27-May-2022",China's space observation ship departs for 100th mission
"16:28, 27-May-2022",China says Blinken 'spread false information' in speech
"17:29, 27-May-2022","China vows to defend legitimate rights, interests of small countries"
"09:08, 27-May-2022",Chinese UN envoy: sanctions won't solve Korean Peninsula nuclear issue 
"09:15, 27-May-2022",Chinese mainland records 102 new confirmed COVID-19 cases
"16:20, 27-May-2022",Chinese scientists find gene for drought resistance in rice
"21:59, 27-May-2022",Immunity generated from COVID-19 infections not China's current choice: CDC official 
"21:50, 27-May-2022",Provinces and cities to throw 'combo punch' to stabilize economy in Q2
"17:38, 27-May-2022",Retrospective in Anhui pays tribute to Chinese veteran artist
"10:42, 27-May-2022",The next Li Na? Chinese sensation Zheng Qinwen stuns former champion Halep at French Open
"23:08, 28-May-2022",Beijing to lift some COVID measures as new cases drop for 6 days
"16:15, 28-May-2022",China eyes 40% soybean production boost by end of 2025
"09:34, 28-May-2022",China reports surplus in international goods trade
"08:28, 28-May-2022",China's chief epidemiologist Wu Zunyou recognized for health promotion by WHO
"23:09, 28-May-2022",Chinese Vice FM Ma Zhaoxu on UN human rights chief's visit to China
"22:17, 28-May-2022",Vice Foreign Minister Ma Zhaoxu briefs the media on the visit of UN High Commissioner for Human Rights to China
"09:12, 28-May-2022",Chinese mainland records 96 new confirmed COVID-19 cases
"07:09, 28-May-2022","8 killed in landslides, E China "
"16:36, 28-May-2022",Flying Leopards GM: We want to build more talents than a dynasty
"09:52, 28-May-2022",Hong Kong holds legal conference on Basic Law to mark 25th anniversary of return to China
"11:08, 28-May-2022","Outdoor opera ""Princess Wencheng"" staged for 10th year in Tibet"
"18:48, 28-May-2022",Rent & tax cuts help tourism resume in N China as COVID outbreak eases
"15:33, 28-May-2022",Securities regulators approve Chinese mainland-Hong Kong ETF Connect
"12:17, 28-May-2022",Top legislator stresses legal safeguards for tranquil environment
"14:43, 28-May-2022","Watch it, play it and rock it – How VR is changing music consumption"
"14:10, 28-May-2022","Xi calls for advancing study of Chinese civilization, strengthening cultural confidence"
"22:01, 28-May-2022",Zheng Qinwen beats Alize Cornet to reach French Open Round of 16
"14:02, 29-May-2022",Ancient decarburization kiln discovered in central China
"18:33, 29-May-2022",CGTN's exclusive interview with Palme d'Or award-winning director 
"20:12, 29-May-2022","China Weekly News Quiz: May 22-29, 2022"
"17:16, 29-May-2022","China, a priority that could not be prioritized"
"15:48, 29-May-2022",China delivers world's first LNG support ships with four smart systems
"11:00, 29-May-2022",China leverages targeted policies to bolster property market
"16:50, 29-May-2022",China's 1st nuclear steam project to turn seawater into clean energy
"09:29, 29-May-2022","China's AC352 helicopter completes functionality, reliability tests"
"10:36, 29-May-2022",China's rocket with Shenzhou-14 spaceship transported to launch site
"16:45, 29-May-2022","China to be hit by heavy rain, high temperature and fog"
"18:35, 29-May-2022",China pledges to share development dividends with Pacific Island countries
"17:47, 29-May-2022",Chinese Foreign Minister Wang Yi to meet his Fijian counterpart
"12:54, 29-May-2022",Chinese vice premier calls for bumper summer harvest 
"17:59, 29-May-2022",Long March-5 rocket arrives at launch base for space lab mission
"15:06, 29-May-2022",Shanghai publishes economic recovery and revitalization plans following COVID-19 outbreak
"19:39, 29-May-2022",Power stations with high proportion of clean energy generation operate in China
"21:09, 29-May-2022",Wang Yi: China supports Niue in taking its own development path
"15:30, 29-May-2022",What is China's actual human rights record in the global context?
"16:31, 30-May-2022",2022 Dragon boat race across the Taiwan Straits to be held on June 2
"19:13, 30-May-2022",China's first solar-tidal photovoltaic power plant fully operational
"11:25, 30-May-2022","China's Long March-2F carrier rocket deemed safe, reliable for launch"
"13:49, 30-May-2022",China to expand free HPV vaccinations supply to cover more people
"09:24, 30-May-2022",Chinese mainland records 34 new confirmed COVID-19 cases
"16:08, 30-May-2022",Coach Kenzhu thanks EDG for practice with RNG after winning MSI 2022
"09:24, 30-May-2022",Football: Spectators allowed at Chinese Super League opener 
"16:32, 30-May-2022",Premier Li grants appointment certificate to John Lee as HKSAR chief executive
"15:32, 30-May-2022",Life in the wild: Captured Siberian tiger a year after release
"14:53, 30-May-2022","Maternal, infant mortality rates in China drop to historical low"
"18:54, 30-May-2022",Xi Jinping voices 'full trust' in newly appointed HKSAR Chief Executive John Lee
"10:50, 30-May-2022",Sporting moments of the week (May 23-29)
"11:17, 30-May-2022",Wang Yi: China's revitalization strengthens force for world peace
"12:06, 30-May-2022","Xi Jinping: China will always be a good friend, brother, partner of Pacific Island countries"
"10:51, 31-May-2022",Ailao Mountains Series | Ep. 9: Jingdong Earth Forest
"15:29, 31-May-2022",China gears up for next missions to complete its first space station
"13:32, 31-May-2022",China gears up for next missions to complete its space station
"15:26, 31-May-2022",China issues administrative licenses for online audiovisual works
"19:06, 31-May-2022",China lodges representation over U.S. senator's visit to Taiwan region
"21:21, 31-May-2022",China opposes Japan's illegal 'island' claims
"12:29, 31-May-2022",China reveals policy package to stabilize economy
"12:42, 31-May-2022","China's airship sets new altitude record of 9,050 meters on Mt. Qomolangma"
"09:32, 31-May-2022",China's factory activity picks up in May as some COVID-hit productions resume
"15:30, 31-May-2022",China's new configuration AG600 large amphibious aircraft makes maiden flight
"15:10, 31-May-2022","China to boost wind, solar power capacity for cleaner energy mix"
"16:11, 31-May-2022",Chinese Ministry of Education to probe into controversial textbooks
"19:51, 31-May-2022","President Xi Jinping: China is ready to coordinate with UAE on global, regional issues"
"09:18, 31-May-2022",Chinese mainland records 50 new confirmed COVID-19 cases 
"10:36, 31-May-2022","Cooperation between China, Pacific island countries remains firm: Wang Yi"
"13:31, 31-May-2022",Economic activities resume in NE China with regular COVID-19 testing
"12:53, 31-May-2022",Hong Kong releases theme song on 25th anniversary of its return to motherland
"13:29, 31-May-2022","Iga Swiatek survives China's Zheng Qinwen, enters French Open quarters"
"10:36, 31-May-2022",Key takeaways from the 2nd CPIC Foreign Ministers' Meeting
"09:57, 31-May-2022",Major decisions help China widen financial markets' global access
"10:44, 31-May-2022",New unit of China's Baihetan hydropower station starts operation
"23:07, 31-May-2022",Nicotine addiction: Specialist says greater focus needed
"19:54, 31-May-2022","President Xi Jinping hails all-weather friendship between China, Zambia"
"14:37, 31-May-2022",Rehabilitation base in S China's Guangdong serves persons with disabilities
"12:41, 31-May-2022",Residents evacuated after downpours sweep parts of China
"15:00, 31-May-2022",Salute to sci-tech workers: Laureates of China's top science award from 2011-2020
"10:24, 31-May-2022",Stores in Shanghai to resume business with cap on customer traffic
"15:47, 31-May-2022",Solomon Islands Ambassador to China speaks to CGTN on Bilateral Ties
"13:34, 31-May-2022",Wang Yi: U.S.'s Indo-Pacific Economic Framework violates basic economic laws
"10:00, 31-May-2022",Wang Yi urges U.S. to take actions to avoid a deterioration in bilateral ties
"14:38, 31-May-2022",Wildlife of Wolong: The king of the sky
"15:31, 31-May-2022",Wildlife of Wolong: The salt licker
"16:02, 31-May-2022",Xi congratulates China Soong Ching Ling Foundation on 40th anniversary
"19:53, 31-May-2022",President Xi Jinping extends festive greetings to children across China
"19:51, 31-May-2022","Xi's article on modernization featuring harmonious coexistence between humanity, nature to be published"
"11:34, 01-Jun-2022",Building on the momentum to open a new chapter in China-Kiribati relations
"13:59, 01-Jun-2022",Children's Day: Chinese vaccines protect Cambodian children from COVID-19
"21:19, 01-Jun-2022","Wang Yi: China treats all developing countries sincerely, equally"
"09:36, 01-Jun-2022",China conducts patrol with combat-readiness around Taiwan Island
"10:31, 01-Jun-2022","China endeavors to boost domestic demand, ensure food security"
"12:52, 01-Jun-2022",China's 1st road-rail cable-stayed bridge takes shape
"11:40, 01-Jun-2022","China's defense minister to visit Singapore, attend Shangri-La Dialogue"
"14:50, 01-Jun-2022",China's women's volleyball roster set ahead of Nations League
"21:44, 01-Jun-2022","Wang Yi: China to promote fairer, more equitable global governance system"
"09:26, 01-Jun-2022",Chinese mainland records 35 new confirmed COVID-19 cases
"15:25, 01-Jun-2022",International Children's Day: A review of classic Chinese cartoons
"11:56, 01-Jun-2022",Lychee growers in China benefit from futures sale
"17:08, 01-Jun-2022","Two earthquakes hit SW China's Sichuan, 4 killed, 14 injured so far"
"11:31, 01-Jun-2022",Record-setting expedition on Mt. Qomolangma completes main tasks
"08:50, 01-Jun-2022",Shanghai's largest temporary COVID-19 hospital closes
"13:31, 01-Jun-2022",Shanghai taking measures to revitalize economy
"22:19, 01-Jun-2022",Shanghai to revitalize economy by supporting SMEs as containment measures lifted
"13:40, 01-Jun-2022",With the people: Xi Jinping's care for children
"23:30, 01-Jun-2022",Hanging and afloat: World's first maglev suspension railway to start trial
"17:42, 01-Jun-2022",Xi sends condolences to Brazilian president over rainfall disaster
"09:18, 02-Jun-2022",Chinese mainland records 37 new confirmed COVID-19 cases
"00:04, 25-May-2022","Trade, Ukraine and 'human rights': Wang Yi holds German FM talks"
"06:48, 25-May-2022",Xi Jinping replies to letter from an old American friend
"21:14, 26-May-2022",Ambassador Qin Gang publishes an article on the South China Morning Post
"23:34, 27-May-2022",Chinese Ambassador to the U.S. Qin Gang reassured that China’s opening-up policy is unchanged
"23:34, 27-May-2022",Chinese Ambassador to the U.S. Qin Gang said China-U.S. relationship should be win-win cooperation
"23:35, 27-May-2022",Chinese Ambassador to the U.S. Qin Gang answered how U.S. companies can do business in China
"09:15, 01-Jun-2022",Why the Chinese language is important for diplomacy
