﻿"13:40, 11-Jun-2022",All about weather: China's hottest cities in July 
"17:04, 12-Jun-2022",Beijing COVID-19 volunteers in communities to receive compensation
"17:11, 12-Jun-2022",Bronze altar discovered at Sanxingdui ruins site in SW China
"17:35, 12-Jun-2022","China Weekly News Quiz: June 5-12, 2022"
"22:36, 12-Jun-2022",China opposes using competition to define China-U.S. relations
"15:57, 12-Jun-2022",China's Zeng Fanbo ready to join an NBA team
"23:35, 12-Jun-2022",China's development is not a threat to others
"13:55, 12-Jun-2022",China sets two world records in deep-sea energy exploration 
"21:20, 12-Jun-2022",China to build 5G-powered telemedicine platform for eye diseases
"20:54, 12-Jun-2022",China urges SMEs to hire college graduates
"23:26, 12-Jun-2022",Chinese defense minister: China will fight to stop Taiwan independence
"12:59, 12-Jun-2022",Chinese scientists' major discovery on potato genome sequence: Nature
"13:31, 12-Jun-2022",Ecology in northern China continues to improve under protection
"22:40, 12-Jun-2022",Killer whale baby makes debut as Ocean Park reopens in Shanghai
"18:09, 12-Jun-2022",More factories in NE China adopt smart technology
"22:53, 12-Jun-2022","Starbucks to open 6,000 stores in China by the end of FY22"
"11:41, 12-Jun-2022",Tennis: Chinese derby to be staged at Valencia Open final
"15:42, 12-Jun-2022","Seven Continents, One Home: Trace wild giant panda in China's Qinling Mountains (Part 2)"
"22:48, 12-Jun-2022",U.S. 'Indo-Pacific strategy' creates conflict and confrontation
"23:44, 12-Jun-2022",U.S. think tank sees China's tech as 'scary.' That's not healthy
"17:09, 12-Jun-2022",UFC 275: Zhang Weili beats former champion with spinning backfist KO
"20:11, 12-Jun-2022",Xi congratulates Ta Kung Pao newspaper on its 120th anniversary
"14:07, 12-Jun-2022",UFC 275: Joanna Jędrzejczyk retires following KO loss to Zhang Weili
"16:49, 13-Jun-2022","China, Panama vow to boost cooperation on 5th anniversary of diplomatic ties"
"20:46, 13-Jun-2022","China completes a third of 2022 goal of 600,000 5G base stations"
"23:17, 13-Jun-2022",China reiterates Taiwan question differs in nature from Ukraine issue
"22:57, 13-Jun-2022",Chinese Vice Premier urges solid efforts to contain COVID-19 in Beijing
"09:23, 13-Jun-2022",Chinese mainland records 89 new confirmed COVID-19 cases
"11:40, 13-Jun-2022","F1 Azerbaijan GP: Red Bull claim one-two finish, China's Zhou retires "
"14:22, 13-Jun-2022",Intangible cultural heritage block unveiled in S China's Guangzhou
"20:49, 13-Jun-2022",Meet the first and only Chinese principal dancer at New York City Ballet
"15:04, 13-Jun-2022",Myanmar kids get first jab of China's Sinopharm COVID-19 vaccine
"14:50, 13-Jun-2022",Renovation of old neighborhoods in China enhances quality of life
"12:01, 13-Jun-2022","Smart tech helps China's farmers with summer harvest, field management"
"10:12, 13-Jun-2022","Some 13,000 relics unearthed at new Sanxingdui ruins site discovery"
"21:59, 13-Jun-2022",Wang Yi: China-New Zealand relations are 'maturing and resilient'
"23:21, 14-Jun-2022",CSRC denies it asked foreign banks for executive salary details
"11:43, 14-Jun-2022",China 'built world's largest network infrastructure' in past decade
"11:50, 14-Jun-2022",China's FDI inflow up 17.3% in the first five months of 2022
"22:13, 14-Jun-2022",China's climate change adaptation 'to hit international level by 2035'
"22:16, 14-Jun-2022",China's deep space exploration laboratory starts operation
"09:06, 14-Jun-2022",Chinese mainland records 95 new confirmed COVID-19 cases 
"10:58, 14-Jun-2022",Earth from Space: Beijing experiences a severe hailstorm
"17:21, 14-Jun-2022",Li Yueru on more Chinese players joining WNBA: It's a recognition
"18:27, 14-Jun-2022",M4.4 quake hits SW China's Sichuan: CENC
"09:59, 14-Jun-2022",Pandas enjoy summertime in SW China
"15:41, 14-Jun-2022",Rescue underway after two-story building collapses in E China
"13:15, 14-Jun-2022",Second largest supermoon of the year to dazzle the sky 
"08:26, 14-Jun-2022",Super-large dataset about global climate system launched
"11:51, 15-Jun-2022",25th anniversary of HK's return: Population in five charts
"22:21, 15-Jun-2022",Gone are the days when Western countries rode roughshod over developing countries: Chinese Foreign Ministry
"15:45, 15-Jun-2022",BRICS security meeting set for Wednesday
"10:52, 15-Jun-2022","China aims for 3,500 registered general aviation airplanes by 2025"
"11:12, 15-Jun-2022",Chinese researchers explore new artificial glacier melt reduction method
"14:42, 15-Jun-2022",China's first homegrown subsea Xmas tree for oil drilling put into use
"10:08, 15-Jun-2022","China's industrial output, retail sales in May beat expectations, but 'difficulties and challenges' remain"
"16:54, 15-Jun-2022",China's overall flood situation is severe during the season: official
"09:21, 15-Jun-2022",Chinese mainland records 77 new confirmed COVID-19 cases
"23:23, 15-Jun-2022",Guangzhou goes extra mile to ease financial burden of small businesses
"15:22, 15-Jun-2022",Low-carbon Day: China tops world in installed offshore wind power
"23:10, 15-Jun-2022",Monkeypox: Here's how China plans to treat it
"10:37, 15-Jun-2022",69 countries oppose interference in China's internal affairs at UN human rights session
"09:04, 15-Jun-2022",Inclusion and empowerment: Schools and companies work together to help people with disabilities find jobs
"22:52, 15-Jun-2022",Senior Chinese official calls on BRICS nations to inject stability into turbulent world
"08:07, 15-Jun-2022","UN rights body should serve as platform for cooperation, dialogue: Chinese envoy"
"15:21, 15-Jun-2022",Wonders of Sanxingdui: Turtleback-shaped grid bronze
"18:47, 15-Jun-2022","Xi, Putin hold phone talks"
"18:46, 15-Jun-2022",Xi Jinping stresses firm adherence to China's path of human rights development
"23:03, 16-Jun-2022","Achievements of 'One Country, Two Systems' hailed in Hong Kong"
"14:27, 16-Jun-2022","China calls for restoring peace in Ukraine to protect women, children"
"22:23, 16-Jun-2022","Foreign Ministry: China firmly stands on the side of peace, justice on Ukraine issue"
"11:33, 16-Jun-2022",China issues diagnosis guidelines for unexplained severe hepatitis in children
"10:40, 16-Jun-2022",China's supercomputer can use AI to quicken drug discovery
"10:06, 16-Jun-2022",China vows to work with Kenya to defend interests of developing countries
"09:22, 16-Jun-2022",Chinese mainland records 64 new confirmed COVID-19 cases
"14:37, 16-Jun-2022","Heavy rainfall hits southern China, flood warnings issued"
"14:09, 16-Jun-2022",How did high-end technology help to better restore Sanxingdui relics?
"13:47, 16-Jun-2022",Innovators see two-way benefits from China's entry to int'l IP treaty
"14:11, 16-Jun-2022",Large bronze figurine among relics freshly unearthed from China's Sanxingdui Ruins
"14:09, 16-Jun-2022",New discoveries in Sanxingdui: The bronze altar 
"16:37, 16-Jun-2022",Nighttime economy booming in north China's Taiyuan
"09:21, 16-Jun-2022",Ningxia Series | Episode 4: Huoshizhai
"15:50, 16-Jun-2022",Chinese mainland says ban on Taiwan chemical-contained fish to protect people's safety
"18:19, 16-Jun-2022","World's first railway loop line boosts logistics, protects ecology"
"16:17, 16-Jun-2022",World's first railway loop line circling a desert goes into operation
"12:30, 16-Jun-2022","Xinjiang official helps over 10,000 farmers increase income"
"11:01, 16-Jun-2022",Xu Ge: Fashionable purple clay craftswoman
"08:00, 17-Jun-2022","At least 8 injured, 6 missing in chemical factory explosion in NW China's Gansu"
"16:49, 17-Jun-2022",CPC leadership deliberates report on rectification of financial institutions
"12:15, 17-Jun-2022",China completes key tests for engine of new rocket for crewed missions
"22:33, 17-Jun-2022",China has world's largest disease monitoring system: Official
"10:01, 17-Jun-2022",China holds press conference on reform of SOEs
"12:10, 17-Jun-2022","China's third aircraft carrier, the Fujian, launched in Shanghai"
"19:35, 17-Jun-2022",China refutes U.S. ambassador's comments on dynamic zero-COVID policy
"10:15, 17-Jun-2022",China's decade: SOEs assets up 15.4% annually since 2012
"15:11, 17-Jun-2022",China's new contribution to the cause of human rights
"09:19, 17-Jun-2022",Chinese mainland records 54 new confirmed COVID-19 cases
"14:15, 17-Jun-2022",Economist: BRICS offers opportunities for Africa to better integrate in global economy
"20:34, 17-Jun-2022",Foreign enterprises in Shanghai busily prepare for fifth CIIE
"19:42, 17-Jun-2022",Global brands explore China's new first-tier cities for growth
"12:30, 17-Jun-2022",Hong Kong to be relaunched after myths dispelled
"10:35, 17-Jun-2022",Chinese scientists identify indigenous lunar water in Chang'e-5 samples
"07:20, 17-Jun-2022",M4.7 quake hits northwest China's Xinjiang: CENC
"22:27, 17-Jun-2022",Ministry of Education: Campus recruitment is allowed where no new cases for over 7 days
"14:56, 17-Jun-2022",Ningxia Series | Episode 5: Shapotou
"23:07, 17-Jun-2022",Sci-tech museums in China visited by 850m people in 10 years
"14:52, 17-Jun-2022",Sea-buckthorn turns once arid land into a lush paradise
"10:15, 17-Jun-2022",Shanghai unveils measures to boost tourism industry
"21:22, 17-Jun-2022",The Pamirs: An ancient region on a rejuvenated trade route
"09:33, 17-Jun-2022",Why is the Taiwan Straits not 'international waters'?
"10:33, 17-Jun-2022",Wonders of Sanxingdui: The bronze sheet
"23:36, 17-Jun-2022",China stresses the need to advance economic globalization amid global crisis 
"13:56, 17-Jun-2022",President Xi Jinping to host 14th BRICS Summit
"10:19, 18-Jun-2022",Asia News Wrap: China's new aircraft carrier and more
"17:55, 18-Jun-2022",China's Sansha unveils first academician workstation
"10:45, 18-Jun-2022",China sees recovery in weekly freight capacity as daily cargo flights top 800
"17:10, 18-Jun-2022",Chinese ink-wash painter presents 13-year retrospective
"18:43, 18-Jun-2022",Chinese ink-wash painter presents 13-year retrospective
"09:15, 18-Jun-2022",Chinese mainland records 35 new confirmed COVID-19 cases
"20:00, 18-Jun-2022",How can people keep from sliding back into poverty?
"21:43, 18-Jun-2022",How do people's consumption habits change amid coronavirus outbreak?
"22:46, 18-Jun-2022",Mainland spokesperson wishes former KMT chairman speedy recovery
"14:49, 18-Jun-2022",Rain-triggered building collapse kills 5 in China's Guangxi
"22:56, 18-Jun-2022",Nearly 90 percent of world's karst sinkholes are in China
"07:15, 18-Jun-2022",One killed after fire breaks out at Shanghai petrochem facility
"18:30, 18-Jun-2022",Shanghai Fashion Week goes online as the city just recovers from COVID outbreak
"23:22, 18-Jun-2022",Tech Please: Why Samsung doesn't 'sing' anymore in China
"17:46, 18-Jun-2022",The international appeal of China's shopping festival
"10:34, 18-Jun-2022","Volleyball: China secure second win, to face Team USA on Saturday"
"15:59, 18-Jun-2022",President Xi Jinping calls for efforts to secure full victory in anti-graft campaign
"20:07, 19-Jun-2022",14th BRICS Summit set to be held next Thursday
"14:20, 19-Jun-2022",Artist Han Meilin honors Father's Day with ceramic cotton jackets
"10:55, 19-Jun-2022",Badminton: China contend for four golds at Indonesian Open
"21:07, 19-Jun-2022","China Weekly News Quiz: June 12-19, 2022"
"21:11, 19-Jun-2022",China braces for more floods as rainfall to continue
"12:22, 19-Jun-2022",China accomplishes world's 1st optical all-sky survey by commercial telescope
"12:18, 19-Jun-2022",China's State Council appoints new HKSAR government officials 
"11:53, 19-Jun-2022",China's first large CCAR TP500 unmanned freighter makes maiden flight
"09:18, 19-Jun-2022",Chinese mainland records 36 new confirmed COVID-19 cases
"10:22, 19-Jun-2022",Chinese scientists identify genes for more heat-tolerant rice
"15:00, 19-Jun-2022",Father's Day: Xi Jinping's father had told him to stay close to the people
"23:01, 19-Jun-2022","Heavy rainfall hits southern China, flood warnings issued"
"15:01, 19-Jun-2022",Space log: How has China's Shenzhou-14 crew set up their new home in space?
"19:26, 19-Jun-2022",Photography project becomes bird conservation awareness platform
"13:41, 19-Jun-2022",Rare footage captures river terns feeding nestling in SW China
"23:02, 19-Jun-2022",SA diplomat: BRICS to transform to new global governance institution
"23:00, 19-Jun-2022",Shanxi Province hands out vouchers to stimulate consumption
"10:24, 19-Jun-2022",Team USA defeats China at Women's Volleyball Nations League
"14:41, 19-Jun-2022",Tech Breakdown: What technical upgrades have been made to the Shenzhou-14 spaceship?
"14:43, 19-Jun-2022",Wildlife of Wolong: The vigilant deer live beside the water
"22:24, 20-Jun-2022", Achievements under the BRICS mechanism in the past 16 years
"16:29, 20-Jun-2022",Asia's largest railway passenger hub station opens in China 
"11:58, 20-Jun-2022","Canadian GP: Verstappen holds off Sainz, Zhou scores four points"
"07:06, 20-Jun-2022",China conducts ground-based midcourse antiballistic missile test
"10:36, 20-Jun-2022",China develops new coating for spacecraft thermal control
"22:28, 20-Jun-2022",China launches first global development report ahead of BRICS summit
"09:53, 20-Jun-2022",China publishes Global Development Report
"11:45, 20-Jun-2022",China tightens regulation on business activities of officials' relatives
"11:53, 20-Jun-2022","Liu, Ou make badminton history as China claim two golds at Indonesia Open"
"20:35, 20-Jun-2022",China's green bond issuance logs rapid growth
"17:20, 20-Jun-2022",China take first gold in artistic swimming at FINA World Championships
"10:56, 20-Jun-2022",Famed Chinese lyricist Qiao Yu passes away
"09:29, 20-Jun-2022",Chinese mainland records 38 new confirmed COVID-19 cases
"19:03, 20-Jun-2022",25th anniversary of HK's return: A look at economic and social indicators
"12:13, 20-Jun-2022",'Hong Kong is back on right track' – Carrie Lam reflects on tumultuous five-year term
"07:05, 20-Jun-2022",M4.4 quake hits SW China
"09:14, 20-Jun-2022",M5.9 earthquake hits Taiwan's Hualien: CENC
"13:17, 20-Jun-2022","Beijing says U.S. policy toward China 'deceptive, hypocritical, dangerous'"
"13:13, 20-Jun-2022",Rare footage captures river terns feeding nestling in SW China
"13:52, 20-Jun-2022",Wang Yi: China is committed to promoting global development
"20:37, 20-Jun-2022",Xi Jinping encourages PLA infantry academy students to contribute to strengthening armed forces
"16:57, 20-Jun-2022",Zoo provides cooling service for animals in E China
"06:49, 17-Jun-2022","European leaders meet Zelenskyy in Kyiv, affirm support for EU membership"
