﻿"09:38, 20-May-2022","1 injured in shooting at Michigan high school, U.S."
"21:19, 20-May-2022",2022 Australian election: Will Morrison secure a second 'miracle?'
"21:53, 20-May-2022","Qatari emir optimistic on Iran deal, confirms gas supply to Germany"
"23:06, 20-May-2022","Wang Yi holds talks with FMs of Ecuador, Uruguay and Nicaragua"
"17:23, 21-May-2022",2021-22 NBA All-Defensive teams: Most selections remain old faces
"19:12, 21-May-2022",Labor projected to win Australia's federal election: ABC
"08:06, 21-May-2022",Australian PM Morrison seeking reelection as polls open
"22:50, 21-May-2022",BRICS: A harbinger of multilateralism and global security
"14:56, 21-May-2022",Biden's visit to Japan clouds deep-seated grievances in Okinawa
"18:36, 21-May-2022",Biden signs $40 billion Ukraine aid bill into law
"08:39, 21-May-2022",Boeing's crew capsule docks with International Space Station in test do-over
"12:34, 21-May-2022","COVID-19 cases surge again in U.S., could get worse in coming months"
"14:57, 21-May-2022",China's urban employees see robust average salary growth in 2021
"18:21, 21-May-2022",Chinese center Li Yueru confident in her career with Sky in WNBA
"07:21, 21-May-2022",Dutch health agency confirms first monkeypox case
"23:02, 21-May-2022",Expert: Biden's agenda is to keep things away from China
"15:43, 21-May-2022",Explosion near maternity hospital in Kazakhstan kills three
"16:15, 21-May-2022",NBA West Finals on May 20: More resourceful Warriors beat Mavericks
"16:23, 21-May-2022",Palestine says teen killed by Israeli forces in West Bank
"07:58, 21-May-2022",Pentagon spokesperson moving into White House role
"20:55, 21-May-2022","Albanese claims victory in Australian election, vows to unite country"
"15:57, 21-May-2022",State of emergency lifted in Sri Lanka
"22:29, 21-May-2022",Tourist bus accident in Indonesia's West Java kills 22: report
"14:58, 21-May-2022",Trailer: Have an adventure on all seven continents with wildlife!
"15:26, 21-May-2022",Transformer substation catches fire in Russia's Moscow region
"15:40, 21-May-2022","U.S., South Korea looking to 'expand' military exercises"
"11:40, 21-May-2022","WHO confirms 80 monkeypox cases, warns it may 'accelerate' in summer"
"17:34, 21-May-2022","Wall Street ends another week of losses, raising recession worries"
"22:37, 21-May-2022",Will Biden's 'Indo-Pacific Economic Framework' succeed?
"22:48, 22-May-2022","24 dead as floods, landslides hit India’s Assam"
"19:46, 22-May-2022",3 dead after car accident in south Turkey’s Nigde
"11:48, 22-May-2022",5.8-magnitude quake strikes off Japan's Ibaraki Prefecture: JMA
"20:14, 22-May-2022",75th World Health Assembly begins in Geneva
"18:59, 22-May-2022",A quick look at Australia's new leader Anthony Albanese
"20:48, 22-May-2022",Analyst: IPEF aims to reconstruct global supply chain excluding China
"19:05, 22-May-2022",Australian citizens express surprise at election results
"20:08, 22-May-2022",Austria's first suspected monkeypox case reported in Vienna
"22:28, 22-May-2022",Austrian President Van der Bellen says he will run for reelection
"14:09, 22-May-2022","Azerbaijan, Armenia trade barbs on border shooting"
"16:05, 22-May-2022",Biden starts Japan tour as protesters take to streets
"19:22, 22-May-2022",One injured in Kabul blast
"12:40, 22-May-2022",Bus crash kills at least 2 in Turkey
"18:59, 22-May-2022","China, Pakistan vow to strengthen all-round cooperation"
"08:56, 22-May-2022","DPRK discloses over 186,000 new cases of fever"
"22:39, 22-May-2022",Ex-official responds to blame of China for supply chain interruptions
"20:28, 22-May-2022",Former CIA officer: U.S. and its allies neglect their own difficulties
"20:27, 22-May-2022",Former U.S. diplomat: Washington 'was lying to Ukraine about NATO bid'
"10:23, 22-May-2022",Four dead in Canada after heavy storms
"16:05, 22-May-2022","Global calendar: Iranian president visits Oman, Biden's Japan tour "
"21:47, 22-May-2022",Guterres addresses 75th World Health Assembly
"22:49, 22-May-2022",IRGC Quds Force member assassinated in Tehran
"11:48, 22-May-2022",Incoming Australian PM Albanese to fly to Tokyo for Quad summit
"12:55, 22-May-2022",Iran 'serious' about reaching agreement in Vienna: Iranian FM
"07:47, 22-May-2022","Israel, Switzerland report their first confirmed monkeypox cases as virus spreads"
"20:59, 22-May-2022","Lightning strikes, floods kill at least 48 in India"
"11:41, 22-May-2022",Lyon beat Barca to claim eighth Women's Champions League
"07:11, 22-May-2022","M6.1 quake strikes Calatagan, Philippines"
"16:24, 22-May-2022","Scholars call for mental health care, gun control, digital literacy to curb U.S. gun violence"
"16:43, 22-May-2022",NBA East Finals: Miami beats Boston 109-103 for 2-1 series lead
"20:28, 22-May-2022",New COVID subvariant BA.2.12.1 becoming mainstream in U.S.: CDC
"10:43, 22-May-2022",PSG make Kylian Mbappe world's highest-paid player after stunning Real Madrid rejection
"21:16, 22-May-2022",Pakistani FM: Any attack on China is an attack on Pakistan
"07:22, 22-May-2022","Six killed in drone strikes in Iraq, officials blame Turkey"
"15:13, 22-May-2022",Smallpox vaccines can be 85% effective against monkeypox: WHO
"22:19, 22-May-2022",South Koreans pay 20% more for pork amid rising grain costs
"10:13, 22-May-2022",Storm claims over 33 lives in India's eastern state of Bihar
"07:49, 22-May-2022","Tourist plane crashes in SE France, 5 dead"
"22:48, 22-May-2022",Turkish foreign ministry summons U.S. ambassador over rally warning
"07:30, 22-May-2022","U.S. envoy meets Afghan Taliban diplomat, presses women's rights"
"17:29, 22-May-2022",Wang Yi: U.S. Indo-Pacific strategy is bound to be a failed one
"20:51, 22-May-2022",Washington and Seoul agree to expand joint military exercises
"21:44, 22-May-2022",Xinjiang stories the West turns a blind eye to
"16:26, 23-May-2022"," Iran, Qatar foreign ministers hold phone conversation on nuclear agreement talks"
"20:57, 23-May-2022",14 bodies found washed up on Myanmar beach: AFP
"07:12, 23-May-2022",Albanese sworn in as Australia's new PM ahead of Quad summit
"08:58, 23-May-2022","Armenia, Azerbaijan agree to continue border negotiations  "
"17:52, 23-May-2022","Four dead, 80 trapped in Iran building collapse"
"15:33, 23-May-2022",Biden says 'considering' lifting some trade tariffs on China
"15:29, 23-May-2022","Biden unveils his Indo-Pacific pact, but benefits vague"
"22:25, 23-May-2022",China's ride-hailing company DiDi moves to delist from NYSE
"16:15, 23-May-2022","China urges Asia-Pacific to reject military bloc, camp confrontation in region"
"16:21, 23-May-2022",China warns not to underestimate resolve to safeguard sovereignty
"10:30, 23-May-2022","Storms kill at least 8 in Canada, leave half a million without power"
"20:24, 23-May-2022",Denmark reports its first monkeypox case
"17:17, 23-May-2022",ECB 'likely' to exit negative interest rates by end of Q3: Lagarde
"20:41, 23-May-2022",Expert: America's Indo-Pacific Strategy will become trouble for the region
"13:31, 23-May-2022",France sees no EU entry for Ukraine before 15 or 20 years
"16:32, 23-May-2022",Hassan Sheikh Mohamud inaugurated as president of Somalia
"17:12, 23-May-2022",Indonesia set to resume palm oil exports but uncertainty persists
"14:45, 23-May-2022","Iran, Oman agree to jointly develop shared oilfield"
"13:33, 23-May-2022",Analysis: Is South Korea changing its China policy with new commitment to U.S.?
"18:56, 23-May-2022",Israeli PM Bennett's chief of staff Tal Gan-Zvi resigns
"13:24, 23-May-2022",Japan set to host 2023 G7 Summit in Hiroshima
"10:06, 23-May-2022",U.S. backs Japan for permanent membership of UN Security Council
"20:13, 23-May-2022",Leaders of U.S. and Japan agree to work on supply chain security
"17:39, 23-May-2022",Luis Campos to succeed Leonardo as PSG's sporting director: report
"07:10, 23-May-2022",Man shot dead on New York City subway train
"22:34, 23-May-2022",Manuel Neuer signs extension to stay at Bayern Munich until 2024
"17:13, 23-May-2022",NBA West Finals on May 22: Wiggins slams Warriors to victory in Game 3
"11:19, 23-May-2022",New York City declares state of emergency amid baby formula shortage
"16:38, 23-May-2022",One person killed in Qatar embassy in Paris
"19:59, 23-May-2022",Pakistan raises benchmark interest rate to 13.75%
"14:59, 23-May-2022",Exclusive: Pakistani FM hails ties with China as 'cornerstone' of Pakistan's foreign policy
"19:52, 23-May-2022","Portugal confirms 14 new monkeypox cases, total at 37"
"19:57, 23-May-2022",Premier Li congratulates new Australian Prime Minister Albanese
"19:10, 23-May-2022","Requirements revealed for countries to host 2023 AFC Asian Cup, report"
"07:08, 23-May-2022",Senior Iranian Revolutionary Guards officer shot dead in Tehran
"13:47, 23-May-2022",Singapore’s core inflation hits 3.3% in April
"10:10, 23-May-2022",Son Heung-min wins history-making Golden Boot as Man City and AC Milan crowned champions
"17:35, 23-May-2022","Sri Lanka's medicine shortage is close to causing deaths, doctors say"
"18:58, 23-May-2022",Turkey says NATO needs concrete steps to address its concerns
"16:51, 23-May-2022",UFC Vegas: Ketlen Vieira gets away with one over retooled Holly Holm
"08:10, 23-May-2022",UNHCR reports global conflicts push displaced over 100m
"13:30, 23-May-2022",Ukrainian negotiator rules out ceasefire or concessions to Russia
"11:18, 23-May-2022",Verstappen wins in Spain to take title lead as Leclerc retires
"08:50, 23-May-2022",7 die after Philippine vessel catches fire at sea
"21:29, 23-May-2022",World Health Assembly rejects Taiwan-related proposal for 6th consecutive year
"12:28, 23-May-2022",WHO chief warns World Health Assembly 'COVID-19 is not over'
"21:58, 23-May-2022",WHO says no evidence monkeypox virus has mutated
"12:31, 23-May-2022",Beyond the Battlefield: Why is Turkey saying no to Sweden and Finland's entry into NATO?
"08:23, 24-May-2022",Death toll from storm in Eastern Canada hits 10
"07:27, 24-May-2022",Houthi militia claims 3 killed by Saudi drone crash in Yemeni capital
"02:03, 21-May-2022",African Development Bank approves $1.5 billion to avert food crisis
"02:40, 21-May-2022",Fire next to Geneva Airport disrupts flights 
"01:32, 21-May-2022",Monkeypox: WHO calls emergency meeting as cases cross 100 in Europe
"01:52, 21-May-2022",U.S. jobless claims rise for third straight week amid tight labor market
"01:04, 22-May-2022",IMF projects Gabon's economy will grow in 2022
"01:10, 22-May-2022",Iran agrees to revive gas pipeline project to Oman: report
"00:45, 22-May-2022",Malawi to roll out cholera vaccine after recording 12 deaths
"02:03, 22-May-2022",Somalia's new President Hassan Sheikh Mohamud to take office formally on Monday
"01:14, 22-May-2022",Ugandan president to address nation on current economic situation
"00:43, 22-May-2022","World leaders, health chiefs in Geneva for 75th World Health Assembly"
"00:06, 23-May-2022","78,000 pounds of infant formula arrives in U.S."
"02:06, 23-May-2022",African leaders to attend 2022 World Economic Forum in Davos
"01:17, 23-May-2022",China-Europe freight train taps business opportunities in Frankfurt
"00:50, 23-May-2022","Four killed after building collapse in Lagos, Nigeria"
"02:14, 23-May-2022",German Chancellor begins Africa tour in Senegal
"01:58, 23-May-2022",South Africa's KwaZulu-Natal province again hit by heavy rains
"00:44, 24-May-2022",At least one person killed in latest KwaZulu-Natal floods
"01:26, 24-May-2022",German Chancellor Olaf Scholz to complete Africa tour in South Africa
"00:52, 24-May-2022",Italy donates 2.5 million euros towards Sudan's emergency nutrition activities
"01:31, 24-May-2022",Kenya launches strategy to guide tourism recovery
"01:07, 24-May-2022",Kenya's electoral body meets presidential aspirants ahead of May 29 campaign start
"02:45, 24-May-2022",Pentagon says 20 countries commit new security aid for Ukraine
"01:17, 24-May-2022",South African President calls for dialogue after alleged racist incident rocks Stellenbosch
"18:39, 21-May-2022",Germany may experience beer bottle shortages due to rising costs
"22:51, 21-May-2022","One killed, 40 injured as suspected tornado hits Germany"
"19:09, 22-May-2022","Ukraine conflict day 88: Kyiv rules out ceasefire, Russia intensifies eastern offensive"
"01:15, 23-May-2022",May sees record-breaking temperatures across Spain
"00:10, 24-May-2022",'The pandemic creates a new billionaire every 33 hours': Oxfam slams inequality on first day of WEF
"00:00, 24-May-2022","'Prosper thy neighbor': Helping others flourish is in everyone's interests, says WEF president"
"01:17, 24-May-2022",Reporting from the frontline: Pro-Russian forces confident of success in the Donbas
"02:22, 24-May-2022","We must keep the COVID-19 pandemic on the agenda, Gavi chief says"
"06:47, 21-May-2022",Buffalo residents working to heal from racist mass shooting
"06:12, 21-May-2022","Donbas region of Ukraine completely destroyed, U.S. allocates more aid"
"03:49, 21-May-2022",Fuel shortage crisis affects local fishermen in Venezuela
"06:12, 21-May-2022",How can the UN become a pillar of multilateralism? 
"03:55, 21-May-2022",Impact of COVID-19 on Latin America
"03:50, 21-May-2022",Innovators compete to improve toxic effects of gold mining in Peru
"02:43, 21-May-2022",Interview with Hungary’s Minister of Foreign Affairs and Trade 
"02:42, 21-May-2022",Sri Lankan prime minister warns of food shortages amid economic crisis
"03:45, 21-May-2022",Tso’l Food: Dong Po Rou
"06:37, 21-May-2022",UN: Israel's forced evacuation of Palestinians is a possible war crime
"03:44, 22-May-2022",Beef exports driving destruction of Amazon rainforest
"06:42, 22-May-2022","Brazil's Careiro da Varzea river overflows its banks, floods crops "
"02:22, 22-May-2022",Can this rain forest be saved?
"03:43, 22-May-2022",Composting helps save water and protects the planet
"03:44, 22-May-2022",Funerals held for Buffalo shooting victims
"03:44, 22-May-2022",New Mexico has the second highest suicide rate in the U.S.
"04:52, 22-May-2022",Pakistan's heatwave sees temperatures soar to 118 degrees Fahrenheit 
"04:52, 22-May-2022",Two dead after rare tornado hits northern Michigan
"02:22, 22-May-2022",Venezuelan fishermen struggle with rising fuel prices
"03:36, 23-May-2022",A Bridge in Brazil helps endangered monkeys safely cross highway
"05:31, 23-May-2022",Could this bridge save a species?
"03:38, 23-May-2022",Moment of silence held one week after Buffalo shooting
"03:38, 23-May-2022",Mount Etna erupts with red-hot lava shooting into the sky  
"07:27, 24-May-2022",China’s Ambassador to the U.S. received letters from Flying Tigers veterans 
"07:27, 24-May-2022", U.S. students in Virginia attended the online lecture of Chinese traditional puppet art from Zhangzhou
