﻿"19:17, 29-Jul-2022","11 dead, 4 injured as train plows into minibus in Bangladesh"
"18:23, 29-Jul-2022",Academic: Rate hikes not enough to tame U.S. inflation
"07:49, 29-Jul-2022",Argentina's lower house leader Massa named economy 'superminister'
"15:54, 29-Jul-2022",Barcelona agrees to sign Jules Kounde from Sevilla for €55 million
"21:57, 29-Jul-2022",Biden approves Kentucky disaster declaration
"19:55, 29-Jul-2022",China ranks among world's top three anti-monopoly jurisdictions
"20:00, 29-Jul-2022",Death toll from Philippine earthquake rises to 10
"21:21, 29-Jul-2022",Death toll from floods in Iran rises to 53
"14:47, 29-Jul-2022",Eight killed as fire erupts in Moscow building
"17:11, 29-Jul-2022",Eurozone inflation hits record high of 8.9% in July
"20:22, 29-Jul-2022",Explosion inside Kabul cricket stadium injures four
"16:52, 29-Jul-2022",Fed rate hike 'pours oil' on global debt-crisis 'fire'
"14:02, 29-Jul-2022",First freight train of China-Kyrgyzstan-Uzbekistan road-rail intermodal transport system launched
"07:07, 29-Jul-2022","Floods kill at least 8 in U.S.' Kentucky, more deaths expected: governor"
"14:56, 29-Jul-2022",French CPI up 6.1% in July
"13:45, 29-Jul-2022",French economy grows 0.5% q/q in Q2
"16:25, 29-Jul-2022",German economy stagnates in Q2 2022
"18:08, 29-Jul-2022",Inflation in Sri Lanka hits record 60.8% in July
"14:27, 29-Jul-2022",International Tiger Day: Tiger protection bears fruit in over a decade
"17:06, 29-Jul-2022",Japan's factory output grew at the fastest rate in more than 9 years in June
"20:41, 29-Jul-2022",'Disaster declaration' in Kentucky as death toll rises after flooding
"12:20, 29-Jul-2022",Kishida to attend NPT review conference in New York
"21:35, 29-Jul-2022",M5.6 earthquake strikes Russia: CENC
"09:23, 29-Jul-2022",M7 quake death toll in Philippines' Luzon island rises to 6
"07:25, 29-Jul-2022",Moldova extends state of emergency over fallout of ongoing Ukraine conflict
"07:18, 29-Jul-2022","Nicaragua bus accident leaves 16 dead, mostly Venezuelans"
"13:57, 29-Jul-2022",Philippines reports first monkeypox case
"07:18, 29-Jul-2022",San Francisco declares state of emergency in response to spread of monkeypox
"16:35, 29-Jul-2022","Seahawks reach 3-year, $72 million extension with WR DK Metcalf"
"21:02, 29-Jul-2022","Sri Lanka resumes bailout talks with IMF, finance ministry says"
"18:24, 29-Jul-2022",Strong bilateral ties bolster China-Zimbabwe economic development
"07:46, 29-Jul-2022",U.S. says talks took place with Taliban officials on central bank reserves
"14:23, 29-Jul-2022",This is the People's Liberation Army
"08:07, 29-Jul-2022","Top DPRK leader visits Friendship Tower, pays tributes to Chinese People's Volunteer martyrs"
"10:31, 29-Jul-2022",Tributes pour in for four-time F1 champion Vettel after sudden retirement announcement
"07:02, 29-Jul-2022",U.S. CHIPS act: To compete with or to contain China?
"07:05, 29-Jul-2022",U.S. Senate unveil $850 billion defense spending proposal
"20:45, 29-Jul-2022",U.S. annual PCE rises 6.8%
"20:39, 29-Jul-2022",U.S. chip act should be in compliance with WTO's relevant requirements: commerce ministry
"19:29, 29-Jul-2022","Warriors' pain over extensions with Poole, Wiggins, Thompson and Green"
"14:16, 29-Jul-2022",Xi-Biden phone talk; Pelosi could blow up any progress they made
"21:30, 29-Jul-2022",Xi to Iran's Raisi: We should support each other on issues concerning core interests
"10:54, 30-Jul-2022",'The king plays': Ronaldo to play in Man United friendly with Rayo Vallecano
"21:44, 30-Jul-2022",At least 80 killed in Iran's flash floods
"07:16, 30-Jul-2022","Lavrov, Blinken have 'frank' first talks over phone since February"
"13:37, 30-Jul-2022",7 injured in Yangon City Hall explosion
"13:05, 30-Jul-2022","China urges building balanced global, regional security architecture"
"09:13, 30-Jul-2022",Chinese mainland records 100 new confirmed COVID-19 cases
"09:39, 30-Jul-2022",DPRK leader says he's ready for a nuclear clash with the U.S and more
"20:47, 30-Jul-2022",Flooding death toll in U.S. state of Kentucky rises to 25
"12:51, 30-Jul-2022","Graphics: Monkeypox confirmed cases pass 20,000 worldwide"
"17:58, 30-Jul-2022",Iran arrests Swedish citizen on espionage charges
"14:59, 30-Jul-2022",Large group of protesters marches on Baghdad Green Zone
"16:19, 30-Jul-2022",Lewandowski fumes at Bayern for 'lying' about his departure for Barca
"11:23, 30-Jul-2022",New York State declares state of emergency due to monkeypox  
"21:13, 30-Jul-2022",Pelosi risks crossing China's bottom line with Taiwan visit
"12:11, 30-Jul-2022","Pitfalls of forced organic farming in Sri Lanka, how it led to food insecurity"
"17:34, 30-Jul-2022",Al-Sadr's supporters enter Iraqi parliament for second time in a week
"07:23, 30-Jul-2022","Spain, Brazil report first monkeypox-related deaths outside Africa"
"18:40, 30-Jul-2022",Spain reports second monkeypox-related death
"13:08, 30-Jul-2022",The Race Gap in the U.S.: There are human beings paying the price
"07:10, 30-Jul-2022",U.S. House passes assault weapons ban
"11:20, 30-Jul-2022",U.S. approves Boeing inspection plan to resume 787 deliveries
"09:09, 30-Jul-2022",Wang Yi advocates closer SCO community with shared future
"23:38, 30-Jul-2022",Warnings raised against Pelosi's possible Taiwan trip
"16:56, 30-Jul-2022",Why did Pelicans add 'weight clause' to Williamson's contract?
"17:26, 30-Jul-2022","Wu Lei on playing overseas: It's about how you perform, not who you are"
"16:03, 31-Jul-2022", WHO calls for international efforts to contain monkeypox outbreak
"22:50, 31-Jul-2022",2 dead as UN peacekeepers open fire in east DR Congo: official
"14:14, 31-Jul-2022",4 injured in explosion near bus station in Yangon
"15:56, 31-Jul-2022",Astronomers detect heaviest ever neutron star: a 'black widow' 
"21:19, 31-Jul-2022",Death toll from floods in Kentucky climbs to 28
"22:23, 31-Jul-2022",Beirut port silos partially collapse: Reuters
"07:06, 31-Jul-2022",Biden tests positive for COVID-19 again
"14:48, 31-Jul-2022",Building Lives: Return visit to affordable housing project in Algeria
"16:30, 31-Jul-2022",Former Philippine President Fidel Ramos passes away
"10:12, 31-Jul-2022",George Russell claims maiden pole at Hungarian GP
"17:10, 31-Jul-2022","Global Political Calendar: PLA's 95th birthday, ASEAN FMs' meeting "
"07:36, 31-Jul-2022",Gunmen open fire on soldiers guarding Guatemalan president  
"07:27, 31-Jul-2022",Indiana Senate narrowly passes near-total abortion ban
"22:53, 31-Jul-2022",Iran responds to Borrell's proposal to salvage 2015 nuclear deal
"10:54, 31-Jul-2022",M5.3 earthquake strikes Nepal: EMSC
"21:59, 31-Jul-2022",M5.5 earthquake strikes southwestern Pakistan: EMSC
"07:40, 31-Jul-2022",New York City declares monkeypox a public health emergency
"17:11, 31-Jul-2022",Novak Djokovic hopes he can participate in U.S. Open this year
"10:17, 31-Jul-2022","Powerful explosion heard in Kabul, no casualties reported"
"15:52, 31-Jul-2022",Putin says Russian navy to get new hypersonic missiles soon
"21:18, 31-Jul-2022",South Africa's ruling party reaffirms commitment to nationalizing central bank
"13:48, 31-Jul-2022","South Korea, U.S. to hold joint DPRK missile detection exercise"
"17:07, 31-Jul-2022",Space chief: No ISS pullout before Russia has own space station in orbit
"09:12, 31-Jul-2022",Sri Lankan president: Protests and debates will not resolve crisis
"17:32, 31-Jul-2022","Towns considers Minnesota home, excited to pair with Gobert for new season"
"16:00, 31-Jul-2022",Voting starts in Senegal's 2022 National Assembly election
"07:03, 31-Jul-2022",Zelenskyy announces mandatory evacuation of Donetsk region
"19:21, 01-Aug-2022",10 dead in India's hospital fire
"12:16, 01-Aug-2022",10 killed after electrical accident in truck in India's West Bengal
"19:05, 01-Aug-2022",Asia reworks qualifying format for 48-team World Cup in 2026
"16:22, 01-Aug-2022","At least 7 killed, 130 injured in fuel truck fire in southern Libya"
"20:12, 01-Aug-2022","Bulgaria president calls Oct. 2 snap polls, appoints caretaker govt"
"16:33, 01-Aug-2022",CGTN Sports Talk: In memory of the immortal Bill Russell
"19:55, 01-Aug-2022",Chart of the day: More than 1.7 mass shootings every day in the U.S.
"19:00, 01-Aug-2022",China's Shen Menglu joins Celtic FC Women
"18:23, 01-Aug-2022",China again warns of 'serious consequences' over Pelosi's potential Taiwan visit
"15:06, 01-Aug-2022",Commonwealth Games: 3 cyclists taken to hospital after horror crash 
"17:39, 01-Aug-2022",Death toll after floods in eastern Uganda rises to 21: relief agency
"21:47, 01-Aug-2022",Death toll from floods in Kentucky climbs to 30
"14:42, 01-Aug-2022",EU faces challenges in tackling energy crisis: expert
"13:30, 01-Aug-2022",Euro 2022: England make history by winning first ever major women's trophy
"19:02, 01-Aug-2022","Fire in northern California scorches over 20,000 hectares"
"13:53, 01-Aug-2022",First grain shipment under new deal leaves Ukraine's Black Sea port
"11:12, 01-Aug-2022",Former FDA chief: Monkeypox to become next U.S. public health failure
"07:22, 01-Aug-2022",Guterres demands accountability after deadly UN peacekeepers shooting in east DR Congo
"09:08, 01-Aug-2022","In race for monkeypox vaccines, experts see repeat of COVID-19"
"07:07, 01-Aug-2022",India reports first monkeypox death
"14:21, 01-Aug-2022","Iran nuclear chief: We can produce atom bomb, have no intention to"
"19:01, 01-Aug-2022","Japan to participate in ""Garuda Shield"" for first time in Indonesia"
"08:25, 01-Aug-2022",Kosovo closes two border crossings after local Serbs block roads
"18:30, 01-Aug-2022","Kuwait reappoints oil, finance ministers in new cabinet: state media"
"15:56, 01-Aug-2022",Media commentators warn Pelosi against potential Taiwan visit
"18:33, 01-Aug-2022",Former FDA chief says Monkeypox to become U.S.'s next public health failure
"08:39, 01-Aug-2022",Myanmar extends state of emergency for another 6 months
"07:16, 01-Aug-2022",New Zealand's borders fully open after long pandemic closure
"16:28, 01-Aug-2022","No Myanmar representation at ASEAN meeting, chair says"
"14:59, 01-Aug-2022","Philippines won't rejoin International Criminal Court, president says"
"23:01, 01-Aug-2022",Senegal opposition claims election victory
"09:16, 01-Aug-2022",Senegal's ruling coalition holds majority in legislative election
"16:10, 01-Aug-2022",Singaporean PM says stable U.S.-China ties important at Pelosi meeting
"14:01, 01-Aug-2022",Sporting moments of the week (July 25-31)
"12:22, 01-Aug-2022",Bill Russell dies at 88: Sporting world pays tribute to basketball's greatest winner
"20:00, 01-Aug-2022",Sports in Numbers: World records and Team China's performance at track worlds
"18:04, 01-Aug-2022",Sri Lankan Supreme Court extends travel ban on former president
"06:59, 01-Aug-2022",Sudan reports first confirmed monkeypox case
"19:05, 01-Aug-2022",Top awards for Chinese mathematicians presented during 9th ICCM
"23:02, 01-Aug-2022",U.S. adds firms to sanctions list for ties to Iranian petrochemical company
"19:10, 01-Aug-2022",UFC 277: Nunes regains championship in one-sided win over Pena
"23:05, 01-Aug-2022",UN chief warns humanity 'one miscalculation away from nuclear annihilation'
"07:18, 02-Aug-2022",Al-Qaeda leader Zawahiri killed in Afghanistan: reports
"07:32, 02-Aug-2022",Biden announces death of al-Qaeda chief al-Zawahiri
"09:14, 02-Aug-2022",Chinese mainland records 107 new confirmed COVID-19 cases
"08:01, 02-Aug-2022",Illinois declares monkeypox a public health emergency
"07:26, 02-Aug-2022",Kentucky floods kill at least 37 as more storms forecast
"07:06, 02-Aug-2022",South Korean consumer prices up 6.3% in July
"00:22, 30-Jul-2022",4 wounded in sport stadium blast in Afghanistan's Kabul
"00:23, 30-Jul-2022",Ethiopian Airlines orders Africa's first A350-1000 aircraft
"00:24, 30-Jul-2022","Inflations in France, Spain reach new high in nearly 40 years"
"00:45, 30-Jul-2022",Kenya administers 20 million COVID-19 vaccines in new milestone
"02:04, 30-Jul-2022",Zimbabwe's annual inflation surges to 256.9 percent in July
"01:44, 31-Jul-2022",Death toll from week-long Iran flooding tops 80
"01:50, 31-Jul-2022",Hungarian gov't restricts access to fuel price caps
"00:37, 31-Jul-2022",UN aviation body ranks Kenya second best in airport security in Africa
"00:14, 01-Aug-2022",At least seven people killed in another South Africa gun attack
"03:02, 01-Aug-2022",Kenyan president commissions Nairobi's Chinese-built expressway
"00:01, 01-Aug-2022","Massive floods kill at least three in Mbale, Uganda"
"02:48, 01-Aug-2022",Outgoing UN envoy in Libya concerned about politicization of national oil company
"00:58, 02-Aug-2022",Death toll from Uganda floods hits 24
"00:56, 02-Aug-2022","Security situation improved in South Sudan's northern region, UN mission says"
"01:32, 02-Aug-2022",Two people burned to death in latest California wildfire
"05:24, 29-Jul-2022",U.S. GDP slips for another quarter 
"06:31, 30-Jul-2022",Combating organ trafficking in Brazil 
"06:07, 31-Jul-2022",California residents preparing for fire season  
"06:07, 31-Jul-2022",Demand for abortion pills soaring in the U.S. 
"06:07, 31-Jul-2022",Kuliang families reconnect friendships by exploring history of Guling 
"06:07, 31-Jul-2022",Peruvian President Pedro Castillo marks his first year in office  
"07:31, 01-Aug-2022",Deadly flooding in eastern Kentucky 
"06:20, 01-Aug-2022",Helping sex trafficking victims in Colombia 
"07:26, 01-Aug-2022",How technology can be used to fight against human trafficking 
"07:47, 01-Aug-2022",Many Argentines looking for job opportunities to fight inflation   
"06:01, 01-Aug-2022",Monkeypox outbreak in New York
"06:01, 01-Aug-2022",Shark attacks rise in the U.S. 
"07:37, 01-Aug-2022",Staffing shortages force airlines to cut services 
"06:16, 01-Aug-2022",Venezuela's clothing industry is struggling to survive
"01:48, 02-Aug-2022",Battling human trafficking in Nigeria
"05:36, 02-Aug-2022",Black homeownership in the U.S.
"04:35, 02-Aug-2022",Human trafficking in India and Nepal
"05:57, 02-Aug-2022",McKinney Fire rages in Northern California
"05:57, 02-Aug-2022",NYC Buildings Emissions
"01:57, 02-Aug-2022",New York Monkeypox outbreak
"04:35, 02-Aug-2022",Section of Beirut’s port silos collapses after fire
