﻿"23:17, 13-Jun-2022",China reiterates Taiwan question differs in nature from Ukraine issue
"22:57, 13-Jun-2022",Chinese Vice Premier urges solid efforts to contain COVID-19 in Beijing
"20:49, 13-Jun-2022",Meet the first and only Chinese principal dancer at New York City Ballet
"21:59, 13-Jun-2022",Wang Yi: China-New Zealand relations are 'maturing and resilient'
"23:21, 14-Jun-2022",CSRC denies it asked foreign banks for executive salary details
"11:43, 14-Jun-2022",China 'built world's largest network infrastructure' in past decade
"11:50, 14-Jun-2022",China's FDI inflow up 17.3% in the first five months of 2022
"22:13, 14-Jun-2022",China's climate change adaptation 'to hit international level by 2035'
"22:16, 14-Jun-2022",China's deep space exploration laboratory starts operation
"09:06, 14-Jun-2022",Chinese mainland records 95 new confirmed COVID-19 cases 
"10:58, 14-Jun-2022",Earth from Space: Beijing experiences a severe hailstorm
"17:21, 14-Jun-2022",Li Yueru on more Chinese players joining WNBA: It's a recognition
"18:27, 14-Jun-2022",M4.4 quake hits SW China's Sichuan: CENC
"09:59, 14-Jun-2022",Pandas enjoy summertime in SW China
"15:41, 14-Jun-2022",Rescue underway after two-story building collapses in E China
"13:15, 14-Jun-2022",Second largest supermoon of the year to dazzle the sky 
"08:26, 14-Jun-2022",Super-large dataset about global climate system launched
"11:51, 15-Jun-2022",25th anniversary of HK's return: Population in five charts
"22:21, 15-Jun-2022",Gone are the days when Western countries rode roughshod over developing countries: Chinese Foreign Ministry
"15:45, 15-Jun-2022",BRICS security meeting set for Wednesday
"10:52, 15-Jun-2022","China aims for 3,500 registered general aviation airplanes by 2025"
"11:12, 15-Jun-2022",Chinese researchers explore new artificial glacier melt reduction method
"14:42, 15-Jun-2022",China's first homegrown subsea Xmas tree for oil drilling put into use
"10:08, 15-Jun-2022","China's industrial output, retail sales in May beat expectations, but 'difficulties and challenges' remain"
"16:54, 15-Jun-2022",China's overall flood situation is severe during the season: official
"09:21, 15-Jun-2022",Chinese mainland records 77 new confirmed COVID-19 cases
"23:23, 15-Jun-2022",Guangzhou goes extra mile to ease financial burden of small businesses
"15:22, 15-Jun-2022",Low-carbon Day: China tops world in installed offshore wind power
"23:10, 15-Jun-2022",Monkeypox: Here's how China plans to treat it
"10:37, 15-Jun-2022",69 countries oppose interference in China's internal affairs at UN human rights session
"09:04, 15-Jun-2022",Inclusion and empowerment: Schools and companies work together to help people with disabilities find jobs
"22:52, 15-Jun-2022",Senior Chinese official calls on BRICS nations to inject stability into turbulent world
"08:07, 15-Jun-2022","UN rights body should serve as platform for cooperation, dialogue: Chinese envoy"
"15:21, 15-Jun-2022",Wonders of Sanxingdui: Turtleback-shaped grid bronze
"18:47, 15-Jun-2022","Xi, Putin hold phone talks"
"18:46, 15-Jun-2022",Xi Jinping stresses firm adherence to China's path of human rights development
"23:03, 16-Jun-2022","Achievements of 'One Country, Two Systems' hailed in Hong Kong"
"14:27, 16-Jun-2022","China calls for restoring peace in Ukraine to protect women, children"
"22:23, 16-Jun-2022","Foreign Ministry: China firmly stands on the side of peace, justice on Ukraine issue"
"11:33, 16-Jun-2022",China issues diagnosis guidelines for unexplained severe hepatitis in children
"10:40, 16-Jun-2022",China's supercomputer can use AI to quicken drug discovery
"10:06, 16-Jun-2022",China vows to work with Kenya to defend interests of developing countries
"09:22, 16-Jun-2022",Chinese mainland records 64 new confirmed COVID-19 cases
"14:37, 16-Jun-2022","Heavy rainfall hits southern China, flood warnings issued"
"14:09, 16-Jun-2022",How did high-end technology help to better restore Sanxingdui relics?
"13:47, 16-Jun-2022",Innovators see two-way benefits from China's entry to int'l IP treaty
"14:11, 16-Jun-2022",Large bronze figurine among relics freshly unearthed from China's Sanxingdui Ruins
"14:09, 16-Jun-2022",New discoveries in Sanxingdui: The bronze altar 
"16:37, 16-Jun-2022",Nighttime economy booming in north China's Taiyuan
"09:21, 16-Jun-2022",Ningxia Series | Episode 4: Huoshizhai
"15:50, 16-Jun-2022",Chinese mainland says ban on Taiwan chemical-contained fish to protect people's safety
"18:19, 16-Jun-2022","World's first railway loop line boosts logistics, protects ecology"
"16:17, 16-Jun-2022",World's first railway loop line circling a desert goes into operation
"12:30, 16-Jun-2022","Xinjiang official helps over 10,000 farmers increase income"
"11:01, 16-Jun-2022",Xu Ge: Fashionable purple clay craftswoman
"08:00, 17-Jun-2022","At least 8 injured, 6 missing in chemical factory explosion in NW China's Gansu"
"16:49, 17-Jun-2022",CPC leadership deliberates report on rectification of financial institutions
"12:15, 17-Jun-2022",China completes key tests for engine of new rocket for crewed missions
"22:33, 17-Jun-2022",China has world's largest disease monitoring system: Official
"10:01, 17-Jun-2022",China holds press conference on reform of SOEs
"12:10, 17-Jun-2022","China's third aircraft carrier, the Fujian, launched in Shanghai"
"19:35, 17-Jun-2022",China refutes U.S. ambassador's comments on dynamic zero-COVID policy
"10:15, 17-Jun-2022",China's decade: SOEs assets up 15.4% annually since 2012
"15:11, 17-Jun-2022",China's new contribution to the cause of human rights
"09:19, 17-Jun-2022",Chinese mainland records 54 new confirmed COVID-19 cases
"14:15, 17-Jun-2022",Economist: BRICS offers opportunities for Africa to better integrate in global economy
"20:34, 17-Jun-2022",Foreign enterprises in Shanghai busily prepare for fifth CIIE
"19:42, 17-Jun-2022",Global brands explore China's new first-tier cities for growth
"12:30, 17-Jun-2022",Hong Kong to be relaunched after myths dispelled
"10:35, 17-Jun-2022",Chinese scientists identify indigenous lunar water in Chang'e-5 samples
"07:20, 17-Jun-2022",M4.7 quake hits northwest China's Xinjiang: CENC
"22:27, 17-Jun-2022",Ministry of Education: Campus recruitment is allowed where no new cases for over 7 days
"14:56, 17-Jun-2022",Ningxia Series | Episode 5: Shapotou
"23:07, 17-Jun-2022",Sci-tech museums in China visited by 850m people in 10 years
"14:52, 17-Jun-2022",Sea-buckthorn turns once arid land into a lush paradise
"10:15, 17-Jun-2022",Shanghai unveils measures to boost tourism industry
"21:22, 17-Jun-2022",The Pamirs: An ancient region on a rejuvenated trade route
"09:33, 17-Jun-2022",Why is the Taiwan Straits not 'international waters'?
"10:33, 17-Jun-2022",Wonders of Sanxingdui: The bronze sheet
"23:36, 17-Jun-2022",China stresses the need to advance economic globalization amid global crisis 
"13:56, 17-Jun-2022",President Xi Jinping to host 14th BRICS Summit
"10:19, 18-Jun-2022",Asia News Wrap: China's new aircraft carrier and more
"17:55, 18-Jun-2022",China's Sansha unveils first academician workstation
"10:45, 18-Jun-2022",China sees recovery in weekly freight capacity as daily cargo flights top 800
"17:10, 18-Jun-2022",Chinese ink-wash painter presents 13-year retrospective
"18:43, 18-Jun-2022",Chinese ink-wash painter presents 13-year retrospective
"09:15, 18-Jun-2022",Chinese mainland records 35 new confirmed COVID-19 cases
"20:00, 18-Jun-2022",How can people keep from sliding back into poverty?
"21:43, 18-Jun-2022",How do people's consumption habits change amid coronavirus outbreak?
"22:46, 18-Jun-2022",Mainland spokesperson wishes former KMT chairman speedy recovery
"14:49, 18-Jun-2022",Rain-triggered building collapse kills 5 in China's Guangxi
"22:56, 18-Jun-2022",Nearly 90 percent of world's karst sinkholes are in China
"07:15, 18-Jun-2022",One killed after fire breaks out at Shanghai petrochem facility
"18:30, 18-Jun-2022",Shanghai Fashion Week goes online as the city just recovers from COVID outbreak
"23:22, 18-Jun-2022",Tech Please: Why Samsung doesn't 'sing' anymore in China
"17:46, 18-Jun-2022",The international appeal of China's shopping festival
"10:34, 18-Jun-2022","Volleyball: China secure second win, to face Team USA on Saturday"
"15:59, 18-Jun-2022",President Xi Jinping calls for efforts to secure full victory in anti-graft campaign
"20:07, 19-Jun-2022",14th BRICS Summit set to be held next Thursday
"14:20, 19-Jun-2022",Artist Han Meilin honors Father's Day with ceramic cotton jackets
"10:55, 19-Jun-2022",Badminton: China contend for four golds at Indonesian Open
"21:07, 19-Jun-2022","China Weekly News Quiz: June 12-19, 2022"
"21:11, 19-Jun-2022",China braces for more floods as rainfall to continue
"12:22, 19-Jun-2022",China accomplishes world's 1st optical all-sky survey by commercial telescope
"12:18, 19-Jun-2022",China's State Council appoints new HKSAR government officials 
"11:53, 19-Jun-2022",China's first large CCAR TP500 unmanned freighter makes maiden flight
"09:18, 19-Jun-2022",Chinese mainland records 36 new confirmed COVID-19 cases
"10:22, 19-Jun-2022",Chinese scientists identify genes for more heat-tolerant rice
"15:00, 19-Jun-2022",Father's Day: Xi Jinping's father had told him to stay close to the people
"23:01, 19-Jun-2022","Heavy rainfall hits southern China, flood warnings issued"
"15:01, 19-Jun-2022",Space log: How has China's Shenzhou-14 crew set up their new home in space?
"19:26, 19-Jun-2022",Photography project becomes bird conservation awareness platform
"13:41, 19-Jun-2022",Rare footage captures river terns feeding nestling in SW China
"23:02, 19-Jun-2022",SA diplomat: BRICS to transform to new global governance institution
"23:00, 19-Jun-2022",Shanxi Province hands out vouchers to stimulate consumption
"10:24, 19-Jun-2022",Team USA defeats China at Women's Volleyball Nations League
"14:41, 19-Jun-2022",Tech Breakdown: What technical upgrades have been made to the Shenzhou-14 spaceship?
"14:43, 19-Jun-2022",Wildlife of Wolong: The vigilant deer live beside the water
"22:24, 20-Jun-2022", Achievements under the BRICS mechanism in the past 16 years
"16:29, 20-Jun-2022",Asia's largest railway passenger hub station opens in China 
"11:58, 20-Jun-2022","Canadian GP: Verstappen holds off Sainz, Zhou scores four points"
"07:06, 20-Jun-2022",China conducts ground-based midcourse antiballistic missile test
"10:36, 20-Jun-2022",China develops new coating for spacecraft thermal control
"22:28, 20-Jun-2022",China launches first global development report ahead of BRICS summit
"09:53, 20-Jun-2022",China publishes Global Development Report
"11:45, 20-Jun-2022",China tightens regulation on business activities of officials' relatives
"11:53, 20-Jun-2022","Liu, Ou make badminton history as China claim two golds at Indonesia Open"
"20:35, 20-Jun-2022",China's green bond issuance logs rapid growth
"17:20, 20-Jun-2022",China take first gold in artistic swimming at FINA World Championships
"10:56, 20-Jun-2022",Famed Chinese lyricist Qiao Yu passes away
"09:29, 20-Jun-2022",Chinese mainland records 38 new confirmed COVID-19 cases
"19:03, 20-Jun-2022",25th anniversary of HK's return: A look at economic and social indicators
"12:13, 20-Jun-2022",'Hong Kong is back on right track' – Carrie Lam reflects on tumultuous five-year term
"07:05, 20-Jun-2022",M4.4 quake hits SW China
"09:14, 20-Jun-2022",M5.9 earthquake hits Taiwan's Hualien: CENC
"13:17, 20-Jun-2022","Beijing says U.S. policy toward China 'deceptive, hypocritical, dangerous'"
"13:13, 20-Jun-2022",Rare footage captures river terns feeding nestling in SW China
"13:52, 20-Jun-2022",Wang Yi: China is committed to promoting global development
"20:37, 20-Jun-2022",Xi Jinping encourages PLA infantry academy students to contribute to strengthening armed forces
"16:57, 20-Jun-2022",Zoo provides cooling service for animals in E China
"09:26, 21-Jun-2022",Chinese mainland records 37 new confirmed COVID-19 cases
"21:17, 21-Jun-2022",Blockbuster 'Jurassic World Dominion' tops the box office for the second week
"12:16, 21-Jun-2022",12 injured in store explosion by possible gas leak in E China
"22:17, 21-Jun-2022",23 injured in gas explosion in north China's Tianjin 
"22:00, 21-Jun-2022",Amazon's shopping app taken down in China after violating user privacy
"15:26, 21-Jun-2022",Animals in solar terms: Xiazhi
"23:57, 21-Jun-2022",BRICS countries 'repairers' of global supply chain: Think tank
"23:20, 21-Jun-2022",Book of Xi's articles on CPC's youth-related work published
"14:17, 21-Jun-2022",China calls on countries to work together to counter hate speech 
"11:13, 21-Jun-2022","China expresses concerns over Indigenous women's rights in U.S., Canada, Australia"
"14:53, 21-Jun-2022",China deepens agricultural tech cooperation with BRICS nations
"19:00, 21-Jun-2022",China is committed to promoting the implementation of the 2030 Agenda: Chinese Foreign Ministry
"11:01, 21-Jun-2022",China's Three Gorges Reservoir area gets high-speed railway
"20:06, 21-Jun-2022",China's top legislature starts standing committee session
"20:00, 21-Jun-2022",China strongly condemns U.S. 'Uyghur Forced Labor Prevention Act'
"15:07, 21-Jun-2022",China urges 'relevant country' to stop sending wrong signals to 'Taiwan independence' forces
"08:57, 21-Jun-2022","Chinese mixed duo win bronze, Ceccon breaks backstroke world record"
"21:45, 21-Jun-2022",First 'China Documentary Festival' global exhibition kicks off in Beijing
"11:18, 21-Jun-2022",First self-built methanol-powered tanker delivered in S China
"22:01, 21-Jun-2022","From e-commerce tycoon to ALS patient, Cai Lei fights for himself and fellow patients"
"11:20, 21-Jun-2022","Hong Kong chief executive-elect: Priority to boost economy, long-term stability and prosperity"
"10:26, 21-Jun-2022",Locals transport injured on foot amid landslides in S China
"10:09, 21-Jun-2022",Long-term ozone exposure increases cardiovascular mortality: study
"21:14, 21-Jun-2022",Mysterious 'singing sands' discovered on southern coast of China
"12:17, 21-Jun-2022",Ningxia Series | Episode 7: Oasis in the sand
"15:53, 21-Jun-2022",Second part of COP15 meeting relocates to Montreal in December
"13:30, 21-Jun-2022",Summer Solstice (Xia Zhi): the Longest Day in the Northern Hemisphere
"09:52, 21-Jun-2022",Young Chinese wall painter: making hometown a better place
"08:47, 22-Jun-2022","CY Leung: Hong Kong's democracy is as unique as the 'One Country, Two Systems' principle"
"09:06, 22-Jun-2022","China bag two golds, one bronze at FINA World Championships"
"07:52, 22-Jun-2022","Chinese premier stresses importance of ensuring grain security, energy supply"
"06:49, 17-Jun-2022","European leaders meet Zelenskyy in Kyiv, affirm support for EU membership"
"07:04, 22-Jun-2022",Tornado and floods take over Southern China 
