﻿"15:29, 31-May-2022",China gears up for next missions to complete its first space station
"15:26, 31-May-2022",China issues administrative licenses for online audiovisual works
"19:06, 31-May-2022",China lodges representation over U.S. senator's visit to Taiwan region
"21:21, 31-May-2022",China opposes Japan's illegal 'island' claims
"15:30, 31-May-2022",China's new configuration AG600 large amphibious aircraft makes maiden flight
"15:10, 31-May-2022","China to boost wind, solar power capacity for cleaner energy mix"
"16:11, 31-May-2022",Chinese Ministry of Education to probe into controversial textbooks
"19:51, 31-May-2022","President Xi Jinping: China is ready to coordinate with UAE on global, regional issues"
"23:07, 31-May-2022",Nicotine addiction: Specialist says greater focus needed
"19:54, 31-May-2022","President Xi Jinping hails all-weather friendship between China, Zambia"
"12:41, 31-May-2022",Residents evacuated after downpours sweep parts of China
"15:00, 31-May-2022",Salute to sci-tech workers: Laureates of China's top science award from 2011-2020
"15:47, 31-May-2022",Solomon Islands Ambassador to China speaks to CGTN on Bilateral Ties
"14:38, 31-May-2022",Wildlife of Wolong: The king of the sky
"15:31, 31-May-2022",Wildlife of Wolong: The salt licker
"16:02, 31-May-2022",Xi congratulates China Soong Ching Ling Foundation on 40th anniversary
"19:53, 31-May-2022",President Xi Jinping extends festive greetings to children across China
"19:51, 31-May-2022","Xi's article on modernization featuring harmonious coexistence between humanity, nature to be published"
"13:59, 01-Jun-2022",Children's Day: Chinese vaccines protect Cambodian children from COVID-19
"21:19, 01-Jun-2022","Wang Yi: China treats all developing countries sincerely, equally"
"09:36, 01-Jun-2022",China conducts patrol with combat-readiness around Taiwan Island
"10:31, 01-Jun-2022","China endeavors to boost domestic demand, ensure food security"
"12:52, 01-Jun-2022",China's 1st road-rail cable-stayed bridge takes shape
"11:40, 01-Jun-2022","China's defense minister to visit Singapore, attend Shangri-La Dialogue"
"21:44, 01-Jun-2022","Wang Yi: China to promote fairer, more equitable global governance system"
"09:26, 01-Jun-2022",Chinese mainland records 35 new confirmed COVID-19 cases
"15:25, 01-Jun-2022",International Children's Day: A review of classic Chinese cartoons
"17:08, 01-Jun-2022","Two earthquakes hit SW China's Sichuan, 4 killed, 14 injured so far"
"11:31, 01-Jun-2022",Record-setting expedition on Mt. Qomolangma completes main tasks
"08:50, 01-Jun-2022",Shanghai's largest temporary COVID-19 hospital closes
"13:31, 01-Jun-2022",Shanghai taking measures to revitalize economy
"22:19, 01-Jun-2022",Shanghai to revitalize economy by supporting SMEs as containment measures lifted
"23:30, 01-Jun-2022",Hanging and afloat: World's first maglev suspension railway to start trial
"17:42, 01-Jun-2022",Xi sends condolences to Brazilian president over rainfall disaster
"22:06, 02-Jun-2022", 'Unlocking women's potential could be key to global development'
"10:27, 02-Jun-2022",Rescue underway after earthquakes hit SW China's Sichuan
"19:51, 02-Jun-2022","4 killed, 41 injured as quake hits Ya'an City in SW China"
"19:49, 02-Jun-2022",Beijing authorities: College entrance exam to be held as scheduled
"14:36, 02-Jun-2022",Children: From 'saplings' to 'forest' for Chinese nation
"12:29, 02-Jun-2022",Renewables to cover 50% of China's energy consumption growth by 2025
"16:54, 02-Jun-2022",China 'ready to work with South Korea to properly handle sensitive issues' in ties
"10:22, 02-Jun-2022",China's two meteorological satellites put into trial operation
"15:07, 02-Jun-2022",China sends 9 satellites into orbit for intelligent connected vehicles
"22:09, 02-Jun-2022",China strengthens supervision of COVID-19 nucleic acid testing
"12:45, 02-Jun-2022",China to further enhance implementation of prudent monetary policy
"17:27, 02-Jun-2022",China to provide emergency humanitarian aid to Sri Lanka
"17:26, 02-Jun-2022",China calls on U.S. to prudently handle trade relations with Taiwan region
"09:18, 02-Jun-2022",Chinese mainland records 37 new confirmed COVID-19 cases
"17:52, 02-Jun-2022",Hoopoes filmed feeding their babies in SW China's Yunnan
"21:57, 02-Jun-2022",How do tracking and monitoring help in Shenzhou launch missions?
"21:26, 02-Jun-2022",MOFCOM: China to promote solving problems facing foreign-funded firms 
"19:42, 02-Jun-2022",Women's tennis No.1 Swiatek: 'Dealing with periods can be tough for pro athletes'
"22:02, 02-Jun-2022",UN human rights chief's visit may dispel misinformation about Xinjiang
"18:44, 02-Jun-2022",UN launches new strategy to boost engagement with China
"20:15, 02-Jun-2022",Wang Yi hails China's relations with Federated States of Micronesia
"23:07, 02-Jun-2022",World's tallest power transmission towers wired across Yangtze River
"17:45, 03-Jun-2022",A sachet to wear on Dragon Boat Festival
"16:24, 03-Jun-2022",Beijing enters dynamic zero-COVID phase
"20:13, 03-Jun-2022",CGTN talks to couple working on key tasks for Shenzhou-14 mission
"17:50, 03-Jun-2022",COVID prevention and control: A comparison between China and the U.S.
"21:13, 03-Jun-2022",China props up retail spending with consumption vouchers during holiday
"14:14, 03-Jun-2022",Chinese envoy refutes Western rumours about Xinjiang
"09:17, 03-Jun-2022",Chinese mainland records 37 new confirmed COVID-19 cases
"19:08, 03-Jun-2022",Dragon Boat Festival boosts cross-Strait bonds
"14:16, 03-Jun-2022",Dragon Boat Festival comics: The magical journey of poet Qu Yuan
"19:04, 03-Jun-2022",Poverty alleviation efforts improve Xinjiang people's life
"19:34, 03-Jun-2022","Report: Musk says Tesla to pause hiring, wants to cut 10% of jobs"
"18:36, 03-Jun-2022",Restarting China-Australia relations needs action: Chinese foreign minister
"19:16, 03-Jun-2022",Shanghai improves employment of college graduates
"20:15, 03-Jun-2022",Shanghai's time-honored stores prepare zongzi to celebrate the Dragon Boat festival
"18:41, 03-Jun-2022",Story-teller of Jewish refugees in Shanghai receives honor
"21:19, 03-Jun-2022",Wang Yi: That China sought to sign regional security pact with PICs is fake news
"16:53, 03-Jun-2022",The nature hidden in Dragon Boat Festival' traditions
"22:54, 03-Jun-2022",Wang Yi: China ready to make BRI cooperation plan with Timor-Leste
"16:28, 03-Jun-2022",Wang Yi: China to build higher-level relations with PNG
"20:45, 03-Jun-2022",Zimbabweans make traditional Chinese delicacy zongzi
"12:37, 04-Jun-2022","Driver killed, 8 injured as train derails in SW China"
"16:36, 04-Jun-2022",China's chief astronaut system designer on Shenzhou-14 crew members
"09:03, 04-Jun-2022","Chinese astronauts Chen Dong, Liu Yang and Cai Xuzhe to carry out Shenzhou-14 mission "
"08:52, 04-Jun-2022",China has to fight pandemic strictly
"14:18, 04-Jun-2022",China's 2022 summer box office surpasses 100 million yuan in 2 days
"19:45, 04-Jun-2022",China's first female astronaut ready for new space mission
"08:03, 04-Jun-2022",China to hold press conference on Shenzhou-14 mission  
"09:01, 04-Jun-2022",China unveils details of Shenzhou-14 crewed space mission
"22:55, 04-Jun-2022",China unveils details of Shenzhou-14 astronauts and mission
"19:18, 04-Jun-2022",Chinese FM discusses achievements of trip to Pacific Island nations
"09:20, 04-Jun-2022",Chinese mainland records 46 new confirmed COVID-19 cases
"19:39, 04-Jun-2022","Expert: Chinese FM's visit to Pacific timely, fruitful"
"19:17, 04-Jun-2022",Highlights of 30 years of China's manned space program
"22:13, 04-Jun-2022",Kids celebrate Dragon Boat Festival in Taiyuan Ancient County
"15:45, 04-Jun-2022",Learning authentic Wudang Martial Arts from the masters
"08:56, 04-Jun-2022",China's mega hydropower station generates 500b kWh of clean electricity
"11:59, 04-Jun-2022",Pakistan lauds China's help in battling forest fire
"23:03, 04-Jun-2022",Shenzhou-14 crew looking forward to space trip
"11:46, 05-Jun-2022","Beijing issues action plan to stimulate business, consumption amid epidemic"
"16:47, 05-Jun-2022",CMG launches media action on World Environment Day
"11:08, 05-Jun-2022","Chinese, Malaysian FMs urge major countries to play role in Asia-Pacific's stability"
"19:16, 05-Jun-2022","China Weekly News Quiz: May 29-June 5, 2022"
"18:33, 05-Jun-2022",China raises emergency response level for flood control
"17:34, 05-Jun-2022","China's Shenzhou-14 spaceship docks with space station, 3 astronauts enter core module "
"21:50, 05-Jun-2022",Exclusive: China's chief astronaut system designer on Shenzhou-14 crew members
"11:33, 05-Jun-2022","Chinese, Greek presidents exchange congratulations on 50th anniversary of diplomatic ties"
"09:10, 05-Jun-2022",Chinese mainland records 56 new confirmed COVID-19 cases
"17:08, 05-Jun-2022",Dragon Boat Festival holiday sees revival in China's domestic tourism
"17:09, 05-Jun-2022",Exclusive interview with Zheng Qinwen: 'Tennis is a game of choice'
"16:06, 05-Jun-2022",Grain in Ear: A pun on 'Busy Planting' in Chinese
"12:39, 05-Jun-2022","Greece-China: a long history of friendship, working towards a better future"
"14:29, 05-Jun-2022",Improvements make Shenzhou-14 spaceship safer and more comfortable
"10:44, 05-Jun-2022","China launches Shenzhou-14 spaceship, sending 3 taikonauts to space station"
"15:29, 05-Jun-2022","Dine-in service, schools to reopen in Beijing as COVID-19 control measures eased"
"09:51, 05-Jun-2022",Volleyball: China beat Italy 3-1 for a third straight win
"20:30, 05-Jun-2022",World Environment Day: Only one Earth
"11:30, 06-Jun-2022",'Living fossil' dove-tree thrives in SW China
"13:23, 06-Jun-2022",25th Shanghai International Film Festival postponed to 2023
"15:01, 06-Jun-2022",Animals in solar terms: Mangzhong
"14:29, 06-Jun-2022",Australia and China to change for the better
"20:47, 06-Jun-2022",China achieves biggest sci-tech progress in past decade: Minister
"19:09, 06-Jun-2022",China comments on U.S. re-addition of not supporting 'Taiwan independence' on govt website
"15:08, 06-Jun-2022",China's 10-year fishing ban yields promising results in the Yangtze River
"20:04, 06-Jun-2022",China's film market sees a rebound during the Dragon Boat Festival holiday
"22:28, 06-Jun-2022",China's new telecom carrier rebrands as 'China Broadnet'
"15:30, 06-Jun-2022","China says Canadian warplanes increase reconnaissance, provocations"
"10:23, 06-Jun-2022","Chinese FM wraps up 8-nation tour, vows to help Pacific Island countries prosper"
"18:19, 06-Jun-2022",China vows to improve eye care services for children and seniors as myopia rate grows
"11:48, 06-Jun-2022",China women's volleyball team sit third in new FIVB World Rankings
"09:16, 06-Jun-2022",Chinese mainland records 31 new confirmed COVID-19 cases
"19:02, 06-Jun-2022",Consumption recovers during Dragon Boat Festival holiday as COVID eases
"21:22, 06-Jun-2022",Diners flock to Beijing restaurants as city eases COVID-19 curbs
"16:10, 06-Jun-2022",Michael Beasley returns to CBA to join Shanghai Sharks: report
"12:57, 06-Jun-2022",Space log: Shenzhou-14 crew in China Space Station enters cargo ships for supplies
"12:09, 06-Jun-2022",China urges U.S. to stop hegemonic practice of excluding countries from Americas summit
"12:54, 06-Jun-2022",U.S. mulls lifting some China tariffs to fight inflation
"18:17, 06-Jun-2022",Wang Yi to attend 3rd C+C5 foreign ministers meeting in Kazakhstan
"18:20, 07-Jun-2022",914 cultural relics to be displayed in Hong Kong Palace Museum in July
"08:54, 07-Jun-2022",Amazing Sansha Series | Ep. 4: Coral colonies
"09:42, 07-Jun-2022",China enters critical period of advancing large-scale 5G applications
"23:07, 07-Jun-2022",China grants licenses for 60 new video games
"13:00, 07-Jun-2022",China's first desert highway achieves zero carbon emissions
"17:29, 07-Jun-2022",May: China's forex reserves rises to $3.1 trillion on weaker dollar
"12:24, 07-Jun-2022",China's national college entrance examination begins
"13:59, 07-Jun-2022",China slams Australia over its close-in recon near Xisha Islands
"09:31, 07-Jun-2022",Chinese mainland records 57 new confirmed COVID-19 cases
"14:42, 07-Jun-2022",Chinese senior diplomat holds phone talks with Japan's national security chief
"22:53, 07-Jun-2022",Expert: Bountiful summer harvest crucial for bolstering China's food security
"13:00, 07-Jun-2022",Firefighters save 6-year-old boy trapped down deep well in China
"21:23, 07-Jun-2022","Gaokao kicks off, with 11.93 million candidates registered"
"10:33, 07-Jun-2022",M5.4 quake jolts waters off northeast Taiwan: CENC
"14:39, 07-Jun-2022",Record numbers take China's gaokao with AI a popular career choice
"07:57, 07-Jun-2022",Shenzhou-14 astronauts enter Tianzhou-4 cargo ship
"13:59, 07-Jun-2022",Successful Shenzhou-14 launch to benefit the world: foreign experts 
"12:25, 07-Jun-2022",Which part of China has the strongest hail? 
"22:00, 08-Jun-2022",10 people dead as heavy rain batters central China's Hunan
"18:57, 08-Jun-2022","China, Central Asian countries vow to safeguard regional peace"
"11:29, 08-Jun-2022",China ranks first in declared 5G patents in the world 
"13:26, 08-Jun-2022","China releases new moon map, the world's most detailed to date"
"14:44, 08-Jun-2022",China's Zheng beats Lazaro Garcia to reach 2nd round at Valencia Open
"18:37, 08-Jun-2022",China to introduce targeted measures to boost foreign trade: official
"16:17, 08-Jun-2022",China willing to help Sri Lanka deal with debt burden
"20:26, 08-Jun-2022",Chinese authorities vows to improve the quality of foreign trade
"09:13, 08-Jun-2022",Chinese mainland records 67 new confirmed COVID-19 cases
"17:06, 08-Jun-2022",Farmers use salt-tolerant wheat to increase output in barren land
"20:31, 08-Jun-2022",Friendly policies sustain growth of high-tech firms in GBA
"15:02, 08-Jun-2022","Government, universities roll out measures to help graduates secure jobs"
"15:06, 08-Jun-2022",M5.0 earthquake hits NW China 
"11:57, 08-Jun-2022",Ports in Shanghai restore normal capacity as orders pick up
"21:41, 08-Jun-2022",Xi Jinping inspects southwestern Chinese city of Meishan
"22:14, 08-Jun-2022","The 3rd Qingdao Multinationals Summit to be held in June, China continues to attract FDI"
"16:07, 08-Jun-2022",World Ocean Day: Restore undersea meadows
"07:28, 09-Jun-2022",At least 10 dead as torrential rain batters central China's Hunan
"07:27, 09-Jun-2022",China's Butterfly Valley expects more than 100 million butterflies
"09:51, 09-Jun-2022","China urges U.S. to take meaningful, concrete actions to ease Korean Peninsula tensions"
"09:17, 09-Jun-2022",Chinese mainland records 70 new confirmed COVID-19 cases
"09:15, 01-Jun-2022",Why the Chinese language is important for diplomacy
