﻿"21:32, 09-Mar-2022",'No critical impact on safety' from Chernobyl power loss: IAEA
"18:46, 09-Mar-2022",19 security personnel killed in northwest Nigeria
"16:01, 09-Mar-2022","2 killed, 7 injured in plant blast in western Russia"
"15:27, 09-Mar-2022","3 wounded, 1 missing after steamer explosion in Thailand"
"13:09, 09-Mar-2022",Australian PM declares state of emergency over flooding: report
"14:02, 09-Mar-2022",Carmakers face soaring metal costs as forced to cut ties from Russia
"15:48, 09-Mar-2022","China, India to hold 15th round of corps commander talks"
"19:24, 09-Mar-2022","Discrimination, harassment against Asian American women and Pacific Islander women in U.S. rampant: survey"
"23:18, 09-Mar-2022",Exclusive: Donetsk leader says ending fight the most important thing
"19:09, 09-Mar-2022","Exit polls show Lee, Yoon in dead heat in S. Korea's presidential election"
"15:16, 09-Mar-2022",Experts say post-COVID normality in U.S. is 'too premature'
"15:21, 09-Mar-2022",First batch of Chinese humanitarian aid leaves for Ukraine
"13:53, 09-Mar-2022",Iran condemns Israel's attack in Damascus
"21:14, 09-Mar-2022",Former Israeli PM Netanyahu tests positive for COVID-19
"20:05, 09-Mar-2022",Israeli president arrives in Turkey on landmark trip
"19:56, 09-Mar-2022","CMG Exclusive: Sanctions are 'suicide,' Ukraine's truth must be told"
"13:30, 09-Mar-2022","Russian, Ukrainian foreign ministers to meet in Turkey"
"12:18, 09-Mar-2022",Mexican authorities slam Queretaro with severe punishment for bloody fan riot
"23:14, 09-Mar-2022",Racial disparities remain in U.S. physics graduates: report
"23:32, 09-Mar-2022",Russia-Ukraine conflict: Fighting continues while Russia faces more sanctions
"13:12, 09-Mar-2022",Sources reveal U.S. fabricated Russia-Ukraine info to smear China
"07:20, 09-Mar-2022",South Koreans vote for new president in tightly contested race
"20:48, 09-Mar-2022","U.S. Congress reaches gov't spending deal, including $13.6 bln for Ukraine"
"07:36, 09-Mar-2022",U.S. trade deficit soars to record high in January as imports rise
"09:35, 09-Mar-2022",Venezuela releases at least two U.S. citizens
"23:36, 09-Mar-2022","WHO report: COVID-19 cases, deaths continue to drop globally"
"09:08, 10-Mar-2022", Magnussen to make F1 comeback as Mazepin's replacement
"19:03, 10-Mar-2022",Australia announces to boost size of military
"20:28, 10-Mar-2022",CGTN Sports Talk: All it takes is 18 minutes for PSG to crumble
"21:38, 10-Mar-2022",CPI shows U.S. retail prices up 7.9% in Feb. from a year earlier
"16:27, 10-Mar-2022","Ukraine claims child killed in Mariupol hospital attack, Russia denies"
"15:33, 10-Mar-2022",China congratulates Yoon Suk-yeol on election as South Korean president
"11:24, 10-Mar-2022",China urges end to violation of migrant children's rights
"21:25, 10-Mar-2022",Chinese para ice hockey team fears nobody at 2022 Winter Paralympics
"22:21, 10-Mar-2022","Colts trade Carson Wentz to Commanders for draft picks, report"
"21:01, 10-Mar-2022",Daily Quotes from 2022 Winter Paralympics on March 10
"09:40, 10-Mar-2022",Djokovic withdraws from Indian Wells due to COVID-19 vaccine regulations
"21:02, 10-Mar-2022",European Central Bank maintains interest rate
"18:17, 10-Mar-2022",Fukushima people condemn discharge of nuclear contaminated water
"19:04, 10-Mar-2022",Hungarian parliament elects Katalin Novak as president
"22:40, 10-Mar-2022",Iran says it won't give up on peaceful nuclear program
"19:14, 10-Mar-2022",Iran says lack of U.S. decision on nuclear deal complicates talks
"19:15, 10-Mar-2022",Meet the gold-medalist para skier at Beijing 2022 Winter Paralympics
"19:16, 10-Mar-2022",NBA highlights on March 9: Suns become 1st team to clinch playoff spot
"10:00, 10-Mar-2022",Queensland Premier rejects PM's move to include in emergency declaration
"16:32, 10-Mar-2022",ROK ruling party's leadership resigns en masse
"21:10, 10-Mar-2022",Russia-Ukraine talks yield no progress as conflicts enter third week 
"19:58, 10-Mar-2022","Russia bans export of telecoms, tech equipment until end of 2022"
"12:06, 10-Mar-2022",Russia urges U.S. to explain purpose of military biolabs in Ukraine
"09:35, 10-Mar-2022",S. Korean president-elect holds phone call with Biden
"09:16, 10-Mar-2022",Shackleton's lost shipwreck discovered off Antarctica
"10:01, 10-Mar-2022",ROK president-elect says open to dialogue with DPRK
"15:06, 10-Mar-2022","Top Russian, Turkish diplomats meet in Turkey's Antalya"
"13:51, 10-Mar-2022","U.S. closes door on combat aircraft supply for Ukraine, citing 'high risk'"
"19:20, 10-Mar-2022",Wang Yi: China to work with all to prevent humanitarian crisis in Ukraine
"07:10, 10-Mar-2022","Yoon Suk-yeol elected South Korean president, vows national unity"
"12:10, 11-Mar-2022","1 killed, 2 wounded in Kyrgyzstan, Tajikistan border clash"
"17:08, 11-Mar-2022",Eastern Europe's aid effort strained as number of refugees tops 2.5 million
"18:46, 11-Mar-2022",EU foreign policy chief says 'pause needed' in Iran nuclear talks
"15:44, 11-Mar-2022",Argentine lawmakers approve IMF deal to repay huge debt: official
"10:59, 11-Mar-2022",Beijing 2022 Paralympics aims to promote 'accessibility mindset'
"22:53, 11-Mar-2022","Britain's Prince William's Ukraine conflict remark slammed as 'Eurocentric,' 'racist'"
"09:17, 11-Mar-2022",COVID-19 pandemic's true death toll is 3 times the official number: study 
"17:49, 11-Mar-2022","EU launches antitrust probe on Google, Meta over online ads deal"
"13:55, 11-Mar-2022",First giant panda born in Singapore makes public debut with mother
"07:31, 11-Mar-2022","IMF to revise forecast downward over Ukraine crisis, Russian sanctions"
"21:27, 11-Mar-2022",India says it 'accidentally fired missile' into Pakistan
"10:49, 11-Mar-2022",Mayor of volatile Mexican town shot dead weeks after army's arrival
"07:28, 11-Mar-2022",Nigerian troops kill 121 extremist militants in two weeks
"07:56, 11-Mar-2022",Pakistan demands explanation from India for supersonic object crash
"12:45, 11-Mar-2022",Premier Li stresses need for fairness in China-U.S. economic competition 
"10:42, 11-Mar-2022","Russia, Ukraine 'ready to work' with UN nuclear watchdog"
"23:03, 11-Mar-2022","Russia sees 'positive shifts' in talks, Ukraine says at 'strategic turning point'"
"17:39, 11-Mar-2022",South Korea's nuclear power at turning point as advocate wins presidency
"09:39, 11-Mar-2022",Tiger Woods inducted into Hall with hard work and big payoff
"16:51, 11-Mar-2022",U.S. hackers found to attack Russia through computers in China
"13:48, 11-Mar-2022",UN chief urges concrete actions to end Syrian conflict
"07:08, 12-Mar-2022","2 killed after car plowed into Washington, D.C., restaurant"
"07:22, 12-Mar-2022","6 injured after shooting in Auckland, New Zealand"
"12:55, 12-Mar-2022",At least 7 killed after fire breaks out in slum cluster in New Delhi
"17:34, 12-Mar-2022",Man shot in France's Marseille after knife attack on police: report
"11:54, 12-Mar-2022",Ballon d'Or award announces drastic rule changes after controversial Lionel Messi win
"07:24, 12-Mar-2022",Biden signs stopgap funding bill to avert shutdown
"22:44, 12-Mar-2022","China, India hold 15th corps commander level meeting, agree to maintain dialogue to resolve LAC issues"
"22:00, 12-Mar-2022",Chinese armless alpine skier realizes dream at 2022 Winter Paralympics
"20:35, 12-Mar-2022",Daily Quotes from 2022 Winter Paralympics on March 12
"07:48, 12-Mar-2022",G7 says it will take steps to deny Russia 'most favored nation' status
"09:03, 12-Mar-2022",Gabriel Boric inaugurated as youngest president of Chile
"17:18, 12-Mar-2022",Georgia to hold joint military exercises with NATO
"14:59, 12-Mar-2022",Iran ready to supply oil for world market: official
"20:00, 12-Mar-2022",NBA highlights on March 11: Popovich secures most coaching wins in history
"20:45, 12-Mar-2022",Pakistan demands joint probe into India's 'accidentally fired missile'
"14:21, 12-Mar-2022",Pentagon team revived to speed up arms deliveries to Ukraine and allies
"22:16, 12-Mar-2022","Raiders, DE Maxx Crosby agree on 4-year, $95 million extension"
"14:09, 12-Mar-2022",Russia-Ukraine conflict halts half of world's neon output for chips
"16:28, 12-Mar-2022",Team China defend wheelchair curling gold medal at Beijing 2022
"19:12, 12-Mar-2022",Ukraine crisis: Why doesn't the West show the same outrage for wars in the Middle East?
"17:17, 12-Mar-2022","Turkish, Armenian FMs meet in Turkey amid efforts to mend ties"
"10:13, 12-Mar-2022",Turkmenistan holds snap presidential election
"07:31, 12-Mar-2022",U.S. sanctions Russians over support for DPRK weapons program
"15:17, 12-Mar-2022","Fighting rages outside Kyiv, more humanitarian corridors to open"
"15:15, 12-Mar-2022",Why did Brazil's vegetation coverage rise despite new hydropower project?
"10:18, 12-Mar-2022",YouTube blocks Russian state-funded media channels globally
"07:11, 13-Mar-2022",12 passengers killed in southwest Nigeria vehicle collision
"18:12, 13-Mar-2022",American elites reneging on their promise on the one-China consensus
"20:00, 13-Mar-2022","2022 Winter Paralympics concludes, but it's not goodbye"
"15:23, 13-Mar-2022","CPC Central Committee, State Council congratulate Chinese delegation on Winter Paralympics achievements"
"10:22, 13-Mar-2022",Team China flagbearer named for 2022 Winter Paralympics closing ceremony 
"20:00, 13-Mar-2022",Expert: Countries not involved in the Russia-Ukraine conflict work on diplomatic solution
"17:50, 13-Mar-2022",Daily Quotes from 2022 Winter Paralympics on March 13
"20:16, 13-Mar-2022",Dallas Cowboys to trade WR Amari Cooper to Cleveland Browns: report
"22:05, 13-Mar-2022","Eleven die in attack on Burkina gold mine, second raid in 48 hours: AFP"
"14:37, 13-Mar-2022",Reporter's Diary Ep.2: Family reunions in orphanage during Tibetan New Year
"13:41, 13-Mar-2022",Finland puts a long-delayed nuclear reactor online
"23:02, 13-Mar-2022",Fire reported at Menengai Volcanic Crater in Kenya
"17:16, 13-Mar-2022",Global Political Calendar: Ukraine crisis and China Development Forum
"21:20, 13-Mar-2022",IPC President Parsons declares Beijing 2022 Winter Paralympics closed
"13:30, 13-Mar-2022",Iran temporarily suspends talks with Saudi Arabia: Nour news
"18:43, 13-Mar-2022","Iranian revolutionary guards claim responsibility for attack on Erbil, Iraq"
"07:26, 13-Mar-2022",Rockets strike northern Iraq's Kurdish region
"18:38, 13-Mar-2022",NBA highlights on March 12: Thompson puts up 3-pointer storm for GSW
"09:03, 13-Mar-2022",Pakistan demands joint probe into 'accidental' India missile fire
"09:56, 13-Mar-2022",Pfizer vaccine reduces risk of Omicron infection among children: CDC
"17:49, 13-Mar-2022",Russian central bank decides not to reopen stock market trading next week
"22:09, 13-Mar-2022",Senior Chinese diplomat to meet U.S. national security advisor in Rome
"20:15, 13-Mar-2022",Beijing 2022: Splendors at closing ceremony of Winter Paralympic Games 
"18:40, 13-Mar-2022",Team China's flag bearer for 2022 Winter Paralympics closing ceremony
"18:32, 13-Mar-2022",UFC Vegas: Magomed Ankalaev does exactly enough to beat Thiago Santos
"18:40, 13-Mar-2022",Uber to roll out fuel surcharge in U.S. amid high gas prices
"19:43, 13-Mar-2022",Ukraine claims Russia is relying on conscripts and mercenaries
"19:18, 13-Mar-2022","Russia-Ukraine crisis: Efforts towards talks amid explosions, sanctions"
"17:49, 13-Mar-2022",Vahagn Khachaturyan takes office as Armenian president
"07:11, 14-Mar-2022",Death toll rises to 75 in DR Congo train derailment
"07:06, 14-Mar-2022",Former U.S. President Barack Obama tests positive for COVID-19
"07:20, 14-Mar-2022",M6.7 quake strikes Indonesia's Sumatra: USGS
"06:55, 14-Mar-2022",New batch of emergency humanitarian aid from China arrives in Ukraine
"07:34, 14-Mar-2022",Oscar-winning actor William Hurt dies at 71
"07:04, 14-Mar-2022","Russia, Ukraine to hold online negotiations on Monday"
"07:09, 14-Mar-2022",Vahagn Khachaturyan sworn in as Armenian president
"01:27, 10-Mar-2022",Kenya wants sanctions against Zimbabwe lifted
"01:28, 10-Mar-2022","Putin, Scholz discuss 'diplomatic' efforts to settle Ukraine conflict: Kremlin"
"01:31, 10-Mar-2022","Romania lifts all COVID-19 restrictions, exits state of alert"
"00:02, 10-Mar-2022",The U.S. man who got first pig heart transplant dies after 2 months
"01:30, 10-Mar-2022",Trial of men who plotted to Kidnap U.S. governor starts
"01:31, 10-Mar-2022",UN war crimes panel urges U.S. to probe deadly Syria air raids
"02:27, 11-Mar-2022",China denounces Australian defense chief's negative remarks
"03:05, 11-Mar-2022",EAC urges members to step up response measures to infectious diseases
"03:29, 11-Mar-2022",Governments look for solutions as pump prices soar globally
"01:56, 11-Mar-2022",Islamic State names new leader: reports
"01:21, 11-Mar-2022","Russian, Ukrainian FMs say ready to continue dialogue over conflict"
"01:58, 11-Mar-2022",S. African President in a phone conversation with Putin
"23:51, 11-Mar-2022","Singapore reports 15,345 new COVID-19 infections"
"03:09, 11-Mar-2022",U.S. Children severely behind in reading after two years of pandemic
"00:11, 12-Mar-2022",Biden calls for an end to Russia's 'most favored nation' trade status
"01:07, 12-Mar-2022",EU adopts a Versailles declaration on how to protect its citizens
"01:07, 12-Mar-2022",Germany marks National Remembrance Day for Victims of Terrorist Violence
"00:53, 12-Mar-2022",Indian gov't dismisses study claiming COVID-19 deaths undercounted
"02:49, 12-Mar-2022",Queen Elizabeth II to miss Commonwealth Day service
"00:44, 13-Mar-2022",2.6 million people flee Ukraine: UN
"00:08, 13-Mar-2022","Africa's post-COVID-19: Assessing areas of growth, opportunities, challenges"
"02:13, 13-Mar-2022",At least 60 killed in train derailment in southeastern DR Congo
"23:33, 13-Mar-2022","Chad government, opposition groups begin crucial talks in Doha"
"02:19, 13-Mar-2022",Hamilton plays down hopes of starting F1 season with victory
"01:12, 13-Mar-2022","Kenyan bank to develop digital products, tap Chinese community in East Africa"
"00:44, 13-Mar-2022","Saudi Arabia executes 81 people in 1 Day for ""terror offences"": Report"
"02:16, 13-Mar-2022","Yemen: Number of children killed, injured increase as violence escalates"
"00:44, 14-Mar-2022",Ukrainian midfielder Andriy Yarmolenko scores as West Ham beat Aston Villa 2-1
"00:21, 14-Mar-2022",US journalist shot dead in Ukraine 
"22:47, 09-Mar-2022","Ukraine conflict - day 14: Zelenskyy posts hospital 'atrocity' video, Russia's bioweapons claim"
"21:14, 10-Mar-2022","Ukraine - day 15: Kyiv is a 'fortress', Putin warns of food crisis"
"21:56, 11-Mar-2022",Spain's hospitality sector emerging from shadow of COVID-19
"21:18, 11-Mar-2022","Ukraine - day 16: Russia's bioweapons claim, YouTube state media ban"
"00:19, 14-Mar-2022","Bristol and Guangzhou: 10,000km apart but getting closer"
"05:06, 09-Mar-2022",Brazilian artists use music and murals to call for end to conflict
"03:56, 09-Mar-2022",How home exercise has evolved during the COVID pandemic
"05:05, 09-Mar-2022",Older Venezuelan women face greater economic hardship
"05:40, 09-Mar-2022",See how interest rates affect the stock market
"05:02, 09-Mar-2022",Biden signs executive order banning imports of Russian oil
