﻿"20:30, 12-Feb-2022",BMW pays $4.2b to take control of Chinese JV
"18:47, 12-Feb-2022","1 killed, 42 injured after bus explodes in Shenyang"
"10:35, 12-Feb-2022",China grants conditional approval for Pfizer's oral COVID-19 drug
"11:13, 12-Feb-2022",China's land-observing satellite begins its work in orbit
"12:39, 12-Feb-2022",China's top chipmaker reports record revenue in 2021 
"19:57, 12-Feb-2022",Daily Quotes from 2022 Winter Olympic Games on Feb. 12
"17:48, 12-Feb-2022",Chinese speed skater Gao Tingyu wins men's 500m final in Olympic record time
"22:48, 12-Feb-2022",Hannah Neise of Germany wins women's skeleton gold medal at Beijing 2022
"18:27, 12-Feb-2022",Key quotes: Xi Jinping's in-person diplomacy at Beijing Olympics
"21:41, 12-Feb-2022",Chinese mainland to help HKSAR curb rising COVID-19 caseload 
"20:53, 12-Feb-2022",Marius Lindvik of Norway claims gold in men's large hill individual 
"12:51, 12-Feb-2022",Natural Facts – Q&A: How does geography influence the Winter Olympics medals?
"16:30, 12-Feb-2022",ROC win cross-country skiing women's 4x5 km gold
"11:50, 12-Feb-2022",Small-Town Stories: Songyang County – awakening thousand-year-old villages
"16:33, 12-Feb-2022",Unlikely hero: Sensational Yan Wengang blazes a trail for Chinese sliders at Beijing 2022
"12:45, 12-Feb-2022",Wild red panda spotted in SW China's nature reserve
"21:24, 12-Feb-2022","Xi signs order to promulgate regulations on military equipment experiment, assessment"
"13:46, 13-Feb-2022",Beautiful photos of the common kestrel 
"18:26, 13-Feb-2022","Beijing unearthed about 5,000 cultural relics last year"
"18:32, 13-Feb-2022",Bing Dwen Dwen designer: Mascot reflects impact of new design concepts
"20:00, 13-Feb-2022","China Weekly News Quiz: February 6-13, 2022"
"11:12, 13-Feb-2022",China hosts over 60% of world's 5G base stations 
"20:00, 13-Feb-2022","China win short track speed skating women's 3,000m relay bronze medal at Beijing 2022"
"21:11, 13-Feb-2022",Chinese ice dance pair: We always target making breakthroughs
"09:34, 13-Feb-2022",Chinese mainland records 67 confirmed COVID-19 cases
"20:18, 13-Feb-2022",Daily Quotes from 2022 Winter Olympic Games on Feb. 13
"14:03, 13-Feb-2022","Global Political Calendar: 50 years of China's diplomatic ties with Mexico, Argentina"
"11:49, 13-Feb-2022",Light installations set up across China to welcome Lantern Festival
"22:52, 13-Feb-2022","Meet Li Yan, the champion coach for Chinese skaters at Winter Olympics"
"13:32, 13-Feb-2022",Zhao Dan impresses under glaring spotlight as China makes headway in women's skeleton
"11:28, 13-Feb-2022",Pungent litse: A secret spice that makes a famous sour fish dish tasty
"23:03, 13-Feb-2022",President Xi congratulates Steinmeier on his re-election as German president
"20:49, 14-Feb-2022",Beijing 2022 wink makes Bosnian luger Nikolajev a social media star
"23:10, 14-Feb-2022",China buys half of global electric vehicles sold in 2021: Canalys 
"15:33, 14-Feb-2022",China urges parties to refrain from hyping up Ukraine crisis
"12:46, 14-Feb-2022",China's first self-run deep-sea field Shenhai-1 produces 1 billion m³ of gas
"09:15, 14-Feb-2022",Chinese mainland records 84 confirmed COVID-19 cases
"13:11, 14-Feb-2022",Chinese scientists create new de novo protein design method: Nature
"15:09, 14-Feb-2022",Daily Quotes from 2022 Winter Olympic Games on Feb. 14
"22:17, 14-Feb-2022",HKSAR govt to leverage support of central authorities to curb COVID-19: Carrie Lam
"15:09, 14-Feb-2022",Andreas Schmid – the maestro behind China's Olympic breakthrough in skeleton
"20:11, 14-Feb-2022",Xu Mengtao makes history winning women's aerials gold at Beijing 2022
"21:47, 15-Feb-2022",'Funding is always an issue': The small 'exotic' nations at Beijing 2022
"17:23, 15-Feb-2022",Backgrounder: The IOC President's Trophy
"13:56, 15-Feb-2022",CMG's 2022 Lantern Festival Gala airs today
"20:29, 15-Feb-2022",Carrie Lam says no plans for citywide lockdown as cases surge
"09:26, 15-Feb-2022",China-New Zealand upgraded free trade pact to take effect from April 7
"10:58, 15-Feb-2022",China's Gu Ailing wins women's freeski slopestyle silver at Beijing 2022
"14:10, 15-Feb-2022",China's Su Yiming wins men's snowboard big air gold at Beijing 2022
"09:38, 15-Feb-2022",Chinese mainland records 80 confirmed COVID-19 cases
"07:52, 15-Feb-2022",Chinese naval ships carrying relief supplies arrive in Tonga
"16:56, 15-Feb-2022",Beijing 2022: Chinese women look ahead after making history in monobob's Olympic debut
"16:58, 15-Feb-2022",Daily Quotes from 2022 Winter Olympic Games on Feb. 15
"13:32, 15-Feb-2022",Figure out these animal riddles for Lantern Festival!
"19:28, 15-Feb-2022",Gold near 8-month high as Russia-Ukraine tensions boost appeal
"14:29, 15-Feb-2022",HK resumes operation of Huo-Yan Lab amid COVID-19 case surge
"16:54, 15-Feb-2022","IOC President Bach congratulates CMG for unprecedented Beijing 2022 broadcast results, awards CMG President Shen IOC President's Trophy"
"21:34, 15-Feb-2022",About Chinese Lantern Festival
"23:09, 15-Feb-2022",Mastering Chinese Poetry Ep28: Song of Hawthorn
"17:19, 15-Feb-2022",Wang Yi stresses deepening practical cooperation to promote China-Mexico relations
"20:58, 16-Feb-2022","Beijing 2022: Canada win short track men's 5,000m relay, Choi wins women's 1,500m "
"09:43, 16-Feb-2022","China's consumer, producer price inflation growth slows in January"
"12:09, 16-Feb-2022",China's Metaverse Industry Committee admits 17 new firms
"17:18, 16-Feb-2022",China says war threat hyped up by U.S. fuels Ukraine crisis
"20:12, 16-Feb-2022",China's Qi Guangpu wins long-awaited Olympic gold in men's aerials
"09:10, 16-Feb-2022",Chinese mainland records 102 confirmed COVID-19 cases
"16:54, 16-Feb-2022",Kong Fanying a bright spark in China's alpine skiing toil at Beijing 2022
"23:16, 16-Feb-2022",Liaison Office of central govt vows support as HK fights COVID-19 outbreak
"16:39, 16-Feb-2022",People across China celebrate Lantern Festival
"14:27, 16-Feb-2022",Photos of a cute little owl on a branch
"17:04, 16-Feb-2022",The first month of the Chinese new year sees unique celestial events
"11:28, 17-Feb-2022","""Coffee banquet"" in Yunnan conveys locals' wish for better development"
"21:06, 17-Feb-2022",'We had a plan': The foreign aerials coaches behind golden Team China
"23:08, 17-Feb-2022","More kids on snow, Chinese youths head to ski resorts as Beijing Olympics takes place"
"18:30, 17-Feb-2022",COVID-19 in Hong Kong: Vice minister of NHC in Shenzhen to coordinate work
"17:09, 17-Feb-2022",Central government sends expert team to HKSAR
"17:32, 17-Feb-2022",Chinese envoy: Afghanistan's overseas assets should be returned quickly and in full
"09:20, 17-Feb-2022",China's large amphibious aircraft prototype the AG600 moves forward toward production
"12:07, 17-Feb-2022",China's Gu first in women's freeski halfpipe qualifiers at Beijing Olympics
"09:12, 17-Feb-2022",Chinese mainland records 92 confirmed COVID-19 cases
"08:31, 17-Feb-2022",Chinese traditional opera finds new audience through short videos
"17:39, 17-Feb-2022",Daily Quotes from 2022 Winter Olympic Games on Feb. 17
"22:11, 17-Feb-2022",Experts speak highly of COVID-19 protocols at Beijing 2022
"12:08, 17-Feb-2022",Official: Beijing Winter Olympics showcase China's tech prowess
"20:12, 17-Feb-2022",Xi Jinping congratulates meeting marking 65th anniversary of China-Sri Lanka diplomatic ties
"16:48, 18-Feb-2022",China's top legislature schedules standing committee session on Feb. 27-28
"11:22, 18-Feb-2022",IOC president praises CMG's Winter Olympics broadcast technology
"14:21, 18-Feb-2022",China plans to build 8 national computing hubs with 10 data center clusters
"08:45, 18-Feb-2022",China releases new quantum computing software
"22:35, 18-Feb-2022","China responds to EU challenge at WTO, vows to safeguard legitimate rights and interest"
"14:02, 18-Feb-2022",Chinese COVID-19 vaccine V-01 protects against Omicron in booster trial
"10:58, 18-Feb-2022",More gold for Gu as Team China's freestyle superstar wins Olympic halfpipe
"22:55, 18-Feb-2022",China's figure skating pair set new world record in short program
"22:08, 18-Feb-2022",China urges European Parliament to stop political stunts over Hong Kong
"08:56, 18-Feb-2022",China urges effective implementation of Minsk agreements at UN meeting on Ukraine
"18:23, 18-Feb-2022",China warns against using war as smokescreen for bargaining on Ukraine
"21:41, 18-Feb-2022",Chinese aid for fighting COVID-19 arrives in Solomon Islands
"09:26, 18-Feb-2022",Chinese mainland records 87 confirmed COVID-19 cases
"18:02, 18-Feb-2022",Chinese freeskier Gu credits medals on '99% hard work' as rivals back her to boost sport
"18:45, 18-Feb-2022",Hong Kong chief executive election postponed to May due to COVID-19
"11:07, 18-Feb-2022",The beauty of the color brown
"11:01, 18-Feb-2022",Taiwan's New Party chairman to attend closing ceremony of Beijing 2022
"17:48, 18-Feb-2022",Xi Jinping sends message of sympathy to Bolsonaro over rainfall disaster casualties
"13:57, 19-Feb-2022",Argentina-China ties at 50: Highest level of diplomatic relations
"11:37, 19-Feb-2022",Bionic whale shark makes a splash in Shanghai aquarium
"22:18, 19-Feb-2022",CGTN and Argentine media premiere co-produce documentary to mark 50th anniversary of diplomatic ties
"20:16, 19-Feb-2022",China approves sequential booster vaccinations
"20:24, 19-Feb-2022",China tries 'sequential immunization' to combat COVID-19
"21:57, 19-Feb-2022",Chinese duo Sui and Han win pairs figure skating gold at Beijing 2022
"09:30, 19-Feb-2022",Chinese mainland records 137 confirmed COVID-19 cases
"18:08, 19-Feb-2022",Chinese snowboarder Su Yiming: Love is why I do the sport
"16:05, 19-Feb-2022",Exclusive: Chinese women's ice hockey captain Yu Baiwei reflects on Beijing 2022
"10:45, 19-Feb-2022",Do you like the color green?
"20:31, 19-Feb-2022",Saudi ski program supervisor: Beijing 2022 motivates me to attend future Olympics
"13:11, 19-Feb-2022",Skyrocketing viewership speaks of the success of Beijing Winter Olympics
"11:32, 19-Feb-2022",Breaking genres: Theater director interprets contemporary beauty of Chinese Opera
"19:22, 19-Feb-2022",Various sectors in Hong Kong gear up to take anti-pandemic measures
"11:42, 19-Feb-2022",Wang Fengchen: Chinese designers tell new fashion story at Beijing 2022
"19:25, 19-Feb-2022",China calls for rejecting new 'Cold War' as Ukraine tensions escalate
"23:00, 19-Feb-2022",Winter Olympics 2022 is the 'carbon neutral template' for future global events
"10:08, 19-Feb-2022","Chinese, Argentine presidents exchange congratulations on 50th anniversary of diplomatic ties"
"17:48, 19-Feb-2022",Xi to attend closing ceremony of Beijing Winter Olympics
"20:41, 20-Feb-2022",Hong Kong legislator: Aid from Chinese mainland boosts our confidence to conquer COVID-19
"12:55, 20-Feb-2022",Airbus to deliver 600th China-assembled A320 family aircraft by 2022
"13:56, 20-Feb-2022",Bach congratulates CMG for exceptional broadcasting achievements at Beijing 2022 
"20:00, 20-Feb-2022","Beijing 2022 concludes, passes Winter Olympics to Milano-Cortina 2026"
"22:54, 20-Feb-2022",Beijing 2022 is a 'great victory' with safe COVID-19 control: Official
"15:17, 20-Feb-2022","CPC Central Committee, State Council congratulate Chinese Winter Olympic delegation"
"20:19, 20-Feb-2022","China Weekly News Quiz: February 13-20, 2022"
"11:36, 20-Feb-2022",China's Chang'e-4 discovers glass globules on far side of moon
"16:47, 20-Feb-2022",China's PV exports rose 60% to $28.4b in 2021  
"10:16, 20-Feb-2022","Xu Mengtao, Gao Tingyu named flag bearers of Team China for Beijing 2022's closing ceremony"
"16:00, 20-Feb-2022",Chinese FM: China welcomes UN human rights chief to visit Xinjiang
"09:12, 20-Feb-2022",Chinese mainland records 195 confirmed COVID-19 cases
"13:05, 20-Feb-2022",German team piloted by Friedrich win 4-man bobsleigh gold at Beijing 2022
"23:00, 20-Feb-2022",High-tech 6DOF platforms help Chinese athletes make breakthroughs at Beijing 2022
"18:01, 20-Feb-2022",Highlights of Team China at 2022 Winter Olympic Games
"09:59, 20-Feb-2022",IOC awards Olympic Cup to the Chinese people
"15:10, 20-Feb-2022",Inner Mongolia stretch of Yellow River thawing early in N China
"21:37, 20-Feb-2022",Nixon's 1972 visit to China: What happened 50 years ago and why it matters today
"21:05, 20-Feb-2022",Pictures: A glimpse of Beijing 2022 closing ceremony
"14:24, 20-Feb-2022",Finland win first ever Olympic ice hockey gold medal at Beijing 2022
"12:52, 20-Feb-2022",Norway's Therese Johaug wins women's 30km mass start free gold at Beijing 2022
"14:01, 21-Feb-2022","Beijing 2022 Olympics closes with fitting, symbolic 'willow twig' goodbye"
"13:30, 21-Feb-2022",Beijing 2022 Winter Olympics: A spectacular triumph for China
"09:19, 21-Feb-2022","Solidarity, cooperation, friendship: Beijing 2022 reflects core Olympic values"
"10:49, 21-Feb-2022",A group of black-necked cranes found wintering in NW China's Xinjiang for the first time
"10:34, 21-Feb-2022","China, U.S. should learn from history 50 years after Nixon's visit  "
"18:07, 21-Feb-2022",China completes foundations of world's largest LNG storage tanks
"15:48, 21-Feb-2022",China to impose countermeasures against two U.S. firms over Taiwan arms sales
"11:26, 21-Feb-2022",China's tablet shipments record highest growth in seven years
"15:50, 21-Feb-2022",China denies accusation of shining laser at Australian warplane
"10:26, 21-Feb-2022",China to send 96 Paralympians to participate in Beijing 2022 Winter Paralympics
"09:21, 21-Feb-2022",Chinese mainland records 144 confirmed COVID-19 cases
"13:28, 21-Feb-2022",Decline in China's home prices eases as demand returns in big cities
"11:24, 21-Feb-2022",Giant pandas accept a 'curling challenge'
"22:58, 21-Feb-2022",HK to roll out 'vaccine pass' in hope of boosting vaccination rate
"23:15, 21-Feb-2022",Hong Kong ramps up plans to curb COVID-19 infections
"19:26, 21-Feb-2022",How Gao Tingyu grew to become speed skating Olympic gold medalist
"15:59, 21-Feb-2022",Jin Jiang Hotel – the place where Shanghai Communique was signed
"11:49, 21-Feb-2022",Mainland medical experts continue checking Hong Kong's anti-COVID work
"22:59, 21-Feb-2022","Nixon's ice-breaking visit to China, 50 years on"
"09:30, 21-Feb-2022",Quiz: Did you follow Beijing 2022 Winter Olympics?
"19:01, 21-Feb-2022",Super skaters shatter Olympic and world records at Beijing 2022
"21:53, 21-Feb-2022",Wang Yang calls on Taiwan compatriots to realize reunification is historical trend
"14:23, 21-Feb-2022",Whooper swans share an intimate moment at E China's Yinghua Lake
"00:10, 15-Feb-2022",Chinese mainland opposes Taiwan-related content in 'U.S. Indo-Pacific Strategy'
"00:09, 19-Feb-2022","IOC boss slams Valieva's team, China wins another gold: Olympics update"
"04:14, 15-Feb-2022",China and Mexico celebrate 50 years of diplomatic relations
"06:24, 16-Feb-2022",Lantern Festival lights up Asia
"08:14, 18-Feb-2022","China’s ""doctors on skis” behind Beijing 2022 Winter Games"
"08:15, 18-Feb-2022",Meet the Ultra HD 4K “Cheetah” at 2022 Beijing Winter Olympics
"03:57, 19-Feb-2022",See how China’s digital currency charms users at the Winter Olympics
