﻿"21:32, 10-May-2022",Beijing authorities plan rent waivers to support small business
"21:16, 10-May-2022",Experience traditional Tibetan customs in SW China
"20:04, 10-May-2022",Xi Jinping calls for vigilance against bloc confrontation over Ukraine
"22:02, 10-May-2022","Starry, starry night on Mt. Qomolangma"
"19:44, 10-May-2022",The best season to visit Taihang Grand Canyon 
"19:41, 10-May-2022",The young Monkey King at the China National Peking Opera Company 
"19:37, 10-May-2022",President Xi Jinping congratulates Katalin Novak on inauguration as Hungarian president
"20:19, 10-May-2022",Zhu Bingren: Blazing a new trail for copper
"17:57, 11-May-2022",Beijing's updated home quarantine guide underscores aerosol risks
"15:29, 11-May-2022",Bronze art master: Zhu helps to introduce bronze art into everyday life
"16:33, 11-May-2022",China says 'dynamic zero-COVID' policy maximizing protection of health
"10:05, 11-May-2022",China condemns latest U.S. warship transit of Taiwan Straits
"16:16, 11-May-2022",China condemns violence against journalists: FM spokesperson
"21:24, 11-May-2022",China may risk 1.55m deaths without 'dynamic zero-COVID' policy: study
"11:10, 11-May-2022",China's 1st large emergency rescue vessel completes maiden sea trial
"09:52, 11-May-2022","April: China's producer price index growth slows down, consumer price index edges up"
"09:16, 11-May-2022",Chinese mainland records 324 new confirmed COVID-19 cases
"20:41, 11-May-2022",Collection of Xi Jinping's diplomatic speeches published
"16:34, 11-May-2022",Guangdong conservationists monitor green sea turtles during breeding season
"20:41, 11-May-2022","HKSAR govt refutes G7, EU statements on chief executive election"
"17:53, 11-May-2022",Half of Shanghai achieves 'zero-COVID' status: official
"18:00, 11-May-2022",Mainland says DPP authority solely to blame for Taiwan's exclusion from World Health Assembly
"19:19, 11-May-2022","Over 100b packages delivered across China in 2021, up 30% from 2020"
"12:00, 11-May-2022",Samples collected by Chinese team from Mt. Qomolangma under analysis
"18:23, 11-May-2022",Shanghai vlog: 22-year-old building manager's life amid COVID-19 outbreak
"19:08, 11-May-2022",Shanghai students prepare for important exams amid COVID-19
"19:35, 11-May-2022",The Pacific is not someone's backyard': MOFA 
"10:24, 12-May-2022",'Deep Sea Warrior' completes sea trial mission in South China Sea
"23:21, 12-May-2022",China achieved unprecedented sci-tech advancement in past decade: official
"21:53, 12-May-2022",China's Mars rover finds water evidence on the Red Planet: study
"10:56, 12-May-2022",China's accelerating bid for computing power
"20:00, 12-May-2022",China's ecological condition has made historical turnaround: official
"11:43, 12-May-2022",China's telescope array in Antarctica starts search for Earth-like planets
"23:13, 12-May-2022",China says it will promote more free trade agreement negotiations
"16:18, 12-May-2022",China says ready to support DPRK in fight against COVID-19
"14:54, 12-May-2022",China to boom a $3.28-trillion bioeconomy by 2025 for better biosafety
"09:13, 12-May-2022",Chinese mainland records 237 new confirmed COVID-19 cases
"10:46, 12-May-2022",Ep. 392: U.S. can’t afford to decouple from China
"14:13, 12-May-2022",Fauna in Liaodong Bay Series | Ep. 6: Growing in spring
"13:47, 12-May-2022",Hong Kong entrepreneurs optimistic about economic outlook
"18:45, 12-May-2022",Bronze art master: Zhu bridges modernity and tradition through bronze art
"09:38, 12-May-2022",All people aboard evacuated after plane skids off runway in Chongqing
"18:27, 12-May-2022",Shanghai defenders: Caring for pets during COVID-19 outbreak
"15:52, 12-May-2022","China urges U.S. to drop tariffs on Chinese goods 'in interest of U.S. firms, consumers'"
"15:40, 12-May-2022",Xi exchanges congratulations with Slovenian president on 30th anniversary of diplomatic ties
"10:46, 12-May-2022",Xi Jinping sends congratulatory message to Philippine President-elect Marcos
"08:17, 13-May-2022","30 years of diplomatic ties: Croatia, China in diamond era"
"14:11, 13-May-2022",Beijing residents give take on virus policy
"18:38, 13-May-2022",Bitcoin set for record losing streak as 'stablecoin' collapse crushes crypto
"19:16, 13-May-2022","China, U.S. can share common circle of friends: MOFA"
"14:11, 13-May-2022",China eyes incremental policies to shore up growth
"21:18, 13-May-2022",China grants patent to new COVID-19 medicine
"22:21, 13-May-2022",China opposes attempts to build an 'Asia-Pacific version of NATO' 
"19:44, 13-May-2022",China opposes political maneuvers on COVID-19 pandemic
"23:10, 13-May-2022",China's new yuan loans contract in April as COVID hits
"08:40, 13-May-2022",China to send 35 athletes to Gymnasiade 2022
"20:25, 13-May-2022",China to step up governance of pollutant emissions: official
"09:14, 13-May-2022",Chinese mainland records 331 new confirmed COVID-19 cases
"07:25, 13-May-2022","Expert: China to continue opening up, implement economic reforms"
"17:37, 13-May-2022",Fauna in Liaodong Bay Series | Ep. 7: Sprites of the bay
"17:02, 13-May-2022",Full text of Xi Jinping's speech at ceremony marking centenary of Communist Youth League of China
"19:40, 13-May-2022","Hong Kong sees first-quarter GDP contracting 4%, downgrades economic forecast for 2022"
"19:38, 13-May-2022",Shanghai aims to reach zero-COVID status by mid-May
"16:50, 13-May-2022",What does the heavy rainfall in S China look like from space?
"09:50, 14-May-2022",All 13 people found after unauthorized trip to SW China mountain
"15:25, 14-May-2022",2023 AFC Asian Cup will not take place in China
"20:02, 14-May-2022",All 13 people found alive after unauthorized trip to SW China mountain
"20:20, 14-May-2022",Beijing-Guangzhou high-speed train to reach 350 km/h in June
"21:58, 14-May-2022",China-Europe freight train still in operation amid COVID-19 outbreak
"16:43, 14-May-2022",China builds new highway on shifting sand
"18:11, 14-May-2022",China-developed C919 passenger plane completes maiden test flight
"16:01, 14-May-2022","China sees better forest quality, enhanced carbon sink capacity via strengthened management"
"12:12, 14-May-2022",China's first C919 passenger plane completes maiden test flight before delivery
"16:07, 14-May-2022",China's largest academic database under antitrust probe
"19:31, 14-May-2022",China's nucleic acid testing capacity hits 57 mln test tubes per day
"20:10, 14-May-2022",China to stick with 'dynamic zero-COVID' strategy
"07:54, 14-May-2022",China urges destruction of WMDs during UN Security Council meeting
"09:25, 14-May-2022",Chinese mainland records 276 new confirmed COVID-19 cases
"21:51, 14-May-2022",South Korea defeats China to win second BWF Uber Cup title
"19:17, 14-May-2022",Why should we monitor glaciers around Mt. Qomolangma?
"10:24, 14-May-2022",Wildlife of Wolong: The partridge that loves rhododendron forests
"18:09, 15-May-2022",Beijing reported 33 new confirmed COVID cases
"16:35, 15-May-2022",Beyond Infinity: One year on Tianwen-1's triumphant landing on Mars
"19:39, 15-May-2022","China Weekly News Quiz: May 8-15, 2022"
"17:04, 15-May-2022",China's AC352 mid-sized utility helicopter completes flight test for airworthiness certification
"10:19, 15-May-2022",China's handling of COVID-19 pandemic sets high standards for world: Pakistani FM
"14:41, 15-May-2022","China marks National Day for Helping the Disabled, takes subsidies applications online"
"17:51, 15-May-2022",Chinese badminton boss on Thomas & Uber Cup losses
"11:23, 15-May-2022","Chinese-made floating airship reaches world record altitude of 9,032 meters "
"09:56, 15-May-2022",Chinese mainland records 239 new confirmed COVID-19 cases
"09:15, 15-May-2022",Fauna in Liaodong Bay Series | Ep. 9: Settling down
"15:23, 15-May-2022",How Belt and Road Initiative complements China's import expo
"17:54, 15-May-2022",How human rights in China progressed in recent years
"13:08, 15-May-2022",IMF raises Chinese yuan's weighting in SDR currency basket
"14:17, 15-May-2022",Life skills program added to curriculum in China
"10:32, 15-May-2022",Shanghai to promote business resumption in stages
"08:33, 15-May-2022","Small-Town Stories: Shaxian County, more than delicacies "
"20:26, 15-May-2022",Some airlines resume a small number of flights from Shanghai
"17:05, 15-May-2022","Xi Jinping's article on theoretical, practical issues in China's development to be published"
"20:19, 15-May-2022",Xi Jinping sends congratulatory message to new UAE president
"20:20, 15-May-2022",Xi Jinping mourns passing of UAE President Sheikh Khalifa bin Zayed Al Nahyan
"11:36, 16-May-2022", China's embassy in UK urges G7 to mind their own affairs
"10:26, 16-May-2022",15 of 16 Shanghai districts free of COVID-19 community spread
"14:32, 16-May-2022",A symbol of hope: Han Meilin's pig painting shines with petal patterns
"16:20, 16-May-2022",Beijing reports 39 new local COVID-19 infections
"18:34, 16-May-2022",China says new factors will add to bilateral ties as Finland seeks NATO membership
"15:07, 16-May-2022","China's April industrial output, retail sales plummet amid COVID-19 resurgence"
"10:02, 16-May-2022",China's industrial output up 4% in first four months
"12:58, 16-May-2022",China's second Type 055 large destroyer passes test for sea missions
"18:09, 16-May-2022",China slams U.S. signing of bill related with Taiwan region
"17:12, 16-May-2022",China to set up permanent COVID-19 hospitals to rein in virus in long term
"10:41, 16-May-2022",Chinese 'Exploration 2' initiates second-phase scientific sea trial 
"17:25, 16-May-2022",Premier Li asks Pakistan to scale up security for Chinese personnel
"09:13, 16-May-2022",Chinese mainland records 151 new confirmed COVID-19 cases
"22:38, 16-May-2022",Dinosaur fossil dating back 125 mln years found in north China
"19:39, 16-May-2022",Disabled population of Tibet enjoys rising employment
"23:08, 16-May-2022",Tsinghua professor says growth needs to be priority to offset external headwinds
"17:13, 16-May-2022",Han Xu continues to make efficient offensive performance for Liberty
"18:55, 16-May-2022",ISF Gymnasiade Normandy 2022 opens on May 15 in Deauville
"08:38, 16-May-2022",Qomolangma expedition: How is the Rongbuk Glacier amid global warming?
"13:03, 16-May-2022",The Colors of Nature: White swans
"17:15, 17-May-2022",10 dead after car plunges into river in south China’s Guangdong
"18:37, 17-May-2022","Ancient 'mirror' sheds light on aristocratic life 2,000 years ago"
"23:00, 17-May-2022","Ancient 'mirror' sheds light on aristocratic life 2,000 years ago"
"13:23, 17-May-2022",Chart of the Day: Shanghai attains zero community spread of COVID-19
"09:52, 17-May-2022",China develops mosaic vaccine for protection against COVID-19 variants
"13:24, 17-May-2022",China's homegrown AC313A large civil helicopter makes maiden flight
"19:40, 17-May-2022",China's higher education rate reaches 57.8%
"17:10, 17-May-2022",China 'spontaneously' lowers tariff level from 9.8% in 2010 to 7.4%
"15:18, 17-May-2022",China to expand 'encouraged' sectors for foreign investment
"09:26, 17-May-2022",Chinese mainland records 175 new confirmed COVID-19 cases
"15:32, 17-May-2022",Chinese museums hold special events to mark International Museum Day
"17:02, 17-May-2022",Communist Youth League of China Centenary: Youth development in an uncertain world
"15:38, 17-May-2022",Jiangxi Yifeng Series | Ep. 1: In the bamboo woods
"18:51, 17-May-2022",Shanghai bus companies prepare to resume operations
"10:21, 17-May-2022","Shanghai hits 'zero-COVID' milestone, to return to normal in stages"
"15:00, 17-May-2022","Transformative training: Special education school preps students for the Olympics, life"
"13:05, 17-May-2022",Why is Australia concerned about China-Solomon Islands cooperation?
"18:38, 17-May-2022",World Telecom Day: How can tech be more friendly to China's aging population?
"11:14, 18-May-2022",10 must-visit natural history museums in China
"23:03, 18-May-2022","70 years on, CCPIT bonding Chinese and foreign businesses"
"15:38, 18-May-2022",BRICS foreign ministers to meet via video link on Thursday  
"23:34, 18-May-2022",Bilingual version of Xi's discourses on safeguarding human rights published
"13:11, 18-May-2022",CAAC confirms U.S. investigators did not release info on Eastern Airlines crash probe
"12:56, 18-May-2022",China builds world's largest mobile broadband and fiber optic network
"11:01, 18-May-2022",China launches its first quantum-encrypted smartphone
"19:59, 18-May-2022",China launches world's first unmanned intelligent research ship  
"20:53, 18-May-2022",China to build unmanned intelligent farms by 2025: MIIT's new roadmap
"15:06, 18-May-2022",Chinese Vice Premier Liu He pledges support for digital platforms
"09:11, 18-May-2022",Chinese mainland records 240 new confirmed COVID-19 cases
"21:28, 18-May-2022",Expert: U.S. sanctions Xinjiang companies for its own products
"20:06, 18-May-2022",Facts about Xinjiang's demographics
"11:12, 18-May-2022",Hangzhou 2022 Asian Para Games postponed
"21:12, 18-May-2022",How do Uygurs at a Xinjiang silicon factory see their working conditions?
"19:47, 18-May-2022",International Museum Day: How digital technology empowers ancient museums
"22:02, 18-May-2022",International Museum Day: Take a glance of China's must-visit museums
"08:57, 18-May-2022",Jiangxi Yifeng Series | Ep. 2: Hardleaf oatchestnut
"11:30, 18-May-2022",Meet the cultural relics on International Museum Day
"22:18, 18-May-2022",Palace Museum exhibition highlights evolution of Chinese civilization
"22:19, 18-May-2022",Premier Li Keqiang calls for methods to stabilize the Chinese market
"19:31, 18-May-2022","President Xi, Dutch king exchange congratulations on 50th anniversary of diplomatic ties"
"19:11, 18-May-2022",Revival of ancient temples
"16:26, 18-May-2022",Shanghai delivers world's largest VLEC since COVID business resumption
"10:06, 18-May-2022",Shared by Nature: The role of Arabidopsis on growing plants on moon
"21:23, 18-May-2022","Tencent reports Q1 profit slump, no growth in revenue"
"20:05, 18-May-2022",Truth about forced sterilization allegations in Xinjiang
"18:50, 18-May-2022",China urges U.S. to honor commitment to not support 'Taiwan independence'
"12:53, 18-May-2022",Volunteer barber eases haircut anxieties in COVID-hit Shanghai
"16:31, 18-May-2022",Wang Yi warns Japan-U.S. cooperation should not harm China
"20:22, 18-May-2022",What do young people in Xinjiang think about having children?
"22:57, 18-May-2022",Senior Chinese diplomat warns U.S. against playing 'Taiwan card'
"09:22, 19-May-2022",Chinese mainland records 212 new confirmed COVID-19 cases
"02:24, 13-May-2022",Professor analyzes a music video reported by ShenZhen Daily
