﻿"22:17, 25-Feb-2022","China calls on Russia, Ukraine to solve issue through negotiation"
"21:17, 25-Feb-2022",Mainland slams Taiwan's DPP authorities on sanctioning Russia 
"19:29, 25-Feb-2022","China supports Russia, Ukraine to solve the issue through negotiation, Xi tells Putin"
"11:30, 26-Feb-2022",Are high heels falling out of favor among Chinese women?
"22:19, 26-Feb-2022",Mainland medical experts arrive in Hong Kong to fight COVID-19 outbreak
"19:21, 26-Feb-2022",China condemns latest U.S. warship transit of Taiwan Straits
"20:20, 26-Feb-2022",China eyes Qinghai-Tibet Plateau site for new astronomical observatory
"15:01, 26-Feb-2022",China's high-tech zones contributed 13% of its GDP in 2021
"13:47, 26-Feb-2022",China's new-generation manned launch vehicle may have reusable first stage
"10:57, 26-Feb-2022",China says EU should urge Lithuania to return to one-China principle
"11:13, 26-Feb-2022",China sets new safe flight world record of 100 million continuous hours
"07:31, 26-Feb-2022",Wang Yi: China encourages efforts conducive to peaceful settlement of Ukraine crisis
"10:02, 26-Feb-2022",Chinese mainland records 249 confirmed COVID-19 cases
"09:33, 26-Feb-2022",Graphics: China records over 1b trips in Spring Festival travel rush
"21:00, 26-Feb-2022",Iran to send five athletes to 2022 Winter Paralympic Games
"12:22, 26-Feb-2022",U.S. sanctions Putin as Russia and Ukraine signal openness to talks
"16:34, 26-Feb-2022",Wang Yi: China provides over 2.1 billion COVID-19 vaccines globally 
"14:37, 26-Feb-2022",Xi stresses firm adherence to China's path of human rights development
"22:32, 27-Feb-2022","China Weekly News Quiz: February 20-27, 2022"
"09:36, 27-Feb-2022",China launches new L-SAR 01B land observation satellite
"14:04, 27-Feb-2022","China's top legislature reviews work report, draft agenda for upcoming annual session"
"12:49, 27-Feb-2022",China sends 22 satellites into orbit with redesigned Long March-8
"09:34, 27-Feb-2022","Wang Yi: China backs a security dialogue between NATO, EU and Russia"
"08:20, 27-Feb-2022",'Never leave citizens behind': Chinese ambassador says he still in Kyiv
"09:24, 27-Feb-2022",Chinese mainland records 239 confirmed COVID-19 cases
"20:29, 27-Feb-2022",Chinese para ice hockey team have first adaptive training session
"10:49, 27-Feb-2022",Foreign trainees complete online training at Chinese acrobatics school
"19:28, 27-Feb-2022",Global Political Calendar: China's Two Sessions and Russia-Ukraine conflict
"22:12, 27-Feb-2022",How the pandemic is reshaping China's Gen Z
"10:11, 27-Feb-2022",Russia resumes operation as Ukraine says talk conditions 'unacceptable'
"16:05, 27-Feb-2022",The butterflies that 'live' forever
"10:52, 27-Feb-2022",Xinjiang makes progress in consolidating poverty alleviation
"14:55, 28-Feb-2022",Carrie Lam meets mainland epidemiologists on combating COVID-19
"16:08, 28-Feb-2022",China always stands on the side of peace and justice
"19:24, 28-Feb-2022",China initiates emergency coordination to ensure its citizens' safety in Ukraine: Wang Yi
"16:41, 28-Feb-2022",China explores feasible plans for evacuation of citizens from Ukraine
"15:03, 28-Feb-2022",China issues report on U.S. human rights violations
"10:11, 28-Feb-2022",China's 2021 GDP surpasses 114 trillion yuan: NBS
"23:18, 28-Feb-2022",China's new rocket Long March-8 Y2 sets new era of satellite rideshare
"19:43, 28-Feb-2022",Wang Yi refutes hype about China's Xinjiang affairs as baseless
"15:48, 28-Feb-2022",Chinese FM to address UN Human Rights Council session
"09:11, 28-Feb-2022",Chinese mainland records 234 confirmed COVID-19 cases
"10:16, 28-Feb-2022","IPC, BOCOG presidents confident of successful Winter Paralympics"
"08:51, 28-Feb-2022",Meet the people behind Beijing 2022 Winter Olympics
"21:46, 28-Feb-2022",President Xi stresses importance of fostering world-class enterprises
"14:18, 28-Feb-2022","Senior CPC officials report work to CPC Central Committee, Xi Jinping"
"12:12, 28-Feb-2022",Snooker: China's Fan defeats O'Sullivan to claim European Masters 2022
"11:27, 28-Feb-2022",Team China's sports gear at Beijing 2022 Winter Olympics
"07:31, 28-Feb-2022",UN adopts resolution on emergency General Assembly session on Ukraine
"11:09, 28-Feb-2022",China urges U.S. to stop hollowing out one-China principle on 50th anniversary of Shanghai Communique
"20:06, 28-Feb-2022",Xi's speech on work of people's congresses to be published
"09:09, 01-Mar-2022",China calls for efforts conducive to direct negotiations on Ukraine
"11:26, 01-Mar-2022",China's first regulations on preserving Yellow River basin take effect
"09:36, 01-Mar-2022","China's manufacturing PMI edges up to 50.2 in February, beating forecast"
"11:54, 01-Mar-2022",China to provide emergency food aid to drought-affected Horn of Africa countries
"20:57, 01-Mar-2022",China urges U.S. to immediately stop official exchanges with Taiwan region
"14:31, 01-Mar-2022",CMG's documentary collected by Chinese People's Revolution Military Museum 
"21:10, 01-Mar-2022",China calls for constructive efforts to find political solution to Ukraine issue
"09:20, 01-Mar-2022",Chinese mainland records 200 confirmed COVID-19 cases
"15:38, 01-Mar-2022",Mainland-aided isolation facility in Hong Kong starts admitting COVID-19 patients
"15:44, 01-Mar-2022",Expert: Short-termism in U.S. getting ahead of long-term perspective in China-U.S. relations
"09:13, 01-Mar-2022",How is China's path in smart agriculture different?
"18:34, 01-Mar-2022","Side by side, mile by mile, Lu and Yin bond with every step"
"18:22, 01-Mar-2022","Xi tells young officials to have strong faith, work hard"
"09:00, 02-Mar-2022",Beijing 2022 Winter Paralympic Games torch relay kicks off in China
"14:07, 02-Mar-2022",China delivers world's first super-large LNG dual-fuel oil tanker
"19:55, 02-Mar-2022",Food security in China: Lawmakers to review bill ahead of key legislative session
"22:30, 02-Mar-2022",China's rocket startup: Not a replica of SpaceX 
"13:42, 02-Mar-2022",China's space tracking ship sails for Indian Ocean missions
"22:36, 02-Mar-2022",China will not join financial sanctions against Russia: official 
"22:17, 02-Mar-2022","Wang Yi: China firmly upholds political, diplomatic settlement of Iran nuclear issue"
"13:27, 02-Mar-2022",Chinese Paralympians unlock their potential in sports
"09:12, 02-Mar-2022",Chinese mainland records 224 confirmed COVID-19 cases
"22:39, 02-Mar-2022",Team China aim for breakthrough in alpine skiing at 2022 Winter Paralympics
"16:57, 02-Mar-2022",Mainland freight train bringing anti-virus supplies to HKSAR
"14:56, 02-Mar-2022",Beautiful birds frolic in NE China's Heilongjiang Province
"10:38, 02-Mar-2022",Whooper swans move northward after 4 months of wintering in E China
"15:36, 02-Mar-2022",Winter Paralympics flames combined at the Temple of Heaven in Beijing
"20:42, 02-Mar-2022","Xi tells armed police to always be faithful guardian of Party, people"
"17:59, 03-Mar-2022",'Bottlenecks still exist' in China's core technology: spokesperson
"16:13, 03-Mar-2022",2022 Winter Paralympics torch relay reaches Yanqing
"17:20, 03-Mar-2022","Beijing 2022 overachieves emissions target, plugs capital to green energy"
"11:24, 03-Mar-2022",China calls on UN to play positive role for de-escalation in Ukraine
"15:58, 03-Mar-2022",China conditionally approves 1st recombinant protein COVID-19 vaccine
"11:28, 03-Mar-2022",China criticizes U.S. 'ruthless misappropriation' of Afghan assets
"21:20, 03-Mar-2022",China in the same group with USA at 2022 Women's Basketball World Cup
"09:08, 03-Mar-2022","China releases plan to support carbon peak, neutrality goals"
"16:57, 03-Mar-2022",China's 'dynamic zero-COVID' policy helps steady global supply chain: spokesperson
"15:00, 03-Mar-2022","China's top political advisory body briefs media on economic development, zero-COVID strategy"
"18:10, 03-Mar-2022","China's whole-process people's democracy improves people's lives, development: CPPCC spokesperson"
"09:10, 03-Mar-2022",China voices concerns for safety of Ukraine's nuclear facilities
"09:22, 03-Mar-2022",Chinese mRNA COVID-19 antibody shields mice long-term
"09:11, 03-Mar-2022",Chinese mainland records 214 confirmed COVID-19 cases
"11:14, 03-Mar-2022","Guo Yujie, Wang Zhidong named China's Paralympics flagbearers"
"18:05, 03-Mar-2022",Key quotes: How Xi Jinping cares for persons with disabilities
"23:22, 03-Mar-2022","Relics in China reveal modern human lifestyle 40,000 years ago"
"20:33, 03-Mar-2022",Salvage of 160-year-old wooden shipwreck underway in Shanghai
"17:49, 03-Mar-2022","Spokesperson lauds 2022 Winter Olympics as impressive, memorable"
"14:11, 03-Mar-2022",This is China: What makes the 2022 Two Sessions special?
"18:23, 03-Mar-2022",UNGA resolution on Ukraine inconsistent with China's position: MOFA
"19:16, 03-Mar-2022",Unboxing China: What is China's annual government work report and what should we expect from it?
"18:05, 03-Mar-2022",Xi to attend opening ceremony of Beijing 2022 Paralympic Winter Games
"16:29, 03-Mar-2022",Youth Talk Ep. 1: Employment still top priority in China
"17:34, 04-Mar-2022",A brief history of Winter Paralympics
"11:31, 04-Mar-2022",Agenda adopted for fifth session of 13th National People's Congress
"18:00, 04-Mar-2022","CMG authorizes broadcast of 2022 Winter Paralympics opening, closing ceremonies"
"16:52, 04-Mar-2022",CPPCC calls members to reach out to all sections of society to promote unity
"16:33, 04-Mar-2022",China's top political advisor to promote high-quality development with high-quality recommendations
"15:40, 04-Mar-2022",CPPCC promotes good start to 14th Five-Year Plan
"17:20, 04-Mar-2022",CPPCC promotes implementation of the principle of 'Patriots governing Hong Kong' 
"13:04, 04-Mar-2022",China prioritizes developing countries for COVID-19 vaccine cooperation
"09:08, 04-Mar-2022",China's AG600 large amphibious aircraft gets financial-leasing support
"15:39, 04-Mar-2022",NPC spokesperson: China's anti-foreign sanctions law is 'defensive measure'
"16:38, 04-Mar-2022",China's dynamic zero COVID-19 policy still effective and responsible
"16:56, 04-Mar-2022",China's first F1 driver pumped up for his rookie year
"12:00, 04-Mar-2022",10 items on agenda for China's national legislature's annual session 
"14:59, 04-Mar-2022",China's top political advisor calls for enhancing unity among all Chinese
"16:31, 04-Mar-2022",China slams Mike Pompeo's claim of 'recognizing Taiwan' as nonsense
"21:39, 04-Mar-2022",China stands together with its people with disabilities for a shared future
"14:38, 04-Mar-2022",China to send 6 taikonauts to its space station in 2022
"07:32, 04-Mar-2022",China to use Long March-8 rocket for its satellite network launch missions
"09:16, 04-Mar-2022",Chinese mainland records 294 confirmed COVID-19 cases
"14:41, 04-Mar-2022",HK retired firefighter volunteers in fighting pandemic
"13:07, 04-Mar-2022",NPC spokesperson urges mutual respect and peaceful coexistence in China-U.S. relations
"22:58, 04-Mar-2022",Stunning views of Beijing 2022 Winter Paralympic Games opening ceremony
"10:49, 04-Mar-2022",Tang Dynasty stone carving found in central China
"14:33, 04-Mar-2022",There's no 'economic coercion' in China-Lithuania relations: NPC spokesman
"18:08, 04-Mar-2022",This is China: How has Two Sessions over past four years made a difference?
"10:21, 04-Mar-2022",Vlog: You can always trust them on snow trials
"13:19, 04-Mar-2022",Whole-process people's democracy effectively solves China's problems: NPC spokesperson
"17:48, 04-Mar-2022",Youth Talk Ep. 2: China calls for all efforts to be made to tackle teenage mental health 
"14:02, 05-Mar-2022","China prioritizes economic stability, innovation to address challenges"
"09:00, 05-Mar-2022",Highlights: Premier Li delivers 2022 government work report
"16:49, 05-Mar-2022","China sends 7 satellites to LEO, testing out its first 'constellation'"
"09:07, 05-Mar-2022",China sets GDP growth target at 5.5% for 2022
"09:57, 05-Mar-2022",China to boost key agricultural products supply: Premier Li 
"09:59, 05-Mar-2022",China will clear all barriers to expand domestic demand: Premier Li
"10:28, 05-Mar-2022","Winter Paralympics: China wins its first gold medal, in Para biathlon"
"07:26, 05-Mar-2022",Chinese envoy calls for joint efforts to ensure safety of nuclear facilities in Ukraine
"09:12, 05-Mar-2022",Chinese mainland records 281 confirmed COVID-19 cases
"09:57, 05-Mar-2022",Chinese premier vows to deepen reform and strengthen market vitality
"17:39, 05-Mar-2022",Daily Quotes from 2022 Winter Paralympics on March 5
"22:10, 05-Mar-2022",Deputies bring grassroots concerns to National People's Congress
"12:21, 05-Mar-2022",Chinese lawmakers review draft method for HK to elect deputies to 14th NPC
"12:29, 05-Mar-2022",Chinese lawmakers review draft method for Macao to elect deputies to 14th NPC
"14:55, 05-Mar-2022",Serious errors found in U.S.-backed data on Chinese dams on Mekong River
"13:19, 05-Mar-2022",Graphics: What are China's targets in 2022?
"09:50, 05-Mar-2022",China targets high-quality development through innovation-driven strategies
"22:46, 05-Mar-2022","Key quotes: How Xi tells young officials to have strong faith, work hard"
"22:34, 05-Mar-2022",Li Duan becomes world's first blind athlete to light Paralympic flame
"12:31, 05-Mar-2022",Lovely photos of nutcrackers frolicking on tree branches
"16:56, 05-Mar-2022",Meet the designer of Beijing 2022 Winter Paralympics mascot Shuey Rhon Rhon
"22:09, 05-Mar-2022",NPC deputy tries to find solution to limit emissions from air conditioners
"21:51, 05-Mar-2022",Orange sales online boost farmers' income in Sichuan
"10:35, 05-Mar-2022",Premier Li: China to further promote green and low-carbon development
"10:01, 05-Mar-2022",Premier Li: China to pursue higher-standard opening-up
"09:56, 05-Mar-2022",Premier Li says China to build on poverty-elimination achievements via rural revitalization
"22:02, 05-Mar-2022",Snowflakes inspire dance at 2022 Winter Paralympics opening ceremony
"14:56, 05-Mar-2022","Take Note Two Sessions Special: More kids, fewer kids, no kid"
"16:18, 05-Mar-2022",This is China: What does analysis of Xi Jinping's words at Two Sessions reveal?
"22:26, 05-Mar-2022",Wang Yi holds phone conversation with Blinken
"21:36, 05-Mar-2022",I Want to Say: What do Chinese people think about labor rights and mental health?
"18:30, 05-Mar-2022",Xi stresses ethnic unity and sense of community for Chinese nation
"09:00, 06-Mar-2022",Chinese mainland records 329 confirmed COVID-19 cases
"01:10, 01-Mar-2022",Chinese FM urges sound development of global human rights
"03:51, 26-Feb-2022",Qin Gang celebrates 50th anniversary of Nixon’s visit to China
"04:31, 27-Feb-2022",Qin Gang visits a school that President Xi and Biden visited 10 years ago
"05:25, 28-Feb-2022",Explanation of Vote by Ambassador Zhang Jun at the UN Security Council on the Resolution on Ukraine
"03:58, 04-Mar-2022","China prepares agenda, issues for Two Sessions meetings"
"03:52, 04-Mar-2022",Man narrowly escapes being crushed by a truck in Panzhihua
"06:30, 05-Mar-2022",Ambassador Qin Gang at the U.S.-China Dialogue Series opening session 
"06:51, 05-Mar-2022",Russia attacked Europe's largest nuclear power plant.
"06:30, 05-Mar-2022","Suicide bombing in Pakistan kills at least 56, injures 200"
