﻿"13:26, 08-Apr-2022","12 killed, 2 missing in Colombia floods: authorities"
"08:17, 08-Apr-2022","2 dead, 1 missing after ROK helicopter crashes in waters off Mara Land"
"07:05, 08-Apr-2022","Two dead, dozen injured and gunman killed in Tel Aviv shooting"
"07:24, 08-Apr-2022",9 killed in gas explosion in east Algeria
"10:03, 08-Apr-2022",At least 6 dead in explosion in NE DR Congo: official
"14:17, 08-Apr-2022"," Success of Beijing Winter Olympics, Paralympics injects energy to global unity, cooperation"
"12:15, 08-Apr-2022",Chart of the day: China recognizes role models of Beijing 2022
"16:04, 08-Apr-2022",China calls on U.S. House speaker Pelosi to cancel Taiwan trip
"10:32, 08-Apr-2022","China holds event commending role models of Beijing Olympic, Paralympic Winter Games"
"16:49, 08-Apr-2022",China: UNHRC's suspension of Russia membership sets a 'dangerous precedent'
"11:44, 08-Apr-2022",Earliest known galaxy discovered to offer clues of primordial universe
"12:19, 08-Apr-2022","In pics: Touching moments at Beijing Winter Olympics, Paralympics"
"07:11, 08-Apr-2022",Ketanji Brown Jackson to become first Black woman on U.S. Supreme Court
"17:37, 08-Apr-2022",NBA highlights on April 7: Nuggets seal playoff bid as Nikola Jokic makes history
"07:51, 08-Apr-2022",NY attorney general seeks to hold Trump in contempt over fraud probe
"18:32, 08-Apr-2022",Pakistan's parliament to meet on Saturday to vote on PM Khan's fate
"20:24, 08-Apr-2022",Pakistani government investigates foreign conspiracy for regime change
"07:00, 08-Apr-2022",Pakistani PM Khan faces boot after court orders parliament restoration
"18:31, 08-Apr-2022",Police hunting for man who left a parcel bomb at Toulouse Cathedral
"19:24, 08-Apr-2022","Xi Jinping: China, Philippines have maintained regional peace on South China Sea issue"
"07:13, 08-Apr-2022",Russia terminates membership of UNHRC after suspension 
"16:53, 08-Apr-2022",Russia to cut key interest rate to 17% as financial risks ease
"20:46, 08-Apr-2022",Sri Lanka's central bank hikes interest rates by 7%
"15:18, 08-Apr-2022",Sri Lankan opposition to move no-confidence motion against government
"14:52, 08-Apr-2022",Symptoms from Omicron 2 days shorter than from Delta: Lancet study
"07:31, 08-Apr-2022","China, France express concern over spillover impact of Ukraine crisis"
"14:14, 08-Apr-2022",Xi Jinping hails Beijing 2022 Winter Olympic and Paralympic legacy
"12:09, 08-Apr-2022",Xi hails advantages of socialist system in completing key national undertakings
"12:10, 08-Apr-2022",Xi Jinping salutes a confident China as Beijing 2022 spirit shines through
"16:15, 09-Apr-2022",Iran imposes sanctions on 15 U.S. officials as nuclear talks stall
"15:25, 09-Apr-2022",One dead in Israeli army raid on Palestinian refugee camp
"07:23, 09-Apr-2022","1 teen dead, 2 injured in shooting outside school in New York"
"20:31, 09-Apr-2022",2 soldiers killed in IS attack in western Iraq
"20:35, 09-Apr-2022","Aaron Judge, Yankees fail to reach contract extension before deadline"
"19:03, 09-Apr-2022",Armenian PM to visit Russia on April 19
"23:02, 09-Apr-2022",At least 13 migrants drowned off Tunisia
"20:35, 09-Apr-2022",Axiom-1: All-private first space crew docks with ISS
"07:30, 09-Apr-2022",Biden receives Turkish ambassador at White House
"16:36, 09-Apr-2022",Blast wounds 1 in Afghanistan's Kabul
"21:13, 09-Apr-2022",Chelsea manager Thomas Tuchel warns players not to ruin season
"17:10, 09-Apr-2022",China slams U.S. for prisoner abuse at 'black sites'
"08:42, 09-Apr-2022",Colombian president approves extradition to U.S. of drug lord Otoniel
"20:02, 09-Apr-2022",Detainee at CIA 'black site' used as training prop to teach torture techniques: The Guardian
"13:46, 09-Apr-2022",Germany could end Russian oil imports this year – Scholz
"15:56, 09-Apr-2022","Iran Guards seize fuel-smuggling boat, arrest 11"
"13:09, 09-Apr-2022","Japan, Philippines hold first 2+2 ministerial meeting"
"18:37, 09-Apr-2022",NBA highlights on April 8: Nets beat Cavs to rise to 7th in the East
"17:20, 09-Apr-2022",Pakistan's lawmakers clash as PM no-confidence debate begins
"10:51, 09-Apr-2022","Pakistani PM Khan says he accepts court's ruling, but will not recognize opposition attempt to oust him"
"20:50, 09-Apr-2022",President Raisi says Iran will not give up nuclear rights
"20:53, 09-Apr-2022","Russian, Azerbaijani leaders hold phone conversation"
"22:10, 09-Apr-2022",Sri Lanka's leader faces biggest street protest over economic crisis
"23:02, 09-Apr-2022",Traffic accident kills 17 in central Ethiopia
"09:48, 09-Apr-2022",UEFA allocates 240m euros for clubs in 2020-24 benefits program
"22:01, 09-Apr-2022",UK Prime Minister Johnson meets Zelenskyy in Kyiv
"15:00, 09-Apr-2022",Video appears to show Ukrainian troops killing Russian captive
"10:54, 09-Apr-2022",Woods 'proud' of himself as Sheffler leads after Masters 2nd round
"22:33, 10-Apr-2022",At least 5 terrorists killed by police in Pakistan: report
"10:58, 10-Apr-2022","Australian GP: Leclerc puts Ferrari on pole, Zhou Guanyu cleared"
"09:31, 10-Apr-2022",Australian PM Scott Morrison calls federal election on May 21
"21:50, 10-Apr-2022",Biden to hold a virtual meeting with Modi
"19:54, 10-Apr-2022",French presidential election turnout down on 2017 at midday
"18:37, 10-Apr-2022","Global Political Calendar: Ukraine crisis, new Pakistani PM"
"09:56, 10-Apr-2022","Growth in Germany may fall to 1.5%, labor minister warns"
"10:09, 10-Apr-2022",Intl space station's first all-private astronaut team welcomed aboard orbiting platform
"17:38, 10-Apr-2022",Iran MPs say U.S. must give assurance on nuclear deal if revived
"08:23, 10-Apr-2022",Iran imposes sanctions on 24 Americans as nuclear talks stall
"16:30, 10-Apr-2022","Path of diplomacy open to reach good, sustainable, dignified deal: Iranian FM"
"18:55, 10-Apr-2022",Iran to assist Qatar for World Cup 2022
"16:46, 10-Apr-2022",Leclerc wins Australian Grand Prix for Ferrari as Verstappen retires
"21:23, 10-Apr-2022",Li Keqiang highlights Macao's role in connecting China and PSCs
"20:38, 10-Apr-2022",Living with COVID-19: UK faces burdened hospitals and slow economic recovery
"16:41, 10-Apr-2022",M4.7 quake strikes off Japan's Fukushima Prefecture
"14:57, 10-Apr-2022","NATO, not China 'destabilizing international security': China's mission to EU"
"18:14, 10-Apr-2022",NBA highlights on April 9: Grizzlies explode as Morant returns
"06:53, 10-Apr-2022",Pakistan's Prime Minister Imran Khan ousted in no-confidence vote
"16:37, 10-Apr-2022",Pakistani opposition formally nominates Shahbaz Sharif as PM candidate
"19:17, 10-Apr-2022",Palestinian woman shot dead by Israeli forces in West Bank: AFP
"14:03, 10-Apr-2022",Polls open for first round of French presidential election
"13:32, 10-Apr-2022",South Korean President-elect Yoon unveils cabinet picks
"21:08, 10-Apr-2022","Sui Wenjing, Han Cong call 15-year partnership 'the best arrangement'"
"20:08, 10-Apr-2022",Sunday: France votes in 2022 presidential election
"13:10, 10-Apr-2022",Tropical storm Agaton makes landfall in Philippines
"11:02, 10-Apr-2022",UK study finds symptoms from Omicron 2 days shorter than from Delta
"20:10, 10-Apr-2022",Wu Dajing to lay out four-year training plan to avoid Olympic regrets
"11:07, 10-Apr-2022","Zelenskyy braces for 'hard battle,' Johnson visits Kyiv and offers aid"
"11:03, 11-Apr-2022",'It was not possible without the car' says race winner Charles Leclerc
"16:08, 11-Apr-2022","1 dead, 48 lay trapped mid-air in ropeway trollies in east India"
"09:12, 11-Apr-2022",2 dead in accommodation facility fire in Seoul
"07:45, 11-Apr-2022","2 killed, 10 injured at a nightclub shooting in Cedar Rapids, Iowa"
"12:17, 11-Apr-2022","6 killed in blast at chemical factory in Gujarat, India"
"21:23, 11-Apr-2022",Analyst: More military aid could complicate conflict in Ukraine
"19:58, 11-Apr-2022",At least 21 killed in DR Congo armed attack
"19:30, 11-Apr-2022","CGTN Sports Talk: Name your All-NBA, All-Defensive teams"
"21:12, 11-Apr-2022","CGTN Sports Talk: What does 2-2 draw mean to City, Liverpool?"
"21:34, 11-Apr-2022",CGTN reporter recounts journey from Lviv to Kyiv
"19:49, 11-Apr-2022",China says delivery of regular military supplies to Serbia 'part of annual cooperation plan'
"11:00, 11-Apr-2022","Chinese star Wu Lei ends 666-day goal drought in La Liga, Man City held by Liverpool"
"15:57, 11-Apr-2022",China says Pakistan policy unaffected by leadership change
"18:55, 11-Apr-2022",China urges NATO against attempts at destabilizing Asia
"15:36, 11-Apr-2022",China urges U.S. to promote peace in Ukraine through practical action instead of sanctions 
"14:06, 11-Apr-2022",Drought kills over a million cattle in Ethiopia's Somali region
"20:47, 11-Apr-2022",Former Panamanian official: Right to establish relations with Beijing
"21:39, 11-Apr-2022",Gunmen attack kills at least 50 in Nigeria's Plateau state
"21:06, 11-Apr-2022",How do Macron and Le Pen plan to win over French voters?
"14:20, 11-Apr-2022","Japan, Russia to begin delayed salmon-trout talks on Monday: document"
"20:02, 11-Apr-2022","Macron wins 27.85% in French first round vote, Le Pen 23.15%"
"10:38, 11-Apr-2022",Mexican president looks to stay in office with 90% of referendum votes
"11:56, 11-Apr-2022",NATO has chosen the wrong path by targeting China
"19:22, 11-Apr-2022",NBA highlights on April 10: 2021-22 regular season is over
"10:15, 11-Apr-2022","New Zealand's prime minister to visit Singapore, Japan"
"11:30, 11-Apr-2022",No injuries reported after manholes catch fire near Times Square: Police
"12:27, 11-Apr-2022","2 killed, 5 injured in Moscow residential gas explosion"
"17:24, 11-Apr-2022",Over 13 million poultry birds culled in France due to bird flu
"17:23, 11-Apr-2022",Pakistan's National Assembly meeting to decide new PM delayed
"19:03, 11-Apr-2022",Ousted Pakistani PM Khan's party resigns from lower house of parliament
"19:49, 11-Apr-2022","European lawmakers warn against Russia sanctions, NATO arming Ukraine"
"12:55, 11-Apr-2022",Russia increases emergency spending fund by $3.5 billion to ensure economic stability
"21:05, 11-Apr-2022","Sanctions on Russia make food insecurity worse, experts say"
"19:50, 11-Apr-2022",Shehbaz Sharif elected as new Pakistani PM
"14:10, 11-Apr-2022",South Korea's antitrust regulator issues warning against Samsung chief over false data
"07:30, 11-Apr-2022",Supporters of Imran Khan stage protest across Pakistan against his ouster
"20:16, 11-Apr-2022",Suspect found guilty of murdering UK lawmaker David Amess
"16:55, 11-Apr-2022",Philippines reports 24 dead in landslides after tropical storm Megi
"22:22, 11-Apr-2022",UFC 273: Volkanovski defends featherweight title with TKZ TKO
"19:18, 11-Apr-2022","UN Special Envoy arrives in Yemen, calls for strengthening truce"
"07:44, 12-Apr-2022","At least 1 dead, 3 injured in explosion near Lebanon's Sidon"
"07:30, 12-Apr-2022",Ukraine crisis could slash global trade growth by half in 2022: WTO
"07:42, 12-Apr-2022",OPEC tells EU it's not possible to replace potential Russian oil supply loss  
"07:25, 12-Apr-2022",Sharif takes oath as Pakistani Prime Minister
"03:33, 09-Apr-2022",Austrian chancellor leaves to visit Ukraine
"03:27, 09-Apr-2022",Britain's Queen Elizabeth pulls out of Maundy Day service
"03:17, 09-Apr-2022",Ex-Goldman Sachs banker convicted in plot to loot 1MDB fund
"03:12, 09-Apr-2022", Ketanji Brown Jackson historic Supreme Court confirmation celebrated at White House
"03:37, 09-Apr-2022",New COVID-19 wave likely by autumn: German health minister
"03:39, 09-Apr-2022",Nigeria confirms 14 coaches involved in recent train attack
"03:35, 09-Apr-2022",Kremlin: Russia hopes to end operation in Ukraine 'in foreseeable future'
"01:34, 09-Apr-2022",U.S. launches first private astronaut mission to space station
"04:21, 10-Apr-2022",COVID-19 vaccine prices slashed as booster drive begins in India
"04:40, 10-Apr-2022",Ethiopia mulls improved domestic production to mitigate impact of supply chain disruption
"04:28, 10-Apr-2022",Global donors pledge 9.1 billion euros to support Ukrainian refugees
"03:36, 10-Apr-2022",Israel strikes government positions in Syria
"00:14, 11-Apr-2022","French vote turnout 65% at 15:00 GMT, down on 2017"
"00:17, 11-Apr-2022",Kenyan police nab terror suspect for surveying expressway in Nairobi
"01:55, 11-Apr-2022",U.S. President Biden expected to release rule on ghost guns in days
"00:32, 12-Apr-2022",63 percent of Americans rate U.S. economy as bad: poll
"01:05, 12-Apr-2022","Biden, Modi hold virtual talks centered on Russia and Ukraine"
"00:27, 12-Apr-2022","Macron, Le Pen kick off French presidential runoff campaigns"
"02:20, 12-Apr-2022",Mexican president takes aim at electoral body after winning vote on his rule
"01:20, 12-Apr-2022",Sri Lanka PM appeals for 'patience' from protesters
"01:13, 12-Apr-2022",WHO is analysing two new Omicron COVID sub-variants
"23:18, 08-Apr-2022",Are rainforests actually our best weapon against global warming?
"00:40, 09-Apr-2022","'What we saw was catastrophic,' says Kramatorsk station attack eyewitness "
"21:34, 11-Apr-2022",French election: 6 things you need to know after the first round
"21:03, 11-Apr-2022",The first space colony might not be on Mars ...
"17:52, 11-Apr-2022","Face masks help to protect people around the world, but what if they could do more?"
"21:07, 11-Apr-2022",Under-fire UK finance minister seeks transparency of personal finances
"05:38, 08-Apr-2022",China's U.S. embassy remarks on Pelosi’s planned visit to Taiwan
"06:30, 08-Apr-2022",Scenes from Ukraine
"06:30, 08-Apr-2022",Shanghai under lockdown
"01:27, 09-Apr-2022",First all-private crew blasts off to International Space Station
"01:32, 09-Apr-2022",Pelosi postpones Asia trip after testing positive for COVID-19
"04:47, 09-Apr-2022",U.S. House speaker Pelosi postpones Asia trip after testing positive for COVID-19
"03:56, 09-Apr-2022",Peru declares state of emergency amid unrest over rising prices
"05:54, 09-Apr-2022",Relief worker describes her experiences in critical zones of Ukraine
"01:27, 09-Apr-2022",The world's youngest asteroid hunter honored by NASA
"05:02, 10-Apr-2022",American children send questions to taikonauts
"08:38, 10-Apr-2022",Children return to classrooms in Peru
"08:37, 10-Apr-2022",Mexican sculptors transform rocks into art 
"10:26, 10-Apr-2022",Students ask questions to Chinese Taikonauts 
"05:38, 11-Apr-2022",A new COVID wave hits U.S. politicians 
"06:37, 11-Apr-2022",Carbon footprint labeling and climate action
"05:38, 11-Apr-2022",Mexicans vote on whether president should remain in office
"03:40, 12-Apr-2022", Venezuela introduces new tax for using foreign currencies 
"06:13, 12-Apr-2022",Remarks by Ambassador Zhang Jun at the UN Security Council Briefing on COVID-19 Pandemic and Vaccines
"06:52, 12-Apr-2022",U.S. President Biden announced new federal regulations targeting ghost guns
"05:04, 12-Apr-2022",U.S. plans its largest hydrogen energy infrastructure
"05:05, 12-Apr-2022",U.S. students ask questions to Chinese Taikonauts
