﻿"08:44, 04-Jul-2022","Death toll from floods in Assam, India rises to 179"
"22:32, 06-Jul-2022", UN: Global hunger numbers rose to 828 million in 2021
"21:53, 06-Jul-2022", WHO to reconvene emergency meeting on monkeypox as over 6000 cases reported
"18:00, 06-Jul-2022",China closely following Pakistan's probe into Confucius Institute attack
"21:28, 06-Jul-2022",China ready to usher in new 'golden age' with Philippines: Chinese FM
"16:07, 06-Jul-2022",Chinese Paralympian Zhang Mengqiu: Now is the best time to fight
"21:37, 06-Jul-2022",Chinese players test positive for COVID-19 before FIBA Asia Cup
"18:38, 06-Jul-2022","EU parliament supports 'green' label for gas, nuclear investments"
"18:10, 06-Jul-2022",At least 11 killed after suspected jihadists raid Nigeria jail
"17:20, 06-Jul-2022","Halfway through 2022, U.S. has witnessed 311 mass shootings"
"17:25, 06-Jul-2022",Japan ex-PM Hatoyama urges Tokyo to have more dialogue with China
"19:15, 06-Jul-2022",UK PM Johnson vows to 'keep going' despite resignations
"16:44, 06-Jul-2022","Leaders of Palestinian Authority, Hamas meet in Algeria"
"18:23, 06-Jul-2022",Police disperse protestors outside presidential residence in Sri Lanka
"16:58, 06-Jul-2022",Roadside bomb kills 2 police officers on outskirts of Somali capital 
"17:23, 06-Jul-2022",UK Conservative lawmaker submits letter of no confidence in Johnson
"07:33, 07-Jul-2022",11 missing as ship sinks in eastern Indonesia
"14:32, 07-Jul-2022","3 injured, 2 missing after fishing boats catch fire at Jeju port"
"14:43, 07-Jul-2022",Airbus speaks highly on great prospects of Chinese market
"18:16, 07-Jul-2022",At least 300 inmates escape after armed attack on jail in Nigerian capital
"08:07, 07-Jul-2022",Biden to cancel Afghanistan's 'major non-NATO ally' designation
"14:19, 07-Jul-2022",China's BYD overtakes Tesla as world's biggest EV producer by sales
"13:07, 07-Jul-2022",Chinese technology helps Kenya improve mobile payment service
"15:14, 07-Jul-2022","Death toll from landslide in India rises to 48, 14 still missing"
"07:22, 07-Jul-2022",Ecuador confirms first case of monkeypox
"10:15, 07-Jul-2022",InFocus: July 4 parade shooting a blow to Biden's new gun law
"07:23, 07-Jul-2022","Iran arrests UK's deputy ambassador, foreign diplomats for 'spying' activities"
"14:59, 07-Jul-2022","Israel, Turkey to expand flights in first deal since 1951"
"20:04, 07-Jul-2022",Johnson forced to quit as trust ebbed faster than the tide 
"09:16, 07-Jul-2022",July 7 Incident 85 years on: Is Japan getting bellicose again?
"17:54, 07-Jul-2022",July 7 Incident: China urges Japan to reflect on its history of invasion
"08:25, 07-Jul-2022",NASA says contact restored with moon-bound satellite after it was lost
"07:34, 07-Jul-2022",One dead in stabbing during Swedish political event
"20:32, 07-Jul-2022",Pakistan central bank increases key policy rate by 125 bps to 15%
"10:53, 07-Jul-2022",Record crowd sees England beat Austria at Women's Euro 2022 opener
"13:41, 07-Jul-2022",Russia slams Japan over 'unfriendly position' on energy
"19:23, 07-Jul-2022",Samsung Electronics posts higher Q2 profit on strong server-chip demand
"22:35, 07-Jul-2022",Slovakia confirms its first case of monkeypox
"14:18, 07-Jul-2022",Sri Lanka's inflation might hit 70%: report
"18:34, 07-Jul-2022",The three joint communiques are 'guardrails' in China-U.S. relations: spokesperson 
"21:56, 07-Jul-2022",U.S. basketball player Griner pleads guilty in Russian court
"19:31, 07-Jul-2022",UK Prime Minister Boris Johnson resigns
"07:27, 07-Jul-2022",Boris Johnson 'up for a fight' as clamor to quit grows
"16:11, 07-Jul-2022",UK Prime Minister Boris Johnson plans to resign as Conservative leader
"13:58, 07-Jul-2022","UK's Northern Ireland secretary, more ministers resign"
"15:58, 07-Jul-2022",UK's new chancellor of the exchequer calls for PM's resignation
"21:37, 07-Jul-2022",UN report: 2021 global hunger figure rises to 828 million 
"22:17, 07-Jul-2022",Wang Yi says China appreciates Indonesia's role in G20 unity
"07:32, 07-Jul-2022",White House communications director resigning
"09:59, 07-Jul-2022",Zhang Shuai and Elise Mertens race into Wimbledon doubles semifinals
"23:06, 08-Jul-2022",At least 10 people killed in heavy rain near Indian shrine of Amarnath
"18:40, 08-Jul-2022","China, India see thaw in ties amid mutual recognition of common interests"
"14:35, 08-Jul-2022","China, S. Korea vow to expand cooperation, strengthen exchanges"
"21:05, 08-Jul-2022","Chinese, Saudi Arabian FMs vow to deepen comprehensive strategic partnership"
"16:23, 08-Jul-2022",China calls on UK to promote stable development of bilateral ties
"15:34, 08-Jul-2022",China hopes former Japanese PM Abe is out of danger soon: spokesperson
"15:06, 08-Jul-2022",China's coach on FIBA 3x3 Asia Cup: We want new players to grow
"18:49, 08-Jul-2022",Asia News Wrap: China's travel demand rebounds as COVID-19  curbs ease and more…
"18:24, 08-Jul-2022","China 'shocked' by Abe's death, extends condolences to his family"
"08:38, 08-Jul-2022","China, U.S. vow to maintain stable development of bilateral military ties"
"23:11, 08-Jul-2022",Chinese telecom carrier helps bridge digital gap in Pakistan
"07:05, 08-Jul-2022",Derek Chauvin gets 21 years in prison for violating Floyd's rights
"16:20, 08-Jul-2022","Former FIFA, UEFA presidents acquitted of corruption"
"13:54, 08-Jul-2022","Shinzo Abe in 'very grave condition' after being shot, PM Kishida says"
"10:50, 08-Jul-2022",Japan ex-PM Shinzo Abe 'in grave condition' after being shot while campaigning
"18:07, 08-Jul-2022",Former Japanese PM Shinzo Abe dies after being shot
"09:54, 08-Jul-2022",G20 Foreign Ministers' Meeting kicks off in Indonesia
"19:45, 08-Jul-2022",Labour leader Starmer will not be fined over ‘beergate’
"21:49, 08-Jul-2022",Mark Rowley named as new commissioner of the Metropolitan Police
"13:24, 08-Jul-2022",Medicines agency says EU is seeing 'new wave' of COVID-19
"09:50, 08-Jul-2022",Monkeypox cases rise by 77% in UN agency's latest weekly count
"14:45, 08-Jul-2022",No alcohol will be served at stadiums during Qatar World Cup: source 
"10:45, 08-Jul-2022",Norway start Women's Euro bid by routing Northern Ireland
"14:55, 08-Jul-2022",Phillipine President Marcos tests positive for COVID-19
"21:51, 08-Jul-2022",Profile of Shinzo Abe: Served 4 terms as Japan's PM
"14:06, 08-Jul-2022",Raiders hire 1st female African American president in NFL history
"11:24, 08-Jul-2022",Cristiano Ronaldo to skip Manchester United preseason tour as exit rumors intensify
"12:37, 08-Jul-2022",Shinzo Abe: Japan's longest-serving prime minister
"16:35, 08-Jul-2022",Suspected Islamists kill at least a dozen patients in DRC clinic
"20:44, 08-Jul-2022","U.S. job growth beats expectations in June, unemployment holds at 3.6%"
"21:44, 08-Jul-2022","U.S. governors offer Democrats aggressive reply on guns, abortion"
"14:13, 08-Jul-2022",Will a tariff rollback ease China-U.S. relationship?
"22:11, 09-Jul-2022",16 people missing after boat capsizes in Nigeria's Lagos
"20:04, 09-Jul-2022","6 killed, 10 injured in bus-car collision in Pakistan's Punjab"
"07:33, 09-Jul-2022",Biden signs executive order on abortion access
"21:47, 09-Jul-2022","China, Netherlands vow to deepen practical cooperation"
"21:43, 09-Jul-2022",China hopes Spain will play important role in promoting China-EU relationship
"16:50, 09-Jul-2022",China's Zhang Linyan joins Grasshopper Club Zurich women's team
"12:15, 09-Jul-2022","Wang, Blinken hold 'substantive, constructive' talks in Bali"
"20:48, 09-Jul-2022",Chinese citizens in Sri Lanka urged to take security precautions
"14:13, 09-Jul-2022","Damian Lillard, Blazers reach 2-year, $122 million contract extension"
"20:59, 09-Jul-2022",Death toll climbs to 11 in Italy's glacier collapse
"15:13, 09-Jul-2022","Death toll in Indian-controlled Kashmir cloudburst rises to 16, dozens missing"
"09:44, 09-Jul-2022","Djokovic sets up Kyrgios final, China's Zhang in women's doubles final"
"22:53, 09-Jul-2022",Expert: Peaceful settlement and multilateralism keys to solve poverty
"22:59, 09-Jul-2022",Former Mexican president Luis Echeverria dies at 100
"12:57, 09-Jul-2022",Former UK finance minister running to replace Boris Johnson
"16:06, 09-Jul-2022",Free agent Angel Di Maria joins Juventus after leaving PSG
"10:23, 09-Jul-2022","Germany thrash Denmark, Spain beat Finland 4-1 in Women's Euros"
"17:25, 09-Jul-2022","Graphics: Two decades on, Muslims in U.S. still suffering Islamophobic backlash"
"19:59, 09-Jul-2022",InFocus: Why does Scotland want to exit UK?
"22:27, 09-Jul-2022",Iran escalates enrichment with adaptable machines at Fordow: IAEA
"17:59, 09-Jul-2022",Japan's hot summer straining power grid
"21:16, 09-Jul-2022","Kenya, World Health Organization launch emergency hub"
"20:03, 09-Jul-2022",Shinzo Abe 1954-2022: Life and political career of Japan's longest-serving prime minister
"11:05, 09-Jul-2022","Mexican president: Texas governor's immigration order 'vulgar,' 'backward'"
"07:14, 09-Jul-2022",Musk ditches $44-billion Twitter takeover
"15:39, 09-Jul-2022",NZ confirms first monkeypox case in Auckland
"13:10, 09-Jul-2022",Newer Omicron subvariants account for over 70% of new infections in U.S.
"20:03, 09-Jul-2022",PM may also resign amid Sri Lanka crisis
"14:06, 09-Jul-2022",Partisan divide cripples U.S. Supreme Court
"18:51, 09-Jul-2022",Party leaders called Rajapaksa to step down: media
"22:14, 09-Jul-2022",Premier Li extends condolences over passing of former Japanese PM Abe
"22:59, 09-Jul-2022",Rybakina beats Jabeur to win maiden Wimbledon title
"20:29, 09-Jul-2022",Sri Lankan PM Ranil Wickremesinghe agrees to resign
"16:34, 09-Jul-2022",Sri Lankan PM calls emergency meeting with party leaders after street unrest
"15:37, 09-Jul-2022",Sri Lankan president flees as protestors storm official residence
"18:23, 09-Jul-2022",Sri Lankan president says he will respect decision taken at party leaders' meeting
"19:49, 09-Jul-2022",Sri Lankan protesters occupy prime minister's office
"21:07, 09-Jul-2022",Tunisia publishes amended draft of new constitution
"12:55, 09-Jul-2022",U.S. sending $400 million to Kyiv in additional military aid
"21:30, 09-Jul-2022",U.S. to impose visa restrictions on 28 Cuban officials
"22:53, 09-Jul-2022",Wang Yi calls for upholding of true multilateralism during G20 meeting
"23:01, 09-Jul-2022",Yellen cancels part of trip to Japan after Abe assassination
"07:19, 10-Jul-2022",14-year-old boy fatally stabbed on NYC subway platform
"09:20, 10-Jul-2022","Abe's killer wielded homemade gun, grudge over mother's bankruptcy"
"07:51, 10-Jul-2022",Biden vows to 'strengthen strategic partnership' with Saudi Arabia
"07:24, 10-Jul-2022","Explosion, fire at a gas plant prompts evacuations in Oklahoma"
"07:31, 10-Jul-2022",Four more candidates join UK PM contest
"07:15, 10-Jul-2022",Polls open for Japan's upper house election
"03:40, 07-Jul-2022",Burkina Faso's former president Compaore to return 
"03:29, 07-Jul-2022",DR Congo and Rwanda leaders meet in Angola's capital 
"03:21, 07-Jul-2022",Italians find more victims of glacier collapse
"04:14, 07-Jul-2022",Police: Parade shooting suspect contemplated 2nd shooting
"03:11, 07-Jul-2022",U.S. issues sanctions related to Iranian oil
"03:41, 07-Jul-2022",UK Prime Minister Johnson: I will not resign
"03:31, 08-Jul-2022",Alvaro Lario appointed IFAD's 7th President 
"03:28, 08-Jul-2022",French unions announce strike action for September
"03:22, 08-Jul-2022",Jabeur makes African history with Wimbledon final spot against Rybakina
"03:11, 08-Jul-2022",Nadal pulls out of Wimbledon semifinal with abdominal injury
"03:33, 08-Jul-2022",Tanzania plans to construct university for Kiswahili language teaching
"03:45, 08-Jul-2022",The UN Security Council calls for swift formation of new government in Lebanon
"02:59, 09-Jul-2022","Over 2.93 million Ethiopian children out of school due to conflict, drought: UN"
"02:08, 09-Jul-2022",EU agrees to improve migration cooperation with Morocco after Melilla tragedy
"02:28, 09-Jul-2022",Former UK minister Sunak launches his campaign for Prime Minister
"02:39, 09-Jul-2022","Rogers network outage across Canada hits banks, businesses and consumers"
"01:58, 10-Jul-2022","Kenyan Okutoyi, Dutch partner Rose Marie crowned Wimbledon champions"
"01:11, 10-Jul-2022",Namibia arrests 11 in poaching of rhinos in national park
"01:36, 10-Jul-2022",Sri Lanka president to resign on July 13: Speaker
"00:54, 10-Jul-2022",Sri Lanka prime minister's house set on fire: police
"01:09, 10-Jul-2022","Zelenskyy sacks Ukraine's envoy to Germany, other ambassadors"
"06:28, 07-Jul-2022",Interview with UN Under-Secretary General for Operational Support 
"06:29, 07-Jul-2022",Meta changes advertising methods as part of settlement with U.S.
"06:32, 07-Jul-2022",Migration surges at Mexico-U.S. border
"06:29, 07-Jul-2022",Residents in Highland Park still reeling from July Fourth shooting
"06:32, 07-Jul-2022","Russian military puts pressure on northern Donetsk, civilians shelter"
"06:32, 07-Jul-2022",South Africans grieve and seek answers in tavern deaths of 21 youths
"06:52, 08-Jul-2022",Biden honors 17 recipients with Presidential Medal of Freedom 
"06:27, 08-Jul-2022",Global confirmed monkeypox cases have tripled since late June 
"06:53, 08-Jul-2022",Hajj is back for 1 million pilgrims after pandemic
"05:35, 08-Jul-2022",How to protect yourself during a mass shooting?
"06:27, 08-Jul-2022",Inflation has driven 71M people in to poverty since Ukraine crisis
"02:33, 08-Jul-2022",Missionaries of Charity nuns expelled from Nicaragua 
"06:27, 08-Jul-2022",One year since president of Haiti assassinated
"06:54, 08-Jul-2022",Spain's running of the bulls returns after pandemic-hiatus
"06:49, 09-Jul-2022",1 million Muslim pilgrims gather on Mount Arafat for Hajj
"04:53, 09-Jul-2022",Are parents responsible for the actions of young mass shooters?
"03:20, 09-Jul-2022",Biden's executive order to protect reproductive healthcare services 
"04:19, 09-Jul-2022",Facebook and Twitter remove videos of assassination of Shinzo Abe 
"04:53, 09-Jul-2022",Monitoring undocumented migrants electronically
"06:49, 09-Jul-2022",World leaders react to killing of Japan's Abe
"06:27, 09-Jul-2022",Yosemite's giant sequoia trees threatened by wildfire in California
"04:11, 10-Jul-2022",Sri Lanka's president and prime minister to resign amid unrest
"04:12, 10-Jul-2022",Women's March in Washington D.C. seeks action on abortion from Biden
"06:09, 10-Jul-2022",World leaders offer their condolences to Japan
