﻿"11:46, 16-Aug-2022","Indonesia at 'pinnacle of global leadership,' president says"
"18:04, 16-Aug-2022",Modi sets sights on making India a developed country by 2047
"19:50, 19-Aug-2022",China and India have wisdom to 'help each other succeed': spokesperson
"19:35, 19-Aug-2022",China's Olympic champion Gao Tingyu wants to be an iconic speed skater
"20:09, 19-Aug-2022",China urges U.S. not to miscalculate its resolve to defend sovereignty
"23:03, 19-Aug-2022",Myanmar's State Administration Council to consider negotiations with Suu Kyi after her trial
"21:48, 19-Aug-2022",Putin discusses situation in Ukraine with Macron over phone
"21:07, 19-Aug-2022",Russian President Putin meets Kazakh counterpart Tokayev in Sochi
"18:47, 19-Aug-2022",UN chief visits Odesa to observe grain export process
"18:49, 19-Aug-2022",What makes Pau Gasol a legendary Laker whose jersey will be retired?
"19:16, 20-Aug-2022","'Science Saturday': Asteroid impacts, sea sponges and oldest ice core"
"13:01, 20-Aug-2022",153 injured in India's Dahi Handi celebrations in Mumbai: report
"18:18, 20-Aug-2022","16 dead, 21 wounded in Türkiye road accident: governor"
"11:45, 20-Aug-2022",2 die during overcrowded festival celebrations at Indian temple
"11:39, 20-Aug-2022","6 killed, 20 injured in road accident in India's Rajasthan"
"20:44, 20-Aug-2022",Asia News Wrap: India celebrates its 75th Independence Day and more
"11:48, 20-Aug-2022","At least 16 killed, over 10 injured in Somalia hotel siege"
"07:14, 20-Aug-2022",Biden greenlights next $775-million arms package for Kyiv
"09:25, 20-Aug-2022","Exclusive: Guterres says Black Sea Grain Initiative effective, but more needed"
"20:27, 20-Aug-2022","Global Political Calendar: China-proposed security briefing at UN, China-ROK ties at 30"
"22:01, 20-Aug-2022",Congo health officials investigating possible Ebola case: WHO
"20:15, 20-Aug-2022",Exclusive Stringer Dispatch – NZ columnist: Decades-long agreement between China and U.S. have been seriously eroded
"14:17, 20-Aug-2022","Europe's military aid to Ukraine decreasing, falling behind U.S.: report"
"07:42, 20-Aug-2022",German chancellor denies influence in tax fraud probe
"15:27, 20-Aug-2022",Greece exits EU's fiscal surveillance after 12 years
"11:15, 20-Aug-2022",IMF eyes creditor assurances as it prepares Sri Lanka visit
"15:57, 20-Aug-2022",In Pictures: Wedding street in Kabul
"18:16, 20-Aug-2022",Indonesia confirms first monkeypox case: health ministry
"08:14, 20-Aug-2022",Mexico's former attorney general arrested over student disappearances
"09:29, 20-Aug-2022",Montenegro's government loses no-confidence vote
"07:48, 20-Aug-2022",Nord Stream 1 pipeline to shut for three days in latest fuel blow to Europe
"11:30, 20-Aug-2022",SpaceX launches 53 new Starlink satellites 
"13:27, 20-Aug-2022","Tanker, cargo ship collide off Japanese coast"
"15:59, 20-Aug-2022",Tech Talk: Why is connectivity indispensable in the metaverse?
"18:01, 20-Aug-2022","Two more grain ships leave Ukraine, Türkiye's Defense Ministry says"
"17:13, 20-Aug-2022",Tyrese Haliburton considers being traded by the Kings as motivation
"07:26, 20-Aug-2022",U.S. federal court sentences IS member to life in prison for beheadings
"20:40, 20-Aug-2022",UN chief visits Istanbul to monitor inspections of Ukrainian grain shipments
"16:57, 20-Aug-2022","United, Real reach agreement over transfer of Casemiro to Old Trafford"
"10:30, 21-Aug-2022","36 killed, 145 injured in flash floods across Pakistan"
"08:56, 21-Aug-2022",Daughter of Russian philosopher Alexander Dugin killed in car explosion outside Moscow
"10:55, 21-Aug-2022",Algeria fires burned UNESCO-listed park: expert
"21:43, 21-Aug-2022",Death toll in minibus collision in Russia rises to 16
"18:50, 21-Aug-2022",5 bodies pulled from Iraqi shrine rubble after landslide
"07:44, 21-Aug-2022",At least six killed in warehouse collapse in Ethiopian capital
"17:31, 21-Aug-2022",Chen Yufei wants to keep her head clear before BWF World Championships
"16:21, 21-Aug-2022",China sweep South Korea 3-0 in AVC Women's Cup opener
"09:54, 21-Aug-2022",Cuba confirms its first monkeypox case
"14:26, 21-Aug-2022",Death toll swells to 38 as heavy rains wreak havoc in India
"11:41, 21-Aug-2022",Exoskeletons enhance body functions for a promising human-robotics shared future
"21:16, 21-Aug-2022",Explosion reported in Baghdad's Green Zone
"10:17, 21-Aug-2022",Dozens killed in Afghanistan floods
"16:50, 21-Aug-2022",Japanese PM Kishida tests positive for COVID-19
"15:59, 21-Aug-2022",Mondo Duplantis sets new European pole vault record to win gold
"16:08, 21-Aug-2022",New Zealand to temporarily boost worker intake amid shortfall
"07:22, 21-Aug-2022",Russia alleges Ukraine shelled Zaporizhzhia nuclear plant
"11:29, 21-Aug-2022",Sanctions against Russia leads to color revolution: German peace campaigner
"18:12, 21-Aug-2022",Shi Yuqi thirsty for men's singles title at BWF World Championships
"09:10, 21-Aug-2022","21 killed, 117 injured in Mogadishu hotel attack: health minister"
"12:39, 21-Aug-2022",Turkish DM convinced Black Sea grain shipments are step toward peace
"22:25, 21-Aug-2022",UAE Ambassador to Iran to resume duties in coming days
"23:00, 21-Aug-2022",Ukraine says Russian missiles have hit the Odesa region
"15:38, 22-Aug-2022","10 killed, over 100 injured as mosque roof collapses in Pakistan"
"15:34, 22-Aug-2022","14 dead, 12 injured as floods hit Afghanistan's Paktia province"
"14:13, 22-Aug-2022",China begins first shipment of high-speed trains to Indonesia
"16:24, 22-Aug-2022",China leads to draft first global standard of new energy power system 
"12:24, 22-Aug-2022",China says U.S. ambassador's Taiwan remarks 'expose hegemonic logic'
"13:01, 22-Aug-2022",Daughter of Russian philosopher murdered: investigative committee
"15:39, 22-Aug-2022",Iran says cooperation with Saudi Arabia can restore regional peace
"14:41, 22-Aug-2022","Iran accuses U.S. of delaying revival of 2015 deal, says prisoner swap is unrelated"
"16:37, 22-Aug-2022",Kenya's Odinga files court petition disputing poll outcome
"15:44, 22-Aug-2022",Kosovo: Waiting for escalation?
"21:51, 22-Aug-2022",Lapid says Israel not bound by Iran deal
"16:51, 22-Aug-2022","M6.2 earthquake strikes Bali, Indonesia"
"11:28, 22-Aug-2022",Mbappe scores fastest Ligue 1 goal in 8 seconds as PSG's fearsome attacking trio run riot
"20:32, 22-Aug-2022",New Ebola case confirmed in DR Congo: National medical institute
"11:21, 22-Aug-2022",No evidence shows U.S. monkeypox vaccine reaching those most at risk: media
"15:57, 22-Aug-2022",Imran Khan granted 3-day pre-arrest bail in anti-terror case: report
"19:41, 22-Aug-2022",American golfer Patrick Cantlay defends BMW title in first repeat playoff win
"18:24, 22-Aug-2022","Putin, Mirziyoye discuss preparations for upcoming SCO summit"
"19:20, 22-Aug-2022",Russia: Ukrainian special services carried out Darya Dugina's murder
"10:48, 22-Aug-2022",2 killed after bus overturns and catches fire on expressway in Japan
"08:37, 22-Aug-2022","ROK, U.S. kick off joint military drills"
"07:15, 22-Aug-2022","Sudan declares state of alert, emergency in 6 states over heavy rains, floods"
"11:13, 22-Aug-2022","U.S. attempts to use Taiwan question to contain China doomed to fail, Pakistani analysts say"
"19:03, 22-Aug-2022",UAE Ambassador to Iran to resume duties in coming days
"14:24, 22-Aug-2022",UFC 278: Leon 'Rocky' Edwards lives up to his nickname with iconic win over Kamaru Usman
"10:41, 22-Aug-2022",UN special rapporteur indicates China leads in combatting modern slavery
"19:40, 22-Aug-2022",Xi Jinping sends message of sympathy to Kishida over COVID-19 infection
"22:57, 23-Aug-2022"," M6.2 earthquake strikes southern Sumatra, Indonesia"
"13:00, 23-Aug-2022",Badminton: China's Shi Yuqi wins first match in 10 months on return 
"18:59, 23-Aug-2022","CGTN Sports Talk: Who are more disappointing, United or Liverpool?"
"18:02, 23-Aug-2022",Carolina Panthers name Baker Mayfield starting QB for season opener
"22:20, 23-Aug-2022",China beat Philippines 3-0 for third straight win at AVC Cup
"20:31, 23-Aug-2022",China's vaccine regulator attains new maturity rank from WHO
"18:21, 23-Aug-2022","Respect for sovereignty, territorial integrity foundation of common security - Chinese envoy"
"07:16, 23-Aug-2022","Death toll from Sudan's heavy rains, floods rises to 83"
"14:19, 23-Aug-2022",Drinking water becomes 'strategic resource' amid heatwave: media
"09:46, 23-Aug-2022",Malaysia's ex-PM Najib arrives at top court for final leg of 1MDB appeal
"18:24, 23-Aug-2022",GM Brian Cashman confident in Yankees despite recent struggles
"15:49, 23-Aug-2022",Indonesia's central bank raises policy rate to 3.75%
"15:37, 23-Aug-2022",Iran drops some demands for nuclear deal: Reuters
"12:31, 23-Aug-2022","Iran says U.S. delaying nuclear deal, U.S. sees progress"
"07:10, 23-Aug-2022",Israel announces biggest rate hike in two decades
"16:30, 23-Aug-2022","Malaysian ex-PM Najib loses final 1MDB appeal, sent to prison"
"11:42, 23-Aug-2022","After beating Liverpool, Man Utd begin a slow crawl out of crisis without Ronaldo and Maguire"
"07:59, 23-Aug-2022",Monkeypox reaches all 50 U.S. states
"09:41, 23-Aug-2022","New space telescope shows Jupiter's auroras, tiny moons"
"13:20, 23-Aug-2022",Northern part of Beirut silos collapses
"17:32, 23-Aug-2022",Putin holds telephone conversation with Rahmon
"16:00, 23-Aug-2022",Iraq's judiciary suspends work as cleric Sadr fuels political crisis
"18:00, 23-Aug-2022",Shadow of slavery still looms over African Americans
"23:02, 23-Aug-2022",Spain declares disaster-zone status for fire-hit regions
"07:20, 23-Aug-2022",Suspect in midtown Atlanta shootings arrested at airport
"15:39, 23-Aug-2022",Türkiye does not have preconditions for dialogue with Syria: FM
"09:01, 23-Aug-2022",Tennis: Zverev pulls out of U.S. Open with ankle injury
"07:09, 23-Aug-2022",Trump files lawsuit to block FBI review of items seized at Mar-a-Lago
"17:13, 23-Aug-2022",Two Russian Tu-95MS bombers conduct flight over Sea of Japan
"23:08, 23-Aug-2022",U.S.'s credibility under question as biolab mishaps pile up
"09:47, 23-Aug-2022",UN chief calls for new global consensus on cooperation to ensure collective security
"22:13, 23-Aug-2022",UNICEF: 10 million children suffer from dire drought in Africa 
"22:54, 23-Aug-2022",WTO goods trade indicator stable as growth stagnates
"07:17, 24-Aug-2022",Nancy Pelosi's husband pleads guilty to DUI in California
"02:24, 20-Aug-2022",7 killed in bus-truck collision in Southern Egypt
"01:07, 20-Aug-2022",Airstrike kills 13 al-Shabab terrorists in Somalia
"01:07, 20-Aug-2022","Death toll from heavy rains, floods in Sudan climbs to 75"
"02:33, 20-Aug-2022",Finnish prime minister takes drugs test after party video causes stir
"01:07, 20-Aug-2022",Somalia PM appeals for life-saving aid for people affected by devastating drought
"02:45, 20-Aug-2022",Stampede in Nigerian church event kills two people: police
"01:03, 20-Aug-2022",U.S. monkeypox cases on sharp rise as media blame government's setbacks in containing outbreak
"02:44, 20-Aug-2022",WFP seeks $418 million to ramp up aid in Horn of Africa amid famine threats
"01:45, 21-Aug-2022",15 people killed in flash floods in north India
"02:29, 21-Aug-2022",Death toll rises to 19 in Turkish road accident: minister
"00:30, 21-Aug-2022",DR Congo investigates suspected Ebola case
"00:50, 21-Aug-2022",French President Macron to travel to Algeria on August 25
"01:52, 21-Aug-2022",TAZARA passenger train services to reopen in September
"01:54, 22-Aug-2022",Dos Santos' body arrives in Angola six weeks after demise
"00:49, 22-Aug-2022","Egypt, UAE leaders champion Arab unity to address regional challenges"
"01:47, 22-Aug-2022",Kenya says food insecure population to spike amid worsening drought
"02:14, 22-Aug-2022",Zimbabwe sells over 200 mln kg tobacco leaf in 2022
"03:08, 23-Aug-2022",Fauci set to step down as NIAID head in December
"01:50, 23-Aug-2022",Palestinians fly to Cyprus from Israel for 1st time
"01:47, 24-Aug-2022","Drought in Horn of Africa, Sahel threatens lives of regions' children"
"02:38, 24-Aug-2022",IAEA says it could visit Zaporizhzhia nuclear plant in days
"02:01, 24-Aug-2022",Iraqi PM shortens Egypt trip as protest in Baghdad disrupts judiciary's work
"02:08, 24-Aug-2022",Tanzania conducts national population and housing census
"01:56, 24-Aug-2022",U.S. Justice Department probes violent arrest in Arkansas
"03:05, 24-Aug-2022","U.S. reports over 15,000 monkeypox cases"
"03:02, 24-Aug-2022",U.S. to announce $3 billion in new military aid for Ukraine: official
"02:11, 24-Aug-2022",UN to help Africa develop capital markets to spur economic development
"00:44, 23-Aug-2022",Portugal on wildfire alert as it is hit by a third heatwave
"02:03, 23-Aug-2022","Russian oligarchs among wealthy who bought EU passports via Cyprus, says audit"
"01:26, 20-Aug-2022",Aid workers on World Humanitarian Day
"02:10, 20-Aug-2022",“The world is big enough for China and the U.S. ”Chinese Ambassador Qin Gang's interview with Al-Jazeera
"04:56, 20-Aug-2022",Food insecurity in Latin America
"06:04, 20-Aug-2022",Macron's office says Putin agreed to an IAEA mission to nuclear plant
"04:41, 20-Aug-2022",More food products vanishing from shelves internationally
"06:04, 20-Aug-2022",Peru's global inflation
"04:41, 20-Aug-2022",Rising temperatures cause sea turtles to turn female
"00:11, 20-Aug-2022",Spokesperson of Chinese Embassy in the U.S. on Harassment of Embassy
"06:58, 21-Aug-2022",Brazilian scientists developing mRNA vaccines
"02:47, 21-Aug-2022",Canada relieved Catholic groups of $25 million obligation to survivors
"06:58, 21-Aug-2022",Extreme weather hits many parts of the U.S.
"06:57, 21-Aug-2022",U.S. ended Trump-era 'Remain in Mexico' immigration policy
"02:47, 21-Aug-2022",Venezuelan households suffering from a scarcity of nutritious food
"01:01, 23-Aug-2022",Afghan refugees struggle one year after US resettlement 
"06:39, 23-Aug-2022",California faces historic drought
"03:36, 23-Aug-2022",Northern Mexico's cattle ranching industry near collapse over drought
"07:16, 23-Aug-2022",OPINION: Why is U.S. fighting a losing battle by visiting Taiwan?
"06:39, 23-Aug-2022",Pakistan's former PM Imran Khan facing charges under anti-terror act 
"06:39, 23-Aug-2022",The ripple effects of the Russia-Ukraine conflict
"04:53, 23-Aug-2022",US colleges prepare for monkeypox outbreak 
"03:12, 24-Aug-2022",Americans travel to Mexico for abortion help
"03:11, 24-Aug-2022",California faces extreme heat
"03:12, 24-Aug-2022",Few Brazilians aware of country’s dark ties to slavery
"06:09, 24-Aug-2022",Global droughts kneecap world’s largest economies
"06:30, 24-Aug-2022",International Day for Remembrance of the Slave Trade and its Abolition
"03:10, 24-Aug-2022",U.S. government urges Americans to leave Ukraine immediately
