﻿"23:50, 21-Mar-2022","Before Guangxi crash, 22 accidents involved Boeing 737-800 in history, 10 fatal"
"20:53, 21-Mar-2022",China's mobile phone shipments fall 31.7% year on year in February
"22:58, 21-Mar-2022",China to cut 1.5t yuan worth of tax to stabilize economy
"22:39, 21-Mar-2022",Netizens call out 'rude' CBS news host for heckling Chinese envoy
"19:09, 21-Mar-2022",World Sleep Day: Chinese people sleep 1.44 hours less than 10 years ago
"21:29, 22-Mar-2022","China plane crash: No survivors found so far, cause unclear"
"15:41, 22-Mar-2022",Survivors in China plane crash 'very unlikely': Flight expert
"20:22, 22-Mar-2022",China's central bank issues 5 billion yuan of bills in Hong Kong SAR
"14:05, 22-Mar-2022",China temporarily includes COVID-19 antigen tests in medical insurance
"15:49, 22-Mar-2022",China threatens countermeasures against U.S. visa restrictions
"19:29, 22-Mar-2022",China updates COVID test guideline to make scale adjustable
"21:39, 22-Mar-2022",China urges U.S. to stop sowing discord in the South China Sea
"10:57, 22-Mar-2022","China, like-minded countries concerned about human rights violations against Indigenous people"
"15:53, 22-Mar-2022",Chinese Foreign Ministry spokesperson says 'deeply grieved' by jetliner crash
"09:59, 22-Mar-2022","Chinese mainland records 2,338 new confirmed COVID-19 cases"
"09:10, 22-Mar-2022","China, Islamic world have strong desire for further cooperation: Chinese FM"
"23:04, 22-Mar-2022",Hong Kong officials say COVID-19 stabilizing as city plans to ease curbs
"11:41, 22-Mar-2022",Journeys in Nature: Sanjiangyuan series | Ep. 1: Sources of Life
"19:28, 22-Mar-2022","Kunming airport under normal operation following tragedy, many flights canceled"
"07:34, 22-Mar-2022",M4.7 earthquake strikes near China's Taiwan
"19:19, 22-Mar-2022",U.S.'s most powerful cyberattack system is targeting China: Sources
"12:30, 22-Mar-2022",Latest on the crashed Boeing 737-800: Aircraft design and safety
"15:57, 22-Mar-2022",World Water Day: Cherish precious groundwater
"15:45, 23-Mar-2022",China livestreams second space class from space station
"22:44, 23-Mar-2022",China offers a peek into the scientific facilities at its space station
"18:53, 23-Mar-2022",China reiterates Taiwan question differs in nature from Ukraine issue
"17:30, 23-Mar-2022",China willing to enhance cooperation with Islamic world: Chinese FM
"13:03, 23-Mar-2022",Airline says it got in touch with 123 victims' families in 24 hours
"09:07, 23-Mar-2022","Chinese mainland records 2,667 new confirmed COVID-19 cases"
"17:04, 23-Mar-2022",Black box of crashed flight MU5735 retrieved: official
"18:51, 23-Mar-2022",Expert: The crash of MU5735 jet is very rare in history
"20:10, 23-Mar-2022","Former Chinese leader He Luli cremated, Xi attends the funeral"
"09:48, 23-Mar-2022",Journeys in Nature: Sanjiangyuan series | Ep. 2: Jinsha River Overture
"10:31, 23-Mar-2022","Meet 'plateau celebrities,' wild Tibetan fox cubs in NW China's Gansu"
"17:48, 23-Mar-2022",No G20 member has the right to expel Russia: China's Foreign Ministry
"13:55, 23-Mar-2022",Over 23 hectares of rapeseed flowers bloom in E China's terraced fields
"21:11, 23-Mar-2022","Parts of aircraft wreckage, human tissue fragments found: officials"
"16:10, 23-Mar-2022","Officials urge precise, targeted measures to curb COVID-19 surge on Chinese mainland"
"08:57, 23-Mar-2022","ZTE stock prices surge after resuming trading in Shenzhen, Hong Kong"
"09:13, 23-Mar-2022","Senior Chinese officials guide plane crash rescue, probe in S China"
"22:20, 23-Mar-2022",Xi sends congratulatory letter to fourth CPC-PCC theory seminar
"18:50, 24-Mar-2022",China to host 14th BRICS Summit with focus on 'new era of global development'
"16:07, 24-Mar-2022",Children learn Chinese performing arts on World Theater Day
"10:45, 24-Mar-2022",China's Mars orbiter sends back high-resolution images 
"15:29, 24-Mar-2022",China urges U.S. to remove all additional tariffs imposed on its goods
"12:48, 24-Mar-2022",Chinese legislators inspect enforcement of environmental protection law
"09:24, 24-Mar-2022","Chinese mainland records 2,054 new confirmed COVID-19 cases"
"10:13, 24-Mar-2022",Chinese weightlifter Lyu Xiaojun to be awarded Rio Olympic gold medal
"17:11, 24-Mar-2022",Experts: What black box can tell you about vertical crash of MU5735
"09:24, 24-Mar-2022",Experts carve out path to fight tuberculosis in China
"13:35, 24-Mar-2022",Journeys in Nature: Sanjiangyuan series | Ep. 3: Alpine Wetlands
"09:03, 24-Mar-2022",M5.2 earthquake hits waters off Taiwan region: CENC
"20:16, 24-Mar-2022",National Art Museum of China presents its own collections
"21:46, 24-Mar-2022",Peng Liyuan addresses video conference on World TB Day 2022
"15:51, 24-Mar-2022",China plane crash: Search intensified for second black box
"16:41, 24-Mar-2022",Shenzhou-13 astronauts to make return preparations next week
"23:42, 24-Mar-2022",U.S. owes the world an explanation on biolabs: China's MOD
"07:48, 24-Mar-2022",U.S. reinstates tariff exemptions on 352 Chinese products
"12:14, 24-Mar-2022","Wang Yi: China opposes power politics, bloc confrontation"
"23:47, 24-Mar-2022",Wang Yi makes a surprise stopover in India; what could be expected?
"15:19, 25-Mar-2022",China should strive to achieve 'dynamic zero infection' goals in a short time period: NHC officials
"15:12, 25-Mar-2022",Defense minister: China ready to deepen military cooperation with Turkmenistan
"22:52, 25-Mar-2022","China to encourage financial institutions to lower loan interest rates, cut fees"
"16:44, 25-Mar-2022",Chinese cargo plane lands safely in southwest China after mechanical issue
"09:42, 25-Mar-2022","Chinese mainland records 1,366 new confirmed COVID-19 cases"
"13:59, 25-Mar-2022",Expert: 10 to 15 days needed to decode black box of crashed plane
"20:31, 25-Mar-2022",Fight for love: Injured male panda is recorded in the wild
"14:29, 25-Mar-2022",Journeys in Nature: Sanjiangyuan series | Ep. 4: Dancers on the Cliff
"09:12, 25-Mar-2022","Miami Open: Naomi Osaka marches on, Emma Raducanu knocked out"
"12:05, 25-Mar-2022",More Lebanese students keen to explore Chinese culture: official
"17:15, 25-Mar-2022",MU5735 crash: Rescue work continues despite finding no survivors so far
"18:13, 25-Mar-2022",The 23rd anniversary of NATO bombings: China and Serbia will never forget 
"17:42, 25-Mar-2022",Xi holds phone talk with South Korean President-elect Yoon
"12:07, 26-Mar-2022",China and Vanuatu: Ushering in a new era of development
"20:21, 26-Mar-2022",China plane crash: All 132 people on board are confirmed dead
"10:56, 26-Mar-2022",China's Hualong One nuclear power demonstration project fully operational
"19:44, 26-Mar-2022",China's Shanghai records a sharp rise in COVID-19 cases
"19:35, 26-Mar-2022",Chinese diplomat meets with senior Russian officials in Moscow
"09:03, 26-Mar-2022","Chinese mainland records 1,335 new confirmed COVID-19 cases"
"14:38, 26-Mar-2022",Chinese officials predict 6 to 8 storm surges this year 
"17:16, 26-Mar-2022",Emergency locator transmitter found after plane crash
"17:49, 26-Mar-2022",Explainer: How will flight MU5735 crash investigation be carried out?
"07:42, 26-Mar-2022",M6.0 earthquake hits China's Qinghai: CENC
"10:47, 26-Mar-2022","Miami Open: Nick Kyrgios, Alexander Zverev, Zhang Shuai advance"
"08:57, 26-Mar-2022",Chinese ambassador stresses the key to human rights and democracy
"11:28, 26-Mar-2022",Stone weapons unearthed at central China prehistoric site
"20:39, 26-Mar-2022",Tianjin Pioneers coach Zhang Degui: Anything is possible in playoffs
"10:51, 26-Mar-2022",Vlog: How to do a COVID-19 self-test in China
"13:41, 27-Mar-2022",Beijing's key pollution reading down 33 percent in Jan-Feb
"22:20, 27-Mar-2022","China Securities Journal: China, U.S. regulators 'moving toward each other' in audit regulatory cooperation"
"17:39, 27-Mar-2022",China Eastern Airlines starts insurance claims process for plane crash
"16:25, 27-Mar-2022","China Weekly News Quiz: March 20-27, 2022"
"14:18, 27-Mar-2022",China holds event to mourn jetliner crash victims
"21:33, 27-Mar-2022","China plane crash: Black boxes under analysis, counseling services underway"
"18:39, 27-Mar-2022",China's Greater Bay Area optimizes work permit process for foreign talent
"09:25, 27-Mar-2022","Chinese mainland records 1,254 confirmed COVID-19 cases"
"16:12, 27-Mar-2022","Political Calendar: Russia-Ukraine conflict drags on, foreign ministers of Afghanistan's neighbors meet again"
"15:01, 27-Mar-2022",Journeys in Nature: Sanjiangyuan series | Ep. 5: Thorold's Deer
"12:15, 27-Mar-2022",Northern shovelers enjoy fine weather 
"10:52, 27-Mar-2022",Second MU5735 black box recovered from crash site
"21:09, 27-Mar-2022",Shanghai to conduct new round of mass virus screening
"17:10, 27-Mar-2022",Three places to enjoy spring and ancient architecture in Beijing
"16:29, 27-Mar-2022",Tianzhou-2 cargo spacecraft separates from China's space station
"22:25, 28-Mar-2022","'Moonfall' tops revenue chart, Qingming Festival holiday sees movie delays"
"09:24, 28-Mar-2022","Airports, railways, intl transport operate normally in Shanghai"
"21:11, 28-Mar-2022",China's aviation authority sets up expert group to supervise industry safety 
"15:54, 28-Mar-2022",China calls for responsible action toward Ukraine de-escalation
"12:18, 28-Mar-2022",China's first gigawatt-scale wind project's output tops 1 billion kWh
"15:34, 28-Mar-2022",China to host third meeting of foreign ministers of Afghanistan's neighboring countries
"09:08, 28-Mar-2022","China willing to cement friendship with Nepal, safeguard regional peace: Wang Yi"
"09:11, 28-Mar-2022","Chinese mainland records 1,275 confirmed COVID-19 cases"
"17:23, 28-Mar-2022",132 victims of MU5735 crash identified through DNA testing
"16:50, 28-Mar-2022",Huawei reports profit surge in 2021 despite U.S. sanctions 
"15:31, 28-Mar-2022","FMs of Indonesia, Thailand, Philippines, Myanmar, Panama to visit China"
"11:41, 28-Mar-2022",Journeys in Nature: Sanjiangyuan series | Ep. 6: Elves in the Snow
"20:36, 28-Mar-2022",Phased closed-off management in Shanghai adopted to curb COVID-19 spread
"21:40, 28-Mar-2022","Over 3,000 wild swans return to Bayanbulak grasslands"
"10:52, 28-Mar-2022","Saudi Arabian GP: Verstappen bounces back with thrilling win, Zhou Guanyu 11th "
"18:39, 28-Mar-2022","Xi Jinping, other Chinese leaders mourn lives lost in MU5735 accident"
"11:20, 29-Mar-2022",COVID-19 cases found via mandatory testing in Hong Kong on the decline
"22:59, 29-Mar-2022",China calls for rationally examining root causes of the Ukraine issue
"22:52, 29-Mar-2022",China has thousands of asymptomatic COVID-19 cases. Should we worry?
"15:45, 29-Mar-2022",China lodges representations with Australia over repatriated students
"12:10, 29-Mar-2022",China reduces personal income tax for parents of children under 3
"19:33, 29-Mar-2022",China reveals human rights violations against Native Americans in U.S.
"19:35, 29-Mar-2022",China's new Long March-6 carrier rocket completes maiden flight
"09:13, 29-Mar-2022","Chinese mainland records 1,293 new confirmed COVID-19 cases"
"17:53, 29-Mar-2022",Explainer: Omicron 'stealth' COVID-19 variant BA.2 now dominant globally
"20:10, 29-Mar-2022",Tech Breakdown: Hualong One nuclear reactor helps China meet carbon goals
"19:18, 29-Mar-2022",Tech Breakdown: Hualong One nuclear reactor helps China meet carbon goals
"15:39, 29-Mar-2022",Luminous 'blue tears' light up sea in east China
"19:59, 29-Mar-2022",Reporters' diary: Covering China's deadliest plane crash in a decade
"22:35, 29-Mar-2022",Shanghai ensures stable financial operations amid Pudong's close-off
"13:14, 29-Mar-2022",Tesla suspends work at Shanghai factory for 4 days over COVID-19 curbs: Reuters
"23:21, 29-Mar-2022",Wang Yi: China 'deeply regrets' that Ukraine crisis is still ongoing
"23:25, 29-Mar-2022",Wang Yi: Sanctions not an effective way to solve problems
"09:06, 29-Mar-2022","Visit to South Asian countries boosts solidarity, cooperation under new circumstances: Chinese FM"
"19:53, 30-Mar-2022",Accusations about Chinese dams on Mekong River groundless: MOFA 
"15:25, 30-Mar-2022",China-EU summit to be held virtually on April 1
"11:06, 30-Mar-2022",China launches 3 Tianping-2 satellites atop Long March-11 rocket
"18:14, 30-Mar-2022",China's 'city of the future' gears up to build a financial sector 
"21:30, 30-Mar-2022",China's e-bike prices surge under new national standards 
"09:37, 30-Mar-2022",China sets energy targets for 2022
"22:56, 30-Mar-2022",China voices strong opposition to UK's decision to pull HK judges
"16:39, 30-Mar-2022",Chinese envoy cautions against 'indiscriminate' sanctions over Ukraine conflict
"09:44, 30-Mar-2022",Chinese envoy warns of consequences of indiscriminate sanctions over Ukraine conflict
"09:11, 30-Mar-2022","Chinese mainland records 1,629 new confirmed COVID-19 cases"
"09:45, 30-Mar-2022",Chinese regulator denies rumors about probes on Xiaomi-invested firms
"19:47, 30-Mar-2022",Mainland slams attempt to challenge UN resolution embodying one-China principle
"17:45, 30-Mar-2022",Dutch cycling legend Bos helps China's sprint team ahead of Asian Games
"11:54, 30-Mar-2022",China's Wang Yi hails high-level strategic coordination with Pakistan
"13:09, 30-Mar-2022",First HD video of Asiatic golden cat feeding on deer in China
"12:53, 30-Mar-2022",China-Russia ties withstand test of changing international situation: Wang Yi
"17:21, 30-Mar-2022","Foreign ministers of China, Qatar meet in Anhui"
"11:26, 30-Mar-2022",Journeys in Nature: Sanjiangyuan series | Ep. 8: King of the Sky
"09:24, 30-Mar-2022",Lavrov arrives in China for FMs meeting on Afghanistan
"14:51, 30-Mar-2022",NTSB: China issues visas to U.S. experts for Boeing plane crash probe
"16:29, 30-Mar-2022",Prices of NEVs in China rise as makers blame increasing raw material costs
"14:06, 30-Mar-2022",Sichuan to build new Sanxingdui museum
"16:53, 30-Mar-2022",There is no upper limit for China-Russian cooperation: MOFA 
"14:57, 30-Mar-2022",Thousands of Tibetan antelopes spotted in western Tibet
"10:12, 30-Mar-2022",World's most powerful electric cruise ship on maiden voyage in China
"20:05, 30-Mar-2022",Xi calls for efforts to push for ecological advancement
"03:05, 23-Mar-2022",M6.6 quake hits waters off Taiwan: CENC
"04:04, 25-Mar-2022",China says it welcomes any measure to ease humanitarian crisis in Ukraine
"06:54, 22-Mar-2022",From the scene of the plane crash in China
"06:17, 22-Mar-2022",The Art of the Party: Jinggang Mountain Octagon House
"02:11, 23-Mar-2022",The Art of the Party: Gezhouba Water Control Project
"06:36, 23-Mar-2022",Video reports to show China Eastern Airlines plane crash
"06:19, 24-Mar-2022","Passersby catch falling toddler in quilt in Changzhou, China"
"04:52, 25-Mar-2022",U.S. reinstates tariff exemptions on 352 Chinese imports
"23:42, 27-Mar-2022",Ambassador Qin Gang talks about China’s position on Ukraine
"02:38, 30-Mar-2022",Shanghai enters two-phase lockdown to combat COVID-19 surge
