﻿"19:08, 11-May-2022",Shanghai students prepare for important exams amid COVID-19
"18:09, 15-May-2022",Beijing reported 33 new confirmed COVID cases
"16:35, 15-May-2022",Beyond Infinity: One year on Tianwen-1's triumphant landing on Mars
"19:39, 15-May-2022","China Weekly News Quiz: May 8-15, 2022"
"17:04, 15-May-2022",China's AC352 mid-sized utility helicopter completes flight test for airworthiness certification
"17:51, 15-May-2022",Chinese badminton boss on Thomas & Uber Cup losses
"17:54, 15-May-2022",How human rights in China progressed in recent years
"20:26, 15-May-2022",Some airlines resume a small number of flights from Shanghai
"17:05, 15-May-2022","Xi Jinping's article on theoretical, practical issues in China's development to be published"
"20:19, 15-May-2022",Xi Jinping sends congratulatory message to new UAE president
"20:20, 15-May-2022",Xi Jinping mourns passing of UAE President Sheikh Khalifa bin Zayed Al Nahyan
"11:36, 16-May-2022", China's embassy in UK urges G7 to mind their own affairs
"10:26, 16-May-2022",15 of 16 Shanghai districts free of COVID-19 community spread
"14:32, 16-May-2022",A symbol of hope: Han Meilin's pig painting shines with petal patterns
"16:20, 16-May-2022",Beijing reports 39 new local COVID-19 infections
"18:34, 16-May-2022",China says new factors will add to bilateral ties as Finland seeks NATO membership
"15:07, 16-May-2022","China's April industrial output, retail sales plummet amid COVID-19 resurgence"
"10:02, 16-May-2022",China's industrial output up 4% in first four months
"12:58, 16-May-2022",China's second Type 055 large destroyer passes test for sea missions
"18:09, 16-May-2022",China slams U.S. signing of bill related with Taiwan region
"17:12, 16-May-2022",China to set up permanent COVID-19 hospitals to rein in virus in long term
"10:41, 16-May-2022",Chinese 'Exploration 2' initiates second-phase scientific sea trial 
"17:25, 16-May-2022",Premier Li asks Pakistan to scale up security for Chinese personnel
"09:13, 16-May-2022",Chinese mainland records 151 new confirmed COVID-19 cases
"22:38, 16-May-2022",Dinosaur fossil dating back 125 mln years found in north China
"19:39, 16-May-2022",Disabled population of Tibet enjoys rising employment
"23:08, 16-May-2022",Tsinghua professor says growth needs to be priority to offset external headwinds
"17:13, 16-May-2022",Han Xu continues to make efficient offensive performance for Liberty
"18:55, 16-May-2022",ISF Gymnasiade Normandy 2022 opens on May 15 in Deauville
"08:38, 16-May-2022",Qomolangma expedition: How is the Rongbuk Glacier amid global warming?
"13:03, 16-May-2022",The Colors of Nature: White swans
"17:15, 17-May-2022",10 dead after car plunges into river in south China’s Guangdong
"18:37, 17-May-2022","Ancient 'mirror' sheds light on aristocratic life 2,000 years ago"
"23:00, 17-May-2022","Ancient 'mirror' sheds light on aristocratic life 2,000 years ago"
"13:23, 17-May-2022",Chart of the Day: Shanghai attains zero community spread of COVID-19
"09:52, 17-May-2022",China develops mosaic vaccine for protection against COVID-19 variants
"13:24, 17-May-2022",China's homegrown AC313A large civil helicopter makes maiden flight
"19:40, 17-May-2022",China's higher education rate reaches 57.8%
"17:10, 17-May-2022",China 'spontaneously' lowers tariff level from 9.8% in 2010 to 7.4%
"15:18, 17-May-2022",China to expand 'encouraged' sectors for foreign investment
"09:26, 17-May-2022",Chinese mainland records 175 new confirmed COVID-19 cases
"15:32, 17-May-2022",Chinese museums hold special events to mark International Museum Day
"17:02, 17-May-2022",Communist Youth League of China Centenary: Youth development in an uncertain world
"15:38, 17-May-2022",Jiangxi Yifeng Series | Ep. 1: In the bamboo woods
"18:51, 17-May-2022",Shanghai bus companies prepare to resume operations
"10:21, 17-May-2022","Shanghai hits 'zero-COVID' milestone, to return to normal in stages"
"15:00, 17-May-2022","Transformative training: Special education school preps students for the Olympics, life"
"13:05, 17-May-2022",Why is Australia concerned about China-Solomon Islands cooperation?
"18:38, 17-May-2022",World Telecom Day: How can tech be more friendly to China's aging population?
"11:14, 18-May-2022",10 must-visit natural history museums in China
"23:03, 18-May-2022","70 years on, CCPIT bonding Chinese and foreign businesses"
"15:38, 18-May-2022",BRICS foreign ministers to meet via video link on Thursday  
"23:34, 18-May-2022",Bilingual version of Xi's discourses on safeguarding human rights published
"13:11, 18-May-2022",CAAC confirms U.S. investigators did not release info on Eastern Airlines crash probe
"12:56, 18-May-2022",China builds world's largest mobile broadband and fiber optic network
"11:01, 18-May-2022",China launches its first quantum-encrypted smartphone
"19:59, 18-May-2022",China launches world's first unmanned intelligent research ship  
"20:53, 18-May-2022",China to build unmanned intelligent farms by 2025: MIIT's new roadmap
"15:06, 18-May-2022",Chinese Vice Premier Liu He pledges support for digital platforms
"09:11, 18-May-2022",Chinese mainland records 240 new confirmed COVID-19 cases
"21:28, 18-May-2022",Expert: U.S. sanctions Xinjiang companies for its own products
"20:06, 18-May-2022",Facts about Xinjiang's demographics
"11:12, 18-May-2022",Hangzhou 2022 Asian Para Games postponed
"21:12, 18-May-2022",How do Uygurs at a Xinjiang silicon factory see their working conditions?
"19:47, 18-May-2022",International Museum Day: How digital technology empowers ancient museums
"22:02, 18-May-2022",International Museum Day: Take a glance of China's must-visit museums
"08:57, 18-May-2022",Jiangxi Yifeng Series | Ep. 2: Hardleaf oatchestnut
"22:18, 18-May-2022",Palace Museum exhibition highlights evolution of Chinese civilization
"22:19, 18-May-2022",Premier Li Keqiang calls for methods to stabilize the Chinese market
"19:31, 18-May-2022","President Xi, Dutch king exchange congratulations on 50th anniversary of diplomatic ties"
"19:11, 18-May-2022",Revival of ancient temples
"16:26, 18-May-2022",Shanghai delivers world's largest VLEC since COVID business resumption
"21:23, 18-May-2022","Tencent reports Q1 profit slump, no growth in revenue"
"20:05, 18-May-2022",Truth about forced sterilization allegations in Xinjiang
"18:50, 18-May-2022",China urges U.S. to honor commitment to not support 'Taiwan independence'
"16:31, 18-May-2022",Wang Yi warns Japan-U.S. cooperation should not harm China
"20:22, 18-May-2022",What do young people in Xinjiang think about having children?
"22:57, 18-May-2022",Senior Chinese diplomat warns U.S. against playing 'Taiwan card'
"22:11, 19-May-2022",'Cloud tourism' gaining popularity in China amid pandemic
"10:37, 19-May-2022",Chinese-made BeiDou satellite system output value hits new record
"20:23, 19-May-2022",98-year-old artist's woodblock prints exhibition opens at Suzhou Museum
"21:45, 19-May-2022",China decries Blinken's statement on Taiwan region's WHO status
"13:55, 19-May-2022",China develops superconducting magnet for world-leading MRI system
"17:49, 19-May-2022",China urges U.S. to stop using Tibet-related issues to interfere in its internal affairs
"15:15, 19-May-2022",China plans world's first nearby habitable planet search via space telescope
"09:22, 19-May-2022",Chinese mainland records 212 new confirmed COVID-19 cases
"10:59, 19-May-2022",Chinese oral COVID-19 drug effective against Omicron variant: study
"17:53, 19-May-2022",Chinese women's volleyball team eyes victory at VNL
"12:20, 19-May-2022",Does China view the U.S. as a strategic competitor? 
"11:18, 19-May-2022",Full Text: Xi Jinping's speech at conference marking 70th anniversary of CCPIT
"15:28, 19-May-2022",Healthcare improves in China as family doctor services expand
"10:13, 19-May-2022",Jiangxi Yifeng Series | Ep. 3: Longstipe disanthus
"10:49, 19-May-2022",Shanghai to resume inter-district public transport from May 22
"11:34, 19-May-2022",Virtual tourism takes center stage on 12th China Tourism Day
"20:00, 19-May-2022",WHO authorizes China's CanSinoBIO COVID-19 vaccine
"15:35, 19-May-2022",Wholesale markets ready to ensure food supply in Beijing amid COVID-19
"23:11, 19-May-2022",Xi Jinping sends congratulatory letter to BRICS forum
"21:45, 19-May-2022","Xi Jinping: BRICS countries should reject Cold War mentality, bloc confrontation"
"15:03, 19-May-2022",Xi Jinping calls on scholars returning from overseas to contribute to China's sci-tech self-reliance
"19:00, 20-May-2022","""Xiaoman"" or Grain Buds"": the grains of summer buds grow full"
"20:09, 20-May-2022",China calls for unity among BRICS nations to boost security for all
"14:29, 20-May-2022",China completes vault installation of largest LNG storage tanks
"11:11, 20-May-2022",China cuts key interest rate by record amount to boost economy
"14:22, 20-May-2022","China delivers world's first 100,000-tonne 'mobile fish farm'"
"22:53, 20-May-2022",China highly respects Nicaragua's choice of development path: FM
"20:53, 20-May-2022",China launches three test communication satellites to low-Earth orbit 
"18:36, 20-May-2022","China's Mars rover Zhurong goes dormant to survive sand, dust storms"
"19:09, 20-May-2022",China's State Council appoints John Lee as HKSAR chief executive
"09:50, 20-May-2022",China says Canada's planned Huawei ban violates free trade rules
"21:35, 20-May-2022",China welcomes more countries to join 'BRICS Plus': Wang Yi
"09:11, 20-May-2022",Chinese mainland records 193 new confirmed COVID-19 cases
"13:33, 20-May-2022",Common spoonbills frolic in NE China's Heilongjiang Province
"08:52, 20-May-2022",IOC approves historic Olympic relay bronze for Team China at Tokyo 2020
"17:40, 20-May-2022",Last unit of China's 16 GW-Baihetan hydropower plant installed
"08:48, 20-May-2022",M4.8 earthquake hits SW China's Sichuan Province
"15:38, 20-May-2022",Pakistani FM to visit China from Saturday to Sunday
"16:56, 20-May-2022","Rafael Nadal, Novak Djokovic may meet in French Open quarterfinals"
"13:09, 20-May-2022",Shanghai chefs work around the clock to secure food supply
"00:51, 20-May-2022",Travel around the country virtually on China Tourism Day
"14:50, 20-May-2022",Vietnamese volunteer: COVID-19 has deepened my love for Shanghai
"22:36, 20-May-2022",Wang Yi: China ready to advance BRI cooperation with Ecuador
"23:06, 20-May-2022","Wang Yi holds talks with FMs of Ecuador, Uruguay and Nicaragua"
"18:52, 20-May-2022",China urges U.S. to 'match their words with deeds' 
"14:43, 20-May-2022",Why more Chinese women are falling for younger men 
"11:23, 20-May-2022",Youth paintings on space go on show to mark 1st year of Tianhe launch
"09:58, 21-May-2022",Animals in solar terms: 'Xiaoman'
"22:50, 21-May-2022",BRICS: A harbinger of multilateralism and global security
"17:35, 21-May-2022",China reiterates any attempt to play 'Taiwan card' doomed to fail
"18:21, 21-May-2022",Chinese center Li Yueru confident in her career with Sky in WNBA
"09:26, 21-May-2022",Chinese mainland records 201 new confirmed COVID-19 cases
"20:26, 21-May-2022",Chinese research ship finishes 'health check' after decade of service
"19:44, 21-May-2022",Chinese researchers develop lever-inspired triboelectric nanogenerator
"18:10, 21-May-2022",First bank branch reopens in central Shanghai
"23:09, 21-May-2022","John Lee pledges to implement 'One Country, Two Systems'"
"08:26, 21-May-2022",New Chinese dietary guidelines for children released amid overweight concerns
"12:52, 21-May-2022",Photos of gadwalls flying in sky
"14:58, 21-May-2022",Trailer: Have an adventure on all seven continents with wildlife!
"22:44, 21-May-2022",World's largest 'back-to-back' flexible DC project built in Greater Bay Area
"07:56, 22-May-2022",Ailao Mountains Series | Ep. 2: King of Birds
"19:03, 22-May-2022",Audi's new ad video sparks outcry over copying blogger's script
"19:53, 22-May-2022",Billions of fish fries released into the Bohai sea
"18:59, 22-May-2022","China, Pakistan vow to strengthen all-round cooperation"
"20:26, 22-May-2022","China Weekly News Quiz: May 15-22, 2022"
"09:25, 22-May-2022",Chinese mainland records 169 new confirmed COVID-19 cases
"19:29, 22-May-2022",Chinese teenagers shine at Gymnasiade 2022
"22:39, 22-May-2022",Ex-official responds to blame of China for supply chain interruptions
"18:19, 22-May-2022",Hong Kong Post to issue stamps marking 25th anniversary of HKSAR's establishment
"10:55, 22-May-2022","In China's villages, grannies do the boogey to avoid loneliness"
"21:16, 22-May-2022",Pakistani FM: Any attack on China is an attack on Pakistan
"22:08, 22-May-2022",Shanghai reopens some public transport routes
"19:42, 22-May-2022",Tibetan opera troupe carries on traditions despite funding challenges
"21:44, 22-May-2022",Xinjiang stories the West turns a blind eye to
"14:13, 23-May-2022","China releases updated database on biodiversity, added 10,343 species"
"18:12, 23-May-2022",China's FAST initially detects new phenomenon of 'Black Widow' pulsars
"22:25, 23-May-2022",China's ride-hailing company DiDi moves to delist from NYSE
"22:00, 23-May-2022",China to strengthen health infrastructure to deal with COVID-19
"23:18, 23-May-2022",China to take concrete measures to bring economy back to normal
"16:15, 23-May-2022","China urges Asia-Pacific to reject military bloc, camp confrontation in region"
"16:21, 23-May-2022",China warns not to underestimate resolve to safeguard sovereignty
"09:24, 23-May-2022",Chinese mainland records 187 new confirmed COVID-19 cases
"11:29, 23-May-2022","Employment, labor rights in Xinjiang are fully protected: scholars"
"23:21, 23-May-2022",Expert: Multiple advantages boost China's infrastructure development
"09:17, 23-May-2022",Full text: China-Pakistan Joint Statement
"12:30, 23-May-2022",How close is China to getting an mRNA COVID-19 vaccine ready?
"13:33, 23-May-2022",Analysis: Is South Korea changing its China policy with new commitment to U.S.?
"12:25, 23-May-2022",More young Chinese embracing minimalism amid pandemic
"19:57, 23-May-2022",Premier Li congratulates new Australian Prime Minister Albanese
"21:03, 23-May-2022",Shanghai reopens some public transportation
"21:29, 23-May-2022",World Health Assembly rejects Taiwan-related proposal for 6th consecutive year
"07:54, 24-May-2022",How is life and economy recovering in east China's Zhejiang Province?
"00:22, 24-May-2022",Wang Yi elaborates China's position on human rights issues 
"07:27, 24-May-2022",China’s Ambassador to the U.S. received letters from Flying Tigers veterans 
"07:27, 24-May-2022", U.S. students in Virginia attended the online lecture of Chinese traditional puppet art from Zhangzhou
