﻿"10:46, 22-Jul-2022",Building Lives: China-Pakistan co-constructed motorway opens prosperity
"11:25, 22-Jul-2022",Building Lives: Kamau's dream house
"18:20, 22-Jul-2022",China lodges stern representations to Japan over smearing of defense policy
"18:50, 22-Jul-2022",China's Zhu Yaming reaches men's triple jump final at World Athletics Championships
"09:20, 22-Jul-2022","Chinese envoy urges immediate, full lift of unilateral sanctions on Syria"
"18:07, 22-Jul-2022","Death toll from hot waves tops 1,700 in Spain, Portugal: WHO"
"12:45, 22-Jul-2022",Dinesh Gunawardena sworn in as Sri Lankan prime minister
"19:44, 22-Jul-2022",EMA recommends smallpox vaccine against monkeypox
"18:45, 22-Jul-2022",EU launches new legal procedures against UK over N. Ireland
"16:31, 22-Jul-2022",Eurozone economic activity contracts in July
"11:07, 22-Jul-2022",Explainer: What's known about Biden catching COVID-19?
"15:46, 22-Jul-2022",France's hung parliament passes 20b-euro inflation package
"11:16, 22-Jul-2022",Germany beat Austria to reach Women's Euro 2022 semifinals
"12:03, 22-Jul-2022",Graphics: Heatwaves sweep across the globe
"14:57, 22-Jul-2022",Mali army says it repelled 'terrorist' attack on military base near capital
"15:24, 22-Jul-2022",How do zoo animals keep cool on hot summer days
"10:50, 22-Jul-2022",Japan approves discharge plan for treated nuclear-contaminated water
"16:51, 22-Jul-2022","Kyler Murray reaches a 5-year, $230.5 million extension with Cardinals"
"22:42, 22-Jul-2022",Part of China-Myanmar railway launched in Yunnan Province
"11:40, 22-Jul-2022","Polio case found in New York City suburb, first in a decade"
"14:20, 22-Jul-2022",Record temperatures set across U.S. as heatwave engulfs nation
"22:27, 22-Jul-2022",Republic of the Congo: The daily life of a station master
"18:24, 22-Jul-2022",Riot Games releases details for League of Legends Worlds 2022
"17:20, 22-Jul-2022",Road accident kills 30 in northern Nigeria: official
"16:27, 22-Jul-2022",Sri Lankan new cabinet sworn in
"20:55, 22-Jul-2022","Twitter reports earnings miss, cites Musk buyout uncertainty"
"08:46, 22-Jul-2022",U.S. decathlete Scantling out of World Championships after doping suspension
"22:03, 22-Jul-2022",UN chief hails Ukraine grain deal as a 'beacon on the Black Sea'
"21:30, 22-Jul-2022",'Beacon of hope': Deal signed to resume grain exports from Ukraine by sea
"22:19, 22-Jul-2022","Ukraine, Russia sign separate 'mirror' deals on grain export with Türkiye, UN"
"11:34, 22-Jul-2022",'We'll never forget him': Football world mourns after death of Germany legend Uwe Seeler
"11:48, 22-Jul-2022",WHO to decide again if monkeypox is a global health emergency
"10:53, 22-Jul-2022",Wild tiger numbers higher than previously thought: IUCN
"18:27, 22-Jul-2022",Xi Jinping extends congratulations to Sri Lanka's new president
"16:22, 22-Jul-2022",President Xi Jinping wishes Joe Biden a speedy recovery from COVID-19
"11:59, 23-Jul-2022",60 U.S. House lawmakers urge Biden to declare national climate emergency
"18:10, 23-Jul-2022","Asia News Wrap: India, Sri Lanka get new presidents and more"
"20:54, 23-Jul-2022",At least 16 killed during armed clashes in Libyan capital
"14:00, 23-Jul-2022","At least 21 killed, 3 missing in south Iran floods"
"11:19, 23-Jul-2022","Chelsea beat Barcelona to sign Jules Kounde, Arsenal seal Oleksandr Zinchenko deal"
"22:04, 23-Jul-2022","China, South Korea draw at 1-1 at the East Asian Football Championship women's tournament"
"10:38, 23-Jul-2022",China welcomes signing of Black Sea grain exports agreement
"07:14, 23-Jul-2022",Former Trump adviser convicted of contempt of Congress
"17:03, 23-Jul-2022","Japan's daily COVID-19 cases top 200,000 for 1st time"
"12:36, 23-Jul-2022",China's Qieyang Shijie sets Asian record in winning bronze in 35km race walk at worlds
"20:47, 23-Jul-2022",Raiders QB Carr wants to put last season's turmoil in the past
"18:58, 23-Jul-2022",Sporadic gunshots heard in Afghanistan's Pul-e-Khumri city: local media
"12:21, 23-Jul-2022",Sweden strike last-minute winner to set up England Euro 2022 semifinal
"11:17, 23-Jul-2022",Thai PM survives fourth no-confidence vote
"22:12, 23-Jul-2022",WHO decides to declare global health emergency over monkeypox
"22:14, 23-Jul-2022",WHO declares global health emergency over monkeypox
"16:24, 23-Jul-2022",China's athletics head coach: Wang Jianan reminds me of Mike Powell in 1991
"18:01, 23-Jul-2022",When was the last time you saw Arsenal spend the most on transfers?
"19:05, 24-Jul-2022", 2 dead after building collapse in Myanmar's Mandalay
"23:03, 24-Jul-2022",16 people dead after migrant vessel capsizes in Bahamas
"07:40, 24-Jul-2022",3 injured in drive-by shooting at church funeral in Chicago
"09:32, 24-Jul-2022",2 Palestinians killed in Israeli raid in West Bank
"21:18, 24-Jul-2022",Algeria's Sonatrach reports malfunction at gas pipeline to Spain
"20:17, 24-Jul-2022","Biden's COVID-19 infection ""most likely"" caused by BA.5 variant"
"20:07, 24-Jul-2022",Blast in India's Chhapra kills 6
"22:56, 24-Jul-2022",Bolsonaro seeks reelection as president of Brazil
"20:11, 24-Jul-2022",CGTN Sports Talk: How much will Harden's $14m pay cut help the 76ers?
"10:25, 24-Jul-2022",China's Zhu Yaming wins men's triple jump bronze at WCH 2022
"22:48, 24-Jul-2022",Collaboration between Greece and China 
"19:10, 24-Jul-2022",Floods kill 10 in war-torn Yemen
"09:47, 24-Jul-2022",France end Dutch defense to reach Women's Euro 2022 semis
"16:30, 24-Jul-2022","Global Political Calendar: Indonesian president to visit China, 95th birthday of PLA"
"07:47, 24-Jul-2022",Heat wave claims 19 in July across U.S.
"19:39, 24-Jul-2022","Japan's Sakurajima volcano erupts for second consecutive day, no damage reported"
"17:13, 24-Jul-2022",Lavrov calls on West to 'remove obstacles' to resolve food supply issues
"17:59, 24-Jul-2022",Man United ask Cristiano Ronaldo to confirm date for his return
"16:34, 24-Jul-2022",Phoenix Suns reach long-term extension with coach Monty Williams
"10:17, 24-Jul-2022",Sports clubs on north China's coast focus on increasing youth interest in sailing
"15:40, 24-Jul-2022",3 killed in shooting at university in Metro Manila
"16:08, 24-Jul-2022","Ukraine conflict 5 months on, peace still nowhere in sight"
"08:34, 24-Jul-2022",White House says WHO declaration on monkeypox 'a call to action'
"15:54, 24-Jul-2022",Xi Jinping congratulates Bajram Begaj on inauguration as Albania's president
"15:50, 25-Jul-2022",6 dead in vehicle collision in Russia's Bashkortostan
"22:41, 25-Jul-2022",Africa makes geo-strategic gains with closer Russia ties
"07:30, 25-Jul-2022",Albania's new president urges political unity
"15:47, 25-Jul-2022",Barcelona president reveals sensational plan to bring back Lionel Messi
"08:31, 25-Jul-2022",Denmark's Jonas Vingegaard wins Tour de France
"12:41, 25-Jul-2022",Droupadi Murmu sworn in as India's first tribal president
"17:10, 25-Jul-2022","Duplantis sets record, Team USA top World Athletics Championships medal table"
"16:46, 25-Jul-2022",Fast-moving wildfire forces thousands to evacuate in California
"16:07, 25-Jul-2022",Iran will keep IAEA cameras turned off until nuclear deal is restored
"18:23, 25-Jul-2022",First monkeypox case confirmed in Japan
"07:34, 25-Jul-2022",Kuwaiti emir appoints new PM
"10:33, 25-Jul-2022",Lavrov reassures Egypt over Russian grain supplies in Cairo visit
"21:58, 25-Jul-2022",M5.5 quake hits southwest of Ecuador's San Gabriel: USGS
"20:51, 25-Jul-2022",MOFA: U.S. ICE surveillance scandal might be 'tip of iceberg'
"07:47, 25-Jul-2022","2 killed, 5 injured in park shooting in Los Angeles"
"08:26, 25-Jul-2022",Nigeria's Amusan breaks 100 meters hurdles world record
"16:00, 25-Jul-2022",Philippine President Marcos Jr delivers first State of Nation Address
"19:37, 25-Jul-2022",Pictures: Highlights of Tour de France 2022
"22:05, 25-Jul-2022","3 dead, including gunman, in Canada shooting"
"08:28, 25-Jul-2022",Sri Lanka's presidential office reopens
"13:03, 25-Jul-2022",Voting starts in Tunisia for constitutional changes
"15:57, 25-Jul-2022",Xi Jinping extends congratulations to new Indian president
"17:58, 26-Jul-2022",Analyst: A result of Ukraine conflict raises cost of living in Europe
"17:45, 26-Jul-2022",5 anti-UN protesters killed in eastern DR Congo city
"14:32, 26-Jul-2022",At least 18 killed in heavy rain in Pakistan
"14:42, 26-Jul-2022",World's new commercial aviation staff in 20 years predicted to be 2.1m
"14:59, 26-Jul-2022","Building Lives Ep. 11: Fresher Water, Better Life"
"07:44, 26-Jul-2022",Bus crash kills 9 in Ecuador's capital
"17:24, 26-Jul-2022",VP of China's athletics assoc. pleased with athletes' performance at WCH 2022
"18:22, 26-Jul-2022","China, Indonesia agree to conduct in-depth, high-quality cooperation: statement"
"16:07, 26-Jul-2022",Chinese FM to attend meeting of SCO Council of Foreign Ministers
"14:59, 26-Jul-2022","Chinese, Lao militaries launch 'Peace Train-2022' joint medical drill"
"16:41, 26-Jul-2022",Coach Du Feng on China's difficulties at 2022 FIBA Asia Cup
"18:04, 26-Jul-2022",EU countries agree to cut gas demand by 15% over Russia supply fears
"07:17, 26-Jul-2022",Tunisia's constitutional referendum sees about 27% turnout
"07:34, 26-Jul-2022",Firefighters start to control California wildfire near Yosemite
"13:24, 26-Jul-2022",Former Japanese Emperor Akihito diagnosed with heart failure: Kyodo
"13:43, 26-Jul-2022",Former Sri Lankan President Rajapaksa to return to his country
"13:29, 26-Jul-2022",French president lands in Cameroon on first stop of Africa tour
"15:33, 26-Jul-2022",How did you spend your first paycheck? 
"21:00, 26-Jul-2022",IMF cuts 2022 global growth forecast
"21:39, 26-Jul-2022",Japan win EAFF E-1 Football Championship women's title at home
"22:03, 26-Jul-2022",Most known monkeypox cases in the world are in U.S.: CDC
"18:17, 26-Jul-2022",Old bomb kills 13 scrap scavengers in northeast Nigeria
"11:53, 26-Jul-2022",Over 14 million children in U.S. infected with COVID-19
"17:58, 26-Jul-2022",Over 20 die after drinking illicit liquor in western India
"19:18, 26-Jul-2022","China, Indonesia vow to foster a community with a shared future"
"12:30, 26-Jul-2022",Residents allowed to return home temporarily after Sakurajima eruption
"13:28, 26-Jul-2022",Russia's Gazprom says will halt another Nord Stream 1 turbine
"17:06, 26-Jul-2022",South Korea's economic growth unexpectedly speeds up in Q2 
"18:18, 26-Jul-2022",Strike-hit Lufthansa to cancel nearly all flights in Germany
"07:55, 26-Jul-2022","Tesla raises spending plan, discloses new subpoena on Musk's 2018 tweet"
"14:48, 26-Jul-2022",The Race Gap in the U.S.: When we don't understand our history
"16:15, 26-Jul-2022","U.S., Taliban make progress on Afghan reserves, but big gaps remain"
"16:47, 26-Jul-2022",U.S. becomes top LNG exporter in H1 2022 amid Ukraine crisis
"22:14, 26-Jul-2022",U.S. has 'very narrow path' to avoid recession: IMF
"20:36, 26-Jul-2022",U.S. natural gas futures hit 14-year high
"11:47, 26-Jul-2022",Ukraine says Russia launched missile attack on south Ukraine
"23:11, 26-Jul-2022",Widodo's trip to China shows growing bilateral ties: Wang Yi
"00:27, 23-Jul-2022","Biden improving as mild COVID symptoms persist, White House says"
"01:15, 23-Jul-2022",Heatwave in Europe underscores need for effective action to combat climate change: WHO
"01:46, 23-Jul-2022",Iran says ready to begin normalization talks on 'political level' with Saudi Arabia
"00:45, 23-Jul-2022",Russia imposes restrictions on diplomatic missions of five European countries
"02:30, 23-Jul-2022",U.S. releases $270 million in military aid to Ukraine
"01:03, 23-Jul-2022",UK calls new EU legal proceedings over N. Ireland 'disappointing'
"00:31, 23-Jul-2022",Volkswagen CEO Diess to step down: statement
"01:00, 24-Jul-2022","Biden's physician releases latest update on his COVID-19 symptoms, treatment"
"02:24, 24-Jul-2022",Iran says it detains Israel-linked network planning sabotage
"02:29, 24-Jul-2022","Strong quakes jolt southern Iran, rescuers scour area"
"02:28, 24-Jul-2022",Türkiye summons Swedish charges d'affaires: diplomatic sources 
"01:29, 25-Jul-2022",Egypt reaffirms support for diplomatic solution to Ukraine conflict
"00:01, 25-Jul-2022",Kenya resumes khat exports to Somalia
"02:24, 25-Jul-2022",At least 33 dead in bus accident in central Kenya
"02:22, 25-Jul-2022",Somali president embarks on tour of Egypt
"02:07, 26-Jul-2022",Africa CDC welcomes classification of monkeypox as a global public health emergency of international concern
"00:41, 26-Jul-2022",Egypt's President el-Sisi hosts Somalia President Mohamud for bilateral talks
"02:00, 26-Jul-2022",IATA welcomes progress towards net-zero aviation carbon emissions
"00:51, 26-Jul-2022",Kenya's transport authority suspends bus company after deadly accident
"01:04, 26-Jul-2022",UN mission visits South Sudan region rattled by deadly raid that killed over 230 people
"02:10, 26-Jul-2022","Zimbabwe begins relocation of over 2,600 wild animals as drought worsens"
"01:03, 27-Jul-2022",At least 10 people killed in Tanzanian school bus crash
"02:00, 27-Jul-2022",Namibian President urges more efforts towards clean energy in Africa
"01:55, 27-Jul-2022",Uganda will continue trading with Russia: president
"19:57, 25-Jul-2022","Ukraine conflict – day 152: Ukraine grain ships may move soon, says UN"
"01:39, 26-Jul-2022",Dried up lakes now tinderboxes as drought and heatwaves impact Hungary
"00:11, 26-Jul-2022","Gazprom halts second Nordstream turbine, reducing gas flow to Europe"
"00:04, 26-Jul-2022",What do the candidates for UK prime minister say about China?
"06:22, 23-Jul-2022",Exclusive: Taliban official discusses Afghanistan's future 
"05:44, 24-Jul-2022","California's Oak fire burns down homes, more than 6,000 acres "
"05:43, 24-Jul-2022",Celebrating 60 years of Spider-Man at the Comic-Con Museum
"05:43, 24-Jul-2022",Cubans restore coral reefs
"05:44, 24-Jul-2022",Monkeypox declared a 'global emergency' by World Health Organization 
"01:25, 25-Jul-2022",History of “Kuliang” builds friendships between American and Chinese people from the past to the present
"04:08, 26-Jul-2022",2022 Trafficking in Persons report released
"04:07, 26-Jul-2022",Brazil’s presidential candidates launch campaigns
"04:08, 26-Jul-2022","Extreme heat causes wildfires, health concerns across U.S."
"04:08, 26-Jul-2022",One month since U.S. Supreme Court overturned Roe vs Wade
"02:42, 27-Jul-2022",'Gloomy and more uncertain' GDP forecast
"06:26, 27-Jul-2022",Biden presses for computer chips legislation
"04:03, 27-Jul-2022",Is the U.S. fully prepared for a Monkeypox outbreak?
"05:34, 27-Jul-2022",Uvalde families still frustrated by lack of progress
