﻿"23:01, 17-Aug-2022",China briefs on achievements and measures on ethnic unity and progress in the past decade
"13:04, 18-Aug-2022",29 defendants in Hong Kong plead guilty to subversion
"10:30, 18-Aug-2022",Death toll rises to 23 in flash flood in NW China's Qinghai
"14:16, 18-Aug-2022","Chinese ambassador calls on U.S., UK to handle ties with China by showing respect"
"21:11, 18-Aug-2022",Graphics: China-Europe freight train injects vitality into global recovery
"15:54, 18-Aug-2022",China: U.S. bill to boost chips distorts global supply chains
"15:29, 18-Aug-2022","China allocates 420m yuan to support flood, drought relief"
"19:28, 18-Aug-2022",China rations power amid record-high heat wave
"15:52, 18-Aug-2022",China resolutely opposes U.S. trade talks with Taiwan region
"22:23, 18-Aug-2022",China's Sichuan takes steps to ensure power supply amid record heat wave
"10:30, 18-Aug-2022",China's largest container-like computing facility connects to network
"14:46, 18-Aug-2022",Chinese culture themed conference held in Beijing
"09:22, 18-Aug-2022",Chinese mainland records 682 new confirmed COVID-19 cases
"16:48, 18-Aug-2022","Chongqing in SW China hits 45 C, a record high temperature"
"18:20, 18-Aug-2022","Cincinnati Open: China's Zhang Shuai into last 16, Nadal loses on return"
"09:13, 18-Aug-2022","Coexistence, cooperation, the only right choice for China-Japan ties: Yang Jiechi"
"12:18, 18-Aug-2022",Beijing Int'l Film Festival: Director Lucrecia Martel on Argentina-China cultural exchange 
"18:32, 18-Aug-2022",Painting by Chinese artist Huang Zhou inspires future generations
"18:25, 18-Aug-2022",Skiing and curling robots shine at World Robot Conference
"19:51, 18-Aug-2022",Wang Shuang scores first goal for Racing Louisville
"20:56, 18-Aug-2022",Wildfire reignites in SW China's Chongqing amid record heatwave
"09:40, 18-Aug-2022",China highlights revitalizing northeast in drive for common prosperity
"16:29, 19-Aug-2022",A path to war with China isn't in U.S. interest: American peace activist
"19:50, 19-Aug-2022",China and India have wisdom to 'help each other succeed': spokesperson
"19:46, 19-Aug-2022",China always supports firms seeking overseas listings: cyber regulator
"23:24, 19-Aug-2022",China appreciates France's adherence to one-China policy: Wang Yi
"17:15, 19-Aug-2022",China assembles world's largest plexiglass structure to detect neutrinos
"14:27, 19-Aug-2022",China denounces 'Chinese debt trap' accusation as a lie
"22:08, 19-Aug-2022",China in past decade: Five major achievements of its internet development
"16:15, 19-Aug-2022",China's Doctors' Day: How technology helps doctors and patients
"09:25, 19-Aug-2022",China's IDM enterprises confident of achieving chip self-sufficiency
"19:35, 19-Aug-2022",China's Olympic champion Gao Tingyu wants to be an iconic speed skater
"11:28, 19-Aug-2022",China sets up working group to advance talks on joining DEPA
"20:09, 19-Aug-2022",China urges U.S. not to miscalculate its resolve to defend sovereignty
"15:03, 19-Aug-2022",Chinese court fines conglomerate Tomorrow Holding $8.09 billion
"09:34, 19-Aug-2022",Chinese mainland records 603 new confirmed COVID-19 cases
"14:07, 19-Aug-2022",Continuous heatwaves cause cutoffs in 66 rivers in Chongqing 
"11:01, 19-Aug-2022",Drought shrinks China's largest freshwater lake by 75 percent
"16:29, 19-Aug-2022",Historic achievements made in assistance to Tibet: official
"18:05, 19-Aug-2022",Increased policy support gives impetus to China's metaverse film sector
"14:28, 19-Aug-2022",Maiden flight of China's newest 'Rainbow'-4 unmanned aerial vehicle
"15:53, 19-Aug-2022",China's State Council to establish new system to lead work on birth policy
"20:42, 19-Aug-2022",Xi extends congratulations to World Vocational and Technical Education Development Conference
"12:59, 19-Aug-2022",COVID-19 epidemic: Xinjiang takes measures to help stranded tourists
"10:58, 19-Aug-2022",China's Zhang Shuai stuns World No. 2 Kontaveit to scale new heights in Cincinnati
"10:15, 20-Aug-2022",Baby panda and mother spotted three times in same place in four years
"23:14, 20-Aug-2022",Beijing International Film Festival closed on Saturday 
"20:27, 20-Aug-2022","Global Political Calendar: China-proposed security briefing at UN, China-ROK ties at 30"
"07:54, 20-Aug-2022",Charm of dance visualized at Beijing Intl. Dance Video Festival
"07:49, 20-Aug-2022",China launches new remote sensing satellite group
"22:58, 20-Aug-2022",China's Mengtian lab module slated to launch to space station in October
"09:23, 20-Aug-2022",Chinese mainland records 639 new confirmed COVID-19 cases
"23:22, 20-Aug-2022",Tour with CGTN: Cool robots at 2022 World Robot Conference
"13:14, 20-Aug-2022",New baby care rooms spring up in public spaces across China
"14:12, 20-Aug-2022",Six secessionist group members in Hong Kong plead guilty to subversion: Hong Kong court
"19:53, 20-Aug-2022",World's 1st Hualong-1 nuclear power units operating smoothly in SE China
"17:51, 20-Aug-2022",Zeng Fanbo on joining CBA: I want to turn pressure into energy
"17:31, 21-Aug-2022",Chen Yufei wants to keep her head clear before BWF World Championships
"19:13, 21-Aug-2022","China Weekly News Quiz: August 14-21, 2022"
"22:30, 21-Aug-2022",China begins mass production of its Hualong-1 nuclear power units
"16:21, 21-Aug-2022",China sweep South Korea 3-0 in AVC Women's Cup opener
"20:24, 21-Aug-2022",China takes steps to secure autumn grain harvest amid record heat wave
"09:15, 21-Aug-2022",Chinese mainland records 602 new confirmed COVID-19 cases
"07:04, 21-Aug-2022",Death toll rises to 26 after flash flood in NW China's Qinghai
"11:41, 21-Aug-2022",Exoskeletons enhance body functions for a promising human-robotics shared future
"13:00, 21-Aug-2022",Heat wave: China's FengYun satellites monitor for extreme weather
"17:26, 21-Aug-2022",Highlights of the 12th Beijing International Film Festival
"14:10, 21-Aug-2022",Northern Xinjiang sees bumper crop of corn silage
"15:48, 21-Aug-2022",Reservoirs replenish water supply along drought-hit Yangtze River
"16:16, 21-Aug-2022",China space station: Shenzhou-14 crew installs new life support subsystem
"18:12, 21-Aug-2022",Shi Yuqi thirsty for men's singles title at BWF World Championships
"21:37, 22-Aug-2022",Airbus bullish on sustained growth prospects in China
"14:13, 22-Aug-2022",China begins first shipment of high-speed trains to Indonesia
"09:39, 22-Aug-2022",China cuts benchmark lending rate: PBOC
"23:03, 22-Aug-2022",China is building world's first commercial land-based SMR
"16:24, 22-Aug-2022",China leads to draft first global standard of new energy power system 
"22:04, 22-Aug-2022",China makes serious démarches over U.S. official's visit to Taiwan region
"12:24, 22-Aug-2022",China says U.S. ambassador's Taiwan remarks 'expose hegemonic logic'
"18:39, 22-Aug-2022",China takes diverse measures to battle unprecedented heatwave
"20:31, 22-Aug-2022","Chinese animation, with a future in sight"
"09:14, 22-Aug-2022",Chinese mainland records 427 new confirmed COVID-19 cases
"22:08, 22-Aug-2022",DPP authorities sabotaging cross-Strait exchanges: mainland spokesperson
"22:06, 22-Aug-2022",Macao SAR seeks public consultation on amendment to law on safeguarding national security
"08:40, 22-Aug-2022",Modern Yellow River began forming 1.25 million years ago: study
"11:27, 22-Aug-2022",Three scientists win China's 2022 Future Science Prize
"11:13, 22-Aug-2022","U.S. attempts to use Taiwan question to contain China doomed to fail, Pakistani analysts say"
"19:40, 22-Aug-2022",Xi Jinping sends message of sympathy to Kishida over COVID-19 infection
"14:51, 23-Aug-2022",Animals in solar terms: Chushu
"13:00, 23-Aug-2022",Badminton: China's Shi Yuqi wins first match in 10 months on return 
"22:20, 23-Aug-2022",China beat Philippines 3-0 for third straight win at AVC Cup
"16:03, 23-Aug-2022",China issued blue alert for Typhoon Ma-on today
"14:51, 23-Aug-2022",China's central bank urges steady credit growth
"08:24, 23-Aug-2022",China's space tracking ship sails for new monitoring missions
"20:31, 23-Aug-2022",China's vaccine regulator attains new maturity rank from WHO
"11:30, 23-Aug-2022",China successfully launches satellite atop Kuaizhou-1A carrier rocket
"18:21, 23-Aug-2022","Respect for sovereignty, territorial integrity foundation of common security - Chinese envoy"
"09:17, 23-Aug-2022",Chinese mainland records 382 new confirmed COVID-19 cases
"17:10, 23-Aug-2022","Chinese regulator summons ride-hailing platforms, urges rectification"
"19:26, 23-Aug-2022",Graphics: Cooperation under 30 years of China-ROK diplomatic ties
"21:57, 23-Aug-2022",NEVs driving China's auto exports into new markets
"12:50, 24-Aug-2022",[Full Episode] BizTalk: Multinationals in China
"10:18, 24-Aug-2022",Badminton World Championships: Chinese shuttlers keep good form
"23:05, 24-Aug-2022","China, ROK hail significance of joint report on future development of ties"
"23:52, 24-Aug-2022",China Space Station: How to avoid being hurt by the sun
"18:08, 24-Aug-2022",China launches Beijing-3B satellite
"18:07, 24-Aug-2022",China pushing negotiations on post-2020 global biodiversity framework
"23:19, 24-Aug-2022","China's cultural, tourism industries thrived over the past 10 years: official"
"21:45, 24-Aug-2022",China takes more steps to support economy amid record heatwaves and drought
"17:57, 24-Aug-2022",China to provide more humanitarian aid over deadly Pakistan floods
"12:27, 24-Aug-2022",China urges targeted measures to secure autumn harvest amid heatwaves
"09:20, 24-Aug-2022",Chinese mainland records 413 new confirmed COVID-19 cases
"19:06, 24-Aug-2022",Everyone knows there is only one China: Former Croatian Deputy PM
"22:04, 24-Aug-2022",Expert: Solar power supply to go up as temperatures fall
"20:06, 24-Aug-2022","Xi Jinping, Yoon Suk-yeol exchange congratulations on 30th anniversary of China-South Korea diplomatic ties"
"18:41, 24-Aug-2022","Private Western lenders create most of African debt burden, report shows"
"18:29, 24-Aug-2022",Smart China Expo 2022: Digital technologies advance economy and life
"09:01, 24-Aug-2022",Summer in Beijing Series | Episode 3: Summer Palace
"21:44, 24-Aug-2022",Taiwan belongs to China and Taiwan question is China's internal affair: Chinese Defense Minister
"11:17, 24-Aug-2022",Taking the China-South Korea relationship forward
"08:53, 24-Aug-2022",How and why fathers in China are sharing more childcare duties than before
"18:23, 24-Aug-2022","China's YY-20, J-20 and J-16 aircraft shown in picture for first time"
"08:41, 25-Aug-2022",'Looking into China': Syrian Zein: Living in China is a wonderful experience
"22:29, 25-Aug-2022",China: Army pursues Global Security Initiative and world peace
"17:50, 25-Aug-2022","China, ROK to join hands for the next 30 years: Li Keqiang"
"18:07, 25-Aug-2022",China advances in medical science and technological innovation
"21:41, 25-Aug-2022",Spokesperson denounces DPP's attempts to pursue 'Taiwan independence' by soliciting external support
"21:15, 25-Aug-2022",China holds peacekeeping forum for collective efforts
"16:49, 25-Aug-2022",China pledges to prioritize creating jobs amid elevated challenges
"13:13, 25-Aug-2022",China's Jiangxi ups emergency response amid persistent drought
"09:54, 25-Aug-2022",China's offshore undersea detection system passes sea trial
"09:50, 25-Aug-2022",Chinese envoy warns of dangers of new Cold War
"09:10, 25-Aug-2022",Chinese mainland records 390 new confirmed COVID-19 cases
"10:22, 25-Aug-2022","Despite differences, China and ROK respect each other: Wang Yi"
"20:37, 25-Aug-2022","Expert: U.S. ""friend-shoring"" policy disrupts free trade"
"20:08, 25-Aug-2022",Full text: Some facts about Pelosi's visit to China's Taiwan region 
"14:56, 25-Aug-2022",Largest animal-shaped bronze mythical beast unearthed at Sanxingdui
"18:36, 25-Aug-2022",Chinese mainland's countermeasures against 'Taiwan independence' acts of justice: official
"14:19, 25-Aug-2022",More than 10 Chinese cities allow commercial trials of autonomous cars
"14:16, 25-Aug-2022",Portrait of an oil painting maestro
"13:07, 25-Aug-2022","Snow leopard population in China's Qinghai estimated at 1,200"
"10:46, 25-Aug-2022",Typhoon Ma-on makes landfall in S China
"17:07, 25-Aug-2022","Xi Jinping calls on Chinese, African media to better tell stories about bilateral cooperation"
"20:13, 25-Aug-2022",Xinhua releases list of facts about Pelosi's Taiwan visit to refute U.S. disinformation
"19:31, 26-Aug-2022", China-Russia video exchange broadcasting event kicks off in Beijing
"11:48, 26-Aug-2022", Yellow River's magnificent Hukou Waterfall swells
"11:33, 26-Aug-2022","2,022 drones perform at Changchun Air Show, light up NE China night sky"
"15:47, 26-Aug-2022",9th batch of remains of CPV martyrs to return home in mid-September 
"14:40, 26-Aug-2022","China Space Station: Plasma detector, a watcher on Wentian lab module"
"17:00, 26-Aug-2022",China calls for action to settle Israeli-Palestinian conflict
"11:30, 26-Aug-2022",China completes first test flight of reusable sub-orbital vehicle
"19:26, 26-Aug-2022",China's coach praises Zhou Qi's contributions to win over Kazakhstan
"15:21, 26-Aug-2022",China's early-season rice output edges up 0.4% in 2022
"13:41, 26-Aug-2022",China's high-quality development on veterans affairs in new era
"22:42, 26-Aug-2022",China slams U.S. senator's visit to the Taiwan region
"09:22, 26-Aug-2022",Chinese mainland records 312 new confirmed COVID-19 cases
"11:55, 26-Aug-2022",IAG-2022: China's PLA wins 'Safe Route' contest relay race
"18:19, 26-Aug-2022",Chinese mainland stands ready to help overseas Taiwan compatriots: official
"22:31, 26-Aug-2022",Make it rain: How does cloud seeding work?
"18:39, 26-Aug-2022",PLA Eastern Theater Command conducts live-fire joint exercises around Taiwan Island 
"11:42, 26-Aug-2022",Portrait of an oil painting maestro
"17:30, 26-Aug-2022",Southern China is cooling down as more rain expected in north
"21:39, 26-Aug-2022",Stronger China-Africa supply chains deliver economic benefits
"09:50, 26-Aug-2022",Summer in Beijing Series | Episode 5: Beihai Park
"07:50, 26-Aug-2022",Tales of chips: Tech monopolies are forcing people to look for open alternatives
"11:57, 26-Aug-2022",This is China's tallest vehicle assembly building
"21:22, 26-Aug-2022","China's Tibet, Xinjiang see improved medical services with aid from other areas"
"10:11, 26-Aug-2022",U.S. Transportation Department suspends 26 China-bound flights
"19:17, 26-Aug-2022",Xi Jinping encourages foreign experts to contribute more to exchanges between China and others
"04:02, 19-Aug-2022",Chinese FM makes proposal on building China-Africa community with shared future
"02:10, 20-Aug-2022",“The world is big enough for China and the U.S. ”Chinese Ambassador Qin Gang's interview with Al-Jazeera
"07:16, 23-Aug-2022",OPINION: Why is U.S. fighting a losing battle by visiting Taiwan?
"03:36, 23-Aug-2022",See how China is fighting an unprecedented heatwave
"06:09, 24-Aug-2022",Global droughts kneecap world’s largest economies
