﻿"18:31, 28-Mar-2022",Delegation representing ROK's president-elect to visit U.S. in early April
"13:45, 29-Mar-2022",2 workers killed in South Korean waste disposal facility explosion
"20:23, 29-Mar-2022",Bernal back on the bike two months after horror crash
"18:16, 29-Mar-2022",Brazil's Bolsonaro discharged from hospital: report
"15:45, 29-Mar-2022",China lodges representations with Australia over repatriated students
"14:27, 29-Mar-2022",Companies team up in Indonesia for sustainable EV battery nickel
"19:38, 29-Mar-2022",DR Congo joins regional East Africa bloc
"17:53, 29-Mar-2022",Explainer: Omicron 'stealth' COVID-19 variant BA.2 now dominant globally
"17:39, 29-Mar-2022",Fitch withdraws Russian banks' ratings
"18:29, 29-Mar-2022",Google fined €2 million as it loses French app store case
"14:07, 29-Mar-2022","Military chiefs of South Korea, U.S., and Japan to meet in Hawaii"
"21:11, 29-Mar-2022",NBA highlights: Pascal Siakam nets 40 in Raptors' OT win over Celtics
"14:37, 29-Mar-2022","Study finds racial, economic disparities in COVID-19 testing at U.S. homes"
"19:52, 29-Mar-2022","Russia to 'significantly reduce' military activities near Kyiv, Chernihiv"
"16:40, 29-Mar-2022","Talks between heads of Russian, Ukrainian delegations end"
"16:41, 29-Mar-2022",UK police to issue first 20 fines over lockdown gatherings at Downing Street
"21:06, 29-Mar-2022",UN helicopter crashes in DR Congo
"23:21, 29-Mar-2022",Wang Yi: China 'deeply regrets' that Ukraine crisis is still ongoing
"23:25, 29-Mar-2022",Wang Yi: Sanctions not an effective way to solve problems
"18:11, 30-Mar-2022","3 killed, 2 injured from mudslide in Afghanistan's Wardak province"
"07:02, 30-Mar-2022","5 killed in shooting spree outside Israel's Tel Aviv, police alert raised to 'highest'"
"07:20, 30-Mar-2022",8 UN peacekeepers killed as helicopter crashes in DR Congo
"22:06, 30-Mar-2022",At least 6 Pakistani soldiers killed in local Taliban attack: report
"07:10, 30-Mar-2022",Biden signs bill making lynching federal hate crime
"21:27, 30-Mar-2022","Blast kills 1, wounds another in N Afghanistan"
"15:25, 30-Mar-2022",China-EU summit to be held virtually on April 1
"22:56, 30-Mar-2022",China voices strong opposition to UK's decision to pull HK judges
"09:44, 30-Mar-2022",Chinese envoy warns of consequences of indiscriminate sanctions over Ukraine conflict
"19:30, 30-Mar-2022",Crew aboard Russia's Soyuz MS-19 returns to Earth
"20:06, 30-Mar-2022","Eriksen scores on return to Copenhagen stadium, Ibrahimovic to play 'as long as possible'"
"11:54, 30-Mar-2022",China's Wang Yi hails high-level strategic coordination with Pakistan
"12:53, 30-Mar-2022",China-Russia ties withstand test of changing international situation: Wang Yi
"20:29, 30-Mar-2022",German inflation hits post-reunification high at 7.3% in March: data
"20:58, 30-Mar-2022",Golf legend Ochoa inducted into LPGA Hall of Fame after rule change
"15:53, 30-Mar-2022",Gulf states hold Yemen talks despite Houthi boycott
"20:09, 30-Mar-2022",Lavrov: Russia to increase partnership with Iran in all areas
"09:24, 30-Mar-2022",Lavrov arrives in China for FMs meeting on Afghanistan
"21:06, 30-Mar-2022",Parliament fails for third time to elect Iraqi president
"18:21, 30-Mar-2022",Polling: Can Macron's firebrand rivals win the French presidency?
"07:13, 30-Mar-2022","Putin, Macron discuss situation in Ukraine over phone"
"15:33, 30-Mar-2022",Russia's Soyuz MS-19 separates from International Space Station
"22:21, 30-Mar-2022",Russia-Ukraine conflict: Kremlin says Russia won't demand immediate switch to gas payments in rubles
"17:47, 30-Mar-2022",Russian Foreign Minister Lavrov to visit India on Thursday
"20:48, 30-Mar-2022",Lavrov: Russia satisfied with Istanbul negotiations
"07:12, 30-Mar-2022",Saudi-led coalition announces Yemen ceasefire from Wednesday
"13:22, 30-Mar-2022","Soyuz MS-19 to bring 2 Russian cosmonauts, 1 U.S. astronaut home from orbit"
"15:25, 30-Mar-2022",Spanish inflation hits 37-year high of 9.8%
"13:10, 30-Mar-2022",Sri Lanka imposes 10-hour power cuts daily amid fuel shortage
"19:38, 30-Mar-2022",Tunisian parliament to defy president with full session
"06:54, 30-Mar-2022",U.S. COVID-19 cases surpass 80 million: Johns Hopkins University
"22:24, 30-Mar-2022",U.S. issues Iran-related sanctions 
"09:12, 30-Mar-2022","UN urges for urgent action to protect South Sudanese from flooding, displacement"
"14:26, 31-Mar-2022",18 injured in bus-truck collision in Afghanistan
"20:46, 31-Mar-2022",2 Palestinians killed by Israeli soldiers in northern West Bank
"21:50, 31-Mar-2022",Ambush on militia in Ethiopia's Oromiya region kills 26
"16:42, 31-Mar-2022",Armenian PM says will meet Azerbaijani President in Belgium on April 6
"09:41, 31-Mar-2022",Biden administration weighs massive oil reserve drawdown
"23:17, 31-Mar-2022",CGTN Sports Talk: 29 teams qualified for 2022 FIFA World Cup
"18:09, 31-Mar-2022","China, Solomon Islands sign deal on security cooperation framework"
"17:05, 31-Mar-2022",Report: China lifts 800 million out of poverty in 40 years
"09:21, 31-Mar-2022","Wang Yi: Neighbors should support Afghanistan's independence, prosperity"
"21:47, 31-Mar-2022",China's football team coach: We're not good enough for World Cup
"15:37, 31-Mar-2022",China to adopt reciprocal visa sanctions on U.S. officials
"15:40, 31-Mar-2022",China urges U.S. to stop politicizing economic and trade issues
"15:53, 31-Mar-2022",Chinese FM holds press conference on Afghan issue
"12:32, 31-Mar-2022","Women's El Clasico breaks world attendance record as 91,553 see Barcelona thrash Real Madrid"
"17:15, 31-Mar-2022","China, Iran agree to strengthen counter-terrorism cooperation"
"22:03, 31-Mar-2022",Guterres urges donors to give unconditional funds for Afghanistan aid
"08:41, 31-Mar-2022",Hubble telescope spots most distant star ever seen
"14:28, 31-Mar-2022",Iran slams new U.S. sanctions as proof of 'pressure on Iranian people’
"14:05, 31-Mar-2022","M7.2 quake hits Tadine, New Caledonia: USGS"
"12:47, 31-Mar-2022","Mexico, USA clinch 2022 Qatar World Cup berths"
"20:24, 31-Mar-2022",NATO defense spending increases for 7th consecutive year
"19:57, 31-Mar-2022",NBA highlights on March 30: Celtics lose due to serial bad decisions
"17:13, 31-Mar-2022","Omicron pushes U.S. COVID-19 cases, deaths to record highs"
"22:46, 31-Mar-2022",Police operation underway after man armed with rifle seen near Lille station
"15:22, 31-Mar-2022",Power cuts in Sri Lanka could continue into May: minister
"22:04, 31-Mar-2022","Presidents of Russia, Azerbaijan, Armenia hold phone talks"
"09:42, 31-Mar-2022",Putin tells Scholz gas payments can continue in euros: Berlin
"22:32, 31-Mar-2022",Road accident in Brazil leaves 10 dead
"14:35, 31-Mar-2022","Tennis: Ruud upsets Zverev, Swiatek marches into Miami semis "
"13:31, 31-Mar-2022",Trudeau visits indigenous community that found unmarked graves
"07:32, 31-Mar-2022",Tunisian president dissolves parliament after 8-month suspension
"22:15, 31-Mar-2022","U.S., UK expand sanctions against Russia"
"18:52, 31-Mar-2022","China, Tajikistan vow to deepen joint building of the Belt and Road"
"12:30, 31-Mar-2022",World's largest base debuts Boeing small satellite production facility
"10:02, 31-Mar-2022",Xi Jinping delivers written remarks to 3rd meeting of foreign ministers of Afghanistan's neighbors
"12:42, 01-Apr-2022", Putin gives Europe two options: pay in rubles or no Russian gas
"20:50, 01-Apr-2022", Russian FM Lavrov meets with Indian PM Modi
"15:32, 01-Apr-2022",8 dead in Serbia coal mine accident: report
"13:13, 01-Apr-2022","3 dead, 1 seriously injured after trainer fighter jet crashes in South Korea"
"19:22, 01-Apr-2022",Biden's $5.8 trillion budget won't let go of China
"18:30, 01-Apr-2022",At least 7 dead after 2 explosions hit Afghanistan
"12:06, 01-Apr-2022","China, Indonesia vow to promote ASEAN Outlook on the Indo-Pacific"
"10:49, 01-Apr-2022",Wang Yi: Afghan interim government should make efforts towards diplomatic recognition
"19:02, 01-Apr-2022","Premier Li: A stable China-EU relationship crucial to world's peace, stability"
"17:13, 01-Apr-2022","Eurozone inflation hits record high of 7.5%, not peaking yet"
"12:17, 01-Apr-2022",FIFA to scrap radical biennial World Cup plans after furious backlash
"11:20, 01-Apr-2022",How American financial capital profits from chaos and wars 
"18:26, 01-Apr-2022",ICYMI: The week's quirky news from around the world
"22:48, 01-Apr-2022","IEA states agree on coordinated oil release, details forthcoming: Japan"
"22:16, 01-Apr-2022",Iconic Chinese products of China-EU Landmark Geographical Indications Agreement
"20:15, 01-Apr-2022","Indonesia, Malaysia sign agreement on protection of migrant workers"
"20:32, 01-Apr-2022",Israel and UAE finalize free trade deal
"14:31, 01-Apr-2022",Italy does not expect supplies of Russian gas to be cut off
"19:37, 01-Apr-2022","Japan lowers legal age of adulthood to 18, a response to its rapidly aging and shrinking population"
"10:19, 01-Apr-2022",Japan to expand sanctions against DPRK over missile development
"22:22, 01-Apr-2022",Jen Psaki plans to leave White House: media
"14:59, 01-Apr-2022",Pakistani PM rejected calls for him to resign
"09:51, 01-Apr-2022",Researchers publish first complete sequence of human genome
"18:40, 01-Apr-2022","Russia, Ukraine talks resume online on Friday"
"11:44, 01-Apr-2022",Studies show 'hybrid immunity' gives best COVID-19 protection
"18:02, 01-Apr-2022",Tunxi meeting takeaways: Putting Afghanistan on the path of recovery
"22:23, 01-Apr-2022",U.S. imposes DPRK-related sanctions
"09:57, 01-Apr-2022",U.S. to launch first private astronaut mission to space station
"14:30, 01-Apr-2022",Ukraine says Russian troops withdrawn from Chernobyl
"23:10, 01-Apr-2022",WHO: COVID-19 variant 'XE' appears 10% more contagious than Omicron BA.2
"09:07, 01-Apr-2022",Wang Yi reiterates China's consistent stance on Ukraine issue
"21:12, 01-Apr-2022",What have China and EU achieved on trade?
"23:06, 01-Apr-2022","Yemen govt to help with release of prisoners, open Sanaa airport in truce moves"
"07:39, 02-Apr-2022",Erdogan to Israel's Herzog: synergy in energy mutually beneficial
"07:23, 02-Apr-2022",IAEA chief to head mission to Ukraine's Chernobyl nuclear power plant
"07:18, 02-Apr-2022",UN: Yemen's warring parties agree to two-month truce starting Saturday
"02:21, 30-Mar-2022",At least 8 passengers killed in Nigerian train attack
"02:07, 30-Mar-2022",Burundi president outlines food security plan to FAO chief
"00:12, 30-Mar-2022","COVID-19 has disrupted Africa's fight against TB, WHO says"
"02:22, 30-Mar-2022",Egypt counts on France to secure wheat supplies amid Ukrainian crisis: PM
"02:27, 30-Mar-2022",South Sudan leader vows to implement peace deal despite hitches
"00:26, 30-Mar-2022",Zimbabwe lifts mandatory COVID-19 tests for travelers into the country
"01:19, 31-Mar-2022","Biden, Zelenskyy hold telephone talks over Ukraine conflict"
"01:24, 31-Mar-2022","Egypt, Nigeria medicines regulators achieve WHO maturity level 3 statuses"
"01:19, 31-Mar-2022",Egypt's El-Sisi hosts Sudan's military leader in Cairo for talks
"01:32, 31-Mar-2022","Egyptian president vows support for efforts to hold Libyan presidential, parliamentary elections"
"02:15, 31-Mar-2022",German Chancellor did not agree with Putin on rouble energy payments -spokesperson
"01:32, 31-Mar-2022","Tunisian president, EU official discuss bilateral ties, EU support"
"01:53, 31-Mar-2022",U.S. imposes sanctions on Iran-based man for aiding ballistic missile program
"01:17, 01-Apr-2022",Biden orders unprecedented use of oil reserves to combat fuel prices
"03:01, 01-Apr-2022",Donors pledge $2.44 bln towards UN appeal for Afghan aid
"00:14, 01-Apr-2022",EU leadership sanctioned by Russia: ministry
"03:02, 01-Apr-2022","Egypt, Norway ink deals for producing, purchasing green hydrogen"
"00:33, 01-Apr-2022",OPEC+ sticks to modest oil output boost despite price hike
"00:28, 01-Apr-2022",Ukraine nuclear operator: Russian troops leave Chernobyl
"01:42, 02-Apr-2022","Chinese Embassy in the UK responds to Britain on ""Six-monthly Report on Hong Kong”"
"01:03, 02-Apr-2022","Developing story: Yemen parties agree two month truce, says UN"
"00:10, 02-Apr-2022",England's COVID-19 prevalence hits record high
"00:11, 02-Apr-2022",Joe Biden: 30 countries joining U.S. release of oil stockpiles
"00:44, 02-Apr-2022",Sri Lanka steps up security as anger over economic crisis boils over
"02:16, 02-Apr-2022",U.S. House of Representatives votes to legalize marijuana
"02:04, 02-Apr-2022",World Cup: African champions Senegal drawn alongside hosts Qatar
"22:59, 29-Mar-2022",Mass graves and secret prisons make life hell for migrants in Libya - UN report 
"20:24, 30-Mar-2022",Ukraine prays for peace as negotiations make slow progress while fighting continues
"01:38, 31-Mar-2022",Spain reveals $17.5bn plan to prevent economic crisis from Ukraine conflict
"01:30, 01-Apr-2022","1,000 stranded foreign sailors running out of food off Ukraine coast"
"01:43, 01-Apr-2022",OPEC sticks to modest oil output hike as price remains unstable
"19:47, 01-Apr-2022",UK understanding of China 'far too shallow'
"20:17, 01-Apr-2022","Ukraine conflict day 37: Fighting continues in Kyiv, Ukraine neither confirms nor denies fuel depot attack"
"06:14, 30-Mar-2022", Residents in Mariupol speak
"02:37, 30-Mar-2022",El Salvador sets in motion emergency decrees amid spate of violence
"04:05, 30-Mar-2022",Experts say Mexican authorities hid evidence in disappearance of 43
"06:14, 30-Mar-2022",What's inside Florida's “Parental Rights in Education” law?
"05:54, 31-Mar-2022",Are unions making a comeback?
"05:52, 31-Mar-2022",Dallas Federal Reserve warns of possible US housing bubble
"04:04, 31-Mar-2022",Facebook hired consultants to run anti-TikTok campaign
"05:51, 31-Mar-2022",Mexico struggles to deal with latest wave of violence
"03:04, 31-Mar-2022",Thousands of Brazilians face threat of eviction in economic downturn
"04:59, 01-Apr-2022",Feminism movements in Venezuela
"04:00, 01-Apr-2022",Muslim communities prepare for start of Ramadan
"06:20, 01-Apr-2022",New report finds Hollywood's diversity improves
"05:00, 01-Apr-2022",Rideshare drivers struggling with soaring gas prices
"05:00, 01-Apr-2022",The consequences of Florida's new abortion law 
"04:00, 01-Apr-2022",U.S. Homeland Security braces for migrant influx if Title 42 lifted
"06:39, 01-Apr-2022",Will the Western sanctions work as intended against Russia's economy?
"06:23, 02-Apr-2022",Feminism in Venezuela 
"06:05, 02-Apr-2022",Indigenous group patrols Ecuador's Amazon for miners
"01:17, 02-Apr-2022",READ: Chinese embassy in U.S. letter to Washington Post on Taiwan Op-Ed
"06:05, 02-Apr-2022",Rescue efforts save some abandoned animals from dying in Ukraine
"06:04, 02-Apr-2022",Sri Lanka declares state of emergency amid unrest over economic crisis
"02:07, 02-Apr-2022",U.S. State Dept. responds to CGTN on Extended Troika meeting on Afghanistan
