﻿"18:52, 02-May-2022",Apple hit with EU antitrust charge over payment technology
"17:59, 02-May-2022",Chinese shuttlers shine at Badminton Asia Championships 2022
"20:06, 02-May-2022",Emergency declared over fire in Russia's Krasnoyarsk
"15:51, 02-May-2022",M5.0 quake strikes off coast of Japan's Kyushu island
"16:10, 02-May-2022","Mobile phones of Spanish PM, defense minister hit by spyware: govt"
"17:10, 02-May-2022",NBA East semis on May 1: Antetokounmpo dominates Celtics
"18:37, 02-May-2022",NBA West semis on May 1: Warriors rally to beat Grizzlies
"19:03, 02-May-2022","Nadal, Djokovic slam Wimbledon for banning Russian, Belarusian players"
"21:52, 02-May-2022",Germany pledges 10b euros for bilateral cooperation with India
"15:15, 03-May-2022",'Dozens killed' in Al Shabab attack on African Union mission camp in Somalia
"13:49, 03-May-2022",Al-Shabab attacks African Union camp in Somalia
"21:18, 03-May-2022","Armenia, Turkey agree to continue normalizing relations without preconditions"
"22:08, 03-May-2022",Biden says White House preparing to protect abortion rights
"10:20, 03-May-2022","CGTN program gathers youths from China, Latin America, Caribbean"
"21:28, 03-May-2022","Iranian oil minister meets Maduro, targets cooperation with Venezuela"
"21:00, 03-May-2022",Kazakh president to visit Turkey on May 10-11
"16:00, 03-May-2022",Mali transitional government breaks off from defense accords with France
"07:17, 03-May-2022","India, Germany pledge climate cooperation, call for peace in Ukraine"
"17:18, 03-May-2022",Indian PM Modi calls for ceasefire in Ukraine
"14:41, 03-May-2022",Most Asian markets drop as traders brace for Fed hike
"18:01, 03-May-2022",Putin signs decree on economic retaliations against unfriendly states
"12:49, 03-May-2022",Reserve Bank of Australia raises official interest rate to 0.35%
"23:06, 03-May-2022","Revival of Iran nuclear deal not paused, says Iranian FM"
"09:30, 03-May-2022","Russia thrown out of Women's Euros, Women's World Cup, Champions League"
"09:56, 03-May-2022","S. Korea, U.S. to begin two-week combined air drills next week: Yonhap"
"08:14, 03-May-2022",South Korean consumer prices see fastest rise in 13 years
"09:40, 03-May-2022","U.S. Secretary of State, Venezuelan opposition leader hold talks"
"13:17, 03-May-2022",U.S. Supreme Court set to overturn Roe v. Wade abortion decision: Politico
"20:39, 03-May-2022",Ukraine says 2 civilians killed in Azovstal plant bombardment 
"19:40, 03-May-2022",Xi congratulates Ramos-Horta on election as Timor-Leste's president
"19:37, 04-May-2022","Astros' Dusty Baker becomes first Black manager to get 2,000 wins"
"18:04, 04-May-2022",At least 20 killed in Ugandan bus accident
"16:37, 04-May-2022",At least 26 killed in road accident in western Ukraine
"20:53, 04-May-2022",Beijing adjusts quarantine period for overseas travelers
"07:57, 04-May-2022",Biden nominates new Supreme Allied Commander Europe
"20:00, 04-May-2022",Britain bans services exports to Russia in new sanctions
"21:58, 04-May-2022",Burundi says 10 of its peacekeepers killed in Somalia attack
"17:03, 04-May-2022",Champions League: Un-Rulli goalkeeping undoes Unai's upset as Liverpool leap into final
"11:15, 04-May-2022",Seoul says DPRK fires ballistic missile into eastern waters
"09:46, 04-May-2022",Djokovic delivers 'best performance of year' to book Murray clash
"23:03, 04-May-2022",Dozens of casualties after mine explosion in Myanmar's Wa State
"14:55, 04-May-2022","EU proposes ban on oil imports from Russia, no deal reached yet"
"19:24, 04-May-2022",Expert: protracted military conflict is likely in E Ukraine
"17:28, 04-May-2022",Fire breaks out in industrial zone in Russian city
"22:59, 04-May-2022",First evacuees from Azovstal steel plant arrive in Zaporizhzhia
"14:39, 04-May-2022",First leader of independent Belarus passes away
"16:49, 04-May-2022",India's central bank raises rates by 40 basis points
"11:48, 04-May-2022",Killings in Los Angeles on pace to top last year: local media
"07:34, 04-May-2022",Latest developments on Russia-Ukraine conflict
"11:35, 04-May-2022",Liverpool survive huge Villarreal scare to reach third Champions League final in five years
"20:29, 04-May-2022",Myanmar rejects Suu Kyi's appeal against five-year corruption sentence
"17:12, 04-May-2022",NBA East semis on May 3: Celtics freeze Bucks' threes to win
"18:54, 04-May-2022",NBA West semis on May 3: Grizzlies beat Warriors in physical Game 2
"08:49, 04-May-2022",Peruvian PM to face Congress on May 12 over strike
"19:36, 04-May-2022",Putin highlights importance of supporting Russia’s labor market
"16:48, 04-May-2022","Russia imposes entry ban on 63 Japanese citizens, including Kishida"
"14:48, 04-May-2022",Shanghai Defenders: Foreign volunteer joins fight against COVID-19
"14:22, 04-May-2022",Syria's Damascus residents welcome Eid al-Fitr
"20:53, 04-May-2022",Turkey says ‘neutralizes’ 24 Kurdish militants in N Syria
"08:35, 04-May-2022",U.S. Federal Reserve eyes half-point rate hike amid recession fears
"07:31, 04-May-2022",U.S. and Mexico agree to Central America jobs initiative
"08:11, 04-May-2022",UN chief welcomes evacuation of civilians from Azovstal steel plant
"19:24, 04-May-2022",UN report: Ukraine crisis set to worsen severe hunger worldwide
"07:48, 04-May-2022",156 people evacuated from Mariupol to Zaporizhzhia: Zelenskyy
"16:54, 05-May-2022", M5.8 earthquake hits off the Philippines
"20:47, 05-May-2022","1 dead, over 5,000 suffer breathing problems in Iraqi sandstorm"
"14:45, 05-May-2022",12 people injured in clashes at Jerusalem's Al-Aqsa Mosque: report
"11:42, 05-May-2022","2 killed, 1 injured in Southern California shooting"
"20:57, 05-May-2022","200,000 Americans filed first-time claims for unemployment benefits last week"
"09:34, 05-May-2022",Bank of England set for 4th straight rate hike to fight inflation
"07:52, 05-May-2022",Biden announces $1.5 trillion drop in national deficit
"08:27, 05-May-2022",Biden declares disaster in U.S. state of New Mexico
"07:30, 05-May-2022",Blinken tests positive for COVID-19: U.S. State Department
"08:15, 05-May-2022",Brazil hikes key interest rate for 10th straight time
"17:50, 05-May-2022",Champions League: Real Madrid never say die in heroic comeback against Manchester City
"17:52, 05-May-2022","China, ROK share broad common interests on Korean Peninsula issue: Chinese envoy"
"19:15, 05-May-2022",China slams U.S.-UK axis jeopardizing peace over Taiwan Straits
"10:50, 05-May-2022",Colombia extradites drug kingpin 'Otoniel' to U.S.
"13:22, 05-May-2022",Four-astronaut team departs International Space Station on flight back to Earth
"21:30, 05-May-2022",Elon Musk expected to serve as temporary Twitter CEO after deal closes
"10:34, 05-May-2022",Footballing gods smile on Real Madrid as Man City's Champions League pain goes on
"16:15, 05-May-2022",Four injured in clash in Germany's Duisburg
"11:40, 05-May-2022",France's left strikes alliance deal ahead of parliament vote
"16:51, 05-May-2022",French power group hopes to seal EPR nuclear reactor deal in India
"09:45, 05-May-2022",Graphics: What do we know about the DPRK's frequent missile tests?
"07:50, 05-May-2022",Head of DAVOS YGL Forum: Chinese youths are changing the world
"14:24, 05-May-2022","Heavy floods, hurricanes kill 20 in Afghanistan"
"07:23, 05-May-2022",Hong Kong Monetary Authority raises base rate to 1.25%
"17:55, 05-May-2022","Ukraine accuses Russia of resuming attack on Azovstal, Moscow denies"
"18:02, 05-May-2022",M4.8 earthquake hits off Japan 
"09:03, 05-May-2022",M5.7 offshore quake jolts southern Philippines
"15:25, 05-May-2022",Macron to travel to Germany for meeting with Scholz
"10:58, 05-May-2022","Microbe-based faux beef could save forests, slash CO2"
"08:27, 05-May-2022","India's Modi, France's Macron discuss Ukraine in Paris"
"23:38, 05-May-2022",Moscow launches annual campaign to protect and beautify wounded trees
"22:25, 05-May-2022",Musk secures over $7b funding from investors including Larry Ellison
"16:37, 05-May-2022",NBA East semis on May 4: Heat toss 76ers to 2-0 deficit
"18:07, 05-May-2022","NBA West semis on May 4: Paul, Suns know how to beat Doncic, Mavs"
"19:44, 05-May-2022",OPEC+ JMMC ‘recommends sticking to existing oil output policy’
"17:57, 05-May-2022",Oil climbs higher on supply jitters as EU lays out Russian oil ban
"21:45, 05-May-2022","Over 80 firms, including China's JD.com, Pinduoduo, added to U.S. list facing delisting risk"
"09:41, 05-May-2022",Poland restores gas supplies halted by sanctions
"15:04, 05-May-2022",Polls open for UK local elections in test of support for Boris Johnson
"21:37, 05-May-2022",Somalia's presidential election to be held on May 15
"20:19, 05-May-2022",TEPCO starts excavation for Fukushima nuclear-contaminated water discharge
"16:13, 05-May-2022",Third Ebola case confirmed in northwest Congo: WHO
"07:48, 05-May-2022",Donald Trump Jr testifies to Capitol assault probe: U.S. media
"09:46, 05-May-2022",U.S. Secretary of State Blinken tests positive for COVID-19
"23:21, 05-May-2022",U.S. accelerates training of Ukrainian forces
"21:55, 05-May-2022","UK, Japan sign Reciprocal Access Agreement"
"09:13, 05-May-2022",Vaccines still protect against new COVID-19 variants: WHO
"15:16, 05-May-2022",World Hand Hygiene Day quiz: Hand-cleaning and COVID-19
"13:38, 06-May-2022",3 Kyrgyz killed when Uzbek border guards open fire
"07:10, 06-May-2022","3 killed, 4 injured in axe attack in Israel: police"
"09:35, 06-May-2022","3 killed, 4 injured in axe attack in Israel: police"
"07:19, 06-May-2022",Biden signs bill to improve data collection on cybercrime
"09:44, 06-May-2022",British Virgin Islands passes vote of no-confidence against Premier Andrew Fahie
"09:14, 06-May-2022",China urges efforts to promote ceasefire and cessation of hostilities on Ukraine
"12:54, 06-May-2022",SpaceX Crew Dragon Endurance returns to Earth with midnight splashdown
"09:11, 06-May-2022","Cyclone in southern Brazil hits 115 cities, people displaced and dead"
"10:34, 06-May-2022",Food for thought: Europe's cost of living crisis
"07:25, 06-May-2022",Karine Jean-Pierre named as new White House Press Secretary
"10:38, 06-May-2022",Liverpool's Salah wants 'revenge' in Champions League final rematch against Real
"07:39, 06-May-2022",Nearly 15 million deaths directly or indirectly linked to COVID-19: WHO
"11:49, 06-May-2022",New Omicron subvariant takes hold in U.S. as COVID-19 cases tick up
"14:24, 06-May-2022",Omicron as severe as other COVID variants: U.S. study
"13:52, 06-May-2022",Organizer says 19th Asian Games postponed
"07:56, 06-May-2022","Poland, Ukraine sign document on security and defense"
"10:14, 06-May-2022",Jose Mourinho breaks down in tears as Italian giants Roma reach first European final in 31 years
"08:43, 06-May-2022",U.S. to buy back 60 mln barrels for emergency oil stockpile
"10:16, 06-May-2022",U.S. training of Ukrainians is picking up pace: Defense officials
"14:37, 06-May-2022",Virus found in pig heart used in human transplant
"08:19, 06-May-2022",Wall Street tumbles as investors fret over bigger Fed rate hikes
"01:45, 03-May-2022",At least eight killed in Nigeria building collapse
"02:47, 03-May-2022","FAO: Forests are vital in achieving food security, improving livelihoods"
"02:54, 03-May-2022",Hungarian government 'does not support' Russian oil and gas embargo: official
"03:00, 03-May-2022",Kenyan government declares night time curfew in northern Marsabit County to tackle insecurity
"01:51, 03-May-2022",Tanzania on high alert over Ebola after fresh outbreak reported in DR Congo
"02:19, 03-May-2022",UN chief says terrorist attacks in Sahel region 'continue to increase'
"00:01, 04-May-2022",Former Wimbledon finalist Anderson retires at 35 
"01:05, 04-May-2022","France tells Mali, exit from defense accords 'unjustified'"
"01:23, 04-May-2022",German opposition leader visits Kyiv
"01:04, 04-May-2022",France's Macron offers to help lift Russia embargo on Ukraine food exports
"00:24, 04-May-2022",U.S. Supreme Court probes leak of draft abortion opinion
"02:43, 04-May-2022",U.S. begins issuing first visas in Cuba in more than 4 years
"03:21, 05-May-2022",India chosen as official country of honor at Cannes film market
"01:43, 05-May-2022",Russia does not pursue nuclear confrontation aims in Ukraine: chief delegate in Vienna
"03:00, 05-May-2022",WHO says surge in COVID-19 cases in Africa fueled by Omicron sub-variants
"02:44, 05-May-2022",U.S. Fed raises key rate by a half-point in bid to tame inflation
"02:50, 06-May-2022","Olympic champions Fraser-Pryce, Jacobs in Nairobi for Kip Keino Classic faceoff"
"01:52, 06-May-2022","Putin, Bennett discuss Ukraine over phone"
"02:02, 06-May-2022",Russia expels 7 Danish diplomats
"02:11, 06-May-2022",WHO to consider shutting Europe hub office in Russia: Reuters 
"00:32, 06-May-2022",Hungary defiant in face of EU's 'unacceptable' Russian oil embargo
"00:25, 06-May-2022",Munich school helping refugee children from Ukraine cope with trauma
"02:48, 03-May-2022",Air pollution smothers industrial cities across Mexico  
"02:47, 03-May-2022",Bolsonaro & rival Lula hold dual rallies ahead of Brazil election
"06:53, 03-May-2022",Tornado rips through U.S. city
"05:24, 04-May-2022",A look back at the severe hurricane season of 2020
"05:24, 04-May-2022",Colorado nonprofit sends water filters to Ukraine 
"05:24, 04-May-2022",Extreme weather: What’s to come this hurricane season? 
"05:24, 04-May-2022",Fighting HPV in Brazil
"05:25, 04-May-2022",New Jersey tumor cluster 
"05:56, 04-May-2022","Russia-Ukraine crisis threatens food security, global hunger"
"05:45, 05-May-2022",China responds to U.S. State Department on Ukraine issue
"04:12, 05-May-2022",Cubans grow coral to restore ailing reef
"06:40, 05-May-2022",Easy ways to lower electricity bills as energy prices rise in the U.S.
"04:38, 05-May-2022",Poultry producers worry about avian flu
"06:12, 06-May-2022",Abortion rights in Latin America
"05:27, 06-May-2022",CCTV captures rockets landing in Kharkiv amusement park
"06:11, 06-May-2022",Cuba hosts International Tourism Fair
"06:38, 06-May-2022",Fighting continues at Mariupol steel plant
"06:11, 06-May-2022",Global COVID deaths may be three times higher than recorded  
"06:12, 06-May-2022",Historic fires blaze in New Mexico
"06:11, 06-May-2022",Hurricane Sandy: 10 years on 
"06:12, 06-May-2022",Mexico unveils anti-inflation plan
"06:12, 06-May-2022",NBC News reports over 1M U.S. deaths from COVID-19
"06:13, 06-May-2022",SCOTUS gets fencing amid abortion protests
