﻿"07:12, 25-Jun-2022",18 migrants die in mass attempt to enter Spain's Melilla enclave
"10:32, 25-Jun-2022",About 170 test positive for tuberculosis in single Singapore block
"16:57, 25-Jun-2022",Asia News Wrap: A devastating earthquake in Afghanistan and more
"20:40, 25-Jun-2022",Biden signs landmark gun legislation into law
"09:10, 25-Jun-2022",Full text: Chair's statement at the High-level Dialogue on Global Development
"08:46, 25-Jun-2022",Chengdu Universiade rescheduled for summer 2023
"19:46, 25-Jun-2022",English-version 'Xi Jinping and College Students' released in Pakistan
"18:24, 25-Jun-2022",Expert: Better use of technology will advance agriculture
"18:22, 25-Jun-2022","Expert: Green energy cooperation, manufacturing and finance are vital"
"18:43, 25-Jun-2022",Former Afghan prisoner at Guantanamo Bay arrives in Kabul
"07:14, 25-Jun-2022","IMF lowers 2022 U.S. growth forecast to 2.9%, sees 'narrowing path' to avoid recession"
"19:19, 25-Jun-2022","Nuclear talks with U.S. to resume soon, Iran and EU say"
"15:22, 25-Jun-2022",Top EU diplomat meets Iranian FM in Tehran to revive nuclear talks
"11:53, 25-Jun-2022","1 killed, 31 injured after M5.6 earthquake hits S Iran"
"19:25, 25-Jun-2022",Moderna COVID-19 shots now an option for older kids in U.S.
"07:47, 25-Jun-2022","2 killed, 14 injured in bar shooting in Oslo, Norway"
"12:00, 25-Jun-2022",Palestinian teen killed by Israeli forces in West Bank
"16:41, 25-Jun-2022",Paolo Banchero on his NBA career prospects: 'Nothing I'm not used to'
"09:15, 25-Jun-2022",President Xi speaks mind of developing countries: foreign minister
"16:32, 25-Jun-2022",Somalia's parliament endorses Barre as new PM
"14:31, 25-Jun-2022",Steve Clifford agrees to return to Charlotte Hornets as head coach
"09:03, 25-Jun-2022","U.S., Japan, Australia, New Zealand and UK form Pacific group"
"14:24, 25-Jun-2022",U.S. ruling on abortion: World leaders' reactions and nationwide protests
"10:25, 25-Jun-2022","Disney, other U.S. companies offer abortion travel benefit after Roe decision"
"13:29, 25-Jun-2022",UAE energy firm Dana Gas targeted by rocket in Iraq
"14:07, 25-Jun-2022",Uzbekistan amending constitution to extend presidential term 
"10:23, 25-Jun-2022","China to strengthen exchanges, mutual learning with Latin America: Chinese FM"
"16:02, 25-Jun-2022",Wang Yi describes BRICS 'China Year' as fruitful
"15:54, 25-Jun-2022",Yankees reach deal with Aaron Judge to avoid arbitration
"13:38, 26-Jun-2022","1 killed, 4 injured when car slams pedestrians in New York"
"14:40, 26-Jun-2022",22 killed in South African tavern stampede
"09:31, 26-Jun-2022","8 hostages kidnapped, killed in southern Mexico"
"16:01, 26-Jun-2022",At least 1 killed in missile strike in central Kyiv
"16:46, 26-Jun-2022",Biden meets with Scholz amid G7 summit
"08:49, 26-Jun-2022",Biden rebuffs expanded Supreme Court proposal: White House
"14:48, 26-Jun-2022",British PM says four G7 powers to impose gold export ban on Russia
"14:05, 26-Jun-2022",Chinese forward Zeng Fanbo to play in NBA Summer League for Pacers
"22:59, 26-Jun-2022",Doha likely to host fresh round of Iranian nuke talks: reports
"09:08, 26-Jun-2022",Ecuador ends state of emergency over Indigenous protests
"07:38, 26-Jun-2022","Ecuadorian government, Indigenous leaders hold talks amid protests"
"11:32, 26-Jun-2022",Four explosions heard in Kyiv
"21:20, 26-Jun-2022",G7 nations worried about global economic crisis: Scholz
"17:54, 26-Jun-2022","Global Political Calendar: 25th anniversary of HK's return, G7 and NATO summit "
"10:53, 26-Jun-2022","Iran, EU say nuke talks to resume in days"
"20:59, 26-Jun-2022",Iran successfully launches Zuljanah space launch vehicle
"19:43, 26-Jun-2022","Iranian president, Iraqi PM discuss ties, regional security "
"07:31, 26-Jun-2022",Iraqi prime minister meets with Saudi crown prince
"21:41, 26-Jun-2022",M4.9 earthquake strikes eastern Iran
"12:42, 26-Jun-2022",NASA asteroid mission on hold due to late software delivery
"14:50, 26-Jun-2022","Real's Gareth Bale to join LAFC, play Major League Soccer after exit"
"15:09, 26-Jun-2022","South Korea, U.S. and Japan to hold trilateral summit on June 29"
"16:17, 26-Jun-2022","UEFA President Ceferin: 'If you play less, you get less money'"
"18:42, 26-Jun-2022",UK rail workers stage walkout as inflation hits 40-year high
"07:02, 26-Jun-2022",WHO decides not to declare global health emergency over monkeypox
"11:08, 26-Jun-2022",What Roe's demise means for American women 
"19:20, 27-Jun-2022", Libya considers suspending oil exports from Gulf of Sirte
"09:55, 27-Jun-2022",22 U.S. states may ban or restrict abortions: analysis
"07:13, 27-Jun-2022","6 dead, hundreds injured after grandstand collapse in Colombia bullring"
"18:07, 27-Jun-2022",Over 30 killed in Cameroonian village attack
"15:44, 27-Jun-2022",Bulgarian PM Petkov submits government's resignation to parliament
"11:33, 27-Jun-2022",Ecuador's president cuts fuel prices in concession to protesters
"14:23, 27-Jun-2022",Fading coral reefs – a sign of dwindling ocean health
"14:49, 27-Jun-2022",First NASA rocket launched from N Australia in 27 years
"22:48, 27-Jun-2022",First batch of China's earthquake relief supplies arrive in Kabul
"11:16, 27-Jun-2022",Formidable China outclass Lithuania to claim FIBA 3x3 World Cup bronze
"13:31, 27-Jun-2022","G7 leaders discuss Russian oil price cap, agree on infrastructure plan"
"15:38, 27-Jun-2022",Georgia temporarily closes border with Russia due to heavy rain
"16:27, 27-Jun-2022","India, EU resume free trade talks after nine-year gap"
"14:37, 27-Jun-2022",Iran says Saudi Arabia wants to resume diplomatic talks with Tehran
"21:28, 27-Jun-2022",Lithuanian institutions hit by cyber attack
"19:43, 27-Jun-2022",NHL: Avalanche beat Lightning to win Stanley Cup for third crown
"15:17, 27-Jun-2022",Qatar to host indirect nuclear talks between Tehran and Washington: report 
"23:05, 27-Jun-2022","Roe v Wade ruling disproportionately hurts Black women, experts say"
"22:51, 27-Jun-2022",U.S.-backed smear campaign created 'debt trap' narrative to defame BRI
"16:17, 27-Jun-2022",UAE's Etihad Airways to resume Abu Dhabi-Beijing direct flights
"09:25, 27-Jun-2022","Wang, Cao win first diving gold for China at FINA Worlds"
"07:21, 28-Jun-2022",18 killed in missile strike on Ukrainian mall
"18:50, 28-Jun-2022",51 dead in prison escape attempt in Colombia: prisons agency
"17:18, 28-Jun-2022","Annual water buffalo racing competition in Chonburi, Thailand"
"11:29, 28-Jun-2022",At least 16 killed after 'Russian strike' on shopping mall in Ukraine
"07:18, 28-Jun-2022",At least 3 people dead in U.S. Missouri Amtrak crash
"14:22, 28-Jun-2022",At least 46 migrants found dead in Texas inside 18-wheeler
"07:21, 28-Jun-2022",British House of Commons passes bill amending Northern Ireland Protocol
"23:04, 28-Jun-2022",China and Europe are partners rather than competitors: Wang Yi
"22:01, 28-Jun-2022",China sends aid to help Afghanistan recover from magnitude-5.9 quake
"16:02, 28-Jun-2022",China slashes quarantine time for international arrivals   
"11:23, 28-Jun-2022",China urges U.S. to look at its own forced labor problem
"09:40, 28-Jun-2022",Chinese teen sensation Chen outshines Olympic champion Quan to clinch 10m diving gold
"15:17, 28-Jun-2022",Coach on China's bronze medal in FIBA 3x3 World Cup: 'We did our best'
"16:41, 28-Jun-2022",Crime and profit: Why prison is good for business in the U.S.
"22:03, 28-Jun-2022",Egyptian court sentences 10 extremists to death
"20:44, 28-Jun-2022","Death toll from migrants found in truck in Texas reaches 51, two suspects charged"
"11:08, 28-Jun-2022",EU aims to increase share of renewable energy to 40% by 2030
"17:58, 28-Jun-2022",Eight people shot dead in Burkina Faso
"16:49, 28-Jun-2022",Eurozone inflation to remain 'undesirably high' for some time: Lagarde
"15:47, 28-Jun-2022","Facebook, Instagram remove posts offering abortion pills"
"19:16, 28-Jun-2022",G7 leaders agree to create 'climate club' to tackle global warming
"17:35, 28-Jun-2022","HK youth rep. affirms city's progress, blasts U.S. for provocation"
"16:21, 28-Jun-2022",Hong Kong 25 years on: A bigger role in nation's opening-up
"08:04, 28-Jun-2022",Iran applies to join BRICS
"20:26, 28-Jun-2022",Iran's chief negotiator meets with Qatar's Al Hammadi
"23:20, 28-Jun-2022","Iran's top negotiator, EU's Mora start talks in Qatar"
"15:31, 28-Jun-2022","Israeli parliament votes for dissolution, new election on horizon"
"15:07, 28-Jun-2022","John Wall reaches buyout with Rockets, will join Clippers"
"22:48, 28-Jun-2022",Kabul receives second batch of humanitarian aid from China for earthquake victims
"15:36, 28-Jun-2022","Mane to wear No. 17 in Bayern, president calls him a 'global star'"
"08:42, 28-Jun-2022",At least 46 migrants found dead in truck in Texas
"17:56, 28-Jun-2022","NASA launches CAPSTONE mission, paving way for moon landing"
"10:26, 28-Jun-2022",Novak Djokovic makes history with 80th Wimbledon win
"12:11, 28-Jun-2022",Mumbai building collapse kills at least 14
"16:50, 28-Jun-2022","Over 306,000 civilians killed in Syria since 2011: report"
"12:16, 28-Jun-2022",Plane carrying aid from Chinese government arrives in Kabul
"07:22, 28-Jun-2022",Putin to attend G20 summit: Kremlin
"18:07, 28-Jun-2022",Putin to meet Iran's Raisi in Ashgabat on Wednesday
"16:44, 28-Jun-2022",Qatar 'welcomes' hosting of Iran-U.S. indirect talks in Doha this week
"16:24, 28-Jun-2022",ROK says DPRK responds to regular contact via inter-Korean communication lines
"16:58, 28-Jun-2022",Russia adds Biden's wife to its sanctions list 
"13:05, 28-Jun-2022",Russia to spend $14.5b to boost local aviation industry amid sanctions
"21:55, 28-Jun-2022",Second Scottish independence referendum may happen in 2023
"22:49, 28-Jun-2022",South Africa hit by worst power outages in three years
"17:05, 28-Jun-2022",South Korean prosecution suspends ex-president's imprisonment due to health concerns
"22:41, 28-Jun-2022",Sri Lanka suspends fuel sales for two weeks
"08:11, 28-Jun-2022",The world is burning. We need a renewables revolution
"13:48, 28-Jun-2022",Toxic gas leak in Jordanian port leaves at least 14 dead
"08:28, 28-Jun-2022",Trump's election attorney John Eastman says FBI seized his phone
"22:45, 28-Jun-2022",U.S. consumer confidence lowest since Feb. 2021
"13:29, 28-Jun-2022",U.S. grapples with whether to modify COVID-19 vaccine for fall
"10:21, 28-Jun-2022",U.S. legal battles over abortion bans unfold in state courts
"22:46, 28-Jun-2022","UK monkeypox cases now over 1,000"
"10:47, 28-Jun-2022",UN Ocean Conference aims to map seafloor by 2030
"08:58, 28-Jun-2022",Venezuelan officials meet U.S. delegation
"20:47, 28-Jun-2022",President Xi's special representative to attend Philippine presidential inauguration
"11:55, 29-Jun-2022",Chinese embassy opposes latest U.S. trade blacklist on Chinese firms
"10:19, 29-Jun-2022",EU approves end to combustion engine sales by 2035
"10:55, 29-Jun-2022",Ecuadorian president survives no-confidence vote
"07:14, 29-Jun-2022",Ghislaine Maxwell sentenced to 20 years for sex trafficking
"08:26, 29-Jun-2022",Two suspects dead over potential bomb in Canada bank incident
"07:40, 29-Jun-2022","U.S. to allocate 296,000 vaccine doses for monkeypox to states in coming weeks"
"07:40, 29-Jun-2022",Yael Braun-Pivet becomes first woman speaker of French parliament
"01:43, 26-Jun-2022",Hundreds of children from conflict-hit DRC lose contact with families
"01:30, 26-Jun-2022",Putin: Russia to supply Belarus with Iskander-M missile systems
"02:16, 26-Jun-2022",Sweden's Sjostrom wins 50m freestyle for 10th world title 
"01:34, 26-Jun-2022",Tunisian judges extend strike over sackings for fourth week
"02:32, 26-Jun-2022",West African states Gabon and Togo join Commonwealth
"01:10, 27-Jun-2022",Italy's Draghi backs large investments in gas infrastructure in developing countries
"01:07, 27-Jun-2022",South African president mourns for 22 teenagers dead in tavern
"01:05, 27-Jun-2022",Two police officers killed in north Benin attack
"01:58, 28-Jun-2022","Canada to impose additional sanctions, ban tech export to Russia"
"02:03, 28-Jun-2022","Iran, U.S. to hold indirect talks in Doha on Tuesday"
"00:34, 28-Jun-2022","NATO allies to boost high readiness forces to 300,000"
"00:40, 28-Jun-2022",Sri Lanka suspends fuel sales for two weeks: official
"01:56, 28-Jun-2022","Ten dead, 251 injured in toxic gas leak at Jordan's Aqaba port"
"01:56, 29-Jun-2022",South Africa records second monkeypox case not linked to travel
"01:13, 29-Jun-2022",Texas judge blocks enforcement of pre-Roe v. Wade abortion ban
"02:55, 29-Jun-2022",Turkey supports Finland and Sweden NATO bid: Finnish presidency
"06:29, 25-Jun-2022",Afghan volunteers racing to deliver relief aid to earthquake victims 
"06:10, 25-Jun-2022",Significant gun legislation passes in U.S. for first time in 30 years
"05:11, 25-Jun-2022","Special team removes undetonated bombs from Kharkiv, Ukraine"
"03:08, 25-Jun-2022",U.S. Supreme Court overturns constitutional right to abortion 
"06:29, 25-Jun-2022",What happens next after Roe v. Wade is overturned?
"05:33, 26-Jun-2022",Cuba bets on renewable energy
"05:32, 26-Jun-2022",Ecuador’s President Lasso willing to engage in talks to end protests
"05:31, 26-Jun-2022",Norway terror alert at highest level after mass shooting at gay bar
"06:06, 26-Jun-2022",Surfside condo collapse victims remembered one year after the tragedy
"05:33, 26-Jun-2022",Turning a Venezuelan community into an open art gallery 
"06:06, 26-Jun-2022",U.S. Forest Service admits monitoring errors caused New Mexico fire
"04:56, 26-Jun-2022",What will change after the historic SCOTUS ruling on abortion?
"05:43, 27-Jun-2022",Abortion pills to become next fight in the U.S. after Roe falls
"05:43, 27-Jun-2022",Women's ice hockey may be fastest-growing U.S. sport
"06:36, 28-Jun-2022",Colorado Avalanche win ​the 2022 Stanley Cup
"06:40, 28-Jun-2022","Roe v. Wade overturned: Experts concerned over maternal mortality numbers, fertility legality"
"04:04, 28-Jun-2022",Huawei holds LATAM ICT Congress 2022
"04:03, 28-Jun-2022",Mourners gather to remember British journalist murdered in Brazil
"06:40, 28-Jun-2022",Women crossing state lines for abortion
"05:44, 29-Jun-2022",Overturning Roe might criminalize abortion but will it prevent it?
"02:09, 29-Jun-2022",Peruvian government attempts to stop drug trafficking
"02:09, 29-Jun-2022",The rise of Huawei’s role in Latin America
"06:36, 29-Jun-2022",What are the pieces that play into America’s obsession with guns?
