﻿"22:08, 11-Aug-2022",'China Documentary Festival' exhibition held in Thailand
"20:46, 11-Aug-2022",4 dead after boat capsizes in north India
"16:55, 11-Aug-2022",At least 13 civilians killed in protests in Sierra Leone
"20:08, 11-Aug-2022",Armed man demanding frozen deposits takes hostages at Lebanese bank
"11:14, 11-Aug-2022",Karim Benzema a shoo-in for Ballon d'Or as Real Madrid seal fifth UEFA Super Cup
"20:35, 11-Aug-2022",Blast kills religious scholar in Afghan capital
"19:03, 11-Aug-2022",China says it won't compromise on core interests for U.S. tariff cut
"18:47, 11-Aug-2022",China 'seriously concerned' with Japan's wastewater release: envoy
"18:59, 11-Aug-2022",Death toll caused by heavy rain in S. Korea rises to 13 with 6 missing
"16:30, 11-Aug-2022",Ethiopia says 2nd turbine of GERD generating power
"19:43, 11-Aug-2022",Guterres appeals not to endanger Zaporizhzhia nuclear plant
"08:19, 11-Aug-2022",Heavy rain death toll in South Korea rises to 11
"11:14, 11-Aug-2022","Japanese, U.S. air forces conduct joint drills around Okinawa"
"21:20, 11-Aug-2022",Sri Lanka's ousted president arrives in Thailand: report
"18:28, 11-Aug-2022",Singapore confirms ousted Sri Lankan president's departure
"15:50, 11-Aug-2022",Türkiye to start using natural gas from Black Sea in March next year
"12:39, 11-Aug-2022",U.S. Congress inaction leads to more problems over COVID-19: Politico
"20:30, 11-Aug-2022",U.S. producer price index up 9.8% year on year in July
"14:39, 11-Aug-2022",UK prosecutor authorizes terrorism charges against ISIS suspect
"16:07, 11-Aug-2022",UN chief congratulates people of Kenya on peaceful election
"09:05, 11-Aug-2022","WHO: COVID-19 deaths fall overall by 9 percent, infections stable"
"09:46, 11-Aug-2022",World Cup 2022 set to start a day early with Qatar vs. Ecuador
"18:20, 12-Aug-2022",Australian court orders Google to pay $43m for 'misleading users'
"07:49, 12-Aug-2022",Biden is readying plans to launch his re-election bid: Bloomberg
"19:26, 12-Aug-2022",CGTN Sports Talk: How much better have the Celtics grown?
"14:54, 12-Aug-2022",Canadian Open: China's Zheng Qinwen topples Andreescu to reach last 8
"08:24, 12-Aug-2022",China 'deeply concerned' by situation at Zaporizhzhia nuclear power plant: envoy
"16:08, 12-Aug-2022",China says U.S. THAAD deployment in S. Korea harms strategic security
"19:16, 12-Aug-2022",Chinese women's basketball team departs for European training camp
"22:20, 12-Aug-2022","Deadly floods in eastern Sudan leave 51 dead, 24 injured"
"17:10, 12-Aug-2022",Eurozone industrial production up by 0.7% m/m in June
"09:24, 12-Aug-2022",FBI sought nuclear documents in search of Trump's home: Washington Post
"15:17, 12-Aug-2022","France's annual inflation hits 6.1% in July, highest since 1985 "
"17:59, 12-Aug-2022",Germany suspends its military mission in Mali  
"07:21, 12-Aug-2022",UN urges restraint as Ukraine nuclear power plant shelled again 
"19:28, 12-Aug-2022",Iran says EU proposal to revive nuclear deal could be 'acceptable'
"09:42, 12-Aug-2022",Moto vs. Samsung: The flip phone arena in 2022
"11:13, 12-Aug-2022",PSG plot sensational swoop for Manchester United star Marcus Rashford 
"16:36, 12-Aug-2022",Pictures: 100-day countdown to the 2022 Qatar World Cup
"22:47, 12-Aug-2022","Polio detected in NYC's sewage, suggesting virus circulating"
"10:26, 12-Aug-2022",S. Korea's Yoon pardons Samsung leader Jay Y. Lee
"16:20, 12-Aug-2022",Shipping disruption continues as Rhine water levels fall again in Germany
"12:10, 12-Aug-2022",South Korean F-4 fighter crashes in Hwaseong: Yonhap
"19:24, 12-Aug-2022",Raheem Sterling on why he left City: My playing time was getting limited
"16:51, 12-Aug-2022",Timberwolves owner Taylor on signing extension with Towns: It's a non-issue
"10:59, 12-Aug-2022",U.S. Department of Justice asks court to unseal search warrant for Mar-a-Lago raid
"21:36, 12-Aug-2022","U.S. heightens export controls on advanced chip, gas turbine engine technologies"
"11:08, 12-Aug-2022",U.S. investigators use Facebook to charge Nebraska teen over abortion 
"22:55, 12-Aug-2022",New York judge rules criminal case against Trump Organization can proceed
"14:26, 12-Aug-2022",UK economy shrinks 0.1% in Q2
"19:09, 12-Aug-2022",UK government formally declares drought for parts of England
"14:08, 12-Aug-2022",UK to offer polio vaccine booster to children aged 1 to 9 in London
"17:02, 12-Aug-2022",UN chief expresses 'clear commitment' to DPRK's denuclearization
"21:02, 12-Aug-2022",Ugandan central bank raises key rate to curb inflation
"20:52, 12-Aug-2022",Want Want Group says it has adhered to One-China Principle since its founding
"18:16, 13-Aug-2022",Ambassador: Japan shouldn't dance to the U.S. tune on Taiwan question
"10:58, 13-Aug-2022",Asia News wrap: 11 die in heavy rains in South Korea and more
"11:11, 13-Aug-2022","Ballon d'Or 2022 nominees: Messi misses out for first time in 17 years, Ronaldo included"
"07:33, 13-Aug-2022",Canada's Iqaluit city declares state of emergency over water shortage
"18:48, 13-Aug-2022",Death toll from South Korean rain rises to 14
"19:16, 13-Aug-2022",Egyptian parliament approves 13 new ministers at emergency session
"14:32, 13-Aug-2022",At least 4 injured after bomb explodes in Kabul
"07:25, 13-Aug-2022",First Africa-bound grain ship arrives in Ukrainian port
"14:18, 13-Aug-2022",Gulf War: The conflict the U.S. left others to pay the most for 
"20:52, 13-Aug-2022","Heavy rains, flash floods kill 21 in Afghanistan"
"08:10, 13-Aug-2022",Idaho Supreme Court rejects bid to block strict abortion bans
"15:23, 13-Aug-2022",Indian opposition leader tests positive for COVID-19
"14:40, 13-Aug-2022",M6.1 earthquake strikes Philippines
"16:32, 13-Aug-2022",Man United manager ten Hag: Ronaldo hasn't told me he wants to leave
"21:36, 13-Aug-2022",Moroccan ambassador: Morocco adheres to one-China policy
"15:22, 13-Aug-2022","One dead, dozens hurt as gale hits Spain dance music festival"
"19:04, 13-Aug-2022",Opposition leader Odinga ahead in Kenya's presidential race
"17:54, 13-Aug-2022",Padres rising star Tatis Jr. suspended 80 games for doping
"15:32, 13-Aug-2022",Remains of small armor-plated dinosaur unearthed in Argentina
"07:38, 13-Aug-2022",Sierra Leonean president says protests aimed to overthrow the government
"10:43, 13-Aug-2022",Teen sensation Popovici smashes European record in 100m freestyle
"17:00, 13-Aug-2022",Typhoon Meari makes landfall in Japan  
"13:51, 13-Aug-2022",U.S. CHIPS Act is the weaponized industrial policy
"07:07, 13-Aug-2022",U.S. House passes Inflation Reduction Act
"09:22, 13-Aug-2022",WHO gives new names to variants of monkeypox virus
"18:59, 14-Aug-2022","3 killed, 22 injured in explosion in Armenia's capital Yerevan: report"
"17:20, 14-Aug-2022",Discover a unique cycling experience as Tour of Qinghai Lake heralds new era
"14:51, 14-Aug-2022","3 dead, 12 injured while climbing Ecuadorean volcano"
"18:24, 14-Aug-2022",At least 41 killed in Egyptian church fire: report
"22:44, 14-Aug-2022","5 dead, 16 injured in explosion in Ecuador"
"07:30, 14-Aug-2022","Eight wounded, two critically, in 'terror attack' on Jerusalem bus"
"14:47, 14-Aug-2022",Afghanistan diary: A visit to a women's bazaar
"10:51, 14-Aug-2022","1 killed, 17 injured as car plows into crowd in Pennsylvania"
"20:39, 14-Aug-2022",China defeat Japan to win AVC Cup for Men again after 10 years
"16:39, 14-Aug-2022",David Popovici breaks 13-year-old swimming world record in men's 100m freestyle
"12:11, 14-Aug-2022",Indian billionaire Rakesh Jhunjhunwala dies at 62
"21:55, 14-Aug-2022",Japanese scholar exposes crime of germ warfare
"16:16, 14-Aug-2022",Kenya election body: Ruto's party wins governorship of Kenya's capital
"21:41, 14-Aug-2022","Man dies after crashing car, firing gunshots near U.S. Capitol"
"17:48, 14-Aug-2022",Ravens QB Jackson will stop extension talks when new NFL season begins
"12:11, 14-Aug-2022",Gunman arrested after Canberra Airport shooting
"14:54, 14-Aug-2022","Truss 22 points ahead in race to be next UK PM, poll suggests"
"17:01, 14-Aug-2022",Warriors to host Lakers for 2022-23 NBA regular season opener: report
"23:29, 14-Aug-2022",What's behind Tsai's role in Pelosi's Taiwan show?
"21:45, 15-Aug-2022","1 died, 31 injured in concrete platform collapse at wedding in Russia"
"17:41, 15-Aug-2022",2 people injured in explosion at defense facility in Serbia: report
"19:09, 15-Aug-2022","6 die in plastics factory fire in Dhaka, Bangladesh"
"07:45, 15-Aug-2022",80 children die in Zimbabwe's measles surge
"10:02, 15-Aug-2022",3 injured in Illinois theme park shooting
"10:28, 15-Aug-2022",Afghanistan in urgent need of humanitarian assistance: UNICEF
"18:32, 15-Aug-2022",Afghanistan under the Taliban: one year on
"11:37, 15-Aug-2022",At least 31 people die in flash floods in central Afghanistan
"10:59, 15-Aug-2022",Australian PM to investigate claims of Scott Morrison's secret ministry grab
"07:12, 15-Aug-2022",Biden will run for 2024 despite low support rate: WH
"20:53, 15-Aug-2022",2 injured in a blast in Afghan capital Kabul
"15:59, 15-Aug-2022","Chinese, UK scientists find graphene efficient in extracting gold from waste"
"13:56, 15-Aug-2022",China protests against Japan PM Fumio Kishida's offerings to Yasukuni Shrine 
"09:44, 15-Aug-2022",Chinese embassy warns U.S. lawmakers of countermeasures over fresh visit to Taiwan region
"15:46, 15-Aug-2022",Experts: Why is summer 2022 so long and intense? How to stay cool?
"07:07, 15-Aug-2022",At least 6 dead after fireworks warehouse explodes in Armenian mall
"10:45, 15-Aug-2022",Indonesian Defense Minister Prabowo declares 2024 presidential bid
"14:18, 15-Aug-2022",Iran says ground prepared for nuclear deal 'if red lines are met'
"17:38, 15-Aug-2022","Iran will respond to EU's nuclear text by midnight on Monday, says foreign minister"
"07:11, 15-Aug-2022",Israeli missile attacks kill 3 soldiers in Syria
"22:55, 15-Aug-2022",Kenya's election results rejected by 4 top election officials
"16:43, 15-Aug-2022",M5.3 earthquake rattles southern Philippines
"10:13, 15-Aug-2022",Modi pledges to make India developed nation in 25 years
"17:59, 15-Aug-2022",Myanmar court sentences Aung San Suu Kyi to 6 years in prison
"10:35, 15-Aug-2022",No toxic found for fish die-off in Oder river: Polish minister
"07:17, 15-Aug-2022",Over 13 al-Shabab militants killed in Somali airstrike: report
"07:35, 15-Aug-2022",Putin says Russia and DPRK will expand bilateral relations: KCNA
"17:17, 15-Aug-2022",ROK expresses regret over Japanese PM's offering to war-linked shrine
"11:18, 15-Aug-2022",Ancelotti survives scare as Real Madrid begin La Liga title defense with resilience
"15:54, 15-Aug-2022",Russia warns U.S. about the outcomes of seizing Russian assets 
"09:50, 15-Aug-2022",South Korea offers to improve DPRK's economy in case of denuclearization
"18:14, 15-Aug-2022",Smart chip prices collapse amid low market demands and high inventory
"16:53, 15-Aug-2022",U.S. basketball player Brittney Griner appeals her sentence in Russia
"22:40, 15-Aug-2022",U.S. imposes sanctions on 3 Liberian officials
"07:20, 15-Aug-2022",UFC San Diego: Chito Vera makes statement with nose-breaking Cruz KO
"23:05, 15-Aug-2022",William Ruto elected as Kenya's new president
"02:57, 10-Aug-2022",Nigerian military arrests suspects in June church massacre
"01:53, 12-Aug-2022",Arctic warming four times faster than rest of Earth: study
"01:21, 12-Aug-2022",First Ukraine grain deal ship docks in Türkiye after buyer declines delivery
"00:39, 12-Aug-2022",Roller coaster crash at Legoland park in Germany injures 34
"00:34, 13-Aug-2022",Fifth caravan of grain ships departs from Ukraine
"00:34, 13-Aug-2022",Hostage standoff at Lebanese bank ends after savings unfrozen
"01:39, 13-Aug-2022",Spain says gas pipeline to France possible in less than a year
"02:09, 13-Aug-2022",UK economy shrinks by 0.1 percent in Q2
"02:49, 14-Aug-2022","One killed, dozens injured as high winds cause stage collapse at Spain festival"
"00:50, 14-Aug-2022",UN peacekeeping rotations to resume in Mali from August 15
"00:12, 15-Aug-2022",Egypt's president directs authorities to respond to Giza church fire
"00:20, 15-Aug-2022",New Egyptian ministers take oath of office after major reshuffle
"00:32, 15-Aug-2022",Somali president appoints special envoy to EAC
"01:28, 15-Aug-2022",Tunisia foils 11 illegal immigration attempts
"01:00, 16-Aug-2022",Kenya's President-elect: Who is William Samoei Ruto?
"02:12, 16-Aug-2022",Nigeria's annual inflation rises to highest level in 17 years
"01:00, 16-Aug-2022",South Africa announces fourth case of monkeypox
"02:13, 16-Aug-2022","World leaders congratulate Kenya's president-elect, William Ruto"
"00:16, 12-Aug-2022",Czechia's 17.5% inflation leads to soaring rents and crowded shelters
"00:07, 13-Aug-2022",Is Ukraine's #2 nuclear power plant next?
"21:28, 13-Aug-2022",Salman Rushdie 'likely to lose eye' after being attacked in New York 
"01:56, 12-Aug-2022",BIG STORY – The Race Gap in the U.S. Native Americans
"02:51, 12-Aug-2022",Ice cream prices not immune to rampant US inflation 
"05:55, 12-Aug-2022",Mexico City modernizes subway system with new 'China Standard' trains
"05:59, 12-Aug-2022","Wang Yi: Promoting peace, cooperation and development jointly in Asia "
"04:16, 12-Aug-2022",Why sustainability can be so expensive
"06:02, 13-Aug-2022",Afghanistan attempts to recover after decades of war
"05:37, 13-Aug-2022","FBI seeks espionage evidence against Trump, search warrant shows"
"00:30, 13-Aug-2022",New Consumer Price Index report reveals inflation slowed down in July
"04:34, 14-Aug-2022",Americans worry about retirement income amid inflation
"04:36, 14-Aug-2022",Childhood vaccine crisis in Venezuela 
"04:35, 14-Aug-2022",Indigenous leaders elevated to prominent positions in Colombia
"04:50, 14-Aug-2022",Median rent in the U.S. skyrockets to $2000 per month
"04:33, 14-Aug-2022",Thousand protest against the president in Brazil
"04:32, 14-Aug-2022",U.S. faces extreme heat and wildfire outbreaks
"06:26, 14-Aug-2022",Vaccine shortage puts Venezuela’s children at risk
"05:23, 15-Aug-2022",Heat becomes America’s top weather killer over the past 30 years
"04:19, 15-Aug-2022",What’s the cost of the U.S. delegation’s visit to China’s Taiwan? 
"05:58, 16-Aug-2022",Afghans reflect on year since Taliban’s return to power
"01:50, 16-Aug-2022",Colombia hosts first Flower Parade since Covid-19 pandemic
"05:57, 16-Aug-2022",Researchers excavate slave burials in Brazil
"04:32, 16-Aug-2022",US and Canada accuse Mexico of backing unfair energy prices
"02:50, 16-Aug-2022",What is sustainability? 
