﻿"17:52, 07-May-2022",A look at Carrie Lam's efforts in building a better Hong Kong
"22:25, 07-May-2022",COVID-19 vaccines greatly reduce death rate for elderly: expert 
"18:55, 07-May-2022",Carrier rocket with Tianzhou-4 cargo ship transported to launch tower
"20:17, 07-May-2022",Chart of the day: She's more than a mother
"19:48, 07-May-2022",China releases Chang'e-5 payloads' scientific datasets
"16:55, 07-May-2022",China's mRNA-based COVID-19 vaccine: CanSino starts clinical trial
"18:22, 07-May-2022","China's national college entrance examination to be held on June 7, 8"
"21:26, 07-May-2022","China set to remain world's largest NEV market, says BMW CFO"
"22:51, 07-May-2022",Premier Li urges support for market entities and stable employment
"23:39, 07-May-2022",Preparations in place for HKSAR's sixth-term chief executive election
"17:52, 07-May-2022",Shanghai delays national college entrance exams to July from June 7
"16:40, 07-May-2022",Wildlife of Wolong: Temminck's tragopans in the dense forest
"16:13, 07-May-2022","World's largest heavy-lift vessel debuts, carries Chinese vaccines to Africa"
"17:53, 08-May-2022",Badminton: Preview of Team China at Thomas and Uber Cup
"15:44, 08-May-2022",Central China's Zhengzhou strives to ensure food supplies amid COVID-19 
"13:30, 08-May-2022",Carrie Lam congratulates John Lee on election victory
"17:37, 08-May-2022","China Weekly News Quiz: May 1-8, 2022"
"21:58, 08-May-2022",China completes ozone observation campaign on Mount Qomolangma
"15:02, 08-May-2022",China issues new regulations on actors' remuneration
"18:40, 08-May-2022",China launches first bipolar GNSS-R ocean survey payload
"15:22, 08-May-2022",China's first 'fine wind forecast system' used to transport rocket
"19:07, 08-May-2022",Chinese center Han Xu to play for New York Liberty in WNBA
"09:15, 08-May-2022",Chinese mainland records 329 new confirmed COVID-19 cases
"14:30, 08-May-2022",Colorful flowers bloom at China National Botanical Garden
"09:41, 08-May-2022",Fauna in Liaodong Bay Series | Ep. 2: Dancers on the red beach
"13:59, 08-May-2022",China central government offices congratulate John Lee on election
"13:17, 08-May-2022",John Lee vows to start a new chapter for Hong Kong 
"12:31, 08-May-2022",John Lee wins HKSAR's sixth-term chief executive election
"12:29, 08-May-2022",John Lee wins HKSAR's sixth-term chief executive election
"17:46, 08-May-2022",Many forms of motherhood in modern-day China
"15:42, 08-May-2022",Mother's Day: Stories of Xi Jinping and his mother
"16:04, 08-May-2022",Notable achievements made in protecting natural ecosystem in China
"08:08, 08-May-2022",Shanghai finds no new variants more infectious than Omicron: official
"21:35, 08-May-2022",Take a look at Hong Kong's four chief executives
"08:39, 08-May-2022",Voting in HKSAR's chief executive election begins
"11:30, 08-May-2022",Voting in HKSAR's sixth-term chief executive election concludes
"15:50, 08-May-2022",World's fastest rotor for pumped storage hydropower plant in operation
"21:28, 08-May-2022",Xi Jinping to address grand gathering marking Communist Youth League of China centenary
"17:49, 08-May-2022","Young engineer devotes talents, passion to China's space exploration"
"21:15, 09-May-2022",Bronze art master brings new vitality to ancient craft 
"22:07, 09-May-2022",China: Friendly cooperation with ROK won't change regardless of world situation
"19:06, 09-May-2022",China calls for global efforts to safeguard results of WWII victory
"17:48, 09-May-2022",China completes 1st private kilometer-level liquid reusable rocket launch
"14:03, 09-May-2022",China rejects EU official's smearing on HKSAR chief executive election
"11:08, 09-May-2022",China's trade growth in April above expectations
"18:54, 09-May-2022",China to Australia: China is direct stakeholder in South Pacific's security
"10:50, 09-May-2022",China sweep Australia to begin Uber Cup title defense
"22:50, 09-May-2022",China to have 5.5 million nurses by 2025
"09:15, 09-May-2022",Chinese mainland records 415 new confirmed COVID-19 cases
"22:57, 09-May-2022",CGTN exclusive: Zhang Boli helps thousands of asymptomatic patients with TCM treatment
"09:23, 09-May-2022",Fauna in Liaodong Bay Series | Ep. 3: Cornucopia of the sea
"13:44, 09-May-2022",Final rehearsal held for launch of China's Tianzhou-4 cargo spacecraft
"12:54, 09-May-2022",HKSAR chief executive meets John Lee after his election win
"22:56, 09-May-2022",John Lee wins: What's ahead for Hong Kong's economy?
"14:33, 09-May-2022",2 earthquakes hit Taiwan's Hualien County: CENC
"12:28, 09-May-2022",Max Verstappen wins inaugural F1 Miami Grand Prix
"10:26, 09-May-2022","PLA holds exercises in waters east, southwest of Taiwan"
"19:43, 09-May-2022",People missing after collapse in southwest China’s Sichuan
"18:38, 09-May-2022",China stresses the need to bring more stability to an age of instability
"13:42, 09-May-2022",Tallest tree on the Chinese mainland found in Tibet
"17:53, 09-May-2022",World's largest clean energy corridor generates 3 trillion kWh power
"12:35, 10-May-2022",Badminton: China advance into quarterfinals after sweeping Spain 5-0
"21:32, 10-May-2022",Beijing authorities plan rent waivers to support small business
"09:08, 10-May-2022","China calls for equal, balanced global development partnership"
"10:02, 10-May-2022",China celebrates 100 years of the Communist Youth League
"16:25, 10-May-2022",China renews blue alert for rainstorms
"18:47, 10-May-2022",China slams U.S. for distorting facts over Taiwan region 
"02:26, 10-May-2022",China's cargo ship Tianzhou-4 docks with its space station
"08:57, 10-May-2022",China to launch Shenzhou-14 crewed spaceship in June
"01:03, 10-May-2022",China to launch Tianzhou-4 cargo ship around 2 a.m. Tuesday: CMSA
"09:17, 10-May-2022",Chinese mainland records 357 new confirmed COVID-19 cases
"10:35, 10-May-2022",Chinese vice premier reiterates dynamic zero-COVID policy
"19:00, 10-May-2022",China calls for closer cooperation with ROK as Yoon takes office
"21:16, 10-May-2022",Experience traditional Tibetan customs in SW China
"20:04, 10-May-2022",Xi Jinping calls for vigilance against bloc confrontation over Ukraine
"22:02, 10-May-2022","Starry, starry night on Mt. Qomolangma"
"19:44, 10-May-2022",The best season to visit Taihang Grand Canyon 
"19:41, 10-May-2022",The young Monkey King at the China National Peking Opera Company 
"09:07, 10-May-2022",Tianzhou-4 cargo ship docks with China's space station
"16:27, 10-May-2022",Wild tulips bloom at Sayram Lake in NW China's Xinjiang
"11:28, 10-May-2022",Xi: CYLC making major achievements in the new era of socialism
"13:01, 10-May-2022",Xi Jinping: Uniting and mobilizing the youth is key
"11:27, 10-May-2022",Xi Jinping: Young generation is China's future
"14:20, 10-May-2022",Xi Jinping hails Communist Party of China's vitality and reliability
"11:59, 10-May-2022",Xi: Youth remain the vanguard of promoting China's transformation 
"10:19, 10-May-2022",Why China entrusts youth with the country's future
"19:37, 10-May-2022",President Xi Jinping congratulates Katalin Novak on inauguration as Hungarian president
"13:02, 10-May-2022","Xi lauds CYLC for uniting, leading the youth under CPC's leadership"
"14:17, 10-May-2022","Xi urges firm beliefs, fighting spirit in youth league members"
"20:19, 10-May-2022",Zhu Bingren: Blazing a new trail for copper
"17:57, 11-May-2022",Beijing's updated home quarantine guide underscores aerosol risks
"15:29, 11-May-2022",Bronze art master: Zhu helps to introduce bronze art into everyday life
"16:33, 11-May-2022",China says 'dynamic zero-COVID' policy maximizing protection of health
"10:05, 11-May-2022",China condemns latest U.S. warship transit of Taiwan Straits
"16:16, 11-May-2022",China condemns violence against journalists: FM spokesperson
"21:24, 11-May-2022",China may risk 1.55m deaths without 'dynamic zero-COVID' policy: study
"11:10, 11-May-2022",China's 1st large emergency rescue vessel completes maiden sea trial
"09:52, 11-May-2022","April: China's producer price index growth slows down, consumer price index edges up"
"09:16, 11-May-2022",Chinese mainland records 324 new confirmed COVID-19 cases
"20:41, 11-May-2022",Collection of Xi Jinping's diplomatic speeches published
"16:34, 11-May-2022",Guangdong conservationists monitor green sea turtles during breeding season
"20:41, 11-May-2022","HKSAR govt refutes G7, EU statements on chief executive election"
"17:53, 11-May-2022",Half of Shanghai achieves 'zero-COVID' status: official
"18:00, 11-May-2022",Mainland says DPP authority solely to blame for Taiwan's exclusion from World Health Assembly
"19:19, 11-May-2022","Over 100b packages delivered across China in 2021, up 30% from 2020"
"12:00, 11-May-2022",Samples collected by Chinese team from Mt. Qomolangma under analysis
"18:23, 11-May-2022",Shanghai vlog: 22-year-old building manager's life amid COVID-19 outbreak
"19:08, 11-May-2022",Shanghai students prepare for important exams amid COVID-19
"19:35, 11-May-2022",The Pacific is not someone's backyard': MOFA 
"10:24, 12-May-2022",'Deep Sea Warrior' completes sea trial mission in South China Sea
"23:21, 12-May-2022",China achieved unprecedented sci-tech advancement in past decade: official
"21:53, 12-May-2022",China's Mars rover finds water evidence on the Red Planet: study
"10:56, 12-May-2022",China's accelerating bid for computing power
"20:00, 12-May-2022",China's ecological condition has made historical turnaround: official
"11:43, 12-May-2022",China's telescope array in Antarctica starts search for Earth-like planets
"23:13, 12-May-2022",China says it will promote more free trade agreement negotiations
"16:18, 12-May-2022",China says ready to support DPRK in fight against COVID-19
"14:54, 12-May-2022",China to boom a $3.28-trillion bioeconomy by 2025 for better biosafety
"09:13, 12-May-2022",Chinese mainland records 237 new confirmed COVID-19 cases
"10:46, 12-May-2022",Ep. 392: U.S. can’t afford to decouple from China
"14:13, 12-May-2022",Fauna in Liaodong Bay Series | Ep. 6: Growing in spring
"13:47, 12-May-2022",Hong Kong entrepreneurs optimistic about economic outlook
"18:45, 12-May-2022",Bronze art master: Zhu bridges modernity and tradition through bronze art
"09:38, 12-May-2022",All people aboard evacuated after plane skids off runway in Chongqing
"18:27, 12-May-2022",Shanghai defenders: Caring for pets during COVID-19 outbreak
"15:52, 12-May-2022","China urges U.S. to drop tariffs on Chinese goods 'in interest of U.S. firms, consumers'"
"15:40, 12-May-2022",Xi exchanges congratulations with Slovenian president on 30th anniversary of diplomatic ties
"10:46, 12-May-2022",Xi Jinping sends congratulatory message to Philippine President-elect Marcos
"08:17, 13-May-2022","30 years of diplomatic ties: Croatia, China in diamond era"
"14:11, 13-May-2022",Beijing residents give take on virus policy
"18:38, 13-May-2022",Bitcoin set for record losing streak as 'stablecoin' collapse crushes crypto
"07:49, 13-May-2022",BizBeat Ep. 393: Removing China tariffs would tackle U.S. inflation
"19:16, 13-May-2022","China, U.S. can share common circle of friends: MOFA"
"14:11, 13-May-2022",China eyes incremental policies to shore up growth
"21:18, 13-May-2022",China grants patent to new COVID-19 medicine
"22:21, 13-May-2022",China opposes attempts to build an 'Asia-Pacific version of NATO' 
"19:44, 13-May-2022",China opposes political maneuvers on COVID-19 pandemic
"23:10, 13-May-2022",China's new yuan loans contract in April as COVID hits
"10:57, 13-May-2022",China scrapes foreign ownership limits for certain ships in Hainan
"08:40, 13-May-2022",China to send 35 athletes to Gymnasiade 2022
"20:25, 13-May-2022",China to step up governance of pollutant emissions: official
"09:14, 13-May-2022",Chinese mainland records 331 new confirmed COVID-19 cases
"07:25, 13-May-2022","Expert: China to continue opening up, implement economic reforms"
"17:37, 13-May-2022",Fauna in Liaodong Bay Series | Ep. 7: Sprites of the bay
"12:51, 13-May-2022",From stability to prosperity: What John Lee means for Hong Kong
"17:02, 13-May-2022",Full text of Xi Jinping's speech at ceremony marking centenary of Communist Youth League of China
"19:40, 13-May-2022","Hong Kong sees first-quarter GDP contracting 4%, downgrades economic forecast for 2022"
"19:38, 13-May-2022",Shanghai aims to reach zero-COVID status by mid-May
"11:13, 13-May-2022",Shenzhen gears up for rapid economic rebound
"10:36, 13-May-2022",Shenzhen gears up for rapid economic rebound
"16:50, 13-May-2022",What does the heavy rainfall in S China look like from space?
"09:50, 14-May-2022",All 13 people found after unauthorized trip to SW China mountain
"15:25, 14-May-2022",2023 AFC Asian Cup will not take place in China
"20:02, 14-May-2022",All 13 people found alive after unauthorized trip to SW China mountain
"20:20, 14-May-2022",Beijing-Guangzhou high-speed train to reach 350 km/h in June
"21:58, 14-May-2022",China-Europe freight train still in operation amid COVID-19 outbreak
"16:43, 14-May-2022",China builds new highway on shifting sand
"18:11, 14-May-2022",China-developed C919 passenger plane completes maiden test flight
"16:01, 14-May-2022","China sees better forest quality, enhanced carbon sink capacity via strengthened management"
"12:12, 14-May-2022",China's first C919 passenger plane completes maiden test flight before delivery
"16:07, 14-May-2022",China's largest academic database under antitrust probe
"19:31, 14-May-2022",China's nucleic acid testing capacity hits 57 mln test tubes per day
"20:10, 14-May-2022",China to stick with 'dynamic zero-COVID' strategy
"07:54, 14-May-2022",China urges destruction of WMDs during UN Security Council meeting
"09:25, 14-May-2022",Chinese mainland records 276 new confirmed COVID-19 cases
"09:01, 14-May-2022",Fauna in Liaodong Bay Series | Ep. 8: An Avian Party
"10:29, 14-May-2022","Five years since the forum, BRI gets bigger and better"
"14:20, 14-May-2022",How does China's Guangdong cope with trade challenges facing its clothing industry?
"21:51, 14-May-2022",South Korea defeats China to win second BWF Uber Cup title
"19:17, 14-May-2022",Why should we monitor glaciers around Mt. Qomolangma?
"10:24, 14-May-2022",Wildlife of Wolong: The partridge that loves rhododendron forests
"04:45, 10-May-2022",Chinese company Sunfiber in South Carolina finds sustainable business opportunities in plastic recycling 
"02:24, 13-May-2022",Professor analyzes a music video reported by ShenZhen Daily
