﻿"22:24, 20-Jun-2022", Achievements under the BRICS mechanism in the past 16 years
"16:29, 20-Jun-2022",Asia's largest railway passenger hub station opens in China 
"11:58, 20-Jun-2022","Canadian GP: Verstappen holds off Sainz, Zhou scores four points"
"22:28, 20-Jun-2022",China launches first global development report ahead of BRICS summit
"11:45, 20-Jun-2022",China tightens regulation on business activities of officials' relatives
"11:53, 20-Jun-2022","Liu, Ou make badminton history as China claim two golds at Indonesia Open"
"20:35, 20-Jun-2022",China's green bond issuance logs rapid growth
"17:20, 20-Jun-2022",China take first gold in artistic swimming at FINA World Championships
"10:56, 20-Jun-2022",Famed Chinese lyricist Qiao Yu passes away
"19:03, 20-Jun-2022",25th anniversary of HK's return: A look at economic and social indicators
"12:13, 20-Jun-2022",'Hong Kong is back on right track' – Carrie Lam reflects on tumultuous five-year term
"13:17, 20-Jun-2022","Beijing says U.S. policy toward China 'deceptive, hypocritical, dangerous'"
"13:13, 20-Jun-2022",Rare footage captures river terns feeding nestling in SW China
"13:52, 20-Jun-2022",Wang Yi: China is committed to promoting global development
"20:37, 20-Jun-2022",Xi Jinping encourages PLA infantry academy students to contribute to strengthening armed forces
"16:57, 20-Jun-2022",Zoo provides cooling service for animals in E China
"09:26, 21-Jun-2022",Chinese mainland records 37 new confirmed COVID-19 cases
"21:17, 21-Jun-2022",Blockbuster 'Jurassic World Dominion' tops the box office for the second week
"12:16, 21-Jun-2022",12 injured in store explosion by possible gas leak in E China
"22:17, 21-Jun-2022",23 injured in gas explosion in north China's Tianjin 
"22:00, 21-Jun-2022",Amazon's shopping app taken down in China after violating user privacy
"15:26, 21-Jun-2022",Animals in solar terms: Xiazhi
"23:57, 21-Jun-2022",BRICS countries 'repairers' of global supply chain: Think tank
"23:20, 21-Jun-2022",Book of Xi's articles on CPC's youth-related work published
"14:17, 21-Jun-2022",China calls on countries to work together to counter hate speech 
"11:13, 21-Jun-2022","China expresses concerns over Indigenous women's rights in U.S., Canada, Australia"
"14:53, 21-Jun-2022",China deepens agricultural tech cooperation with BRICS nations
"19:00, 21-Jun-2022",China is committed to promoting the implementation of the 2030 Agenda: Chinese Foreign Ministry
"11:01, 21-Jun-2022",China's Three Gorges Reservoir area gets high-speed railway
"20:06, 21-Jun-2022",China's top legislature starts standing committee session
"20:00, 21-Jun-2022",China strongly condemns U.S. 'Uyghur Forced Labor Prevention Act'
"15:07, 21-Jun-2022",China urges 'relevant country' to stop sending wrong signals to 'Taiwan independence' forces
"21:45, 21-Jun-2022",First 'China Documentary Festival' global exhibition kicks off in Beijing
"11:18, 21-Jun-2022",First self-built methanol-powered tanker delivered in S China
"22:01, 21-Jun-2022","From e-commerce tycoon to ALS patient, Cai Lei fights for himself and fellow patients"
"11:20, 21-Jun-2022","Hong Kong chief executive-elect: Priority to boost economy, long-term stability and prosperity"
"10:09, 21-Jun-2022",Long-term ozone exposure increases cardiovascular mortality: study
"21:14, 21-Jun-2022",Mysterious 'singing sands' discovered on southern coast of China
"15:53, 21-Jun-2022",Second part of COP15 meeting relocates to Montreal in December
"13:30, 21-Jun-2022",Summer Solstice (Xia Zhi): the Longest Day in the Northern Hemisphere
"09:29, 22-Jun-2022", Chinese mainland records 31 new confirmed COVID-19 cases
"19:03, 22-Jun-2022",Political leaders address opening ceremony of BRICS Business Forum
"08:47, 22-Jun-2022","CY Leung: Hong Kong's democracy is as unique as the 'One Country, Two Systems' principle"
"13:05, 22-Jun-2022",China aims to construct first Space Solar Power Station in 2028
"09:06, 22-Jun-2022","China bag two golds, one bronze at FINA World Championships"
"12:59, 22-Jun-2022",China finds high-pressure minerals from Chang'e-5 lunar soil for the first time
"11:04, 22-Jun-2022",China 'fully ready' for 14th BRICS Summit: vice foreign minister 
"11:41, 22-Jun-2022",China honors Shenzhou-13 taikonauts with medals for space station mission
"14:46, 22-Jun-2022",China operates first smart oil refinery with 5G+ industrial internet
"14:56, 22-Jun-2022",This is China: China's role in the BRICS mechanism 
"12:01, 22-Jun-2022",China successfully launches Tianxing-1 test satellite atop Kuaizhou-1A carrier rocket
"11:03, 22-Jun-2022",Flood response raised to highest level in China's Pearl River basin
"22:12, 22-Jun-2022",Full text: Xi Jinping's speech at opening ceremony of BRICS Business Forum
"14:06, 22-Jun-2022","Leung Chun-ying: Hong Kong's democracy is as unique as the 'One Country, Two Systems' principle "
"14:28, 22-Jun-2022",Hong Kong Palace Museum holds opening ceremony
"22:58, 22-Jun-2022",New Development Bank's first loan project operating stably
"13:48, 22-Jun-2022",New high speed railway operation map boosts regional socioeconomic dev.
"07:52, 22-Jun-2022","Chinese premier stresses importance of ensuring grain security, energy supply"
"21:40, 22-Jun-2022",President Xi Jinping: welcome foreign investment in China
"21:42, 22-Jun-2022","President Xi Jinping calls for joint efforts to seek, uphold peace"
"22:14, 22-Jun-2022",Xi Jinping stresses need to build basic data systems to protect data security
"13:52, 22-Jun-2022",Southern China provinces raise alerts over historic flooding
"23:06, 22-Jun-2022","Wang Yi: China, India should meet each other halfway"
"13:50, 22-Jun-2022",What drew this Brazilian medical student to China?
"11:46, 22-Jun-2022",Wuhan upgrades public healthcare system
"22:14, 22-Jun-2022",Xi Jinping's key quotes at the opening ceremony of BRICS Business Forum
"20:21, 22-Jun-2022",Xi: Sanctions will bring disasters to people around world
"19:06, 22-Jun-2022","China calls for solidarity, openness as world faces drastic changes"
"20:03, 23-Jun-2022",BRICS leaders vow more solidarity as they meet for 14th summit
"22:27, 23-Jun-2022","BRICS issues Beijing Declaration, pledges to safeguard peace and security"
"22:02, 23-Jun-2022",BRICS leaders take virtual group photo at 14th summit
"11:43, 23-Jun-2022",BRICS-led New Development Bank approaches 7th anniversary
"11:35, 23-Jun-2022",BRICS's weight lies beyond the traditional geopolitical security
"14:10, 23-Jun-2022",Bauhinia and Lotus Series | Episode 1: Roaming bovines
"12:56, 23-Jun-2022",CMG's cultural TV program 'China in Poetry and Painting' to air in August
"11:04, 23-Jun-2022",China successfully launches three new remote sensing satellites
"23:51, 23-Jun-2022",Xi Jinping: China stands ready to work with BRICS partners to add more substance to GDI 
"09:33, 23-Jun-2022",Olympic champion Zhang Yufei grabs world swimming bronze as two teenagers steal the show
"19:43, 23-Jun-2022","China to strengthen laws against telecom and internet fraud, calling for joint efforts"
"08:59, 23-Jun-2022","China delivers world's largest 24,000 TEU container ship"
"09:19, 23-Jun-2022",Chinese mainland records 48 new confirmed COVID-19 cases
"17:33, 23-Jun-2022",Hong Kong's M+ Museum: A place for everyone
"14:19, 23-Jun-2022",How Chinese big-name athletes celebrated Olympic Day 
"11:32, 23-Jun-2022",HKSAR LegCo president: measures by central government to help lawmakers better serve people
"15:17, 23-Jun-2022","Macao's COVID-19 situation complex, but under control: Ho Iat Seng"
"14:51, 23-Jun-2022",Mexican senator: China to help forge new era of global development
"21:14, 23-Jun-2022",Technology helps farmers produce better grains in N China's Shanxi 
"11:31, 23-Jun-2022",Training with a Russian BJJ fighter in China
"23:03, 23-Jun-2022","Xi Jinping: BRICS countries need to uphold solidarity, safeguard world peace and tranquility"
"20:09, 23-Jun-2022",China calls on BRICS countries to foster high-quality partnership
"22:02, 23-Jun-2022","Xi Jinping: BRICS countries need to bring positive, stabilizing and constructive strength to world"
"23:21, 23-Jun-2022",Xi urges upholding openness and inclusiveness at the 14th BRICS Summit
"16:35, 24-Jun-2022",2 killed in liquefied petroleum gas blast in north China’s Hebei 
"14:24, 24-Jun-2022","6th WIC kicks off online, providing immersive experience"
"11:14, 24-Jun-2022",Age-friendly improvements are scaling up for China's elderly
"19:19, 24-Jun-2022",Analyst: BRICS Plus is attractive to emerging and developing countries
"21:28, 24-Jun-2022",BRICS+ cooperation model could lead African countries to shared prosperity
"10:54, 24-Jun-2022",Bauhinia and Lotus Series | Episode 2: Butterflies in Hong Kong
"16:26, 24-Jun-2022",CGTN Documentary and Radio The Greater Bay to go live in Hong Kong
"15:10, 24-Jun-2022",China envisions launching 6G commercial network around 2030
"15:33, 24-Jun-2022",China leave for Australia to attend FIBA Basketball World Cup qualifiers
"19:27, 24-Jun-2022",China's Taiwan confirms first case of monkeypox
"21:01, 24-Jun-2022",China's drug-related cases decline by over 20% annually for 5 consecutive years
"11:40, 24-Jun-2022",China to establish national demonstration zones for IPR protection
"09:15, 24-Jun-2022",Chinese mainland records 37 new confirmed COVID-19 cases
"14:04, 24-Jun-2022",Chinese twins add another artistic swimming gold at FINA World Champs
"23:34, 24-Jun-2022",HKSAR official says Hong Kong can benefit from new electoral system
"20:01, 24-Jun-2022",Sustainable development highlighted at the High-level Dialogue on Global Development
"21:31, 24-Jun-2022",Exclusive Stringer Dispatch: Indian tourism practitioner: I know China better after interacting with the locals
"23:28, 24-Jun-2022","Instead of smart cars, Tencent wants to build a cloud for cars"
"07:12, 24-Jun-2022",M4.9 earthquake strikes near China's Taiwan
"20:52, 24-Jun-2022",My account on China: Liangshan's poverty alleviation drive
"20:42, 24-Jun-2022",President Xi calls for fostering of high-quality partnerships
"20:12, 24-Jun-2022",Shanghai short of workers in service sector
"20:37, 24-Jun-2022",Why the call for expanding BRICS matters
"10:35, 24-Jun-2022",Wild giant panda mother and cub caught on camera in SW China
"23:24, 24-Jun-2022","Xi Jinping: This is an age rife with challenges, but also full of hope"
"20:05, 24-Jun-2022",Why China's development philosophy can help promote global prosperity
"22:27, 24-Jun-2022",Xi: Only through continuous development can people's dreams be realized
"22:28, 24-Jun-2022",Xi calls for jointly fostering global development partnerships
"22:55, 24-Jun-2022",Xi Jinping's key quotes at the High-level Dialogue on Global Development
"22:53, 24-Jun-2022",Xi Jinping stresses building international consensus on promoting development
"12:18, 25-Jun-2022","10,000th China-Europe freight train departs SW China's Chongqing"
"16:57, 25-Jun-2022",Asia News Wrap: A devastating earthquake in Afghanistan and more
"09:10, 25-Jun-2022",Full text: Chair's statement at the High-level Dialogue on Global Development
"08:46, 25-Jun-2022",Chengdu Universiade rescheduled for summer 2023
"10:59, 25-Jun-2022",Best for wallpaper: China Manned Space Agency releases 8K UHD photos shot in space
"21:12, 25-Jun-2022",China completes main structure of its neutrino detector
"17:25, 25-Jun-2022",China keeps enlarging nuclear power generation capacity in 2022 
"18:43, 25-Jun-2022",Chinese FM extends condolences to Afghan acting FM over earthquake
"12:52, 25-Jun-2022",China's Sinovac COVID-19 vaccine registered for use in South Africa
"18:24, 25-Jun-2022",China's northern parts swelter in temps as high as 40℃
"16:04, 25-Jun-2022","China unveils EV battery with unprecedented 1,000km on single charge"
"18:25, 25-Jun-2022",China warns against excessive COVID-19 control measures in some places
"09:30, 25-Jun-2022",Chinese mainland records 53 new confirmed COVID-19 cases
"11:46, 25-Jun-2022",Chinese mainland welcomes Hong Kong professionals
"09:00, 25-Jun-2022",Chinese neuroscientist wins 2022 L'Oréal-UNESCO For Women in Science Awards
"19:46, 25-Jun-2022",English-version 'Xi Jinping and College Students' released in Pakistan
"18:24, 25-Jun-2022",Expert: Better use of technology will advance agriculture
"18:22, 25-Jun-2022","Expert: Green energy cooperation, manufacturing and finance are vital"
"14:39, 25-Jun-2022","Hong Kong youths find jobs, opportunities in the Greater Bay Area"
"21:48, 25-Jun-2022",M4.9 earthquake hits Hualien in China's Taiwan: CENC
"22:02, 25-Jun-2022",My account on China: Liangshan's poverty alleviation drive
"23:40, 25-Jun-2022",My account on China: Wuhan's COVID-19 epicenter battle
"20:21, 25-Jun-2022",My account on China: Wuhan's COVID-19 epicenter battle
"22:58, 25-Jun-2022",Official: HKSAR govt to address public concerns as 'new chapter' opens
"16:58, 25-Jun-2022",PLA condemns U.S. aircraft's flight over Taiwan Straits
"11:56, 25-Jun-2022",Pink lightning flashes across the sky of China's Tongliao City
"09:15, 25-Jun-2022",President Xi speaks mind of developing countries: foreign minister
"10:23, 25-Jun-2022","China to strengthen exchanges, mutual learning with Latin America: Chinese FM"
"16:02, 25-Jun-2022",Wang Yi describes BRICS 'China Year' as fruitful
"23:05, 25-Jun-2022",World reacts positively to Xi's words at BRICS events
"00:17, 25-Jun-2022",Xi: China will continue to support the UN's 2030 agenda
"09:53, 25-Jun-2022",Xi to attend meeting marking 25th anniversary of HK's return to motherland
"14:20, 26-Jun-2022",Airbus sets up China research center for hydrogen technology
"23:18, 26-Jun-2022",Allan Zeman: HK continues its super-connector role in the world
"16:23, 26-Jun-2022","China Weekly News Quiz: June 19-26, 2022"
"22:49, 26-Jun-2022",China's sci-tech talent is becoming more youthful
"16:32, 26-Jun-2022",China's war on drugs makes advances but challenges remain 
"12:11, 26-Jun-2022",China take artistic swimming mixed duo bronze at FINA World Championsips
"14:05, 26-Jun-2022",Chinese forward Zeng Fanbo to play in NBA Summer League for Pacers
"09:21, 26-Jun-2022",Chinese mainland records 39 new confirmed COVID-19 cases
"11:23, 26-Jun-2022",China's Biodiversity: Conservation of water shield yields economic benefits for farmers in Chongqing
"14:01, 26-Jun-2022",From drug addict to drug abuse social worker: The story of Yang Weigen
"14:03, 26-Jun-2022",Hong Kong light show celebrates 25th anniversary of return to motherland
"11:13, 26-Jun-2022",Hong Kong: Ideal place for deal-making and dispute resolution
"14:06, 26-Jun-2022",Hong Kong youth in Shenzhen: Now is the golden opportunity
"11:03, 26-Jun-2022",Kung Fu Masters: Stories of 20 legendary lives
"22:40, 26-Jun-2022",Large quantity of drugs destroyed in SW China's Kunming  
"10:32, 26-Jun-2022",North China braces for flood season
"14:43, 26-Jun-2022","Security chief: National Security Law brings order back to Hong Kong, though threats linger"
"21:33, 26-Jun-2022",Shanghai to gradually allow dining-in at restaurants from June 29
"07:04, 22-Jun-2022",Tornado and floods take over Southern China 
