﻿"22:58, 21-Feb-2022",HK to roll out 'vaccine pass' in hope of boosting vaccination rate
"23:15, 21-Feb-2022",Hong Kong ramps up plans to curb COVID-19 infections
"19:26, 21-Feb-2022",How Gao Tingyu grew to become speed skating Olympic gold medalist
"22:59, 21-Feb-2022","Nixon's ice-breaking visit to China, 50 years on"
"21:53, 21-Feb-2022",Wang Yang calls on Taiwan compatriots to realize reunification is historical trend
"15:26, 22-Feb-2022","China calls for calm, restraint and dialogue to ease Ukraine tensions"
"19:15, 22-Feb-2022",China's No. 1 central document vows promotion of rural vitalization
"09:11, 22-Feb-2022",Chinese mainland records 138 confirmed COVID-19 cases
"12:42, 22-Feb-2022",Elusive sable spotted in north China's Inner Mongolia
"22:56, 22-Feb-2022",HK requires all residents to take 3 COVID tests in March
"21:12, 22-Feb-2022",First Olympic mascot themed Chinese film influences people to participate in sports 
"18:44, 22-Feb-2022",Rocket booster set to hit the moon is not China's: Chinese Foreign Ministry 
"12:29, 22-Feb-2022",The beauty of yellow leaves
"12:48, 22-Feb-2022",Wang Yi urges U.S. to practice its promises during phone call with Blinken
"21:09, 23-Feb-2022",92-year-old sculptor Liu Huanzhang continues to breathe life into stone
"11:36, 23-Feb-2022",Beautiful photos of frozen flowers taken in S China
"21:06, 23-Feb-2022",CMG starts calligraphic TV program with China Calligraphers Association 
"18:41, 23-Feb-2022",Central government ensures medical supplies delivered to Hong Kong
"15:56, 23-Feb-2022",Chinese envoy calls for practicing true multilateralism to safeguard UN Charter
"15:24, 23-Feb-2022",China rejects unilateral sanctions on Russia over Ukraine 
"20:12, 23-Feb-2022","China's Metaverse Committee, Asia Digital Bank to jointly boost BRI digital economy"
"10:14, 23-Feb-2022",China calls for increasing developing countries' voice at UNSC
"09:08, 23-Feb-2022",Chinese mainland records 205 confirmed COVID-19 cases
"11:38, 23-Feb-2022",Hong Kong to allocate some $6b to curb COVID-19
"13:10, 23-Feb-2022",Mainland vows decisive measures to crush 'Taiwan independence' plots
"17:23, 23-Feb-2022",More developing countries join Winter Olympics at Beijing 2022
"17:16, 23-Feb-2022","Olympic review: Snowboard, freeski keep soaring at Beijing 2022 Games"
"18:29, 23-Feb-2022",Xi congratulates inauguration of Mwalimu Julius Nyerere leadership school
"10:52, 24-Feb-2022",Beijing Winter Olympic organizers earn rave reviews from global athletes
"15:23, 24-Feb-2022",China calls on all parties to exercise restraint over Ukraine crisis
"17:45, 24-Feb-2022",China's major shale gas field adds 19 new wells
"09:18, 24-Feb-2022",China urges all parties to exercise restraint over Ukraine crisis
"12:49, 24-Feb-2022",China vows to boost support for export credit insurance
"19:43, 24-Feb-2022",Chinese embassy vows to protect citizens in Ukraine
"09:27, 24-Feb-2022",Chinese mainland records 186 confirmed COVID-19 cases
"12:39, 24-Feb-2022",Chinese students complain of unfair treatment while entering U.S.  
"19:32, 24-Feb-2022","Olympic review: Norway rules Nordic events, big names sweep medals"
"20:52, 24-Feb-2022",PLA actions 'won't stop' unless Taiwan separatists stop provocation: Defense Ministry
"11:09, 24-Feb-2022",This view of the ocean will put you at ease
"18:50, 24-Feb-2022",U.S. Justice Department ends controversial 'China Initiative' 
"19:11, 24-Feb-2022","Xi Jinping encourages Chinese winter sports athletes to strive for nation, people"
"12:49, 25-Feb-2022",'Elves of the plateau' winter in SW China's Tibet
"12:01, 25-Feb-2022",Breathtaking view of Helan Mountains covered with snow in NW China
"17:49, 25-Feb-2022",CPC leadership meets to discuss draft government work report
"22:17, 25-Feb-2022","China calls on Russia, Ukraine to solve issue through negotiation"
"15:56, 25-Feb-2022",China says it stands on the side of justice and peace on the Ukraine crisis
"18:08, 25-Feb-2022",China plans new data center clusters to lift computing power
"10:15, 25-Feb-2022",China to boost green shift in cities and villages: ministry
"15:41, 25-Feb-2022",Chinese envoy urges U.S. to contain 'Taiwan independence' forces
"09:40, 25-Feb-2022",Chinese mainland records 224 confirmed COVID-19 cases
"14:55, 25-Feb-2022",Critically endangered Baer's pochards spotted in east China's Shandong
"16:46, 25-Feb-2022",How do two of the world's biggest carbon emitters join hands to fight climate change
"21:17, 25-Feb-2022",Mainland slams Taiwan's DPP authorities on sanctioning Russia 
"14:50, 25-Feb-2022",Volunteers make vital contribution to Beijing 2022's tremendous success
"10:35, 25-Feb-2022",Winter Paralympic villages open to welcome 48 delegations
"19:29, 25-Feb-2022","China supports Russia, Ukraine to solve the issue through negotiation, Xi tells Putin"
"11:30, 26-Feb-2022",Are high heels falling out of favor among Chinese women?
"22:19, 26-Feb-2022",Mainland medical experts arrive in Hong Kong to fight COVID-19 outbreak
"19:21, 26-Feb-2022",China condemns latest U.S. warship transit of Taiwan Straits
"20:20, 26-Feb-2022",China eyes Qinghai-Tibet Plateau site for new astronomical observatory
"15:01, 26-Feb-2022",China's high-tech zones contributed 13% of its GDP in 2021
"13:47, 26-Feb-2022",China's new-generation manned launch vehicle may have reusable first stage
"10:57, 26-Feb-2022",China says EU should urge Lithuania to return to one-China principle
"11:13, 26-Feb-2022",China sets new safe flight world record of 100 million continuous hours
"07:31, 26-Feb-2022",Wang Yi: China encourages efforts conducive to peaceful settlement of Ukraine crisis
"10:02, 26-Feb-2022",Chinese mainland records 249 confirmed COVID-19 cases
"09:33, 26-Feb-2022",Graphics: China records over 1b trips in Spring Festival travel rush
"21:00, 26-Feb-2022",Iran to send five athletes to 2022 Winter Paralympic Games
"12:22, 26-Feb-2022",U.S. sanctions Putin as Russia and Ukraine signal openness to talks
"16:34, 26-Feb-2022",Wang Yi: China provides over 2.1 billion COVID-19 vaccines globally 
"14:37, 26-Feb-2022",Xi stresses firm adherence to China's path of human rights development
"22:32, 27-Feb-2022","China Weekly News Quiz: February 20-27, 2022"
"09:36, 27-Feb-2022",China launches new L-SAR 01B land observation satellite
"14:04, 27-Feb-2022","China's top legislature reviews work report, draft agenda for upcoming annual session"
"12:49, 27-Feb-2022",China sends 22 satellites into orbit with redesigned Long March-8
"09:34, 27-Feb-2022","Wang Yi: China backs a security dialogue between NATO, EU and Russia"
"08:20, 27-Feb-2022",'Never leave citizens behind': Chinese ambassador says he still in Kyiv
"09:24, 27-Feb-2022",Chinese mainland records 239 confirmed COVID-19 cases
"20:29, 27-Feb-2022",Chinese para ice hockey team have first adaptive training session
"10:49, 27-Feb-2022",Foreign trainees complete online training at Chinese acrobatics school
"19:28, 27-Feb-2022",Global Political Calendar: China's Two Sessions and Russia-Ukraine conflict
"22:12, 27-Feb-2022",How the pandemic is reshaping China's Gen Z
"10:11, 27-Feb-2022",Russia resumes operation as Ukraine says talk conditions 'unacceptable'
"16:05, 27-Feb-2022",The butterflies that 'live' forever
"10:52, 27-Feb-2022",Xinjiang makes progress in consolidating poverty alleviation
"14:55, 28-Feb-2022",Carrie Lam meets mainland epidemiologists on combating COVID-19
"16:08, 28-Feb-2022",China always stands on the side of peace and justice
"19:24, 28-Feb-2022",China initiates emergency coordination to ensure its citizens' safety in Ukraine: Wang Yi
"16:41, 28-Feb-2022",China explores feasible plans for evacuation of citizens from Ukraine
"15:03, 28-Feb-2022",China issues report on U.S. human rights violations
"10:11, 28-Feb-2022",China's 2021 GDP surpasses 114 trillion yuan: NBS
"23:18, 28-Feb-2022",China's new rocket Long March-8 Y2 sets new era of satellite rideshare
"19:43, 28-Feb-2022",Wang Yi refutes hype about China's Xinjiang affairs as baseless
"15:48, 28-Feb-2022",Chinese FM to address UN Human Rights Council session
"09:11, 28-Feb-2022",Chinese mainland records 234 confirmed COVID-19 cases
"10:16, 28-Feb-2022","IPC, BOCOG presidents confident of successful Winter Paralympics"
"08:51, 28-Feb-2022",Meet the people behind Beijing 2022 Winter Olympics
"21:46, 28-Feb-2022",President Xi stresses importance of fostering world-class enterprises
"14:18, 28-Feb-2022","Senior CPC officials report work to CPC Central Committee, Xi Jinping"
"12:12, 28-Feb-2022",Snooker: China's Fan defeats O'Sullivan to claim European Masters 2022
"11:27, 28-Feb-2022",Team China's sports gear at Beijing 2022 Winter Olympics
"07:31, 28-Feb-2022",UN adopts resolution on emergency General Assembly session on Ukraine
"11:09, 28-Feb-2022",China urges U.S. to stop hollowing out one-China principle on 50th anniversary of Shanghai Communique
"20:06, 28-Feb-2022",Xi's speech on work of people's congresses to be published
"09:09, 01-Mar-2022",China calls for efforts conducive to direct negotiations on Ukraine
"11:26, 01-Mar-2022",China's first regulations on preserving Yellow River basin take effect
"09:36, 01-Mar-2022","China's manufacturing PMI edges up to 50.2 in February, beating forecast"
"11:54, 01-Mar-2022",China to provide emergency food aid to drought-affected Horn of Africa countries
"20:57, 01-Mar-2022",China urges U.S. to immediately stop official exchanges with Taiwan region
"14:31, 01-Mar-2022",CMG's documentary collected by Chinese People's Revolution Military Museum 
"21:10, 01-Mar-2022",China calls for constructive efforts to find political solution to Ukraine issue
"09:20, 01-Mar-2022",Chinese mainland records 200 confirmed COVID-19 cases
"15:38, 01-Mar-2022",Mainland-aided isolation facility in Hong Kong starts admitting COVID-19 patients
"15:44, 01-Mar-2022",Expert: Short-termism in U.S. getting ahead of long-term perspective in China-U.S. relations
"13:01, 01-Mar-2022",Guzheng artist brings beauty of Chinese instrument to streets in France
"09:13, 01-Mar-2022",How is China's path in smart agriculture different?
"18:34, 01-Mar-2022","Side by side, mile by mile, Lu and Yin bond with every step"
"18:22, 01-Mar-2022","Xi tells young officials to have strong faith, work hard"
"09:00, 02-Mar-2022",Beijing 2022 Winter Paralympic Games torch relay kicks off in China
"14:07, 02-Mar-2022",China delivers world's first super-large LNG dual-fuel oil tanker
"19:55, 02-Mar-2022",Food security in China: Lawmakers to review bill ahead of key legislative session
"22:30, 02-Mar-2022",China's rocket startup: Not a replica of SpaceX 
"13:42, 02-Mar-2022",China's space tracking ship sails for Indian Ocean missions
"22:36, 02-Mar-2022",China will not join financial sanctions against Russia: official 
"22:17, 02-Mar-2022","Wang Yi: China firmly upholds political, diplomatic settlement of Iran nuclear issue"
"13:16, 02-Mar-2022",Chinese Paralympic Alpine ski team trains at Yanqing
"13:27, 02-Mar-2022",Chinese Paralympians unlock their potential in sports
"09:12, 02-Mar-2022",Chinese mainland records 224 confirmed COVID-19 cases
"22:39, 02-Mar-2022",Team China aim for breakthrough in alpine skiing at 2022 Winter Paralympics
"13:31, 02-Mar-2022",Chinese Paralympic snowboarders gearing up for Beijing 2022
"16:57, 02-Mar-2022",Mainland freight train bringing anti-virus supplies to HKSAR
"14:56, 02-Mar-2022",Beautiful birds frolic in NE China's Heilongjiang Province
"10:04, 02-Mar-2022",#BizBeat Ep.340: Unilateral actions violate China-U.S. trade deal and WTO principles 
"10:38, 02-Mar-2022",Whooper swans move northward after 4 months of wintering in E China
"15:36, 02-Mar-2022",Winter Paralympics flames combined at the Temple of Heaven in Beijing
"20:42, 02-Mar-2022","Xi tells armed police to always be faithful guardian of Party, people"
"17:59, 03-Mar-2022",'Bottlenecks still exist' in China's core technology: spokesperson
"16:13, 03-Mar-2022",2022 Winter Paralympics torch relay reaches Yanqing
"17:20, 03-Mar-2022","Beijing 2022 overachieves emissions target, plugs capital to green energy"
"08:37, 03-Mar-2022",Beijing Winter Paralympic Games reflect more than just sports
"10:52, 03-Mar-2022",Bubble signs reversed in China's real estate sector: Banking regulator
"11:24, 03-Mar-2022",China calls on UN to play positive role for de-escalation in Ukraine
"15:58, 03-Mar-2022",China conditionally approves 1st recombinant protein COVID-19 vaccine
"11:28, 03-Mar-2022",China criticizes U.S. 'ruthless misappropriation' of Afghan assets
"09:08, 03-Mar-2022","China releases plan to support carbon peak, neutrality goals"
"10:00, 03-Mar-2022",China's progress in parasports contributes to the world: white paper
"16:57, 03-Mar-2022",China's 'dynamic zero-COVID' policy helps steady global supply chain: spokesperson
"10:44, 03-Mar-2022",China's Taiwan hit by massive power failure
"16:54, 03-Mar-2022","China's top political advisors call for technological innovation, industrial transformation"
"15:00, 03-Mar-2022","China's top political advisory body briefs media on economic development, zero-COVID strategy"
"18:10, 03-Mar-2022","China's whole-process people's democracy improves people's lives, development: CPPCC spokesperson"
"09:10, 03-Mar-2022",China voices concerns for safety of Ukraine's nuclear facilities
"09:22, 03-Mar-2022",Chinese mRNA COVID-19 antibody shields mice long-term
"09:11, 03-Mar-2022",Chinese mainland records 214 confirmed COVID-19 cases
"11:14, 03-Mar-2022","Guo Yujie, Wang Zhidong named China's Paralympics flagbearers"
"18:00, 03-Mar-2022",How China will steer stable economy with 2022 instabilities: economist
"18:05, 03-Mar-2022",Key quotes: How Xi Jinping cares for persons with disabilities
"17:49, 03-Mar-2022","Spokesperson lauds 2022 Winter Olympics as impressive, memorable"
"14:11, 03-Mar-2022",This is China: What makes the 2022 Two Sessions special?
"08:37, 03-Mar-2022","Tibetan New Year greetings from the 11th Panchen Lama, Qoigyi Gyaibo"
"18:23, 03-Mar-2022",UNGA resolution on Ukraine inconsistent with China's position: MOFA
"19:16, 03-Mar-2022",Unboxing China: What is China's annual government work report and what should we expect from it?
"12:58, 03-Mar-2022",Combined Data Analysis: What issues are people most interested in at the Two Sessions? 
"14:54, 03-Mar-2022",World Wildlife Day: China's big push towards wildlife conservation
"18:05, 03-Mar-2022",Xi to attend opening ceremony of Beijing 2022 Paralympic Winter Games
"16:29, 03-Mar-2022",Youth Talk Ep. 1: Employment still top priority in China
"01:10, 01-Mar-2022",Chinese FM urges sound development of global human rights
"06:26, 23-Feb-2022",A look back on Nixon's China visit
"06:55, 24-Feb-2022", Ray Dalio of Bridgewater Associates at CGCC Lunar New Year Gala 
"17:18, 25-Feb-2022",Ambassador Qin Gang commemorates 50th anniversary of Nixon's China visit
"03:51, 26-Feb-2022",Qin Gang celebrates 50th anniversary of Nixon’s visit to China
"04:31, 27-Feb-2022",Qin Gang visits a school that President Xi and Biden visited 10 years ago
"05:25, 28-Feb-2022",Explanation of Vote by Ambassador Zhang Jun at the UN Security Council on the Resolution on Ukraine
