﻿"18:41, 17-Jul-2022",Badminton: China bag 3 silvers at Singapore Open
"14:16, 17-Jul-2022",COVID-19 cases in U.S. near 90 million as BA.5 variant spreads
"14:01, 17-Jul-2022","Global Political Calendar: UK PM race down to 2 contenders, Sri Lanka to see new president"
"07:50, 17-Jul-2022",Cargo plane with Serbian defense material crashes in northern Greece
"16:45, 17-Jul-2022","At least 2 killed, 15 injured in car bombing in Somalia"
"08:08, 17-Jul-2022",China beat Chinese Taipei at FIBA Asia Cup
"16:43, 17-Jul-2022",China's Zhao Rui: We're doing better and better game by game
"22:52, 17-Jul-2022",Death toll in Sudan tribal clashes rises to 65: ministry
"17:56, 17-Jul-2022",Gobert welcomes Embiid's possible role in French national team
"21:24, 17-Jul-2022",Khamenei adviser: Iran has capability to build nuclear bomb
"22:27, 17-Jul-2022","Iran pardons, commutes sentences for over 2,200 convicts"
"17:43, 17-Jul-2022",Kerley leads home American sweep of men's 100m final
"08:03, 17-Jul-2022","Leaders vow for security, stability in Middle East at Jeddah summit"
"17:09, 17-Jul-2022",Li Jingliang TKOs Muslim Salikhov in Round 2 at UFC Long Island
"22:34, 17-Jul-2022",Nine killed in separate shootings in South Africa: police
"11:19, 17-Jul-2022","OPEC+ to assess oil market, take necessary steps: Saudi FM"
"08:59, 17-Jul-2022",Social life helps orphaned elephants overcome loss: study
"19:09, 17-Jul-2022",SpaceX Dragon cargo spacecraft docks at International Space Station
"10:22, 17-Jul-2022",Tehran accuses U.S. of using 'Iranophobia' to create tension during Biden visit
"15:36, 17-Jul-2022",UAE president announces $817m fund to support space sector
"22:59, 17-Jul-2022",Wang Yi says lessons should be learned from Ukraine crisis during call with Hungarian FM
"12:36, 17-Jul-2022","Women's Euro: Germany beat Finland to grab 3rd group win, Norway crash to shock exit"
"21:03, 18-Jul-2022","11 killed, scores wounded in car accident in Indonesia's Jakarta"
"16:05, 18-Jul-2022",13 killed after bus falls into river in India's Madhya Pradesh
"19:51, 18-Jul-2022",23 people drown as boat capsizes in Indus River
"12:30, 18-Jul-2022",2022 Indian presidential election kicks off
"10:05, 18-Jul-2022",Acting Sri Lankan president declares state of emergency
"07:07, 18-Jul-2022",At least 4 killed in Indiana mall shooting
"08:26, 18-Jul-2022",Badminton: Sindhu beats China's Wang Zhiyi to win Singapore Open 
"10:30, 18-Jul-2022",Chelsea suffer huge blow as Matthijs de Ligt agrees record deal to join Bayern Munich
"15:47, 18-Jul-2022","China, India hold 16th corps commander level meeting"
"21:54, 18-Jul-2022",China warns U.S. 'not to play with fire' on Taiwan issue 
"20:26, 18-Jul-2022",EU signs deal with Azerbaijan to double gas imports
"18:25, 18-Jul-2022","EU secures over 50,000 additional doses of Bavarian Nordic's monkeypox vaccine"
"21:29, 18-Jul-2022",Estonia's new government takes office
"21:33, 18-Jul-2022",Hottest day in Wales at 35.3°C
"13:58, 18-Jul-2022","Japan's daily COVID-19 cases top 100,000 for the third straight day"
"21:00, 18-Jul-2022",M5.1 quake hits eastern Afghanistan: USGS
"19:25, 18-Jul-2022",My Account on China: China-Pakistan ties in corridor of cooperation 
"19:20, 18-Jul-2022",Nearly half of EU's territory 'at risk' of droughts: EU commission
"07:28, 18-Jul-2022",New Zealand's inflation hits 32-year high of 7.3%
"21:44, 18-Jul-2022",Russia calls for restoration of 2015 Iran nuclear deal
"16:42, 18-Jul-2022","South Korean, Japanese foreign ministers hold bilateral talks"
"18:29, 18-Jul-2022",Sri Lankan acting president says talks with IMF nearing conclusion
"10:48, 18-Jul-2022","Sweden, the Netherlands reach Women's Euro 2022 quarterfinals"
"07:25, 18-Jul-2022","Texas probe cites 'systemic failures,' poor leadership in Uvalde school shooting"
"16:25, 18-Jul-2022","UFC Fight Night: Injury curtails Ortega vs. Rodriguez, leaves UFC in the lurch"
"22:41, 18-Jul-2022",UK halts flights at major air base as runway has 'melted': report
"21:36, 18-Jul-2022",Britain on course for hottest day on record while Europe battles wildfires in intense heat
"07:14, 19-Jul-2022",13 inmates died in Ecuador prison brawl
"15:43, 19-Jul-2022",13 missing as passenger ship capsizes in eastern Indonesia
"20:08, 19-Jul-2022",Afghanistan's quake causalities soar to 31
"19:16, 19-Jul-2022",Ambassador's Culture Chat: All about Sri Lanka with its envoy to China
"21:44, 19-Jul-2022",Analyst: Putin wants to further strengthen ties with Iran
"16:51, 19-Jul-2022",Armenia to completely withdraw forces from Nagorno-Karabakh region
"17:20, 19-Jul-2022",Art Without Borders: British singer combines Western and Chinese music
"18:46, 19-Jul-2022",19th Asian Games to be held from September 23 to October 8 in 2023 in Hangzhou
"15:55, 19-Jul-2022","At least 25 killed, 35 injured in road accident in Egypt's Minya"
"15:39, 19-Jul-2022",Austria's annual inflation hits 47-year high of 8.7% in June
"22:06, 19-Jul-2022",Badenoch out of Tory leadership contest in fourth round vote
"12:13, 19-Jul-2022",Belgium edge Italy to reach women's Euros quarterfinals for the first time
"07:13, 19-Jul-2022",Boris Johnson defends record as government wins confidence vote
"10:38, 19-Jul-2022",Britain's Sunak still ahead as third vote leaves 4 candidates standing
"11:06, 19-Jul-2022",Formidable China thrash hosts Indonesia by 50 points to reach FIBA Asia Cup quarterfinals
"18:56, 19-Jul-2022",China warns of consequences if U.S. House Speaker Nancy Pelosi visits Taiwan region
"19:56, 19-Jul-2022",Chinese envoy outlines propositions to address global food crisis
"22:08, 19-Jul-2022","Chinese vice premier, EU official hold economic dialogue"
"13:56, 19-Jul-2022","Daily COVID-19 cases top 100,000 in Japan for 3 consecutive days"
"12:30, 19-Jul-2022","Dog 'marathon' takes place in Lima, Peru"
"16:13, 19-Jul-2022",EU efforts insufficient to get through winter without Russian gas: IEA
"15:18, 19-Jul-2022","EU opens membership talks with Albania, North Macedonia: Von der Leyen"
"13:58, 19-Jul-2022","Erdogan, Putin to discuss deal on resuming Ukraine's Black Sea exports"
"15:52, 19-Jul-2022",Erdogan meets with Iranian leaders in Tehran
"21:57, 19-Jul-2022",Europe must act now or risk tougher COVID-19 measures later: WHO official
"17:13, 19-Jul-2022",European Union's annual inflation hits record 9.6% in June
"21:38, 19-Jul-2022",Expert: Need to reduce fossil fuel use substantially
"10:23, 19-Jul-2022",Gazprom tells European buyers it cannot ensure gas supplies: Reuters
"16:18, 19-Jul-2022","IBM beats quarterly revenue estimates, warns of $3.5 bln forex hit"
"13:43, 19-Jul-2022",IEA urges EU to prepare for major gas crunch in winter 
"16:48, 19-Jul-2022","Iran, Russia's Gazprom sign MoU on energy cooperation"
"21:45, 19-Jul-2022",Israeli army strikes Gaza after gunfire from enclave: statement
"22:28, 19-Jul-2022",January 6 committee chairman tests positive for COVID-19
"16:06, 19-Jul-2022",Japanese figure skater Hanyu Yuzuru retires from competing
"22:30, 19-Jul-2022",Japanese figure skating icon Yuzuru Hanyu retires from competing
"23:23, 19-Jul-2022",World Athletics Championships: Nafissatou Thiam reclaims world heptathlon title
"17:56, 19-Jul-2022","Putin arrives in Tehran to discuss Syrian situation with Iran, Türkiye"
"21:40, 19-Jul-2022","Putin meets Iranian president, supreme leader in Tehran "
"19:01, 19-Jul-2022",Record high temperature of 40°C recorded in Britain: Met Office
"21:44, 19-Jul-2022",Record high temperatures around France: weather office
"21:43, 19-Jul-2022","Russia, Iran and Türkiye to discuss Syria conflict"
"07:48, 19-Jul-2022",Russia-Türkiye-Iran trilateral hints at waning U.S. influence in Middle East
"17:54, 19-Jul-2022",Russia says Apple violates antitrust laws
"19:14, 19-Jul-2022",Ambassador's Culture Chat: Sharing memories with H.E. Djauhari Oratmangun
"11:58, 19-Jul-2022","Sri Lankan Parliament receives nominations for president, new leader expected on Wednesday "
"12:31, 19-Jul-2022",Sri Lankan opposition leader withdraws from presidential race
"11:13, 19-Jul-2022",Exclusive Stringer Dispatch: Sri Lankan people: Our lives are spent in queues
"12:31, 19-Jul-2022",Sri Lankan presidential nominations presented to parliament
"17:11, 19-Jul-2022",Tory MP Tobias Ellwood has whip removed for failure to support govt
"08:58, 19-Jul-2022","U.S. House supports Finland, Sweden joining NATO"
"17:27, 19-Jul-2022",Art Without Borders: U.S. musician blends traditional and contemporary tunes
"19:15, 19-Jul-2022","Western Europe grapples with record heat, raging fires"
"21:42, 19-Jul-2022",Wickremesinghe: Talks with IMF to fix economy of Sri Lanka under way
"21:35, 19-Jul-2022",World Athletics Championships: Xie Zhenye advances to men's 200m semifinals
"19:47, 20-Jul-2022", Expert: China-EU cooperation in trade encourages global economy
"19:11, 20-Jul-2022",6 Iraqi policemen killed in IS attack
"21:09, 20-Jul-2022","8 killed, 23 injured in Turkish shelling in northern Iraq: report"
"21:40, 20-Jul-2022","Almost 14,000 monkeypox cases reported to WHO this year: Tedros"
"21:18, 20-Jul-2022",2022 World Athletics Championships: Australia's Eleanor Patterson wins women's high jump
"15:58, 20-Jul-2022","AxiCorp's Stephen Innes on Janet Yellen's visit to South Korea, recession risks"
"07:47, 20-Jul-2022","Biden approval rating falls to 36%, matching record low"
"23:02, 20-Jul-2022",Canada's inflation soars to four-decade high
"17:19, 20-Jul-2022","China, Sierra Leone hail traditional ties as FMs speak over phone"
"17:16, 20-Jul-2022",China's experience guides international high-speed railway standards
"09:53, 20-Jul-2022",Chinese Ambassador to Indonesia Lu Kang on China-Indonesia projects
"09:19, 20-Jul-2022","Chinese, Finnish FMs hold phone talks on bilateral ties"
"10:10, 20-Jul-2022",Chinese military slams U.S. warship transiting Taiwan Straits
"09:14, 20-Jul-2022",Chinese premier tells WEF chairman: China stays committed to opening-up
"19:28, 20-Jul-2022",Death toll from Pakistan wedding boat mishap surpasses 50
"20:16, 20-Jul-2022",Death toll from Sudan ethnic clashes rises to 105: official
"16:27, 20-Jul-2022",Dinesh Gunawardena tipped to be new Sri Lankan PM: report
"19:35, 20-Jul-2022",Expert: Trilateral statement can help stabilize situation in Syria
"13:30, 20-Jul-2022",Extreme heat waves are here to stay: WMO
"19:52, 20-Jul-2022",InFocus: What does the euro's crash mean?
"16:46, 20-Jul-2022",Italy to hold confidence vote in PM Draghi's government
"11:53, 20-Jul-2022",Robert Lewandowski: The ultimate goal machine that Barcelona need in post-Messi era
"08:02, 20-Jul-2022","M5.7 earthquake strikes southern Sumatra, Indonesia: EMSC"
"23:11, 20-Jul-2022",Mali expels UN peacekeeping mission spokesperson
"10:54, 20-Jul-2022",Netflix subscriber numbers drop two quarters in a row
"20:36, 20-Jul-2022",Pakistani ambassador to China: Sino-Pakistan relationship unshakable
"20:25, 20-Jul-2022",Premier Li attends WEF Special Virtual Dialogue with Global Business Leaders
"19:36, 20-Jul-2022",Putin: West must remove restrictions on Russian grain exports
"09:08, 20-Jul-2022",Qatar's World Cup final stadium to host first match next month
"22:43, 20-Jul-2022",Former Sri Lankan President Rajapaksa on short-term visit pass in Singapore
"19:48, 20-Jul-2022",South Africa extends national state of disaster after heavy flooding
"07:36, 20-Jul-2022",South Africa extends state of disaster in KwaZulu-Natal
"16:56, 20-Jul-2022",South Africa's inflation hits 13-year high in June
"20:46, 20-Jul-2022",Spanish PM says 'more than 500 died' from heatwave
"12:30, 20-Jul-2022",Sri Lankan parliament starts voting to elect new president
"23:01, 20-Jul-2022",Sunak retains lead in UK PM race
"07:40, 20-Jul-2022","Türkiye, Russia, Iran vow to combat terrorism in all forms"
"18:07, 20-Jul-2022",Türkiye's annual inflation reaches highest level in 24 years
"17:56, 20-Jul-2022",Two Iranian border guards killed during clash with opposition group
"07:17, 20-Jul-2022",U.S. House passes bill to protect same-sex marriage
"14:02, 20-Jul-2022",UK inflation strikes new 40-year high of 9.4% in June
"20:31, 20-Jul-2022",UK's Boris Johnson takes his last PMQs in parliament
"22:35, 20-Jul-2022",Ukraine's Yaroslava Mahuchikh wins silver medal in high jump at world championships
"15:10, 20-Jul-2022",Sri Lanka: 6-time PM Ranil Wickremesinghe wins presidency
"17:37, 20-Jul-2022",Wickremesinghe to swear in as Sri Lankan president on July 21
"21:19, 20-Jul-2022","2022 World Athletics Championships: Britain's Jake Wightman wins 1,500m gold"
"02:13, 18-Jul-2022",AU urges establishment of Public Health Emergency Operations Centres
"01:12, 18-Jul-2022",Egypt's El-Sisi heads to Berlin for Petersberg Climate Dialogue
"01:10, 18-Jul-2022",Five people shot dead in separate gun attacks in South Africa
"01:45, 18-Jul-2022",Kenyan President Kenyatta begins three-day visit of Seychelles
"03:11, 18-Jul-2022","UN chief hails Nelson Mandela as a ""moral compass"" for the whole world"
"01:07, 19-Jul-2022",Egyptian President Abdel Fattah el-Sisi urges world to support Africa's efforts to tackle climate change
"01:38, 19-Jul-2022",Italian PM in Algeria for fourth Algerian-Italian bilateral summit
"02:05, 19-Jul-2022","Kenya, Seychelles sign ten cooperation agreements "
"00:31, 19-Jul-2022",Sudan orders investigation into tribal clashes in Blue Nile state
"00:38, 19-Jul-2022",Twelve suspects arraigned in court over South Africa gun killings
"01:34, 20-Jul-2022",AfDB approves over $1 billion for emergency food production plan in Africa
"00:17, 20-Jul-2022","Codeshare deal between South African Airways, Kenya Airways opens up more options for travelers"
"01:25, 20-Jul-2022",Tanzania identifies mystery illness as Leptospirosis
"01:44, 20-Jul-2022","Twitter, Musk head to October trial over $44 billion deal"
"01:25, 21-Jul-2022",Iraqi PM condemns Türkiye for 'violation' after deadly Kurdistan strike
"03:06, 21-Jul-2022","Italian PM Draghi wins confidence vote, but three parties snub motion"
"03:03, 21-Jul-2022",Kenya announces stimulus package to help vulnerable households
"02:27, 21-Jul-2022",Namibia loses nearly 20 percent of forest in last 30 years: official
"01:59, 21-Jul-2022",Russian gas flow expected to resume at previous level: German pipeline manager 
"02:37, 21-Jul-2022",Wildfires rage across Europe as climate alarm sounded
"00:40, 21-Jul-2022",EU asks member states to reduce energy consumption by 15%
"06:42, 17-Jul-2022",Helicopter crash kills 14 Mexican marines during arrest of drug lord
"02:56, 18-Jul-2022",Classic version of Don Quixote returns to Cuba
"03:01, 18-Jul-2022",Outrage over leaked surveillance video of Uvalde school attack
"02:58, 18-Jul-2022",Scientists marvel at new pictures from Webb telescope
"06:37, 18-Jul-2022",Ukrainian athlete Yaroslava Mahuchikh competes for her home
"06:17, 19-Jul-2022",Consumers waste less as Inflation soars in Argentina
"03:19, 20-Jul-2022",California passes strict laws to reduce plastic waste
"04:34, 20-Jul-2022",Outraged Uvalde citizens demand accountability from school officials for mass shooting
