﻿"23:15, 03-Jul-2022","8 killed, 1 injured after memorial arch collapses in N China"
"10:55, 04-Jul-2022","'Halo saved me today,' says Zhou as Sainz claims maiden win at Silverstone"
"13:36, 04-Jul-2022","Bagua Spear: More shaft, less spear head"
"19:20, 04-Jul-2022",Beijing slams NASA chief for claiming China could 'take over' the moon
"21:26, 04-Jul-2022",My Account on China: China-Indonesia ties: Riding the tide to prosperity
"20:44, 04-Jul-2022","China, Mozambique vow to advance Belt and Road cooperation"
"11:14, 04-Jul-2022",China complete flawless clean sweep of diving golds at FINA World Championships
"23:39, 04-Jul-2022",China's top legislator stresses on protecting Yangtze River 
"09:18, 04-Jul-2022",Chinese mainland records 72 new confirmed COVID-19 cases
"18:16, 04-Jul-2022",How practice at local level enriches China's governance
"17:44, 04-Jul-2022",My Account on China: Rural revitalization benefits farmers in Simola
"23:12, 04-Jul-2022","New roads, railways improve lives of local Tibetans"
"08:43, 04-Jul-2022",12 bodies found after typhoon sinks offshore vessel in S China
"18:04, 04-Jul-2022","Orchids bloom in Huanglong, SW China"
"14:14, 04-Jul-2022",Paintings offer glimpse into Chinese artist's take on life
"16:57, 04-Jul-2022",Stories of Xi Jinping and foreign friends
"12:38, 04-Jul-2022",The Xinjiang Act will backfire on the United States
"15:40, 04-Jul-2022",Typhoon Chaba hampers 'Fujing 001' rescue mission 
"23:15, 04-Jul-2022","Wang Yi: China, Vietnam should contribute more to world peace"
"22:44, 04-Jul-2022",Wang Yi calls for building stronger development of Lancang-Mekong economic belt
"14:33, 04-Jul-2022",World's 2nd largest hydro-plant completes sectional power transmission
"22:41, 04-Jul-2022","Xi Jinping: China ready to promote more robust, greener global development"
"16:36, 05-Jul-2022",0705
"22:38, 05-Jul-2022",5th Digital China Summit to focus on digital China initiative
"08:59, 05-Jul-2022",Bauhinia and Lotus Series | Episode 9: A date with winter
"22:03, 05-Jul-2022",China Indonesia: Riding the tide to prosperity
"23:36, 05-Jul-2022","China, Thailand to jointly build community with shared future"
"16:05, 05-Jul-2022",China's coach pleased with progress at FIVB Volleyball Women's Nations League
"09:58, 05-Jul-2022",China's Zhang Shuai storms into first Wimbledon doubles quarterfinals
"21:26, 05-Jul-2022",China's floral market shows resilience and vitality
"18:21, 05-Jul-2022",China says its vessels' activities near Diaoyu Islands are legitimate
"19:52, 05-Jul-2022",Chinese FM attends regional foreign ministers' meeting in Myanmar
"09:41, 05-Jul-2022","Chinese, U.S. senior officials hold video talk on economic issues"
"09:22, 05-Jul-2022",Chinese mainland records 112 new confirmed COVID-19 cases
"13:34, 05-Jul-2022",Coach Du Feng: China target 2022 FIBA Asia Cup title
"09:57, 05-Jul-2022",Confucius Institute attack suspect arrested by Pakistani authorities
"18:00, 05-Jul-2022",Cultural policies by local govt. help promote religious education
"18:22, 05-Jul-2022",This is Hong Kong: Food connoisseur Chua Lam shows various ways to taste roast meats
"17:27, 05-Jul-2022",Jaime FlorCruz on China's development over the last four decades
"10:53, 05-Jul-2022",Life expectancy of Chinese people rises to 77.93 years: NHC
"18:01, 05-Jul-2022",Museum toy gains popularity with its unique designs
"22:56, 05-Jul-2022",Officials say China committed to building TCM brand
"15:32, 05-Jul-2022",Recreating the techniques of spear fighting in Xingyi Quan
"23:04, 05-Jul-2022",Space Log: China's Shenzhou-14 crew prepares for future tasks during first month in space
"22:47, 05-Jul-2022",Taekwondo hall owner turns to delivery
"18:43, 05-Jul-2022",Tech Please: Why did Airbnb fail in China?
"21:25, 05-Jul-2022",Upgraded Guangdong Chinese Medicine Museum champions TCM culture
"15:39, 05-Jul-2022",Xi congratulates Algerian president on 60th anniversary of independence
"18:15, 06-Jul-2022","12 bodies recovered, 4 rescued after Typhoon Chaba smashes engineering vessel"
"13:49, 06-Jul-2022","3 dead after torrential rain in Dehong, SW China"
"15:31, 06-Jul-2022",Senior CPC official urges think tanks to contribute more to global development
"14:39, 06-Jul-2022",Bauhinia and Lotus Series | Episode 10: Costal sentinels
"18:04, 06-Jul-2022",CSL to bring back home and away games in early August
"18:00, 06-Jul-2022",China closely following Pakistan's probe into Confucius Institute attack
"21:28, 06-Jul-2022",China ready to usher in new 'golden age' with Philippines: Chinese FM
"17:51, 06-Jul-2022",China's central environmental inspections bear fruit
"22:45, 06-Jul-2022",China starts constructing first commercial spacecraft launch site in Hainan
"16:16, 06-Jul-2022",China to step up supervision of hog futures market to tame pork price hikes
"19:44, 06-Jul-2022",China urges U.S. to correct its perception of China
"07:07, 06-Jul-2022","Wang Yi, Antony Blinken to meet on G20 sidelines, first for the two since last October"
"16:07, 06-Jul-2022",Chinese Paralympian Zhang Mengqiu: Now is the best time to fight
"13:48, 06-Jul-2022",Chinese astronomers detect 9 super lithium-rich unevolved stars
"09:33, 06-Jul-2022",Chinese mainland records 141 new confirmed COVID-19 cases
"21:37, 06-Jul-2022",Chinese players test positive for COVID-19 before FIBA Asia Cup
"11:08, 06-Jul-2022",Chinese shuttlers storm into Malaysia Masters 2022
"11:46, 06-Jul-2022",Chinese vice foreign minister meets Russian ambassador
"20:47, 06-Jul-2022",Mainland slams DPP authorities' suppressing of those against 'Taiwan independence'
"10:15, 06-Jul-2022",Global manufacturing PMI falls to 52.3 in June on inflation risk
"21:54, 06-Jul-2022",Live: 85th anniversary of July 7 Incident commemorated
"23:37, 06-Jul-2022",People must get vaccinated before entering crowded venues: Beijing 
"21:27, 06-Jul-2022",Researchers ascertain forming of world's longest meteorite-strewn field
"11:19, 06-Jul-2022",Shanghai suspends karaoke operations after new COVID-19 cases
"19:43, 06-Jul-2022",Shanghai to hold national college entrance examination from July 7
"18:38, 06-Jul-2022",Wang Yi congratulates Algerian FM on 60th anniversary of independence
"20:26, 06-Jul-2022",Wheels on China's Zhurong rover keep stable with novel material
"11:56, 06-Jul-2022","With work from home, exercise from home also grows in China"
"13:13, 06-Jul-2022",Wudang Longhua Quan: Moving like a flying dragon
"14:43, 07-Jul-2022",Airbus speaks highly on great prospects of Chinese market
"15:05, 07-Jul-2022",Animals in solar terms: Xiaoshu
"19:19, 07-Jul-2022",Behind the scenes at the Hong Kong Palace Museum
"11:58, 07-Jul-2022","China discovers new species, records of deep-sea brittle stars"
"15:07, 07-Jul-2022",China's 110-year-old hydropower station still works
"14:21, 07-Jul-2022","China's top coal province develops green mining to alleviate economic, environment cost"
"15:00, 07-Jul-2022",U.S. attempt to ban sale of ASML chip-making gear to China is 'technological terrorism': Chinese Foreign Ministry
"16:33, 07-Jul-2022","China unveils plans to promote NEV sales, second-hand car tradings"
"21:32, 07-Jul-2022",China warns against attempt to create 'new Cold War' over Ukraine
"16:02, 07-Jul-2022",Wang Yi: China supports all peacebuilding efforts over Ukraine
"14:19, 07-Jul-2022",China's BYD overtakes Tesla as world's biggest EV producer by sales
"22:52, 07-Jul-2022",Chinese engineers verified new hypersonic rocket technologies
"09:20, 07-Jul-2022",Chinese mainland records 124 new confirmed COVID-19 cases
"11:17, 07-Jul-2022",Emei Quan: Flexibility and smoothness are the keys
"11:10, 07-Jul-2022",Chinese experts complete translation of Japanese germ warfare trial recordings
"22:25, 07-Jul-2022",Fujian to host 14th Straits Forum
"13:38, 07-Jul-2022",Heavy rains batter China's northeast and south
"09:16, 07-Jul-2022",July 7 Incident 85 years on: Is Japan getting bellicose again?
"17:54, 07-Jul-2022",July 7 Incident: China urges Japan to reflect on its history of invasion
"16:02, 07-Jul-2022",Learn from history and look to the future
"14:15, 07-Jul-2022",Seaweed products bring high returns to Dalian City
"18:10, 07-Jul-2022",Special measures in place to ensure smooth gaokao in Shanghai
"18:34, 07-Jul-2022",The three joint communiques are 'guardrails' in China-U.S. relations: spokesperson 
"16:03, 07-Jul-2022",Two new pumped storage power stations help boost clean energy in GBA
"22:17, 07-Jul-2022",Wang Yi says China appreciates Indonesia's role in G20 unity
"13:41, 07-Jul-2022",Witnessing the birth of Hong Kong Palace Museum
"09:59, 07-Jul-2022",Zhang Shuai and Elise Mertens race into Wimbledon doubles semifinals
"18:40, 08-Jul-2022","China, India see thaw in ties amid mutual recognition of common interests"
"21:05, 08-Jul-2022","Chinese, Saudi Arabian FMs vow to deepen comprehensive strategic partnership"
"20:37, 08-Jul-2022",China calls for practicing true multilateralism at G20 meeting
"16:23, 08-Jul-2022",China calls on UK to promote stable development of bilateral ties
"15:34, 08-Jul-2022",China hopes former Japanese PM Abe is out of danger soon: spokesperson
"23:11, 08-Jul-2022","Despite heavy financial losses caused by heavy rains, human casualties drop significantly"
"10:32, 08-Jul-2022",China's Chang'e-4 probe completes work for 44th lunar day
"15:06, 08-Jul-2022",China's coach on FIBA 3x3 Asia Cup: We want new players to grow
"18:24, 08-Jul-2022","China 'shocked' by Abe's death, extends condolences to his family"
"08:38, 08-Jul-2022","China, U.S. vow to maintain stable development of bilateral military ties"
"09:09, 08-Jul-2022",Chinese mainland records 97 new confirmed COVID-19 cases
"23:11, 08-Jul-2022",Chinese telecom carrier helps bridge digital gap in Pakistan
"14:31, 08-Jul-2022",Non-fossil sources to dominate China's installed power capacity by 2025: report
"14:00, 08-Jul-2022",PLA conducts patrols and exercises around Taiwan region after U.S. 'provocative acts'
"20:11, 08-Jul-2022",Questions time: Shenzhou-14 taikonauts to talk with African youths
"18:41, 08-Jul-2022","The San Huang Pao Chui Quan: Plain and simple, calm and strong"
"14:03, 08-Jul-2022",Wang Yi: China supports EU upholding of strategic autonomy
"14:13, 08-Jul-2022",Will a tariff rollback ease China-U.S. relationship?
"16:51, 08-Jul-2022",World's largest hydro-solar power station under construction in China
"20:20, 09-Jul-2022",4 injured in knife attack at Shanghai hospital
"21:40, 09-Jul-2022","China, Germany agree to deepen bilateral cooperation in various fields"
"21:47, 09-Jul-2022","China, Netherlands vow to deepen practical cooperation"
"21:43, 09-Jul-2022",China hopes Spain will play important role in promoting China-EU relationship
"08:02, 09-Jul-2022","Despite heavy financial losses caused by heavy rains, human casualties drop significantly: Official"
"09:35, 09-Jul-2022",China's June CPI up 2.5% year on year on low basis effect
"16:50, 09-Jul-2022",China's Zhang Linyan joins Grasshopper Club Zurich women's team
"18:37, 09-Jul-2022",China's digital economy grows rapidly in 2021
"21:30, 09-Jul-2022","Chinese, Singaporean FMs discuss ties, cooperation"
"20:48, 09-Jul-2022",Chinese citizens in Sri Lanka urged to take security precautions
"09:16, 09-Jul-2022",Chinese mainland records 112 new confirmed COVID-19 cases
"19:03, 09-Jul-2022",Chinese scientists help solve riddle of moon's largest crater
"23:00, 09-Jul-2022",Expert: China's general economic situation better than expected
"14:35, 09-Jul-2022",Home sweet home: How China's young are exploring new ways of life in rural villages
"13:55, 09-Jul-2022",Infrared camera captures wild giant pandas in northern Sichuan 
"17:18, 09-Jul-2022",Macao to halt non-essential business for a week over COVID-19 
"14:39, 09-Jul-2022",Meteor Hammer: A soft weapon that can strike by surprise
"22:14, 09-Jul-2022",Premier Li extends condolences over passing of former Japanese PM Abe
"13:52, 09-Jul-2022",Reputed artist outlines portrait of ancient philosopher with ink
"20:00, 09-Jul-2022",Shenzhen's most polluted river has a stunning new look
"14:21, 09-Jul-2022",Study reveals yunnanozoans as the oldest known stem vertebrates
"13:06, 09-Jul-2022",Stunning 'sand painting' of Xiaolangdi Reservoir Dam on Yellow River
"22:53, 09-Jul-2022",Wang Yi calls for upholding of true multilateralism during G20 meeting
"11:19, 09-Jul-2022",World's largest hydro-solar power station begins construction in China
"23:00, 10-Jul-2022","China, Pakistan start joint maritime drill off Shanghai"
"17:17, 10-Jul-2022","China Weekly News Quiz: July 3-10, 2022"
"14:53, 10-Jul-2022",China's first home-grown COVID-19 antibody drug enters market
"22:41, 10-Jul-2022","China wins women's title, men's third place in FIBA 3x3 Asia Cup"
"15:49, 10-Jul-2022","Chinese, Australian astronomers detect key process of binary evolution"
"14:47, 10-Jul-2022",Chinese expert says U.S. lifting tariffs will help reduce inflation
"09:13, 10-Jul-2022",Chinese mainland records 101 new confirmed COVID-19 cases
"20:11, 10-Jul-2022",Cultural and creative products connect cross-strait youth 
"19:31, 10-Jul-2022",Expert: new Australian gov't a chance to change bilateral relations
"12:30, 10-Jul-2022","Geologists find rare ""cave cloud"" in S China's Guangxi"
"13:46, 10-Jul-2022","Global Political Calendar: Wang Yi's SE Asia tour, Biden's Middle East trip"
"11:02, 10-Jul-2022",Macao closes non-essential businesses for a week to contain COVID-19
"18:15, 10-Jul-2022",NW China's Lanzhou tightens COVID-19 control measures
"23:47, 10-Jul-2022","Chinese premier stresses stabilization of market entities, jobs, opening-up"
"16:37, 10-Jul-2022","Wu Family Quan: Restrain the hand, squeeze the waist and hit with the palm"
"17:13, 10-Jul-2022",Shanghai cinemas re-open after three-month closure
"20:25, 10-Jul-2022",Susan Thornton: Taiwan is biggest flashpoint in China-U.S. relations
"16:35, 10-Jul-2022","Wang Yi: China, Indonesia forge ties of 'four-wheel drive' cooperation"
"17:03, 10-Jul-2022",Wang Yi stresses on practicing multilateralism into concrete actions
"15:22, 10-Jul-2022",World's 1st high-end urban-road driving smart car debuts in NE China
"12:43, 10-Jul-2022","Chinese, Italian presidents congratulate opening of exhibition on Italy's origins"
"16:39, 10-Jul-2022",Zhang Zhenlin wants to prove himself in NBA Summer League
"03:07, 04-Jul-2022",Zhou escapes major crash at British Grand Prix
"06:54, 08-Jul-2022",Spain's running of the bulls returns after pandemic-hiatus
"01:50, 09-Jul-2022",Chinese Ambassador to the U.S. Qin Gang met with the newly elected directors China General Chamber of Commerce in the U.S. 
"06:49, 09-Jul-2022",World leaders react to killing of Japan's Abe
