﻿"15:39, 22-Apr-2022",108 mystery hepatitis cases detected in UK
"14:17, 22-Apr-2022","2 militants, 1 paramilitary trooper killed in Kashmir gunfight"
"21:48, 22-Apr-2022",CGTN Sports Talk: Can Erik ten Hag make it work for Man United?
"19:55, 22-Apr-2022","Cardinals, Titans promise to keep key players Murray, Brown"
"12:54, 22-Apr-2022",Cash-strapped Sri Lanka hit by record inflation
"21:42, 22-Apr-2022","China, Austria to boost cooperation, push forward ties"
"21:04, 22-Apr-2022",Over 30 reportedly dead or injured in Afghanistan mosque explosion
"23:03, 22-Apr-2022",Explosion rocks Kabul
"07:13, 22-Apr-2022",Fed chair suggests half-point rate hike 'on the table'
"17:22, 22-Apr-2022",Kenya's former president Mwai Kibaki dies at 90
"13:54, 22-Apr-2022",France issues International arrest warrant for ex-Nissan boss
"12:19, 22-Apr-2022",Fresh clashes rock Jerusalem's Al-Aqsa Mosque on Friday
"07:08, 22-Apr-2022",Honduran ex-president extradited to U.S. for drug trafficking trial
"10:29, 22-Apr-2022",Japan to hold auction on May 10 to sell 4.78 million barrels of reserve oil
"21:45, 22-Apr-2022",Premier Li: China willing to play a constructive role in Sri Lanka's economic stability
"12:38, 22-Apr-2022",Mali announces 2-year transition ahead of elections
"20:13, 22-Apr-2022",Missile attack targets Turkish military base in Iraqi Kurdistan region
"15:47, 22-Apr-2022","Modi: India, UK to finalize free trade agreement this year"
"17:10, 22-Apr-2022",N. Macedonia's ex-PM sentenced to jail for embezzlement
"19:52, 22-Apr-2022",NBA playoffs on April 21: Warriors one win away from advancing
"17:04, 22-Apr-2022",Russia's Roscosmos to cooperate with China in manned space flights
"19:58, 22-Apr-2022","Russian, Central Asian FMs hope to increase economic cooperation"
"07:33, 22-Apr-2022",Russian central bank eases foreign currency controls for exporters
"16:40, 22-Apr-2022",S&P Global: Eurozone growth hits 7-month high in April
"08:42, 22-Apr-2022",Small plane crashes in U.S.' Georgia
"07:39, 22-Apr-2022","Leaders of DPRK, ROK exchange letters amid tensions"
"20:20, 22-Apr-2022",Taliban arrest suspected ISIS militant over mosque attack: police
"21:33, 22-Apr-2022",Train station in Paris cleared due to suspicious luggage
"22:13, 22-Apr-2022",Tunisian president seizes control of electoral commission
"13:53, 22-Apr-2022",U.S. child welfare system jabbed for putting Black kids in foster care: report
"10:29, 22-Apr-2022",UEFA welcomes decision allowing punishment of Super League clubs
"14:34, 22-Apr-2022",Will Asia lead global recovery with new uncertainties ahead?
"14:22, 23-Apr-2022",10 missing in Polish coal mine accident: owner
"13:38, 23-Apr-2022",3 killed in mine blast in Russia's Orenburg region
"09:09, 23-Apr-2022",Alcaraz the youngest tennis player to break into world top 10 in 17 years
"08:32, 23-Apr-2022",COVID-19 was third leading death cause in U.S. in 2021
"20:13, 23-Apr-2022",Charlotte Hornets fire coach James Borrego after missing playoffs
"08:34, 23-Apr-2022","EU countries, lawmakers reach deal on new online content rules"
"19:31, 23-Apr-2022",Erik ten Hag says he's granted 'control' of United's transfers
"09:56, 23-Apr-2022",Gaza fires 2 rockets toward Israel as tensions rise
"11:38, 23-Apr-2022",Indonesia bans palm oil exports as global food inflation spikes
"09:51, 23-Apr-2022",Iran Revolutionary Guards general unhurt after car shot at
"14:42, 23-Apr-2022","Iran, Saudi Arabia resume talks in Baghdad: Iranian media"
"13:32, 23-Apr-2022",Israel to close crossing to Gaza after rocket attacks
"09:25, 23-Apr-2022",Man tries lighting self on fire in front of U.S. Supreme Court
"11:34, 23-Apr-2022",Mask mandates return to U.S. college campuses as cases surge
"18:16, 23-Apr-2022",NBA playoffs on April 22: Paul shows Pelicans how to play correctly
"20:33, 23-Apr-2022","New Ebola case confirmed in northwestern DR Congo, lab report says"
"11:53, 23-Apr-2022","One killed, several injured as 5.7 quake shakes Bosnia: reports"
"11:40, 23-Apr-2022","Russia vows to take full control over Donbas, southern Ukraine"
"07:12, 23-Apr-2022","Shooting near college prep school in Washington, D.C. leaves 4 wounded"
"14:56, 23-Apr-2022","Tourist boat sinks off Japan's Hokkaido, fate of 26 on board 'unknown'"
"10:34, 23-Apr-2022","Explainer: What's known about hepatitis outbreak in children in Europe, U.S."
"19:03, 23-Apr-2022","With fixation on China, Washington is trapped in dangerous groupthink"
"11:24, 23-Apr-2022",World's biggest particle collider for hunting 'dark matter' restarts after 3-year break
"08:36, 24-Apr-2022",10 people from missing Japanese tourist boat found dead: NHK
"07:04, 24-Apr-2022",At least 14 killed after boat carrying migrants sinks off Lebanon
"07:16, 24-Apr-2022",Death toll from migrant shipwrecks off Tunisia rises to 17
"22:40, 24-Apr-2022",Attack on military unit in Burkina Faso kills 10 people: AFP
"21:39, 24-Apr-2022",Detained British national released from Yemen: official
"21:12, 24-Apr-2022",First commercial flight from Yemen since 2016 postponed
"11:31, 24-Apr-2022","Global Political Calendar: Guterres to meet Putin and Zelenskyy, Scholz visits Japan"
"16:51, 24-Apr-2022",Iran's IRGC detains foreign ship carrying smuggled fuel: report
"09:43, 24-Apr-2022",Israeli PM tells UN chief Israel is 'stabilizing force' in conflict with Palestine
"14:07, 24-Apr-2022","Kyiv says top U.S. officials to visit, Russia hits Odesa as conflict enters third month"
"09:27, 24-Apr-2022","Messi stunner secures PSG Ligue 1 title, Bayern win 10th consecutive Bundesliga title"
"19:23, 24-Apr-2022","NBA playoffs on April 23: What's wrong with Durant, Nets?"
"07:39, 24-Apr-2022",New Mexico declares state of emergency due to multiple wildfires
"21:47, 24-Apr-2022",Oman secures release of 14 foreigners held in Yemen
"15:53, 24-Apr-2022",At least 2 dead in Poland mine accident
"14:02, 24-Apr-2022","Midday turnout at 26.41% as Macron, Le Pen vie for French presidency"
"17:08, 24-Apr-2022","Priest attacked with knife in Nice, France"
"21:31, 24-Apr-2022",RNG top laner Bin: We will study T1 and G2 for MSI 2022
"22:32, 24-Apr-2022",Russia's Sarmat ballistic missiles to be in service this year: official
"22:16, 24-Apr-2022","Six soldiers killed, 20 injured in Mali 'terror' attacks: army"
"17:25, 24-Apr-2022",Slovenia opens polling for parliamentary elections
"14:02, 25-Apr-2022",2 top U.S. officials meet with Ukrainian President Zelenskyy
"19:03, 25-Apr-2022",5 killed in attack claimed by al-Shabaab in Somalia
"15:41, 25-Apr-2022",Advance team for UN human rights chief arrives in China
"19:04, 25-Apr-2022","Afghan delegation visits Qatar, meets foreign minister"
"20:11, 25-Apr-2022",Ben Simmons under heavy criticism after deciding to skip Game 4
"16:52, 25-Apr-2022",Day 61 of Ukraine crisis: A look at NATO's support for Ukraine
"10:13, 25-Apr-2022",Death toll rises to 11 in Japanese tourist boat accident
"20:32, 25-Apr-2022","EU, India agree to broaden ties amid Ukraine crisis"
"14:52, 25-Apr-2022",European Central Bank chief: Interest hikes won't drop energy prices
"19:22, 25-Apr-2022","France elects Macron for five more years, but with reluctance"
"08:57, 25-Apr-2022","France's Macron beats far-right in presidential runoff, pledges change"
"10:22, 25-Apr-2022",Global military spending hits record $2.1 trillion in 2021
"11:43, 25-Apr-2022",Guterres: Turn crisis into moment of opportunity for multilateralism 
"16:51, 25-Apr-2022",Iran confirms fifth round of talks with Saudi Arabia
"08:31, 25-Apr-2022",Israeli military launches artillery strike on Lebanese target in response to rocket launch
"20:24, 25-Apr-2022",Japan reports first possible case of 'unknown hepatitis' in children
"12:29, 25-Apr-2022",Japan starts work on exit of tunnel for Fukushima water release
"08:22, 25-Apr-2022",Macron wins French presidential election with 58.55% of votes: Interior Ministry
"15:47, 25-Apr-2022",Myanmar court delays verdict in Aung San Suu Kyi corruption trial
"18:44, 25-Apr-2022",NBA playoffs on April 24: Young Pelicans make Suns pay with energy
"08:23, 25-Apr-2022",Nicaragua announces full 'withdrawal' from OAS
"15:00, 25-Apr-2022","One dead, one injured in mine incident in Russia's Kuzbass"
"07:14, 25-Apr-2022",Police officers shoot dead two in car in Paris: AFP
"16:04, 25-Apr-2022",Putin congratulates Macron on presidential election victory
"12:23, 25-Apr-2022","F1 Emilia Romagna GP: Red Bull Racing triumph as Verstappen, Perez scoop 1-2 finish"
"19:32, 25-Apr-2022",Report: PSG will sack manager Mauricio Pochettino after this season
"07:24, 25-Apr-2022",Rocket fired from southern Lebanon exploded in Israel: Al Jazeera
"14:29, 25-Apr-2022",Ruble settlement mechanism: A way of preserving face for EU
"13:24, 25-Apr-2022",Russia to deploy Sarmat missiles by autumn in historic nuclear upgrade
"10:54, 25-Apr-2022",South Korean President-elect's delegation meets Japanese FM
"14:23, 25-Apr-2022",Sri Lanka stock exchange halts again after 13% plunge
"16:36, 25-Apr-2022",Suspect arrested in London after four people found dead
"08:47, 25-Apr-2022",Freedom Movement celebrates landslide victory in Slovenia's election
"11:56, 25-Apr-2022",Teenager Alcaraz mirrors Nadal with Barcelona crown
"21:06, 25-Apr-2022",Two killed in single-engined plane crash in Turkey's Bursa
"22:41, 25-Apr-2022",UFC Vegas: Andrade sets sights on championship with quick Lemos finish
"11:54, 25-Apr-2022",WHO: At least 1 child has died out of 169 global acute hepatitis cases 
"13:18, 25-Apr-2022","Wildfires sweep New Mexico, hundreds of properties destroyed"
"14:53, 25-Apr-2022",Xi Jinping congratulates Macron on re-election as French president
"13:12, 25-Apr-2022",Xi congratulates forum on 50th anniversary of malaria drug artemisinin
"07:34, 26-Apr-2022",Musk seals $44 billion deal for Twitter
"00:56, 23-Apr-2022",Egyptian students enjoy broader chances to learn Chinese
"01:08, 23-Apr-2022","Russia not holding talks with any states on security guarantees for Ukraine, says Lavrov"
"01:00, 23-Apr-2022",Sunken oil tanker off Tunisian coast was empty: ministry
"00:56, 23-Apr-2022",UN chief to visit Moscow on April 26
"03:19, 24-Apr-2022",At least 10 mln children face severe drought in the Horn of Africa: UNICEF
"23:57, 24-Apr-2022","At least 8 killed, 45 rescued after boat sunk off Lebanon"
"02:44, 24-Apr-2022",Egyptian museum housing royal mummies attracts nearly 1 mln visitors since debut
"00:04, 24-Apr-2022",Over 100 killed in explosion at illegal oil refining depot in southern Nigeria
"02:28, 24-Apr-2022",Tanzania to vaccinate over 10 mln children against polio
"01:50, 24-Apr-2022","Turkey closes airspace to Russian military, civilian planes flying to Syria"
"02:07, 24-Apr-2022",Zelenskyy reiterates call for meeting with Putin
"03:27, 25-Apr-2022",Freedom Movement set to win Slovenia's general election: exit poll
"03:14, 25-Apr-2022",French president Emmanuel Macron wins second term: projections
"03:15, 25-Apr-2022",Mask mandates return to U.S. universities as COVID-19 cases rise
"03:43, 25-Apr-2022",Quartararo sweeps to victory in Portugal MotoGP
"01:47, 26-Apr-2022","Guinea, Burkina Faso juntas risk more sanctions over transition delays"
"01:06, 26-Apr-2022",India's Haryana state to provide free COVID-19 booster doses to adults
"00:56, 26-Apr-2022",Jurors reject array of defenses at Capitol riot trials
"01:00, 26-Apr-2022",S. Africa: Scores of schools still inaccessible after deadly floods
"01:05, 26-Apr-2022",Twitter starts deal negotiations with Elon Musk
"21:51, 22-Apr-2022","Boris Johnson avoids 'Russia pressure', talks up trade deal during India visit  "
"19:22, 22-Apr-2022",Europe endured climate turmoil in 2021 - EU report 
"00:50, 25-Apr-2022","EU chief Von der Leyen in India to talk climate, trade and Ukraine"
"11:45, 22-Apr-2022",Ambassador Qin Gang builds China-U.S. friendships in Iowa 
"06:14, 22-Apr-2022",Hundreds of billions needed to help poor nations with impacts of Russian-Ukraine conflict
"06:10, 22-Apr-2022",Brazil's indigenous groups fight Bolsonaro's push for increased mining on their land
"06:15, 22-Apr-2022",Chinese Ambassador Qin Gang tours farms in U.S. Midwest
"05:55, 22-Apr-2022",Former Honduran President flown to U.S. to face bribery charges to aid in cocaine trade
"06:10, 22-Apr-2022",Iowa farmers positive about trade ahead of visit from China's Ambassador to the U.S.
"11:45, 22-Apr-2022",Peace through agriculture at the China-U.S. Agricultural Forum
"12:01, 22-Apr-2022",U.S-China High Level Agricultural Dialog takes place in Iowa 
"03:10, 23-Apr-2022",Brazilian Indigenous groups fight mining on their land
"05:51, 23-Apr-2022",Brazilian researchers find new species without leaving museum
"04:35, 23-Apr-2022",Building China-U.S. friendships
"12:04, 23-Apr-2022","CGTN's ""The Ambassador"" trailer for ""America's Breadbasket"""
"12:05, 23-Apr-2022",China's Ambassador to the U.S. tours Syngenta seed facility in Iowa 
"01:33, 23-Apr-2022",Chinese Ambassador to the U.S. visits Kimberly Farms in Iowa
"01:35, 23-Apr-2022",IMF’s Tobias Adrian on latest Global Financial Stability Report
"05:51, 23-Apr-2022",Transition to clean energy could save U.S. lives   
"06:08, 23-Apr-2022",U.S. CDC issues health alert for acute hepatitis in children  
"12:04, 23-Apr-2022",U.S.-China High Level Agricultural Dialogue takes place in Iowa 
"02:56, 23-Apr-2022",U.S. - China High Level Agricultural Dialogue takes place in Iowa
"04:35, 23-Apr-2022",U.S. to launch parole program for Ukrainian refugees  
"06:28, 23-Apr-2022",Violence resurges at Jerusalem's Al-Aqsa Mosque
"02:06, 24-Apr-2022",China’s Ambassador to U.S. stops at Iowa farm where Xi Jinping also visited
"04:38, 24-Apr-2022",Chinese Ambassador to U.S. tours Smithfield Farms on midwest tour
"06:09, 24-Apr-2022",Farmers across Argentina protest government policies in Buenos Aires
"00:18, 24-Apr-2022",Largest gas utility in U.S. proposes switching to hydrogen energy
"05:01, 24-Apr-2022",New California bill aims to shorten working hours
"04:47, 24-Apr-2022",Researchers work to create police shootings database in the U.S.
"04:42, 24-Apr-2022",Schools reopen amid COVID-19 pandemic in Venezuela
"04:51, 24-Apr-2022",Students tackle global warming at annual sustainability summit
"03:21, 25-Apr-2022",Americans fill their gas tanks in Mexico
"03:41, 25-Apr-2022",Carnival parade resumes in Rio de Janeiro after pandemic hiatus
"04:33, 25-Apr-2022",Dwellings offer guests unique experience in the outdoors
"03:50, 25-Apr-2022",Minnesota Overseas Chinese Service Center welcomes Ambassador Qin Gang
"00:44, 25-Apr-2022",Residents in California cross border to Mexico for cheaper gas
"05:51, 26-Apr-2022",Ambassador Qin visits Minneapolis' Chinese immersion language school
"05:29, 26-Apr-2022",Countries report mysterious cases of hepatitis outbreak
"08:03, 26-Apr-2022","Interview with International Monetary Fund Managing Director, Kristalina Georgieva"
"05:28, 26-Apr-2022",Venezuelan students back to in-person classes
