﻿"20:55, 16-Mar-2022",12 injured in explosion at apartment building in Portugal
"22:38, 16-Mar-2022","9 killed in college golf team van crash in Texas, U.S."
"18:03, 16-Mar-2022",Boris Johnson visits UAE seeking help with energy crisis
"19:05, 16-Mar-2022",COVID vaccine IP waiver now looks promising after 4 WTO members agree
"22:36, 16-Mar-2022",China leads UN push for bicycles to combat climate change
"18:40, 16-Mar-2022",Two British-Iranians leave Iran after years of detention
"13:40, 16-Mar-2022","Explainer: Can Russia pay its creditors, and what happens if not?"
"22:42, 16-Mar-2022",Francis Kere becomes first African architect to win Pritzker Prize
"13:06, 16-Mar-2022",French regions hit by Sahara sands
"13:54, 16-Mar-2022",Greece's Chinese-run Piraeus port hits record profit for 2021
"18:40, 16-Mar-2022",Japan ending COVID-19 quasi-emergency in 18 prefectures
"14:10, 16-Mar-2022",Kazakh President Tokayev lays out constitutional reform plan
"16:34, 16-Mar-2022",Malaysia's Federal Court denies Najib's bid to include evidence in 1MDB case
"12:57, 16-Mar-2022",Nonwhite population in U.S. more likely to say inflation hitting them
"22:02, 16-Mar-2022",Omicron sub-variant makes up 23.1% of COVID variants in U.S. 
"21:42, 16-Mar-2022",Putin: Western attempt at global dominance and dismembering Russia will fail
"21:52, 16-Mar-2022",Russia-Ukraine conflict day 21: Peace talks continue with hope of reaching a compromise
"19:20, 16-Mar-2022",Turkish foreign minister calls for end to Russia-Ukraine conflict
"15:06, 16-Mar-2022",Societal changes urged to end racism towards Asian American women
"22:47, 16-Mar-2022",Magnitude-7.3 quake strikes Japan's Miyagi Prefecture: JMA
"20:25, 16-Mar-2022",Western countries lift COVID-19 bans as global deaths continue to drop
"07:10, 17-Mar-2022",At least 4 killed after M7.4 quake jolts Japan's NE coast
"16:13, 17-Mar-2022","Attack on bus, truck kills 21 in Niger: AFP"
"20:17, 17-Mar-2022",Bank of England raises rates to 0.75%
"21:46, 17-Mar-2022","Bills land defensive leader Von Miller with 6-year, $120-million deal"
"12:47, 17-Mar-2022",Boao Forum for Asia 2022 to be held April 20-22
"21:56, 17-Mar-2022",CGTN Sports Talk: 8 teams for Champions League quarterfinals confirmed
"15:11, 17-Mar-2022","Casualties in Japan's earthquake rise, more damage reported"
"15:39, 17-Mar-2022",China denounces U.S. suppression of Chinese enterprises
"23:12, 17-Mar-2022",China's para ice hockey team eyeing future wins
"15:52, 17-Mar-2022","China to continue regular trade, economic cooperation with Russia, Ukraine"
"23:04, 17-Mar-2022",Day 22: Death toll rises as Russia says attack not aimed at destroying Ukraine
"21:39, 17-Mar-2022",European Space Agency suspends joint Mars mission with Russia's Roscosmos
"23:20, 17-Mar-2022","Russia-Ukraine Conflict: Exclusive interview with Dmitry Kiselev on Western censorship, sanctions"
"22:29, 17-Mar-2022",France to reach 50 billion euros in military spending by 2025: Macron
"11:14, 17-Mar-2022",Honduran judge authorizes former president's extradition to U.S.
"12:09, 17-Mar-2022",Intel unveils $88 billion chipmaking expansion plan for Europe
"16:42, 17-Mar-2022","Death toll revised to 1, more than 180 injured in Japan's earthquake"
"20:42, 17-Mar-2022",Japanese PM discusses possible oil output increase with Saudi Arabia
"19:48, 17-Mar-2022",Japanese PM to visit India for summit on Saturday
"10:18, 17-Mar-2022",Kremlin: Biden's 'war criminal' comment on Putin 'unacceptable'
"16:03, 17-Mar-2022",M4.1 quake hits waters off Japan's Fukushima Prefecture: JMA
"13:37, 17-Mar-2022",M5.1 quake hits waters off Ryukyu Islands: CENC
"07:34, 17-Mar-2022",M6.0 earthquake strikes southern Iran
"13:59, 17-Mar-2022","M7.4 earthquake hits coast off northeast Japan's Fukushima prefecture, killing at least four"
"17:04, 17-Mar-2022",Mozambique cyclone death toll rises to 53
"19:02, 17-Mar-2022",NBA highlights on March 16: Dinwiddie beats the buzzer again for Mavs
"18:08, 17-Mar-2022",Russia-Ukraine talks will continue on Thursday
"16:35, 17-Mar-2022",Russia says 'military operation' not aimed at destroying Ukraine
"18:02, 17-Mar-2022","South Korea's daily COVID-19 cases hit record of over 600,000"
"16:30, 17-Mar-2022","Thailand sugar factory on fire, could last 3 days"
"08:29, 17-Mar-2022",U.S. expands LNG exports to Europe in bid to undermine Russian reliance
"09:03, 17-Mar-2022",U.S. says 'close to deal' with Iran on reviving nuclear pact
"16:07, 17-Mar-2022",UAE ship sinks 30 miles away from Iran's Assaluyeh port
"14:00, 17-Mar-2022",UN adopts resolution promoting bicycles to combat climate change
"22:29, 17-Mar-2022",UN establishes formal ties with Taliban-governed Afghanistan
"11:21, 17-Mar-2022","Ukraine says Russia shells civilian shelter, Moscow denies"
"10:01, 17-Mar-2022","Champions League last 16: Villarreal beat Juventus, Chelsea advance into quarters amid uncertain future"
"09:10, 17-Mar-2022",WHO: Evaluation of Russia's COVID-19 shot has been postponed
"10:10, 17-Mar-2022",WHO: Global rise in COVID-19 cases is 'tip of the iceberg'
"09:02, 17-Mar-2022",China's Wang Chuqin and Sun Yingsha win mixed doubles title at WTT Singapore 
"22:46, 17-Mar-2022","Xi to speak with Biden on China-U.S. relations, issues of common concern"
"07:27, 18-Mar-2022",13-year-old was driving truck in Texas crash Tuesday that killed nine
"07:26, 18-Mar-2022","2 killed after shooting on bus in Florida, U.S."
"13:56, 18-Mar-2022",36-million-year-old whale fossil found in Peruvian desert
"07:19, 18-Mar-2022",Four rockets hit Iraq's largest air base
"11:04, 18-Mar-2022",Argentina's parliament approves IMF deal to restructure $45b debt
"12:58, 18-Mar-2022","At least 4 killed, several missing after landslide in Peru"
"20:16, 18-Mar-2022",Blast of unexploded mortar shell kills 2 in E. Afghanistan
"21:14, 18-Mar-2022",Chelsea gets Real Madrid in Champions League quarterfinals
"13:49, 18-Mar-2022",New microscopic organisms found in deep sea trench baffle Chile scientists
"19:04, 18-Mar-2022","China-style diplomacy 'better than' West's, says Ugandan president"
"09:32, 18-Mar-2022","Chinese diplomat, Russian ambassador exchange views on bilateral ties"
"07:25, 18-Mar-2022",Death toll from cyclone Gombe in Mozambique rises to 53
"11:59, 18-Mar-2022",Dust from Sahara Desert settles on the Pyrenees
"14:56, 18-Mar-2022",Earthquake leaves thousands of homes without water in Fukushima
"15:17, 18-Mar-2022",Expert: Japan needs to pay more attention to Fukushima power plant after earthquake
"21:15, 18-Mar-2022",Flying Dutchman Nuis breaks 100 kph barrier on natural ice
"21:20, 18-Mar-2022",Germany's Scholz invites G7 leaders to summit next Thursday
"14:52, 18-Mar-2022",Japan reports no safety concern at nuclear power plants after quake
"22:35, 18-Mar-2022",M5.5 earthquake hits Japan
"15:00, 18-Mar-2022",Missiles hit near Ukraine's Lviv airport 
"13:30, 18-Mar-2022",NATO says it has the responsibility to prevent conflict from escalating further
"11:12, 18-Mar-2022",Shiffrin bounces back from Winter Olympics disappointment with World Cup title
"11:49, 18-Mar-2022",U.S. Senators introduce bill to ban imports of Russian uranium
"11:31, 18-Mar-2022",West African bloc not to abandon Burkina Faso after military takeover
"14:03, 18-Mar-2022",World's biggest trade pact takes effect in Malaysia
"21:04, 18-Mar-2022",President Xi Jinping has a video call with U.S. President Joe Biden
"07:22, 19-Mar-2022",22 killed after bus-truck collision in Tanzania 
"20:01, 19-Mar-2022","3 killed, 205 injured after quake strikes Japan: Kyodo"
"22:23, 19-Mar-2022",30 injured in 18 vehicle pile-up in Turkey
"14:18, 19-Mar-2022",4 Afghan children killed in unexploded ordnance blast: govt
"22:37, 19-Mar-2022","China, Zambia agree to deepen cooperation in agriculture, manufacturing"
"17:55, 19-Mar-2022",Le Yucheng: U.S. should practice Biden's positive remarks on ties with China
"21:08, 19-Mar-2022",Death toll from migrant shipwreck off Tunisia rises to 17
"19:14, 19-Mar-2022","Deshaun Watson traded to Browns on 5-year, $230-million contract"
"08:14, 19-Mar-2022",East Timor holds presidential election 
"15:42, 19-Mar-2022",Ex-worker leads lawsuit against Google over discrimination against Black employees
"16:21, 19-Mar-2022",Expert: Japan's earthquake might be an aftershock of the 2011 tremor
"22:09, 19-Mar-2022",Former Argentine rugby player shot dead in Paris
"22:23, 19-Mar-2022",German gas supply concerns mount for coming winter
"10:40, 19-Mar-2022",Global billionaires in bidding war as Chelsea deadline passes
"22:06, 19-Mar-2022","Japanese, Indian PMs hold press conference after meeting"
"21:12, 19-Mar-2022",Lightning trade a lot for rising star Brandon Hagel from Blackhawks
"18:14, 19-Mar-2022",M5.5 earthquake strikes northern Algeria: EMSC
"21:22, 19-Mar-2022",MLB: Two more star free agents sign $100+million contracts
"18:31, 19-Mar-2022",Myanmar traffic accident leaves 7 dead
"19:12, 19-Mar-2022",NBA highlights on March 18: Westbrook saves Lakers with last-second 3
"07:29, 19-Mar-2022",New Russian cosmonaut team arrives at International Space Station
"07:34, 19-Mar-2022",Poland president signs bill to increase defense spending 
"07:55, 19-Mar-2022","Putin, Macron discuss Russia-Ukraine negotiations "
"11:20, 19-Mar-2022",Rubens' 'Portrait of a Lady' sells for $3.4 million
"21:26, 19-Mar-2022",Russia-Ukraine conflict continues amid efforts for peaceful solution
"15:23, 19-Mar-2022",Russia announces use of Kinzhal hypersonic missiles in Ukraine: RIA
"17:02, 19-Mar-2022",Science Saturday: COVID brain damage and Amazon rainforest
"15:58, 19-Mar-2022",Serdar Berdimuhamedow sworn in as Turkmen president
"07:20, 19-Mar-2022","Syria's Assad visits Dubai, first trip to Arab state since war began"
"09:52, 19-Mar-2022",U.S. congressman Don Young has died: Reuters
"07:14, 19-Mar-2022",4 killed as U.S. military aircraft crashes in Norway
"08:38, 19-Mar-2022","Verstappen sets the pace in Bahrain GP practice, Hamilton struggles"
"21:36, 19-Mar-2022","Violations of indigenous peoples' rights by U.S. 'chronic, systemic racism': Diplomat"
"08:35, 20-Mar-2022",Ferrari's Leclerc takes first pole as China's Zhou lines up 15th in Bahrain
"07:28, 20-Mar-2022",Japan to invest $42 billion in India over next 5 years
"07:16, 20-Mar-2022",Saudi-led coalition accuses Houthis of attack on Aramco facility
"08:32, 20-Mar-2022",Wang Yi: China's stance on Ukraine is on the right side of history
"00:11, 17-Mar-2022","7.3 quake in Japan triggers tsunami warning, 2 Million homes lose power"
"03:54, 17-Mar-2022",China's top legislature opposes China-related clauses in U.S. Act 2022
"03:23, 17-Mar-2022",German consumers spend 300 Billion euros less in COVID-19 pandemic
"03:20, 17-Mar-2022",The IMF board suspends the role of the Russian representative
"02:58, 17-Mar-2022",U.S. Fed raises interest rate a quarter point amid high inflation
"00:15, 17-Mar-2022",International court orders Russia to cease military operation in Ukraine
"00:04, 18-Mar-2022","Britain says freezing tax cooperation with Russia, Belarus"
"01:47, 18-Mar-2022",State funeral held for former Zambian President Banda
"01:33, 18-Mar-2022",UN establishes formal ties with Taliban-governed Afghanistan
"00:32, 19-Mar-2022",China rolls out new tax cuts for small businesses
"03:08, 19-Mar-2022",Former Bulgaria's PM Borisov detained by police
"01:14, 19-Mar-2022",President Xi Jinping has a video call with U.S. President Joe Biden
"02:40, 19-Mar-2022",Russia launches Soyuz MS-21 for International Space Station
"03:42, 19-Mar-2022",Russia's central bank keeps rate at 20 percent 
"01:50, 19-Mar-2022","Zelenskyy warns Russia of ""high price"" of conflict with Ukraine"
"02:04, 20-Mar-2022",Algeria recalls Spain envoy over Western Sahara policy change
"00:09, 20-Mar-2022","Egypt discovers five 4,000-year-old ancient tombs"
"00:10, 20-Mar-2022",Russia not to initiate reconciliation with West: Lavrov
"19:08, 16-Mar-2022","Zaghari-Ratcliffe on way to UK, fellow British-Iranian released by Iran "
"20:21, 17-Mar-2022",The differences in how Putin & Zelenskyy communicate
"00:07, 17-Mar-2022",Ukraine buries soldiers killed in Russian attack near Polish border
"00:03, 18-Mar-2022",UK's P&O Ferries sacks 800 staff over Zoom sparking union standoff
"03:10, 18-Mar-2022",Freed British-Iranian prisoners return home after UK pays historic debt to Iran
"02:36, 18-Mar-2022","Secretive Swiss banks hold $213bn in Russian offshore cash, sanctions reveal "
"02:39, 18-Mar-2022","Spanish taxi drivers in 6,000km round trip to save Ukraine refugees"
"00:12, 20-Mar-2022",The Answers Project: Can you measure intelligence?
"03:57, 17-Mar-2022",California transitions to an endemic approach to the virus
"04:36, 17-Mar-2022",Drought puts 1.4 million children at risk of acute malnourishment
"03:57, 17-Mar-2022",Lithium is becoming vital resource in Mexico
"05:47, 17-Mar-2022",Many Afghans struggle with drug addiction
"04:36, 17-Mar-2022",Protests flare in Colombo amid Sri Lanka's worsening economic crisis
"03:58, 17-Mar-2022",Russian restaurants in NYC impacted by Russia-Ukraine conflict
"03:58, 17-Mar-2022",See how cloud seeding might help fight drought in the U.S.
"06:17, 17-Mar-2022",U.S. Federal Reserve raises benchmark short-term interest rate
"05:24, 17-Mar-2022",UN records more than 3 million refugees flee Ukraine
"06:18, 17-Mar-2022",Violence Against Women Act reauthorized in United States 
"04:50, 18-Mar-2022",Man weeps over the body of mother killed after downed missile hits building in Kyiv
"06:02, 19-Mar-2022",California treats COVID-19 as manageable risk rather than emergency  
"06:15, 19-Mar-2022","Celebrating Holi, the Festival of Colors"
"06:02, 19-Mar-2022",Critics say new Taliban rules roll back women’s rights
"06:02, 19-Mar-2022",Madagascans struggling with four years of drought and deforestation
"03:27, 19-Mar-2022",President Xi Jinping has video call with U.S. President Joe Biden
"06:01, 19-Mar-2022",U.S. Fed raises interest rates to combat inflation
"06:01, 19-Mar-2022",What are the happiest nations in the world?
"03:17, 20-Mar-2022",Chinese car companies charge into Brazilian market
"03:25, 20-Mar-2022",East Timor votes
"03:16, 20-Mar-2022",Fed interest rate rise affects emerging markets
"03:09, 20-Mar-2022",Major financial monitors warn of economic cost of Ukraine crisis
"03:16, 20-Mar-2022",Mandarin schools gain popularity in Brazil
"01:18, 20-Mar-2022",NFTs are transforming Venezuela's art scene
"03:14, 20-Mar-2022",Russian metals are deeply rooted in the U.S. market
"06:25, 20-Mar-2022",Sudanese protest alleged gang rape that included security forces
"01:18, 20-Mar-2022",This is what it's like to live with polio
