﻿"09:16, 07-Jul-2022",July 7 Incident 85 years on: Is Japan getting bellicose again?
"19:23, 07-Jul-2022",Samsung Electronics posts higher Q2 profit on strong server-chip demand
"22:11, 09-Jul-2022",16 people missing after boat capsizes in Nigeria's Lagos
"20:04, 09-Jul-2022","6 killed, 10 injured in bus-car collision in Pakistan's Punjab"
"21:47, 09-Jul-2022","China, Netherlands vow to deepen practical cooperation"
"21:43, 09-Jul-2022",China hopes Spain will play important role in promoting China-EU relationship
"20:48, 09-Jul-2022",Chinese citizens in Sri Lanka urged to take security precautions
"20:59, 09-Jul-2022",Death toll climbs to 11 in Italy's glacier collapse
"22:53, 09-Jul-2022",Expert: Peaceful settlement and multilateralism keys to solve poverty
"22:59, 09-Jul-2022",Former Mexican president Luis Echeverria dies at 100
"19:59, 09-Jul-2022",InFocus: Why does Scotland want to exit UK?
"22:27, 09-Jul-2022",Iran escalates enrichment with adaptable machines at Fordow: IAEA
"21:16, 09-Jul-2022","Kenya, World Health Organization launch emergency hub"
"20:03, 09-Jul-2022",Shinzo Abe 1954-2022: Life and political career of Japan's longest-serving prime minister
"20:03, 09-Jul-2022",PM may also resign amid Sri Lanka crisis
"22:14, 09-Jul-2022",Premier Li extends condolences over passing of former Japanese PM Abe
"22:59, 09-Jul-2022",Rybakina beats Jabeur to win maiden Wimbledon title
"20:29, 09-Jul-2022",Sri Lankan PM Ranil Wickremesinghe agrees to resign
"21:07, 09-Jul-2022",Tunisia publishes amended draft of new constitution
"21:30, 09-Jul-2022",U.S. to impose visa restrictions on 28 Cuban officials
"22:53, 09-Jul-2022",Wang Yi calls for upholding of true multilateralism during G20 meeting
"23:01, 09-Jul-2022",Yellen cancels part of trip to Japan after Abe assassination
"07:19, 10-Jul-2022",14-year-old boy fatally stabbed on NYC subway platform
"09:20, 10-Jul-2022","Abe's killer wielded homemade gun, grudge over mother's bankruptcy"
"16:19, 10-Jul-2022",Another bar shooting kills 4 in eastern South Africa: police
"15:13, 10-Jul-2022",Bar shootout leaves 14 dead in South Africa's Soweto
"22:09, 10-Jul-2022",Biden's approval rating drops to record low with Civiqs
"07:51, 10-Jul-2022",Biden vows to 'strengthen strategic partnership' with Saudi Arabia
"16:37, 10-Jul-2022",Chelsea agree to land Sterling from Man City for £47.5 million: report
"11:10, 10-Jul-2022","China, Pakistan to hold joint naval drills in east China in July"
"22:41, 10-Jul-2022","China wins women's title, men's third place in FIBA 3x3 Asia Cup"
"15:49, 10-Jul-2022","Chinese, Australian astronomers detect key process of binary evolution"
"19:27, 10-Jul-2022",ROK says DPRK fires apparent artillery shots
"19:31, 10-Jul-2022",Expert: new Australian gov't a chance to change bilateral relations
"07:24, 10-Jul-2022","Explosion, fire at a gas plant prompts evacuations in Oklahoma"
"07:31, 10-Jul-2022",Four more candidates join UK PM contest
"13:46, 10-Jul-2022","Global Political Calendar: Wang Yi's SE Asia tour, Biden's Middle East trip"
"11:59, 10-Jul-2022",Iran says U.S.-backed air defense pact with Arabs will raise tensions
"20:14, 10-Jul-2022",Japan's ruling coalition retains majority in upper house election
"19:11, 10-Jul-2022",Japan's ruling coalition set to win upper house election: exit polls
"14:37, 10-Jul-2022",New York Mets retire No. 17 jersey of Keith Hernandez
"19:59, 10-Jul-2022",Nine women allegedly fall victim to date-rape drugs at SDP party
"07:15, 10-Jul-2022",Polls open for Japan's upper house election
"19:23, 10-Jul-2022","Regional security, inflation, energy, top Japanese voters' concern"
"19:20, 10-Jul-2022",Sri Lanka faces worst economic crisis in over 70 years
"19:20, 10-Jul-2022",Sri Lanka's inflation expected to hit 70% in coming months
"22:36, 10-Jul-2022",Sri Lankan protesters continue to occupy official residences
"20:25, 10-Jul-2022",Susan Thornton: Taiwan is biggest flashpoint in China-U.S. relations
"14:31, 10-Jul-2022",Three arrested in arson attack at Sri Lankan PM's private residence
"19:33, 10-Jul-2022","U.S., Thailand sign agreements to deepen ties"
"19:59, 10-Jul-2022",Voters in Tokyo weigh their opinions
"17:03, 10-Jul-2022",Wang Yi stresses on practicing multilateralism into concrete actions
"12:43, 10-Jul-2022","Chinese, Italian presidents congratulate opening of exhibition on Italy's origins"
"16:39, 10-Jul-2022",Zhang Zhenlin wants to prove himself in NBA Summer League
"17:25, 11-Jul-2022",1 in 6 UK households face 'serious financial difficulties'
"14:38, 11-Jul-2022",17 killed or injured by Saudi army in Yemen's Saada: report
"07:06, 11-Jul-2022","20 people die of cholera in Helmand, Afghanistan in 24 hours"
"09:36, 11-Jul-2022","3 dead, 2 injured in shooting at house party in Southern California"
"16:06, 11-Jul-2022",Abe's political legacy and influence
"07:16, 11-Jul-2022","Blinken meets Kishida in Tokyo, expresses condolences over Abe's death"
"10:21, 11-Jul-2022",Malaysia Masters: Huang/Zheng win 6th consecutive title as China bag two golds
"16:43, 11-Jul-2022",China hopes Sri Lanka restores social stability at early date: spokesman
"13:07, 11-Jul-2022","China to build world's most far-reaching radar, better safeguard Earth"
"20:12, 11-Jul-2022",Chinese FM meets diplomatic envoys of ASEAN countries
"20:17, 11-Jul-2022",Chinese construction project helps revamp education in Iraq
"14:41, 11-Jul-2022",Chinese Vice Foreign Minister Ma Zhaoxu expresses condolences over Abe's passing
"14:20, 11-Jul-2022",China's high-speed rail tech gain more presence in SE Asia
"07:16, 11-Jul-2022",15 dead as boat capsizes in Nigeria
"11:47, 11-Jul-2022",Djokovic hopes for COVID-19 rule change so he may play U.S. Open
"19:43, 11-Jul-2022",Europe on edge as Nord Stream Russian gas link begins maitenance
"18:15, 11-Jul-2022","Fearing Russian gas shut-off, France's industry turns to oil"
"11:38, 11-Jul-2022",Five-star France and Geyoro make Women's Euro history by routing Italy
"20:16, 11-Jul-2022",Former Trump adviser Bannon offers to testify to January 6 committee
"15:38, 11-Jul-2022",IMF's Georgieva warns against 'complacency' on global debt problems
"11:44, 11-Jul-2022",Iran extracts 20% enriched uranium from Fordow site
"10:52, 11-Jul-2022",Iranian president: Doha talks 'positive' in reaching agreements
"07:06, 11-Jul-2022",Japan's ruling coalition makes strong election showing after Abe killing
"13:46, 11-Jul-2022",Kishida says will continue working on constitutional amendment
"20:15, 11-Jul-2022","LDP secures 63 of 125 seats up for grabs, gain sweeping victory"
"07:04, 11-Jul-2022",Liz Truss to run for next UK PM
"22:34, 11-Jul-2022",Mourners pay respect to former PM Abe
"20:16, 11-Jul-2022",Muslim pilgrims perform 'Tawaf' around Kaaba
"17:05, 11-Jul-2022",Norway's June inflation rises to record 6.3%
"20:15, 11-Jul-2022",Poll shows Biden's approval rating at its lowest since he took office
"20:56, 11-Jul-2022",Russia-Ukraine conflict affects trade between China and Europe
"10:08, 11-Jul-2022",Shots fired at police during possible hostage situation in Michigan
"21:35, 11-Jul-2022",Sri Lanka crisis offers lessons for middle-income developing countries
"15:38, 11-Jul-2022",Sri Lanka's cabinet to resign once all-party govt agreement formed 
"13:14, 11-Jul-2022",Sri Lanka to hold elections before March next year: report
"20:12, 11-Jul-2022",Sri Lankan PM's office: President informs PM that he will resign
"10:47, 11-Jul-2022",Sri Lankan PM's office confirms president to resign after protests
"07:11, 11-Jul-2022",Ex-Trump aide Steve Bannon offers to testify in U.S. probe of Jan. 6 riot
"16:49, 11-Jul-2022",Syrians in Qamishli preparing for Eid Al Adha
"12:20, 11-Jul-2022",Texas grid operator warns of possible rolling blackouts on Monday
"09:04, 11-Jul-2022",U.S. Senate Majority Leader Chuck Schumer tests positive for COVID-19 
"07:19, 11-Jul-2022",U.S. Trade Representative Katherine Tai tests positive for COVID-19
"21:24, 11-Jul-2022",U.S. dollar index hits new high since 2002
"14:10, 11-Jul-2022",UFC Vegas: Fiziev wins 'Rafael derby' against dos Anjos with TKO
"23:11, 11-Jul-2022",Wang Yi calls on ASEAN to jointly uphold open regionalism
"23:00, 11-Jul-2022",Will Japan's Kishida carry on Abe's legacy as their party wins big in the upper house?
"16:52, 11-Jul-2022",World's most sensitive dark matter detector tested for operation 
"12:32, 11-Jul-2022",World's population to hit 8b this year: UN report
"10:06, 11-Jul-2022",Yen slides to weakest point against dollar since September 1998
"09:25, 12-Jul-2022","2 dead, 3 wounded in shootings at 7-Eleven stores in California"
"22:13, 12-Jul-2022","9,200 monkeypox cases reported from 63 countries: WHO"
"12:01, 12-Jul-2022",Biden: Guns turning U.S. neighborhoods into 'killing fields'
"14:50, 12-Jul-2022",Britain's Labour to put forward no-confidence motion on Tuesday: Reuters 
"13:17, 12-Jul-2022","China, ASEAN vow to strengthen ties as Wang Yi meets ASEAN secretary-general"
"19:25, 12-Jul-2022",China's 'flying man' Su Bingtian to have season's debut at World Athletics Champs
"19:30, 12-Jul-2022",EU gives Croatia final approval to adopt euro currency in 2023
"08:00, 12-Jul-2022","Euro pulls back from near dollar parity, up 0.2%"
"09:32, 12-Jul-2022",Former U.S. Secretary of State Rice joins NFL Denver Broncos owners
"07:10, 12-Jul-2022",French prime minister survives no-confidence vote in parliament
"11:03, 12-Jul-2022",History-making England smash Euro record by thrashing two-time champions Norway 8-0
"21:28, 12-Jul-2022",ISIS leader in Syria killed in U.S. strike: Pentagon
"08:11, 12-Jul-2022","Indonesia, China agree to foster new growth points"
"12:19, 12-Jul-2022",James Webb Telescope's first 'stunning' image revealed 
"10:16, 12-Jul-2022",Japanese government to consider regulations on handmade guns
"14:57, 12-Jul-2022",Major powers will decide whether Sri Lanka's crisis will be repeated 
"21:45, 12-Jul-2022",My Account on China: China-Serbia ties cast in steel
"14:49, 12-Jul-2022",Myanmar leader to meet with Russia's space agency chief in Moscow 
"06:55, 12-Jul-2022",NASA unveils Webb space telescope's first full-color images
"20:29, 12-Jul-2022",OPEC forecasts slower oil demand growth in 2023
"11:12, 12-Jul-2022",One-China principle is anchor of stability for Taiwan Straits: Chinese FM
"17:54, 12-Jul-2022","Putin, Tokayev hold phone conversation"
"20:01, 12-Jul-2022",Putin offers all Ukrainians simplified path to Russian citizenship
"20:01, 12-Jul-2022",Sri Lanka parliament to elect new president on July 20
"13:26, 12-Jul-2022",Sri Lankan president's brother stopped from flying out as anger surges
"12:39, 12-Jul-2022",Sri Lankan president signs resignation letter: reports
"12:18, 12-Jul-2022","Sri Lankans occupy leaders' residences, demand resignations"
"20:00, 12-Jul-2022","Temperatures soar in Spain, Portugal, France and UK "
"14:26, 12-Jul-2022",Test-fired rocket booster bursts into flames at Musk's SpaceX plant
"07:08, 12-Jul-2022","UK's new PM to be announced on September 5, says Tory lawmaker"
"07:28, 12-Jul-2022",U.S. House to vote on sweeping government funding bills next week
"21:18, 12-Jul-2022",UNSC votes on extending cross-border aid to Syria by 6 months
"20:11, 12-Jul-2022","Wang Yi lauds China-ASEAN friendship, champions open regionalism"
"07:46, 12-Jul-2022","White House says hospitals, doctors must give abortions in emergencies"
"14:47, 12-Jul-2022",Yellen meets Japanese Finance Minister Shunichi Suzuki
"07:09, 13-Jul-2022","Mexico to purchase up to 20,000 tons of milk powder from U.S."
"07:20, 13-Jul-2022",Twitter lawsuit accuses Elon Musk of contract breach
"01:58, 10-Jul-2022","Kenyan Okutoyi, Dutch partner Rose Marie crowned Wimbledon champions"
"01:11, 10-Jul-2022",Namibia arrests 11 in poaching of rhinos in national park
"01:36, 10-Jul-2022",Sri Lanka president to resign on July 13: Speaker
"00:54, 10-Jul-2022",Sri Lanka prime minister's house set on fire: police
"01:09, 10-Jul-2022","Zelenskyy sacks Ukraine's envoy to Germany, other ambassadors"
"01:17, 11-Jul-2022",19 killed in South Africa bar shootings
"01:26, 11-Jul-2022",Portugal battles forest fires amid heatwave
"02:31, 11-Jul-2022",President Ramaphosa condemns South Africa gun killings 
"01:41, 11-Jul-2022",Zambia in plan to cancel over $2 billion projects to rein in debt
"00:39, 12-Jul-2022",DR Congo completes entry into East African Community
"23:24, 12-Jul-2022",Death toll from South Africa gun attack rises to 16
"02:46, 12-Jul-2022",Finland's food industry facing serious situation: expert
"02:47, 12-Jul-2022","Sadio Mane, Mohamed Salah in CAF's shortlist for Player of the Year award"
"00:18, 12-Jul-2022","Pogba signs four-year deal, reunites with Juventus"
"00:31, 12-Jul-2022",South Africa confirms third case of monkeypox
"03:17, 13-Jul-2022",Biden and Mexican President Lopez Obrador discuss migration during White House meeting
"02:01, 13-Jul-2022",ECOWAS says Ukraine conflict threatens food security in West Africa
"02:04, 13-Jul-2022",Eight candidates nominated for UK Conservative Party leadership contest
"00:05, 13-Jul-2022",Kenya to set up automotive council to boost local assembly of motor vehicles
"00:36, 13-Jul-2022",WHO calls for equitable expansion of genomics
"01:35, 12-Jul-2022",Emmanuel Macron asked to explain 'secret deals' alleged in 'Uber files' leak
"21:40, 12-Jul-2022","Euro falls to near parity vs dollar, a new 20-year low"
"17:40, 12-Jul-2022",UK opposition Labour to table vote to bring down Johnson government
"04:11, 10-Jul-2022",Sri Lanka's president and prime minister to resign amid unrest
"04:12, 10-Jul-2022",Women's March in Washington D.C. seeks action on abortion from Biden
"06:09, 10-Jul-2022",World leaders offer their condolences to Japan
"04:38, 11-Jul-2022",Argentina marks Independence Day with protests in capital
"04:41, 11-Jul-2022",More Brazilian babies are dying of COVID-19
"03:02, 12-Jul-2022", What is happening in Sri Lanka?
"05:52, 12-Jul-2022",Central American migration crisis 
"06:01, 12-Jul-2022",New York subway stations face challenges in accessibility upgrades  
"05:04, 12-Jul-2022",Protecting giant sequoias from wildfires 
"05:48, 12-Jul-2022",Tso'l Food: Chicago
"05:40, 13-Jul-2022",Colombia releases Truth Commission report on decades of violence 
"04:45, 13-Jul-2022",NYC removes last working public payphone
"04:09, 13-Jul-2022","Survivors of U.S. Indian boarding school systems speak out about abuse, mistreatment"
"05:42, 13-Jul-2022",U.S. President Biden prepares for official Middle East trip
"04:46, 13-Jul-2022",U.S. inflation woes put pressure on businesses in Argentina 
