﻿"17:27, 18-May-2022","12 killed as wall collapses at factory in Gujarat, India"
"15:38, 18-May-2022",BRICS foreign ministers to meet via video link on Thursday  
"17:38, 18-May-2022",Donetsk leader says court to decide fate of Azovstal fighters
"18:42, 18-May-2022","Erdogan urges NATO allies to 'respect' concerns over Finland, Sweden"
"22:30, 18-May-2022",Fukushima water release plan gets initial OK from Japan regulator
"22:21, 18-May-2022",Former police officer pleads guilty to manslaughter in George Floyd killing
"21:03, 18-May-2022",Half a million Indians flee floods brought by rain in NE
"18:16, 18-May-2022",India's Supreme Court releases convict involved in former PM's killing
"17:19, 18-May-2022",Kosovo war crimes court jails veterans for witness intimidation
"19:41, 18-May-2022","Nine dead, 24 wounded in Tajikistan anti-terror operation"
"18:43, 18-May-2022",Pakistan's Taliban extend ceasefire for more talks with government
"16:18, 18-May-2022",The Philippines announces 12 senators elected in 2022 election
"19:31, 18-May-2022","President Xi, Dutch king exchange congratulations on 50th anniversary of diplomatic ties"
"21:49, 18-May-2022","S. Korea, U.S. defense chiefs discuss possible DPRK nuclear test"
"16:51, 18-May-2022","Sri Lanka to default on debt, no money for fuel, minister says"
"14:08, 18-May-2022","Sweden, Finland jointly submit NATO membership applications"
"14:24, 18-May-2022",UK inflation hit 40-year high of 9% in April
"16:00, 18-May-2022",Record increase in key climate change indicators in 2021
"16:31, 18-May-2022",Wang Yi warns Japan-U.S. cooperation should not harm China
"20:50, 18-May-2022",World Bank to provide additional $12b to address global food crisis
"15:11, 19-May-2022","14 killed, 20 injured after bus accident in Jalisco, Mexico"
"07:36, 19-May-2022",Biden invokes Defense Production Act to increase infant formula supply
"11:55, 19-May-2022","COVID-19 is rising in the Americas, virus 'not going away anytime soon': PAHO"
"20:45, 19-May-2022",8 injured in refinery fire in South Korea
"21:45, 19-May-2022",China decries Blinken's statement on Taiwan region's WHO status
"17:22, 19-May-2022",China reiterates support for tariffs cut after Yellen advocates a drop
"17:53, 19-May-2022",Chinese women's volleyball team eyes victory at VNL
"16:39, 19-May-2022",EU co-legislators reach agreement on gas storage
"09:04, 19-May-2022",Eintracht Frankfurt beat Rangers on penalties to win Europa League
"13:04, 19-May-2022",3 injured after explosion in Afghanistan's Balkh 
"09:13, 19-May-2022","FIBA bans Russia, Belarus from international competitions"
"10:01, 19-May-2022",Five wounded in North Philadelphia shooting
"18:13, 19-May-2022",IAEA director general inspects Fukushima nuclear plant
"19:06, 19-May-2022","Indonesia's palm oil export ban to be lifted on May 23, president says"
"15:37, 19-May-2022",Indonesian rescuers battle to free trapped ferry carrying more than 800
"19:21, 19-May-2022",Israel's ruling coalition loses majority after lawmaker quits
"19:41, 19-May-2022",Israeli army says drone intercepted over Gaza Strip
"20:29, 19-May-2022","Italy, Sweden report their first confirmed monkeypox cases"
"21:49, 19-May-2022",Jordan king says 'delusional' half-brother to remain under house arrest
"18:02, 19-May-2022","M6.0 earthquake strikes Hihifo, Tonga: USGS"
"18:42, 19-May-2022",M7.3 quake hits Macquarie Island region
"07:49, 19-May-2022",New York state probes social media used by Buffalo shooting suspect
"11:11, 19-May-2022",One of the last Rwanda genocide fugitives died in 2002: UN 
"16:57, 19-May-2022",One person left seriously injured after German school shooting
"16:06, 19-May-2022",Philippines raises benchmark interest rate to 2.25%
"12:01, 19-May-2022",ROK says DPRK preparations for nuclear test complete: Yonhap
"17:27, 19-May-2022",Ship attacked off Yemen's Hodeidah: UKMTO
"14:37, 19-May-2022","Sirens, explosions heard at Israeli-Lebanese border: report"
"11:26, 19-May-2022",U.S. House passes domestic terrorism bill after Buffalo shooting
"07:24, 19-May-2022","Monkeypox spreads in Europe, U.S. reports first case"
"18:01, 19-May-2022","UK police conclude 'partygate' investigation, issuing 126 fines"
"08:38, 19-May-2022",UN chief calls for concerted international action on food insecurity
"20:00, 19-May-2022",WHO authorizes China's CanSinoBIO COVID-19 vaccine
"09:38, 20-May-2022","1 injured in shooting at Michigan high school, U.S."
"10:08, 20-May-2022","1 killed, 9 injured in South Korean oil refinery explosion"
"16:41, 20-May-2022","11 soldiers, 15 gunmen dead in Burkina Faso attacks: army"
"21:19, 20-May-2022",2022 Australian election: Will Morrison secure a second 'miracle?'
"19:21, 20-May-2022","3 dead, 10 missing as migrant boat capsizes off Tunisia"
"20:58, 20-May-2022",Armed group kidnaps 3 Italians in Mali: Al Arabiya
"16:22, 20-May-2022",Biden arrives in South Korea to meet with Yoon
"21:00, 20-May-2022",Boeing's Starliner space capsule launched on key test flight to orbit
"20:31, 20-May-2022",Borussia Dortmund part ways with their manager Marco Rose
"10:09, 20-May-2022","Confirmed monkeypox cases hit Australia,Canada, U.S., Europe"
"09:46, 20-May-2022","China: Weaponizing economic interdependence creates man-made difficulties, local risks"
"14:45, 20-May-2022",Deborah Birx's COVID book details Trump officials' good and misdeeds
"09:26, 20-May-2022",Explainer: What is monkeypox and where is it spreading?
"16:34, 20-May-2022",France reports first confirmed monkeypox case
"18:20, 20-May-2022",Germany confirms its first monkeypox case: military research facility
"17:25, 20-May-2022",ICYMI: The week's quirky news from around the world
"08:52, 20-May-2022",IOC approves historic Olympic relay bronze for Team China at Tokyo 2020
"16:37, 20-May-2022",NBA East Finals on May 19: Celtics bounce back to beat Heat in Game 2
"15:38, 20-May-2022",Pakistani FM to visit China from Saturday to Sunday
"21:53, 20-May-2022","Qatari emir optimistic on Iran deal, confirms gas supply to Germany"
"16:56, 20-May-2022","Rafael Nadal, Novak Djokovic may meet in French Open quarterfinals"
"18:39, 20-May-2022",Real Madrid agree to €360 million investment from Sixth Street
"14:07, 20-May-2022","UN chief urges reintegrating agricultural production of Russia, Ukraine into world markets"
"12:59, 20-May-2022",Sri Lanka appoints nine new cabinet ministers
"15:36, 20-May-2022",4 injured in stabbing attack in Norway
"18:40, 20-May-2022",UN Human Rights Commissioner to visit China from May 23 to 28
"18:39, 20-May-2022",WHO to convene emergency meeting on monkeypox outbreak
"23:06, 20-May-2022","Wang Yi holds talks with FMs of Ecuador, Uruguay and Nicaragua"
"11:36, 20-May-2022",Wildfires near Ukraine's Chernobyl plant pose no radioactive threat: IAEA
"17:23, 21-May-2022",2021-22 NBA All-Defensive teams: Most selections remain old faces
"19:12, 21-May-2022",Labor projected to win Australia's federal election: ABC
"08:06, 21-May-2022",Australian PM Morrison seeking reelection as polls open
"21:56, 21-May-2022",Australian PM concedes defeat in federal election
"22:50, 21-May-2022",BRICS: A harbinger of multilateralism and global security
"14:56, 21-May-2022",Biden's visit to Japan clouds deep-seated grievances in Okinawa
"18:36, 21-May-2022",Biden signs $40 billion Ukraine aid bill into law
"08:39, 21-May-2022",Boeing's crew capsule docks with International Space Station in test do-over
"12:34, 21-May-2022","COVID-19 cases surge again in U.S., could get worse in coming months"
"14:57, 21-May-2022",China's urban employees see robust average salary growth in 2021
"18:21, 21-May-2022",Chinese center Li Yueru confident in her career with Sky in WNBA
"07:21, 21-May-2022",Dutch health agency confirms first monkeypox case
"23:02, 21-May-2022",Expert: Biden's agenda is to keep things away from China
"15:43, 21-May-2022",Explosion near maternity hospital in Kazakhstan kills three
"15:29, 21-May-2022",Italians protest against government sending weapons to Ukraine
"16:15, 21-May-2022",NBA West Finals on May 20: More resourceful Warriors beat Mavericks
"16:23, 21-May-2022",Palestine says teen killed by Israeli forces in West Bank
"07:58, 21-May-2022",Pentagon spokesperson moving into White House role
"20:55, 21-May-2022",Incoming Australian Prime Minister Albanese says he wants to unite country
"15:57, 21-May-2022",State of emergency lifted in Sri Lanka
"22:29, 21-May-2022",Tourist bus accident in Indonesia's West Java kills 22: report
"14:58, 21-May-2022",Trailer: Have an adventure on all seven continents with wildlife!
"15:26, 21-May-2022",Transformer substation catches fire in Russia's Moscow region
"15:40, 21-May-2022","U.S., South Korea looking to 'expand' military exercises"
"11:40, 21-May-2022","WHO confirms 80 monkeypox cases, warns it may 'accelerate' in summer"
"17:34, 21-May-2022","Wall Street ends another week of losses, raising recession worries"
"22:37, 21-May-2022",Will Biden's 'Indo-Pacific Economic Framework' succeed?
"07:47, 22-May-2022","Israel, Switzerland report their first confirmed monkeypox cases as virus spreads"
"07:11, 22-May-2022","M6.1 quake strikes Calatagan, Philippines"
"07:22, 22-May-2022","Six killed in drone strikes in Iraq, officials blame Turkey"
"07:49, 22-May-2022","Tourist plane crashes in SE France, 5 dead"
"07:30, 22-May-2022","U.S. envoy meets Afghan Taliban diplomat, presses women's rights"
"00:52, 19-May-2022","African Union, Singapore establish framework for mutual recognition of COVID-19 vaccination certificates"
"02:28, 19-May-2022",Wall Street stocks tumble following weak results from retailers
"01:49, 19-May-2022",Ethiopia sees growing coffee market in China: official
"01:12, 19-May-2022",George Floyd case: Former Minneapolis officer pleads guilty 
"01:11, 19-May-2022",Pan-African lender roots for intermediary cities to manage rural-urban influx
"01:34, 19-May-2022",Russia and Ukraine blame each other after peace talks stall
"00:42, 19-May-2022",Russia expels 34 French diplomats in retaliation
"01:49, 19-May-2022",Senior Chinese diplomat holds phone conversation with U.S. national security advisor
"01:41, 20-May-2022",Egypt's security forces thwart suicide attack in North Sinai
"00:34, 20-May-2022",Gabon reports first bird flu outbreak
"00:34, 20-May-2022",Israel's doctors go on strike over violence in hospital
"00:40, 20-May-2022",Mozambique declares public health emergency after reporting first wild poliovirus case in 3 decades
"01:46, 20-May-2022",Qatar World Cup to feature female referees for the first time
"02:42, 20-May-2022",U.S. Congress approves new $40 billion aid package for Ukraine
"02:03, 21-May-2022",African Development Bank approves $1.5 billion to avert food crisis
"02:40, 21-May-2022",Fire next to Geneva Airport disrupts flights 
"01:32, 21-May-2022",Monkeypox: WHO calls emergency meeting as cases cross 100 in Europe
"01:52, 21-May-2022",U.S. jobless claims rise for third straight week amid tight labor market
"01:04, 22-May-2022",IMF projects Gabon's economy will grow in 2022
"01:10, 22-May-2022",Iran agrees to revive gas pipeline project to Oman: report
"00:45, 22-May-2022",Malawi to roll out cholera vaccine after recording 12 deaths
"02:03, 22-May-2022",Somalia's new President Hassan Sheikh Mohamud to take office formally on Monday
"01:14, 22-May-2022",Ugandan president to address nation on current economic situation
"00:43, 22-May-2022","World leaders, health chiefs in Geneva for 75th World Health Assembly"
"01:32, 19-May-2022",Turkey stands in way of Finland and Sweden's bids to join NATO
"00:54, 19-May-2022",UK inflation hits a 40-year high. So what next?
"00:31, 20-May-2022","London black taxis offer free rides to mark 7,000 global sales and Queen's jubilee "
"01:09, 20-May-2022",Supply chain setbacks put brakes on automotive sector
"18:39, 21-May-2022",Germany may experience beer bottle shortages due to rising costs
"22:51, 21-May-2022","One killed, 40 injured as suspected tornado hits Germany"
"23:40, 18-May-2022",Study shows impact of legislators in far-right groups on U.S. politics
"06:26, 19-May-2022"," Buffalo supermarket shooter raises questions around ""red flag"" laws"
"06:27, 19-May-2022","""Knife Angel"" national monument made from surrendered blades in UK "
"04:33, 19-May-2022",Anxiety and suicide rates are rising among American children
"04:32, 19-May-2022",Colombia court approves medically assisted suicide
"04:33, 19-May-2022",Grenada lifts its all COVID travel restrictions
"04:32, 19-May-2022",See what clean artisanal gold mining means for Amazon
"04:33, 19-May-2022",Sri Lanka expected to be placed into default after missing payments
"04:32, 19-May-2022",U.S. plans to ease some sanctions on Cuba and Venezuela 
"04:32, 19-May-2022",White House warns of COVID surge this winter
"05:42, 20-May-2022",Has U.S. policing changed since George Floyd's death?
"06:58, 20-May-2022",Journalists face extreme risks while reporting on world events
"05:53, 20-May-2022",See how an NGO protects araucaria forests in Brazil
"05:48, 20-May-2022",See why Asian Americans don’t get mental health treatment
"06:00, 20-May-2022",UN warns Russia-Ukraine conflict could cause global food crisis
"06:47, 21-May-2022",Buffalo residents working to heal from racist mass shooting
"06:12, 21-May-2022","Donbas region of Ukraine completely destroyed, U.S. allocates more aid"
"03:49, 21-May-2022",Fuel shortage crisis affects local fishermen in Venezuela
"06:12, 21-May-2022",How can the UN become a pillar of multilateralism? 
"03:55, 21-May-2022",Impact of COVID-19 on Latin America
"03:50, 21-May-2022",Innovators compete to improve toxic effects of gold mining in Peru
"02:43, 21-May-2022",Interview with Hungary’s Minister of Foreign Affairs and Trade 
"02:42, 21-May-2022",Sri Lankan prime minister warns of food shortages amid economic crisis
"03:45, 21-May-2022",Tso’l Food: Dong Po Rou
"06:37, 21-May-2022",UN: Israel's forced evacuation of Palestinians is a possible war crime
"03:44, 22-May-2022",Beef exports driving destruction of Amazon rainforest
"06:42, 22-May-2022","Brazil's Careiro da Varzea river overflows its banks, floods crops "
"02:22, 22-May-2022",Can this rain forest be saved?
"03:43, 22-May-2022",Composting helps save water and protects the planet
"03:44, 22-May-2022",Funerals held for Buffalo shooting victims
"03:44, 22-May-2022",New Mexico has the second highest suicide rate in the U.S.
"04:52, 22-May-2022",Pakistan's heatwave sees temperatures soar to 118 degrees Fahrenheit 
"04:52, 22-May-2022",Two dead after rare tornado hits northern Michigan
"02:22, 22-May-2022",Venezuelan fishermen struggle with rising fuel prices
