﻿"19:00, 20-May-2022","""Xiaoman"" or Grain Buds"": the grains of summer buds grow full"
"20:09, 20-May-2022",China calls for unity among BRICS nations to boost security for all
"14:29, 20-May-2022",China completes vault installation of largest LNG storage tanks
"11:11, 20-May-2022",China cuts key interest rate by record amount to boost economy
"14:22, 20-May-2022","China delivers world's first 100,000-tonne 'mobile fish farm'"
"22:53, 20-May-2022",China highly respects Nicaragua's choice of development path: FM
"20:53, 20-May-2022",China launches three test communication satellites to low-Earth orbit 
"18:36, 20-May-2022","China's Mars rover Zhurong goes dormant to survive sand, dust storms"
"19:09, 20-May-2022",China's State Council appoints John Lee as HKSAR chief executive
"09:50, 20-May-2022",China says Canada's planned Huawei ban violates free trade rules
"21:35, 20-May-2022",China welcomes more countries to join 'BRICS Plus': Wang Yi
"09:11, 20-May-2022",Chinese mainland records 193 new confirmed COVID-19 cases
"13:33, 20-May-2022",Common spoonbills frolic in NE China's Heilongjiang Province
"17:40, 20-May-2022",Last unit of China's 16 GW-Baihetan hydropower plant installed
"15:38, 20-May-2022",Pakistani FM to visit China from Saturday to Sunday
"16:56, 20-May-2022","Rafael Nadal, Novak Djokovic may meet in French Open quarterfinals"
"14:50, 20-May-2022",Vietnamese volunteer: COVID-19 has deepened my love for Shanghai
"22:36, 20-May-2022",Wang Yi: China ready to advance BRI cooperation with Ecuador
"23:06, 20-May-2022","Wang Yi holds talks with FMs of Ecuador, Uruguay and Nicaragua"
"18:52, 20-May-2022",China urges U.S. to 'match their words with deeds' 
"14:43, 20-May-2022",Why more Chinese women are falling for younger men 
"11:23, 20-May-2022",Youth paintings on space go on show to mark 1st year of Tianhe launch
"09:58, 21-May-2022",Animals in solar terms: 'Xiaoman'
"22:50, 21-May-2022",BRICS: A harbinger of multilateralism and global security
"17:35, 21-May-2022",China reiterates any attempt to play 'Taiwan card' doomed to fail
"18:21, 21-May-2022",Chinese center Li Yueru confident in her career with Sky in WNBA
"09:26, 21-May-2022",Chinese mainland records 201 new confirmed COVID-19 cases
"20:26, 21-May-2022",Chinese research ship finishes 'health check' after decade of service
"19:44, 21-May-2022",Chinese researchers develop lever-inspired triboelectric nanogenerator
"18:10, 21-May-2022",First bank branch reopens in central Shanghai
"23:09, 21-May-2022","John Lee pledges to implement 'One Country, Two Systems'"
"08:26, 21-May-2022",New Chinese dietary guidelines for children released amid overweight concerns
"12:52, 21-May-2022",Photos of gadwalls flying in sky
"14:58, 21-May-2022",Trailer: Have an adventure on all seven continents with wildlife!
"22:44, 21-May-2022",World's largest 'back-to-back' flexible DC project built in Greater Bay Area
"19:03, 22-May-2022",Audi's new ad video sparks outcry over copying blogger's script
"19:53, 22-May-2022",Billions of fish fries released into the Bohai sea
"18:59, 22-May-2022","China, Pakistan vow to strengthen all-round cooperation"
"20:26, 22-May-2022","China Weekly News Quiz: May 15-22, 2022"
"09:25, 22-May-2022",Chinese mainland records 169 new confirmed COVID-19 cases
"19:29, 22-May-2022",Chinese teenagers shine at Gymnasiade 2022
"22:39, 22-May-2022",Ex-official responds to blame of China for supply chain interruptions
"18:19, 22-May-2022",Hong Kong Post to issue stamps marking 25th anniversary of HKSAR's establishment
"10:55, 22-May-2022","In China's villages, grannies do the boogey to avoid loneliness"
"21:16, 22-May-2022",Pakistani FM: Any attack on China is an attack on Pakistan
"22:08, 22-May-2022",Shanghai reopens some public transport routes
"19:42, 22-May-2022",Tibetan opera troupe carries on traditions despite funding challenges
"21:44, 22-May-2022",Xinjiang stories the West turns a blind eye to
"14:13, 23-May-2022","China releases updated database on biodiversity, added 10,343 species"
"18:12, 23-May-2022",China's FAST initially detects new phenomenon of 'Black Widow' pulsars
"22:25, 23-May-2022",China's ride-hailing company DiDi moves to delist from NYSE
"22:00, 23-May-2022",China to strengthen health infrastructure to deal with COVID-19
"23:18, 23-May-2022",China to take concrete measures to bring economy back to normal
"16:15, 23-May-2022","China urges Asia-Pacific to reject military bloc, camp confrontation in region"
"16:21, 23-May-2022",China warns not to underestimate resolve to safeguard sovereignty
"09:24, 23-May-2022",Chinese mainland records 187 new confirmed COVID-19 cases
"11:29, 23-May-2022","Employment, labor rights in Xinjiang are fully protected: scholars"
"23:21, 23-May-2022",Expert: Multiple advantages boost China's infrastructure development
"09:17, 23-May-2022",Full text: China-Pakistan Joint Statement
"12:30, 23-May-2022",How close is China to getting an mRNA COVID-19 vaccine ready?
"13:33, 23-May-2022",Analysis: Is South Korea changing its China policy with new commitment to U.S.?
"12:25, 23-May-2022",More young Chinese embracing minimalism amid pandemic
"19:57, 23-May-2022",Premier Li congratulates new Australian Prime Minister Albanese
"21:03, 23-May-2022",Shanghai reopens some public transportation
"21:29, 23-May-2022",World Health Assembly rejects Taiwan-related proposal for 6th consecutive year
"17:30, 24-May-2022",Airbnb to end listings in Chinese mainland by end of July 
"20:12, 24-May-2022","Defense ministry: China, Russia conduct joint strategic air patrol"
"11:02, 24-May-2022",China achieves full village-level medical facilities coverage
"08:59, 24-May-2022",China opposes politicizing issues of technological nature: envoy
"21:15, 24-May-2022",China pledges greater credit support to stabilize economy
"13:47, 24-May-2022",Chinese inhalable COVID-19 booster vaccine safe and effective: study
"09:12, 24-May-2022",Chinese mainland records 156 new confirmed COVID-19 cases
"11:13, 24-May-2022",Chinese Super League to kick off on June 3 without Chongqing club
"13:13, 24-May-2022",Graphics: Why China needs to stick to its 'zero-COVID policy'
"11:34, 24-May-2022",Vice premier urges greater efforts to curb public COVID-19 transmission in Beijing
"07:54, 24-May-2022",How is life and economy recovering in east China's Zhejiang Province?
"14:35, 24-May-2022",Human's motion perception revealed by spaceflight: study
"13:13, 24-May-2022",N China's Taiyuan aims for economic recovery after containing COVID-19
"19:49, 24-May-2022",Xi Jinping says Chinese people ready to promote exchanges with American people
"19:26, 24-May-2022","Regional economic cooperation should be open, inclusive: China on IPEF"
"22:55, 24-May-2022",Rescue underway after explosion in east China city
"19:09, 24-May-2022",The key Xi Jinping learned from his father
"13:46, 24-May-2022",Trash to treasure: Young craftswoman takes 'China Chic' to next level
"11:14, 24-May-2022",WEF Chinese delegation refutes CNN report they walked out on Zelenskyy's speech
"00:22, 24-May-2022",Wang Yi elaborates China's position on human rights issues 
"15:36, 24-May-2022",Wang Yi to visit South Pacific Island countries and Timor-Leste
"22:17, 25-May-2022",Chinese Foreign Ministry: U.S. covers its own lies with another over Xinjiang-related issues
"14:19, 25-May-2022",PLA Eastern Theater Command conducts patrol with combat-readiness around the Taiwan island
"17:02, 25-May-2022",China's adolescents are struggling with mental health decline
"20:36, 25-May-2022",China's world Big Data Expo 2022 to boost global digital economy
"17:55, 25-May-2022","Wang Yi: Asian countries should play active role in regional, world peace"
"09:23, 25-May-2022",Chinese mainland records 117 new confirmed COVID-19 cases
"22:57, 25-May-2022","First provincial-level employment, entrepreneurship incubation base for visually-impaired opens in China"
"20:58, 25-May-2022",Carrie Lam: Hong Kong to resume activities marking 25th anniversary of return to China
"19:01, 25-May-2022",Hidden World of Birds in City: Parenting
"13:56, 25-May-2022","How will China's economy weather geopolitical tensions, inflation?"
"08:00, 25-May-2022","Investigation ongoing after blast kills 1, injures 5 in E China"
"22:09, 25-May-2022",Premier Li Keqiang requires detailed policies to stabilize economy
"21:24, 25-May-2022",Premier Li Keqiang stresses effective policies to stabilize economy
"20:38, 25-May-2022","Researchers start breeding 12,000 space seeds returned by Shenzhou-13"
"22:58, 25-May-2022",Space agencies from BRICS countries begin satellite and data sharing
"15:01, 25-May-2022",Supercomputing lab in China uses quantum technology to predict weather
"10:41, 25-May-2022",The key to Taiwan's WHA observer status rests on itself
"12:01, 25-May-2022",What can India learn from China's remarkable e-bus rollout?
"18:00, 25-May-2022","Xi Jinping meets heroes, role models from public security system"
"13:08, 25-May-2022",How does China practice people-centered philosophy in human rights development?
"14:14, 26-May-2022",6% of China's summer wheat harvested using machines
"22:00, 26-May-2022",African coffee growers find market potential in China
"09:34, 26-May-2022",Ailao Mountains Series | Ep. 6: Red junglefowl
"23:05, 26-May-2022",Blinken says U.S. does not want a new Cold War
"19:00, 26-May-2022",China-Pacific Island Countries cooperation should not be disturbed by any third party
"20:50, 26-May-2022",Chinese-built lowest-altitude power plant in Israel enters final construction stage
"16:21, 26-May-2022",China calls for U.S. to respond positively to Iran's concerns on nuclear issues
"19:52, 26-May-2022","Xi Jinping looks to improve, strengthen China's public complaint management system"
"12:47, 26-May-2022","Chinese scientists make breakthrough harvesting energy from sun, outer space cooling"
"22:53, 26-May-2022",China's first compressed air energy storage in salt cavern connects to grid
"15:42, 26-May-2022",China stresses political solution to the Korean Peninsula issue as UNSC eyes sanction vote  
"15:43, 26-May-2022",China urges U.S. to accept China's peaceful development objectively
"09:20, 26-May-2022",Chinese mainland records 130 new confirmed COVID-19 cases
"09:35, 26-May-2022","Debris from China's Tianzhou-4 mission re-enters atmosphere, mostly burning up"
"21:34, 26-May-2022",Minimalist lifestyle becomes more popular among young Chinese people
"17:55, 26-May-2022",Night time economy growing in N China as COVID-19 restrictions ease
"14:55, 26-May-2022",Shanghai to resume in-person classes for most high school students from June 6
"11:03, 26-May-2022",Tourism during pandemic: Hotpot bus boosts local tourism in Chengdu
"10:51, 26-May-2022",WEF applauds China's commitment to combat COVID-19 pandemic
"08:42, 26-May-2022","Wang Yi: China, EU are partners, not rivals"
"14:02, 26-May-2022","Wang Yi hails consensus on security, climate change, and other issues with Solomon Islands"
"22:46, 27-May-2022", China slams U.S. for spreading erroneous remarks about Taiwan
"17:40, 27-May-2022","4 killed, 4 missing as heavy rainfall hits SW China's Yunnan"
"18:50, 27-May-2022","Domestic politics, region's attitude behind Blinken's China policy speech: experts"
"19:02, 27-May-2022",Beijing playgroup offers new possibilities for preschool childcare
"14:55, 27-May-2022",CPC leadership deliberates Party's political consultation work regulation
"17:03, 27-May-2022","China may have prevented 50,000 COVID-related deaths: WHO data"
"09:57, 27-May-2022","China's industrial profits under pressure in short term, expected to recover on positive support: NBS"
"16:46, 27-May-2022",China's space observation ship departs for 100th mission
"16:28, 27-May-2022",China says Blinken 'spread false information' in speech
"17:29, 27-May-2022","China vows to defend legitimate rights, interests of small countries"
"09:08, 27-May-2022",Chinese UN envoy: sanctions won't solve Korean Peninsula nuclear issue 
"09:15, 27-May-2022",Chinese mainland records 102 new confirmed COVID-19 cases
"16:20, 27-May-2022",Chinese scientists find gene for drought resistance in rice
"21:59, 27-May-2022",Immunity generated from COVID-19 infections not China's current choice: CDC official 
"21:50, 27-May-2022",Provinces and cities to throw 'combo punch' to stabilize economy in Q2
"17:38, 27-May-2022",Retrospective in Anhui pays tribute to Chinese veteran artist
"10:42, 27-May-2022",The next Li Na? Chinese sensation Zheng Qinwen stuns former champion Halep at French Open
"23:08, 28-May-2022",Beijing to lift some COVID measures as new cases drop for 6 days
"16:15, 28-May-2022",China eyes 40% soybean production boost by end of 2025
"09:34, 28-May-2022",China reports surplus in international goods trade
"08:28, 28-May-2022",China's chief epidemiologist Wu Zunyou recognized for health promotion by WHO
"23:09, 28-May-2022",Chinese Vice FM Ma Zhaoxu on UN human rights chief's visit to China
"22:17, 28-May-2022",Vice Foreign Minister Ma Zhaoxu briefs the media on the visit of UN High Commissioner for Human Rights to China
"09:12, 28-May-2022",Chinese mainland records 96 new confirmed COVID-19 cases
"07:09, 28-May-2022","8 killed in landslides, E China "
"16:36, 28-May-2022",Flying Leopards GM: We want to build more talents than a dynasty
"09:52, 28-May-2022",Hong Kong holds legal conference on Basic Law to mark 25th anniversary of return to China
"11:08, 28-May-2022","Outdoor opera ""Princess Wencheng"" staged for 10th year in Tibet"
"18:48, 28-May-2022",Rent & tax cuts help tourism resume in N China as COVID outbreak eases
"15:33, 28-May-2022",Securities regulators approve Chinese mainland-Hong Kong ETF Connect
"12:17, 28-May-2022",Top legislator stresses legal safeguards for tranquil environment
"14:43, 28-May-2022","Watch it, play it and rock it – How VR is changing music consumption"
"14:10, 28-May-2022","Xi calls for advancing study of Chinese civilization, strengthening cultural confidence"
"22:01, 28-May-2022",Zheng Qinwen beats Alize Cornet to reach French Open Round of 16
"11:00, 29-May-2022",China leverages targeted policies to bolster property market
"09:29, 29-May-2022","China's AC352 helicopter completes functionality, reliability tests"
"10:36, 29-May-2022",China's crewed spaceship Shenzhou-14 transferred to launch site
"00:04, 25-May-2022","Trade, Ukraine and 'human rights': Wang Yi holds German FM talks"
"07:27, 24-May-2022",China’s Ambassador to the U.S. received letters from Flying Tigers veterans 
"07:27, 24-May-2022", U.S. students in Virginia attended the online lecture of Chinese traditional puppet art from Zhangzhou
"06:48, 25-May-2022",Xi Jinping replies to letter from an old American friend
"21:14, 26-May-2022",Ambassador Qin Gang publishes an article on the South China Morning Post
"23:34, 27-May-2022",Chinese Ambassador to the U.S. Qin Gang reassured that China’s opening-up policy is unchanged
"23:34, 27-May-2022",Chinese Ambassador to the U.S. Qin Gang said China-U.S. relationship should be win-win cooperation
"23:35, 27-May-2022",Chinese Ambassador to the U.S. Qin Gang answered how U.S. companies can do business in China
