﻿"14:59, 01-Aug-2022","Philippines won't rejoin International Criminal Court, president says"
"22:39, 04-Aug-2022",China willing to work with ASEAN to build model for common development
"23:04, 04-Aug-2022",Russian court finds U.S. basketball star Brittney Griner guilty
"17:19, 05-Aug-2022","'Productive' extension talks between James, Lakers leads to no agreement"
"22:42, 05-Aug-2022",18 Sudanese killed in ambush by armed Chadian group
"22:50, 05-Aug-2022","2 killed, 3 injured in Kabul explosion"
"11:34, 05-Aug-2022",Ambassador Qin Gang: Why China objects to Pelosi's visit to Taiwan
"09:18, 05-Aug-2022",At least 13 killed in nightclub fire in Thailand
"12:42, 05-Aug-2022",At least 5 killed in hospital fire in South Korea
"16:30, 05-Aug-2022",Azerbaijan summons British charge d'affaires over London embassy attack
"17:00, 05-Aug-2022","Burkina Faso attacks kill 12: local, security sources"
"09:41, 05-Aug-2022","China, Laos vow to build unbreakable community with shared future"
"11:44, 05-Aug-2022","China, New Zealand vow to advance comprehensive strategic partnership "
"12:23, 05-Aug-2022","China, Thailand laud bilateral cooperation"
"17:55, 05-Aug-2022",China announces countermeasures over Pelosi's Taiwan visit
"16:21, 05-Aug-2022",China imposes sanctions on Nancy Pelosi over visit to Taiwan region
"08:52, 05-Aug-2022",Chinese FM puts forward 4 proposals on promoting East Asia cooperation
"15:39, 05-Aug-2022","Chinese FM to visit Bangladesh, Mongolia from August 6 to 8"
"21:44, 05-Aug-2022",Chinese FM warns U.S. not to act rashly to avoid bigger crisis
"09:46, 05-Aug-2022","Chinese, Turkish FMs meet for enhancing cooperation"
"16:06, 05-Aug-2022",Cubs. Cardinals to bring MLB overseas games back to London in 2023
"10:26, 05-Aug-2022","Djokovic officially out of Montreal event, likely to miss U.S. Open"
"20:24, 05-Aug-2022",Putin hopes for deal with Erdogan to boost economic cooperation
"17:32, 05-Aug-2022",Flash floods kill over 500 in Pakistan during heaviest rains in decades
"07:13, 05-Aug-2022",Four U.S. police officers charged over Breonna Taylor death
"09:46, 05-Aug-2022",Great Barrier Reef sees fragile coral comeback
"21:29, 05-Aug-2022","15 killed, 125 injured as Israel continues airstrikes on Gaza"
"16:41, 05-Aug-2022",Japan's PM Kishida to reshuffle cabinet as early as Aug. 10: NHK
"19:47, 05-Aug-2022",Malian and 'white' soldiers involved in 33 civilian deaths: UN experts
"12:45, 05-Aug-2022",Reserve Bank of India raises repo rate 50 basis points to 5.4%
"14:06, 05-Aug-2022",Russia ready to discuss prisoner exchange with U.S.: Lavrov
"19:15, 05-Aug-2022",Russia says it destroyed militants trained by U.S. Special Forces in Syria
"13:45, 05-Aug-2022",S. Africa reports first death after J&J COVID-19 vaccine administered
"06:59, 05-Aug-2022",Senegal ruling coalition loses parliamentary majority: electoral commission
"07:59, 05-Aug-2022","South Korean spacecraft launched to the moon, country's 1st"
"18:58, 05-Aug-2022",The Spotlight: Battle to be Britain's next PM
"06:56, 05-Aug-2022",U.S. government declares monkeypox outbreak a public health emergency
"20:53, 05-Aug-2022","U.S. job growth surges, economy adds 528,000 positions in July"
"16:02, 05-Aug-2022",U.S. remains committed to one-China policy: Blinken
"11:58, 05-Aug-2022",UN chief urges restraint in tense Nagorno-Karabakh region: spokesman
"19:19, 05-Aug-2022",Vietnam reiterates commitment to one-China policy as foreign ministers meet
"11:18, 05-Aug-2022",Wang Yi meets with Lavrov on sidelines of ASEAN meeting
"08:11, 05-Aug-2022",Four people in critical condition after lightning strike in Washington D.C.
"07:23, 06-Aug-2022",10 killed in Pennsylvania house fire
"18:12, 06-Aug-2022","49ers coach Shanahan wants players to be tough, not violent in practice"
"16:59, 06-Aug-2022",Asia News Wrap: India's $19b 5G auction and more
"15:48, 06-Aug-2022",Barca have to activate new 'economic lever' to register new signings
"18:10, 06-Aug-2022",Biggest risk to stability of South China Sea is interference by powers outside region: Wang Yi
"15:30, 06-Aug-2022",Bus crash on highway in Croatia kills at least 12 
"20:12, 06-Aug-2022",China appreciates Iran's adherence to the one-China principle: Wang Yi
"21:17, 06-Aug-2022","China blasts Japan, U.S., Australia over criticism of military drills"
"17:45, 06-Aug-2022",Chinese FM makes 3-point proposal to strengthen East Asia cooperation
"16:46, 06-Aug-2022",Chinese Foreign Minister stresses role of ASEAN-centered cooperation platform
"11:23, 06-Aug-2022",DPRK foreign ministry condemns Japan's nuclear-contaminated water discharge plan
"11:43, 06-Aug-2022",Foreign envoys express opposition to Pelosi's visit to China's Taiwan region
"17:18, 06-Aug-2022",Gaza's only power plant shuts down over fuel shortage
"08:58, 06-Aug-2022",Guterres calls for global nuclear disarmament from Hiroshima
"15:41, 06-Aug-2022","How is the U.S. handling the monkeypox, now a public health emergency?"
"07:30, 06-Aug-2022","IS claims responsibility for blast in Kabul, Afghanistan"
"20:27, 06-Aug-2022",InFocus: Russia to quit ISS – What is the western world worried about?
"12:00, 06-Aug-2022",Indiana becomes 1st U.S. state to approve abortion ban post-Roe
"10:57, 06-Aug-2022",Japanese PM Kishida to replace defense minister on Wednesday: Yomiuri
"11:01, 06-Aug-2022",At least one killed after lightning sets fuel tanks ablaze in Cuba
"22:27, 06-Aug-2022",Liverpool start 2022-23 Premier League season with 2-2 draw
"09:05, 06-Aug-2022",Monkeypox cases reported in 49 U.S. states
"20:21, 06-Aug-2022",NASA halts all spacewalks at ISS over spacesuits safety issue
"16:57, 06-Aug-2022",NFL: What does six-game suspension of Watson mean to Cleveland Browns?
"14:28, 06-Aug-2022",Pelosi's 'farcical' Taiwan trip boosts one-China consensus: Wang Yi
"09:40, 06-Aug-2022","Peruvian President names new finance minister, PM to stay on"
"19:23, 06-Aug-2022",3 killed in powerful explosion in Kabul
"15:52, 06-Aug-2022",Singaporean foreign minister tests positive for COVID-19 after returning from Cambodia
"22:42, 06-Aug-2022",UK: 'Early signs' that monkeypox outbreak may be peaking
"14:48, 06-Aug-2022",Wang Yi praises Russia's immediate reaffirmation of one-China principle
"11:25, 07-Aug-2022",Dozens killed as Israel-PIJ exchange of fire continues 
"17:07, 07-Aug-2022",Armenia says soldier wounded by Azerbaijani forces at border
"15:59, 07-Aug-2022",At least 12 deaths reported in cholera outbreak in Afghanistan
"07:22, 07-Aug-2022",Biden tests negative after second bout of COVID-19
"20:28, 07-Aug-2022",Biden out of isolation after testing negative for COVID-19 again
"14:24, 07-Aug-2022",CGTN BizTalk: U.S. Inflation Inflicts Pain on World Economy
"18:21, 07-Aug-2022",CGTN Sports Talk: Should LeBron James sign extension with Lakers?
"16:15, 07-Aug-2022",Casualty feared as explosion heard in Afghan capital Kabul
"17:02, 07-Aug-2022",Chelsea manager Tuchel on Alonso's absence in season opener: He wants to leave
"14:44, 07-Aug-2022",Chinese-built large oil terminal operational in Kenya to secure energy
"08:28, 07-Aug-2022",Cuban authorities recover first body from depot fire
"17:22, 07-Aug-2022",Israeli PM says military offensive in Gaza to continue 'as long as necessary'
"09:32, 07-Aug-2022","Diamond League: Fraser-Pryce runs world-best 100m, Duplantis triumphs in pole vault"
"16:59, 07-Aug-2022","Foreign experts: Pelosi's visit to Taiwan region breaches one-China principle, damages relations"
"23:07, 07-Aug-2022",Foreign friendship organizations with China strongly condemn Pelosi's visit to Taiwan
"17:50, 07-Aug-2022",Former 'Red Devil' Rooney says United should let Ronaldo go
"14:34, 07-Aug-2022","Global Political Calendar: Kenyan election, UN chief in Asia"
"10:18, 07-Aug-2022",Iran's negotiator says safeguards issues under discussion in Vienna
"20:24, 07-Aug-2022","Israel, Palestinians agree truce from Sunday evening"
"10:57, 07-Aug-2022",Lionel Messi gets standing ovation from rival fans after sensational overhead kick
"22:59, 07-Aug-2022",Iran says it does not seek nuclear weapons
"10:47, 07-Aug-2022",Palestinian Islamic Jihad confirms commander dead in Israeli airstrike on Gaza
"17:03, 07-Aug-2022",Somalia's parliament endorses new cabinet
"13:24, 07-Aug-2022",Spain reports first deaths from acute hepatitis in children
"19:56, 07-Aug-2022",Suspected Islamists kill 20 in east DR Congo village attacks
"12:57, 07-Aug-2022",Taiwan region key to U.S. geopolitical goal to contain Indo-Pacific  
"07:45, 07-Aug-2022","U.S. Senate Democrats advance $430 billion climate, drug bill"
"21:05, 07-Aug-2022",UFC Vegas: Jamahal Hill finishes Thiago Santos to earn top 10 spot in light heavyweight division
"23:23, 07-Aug-2022",Wang Yi points out three U.S. mistakes in Pelosi's Taiwan visit
"16:56, 08-Aug-2022",10 killed in stabbing spree in southern Iran: state media
"11:50, 08-Aug-2022","4 soldiers, 2 civilians killed in terrorist attack in Mali"
"16:41, 08-Aug-2022",6 migrants killed after boat sinks off Algeria: local TV
"10:55, 08-Aug-2022",At least three killed in Indian stampede: reports
"18:15, 08-Aug-2022",Blinken meets with South African Minister Naledi Pandor in Pretoria
"14:34, 08-Aug-2022","Chadian transitional authorities, rebel groups sign peace agreement in Qatar"
"09:47, 08-Aug-2022",China defends countermeasures over Pelosi's Taiwan region visit
"10:32, 08-Aug-2022",China eases COVID-19 suspension measures for international flights
"14:17, 08-Aug-2022",China rides on greater fitness awareness to build a better future
"21:42, 08-Aug-2022",Iran's negotiators return to Tehran while examining EU's 'final text' 
"21:50, 08-Aug-2022",Egyptian officials to arrive in Israel for talks on release of PIJ members: report
"11:26, 08-Aug-2022","Former Polish PM explains the success of ""Chinism"""
"11:53, 08-Aug-2022",Former U.S. president hints at possible 2024 White House comeback bid
"18:07, 08-Aug-2022",Gaza's sole power plant restarts after two-day stoppage
"14:30, 08-Aug-2022",Geopolitical insecurities drive Blinken's Africa tour
"07:06, 08-Aug-2022",Gustavo Petro sworn in as Colombian president
"11:53, 08-Aug-2022",Indian space body: newly launched small satellites 'no longer usable'
"07:13, 08-Aug-2022",Israel and Palestinian militants declare Gaza truce after deadly strikes
"18:43, 08-Aug-2022",Japan runs first current account deficit in 5 months
"19:12, 08-Aug-2022",National Fitness Day: China embraces sports for a healthy lifestyle 
"18:19, 08-Aug-2022","Nearly 70% of Americans consider economy souring, worst in 14 years"
"12:36, 08-Aug-2022",New explosion at Cuban fuel storage facility
"11:15, 08-Aug-2022",Pelosi's gift to China
"10:10, 08-Aug-2022",Risk of nuclear confrontation is back after decades: Guterres
"19:12, 08-Aug-2022",Smoke at Zaporizhzhia nuclear power plant extinguished: TASS
"16:39, 08-Aug-2022",South Korean education minister offers to resign
"14:12, 08-Aug-2022",The Spreading Shadow: Japan should not follow the United States
"13:08, 08-Aug-2022",Two more grain ships depart from Ukraine as first ship carrying maize reaches final destination
"06:51, 08-Aug-2022",U.S. Senate passes Inflation Reduction Act of 2022
"22:24, 08-Aug-2022",U.S. adds Tornado Cash to cyber-related sanctions list
"16:07, 08-Aug-2022",Unpacking the significance of Chinese Foreign Minister's visit to Bangladesh
"07:27, 09-Aug-2022","17 soldiers, four civilians killed in terrorist attack in Mali"
"07:15, 09-Aug-2022",Stop provoking China: American activists condemn Pelosi's Taiwan misadventure 
"07:09, 09-Aug-2022",At least 7 dead in record rain in South Korea
"07:56, 09-Aug-2022",Fire rages at Cuban oil terminal; fourth tank now ablaze
"07:07, 09-Aug-2022",Trump says FBI agents raided his Florida home 
"02:30, 03-Aug-2022","Over 37 million people face acute hunger in Horn of Africa, WHO warns"
"23:47, 04-Aug-2022",Russian court hands Brittney Griner 9-year prison sentence in drugs trial
"01:32, 05-Aug-2022",Cambodian PM meets Russian FM over ties
"00:44, 05-Aug-2022",Iran reaffirms demand for removing IRGC from U.S. terror list: report
"03:45, 06-Aug-2022",Canada to ban handgun imports: minister
"03:40, 06-Aug-2022",DR Congo honors victims of deadly anti-UN protests in Goma
"03:37, 06-Aug-2022",Russia could export less grain amid possible harvest decline
"02:09, 07-Aug-2022",Flooding kills at least one in Senegal's capital
"00:00, 07-Aug-2022",Pfizer in talks on $5 billion acquisition: media
"02:08, 07-Aug-2022",Spain battles northwest wildfires
"01:37, 07-Aug-2022",White House calls Indiana abortion ban 'devastating'
"01:38, 08-Aug-2022",U.S. Secretary of State Antony Blinken arrives in Africa for three-nation tour
"02:38, 08-Aug-2022",Death toll rises to 41 as violence rocks Gaza
"01:22, 08-Aug-2022",France braces for fourth heatwave amid 'historic drought'
"00:37, 08-Aug-2022",Israel-Gaza main crossing hit by mortar bombs from Gaza: Israel
"03:05, 08-Aug-2022",Kenya's electoral body holds voting simulation ahead of Tuesday's general elections
"02:09, 09-Aug-2022",First Ukrainian grain shipment seeks new buyer
"03:43, 09-Aug-2022",Rwanda rolls out fourth COVID-19 vaccine jabs 
"03:51, 09-Aug-2022",South Africa's foreign minister urges unity in tackling global challenges
"02:24, 09-Aug-2022",Third oil storage tank collapses in Cuba terminal: report
"02:46, 09-Aug-2022",U.S. announces new $1 billion Ukraine weapons package
"02:15, 09-Aug-2022",World Bank announces additional $4.5 billion in Ukraine aid
"00:57, 03-Aug-2022",Fuel shortages close some filling stations in Hungary
"00:31, 04-Aug-2022",Greece marks first anniversary of fatal wildfires as locals await compensation
"01:32, 07-Aug-2022",12 killed in deadly bus crash in Croatia 
"03:09, 05-Aug-2022",Extreme heat causing more stress to U.S. infrastructure
"03:09, 05-Aug-2022","Thousands of migrants from U.S. southern border bused to Washington, D.C. "
"04:32, 06-Aug-2022",China's position on Pelosi's visit to China's Taiwan region
"06:05, 06-Aug-2022",Colombia and Venezuela reignite commercial relations
"04:33, 06-Aug-2022",L.A.’s water police
"06:04, 06-Aug-2022",Monkeypox now a public health emergency in the U.S.
"05:26, 06-Aug-2022",New economic measures in Cuba
"05:27, 06-Aug-2022",U.S. July unemployment numbers hit new low
"04:11, 06-Aug-2022",Wang Yi: U.S. hollows out the One-China policy
"05:51, 07-Aug-2022",Conservative Political Action Conference kicks off in Texas
"05:51, 07-Aug-2022",Peru’s president refuses to accept resignation of PM
"05:48, 08-Aug-2022",Former U.S. President Donald Trump speaks at CPAC
"03:10, 09-Aug-2022",Colombia's Gustavo Petro Inauguration
"04:15, 09-Aug-2022",Cuba fire rages at fuel storage facility
"05:44, 09-Aug-2022",Native tribe in New York fight to save its land from climate disasters
