﻿"20:36, 01-May-2022",7th survivor rescued from collapsed building in central China
"17:00, 01-May-2022","Beijing reports 55 new COVID-19 infections, opens new hospital"
"21:12, 01-May-2022",New archaeological findings reveal prehistoric civilization in Tibet
"19:14, 01-May-2022",Shanghai COVID-19 Diary: Metro line staff stick to their posts for over a month
"16:33, 01-May-2022","Seven pulled out from toppled building in central China, rescue continues"
"13:59, 02-May-2022",'Dual-Olympic' themed tourism route opens at Bird's Nest in Beijing
"19:56, 02-May-2022",16 injured after sightseeing bus overturns in NW China
"19:22, 02-May-2022",8th survivor rescued from collapsed building in central China
"12:49, 02-May-2022",A glance of beauty in a remote village in NW China
"17:01, 02-May-2022",Beijing reports 50 new local COVID-19 infections
"14:26, 02-May-2022",China begins annual summer fishing ban
"15:19, 02-May-2022",China starts clinical trial for Omicron-specific vaccine
"09:13, 02-May-2022",Chinese mainland records 865 new confirmed COVID-19 cases
"17:59, 02-May-2022",Chinese shuttlers shine at Badminton Asia Championships 2022
"09:59, 02-May-2022",Highest automatic weather station to be set up on Mt. Qomolangma
"07:52, 02-May-2022",Shanghai: Over 60% of people no longer confined to their communities
"18:25, 02-May-2022",Shanghai's first severe pediatric COVID-19 patient discharged from hospital after recovery
"07:19, 03-May-2022",9th survivor rescued from collapsed building in central China
"18:07, 03-May-2022","155 outstanding individuals, groups receive May Fourth Medal"
"17:52, 03-May-2022",Arrests approved for nine people over building collapse in Changsha
"16:57, 03-May-2022",Beijing reports 53 new local COVID-19 infections
"09:06, 03-May-2022",Blue-tailed Bee-eater Series | Ep. 7: Breeding Pains
"10:20, 03-May-2022","CGTN program gathers youths from China, Latin America, Caribbean"
"17:04, 03-May-2022",China's four-decade journey to IP superpower
"12:33, 03-May-2022","Chinese expedition team attempts to summit 8,848-meter Mt. Qomolangma"
"09:05, 03-May-2022",Chinese mainland records 384 new confirmed COVID-19 cases
"17:33, 03-May-2022",Chinese navy conducts routine training in western Pacific Ocean
"15:46, 03-May-2022",Consumption vouchers should be a key pillar in policy tool
"18:47, 03-May-2022",Eastern Theater Command conducts realistic training in East China Sea
"17:09, 03-May-2022",Hong Kong's GDP down 4% in Q1: advance estimates
"19:40, 03-May-2022",How does Xi Jinping encourage Chinese youth?
"12:57, 03-May-2022",Lead dancer Hu Yang: Dancing has been a great life choice
"22:31, 03-May-2022",Li Xia: shall I compare thee to a summer's day?
"12:54, 03-May-2022",Shanghai steps up efforts to address ambulance shortage
"12:29, 03-May-2022",Shanghai taxi driver uses knowledge of city to help those in need
"16:10, 03-May-2022",Three merits of Chinese stocks that attract seasoned investors
"19:12, 03-May-2022","At least 2 killed in central China's building collapse, rescue continues"
"13:10, 03-May-2022",Two more detained over building collapse in Changsha
"16:13, 03-May-2022",Urban farming allows residents to experience joy of countryside
"19:40, 03-May-2022",Xi congratulates Ramos-Horta on election as Timor-Leste's president
"16:42, 03-May-2022",Xi Jinping encourages youth to help boost China's aerospace sci-tech self-reliance
"16:54, 03-May-2022",Z Generation becomes the main consumer of China chic products 
"22:14, 04-May-2022",10th survivor rescued from collapsed building in central China
"22:57, 04-May-2022",All you need to know about China's latest Mt. Qomolangma conquest
"20:53, 04-May-2022",Beijing adjusts quarantine period for overseas travelers
"19:38, 04-May-2022",Beijing reports 46 new confirmed local cases
"17:26, 04-May-2022",Beijing to extend measures against COVID-19 after Labour Day break
"14:57, 04-May-2022",Blue-tailed Bee-eater Series | Ep. 8: Growth Pains
"23:08, 04-May-2022",COVID in Beijing: Control measures to remain in place after holidays
"18:47, 04-May-2022","China reiterates impartial position on Ukraine, rebukes U.S.'s claims"
"11:30, 04-May-2022",China's expedition team on its way to summit Mt. Qomolangma
"21:59, 04-May-2022",China sees 160 mln domestic tourist trips during May Day holiday
"12:13, 04-May-2022","China sets up world's highest weather station at altitude of 8,830m "
"14:14, 04-May-2022",Chinese expedition conducts research on Mt. Qomolangma summit
"09:11, 04-May-2022",Chinese mainland records 362 new confirmed COVID-19 cases
"12:33, 04-May-2022",Chinese scientific expedition team summits Mt. Qomolangma
"11:10, 04-May-2022",Graphics: How Hong Kong elects its chief executive
"18:52, 04-May-2022",100 years on: Guangzhou commemorates founding of Communist Youth League 
"21:05, 04-May-2022",Lead dancer Tang Shiyi innovates choreography in traditional dance dramas
"14:48, 04-May-2022",Shanghai Defenders: Foreign volunteer joins fight against COVID-19
"07:55, 04-May-2022",Shanghai reports 260 new confirmed COVID-19 cases
"21:08, 04-May-2022","Taiwan registers over 20,000 new COVID-19 cases, Tuesday"
"14:51, 04-May-2022",Take a look at the striking view of Mount Qomolangma
"15:25, 04-May-2022",Water lilies bloom to welcome the Lixia solar term in S China
"11:51, 04-May-2022",Young generation carries forward traditional lion dancing 
"10:41, 04-May-2022",Youth are the core of China's dynamism
"18:35, 05-May-2022",'Elephant dad' honored for exceptional work with wild animal
"15:05, 05-May-2022", Hong Kong holds send-off ceremony for mainland medical team
"15:38, 05-May-2022","24 Solar Terms: Lixia, here comes summer"
"19:16, 05-May-2022",Abdusalam on Xinjiang's underperforming season: It's not a total loss
"15:10, 05-May-2022",Beijing cultural venues slash visitor entry over May Day holiday
"17:52, 05-May-2022","China, ROK share broad common interests on Korean Peninsula issue: Chinese envoy"
"13:34, 05-May-2022",China launches Jilin-1 commercial satellites 
"19:25, 05-May-2022",China's May Day holiday box office tops 293 million yuan
"19:15, 05-May-2022",China slams U.S.-UK axis jeopardizing peace over Taiwan Straits
"23:35, 05-May-2022",Chinese expedition team returns to base camp from Qomolangma summit
"09:19, 05-May-2022",Chinese mainland records 373 new confirmed COVID-19 cases
"21:12, 05-May-2022",Death toll rises to 26 in Changsha building collapse
"21:03, 05-May-2022",Dechen Ngodrup conquers summit of the world for a fifth time
"17:21, 05-May-2022",Delivery station in Shanghai gets national honorary title for workers
"07:50, 05-May-2022",Head of DAVOS YGL Forum: Chinese youths are changing the world
"07:23, 05-May-2022",Hong Kong Monetary Authority raises base rate to 1.25%
"19:26, 05-May-2022",Is Hong Kong's global financial center status weakening?
"21:45, 05-May-2022","Over 80 firms, including China's JD.com, Pinduoduo, added to U.S. list facing delisting risk"
"08:45, 05-May-2022","Shanghai's new COVID-19 cases: 261 confirmed, 4,390 asymptomatic"
"19:42, 05-May-2022",Special trains cater to migrant workers in NE China
"13:21, 05-May-2022",The 'purple clouds' enveloping Kunming's streets in SW China
"20:40, 05-May-2022",World's 2nd largest hydropower plant helps offset CO2 emissions 
"20:17, 05-May-2022",Xi Jinping calls for continuous efforts in adhering to dynamic zero-COVID policy
"20:34, 05-May-2022",Young volunteer helps ensure food for Shanghai residents
"18:27, 06-May-2022",23 young people in Shanghai design group-buying website amid COVID-19
"10:09, 06-May-2022","53 killed, 10 rescued in Changsha building collapse"
"14:32, 06-May-2022","Ambassador Qin calls on China, U.S. to take leading role in recovery of global economy "
"18:13, 06-May-2022",Beijing extends COVID restrictions past May Day holiday
"14:35, 06-May-2022",Chang'e-5 lunar soil shows potential to generate oxygen and fuel
"16:14, 06-May-2022",Chengdu 2021 World University Games rescheduled to 2023
"11:50, 06-May-2022",China-U.S. relationship the foundation for peace in Asia
"15:18, 06-May-2022",Health authority: Over 1.25b Chinese people fully inoculated against COVID-19
"11:09, 06-May-2022","China promotes education on general labor skills in primary, secondary schools"
"14:26, 06-May-2022",China's recombinant protein COVID-19 vaccine effective in phase-3 human trials: study
"18:23, 06-May-2022",Japan hyping China threat to boost its own military might: Chinese spokesperson
"23:01, 06-May-2022",China will never forget NATO's bombing of Chinese embassy: spokesperson
"14:11, 06-May-2022",Chinese Xuntian Space Telescope to unravel cosmic mysteries in 2023
"09:23, 06-May-2022",Chinese mainland records 374 new confirmed COVID-19 cases
"17:19, 06-May-2022",Chinese star center Wang Zhelin: I always aim for the CBA Championship
"15:31, 06-May-2022",Chinese vice president to attend Yoon's inauguration as ROK president
"21:35, 06-May-2022",Dance and martial arts integrated into unique percussion performances
"12:01, 06-May-2022",Hong Kong holds sendoff ceremony for mainland medical workers
"13:52, 06-May-2022","Organizers decide to postpone Asian Games, cancel Asian Youth Games"
"22:55, 06-May-2022",Reporter's take: A vision for Hong Kong
"12:05, 06-May-2022",2 await rescue after storage structure collapses in China
"19:31, 06-May-2022",Shanghai railway staff live at stations to keep services running
"14:43, 06-May-2022",The Colors of Nature: Do you like the color red?
"21:54, 06-May-2022",Vice FM: China bears no responsibility for Russia-Ukraine conflict
"22:37, 06-May-2022",Wang Yi: U.S. Indo-Pacific Strategy not in interests of regional countries 
"11:06, 06-May-2022",What a new chief executive might mean for Hong Kong
"15:23, 06-May-2022",Wild animal population growing in China's Giant Panda National Park
"14:33, 07-May-2022","2022 Diamond League Shanghai, Shenzhen meetings canceled"
"17:52, 07-May-2022",A look at Carrie Lam's efforts in building a better Hong Kong
"22:25, 07-May-2022",COVID-19 vaccines greatly reduce death rate for elderly: expert 
"10:57, 07-May-2022",Can Hong Kong turn the tide of home ownership?
"18:55, 07-May-2022",Carrier rocket with Tianzhou-4 cargo ship transported to launch tower
"20:17, 07-May-2022",Chart of the day: She's more than a mother
"19:48, 07-May-2022",China releases Chang'e-5 payloads' scientific datasets
"16:55, 07-May-2022",China's mRNA-based COVID-19 vaccine: CanSino starts clinical trial
"18:22, 07-May-2022","China's national college entrance examination to be held on June 7, 8"
"09:28, 07-May-2022",China's property development loans increase in Q1
"21:26, 07-May-2022","China set to remain world's largest NEV market, says BMW CFO"
"10:59, 07-May-2022",China sets world record in long-distance quantum states transmission
"09:21, 07-May-2022",Chinese mainland records 351 new confirmed COVID-19 cases
"10:20, 07-May-2022",Hong Kong elects a new chief executive: Some basic facts 
"13:24, 07-May-2022","China's central bank to launch $15b relending facility to support transport, logistics"
"22:51, 07-May-2022",Premier Li urges support for market entities and stable employment
"23:39, 07-May-2022",Preparations in place for HKSAR's sixth-term chief executive election
"10:45, 07-May-2022",Rocket with Tianzhou-4 cargo ship transported to launch site
"14:16, 07-May-2022",Scientists decode panoramic cell maps of animals by using Stereo-seq
"17:52, 07-May-2022",Shanghai delays national college entrance exams to July from June 7
"11:25, 07-May-2022","Shanghai postpones national college, high school entrance exams by a month"
"13:29, 07-May-2022",Shanghai resumes COVID-19 vaccination services for elderly
"11:03, 07-May-2022",The giant panda mother's scent-marking 'lesson' in the wild
"16:40, 07-May-2022",Wildlife of Wolong: Temminck's tragopans in the dense forest
"16:13, 07-May-2022","World's largest heavy lift vessel debuts, carries Chinese vaccines to Africa"
"17:53, 08-May-2022",Badminton: Preview of Team China at Thomas and Uber Cup
"15:44, 08-May-2022",Central China's Zhengzhou strives to ensure food supplies amid COVID-19 
"13:30, 08-May-2022",Carrie Lam congratulates John Lee on election victory
"17:37, 08-May-2022","China Weekly News Quiz: May 1-8, 2022"
"21:58, 08-May-2022",China completes ozone observation campaign on Mount Qomolangma
"15:02, 08-May-2022",China issues new regulations on actors' remuneration
"18:40, 08-May-2022",China launches first bipolar GNSS-R ocean survey payload
"15:22, 08-May-2022",China's first 'fine wind forecast system' used to transport rocket
"13:46, 08-May-2022","China's forex reserves fall in April on dollar index surge, weak global assets"
"11:07, 08-May-2022",China steers nimble monetary policies to enliven economy
"19:07, 08-May-2022",Chinese center Han Xu to play for New York Liberty in WNBA
"09:15, 08-May-2022",Chinese mainland records 329 new confirmed COVID-19 cases
"14:30, 08-May-2022",Colorful flowers bloom at China National Botanical Garden
"09:41, 08-May-2022",Fauna in Liaodong Bay Series | Ep. 2: Dancers on the red beach
"13:59, 08-May-2022",China central government offices congratulate John Lee on election
"13:17, 08-May-2022",John Lee vows to start a new chapter for Hong Kong 
"12:31, 08-May-2022",John Lee wins HKSAR's sixth-term chief executive election
"12:29, 08-May-2022",John Lee wins HKSAR's sixth-term chief executive election
"17:46, 08-May-2022",Many forms of motherhood in modern-day China
"15:42, 08-May-2022",Mother's Day: Stories of Xi Jinping and his mother
"16:04, 08-May-2022",Notable achievements made in protecting natural ecosystem in China
"08:08, 08-May-2022",Shanghai finds no new variants more infectious than Omicron: official
"21:35, 08-May-2022",Take a look at Hong Kong's four chief executives
"08:39, 08-May-2022",Voting in HKSAR's chief executive election begins
"11:30, 08-May-2022",Voting in HKSAR's sixth-term chief executive election concludes
"15:50, 08-May-2022",World's fastest rotor for pumped storage hydropower plant in operation
"21:28, 08-May-2022",Xi Jinping to address grand gathering marking Communist Youth League of China centenary
"17:49, 08-May-2022","Young engineer devotes talents, passion to China's space exploration"
"01:21, 07-May-2022","Mountain weather, fishing ban, robot cleaners: China Quick Take"
"05:45, 05-May-2022",China responds to U.S. State Department on Ukraine issue
"07:01, 07-May-2022",Yunnan by Potomac brings Yunnan cuisine to Virginia 
