﻿"20:25, 27-Jul-2022",Xi Jinping presents August 1 Medal to outstanding military personnel
"21:18, 27-Jul-2022",China beat China's Hong Kong for 1st win at EAFF E-1 Football Championship
"23:56, 27-Jul-2022",HKSAR government rejects UN's human rights criticisms in the city
"23:07, 27-Jul-2022",Hong Kong launches English version of 1st volume of local chronicles
"23:36, 27-Jul-2022",Huawei bets more on connectivity and privacy with HarmonyOS 3 update
"20:25, 27-Jul-2022",20th CPC National Congress to set China's main tasks in next 5 years
"19:43, 28-Jul-2022",Building Lives Ep. 12: A new hope on Brunei Bay
"18:27, 28-Jul-2022",CPC leadership stresses seeking progress while maintaining stability in economic work
"23:29, 28-Jul-2022",China firmly opposes U.S. CHIPS bill impairing development interests: Foreign Ministry 
"16:40, 28-Jul-2022",China's MIIT minister under investigation: CCDI
"22:33, 28-Jul-2022",China's first offshore shale exploration well in South China Sea
"11:20, 28-Jul-2022",China's tourism industry heats up amid rising summer temperatures
"17:53, 28-Jul-2022","Chinese FM to attend, visit three Central Asian countries"
"09:18, 28-Jul-2022",Chinese mainland records 119 new confirmed COVID-19 cases
"14:17, 28-Jul-2022",Chinese mainland's summer box office exceeds $640 million 
"17:56, 28-Jul-2022",Expert: SCO to focus on regional stability and economic cooperation
"18:45, 28-Jul-2022",Hainan officials speak highly of CGTN's coverage of 2nd Hainan Expo
"14:19, 28-Jul-2022",Henan Province betting big to tap ready-made food market
"13:27, 28-Jul-2022",Industrial internet: China releases index to evaluate digitalization
"23:31, 28-Jul-2022","Lu Kang: China, Indonesia to build a community with a shared future"
"14:23, 28-Jul-2022",Protecting right to health amid COVID-19 pandemic emphasized at human rights forum
"15:48, 28-Jul-2022",Solar halo and circumhorizontal arc appear together in NW China
"21:42, 28-Jul-2022",Trailer: 'Beat the Rush'
"08:07, 28-Jul-2022",Modernization of Chinese navy: What is behind aircraft carrier 'Fujian'
"21:28, 28-Jul-2022",Xi Jinping presides over symposium for soliciting advice on economic work
"21:27, 28-Jul-2022","Xi sends congratulatory letter to CPC, World Marxist Political Parties Forum"
"23:01, 28-Jul-2022",Chinese President Xi Jinping speaks with U.S. President Joe Biden on the phone
"21:19, 28-Jul-2022","Xi Jinping hails 'historic great achievement' in China's defense, armed forces"
"13:19, 28-Jul-2022",Xinjiang residents call on UN human rights chief to give 'objective' view of Xinjiang
"10:53, 29-Jul-2022",Actions best answer to 'Taiwan independence': spokesperson
"16:25, 29-Jul-2022",China Coast Guard patrols waters around Diaoyu Islands
"23:10, 29-Jul-2022",China launches new batch of remote sensing satellites
"19:55, 29-Jul-2022",China ranks among world's top three anti-monopoly jurisdictions
"15:12, 29-Jul-2022",China's top defense engineer Qian Qihu wins highest military honor
"21:16, 29-Jul-2022",China space station: First bi-axial solar array drive assembly deployed
"20:52, 29-Jul-2022",China urges Japan to be cautious regarding Taiwan question
"13:24, 29-Jul-2022","China, Russia pledge to enhance strategic communication, safeguard multilateralism"
"09:10, 29-Jul-2022",Chinese mainland records 109 new confirmed COVID-19 cases
"14:02, 29-Jul-2022",First freight train of China-Kyrgyzstan-Uzbekistan road-rail intermodal transport system launched
"14:22, 29-Jul-2022",Hainan FTP to boost development of commercial health insurance sector
"14:55, 29-Jul-2022","Innovative texturing of Fu Baoshi's artwork reflects history, spirit of China"
"10:49, 29-Jul-2022",Looking into China: Please come and see my home in Wuhan
"14:13, 29-Jul-2022","Major progress in China's law-based governance over past decade, minister says"
"23:34, 29-Jul-2022",Opinion: A real industrial internet is shaping up in China
"19:52, 29-Jul-2022","Xi Jinping calls for high-quality BRI cooperation between China, Poland"
"19:19, 29-Jul-2022",Search continues for missing 'Fujing-001' crew member
"18:24, 29-Jul-2022",Strong bilateral ties bolster China-Zimbabwe economic development
"15:04, 29-Jul-2022",Summer-China –Youth Gala Week kicked off in Shandong
"19:28, 29-Jul-2022",These tech-savvy products got hyped up at Hainan Expo
"14:23, 29-Jul-2022",This is the People's Liberation Army
"08:07, 29-Jul-2022","Top DPRK leader visits Friendship Tower, pays tributes to Chinese People's Volunteer martyrs"
"20:39, 29-Jul-2022",U.S. chip act should be in compliance with WTO's relevant requirements: commerce ministry
"17:23, 29-Jul-2022",Vast swathes of safflower ripe for harvest in NW China's Xinjiang
"17:43, 29-Jul-2022","Wang Yi: China, Pakistan should deepen cooperation along CPEC"
"22:59, 29-Jul-2022",Wang Yi: China to strengthen cooperation with Kazakhstan
"19:50, 29-Jul-2022",Study outline on Xi Jinping Thought on Ecological Civilization published
"19:51, 29-Jul-2022",Xi Jinping extends congratulations to new Vanuatu president
"19:51, 29-Jul-2022",Xi Jinping calls for a 'comprehensive upgrade' for China's armed forces
"13:14, 30-Jul-2022",2nd China International Consumer Products Expo concludes in Hainan
"12:57, 30-Jul-2022",China Space Station: Behind the successful docking of Wentian lab module
"12:27, 30-Jul-2022",Beijing International Film Festival to be opened on August 13th
"19:53, 30-Jul-2022",Updates to Beijing Health Kit as China moves to connect COVID-19 test results
"22:04, 30-Jul-2022",China runs test on its newest ultra-high pressure deep sea simulator 
"20:45, 30-Jul-2022",China's growing passion for sports fuels demand for fitness products
"13:05, 30-Jul-2022","China urges building balanced global, regional security architecture"
"18:00, 30-Jul-2022","Chinese premier stresses promoting effective investment, consumption"
"15:53, 30-Jul-2022",Consolidate the positive trend of economic recovery
"09:39, 30-Jul-2022",DPRK leader says he's ready for a nuclear clash with the U.S and more
"11:41, 30-Jul-2022",Global Digital Economy Conference kicks off in Beijing
"15:03, 30-Jul-2022",Hukou Waterfall in northern China roars due to heavy rainfall
"16:08, 30-Jul-2022",My account on China: Smarter tech for a smarter future
"09:08, 30-Jul-2022",Preparations for 14th COP meeting on wetland conservation on track
"19:57, 30-Jul-2022",Southern China enters critical rice farming period
"09:09, 30-Jul-2022",Wang Yi advocates closer SCO community with shared future
"19:32, 30-Jul-2022",China and Kyrgyzstan reach consensus on building a community with a shared future
"22:33, 30-Jul-2022",Why more of China's graduates choose to work in lower-tier cities
"17:26, 30-Jul-2022","Wu Lei on playing overseas: It's about how you perform, not who you are"
"18:41, 30-Jul-2022",Xi Jinping calls for uniting Chinese at home and abroad for national rejuvenation 
"19:16, 30-Jul-2022",Xi extends condolences to Philippine president over earthquake
"17:08, 31-Jul-2022",11 teams to play at home during 2nd stage of Chinese Super League
"13:53, 31-Jul-2022",BDS-3 short message communication services now applied to mobile phones
"14:48, 31-Jul-2022",Building Lives: Return visit to affordable housing project in Algeria
"14:15, 31-Jul-2022",China Space Station: Uncover LM-5B rocket's first 'Zero Window' launch
"19:00, 31-Jul-2022","China Weekly News Quiz: July 24-31, 2022"
"20:27, 31-Jul-2022",Xi Jinping attends reception celebrating 95th founding anniversary of PLA
"09:40, 31-Jul-2022",China's manufacturing PMI edges down to 49 in July
"09:12, 31-Jul-2022",Chinese mainland records 116 new confirmed COVID-19 cases
"15:57, 31-Jul-2022",GenZ Chinese director: Limitless possibilities for young directors
"17:10, 31-Jul-2022","Global Political Calendar: PLA's 95th birthday, ASEAN FMs' meeting "
"12:37, 31-Jul-2022","PLA Air Force conducts island patrols, vows to safeguard national sovereignty, territorial integrity"
"17:01, 31-Jul-2022",Xi's speech at ceremony marking 90th founding anniversary of PLA to be published
"19:05, 01-Aug-2022",Asia reworks qualifying format for 48-team World Cup in 2026
"10:14, 01-Aug-2022",China's C919 completes airworthiness certification test flight
"19:00, 01-Aug-2022",China's Shen Menglu joins Celtic FC Women
"23:17, 01-Aug-2022",China's computing power industry scale exceeds 1.5 trillion yuan
"20:37, 01-Aug-2022",China to hold military exercises in South China Sea
"23:08, 01-Aug-2022","China, Tajikistan vow to deepen cooperation, boost ties"
"13:43, 01-Aug-2022",China upgrades BeiDou software for optimized global services
"18:23, 01-Aug-2022",China again warns of 'serious consequences' over Pelosi's potential Taiwan visit
"09:09, 01-Aug-2022",Chinese mainland records 84 new confirmed COVID-19 cases
"12:02, 01-Aug-2022",Cosmic magic! Photographer captures elusive red sprites in S China
"21:16, 01-Aug-2022",China Space Station: Innovations in Long March-5B rocket engine reveal China's space capability 
"19:37, 01-Aug-2022",Procuratorates intensify servicemen's rights and interests
"14:01, 01-Aug-2022",Sporting moments of the week (July 25-31)
"20:00, 01-Aug-2022",Sports in Numbers: World records and Team China's performance at track worlds
"19:05, 01-Aug-2022",Top awards for Chinese mathematicians presented during 9th ICCM
"14:00, 01-Aug-2022","Typhoon Songda brings strong winds, heavy rainfalls"
"17:17, 01-Aug-2022",When animation becomes reality: Explore Beijing's backyard garden
"09:59, 01-Aug-2022",Wuliang Mountains Series | Episode 9: Jiaoguatang Wetland
"13:49, 02-Aug-2022",Asia's largest offshore platform finishes floatover installation
"23:05, 02-Aug-2022",CPC Taiwan Work Office: DPP collusion with U.S. will lead to disaster
"23:09, 02-Aug-2022",China's top political advisory body calls Pelosi's Taiwan region visit 'major political provocation'
"22:08, 02-Aug-2022",Chinese companies turn to Switzerland to raise money with stock listings
"00:12, 02-Aug-2022",China celebrates 95th anniversary of the founding of the PLA
"23:29, 02-Aug-2022","China's Defense Ministry on high alert, to launch countermeasures"
"22:26, 02-Aug-2022",China's Su-35 fighter jets crossing Taiwan Straits
"10:56, 02-Aug-2022","Citi Open: China's Zhu Lin storms into last 16, Raducanu flops on doubles debut"
"23:01, 02-Aug-2022","China's top legislature: No compromise, concession on Taiwan question"
"22:57, 02-Aug-2022",Chinese Foreign Ministry condemns Pelosi's Taiwan visit
"12:30, 02-Aug-2022",Cooperation projects foster closer China-Indonesia economic relations
"14:11, 02-Aug-2022",Foreign officials appreciate Chinese military's contribution to safeguarding world peace
"19:15, 02-Aug-2022",One-China principle is bottom line of China's ties with other countries: Wang Yi
"14:08, 02-Aug-2022",PLA Day: Chinese soldiers take part in at-sea military training  
"23:24, 02-Aug-2022",PLA to conduct military operations around Taiwan island as Pelosi visits
"23:02, 02-Aug-2022","PLA will conduct important military exercises, training activities"
"11:51, 02-Aug-2022","Ancient Chinese porcelain repair craftsmanship preserves history, memories"
"16:12, 02-Aug-2022",China explains why U.S. should be responsible for Taiwan Straits tensions
"08:58, 02-Aug-2022",Wuliang Mountains Series | Episode 10: Haven for water birds
"14:12, 02-Aug-2022",Xi's key quotes on strengthening the Chinese People's Liberation Army
"01:06, 03-Aug-2022","'Harmony is precious,' says Taiwan entrepreneur amid heightened cross-Strait tensions"
"21:58, 03-Aug-2022","'Reckless, unwise, dangerous': media on Pelosi's visit to Taiwan "
"07:16, 03-Aug-2022",Chinese ambassador lodges stern demarche to U.S. on Pelosi's Taiwan visit 
"06:59, 03-Aug-2022",Ambassador Qin: China has right to safeguard its sovereignty over Taiwan region
"15:09, 03-Aug-2022",Breaking records: The story behind the 'Jimu-1' aerostat
"08:32, 03-Aug-2022",CPC Taiwan Work Office rebukes diehard 'Taiwan independence' forces
"20:19, 03-Aug-2022","China, Cambodia vow to carry forward traditional friendship"
"18:57, 03-Aug-2022","China, Greece vow to further deepen mutually beneficial cooperation"
"15:53, 03-Aug-2022",China: Pelosi's Taiwan visit not about democracy
"20:41, 03-Aug-2022",China starts military drills around Taiwan island in response to Pelosi's 'farce' visit
"02:30, 03-Aug-2022",China summons U.S. ambassador over Pelosi's visit to Taiwan
"08:15, 03-Aug-2022",Chinese ambassador exhorts UK to avoid dancing to U.S. tune on Taiwan
"09:20, 03-Aug-2022",Chinese mainland records 101 new confirmed COVID-19 cases
"09:04, 03-Aug-2022",Chinese mainland suspends selected imports from Taiwan region
"09:46, 03-Aug-2022",Chinese mainland announces punishments on organizations related to diehard 'Taiwan independence' elements
"08:13, 03-Aug-2022",Chinese mainland to halt natural sand exports to Taiwan region: MOFCOM
"23:00, 03-Aug-2022",Chinese people flay Pelosi's trip to Taiwan
"08:57, 03-Aug-2022","DPRK fully supports China's right to defend sovereignty, territorial integrity"
"13:03, 03-Aug-2022",Argentine expert: U.S. systematically meddles in China's internal affairs
"10:02, 03-Aug-2022",Golf: China's Feng Shanshan announces retirement
"01:28, 03-Aug-2022",HKSAR government condemns Pelosi's Taiwan visit
"22:58, 03-Aug-2022",How a veteran artist innovates with Chinese ink painting 
"11:13, 03-Aug-2022",Macao SAR government slams Pelosi's visit to Taiwan region
"01:48, 03-Aug-2022",My Account on China EP. 17 – China and Africa: Win-Win Cooperation
"01:06, 03-Aug-2022",Reality Check: Nancy Pelosi's Taiwan trip is U.S. hypocrisy at its best
"13:58, 03-Aug-2022",PLA Eastern Theater Command organizes actual combat joint exercises around Taiwan Island
"03:03, 03-Aug-2022",PLA launches joint military operations around Taiwan island
"21:37, 03-Aug-2022",PLA officer hopes to keep on as he nears 30 years of active service
"12:45, 03-Aug-2022",PLA Eastern Theater Command organizes actual combat joint exercises around Taiwan island
"02:46, 03-Aug-2022","Pelosi ignores Taiwan visit warnings, China to take countermeasures"
"14:20, 03-Aug-2022",China Space Station: Small robotic arm of Wentian lab module completes in-orbit tests
"09:23, 03-Aug-2022",Three communiques are the basis of bilateral ties between China and U.S.
"15:36, 03-Aug-2022",3 killed in kindergarten attack in E China
"14:18, 03-Aug-2022",Time for transformation
"11:23, 03-Aug-2022",Tsai Ing-wen and DPP plunging Taiwan into abyss of disaster: Mainland spokesperson
"12:01, 03-Aug-2022",UN reiterates support for one-China principle
"11:57, 03-Aug-2022",Venezuela Expert: Pelosi's visit to Taiwan is rude interference in China's internal affairs
"08:50, 03-Aug-2022","International community voices support for China to defend its sovereignty, territorial integrity"
"13:17, 03-Aug-2022",Wang Yi on Pelosi's Taiwan trip: Those who offend China will be punished
"18:40, 03-Aug-2022",Where will Guo Ailun go after requesting Liaoning to trade him?
"09:30, 03-Aug-2022",Wuliang Mountains Series | Episode 11: Among the willows
"00:03, 03-Aug-2022",'Damning': UK lawmaker wins admission of 'racist' deportations of Chinese after WWII
"08:18, 03-Aug-2022","Ambassador Qin Gang takes an interview with CNN on U.S. House Speaker Nancy Pelosi’s visit to China’s Taiwan region — China's sovereignty cannot be infringed, Chinese people cannot be humiliated, and the reunification of China cannot be stopped"
"02:52, 04-Aug-2022",From GBA to the rest of the world: Technologies empower logistics
