﻿"07:21, 28-Jun-2022",18 killed in missile strike on Ukrainian mall
"18:50, 28-Jun-2022",51 dead in prison escape attempt in Colombia: prisons agency
"17:18, 28-Jun-2022","Annual water buffalo racing competition in Chonburi, Thailand"
"07:18, 28-Jun-2022",At least 3 people dead in U.S. Missouri Amtrak crash
"07:21, 28-Jun-2022",British House of Commons passes bill amending Northern Ireland Protocol
"23:04, 28-Jun-2022",China and Europe are partners rather than competitors: Wang Yi
"22:01, 28-Jun-2022",China sends aid to help Afghanistan recover from magnitude-5.9 quake
"16:02, 28-Jun-2022",China slashes quarantine time for international arrivals   
"11:23, 28-Jun-2022",China urges U.S. to look at its own forced labor problem
"09:40, 28-Jun-2022",Chinese teen sensation Chen outshines Olympic champion Quan to clinch 10m diving gold
"15:17, 28-Jun-2022",Coach on China's bronze medal in FIBA 3x3 World Cup: 'We did our best'
"22:03, 28-Jun-2022",Egyptian court sentences 10 extremists to death
"20:44, 28-Jun-2022","Death toll from migrants found in truck in Texas reaches 51, two suspects charged"
"11:08, 28-Jun-2022",EU aims to increase share of renewable energy to 40% by 2030
"17:58, 28-Jun-2022",Eight people shot dead in Burkina Faso
"16:49, 28-Jun-2022",Eurozone inflation to remain 'undesirably high' for some time: Lagarde
"15:47, 28-Jun-2022","Facebook, Instagram remove posts offering abortion pills"
"19:16, 28-Jun-2022",G7 leaders agree to create 'climate club' to tackle global warming
"17:35, 28-Jun-2022","HK youth rep. affirms city's progress, blasts U.S. for provocation"
"16:21, 28-Jun-2022",Hong Kong 25 years on: A bigger role in nation's opening-up
"08:04, 28-Jun-2022",Iran applies to join BRICS
"20:26, 28-Jun-2022",Iran's chief negotiator meets with Qatar's Al Hammadi
"23:20, 28-Jun-2022","Iran's top negotiator, EU's Mora start talks in Qatar"
"15:31, 28-Jun-2022","Israeli parliament votes for dissolution, new election on horizon"
"15:07, 28-Jun-2022","John Wall reaches buyout with Rockets, will join Clippers"
"22:48, 28-Jun-2022",Kabul receives second batch of humanitarian aid from China for earthquake victims
"15:36, 28-Jun-2022","Mane to wear No. 17 in Bayern, president calls him a 'global star'"
"08:42, 28-Jun-2022",At least 46 migrants found dead in truck in Texas
"17:56, 28-Jun-2022","NASA launches CAPSTONE mission, paving way for moon landing"
"10:26, 28-Jun-2022",Novak Djokovic makes history with 80th Wimbledon win
"12:11, 28-Jun-2022",Mumbai building collapse kills at least 14
"16:50, 28-Jun-2022","Over 306,000 civilians killed in Syria since 2011: report"
"12:16, 28-Jun-2022",Plane carrying aid from Chinese government arrives in Kabul
"07:22, 28-Jun-2022",Putin to attend G20 summit: Kremlin
"18:07, 28-Jun-2022",Putin to meet Iran's Raisi in Ashgabat on Wednesday
"16:44, 28-Jun-2022",Qatar 'welcomes' hosting of Iran-U.S. indirect talks in Doha this week
"16:24, 28-Jun-2022",ROK says DPRK responds to regular contact via inter-Korean communication lines
"16:58, 28-Jun-2022",Russia adds Biden's wife to its sanctions list 
"13:05, 28-Jun-2022",Russia to spend $14.5b to boost local aviation industry amid sanctions
"21:55, 28-Jun-2022",Second Scottish independence referendum may happen in 2023
"22:49, 28-Jun-2022",South Africa hit by worst power outages in three years
"17:05, 28-Jun-2022",South Korean prosecution suspends ex-president's imprisonment due to health concerns
"22:41, 28-Jun-2022",Sri Lanka suspends fuel sales for two weeks
"08:28, 28-Jun-2022",Trump's election attorney John Eastman says FBI seized his phone
"22:45, 28-Jun-2022",U.S. consumer confidence lowest since Feb. 2021
"13:29, 28-Jun-2022",U.S. grapples with whether to modify COVID-19 vaccine for fall
"10:21, 28-Jun-2022",U.S. legal battles over abortion bans unfold in state courts
"22:46, 28-Jun-2022","UK monkeypox cases now over 1,000"
"08:58, 28-Jun-2022",Venezuelan officials meet U.S. delegation
"20:47, 28-Jun-2022",President Xi's special representative to attend Philippine presidential inauguration
"21:24, 29-Jun-2022",At least 19 dead with more feared trapped in Mumbai
"16:36, 29-Jun-2022","Biden announces U.S. military air, sea, land reinforcements in Europe"
"19:57, 29-Jun-2022",Bodies of 20 migrants found in Libyan desert
"18:57, 29-Jun-2022",Car explosion in Yemen's Aden kills 4
"19:33, 29-Jun-2022",Carson Pickett debuts as USWNT's first player with limb difference
"16:11, 29-Jun-2022",China removes asterisk on travel code of visitors of COVID risk areas
"11:55, 29-Jun-2022",Chinese embassy opposes latest U.S. trade blacklist on Chinese firms
"10:19, 29-Jun-2022",EU approves end to combustion engine sales by 2035
"10:55, 29-Jun-2022", Impeachment vote against Ecuadorian president fails
"17:12, 29-Jun-2022",Fire breaks out at depot in southern Moscow
"19:19, 29-Jun-2022",French minister apologizes for Champions League chaos
"17:34, 29-Jun-2022",G7 sanctions against Russia may backfire 
"07:14, 29-Jun-2022",Ghislaine Maxwell sentenced to 20 years for sex trafficking
"19:48, 29-Jun-2022",Iranian foreign ministry says talks with U.S. continue in Doha
"21:59, 29-Jun-2022","Iranian, Russian presidents hold talks in Ashgabat"
"22:16, 29-Jun-2022",Leaders of Caspian Sea states adopt shared communique
"13:07, 29-Jun-2022",M4.8 earthquake strikes Afghan Hindu Kush region
"20:35, 29-Jun-2022",NATO formally invites Finland and Sweden to join the alliance 
"12:52, 29-Jun-2022",New batch of China-donated earthquake relief supplies arrives in Kabul
"13:09, 29-Jun-2022",Palestinian shot dead by Israeli forces during storming of Jenin camp
"19:02, 29-Jun-2022",Republicans blame Texas migrant deaths on Biden's border policies
"13:27, 29-Jun-2022",School shootings in U.S. rise to highest number in 20 years: report
"22:00, 29-Jun-2022","Senior Chinese diplomat visits Pakistan, UAE, Zimbabwe and Mozambique"
"16:52, 29-Jun-2022",Spain's annual inflation hits 37-year high of 10.2% in June
"21:22, 29-Jun-2022","Tangen on hunger aid: Adding more money is driving inflation, provide grain instead"
"08:26, 29-Jun-2022","2 suspects killed, 6 cops wounded in shootout at bank in Canada"
"21:00, 29-Jun-2022",U.S.: From nation of immigrants to graveyard of migrants' dreams
"20:30, 29-Jun-2022",U.S. GDP shrinks by 1.6% in first quarter of 2022
"07:40, 29-Jun-2022","U.S. to allocate 296,000 vaccine doses for monkeypox to states in coming weeks"
"07:40, 29-Jun-2022",Yael Braun-Pivet becomes first woman speaker of French parliament
"15:22, 30-Jun-2022",Afghanistan's loya jirga or grand assembly begins in Kabul
"11:19, 30-Jun-2022",Andy Murray suffers earliest Wimbledon exit as Djokovic sails through
"22:36, 30-Jun-2022",China refutes British Foreign Secretary's remarks on Taiwan
"12:23, 30-Jun-2022",Yang Jiechi: China to work with Pakistan to safeguard developing countries' interests
"10:10, 30-Jun-2022",Chinese divers sweep three golds in four hours at FINA World Championships
"08:12, 30-Jun-2022",Death toll in India's Assam floods rises to 151: official
"07:46, 30-Jun-2022",Death toll rises to 53 in Texas migrant truck tragedy 
"07:57, 30-Jun-2022","Doha talks between the U.S., Iran, and the EU end without progress: EU's envoy"
"21:46, 30-Jun-2022","EU, New Zealand conclude trade negotiations: von der Leyen"
"11:52, 30-Jun-2022",Exclusive: CGTN speaks with family of migrant survivor of Texas tragedy  
"17:44, 30-Jun-2022",Explosions heard near loya jirga hall in Kabul
"10:42, 30-Jun-2022","Marcos sworn in as 17th Philippine president, vowing food sufficiency"
"12:55, 30-Jun-2022",Fire breaks out at market in east India
"10:02, 30-Jun-2022",Football: Chelsea record signing Lukaku rejoins Inter on loan
"19:15, 30-Jun-2022",France holding 10 suspects over Channel migrant disaster
"14:48, 30-Jun-2022",Gruesome truck deaths highlight failure of U.S. border policy  
"07:17, 30-Jun-2022",House committee subpoenas former Trump White House counsel Pat Cipollone
"18:25, 30-Jun-2022",Infocus: Why is NATO expansion dangerous?
"15:16, 30-Jun-2022",Israeli lawmakers vote to hold new elections on November 1
"15:55, 30-Jun-2022","Israeli parliament dissolves, snap elections set for November 1"
"07:10, 30-Jun-2022","Lavrov, Guterres discuss global food security challenges over phone"
"07:25, 30-Jun-2022",Maximum life term for sole surviving Paris 2015 attacker
"22:57, 30-Jun-2022",Moscow says Snake Island withdrawal related to food exports
"19:01, 30-Jun-2022",NATO launches Innovation Fund
"23:00, 30-Jun-2022",NATO leaders hold final day of meetings in Madrid
"21:17, 30-Jun-2022","OPEC+ endorses plan to increase oil production by 648,000 B/D in August"
"18:06, 30-Jun-2022",Plant shutdown in Japan sparks power shortage fears amid scorching heat
"20:14, 30-Jun-2022",At least two shot dead in Sudan's Omdurman during demonstrations
"12:13, 30-Jun-2022",Regional commander injured in clashes with Palestinians: Israeli army
"19:49, 30-Jun-2022",Spanish people: NATO's expansion won't bring peace to the world
"22:56, 30-Jun-2022",U.S. Supreme Court allows Biden to end Trump-era 'Remain in Mexico' policy
"08:25, 30-Jun-2022","Texas migrant deaths: At least 53 dead, driver charged, border vehicle checks begin"
"15:43, 30-Jun-2022",Swedish central bank delivers half-point interest hike to curb inflation
"22:20, 30-Jun-2022",Talks at UN fail to resolve Libyan election stalemate: statement
"15:00, 30-Jun-2022",Turkey reports its first case of monkeypox
"07:26, 30-Jun-2022",U.S. Supreme Court Justice Stephen Breyer to retire this week
"16:38, 30-Jun-2022","U.S., Taliban begin talks on unlocking Afghanistan's reserves "
"18:55, 30-Jun-2022","UK, Nigeria sign MoU on bilateral economic interests"
"14:19, 30-Jun-2022",UK economy grows 0.8% in Q1
"12:40, 30-Jun-2022",WHO warns 'sustained transmission' of monkeypox risks vulnerable group
"19:08, 30-Jun-2022",Who does the U.S. Supreme Court belong to? American people or Republican Party？
"11:09, 30-Jun-2022",Woman fatally shot while pushing baby stroller in New York City
"07:21, 30-Jun-2022",Zelenskyy announces end of diplomatic ties between Ukraine and Syria
"08:22, 01-Jul-2022",10 killed in Russian missile strike on Odesa apartment building
"07:25, 01-Jul-2022","4 dead, 3 injured in U.S. Texas car crash involving smuggling operation"
"07:06, 01-Jul-2022","Ecuadorian government, Indigenous groups sign deal to end protests"
"07:21, 01-Jul-2022",Ketanji Brown Jackson sworn in as first Black woman on U.S. Supreme Court
"07:14, 01-Jul-2022",Tunisia publishes draft constitution ahead of July vote
"07:55, 01-Jul-2022",U.S. hypersonic missile fails during test   
"01:58, 28-Jun-2022","Canada to impose additional sanctions, ban tech export to Russia"
"02:03, 28-Jun-2022","Iran, U.S. to hold indirect talks in Doha on Tuesday"
"00:40, 28-Jun-2022",Sri Lanka suspends fuel sales for two weeks: official
"01:56, 28-Jun-2022","Ten dead, 251 injured in toxic gas leak at Jordan's Aqaba port"
"01:56, 29-Jun-2022",South Africa records second monkeypox case not linked to travel
"01:13, 29-Jun-2022",Texas judge blocks enforcement of pre-Roe v. Wade abortion ban
"02:55, 29-Jun-2022",Turkey supports Finland and Sweden NATO bid: Finnish presidency
"00:39, 30-Jun-2022","108 illegal migrants rescued, 5 bodies found off Tunisian coast"
"00:57, 30-Jun-2022","FAO, OECD warn of challenges to global agri-food sector"
"00:57, 30-Jun-2022",Israel's PM Bennett will not run in the coming election 
"01:45, 30-Jun-2022","Namibia adjusts COVID-19 isolation, quarantine protocols"
"00:39, 30-Jun-2022",UN envoy warns of more unrest in eastern DR Congo
"01:11, 30-Jun-2022",UN peacekeeping mission in Lebanon says its data protected by strict measures
"02:20, 01-Jul-2022","3 migrants dead, 3 missing as boat sinks off Tunisia's coast"
"00:33, 01-Jul-2022",Chinese President Xi inspects Hong Kong Science Park
"00:19, 01-Jul-2022",Europe to see 'high levels' of COVID this summer: WHO
"02:20, 01-Jul-2022",Libya constitutional talks end without breakthrough
"02:18, 01-Jul-2022","President Xi hails Hong Kong's innovation, technology development"
"02:02, 01-Jul-2022","Tanzania earmarks 400,000 hectares of land for wheat cultivation"
"00:40, 01-Jul-2022","Don't call it meat if it's made with plants, France says"
"01:53, 01-Jul-2022",NATO comments on China are 'slander' says embassy in UK
"06:36, 28-Jun-2022",Colorado Avalanche win ​the 2022 Stanley Cup
"06:40, 28-Jun-2022","Roe v. Wade overturned: Experts concerned over maternal mortality numbers, fertility legality"
"04:04, 28-Jun-2022",Huawei holds LATAM ICT Congress 2022
"04:03, 28-Jun-2022",Mourners gather to remember British journalist murdered in Brazil
"06:40, 28-Jun-2022",Women crossing state lines for abortion
"05:44, 29-Jun-2022",Overturning Roe might criminalize abortion but will it prevent it?
"02:09, 29-Jun-2022",Peruvian government attempts to stop drug trafficking
"02:09, 29-Jun-2022",The rise of Huawei’s role in Latin America
"06:36, 29-Jun-2022",What are the pieces that play into America’s obsession with guns?
"03:46, 30-Jun-2022",Advocates promote jackfruits for Brazilians struggling with food insecurity 
"02:31, 30-Jun-2022"," Region blighted by drought, water contamination now being used for lithium source"
"05:28, 30-Jun-2022","Indian police call killing of Hindu tailor an ""act of terror"""
"05:28, 30-Jun-2022",L.A. land seized from Black owners in 1924 returned to grandsons 
"06:40, 30-Jun-2022",Migrants risk death while attempting to reach the U.S.
"05:09, 30-Jun-2022",Pro-choice activists express anger outside U.S. Supreme Court 
"01:18, 30-Jun-2022","Sargassum seaweed threatens Caribbean beaches, Mexican coast"
"01:18, 30-Jun-2022",Seaweed invasion affects beaches and tourism in Mexico
"03:27, 01-Jul-2022",Colombia's Truth Commission releases its final report 
"03:27, 01-Jul-2022",Meet the Mennonites in Peru
"03:27, 01-Jul-2022",Mexican communities react to Texas migrant tragedy
"02:06, 01-Jul-2022",New accusations against Trump for Capitol attack
"06:12, 01-Jul-2022",New diplomatic relations between Venezuela and Colombia
"03:27, 01-Jul-2022",SCOTUS sides with Biden to end 'stay in Mexico' immigration policy
"06:46, 01-Jul-2022",Shanghai Disney Resort theme park reopens
"06:24, 01-Jul-2022",Supreme Court limits EPA power to reduce U.S. carbon emissions
"03:27, 01-Jul-2022",What’s the fastest growing sport in America?
"06:53, 01-Jul-2022",Why do migrants have to die when seeking a better life? 
"04:02, 01-Jul-2022",Why do so many young people risk their lives to migrate?
