﻿"19:31, 26-Aug-2022", China-Russia video exchange broadcasting event kicks off in Beijing
"21:59, 26-Aug-2022",2022-23 UEFA Europa League draw results: United to meet Real Sociedad
"15:47, 26-Aug-2022",9th batch of remains of CPV martyrs to return home in mid-September 
"15:47, 26-Aug-2022",Azerbaijani President says controlled parts of Nagorno-Karabakh region
"14:22, 26-Aug-2022","British energy prices to rise 80% to £3,549 a year "
"21:54, 26-Aug-2022",CGTN Sports Talk: Meet your 'ex' in 2022-23 UEFA Champions League
"19:35, 26-Aug-2022",At least 2 people trapped after building collapses in Nigerian capital
"10:22, 26-Aug-2022","Champions League draw: Bayern, Barca and Inter in Group of Death, PSG get Juventus"
"17:00, 26-Aug-2022",China calls for action to settle Israeli-Palestinian conflict
"19:26, 26-Aug-2022",China's coach praises Zhou Qi's contributions to win over Kazakhstan
"19:29, 26-Aug-2022",17 people including children killed in Ethiopian air strike in Tigray: report
"22:16, 26-Aug-2022",Fed likely to keep raising rates sharply amid high inflation: Powell
"20:59, 26-Aug-2022","Türkiye, Finland, Sweden discuss security concerns, to keep meeting through autumn"
"10:25, 26-Aug-2022","In America, a civil war 2.0 could be quietly unfolding "
"21:23, 26-Aug-2022",Key U.S. inflation measure falls 0.1% in July: govt
"22:31, 26-Aug-2022",Make it rain: How does cloud seeding work?
"20:38, 26-Aug-2022",Moderna sues Pfizer-BioNTech for patent infringement over COVID vaccine
"15:13, 26-Aug-2022",Musk's SpaceX and T-Mobile plan to connect mobile phones to Starlink satellites next year
"17:01, 26-Aug-2022",OKC's rookie Chet Holmgren ruled out for 2022-23 NBA season for injury
"21:13, 26-Aug-2022",Pakistan declares emergency as millions affected by floods
"19:59, 26-Aug-2022","Philippine ferry with over 80 people onboard catches fire, 1 injured"
"19:02, 26-Aug-2022",Premier League clubs spend record £1.5 billion on transfers
"11:58, 26-Aug-2022",Robot issue delays fuel removal from Fukushima nuclear plant
"10:27, 26-Aug-2022",Suspended Thai PM vows to continue as defense minister
"07:50, 26-Aug-2022",Tales of chips: Tech monopolies are forcing people to look for open alternatives
"19:22, 26-Aug-2022","U.S. consultation request over Mexico's energy policy 'foolish,' says Mexican president"
"11:12, 26-Aug-2022",U.S. judge orders release of redacted Mar-a-Lago affidavit
"09:24, 26-Aug-2022","Ukraine, Russia trade blame over Zaporizhzhia power outage"
"11:08, 26-Aug-2022","WHO: Monkeypox cases drop by 21%, reversing month-long increase"
"19:17, 26-Aug-2022",Xi Jinping encourages foreign experts to contribute more to exchanges between China and others
"23:14, 27-Aug-2022","Asia news wrap: Thailand's top court suspends prime minister, and more"
"16:12, 27-Aug-2022",At least 982 killed in Pakistan floods since mid-June
"18:20, 27-Aug-2022",China beat Australia 3-0 to reach semifinals at AVC Cup for Women
"22:05, 27-Aug-2022",Chinese equestrian sportsman Hua Tian: Olympics means everything to me
"19:30, 27-Aug-2022",Europe's record heatwave to become summer norm by 2035
"16:55, 27-Aug-2022",Clashes in Libyan capital kills at least 7 people
"17:09, 27-Aug-2022","Four killed, 28 injured in NE Algeria car accident"
"22:23, 27-Aug-2022","France, Algeria sign declaration of 'irreversible progress' in ties"
"23:07, 27-Aug-2022","Global Political Calendar: CIFTIS kicks off, Nord Stream 1 shuts for three days"
"17:48, 27-Aug-2022",Japan pledges $30 billion in aid for African development
"22:09, 27-Aug-2022",Kazakhstan to suspend the export of military products for a year 
"17:01, 27-Aug-2022","Mariners, Rodriguez finalize an extension up to $470 million: report"
"22:54, 27-Aug-2022",Militants kill 6 in attack on convoy from Burkina Faso gold mine
"21:02, 27-Aug-2022","More than 1,000 people killed in Pakistan floods"
"09:04, 27-Aug-2022",NPT Review Conference ends without final agreement
"16:31, 27-Aug-2022",Newcastle United acquire Alexander Isak for club record fee
"18:08, 27-Aug-2022","Russia, Ukraine accuse each other of shelling around Zaporizhzhia NPP"
"07:29, 27-Aug-2022",Suspect in custody after 2 die in Toronto stabbing
"21:10, 27-Aug-2022",Woman carrying fetus without skull protests after abortion denial in U.S. Louisiana
"10:26, 27-Aug-2022",UN 'closer than ever' to high seas biodiversity treaty
"20:58, 27-Aug-2022",Very few in the U.S. getting full monkeypox vaccine series: U.S. CDC
"17:30, 27-Aug-2022",Vucic nominates Brnabic to serve as Serbian PM
"16:57, 28-Aug-2022",'Dangerous' heatwaves likely to grip the tropics by 2100: study
"18:25, 28-Aug-2022","CGTN Sports Talk: Who is better after his 4th year, Doncic or James?"
"19:40, 28-Aug-2022",China beat Thailand to reach AVC Women's Cup final
"16:21, 28-Aug-2022","Chinese pairs win women's, mixed doubles titles at BWF World Championships"
"17:07, 28-Aug-2022",Chinese premier extends congratulations to Pujiang Innovation Forum
"07:43, 28-Aug-2022","Deadly battles erupt across Tripoli, raising fears of wider Libya war"
"08:59, 28-Aug-2022","Global COVID-19 cases top 600 million: U.S. sees highest case, death"
"17:27, 28-Aug-2022",Dutch truck crash toll climbs to six dead: police
"14:07, 28-Aug-2022",ECB policymakers make the case for a big rate hike
"16:59, 28-Aug-2022",Injuries continue to hurt NBA teams before 2022-23 season starts
"23:08, 28-Aug-2022",Iran says nuclear deal negotiations on 'positive trend'
"16:25, 28-Aug-2022",Kuwait to hold parliamentary election on September 29
"12:04, 28-Aug-2022","Pakistan flooding death toll tops 1,000, China aid on the way"
"15:37, 28-Aug-2022",CGTN Poll: 80% of Afghans believe U.S. war was a 'complete failure'
"09:20, 28-Aug-2022",U.S. to name ambassador-at-large for the Arctic
"11:34, 28-Aug-2022",UN conference to draft world's first high seas biodiversity treaty suspended
"10:55, 29-Aug-2022","3 people, including suspect dead in Oregon shopping center shooting"
"19:04, 29-Aug-2022","18 killed, 40 injured as flash floods hit Afghanistan's Kunar"
"22:24, 29-Aug-2022","Angolan ruling party MPLA, president win general election: official"
"22:06, 29-Aug-2022","2 killed, 19 injured in Baghdad clash"
"13:19, 29-Aug-2022",China-Finland first joint energy project to lower carbon emissions
"18:49, 29-Aug-2022",China urges U.S. not to be 'troublemaker for peace and stability of Taiwan Straits'
"19:30, 29-Aug-2022",Fire extinguished on passenger vessel off Sweden with 300 aboard
"16:42, 29-Aug-2022",Fuel leak interrupts launch countdown of NASA moon rocket
"12:33, 29-Aug-2022",IAEA team heading to Ukraine's Zaporizhzhia nuclear plant: Grossi
"22:42, 29-Aug-2022",Iraq declares comprehensive curfew in all governorates
"21:09, 29-Aug-2022","Iraqi, Iranian foreign ministers hold talks in Tehran"
"18:33, 29-Aug-2022",Iraqi cleric Sadr announces full withdrawal from political life
"10:40, 29-Aug-2022","Kane crosses 200 league goals, Lewandowski nets another brace at Barca"
"19:11, 29-Aug-2022",Survey: 79.6% of Afghans term U.S. war 'complete failure'
"22:05, 29-Aug-2022",Madagascar police kill 14 after albino kidnapping
"20:40, 29-Aug-2022",NASA scrubs Monday launch of Artemis 1 mission for moon exploration
"20:23, 29-Aug-2022",NASA's Artemis I mission launch for moon exploration is on hold
"22:49, 29-Aug-2022",U.S. intelligence officials conduct classification review of materials seized from Trump's home
"16:53, 29-Aug-2022",Pakistan foreign minister appeals for more aid for relief work
"22:42, 29-Aug-2022",CGTN reporter's vlog: People's lives were badly affected after the flood in Pakistan
"13:22, 29-Aug-2022",76.7% of global poll respondents back China's stance on rebuilding Afghanistan
"23:02, 29-Aug-2022","Putin, Pashinyan discuss implementation of agreements on Nagorno-Karabakh region"
"17:08, 29-Aug-2022",Sporting moments of the week (Aug. 22-28)
"20:35, 29-Aug-2022",Survey: 79.6 percent of Afghans say U.S. war 'complete failure'
"22:10, 29-Aug-2022",The cost of the Afghan war in dollars
"07:28, 29-Aug-2022","Venezuela, Colombia restore diplomatic ties after three-year break"
"21:27, 29-Aug-2022",Volleyball: China take silver at AVC Cup for Women
"19:54, 29-Aug-2022",Xi Jinping sends condolences to Pakistani president over severe floods
"07:11, 30-Aug-2022","At least 30 killed, hundreds wounded in Baghdad clashes after al-Sadr quits"
"07:44, 30-Aug-2022","Madagascar police shooting leaves 19 dead, police say"
"20:20, 30-Aug-2022",75 dead in worsening Niger floods
"14:42, 30-Aug-2022",Angolan opposition to contest election results
"15:51, 30-Aug-2022",Armed clashes in Iraqi Green Zone cause injuries
"17:54, 30-Aug-2022",Bayern extend sporting director Hasan Salihamidzic's contract to 2026
"21:59, 30-Aug-2022",CGTN Sports Talk: Who is the best point guard of the young generation?
"21:43, 30-Aug-2022",China calls for concrete actions to U.S. on gun control 
"12:40, 30-Aug-2022",China's Y-20 aircraft to debut at international airshow in Europe
"16:22, 30-Aug-2022",China urges the U.S. to unfreeze Afghan assets
"13:08, 30-Aug-2022",China pledges 100m yuan emergency humanitarian assistance to flood-hit Pakistan
"18:03, 30-Aug-2022",Drought declared in SW England
"16:21, 30-Aug-2022",First batch of flood relief aid from China arrives in Pakistan
"20:20, 30-Aug-2022",Germany's annual CPI inflation rises to 7.9% in August
"21:07, 30-Aug-2022",Graphics: How will the U.S. chip act impact global chipmakers?
"07:21, 30-Aug-2022",IMF board approves $1.1 billion bailout for Pakistan
"18:21, 30-Aug-2022",Iraqi cleric al-Sadr apologizes to people for violence in country
"12:27, 30-Aug-2022",Man stabbed to death at Notting Hill Carnival in London
"19:53, 30-Aug-2022","RJ Barrett, Knicks finalize 4-year, $120-million contract extension"
"14:22, 30-Aug-2022",Road accident in Iran's Shushtar kills 13
"15:47, 30-Aug-2022",Solomon Islands suspends U.S. naval visits: U.S. embassy
"09:18, 30-Aug-2022","U.S. reports nearly 350,000 child COVID-19 cases in past 4 weeks"
"07:50, 30-Aug-2022",U.S. war in Afghanistan: A legacy of failure
"17:29, 30-Aug-2022",UN issues flash appeal for $160m to help Pakistan cope with floods 
"12:03, 30-Aug-2022",UN steps up flooding assistance to Pakistan
"10:21, 30-Aug-2022",Venezuelan president welcomes Colombia's new ambassador-designate
"19:52, 30-Aug-2022",WHO temporarily replaces Western Pacific chief accused of misconduct
"20:58, 30-Aug-2022",West Ham United acquire Lucas Paqueta for club record transfer fee
"07:14, 31-Aug-2022",Former Soviet leader Gorbachev dies at 91
"07:31, 31-Aug-2022","Senior U.S., Japan, ROK security officials to meet in Hawaii"
"09:57, 31-Aug-2022",Tonga extends national state of emergency
"07:43, 31-Aug-2022",UN Security Council renews Mali sanctions
"02:08, 27-Aug-2022",Ethiopian government to take action targeting rebel positions
"02:26, 27-Aug-2022","Kenya targets 100,000 tonnes of avocado exports to China annually"
"01:16, 27-Aug-2022",Macron to sign 'renewed partnership' deal with Algeria: presidency
"00:58, 27-Aug-2022","Over 8,000 Somali police officers trained by AU peacekeeping mission in 13 years"
"01:28, 27-Aug-2022",Redacted affidavit used to justify FBI raid of Trump home released
"02:01, 28-Aug-2022",Angola pays homage to ex-leader dos Santos amid vote dispute
"01:47, 28-Aug-2022","France, Algeria sign declaration of 'irreversible progress' in ties"
"01:41, 28-Aug-2022","Iran, Nigeria ink MOU to expand energy cooperation"
"02:01, 28-Aug-2022",Kenya's Odinga commits to peaceful settlement of electoral disputes
"01:50, 28-Aug-2022",Liverpool crush Bournemouth 9-0 to equal Premier League record win
"01:36, 28-Aug-2022",Militants kill 6 in attack on convoy from Burkina Faso gold mine
"02:00, 28-Aug-2022",Putin orders financial benefits for people coming to Russia from Ukraine
"02:01, 28-Aug-2022","Tanzania, UNHCR to launch reforestation program in regions hosting refugees"
"01:49, 28-Aug-2022",UN statement: Treaty on the Non-Proliferation of Nuclear Weapons
"02:43, 29-Aug-2022",Angola holds funeral of ex-leader Dos Santos
"00:30, 29-Aug-2022",Rebuilding damaged Parliament building to cost South Africa over $71 million
"00:19, 30-Aug-2022",Denmark says to boost green power supplies to rest of Europe
"00:41, 30-Aug-2022",Iraqi army declares nationwide curfew from 1600 GMT
"00:20, 30-Aug-2022",Kenya launches new roadmap to reinvigorate plastic recycling
"02:14, 30-Aug-2022","After engine snag, NASA's Artemis 1 Moon Mission launch possible on Friday"
"01:59, 30-Aug-2022","Ramaphosa appoints national council to advice South Africa on ""graft war"""
"01:00, 31-Aug-2022",Ghana launches AfCFTA hub to facilitate businesses
"01:01, 31-Aug-2022",Iran says won't accept IAEA's 'excessive' demands - media
"01:02, 31-Aug-2022",Sunniest summer in Germany since records began
"01:01, 31-Aug-2022",Zambia commemorates Africa Climate Week
"01:06, 30-Aug-2022",EU governments scramble to find a bloc-wide solution to soaring energy costs
"01:20, 30-Aug-2022",French tourism enjoys 'exceptional year – and it's not over yet' says minister
"00:37, 30-Aug-2022",Hungary doubles down on Russian energy deal despite Ukraine conflict
"00:44, 30-Aug-2022","#MyFirstJob: Passion for fashion, making millions from Skype, and giving it all – even blood"
"02:51, 26-Aug-2022",Abortion bans take effect in more U.S. states 
"05:15, 26-Aug-2022",China and the Smithsonian celebrate 50 years of pandas in the U.S.
"03:20, 26-Aug-2022",Embalmed heart of Brazil's first emperor arrives in Brasilia 
"06:13, 26-Aug-2022",U.S. midterms and the top voting issues
"05:58, 27-Aug-2022",CGTN reporter's diary from Mexico 
"05:58, 27-Aug-2022",Colombia welcomes its first black vice president
"05:59, 27-Aug-2022",Federal Reserve gathers in Wyoming to discuss rising inflation
"05:59, 27-Aug-2022",President Biden signs executive order to implement CHIPS ACT
"05:58, 27-Aug-2022",Women’s Equality Day 2022
"06:03, 28-Aug-2022",Extreme heat affects tourism in California
"05:09, 28-Aug-2022","Floods from monsoon rains in Pakistan kill at least 1,000 "
"06:03, 28-Aug-2022",Monkeypox cases drop in some large U.S. cities 
"05:09, 28-Aug-2022",New revelations amid fight for justice for missing Mexican students 
"06:42, 29-Aug-2022",Afghanistan faces challenges to rebuild lives after deadly earthquake
"06:42, 29-Aug-2022",Afghanistan one year later after the U.S. left
"06:42, 29-Aug-2022",Chinese American community rally to defend one-China principle
"06:42, 29-Aug-2022",Hunger crisis in Afghanistan 
"06:27, 30-Aug-2022",NASA's Artemis 1 Launch Delayed
"06:52, 30-Aug-2022",Untangling the Libyan Crisis as violence surges in the country
"06:28, 30-Aug-2022",Women's rights under The Taliban 
"06:31, 31-Aug-2022",Prices for electric vehicles continue to soar
