﻿"13:12, 23-Mar-2022",At least 11 migrant workers killed in warehouse fire in India's Hyderabad
"15:34, 23-Mar-2022",BRICS countries launch vaccine R&D center
"20:11, 23-Mar-2022","Dolphins land top OT Terron Armstead with 5-year, $87.5-million deal"
"19:25, 23-Mar-2022",Expert: Sanctions are always costly to those who impose them
"19:18, 23-Mar-2022",Germany refuses to boycott Russian energy
"17:34, 23-Mar-2022",Gunfire erupts near international airport in Somali capital
"22:25, 23-Mar-2022",Iran's foreign minister says nuclear deal 'closer than ever'
"22:52, 23-Mar-2022","Latest on Russia-Ukraine conflict: New corridors open, peace talks are 'difficult'"
"19:20, 23-Mar-2022",London's Queen Elizabeth Olympic Park evacuated for reported incident
"18:47, 23-Mar-2022",NBA highlights on March 22: 'Complete' Bucks smash Bulls at home
"21:16, 23-Mar-2022",National teammate Paqueta defends Neymar against storming criticism
"17:48, 23-Mar-2022",No G20 member has the right to expel Russia: China's Foreign Ministry
"15:51, 23-Mar-2022","Pakistan, China vow to push for more achievements in practical cooperation"
"20:39, 23-Mar-2022","S.Korea to resume visa-free entry for 46 countries, regions from April"
"14:22, 23-Mar-2022",Taliban order Afghan girls schools to shut hours after reopening: AFP
"22:53, 23-Mar-2022","England, Northern Ireland, Scotland, Wales, Ireland jointly bid for Euro 2028"
"15:16, 23-Mar-2022",UK inflation hits new 30-year high of 6.2%
"21:53, 23-Mar-2022",UK's finance minister delivers updated budget plans
"14:10, 23-Mar-2022",World Meteorological Day: Stunning atmospheric optical phenomena
"22:20, 23-Mar-2022",Xi sends congratulatory letter to fourth CPC-PCC theory seminar
"20:43, 24-Mar-2022",At least 15 injured in southeast Turkey explosion
"09:15, 24-Mar-2022","At least 2 killed, several injured as tornado hits U.S. south"
"18:50, 24-Mar-2022",China to host 14th BRICS Summit with focus on 'new era of global development'
"22:18, 24-Mar-2022",CGTN Sports Talk: What happened to Neymar in PSG?
"14:59, 24-Mar-2022",Casualties reported in suicide attacks in Somalia
"15:29, 24-Mar-2022",China urges U.S. to remove all additional tariffs imposed on its goods
"10:13, 24-Mar-2022",Chinese weightlifter Lyu Xiaojun to be awarded Rio Olympic gold medal
"21:33, 24-Mar-2022",Death toll from bombings that killed lawmaker in Somalia rises to 48: regional leader
"21:25, 24-Mar-2022","Dolphins trade for Tyreek Hill, offer him 4-year, $120-million deal"
"13:45, 24-Mar-2022",EU countries in disarray after Putin announces payment change in gas deal
"23:02, 24-Mar-2022",Ethiopian government declares immediate truce to allow aid into Tigray
"07:38, 24-Mar-2022",Former South Korean President Park discharged from hospital
"11:33, 24-Mar-2022",France claims successful ASMPA nuclear missile test
"12:44, 24-Mar-2022",Graphics: How has Russia-Ukraine conflict disrupted global supply chains?
"07:26, 24-Mar-2022",Iranian foreign minister confident final nuclear deal 'close'
"20:08, 24-Mar-2022","Japanese, U.S. senior diplomats hold talks on DPRK missile launch"
"17:36, 24-Mar-2022",Kuwait Fund signs $115m loan agreement with GCCIA
"21:23, 24-Mar-2022",Lavrov to attend ministerial meeting of Afghanistan's neighbors
"10:33, 24-Mar-2022",Lynching history stays as U.S. passes act to make it federal crime: report
"15:36, 24-Mar-2022",Moscow Exchange records gains of over 10% after one-month closure
"16:58, 24-Mar-2022",NATO chief's term to be prolonged by a year: media
"18:38, 24-Mar-2022",NBA highlights on March 23: Shorthanded GSW upset Heat on the road
"12:53, 24-Mar-2022",One month on: What has happened in Russia-Ukraine conflict?
"12:21, 24-Mar-2022",One person trapped in Russian coal mine collapse
"08:13, 24-Mar-2022",Portuguese president accepts new government slate
"07:17, 24-Mar-2022",UN Security Council fails to adopt Russia's draft resolution on Ukraine
"16:56, 24-Mar-2022",ROK test-fires 'key missiles' after DPRK's suspected ICBM launch
"23:42, 24-Mar-2022",U.S. owes the world an explanation on biolabs: China's MOD
"13:35, 24-Mar-2022",WHO: 64 instances of attacks on health care in Russia-Ukraine conflict
"19:50, 24-Mar-2022",Wang Yi: China has never sought selfish gain or a sphere of influence in Afghanistan
"23:47, 24-Mar-2022",Wang Yi makes a surprise stopover in India; what could be expected?
"12:22, 24-Mar-2022",Who is the ultimate winner of the Ukraine crisis?
"20:55, 25-Mar-2022",At least 10 drown as boat capsizes in river Ganga
"07:24, 25-Mar-2022",EU reaches deal on rules to rein in tech giants
"13:24, 25-Mar-2022","Ethiopia's Tigray rebels agree on truce, clearing way for aid delivery"
"12:00, 25-Mar-2022","European champions Italy fall from grace, miss second straight World Cup "
"19:39, 25-Mar-2022",Ex-Togo premier elected head of UN labour agency
"11:24, 25-Mar-2022",German gas buyers raise alarm over Russia's ruble payment demand
"22:54, 25-Mar-2022",IAEA regulatory review report of Fukushima water to arrive in months
"21:27, 25-Mar-2022",India bars high-powered UK delegation's visit over Ukraine rift
"19:48, 25-Mar-2022","Israel, Morocco sign MOU on military cooperation"
"19:11, 25-Mar-2022","Israel to host summit with U.S., UAE, Bahrain and Morocco"
"07:18, 25-Mar-2022",Kim Jong Un oversees DPRK's first ICBM test since 2017
"09:15, 25-Mar-2022",M5.5 earthquake strikes southern Peru: EMSC
"09:12, 25-Mar-2022","Miami Open: Naomi Osaka marches on, Emma Raducanu knocked out"
"14:56, 25-Mar-2022",Pakistani National Assembly session adjourned till March 28
"19:02, 25-Mar-2022",Xi Jinping urges the world to promote peace talks regarding Ukraine crisis in talk with Boris Johnson
"18:37, 25-Mar-2022",Saudi air defenses destroy 6 drones launched by Yemen's Houthis: Al Arabiya
"22:16, 25-Mar-2022",Saudi air defenses destroy ballistic missile launched towards southwestern Saudi Arabia
"11:57, 25-Mar-2022","West expands aid to Ukraine, reaffirms opposition to war with Russia"
"17:42, 25-Mar-2022",Xi holds phone talk with South Korean President-elect Yoon
"10:24, 26-Mar-2022",China calls for restraint regarding nuclear issue on Korean Peninsula
"17:28, 26-Mar-2022",DPRK test-fires intercontinental ballistic missile under direct guidance of leader Kim Jong Un
"16:56, 26-Mar-2022",EU divided over how strong sanctions on Russia should be
"17:16, 26-Mar-2022",EU's Borrell says nuclear agreement with Iran very close
"17:45, 26-Mar-2022",Experts worry about how U.S. will see next COVID-19 surge coming
"08:34, 26-Mar-2022",Germany says it is rapidly reducing its energy dependency on Russia
"14:52, 26-Mar-2022",How does Europe respond to the increasing Ukrainian refugees? 
"12:45, 26-Mar-2022",Ice shelf collapses in previously stable East Antarctica
"12:46, 26-Mar-2022","Iran says Durra gas field is joint field, reserves right to exploit"
"20:40, 26-Mar-2022",Iraqi presidential vote delayed again over lack of quorum
"09:58, 26-Mar-2022",Japan's Sakamoto skates to gold at world championships
"19:46, 26-Mar-2022",Los Angeles Dodgers extend manager Dave Roberts's contract for 3 years
"15:08, 26-Mar-2022",Dmitriy Maslak's War Diary #20: Military tactics textbook with NATO-sourced content found in Donetsk
"11:29, 26-Mar-2022",Messi scores on Argentina return in 3-0 win over Venezuela
"10:47, 26-Mar-2022","Miami Open: Nick Kyrgios, Alexander Zverev, Zhang Shuai advance"
"18:16, 26-Mar-2022",NBA highlights on March 25: Heat about to step down as East Leader
"10:14, 26-Mar-2022",Oil rises to over $120 a barrel after attack on Saudi facilities
"08:57, 26-Mar-2022",Chinese ambassador stresses the key to human rights and democracy
"11:17, 26-Mar-2022",Philippine volcanic institute raises alert level for Taal volcano
"07:48, 26-Mar-2022","Putin, Pashinyan discuss Russian peacekeepers in Nagorno-Karabakh region"
"15:18, 26-Mar-2022",Russia-Ukraine conflict: A humanitarian crisis
"09:28, 26-Mar-2022","Saudi-led coalition carrying out air strike in Sanaa, Hodeidah"
"18:27, 26-Mar-2022",Turkey detects 'mine-like object' in Bosphorus
"12:58, 26-Mar-2022","U.S., EU strike LNG deal as Europe seeks to cut reliance on Russian gas "
"07:28, 26-Mar-2022",UNSC extends mandate for expert panel assisting sanctions committee on DPRK
"10:43, 26-Mar-2022",West African leaders set deadlines for 'recalcitrant' coup-hit states
"16:17, 26-Mar-2022",World's largest atom smasher holder intensifies measure against Russia
"16:04, 26-Mar-2022",Youngest polar bear in the UK ready to meet the world
"19:09, 27-Mar-2022","Luhansk 'may hold referendum on joining Russia', Ukraine says 'null and void'"
"20:55, 27-Mar-2022",33 teams to compete for remaining 13 spots at 2022 FIFA World Cup
"13:11, 27-Mar-2022",5 workers killed in northern Oman rockslide
"11:39, 27-Mar-2022",Blast at Colombian police checkpoint declared terrorist attack
"10:04, 27-Mar-2022",Biden discusses Russia conflict with Ukrainian ministers in Poland
"16:51, 27-Mar-2022",Blinken: Best way out is to return to original Iranian nuclear deal
"09:18, 27-Mar-2022",Czech Republic summons Russian ambassador
"10:43, 27-Mar-2022",DPRK carries out construction at Punggye-ri nuclear test site: Yonhap
"19:10, 27-Mar-2022","EU coordinator, Iran's negotiator hold talks on Vienna nuke negotiations"
"13:49, 27-Mar-2022",Economic cost of U.S. vaccine hesitancy burgeoning
"15:49, 27-Mar-2022",El Salvador approves state of emergency over spike in gang killings
"22:33, 27-Mar-2022",Emails show Hunter Biden's role in U.S. biolab in Ukraine: Daily Mail
"18:25, 27-Mar-2022","Five workers killed, several missing in Oman rockslide"
"16:12, 27-Mar-2022","Political Calendar: Russia-Ukraine conflict drags on, foreign ministers of Afghanistan's neighbors meet again"
"14:34, 27-Mar-2022","Iran says nuclear deal is imminent, U.S. envoy not confident"
"08:07, 27-Mar-2022",Iranian FM says point of agreement reached in Vienna talks
"08:09, 27-Mar-2022",M5.1 earthquake hits northern Japan's Hokkaido island
"12:48, 27-Mar-2022",M5.8 earthquake strikes off coast of Ecuador: EMSC
"17:22, 27-Mar-2022",Maltese PM Robert Abela claims election victory for Labour Party
"18:08, 27-Mar-2022",NBA highlights on March 26: Cavs fall into play-in tournament zone
"18:54, 27-Mar-2022",New York Yankees want to keep Aaron Judge with long-term deal
"23:05, 27-Mar-2022",Next round of Ukraine-Russia talks to be held  in Turkey on March 28-30: Ukrainian negotiator
"08:08, 27-Mar-2022",1 killed after parking garage under construction collapses in Boston
"09:43, 27-Mar-2022",The rise of superbugs: Worsened by antibiotic overuse in COVID-19 pandemic?
"21:00, 27-Mar-2022","Somalia claims fresh terror attack foiled, 12 Shabab militants killed"
"13:30, 27-Mar-2022",South Korean president-elect to send policy delegation to U.S.
"13:48, 27-Mar-2022",U.S. and EU leaders agree on new data transfer deal 
"17:01, 27-Mar-2022","U.S. has no strategy of regime change in Russia, Blinken says after Biden calls Putin 'a butcher'"
"14:02, 27-Mar-2022","U.S. wildfire forces evacuation order for 19,000 people in Colorado"
"09:46, 27-Mar-2022",Exclusive Stringer Dispatch: What is life like in Kharkiv amid the Russia-Ukraine conflict?
"07:26, 27-Mar-2022",Saudi-led coalition strikes Yemen despite Houthi truce offer
"23:36, 23-Mar-2022",S. Korea's total COVID cases top 10 million 
"01:01, 24-Mar-2022",Chinese smartphone brands lead Africa's market in Q4
"00:19, 24-Mar-2022","Nigerian military: About 7,000 extremist militants surrender in a week"
"00:20, 24-Mar-2022",Update: Recovered black box believed to be cockpit voice recorder: official
"01:39, 25-Mar-2022","African leaders commit to tackle cybercrime, enhance digital safety"
"02:05, 25-Mar-2022",Ethiopian Airlines appoints new CEO
"02:05, 25-Mar-2022",NATO extends Stoltenberg term for a year due to Russia-Ukraine crisis
"01:38, 25-Mar-2022",UN General Assembly adopts resolution on humanitarian situation in Ukraine 
"01:55, 26-Mar-2022",AU hails Ethiopia gov't declaration of humanitarian ceasefire
"01:55, 26-Mar-2022","Biden in Poland salutes U.S. troops, will meet Ukrainians"
"01:59, 26-Mar-2022",White House: G7 discussed possibility of new releases of oil from reserves
"01:57, 26-Mar-2022","Iran urges foreign forces to leave Syria ""immediately"""
"01:54, 26-Mar-2022",Scientists find microplastics in blood for first time
"01:22, 27-Mar-2022",EU's Borrell says Iran nuclear deal very close
"02:12, 27-Mar-2022",Security forces kill 6 terrorists in SW Pakistan: army
"00:33, 27-Mar-2022",Ukraine's western city of Lviv under attack
"22:41, 23-Mar-2022",Zelenskyy advisor says recent economic development has been wiped out 
"03:34, 24-Mar-2022","Cherry blossoms hit peak bloom in Washington, D.C."
"04:01, 24-Mar-2022",Cherry blossoms reach peak bloom in DC
"04:02, 24-Mar-2022",Colombian answers the call to defend Ukraine
"03:34, 24-Mar-2022",Decades of drought dries up Chilean lake
"04:02, 24-Mar-2022",New airport opens amid controversy in Mexico City
"06:39, 24-Mar-2022",Pakistan Day: Country marks public holiday with military parade
"04:16, 24-Mar-2022",Rebuild in Mayfield after December tornadoes
"04:42, 24-Mar-2022","Southwestern North America experiences its driest period in 1,200 years"
"04:01, 24-Mar-2022",Spike in fuel costs pushing up price of flight tickets in the U.S.
"04:01, 24-Mar-2022",Transitional housing program helps homeless in San Francisco
"03:34, 24-Mar-2022","Ukrainians buy guns, fortify structures as conflict sees fourth week"
"06:09, 24-Mar-2022",Witnesses capture videos of tornadoes tearing through South
"04:53, 25-Mar-2022","Cherry Blossoms bloom in Washington, D.C."
"04:54, 25-Mar-2022",Company makes bamboo bikes as a greener form of transportation
"04:23, 25-Mar-2022",Cuba introduces Chinese language course into secondary education
"06:44, 25-Mar-2022",Dr. Ronald Suny on conflict and the media 
"01:05, 25-Mar-2022",Fleeing Ukraine to uncertain future in U.S.
"04:11, 25-Mar-2022",Mexican bamboo bikes provide sustainable transportation solutions
"04:11, 25-Mar-2022",Mexico faces fuel price challenges due to Ukraine-Russia conflict
"04:52, 25-Mar-2022",U.S. reinstates tariff exemptions on 352 Chinese imports
"05:48, 25-Mar-2022",UN: Women and kids fleeing Ukraine at risk of human trafficking
"04:55, 25-Mar-2022",Venezuelans find ways to bring water to their homes despite shortages
"04:11, 25-Mar-2022",Venezuelans forced to get water from wells and streams
"03:56, 26-Mar-2022", Ambassador Qin Gang at Opening of China-U.S. Agricultural Roundtable
"05:49, 26-Mar-2022",Biden lands in Warsaw after attending briefing with Polish president
"03:45, 26-Mar-2022",Final preparations ahead of 94th Academy Awards ceremony in California
"06:43, 26-Mar-2022",Future unclear for 10 million displaced people from Ukraine
"02:25, 26-Mar-2022",Swarms of migrating crabs increase in size in Cuba
"04:35, 27-Mar-2022",Argentina and IMF reach preliminary $45 bln deal to resolve debt
"04:35, 27-Mar-2022",Los Angeles becomes a wildlife friendly city
"04:35, 27-Mar-2022",Thousands of gamers in San Francisco for in-person event
