﻿"18:29, 24-Aug-2022",Smart China Expo 2022: Digital technologies advance economy and life
"08:41, 25-Aug-2022",'Looking into China': Syrian Zein: Living in China is a wonderful experience
"22:29, 25-Aug-2022",China: Army pursues Global Security Initiative and world peace
"17:50, 25-Aug-2022","China, ROK to join hands for the next 30 years: Li Keqiang"
"18:07, 25-Aug-2022",China advances in medical science and technological innovation
"21:41, 25-Aug-2022",Spokesperson denounces DPP's attempts to pursue 'Taiwan independence' by soliciting external support
"21:15, 25-Aug-2022",China holds peacekeeping forum for collective efforts
"16:49, 25-Aug-2022",China pledges to prioritize creating jobs amid elevated challenges
"13:13, 25-Aug-2022",China's Jiangxi ups emergency response amid persistent drought
"20:37, 25-Aug-2022","Expert: U.S. ""friend-shoring"" policy disrupts free trade"
"20:08, 25-Aug-2022",Full text: Some facts about Pelosi's visit to China's Taiwan region 
"14:56, 25-Aug-2022",Largest animal-shaped bronze mythical beast unearthed at Sanxingdui
"18:36, 25-Aug-2022",Chinese mainland's countermeasures against 'Taiwan independence' acts of justice: official
"14:19, 25-Aug-2022",More than 10 Chinese cities allow commercial trials of autonomous cars
"14:16, 25-Aug-2022",Portrait of an oil painting maestro
"17:07, 25-Aug-2022","Xi Jinping calls on Chinese, African media to better tell stories about bilateral cooperation"
"20:13, 25-Aug-2022",Xinhua releases list of facts about Pelosi's Taiwan visit to refute U.S. disinformation
"19:31, 26-Aug-2022", China-Russia video exchange broadcasting event kicks off in Beijing
"15:47, 26-Aug-2022",9th batch of remains of CPV martyrs to return home in mid-September 
"14:40, 26-Aug-2022","China Space Station: Plasma detector, a watcher on Wentian lab module"
"17:00, 26-Aug-2022",China calls for action to settle Israeli-Palestinian conflict
"11:30, 26-Aug-2022",China completes first test flight of reusable sub-orbital vehicle
"19:26, 26-Aug-2022",China's coach praises Zhou Qi's contributions to win over Kazakhstan
"15:21, 26-Aug-2022",China's early-season rice output edges up 0.4% in 2022
"13:41, 26-Aug-2022",China's high-quality development on veterans affairs in new era
"22:42, 26-Aug-2022",China slams U.S. senator's visit to the Taiwan region
"09:22, 26-Aug-2022",Chinese mainland records 312 new confirmed COVID-19 cases
"18:19, 26-Aug-2022",Chinese mainland stands ready to help overseas Taiwan compatriots: official
"22:31, 26-Aug-2022",Make it rain: How does cloud seeding work?
"18:39, 26-Aug-2022",PLA Eastern Theater Command conducts live-fire joint exercises around Taiwan Island 
"21:39, 26-Aug-2022",Stronger China-Africa supply chains deliver economic benefits
"09:50, 26-Aug-2022",Summer in Beijing Series | Episode 5: Beihai Park
"07:50, 26-Aug-2022",Tales of chips: Tech monopolies are forcing people to look for open alternatives
"21:22, 26-Aug-2022","China's Tibet, Xinjiang see improved medical services with aid from other areas"
"10:11, 26-Aug-2022",U.S. Transportation Department suspends 26 China-bound flights
"19:17, 26-Aug-2022",Xi Jinping encourages foreign experts to contribute more to exchanges between China and others
"09:30, 27-Aug-2022",Bird's eye view of Anhui: Autumn is golden yellow
"17:24, 27-Aug-2022",Blackburn's visit to Taiwan undermines one-China principle
"18:20, 27-Aug-2022",China beat Australia 3-0 to reach semifinals at AVC Cup for Women
"21:39, 27-Aug-2022","China debuts air tanker YY-20 to public, expanding PLA jets' fly range"
"13:25, 27-Aug-2022",China's industrial profits fall 1.1% in first 7 months
"20:43, 27-Aug-2022",China to weave stronger safety net for disadvantaged people
"22:05, 27-Aug-2022",Chinese equestrian sportsman Hua Tian: Olympics means everything to me
"09:13, 27-Aug-2022",Chinese mainland records 300 new confirmed COVID-19 cases
"13:11, 27-Aug-2022",Chinese scientists engineer first mammal with whole chromosome rearrangements
"16:30, 27-Aug-2022",Study: China's Loess Plateau is getting wet
"13:26, 27-Aug-2022",Xi encourages more British friends to contribute to bilateral ties
"14:59, 28-Aug-2022","China Weekly News Quiz: August 21-28, 2022"
"19:40, 28-Aug-2022",China beat Thailand to reach AVC Women's Cup final
"13:09, 28-Aug-2022",China in Past Decade: Leaps and bounds of quantum science innovations
"21:02, 28-Aug-2022",China launches first virtual power plant in Shenzhen amid double carbon goals
"16:21, 28-Aug-2022","Chinese pairs win women's, mixed doubles titles at BWF World Championships"
"09:19, 28-Aug-2022",Chinese mainland records 307 new confirmed COVID-19 cases
"13:47, 28-Aug-2022",Chinese premier congratulates 2022 World New Energy Vehicle Congress
"17:07, 28-Aug-2022",Chinese premier extends congratulations to Pujiang Innovation Forum
"13:00, 28-Aug-2022",Chinese scientists propose new treatment for nasopharyngeal carcinoma
"19:18, 28-Aug-2022",Chongqing's Bishan people shower Yunnan firefighters with gratitude during farewell
"00:00, 28-Aug-2022",Conference on China's Peaceful Reunification held in SW China
"10:07, 28-Aug-2022","Innovative, green transport solutions showcased at World NEV Congress"
"13:17, 28-Aug-2022",More world's top scientists flow to China's first-tier cities: report
"17:09, 28-Aug-2022",Original productions taking you closer to China in the New Era
"12:41, 28-Aug-2022",China in the New Era: Original productions bringing you closer to the country
"22:39, 28-Aug-2022",Overseas Chinese gather to promote peaceful reunification
"15:05, 28-Aug-2022",PLA on U.S. warships' transit: Ready to thwart any provocations
"12:04, 28-Aug-2022","Pakistan flooding death toll tops 1,000, China aid on the way"
"18:49, 28-Aug-2022",The power crunch in China's Sichuan eases due to rainfall
"14:26, 28-Aug-2022",Torrent impedes traffic at scenic spot in SW China's Sichuan
"10:53, 28-Aug-2022",Y-20 aircraft highlights improvement on projection capability: pilot
"16:08, 29-Aug-2022","'Hong Kong dollar selling' does not mean capital outflow, will not affect financial, monetary stability of Hong Kong: finance chief"
"16:27, 29-Aug-2022",China Space Station announces new progress in life science experiment
"08:46, 29-Aug-2022",CGTN Sneak Preview: China Box
"13:19, 29-Aug-2022",China-Finland first joint energy project to lower carbon emissions
"14:21, 29-Aug-2022",China Space Station: Experimental cabinets work well
"12:04, 29-Aug-2022",Tech Please!: A day aboard China's space lab Wentian
"21:26, 29-Aug-2022",China to provide cash and supplies to flood-hit Pakistan
"18:23, 29-Aug-2022",China upholds NPT despite recent Review Conference results
"18:49, 29-Aug-2022",China urges U.S. not to be 'troublemaker for peace and stability of Taiwan Straits'
"22:43, 29-Aug-2022",ChinaJoy in metaverse: Tech is cool but visuals are so-so
"18:48, 29-Aug-2022",MOFA: Chinese Embassy in Cambodia receives over 20 Taiwan compatriots' requests for help
"09:22, 29-Aug-2022",Chinese mainland records 352 new confirmed COVID-19 cases
"18:19, 29-Aug-2022",Erhai Forum calls on joint efforts in ecological protection amid mounting challenges
"19:11, 29-Aug-2022",Survey: 79.6% of Afghans term U.S. war 'complete failure'
"16:41, 29-Aug-2022",PLA Air Force early warning system deemed vital to national security
"17:08, 29-Aug-2022",Sporting moments of the week (Aug. 22-28)
"16:16, 29-Aug-2022",Summer in Beijing Series | Episode 6: Flying elves 
"21:27, 29-Aug-2022",Volleyball: China take silver at AVC Cup for Women
"19:54, 29-Aug-2022",Xi Jinping sends condolences to Pakistani president over severe floods
"19:05, 30-Aug-2022",Meeting of CPC Central Committee Political Bureau proposes convening 20th CPC National Congress on Oct. 16 in Beijing
"16:36, 30-Aug-2022",Are Nike and Adidas losing their charm in China?
"21:43, 30-Aug-2022",China calls for concrete actions to U.S. on gun control 
"09:17, 30-Aug-2022",China's AG600M firefighting aircraft makes maiden amphibious flight
"12:40, 30-Aug-2022",China's Y-20 aircraft to debut at international airshow in Europe
"10:08, 30-Aug-2022",China's top legislature begins standing committee session
"19:37, 30-Aug-2022",China's workplace accidents fall for 10th straight year: official
"10:48, 30-Aug-2022",China says U.S. lies on Xinjiang will 'bankrupt its own credibility'
"12:05, 30-Aug-2022",China unveils plans to boost green development of electrical equipment
"16:22, 30-Aug-2022",China urges the U.S. to unfreeze Afghan assets
"18:01, 30-Aug-2022","Xi Jinping meets model civil servants, encourages them to stick to mission"
"13:08, 30-Aug-2022",China pledges 100m yuan emergency humanitarian assistance to flood-hit Pakistan
"09:13, 30-Aug-2022",Chinese mainland records 382 new confirmed COVID-19 cases
"16:52, 30-Aug-2022",Chinese scientists obtain first large-field X-ray maps of sky
"14:04, 30-Aug-2022",Connection of large-span highway bridge completed in SW China
"21:19, 30-Aug-2022",Digital technologies help farmers overcome droughts
"16:21, 30-Aug-2022",First batch of flood relief aid from China arrives in Pakistan
"21:33, 30-Aug-2022",How China is pushing for autonomous driving
"23:06, 30-Aug-2022",The 1992 Consensus 30 years on: Scholars from both sides of Taiwan Straits hail its importance
"23:10, 30-Aug-2022","Power supply returns to normalcy in SW China's Sichuan, Chongqing"
"17:36, 30-Aug-2022",Results unveiled for China's 1st solar observation satellite
"16:23, 30-Aug-2022",State Grid: Power supply in SW China back to normal
"10:40, 30-Aug-2022",Summer in Beijing Series | Episode 7: Purple bamboo park
"20:37, 30-Aug-2022",U.S. should stop sending wrong signals to 'Taiwan independence' forces: spokesperson
"22:40, 31-Aug-2022","CIFTIS 2022: Supply chain, metaverse, AI in spotlight"
"22:08, 31-Aug-2022",Central govt fully supports HK's participation in BRI development: vice premier 
"11:52, 31-Aug-2022",China completes track-laying for first sea-crossing high-speed railway
"15:03, 31-Aug-2022",China expands HPV vaccinations to females aged 9 to 45
"15:28, 31-Aug-2022",China expresses condolences over Gorbachev's death
"09:52, 31-Aug-2022","China hits 1.05 billion internet users, 99.6% are cellphone users"
"10:36, 31-Aug-2022"," China's August manufacturing PMI up slightly at 49.4, non-manufacturing sector growth continues"
"11:44, 31-Aug-2022",China's first domestic HPV vaccine has 100% efficacy in clinical trial
"15:43, 31-Aug-2022",China urges U.S. to stop official exchanges with Taiwan region
"09:18, 31-Aug-2022",Chinese mainland records 392 new confirmed COVID-19 cases
"20:00, 31-Aug-2022",Graphics: How is China battling regional water and power shortages amid ongoing heatwaves?
"12:57, 31-Aug-2022",How China is pushing for autonomous driving
"09:29, 31-Aug-2022",Looking into China: My rural life in China
"22:32, 31-Aug-2022",Steinbeis outlines development strategy in China
"17:30, 31-Aug-2022","Xi Jinping's speech on new development stage, philosophy, paradigm to be published "
"21:47, 31-Aug-2022","Xi Jinping calls for an open, shared services economy"
"11:46, 01-Sep-2022",All about weather: Ancient poetry unveils meteorological phenomenon 
"21:36, 01-Sep-2022",BizBeat Ep. 473: CIFTIS 2022 demonstrates China's commitment to higher opening-up
"12:52, 01-Sep-2022",BizBeat Ep. 472: China-U.S. audit oversight agreement marks positive progress 
"14:35, 01-Sep-2022",CMG launches Han Meilin's 'Essay on Art' audiobook
"22:07, 01-Sep-2022",CMG launches audio series based on master artist Han Meilin's essays about his artistic creation
"12:49, 01-Sep-2022",Caixin PMI: Power shortages weigh on China's August factory activity
"22:55, 01-Sep-2022",China: Minorities in U.S. treated unequally amid monkeypox outbreak
"16:07, 01-Sep-2022",China on OHCHR Xinjiang report: Not backed by mainstream of int'l community
"22:41, 01-Sep-2022",China builds its first high-speed rail crossing the sea
"17:01, 01-Sep-2022",China expects further partnership with Russia: Li Zhanshu
"10:15, 01-Sep-2022",China firmly opposes UN's so-called 'assessment' on Xinjiang
"16:26, 01-Sep-2022",2022 WAIC: China opens first self-driving test road in downtown Shanghai
"20:45, 01-Sep-2022",China's 'dynamic zero-COVID' strategy stands out
"21:57, 01-Sep-2022",China's service trade in first seven months up 20.7%
"09:21, 01-Sep-2022",Chinese mainland records 368 new confirmed COVID-19 cases
"22:58, 01-Sep-2022",Customized Chinese high-speed trains arrive in Indonesia
"09:59, 01-Sep-2022",Exhibitors display technologies for green development at 2022 CIFTIS
"21:41, 01-Sep-2022",Experts: Companies need better digital models to boost cost-effectiveness 
"14:45, 01-Sep-2022",Horses painted by master artist embody national spirit
"19:28, 01-Sep-2022",Japan's 'China threat' claim an excuse for military expansion: MOFA
"18:32, 01-Sep-2022",China Space Station: Shenzhou-14 taikonauts began 1st spacewalk
"15:02, 01-Sep-2022",Shenzhou-14 taikonauts to conduct their 1st spacewalk on Sep. 1
"15:59, 01-Sep-2022",Take a look at these beautiful grey birds seen in China
"13:58, 01-Sep-2022",The old archway in Xi 'an skates to new place
"15:34, 01-Sep-2022",What is trade in services and why it matters?
"21:24, 01-Sep-2022",World Athletics Indoor Championships Nanjing 2023 postponed
"14:11, 01-Sep-2022",Xinjiang embraces bumper harvest of agricultural products 
"21:44, 02-Sep-2022","China advocates peace at sea, opposes show of force: Wang Yi "
"11:19, 02-Sep-2022",China's R&D spending intensity builds up in 2021: statistics
"14:11, 02-Sep-2022","China's breakthrough in NEV materials boosts efficiency, saves energy"
"10:01, 02-Sep-2022",China's top legislature concludes standing committee session
"09:18, 02-Sep-2022",Chinese mainland records 373 new confirmed COVID-19 cases
"11:28, 02-Sep-2022",Courts contribute to the construction of the unified national market
"21:18, 02-Sep-2022",More people looking to live and work in Xinjiang as economy booms
"18:37, 02-Sep-2022",Experts: What will China win out of U.S. latest GPU chip ban?  
"13:59, 02-Sep-2022",Graphics: Facts about Xinjiang's population and ethnic groups
"16:14, 02-Sep-2022","Marmot, an animal celebrity on social media "
"16:53, 02-Sep-2022",New expressway in Xinjiang designed to provide safe wildlife path
"19:36, 02-Sep-2022",New technologies give a fillip to China's carbon neutrality efforts
"14:34, 02-Sep-2022",Shenzhou-14 astronauts complete first extravehicular activities
"11:34, 02-Sep-2022",Takeaways from Xi's letter to 2022 CIFTIS
"10:04, 02-Sep-2022","U.S. Open: Zheng and Yuan win, four Chinese women into third round"
"16:58, 02-Sep-2022",Yellow Alert issued for Typhoon Hinnamnor
"01:59, 02-Sep-2022",Space log: China's Shenzhou-14 astronauts complete first spacewalk
"00:50, 31-Aug-2022",Xi letter surprises UK woman after Chinese rescue 80 years ago
"23:46, 02-Sep-2022","Sea-crossing railways, amphibious firefighters and crops in space: China Quick Take"
