﻿"17:02, 22-Mar-2022",7 tanks caught fire at oil depot in Russia
"09:10, 22-Mar-2022",At least 25 civilians killed in NW Nigeria attack
"11:48, 22-Mar-2022",Canada's ruling party reaches deal to stay in power until 2025
"16:59, 22-Mar-2022",Chart of the Day: How COVID-19 widened racial inequities in the U.S.
"10:57, 22-Mar-2022","China, like-minded countries concerned about human rights violations against Indigenous people"
"12:43, 22-Mar-2022","Egyptian president hosts UAE's Sheikh Mohamed, Israel's Bennett "
"09:10, 22-Mar-2022","China, Islamic world have strong desire for further cooperation: Chinese FM"
"11:15, 22-Mar-2022",Former South Korean President to be discharged from hospital
"22:34, 22-Mar-2022",How the Russia-Ukraine conflict is threatening global food security
"16:03, 22-Mar-2022",Japan enacts record budget for fiscal 2022
"15:52, 22-Mar-2022","Japan urges citizens to save power in Tokyo, 8 other prefectures"
"11:14, 22-Mar-2022",Manchester City hit top spot as Premier League giants dominate Money League
"22:49, 22-Mar-2022","One dead, multiple injured in stabbing attack at Israel's Beersheba"
"09:37, 22-Mar-2022",Philippine leader's party endorses presidential bid of Marcos Jr
"16:15, 22-Mar-2022",Philippines-U.S. annual military exercise to begin in Luzon
"14:21, 22-Mar-2022",Roscosmos halts space mission with OneWeb amid Russia-Ukraine conflict
"15:31, 22-Mar-2022",Russian opposition leader Navalny sentenced to 9 more years in prison
"19:03, 22-Mar-2022",Second round of Timor-Leste's presidential election to begin in April
"13:16, 22-Mar-2022",Torrential rains kill at least 5 in southeast Brazil
"07:14, 22-Mar-2022","Two dead in Swedish school attack, student suspected: police"
"11:06, 22-Mar-2022",U.S. child care policies rank 40th of the world's 41 rich countries: report
"19:19, 22-Mar-2022",U.S.'s most powerful cyberattack system is targeting China: Sources
"10:00, 22-Mar-2022",UN chief says world is 'sleepwalking to climate catastrophe'
"14:20, 22-Mar-2022",UNHCR chief condemns discrimination and racism against Ukrainian refugees
"13:12, 23-Mar-2022",At least 11 migrant workers killed in warehouse fire in India's Hyderabad
"11:06, 23-Mar-2022","After 3 titles in 3 months, Nadal suffers huge injury blow ahead of French Open"
"07:24, 23-Mar-2022",Argentina's central bank raises benchmark interest rate to 44.5%
"08:40, 23-Mar-2022","At least 6 minors killed, 15 injured in Colombia's school bus accident"
"15:34, 23-Mar-2022",BRICS countries launch vaccine R&D center
"20:11, 23-Mar-2022","Dolphins land top OT Terron Armstead with 5-year, $87.5-million deal"
"19:25, 23-Mar-2022",Expert: Sanctions are always costly to those who impose them
"19:18, 23-Mar-2022",Germany refuses to boycott Russian energy
"17:34, 23-Mar-2022",Gunfire erupts near international airport in Somali capital
"07:28, 23-Mar-2022",Gunmen kill 34 in northwest Nigeria
"22:25, 23-Mar-2022",Iran's foreign minister says nuclear deal 'closer than ever'
"22:52, 23-Mar-2022","Latest on Russia-Ukraine conflict: New corridors open, peace talks are 'difficult'"
"19:20, 23-Mar-2022",London's Queen Elizabeth Olympic Park evacuated for reported incident
"18:47, 23-Mar-2022",NBA highlights on March 22: 'Complete' Bucks smash Bulls at home
"21:16, 23-Mar-2022",National teammate Paqueta defends Neymar against storming criticism
"17:48, 23-Mar-2022",No G20 member has the right to expel Russia: China's Foreign Ministry
"15:51, 23-Mar-2022","Pakistan, China vow to push for more achievements in practical cooperation"
"09:26, 23-Mar-2022",Road accident in south Ghana kills at least 14
"07:51, 23-Mar-2022","Russia trades barbs with U.S., UK over chemical weapons in Ukraine"
"20:39, 23-Mar-2022","S.Korea to resume visa-free entry for 46 countries, regions from April"
"14:22, 23-Mar-2022",Taliban order Afghan girls schools to shut hours after reopening: AFP
"07:32, 23-Mar-2022","U.S. announces deal with UK to end steel, aluminum tariffs"
"08:57, 23-Mar-2022","ZTE stock prices surge after resuming trading in Shenzhen, Hong Kong"
"22:53, 23-Mar-2022","England, Northern Ireland, Scotland, Wales, Ireland jointly bid for Euro 2028"
"15:16, 23-Mar-2022",UK inflation hits new 30-year high of 6.2%
"21:53, 23-Mar-2022",UK's finance minister delivers updated budget plans
"14:10, 23-Mar-2022",World Meteorological Day: Stunning atmospheric optical phenomena
"10:32, 23-Mar-2022",World tennis No. 1 Ashleigh Barty announces shock retirement
"22:20, 23-Mar-2022",Xi sends congratulatory letter to fourth CPC-PCC theory seminar
"20:43, 24-Mar-2022",At least 15 injured in southeast Turkey explosion
"09:15, 24-Mar-2022","At least 2 killed, several injured as tornado hits U.S. south"
"18:50, 24-Mar-2022",China to host 14th BRICS Summit with focus on 'new era of global development'
"22:18, 24-Mar-2022",CGTN Sports Talk: What happened to Neymar in PSG?
"14:59, 24-Mar-2022",Casualties reported in suicide attacks in Somalia
"15:29, 24-Mar-2022",China urges U.S. to remove all additional tariffs imposed on its goods
"10:13, 24-Mar-2022",Chinese weightlifter Lyu Xiaojun to be awarded Rio Olympic gold medal
"21:33, 24-Mar-2022",Death toll from bombings that killed lawmaker in Somalia rises to 48: regional leader
"21:25, 24-Mar-2022","Dolphins trade for Tyreek Hill, offer him 4-year, $120-million deal"
"13:45, 24-Mar-2022",EU countries in disarray after Putin announces payment change in gas deal
"23:02, 24-Mar-2022",Ethiopian government declares immediate truce to allow aid into Tigray
"07:38, 24-Mar-2022",Former South Korean President Park discharged from hospital
"11:33, 24-Mar-2022",France claims successful ASMPA nuclear missile test
"12:44, 24-Mar-2022",Graphics: How has Russia-Ukraine conflict disrupted global supply chains?
"08:48, 24-Mar-2022",Inflation pressure intensifies uncertainty of world economic recovery
"07:26, 24-Mar-2022",Iranian foreign minister confident final nuclear deal 'close'
"20:08, 24-Mar-2022","Japanese, U.S. senior diplomats hold talks on DPRK missile launch"
"17:36, 24-Mar-2022",Kuwait Fund signs $115m loan agreement with GCCIA
"21:23, 24-Mar-2022",Lavrov to attend ministerial meeting of Afghanistan's neighbors
"10:33, 24-Mar-2022",Lynching history stays as U.S. passes act to make it federal crime: report
"15:36, 24-Mar-2022",Moscow Exchange records gains of over 10% after one-month closure
"16:58, 24-Mar-2022",NATO chief's term to be prolonged by a year: media
"18:38, 24-Mar-2022",NBA highlights on March 23: Shorthanded GSW upset Heat on the road
"12:53, 24-Mar-2022",One month on: What has happened in Russia-Ukraine conflict?
"12:21, 24-Mar-2022",One person trapped in Russian coal mine collapse
"08:13, 24-Mar-2022",Portuguese president accepts new government slate
"07:17, 24-Mar-2022",UN Security Council fails to adopt Russia's draft resolution on Ukraine
"16:56, 24-Mar-2022",ROK test-fires 'key missiles' after DPRK's suspected ICBM launch
"23:42, 24-Mar-2022",U.S. owes the world an explanation on biolabs: China's MOD
"13:35, 24-Mar-2022",WHO: 64 instances of attacks on health care in Russia-Ukraine conflict
"19:50, 24-Mar-2022",Wang Yi: China has never sought selfish gain or a sphere of influence in Afghanistan
"23:47, 24-Mar-2022",Wang Yi makes a surprise stopover in India; what could be expected?
"12:22, 24-Mar-2022",Who is the ultimate winner of the Ukraine crisis?
"20:55, 25-Mar-2022",At least 10 drown as boat capsizes in river Ganga
"22:23, 25-Mar-2022","Afghan official: China and Afghan pledge orderly, mutually beneficial cooperation"
"22:50, 25-Mar-2022","EU, U.S. leaders agree to reduce dependence on Russian energy"
"07:24, 25-Mar-2022",EU reaches deal on rules to rein in tech giants
"13:24, 25-Mar-2022","Ethiopia's Tigray rebels agree on truce, clearing way for aid delivery"
"12:00, 25-Mar-2022","European champions Italy fall from grace, miss second straight World Cup "
"19:39, 25-Mar-2022",Ex-Togo premier elected head of UN labour agency
"11:24, 25-Mar-2022",German gas buyers raise alarm over Russia's ruble payment demand
"21:00, 25-Mar-2022",How the conflict in Ukraine will change the EU
"22:54, 25-Mar-2022",IAEA regulatory review report of Fukushima water to arrive in months
"21:27, 25-Mar-2022",India bars high-powered UK delegation's visit over Ukraine rift
"19:48, 25-Mar-2022","Israel, Morocco sign MOU on military cooperation"
"19:11, 25-Mar-2022","Israel to host summit with U.S., UAE, Bahrain and Morocco"
"07:18, 25-Mar-2022",Kim Jong Un oversees DPRK's first ICBM test since 2017
"09:15, 25-Mar-2022",M5.5 earthquake strikes southern Peru: EMSC
"09:12, 25-Mar-2022","Miami Open: Naomi Osaka marches on, Emma Raducanu knocked out"
"14:56, 25-Mar-2022",Pakistani National Assembly session adjourned till March 28
"19:02, 25-Mar-2022",Xi Jinping urges the world to promote peace talks regarding Ukraine crisis in talk with Boris Johnson
"18:37, 25-Mar-2022",Saudi air defenses destroy 6 drones launched by Yemen's Houthis: Al Arabiya
"22:16, 25-Mar-2022",Saudi air defenses destroy ballistic missile launched towards southwestern Saudi Arabia
"18:13, 25-Mar-2022",The 23rd anniversary of NATO bombings: China and Serbia will never forget 
"18:14, 25-Mar-2022",UK retail sales and consumer confidence fall as inflation mounts
"22:24, 25-Mar-2022","WHO Ukraine Head seeking shelter, talking about humanitarian work in Lviv."
"11:57, 25-Mar-2022","West expands aid to Ukraine, reaffirms opposition to war with Russia"
"17:42, 25-Mar-2022",Xi holds phone talk with South Korean President-elect Yoon
"08:34, 26-Mar-2022",Germany says it is rapidly reducing its energy dependency on Russia
"07:48, 26-Mar-2022","Putin, Pashinyan discuss Russian peacekeepers in Nagorno-Karabakh region"
"07:28, 26-Mar-2022",UNSC extends mandate for expert panel assisting sanctions committee on DPRK
"01:21, 22-Mar-2022",Egypt President el-Sisi hosts Abu Dhabi Crown Prince for talks in Sharm El Sheikh
"02:00, 22-Mar-2022","Egypt raises interest rates, sets fixed bread prices against global inflationary pressures"
"01:31, 22-Mar-2022",Fed prepared to raise interest rates 'aggressively': Powell
"02:19, 22-Mar-2022",Russia halts peace treaty talks with Japan
"01:18, 23-Mar-2022",4 killed by Arab assailant in southern Israel: police
"23:36, 23-Mar-2022",S. Korea's total COVID cases top 10 million 
"00:57, 23-Mar-2022","UN chief labels Ukraine conflict ""unwinnable"" "
"04:32, 23-Mar-2022","UN chief warns against ""sleepwalking"" to climate disaster"
"01:01, 24-Mar-2022",Chinese smartphone brands lead Africa's market in Q4
"00:19, 24-Mar-2022","Nigerian military: About 7,000 extremist militants surrender in a week"
"00:20, 24-Mar-2022",Update: Recovered black box believed to be cockpit voice recorder: official
"01:39, 25-Mar-2022","African leaders commit to tackle cybercrime, enhance digital safety"
"02:05, 25-Mar-2022",Ethiopian Airlines appoints new CEO
"02:05, 25-Mar-2022",NATO extends Stoltenberg term for a year due to Russia-Ukraine crisis
"01:38, 25-Mar-2022",UN General Assembly adopts resolution on humanitarian situation in Ukraine 
"04:04, 25-Mar-2022",China says it welcomes any measure to ease humanitarian crisis in Ukraine
"01:55, 26-Mar-2022",AU hails Ethiopia gov't declaration of humanitarian ceasefire
"01:55, 26-Mar-2022","Biden in Poland salutes U.S. troops, will meet Ukrainians"
"01:59, 26-Mar-2022",White House: G7 discussed possibility of new releases of oil from reserves
"01:57, 26-Mar-2022","Iran urges foreign forces to leave Syria ""immediately"""
"01:54, 26-Mar-2022",Scientists find microplastics in blood for first time
"22:41, 23-Mar-2022",Zelenskyy advisor says recent economic development has been wiped out 
"22:16, 23-Mar-2022",Life behind Russian lines: Entering the newly captured towns of Donbas
"05:40, 22-Mar-2022",Big tech companies pull out of Russia amid Ukraine crisis
"05:46, 22-Mar-2022",Building sustainable housing for migrants in Tijuana
"05:46, 22-Mar-2022",Teaching Ukrainian students remotely
"05:47, 22-Mar-2022",The Ambassador: U.S.-China business relations 
"05:47, 22-Mar-2022",Ukrainian community in Argentina helping refugees amid Ukraine crisis
"03:32, 23-Mar-2022",Community awards resident for heroic acts during tornado disaster
"02:11, 23-Mar-2022",Innovating housing for the homeless
"03:32, 23-Mar-2022",Inside Wire: The radio station operated by prisoners 
"03:32, 23-Mar-2022",Concerns grow over COVID-19 surge as states relax restrictions ahead of spring break
"03:31, 23-Mar-2022",Midwest U.S. town rebuilds after devastating tornado
"04:28, 23-Mar-2022",Ukrainian president pleads for NATO-backed “no-fly zone” over country 
"06:36, 23-Mar-2022",Video reports to show China Eastern Airlines plane crash
"03:34, 24-Mar-2022","Cherry blossoms hit peak bloom in Washington, D.C."
"04:01, 24-Mar-2022",Cherry blossoms reach peak bloom in DC
"04:02, 24-Mar-2022",Colombian answers the call to defend Ukraine
"03:34, 24-Mar-2022",Decades of drought dries up Chilean lake
"04:02, 24-Mar-2022",New airport opens amid controversy in Mexico City
"06:39, 24-Mar-2022",Pakistan Day: Country marks public holiday with military parade
"04:16, 24-Mar-2022",Rebuild in Mayfield after December tornadoes
"06:18, 24-Mar-2022",SCOTUS nominee faces controversial questions during confirmation hearing
"04:42, 24-Mar-2022","Southwestern North America experiences its driest period in 1,200 years"
"04:01, 24-Mar-2022",Spike in fuel costs pushing up price of flight tickets in the U.S.
"04:01, 24-Mar-2022",Transitional housing program helps homeless in San Francisco
"03:34, 24-Mar-2022","Ukrainians buy guns, fortify structures as conflict sees fourth week"
"06:09, 24-Mar-2022",Witnesses capture videos of tornadoes tearing through South
"04:53, 25-Mar-2022","Cherry Blossoms bloom in Washington, D.C."
"04:54, 25-Mar-2022",Company makes bamboo bikes as a greener form of transportation
"04:23, 25-Mar-2022",Cuba introduces Chinese language course into secondary education
"06:44, 25-Mar-2022",Dr. Ronald Suny on conflict and the media 
"01:05, 25-Mar-2022",Fleeing Ukraine to uncertain future in U.S.
"04:11, 25-Mar-2022",Mexican bamboo bikes provide sustainable transportation solutions
"04:11, 25-Mar-2022",Mexico faces fuel price challenges due to Ukraine-Russia conflict
"04:52, 25-Mar-2022",U.S. reinstates tariff exemptions on 352 Chinese imports
"05:48, 25-Mar-2022",UN: Women and kids fleeing Ukraine at risk of human trafficking
"04:55, 25-Mar-2022",Venezuelans find ways to bring water to their homes despite shortages
"04:11, 25-Mar-2022",Venezuelans forced to get water from wells and streams
"03:56, 26-Mar-2022", Ambassador Qin Gang at Opening of China-U.S. Agricultural Roundtable
"05:49, 26-Mar-2022",Biden lands in Warsaw after attending briefing with Polish president
"03:45, 26-Mar-2022",Final preparations ahead of 94th Academy Awards ceremony in California
"06:43, 26-Mar-2022",Future unclear for 10 million displaced people from Ukraine
"02:25, 26-Mar-2022",Swarms of migrating crabs increase in size in Cuba
