﻿"20:15, 01-Apr-2022","Indonesia, Malaysia sign agreement on protection of migrant workers"
"16:09, 02-Apr-2022",13 killed in northern Oman rockslide
"21:27, 02-Apr-2022","7 killed, 22 injured after mini-van skids off road in India's Tamil Nadu"
"19:39, 02-Apr-2022",Argentine veterans recall Malvinas war with haunting memories
"13:25, 02-Apr-2022","Australia, India sign trade deal "
"11:52, 02-Apr-2022",Boeing 757 lands safely after cockpit window shatters mid-flight
"13:03, 02-Apr-2022",China-EU leaders' meeting sends positive energy for world peace: China's vice FM
"11:11, 02-Apr-2022","China calls for efforts to promote economic, social, cultural rights amid COVID-19"
"21:55, 02-Apr-2022",Dolphins offers best guaranteed money for CB to keep Xavien Howard
"07:39, 02-Apr-2022",Erdogan to Israel's Herzog: synergy in energy mutually beneficial
"18:50, 02-Apr-2022",Head of London police to leave post on April 10
"07:23, 02-Apr-2022",IAEA chief to head mission to Ukraine's Chernobyl nuclear power plant
"08:23, 02-Apr-2022","Israeli forces kill three Palestinian militants in W. Bank, police say"
"15:41, 02-Apr-2022",M4.4 earthquake strikes Japan's Ibaraki Prefecture
"13:15, 02-Apr-2022",Macron holds first rally of France election campaign
"07:49, 02-Apr-2022",Mali's army says 203 killed in military operation in Sahel
"10:27, 02-Apr-2022",NASA begins critical final test on mega moon rocket
"18:55, 02-Apr-2022",NBA highlights on April 1: Grizzlies beat Suns without four starters
"21:40, 02-Apr-2022",Pakistani PM accuses U.S. of backing move to oust him
"13:45, 02-Apr-2022",Pakistani PM protests to U.S. embassy over alleged interference
"22:40, 02-Apr-2022",Protests over soaring energy prices take place across UK
"10:08, 02-Apr-2022","Qatar 2022 World Cup draw: U.S. to face England, Iran; Spain to meet Germany in group stage "
"21:00, 02-Apr-2022",Schedule released for 2024 Summer Olympics in Paris
"19:01, 02-Apr-2022","Science Saturday: Microplastics, ozone layer damage and collapsing ice"
"19:17, 02-Apr-2022",Sri Lanka imposes 36-hour curfew under state of emergency
"23:04, 02-Apr-2022",Ted Cruz partook in 'dangerous' plan to keep Trump in power: Washington Post
"15:59, 02-Apr-2022",U.S. and Germany mull providing Ukraine security guarantees
"07:18, 02-Apr-2022",UN: Yemen's warring parties agree to two-month truce starting Saturday
"11:26, 02-Apr-2022",Xi exchanges congratulations with Azerbaijani president on 30th anniversary of diplomatic ties
"19:15, 03-Apr-2022",At least six dead in downtown Sacramento shooting
"15:55, 03-Apr-2022","Taliban bans drug cultivation, including lucrative opium"
"14:20, 03-Apr-2022",Casualties feared in Kabul currency market explosion
"09:17, 03-Apr-2022",China calls for resuming meaningful dialogue on Korean Peninsula issue
"21:14, 03-Apr-2022",Chinese diving team presents new synchronized pairs after reshuffling
"07:44, 03-Apr-2022","Night club explosion in Azerbaijan kills 1, injures 31"
"12:22, 03-Apr-2022",Governor of Pakistan's Punjab removed from position
"19:22, 03-Apr-2022","Iran says agreement 'close' in Vienna nuclear talks, ball in U.S. court"
"22:28, 03-Apr-2022",Jordan's Prince Hamzah relinquishes title
"13:14, 03-Apr-2022",Kazakhstan says it thwarts assassination attempt on president
"10:27, 03-Apr-2022","European roundup: Man City reclaim top spot, Real and Atletico set for Champions League tests"
"22:18, 03-Apr-2022",Missiles hit refinery near Odesa
"17:28, 03-Apr-2022",NBA highlights on April 2: Do Jazz know how to deal with big lead?
"15:44, 03-Apr-2022",Pakistan to go to the polls after PM Khan foils sacking attempt
"08:36, 03-Apr-2022",Plane with two on board crashes into English Channel
"20:26, 03-Apr-2022",Polls open in Costa Rica presidential election
"12:24, 03-Apr-2022",Polls open in Hungarian parliamentary elections
"13:15, 03-Apr-2022","Serbians to vote in presidential, parliamentary elections on Sunday"
"17:31, 03-Apr-2022",Pyongyang slams S. Korea for defense minister's 'preemptive strike' remarks
"14:35, 03-Apr-2022",Russia makes new claims on U.S.-funded bioweapons labs
"14:47, 03-Apr-2022",South Korea's Yoon nominates ex-PM Han as new prime minister
"22:49, 03-Apr-2022",South Sudan rivals sign deal on key military provision of peace accord
"09:19, 03-Apr-2022","Swiatek demolishes Osaka in Miami final, completes 'Sunshine Double'"
"07:04, 03-Apr-2022",Torrential rains kill 14 in southeastern Brazil
"13:07, 03-Apr-2022",U.S. making false denials after attempting to topple Pakistani government: Pakistani official
"15:05, 03-Apr-2022",UK 'living with COVID' plan sees nearly 5 million infected in one week
"13:36, 03-Apr-2022",Ukraine's economy may shrink 40% in 2022
"15:29, 03-Apr-2022",Vote on no-confidence motion against Pakistani PM Khan dismissed
"19:09, 03-Apr-2022",World No. 2 Daniil Medvedev may miss French Open after surgery
"09:50, 03-Apr-2022",Yemen's two-month ceasefire begins
"18:54, 04-Apr-2022",Magnitude-5.1 quake hits waters off Japan's eastern coast
"22:12, 04-Apr-2022",23 women died in boat crash in central Sudan
"20:25, 04-Apr-2022","6 missing after hovercraft overturns in Samara, Russia"
"07:19, 04-Apr-2022",At least 20 dead in Ecuador prison riot
"16:30, 04-Apr-2022","At least 2 killed, several injured in car accident in Moscow"
"13:00, 04-Apr-2022",Biden urges Congress to pass gun control legislation
"20:50, 04-Apr-2022","CGTN Sports Talk: Who can challenge Suns, Grizzlies in the West?"
"10:37, 04-Apr-2022",Chaves projected to win Costa Rica election: preliminary tally
"09:49, 04-Apr-2022",Death toll from heavy rains in Rio de Janeiro rises to 18
"23:09, 04-Apr-2022",Emissions must peak before 2025 for 'liveable future': UN
"22:20, 04-Apr-2022",Exclusive: Russia's role in space exploration is indispensable
"12:33, 04-Apr-2022","China, Panama hail prospects in relations as FMs meet "
"15:11, 04-Apr-2022",Georgian foreign minister resigns to become ambassador to U.S.: TASS
"07:15, 04-Apr-2022",Hungarian PM Viktor Orban's coalition wins in parliamentary elections
"15:33, 04-Apr-2022",Pakistan's top court to decide on Khan's fate after he escapes removal
"16:44, 04-Apr-2022",India's annual foreign trade exceeds $1 trillion for first time
"12:11, 04-Apr-2022",Iran: U.S. has no compassion for Muslim nations
"17:28, 04-Apr-2022","Iran blames U.S. for halt to Vienna nuclear talks, calls for political decision"
"09:09, 04-Apr-2022","Iraq's oil exports hit $11.07b in March, highest in 50 years"
"20:56, 04-Apr-2022",Jaguars set new spending record on free agency during NFL off-season
"10:46, 04-Apr-2022",Man in Germany gets 90 COVID-19 shots to sell forged passes
"09:45, 04-Apr-2022","Mbappe on fire as PSG destroy Lorient, Barca leapfrog Sevilla with Pedri masterpiece"
"13:06, 04-Apr-2022",Myanmar says FX deposits should be converted into local currency
"18:04, 04-Apr-2022",NBA highlights on April 3: Lakers more likely to miss playoffs after loss to Nuggets
"10:50, 04-Apr-2022","New-generation players Alcaraz, Swiatek shine at Miami Open"
"17:53, 04-Apr-2022",Nigerian rail company says 168 missing after attack on train
"18:26, 04-Apr-2022",Premier Li congratulates Hungarian PM Orban 
"10:42, 04-Apr-2022",Protest held in Madrid against NATO intervention in Ukraine conflict
"19:36, 04-Apr-2022",Putin signs decree with visa restrictions against 'unfriendly countries'
"17:59, 04-Apr-2022",Russia rejects Ukraine's Bucha killings accusations
"07:13, 04-Apr-2022",Serbian President Vucic declares victory in 1st round of presidential elections
"13:35, 04-Apr-2022","Sri Lanka's central bank governor resigns, stock exchange halts"
"07:14, 04-Apr-2022",Sri Lanka's cabinet resigns after protesters defy curfew
"14:07, 04-Apr-2022",Sri Lanka's president seeks unity government to solve economic crisis
"21:28, 04-Apr-2022",Suspected Islamists kill 21 civilians in eastern DR Congo
"18:44, 04-Apr-2022",Train derailment in DR Congo kills at least seven
"15:56, 04-Apr-2022",Turkish inflation hits fresh record at 61.1%
"20:48, 04-Apr-2022",Wang Yi: China supports Hungary in pursuing an independent development path
"18:53, 04-Apr-2022",What sanctions have been imposed on Russia?
"13:12, 04-Apr-2022",Why does Russia's rubles-for-gas demand matter?
"15:40, 05-Apr-2022","Five killed, more than 10 injured as truck crashes into train in Hungary"
"12:09, 05-Apr-2022",Allegations of Chinese hacking in Ukraine irresponsible and not credible: Embassy
"22:02, 05-Apr-2022",Analysis: Sri Lanka is in its worst economic crisis in recent history. Why?
"10:33, 05-Apr-2022",CDC: Omicron sub-variant BA.2 makes up 72% of U.S. COVID-19 variants
"16:49, 05-Apr-2022",China slams EU agency for 'selective blindness' over its position on Ukraine crisis
"09:38, 05-Apr-2022",DPRK says to strike ROK with nuclear weapons if attacked: KCNA
"22:00, 05-Apr-2022",DPRK warns of nuclear response to a South Korean attack
"21:45, 05-Apr-2022",Fighting continues elsewhere in Ukraine
"11:21, 05-Apr-2022",Football giants send heartfelt wishes to Netherlands coach Van Gaal after cancer revelation
"13:44, 05-Apr-2022",German regulator takes over Gazprom Germania to ensure energy supply
"22:14, 05-Apr-2022",UN chief warns Ukraine conflict one of greatest challenges to international order
"17:05, 05-Apr-2022",Kuwait's government resigns in latest standoff with parliament
"14:43, 05-Apr-2022","Missile, bomb market to surge 73% by 2030 amid conflict"
"13:23, 05-Apr-2022",Peru declares curfew due to inflation protests
"21:57, 05-Apr-2022",Reporter gives first-hand account of experience in Bucha
"23:10, 05-Apr-2022",Russia calls Bucha allegations 'forgery' as EU expels diplomats
"14:25, 05-Apr-2022",Several killed as truck crashes into train in Hungary: police
"09:37, 05-Apr-2022",South Korea's consumer prices grow over 4% in March
"14:51, 05-Apr-2022",Sri Lanka's ruling coalition loses parliamentary majority: report
"15:41, 05-Apr-2022",Sri Lankan finance minister resigns day after swearing in
"20:39, 05-Apr-2022",Sri Lankan government in disarray as economic crisis deepens
"12:23, 05-Apr-2022",Sri Lankan parliament reconvenes after state of emergency
"16:08, 05-Apr-2022",Two people dead in murder-suicide in Hamburg
"07:42, 05-Apr-2022",U.S. Supreme Court nominee Jackson clears procedural hurdle in Senate
"09:40, 05-Apr-2022",U.S. approves potential sale of F-16 aircraft to Bulgaria
"17:41, 05-Apr-2022",U.S. dollar reaches over 300 against Sri Lankan rupee for first time
"11:26, 05-Apr-2022",UN chief Antonio Guterres urges independent investigation into Bucha killings
"10:51, 05-Apr-2022",World Bank cuts East Asia's 2022 GDP growth forecast to 5% on Ukraine crisis
"22:40, 05-Apr-2022",Zelenskyy says UN system must be reformed
"07:15, 06-Apr-2022",Peru's President Castillo ends Lima curfew
"07:34, 06-Apr-2022",Sri Lankan president revokes emergency rule ordinance
"07:16, 06-Apr-2022","UK, U.S., Australia agree to work on hypersonics under defense pact"
"07:46, 06-Apr-2022",UN peacekeeper from Nepal killed in eastern Congo
"02:39, 03-Apr-2022",Babar leads Pakistan to first series win over Australia in 20 years
"01:12, 03-Apr-2022",Macron holds first rally as France election race tightens
"01:46, 03-Apr-2022",Pakistan PM Khan suggests he might not accept vote to oust him
"01:46, 03-Apr-2022",UN pays tribute to 8 peacekeepers in DR Congo helicopter crash
"01:56, 04-Apr-2022",Chinese FM holds talks with Philippine counterpart on bilateral ties
"00:38, 04-Apr-2022",UN Chief Guterres calls for probe into Bucha killings
"03:16, 04-Apr-2022",Sri Lanka's entire cabinet resigns 
"03:32, 04-Apr-2022",Ukraine March grain exports fall sharply vs Feb: Economy ministry
"00:50, 05-Apr-2022",First phase of Angola's affordable housing project scheduled to be launched in June
"01:08, 05-Apr-2022","Carbon emissions from 2010-2019 hit record high, UN chief says"
"01:08, 05-Apr-2022",Ghana Vice President woos NFL to set up American football academy in Africa
"02:04, 05-Apr-2022",Ghana president launches global drive to woo tourists
"02:44, 05-Apr-2022","Kenya, Netherlands sign deal to export horticulture through SGR"
"02:49, 05-Apr-2022","Zambia, Rwanda sign 7 agreements to deepen bilateral cooperation"
"03:17, 06-Apr-2022",Chinese-funded parliament building in Zimbabwe to be completed
"03:23, 06-Apr-2022",DR Congo rebels free three hostages after more than a month in captivity
"03:31, 06-Apr-2022",Egypt's president congratulates Hungarian PM for election victory
"03:35, 06-Apr-2022",International partners urge Somalia for progress in elections
"03:13, 06-Apr-2022",People should still be vigilant about COVID-19: S. African minister
"03:15, 06-Apr-2022",Rwanda tourism revenue up 25 pct last year despite pandemic
"01:59, 06-Apr-2022",Slovenia expels 33 Russia diplomats
"02:10, 06-Apr-2022",Tiger Woods intends to compete at the 2022 Masters Tournament
"00:40, 04-Apr-2022",Ukraine conflict day 39: Bucha's 'unspeakable' war crimes denied by Russia
"01:01, 05-Apr-2022","'Now or never' to curb emissions, warns latest UN climate report"
"20:12, 05-Apr-2022",Prices for everyday items in Germany go up as cost of living reaches all time high
"01:35, 06-Apr-2022",Charles Darwin's notebooks returned to Cambridge University Library
"00:45, 06-Apr-2022",EU triggers rule of law procedure against Hungary
"00:10, 06-Apr-2022",Examining the Bucha evidence – WARNING: DISTRESSING IMAGES
"06:12, 03-Apr-2022",40 years after the Malvinas war
"05:47, 03-Apr-2022",Adults living with autism
"02:26, 03-Apr-2022",Costa Rica election: Meet the candidates for the presidential runoff
"05:14, 03-Apr-2022",Members of new migrant caravan clash with authorities in Mexico
"06:20, 03-Apr-2022",Muslims attend evening prayers as Ramadan begins 
"05:19, 03-Apr-2022","Tens of thousands stranded in Ukraine, evacuation corridors opening"
"05:30, 04-Apr-2022",School offers free education for autistic children
"03:22, 05-Apr-2022",Costa Rica elects its new President
"03:22, 05-Apr-2022",How climate change can affect your kidneys
"03:22, 05-Apr-2022",Is the U.S. differentiating between Ukrainians and Haitians? 
"03:13, 06-Apr-2022","Costa Rica leads in pineapples, but it comes at a cost"
"05:57, 06-Apr-2022",Farming pineapple in Costa Rica 
"05:05, 06-Apr-2022",Lima under curfew after nationwide protests
"03:10, 06-Apr-2022",Los Angeles is hot spot for luxury housing
"03:17, 06-Apr-2022",People living with gun owners twice as likely to be killed by that weapon
"03:08, 06-Apr-2022",Protestors in Sri Lanka call for president's resignation
"03:20, 06-Apr-2022",U.S. to see highest sea level rise in next 30 years
"05:36, 06-Apr-2022",Ukrainians receive humanitarian aid
