﻿"20:40, 24-May-2022",11 killed during police operation in Rio de Janeiro
"15:57, 24-May-2022",131 confirmed cases of monkeypox reported in 19 countries: WHO
"20:01, 24-May-2022","131 monkeypox cases confirmed outside Africa, WHO says 'containable'"
"21:14, 24-May-2022",Analysis: Fed's ending free-money era may hit emerging markets hard
"22:40, 24-May-2022",At least 11 killed in Mexico gangland attack
"20:12, 24-May-2022","Defense ministry: China, Russia conduct joint strategic air patrol"
"22:20, 24-May-2022",Wang Yi urges green access to Ukraine grains exports in talks with German FM
"20:43, 24-May-2022",Czech Republic registers first monkeypox case
"15:21, 24-May-2022",Dollar exchange rate on Moscow Exchange falls below 57 rubles
"20:13, 24-May-2022","Energy price cap to rise to £2,800 in October in UK"
"15:22, 24-May-2022","2 killed, 4 injured as gas tanker explodes in western Kabul"
"15:42, 24-May-2022",Moldovan investigators search home of former President Dodon
"16:04, 24-May-2022",NBA East Finals on May 23: Heat fall apart again in Game 4
"15:20, 24-May-2022",Novak Djokovic 'understands' ATP's decision to strip Wimbledon points
"13:53, 24-May-2022",Philippine Congress begins 2022 election vote canvassing
"14:22, 24-May-2022",Quad countries to invest $50 billion in Indo-Pacific: Kishida
"16:10, 24-May-2022",Quad leaders issue joint statement following Tokyo summit  
"19:26, 24-May-2022","Regional economic cooperation should be open, inclusive: China on IPEF"
"16:44, 24-May-2022",Taliban signs pact with UAE on running Afghan airports
"22:42, 24-May-2022",Tedros elected for second 5-year-term as WHO chief
"14:30, 24-May-2022",Two killed in Iranian F7 jet crash
"17:11, 24-May-2022","United manager ten Hag wants to end the era of City, Liverpool"
"15:36, 24-May-2022",Wang Yi to visit South Pacific Island countries and Timor-Leste
"14:10, 24-May-2022",Zimbabwe hosts elephant summit to discuss elephant management
"13:19, 25-May-2022","20 weeks into the year, the U.S. has already seen 213 mass shootings"
"16:23, 25-May-2022","1 dead,75 missing after boat carrying migrants capsizes off Tunisia"
"08:57, 25-May-2022",Biden: U.S. should stand up to gun lobby after mass shooting at Texas school
"10:03, 25-May-2022","Biden's approval rating falls to 36%, lowest of his presidency"
"16:25, 25-May-2022",Sue Gray publishes full report into Downing Street lockdown parties 
"07:08, 25-May-2022",DPRK fires 3 ballistic missiles toward East Sea: Yonhap
"23:18, 25-May-2022",Death toll in Iran building collapse rises to 16: official
"15:18, 25-May-2022",Ex Guantanamo detainee says he still believes in justice
"17:31, 25-May-2022",Ferdinand Marcos Jr. officially proclaimed president of the Philippines
"15:22, 25-May-2022",Four bodies recovered in Burkina Faso mine
"11:46, 25-May-2022","French Open: Tsitsipas survives, Medvedev advances easily, Tsonga retires after defeat"
"07:02, 25-May-2022",Texas shooting: 19 children among dead in primary school attack
"16:31, 25-May-2022","Jokic, Antetokounmpo, Doncic lead 2021-22 All-NBA First Team"
"15:39, 25-May-2022",Kuwait plans to build world's largest petroleum research center
"23:19, 25-May-2022",Moldovan ex-president Igor Dodon charged with treason: RIA 
"15:51, 25-May-2022",NBA West Finals on May 24: Mavericks refuse to be swept at home
"17:54, 25-May-2022",WR Hill praises new teammate Tagovailoa: Very confident in my QB
"16:53, 25-May-2022",New Zealand hikes rates to six-year high to fight inflation
"10:42, 25-May-2022",One in five U.S. adults have long COVID symptoms: study
"08:45, 25-May-2022","Palestinian teen killed, over 70 injured in clashes with Israel"
"09:26, 25-May-2022",UK government approves Chelsea takeover by Boehly group
"12:47, 25-May-2022","Record high U.S. house prices, rising mortgages depress new home sales"
"14:53, 25-May-2022",Russian lawmakers give initial approval to bill allowing foreign asset takeover
"22:58, 25-May-2022",Space agencies from BRICS countries begin satellite and data sharing
"12:10, 25-May-2022",Sri Lankan PM to double up as finance minister: Bloomberg
"13:18, 25-May-2022",Sri Lankan president appoints Ranil Wickremesinghe as finance minister
"21:48, 25-May-2022",Three paramilitary members killed in IS attacks in Iraq: report
"12:15, 25-May-2022",U.S. raises concern over Turkey's plans for new offensive along Syria border
"14:27, 25-May-2022",UK approves Chelsea Football Club sale 
"19:45, 25-May-2022",UK's Johnson takes ‘full responsibility’ for partygate failings
"12:01, 25-May-2022",What can India learn from China's remarkable e-bus rollout?
"08:37, 25-May-2022",White House flags lowered to half-staff after deadly Texas school shooting
"13:08, 25-May-2022",How does China practice people-centered philosophy in human rights development?
"08:26, 26-May-2022",11 newborn infants die in Senegal hospital fire
"20:08, 26-May-2022",5 killed in market explosion in Yemen's Aden
"17:59, 26-May-2022",Afghan officials: 4 bombs kill at least 12
"22:00, 26-May-2022",African coffee growers find market potential in China
"15:01, 26-May-2022",At least 2 injured in bus blast in the Philippines
"07:12, 26-May-2022",Biden signs police order on second anniversary of George Floyd's death
"21:03, 26-May-2022",Blast at Spanish biodiesel plant kills 2
"23:05, 26-May-2022",Blinken says U.S. does not want a new Cold War
"14:28, 26-May-2022",Boat with 842 Haitians heading for U.S. lands in Cuba
"09:32, 26-May-2022",Boeing capsule lands back on Earth after space shakedown
"18:00, 26-May-2022",British PM refuses to quit as report unveils illegal parties' details
"16:21, 26-May-2022",China calls for U.S. to respond positively to Iran's concerns on nuclear issues
"11:36, 26-May-2022",China is like a magnet to attract global investors: NDB President
"15:42, 26-May-2022",China stresses political solution to the Korean Peninsula issue as UNSC eyes sanction vote  
"18:01, 26-May-2022",Expert: Gun laws are extremely hard to be adjusted in the U.S.
"08:29, 26-May-2022",ISIS claims responsibility for attack in Afghan city of Mazar-i-Sharif
"21:16, 26-May-2022",Iraqi parliament approves bill criminalizing relations with Israel 
"22:39, 26-May-2022",Kevin Spacey charged with 4 counts of sexual assault in UK 
"15:55, 26-May-2022",Legionnaires outbreak in NYC kills 1 of the 19 diagnosed 
"20:17, 26-May-2022",M7.2 quake strikes S Peru: U.S. Geological Survey 
"16:47, 26-May-2022",Maradona tribute plane unveiled in Argentina
"21:59, 26-May-2022",Mass shootings by teens revive Americans' nightmare with guns
"10:09, 26-May-2022","French Open: Nadal, Djokovic advance; Alcaraz, Zverev save match point in thrillers"
"15:31, 26-May-2022",One dead in 'industrial accident' near Iran military complex: state media
"18:03, 26-May-2022",Rafael Nadal wins his 300th Grand Slam match
"13:53, 26-May-2022","Seven Continents, One Home: Kew Gardens in Britain"
"08:58, 26-May-2022",South Korea hikes policy rate by quarter-point to 1.75%
"16:31, 26-May-2022",Spain to reform secret services after spying scandal: PM
"18:36, 26-May-2022",Sunken Hokkaido tourist boat salvaged
"13:56, 26-May-2022",TEPCO to build facility to store treated contaminated Fukushima water before release
"13:28, 26-May-2022",Texas official: Gunman warned in messages minutes before attack
"10:37, 26-May-2022","Victims identified, gunman's mental health questioned in Texas school shooting"
"08:45, 26-May-2022",Trailer: The Warmonger's Legacy
"18:59, 26-May-2022",Turkey arrests new leader of ISIS: report
"07:27, 26-May-2022","Twitter to pay $150m to settle with U.S. over privacy, security violations"
"18:35, 26-May-2022",U.S. confiscates Iranian oil cargo on tanker off Greek Island of Evia
"20:53, 26-May-2022",U.S. economy contracts by 1.5% in Q1
"07:37, 26-May-2022",U.S. files formal trade complaint against Canada over dairy
"19:42, 26-May-2022",UK introduces temporary energy windfall tax to ease rising prices
"22:31, 26-May-2022",UN Security Council adopts resolution on 5-month renewal of mandate in Somalia
"22:43, 26-May-2022",UNSC votes to renew sanctions against South Sudan 
"10:51, 26-May-2022",WEF applauds China's commitment to combat COVID-19 pandemic
"18:38, 26-May-2022",World Economic Forum reverts to January for 2023 Davos meeting
"13:53, 27-May-2022",10 militants killed in Indian-controlled Kashmir gunfights
"11:31, 27-May-2022",A uniquely American contradiction
"18:50, 27-May-2022","Domestic politics, region's attitude behind Blinken's China policy speech: experts"
"07:07, 27-May-2022",At least 50 killed in eastern Burkina Faso attack
"10:03, 27-May-2022",Shooting at Walmart in Ohio leaves one dead
"11:46, 27-May-2022",Shocking video: Carnival cruise ship from Florida catches fire in Grand Turk
"16:00, 27-May-2022",Chiefs QB Mahomes: Our offense will involve 'everybody' this season
"13:01, 27-May-2022",Ecotourism finance the protection of Gabon's silverback gorillas
"11:07, 27-May-2022",Endemic gun violence and domestic terrorism in the U.S.
"10:29, 27-May-2022",Exclusive: Refugees flee as fighting continues in E DRC
"14:44, 27-May-2022",Finland confirms first case of monkeypox
"15:37, 27-May-2022",G7 reaches agreements on phasing out coal: report
"10:05, 27-May-2022",Has the U.S. damaged Africa's COVID-19 vaccination drive? 
"19:22, 27-May-2022","Huge fire breaks out at foam factory in Karachi, Pakistan"
"17:41, 27-May-2022",ICYMI: The week's quirky news from around the world
"16:33, 27-May-2022",Iran summons envoy to protest U.S. call for seizure of Iranian cargo
"10:28, 27-May-2022",Americans less supportive of Russia sanctions at expense of U.S. economy: poll
"15:03, 27-May-2022",Ligue 1 boss Labrune hits back La Liga attacks on Mbappe: unacceptable
"11:05, 27-May-2022",M6.4 quake hits near coast of Timor-Leste: CENC
"15:59, 27-May-2022",NBA West Finals on May 26: Warriors return to Finals after three years
"09:34, 27-May-2022","Seven Continents, One Home: Sequoia National Park in U.S."
"19:05, 27-May-2022",Seven Indian soldiers killed as vehicle falls into Shyok River
"10:42, 27-May-2022",The next Li Na? Chinese sensation Zheng Qinwen stuns former champion Halep at French Open
"18:55, 27-May-2022","Turkey wants action from Sweden, Finland before agreeing to NATO bids"
"20:31, 27-May-2022",U.S. Fed's preferred inflation gauge rises 4.9% in April
"16:14, 27-May-2022","U.S., Japan, ROK senior officials to discuss DPRK’s missile launches"
"22:29, 27-May-2022",U.S. issues new sanctions on DPRK individuals and entities
"14:56, 27-May-2022",U.S. remains suffocated by racism two years after Floyd's death: reports
"11:19, 27-May-2022","U.S. stocks rally over Fed's stance, shares of Alibaba, Baidu jump"
"18:40, 27-May-2022",WHO senior official concerned over community spread of monkeypox
"11:19, 27-May-2022",White House: 'America has more guns than people in this country'
"02:21, 25-May-2022","AU extraordinary summit set to discuss terrorism, unconstitutional changes"
"02:16, 25-May-2022",Hungary's PM Viktor Orban imposes new state of emergency
"01:14, 25-May-2022","Severely food insecure people in Latin America, Caribbean increases by 0.5 million between, WFP says"
"01:25, 25-May-2022",Somali PM suspends foreign minister for abuse of power
"00:08, 25-May-2022",Tedros re-elected to second term as WHO Director-General
"00:12, 25-May-2022",Ukraine conflict sparks sharp increase in commodity import prices in MENA region
"01:26, 25-May-2022",World Bank approves $350 million loan to spur Morocco's blue economy
"00:47, 25-May-2022",Zimbabwe president urges emphasis on science and technology education to boost global digital economy
"01:28, 26-May-2022","AU Chairperson: Africa becomes ""collateral victim"" of Ukraine conflict"
"02:53, 26-May-2022",Biden to mark second anniversary of the murder of George Floyd
"01:43, 26-May-2022","Blast tears through Kabul mosque, killing at least 5"
"01:09, 26-May-2022",New York State governor calls to raise age limit for some gun purchases
"00:40, 26-May-2022","S. Africa's central bank: Inflation, a major risk to domestic financial system"
"00:31, 26-May-2022",Seven more monkeypox cases found in England bringing UK total to 78
"01:51, 27-May-2022",At least 50 killed in Burkina Faso attack
"02:28, 27-May-2022",More UK Conservatives pull support from PM Johnson over 'partygate'
"02:00, 27-May-2022",Palestinian officials: Israel killed Al Jazeera reporter
"02:03, 27-May-2022",Tanzania issues alert over monkeypox as outbreak reported in Europe
"02:23, 27-May-2022",The FIFA World Cup Trophy lands in Nairobi  
"01:03, 28-May-2022",Attempts to blame Russia for grain shipping trouble 'groundless': Putin
"02:25, 27-May-2022",The Spanish ports expediting Europe's bilateral trade with China
"02:23, 27-May-2022","UK government's 25% fuel-profit windfall tax, $19bn support package"
"05:33, 25-May-2022",Containing Monkeypox
"05:13, 25-May-2022",Cuba’s emerging private sector
"05:31, 25-May-2022",Documenting Asian American lives 
"05:27, 25-May-2022",Largest wildfire in New Mexico’s history
"05:09, 25-May-2022",Title 42 and discrimination
"06:41, 25-May-2022",Judge stops Biden from lifting Title 42; U.S. must continue expelling asylum seekers. What’s next?
"06:48, 25-May-2022",Xi Jinping replies to letter from an old American friend
"05:52, 26-May-2022"," Learn about Meru, the Alibaba of Latin America"
"05:59, 26-May-2022",Reflecting on George Floyd’s murder two years on
"01:02, 26-May-2022",Some Californians compost food to help save water during drought
"05:55, 26-May-2022",U.S. federal judge blocks White House from ending Title 42
"07:06, 27-May-2022","A community mourns in Uvalde, Texas"
"23:34, 27-May-2022",Chinese Ambassador to the U.S. Qin Gang reassured that China’s opening-up policy is unchanged
"23:34, 27-May-2022",Chinese Ambassador to the U.S. Qin Gang said China-U.S. relationship should be win-win cooperation
"23:35, 27-May-2022",Chinese Ambassador to the U.S. Qin Gang answered how U.S. companies can do business in China
"07:07, 27-May-2022",Can Minneapolis police report lead to real change?
"07:07, 27-May-2022",Can red flag laws prevent gun violence?
"07:07, 27-May-2022",Celebrating Black hair
"23:27, 27-May-2022","Chinese Ambassador to the U.S. travels to Indiana, meets Governor "
"07:08, 27-May-2022",Landscapers face impacts of inflation
"06:58, 27-May-2022",Program helps blind tour Rio on bicycles
"06:58, 27-May-2022",See how the blind are touring Rio on bike
"07:24, 27-May-2022",See the latest at the Microsoft Build Developer's Conference
"05:22, 27-May-2022",U.S. gun culture and the prospects for gun control
"06:59, 27-May-2022",Xi Jinping’s friend from Iowa on cultural exchanges
