﻿"22:29, 16-Jun-2022",Chinese shuttlers enter quarterfinals of Indonesian Open
"09:04, 17-Jun-2022",Australian PM confirms attendance to NATO summit
"10:50, 17-Jun-2022",Bank of Japan announces to maintain ultralow rate policy
"15:57, 18-Jun-2022",Pictures: Ukrainian cities in rubble
"19:46, 18-Jun-2022",Protests after ruling Japanese govt 'not responsible for Fukushima disaster' 
"20:07, 19-Jun-2022",14th BRICS Summit set to be held next Thursday
"20:08, 19-Jun-2022",Analyst: Peace talks between Russia and Ukraine still in question
"21:59, 19-Jun-2022",Biden to meet with Saudi crown prince: U.S. secretary of energy
"20:13, 19-Jun-2022","Egypt, Bahrain, Jordan summit kicks off in Sharm El-Sheikh"
"22:58, 19-Jun-2022",Explosion reported in Kabul
"21:09, 19-Jun-2022",Finding True America: Behind a Black neighborhood's struggle with drugs
"22:39, 19-Jun-2022",January 6 panel to implicate Trump in fake elector plot
"22:30, 19-Jun-2022","No deal to end gun violence, U.S. Republican lawmaker says"
"21:02, 19-Jun-2022",Polls open for Colombian presidential run-off election
"23:02, 19-Jun-2022",SA diplomat: BRICS to transform to new global governance institution
"22:48, 19-Jun-2022",Spain battles wildfires as heatwave eases
"23:08, 19-Jun-2022",Two unique ways to tour the nooks and crannies of Singapore 
"21:16, 19-Jun-2022","U.S. treasury secretary expects economy to slow, but recession not 'inevitable'"
"19:41, 19-Jun-2022",UN peacekeeper killed by mine in Mali
"22:24, 20-Jun-2022", Achievements under the BRICS mechanism in the past 16 years
"16:07, 20-Jun-2022",13 soldiers dead after bus attack in Syria
"15:26, 20-Jun-2022",Air passenger volume to reach 83% of 2019 levels this year: IATA
"18:27, 20-Jun-2022",At least 260 killed in attack in Ethiopia's Oromiya region: Reuters
"11:58, 20-Jun-2022","Canadian GP: Verstappen holds off Sainz, Zhou scores four points"
"14:28, 20-Jun-2022","2 killed, 28 wounded in bazaar explosion, E Afghanistan"
"23:26, 20-Jun-2022",China plays critical role in global environment & climate cooperation
"17:20, 20-Jun-2022",China take first gold in artistic swimming at FINA World Championships
"18:00, 20-Jun-2022",EU receives official notification of Denmark's intention to join its defense policy
"19:57, 20-Jun-2022",FINA restricts transgender participation in women's competition
"23:05, 20-Jun-2022",Finding True America: Puerto Rico in the eye of a U.S. drug storm
"20:48, 20-Jun-2022",French health chief resigns after election defeat
"06:53, 20-Jun-2022",Gustavo Petro elected president of Colombia in second round of elections
"18:01, 20-Jun-2022",IMF delegation arrives in crisis-hit Sri Lanka for bailout talks
"15:00, 20-Jun-2022",Iran blames U.S. for stalled talks to revive nuclear deal
"18:48, 20-Jun-2022",Israel building regional air defense alliance with U.S.
"17:21, 20-Jun-2022",Lebanon reports its first case of monkeypox
"07:33, 20-Jun-2022",Macron's party loses majority with 245 seats in French parliament: ministry
"09:46, 20-Jun-2022","One teenager killed, three wounded in Washington D.C. shooting"
"19:10, 20-Jun-2022","COVID-19 incidence rises in India as nearly 80,000 new cases recorded in a week"
"17:23, 20-Jun-2022",Philippine President-elect Ferdinand Marcos Jr to head agriculture department
"23:00, 20-Jun-2022",Report: 2.9 billion people worldwide still have no internet access
"22:31, 20-Jun-2022",UK rail strikes to go ahead after efforts to resolve dispute fail
"21:41, 20-Jun-2022",UK says 5 detained British nationals released from Afghanistan
"16:21, 20-Jun-2022",World Refugee Day: 5 facts about refugees
"21:59, 21-Jun-2022",26 killed as pre-monsoon rains wreak havoc in Pakistan
"13:29, 21-Jun-2022",An-2 plane with 3 people on board disappears in Russia's Yakutia
"16:05, 21-Jun-2022",Are Yankees on the way for 28th World Series title with a fantastic season start?
"07:07, 21-Jun-2022",At least 132 villagers killed in central Mali weekend attacks
"23:57, 21-Jun-2022",BRICS countries 'repairers' of global supply chain: Think tank
"14:43, 21-Jun-2022","Belgium repatriates 6 ISIS women, 16 children from Syria"
"14:34, 21-Jun-2022",Biggest rail strike in 30 years brings UK to standstill
"23:54, 21-Jun-2022","China, Horn of Africa countries call for peaceful resolution of Ukraine conflict"
"14:17, 21-Jun-2022",China calls on countries to work together to counter hate speech 
"11:13, 21-Jun-2022","China expresses concerns over Indigenous women's rights in U.S., Canada, Australia"
"14:53, 21-Jun-2022",China deepens agricultural tech cooperation with BRICS nations
"15:07, 21-Jun-2022",China urges 'relevant country' to stop sending wrong signals to 'Taiwan independence' forces
"07:12, 21-Jun-2022",Decision on pause on federal gasoline tax could come by end of week: Biden
"21:34, 21-Jun-2022",Egyptian president meets Saudi crown prince at Heliopolis Palace
"16:47, 21-Jun-2022",Europe braves high temperatures
"20:43, 21-Jun-2022",Finding True America: Moms torn between work and their newborns
"17:18, 21-Jun-2022","Fire breaks out in Chinatown in Philadelphia, building evacuated"
"17:56, 21-Jun-2022","Fire breaks out in London high-rise, several injured"
"17:43, 21-Jun-2022",Iran's judiciary says three detained Mossad-linked agents will be tried
"11:47, 21-Jun-2022",Japanese PM to attend nuclear nonproliferation confab in New York
"15:31, 21-Jun-2022","M6 quake hits Bonin Islands, Japan"
"16:02, 21-Jun-2022",Macron holds talks with opposition parties after rejecting French PM's resignation
"10:19, 21-Jun-2022",Macron's coalition loses parliamentary majority
"07:49, 21-Jun-2022",Macron to hold talks with French opposition parties over parliament deadlock
"07:28, 21-Jun-2022",Mexican foreign minister tested positive for COVID-19
"13:38, 21-Jun-2022","Mexican migrant advocates demand end to deportations, detention"
"09:45, 21-Jun-2022",NASA fuels moon rocket for first time in countdown rehearsal
"07:29, 21-Jun-2022",Panamanian president diagnosed with rare blood disorder
"09:27, 21-Jun-2022",Rugby league bans transgender players from women's internationals
"10:39, 21-Jun-2022",Scottie Scheffler tops PGA Tour earnings ranking
"16:24, 21-Jun-2022",South Korea confirms space rocket Nuri's launch success
"15:00, 21-Jun-2022",South Korea launches homegrown space rocket Nuri
"14:53, 21-Jun-2022",South Korea to bid for 2023 AFC Asian Cup
"07:38, 21-Jun-2022",Tunisian constitution committee chief delivers draft to president
"22:07, 21-Jun-2022",Twitter board unanimously recommends Musk's takeover bid
"11:52, 21-Jun-2022",U.S. starts COVID-19 vaccination for kids as young as 6 months this week
"14:12, 21-Jun-2022",Wales manager Ryan Giggs officially steps down
"09:26, 21-Jun-2022",Warriors fans pack San Francisco's city center to celebrate team's NBA title
"20:01, 21-Jun-2022",Yen-dollar exchange rate hits lowest since 1998
"16:48, 22-Jun-2022",Afghan interim government holds presser after earthquake
"16:52, 22-Jun-2022",Afghanistan earthquake death toll rises to 920
"13:32, 22-Jun-2022","At least 255 dead, 155 injured in earthquake in Afghanistan"
"19:03, 22-Jun-2022",BRICS Business Forum opening ceremony begins
"07:37, 22-Jun-2022",Biden names first Native American as U.S. Treasurer
"20:46, 22-Jun-2022",Canada's annual CPI jumps to 7.7% in 39-year high
"13:51, 22-Jun-2022","Capitol riot hearing: Arizona, Georgia officials testify"
"11:04, 22-Jun-2022",China 'fully ready' for 14th BRICS Summit: vice foreign minister 
"14:56, 22-Jun-2022",This is China: China's role in the BRICS mechanism 
"09:18, 22-Jun-2022",Chinese envoy warns against antagonism over Ukraine conflict
"12:48, 22-Jun-2022",Overnight earthquake kills at least 255 in eastern Afghanistan
"22:01, 22-Jun-2022",EU lawmakers support phase-out of industry's free CO2 permits by 2032
"23:11, 22-Jun-2022",Finding True America: Why U.S. healthcare is failing	
"17:48, 22-Jun-2022",Israeli legislators vote to dissolve parliament
"20:34, 22-Jun-2022","Kuwaiti crown prince dissolves parliament, calls for early general election"
"10:36, 22-Jun-2022","Lukaku seals sensational return to Inter from Chelsea, Mane signs for Bayern Munich"
"17:38, 22-Jun-2022",MLB standardizes how baseballs are prepped to be put in play
"10:37, 22-Jun-2022",Monkeypox in Asia: Singapore and South Korea report first cases 
"17:43, 22-Jun-2022",Naomi Osaka and LeBron James launch new media company
"12:45, 22-Jun-2022","Pakistan, IMF reach deal for release of $1b tranche"
"07:06, 22-Jun-2022",3 injured after plane lands and catches fire in Miami
"12:24, 22-Jun-2022",Texas official calls police response to Uvalde shooting 'abject failure'
"20:47, 22-Jun-2022","Poliovirus found in London sewage, but risk of contraction 'low'"
"18:24, 22-Jun-2022","Rain-induced floods kill at least 10, injure 50 in Afghanistan"
"23:03, 22-Jun-2022",Rocket strikes Dana Gas headquarters in Iraq's Kirkuk
"19:49, 22-Jun-2022","Saudi Arabia, Jordan agree to strengthen cooperation as Saudi crown prince wraps up visit"
"21:43, 22-Jun-2022",Saudi crown prince arrives in Turkey for first visit since Khashoggi murder
"12:17, 22-Jun-2022",Saudi crown prince visits Turkey
"13:53, 22-Jun-2022",Scientists say climate change likely worsened floods in Bangladesh
"15:05, 22-Jun-2022",South Korea reports first imported case of monkeypox
"14:06, 22-Jun-2022",South Korea to establish mission to NATO in Brussels: official
"21:20, 22-Jun-2022",Spain reports first cholera case since 1979
"17:06, 22-Jun-2022",Sri Lankan PM says economy has 'collapsed'
"15:01, 22-Jun-2022","The brown calf of an albino deer family named ""Miracle"" was born"
"22:14, 22-Jun-2022","Train derailment in central Tanzania kills four, injures 132"
"10:06, 22-Jun-2022","U.S. Senate, in 64-34 vote, advances significant gun legislation"
"07:23, 22-Jun-2022",U.S. begins COVID-19 vaccinations for children under 5
"07:04, 22-Jun-2022",U.S. lawmakers agree on landmark bipartisan bill on gun safety
"16:52, 22-Jun-2022",U.S. prison laborers produce billions of dollars for pennies per hour: ACLU
"17:19, 22-Jun-2022",UAE president announces COP28 to be held in Dubai 
"14:05, 22-Jun-2022",UK consumer price inflation surges to 9.1% in May
"10:29, 22-Jun-2022",UK rail strikes to derail more than vacation plans
"15:17, 22-Jun-2022",WTI crude plunges 5% on recession fears
"22:56, 22-Jun-2022",WTO chief: Multilateralism alive and working
"13:50, 22-Jun-2022",What drew this Brazilian medical student to China?
"22:14, 22-Jun-2022",Xi Jinping's key quotes at the opening ceremony of BRICS Business Forum
"20:21, 22-Jun-2022",Xi: Sanctions will bring disasters to people around world
"07:10, 23-Jun-2022","1 dead, 1 injured in U.S. San Francisco shooting"
"07:40, 23-Jun-2022",Biden's approval falls fourth straight week to 36%: poll
"07:13, 23-Jun-2022","Lavrov in Iran to discuss nuclear deal, cooperation"
"07:30, 23-Jun-2022",Macron calls on opposition to 'leave in-fighting behind'
"07:45, 23-Jun-2022",Police chief placed on leave by Uvalde school district
"07:15, 23-Jun-2022",Spain denies regional report of first local cholera infection since 1979
"07:45, 23-Jun-2022",U.S. House committee votes to up Biden defense budget plan by $37b
"07:32, 23-Jun-2022",UN chief saddened by heavy loss of life in Afghanistan earthquake
"02:20, 20-Jun-2022",Macron set to lose parliamentary majority: projections
"01:53, 21-Jun-2022",East Africa leaders call for immediate ceasefire in DR Congo
"03:16, 21-Jun-2022",Germany reiterates aim to phase out coal by 2030
"01:46, 21-Jun-2022","Israeli coalition to submit bill to dissolve parliament, force polls"
"01:58, 21-Jun-2022","Turkey says NATO summit 'not the deadline' for Finland, Sweden talks"
"01:51, 21-Jun-2022",UK set to for biggest rail strike in three decades after talks fail
"02:27, 22-Jun-2022",More strikes may hit UK after rail union action: reports
"01:23, 22-Jun-2022",Turkish team to discuss Black Sea grain corridor in Russia this week
"01:28, 23-Jun-2022",1.2 million 2022 FIFA World Cup tickets sold
"00:59, 23-Jun-2022",Bulgarian government toppled as MPs pass no-confidence motion
"01:24, 23-Jun-2022",Burkina Faso to create military zones to fight jihadi rebels
"01:33, 23-Jun-2022",Frenchman targets title defense as WRC Safari Rally action returns to Kenya
"01:02, 23-Jun-2022","Malawian president withholds VP from delegated duties, fires police chief"
"02:58, 23-Jun-2022","Turkey, Saudi Arabia determined to start new period of cooperation: statement"
"02:56, 23-Jun-2022",U.S. President Joe Biden calls for federal gas tax holiday
"18:15, 20-Jun-2022",Africa: The forgotten refugees
"23:57, 20-Jun-2022",France may go to the polls again by 2024 after indecisive election
"00:04, 21-Jun-2022",Coal is back: European countries turning back the clock as Russian gas supplies dwindle
"01:03, 21-Jun-2022",France's Parliamentary election results explained in six points 
"00:44, 21-Jun-2022",Wildfires force Spain and Germany to order residents to evacuate
"04:23, 20-Jun-2022",Smithsonian Institution Museum collects artifacts to document pandemic
"04:26, 20-Jun-2022",Yellowstone to partially reopens after floods
"05:32, 21-Jun-2022",Advocates call for reparations for Black Americans
"05:33, 21-Jun-2022",Argentinian beef producer invest in education for local workers
"03:41, 21-Jun-2022",El Salvador takes new gang crack down measures
"03:42, 21-Jun-2022",Major corporations face backlash for attempting to co-opt Juneteenth 
"03:42, 21-Jun-2022",More than 100 million people displaced around the world
"03:41, 21-Jun-2022",Possible strike for West Coast port workers could worsen supply chain crisis 
"02:44, 22-Jun-2022","After his historic victory, Petro's challenge of governing"
"02:42, 22-Jun-2022",Cuba’s new agricultural revolution
"02:49, 22-Jun-2022",El Salvador continues to buy Bitcoin as prices crash
"06:59, 22-Jun-2022",Possible death penalty for Americans captured in Ukraine 
"02:46, 22-Jun-2022",Stanley Cup Final supports local economy in Colorado
"07:04, 22-Jun-2022",Tornado and floods take over Southern China 
"06:58, 22-Jun-2022",U.S. midterm primary elections kick off in four states
"03:50, 23-Jun-2022",BRICS’s projects bring great convenience to local Brazilians
"03:42, 23-Jun-2022",U.S. Capitol hearing focus on Trump's efforts to overturn 2020 election
"03:44, 23-Jun-2022",Climate change affects whale migration patterns in the U.S.
"05:50, 23-Jun-2022",Fed chairman remains committed to getting inflation down
"03:46, 23-Jun-2022",Milk donation amid a shortage of baby formula in the U.S.
