﻿"17:38, 02-Sep-2022",'Gun-free zones' reflect political gambling in the U.S.
"16:59, 02-Sep-2022","Denver Broncos extend QB Wilson's contract by five years, $245 million"
"21:18, 02-Sep-2022",CGTN Sports Talk: What did Premier League clubs buy with their record transfer investments?
"16:59, 02-Sep-2022",At least 18 killed in explosion outside Afghan mosque
"17:35, 02-Sep-2022",Chart of the Day: Recurrent outbreaks of COVID-19 worldwide
"19:05, 02-Sep-2022",Czech government survives no-confidence vote over energy prices
"20:29, 02-Sep-2022",Death toll from Sudan's floods rises to 105
"18:37, 02-Sep-2022",Experts: What will China win out of U.S. latest GPU chip ban?  
"20:34, 02-Sep-2022",G7 finance ministers agree to impose price cap on Russian oil
"23:04, 02-Sep-2022",U.S. court unseals more documents regarding FBI search of Trump's home
"20:32, 02-Sep-2022",U.S. unemployment rate increases to 3.7% in August
"15:37, 02-Sep-2022",What happens when COVID-19 control measures are eased?
"20:32, 02-Sep-2022",Will Cavaliers rise in the East after blockbuster trade for Mitchell?
"15:36, 03-Sep-2022",Dozens killed by al-Shabab militants in Somalia
"10:44, 03-Sep-2022",Asia news wrap: India's new aircraft carrier and more 
"09:52, 03-Sep-2022",At least 8 migrants die in 'hazardous' Rio Grande crossing
"17:00, 03-Sep-2022",Chicago Bears CEO Ted Phillips to retire after serving the team for 40 years
"16:41, 03-Sep-2022","Bulls, Celtics hear bad news before 2022-23 NBA regular season begins"
"20:43, 03-Sep-2022",Casualties reported in Afghanistan bombing
"10:30, 03-Sep-2022",Chinese FM meets outgoing Russian ambassador to China
"17:38, 03-Sep-2022","Chinese vice FM stresses spirit of UNCLOS, opposes double standards"
"07:39, 03-Sep-2022",Eight Colombian police killed in explosives attack
"22:01, 03-Sep-2022",Fuel leak detected 4 times during preparations for NASA rocket launch
"15:17, 03-Sep-2022","Gazprom: Gas to be piped to Europe via Ukraine, Nord Stream faults to be fixed"
"18:49, 03-Sep-2022","German exports fall in July, adding to recession fears"
"15:47, 03-Sep-2022",In Pictures: Poppy Eradication and Farmers' Way Out
"18:13, 03-Sep-2022",Indonesia hikes fuel prices by 30% to rein in ballooning subsidies
"11:25, 03-Sep-2022","It's raining diamonds across the universe, research suggests"
"22:57, 03-Sep-2022",Fuel leaks delay launch of NASA's Artemis moon rocket for weeks
"23:19, 03-Sep-2022",NASA scrubs Saturday launch of Artemis 1 moon mission
"19:50, 03-Sep-2022",Lightning strikes kill at least 23 people in E India
"12:28, 03-Sep-2022",M5.8 earthquake hits Greek island of Crete
"09:47, 03-Sep-2022",NASA nears second Artemis moon rocket launch attempt after technical problems
"11:20, 03-Sep-2022",NASA's Webb telescope takes its first-ever direct image of distant world
"22:09, 03-Sep-2022",Nine migrants drown in U.S.-Mexico border crossing attempt
"21:28, 03-Sep-2022",Plane circling Mississippi city threatens to crash into Walmart store: police
"18:05, 03-Sep-2022",NASA's next-generation Artemis moon rocket tanks up for debut launch
"18:55, 03-Sep-2022","Putin, Aliyev discuss South Caucasus situation by phone"
"14:48, 03-Sep-2022","Science Saturday: China's space mission, Artemis-I, and climate change"
"10:42, 03-Sep-2022","Serena Williams falls in third round of U.S. Open, retirement expected"
"07:38, 03-Sep-2022",Sri Lankan former president returns home
"20:35, 03-Sep-2022",Turkish warship docks in Haifa for first time in over a decade
"09:35, 03-Sep-2022",WHO monitoring cases of pneumonia of unknown origin in Argentina
"17:53, 04-Sep-2022",2 Premier League managers fire at VAR for controversial referee calls
"17:23, 04-Sep-2022","26 killed, 11 injured in floods across Pakistan in 24 hours "
"21:00, 04-Sep-2022",CGTN Sports Talk: Are the Cavs a title contender with Mitchell?
"19:03, 04-Sep-2022","Celtics Smart on his recovery, Brown's feelings, Gallinari's injury"
"14:32, 04-Sep-2022",Chinese province issued alert for potential super typhoon Hinnamnor
"13:43, 04-Sep-2022",Col. Richard Black: U.S. foreign policy heading in radical direction
"14:52, 04-Sep-2022",Ex-Malaysian PM Najib admitted to hospital
"12:22, 04-Sep-2022","One killed in N Kazakhstan forest fire, 2,000 displaced"
"13:08, 04-Sep-2022",German ruling coalition agrees on new economic relief package
"19:24, 04-Sep-2022","Greece blocked over 150,000 migrants this year: minister"
"19:04, 04-Sep-2022",Iraqi parliament staff resume work after weeks-long hiatus
"15:02, 04-Sep-2022",NRF forces inflict heavy casualties on Taliban in Takhar province
"13:33, 04-Sep-2022",Next UK PM: Four challenges and no honeymoon
"09:32, 04-Sep-2022","Philippine president begins visit to Indonesia, Singapore"
"14:14, 04-Sep-2022",Photos: Afghan nomads on the road
"12:43, 04-Sep-2022",Photos: The Citadel of Herat in Afghanistan
"20:06, 04-Sep-2022",Polls open for Chileans to vote on new constitution
"18:08, 04-Sep-2022",Bus shooting in the Jordan Valley leaves at least 5 injured 
"14:40, 04-Sep-2022",Syrian military helicopter crashes in northeast near Hama
"08:14, 04-Sep-2022","U.S. Open: Zhang/Kostyuk advance into women's doubles last 16, Yuan Yue crashes out"
"21:35, 04-Sep-2022",UFC Paris: Gane KOs Tuivasa to win first-ever main event in French capital
"07:48, 04-Sep-2022",UK to begin new COVID-19 vaccination campaign
"21:12, 05-Sep-2022",'High probability' of Israeli soldier killing Al Jazeera journalist: report
"12:26, 05-Sep-2022",2 killed as fire breaks out at hotel in India's Lucknow
"07:00, 05-Sep-2022","Canada hunts suspects in stabbing spree that killed 10, wounded 15"
"07:23, 05-Sep-2022",2 dead in Northern California wildfire
"08:00, 05-Sep-2022",7th Eastern Economic Forum opens in Russia's Vladivostok
"13:53, 05-Sep-2022",At least 8 dead after earthquake in Afghanistan 
"10:45, 05-Sep-2022","Badminton: China's Liang Weikeng, Wang Chang win men's doubles title at Japan Open"
"09:52, 05-Sep-2022",Boat carrying more than 50 sinks in India's Ganges River
"21:49, 05-Sep-2022",CGTN Sports Talk: How much faith do you have left in the Clippers?
"09:15, 05-Sep-2022",Chilean president vows to continue work on new constitution after referendum defeat
"17:47, 05-Sep-2022",China observers react to OHCHR's Xinjiang report
"20:44, 05-Sep-2022",21st batch of Chinese peacekeepers to Lebanon detonate first mine during operation
"07:04, 05-Sep-2022","Death toll rises to over 1,300 in Pakistan monsoon flooding"
"17:28, 05-Sep-2022",EU to discuss measures to rein in soaring prices
"14:50, 05-Sep-2022","8 dead, 15 injured in explosion near Russian Embassy in Kabul"
"08:01, 05-Sep-2022",At least 1 killed after float plane crashes near U.S. Whidbey Island
"10:31, 05-Sep-2022",Gauff beats Zhang as Chinese players end singles journey at U.S. Open
"22:02, 05-Sep-2022",Germany seeks 'forgiveness' over 1972 Munich massacre: president
"19:51, 05-Sep-2022",Graphics: What's new at China's 2022 Service Trade Fair?
"14:53, 05-Sep-2022",Iran demands closure of IAEA probes for 'sustainable' nuclear deal
"16:35, 05-Sep-2022",Italian official: CIFTIS to boost cooperation in services trade
"19:38, 05-Sep-2022",Liz Truss to be UK's next prime minister   
"17:35, 05-Sep-2022",M5.5 earthquake strikes southern Iran: EMSC
"20:27, 05-Sep-2022","OPEC+ agrees to cut output by 100,000 bpd in October"
"20:03, 05-Sep-2022","OPEC+ JMMC recommends cutting output by 100,000 bpd in October: report"
"19:13, 05-Sep-2022","Oman's capital blacked out, electricity to be restored in hours"
"19:02, 05-Sep-2022",Rams QB Stafford to have no limitations in season opener against Bills
"20:00, 05-Sep-2022",Rudy Gobert on Mitchell's departure from Jazz: He has a bright future
"10:30, 05-Sep-2022",S. Korean opposition DP to charge president over violating election law: Yonhap
"19:07, 05-Sep-2022",Schools in Kharkiv start the new school year online with students 75% less than last year
"16:19, 05-Sep-2022",Super Typhoon Hinnamnor to land in or graze South Korea
"15:38, 05-Sep-2022",Türkiye's CPI up 80.21% in August
"19:33, 05-Sep-2022",Türkiye threaten to quit EuroBasket 2022 after player is attacked
"23:20, 05-Sep-2022","Real threat of 'long COVID': Eased control, reinfections and more"
"13:25, 05-Sep-2022",Turkish vessel's stop in Israel warms bilateral ties
"14:12, 05-Sep-2022",U.S. undermining international order with 'Long-arm Jurisdiction'
"11:48, 05-Sep-2022",UK to learn name of new prime minister after long vote
"16:24, 05-Sep-2022",UN humanitarian chief warns of imminent famine in Somalia
"13:48, 06-Sep-2022","1 Palestinian killed, 16 wounded in West Bank: Palestinian MOH"
"11:23, 06-Sep-2022","2 civilians killed, 1 injured after wildfire breaks out in California"
"21:03, 06-Sep-2022",2 officers injured in DR Congo bombing
"19:05, 06-Sep-2022",UK's Queen Elizabeth II accepts Boris Johnson's resignation as PM
"07:56, 06-Sep-2022",Fire breaks out at South Korean steel plant
"19:36, 06-Sep-2022",German industrial orders slide for sixth straight month
"14:27, 06-Sep-2022",Hungary sees hottest summer since 1901
"07:46, 06-Sep-2022","IED strikes supply convoy in Burkina Faso, killing 35 civilians"
"07:32, 06-Sep-2022",IS-K claims suicide bombing outside Russian embassy in Kabul
"19:46, 06-Sep-2022",Liz Truss appointed as new British prime minister
"07:57, 06-Sep-2022","One suspect in Canadian stabbings found dead, second still at large"
"14:50, 06-Sep-2022",Outgoing UK PM Johnson says Truss will try reduce energy prices
"22:27, 06-Sep-2022",Protesters in Berlin call for lifting sanctions on Russia as prices soar
"12:39, 06-Sep-2022",Reserve Bank of Australia hikes interest rates by 50 basis points
"13:43, 06-Sep-2022",Spotlight: Who is the real Liz Truss?
"15:44, 06-Sep-2022",U.S. releases plan for $50 billion investment in chips: NYT
"10:19, 06-Sep-2022",UN chief condemns suicide bombing outside Russian embassy in Kabul
"08:23, 07-Sep-2022",Bank of Canada expected to push interest rates into restrictive territory
"07:11, 07-Sep-2022",IAEA urges establishment of security zone at Zaporizhzhia nuclear plant
"08:39, 07-Sep-2022",Material on foreign nation's military defenses seized from Trump's home
"07:25, 07-Sep-2022","U.S. to expand monkeypox vaccine, treatment access"
"01:22, 03-Sep-2022",EU to present €5 billion aid package to Ukraine next week
"01:21, 03-Sep-2022",Floods kill 56 in north Nigerian state
"01:21, 03-Sep-2022",Kenya's NCBA Group partnering with Huawei to rollout digital banking products
"01:21, 03-Sep-2022",Teenager electrocuted to death in Michigan after devastating storm
"01:21, 03-Sep-2022","Train-minibus collision kills 3, injures 10 in nothern Egypt"
"00:53, 04-Sep-2022","Five killed, 54 injured in Tanzanian road accident"
"02:20, 04-Sep-2022",Man who flew plane over Mississippi faces criminal charges
"01:33, 04-Sep-2022","NASA calls off retry of Artemis moon rocket launch, citing fuel leak"
"02:37, 04-Sep-2022",Zaporizhzhia nuclear power plant loses power line: IAEA
"02:17, 05-Sep-2022",AU vows to pursue peace despite al-Shabab attacks in Somalia
"02:16, 05-Sep-2022","At least 2 dead, many feared trapped after seven-storey building collapses in Lagos"
"02:16, 05-Sep-2022",Kenya's top court to deliver Monday ruling on petition challenging Ruto's win
"00:27, 06-Sep-2022","Famine looms in parts of Somalia unless humanitarian aid is scaled up, WFP warns"
"00:27, 06-Sep-2022",Kenya's Supreme Court upholds William Ruto's election win
"01:41, 06-Sep-2022",Namibia to lower retail fuel prices
"01:41, 06-Sep-2022",Stakeholders gather in Kigali to discuss Africa's food security agenda
"03:24, 07-Sep-2022",Brazil orders Apple Inc to desist from selling iPhones without chargers
"01:50, 07-Sep-2022",Namibia's trade deficit up in July
"03:19, 07-Sep-2022",Truss vows to tackle UK's economic challenges
"03:07, 07-Sep-2022",UN decries killings of 173 civilians in South Sudan's northern state
"23:13, 03-Sep-2022",Race to choose new UK prime minister nears conclusion
"01:25, 06-Sep-2022",Chinese battery maker to begin $7.6bn construction of Europe's largest plant
"00:42, 06-Sep-2022",Iberia Express staff's 10-day strike over pay and conditions grounds airline
"01:09, 07-Sep-2022",Analysis: Liz Truss's first speech as UK prime minister in full
"05:36, 03-Sep-2022",China-U.S. launch flying tigers youth leadership programs
"22:18, 03-Sep-2022",The Sino-American Aviation Heritage Foundation and Descendants of Flying Tigers Veterans Recall the Spirit of Cooperation and Call for Greater efforts for Both Countries and Humanity
"06:29, 03-Sep-2022",Four-day school weeks
"06:29, 03-Sep-2022",Mexico’s president state of the union speech 
"07:11, 03-Sep-2022",The latest on COVID-19 in the U.S.  
"04:14, 04-Sep-2022",Alternatives to Venezuela’s troubled public school system
"06:49, 04-Sep-2022",American city to go without safe drinking water indefinitely 
"04:14, 04-Sep-2022",Challenges between heritage conservation and mining in Afghanistan
"06:49, 04-Sep-2022",Evacuations continue as California's Mill Fire destroys homes 
"04:12, 04-Sep-2022",Farmers see the future of sustainability with emerging tech
"04:14, 04-Sep-2022",Ohio police release video of officer fatality shooting a Black man in bed
"06:49, 04-Sep-2022","One third of Pakistan is underwater, at least 1,265 dead "
"04:12, 04-Sep-2022",U.S. job market cools off in August
"04:24, 05-Sep-2022",California meat processing plant finding success by sourcing local
"04:24, 05-Sep-2022",Expenses rise as U.S. students return to school
"04:24, 05-Sep-2022",Over 15 million Chileans vote on proposed constitution
"04:24, 05-Sep-2022",See why “quiet quitting” trend goes viral on social media
"04:23, 05-Sep-2022",Student safety top priority as new school year begins in the U.S.
"05:53, 06-Sep-2022",Gun violence victims fight for peace and justice in Chicago  
"05:53, 06-Sep-2022",Jackson water crisis: Lack of infrastructure investments and racial inequities are factors
"05:15, 06-Sep-2022",Mill Fire tears through Northern California town
"05:15, 06-Sep-2022",Preventing gun violence in Chicago 
"05:15, 06-Sep-2022",Rivers in Brazil's Amazon region facing environmental challenges 
"05:14, 06-Sep-2022",Venezuela´s vinyl comeback
"06:57, 07-Sep-2022",Biden hosts key cabinet meeting ahead of midterm elections
"02:56, 07-Sep-2022",Chileans reject proposed new constitution 
"02:56, 07-Sep-2022",Cuba looks to boost tourism with Chinese visitors 
"02:56, 07-Sep-2022","Drone soccer picks up popularity with students, academics "
"06:25, 07-Sep-2022",GAUC launches 2022 'Climate X' Campaign 
"05:14, 07-Sep-2022",Students in Uvalde return to classes for new school year
