﻿"12:38, 04-Jul-2022",The Xinjiang Act will backfire on the United States
"16:43, 11-Jul-2022",China hopes Sri Lanka restores social stability at early date: spokesman
"16:03, 11-Jul-2022",China's insurance plan guarantees a decent life for disabled elders
"20:12, 11-Jul-2022",Chinese FM meets diplomatic envoys of ASEAN countries
"20:17, 11-Jul-2022",Chinese construction project helps revamp education in Iraq
"14:41, 11-Jul-2022",Chinese Vice Foreign Minister Ma Zhaoxu expresses condolences over Abe's passing
"22:41, 11-Jul-2022",Expert: Don't blame the pikas for the grassland degradation
"20:55, 11-Jul-2022",Live: Working measures and effect of People's Courts in the new era
"20:56, 11-Jul-2022",Russia-Ukraine conflict affects trade between China and Europe
"14:25, 11-Jul-2022",Tiger Taming Quan: Swift and powerful movements
"23:11, 11-Jul-2022",Wang Yi calls on ASEAN to jointly uphold open regionalism
"22:59, 12-Jul-2022",My Account on China: 'Pairing assistance' program boosts ethnic unity in Kashgar
"15:59, 12-Jul-2022",Aba Series | Episode 4: Fairy lake
"13:44, 12-Jul-2022",At least 2 killed after heavy rain lashes SW China's Sichuan
"13:17, 12-Jul-2022","China, ASEAN vow to strengthen ties as Wang Yi meets ASEAN secretary-general"
"23:09, 12-Jul-2022",China: Washington's unilateral sanctions have no future
"20:12, 12-Jul-2022",China aims to build modern national road network by 2035
"22:03, 12-Jul-2022",China condemns 'farewell remarks' of U.S. diplomat regarding Hong Kong
"21:39, 12-Jul-2022",China lodges stern representations with Japan over Lai Ching-te's trip
"19:25, 12-Jul-2022",China's 'flying man' Su Bingtian to have season's debut at World Athletics Champs
"22:50, 12-Jul-2022",China sees solid intellectual property growth in first half of 2022
"20:15, 12-Jul-2022",Chinese authorities briefing on working measures of People's Courts
"10:41, 12-Jul-2022",China air passenger traffic halved in first half of 2022 as COVID-19 hit
"09:16, 12-Jul-2022",Chinese mainland records 107 new confirmed COVID-19 cases
"20:14, 12-Jul-2022",Expert: smart courts would increase efficiency of legal processes
"21:38, 12-Jul-2022",How Fujian becomes 'first home' to Taiwan compatriots on the mainland
"17:22, 12-Jul-2022",Improved judicial practices guarantee China's growth in all areas in past decade 
"08:11, 12-Jul-2022","Indonesia, China agree to foster new growth points"
"20:16, 12-Jul-2022",Jilin Province increasing use of straw as animal feed
"21:45, 12-Jul-2022",My Account on China: China-Serbia ties cast in steel
"11:12, 12-Jul-2022",One-China principle is anchor of stability for Taiwan Straits: Chinese FM
"22:29, 12-Jul-2022",Park life in China: Beijing - Olympic Forest Park
"15:20, 12-Jul-2022",Red Quan: A combination of agility and flexibility
"22:28, 12-Jul-2022",Sichuan universities taking measures to help graduates find jobs
"20:15, 12-Jul-2022",Strong wind and hail destroy crops in N China's Shanxi Province
"13:04, 12-Jul-2022",Tuojiang of Yangtze River embraces ecological boost
"20:07, 12-Jul-2022","China, Malaysia agree to expand, strengthen key BRI projects"
"20:11, 12-Jul-2022","Wang Yi lauds China-ASEAN friendship, champions open regionalism"
"21:49, 12-Jul-2022","Xi Jinping: China ready to work with the world to build fairer, more open cyberspace"
"16:51, 12-Jul-2022",Xi encourages cross-strait youth to work on national rejuvenation together
"10:03, 13-Jul-2022",'Flying' lenoks swim upstream to spawn in NW China
"09:44, 13-Jul-2022",Baji Quan: Extending one's full potential to the eight extremities
"20:59, 13-Jul-2022","China, Vietnam agree to strengthen docking of development strategies"
"19:41, 13-Jul-2022",China builds first unmanned offshore oil rig in South China Sea
"14:12, 13-Jul-2022",China has 428m 5G mobile users and 1.7m 5G base stations: Ministry
"08:40, 13-Jul-2022",China launches new data relay satellite
"12:37, 13-Jul-2022",China's average life expectancy rises to 78.2 years
"20:39, 13-Jul-2022",China's financial risks within safe boundary: central bank official
"10:07, 13-Jul-2022","China's June exports growth quickens as production recovers, imports grow slower"
"19:58, 13-Jul-2022",China urges U.S. to respect its sovereignty in South China Sea
"09:13, 13-Jul-2022",Chinese mainland records 98 new confirmed COVID-19 cases
"20:36, 13-Jul-2022",FIVB Nations League: Chinese coach sees men's team's potential
"07:46, 13-Jul-2022","Heavy rainfall triggers flash flood, killing one in NE China  "
"16:56, 13-Jul-2022",Most Chinese players in poor health before FIBA Asia Cup loss to South Korea
"12:09, 13-Jul-2022",PLA warned off U.S. warship trespassing in China's territorial waters: spokesperson
"16:27, 13-Jul-2022",Researchers breed konjac seeds brought back by Shenzhou-13 spacecraft
"22:56, 13-Jul-2022",Top political adviser calls on Taiwan residents to stand firmly on right side of history
"20:57, 13-Jul-2022",There is no 'median line' of Taiwan Straits: Mainland spokesperson
"21:12, 14-Jul-2022",'InnoBay 2022' special program sheds light on Hong Kong's innovation potentials 
"14:56, 14-Jul-2022",At least 3 killed in flash floods in SW China's Sichuan 
"15:50, 14-Jul-2022",Building Lives – Ep. 5: A Sea Gate Connecting the World
"20:17, 14-Jul-2022",Building Lives: Mission in the desert
"15:01, 14-Jul-2022","China, Cambodia reach fruitful results in all-round cooperation: Wang Yi"
"10:32, 14-Jul-2022",China appoints 1.2 million 'forest chiefs' in over one year
"19:29, 14-Jul-2022","China calls for peace talks, de-escalation in Russia-Ukraine crisis"
"16:06, 14-Jul-2022",China calls for peace talks to de-escalate Russia-Ukraine tensions
"14:15, 14-Jul-2022",China makes progress in civil helicopter manufacturing
"14:57, 14-Jul-2022",China's H1 fiscal revenue up 3.3%: finance ministry
"15:42, 14-Jul-2022","China's smart solar-mushroom plant generates power, boosts production "
"16:17, 14-Jul-2022","China says its position on Ukraine crisis 'consistent, unequivocal'"
"16:55, 14-Jul-2022",China sees growth in summer grain harvest
"09:12, 14-Jul-2022",China to build more low-carbon communities
"23:26, 14-Jul-2022",Chinese banks say mortgage default risks 'controllable'
"09:32, 14-Jul-2022",Chinese mainland records 121 new confirmed COVID-19 cases
"13:55, 14-Jul-2022",Volleyball: U.S. crash out of VNL after surprise loss against Serbia
"22:33, 14-Jul-2022",Women's development highlighted in China-Central Asia ties
"08:05, 14-Jul-2022",Wudang Monk Spade: The heaviest weapon of Taoists
"14:42, 15-Jul-2022",Building Lives: I'm building the tallest tower in Africa
"19:23, 15-Jul-2022",Close China win over Bahrain doesn't sweep issues under the carpet: coach
"23:11, 15-Jul-2022",China's shipbuilding industry enjoys strong rebound in June
"12:15, 15-Jul-2022",Xi stresses strengthening sense of community for Chinese nation
"09:16, 15-Jul-2022",Chinese mainland records 113 new confirmed COVID-19 cases
"10:43, 15-Jul-2022","Chinese scientists sequence genome of 14,000-year-old human"
"11:45, 15-Jul-2022",Chuojiao Fanzi Quan: Emphasizes self-defense rather than attack
"11:24, 15-Jul-2022","Chinese premier stresses consolidating recovery, stabilizing economy"
"23:04, 15-Jul-2022",Shanghai might become China's first city for NFT-related industries
"18:11, 15-Jul-2022",Su Bingtian happy just to compete at World Athletics Championships
"11:29, 15-Jul-2022",Chinese FM Wang Yi calls for cooperation and multilateralism after Southeast Asia tour
"22:30, 15-Jul-2022",Wang Yi calls for humanitarian aid to Syria with no political strings attached
"21:52, 15-Jul-2022",Xi Jinping's article on advancing study of Chinese civilization to be published
"15:20, 15-Jul-2022","Yanji, a small city with ethnic Korean style and beautiful scenery"
"18:31, 16-Jul-2022",At least 6 killed due to heavy rain in NW China's Gansu 
"07:43, 16-Jul-2022",China launches two new high-resolution remote sensing satellites into space
"17:28, 16-Jul-2022",China's Su Bingtian makes men's 100m semifinal at World Championships
"21:01, 16-Jul-2022",China's deepwater jacket project Haiji-1 completes testing
"21:46, 16-Jul-2022",China to contribute $50m to World Bank's pandemic fund
"21:39, 16-Jul-2022",Chinese FM extends condolences to Pakistani counterpart over flooding
"09:10, 16-Jul-2022",Chinese mainland records 129 new confirmed COVID-19 cases
"10:26, 16-Jul-2022",Chinese racing talent Ye Yifei: 'Result is the most important thing' 
"14:59, 16-Jul-2022",Fohan Quan: Embodies both hardness and softness
"21:31, 16-Jul-2022",John Lee: HKSAR govt to strive to promote patriotism education
"15:25, 16-Jul-2022",Macao to halt non-essential business for 5 more days over COVID-19
"22:46, 16-Jul-2022",My Account: Upgrading China's advanced manufacturing capability
"10:05, 16-Jul-2022",Raid Fahmi: Achievements made in China today are truly great
"14:18, 16-Jul-2022",Sichuan houses the world's top three polysilicon producers
"15:27, 16-Jul-2022",The Colors of Nature: The beauty of Shapotou
"15:27, 16-Jul-2022",What is a heat stroke and how to prevent it
"11:25, 17-Jul-2022","6 dead, 12 missing in flash floods in SW China's Sichuan"
"14:09, 17-Jul-2022",Asia's first professional cargo airport starts operation in central China
"08:08, 17-Jul-2022",China beat Chinese Taipei at FIBA Asia Cup
"00:56, 17-Jul-2022",China's top court issues guideline to provide enhanced protection to domestic violence victims
"16:43, 17-Jul-2022",China's Zhao Rui: We're doing better and better game by game
"16:22, 17-Jul-2022",China's central SOEs report steady profit growth in H1
"10:51, 17-Jul-2022","China's long jumper Wang, shot putter Gong take gold, silver at Worlds"
"09:26, 17-Jul-2022",Chinese mainland records 154 new confirmed COVID-19 cases
"10:52, 17-Jul-2022","Class of 2022: Graduates embrace gap year, explore more possibilities"
"17:09, 17-Jul-2022",Li Jingliang TKOs Muslim Salikhov in Round 2 at UFC Long Island
"13:55, 17-Jul-2022",Yi Gang: China to step up implementation of sound monetary policy to support real economy
"18:49, 17-Jul-2022",Panda Trivia: 6 million years of 'vegetarian' life
"16:02, 17-Jul-2022",One person missing after boat overturns in E China
"11:45, 17-Jul-2022",Tianzhou-3 cargo spacecraft separates from China Space Station
"18:26, 17-Jul-2022",Twelve new 5A tourist attractions announced in China
"22:59, 17-Jul-2022",Wang Yi says lessons should be learned from Ukraine crisis during call with Hungarian FM
"16:37, 17-Jul-2022",World's largest carbon trading market mirrors China's green commitment
"11:23, 18-Jul-2022",'Vagabond' giant panda spotted several times by new camera in SW China
"16:24, 18-Jul-2022",Archaeological achievements of the Song Mausoleum in Hangzhou
"21:23, 18-Jul-2022",Beijing issues coupons to boost catering consumption
"11:59, 18-Jul-2022",CGTN reporter visits Urumqi after Chinese President wraps up inspection
"15:47, 18-Jul-2022","China, India hold 16th corps commander level meeting"
"17:44, 18-Jul-2022",China aims to operate first large space telescope in orbit around 2024
"21:21, 18-Jul-2022",China real estate sector recovery accelerates as COVID-19 eases: CMG
"13:15, 18-Jul-2022",China's first self-developed shallow-water subsea Xmas tree system successfully put into use
"15:01, 18-Jul-2022",China's graduates of Class 2022 enter job market
"14:57, 18-Jul-2022",Chinese regulator urges banks to facilitate real estate delivery 'by all means'
"21:54, 18-Jul-2022",China warns U.S. 'not to play with fire' on Taiwan issue 
"09:22, 18-Jul-2022",Chinese mainland records 167 new confirmed COVID-19 cases
"12:24, 18-Jul-2022",Crested serpent eagle spotted for the first time in Nanjing
"10:49, 18-Jul-2022",Rocket to send Wentian lab module to China Space Station arrives at launchpad
"16:43, 18-Jul-2022",No excuse for China-Australia relations mangled in translation
"13:59, 18-Jul-2022","China's procuratorates file over 670,000 public interest lawsuits since 2017"
"22:20, 18-Jul-2022",Premier Li to attend WEF Special Virtual Dialogue with Global Business Leaders
"15:50, 18-Jul-2022",Xi Jinping extends congratulations to world conference on agricultural heritage
"16:12, 19-Jul-2022",5G is a technological innovation for the world to share: MOFA
"11:56, 19-Jul-2022",88 nanotech innovation products unveiled in Guangzhou
"09:28, 19-Jul-2022",Aba Series | Episode 9: A harmonious homeland
"19:16, 19-Jul-2022",Ambassador's Culture Chat: All about Sri Lanka with its envoy to China
"17:20, 19-Jul-2022",Art Without Borders: British singer combines Western and Chinese music
"18:46, 19-Jul-2022",19th Asian Games to be held from September 23 to October 8 in 2023 in Hangzhou
"09:14, 19-Jul-2022","China, India hold 16th corps commander level meeting on border issues"
"16:03, 19-Jul-2022",China aims to reach 2 million 5G base stations in 2022
"21:03, 19-Jul-2022","China's industrial activities continue recovery, with high-tech production leading"
"15:42, 19-Jul-2022",China's summer box office tops $548 million
"11:06, 19-Jul-2022",Formidable China thrash hosts Indonesia by 50 points to reach FIBA Asia Cup quarterfinals
"18:56, 19-Jul-2022",China warns of consequences if U.S. House Speaker Nancy Pelosi visits Taiwan region
"19:56, 19-Jul-2022",Chinese envoy outlines propositions to address global food crisis
"09:15, 19-Jul-2022",Chinese mainland records 237 new confirmed COVID-19 cases
"23:18, 19-Jul-2022",Chinese mainland slams secessionist for 'Taiwan independence' attempts
"14:36, 19-Jul-2022",Chinese oil painter depicts female ghosts from famous novel
"22:08, 19-Jul-2022","Chinese vice premier, EU official hold economic dialogue"
"15:55, 19-Jul-2022",My Account on China: History comes alive in the city of Xi'an 
"08:41, 19-Jul-2022","11 injured, 3 still missing after explosion in N China's Tianjin"
"13:42, 19-Jul-2022",Rescued brown bear released into wild after 13-month care in NW China
"09:43, 19-Jul-2022",Researchers propose AI model to better understand human expectations
"16:19, 19-Jul-2022",Severe convective weather hits NE China's Harbin
"15:32, 19-Jul-2022",Shared by Nature: A thousand-year-old lotus burst into bloom
"19:14, 19-Jul-2022",Ambassador's Culture Chat: Sharing memories with H.E. Djauhari Oratmangun
"15:33, 19-Jul-2022",Swap Connect: A new milestone in China's financial opening-up
"17:27, 19-Jul-2022",Art Without Borders: U.S. musician blends traditional and contemporary tunes
"21:35, 19-Jul-2022",World Athletics Championships: Xie Zhenye advances to men's 200m semifinals
"00:49, 20-Jul-2022",CMG launches multi-series documentary on Chinese civilization
"00:20, 20-Jul-2022",China's most powerful rocket readies for mega payload mission to space station
"00:25, 20-Jul-2022",Shanghai and Taipei vow to expand cooperation despite uncertainties
"03:02, 12-Jul-2022",Wang Yi: Upholding one-China policy is mainstay for Taiwan's stability
