﻿"23:29, 30-Jun-2022","A hip-hop ode to Hong Kong's 'Lion Rock' spirit, 25th anniversary of city's return to China"
"23:07, 30-Jun-2022",Expert: Start-ups in Hong Kong will benefit most from five-year plan
"23:21, 30-Jun-2022",GBA Initiative driving HK forward with unprecedented momentum
"12:04, 01-Jul-2022","'One Country, Two Systems' creates boundless space for Hong Kong's development: Xi"
"22:18, 01-Jul-2022",5th Sichuan Opera Festival brings flash mob parade to ancient lane
"16:39, 01-Jul-2022",A Tibetan blue bear spotted for the first time in NW China's Huzhu
"10:30, 01-Jul-2022",Bauhinia and Lotus Series | Episode 7: Macaques paradise
"16:19, 01-Jul-2022",China issues orange alert for third typhoon 'Chaba'
"18:11, 01-Jul-2022",Zheng Qinwen targets success in both singles and doubles at Paris 2024
"19:13, 01-Jul-2022",China to screen inbound travelers for monkeypox virus
"09:37, 01-Jul-2022",Chinese mainland records 37 new confirmed COVID-19 cases
"09:39, 01-Jul-2022",Dominant China add two more gold medals to FINA World Championships haul
"08:08, 01-Jul-2022",Flag-raising ceremony held in Hong Kong to celebrate 25th anniversary of its return to China
"19:09, 01-Jul-2022",Hebei Museum ushers in the 'Panda Era'
"14:25, 01-Jul-2022",Hong Kong SAR embraces a bright future as it turns 25
"20:33, 01-Jul-2022","Hong Kong, an East-West culture bridge"
"20:30, 01-Jul-2022",Hong Kong to start a new chapter after 25 years of prosperity
"14:01, 01-Jul-2022",Hong Kong youths embrace brighter future as city integrates into national development
"09:18, 01-Jul-2022",Xi to deliver speech on 25th anniversary of HK's return to China
"10:11, 01-Jul-2022",Xi attends meeting marking 25th anniversary of HK's return to China
"10:15, 01-Jul-2022",John Lee sworn in as new chief executive of HKSAR 
"12:15, 01-Jul-2022",President Xi Jinping: Hong Kong thrives when young people thrive
"20:30, 01-Jul-2022",Xi Jinping urges PLA garrison in Hong Kong to better safeguard national security
"16:44, 01-Jul-2022",Xi Jinping meets sixth-term chief executive of HKSAR
"16:15, 01-Jul-2022",Wang Yi to visit Southeast Asian countries from July 3 to 14  
"14:06, 01-Jul-2022","Wimbledon: Swiatek wins 37th straight match, China's Zheng reaches last 32"
"11:32, 01-Jul-2022",Xi: Hong Kong made irreplaceable contributions to China's economic miracle
"00:35, 01-Jul-2022","President Xi Jinping hails Hong Kong's innovation, technology development"
"15:07, 01-Jul-2022",Xi Jinping wraps up HKSAR visit
"10:49, 01-Jul-2022",Xi Jinping: Next five years 'crucial time' for Hong Kong to make breakthroughs
"12:53, 01-Jul-2022",Xi hopes Hong Kong will enjoy brighter future with improved governance capability
"11:20, 02-Jul-2022",All about weather: Special typhoons in July 
"12:41, 02-Jul-2022",My Account on China: Building Green: Smart ecological development at the forefront
"14:56, 02-Jul-2022",CGTN Documentary and Radio The Greater Bay broadcast in Hong Kong
"13:57, 02-Jul-2022","At least 3 rescued after cargo ship splits 300km off Hong Kong, dozens still missing"
"15:20, 02-Jul-2022",China renews yellow alert for rainstorms
"16:06, 02-Jul-2022",China's largest coal-based ethanol project put into trial operation
"09:21, 02-Jul-2022",Chinese mainland records 72 new confirmed COVID-19 cases
"23:06, 02-Jul-2022",Chinese volleyball ace Zhu Ting joins Italian club Pallavolo Scandicci
"17:20, 02-Jul-2022",Crepe myrtle adorns east China's summer
"18:41, 02-Jul-2022","Full text: Xi Jinping's speech at HKSAR anniversary meeting, inauguration of sixth-term govt"
"18:01, 02-Jul-2022",Husband and wife describe their work on China's manned space program
"18:20, 02-Jul-2022","John Lee meets CMG president, pledges deeper cooperation"
"14:25, 02-Jul-2022",Major project of China's west-to-east power transmission program starts operation
"14:49, 02-Jul-2022",Museums re-open in Shanghai after nearly 4 months of Covid shutdown
"12:39, 02-Jul-2022",My Account on China: Environmental ambitions
"22:55, 02-Jul-2022","President Xi's trip to HK to give powerful boost to 'One Country, Two Systems' practice"
"11:20, 02-Jul-2022",Shenzhen residents recall memories of 1997
"16:40, 02-Jul-2022",Surprises in China's advance at FIBA World Cup qualifiers
"11:40, 02-Jul-2022",Teacher from Hong Kong wishes to join Communist Party of China
"15:04, 02-Jul-2022",This is Hong Kong: The master qipao tailor
"15:17, 02-Jul-2022",Typhoon Chaba lands in S China's Guangdong 
"11:58, 02-Jul-2022","UAE president meets senior Chinese diplomat on bilateral ties, cooperation"
"11:45, 02-Jul-2022","Wimbledon: Djokovic and Alcaraz ease through, Zhang Shuai bows out"
"22:55, 02-Jul-2022",Xi's speech at HKSAR 25th anniversary draws positive reactions 
"21:34, 03-Jul-2022",China vows to strengthen cooperation with Zimbabwe in various fields
"07:28, 03-Jul-2022","3 rescued, 27 missing after floating crane sinks in south China"
"19:32, 03-Jul-2022",7th LMC Foreign Ministers' Meeting to take place in Myanmar
"23:15, 03-Jul-2022","8 killed, 1 injured after memorial arch collapses in N China"
"19:56, 03-Jul-2022",Afghan official thanks China for aid to quake-affected families
"14:39, 03-Jul-2022",Building Lives: A big vision on the Little Red Dot
"22:32, 03-Jul-2022",Building Lives – Ep. 4: A center of hope and new life
"21:21, 03-Jul-2022","China Weekly News Quiz: June 26-July 3, 2022"
"20:30, 03-Jul-2022",FIBA World Cup qualifiers: China lose to Australia after bizarre 4th quarter
"21:13, 03-Jul-2022",China ready to upgrade LMC with Myanmar: Wang Yi
"11:07, 03-Jul-2022",China's Chen Yiwen takes 11th diving gold at FINA Champs
"17:36, 03-Jul-2022",China's digital economy worth over 45 trillion yuan in 2021
"17:19, 03-Jul-2022",China sends chartered planes with humanitarian aid supplies to Afghanistan
"19:30, 03-Jul-2022",Chinese FM arrives in Myanmar for meeting on the LMC
"08:24, 03-Jul-2022",Chinese astronaut Jing Haipeng interacts with Sino-Swiss students
"09:27, 03-Jul-2022",Chinese mainland records 104 new confirmed COVID-19 cases
"12:33, 03-Jul-2022",Gen-Zs 'restore' Chinese city of Guangzhou by virtual game and wool felt | 1.4 Billion: Gen-Z
"18:17, 03-Jul-2022","Global Political Calendar: Wang Yi's SE Asia tour, the Lugano summit"
"18:40, 03-Jul-2022",Hong Kong on highway to become global tech and innovation hub 25 years on 
"20:26, 03-Jul-2022","Live: Chang'an Tower, a landmark in the ancient city of Xi'an"
"12:42, 03-Jul-2022",Major Chinese airlines to purchase 292 Airbus A320 airplanes for $37b
"18:18, 03-Jul-2022",South Korea to return more remains of Chinese soldiers killed in Korean War
"21:45, 03-Jul-2022",Pansy Ho: Hong Kong an integral part of China while excelling as international city
"18:38, 03-Jul-2022",My account on China: Rural revitalization efforts bring happiness to villagers in SW China
"12:56, 03-Jul-2022","Steady steps, a straight figure, and powerful fists: Hong Quan"
"19:45, 03-Jul-2022",Tesla Q2 deliveries fall with temporary closure of China factory
"14:45, 03-Jul-2022",The road that changed lives
"14:27, 03-Jul-2022",This is Hong Kong: The substantial restaurant with a Michelin star
"14:50, 03-Jul-2022",Transforming Malaysia's skylines
"16:41, 03-Jul-2022",Typhoon Chaba lashes S China
"10:55, 04-Jul-2022","'Halo saved me today,' says Zhou as Sainz claims maiden win at Silverstone"
"13:36, 04-Jul-2022","Bagua Spear: More shaft, less spear head"
"19:20, 04-Jul-2022",Beijing slams NASA chief for claiming China could 'take over' the moon
"21:26, 04-Jul-2022",My Account on China: China-Indonesia ties: Riding the tide to prosperity
"20:44, 04-Jul-2022","China, Mozambique vow to advance Belt and Road cooperation"
"11:14, 04-Jul-2022",China complete flawless clean sweep of diving golds at FINA World Championships
"23:39, 04-Jul-2022",China's top legislator stresses on protecting Yangtze River 
"09:18, 04-Jul-2022",Chinese mainland records 72 new confirmed COVID-19 cases
"18:16, 04-Jul-2022",How practice at local level enriches China's governance
"17:44, 04-Jul-2022",My Account on China: Rural revitalization benefits farmers in Simola
"23:12, 04-Jul-2022","New roads, railways improve lives of local Tibetans"
"08:43, 04-Jul-2022",12 bodies found after typhoon sinks offshore vessel in S China
"18:04, 04-Jul-2022","Orchids bloom in Huanglong, SW China"
"14:14, 04-Jul-2022",Paintings offer glimpse into Chinese artist's take on life
"16:57, 04-Jul-2022",Stories of Xi Jinping and foreign friends
"12:38, 04-Jul-2022",The Xinjiang Act will backfire on the United States
"15:40, 04-Jul-2022",Typhoon Chaba hampers 'Fujing 001' rescue mission 
"23:15, 04-Jul-2022","Wang Yi: China, Vietnam should contribute more to world peace"
"22:44, 04-Jul-2022",Wang Yi calls for building stronger development of Lancang-Mekong economic belt
"14:33, 04-Jul-2022",World's 2nd largest hydro-plant completes sectional power transmission
"22:41, 04-Jul-2022","Xi Jinping: China ready to promote more robust, greener global development"
"16:36, 05-Jul-2022",0705
"22:38, 05-Jul-2022",5th Digital China Summit to focus on digital China initiative
"08:59, 05-Jul-2022",Bauhinia and Lotus Series | Episode 9: A date with winter
"22:03, 05-Jul-2022",China Indonesia: Riding the tide to prosperity
"23:36, 05-Jul-2022","China, Thailand to jointly build community with shared future"
"16:05, 05-Jul-2022",China's coach pleased with progress at FIVB Volleyball Women's Nations League
"09:58, 05-Jul-2022",China's Zhang Shuai storms into first Wimbledon doubles quarterfinals
"21:26, 05-Jul-2022",China's floral market shows resilience and vitality
"18:21, 05-Jul-2022",China says its vessels' activities near Diaoyu Islands are legitimate
"10:59, 05-Jul-2022",China travel demand rebounds as COVID-19 curbs ease
"19:52, 05-Jul-2022",Chinese FM attends regional foreign ministers' meeting in Myanmar
"09:41, 05-Jul-2022","Chinese, U.S. senior officials hold video talk on economic issues"
"09:22, 05-Jul-2022",Chinese mainland records 112 new confirmed COVID-19 cases
"13:09, 05-Jul-2022",Chinese navy combat support fleet trains to bolster capabilities
"13:34, 05-Jul-2022",Coach Du Feng: China target 2022 FIBA Asia Cup title
"09:57, 05-Jul-2022",Confucius Institute attack suspect arrested by Pakistani authorities
"18:00, 05-Jul-2022",Cultural policies by local govt. help promote religious education
"18:22, 05-Jul-2022",This is Hong Kong: Food connoisseur Chua Lam shows various ways to taste roast meats
"17:27, 05-Jul-2022",Jaime FlorCruz on China's development over the last four decades
"10:53, 05-Jul-2022",Life expectancy of Chinese people rises to 77.93 years: NHC
"18:01, 05-Jul-2022",Museum toy gains popularity with its unique designs
"22:56, 05-Jul-2022",Officials say China committed to building TCM brand
"15:32, 05-Jul-2022",Recreating the techniques of spear fighting in Xingyi Quan
"10:57, 05-Jul-2022",Solar panels bring rich dividends to rural China
"23:04, 05-Jul-2022",Space Log: China's Shenzhou-14 crew prepares for future tasks during first month in space
"22:47, 05-Jul-2022",Taekwondo hall owner turns to delivery
"18:43, 05-Jul-2022",Tech Please: Why did Airbnb fail in China?
"21:25, 05-Jul-2022",Upgraded Guangdong Chinese Medicine Museum champions TCM culture
"15:39, 05-Jul-2022",Xi congratulates Algerian president on 60th anniversary of independence
"18:15, 06-Jul-2022","12 bodies recovered, 4 rescued after Typhoon Chaba smashes engineering vessel"
"13:49, 06-Jul-2022","3 dead after torrential rain in Dehong, SW China"
"15:31, 06-Jul-2022",Senior CPC official urges think tanks to contribute more to global development
"14:39, 06-Jul-2022",Bauhinia and Lotus Series | Episode 10: Costal sentinels
"18:04, 06-Jul-2022",CSL to bring back home and away games in early August
"18:00, 06-Jul-2022",China closely following Pakistan's probe into Confucius Institute attack
"21:28, 06-Jul-2022",China ready to usher in new 'golden age' with Philippines: Chinese FM
"18:39, 06-Jul-2022",China's June bulk commodity market expands to five-month high
"17:51, 06-Jul-2022",China's central environmental inspections bear fruit
"22:45, 06-Jul-2022",China starts constructing first commercial spacecraft launch site in Hainan
"16:16, 06-Jul-2022",China to step up supervision of hog futures market to tame pork price hikes
"19:44, 06-Jul-2022",China urges U.S. to correct its perception of China
"07:07, 06-Jul-2022","Wang Yi, Antony Blinken to meet on G20 sidelines, first for the two since last October"
"16:07, 06-Jul-2022",Chinese Paralympian Zhang Mengqiu: Now is the best time to fight
"13:48, 06-Jul-2022",Chinese astronomers detect 9 super lithium-rich unevolved stars
"09:33, 06-Jul-2022",Chinese mainland records 141 new confirmed COVID-19 cases
"21:37, 06-Jul-2022",Chinese players test positive for COVID-19 before FIBA Asia Cup
"11:08, 06-Jul-2022",Chinese shuttlers storm into Malaysia Masters 2022
"11:46, 06-Jul-2022",Chinese vice foreign minister meets Russian ambassador
"20:47, 06-Jul-2022",Mainland slams DPP authorities' suppressing of those against 'Taiwan independence'
"10:15, 06-Jul-2022",Global manufacturing PMI falls to 52.3 in June on inflation risk
"21:54, 06-Jul-2022",Live: 85th anniversary of July 7 Incident commemorated
"23:37, 06-Jul-2022",People must get vaccinated before entering crowded venues: Beijing 
"21:27, 06-Jul-2022",Researchers ascertain forming of world's longest meteorite-strewn field
"11:19, 06-Jul-2022",Shanghai suspends karaoke operations after new COVID-19 cases
"19:43, 06-Jul-2022",Shanghai to hold national college entrance examination from July 7
"18:38, 06-Jul-2022",Wang Yi congratulates Algerian FM on 60th anniversary of independence
"20:26, 06-Jul-2022",Wheels on China's Zhurong rover keep stable with novel material
"11:56, 06-Jul-2022","With work from home, exercise from home also grows in China"
"13:13, 06-Jul-2022",Wudang Longhua Quan: Moving like a flying dragon
"09:20, 07-Jul-2022",Chinese mainland records 124 new confirmed COVID-19 cases
"10:01, 07-Jul-2022",Emei Quan: Flexibility and smoothness are the keys
"09:16, 07-Jul-2022",July 7 Incident 85 years on: Is Japan getting bellicose again?
"09:59, 07-Jul-2022",Zhang Shuai and Elise Mertens race into Wimbledon doubles semifinals
"03:07, 04-Jul-2022",Zhou escapes major crash at British Grand Prix
"20:08, 01-Jul-2022","Mars tasks complete, fuel costs cut, 1,000km-range EV battery: China Quick Take"
"02:06, 01-Jul-2022",New accusations against Trump for Capitol attack
"06:46, 01-Jul-2022",Shanghai Disney Resort theme park reopens
