﻿"Published: Jul 03, 2022 11:29 PM Updated: Jul 11, 2022 10:01 PM",GT investigates: How US exploits minority workers and immigrants in agriculture and other labor-intensive industries
"Published: Jul 08, 2022 12:38 PM",Political purpose can't be ruled out; 'biggest political incident in post-war Japan': expert
"Published: Jul 08, 2022 01:04 PM Updated: Jul 08, 2022 04:05 PM","Japan's ex-leader Shinzo Abe dies from gunshot, 'biggest political incident in post-WWII Japan'"
"Published: Jul 08, 2022 04:09 PM",Japanese PM Fumio Kishida condemns 'barbaric attack'
"Published: Jul 08, 2022 04:10 PM",Russian FM extends sympathy to Japan over attack on Abe
"Published: Jul 08, 2022 04:37 PM","Tokyo stocks close slightly higher, gains capped by Abe shooting"
"Published: Jul 08, 2022 04:55 PM Updated: Jul 09, 2022 01:21 PM",Abe remembered in China as controversial figure who 'ruined own contribution to bilateral ties'
"Published: Jul 08, 2022 10:20 PM",China offers condolences to family of former Japanese PM Abe
"Published: Jul 09, 2022 06:35 PM",The hearse carrying former Japanese Prime Minister Shinzo Abe’s body arrives at his home in Tokyo
"Published: Jul 09, 2022 09:04 PM",Condolences from world leaders underscore Abe’s diplomatic flexibility; incident may deepen link between US-Japan right wing forces: expert
"Published: Jul 10, 2022 07:50 PM",‘The lung of Tunisia’
"Published: Jul 10, 2022 07:52 PM","Five years after liberation from IS, normalcy returns to city of Mosul"
"Published: Jul 10, 2022 07:55 PM",NASA releases telescope ‘teaser’
"Published: Jul 10, 2022 07:56 PM",Thousands of Romanians march for LGBTQ rights
"Published: Jul 10, 2022 07:58 PM",Firefighters contain ‘mega-fire’ in southern France’s Gard region
"Published: Jul 10, 2022 08:01 PM",US monkeypox cases spread across 39 states
"Published: Jul 10, 2022 08:03 PM",German Chancellor’s summer party struck by date-rape sex scandal
"Published: Jul 10, 2022 08:06 PM","Two dead, 14 missing in Nigeria boat capsize"
"Published: Jul 10, 2022 08:08 PM",Four more enter race for UK PM
"Published: Jul 10, 2022 08:10 PM",US seeks to ‘erode’ nuke talks: Iranian lawmaker
"Published: Jul 10, 2022 08:12 PM",Brazilian pro-gun protesters call for extension of loosened firearm regulations
"Published: Jul 11, 2022 09:15 PM",Austria and Hungary fight nature to stop lake vanishing
"Published: Jul 11, 2022 09:16 PM",Panamanian fishermen compete to fish plastic in attempts to curb marine pollution
"Published: Jul 11, 2022 09:26 PM",Portugal battles forest fires amid heat wave
"Published: Jul 11, 2022 09:30 PM",Pakistan’s prized mango harvest hit by severe water scarcity
"Published: Jul 11, 2022 09:37 PM",Blizzard prompts evacuations in Andes mountains
"Published: Jul 11, 2022 09:41 PM",Opposition slams ‘secret deal’
"Published: Jul 11, 2022 10:05 PM",EU backs 2nd COVID-19 booster jab for over-60s
"Published: Jul 11, 2022 10:07 PM",World population expected to hit 8 billion in November 2022: UN
"Published: Jul 11, 2022 10:12 PM",Biden mulls drastic abortion move
"Published: Jul 11, 2022 10:13 PM","Yoon suspends briefings amid virus surge, poor ratings"
"Published: Jul 11, 2022 10:17 PM",Autopsy in Spain for ex-Angola leader Dos Santos amid foul play claims
"Published: Jul 12, 2022 08:01 AM","Ukrainian president, Dutch PM discuss financial, military aid for Kiev"
"Published: Jul 12, 2022 08:01 AM","Putin, Erdogan discuss bilateral relations, situation in Ukraine over phone"
"Published: Jul 12, 2022 04:50 PM",Belgium dips its toe into famous water bike races
"Published: Jul 12, 2022 08:03 PM",James Webb reveals early universe image
"Published: Jul 12, 2022 08:07 PM",Study highlights oximeter flaw
"Published: Jul 12, 2022 08:08 PM",Market values are destroying nature: major UN report
"Published: Jul 12, 2022 08:09 PM",Cruise ship headed to Australia’s NSW struck by COVID-19 outbreak
"Published: Jul 12, 2022 08:23 PM",Britain braces itself as temperatures soar throughout Europe
"Published: Jul 12, 2022 08:24 PM",US senators fear Facebook censoring abortion posts
"Published: Jul 12, 2022 08:27 PM",Paris 2015 attacker’s sentence stands after no appeal filed
"Published: Jul 12, 2022 08:31 PM","19,165 minors victims of conflicts"
"Published: Jul 12, 2022 08:32 PM",French PM survives no-confidence vote easily
"Published: Jul 12, 2022 08:34 PM","Haiti gang violence leaves more than 50 dead near capital, mayor says"
"Published: Jul 13, 2022 01:57 AM",Indian hackers launch fresh attack at Pakistan under China-related code name: Chinese cybersecurity firm
"Published: Jul 13, 2022 07:56 AM",Ukraine joins NATO's program of technological cooperation
"Published: Jul 13, 2022 07:56 AM",Ukrainian PM welcomes 1-bln-euro aid from EU
"Published: Jul 13, 2022 10:12 AM",World’s Largest Missile Being Prepared for New Tests in Russia
"Published: Jul 13, 2022 10:19 AM","BRICS Could Create Its Own Reserve Currency, Russia's Medvedev Says"
"Published: Jul 13, 2022 02:32 PM",State of emergency declared in Sri Lanka
"Published: Jul 13, 2022 08:29 PM",Drought hits Mexican industrial powerhouse
"Published: Jul 13, 2022 08:31 PM",Tree climbers vital for botanical research in Brazil’s Amazon 
"Published: Jul 13, 2022 08:39 PM",Twitter sues Elon Musk for contract breach
"Published: Jul 13, 2022 08:43 PM",Pig heart transplants see success in two brain-dead recipients
"Published: Jul 13, 2022 08:45 PM",Sydney to use AI technology to smooth bumpy roads
"Published: Jul 13, 2022 08:49 PM",1st round for Tory leadership held
"Published: Jul 13, 2022 08:50 PM",Video shows hesitant police response to Texas shooting
"Published: Jul 13, 2022 08:51 PM",Indonesia jails captain of tanker arrested for illegal anchorage
"Published: Jul 13, 2022 08:54 PM",Trump incited Jan 6 mob: panel
"Published: Jul 13, 2022 08:55 PM",Macron says ‘would not’ change Uber dealings
"Published: Jul 13, 2022 08:55 PM","‘No ultimatums’ from coalition, Italian Prime Minister Draghi says"
"Published: Jul 14, 2022 08:09 AM",Talks on Ukrainian grain exports conclude in Istanbul
"Published: Jul 14, 2022 08:10 AM","Ukraine, Russia make some progress at talks on grain exports: Zelensky"
"Published: Jul 14, 2022 08:10 AM",UN chief hails progress in talks over Ukraine grain exports
"Published: Jul 14, 2022 07:01 PM",Labor deficit
"Published: Jul 14, 2022 07:06 PM",Melilla migrants likely suffocated
"Published: Jul 14, 2022 07:07 PM",Ex-CIA coder found guilty in WikiLeaks case
"Published: Jul 14, 2022 07:10 PM","In Albania, divers fish for unexploded World War II munitions"
"Published: Jul 14, 2022 07:12 PM",EC warns France over Uber lobbying report
"Published: Jul 14, 2022 07:14 PM","In first, Pope Francis names 3 women to Dicastery for Bishops"
"Published: Jul 14, 2022 07:15 PM","Remains of 8,000 Nazi war victims found in Poland"
"Published: Jul 14, 2022 07:23 PM",Raped child left state for abortion
"Published: Jul 14, 2022 07:24 PM",UAE will remain as ‘reliable’ oil provider
"Published: Jul 14, 2022 07:27 PM","NZ announces free masks, tests as health system struggles with COVID-19"
"Published: Jul 14, 2022 07:39 PM","China, Greece should enhance ties in all areas to excellent level of political bond: senior Greek diplomat"
"Published: Jul 15, 2022 08:03 AM",Russia legalizes special economic measures to support military operations abroad
"Published: Jul 16, 2022 12:59 AM",Russia sees progress of quadripartite talks on grain exports
"Published: Jul 16, 2022 11:04 PM",Ukraine gets M270 multiple launch rocket systems: defense minister
"Published: Jul 17, 2022 08:47 AM",Russian aerospace forces destroy three Ukrainian aircrafts
"Published: Jul 17, 2022 06:14 PM",Forest fires rage in scorching southwest Europe
"Published: Jul 17, 2022 06:28 PM",Fatal cargo plane crash in Greece
"Published: Jul 17, 2022 06:36 PM","Iraq asks Turkey to release more water along Tigris, Euphrates rivers"
"Published: Jul 17, 2022 06:39 PM",Morocco sex abuse case against French tycoon widens
"Published: Jul 17, 2022 06:58 PM",Israel strikes Gaza Strip after rocket fire
"Published: Jul 17, 2022 06:59 PM",N.Macedonia agrees compromise for EU membership talks: PM
"Published: Jul 17, 2022 07:00 PM",33 dead in Sudan tribal clashes near Ethiopia border
"Published: Jul 17, 2022 07:03 PM",UK PM hopefuls clash in debate
"Published: Jul 17, 2022 07:04 PM",Memo details lawyer’s plan for Trump to overturn loss
"Published: Jul 17, 2022 07:05 PM","Armenia, Azerbaijan FMs hold first bilateral talks since 2020 war"
"Published: Jul 18, 2022 10:53 AM",Sri Lanka declares state of emergency
"Published: Jul 18, 2022 11:46 AM",Sri Lanka to maintain excellent ties with China regardless of change in govt: Ambassador to China
"Published: Jul 18, 2022 08:50 PM",US doctors embroiled in sudden legal uncertainty over abortions
"Published: Jul 18, 2022 08:55 PM",Long lines in NY for monkeypox vaccine
"Published: Jul 18, 2022 08:57 PM",COVID-19 escalates understaffing in Australian hospitals
"Published: Jul 18, 2022 08:59 PM",Pope calls Canada abuse trip a ‘penitential pilgrimage’
"Published: Jul 18, 2022 09:18 PM",France remembers Jewish victims
"Published: Jul 18, 2022 09:19 PM",Joe Biden intervenes to end union disputes
"Published: Jul 18, 2022 09:20 PM","Powerful car bomb kills 5 at Somalia hotel, Al Qaeda militants blamed"
"Published: Jul 18, 2022 09:26 PM",Legislators in India begin voting for new president
"Published: Jul 18, 2022 09:28 PM","Over 1,000 Italian mayors sign petition pleading with Draghi to stay"
"Published: Jul 18, 2022 09:30 PM",Tory leadership debate scrapped
"Published: Jul 19, 2022 08:30 AM",Ukrainian FM welcomes new 500-mln-euro military aid from EU
