﻿"Published: Jan 22, 2020 09:15 PM Updated: Aug 01, 2022 09:09 AM",Real-time update on coronavirus outbreak
"Published: Jul 28, 2022 05:16 PM Updated: Jul 30, 2022 08:59 PM",Suspected policeman who killed 3 and injured 2 in SW China found dead: authorities
"Published: Jul 29, 2022 09:53 PM Updated: Jul 30, 2022 12:26 AM",PLA’s post ‘Preparing for war’ draws wide support from netizens ahead of Army Day
"Published: Jul 29, 2022 11:05 PM Updated: Jul 31, 2022 12:22 AM","Don’t say we didn’t warn you – Symposium of China’s top think tank sends classic, pre-war warning to provocative Pelosi"
"Published: Jul 29, 2022 11:10 PM","The ‘eccentric, bigoted’ Pelosi does not care about others’ thoughts, but Biden is the key in the 82-year-old’s planned Taiwan trip"
"Published: Jul 29, 2022 11:22 PM","China exempts import tariffs, resumes issuing visas for Afghan citizens"
"Published: Jul 29, 2022 11:24 PM",DPP authorities show ‘ambivalence’ after Biden reiterates support for one-China policy
"Published: Jul 30, 2022 12:48 AM",India’s first indigenous aircraft carrier delivered to navy; ambition displayed despite gap with China
"Published: Jul 30, 2022 02:06 AM","Hatred, racism-loaded Twitter account suspended, as Chinese netizens call for permanent ban"
"Published: Jul 30, 2022 12:41 PM Updated: Jul 30, 2022 12:37 PM","Chinese FM stresses to promote genuine multilateralism, oppose propagation of false narrative of 'democracy against authoritarianism' at SCO"
"Published: Jul 30, 2022 02:31 PM",Second consumer expo in S.China's Hainan concludes with larger attendance
"Published: Jul 30, 2022 03:55 PM",Xi stresses further strengthening armed forces by training competent personnel
"Published: Jul 30, 2022 07:11 PM","Xi stresses unity of Chinese at home, abroad to pool strength for rejuvenation"
"Published: Jul 30, 2022 10:49 PM","China National Archives of Publications and Culture officially opens, to play huge role in inheritance of Chinese culture"
"Published: Jul 31, 2022 12:06 AM","China to build a community with a shared future with Kyrgyzstan, eyeing more Belt and Road projects: Wang Yi"
"Published: Jul 31, 2022 12:16 PM Updated: Jul 31, 2022 08:30 PM",US slammed for 'turning blind eye' to China's four reports of debris trajectory info in a week
"Published: Jul 31, 2022 01:28 PM",China reveals footage of launch of missile resembling ‘aircraft carrier killer’ hypersonic weapon celebrating Army Day amid Taiwan Straits tension
"Published: Jul 31, 2022 01:29 PM Updated: Jul 31, 2022 01:24 PM",Guangdong would not give ‘blue codes’ to those who have not been fully vaccinated: local health commission
"Published: Jul 31, 2022 01:47 PM","More than 2 million illegal short videos removed, 120,000 illegal user accounts closed amid nationwide campaign by Chinese internet watchdog "
"Published: Jul 31, 2022 02:13 PM",People of Different Ethnic Groups in Xinjiang Express Legitimate Concerns through Real-life Experiences in Their Letters to UN High Commissioner for Human Rights
"Published: Jul 31, 2022 03:01 PM","PLA sends next-gen aerial tanker YU-20 for combat readiness training, vows to safeguard natl sovereignty with warplane sorties around Taiwan"
"Published: Jul 31, 2022 05:09 PM","Xi stresses unity of Chinese at home, abroad to pool strength for rejuvenation"
"Published: Jul 31, 2022 06:41 PM","Military officer devoted to border defense in Xizang, accomplishing CPC member duty by serving the people"
"Published: Jul 31, 2022 06:50 PM","10 years of strengthening national defense, PLA sees historic achievements under CPC leadership"
"Published: Jul 31, 2022 07:34 PM",Great breakthroughs in Chinese weapons and equipment
"Published: Jul 31, 2022 08:47 PM Updated: Jul 31, 2022 11:10 PM","PLA gets ready to celebrate upcoming Army Day with advanced weaponry display, realistic combat preparations amid Taiwan Straits tensions"
"Published: Jul 31, 2022 09:40 PM Updated: Jul 31, 2022 10:10 PM","China, Central Asian countries enhance strategic partnership, boost connectivity, economic ties"
"Published: Jul 31, 2022 10:06 PM","25 senior Chinese officials face disciplinary actions in Jan-Jul, as anti-graft efforts intensify"
"Published: Jul 31, 2022 10:15 PM",Training institutions in Beijing criticized for offering tutoring services to preschoolers
"Published: Jul 31, 2022 10:21 PM",Xi attends reception celebrating 95th founding anniversary of PLA
"Published: Jul 31, 2022 11:06 PM",More overseas Chinese join protest against Dior's 'cultural appropriation' as brand remains silent
"Published: Jul 31, 2022 11:25 PM Updated: Jul 31, 2022 11:11 PM","US, world key figures warn Pelosi against risky trip, as her Asia itinerary has no mention of Taiwan"
"Published: Aug 01, 2022 11:30 AM",PLA conducts mock night time drills amid Pelosi's possible Taiwan visit
"Published: Aug 01, 2022 05:55 PM",'Green madness' as dollars found at Argentina dump
"Published: Aug 01, 2022 06:02 PM",Swallow mom feeds babies
"Published: Aug 01, 2022 05:56 PM",Police capture sellers after food vlogger eats shark on live
"Published: Aug 01, 2022 07:54 PM Updated: Aug 01, 2022 10:25 PM","GT Investigates: US 'evil bill' against Xinjiang wreaks havoc on global supply chains, green push"
"Published: Aug 01, 2022 08:04 PM","Pig milk could become next human drink, researchers say"
"Published: Aug 01, 2022 08:08 PM",Children climbing Xi'an ancient city wall at will sound alarm to conservation of historic landmarks
"Published: Aug 01, 2022 08:16 PM",Driving school principal invents ‘frame cars’ for novice training
"Published: Aug 01, 2022 08:28 PM",Mencius’ mother may have to ‘move a fourth time’ in front of music festival
"Published: Aug 01, 2022 08:55 PM","PLA Navy's 14 years of missions in blue waters safeguard intl trade routes, win more overseas recognition"
"Published: Aug 01, 2022 10:15 PM",BRICS becomes appealing to more countries as Algeria signals interest in joining group: experts
"Published: Aug 01, 2022 10:08 PM","Chinese people honor PLA soldiers on 'special' Army Day, vow to defend motherland to death amid Taiwan Straits tensions"
"Published: Aug 01, 2022 10:23 PM","New Zealand expected to 'regain popularity among Chinese students, tourists' after borders fully open"
"Published: Aug 01, 2022 10:37 PM",New S.Korean ambassador inaugurated; experts say THAAD's threat to China's national security key obstacle to bilateral ties
"Published: Aug 01, 2022 10:43 PM Updated: Aug 01, 2022 10:38 PM",Chinese FM spokesperson urges Biden not to allow Pelosi's visit to Taiwan
"Published: Aug 01, 2022 11:09 PM","With lower fertility intentions, China's population to see negative growth before 2025: National Health Commission"
"Published: Aug 01, 2022 11:29 PM",China vows decisive crackdown on job discrimination against recovered COVID-19 patients
"Published: Aug 02, 2022 12:05 AM",HKSAR to conduct measures to ensure performance safety after meeting about Mirror accident
"Published: Aug 02, 2022 01:44 AM Updated: Aug 02, 2022 01:23 AM","China sternly warns Biden admin not to arrange Pelosi's visit to Taiwan, PLA 'will not sit idly by'"
"Published: Aug 02, 2022 03:44 AM",Exclusive: Environmental authority explains how China has handled medical waste amid mass COVID-19 nucleic acid tests to avoid damage to the environment
"Published: Aug 02, 2022 10:07 AM","Pelosi's potential visit to Taiwan dangerous, provocative: China's UN envoy"
"Published: Aug 02, 2022 01:43 PM Updated: Aug 02, 2022 01:40 PM","Beijing, Shanghai start inter-regional recognition of COVID test result to reduce economic impact"
"Published: Aug 02, 2022 03:35 PM Updated: Aug 02, 2022 05:58 PM",Tension escalates hours ahead of Pelosi's potential Taiwan visit as PLA remains fully prepared for any crisis
"Published: Aug 02, 2022 03:53 PM",Dogs and cats get wearable fans to cool down (190)
"Published: Aug 02, 2022 03:56 PM",Beautiful sunset
"Published: Aug 02, 2022 03:57 PM",Shared roof garden
"Published: Aug 02, 2022 04:05 PM","Xinjiang is my second hometown, says accidental internet sensation"
"Published: Aug 02, 2022 04:45 PM Updated: Aug 02, 2022 05:57 PM","PLA’s two aircraft carriers move out from homeports amid Pelosi’s alleged imminent Taiwan visit, satellite images and reports show"
"Published: Aug 02, 2022 04:57 PM",Zoo keeper ‘exchanges’ popcorn for slipper from orangutan in East China
"Published: Aug 02, 2022 05:01 PM",Zoo makes soup for orangutans to beat the heat
"Published: Aug 02, 2022 06:10 PM",Navigational warnings for military exercises amid Taiwan Straits tensions
"Published: Aug 02, 2022 06:16 PM",Quotes from Mao Zedong on how to respond to US imperialism
"Published: Aug 02, 2022 07:58 PM Updated: Aug 03, 2022 12:37 AM","US bears full responsibility for all consequences of Pelosi's Taiwan visit, China warns"
"Published: Aug 02, 2022 08:51 PM",'Snail awards' given to sluggish civil servants as China ramps up efforts to rectify indolent govt performances
"Published: Aug 02, 2022 09:00 PM Updated: Aug 03, 2022 12:38 AM",China to speed up reunification process with comprehensive action as it ramps up military readiness against Pelosi’s Taiwan visit
"Published: Aug 02, 2022 09:22 PM","Japan’s Mihama nuclear plant reports radioactive water leak, sparking concerns after Fukushima discharge plan"
"Published: Aug 02, 2022 09:52 PM",US kills Qaeda leader with drone strike that ‘violates Afghanistan’s sovereignty’
"Published: Aug 02, 2022 09:48 PM","Hua Chunying shows up 5 months after briefing on Russia-Ukraine crisis, denounces Pelosi's potential Taiwan visit 'stupid, dangerous gambling'"
"Published: Aug 02, 2022 10:29 PM",Community with a shared future for mankind’ contrasts sharply with Western thesis of ‘clash of civilizations’: scholars
"Published: Aug 02, 2022 10:32 PM Updated: Aug 02, 2022 10:27 PM","'Get out!' Civic groups, politicians, industry representatives in Taiwan protest Pelosi's visit"
"Published: Aug 02, 2022 10:23 PM",PLA Air Force's Su-35 fighter jet(s) is crossing the Taiwan Straits: report
"Published: Aug 02, 2022 10:56 PM","8,800 cases busted in 7 months as China vows zero tolerance for farmland violations"
"Published: Aug 02, 2022 11:09 PM Updated: Aug 02, 2022 11:33 PM",Wang Yi has no plan to meet Blinken during ASEAN meetings amid tensions caused by Pelosi’s trip to Taiwan island
"Published: Aug 02, 2022 10:58 PM",Statement by China's Ministry of Foreign Affairs on Pelosi's visit to Taiwan
"Published: Aug 02, 2022 10:58 PM",China’s Foreign Ministry issues statement to condemn Pelosi’s Taiwan island visit
"Published: Aug 02, 2022 11:03 PM",China’s top legislature issues a statement in condemning Pelosi’s Taiwan island visit
"Published: Aug 02, 2022 11:03 PM",Sanya suspends onsite services at some public venues after BA.5.1.3 detected
"Published: Aug 02, 2022 11:29 PM",PLA to conduct drills around island of Taiwan Tuesday night including conventional missile test launches
"Published: Aug 03, 2022 12:09 AM",Foreign Affairs Committee of CPPCC National Committee issues statement on Pelosi's visit to China's Taiwan region
"Published: Aug 03, 2022 12:09 AM",Taiwan Work Office of CPC Central Committee issues statement on Pelosi's visit to Taiwan
"Published: Aug 03, 2022 12:10 AM",NPC Standing Committee spokesperson makes remarks on U.S. House Speaker Pelosi's visit to China's Taiwan region
"Published: Aug 03, 2022 01:25 AM","J-20 stealth fighter jets join PLA drills surrounding Taiwan, reports show"
"Published: Aug 03, 2022 01:33 AM",Dior accused again of cultural appropriation by Chinese netizens
"Published: Aug 03, 2022 01:55 AM",Hebei man apprehended by police for killing girlfriend by running her over
"Published: Aug 03, 2022 02:07 AM Updated: Aug 03, 2022 02:03 AM",PLA launches missile drill to east of Taiwan as Pelosi arrives; China to turn on a new status quo for Taiwan situation as ‘US has broken the old one’
"Published: Aug 03, 2022 02:11 AM","PLA drills involving missiles, J-20 stealth fighters surround Taiwan as Pelosi lands on island"
"Published: Aug 03, 2022 02:33 AM","China summons US ambassador overnight to protest against Pelosi's Taiwan visit, warns US of paying price for its mistake"
"Published: Aug 03, 2022 08:15 AM Updated: Aug 03, 2022 11:03 AM",Chinese Foreign Minister condemns US intrusion of China’s sovereignty
"Published: Aug 03, 2022 12:59 PM Updated: Aug 03, 2022 01:01 PM","China punishes diehard 'Taiwan secessionists,' foundations and companies in accordance with law"
"Published: Aug 03, 2022 04:50 PM Updated: Aug 03, 2022 04:41 PM","Update: Suspect arrested for killing 3, injuring another 6 during a kindergarten killing spree in C China’s Jiangxi"
"Published: Aug 03, 2022 07:21 PM Updated: Aug 03, 2022 10:11 PM","PLA drills around Taiwan continue to 'rehearse reunification operation' after Pelosi's visit, 'exercises blockading island to become routine'"
"Published: Aug 03, 2022 09:11 PM",Mainland ramps up sanctions on Taiwan over Pelosi visit
"Published: Aug 03, 2022 09:26 PM",China refutes German FM's wrong remarks over Taiwan question
"Published: Aug 03, 2022 09:51 PM",Snap the blue: Beijing resident witnesses 10-year steady air quality improvement as nation beats pollution as promised
"Published: Aug 03, 2022 09:56 PM","Monkeypox infections soar in US, as country 'fails' again to contain virus"
"Published: Aug 03, 2022 10:23 PM Updated: Aug 03, 2022 10:12 PM","Pelosi changes status quo of Taiwan Straits with provocative visit, exposes US long-term miscalculation"
"Published: Aug 03, 2022 10:10 PM",Pelosi's 'reckless' Taiwan visit keeps SE Asian countries on tenterhooks
"Published: Aug 03, 2022 10:17 PM","Nationwide campaign to combat illegal wildlife trade handles 12,000 cases"
"Published: Aug 03, 2022 10:44 PM",Chinese experts warn of higher risk of COVID-19 rebound among elderly after Biden's case
"Published: Aug 03, 2022 11:15 PM",International community reiterates adherence to one-China principle; ‘time to review fact’ that Taiwan is part of China
"Published: Aug 03, 2022 11:01 PM",Chinese FM reiterates strong opposition against Japan's dumping of nuclear-contaminated water ahead of facility construction
"Published: Aug 03, 2022 11:34 PM","Chinese netizens erupt in anger over Pelosi's Taiwan visit, shows 1.4b people's willpower, confidence in reunification"
"Published: Aug 03, 2022 11:28 PM","From desert highway to green corridor: a glimpse into Yulin, NW China"
"Published: Aug 04, 2022 12:08 AM","PLA to start live fire drills 2 days after Pelosi's visit, leaves time for ship evacuations, airline adjustments"
"Published: Aug 04, 2022 12:22 AM",Americans protest in front of Pelosi's office against her political showmanship in Taiwan
"Published: Aug 04, 2022 01:21 AM",Zhejiang state security organ summons Taiwan-born suspect for secession investigation
"Published: Aug 04, 2022 01:56 AM",PLA to launch military drills around the island of Taiwan
