﻿"Published: Feb 07, 2022 06:43 PM",Swiss call for ‘calm and creativity’ to fix EU ties after years of talks hit impasse
"Published: Feb 07, 2022 06:45 PM",AU condemns ‘wave’ of coups
"Published: Feb 08, 2022 04:40 PM",‘Unsubstantiated green claims’
"Published: Feb 08, 2022 04:54 PM",Biden to lower tariffs on Japanese steel
"Published: Feb 08, 2022 04:56 PM",Israel PM vows action as police Pegasus spying scandal widens
"Published: Feb 08, 2022 04:58 PM",NZ protest convoy jams streets near parliament
"Published: Feb 08, 2022 05:57 PM",WWF calls for treaty on plastic
"Published: Feb 08, 2022 06:00 PM",Auctioning in France ‘immoral’: Mexico leader
"Published: Feb 08, 2022 06:08 PM",Lockheed Martin wins NASA contract to bring back Mars samples
"Published: Feb 08, 2022 06:16 PM",Trucker protest must end: Trudeau
"Published: Feb 08, 2022 06:19 PM",Australia PM marks start of election year with apologies
"Published: Feb 08, 2022 06:22 PM",Iran slams European countries for ‘harboring’ separatists as Denmark convicts trio
"Published: Feb 09, 2022 04:57 PM",Key ingredient to net zero goal
"Published: Feb 09, 2022 05:05 PM",Canada to relax COVID-19 rules
"Published: Feb 09, 2022 05:07 PM",Thousands protest in Argentina against IMF
"Published: Feb 09, 2022 05:09 PM","Peruvian president swears in new cabinet, his fourth in six months"
"Published: Feb 09, 2022 05:38 PM",EU to cut funds for Poland over unpaid fine
"Published: Feb 09, 2022 05:43 PM",Six LatAm nations slam French auction
"Published: Feb 09, 2022 05:46 PM",‘Denial and delay’: Big Oil rebuked by US climate scientists
"Published: Feb 09, 2022 05:49 PM",WHO laments ‘tragic’death toll
"Published: Feb 09, 2022 05:59 PM",Israel strikes Syrian targets after missile launched
"Published: Feb 09, 2022 06:03 PM",UK’s Johnson under fire over ‘Trumpian’ attack on opposition leader Keir Starmer
"Published: Feb 09, 2022 06:10 PM",Protests spread
"Published: Feb 10, 2022 04:22 PM",Prince William visits UAE as Britain seeks to deepen post-Brexit trade ties
"Published: Feb 10, 2022 04:32 PM",India’s biggest state casts votes
"Published: Feb 10, 2022 04:35 PM",Self-treatment launched in South Korea for mild cases
"Published: Feb 10, 2022 05:50 PM","Ford, Toyota halt some output"
"Published: Feb 10, 2022 05:55 PM","NZ police arrest, remove COVID-19 demonstrators"
"Published: Feb 10, 2022 05:58 PM",Paris attacks suspect says he chose not to detonate suicide vest in court address
"Published: Feb 10, 2022 06:08 PM",Germany unveils special climate envoy
"Published: Feb 10, 2022 06:11 PM",Homo sapiens arrived in West Europe much earlier
"Published: Feb 10, 2022 06:13 PM",AI ‘ageism’ could seriously impact elderly health: WHO
"Published: Feb 10, 2022 06:58 PM",Heaven can wait
"Published: Feb 11, 2022 11:51 PM",US ropes in Quad allies to fight ‘two-front wars’ with China and Russia despite spent force
"Published: Feb 13, 2022 05:16 PM",NZ protests continue despite Cyclone Dovi
"Published: Feb 13, 2022 05:24 PM","Switzerland votes on tobacco advertising, animal testing ban"
"Published: Feb 13, 2022 05:26 PM",Singapore Airshow expects sharp fall in visitors
"Published: Feb 13, 2022 06:06 PM","“If you move stuff, you make more money”"
"Published: Feb 13, 2022 06:21 PM",Canadian protesters not moving
"Published: Feb 13, 2022 06:26 PM",Government supporters march in Venezuela
"Published: Feb 13, 2022 06:29 PM",A ‘number’ of British citizens being detained in Afghanistan: UK
"Published: Feb 13, 2022 06:52 PM",Full gender spectrum in spotlight at Berlin film fest
"Published: Feb 13, 2022 07:23 PM",Sudan’s Burhan dismisses threats
"Published: Feb 13, 2022 07:25 PM",US suspends avocado shipments from Mexico
"Published: Feb 13, 2022 07:27 PM",Australia ruling party set for upset in state by-elections ahead of May vote
"Published: Feb 13, 2022 08:02 PM","Winter Games offer great opportunities for Austria, China to deepen cooperation: ambassador"
"Published: Feb 14, 2022 05:15 PM",Israeli police clash with Palestinians
"Published: Feb 14, 2022 05:18 PM",Germany reelects Steinmeier as president
"Published: Feb 14, 2022 05:20 PM",Top Taliban diplomat in Qatar in bid to unlock Afghan aid
"Published: Feb 14, 2022 05:44 PM",Fukushima water review begins
"Published: Feb 14, 2022 05:46 PM",Kiwi cops blast musical tactic to clear protesters
"Published: Feb 14, 2022 05:49 PM",Nations to finalize harrowing catalog of climate impacts at meeting
"Published: Feb 14, 2022 06:12 PM",Risk of violations
"Published: Feb 14, 2022 06:19 PM",Observing voting
"Published: Feb 14, 2022 06:21 PM",Protest convoy heads to Brussels
"Published: Feb 14, 2022 06:27 PM","Saudi coalition hits Yemen capital after drone attacks, destroying communications"
"Published: Feb 14, 2022 06:28 PM",Nuclear talks harder as West ‘pretends’ to take initiative
"Published: Feb 15, 2022 06:08 PM","In a rare move, Trudeau uses measures to cut off the protesters’ funding"
"Published: Feb 15, 2022 06:10 PM",US engineer admits trying to sell nuclear sub secrets
"Published: Feb 15, 2022 06:14 PM",S.Korea presidential candidates kick off ‘tightest’ race
"Published: Feb 15, 2022 06:13 PM",Earth’s future threatened: study
"Published: Feb 15, 2022 06:17 PM",Tunisia to return illegally imported waste to Italy
"Published: Feb 15, 2022 06:23 PM","Climate-boosted megadrought in western US worst in past 1,200 years"
"Published: Feb 15, 2022 06:50 PM",Environmental dilemma
"Published: Feb 15, 2022 07:23 PM",Accountants drop Trump firm
"Published: Feb 15, 2022 07:28 PM",Israeli PM arrives in Bahrain in first visit
"Published: Feb 15, 2022 07:30 PM",Taliban call on Biden to reverse move to retain half of frozen Afghan funds
"Published: Feb 15, 2022 10:18 PM","Yanqing’s dedication to meteorological security praised by officials, athletes"
"Published: Feb 16, 2022 06:08 PM",Data sets to help target aid
"Published: Feb 16, 2022 06:23 PM",Climate crisis reaches ‘code red’ status
"Published: Feb 16, 2022 06:25 PM",Faroe Islands begin review of controversial dolphin hunt
"Published: Feb 16, 2022 06:28 PM",Agreement made on transfer of oil from abandoned tanker: UN
"Published: Feb 16, 2022 06:48 PM",EU court to deliver key judgement
"Published: Feb 16, 2022 06:51 PM",Senior schools reopen in India’s Karnataka amid hijab ban protests
"Published: Feb 16, 2022 06:54 PM",Italy turns down national right-to-die referendum  
"Published: Feb 16, 2022 07:12 PM",Ottawa police chief steps down
"Published: Feb 16, 2022 07:16 PM","10 dead, 11 missing as Spanish trawler sinks off eastern Canada in rough seas"
"Published: Feb 16, 2022 07:19 PM",Migrants sew their mouths shut in a bid for US border
"Published: Feb 16, 2022 08:41 PM",Swedes optimistic about country’s largest delegation to Winter Games
"Published: Feb 16, 2022 09:32 PM",Friendship and nostalgia preserved in copyrighted ‘Friends’ despite edited lines: Chinese fans
"Published: Feb 17, 2022 04:31 PM",Struggle to weather crisis
"Published: Feb 17, 2022 05:35 PM",Canada police warn demonstrators
"Published: Feb 17, 2022 05:51 PM",$600 million in relief aid pledged after Haiti’s quake
"Published: Feb 17, 2022 05:55 PM",Ramaphosa says S.Africa not xenophobic amid anti-migrant protests
"Published: Feb 17, 2022 05:59 PM",Rescuers scour for survivors in Brazil
"Published: Feb 17, 2022 06:01 PM",Anger in UK over Prince Andrew settlement
"Published: Feb 17, 2022 06:03 PM",BioNTech plans to ship mobile COVID-19 vaccine labs to Africa
"Published: Feb 17, 2022 06:39 PM","Hosting three Olympics in a row shows elevation of global influence of South Korea, Japan and China: Korean envoy"
"Published: Feb 17, 2022 07:41 PM",EU seeks to reset ties with Africa
"Published: Feb 17, 2022 07:43 PM",France warns Iran only days left to agree nuclear deal
"Published: Feb 17, 2022 08:04 PM","Morocco, Germany renew ‘amicable relations’ after year-long diplomatic freeze"
"Published: Feb 17, 2022 09:47 PM","China, France deepen RMB Cross-Border Interbank Payment System cooperation"
"Published: Feb 20, 2022 05:42 PM",Officers begin to clear Ottawa occupiers
"Published: Feb 20, 2022 05:45 PM",Australian borders to reopen for visiting international tourists
"Published: Feb 20, 2022 05:47 PM",Britain plans to end COVID-19 self-isolation laws
"Published: Feb 20, 2022 05:51 PM",Fighting deforestation
"Published: Feb 20, 2022 07:18 PM",Ferry fire off Greece burns on
"Published: Feb 20, 2022 07:20 PM",Colombian drug lord trial experiences another blow
"Published: Feb 20, 2022 07:23 PM",Ethiopia starts electricity production at controversial Nile mega-dam
"Published: Feb 20, 2022 07:38 PM",Storm Eunice leaves 16 dead
"Published: Feb 20, 2022 07:42 PM",Germany sees ‘moment of truth’ for Iran nuclear talks
"Published: Feb 20, 2022 07:44 PM",Toll mounts as Brazil rescuers retrieve more bodies from landslides
"Published: Feb 20, 2022 11:20 PM",US’ attempt to woo Pacific islands serves its regional interests after realizing Western power vacuum in region
