﻿"Published: Jan 22, 2020 09:15 PM Updated: Jun 20, 2022 09:00 AM",Real-time update on coronavirus outbreak
"Published: Jun 15, 2022 12:43 AM Updated: Jun 17, 2022 11:10 PM",Update: Henan authorities to investigate suspected abuse of health code system
"Published: Jun 16, 2022 11:00 PM","Exclusive: Peak body of Aussie elite universities urges Canberra to refresh China policy, offer more incentives to attract Chinese students"
"Published: Jun 17, 2022 01:11 AM","Russia, China seek new growth momentum at key economic forum amid US hegemony"
"Published: Jun 17, 2022 01:49 AM",University teacher removed from post for insulting remarks about women
"Published: Jun 17, 2022 10:05 AM","China urges US to fully lift unilateral sanction, return assets to Afghan people at UN human rights council"
"Published: Jun 17, 2022 10:10 AM",President Xi will preside over BRICS virtual summit on June 23 from Beijing
"Published: Jun 17, 2022 12:01 PM Updated: Jun 17, 2022 10:11 PM",China launches EM catapults-equipped 3rd aircraft carrier in Shanghai
"Published: Jun 17, 2022 02:20 PM",Exclusive: Including 'HK never been a colony' in textbooks corrects flawed thinking  
"Published: Jun 17, 2022 06:44 PM",UK sending refugees to Rwanda astonishes HK migrants as they see through 'fragile Western help'
"Published: Jun 17, 2022 08:43 PM",Sullivan reiterates ‘one-China policy’ as US in domestic chaos seeks to ‘stabilize ties’ with China
"Published: Jun 17, 2022 08:57 PM",Chinese regulators suspend implementation of wildlife trade ban notice in early 2020 amid further improvement of related legislature
"Published: Jun 17, 2022 10:07 PM","China, Russia sign new trade agreement on energy and food, expected to further unleash potential"
"Published: Jun 17, 2022 10:23 PM","US companies, people affected by crackdown on Chinese firms, says official"
"Published: Jun 17, 2022 10:53 PM",Xi to host BRICS Summit; China devt approach anticipated
"Published: Jun 17, 2022 10:50 PM Updated: Jun 18, 2022 04:55 PM","Xi stresses true multilateralism, rejecting decoupling and sanctions at Russian economic forum"
"Published: Jun 18, 2022 12:18 AM","US, Australia’s recent moves in South Pacific eye new small clique to contain China"
"Published: Jun 18, 2022 12:27 AM",China beefs up anti-corruption work in financial units
"Published: Jun 18, 2022 01:15 AM",Local govts adjust nucleic acid testing requirements
"Published: Jun 18, 2022 10:12 AM Updated: Jun 18, 2022 10:08 AM",China issues orange alert for high temperatures in seven provinces
"Published: Jun 18, 2022 10:16 AM Updated: Jun 18, 2022 10:14 AM",One person killed in fire at Shanghai ethylene glycol plant; no contamination to nearby environment
"Published: Jun 18, 2022 12:53 PM Updated: Jun 18, 2022 12:50 PM",China’s internet watchdog seeks to strengthen regulation of comments on social media platforms
"Published: Jun 18, 2022 01:59 PM Updated: Jun 18, 2022 01:56 PM",Transmission chain of Heaven Supermarket bar-related outbreak basically stifled: Beijing official
"Published: Jun 18, 2022 03:53 PM Updated: Jun 18, 2022 03:49 PM",Six killed in an explosion at a chemical factory in NW China’s Gansu
"Published: Jun 18, 2022 03:58 PM",Xi underscores improved capability in fighting corruption to ensure full victory
"Published: Jun 18, 2022 06:50 PM Updated: Jun 18, 2022 06:45 PM",Inner Mongolian police station confirmed it was vandalized by a Tangshan gang with three officers injured
"Published: Jun 18, 2022 09:23 PM Updated: Jun 18, 2022 09:20 PM",Five people died after strong rainfall hits Guangxi
"Published: Jun 19, 2022 10:18 AM",CPC leadership reviews report on rectification of financial institutions
"Published: Jun 19, 2022 10:55 AM","State Council appoints ‘diversified team’ with loyalty, professionalism for new HKSAR govt"
"Published: Jun 19, 2022 12:03 PM","Exclusive: Five Eyes alliance fabricating evidence, building rumors of China infiltration: source"
"Published: Jun 19, 2022 01:46 PM","Macao tightens outbound policies, rolls out mass testing to fight ‘severest COVID-19 epidemic’"
"Published: Jun 19, 2022 04:51 PM Updated: Jun 19, 2022 04:47 PM",Enterprises and restaurants in Beijing punished for insufficient epidemic prevention measures
"Published: Jun 19, 2022 07:54 PM","Ability to mobilize, integrate, coordinate resources from all sectors in society helps CPC accomplish major tasks: expert"
"Published: Jun 19, 2022 08:06 PM","CPC demonstrates strong governance, mobilization capability in fighting virus, hosting events"
"Published: Jun 19, 2022 08:11 PM","Xi underscores fighting corruption to ensure full victory, signaling for Party 'not to lose original quality' as it enters journey to next centennial"
"Published: Jun 19, 2022 08:40 PM",Study of Omicron infections in Shanghai outbreak shows zero severity rate among non-risk group
"Published: Jun 19, 2022 09:05 PM",US's new Xinjiang strategy to result in huge uncertainties for bilateral trade and mutual trust with China: experts
"Published: Jun 19, 2022 09:21 PM",Beijing and Shanghai launch inspections of hazardous chemical companies after fire at Shanghai ethylene glycol plant
"Published: Jun 19, 2022 09:52 PM",China weather authorities issue first top alert this year for mountain torrents
"Published: Jun 19, 2022 10:06 PM","China, Japan set for another round of high-level talk on maritime affairs; results likely to be 'very limited'"
"Published: Jun 19, 2022 11:39 PM",Reality Check: Falsehoods in US Perceptions of China
"Published: Jun 19, 2022 11:54 PM","China holds latest antiballistic missile technical test, 'proves reliability amid improving technologies'"
"Published: Jun 20, 2022 12:24 AM Updated: Jun 20, 2022 12:40 AM","US seeks dialogue with China to ease inflation pressure, ‘lifting additional tariffs is not a gift for bargaining’"
"Published: Jun 20, 2022 12:49 AM","US' China policy 'deceptive, hypocritical and dangerous:' Chinese FM issues factsheet on US false perception of China"
"Published: Jun 20, 2022 02:14 AM","Jiangsu resumes daily commute with neighboring Shanghai, eases quarantine measures"
"Published: Jun 20, 2022 03:49 AM","US pushes military pact with Nepal, puts Himalayan peace at stake for geopolitical ambition"
"Published: Jun 20, 2022 09:24 AM",5.9-magnitude quake hits Taiwan's Hualien: CENC
"Published: Jun 20, 2022 10:26 AM",3-day citywide nucleic acid testing rolls out across NE China’s Jilin city
"Published: Jun 20, 2022 02:14 PM Updated: Jun 20, 2022 10:11 PM",S.China’s Zhuhai strengthens epidemic prevention amid rebound in Macao
"Published: Jun 20, 2022 04:44 PM",Skull fossil of a Parataxidea discovered in China marks new achievement in paleopathology
"Published: Jun 20, 2022 06:38 PM",Assange case mirrors hypocrisy of UK and US in protection of press freedom: Chinese FM 
"Published: Jun 20, 2022 07:09 PM","Beijing authority warns 70 companies, including a McDonald’s, of failing to strictly implement anti-epidemic measures"
"Published: Jun 20, 2022 08:35 PM",Global refugee population hits 100m amid regional conflicts sown by West
"Published: Jun 20, 2022 08:25 PM","Beijing discovers one more community-transmission COVID-19 case, leading to five more infections"
"Published: Jun 20, 2022 09:13 PM",Eight Chinese cities shorten centralized quarantine time for intl arrivals 
"Published: Jun 20, 2022 09:18 PM","China's antiballistic missile test, aircraft carrier launch 'defensive in nature amid foreign threats'"
"Published: Jun 20, 2022 10:00 PM","China well prepared for extreme weather as heat waves, heavy floods hit country"
"Published: Jun 20, 2022 10:26 PM",UN reps hail China’s Global Development Initiative as accelerator to achieving 2030 Agenda
"Published: Jun 20, 2022 11:21 PM",US building 'asymmetric capability' for Taiwan island pure 'daydreaming'
"Published: Jun 20, 2022 11:14 PM Updated: Jun 20, 2022 11:11 PM",Fumio Kishida's attendance at NATO summit goes against trend of the times: former senior Japanese official 
"Published: Jun 20, 2022 11:55 PM",Global Development Report in numbers
"Published: Jun 21, 2022 03:13 AM",Original verdict upheld for former official at China’s top court
"Published: Jun 21, 2022 11:02 AM","Hong Kong residents lament iconic Jumbo Kingdom sinking, calling it ‘an end of an era’ "
"Published: Jun 21, 2022 11:42 AM","NE China’s Jilin reports 10 new asymptomatic carriers, all related to imported cold chain"
"Published: Jun 21, 2022 01:13 PM","China calls on UN to address human rights violations against indigenous women and girls in US, Canada, Australia"
"Published: Jun 21, 2022 02:50 PM Updated: Jun 21, 2022 02:46 PM",Victims in Tangshan beat-up incident improving from injuries; police officers investigated over handling of case
"Published: Jun 21, 2022 07:41 PM",Shenzhou-13 crew honored for remarkable achievements in building China’s space station
"Published: Jun 21, 2022 08:50 PM","Hebei updates victims' situations, probe results of restaurant assault amid mounting public calls"
"Published: Jun 21, 2022 09:30 PM",Performing PLA-style foot drills underscores HKPF's spirit in new era
"Published: Jun 21, 2022 09:37 PM",Macao SAR to launch makeshift hospital in battle against fresh COVID-19 spike
"Published: Jun 21, 2022 10:12 PM","Exclusive: BRICS to take leadership role in ending global hunger, poverty: FAO"
"Published: Jun 21, 2022 10:19 PM",Japan embarks on dangerous path with revived constitutional change push
"Published: Jun 21, 2022 10:56 PM",FM demands explanation following report of Five Eyes building China infiltration rumors
"Published: Jun 21, 2022 11:19 PM","BRICS helps Africa focus on security, devt amid challenges"
"Published: Jun 21, 2022 11:09 PM",Chinese scientists find high-pressure minerals in Chang'e-5 samples for the first time
"Published: Jun 21, 2022 11:11 PM",Harvest time for China’s aircraft carrier development through a century’s waves
"Published: Jun 21, 2022 11:39 PM",US in futile rehearsal to decouple China with Xinjiang ‘forced labor’ law
"Published: Jun 21, 2022 11:28 PM",Update: Explosion in North China's Tianjin declared to be gas leak caused by illegal construction
"Published: Jun 21, 2022 11:46 PM","PLA warships circumnavigate Japan in distance sea drills amid US, Japanese provocations"
"Published: Jun 22, 2022 01:39 AM",China firmly opposes US ban on imports of Xinjiang-related products: MOFCOM
"Published: Jun 22, 2022 02:14 AM","Chinese in Africa promote understanding via vlogs, furthering China's positive influence to surpass US’ in latest survey"
"Published: Jun 22, 2022 02:32 AM",Chinese think tank report clarifies international misconceptions about the BRICS
"Published: Jun 22, 2022 02:52 AM",Jumbo Floating Restaurant is heading to Cambodia before sinking: marine department of HKSAR
"Published: Jun 22, 2022 12:17 PM","China, other countries urge elimination of legacies of colonialism"
"Published: Jun 22, 2022 02:47 PM Updated: Jun 22, 2022 02:45 PM",Pearl River Basin expected to suffer severe flooding; classes suspended in primary schools and kindergartens
"Published: Jun 22, 2022 06:36 PM",President Xi Jinping to attend and address the BRICS Business Forum on Wed via video 
"Published: Jun 22, 2022 07:18 PM","Veteran official Regina Ip appointed as convener of HK Exco meeting, sees ‘reopening borders’ as urgent task"
"Published: Jun 22, 2022 07:05 PM",President Xi attends opening ceremony of BRICS Business Forum
"Published: Jun 22, 2022 07:25 PM",UK paper’s false report on WHO chief’s remarks again proves ‘lab leak’ theory is anti-China politicization: FM
"Published: Jun 22, 2022 07:31 PM",Willful sanctioning brings disasters to people around world: Xi
"Published: Jun 22, 2022 07:33 PM",Economic globalization unstoppable historical trend: Xi
"Published: Jun 22, 2022 07:37 PM",S.China's Pearl River Basin expected to suffer once-in-a-century flood; new alert issued as rain belt moves northward
"Published: Jun 22, 2022 07:59 PM","China to continue to enhance opening-up, encourage businesses to invest in China: Xi "
"Published: Jun 22, 2022 08:22 PM",Genuine multipolar order advocated by BRICS allows greater levels of dialogue to address challenges: former S.African envoy
"Published: Jun 22, 2022 08:26 PM",We want to join BRICS because conditions aren’t attached on cooperation here: Argentine Ambassador
"Published: Jun 22, 2022 08:47 PM",Highlights of President Xi’s speech at the opening ceremony of the BRICS Business Forum 
"Published: Jun 22, 2022 09:18 PM",Police bust drug cartel in Shaanxi; gang leader took ‘inspiration’ from TV series
"Published: Jun 22, 2022 09:39 PM",China ready to provide emergency aid to Afghanistan after earthquake
"Published: Jun 22, 2022 09:46 PM",Cross-provincial trips resume ahead of summer holiday in light of stable epidemic situation
"Published: Jun 22, 2022 10:16 PM Updated: Jun 22, 2022 10:16 PM",Overseas hacker group hits email system of Chinese university
"Published: Jun 22, 2022 10:35 PM",Modi to attend BRICS summit as India benefits from mechanism
"Published: Jun 22, 2022 10:59 PM","PLA sends 29 warplanes around Taiwan, ‘practices new tactics to counter US aircraft carrier intervention’"
"Published: Jun 22, 2022 10:50 PM","HK Palace Museum opens, expected to connect
 residents with history, enhance national identity"
"Published: Jun 22, 2022 10:51 PM",5 officials in C China's Henan punished for abusing the health code system
"Published: Jun 22, 2022 11:12 PM",2022 marks ‘year of launch’ for BRICS remote satellite network
"Published: Jun 22, 2022 11:31 PM",China bans 31 misbehaviors by livestreamers in latest effort to clean up cyberspace
"Published: Jun 23, 2022 12:07 AM",Xi offers answers to questions of the times at BRICS forum
"Published: Jun 23, 2022 12:32 AM",7 injured of Tianjin gas explosion discharged from hospital; 9 held accountable under custody
"Published: Jun 23, 2022 12:55 AM",China's largest social media platform pledges crackdown on rumors 
"Published: Jun 23, 2022 01:23 AM",BRICS vaccine cooperation boosted as two of three WHO-approved Chinese shots are co-produced with member states
