﻿"Published: Jan 22, 2020 09:15 PM Updated: Apr 18, 2022 09:00 AM",Real-time update on coronavirus outbreak
"Published: Apr 14, 2022 03:07 AM","New Chinese ambassador to Indonesia opens Twitter account on 72nd anniversary of establishment of diplomatic ties, expressing gratitude"
"Published: Apr 14, 2022 01:21 PM","China’s CDC issues instructions for home quarantine, requires independent toilet"
"Published: Apr 14, 2022 02:37 PM","All cities, prefectures in NE China's Jilin achieve goal of COVID clearance in communities"
"Published: Apr 14, 2022 04:18 PM","US should introspect and reform itself, stop interfering in HK affairs under guise of 'human rights': official"
"Published: Apr 14, 2022 06:44 PM",Xi orders building world-leading spacecraft launch site
"Published: Apr 14, 2022 06:49 PM",China to check sexual abuse record in school recruitment to protect women's rights
"Published: Apr 14, 2022 06:52 PM Updated: Apr 14, 2022 06:46 PM","Surges in COVID-19 infections in Shanghai stem from delayed release of screening data, family infections and logistics transmission"
"Published: Apr 14, 2022 06:59 PM",Chinese FM demands US provides details on biological military activities
"Published: Apr 14, 2022 09:16 PM",CPC solicits public opinions on upcoming national congress
"Published: Apr 14, 2022 10:27 PM",Did Chinese state media distort WHO report? Some netizens too quick to make accusation 
"Published: Apr 14, 2022 10:42 PM Updated: Apr 14, 2022 11:42 PM","Chinese economists expect RRR cut this week after Premier’s signal, also forecast interest rate cuts"
"Published: Apr 14, 2022 10:34 PM","Twisted in translation: Western media, social groups set up language barriers by intentionally misreading, misinterpreting Chinese materials"
"Published: Apr 14, 2022 10:48 PM",US provocations before N.Korea's vital event 'would worsen situation' 
"Published: Apr 14, 2022 11:12 PM","Emancipate mind, strive for innovation, work hard together to accelerate the construction of Hainan Free Trade Port: Xi"
"Published: Apr 14, 2022 11:24 PM","China's BDS accuracy comparable to GPS, even better in Asia-Pacific region: authorities"
"Published: Apr 14, 2022 11:24 PM","Update: Shenzhou-13 separates from Tianhe core module, to bring 3 taikonauts to Earth in 8 hours"
"Published: Apr 14, 2022 11:33 PM","Shanghai’s daily cases may peak this week; total infections may reach 700,000 in outbreak: experts"
"Published: Apr 14, 2022 11:55 PM","Two freight trains collide on major coal transport railway, causing heavy congestion"
"Published: Apr 15, 2022 12:07 AM",Alibaba’s vice president of technology says trip to US was just to see doctor
"Published: Apr 15, 2022 12:26 AM",US lawmakers visit Taiwan to pacify DPP after Pelosi’s farce
"Published: Apr 15, 2022 12:44 AM","New Pakistani PM, Chinese officials voice confidence to further cement 'iron-clad' ties"
"Published: Apr 15, 2022 02:02 AM","Shanghai fights Omicron with persistence and solidarity, offers lesson on importance of sticking to zero-COVID path"
"Published: Apr 15, 2022 02:14 AM",Chinese public alerted against COVID-19 transmission from objects to humans as cities nationwide report cases on courier workers
"Published: Apr 15, 2022 10:06 AM Updated: Apr 15, 2022 10:52 AM",Full Text: Increasing Racial Discrimination Against Asians Exposes Overall Racist Nature of US Society
"Published: Apr 15, 2022 01:00 PM",John Lee pushes for Article 23 legislation on National Security Education Day 
"Published: Apr 15, 2022 01:31 PM Updated: Apr 15, 2022 08:41 PM","PLA drills around Taiwan targeted at US lawmakers' visit, rehearse 'real action' once necessary"
"Published: Apr 15, 2022 01:44 PM","Solomon govt refutes misinformation on deal with China, condemning those who attempt to undermine its stability"
"Published: Apr 15, 2022 03:06 PM","Typical spy cases released as China embraces 7th National Security Education Day, emphasizing digital and cyber security"
"Published: Apr 15, 2022 04:43 PM",Shanghai adopts citywide COVID-19 testing in nursing homes to reduce infection risk among seniors
"Published: Apr 15, 2022 05:56 PM",CPC opens 1st online public opinions on natl congress; offers reference for report of 20th congress
"Published: Apr 15, 2022 06:03 PM","Xi, Mauritian president exchange congratulations on 50th anniversary of diplomatic ties"
"Published: Apr 15, 2022 06:12 PM","Wang Yi speaks with Vietnamese FM, vowing won't let Ukraine-like tragedy happen in the region"
"Published: Apr 16, 2022 01:38 AM",Xi’an launches temporary closed-off management amid latest COVID-19 flare-up
"Published: Apr 16, 2022 09:32 AM",Shenzhou-13 return capsule separates from propelling part
"Published: Apr 16, 2022 09:44 AM",Main parachute of Shenzhou-13 return capsule deployed
"Published: Apr 16, 2022 09:57 AM",Shenzhou-13 crew return safely to Earth after record six months in orbit
"Published: Apr 16, 2022 10:38 AM",Launch history of manned missions to space by Long March-2F carrier rockets
"Published: Apr 16, 2022 11:11 AM",All three Shenzhou-13 taikonauts exit return capusle by 11:05 am
"Published: Apr 16, 2022 11:43 AM","GT Exclusive: ""Absolutely yes"": vice chief designer on whether China's Tiangong can become space post house for mankind"
"Published: Apr 16, 2022 02:00 PM",Three mainland inactivated vaccines against Omicron approved for clinical research in HK
"Published: Apr 16, 2022 03:10 PM",Shanghai steps up efforts to ensure daily necessities supply; neighboring Suzhou tightens epidemic control
"Published: Apr 16, 2022 03:47 PM",Temporary controls in Xi'an 'not lockdown'; residents feel impact to life 'not as big as imagined'
"Published: Apr 16, 2022 05:10 PM",Three Shenzhou-13 taikonauts arrive in Beijing
"Published: Apr 16, 2022 11:37 PM",Shanghai issues epidemic prevention guidelines for local industrial enterprises to resume operation
"Published: Apr 17, 2022 04:01 PM Updated: Apr 17, 2022 03:56 PM",Proportion of positive cases in at-risk groups declining in Shanghai
"Published: Apr 17, 2022 04:21 PM","China, US should break current frigid bilateral relations through dialogue: Chinese Ambassador"
"Published: Apr 17, 2022 07:29 PM",Timeline of the building of China's Space Station
"Published: Apr 17, 2022 07:41 PM",'Voldemort' of global order: America is the 'Dark Lord' set on destroying international order
"Published: Apr 17, 2022 08:46 PM Updated: Apr 18, 2022 10:09 AM",Mariupol capture could be ‘a crucial turning point’ for Ukraine-Russia conflict
"Published: Apr 17, 2022 09:57 PM",US attempt to unit Southeast Asian nations against China via US-ASEAN summit a ‘wild goose chase’
"Published: Apr 17, 2022 10:10 PM","China eyes next-generation manned carrier rocket, spaceship"
"Published: Apr 17, 2022 10:34 PM","Several Chinese cities put under 'static management' against COVID-19 to 'minimize social, economic impact'"
"Published: Apr 17, 2022 11:04 PM","Fanning Ukraine crisis, exporting refugees expose UK's hypocrisy"
"Published: Apr 18, 2022 02:04 AM",Doctor from Wuhan shares experience in preventing severe cases in Shanghai
"Published: Apr 18, 2022 02:30 AM",Wedding photographer sentenced to 14 years in prison for providing hundreds of photos of warships and military ports to a person overseas
"Published: Apr 18, 2022 12:37 PM",Shanghai reports three COVID-19 related deaths due to underlying diseases for the first time amid the latest flare-up
"Published: Apr 18, 2022 02:25 PM",Chinese top health authority slams wrong claims about ‘coexisting with COVID’ and ‘virus just like flu’
"Published: Apr 18, 2022 04:53 PM",Xi expresses sympathy to Philippine president over typhoon attack
"Published: Apr 18, 2022 08:23 PM",HK Chief Executive candidate eyes border reopening with mainland as top work priority if elected 
"Published: Apr 18, 2022 08:51 PM","Human rights issues in the US 'long-term, systematic' problem: Chinese FM"
"Published: Apr 18, 2022 09:14 PM",Shanghai’s lockdown-born residential community ‘bulk-buying organizers’ become grass-roots ‘life-savers’ in modern battle against coronavirus disease
"Published: Apr 18, 2022 09:56 PM","High speed, AI trends for future helicopters: Chinese attack chopper designer"
"Published: Apr 18, 2022 10:00 PM","Update: Over 20 regions under static management to fight Omicron flare-ups, affecting about 50 million people"
"Published: Apr 18, 2022 10:12 PM","Korean Peninsula situation unlikely to intensify due to ‘cautious’ moves by N.Korea, US"
"Published: Apr 18, 2022 10:09 PM",Draft law amendment expected to target trafficking of women
"Published: Apr 18, 2022 10:39 PM",Exclusive with Pakistani ambassador: China-Pakistan iron-clad friendship time-tested and timeless
"Published: Apr 18, 2022 10:42 PM",Beijing encourages residents to 'stay put' during Labor Day holidays
"Published: Apr 18, 2022 10:46 PM",CASIC's radar products key in safeguarding Shenzhou-13's rapid return: developers
"Published: Apr 18, 2022 11:52 PM",China’s space station first to be open to all UN member states: Chinese FM
"Published: Apr 19, 2022 01:15 AM",Exclusive full interview with Pakistani ambassador: China-Pakistan ties are significant regardless of leadership change
"Published: Apr 19, 2022 01:57 AM","Smears, threats, military escalation: US, Aussie allies collusion to corner China in the South Pacific 'backyard' shows their own fear: experts"
"Published: Apr 19, 2022 02:11 AM",DPP cannot escape 'iron law of destruction' despite begging for mercy from external forces: Taiwan Affairs Office
"Published: Apr 19, 2022 02:51 AM",Research database in hot water as China's top science academy suspends its services for expensive subscription fees
"Published: Apr 19, 2022 03:41 AM","Robots help with deliveries, disinfection amid fight against Omicron in Shanghai"
"Published: Apr 19, 2022 03:55 AM","China may see negative population growth in 2022, 12 years earlier than UN prediction: experts"
"Published: Apr 19, 2022 12:32 PM",Chinese FM expresses heartfelt sadness over Philippine ambassador's death
"Published: Apr 19, 2022 12:44 PM",Shanghai reports seven more COVID-19 patient deaths in latest Omicron outbreak; death tally reaches 10
"Published: Apr 19, 2022 04:20 PM",Update: Beijing’s paramount medical service system operates normally during the negotiation
"Published: Apr 19, 2022 05:22 PM",Chinese FM confirmed that China and the Solomon Islands have formally signed the security cooperation framework agreement
"Published: Apr 19, 2022 05:42 PM",Shanghai investigates 2 officials and 4 vendors for distributing tainted pork products during community lockdown
"Published: Apr 19, 2022 07:19 PM","GT Investigates: Layer by layer, peeling back the US’ masks and what it has wrought onto the world"
"Published: Apr 19, 2022 08:30 PM","Exclusive: How CIA uses cyber weapon ‘Beehive’ to monitor, attack global key targets"
"Published: Apr 19, 2022 09:48 PM",Pacific Island states are neither someone’s backyard nor pawns in geopolitical confrontation: Chinese FM
"Published: Apr 19, 2022 09:59 PM","Veteran Chinese envoy heads CEEC visit, to clarify misunderstanding over Ukraine"
"Published: Apr 19, 2022 10:04 PM",Unmasking a villain: Revealing the true nature of the US and what it has wrought onto the world with CG cartoons
"Published: Apr 19, 2022 10:07 PM",10 deaths in Shanghai spark concern over vaccination rate among elderly group
"Published: Apr 19, 2022 10:00 PM","497,214 locally transmitted COVID-19 cases reported in Chinese mainland since March"
"Published: Apr 19, 2022 10:26 PM",Shanghai improves mechanism to welcome recovered COVID-19 patients back home
"Published: Apr 19, 2022 10:48 PM",China launches remote sensing on crops to forecast production and ensure food safety
"Published: Apr 19, 2022 11:17 PM","US’ high-level visit to Solomon Islands aims to nullify China security pact, uses region as hegemonic fulcrum"
"Published: Apr 19, 2022 11:23 PM",Talks of HK-mainland border reopening regain momentum amid fall in cases in HK
"Published: Apr 19, 2022 11:41 PM",Shanghai at crucial stage toward zero-COVID goal in communities
"Published: Apr 20, 2022 12:03 AM",UK's controversial refugee policies cause double standards and human rights concerns similar to the US
"Published: Apr 20, 2022 09:06 AM",Xi Jinping to deliver a keynote speech via video at the Boao Forum for Asia annual conference
"Published: Apr 20, 2022 09:53 AM",China’s Tianzhou-3 cargo spacecraft completes fly-around and automatic docking with Tianhe core module
"Published: Apr 20, 2022 10:10 AM Updated: Apr 20, 2022 09:59 AM","One Chinese died, three injured from a rollover accident in Los Angeles, Chinese Consulate General confirms"
"Published: Apr 20, 2022 02:37 PM",Shanghai reports 52 COVID-19 patients in critical conditions; death tally reaches 17
"Published: Apr 20, 2022 03:27 PM",China calls for early end to conflict to fundamentally resolve Ukrainian humanitarian crisis
"Published: Apr 20, 2022 03:50 PM","Chinese netizens watch livestreaming of machines planting cotton in Xinjiang, defying groundless 'forced labor' allegation"
"Published: Apr 20, 2022 05:03 PM Updated: Apr 20, 2022 04:55 PM",Wild monkey attacks and nearly kidnaps 3-year-old girl in Chongqing
"Published: Apr 20, 2022 07:08 PM","Two new Type 055 large destroyers, a new Type 052D destroyer confirmed in PLA Navy service"
"Published: Apr 20, 2022 08:44 PM","Defense minister stresses China's resolve, warns against US provocations in ‘late’ first phone talk with Austin"
"Published: Apr 20, 2022 09:39 PM",Latest anti-epidemic measures in Tangshan not badly affecting domestic steel output: analysts
"Published: Apr 20, 2022 10:03 PM",Two Shanghai districts eliminate community infections
"Published: Apr 20, 2022 10:25 PM","US vows more weapons supply to Ukraine, aimed at ‘prolonged attrition’ to Russia"
"Published: Apr 20, 2022 10:44 PM","CAAC releases preliminary report on MU5735 crash, 'no abnormality' found  "
"Published: Apr 20, 2022 10:51 PM","Von der Leyen, Johnson to visit India, but Modi not expected to give up independent stand on Ukraine"
"Published: Apr 20, 2022 11:35 PM","China stresses transparency of security pact with Solomon Islands, questions US’ motive in South Pacific"
"Published: Apr 21, 2022 01:09 AM",Suspected mouse droppings found in instant noodles in NE China
