﻿"Published: Mar 17, 2022 08:44 PM",What is the US hiding in the biolabs discovered in Ukraine?
"Published: Mar 28, 2022 11:41 PM",Visit by ASEAN ministers shows willingness to cooperate with China rather than serving US interests
"Published: Mar 29, 2022 01:16 AM",Man in NE China sentenced to 9 months for injuring staff amid COVID-19 prevention
"Published: Mar 29, 2022 01:58 AM",No natural reproduction of Chinese sturgeon detected for 5 years: experts
"Published: Mar 29, 2022 12:23 PM",Asia refuses to be chessboard in game of major powers: Wang Yi
"Published: Mar 29, 2022 06:21 PM",China’s new rocket makes successful maiden flight
"Published: Mar 29, 2022 06:28 PM",Changchun authority apologies for short supply of vegetables amid soaring COVID-19 outbreak
"Published: Mar 29, 2022 07:11 PM Updated: Mar 30, 2022 11:24 AM","NATO's actions belie its words in accepting Ukrainian refugees, causing more chaos and humanitarian disasters"
"Published: Mar 29, 2022 07:52 PM",Shale oil being developed on large scale on Qinghai-Xizang Plateau
"Published: Mar 29, 2022 08:05 PM",Man arrested after organizing others to illegally cross into Shenzhen from Hong Kong
"Published: Mar 29, 2022 08:11 PM",China lodges representations with Australia over repatriation of Chinese students
"Published: Mar 29, 2022 08:30 PM",Mainland TCM experts arrive in Hong Kong to help fighting COVID-19
"Published: Mar 29, 2022 08:49 PM","NED to host democracy meeting in Taiwan, ‘a poison to incite separatism’: Chinese FM"
"Published: Mar 29, 2022 09:12 PM",Alleged PLA Navy ship’s port call in Djibouti ‘contributes to regional stability’
"Published: Mar 29, 2022 08:54 PM",Trade protectionism will damage US’ own interests: FM
"Published: Mar 29, 2022 09:18 PM Updated: Mar 30, 2022 10:25 AM","Russian, US officials to attend meeting in China on Afghan situation, amid China’s efforts to mediate heated issues"
"Published: Mar 29, 2022 10:30 PM",China toughens up to battle COVID as local cases surpass 70k in mainland since March
"Published: Mar 29, 2022 11:47 PM","Russia promises reduced military activity, as Ukraine proposes 'neutral' status at talks"
"Published: Mar 29, 2022 11:46 PM",Fossil found on edge of the roof of the world reveals an owl active during the day 6 million years ago
"Published: Mar 29, 2022 11:57 PM Updated: Mar 30, 2022 10:25 AM",Biden mired in credibility crisis on Ukraine amid attempt to seek defense spending boost
"Published: Mar 30, 2022 01:13 AM",China releases guidelines to accelerate development of clean energy bases in Xizang region
"Published: Mar 30, 2022 08:03 AM",Chinese envoy warns of consequences of indiscriminate sanctions over Ukraine conflict
"Published: Mar 30, 2022 09:47 AM","Extreme sanctions inflict mutual harm, lead to unrelated parties paying for Ukraine crisis: Chinese Foreign Minister"
"Published: Mar 30, 2022 03:28 PM","China, EU to hold 23rd leaders' meeting via video on Friday"
"Published: Mar 30, 2022 03:48 PM",China’s solid rocket Long March-11 makes 12th successful launch
"Published: Mar 30, 2022 04:26 PM","Xi to meet EU leaders virtually on Friday, discuss global affairs"
"Published: Mar 30, 2022 05:24 PM",2nd-round mass testing to be conducted in half of Shanghai as positive cases outside closed-loop management exist
"Published: Mar 30, 2022 06:20 PM",China to continue playing constructive role in promoting de-escalation of Ukraine crisis: FM
"Published: Mar 30, 2022 06:55 PM Updated: Mar 30, 2022 06:51 PM",Study by Chinese researchers confirms Pfizer’s oral COVID-19 drug Paxlovid effective
"Published: Mar 30, 2022 07:30 PM",COVID-hit Jilin urged to fix loopholes in anti-epidemic work
"Published: Mar 30, 2022 07:50 PM",Securing food security
"Published: Mar 30, 2022 07:42 PM","PLA fighter jets hold cross-regional drills over 5,000km, show capabilities"
"Published: Mar 30, 2022 08:30 PM",NBA games return to China’s state broadcaster after 17 months’ absence
"Published: Mar 30, 2022 08:57 PM Updated: Mar 31, 2022 08:57 PM",'Vampires' in the war: US warmongers feeding on the bloody turbulence in other countries
"Published: Mar 30, 2022 09:33 PM",More than ten marriage certificates found at MU5735 crash site
"Published: Mar 30, 2022 09:58 PM","Biden peddles ‘Indo-Pacific’ strategy to Singapore's Lee, but ASEAN members ‘aware US targeting China’"
"Published: Mar 30, 2022 09:49 PM",Japan’s watering down of wartime atrocities will never hide truth: Chinese FM
"Published: Mar 30, 2022 10:03 PM Updated: Mar 31, 2022 12:00 PM","Xi to meet EU leaders virtually at key summit, to inject positive energy to world amid Ukraine crisis"
"Published: Mar 30, 2022 11:51 PM",Australia continues to boost defense budget amid ‘naive ambition’ of weaponizing self for US strategy
"Published: Mar 30, 2022 11:44 PM","Wang meets Lavrov in China, hails ties as withstanding test of changing intl situation"
"Published: Mar 30, 2022 11:52 PM",Chinese 'Rainbow' drone to be used for exploration of geological resources in Qinghai-Xizang Plateau
"Published: Mar 31, 2022 12:20 AM",Shanghai enters static management as cases keep surging; life necessity supplies and medical services for residents stressed: officials
"Published: Mar 31, 2022 01:56 AM",HK govt refutes inaccurate statements on the independence and impartiality of judges after two UK magistrates resign
"Published: Mar 31, 2022 09:25 AM",China holds third multinational meetings to discuss Afghanistan
"Published: Mar 31, 2022 09:59 AM",Xi delivers written speech to the 3rd Meeting of Foreign Ministers of the Neighboring Countries of Afghanistan
"Published: Mar 31, 2022 10:16 AM","Major search, rescue mission for crashed MU5735 plane completed"
"Published: Mar 31, 2022 11:38 AM",Shanghai to fully mobilize in fighting resurgence as top health authority urges dynamic zero-COVID to be upheld unswervingly 
"Published: Mar 31, 2022 11:24 AM",Chinese president stresses neighboring countries' role in supporting Afghanistan
"Published: Mar 31, 2022 12:00 PM Updated: Mar 31, 2022 11:53 AM","Major search and rescue work finished, decoding of two black boxes underway: MU5735 press release"
"Published: Mar 31, 2022 01:59 PM","China, Afghanistan, Pakistan can jointly build BRI, extend China-Pakistan Economic Corridor to Afghanistan: Wang Yi"
"Published: Mar 31, 2022 02:08 PM",Shanghai ambulance doctor suspended from duties for leaving a dying patient in the lurch
"Published: Mar 31, 2022 03:13 PM",Shanghai apologizes for not fully preparing for surging COVID-19 infections; 6 special groups established to strengthen efforts
"Published: Mar 31, 2022 04:18 PM",China to impose visa restriction on US officials as reciprocal countermeasure: Chinese FM
"Published: Mar 31, 2022 06:52 PM",Changchun takes criminal coercive measures against epidemic-related rumor monger
"Published: Mar 31, 2022 06:55 PM","Tianzhou-2 cargo spacecraft re-enters atmosphere, most parts burnt up: CMSA"
"Published: Mar 31, 2022 06:58 PM","China’s Shenzhou-13 crew to return to Earth by mid-April, preparation underway: CMSA"
"Published: Mar 31, 2022 07:40 PM Updated: Mar 31, 2022 09:40 PM","Mission of hope: China's toughest evacuation concludes perfectly, showing the country's resolve, mobility and cohesion aimd crisis"
"Published: Mar 31, 2022 07:37 PM",Xi chairs CPC leadership meeting on plane crash emergency response
"Published: Mar 31, 2022 07:44 PM",Resignation of 2 British judges won't affect HK's judicial independence
"Published: Mar 31, 2022 08:21 PM","Closed-door trial of Australian Cheng Lei legitimate, involves China’s state secrets: FM"
"Published: Mar 31, 2022 09:16 PM",President Xi chairs meeting on plane crash emergency response
"Published: Mar 31, 2022 09:19 PM",Fruit stalls of two Beijing’s food markets closed after coronavirus-positive bananas detected
"Published: Mar 31, 2022 09:27 PM","China lifts 800m people out of poverty over 40 years, accounting for 75% of global poverty reduction"
"Published: Mar 31, 2022 09:59 PM","India receives flurry of foreign visits over Ukraine,  a ‘comfortable situation’ due to its autonomous stance"
"Published: Mar 31, 2022 09:44 PM",Former CPPCC official expelled from Party for serious violations of discipline
"Published: Mar 31, 2022 10:01 PM",Highly efficient auto throat swab robots introduced for COVID-19 tests
"Published: Mar 31, 2022 10:33 PM","China, Solomon Islands ink security cooperation, deriving from need to ‘quell Honiara riots’ in past year"
"Published: Mar 31, 2022 11:22 PM","China hosts Russian, US officials at same table, urges Washington to return Afghan assets, lift sanctions"
"Published: Mar 31, 2022 11:08 PM Updated: Mar 31, 2022 11:28 PM","Shanghai in decisive battle against Omicron, admits being inadequately prepared for latest surge"
"Published: Apr 01, 2022 12:32 AM","Regional meeting on Afghanistan stresses 8 consensuses, pledges aid"
"Published: Apr 01, 2022 01:31 AM",5 million people join a joyful 'virtual disco dance' on the eve of Puxi's lockdown in Shanghai
"Published: Apr 01, 2022 02:07 AM","Management of outdoor sports strengthened; climbing mountains above 7,000 meters requires approval: sports authorities"
"Published: Apr 01, 2022 10:16 AM Updated: Apr 02, 2022 12:31 AM",Manifestation of China's tech prowess and green future – Xiong'an takes metropolis shape 5 years from 'blank sheet of paper'
"Published: Apr 01, 2022 01:35 PM","Chinese authorities slam misleading allegations on HK from UK, US "
"Published: Apr 01, 2022 02:38 PM",Xi Focus: Plant more trees to make the country's land greener
"Published: Apr 01, 2022 02:41 PM","Better for EU to manage unreasonable anticipation on China in talks, break from US' coercion: expert"
"Published: Apr 01, 2022 04:06 PM",S.China Sea collision martyr pilot Wang Wei hailed at 21st anniv
"Published: Apr 01, 2022 04:26 PM Updated: Apr 01, 2022 05:42 PM",Diplomatic recognition of Afghan govt to come naturally with stronger response to the concerns of all parties: Chinese FM Wang Yi
"Published: Apr 01, 2022 04:24 PM Updated: Apr 01, 2022 04:25 PM","China upholds dynamic-zero COVID strategy following 100,000+ domestically transmitted cases in a month"
"Published: Apr 01, 2022 04:40 PM","Shanghai's Puxi enters a 'pause,' mass nucleic acid screening conducted orderly"
"Published: Apr 01, 2022 05:36 PM",China-Solomon Islands security pact has no military connotation: Chinese FM
"Published: Apr 01, 2022 08:04 PM",Chinese President Xi Jinping meets with EU leaders via video link
"Published: Apr 01, 2022 08:29 PM",Xi urges EU to formulate independent understanding and policy toward China
"Published: Apr 02, 2022 12:15 AM","Xi calls on EU to form independent China policy, encourages bloc to take primary role for Ukraine resolution"
"Published: Apr 02, 2022 12:56 AM","China, EU should seek further cooperation, strengthen policy coordination: Premier Li"
"Published: Apr 02, 2022 11:09 AM",China to award 149 groups and 150 individuals for outstanding contributions to Beijing Winter Olympics
"Published: Apr 02, 2022 02:26 PM","2,086 +7,789! China's daily COVID-19 infections reach record high, with Shanghai most affected"
"Published: Apr 02, 2022 03:24 PM","China, EU share consensus, to jointly face global crisis as two major stabilizing forces: FM"
"Published: Apr 02, 2022 03:46 PM",Chinese Embassy in the US refutes attempt to use Ukraine issue to provoke confrontation across the Taiwan Straits
"Published: Apr 02, 2022 04:47 PM","‘Everything will be normal’ if Lithuania returns to the one-China principle, but there’s only one country that they would listen to: FM"
"Published: Apr 02, 2022 05:20 PM Updated: Apr 03, 2022 02:08 PM",ASEAN foreign ministers’ visit to China a continuation of longstanding ties and tradition to discuss hotspot issues: experts
"Published: Apr 02, 2022 06:36 PM",National teleconference on workplace safety held in Beijing
"Published: Apr 02, 2022 10:26 PM",Speculation over a Chinese military base in the Solomon Islands is fake news with a political agenda: Chinese embassy
"Published: Apr 03, 2022 10:18 AM","Vice-Premier Sun urges Shanghai to swiftly curb flare-up, stick to 'dynamic zero-COVID' policy"
"Published: Apr 03, 2022 11:45 AM Updated: Apr 03, 2022 11:48 AM","China reports record-high five-digit daily infections with Shanghai worst hit, new variant found in Suzhou"
"Published: Apr 03, 2022 12:51 PM",Shanghai to conduct citywide antigen and nucleic acid test successively to efficiently curb Omicron spread
"Published: Apr 03, 2022 02:04 PM","Most Russians optimistic about future, more united against external sanctions: experts"
"Published: Apr 03, 2022 04:15 PM","North China's Inner Mongolia reports plague among mice, issues level IV warning"
"Published: Apr 04, 2022 08:04 AM",Thousands of medical workers nationwide rushing to aid Shanghai in COVID-19 response
"Published: Apr 04, 2022 08:12 AM",Chinese FM holds talks with Philippine counterpart on bilateral ties
"Published: Apr 04, 2022 09:53 AM","China sends 2,000 military doctors, more medical workers to Shanghai to fight COVID flare-up, test 25 million residents"
"Published: Apr 04, 2022 10:58 AM",CanSinoBIO's COVID-19 mRNA vaccine receives approval for clinical trial application in China
"Published: Apr 04, 2022 12:13 PM",HK’s incumbent CE Carrie Lam says she won’t run for a second term
"Published: Apr 04, 2022 12:25 PM",COVID-19 cases in 3 regions in China linked to imported clothing from S.Korea
"Published: Apr 04, 2022 05:59 PM","Over 38k medical workers deployed to aid Shanghai in Omicron battle, the highest number since Wuhan in early 2020"
"Published: Apr 04, 2022 06:24 PM",Beijing reports eight local COVID cases linked to S.Korean imported clothes store
"Published: Apr 04, 2022 07:22 PM Updated: Apr 04, 2022 10:22 PM",Shanghai completes city-wide COVID sampling for 25 million residents in toughest Omicron battle
"Published: Apr 05, 2022 12:14 AM",Shanghai builds on experience from Wuhan in toughest COVID-19 fight since 2020
"Published: Apr 05, 2022 12:30 AM","China hopes Ukraine as gate to Europe can lead to peace, China-Europe cooperation, Wang Yi says to Ukrainian FM in phone call"
"Published: Apr 05, 2022 08:25 AM","China, Hungary agree to enhance cooperation in various fields"
