﻿"Published: Jan 22, 2020 09:15 PM Updated: Feb 27, 2022 09:10 AM",Real-time update on coronavirus outbreak
"Published: Feb 23, 2022 02:08 PM Updated: Feb 23, 2022 11:54 PM","Exclusive: Evidence of US monitoring 45 countries, regions exposed by Chinese cybersecurity experts for the 1st time"
"Published: Feb 23, 2022 02:13 PM Updated: Feb 27, 2022 11:50 PM",Global Times’ online petition demands US return money to Afghans
"Published: Feb 23, 2022 02:44 PM",Chinese expert calls for nationwide campaign to fight women trafficking
"Published: Feb 23, 2022 03:59 PM",17 officials punished in woman trafficking case in East China
"Published: Feb 23, 2022 05:21 PM",Shenzhen police investigate company for cross-border transportation against anti-epidemic rules as HK infections rise
"Published: Feb 23, 2022 05:52 PM","Wuhan tests over 720,000 residents as 23 COVID-19 infections reported in three days"
"Published: Feb 23, 2022 08:16 PM",PLA Navy's corvette transfers to coast guard ‘reflect development of both forces’
"Published: Feb 23, 2022 09:04 PM","How can US ‘gift’ to Nepal be delivered by ultimatum, asks Chinese FM"
"Published: Feb 23, 2022 10:03 PM",Exclusive: Hong Kong takes mainland zero-COVID policy as ‘successful’; advised to take stricter measures: HK Hospital Authority chief
"Published: Feb 23, 2022 11:51 PM",DPP's Taiwan-Ukraine comparison self-indulging: mainland official 
"Published: Feb 24, 2022 12:12 AM",Giant panda-lending program widely endeared among animal and peace lovers despite frail voice of politicization
"Published: Feb 24, 2022 12:09 AM Updated: Feb 24, 2022 12:43 PM",Western sanctions won’t help solve Ukraine crisis: FM
"Published: Feb 24, 2022 01:17 AM",Figures released by IOC confirm the success of the Beijing Winter Olympics
"Published: Feb 24, 2022 09:00 AM",China urges all parties involved in Ukraine issue to exercise restraint
"Published: Feb 24, 2022 01:55 PM",Chinese Embassy in Ukraine issues security alert to warn Chinese nationals to be vigilant amid escalating situation
"Published: Feb 24, 2022 02:15 PM",China says to promote peace in its own way as Russia launches ‘special operation’ in Donbass
"Published: Feb 24, 2022 02:53 PM",3.1 billion COVID-19 vaccine doses administered on Chinese mainland
"Published: Feb 24, 2022 07:02 PM",China calls on all parties involved in Ukraine tensions not to shut door on peace: Chinese FM
"Published: Feb 24, 2022 07:19 PM Updated: Feb 24, 2022 11:19 PM","China, US to hold commemorations together for the 50th anniversary of Shanghai Communiqué: Chinese FM"
"Published: Feb 24, 2022 07:24 PM","Wang Yi speaks to Russian FM Lavrov on phone, calls for security mechanism through dialogue"
"Published: Feb 24, 2022 07:37 PM",UAE to buy Chinese L-15 supersonic jets despite US pressure
"Published: Feb 24, 2022 08:07 PM Updated: Feb 25, 2022 01:03 AM",Update: Chinese Embassy in Kiev prepares to bring back Chinese nationals amid escalating Ukraine-Russia crisis
"Published: Feb 24, 2022 08:48 PM Updated: Feb 24, 2022 11:58 PM",Winter Olympics start new era for spread of Chinese culture
"Published: Feb 24, 2022 09:12 PM",PLA holds landing drills in E.China Sea with new landing craft
"Published: Feb 24, 2022 09:40 PM",Wild animals seen at Beijing 2022 show success of environmental protection efforts
"Published: Feb 24, 2022 10:13 PM",Even US allies not spared from being targeted by US cyberattacks: FM
"Published: Feb 24, 2022 10:58 PM",China urges US to end poisonous legacy left by Trump after ‘China Initiative’ is dropped
"Published: Feb 24, 2022 11:30 PM",Japan’s trade representative office in Beijing hails trade expansion under RCEP
"Published: Feb 24, 2022 11:49 PM","DPP mocked of being ‘pathetic, desperate’ to connect Taiwan with Ukraine for US protection"
"Published: Feb 25, 2022 12:04 AM",Looting in name of democracy: How US pulls the strings behind controversial MCC deal with Nepal?
"Published: Feb 25, 2022 12:05 AM",Time to 'scrape poison off the bone’ after tragic woman trafficking case
"Published: Feb 25, 2022 12:13 AM","Fed up with political malevolence, recipient countries reject MCC over questionable terms"
"Published: Feb 25, 2022 12:43 AM","1,273 fugitives returned to China last year to face justice"
"Published: Feb 25, 2022 12:50 AM",Chinese embassy to arrange chartered flights to evacuate Chinese nationals in Ukraine
"Published: Feb 25, 2022 01:11 AM Updated: Feb 26, 2022 01:48 AM","US distorts China’s neutral stance, ‘uses Ukraine crisis to sow discord between China, Russia’"
"Published: Feb 25, 2022 03:23 AM",HKSAR introduces new emergency regulation providing legal basis for central govt's anti-epidemic aid amid rising cases
"Published: Feb 25, 2022 04:34 PM Updated: Feb 25, 2022 10:52 PM",Kim congratulates Xi on successful Beijing Winter Olympics
"Published: Feb 25, 2022 05:48 PM","Global Times' online petition demands US return money to Afghans generates 315,000 signatures"
"Published: Feb 25, 2022 07:05 PM","China-US relations too big to fail, one-China principle a red line must not be crossed: Ambassador "
"Published: Feb 25, 2022 07:07 PM Updated: Feb 26, 2022 05:06 PM",Moments that last: Heartwarming stories that make Beijing 2022 unforgettable
"Published: Feb 25, 2022 07:21 PM Updated: Feb 26, 2022 03:09 PM","Xi, Putin hold talks at crucial moment of Ukraine crisis, stress peaceful approach"
"Published: Feb 25, 2022 07:50 PM",China will make effort to push for political settlement of the Ukraine issue: Chinese FM
"Published: Feb 25, 2022 08:25 PM",HK expects to control epidemic in 2-3 months with mainland help: financial secretary
"Published: Feb 25, 2022 09:42 PM",Yanqing Paralympic Village in full preparation for athletes after 44-hour conversion
"Published: Feb 25, 2022 11:04 PM","US media misreport ex-Xinhua journalist’s views on Ukraine issue, ignore complaints"
"Published: Feb 25, 2022 11:27 PM","China has 1.032 billion internet users, 73.0% penetration rate"
"Published: Feb 26, 2022 12:09 AM Updated: Feb 26, 2022 01:44 AM","China surveys for evacuation as Russia reportedly enters Keiv, plan ‘eases fear’ amid intense crossfire"
"Published: Feb 26, 2022 02:25 PM","UPDATE: PLA monitors US warship transit in Taiwan Straits amid Ukraine crisis, slams move as ‘hypocritical, futile’"
"Published: Feb 26, 2022 03:03 PM","China calls on UN actions to be conducive to defusing Ukraine crisis amid public rejection of escalation, 'not to Ukraine'"
"Published: Feb 26, 2022 07:09 PM","PLA Eastern Theater Command tracks, monitors US warship in Taiwan Straits: spokesperson"
"Published: Feb 26, 2022 07:34 PM","Omicron infections peak four times higher than other variants, highlights necessity of booster shots, mixed inoculation"
"Published: Feb 26, 2022 07:47 PM","Exclusive: Satellite images of major airports, port, air force base display some changes"
"Published: Feb 26, 2022 10:03 PM",Chinese fishing boat rescues 9 PNG survivors drifting for a month in the Pacific off the Solomon Islands
"Published: Feb 27, 2022 11:50 AM",Record number of satellites share space ride in Long March-8 second flight
"Published: Feb 27, 2022 12:28 PM Updated: Feb 27, 2022 12:24 PM","China opposes unilateral sanctions, which will affect the process of political settlement"
"Published: Feb 27, 2022 01:20 PM","Chinese ambassador to Ukraine rejects rumors, says he will never leave Chinese people behind"
"Published: Feb 27, 2022 06:17 PM","From ramps to shuttles, China's Paralympic Villages ready to welcome delegations"
"Published: Feb 27, 2022 08:11 PM",Exclusive: Chinese embassy in Ukraine mulls alternative plans apart from charter flights to evacuate Chinese nationals amid rising tensions
"Published: Feb 27, 2022 08:34 PM","PLA airborne troops take delivery of new Y-12 transport aircraft with better power, handle ability"
"Published: Feb 27, 2022 10:00 PM",Mainland to expand help as HK reports new record infections
"Published: Feb 27, 2022 10:19 PM",Interpreter of China's former leaders recounts details of Nixon's historic meeting with Chairman Mao
"Published: Feb 27, 2022 10:37 PM",Light that shone through from Nixon's big gamble 50 years ago has not faded: veteran diplomat
"Published: Feb 27, 2022 11:58 PM","China clarifies neutral stance as Russia, Ukraine poised for talks"
"Published: Feb 27, 2022 11:56 PM","Vulgar remarks concerning Ukraine exploited, amplified by Taiwan and Xinjiang separatist forces to hype anti-China sentiment: experts"
"Published: Feb 28, 2022 12:16 AM","Taiwan hypes mainland weather balloon presence, 'reflects suspicious, frightened mindset'"
"Published: Feb 28, 2022 12:12 AM",Receptionist recounts Nixon's visit to China in 1972
"Published: Feb 28, 2022 12:49 AM","Zheng Minzhi, witness of the Ping-Pong Diplomacy, recalls historical moment of Nixon's visit to China"
"Published: Feb 28, 2022 01:33 AM",'Our performances were not that revolutionary': Shanghai acrobat recounts Nixon's China Visit in 1972
"Published: Feb 28, 2022 02:03 AM",Provocative policies toward China main factor of plunge of Chinese impression of Japan: observers
"Published: Feb 28, 2022 03:01 AM",Tsai mocked for copying West to show 'verbal support' for Ukraine with light shows in cities on Taiwan island
"Published: Feb 28, 2022 03:21 AM",Affinity lies in mutual understanding between people: member of welcome team to greet then US first lady in 1972
"Published: Feb 28, 2022 03:39 AM",US guests moved by Chinese hospitality: 'China will remain in our memory for a long time'
"Published: Feb 28, 2022 08:28 AM","HKSAR chief executive meets with mainland health official, epidemiologists on combating COVID-19"
"Published: Feb 28, 2022 01:49 PM Updated: Feb 28, 2022 10:01 PM",Chinese officials urge US to respect one-China principle and return ties to normal at event commemorating Shanghai Communiqué
"Published: Feb 28, 2022 07:44 PM",Vaccination rate of crew from ships of Chinese nationality on international voyages reaches 90 percent
"Published: Feb 28, 2022 08:36 PM",50 years of China-US relations
"Published: Feb 28, 2022 09:18 PM",US' human rights situation worsened in 2021: report
"Published: Feb 28, 2022 09:47 PM","Chinese FM refutes US' allegation on China's inaction over Russia's move in Ukraine, calls it slander"
"Published: Feb 28, 2022 09:47 PM Updated: Feb 28, 2022 09:50 PM",Chinese in Ukraine mull alternative evacuation routes with embassy assistance
"Published: Feb 28, 2022 10:00 PM Updated: Feb 28, 2022 10:03 PM","Top-level mainland experts arrive to support Hong Kong, boosting Chief Executive's confidence in fighting against virus"
"Published: Feb 28, 2022 10:21 PM","Venues, Paralympic Villages, transportation and medical services speed up transition for Paralympic Winter Games"
"Published: Feb 28, 2022 10:22 PM",All unbiased foreigners welcome to visit Xinjiang: Foreign Minister Wang Yi
"Published: Feb 28, 2022 11:06 PM",Scientists propose measures to ensure well-being of gene-edited babies as jailed researcher to be released in near future
"Published: Feb 28, 2022 11:01 PM",Concert held to commemorate Shanghai Communiqué; 'the young represent our shared future'
"Published: Feb 28, 2022 11:20 PM",Chinese staff recalls their warm yet dignified reception of Richard Nixon in his Shanghai visit 50 years ago
"Published: Feb 28, 2022 11:31 PM","US urged to respect one-China principle, 'absorb wisdom' from Shanghai Communiqué"
"Published: Mar 01, 2022 12:24 AM Updated: Mar 01, 2022 12:43 AM",China won't abandon principles to repair ties with US: GT survey
"Published: Mar 01, 2022 12:43 AM","Kiev, Moscow talk amid conflicts; low hope for 'major breakthrough' "
"Published: Mar 01, 2022 01:12 AM",Case of 'kidnapped blood slave' in Cambodia fabricated: Chinese embassy
"Published: Mar 01, 2022 02:58 AM",Chinese readers rush to buy books on Russia and Ukraine as conflict escalates
"Published: Mar 01, 2022 08:03 AM",Chinese envoy calls for efforts to promote direct negotiations on Ukraine
"Published: Mar 01, 2022 11:13 AM","Embassy evacuates first batch of 600 Chinese from Ukraine; 1,000 prepared in second batch"
"Published: Mar 01, 2022 06:23 PM",Political adviser calls on China to build digital security emergency response system to address cyberattacks
"Published: Mar 01, 2022 07:11 PM",West's 'coexistence with virus' should not be standard for China's anti-epidemic strategy: top Chinese epidemiologist
"Published: Mar 01, 2022 07:11 PM","Exclusive: 1,700 Chinese nationals in Ukraine to be evacuated to neighboring countries: embassy"
"Published: Mar 01, 2022 08:54 PM",Tonga volcanic eruption unlikely to significantly affect climate or overwhelm long-term global warming trend: study
"Published: Mar 01, 2022 09:19 PM","China calls for solution through negotiations, supports all constructive intl efforts: FM Wang Yi"
"Published: Mar 01, 2022 09:26 PM Updated: Mar 01, 2022 10:46 PM",Beijing Paralympic Winter Games to have largest use of Braille with China-developed green printing technology
"Published: Mar 01, 2022 09:41 PM","Discovering Qitaihe, China's rust belt town that's become 'hometown of Winter Olympic champions'"
"Published: Mar 01, 2022 09:50 PM Updated: Mar 01, 2022 10:47 PM","Exoskeleton to assist bearers at Beijing Winter Paralympics torch relay, songs will light fire"
"Published: Mar 01, 2022 09:57 PM Updated: Mar 01, 2022 10:07 PM",HK mulls stay-at-home order during mass testing
"Published: Mar 01, 2022 10:06 PM","Exclusive: Beijing Winter Paralympics 'same impressive, splendid and safe' event as Winter Games: IPC chief"
"Published: Mar 01, 2022 10:37 PM",Certain politicians urged to end political publicity stunts: FM Commissioner's Office to HK
"Published: Mar 01, 2022 11:02 PM",China launches one of the largest Chinese citizens evacuations in Ukraine
"Published: Mar 01, 2022 10:45 PM",Barrier-free facilities added to venues for Beijing Winter Paralympics
"Published: Mar 01, 2022 11:07 PM","Biden sends former officials to Taiwan to 'offset Pompeo', pacify DPP"
"Published: Mar 01, 2022 10:55 PM","West's financial sanctions tougher than in 2014 , but Russian economy may withstand them, experts say"
"Published: Mar 01, 2022 11:25 PM",NPC deputy proposes broader crackdown on people trafficking
"Published: Mar 02, 2022 01:09 AM",Shaanxi police launch investigation into 'caged woman' living in captivity
