﻿"Published: Jun 16, 2022 05:26 PM",Stripper halts Peruvian president’s corruption hearing
"Published: Jun 16, 2022 05:42 PM",UNHCR warns of acute migratory crisis
"Published: Jun 16, 2022 07:06 PM",Phillips and Pereira: Two men who loved the Amazon
"Published: Jun 17, 2022 08:03 AM","Zelensky, European leaders discuss Ukraine's EU integration, conflict with Russia"
"Published: Jun 17, 2022 09:29 PM","European Commission recommends EU candidate status for Ukraine, Moldova"
"Published: Jun 17, 2022 09:32 PM",British home secretary approves Assange's US
"Published: Jun 18, 2022 12:11 AM",Ukraine introduces visa regime for Russian citizens
"Published: Jun 18, 2022 12:18 AM","US, Australia’s recent moves in South Pacific eye new small clique to contain China"
"Published: Jun 18, 2022 07:54 AM","Zelensky, Johnson meet on defense, security issues"
"Published: Jun 19, 2022 12:37 AM",Zelensky welcomes European Commission's decision on Ukraine's EU candidacy
"Published: Jun 19, 2022 12:42 AM",Russia to temporarily suspend gas supply via Turkish Stream pipeline
"Published: Jun 19, 2022 05:34 PM",Macron faces battle for govt control
"Published: Jun 19, 2022 05:36 PM",Sri Lanka troops open fire to contain fuel station riots
"Published: Jun 19, 2022 05:49 PM","Biden falls after flubbing bike dismount, but uninjured"
"Published: Jun 19, 2022 05:53 PM",UN chief warns of online stigma
"Published: Jun 19, 2022 06:02 PM","Thousands go to DC to rally against wealth gap, poverty"
"Published: Jun 19, 2022 06:04 PM",WHO drops endemic country distinction for monkeypox in bid to unify response
"Published: Jun 19, 2022 07:14 PM",Europe swelters in June heat wave
"Published: Jun 19, 2022 07:16 PM",US health authorities approve COVID-19 vaccines for youngest kids
"Published: Jun 19, 2022 07:27 PM","Police say British journalist, Brazilian guide were shot "
"Published: Jun 19, 2022 07:31 PM",Protesters in Ecuador defy state of emergency
"Published: Jun 19, 2022 07:34 PM",Store workers in Maryland vote to form first US Apple union
"Published: Jun 20, 2022 05:33 PM Updated: Jun 20, 2022 05:25 PM",An Italian proposes marriage over supermarket checkout mic
"Published: Jun 20, 2022 06:29 PM",Left-wing leader’s victory sparks joy across Latin America
"Published: Jun 20, 2022 06:33 PM",Indian commercial airplane makes safe landing after engine fire
"Published: Jun 20, 2022 06:29 PM",Britain set for biggest rail strike in decades
"Published: Jun 20, 2022 06:36 PM",IMF sends team to visit crisis-hit 
"Published: Jun 20, 2022 06:30 PM","59 dead, millions stranded as floods hit Bangladesh, India"
"Published: Jun 20, 2022 06:31 PM","Parades, street festivals and speeches mark Juneteenth across US"
"Published: Jun 20, 2022 06:33 PM",Prince William’s influence grows as he hits 40
"Published: Jun 20, 2022 06:34 PM","As Thailand greenlights cannabis, patients welcome cheaper supplies"
"Published: Jun 20, 2022 07:12 PM",Pence faces call to riot hearings
"Published: Jun 20, 2022 07:15 PM",Ex-Australian FM urges govt to pressure US over Assange
"Published: Jun 20, 2022 07:22 PM","Russia has assured Hungary of continued gas shipments, foreign minister says"
"Published: Jun 20, 2022 10:38 PM",Central Asia-China cooperation crucial to regional security and development: ambassador
"Published: Jun 21, 2022 09:33 AM","Russia calls on Lithuania to ""immediately"" lift transit ban to Kaliningrad"
"Published: Jun 21, 2022 05:31 PM",US fighters ‘to be held accountable’
"Published: Jun 21, 2022 05:37 PM",NATO talks on expansion to continue after summit
"Published: Jun 21, 2022 05:40 PM",Outgoing Colombian president vows transparent transition to left-wing government
"Published: Jun 21, 2022 05:50 PM",Situation in S.Sudan ‘dire’: UN
"Published: Jun 21, 2022 05:53 PM","Police find boat of murdered reporter, guide in Amazon"
"Published: Jun 21, 2022 05:56 PM","President of Panama announces blood cancer diagnosis, ‘will continue with work’"
"Published: Jun 21, 2022 06:55 PM",Protest threats cancel train services in India
"Published: Jun 21, 2022 06:57 PM",Ecuador fuel price demonstrations enter eighth day
"Published: Jun 21, 2022 06:59 PM","New study shows life expectancy in US varies among racial, ethnic groups"
"Published: Jun 21, 2022 08:37 PM Updated: Jun 21, 2022 08:35 PM","Dutch revellers cheer for raw, oily herring festival"
"Published: Jun 21, 2022 10:29 PM",Central Asia-China cooperation crucial to regional security and development: Kazakh ambassador (exclusive full interview)
"Published: Jun 22, 2022 08:18 AM",Ukraine receives howitzers from Germany
"Published: Jun 22, 2022 01:46 PM","Quake kills at least 255, injures 500 in eastern Afghanistan"
"Published: Jun 22, 2022 04:59 PM",Abject failure’ in Texas shooting
"Published: Jun 22, 2022 05:03 PM",Biden appoints first Native American as treasurer
"Published: Jun 22, 2022 05:06 PM",Aswan Forum kicks off in Egypt with focus on multidimensional crises in Africa
"Published: Jun 22, 2022 05:30 PM",Death toll of Afghanistan's quake reaches 920: official
"Published: Jun 22, 2022 06:16 PM","Bin Salman, Erdogan discuss ties"
"Published: Jun 22, 2022 06:19 PM",Panic alarms for Canadian lawmakers as risks increase
"Published: Jun 22, 2022 06:21 PM",El Salvador extends state of emergency for third time to curb gangs
"Published: Jun 22, 2022 06:18 PM",US seeks to reduce nicotine in cigarettes
"Published: Jun 22, 2022 06:22 PM","No place for burkinis in Grenoble public pools, rules top French court"
"Published: Jun 22, 2022 06:23 PM",Two kidnapped Chibok girls freed in Nigeria after 8 yrs
"Published: Jun 22, 2022 06:25 PM",Fish trade’s murky waters cloud double murder in Amazon
"Published: Jun 22, 2022 06:26 PM","Brexit will cost British workers 470 pounds a year, study predicts"
"Published: Jun 22, 2022 08:22 PM",Genuine multipolar order advocated by BRICS allows greater levels of dialogue to address challenges: former S.African envoy
"Published: Jun 22, 2022 08:26 PM",We want to join BRICS because conditions aren’t attached on cooperation here: Argentine Ambassador
"Published: Jun 23, 2022 05:52 PM",Macron urges political ‘compromises’
"Published: Jun 23, 2022 05:56 PM",Officer in charge of Texas shooting police response suspended
"Published: Jun 23, 2022 06:02 PM",Thousands of Ecuadorians protest over costs for 10th day
"Published: Jun 23, 2022 06:10 PM",Recession possible: US Fed chief
"Published: Jun 23, 2022 06:15 PM",Migrant rights defenders in Greece ‘treated like criminals’
"Published: Jun 23, 2022 06:19 PM","Russian FM makes two-day trip to Iran to discuss stalled nuclear talks, bilateral ties"
"Published: Jun 23, 2022 07:14 PM",Chile foundry closure sparks strike
"Published: Jun 23, 2022 07:16 PM","Bodies of priests, tour guide killed in Mexico found"
"Published: Jun 23, 2022 07:17 PM",Austrian capital Vienna returns as ‘most livable city’: The Economist
"Published: Jun 23, 2022 09:27 PM",BRICS offers chance for leaders’ exchange on solutions to challenges: Brazil’s Ambassador to China
"Published: Jun 24, 2022 08:04 AM","EU leaders grant Ukraine, Moldova EU candidate status"
"Published: Jun 24, 2022 08:04 AM",Zelensky welcomes EU decision to grant Ukraine candidate status
"Published: Jun 24, 2022 10:59 PM Updated: Jun 24, 2022 11:10 PM",Supreme Court rules against NY gun law in huge step backward in tackling mass shootings 
"Published: Jun 24, 2022 11:47 PM",Ukrainian forces to withdraw from Severodonetsk: regional governor
"Published: Jun 25, 2022 12:17 AM",US Supreme Court ruling overturns landmark decision on abortion rights
"Published: Jun 25, 2022 10:08 PM",Biden signs gun bill as shootings continue to take toll on US
"Published: Jun 25, 2022 10:12 PM","UN chief urges reintegrating food, fertilizer products from Ukraine, Russia into world markets"
"Published: Jun 26, 2022 04:45 PM",‘It’s scary’
"Published: Jun 26, 2022 05:10 PM",French politicians support abortion bill
"Published: Jun 26, 2022 05:16 PM","Ecuador’s government, indigenous leaders hold first talks amid protests"
"Published: Jun 26, 2022 05:21 PM",‘Islamist terror’ suspect arrested in deadly Oslo attack
"Published: Jun 26, 2022 05:26 PM","Transport strikes hit UK, Europe"
"Published: Jun 26, 2022 05:29 PM",Spain PM calls deadly migrant rush an ‘attack’ on its territory
"Published: Jun 26, 2022 05:31 PM","French-speaking W.African states Gabon, Togo join Commonwealth"
"Published: Jun 26, 2022 06:18 PM",Iran nuclear talks to resume: EU
"Published: Jun 26, 2022 06:22 PM",Taliban calls for release of frozen funds after quake
"Published: Jun 26, 2022 06:27 PM","British PM Johnson rejects demands to quit, seeks to stay in power until mid-2030s"
"Published: Jun 26, 2022 10:30 PM Updated: Jun 27, 2022 12:30 PM","Ordinary Europeans suffer from high inflation, commodity shortage woes as EU political elites follow US' lead in sanctioning Russia"
"Published: Jun 27, 2022 08:11 AM",Russia takes full control of Severodonetsk
"Published: Jun 27, 2022 04:30 PM",Earthquake survivors face disease
"Published: Jun 27, 2022 04:32 PM",Ecuador cuts gas prices in concession to protesters
"Published: Jun 27, 2022 04:40 PM",Foreign powers’ presence in Middle East causing problems: Iran president
"Published: Jun 27, 2022 04:47 PM",Ailing oceans under the spotlight in Lisbon
"Published: Jun 27, 2022 04:51 PM","WWF calls for new, ambitious framework to halt biodiversity loss"
"Published: Jun 27, 2022 04:54 PM",Planned strike threatens transportation in Sydney
"Published: Jun 27, 2022 05:41 PM",Police probe deaths of 21 teens
"Published: Jun 27, 2022 05:45 PM",Funeral held in Brazil for slain British journalist
"Published: Jun 27, 2022 05:47 PM","Japan braces for power crunch as temperatures climb, rainy season ends"
"Published: Jun 27, 2022 06:05 PM","‘Fear of dying, of being prosecuted’"
"Published: Jun 28, 2022 08:35 AM","Ukrainian, Moldovan presidents meet on cooperation, EU integration"
