﻿"Published: Jan 22, 2020 09:15 PM Updated: Jun 13, 2022 09:00 AM",Real-time update on coronavirus outbreak
"Published: Apr 16, 2022 10:38 AM Updated: Jun 05, 2022 01:00 PM",Launch history of manned missions to space by Long March-2F carrier rockets
"Published: Jun 08, 2022 07:08 PM",Chinese Go masters share views on widely discussed gaokao essay question about weiqi moves
"Published: Jun 08, 2022 07:09 PM","China agrees with Turkmenistan, Uzbekistan to intensify cooperation"
"Published: Jun 08, 2022 08:02 PM","PLA includes robots, drones in amphibious landing training for officer cadets"
"Published: Jun 08, 2022 08:08 PM","Our conquest is the sea of stars: Taikonauts growing up from hardship, poverty kindled ‘Chinese Dream’ with diligence and persistence"
"Published: Jun 08, 2022 08:28 PM",Exclusive: Ex-secretary to Lee Teng-hui may take up Japanese association post in Taiwan
"Published: Jun 08, 2022 08:49 PM","Chinese netizens congratulate Gu Ailing for being ambassador for US Olympics bid, dismiss move to hijack sports with geopolitics"
"Published: Jun 08, 2022 08:51 PM",Biden to tout economic plan at divisive Summit of Americas
"Published: Jun 08, 2022 09:03 PM",Central Asian countries and China agree to hold regular top-level meetings within C+C5 format
"Published: Jun 08, 2022 09:22 PM",US Disinformation Governance Board paused after widespread questions; US an ‘empire of lies’: Chinese FM
"Published: Jun 08, 2022 09:30 PM",Xi inspects southwestern Chinese city of Meishan
"Published: Jun 08, 2022 10:03 PM","China-aided renovation project kicks off in Cambodia's Ream Naval Base, ‘smears against normal exchange opposed’"
"Published: Jun 08, 2022 10:05 PM",Beijing cuts COVID-19 transmission chain: official
"Published: Jun 08, 2022 10:12 PM",Chinese netizens amazed at possible existence of life outside Earth
"Published: Jun 08, 2022 10:39 PM","China, Central Asia agree on broad cooperation covering BRI, trade and security at C+C5 FMs’ meeting"
"Published: Jun 08, 2022 11:04 PM",Chinese defense chief to expound on security at Shangri-La Dialogue as US pushes ‘Indo-Pacific’
"Published: Jun 08, 2022 10:57 PM",Renowned actor and former underground Party member passes away at 95
"Published: Jun 08, 2022 11:19 PM",China’s radio telescope detects first persistently active repeating fast radio burst from 3b light years away
"Published: Jun 09, 2022 12:17 AM",Young hearing impaired entrepreneur's AI app helps people 'see' sounds
"Published: Jun 09, 2022 12:32 AM",Intense rainfall in C China's Hunan leaves 10 dead and 3 missing
"Published: Jun 09, 2022 02:04 AM",How did the 'Japan-Taiwan Exchange Association' become a spearhead against the one-China principle?
"Published: Jun 09, 2022 11:50 AM Updated: Jun 09, 2022 11:45 AM",Rumor about citywide ‘carpet screening’ of COVID and lockdown in steps in Shanghai refuted
"Published: Jun 09, 2022 12:27 PM Updated: Jun 09, 2022 12:23 PM",US should stop pressuring Iran but start responding to Iran's legitimate concerns: Chinese envoy
"Published: Jun 09, 2022 01:38 PM",Lam stresses ‘patriots governing Hong Kong’ in her final address to LegCo
"Published: Jun 09, 2022 02:11 PM Updated: Jun 09, 2022 02:06 PM",J-7 fighter jet of PLA Air Force crashes in C China
"Published: Jun 09, 2022 02:31 PM",Taiwan Affairs Office urges KMT chairman to keep a clear mind after he said KMT will ‘fight against communism’ during US trip
"Published: Jun 09, 2022 04:15 PM Updated: Jun 09, 2022 04:04 PM","Ice and snow park in E. China’s Zhejiang caught on fire, injuring 7 people"
"Published: Jun 09, 2022 04:25 PM",Beijing’s Chaoyang district closes entertainment venues again after detection of cluster cases in bars
"Published: Jun 09, 2022 04:27 PM",Xi inspects southwestern Chinese city of Yibin
"Published: Jun 09, 2022 04:55 PM",N.China's Hebei slammed for adopting one-size-fits-all COVID-19 epidemic quarantine policy
"Published: Jun 09, 2022 06:51 PM",Nucleic acid testing should not be a 'new normal' in non-epidemic regions: top health authority
"Published: Jun 09, 2022 07:23 PM",China's stealth drone ship wraps up 1st autonomous sea trial
"Published: Jun 09, 2022 08:08 PM","Weapons sent by US and NATO may fall into dark net and even to terrorists, leading widespread and unbearable cost"
"Published: Jun 09, 2022 08:07 PM",Xi calls for efforts to pursue harmony between humanity and nature on Environment Day 2022
"Published: Jun 09, 2022 08:16 PM",Full text of Xi Jinping's congratulatory letter to National Event on Environment Day 2022
"Published: Jun 09, 2022 08:12 PM",Chinese FM condemns top US general’s discord-sowing remarks on China-India border issue
"Published: Jun 09, 2022 09:02 PM","Sichuan, Chongqing eye visa-free transit visits of 144 hours to boost tourism"
"Published: Jun 09, 2022 09:30 PM",Czech politicians warned of 'abandoning national interests for political capital to West' if nation quits China-led '16+1' investment platform 
"Published: Jun 09, 2022 10:17 PM","China, Philippines to further enhance economic cooperation; S. China Sea issue 'will not affect bilateral ties'"
"Published: Jun 09, 2022 10:49 PM",Chinese scientists make breakthrough in push toward intelligent robotics
"Published: Jun 09, 2022 10:59 PM","Biden admin's 4th arms sales to Taiwan slammed, 'cannot pose threat to PLA, only makes island cash cow'"
"Published: Jun 09, 2022 11:49 PM",Employees of a beauty salon in Shanghai test positive for COVID-19; city conducts mass screening in some areas
"Published: Jun 10, 2022 12:45 AM","Japan hijacks Asia with NATO collusion push, endangers region"
"Published: Jun 10, 2022 01:07 AM",7 dead and 1 missing after rainfall-triggered landslides in South China's Guangxi
"Published: Jun 10, 2022 01:37 AM","Xi stresses support for employment of college graduates, development of private sector in tour to Sichuan"
"Published: Jun 10, 2022 02:22 AM",China's National Defense Ministry slams US arms sales to the Taiwan region
"Published: Jun 10, 2022 09:05 AM",Maerkang in Sichuan hit by earthquakes; no casualties reported
"Published: Jun 10, 2022 10:04 AM",The illegal transfer of nuclear weapons materials involved in AUKUS cannot be denied: Chinese envoy
"Published: Jun 10, 2022 01:52 PM",D2809 train derailment accident caused by mudslide due to continuous rainfall: Chinese railway authority
"Published: Jun 10, 2022 04:54 PM Updated: Jun 10, 2022 11:15 PM","China, S.Korea defense chiefs agree to enhance exchanges, as a peaceful peninsula is in their interests"
"Published: Jun 10, 2022 05:22 PM",China top legislature condemns European Parliament's resolution on Xinjiang
"Published: Jun 10, 2022 06:05 PM Updated: Jun 10, 2022 07:03 PM","Chinese, US defense ministers hold talks in Singapore for their first meeting"
"Published: Jun 10, 2022 06:23 PM",State leaders call US' exclusion of some countries from Americas summit 'inexcusable'; Chinese FM urges US to stop bullying
"Published: Jun 10, 2022 07:03 PM","Chinese ambassador to S.Korea calls for dialogue over Peninsula issue, criticizes US for hindering unity of UN Security Council"
"Published: Jun 10, 2022 07:14 PM",Chinese defense minister vows to fight ‘Taiwan independence’ in 1st face-to-face meeting with Austin
"Published: Jun 10, 2022 07:37 PM",Approval rating of Tsai drops to historic low as Taiwan’s COVID mortality rate continues to climb
"Published: Jun 10, 2022 07:33 PM",Lab leak theory a ‘lie’ cooked up by anti-China forces: FM
"Published: Jun 10, 2022 09:08 PM",Beijing reports 21 more cases linked to cluster infection at popular bar
"Published: Jun 10, 2022 10:02 PM","Inspired by Taiwan ‘kung fu democracy,’ Slovakian politicians simulate ‘scuffle’ in ‘legislature,’ put secessionists brokenhearted"
"Published: Jun 10, 2022 10:46 PM Updated: Jun 11, 2022 06:18 PM",China draws security red line to US at defense ministers’ longer-than-expected first meeting
"Published: Jun 10, 2022 11:08 PM Updated: Jun 10, 2022 11:16 PM",Beijing and Shanghai manage to maintain reopening steps despite sporadic infections
"Published: Jun 11, 2022 12:37 AM",Chinese mainland customs to suspend grouper imports from Taiwan after detecting prohibited drugs
"Published: Jun 11, 2022 03:44 PM","All suspects caught for beating women in barbecue restaurant as high-profile case sparks discussion over gender, gang crimes"
"Published: Jun 11, 2022 03:58 PM","Bar-related outbreak makes 115 people infected,  6,158 quarantined in Beijing"
"Published: Jun 11, 2022 07:06 PM","China engages US and regional countries at Shangri-La dialogue ‘with confidence, determination to safeguard sovereignty, national interest, regional peace’"
"Published: Jun 11, 2022 08:01 PM",Chinese delegation says Indo-Pacific Strategy ‘fanning confrontation’ as US defense chief made ‘most barefaced’ Shangri-La speech attacking China
"Published: Jun 11, 2022 08:51 PM",Shanghai punishes officials for causing infection risks at two places
"Published: Jun 11, 2022 09:08 PM",Chinese public security ministry vows to enhance yearly campaign against crimes involving guns and explosive items
"Published: Jun 12, 2022 11:17 AM Updated: Jun 12, 2022 10:33 AM","More than 200 social media accounts suspended or closed for making extreme, improper remarks over Tangshan beating incident"
"Published: Jun 12, 2022 11:51 AM Updated: Jun 12, 2022 11:47 AM",China bears no responsibility for border conflicts with India: Chinese Defense Minister
"Published: Jun 12, 2022 11:54 AM Updated: Jun 12, 2022 11:52 AM",We will fight to the end if anyone dares to take Taiwan out of China: Defense Minister
"Published: Jun 12, 2022 12:30 PM",Beijing’s bar-related cluster infection spills over to neighboring Sanhe city
"Published: Jun 12, 2022 12:36 PM Updated: Jun 12, 2022 12:31 PM",Chinese nuclear force development impressive; new weapons commissioned: Defense Minister
"Published: Jun 12, 2022 01:49 PM Updated: Jun 12, 2022 01:45 PM",Livestreaming with cultural connotations hits China as English teachers set example for online bilingual sales
"Published: Jun 12, 2022 02:32 PM Updated: Jun 12, 2022 02:27 PM",Top expert suggests significantly more efficient vaccine for boosters
"Published: Jun 12, 2022 03:35 PM",Nine arrested after violent attack at Tangshan restaurant; case calls for deep probe to address public concerns  
"Published: Jun 12, 2022 04:55 PM",Cluster infections stemming from Beijing’s Paradise Supermarket Bar deemed more severe than Xinfadi cluster 
"Published: Jun 12, 2022 07:30 PM",Chinese attendee refutes Western scholars’ déjà vu rumors against China over reaction to Zelensky’s speech at Shangri-La Dialogue
"Published: Jun 12, 2022 08:09 PM Updated: Jun 12, 2022 08:06 PM",More cases of gang crimes reported in Tangshan following barbecue restaurant violence
"Published: Jun 12, 2022 09:19 PM","Adopting comprehensive, sustainable measures to ensure the effectiveness of fishing ban: expert"
"Published: Jun 12, 2022 09:35 PM",Resolute implementation of 10-year Yangtze fishing ban reflects CPC’s determination to restore ecology and a commitment to the people
"Published: Jun 12, 2022 10:23 PM",Tangshan launches special campaign against crimes in wake of brutality in restaurant 
"Published: Jun 12, 2022 11:04 PM",Chinese local governments speed up implementation of economic stimulus policy in crucial 2nd quarter
"Published: Jun 12, 2022 11:04 PM",Beijing's latest bar-related COVID-19 flare-up 'more difficult to contain' than 2020 Xinfadi market outbreak
"Published: Jun 12, 2022 11:29 PM",Chinese defense chief sends 'strongest warning' to US on Taiwan question; 'Indo-Pacific strategy will fail to divide region'
"Published: Jun 13, 2022 12:31 AM",Australia urged to show real actions to reset China ties amid confusing messages at key security meeting
"Published: Jun 13, 2022 01:36 AM",Some Chinese cities on trial to shorten quarantine period to 7+7days for international arrivals at entry points
"Published: Jun 13, 2022 02:04 AM","Japan continues to address 'concerns' over China during defense ministers' meeting, attempting to take advantage from regional conflicts"
"Published: Jun 13, 2022 03:47 AM",4 cities notified by China's State Council for 'excessive epidemic prevention and control' affecting logistics
"Published: Jun 13, 2022 03:04 PM Updated: Jun 13, 2022 03:01 PM",Tattoo services totally prohibited for minors in China even with parents’ approval
"Published: Jun 13, 2022 04:04 PM",Tangshan encourages tip-offs of illegal acts in wake of brutal restaurant assault 
"Published: Jun 13, 2022 05:52 PM",Opening new US Wuhan consulate office hardly corrects its negative policy toward China
"Published: Jun 13, 2022 07:33 PM",Chinese FM confirms receiving of appreciation letter from Aussie Prime Minister
"Published: Jun 13, 2022 07:57 PM","US gun control deal a political show to ‘deceive public, gain points before midterms’"
"Published: Jun 13, 2022 08:39 PM",Xi signs order to promulgate outlines on military operations other than war
"Published: Jun 13, 2022 08:45 PM",Zelensky’s Taiwan remarks ‘used by some forces to create tension between China and Ukraine’: Chinese FM
"Published: Jun 13, 2022 09:06 PM","Archaeologists find more cultural relics at Sanxingdui Ruins, presenting splendid ancient Shu culture"
"Published: Jun 13, 2022 09:04 PM Updated: Jun 13, 2022 08:57 PM",College student from Shanghai under investigation for drugging schoolmate with ‘philter’
"Published: Jun 13, 2022 09:11 PM","Foreign English teachers requested to swear allegiance to Basic Law, ‘part of HK revamp plan’"
"Published: Jun 13, 2022 09:16 PM","Beijing suspends sports events, postpones return of classes as bar-related cluster infection involves 228"
"Published: Jun 13, 2022 09:36 PM",European Parliament's resolution on China's Xinjiang is nothing but huge disgrace in EU history: regional spokesperson
"Published: Jun 13, 2022 09:46 PM","Exclusive: Report reveals how US spy agencies stole 97b global internet data, 124b phone records in just 30 days"
"Published: Jun 13, 2022 09:59 PM",Construction starts on planetarium at highest global altitude in SW China's Xizang
"Published: Jun 13, 2022 10:09 PM",Dynamic zero-COVID approach underpins China’s sustainable growth
"Published: Jun 13, 2022 10:20 PM",China’s dynamic zero-COVID policy creates a strong fortress for world against virus: Japanese professor
"Published: Jun 13, 2022 10:15 PM Updated: Jun 13, 2022 10:00 PM",China enjoys sovereignty and jurisdiction over Taiwan Straits: Chinese FM
"Published: Jun 13, 2022 10:40 PM Updated: Jun 13, 2022 10:32 PM",Xi signs outlines that direct China’s military operations other than war
"Published: Jun 14, 2022 05:42 AM",A peek into Heaven Supermarket Bar: When 'Beijing's secret after-party' was unsurprisingly declared as the latest epicenter of the outbreak
"Published: Jun 14, 2022 07:58 AM",Senior Chinese diplomat meets US national security advisor
