﻿"Published: Jan 22, 2020 09:15 PM Updated: Aug 01, 2022 09:09 AM",Real-time update on coronavirus outbreak
"Published: Jul 26, 2022 09:24 PM","China’s contribution to promoting global human rights hailed at Beijing forum; unilateralism, sanctions by West denounced as challenging global governance"
"Published: Jul 26, 2022 09:31 PM",Extinction of Chinese paddlefish raises awareness on biodiversity protection in China’s largest river
"Published: Jul 26, 2022 10:06 PM","Chinese Foreign Minister Wang Yi to attend SCO ministers meeting, visit Uzbekistan, Tajikistan and Kyrgyzstan: FM spokesperson"
"Published: Jul 26, 2022 10:09 PM","PLA will not sit idly by if Pelosi visits Taiwan island, Chinese defense ministry warns; indicating PLA ‘fully prepared’ for all scenarios"
"Published: Jul 26, 2022 10:19 PM",Electricity use sets records in multiple Chinese locations amid extreme heat
"Published: Jul 26, 2022 10:48 PM",US convenes IPEF meeting to ‘rally partners to counter China for US economic gains’
"Published: Jul 26, 2022 10:50 PM","Xinjiang residents send emails to UN human rights chief to tell truth of region, dismiss West's rumor campaign"
"Published: Jul 26, 2022 10:57 PM",China sees 32.3m entry and exit trips in Q2 as authorities optimize measures amid controlled COVID-19 situation
"Published: Jul 26, 2022 11:07 PM",Chinese FM refutes China’s anti-epidemic measures trampling on rights of US diplomats
"Published: Jul 26, 2022 11:17 PM",US urged to return life-saving money to Afghan people in full at intl conference on Afghanistan in Uzbekistan
"Published: Jul 26, 2022 11:50 PM",China's FH-95 electronic warfare drone passes performance test
"Published: Jul 27, 2022 12:01 AM","Religious authority, Buddhist association require nationwide rectification after Japanese war criminals found enshrined in Nanjing temple"
"Published: Jul 27, 2022 12:25 AM","China, Indonesia deepen ties, inject stability to region, world in international landscape full of uncertainties"
"Published: Jul 27, 2022 12:58 AM",Exclusive: Code of Conduct in South China Sea will definitely be reached: Chinese official on ocean affairs
"Published: Jul 27, 2022 02:13 AM",New China CDC chief appointed as Gao Fu retires
"Published: Jul 27, 2022 08:41 AM","Top political advisor stresses upholding 1992 Consensus, working toward reunification of motherland"
"Published: Jul 27, 2022 12:42 PM","China’s largest solid propellant rocket makes maiden flight, sending six satellites into orbit"
"Published: Jul 27, 2022 01:10 PM",SW China’s Chongqing online memorial service platform apologizes after Japanese war criminals’ pages found on website; services suspended
"Published: Jul 27, 2022 03:04 PM","Gannan in NW China’s Gansu plans makeshift hospital with 1,500 beds to step up efforts combating latest flare-up"
"Published: Jul 27, 2022 03:55 PM Updated: Jul 27, 2022 03:49 PM",District in Wuhan is placed under 3-day lockdown amid latest coronavirus resurgence
"Published: Jul 27, 2022 06:11 PM Updated: Jul 27, 2022 06:06 PM","Taiwan fails to report PLA drone’s 1st island-circulating flight, ‘reflects great vulnerability’"
"Published: Jul 27, 2022 08:47 PM",Exclusive: Sri Lanka’s new president thanks China for assistance: ambassador
"Published: Jul 27, 2022 10:06 PM",US poses 'real risk of conflict' as politicians keep smearing China’s role in South China Sea
"Published: Jul 27, 2022 10:11 PM",US responsible for Russia’s decision to quit space cooperation: experts
"Published: Jul 27, 2022 10:17 PM",Xi presents August 1 Medal to outstanding military personnel
"Published: Jul 27, 2022 11:14 PM","China has always followed intl norms and laws on space activities, including the disposal of rocket debris: Chinese FM"
"Published: Jul 27, 2022 11:19 PM","Voyages to starry ocean: 10 years on, PLA Navy remains a staunch force in safeguarding natl sovereignty, world peace"
"Published: Jul 27, 2022 11:28 PM",Cities cancel summer Matsuri amid controversial Japan-related incident
"Published: Jul 27, 2022 11:29 PM","US pushes chip bill to encircle China, but ‘unable to lure firms to decouple with mainland’  "
"Published: Jul 27, 2022 11:30 PM","China urges SK to stick to commitment despite change of govt, as ‘Three No’s’ on THAAD ‘plays key role in mutual trust’"
"Published: Jul 27, 2022 11:45 PM",Washington should respect position of SE Asian countries of taking no sides between US and China: SSILR
"Published: Jul 28, 2022 12:24 AM",Japanese delegation's visit to Taiwan bodes ill for island: experts
"Published: Jul 28, 2022 12:20 AM",China reinforces bilateral ‘guardrail’ to US; Partisan struggle may ‘bring crisis to Taiwan Straits’
"Published: Jul 28, 2022 03:16 AM",Questioning the use of Chinese language on China's space station shows Western double standards: netizens
"Published: Jul 28, 2022 07:21 AM",HKSAR govt awards 889 persons including Olympic champion and police officer stabbed in a 'lone-wolf' terrorist attack in 2021
"Published: Jul 28, 2022 09:15 AM",China's gold output sees stable recovery in H1: industry association
"Published: Jul 28, 2022 11:16 AM","If anyone tries to separate Taiwan from China and wants to challenge China’s bottom line, PLA will take forceful measures: Chinese ambassador to US"
"Published: Jul 28, 2022 02:59 PM","Hit-and-run accident in Henan kills 1, injures 28"
"Published: Jul 28, 2022 05:00 PM",China's MIIT minister under investigation: CCDI
"Published: Jul 28, 2022 05:16 PM Updated: Jul 30, 2022 08:59 PM",Suspected policeman who killed 3 and injured 2 in SW China found dead: authorities
"Published: Jul 28, 2022 05:29 PM",Xi stresses upholding socialism with Chinese characteristics to build modern socialist country
"Published: Jul 28, 2022 06:38 PM","Chinese leadership analyzes economic situation, reviews disciplinary inspection report"
"Published: Jul 28, 2022 07:44 PM",China urges UN human rights chief's office to refuse lie-based Xinjiang ‘assessment’
"Published: Jul 28, 2022 08:07 PM",Xi stresses persistent efforts to reach PLA centenary goals
"Published: Jul 28, 2022 08:17 PM",Authorities investigate sudden death of 22-year-old woman after days of overworking
"Published: Jul 28, 2022 09:24 PM","Growing cohesion of SCO, attraction of Shanghai Spirit highlighted amid Russia-Ukraine conflict and US-led bloc confrontation"
"Published: Jul 28, 2022 10:15 PM",Z-10 attack helicopter enters service with PLA Hong Kong Garrison
"Published: Jul 28, 2022 10:36 PM","UN human rights report on HK 'full of bias, beyond its scope of authority'"
"Published: Jul 28, 2022 10:49 PM",India should work with China to solve bilateral difficulties amid recent positive signals: experts
"Published: Jul 28, 2022 10:49 PM","China’s defense ministry issues fresh, rare warning ‘action the most powerful language’ over Pelosi’s Taiwan visit; reinforces resolve"
"Published: Jul 28, 2022 11:08 PM Updated: Jul 29, 2022 01:47 AM","Xi criticizes US rivalry policy in candid talk with Biden, warns over Taiwan question but both sides emphasize cooperation"
"Published: Jul 28, 2022 11:33 PM","Exclusive: China-Solomon Islands police training enhances friendship, law-enforcement capacity after Chinatown losses"
"Published: Jul 29, 2022 12:00 AM",Nuclear power ship wins China Patent Award
"Published: Jul 29, 2022 12:14 AM","US, SK urged to ease military pressure, address NK’s concerns as Pyongyang says ‘nuclear deterrence’ is ready"
"Published: Jul 29, 2022 01:06 AM","China's ex-minister of justice pleads guilty in 1st trial for suspected bribery, law violations for personal gains"
"Published: Jul 29, 2022 01:29 AM","Abrupt US official visit to Nepal aims to push SPP, reveals anxiety to contain China: source"
"Published: Jul 29, 2022 03:05 AM",Southern China was an ocean connected to NW China's arid Tarim Basin 438m years ago: Chinese paleontologists
"Published: Jul 29, 2022 11:07 AM",HKSAR official says Mirror concert accident caused by metal cord that snapped; organizer apologizes and probes continue
"Published: Jul 29, 2022 07:06 PM",President Xi stresses upholding socialism with Chinese characteristics to build modern socialist country
"Published: Jul 29, 2022 09:53 PM Updated: Jul 30, 2022 12:26 AM",PLA’s post ‘Preparing for war’ draws wide support from netizens ahead of Army Day
"Published: Jul 29, 2022 11:05 PM Updated: Jul 31, 2022 12:22 AM","Don’t say we didn’t warn you – Symposium of China’s top think tank sends classic, pre-war warning to provocative Pelosi"
"Published: Jul 29, 2022 11:10 PM","The ‘eccentric, bigoted’ Pelosi does not care about others’ thoughts, but Biden is the key in the 82-year-old’s planned Taiwan trip"
"Published: Jul 29, 2022 11:22 PM","China exempts import tariffs, resumes issuing visas for Afghan citizens"
"Published: Jul 29, 2022 11:24 PM",DPP authorities show ‘ambivalence’ after Biden reiterates support for one-China policy
"Published: Jul 30, 2022 12:48 AM",India’s first indigenous aircraft carrier delivered to navy; ambition displayed despite gap with China
"Published: Jul 30, 2022 02:06 AM","Hatred, racism-loaded Twitter account suspended, as Chinese netizens call for permanent ban"
"Published: Jul 30, 2022 12:41 PM Updated: Jul 30, 2022 12:37 PM","Chinese FM stresses to promote genuine multilateralism, oppose propagation of false narrative of 'democracy against authoritarianism' at SCO"
"Published: Jul 30, 2022 02:31 PM",Second consumer expo in S.China's Hainan concludes with larger attendance
"Published: Jul 30, 2022 03:55 PM",Xi stresses further strengthening armed forces by training competent personnel
"Published: Jul 30, 2022 07:11 PM","Xi stresses unity of Chinese at home, abroad to pool strength for rejuvenation"
"Published: Jul 30, 2022 10:49 PM","China National Archives of Publications and Culture officially opens, to play huge role in inheritance of Chinese culture"
"Published: Jul 31, 2022 12:06 AM","China to build a community with a shared future with Kyrgyzstan, eyeing more Belt and Road projects: Wang Yi"
"Published: Jul 31, 2022 12:16 PM Updated: Jul 31, 2022 08:30 PM",US slammed for 'turning blind eye' to China's four reports of debris trajectory info in a week
"Published: Jul 31, 2022 01:28 PM",China reveals footage of launch of missile resembling ‘aircraft carrier killer’ hypersonic weapon celebrating Army Day amid Taiwan Straits tension
"Published: Jul 31, 2022 01:29 PM Updated: Jul 31, 2022 01:24 PM",Guangdong would not give ‘blue codes’ to those who have not been fully vaccinated: local health commission
"Published: Jul 31, 2022 01:47 PM","More than 2 million illegal short videos removed, 120,000 illegal user accounts closed amid nationwide campaign by Chinese internet watchdog "
"Published: Jul 31, 2022 02:13 PM",People of Different Ethnic Groups in Xinjiang Express Legitimate Concerns through Real-life Experiences in Their Letters to UN High Commissioner for Human Rights
"Published: Jul 31, 2022 03:01 PM","PLA sends next-gen aerial tanker YU-20 for combat readiness training, vows to safeguard natl sovereignty with warplane sorties around Taiwan"
"Published: Jul 31, 2022 05:09 PM","Xi stresses unity of Chinese at home, abroad to pool strength for rejuvenation"
"Published: Jul 31, 2022 06:41 PM","Military officer devoted to border defense in Xizang, accomplishing CPC member duty by serving the people"
"Published: Jul 31, 2022 06:50 PM","10 years of strengthening national defense, PLA sees historic achievements under CPC leadership"
"Published: Jul 31, 2022 07:34 PM",Great breakthroughs in Chinese weapons and equipment
"Published: Jul 31, 2022 08:47 PM Updated: Jul 31, 2022 11:10 PM","PLA gets ready to celebrate upcoming Army Day with advanced weaponry display, realistic combat preparations amid Taiwan Straits tensions"
"Published: Jul 31, 2022 09:40 PM Updated: Jul 31, 2022 10:10 PM","China, Central Asian countries enhance strategic partnership, boost connectivity, economic ties"
"Published: Jul 31, 2022 10:06 PM","25 senior Chinese officials face disciplinary actions in Jan-Jul, as anti-graft efforts intensify"
"Published: Jul 31, 2022 10:15 PM",Training institutions in Beijing criticized for offering tutoring services to preschoolers
"Published: Jul 31, 2022 10:21 PM",Xi attends reception celebrating 95th founding anniversary of PLA
"Published: Jul 31, 2022 11:06 PM",More overseas Chinese join protest against Dior's 'cultural appropriation' as brand remains silent
"Published: Jul 31, 2022 11:25 PM Updated: Jul 31, 2022 11:11 PM","US, world key figures warn Pelosi against risky trip, as her Asia itinerary has no mention of Taiwan"
"Published: Aug 01, 2022 11:30 AM",PLA conducts mock night time drills amid Pelosi's possible Taiwan visit
"Published: Aug 01, 2022 05:55 PM",'Green madness' as dollars found at Argentina dump
"Published: Aug 01, 2022 06:02 PM",Swallow mom feeds babies
"Published: Aug 01, 2022 05:56 PM","Food vlogger who cooked shark being investigated, may face penalties "
"Published: Aug 01, 2022 07:54 PM Updated: Aug 01, 2022 10:25 PM","GT Investigates: US 'evil bill' against Xinjiang wreaks havoc on global supply chains, green push"
"Published: Aug 01, 2022 08:04 PM","Pig milk could become next human drink, researchers say"
"Published: Aug 01, 2022 08:08 PM",Children climbing Xi'an ancient city wall at will sound alarm to conservation of historic landmarks
"Published: Aug 01, 2022 08:16 PM",Driving school principal invents ‘frame cars’ for novice training
"Published: Aug 01, 2022 08:28 PM",Mencius’ mother may have to ‘move a fourth time’ in front of music festival
"Published: Aug 01, 2022 08:55 PM","PLA Navy's 14 years of missions in blue waters safeguard intl trade routes, win more overseas recognition"
"Published: Aug 01, 2022 10:15 PM",BRICS becomes appealing to more countries as Algeria signals interest in joining group: experts
"Published: Aug 01, 2022 10:08 PM","Chinese people honor PLA soldiers on 'special' Army Day, vow to defend motherland to death amid Taiwan Straits tensions"
"Published: Aug 01, 2022 10:23 PM","New Zealand expected to 'regain popularity among Chinese students, tourists' after borders fully open"
"Published: Aug 01, 2022 10:37 PM",New S.Korean ambassador inaugurated; experts say THAAD's threat to China's national security key obstacle to bilateral ties
"Published: Aug 01, 2022 10:43 PM Updated: Aug 01, 2022 10:38 PM",Chinese FM spokesperson urges Biden not to allow Pelosi's visit to Taiwan
"Published: Aug 01, 2022 11:09 PM","With lower fertility intentions, China's population to see negative growth before 2025: National Health Commission"
"Published: Aug 01, 2022 11:29 PM",China vows decisive crackdown on job discrimination against recovered COVID-19 patients
"Published: Aug 02, 2022 12:05 AM",HKSAR to conduct measures to ensure performance safety after meeting about Mirror accident
"Published: Aug 02, 2022 01:44 AM Updated: Aug 02, 2022 01:23 AM","China sternly warns Biden admin not to arrange Pelosi's visit to Taiwan, PLA 'will not sit idly by'"
"Published: Aug 02, 2022 03:44 AM",Exclusive: Environmental authority explains how China has handled medical waste amid mass COVID-19 nucleic acid tests to avoid damage to the environment
