﻿"Published: Jan 22, 2020 09:15 PM Updated: Jul 25, 2022 09:05 AM",Real-time update on coronavirus outbreak
"Published: Jul 18, 2022 01:35 PM",China is a partner who brings cooperation with Europe: Hungarian FM Peter Szijjarto
"Published: Jul 18, 2022 02:45 PM Updated: Jul 18, 2022 02:42 PM",SW China’s Chengdu hit by faster spreading Omicron variant BA.2.12.1
"Published: Jul 18, 2022 03:30 PM",Anyone who dares to assume anti-China stance and instigate riots in SARs will be severely punished: top official on Hong Kong affairs
"Published: Jul 18, 2022 07:22 PM","NW China’s Lanzhou detects 87 positive cases amid sixth mass screening; 9,383 residents under quarantine"
"Published: Jul 18, 2022 08:10 PM",Overthrowing foreign governments deep in bones of how US conducts its foreign policy: Chinese FM
"Published: Jul 18, 2022 08:29 PM",China’s legal supervision development in procuratorial organs in the past decade
"Published: Jul 18, 2022 09:12 PM","Inbound flight crew member tests positive for COVID-19, cutting record of Beijing reporting zero new cases in seven days"
"Published: Jul 18, 2022 09:54 PM","First lab module for China Space Station rolled out to launch pad, expected to be launched soon"
"Published: Jul 18, 2022 10:08 PM",Vacation destination Beihai strives to answer requests of stranded tourists due to sudden COVID flare-up
"Published: Jul 18, 2022 10:21 PM",CPC’s innovative strategies determine China’s tech achievements in past decade
"Published: Jul 18, 2022 10:44 PM Updated: Jul 18, 2022 11:15 PM","NW China's Xinjiang demonstrates great economic vitality in multiple sectors, defying US' smear, crackdown"
"Published: Jul 18, 2022 10:33 PM",CPC-led scientific innovation breaks foreign tech blockade to make strides in ‘artificial sun’ research
"Published: Jul 18, 2022 10:44 PM Updated: Jul 18, 2022 11:14 PM","Trump’s defense chief visits Taiwan for further arms lobbying, with prospect of fat ‘welcoming fees’"
"Published: Jul 18, 2022 11:11 PM","China reaffirms determination to wipe out mafia gangsters, protectors"
"Published: Jul 18, 2022 11:09 PM","Human rights abuses by US, allies persistent, systematic: FM spokesperson"
"Published: Jul 19, 2022 12:07 AM",Rare large 'red mountain' discovered in Hoh Xil
"Published: Jul 19, 2022 12:10 AM",Profiting from children and adult content involving minors among main targets of China's cyberspace regulator’s summer campaign
"Published: Jul 19, 2022 12:19 AM",EU’s sanctions against Russia less effective; EU may not impose more
"Published: Jul 19, 2022 01:09 AM",Failed law enforcement in Texas shooting ‘tip of iceberg’ amid US deep social woes
"Published: Jul 19, 2022 01:39 AM","China, India agree at latest commander-level meeting to work out mutually acceptable resolution of remaining border issues at the earliest"
"Published: Jul 19, 2022 10:10 AM",Update: Gas explosion at resident’s home in N.China’s Tianjin kills 4 people and injures 13 as search and rescue work concluded
"Published: Jul 19, 2022 11:01 AM Updated: Jul 19, 2022 10:59 AM",New subvariants of Omicron found in China result in roughly same symptoms as other subvariants: CDC expert
"Published: Jul 19, 2022 03:01 PM",'Invisible dragnet' exposed: US ICE becomes surveillance agency to abuse own citizens' private data
"Published: Jul 19, 2022 05:59 PM","Chinese court orders Dutch collector to return smuggled 1,000-year-old mummified Buddha statue"
"Published: Jul 19, 2022 06:56 PM","19th Asian Games to be held from September 23 to October 8, 2023 in Hangzhou"
"Published: Jul 19, 2022 07:46 PM",China's public security authority stresses enhanced police patrols on streets to prevent extreme violence
"Published: Jul 19, 2022 08:06 PM",China warns forceful countermeasures if US arranges Pelosi to visit Taiwan
"Published: Jul 19, 2022 07:46 PM",Photo of what seems to be China's new submarine revealed in official report
"Published: Jul 19, 2022 08:01 PM",20 provincial-level regions report COVID-19 cases with multiple surpassing 400 on daily basis
"Published: Jul 19, 2022 09:19 PM","HK Palace Museum receives flood of visitors, to issue booklet on Chinese history"
"Published: Jul 19, 2022 09:56 PM",Chinese fans express continuous support for Japanese ‘Ice Prince’ Yuzuru Hanyu after his retirement from competitive skating
"Published: Jul 19, 2022 10:06 PM",China urges the international community to work together to jointly deal with food crisis
"Published: Jul 19, 2022 10:12 PM","EU, China hold trade dialogue video conference on Tuesday"
"Published: Jul 19, 2022 10:38 PM Updated: Jul 19, 2022 11:38 PM",Pelosi could spark ‘more serious’ Taiwan Straits crisis; China-US ties would fall off cliff if Washington intended to crash ‘guardrails’
"Published: Jul 19, 2022 10:33 PM","War crimes committed by the US, the UK and Australia "
"Published: Jul 19, 2022 10:52 PM","Putin visits Iran for trilateral summit, ‘a punch back’ on heels of Biden’s empty-handed Mideast trip"
"Published: Jul 19, 2022 11:40 PM",NW China's Ningxia launches level IV emergency response against bubonic plague after one case found
"Published: Jul 20, 2022 12:04 AM",New Omicron variant identified in NE China's port city of Dandong
"Published: Jul 20, 2022 01:29 AM","China, EU could cooperate amid US 'disreputable role' in worsening world food crisis"
"Published: Jul 20, 2022 01:45 AM","China, EU vow to enhance stability of bilateral cooperation to cope with uncertainty in global economy in long-awaited key dialogue"
"Published: Jul 20, 2022 01:40 PM",Henan police arrests man for forcibly dragging woman into toilet of a bar
"Published: Jul 20, 2022 01:42 PM",Aircraft carrier Shandong sails through Taiwan Straits amid US warship's 'cost-saving' provocation
"Published: Jul 20, 2022 05:50 PM",Two Pizza Hut shops in Beijing investigated for food scandal
"Published: Jul 20, 2022 06:41 PM",European Parliament slammed for poisoning China-EU relations and urged to abide by one-China principle
"Published: Jul 20, 2022 06:58 PM",AUKUS sub deal could involve transferring tons of weapons-grade nuke material: Chinese report
"Published: Jul 20, 2022 07:44 PM",US beautifying itself as the top country in its annual human trafficking report only brings disgrace on its own head: Chinese Foreign Ministry
"Published: Jul 20, 2022 07:41 PM","Sri Lanka's acting president voted as new president, to carry on negotiations with IMF, other intl lenders"
"Published: Jul 20, 2022 08:30 PM",Judging committee meeting of 1st Silk Road Global News Awards held in Beijing
"Published: Jul 20, 2022 08:55 PM","Kissinger warns Biden on China ties amid Washington's enhanced provocations against Beijing; consequences would be 'fatal, unbearable' for Biden"
"Published: Jul 20, 2022 09:07 PM","China's ‘blue helmets’ on frontlines of safeguarding world peace, stability with firm commitment over decades "
"Published: Jul 20, 2022 09:29 PM",Western countries tumble in coping with heat wave; time to realize necessity of climate cooperation
"Published: Jul 20, 2022 09:47 PM","Hydrogen energy in industrial production and handling could be the next breakthrough for decarbonization in China, industrial insiders say"
"Published: Jul 20, 2022 10:19 PM",Häagen-Dazs takes batches of vanilla-flavored ice cream off shelves on the mainland market after a chemical carcinogen was detected
"Published: Jul 20, 2022 10:48 PM","Premier Li makes latest avowal of opening-up, reasonable growth in reassuring message to foreign business community"
"Published: Jul 20, 2022 11:14 PM","Chinese tanning salons embrace booming period amid pandemic, fitness fad"
"Published: Jul 20, 2022 11:24 PM","Smaller Chinese cities battle Omicron resurgence with limited medical resources, financial pressure"
"Published: Jul 21, 2022 09:54 AM","Update: Tornado in E.China's Jiangsu kills one, injures 25, affecting 2,272 people"
"Published: Jul 21, 2022 10:55 AM",China's Feng Bin wins women's discus throw gold at World Athletics Championships
"Published: Jul 21, 2022 02:38 PM",Indonesian President Joko Widodo to visit China: Chinese FM
"Published: Jul 21, 2022 05:32 PM",Resident in E.China discovers dinosaur-era creatures in the pond
"Published: Jul 21, 2022 06:28 PM",Shanghai govt bans job discrimination against people who recovered from infectious diseases including COVID
"Published: Jul 21, 2022 09:37 PM",Positive signs flicker for stranded Indian students to return to China for study
"Published: Jul 21, 2022 10:00 PM Updated: Jul 21, 2022 10:30 PM",China 'to observe deeds' of future British PM as UK leadership race enters end stage
"Published: Jul 21, 2022 10:09 PM","Y-20 large transport aircraft excels at aid delivery to foreign countries, shows China’s duty of care as a major country  "
"Published: Jul 21, 2022 10:21 PM",Shanghai bans job discrimination against recovered COVID patients 
"Published: Jul 21, 2022 10:18 PM",Chinese envoy to US criticizes Biden admin for undermining the one-China principle with support for Taiwan secessionists
"Published: Jul 21, 2022 10:27 PM","China mulls further reduction of quarantine period, more precise anti-epidemic measures"
"Published: Jul 21, 2022 10:46 PM",Trade cooperation to top agenda during Indonesian president's China visit
"Published: Jul 21, 2022 11:04 PM",Saying good-bye
"Published: Jul 21, 2022 11:23 PM",New record for horizontal drilling tech set in Xizang hydropower project
"Published: Jul 21, 2022 11:15 PM","China, S Korea made substantial progress for 2nd phase FTA talk: MOFCOM"
"Published: Jul 22, 2022 12:09 AM",Pro-US or pro-India forces likely behind Nepali civic group's repeated smears of 'land encroachment by China'
"Published: Jul 22, 2022 12:15 AM",China's top economic planner steps up mechanism against food waste to ensure food security
"Published: Jul 22, 2022 12:57 AM",11th China-Africa Think Tanks Forum promotes spirit of China-Africa friendship and cooperation
"Published: Jul 22, 2022 01:30 AM Updated: Jul 22, 2022 01:32 AM",China's message of warning 'received' as Pentagon opposes Pelosi's planned Taiwan visit
"Published: Jul 22, 2022 01:31 AM","US, allies eye exclusive supply chains despite soaring inflation; Politicized move hard to carry out as it pushes up prices, ‘against globalization’"
"Published: Jul 22, 2022 01:31 AM",Extinction of Chinese paddlefish and wild Yangtze sturgeon announced by IUCN
"Published: Jul 22, 2022 02:58 PM Updated: Jul 23, 2022 07:18 PM",Biden’s COVID-19 diagnosis highlights US as having ‘biggest number of infections among senior officials’
"Published: Jul 22, 2022 04:17 PM",Abbot dismissed and religious officials punished as Japanese war criminals’ memorial tablets found in a Nanjing temple
"Published: Jul 22, 2022 05:03 PM",Extreme heatwaves to rise to 32% of days in N.America by 2100: Chinese researchers
"Published: Jul 22, 2022 08:00 PM",Yangtze fishing ban helps avoid further losses as public laments Chinese paddlefish extinction
"Published: Jul 22, 2022 08:35 PM",Japan slammed for seeking excuses for military expansion by hyping threats from neighbors in annual defense report
"Published: Jul 22, 2022 09:06 PM","Xinjiang region sees booming tourism with more domestic, foreign visitors, a strong response to smears: regional spokesperson"
"Published: Jul 22, 2022 09:49 PM","Japan approves nuclear-contaminated water discharge plan, may turn Japanese people into ‘sick men of Asia,’ seafood consumption and export nosedive"
"Published: Jul 23, 2022 11:34 AM",Ex-husband of Douyin influencer Lamu executed for setting her on fire during livestream
"Published: Jul 23, 2022 12:13 PM","Nanjing vows thorough investigation, zero tolerance amid outrage over discovery of Japanese war criminals’ memorial tablets in a local temple"
"Published: Jul 23, 2022 02:47 PM",China's AVIC completes onboard testing flight for shipborne unmanned helicopter
"Published: Jul 23, 2022 04:16 PM Updated: Jul 23, 2022 07:19 PM","Heatwaves hit China with temperatures reaching record high in E.China’s Zhejiang, Fujian"
"Published: Jul 23, 2022 04:30 PM Updated: Jul 23, 2022 07:39 PM","Vaccination of Chinese incumbent Party, state leaders assures shots' safety, promotes inoculation among elderly"
"Published: Jul 23, 2022 07:01 PM Updated: Jul 24, 2022 01:47 PM",96% of respondents support UN probe into US shocking human rights abuses in Global Times online poll
"Published: Jul 23, 2022 10:21 PM Updated: Jul 24, 2022 02:03 PM",COVID-19 prevention shows China capable of containing monkeypox as WHO declares it a global health emergency: expert
"Published: Jul 24, 2022 11:54 AM Updated: Jul 24, 2022 02:32 PM","China successfully launches Wentian lab module, construction of China’s space station enters full speed stage"
"Published: Jul 24, 2022 02:38 PM","Working group sent to investigate Gansu coal mine collapse that kills 10, injures 7"
"Published: Jul 24, 2022 02:35 PM",China’s Supreme People’s Court urges to prohibit job discriminations against recovered COVID-19 patients
"Published: Jul 24, 2022 02:45 PM",China successfully launches Wentian lab module for space station
"Published: Jul 24, 2022 04:06 PM",World Youth Development Forum highlights youth participation in digital economy
"Published: Jul 24, 2022 06:43 PM",Beijing's latest local COVID-19 case infection may have been due to contacting imported frozen food
"Published: Jul 24, 2022 07:15 PM",PLA to train pilots faster with new programs amid warplane production capacity boost
"Published: Jul 24, 2022 09:02 PM","Dulong people achieve miracle of eradicating poverty, embracing better life under firm leadership of CPC"
"Published: Jul 24, 2022 09:05 PM","CPC Central Committee’s determination, targeted measures are key behind historic leap of Dulong people shaking off poverty: observer"
"Published: Jul 24, 2022 09:26 PM",Huawei equipment disrupting US military communications? An ‘ignorant assumption’
"Published: Jul 24, 2022 09:30 PM",China ready to cope with imported monkeypox cases
"Published: Jul 24, 2022 09:35 PM",White House’s concern over Pelosi’s visit hints at danger of miscalculation; time to ‘test Biden’s commitment’ made to China
"Published: Jul 24, 2022 10:29 PM",China's population expected to see negative growth before 2025: official 
"Published: Jul 24, 2022 11:05 PM",China's space program is neither a militarization of space nor a new Cold War
"Published: Jul 25, 2022 12:34 AM",Xinjiang tourism authorities called on tourists to keep the Duku Highway clean and tidy
"Published: Jul 25, 2022 01:23 AM",Community transmission chain of Omicron subvariant BA.2 in Shenzhen has not been cut: local health authority
"Published: Jul 25, 2022 02:01 AM","Woman detained in Nanjing for enshrining Japanese war criminals at temple; pure individual act out of selfish motive, probe says"
"Published: Jul 25, 2022 04:13 AM","Shenzhou-14 crew receives 1st lab module Wentian at China Space Station, verifying country’s ability to assemble ultra-large spacecraft in orbit"
