﻿"Published: Jan 22, 2020 09:15 PM Updated: May 09, 2022 09:00 AM",Real-time update on coronavirus outbreak
"Published: May 05, 2022 09:16 AM",Falsehoods spread by the US on the Ukraine Issue
"Published: May 05, 2022 11:39 AM",China launches Jilin-1 commercial satellites
"Published: May 05, 2022 04:48 PM",Shanghai establishes team of 500 experts to support severe COVID-19 patients’ treatment
"Published: May 05, 2022 07:04 PM",US senior official hypes 'China threat' for own military expansion: FM
"Published: May 05, 2022 08:27 PM","Marrakesh Treaty effective in China, grants 17m print-disabled people with more access to culture, education"
"Published: May 05, 2022 08:31 PM","China acting as safe haven and stabilizer for world economy in time of crisis, official says"
"Published: May 05, 2022 09:02 PM","Both Russia, Ukraine FMs praise China's fair, just stance on current crisis in recent interviews: FM"
"Published: May 05, 2022 09:10 PM","China will surely win anti-COVID war in Shanghai, with time-tested epidemic control policy: top leadership"
"Published: May 05, 2022 09:19 PM",Death toll rises to 26 in Changsha building collapse
"Published: May 05, 2022 09:21 PM Updated: May 05, 2022 09:16 PM",China’s recombinant protein vaccine 87.6% effective against severe cases
"Published: May 05, 2022 09:42 PM","Shanghai universities, companies join hands to stabilize jobs in toughest employment year"
"Published: May 05, 2022 09:54 PM",Special envoy promotes China's goodwill to mediate during Seoul visit amid rising tensions on Korean Peninsula
"Published: May 05, 2022 10:20 PM",Shanghai likely to gradually lift lockdowns 'by end of May'
"Published: May 05, 2022 10:31 PM",Life skills to become part of curriculum for schools in China
"Published: May 05, 2022 10:56 PM Updated: May 05, 2022 10:46 PM",CPC top leadership stresses sticking to zero-COVID policy
"Published: May 05, 2022 10:44 PM",Online celebrity given jail term for violating martyrs' reputation
"Published: May 05, 2022 11:17 PM",Chinese FM wishes Blinken speedy recovery from COVID after virus postpones his speech on 'China strategy'
"Published: May 05, 2022 11:42 PM","Hospital, local health commission punished for child's death; clues of denied or delayed treatment for COVID-19 test not found"
"Published: May 06, 2022 12:05 AM","China will surely win anti-COVID war in Shanghai, with time-tested epidemic control policy: top leadership"
"Published: May 06, 2022 12:16 AM","US, Japan defense chiefs hype neighbors' 'threats' ahead of Biden's Asia tour, justifying own hegemony"
"Published: May 06, 2022 12:34 AM",Shanghai residents buy hairdressing services in bulk after being under static management for over one month
"Published: May 06, 2022 01:47 AM",Volunteer of world's first dose of inactivated vaccine against Omicron shows no physical discomfort
"Published: May 06, 2022 10:11 AM",53 confirmed dead in central China building collapse
"Published: May 06, 2022 01:44 PM Updated: May 06, 2022 01:36 PM","Former deputy head of China Development Bank being prosecuted for taking bribes, issuing illegal loans"
"Published: May 06, 2022 02:07 PM",19th Asian Games to be postponed: organizer
"Published: May 06, 2022 03:37 PM",Wang Qishan to attend inauguration of Yoon Suk-yeol: Chinese FM
"Published: May 06, 2022 04:34 PM","Shanghai vows to continue decisive battle against epidemic, stick to dynamic zero-COVID policy after CPC top leadership meeting"
"Published: May 06, 2022 05:29 PM",S.China's Guangdong no longer uses birth registration to restrict births; moves closer to 'scraping all restrictions'
"Published: May 06, 2022 06:31 PM Updated: May 06, 2022 11:06 PM",Asian countries warned of NATO's global expansion as China honors people killed in 1999 bombing against former Yugoslavia
"Published: May 06, 2022 06:33 PM",Pursuing zero-COVID policy is to avoid citywide lockdowns as much as possible: top Chinese health expert
"Published: May 06, 2022 06:58 PM","Taiwan authorities abandon US anti-sub helicopters sale due to 'high price,' sparking speculation over discord and divergence"
"Published: May 06, 2022 09:48 PM","2022 Hangzhou Asian Games rescheduled, Chengdu 2021 FISU World University Games postponed over COVID concerns"
"Published: May 06, 2022 10:25 PM","China’s State Council launches investigation into Changsha building collapse, vows to deal with nationwide self-constructed structures issue"
"Published: May 06, 2022 10:24 PM Updated: May 06, 2022 11:07 PM","HK expects solidarity, effective governance as chief executive election to kick off on Sunday"
"Published: May 06, 2022 10:40 PM Updated: May 06, 2022 11:07 PM",Shanghai vows to firmly implement dynamic zero policy after CPC leadership meeting
"Published: May 07, 2022 01:13 AM",US urged to learn lesson from Ukraine crisis: Chinese vice foreign minister
"Published: May 07, 2022 01:21 PM",Spokesperson of Chinese Embassy in the UK rejects Japanese Prime Minister’s words concerning Taiwan during UK visit
"Published: May 07, 2022 02:51 PM","Shanghai postpones high school, college entrance exams amid epidemic"
"Published: May 07, 2022 06:03 PM","Former official at China’s top court sentenced to 14 years in prison for taking bribes, illegally obtaining national secrets"
"Published: May 07, 2022 10:06 PM Updated: May 08, 2022 09:16 AM","China, Serbia mark anniversary of NATO bombing of Chinese Embassy in 1999"
"Published: May 07, 2022 11:23 PM",Fact Sheet on the National Endowment for Democracy
"Published: May 08, 2022 12:09 AM","Chinese Embassy strongly opposes Canada over visit of so-called Tibetan ""government-in-exile"" leader Penpa Tsering"
"Published: May 08, 2022 08:53 AM",Hong Kong Chief Executive Election begins the voting process on Sunday morning
"Published: May 08, 2022 11:21 AM","US’ NED ‘mastermind’ behind global separatist riots, color revolutions, political crises: Chinese FM report"
"Published: May 08, 2022 11:33 AM",Voting in HKSAR's sixth-term chief executive election concludes
"Published: May 08, 2022 12:14 PM",China and ROK share similar positions on Korean Peninsula issue amid rising tensions: Chinese special envoy
"Published: May 08, 2022 12:33 PM Updated: May 08, 2022 01:33 PM",John Lee elected as sixth-term Chief Executive of HKSAR with 99.16% supportive votes
"Published: May 08, 2022 02:15 PM Updated: May 08, 2022 02:06 PM",Shanghai residents see light at the end of Omicron outbreak: medical expert
"Published: May 08, 2022 06:04 PM","Criminal case filed against Beijinger for concealing residence, leading to virus spread and closed-off management of more than 1,300"
"Published: May 08, 2022 07:11 PM",Permanent populations of 10 provincial-level regions in China fall in 2021: data
"Published: May 08, 2022 07:43 PM","PLA encircles Taiwan island with carrier drills amid US, Japanese provocations"
"Published: May 08, 2022 08:08 PM",Xi to address grand gathering marking Communist Youth League of China centenary
"Published: May 08, 2022 08:17 PM Updated: May 08, 2022 07:57 PM","Meet John Lee Ka-chiu, Hong Kong’s new chief executive known for strong love of nation and SAR"
"Published: May 08, 2022 08:21 PM","Shanghai into 10th day of case declines, ‘sees light at end of tunnel’  "
"Published: May 08, 2022 09:33 PM",Beijing still in 'tug of war' against Omicron
"Published: May 08, 2022 09:59 PM","With highest level of support, John Lee set to open new chapter for Hong Kong"
"Published: May 08, 2022 09:43 PM",1 million US lives lost to COVID a result of Washington's catastrophic epidemic response and incompetence
"Published: May 08, 2022 10:54 PM Updated: May 08, 2022 10:39 PM",Foreign firms refute ‘investor flight’ hype; temporary disruptions do not represent long-term outlook
"Published: May 08, 2022 10:39 PM Updated: May 09, 2022 04:00 AM",Post-00s Chinese confidently express love to their country at bigger stages
"Published: May 08, 2022 11:48 PM Updated: May 08, 2022 11:45 PM","How ‘Seine of Beijing’ becomes a romantic escape for Beijing residents, expats amid COVID-19"
"Published: May 08, 2022 11:54 PM",E China's rare red sky caused by the refraction of lights from fishing boats: local meteorologist
"Published: May 09, 2022 12:17 AM","NE China's Jilin lifts travel restrictions , restores highway operations"
"Published: May 09, 2022 01:01 AM Updated: May 09, 2022 03:57 AM",Generation born in the 1980s inspired by the fastest-growing decade in China
"Published: May 09, 2022 02:00 AM",US Embassy in China mocked by Chinese netizens after comparing Russia with Nazi Germany
"Published: May 09, 2022 03:08 AM",World should listen more to Asian voices as global governance enters the 'Asian time': Wang Yi
"Published: May 09, 2022 03:56 AM","China's 1950s generation looks back on the intertwining of their destiny and China's development, thanking the opportunities presented by the times"
"Published: May 09, 2022 07:10 AM","PLA holds joint drills east, southwest to Taiwan island, ‘sends warning to secessionists, external forces’"
"Published: May 09, 2022 02:58 PM",China's customs authority enhances medical checks for arrivals to prevent introduction of acute hepatitis in children
"Published: May 09, 2022 06:15 PM","Xi speaks to Scholz, stressing stabilizing, constructive, steering role of China-Germany ties"
"Published: May 09, 2022 07:00 PM Updated: May 09, 2022 06:55 PM",Yangtze River Delta region steps up epidemic prevention to curb community transmission of COVID-19
"Published: May 09, 2022 07:48 PM",Beijing races against time in combating COVID-19 with new rounds of testing
"Published: May 09, 2022 08:17 PM","Hong Kong CE-elect discusses tasks for transition, successful election plunges West into hysteria, fury"
"Published: May 09, 2022 08:53 PM Updated: May 09, 2022 08:51 PM","Umbrellas, poems become new '1-meter line' at COVID-19 testing sites"
"Published: May 09, 2022 09:03 PM","Visiting Chinese VP meets Moon Jae-in, says ‘friendly cooperation should not change’"
"Published: May 09, 2022 09:42 PM",China starts world’s 1st sequential trial on Omicron-specific vaccine
"Published: May 09, 2022 10:54 PM",Engagement with China ‘to continue’ in post-Duterte era despite US factor
"Published: May 09, 2022 10:41 PM",China-bashing tactics ahead of elections ‘hurt Aussie parties’
"Published: May 09, 2022 11:01 PM","Chinese people born in 1950s, 1980s, and 2000s experience different youth, yet share same national dream and passion"
"Published: May 09, 2022 11:36 PM Updated: May 10, 2022 02:21 AM","Putin’s calm, restrained Victory Day speech 'left room for negotiations'"
"Published: May 09, 2022 11:47 PM",Some French media and scholars expect to see China's 'Chernobyl moment' by attacking the dynamic zero-COVID policy: Chinese Ambassador to France
"Published: May 10, 2022 12:49 AM","China to launch Tianzhou-4 cargo spacecraft to resupply China Space Station around 2 am, local time, on Tuesday: CMSA"
"Published: May 10, 2022 01:57 AM",China launches Tianzhou-4 cargo resupply mission to help build space station
"Published: May 10, 2022 09:10 AM","Tianzhou-4 carries out fast rendezvous and docking with Tianhe core module, kicking off construction of China’s Space Station"
"Published: May 10, 2022 09:14 AM",Tianzhou-4 cargo ship docks with China's space station
"Published: May 10, 2022 10:57 AM Updated: May 10, 2022 03:57 PM","Xi highlights Youth League’s significance, raises expectations for youth on centennial of CYLC’s founding"
"Published: May 10, 2022 01:27 PM Updated: May 10, 2022 01:21 PM",China maps out measures to develop $3.28 trillion bioeconomy by 2025
"Published: May 10, 2022 01:53 PM","Urine treatment system renewal parts brought to China space station with Tianzhou-4, system reliability 'fully verified'"
"Published: May 10, 2022 03:01 PM Updated: May 10, 2022 02:57 PM",Update: Shanghai refutes rumors of a person infected with COVID-19 hid in a building for 14 days
"Published: May 10, 2022 03:35 PM Updated: May 10, 2022 03:29 PM",Little Red Book cracks down on wealthy show-offs
"Published: May 10, 2022 04:46 PM Updated: May 10, 2022 04:24 PM",US attempts to erase one-China principle by changing Taiwan-related statement: Chinese scholar
"Published: May 10, 2022 08:06 PM",Tianzhou-4 cargo spacecraft delivers supplies to Tiangong in 1st of six China Space Station construction missions
"Published: May 10, 2022 08:37 PM",Marcos wins Philippine elections in landslide; analysts say close China ties to remain
"Published: May 10, 2022 08:39 PM","Xi, Macron speak on phone, agree related parties should support Russia-Ukraine peace talks"
"Published: May 10, 2022 09:04 PM","Chinese VP attends SK president inauguration, showing sincerity in furthering ties amid US Indo-Pacific strategy push"
"Published: May 10, 2022 09:17 PM","Beijing issues new guideline for home quarantine, conditions ‘grow mature as most people vaccinated’"
"Published: May 10, 2022 09:27 PM",How Chinese view China-ASEAN relations
"Published: May 10, 2022 09:47 PM",China's fishing activities in Pacific 'new target' under US' hegemonic strategy
"Published: May 10, 2022 10:10 PM","Xinjiang invites Muslim residents, imams via video link to debunk disinformation ahead of UN human rights chief’s visit"
"Published: May 10, 2022 10:44 PM",Nine out of 10 Chinese see friendly China-ASEAN ties
"Published: May 10, 2022 11:01 PM","US ‘biggest disruptor’ of China-ASEAN ties, with the South China Sea question in focus: GT survey"
"Published: May 10, 2022 11:15 PM","Singapore tops level of interest, affection of Chinese public for ASEAN"
"Published: May 10, 2022 11:44 PM",Nongfu Spring packaging triggers controversy over animal shows
"Published: May 11, 2022 12:07 AM Updated: May 10, 2022 11:48 PM","Xi’s speech on centennial of CYLC’s founding encourages Chinese youth, ‘explained echelon formation of the CPC that keeps the Party’s vigor forever’"
"Published: May 10, 2022 11:53 PM","Guangzhou launches emergency response for rainstorm, flooding"
"Published: May 11, 2022 12:14 AM","GT Investigates: West ignores scientific wisdom with premature reopening, most vulnerable left to die"
"Published: May 11, 2022 12:18 AM",Guangzhou takes measures to deal with upcoming rainstorm
"Published: May 11, 2022 12:35 AM",A wild panda is found dead on rocky beach; police rule out hunting
"Published: May 11, 2022 01:32 AM","PLA shadows US cruiser through Taiwan Straits, vows to counter provocations"
