﻿"Published: Jan 22, 2020 09:15 PM Updated: Feb 21, 2022 09:10 AM",Real-time update on coronavirus outbreak
"Published: Feb 15, 2022 11:15 PM Updated: Feb 18, 2022 01:10 PM",China reaches record high gold medal haul at Beijing 2022
"Published: Feb 20, 2022 09:36 PM",Mom shocked to find daughter bringing over 100 cosmetics to school
"Published: Feb 20, 2022 10:21 PM Updated: Feb 21, 2022 02:02 PM",‘Together for a shared future’: 2022 Olympics highlight genuine friendship beyond borders
"Published: Feb 20, 2022 11:06 PM",Ukraine crisis 'could escalate' but all-out war unlikely: experts
"Published: Feb 20, 2022 11:28 PM","Bidding farewell to Beijing 2022 with tears, hugs and hope"
"Published: Feb 20, 2022 11:20 PM",US’ attempt to woo Pacific islands serves its regional interests after realizing Western power vacuum in region
"Published: Feb 20, 2022 11:18 PM",Pakistan's acquisition of Chinese J-10C fighter jets significant for both sides: analysts
"Published: Feb 20, 2022 11:29 PM",Lighting equipment of Beijing 2022 closing ceremony 100% made in China: chief lighting designer
"Published: Feb 20, 2022 11:57 PM",Aid from mainland to Hong Kong brings Wuhan experience against epidemic
"Published: Feb 21, 2022 12:06 AM",Australia's accusation of PLA vessel's laser deployment 'false mud-throwing at China'
"Published: Feb 21, 2022 12:20 AM",17-day Beijing Winter Olympics successfully closes curtain on Sunday. What's left for Chinese people and the world?
"Published: Feb 21, 2022 12:58 PM",Chinese capital releases letter of thanks to 21m Beijingers for contributions to successfully hosting Olympics
"Published: Feb 21, 2022 01:27 PM",Inner Mongolia's Hohhot sees COVID-19 spike fueled by days of hidden transmission
"Published: Feb 21, 2022 05:04 PM",China takes countermeasures against US military firms
"Published: Feb 21, 2022 06:00 PM","China vows to take countermeasures against Raytheon, Lockheed Martin for US’ arms sale plan to Taiwan"
"Published: Feb 21, 2022 06:01 PM Updated: Feb 21, 2022 08:41 PM",China to send largest delegation ever with 96 athletes to Beijing Winter Paralympics
"Published: Feb 21, 2022 06:26 PM Updated: Feb 22, 2022 12:48 AM",UPDATE: Australia’s claim about PLA vessel’s laser deployment false: Chinese authorities
"Published: Feb 21, 2022 09:05 PM","China sees COVID-19 surges caused by multiple,'invisible' sources of infection"
"Published: Feb 21, 2022 09:20 PM",Recent Chinese-S.Korean negative sentiment is temporary as friendly cooperation remains mainstream: Chinese envoy
"Published: Feb 21, 2022 09:34 PM",Japanese volunteer hopes to cheer on Chinese counterparts for Paralympic Games
"Published: Feb 21, 2022 10:05 PM",COVID-19 infections in Hong Kong reach record high; 'vaccine pass' to be rolled out
"Published: Feb 21, 2022 10:18 PM","China's Z-20 helicopter enters armed police service, offers mobility in anti-terrorist missions"
"Published: Feb 21, 2022 10:24 PM Updated: Feb 21, 2022 11:10 PM","Beijing begins Paralympics preparations, highlighting humanity, warmth and considerable care"
"Published: Feb 21, 2022 10:52 PM","France to host 1st ministerial meeting on Indo-Pacific, eyes ‘leading role’"
"Published: Feb 21, 2022 10:57 PM Updated: Feb 22, 2022 09:35 AM",China shows its rejuvenation path to world via Winter Olympics 14 years after Beijing 2008
"Published: Feb 21, 2022 11:09 PM Updated: Feb 21, 2022 11:38 PM","Olympic volunteers, logistical staff saluted for excellent work that made ‘truly exceptional’ Beijing event possible"
"Published: Feb 21, 2022 11:21 PM",'First foreigner labeled as China state-affiliated media' calls unfair Western coverage of China part of systemic slander campaign
"Published: Feb 21, 2022 11:30 PM","Beijing sends off Olympians in safe, orderly manner "
"Published: Feb 21, 2022 11:36 PM",'Hard to say goodbye' to Bing Dwen Dwen as Beijing Winter Olympics end
"Published: Feb 21, 2022 11:53 PM","DPP to probe Chinese Taipei athlete for wearing uniform of Team China, a 'typical case of political crackdown on sports'"
"Published: Feb 21, 2022 11:57 PM","50 years after Nixon's historic visit, China to be more connected with world 'but US could be more isolated'"
"Published: Feb 22, 2022 01:04 AM","Reputation of deceased heroes, martyrs and role models like Yuan Longping should be protected"
"Published: Feb 22, 2022 01:25 AM","China's Type 055 large destroyer Lhasa conducts live-fire drills, enhances combat capabilities"
"Published: Feb 22, 2022 01:48 AM",Hong Kong's dynamic zero tolerance 'still our policy': top epidemiologist
"Published: Feb 22, 2022 02:27 AM",Beijing Winter Games show new possibility of simultaneously carrying out COVID-19 controls and opening to the world: Zhang Wenhong
"Published: Feb 22, 2022 11:49 AM",Top anti-corruption body calls for officials to draw lesson from Zhou Jiangyong's case
"Published: Feb 22, 2022 11:35 AM",China calls on all parties concerned on Ukraine issue to solve disputes by peaceful means at UNSC emergency meeting
"Published: Feb 22, 2022 12:55 PM Updated: Feb 22, 2022 10:03 PM","Chinese Foreign Minister calls on all parties on Ukraine issue to remain restrained, resolving disputes through peaceful means"
"Published: Feb 22, 2022 01:29 PM","Cost of raising a child until age 18 in China 6.9 times China's GDP per capita, higher than US, France and Germany: report"
"Published: Feb 22, 2022 02:06 PM",Auspicious 20220222: Chinese rush to get married on Feb 22 of 2022
"Published: Feb 22, 2022 03:59 PM","Chinese FM calls on all parties to remain calm, resolve Ukraine issue through dialogue"
"Published: Feb 22, 2022 05:47 PM","Omicron hits Wuhan, centered on cosmetics staff training"
"Published: Feb 22, 2022 05:49 PM","Chinese FM calls on all parties to remain calm, resolve Ukraine issue through dialogue"
"Published: Feb 22, 2022 06:33 PM",Hong Kong to test 7.3 million residents for COVID-19    
"Published: Feb 22, 2022 07:17 PM",Communities in Beijing launch mass nucleic acid testing after reports of four cases related to Wuhan
"Published: Feb 22, 2022 08:50 PM","How US media, liberal or conservative, turn Beijing Winter Olympics into another feather in their anti-China campaign cap"
"Published: Feb 22, 2022 09:17 PM Updated: Feb 23, 2022 02:44 PM","China handles complex Ukraine crisis with caution, principle"
"Published: Feb 22, 2022 10:00 PM","Russian, Ukrainian, French, UK embassies turn to Chinese Twitter-like Weibo for statements on Ukraine situation"
"Published: Feb 22, 2022 10:46 PM","Security guards, couriers among top 10 positions seeing labor shortage in China"
"Published: Feb 22, 2022 11:13 PM",Canada's description of demonstrators as ‘threat to democracy’ a blatant double standard: Chinese FM
"Published: Feb 22, 2022 11:38 PM",S.Korean celebrities should help ease negative feelings among Chinese and S.Koreans instead of pouring fuel over the fire
"Published: Feb 22, 2022 11:51 PM",Indian media sow discord with maritime road map hype against China
"Published: Feb 22, 2022 11:55 PM",Zhejiang aiming to boost development of sport
"Published: Feb 23, 2022 12:05 AM",PLA vessels to wrap up relief supplies delivery to Tonga
"Published: Feb 23, 2022 12:41 AM",Veteran diplomat Lu Kang takes over as China's new ambassador to Indonesia
"Published: Feb 23, 2022 10:18 AM Updated: Feb 23, 2022 10:15 AM",China urges Japan to restrain diplomats from activities inconsistent with their capacity
"Published: Feb 23, 2022 01:17 PM",DPP's so-called sympathy for Ukraine 'self-serving': spokesperson
"Published: Feb 23, 2022 02:08 PM Updated: Feb 23, 2022 11:54 PM","Exclusive: Evidence of US monitoring 45 countries, regions exposed by Chinese cybersecurity experts for the 1st time"
"Published: Feb 23, 2022 02:13 PM Updated: Feb 25, 2022 12:53 AM",Global Times’ online petition demands US return money to Afghans
"Published: Feb 23, 2022 02:44 PM",Chinese expert calls for nationwide campaign to fight women trafficking
"Published: Feb 23, 2022 03:59 PM",17 officials punished in woman trafficking case in East China
"Published: Feb 23, 2022 05:21 PM",Shenzhen police investigate company for cross-border transportation against anti-epidemic rules as HK infections rise
"Published: Feb 23, 2022 05:52 PM","Wuhan tests over 720,000 residents as 23 COVID-19 infections reported in three days"
"Published: Feb 23, 2022 08:16 PM",PLA Navy's corvette transfers to coast guard ‘reflect development of both forces’
"Published: Feb 23, 2022 09:04 PM","How can US ‘gift’ to Nepal be delivered by ultimatum, asks Chinese FM"
"Published: Feb 23, 2022 10:03 PM",Exclusive: Hong Kong takes mainland zero-COVID policy as ‘successful’; advised to take stricter measures: HK Hospital Authority chief
"Published: Feb 23, 2022 11:51 PM",DPP's Taiwan-Ukraine comparison self-indulging: mainland official 
"Published: Feb 24, 2022 12:12 AM",Giant panda-lending program widely endeared among animal and peace lovers despite frail voice of politicization
"Published: Feb 24, 2022 12:09 AM Updated: Feb 24, 2022 12:43 PM",Western sanctions won’t help solve Ukraine crisis: FM
"Published: Feb 24, 2022 01:17 AM",Figures released by IOC confirm the success of the Beijing Winter Olympics
"Published: Feb 24, 2022 09:00 AM",China urges all parties involved in Ukraine issue to exercise restraint
"Published: Feb 24, 2022 01:55 PM",Chinese Embassy in Ukraine issues security alert to warn Chinese nationals to be vigilant amid escalating situation
"Published: Feb 24, 2022 02:15 PM",China says to promote peace in its own way as Russia launches ‘special operation’ in Donbass
"Published: Feb 24, 2022 02:53 PM",3.1 billion COVID-19 vaccine doses administered on Chinese mainland
"Published: Feb 24, 2022 07:02 PM",China calls on all parties involved in Ukraine tensions not to shut door on peace: Chinese FM
"Published: Feb 24, 2022 07:19 PM Updated: Feb 24, 2022 11:19 PM","China, US to hold commemorations together for the 50th anniversary of Shanghai Communiqué: Chinese FM"
"Published: Feb 24, 2022 07:24 PM","Wang Yi speaks to Russian FM Lavrov on phone, calls for security mechanism through dialogue"
"Published: Feb 24, 2022 07:37 PM",UAE to buy Chinese L-15 supersonic jets despite US pressure
"Published: Feb 24, 2022 08:07 PM Updated: Feb 25, 2022 01:03 AM",Update: Chinese Embassy in Kiev prepares to bring back Chinese nationals amid escalating Ukraine-Russia crisis
"Published: Feb 24, 2022 08:48 PM Updated: Feb 24, 2022 11:58 PM",Winter Olympics start new era for spread of Chinese culture
"Published: Feb 24, 2022 09:12 PM",PLA holds landing drills in E.China Sea with new landing craft
"Published: Feb 24, 2022 10:13 PM",Even US allies not spared from being targeted by US cyberattacks: FM
"Published: Feb 24, 2022 10:58 PM",China urges US to end poisonous legacy left by Trump after ‘China Initiative’ is dropped
"Published: Feb 24, 2022 11:30 PM",Japan’s trade representative office in Beijing hails trade expansion under RCEP
"Published: Feb 24, 2022 11:49 PM","DPP mocked of being ‘pathetic, desperate’ to connect Taiwan with Ukraine for US protection"
"Published: Feb 25, 2022 12:04 AM",Looting in name of democracy: How US pulls the strings behind controversial MCC deal with Nepal?
"Published: Feb 25, 2022 12:05 AM",Time to 'scrape poison off the bone’ after tragic woman trafficking case
"Published: Feb 25, 2022 12:13 AM","Fed up with political malevolence, recipient countries reject MCC over questionable terms"
"Published: Feb 25, 2022 12:43 AM","1,273 fugitives returned to China last year to face justice"
"Published: Feb 25, 2022 12:50 AM",Chinese embassy to arrange chartered flights to evacuate Chinese nationals in Ukraine
"Published: Feb 25, 2022 01:11 AM Updated: Feb 26, 2022 01:48 AM","US distorts China’s neutral stance, ‘uses Ukraine crisis to sow discord between China, Russia’"
"Published: Feb 25, 2022 03:23 AM",HKSAR introduces new emergency regulation providing legal basis for central govt's anti-epidemic aid amid rising cases
"Published: Feb 25, 2022 04:34 PM Updated: Feb 25, 2022 10:52 PM",Kim congratulates Xi on successful Beijing Winter Olympics
"Published: Feb 25, 2022 05:48 PM","Global Times' online petition demands US return money to Afghans generates 315,000 signatures"
"Published: Feb 25, 2022 07:05 PM","China-US relations too big to fail, one-China principle a red line must not be crossed: Ambassador "
"Published: Feb 25, 2022 07:07 PM Updated: Feb 26, 2022 05:06 PM",Moments that last: Heartwarming stories that make Beijing 2022 unforgettable
"Published: Feb 25, 2022 07:21 PM Updated: Feb 26, 2022 03:09 PM","Xi, Putin hold talks at crucial moment of Ukraine crisis, stress peaceful approach"
"Published: Feb 25, 2022 07:50 PM",China will make effort to push for political settlement of the Ukraine issue: Chinese FM
"Published: Feb 25, 2022 08:25 PM",HK expects to control epidemic in 2-3 months with mainland help: financial secretary
"Published: Feb 25, 2022 09:42 PM",Yanqing Paralympic Village in full preparation for athletes after 44-hour conversion
"Published: Feb 25, 2022 11:04 PM","US media misreport ex-Xinhua journalist’s views on Ukraine issue, ignore complaints"
"Published: Feb 25, 2022 11:27 PM","China has 1.032 billion internet users, 73.0% penetration rate"
"Published: Feb 26, 2022 12:09 AM Updated: Feb 26, 2022 01:44 AM","China surveys for evacuation as Russia reportedly enters Keiv, plan ‘eases fear’ amid intense crossfire"
"Published: Feb 26, 2022 02:25 PM","UPDATE: PLA monitors US warship transit in Taiwan Straits amid Ukraine crisis, slams move as ‘hypocritical, futile’"
"Published: Feb 26, 2022 03:03 PM","China calls on UN actions to be conducive to defusing Ukraine crisis amid public rejection of escalation, 'not to Ukraine'"
"Published: Feb 26, 2022 07:09 PM","PLA Eastern Theater Command tracks, monitors US warship in Taiwan Straits: spokesperson"
"Published: Feb 26, 2022 07:34 PM","Omicron infections peak four times higher than other variants, highlights necessity of booster shots, mixed inoculation"
"Published: Feb 26, 2022 07:47 PM","Exclusive: Satellite images of major airports, port, air force base display some changes"
