﻿"Published: Jun 20, 2022 07:15 PM",Ex-Australian FM urges govt to pressure US over Assange
"Published: Jun 20, 2022 07:22 PM","Russia has assured Hungary of continued gas shipments, foreign minister says"
"Published: Jun 20, 2022 10:38 PM",Central Asia-China cooperation crucial to regional security and development: ambassador
"Published: Jun 21, 2022 09:33 AM","Russia calls on Lithuania to ""immediately"" lift transit ban to Kaliningrad"
"Published: Jun 21, 2022 05:31 PM",US fighters ‘to be held accountable’
"Published: Jun 21, 2022 05:37 PM",NATO talks on expansion to continue after summit
"Published: Jun 21, 2022 05:40 PM",Outgoing Colombian president vows transparent transition to left-wing government
"Published: Jun 21, 2022 05:50 PM",Situation in S.Sudan ‘dire’: UN
"Published: Jun 21, 2022 05:53 PM","Police find boat of murdered reporter, guide in Amazon"
"Published: Jun 21, 2022 05:56 PM","President of Panama announces blood cancer diagnosis, ‘will continue with work’"
"Published: Jun 21, 2022 06:55 PM",Protest threats cancel train services in India
"Published: Jun 21, 2022 06:57 PM",Ecuador fuel price demonstrations enter eighth day
"Published: Jun 21, 2022 06:59 PM","New study shows life expectancy in US varies among racial, ethnic groups"
"Published: Jun 21, 2022 08:37 PM Updated: Jun 21, 2022 08:35 PM","Dutch revellers cheer for raw, oily herring festival"
"Published: Jun 21, 2022 10:29 PM",Central Asia-China cooperation crucial to regional security and development: Kazakh ambassador (exclusive full interview)
"Published: Jun 22, 2022 08:18 AM",Ukraine receives howitzers from Germany
"Published: Jun 22, 2022 01:46 PM","Quake kills at least 255, injures 500 in eastern Afghanistan"
"Published: Jun 22, 2022 04:59 PM",Abject failure’ in Texas shooting
"Published: Jun 22, 2022 05:03 PM",Biden appoints first Native American as treasurer
"Published: Jun 22, 2022 05:06 PM",Aswan Forum kicks off in Egypt with focus on multidimensional crises in Africa
"Published: Jun 22, 2022 05:30 PM",Death toll of Afghanistan's quake reaches 920: official
"Published: Jun 22, 2022 06:16 PM","Bin Salman, Erdogan discuss ties"
"Published: Jun 22, 2022 06:19 PM",Panic alarms for Canadian lawmakers as risks increase
"Published: Jun 22, 2022 06:21 PM",El Salvador extends state of emergency for third time to curb gangs
"Published: Jun 22, 2022 06:18 PM",US seeks to reduce nicotine in cigarettes
"Published: Jun 22, 2022 06:22 PM","No place for burkinis in Grenoble public pools, rules top French court"
"Published: Jun 22, 2022 06:23 PM",Two kidnapped Chibok girls freed in Nigeria after 8 yrs
"Published: Jun 22, 2022 06:25 PM",Fish trade’s murky waters cloud double murder in Amazon
"Published: Jun 22, 2022 06:26 PM","Brexit will cost British workers 470 pounds a year, study predicts"
"Published: Jun 22, 2022 08:22 PM",Genuine multipolar order advocated by BRICS allows greater levels of dialogue to address challenges: former S.African envoy
"Published: Jun 22, 2022 08:26 PM",We want to join BRICS because conditions aren’t attached on cooperation here: Argentine Ambassador
"Published: Jun 23, 2022 05:52 PM",Macron urges political ‘compromises’
"Published: Jun 23, 2022 05:56 PM",Officer in charge of Texas shooting police response suspended
"Published: Jun 23, 2022 06:02 PM",Thousands of Ecuadorians protest over costs for 10th day
"Published: Jun 23, 2022 06:10 PM",Recession possible: US Fed chief
"Published: Jun 23, 2022 06:15 PM",Migrant rights defenders in Greece ‘treated like criminals’
"Published: Jun 23, 2022 06:19 PM","Russian FM makes two-day trip to Iran to discuss stalled nuclear talks, bilateral ties"
"Published: Jun 23, 2022 07:14 PM",Chile foundry closure sparks strike
"Published: Jun 23, 2022 07:16 PM","Bodies of priests, tour guide killed in Mexico found"
"Published: Jun 23, 2022 07:17 PM",Austrian capital Vienna returns as ‘most livable city’: The Economist
"Published: Jun 23, 2022 09:27 PM",BRICS offers chance for leaders’ exchange on solutions to challenges: Brazil’s Ambassador to China
"Published: Jun 24, 2022 08:04 AM","EU leaders grant Ukraine, Moldova EU candidate status"
"Published: Jun 24, 2022 08:04 AM",Zelensky welcomes EU decision to grant Ukraine candidate status
"Published: Jun 24, 2022 10:59 PM Updated: Jun 24, 2022 11:10 PM",Supreme Court rules against NY gun law in huge step backward in tackling mass shootings 
"Published: Jun 24, 2022 11:47 PM",Ukrainian forces to withdraw from Severodonetsk: regional governor
"Published: Jun 25, 2022 12:17 AM",US Supreme Court ruling overturns landmark decision on abortion rights
"Published: Jun 25, 2022 10:08 PM",Biden signs gun bill as shootings continue to take toll on US
"Published: Jun 25, 2022 10:12 PM","UN chief urges reintegrating food, fertilizer products from Ukraine, Russia into world markets"
"Published: Jun 26, 2022 04:45 PM",‘It’s scary’
"Published: Jun 26, 2022 05:10 PM",French politicians support abortion bill
"Published: Jun 26, 2022 05:16 PM","Ecuador’s government, indigenous leaders hold first talks amid protests"
"Published: Jun 26, 2022 05:21 PM",‘Islamist terror’ suspect arrested in deadly Oslo attack
"Published: Jun 26, 2022 05:26 PM","Transport strikes hit UK, Europe"
"Published: Jun 26, 2022 05:29 PM",Spain PM calls deadly migrant rush an ‘attack’ on its territory
"Published: Jun 26, 2022 05:31 PM","French-speaking W.African states Gabon, Togo join Commonwealth"
"Published: Jun 26, 2022 06:18 PM",Iran nuclear talks to resume: EU
"Published: Jun 26, 2022 06:22 PM",Taliban calls for release of frozen funds after quake
"Published: Jun 26, 2022 06:27 PM","British PM Johnson rejects demands to quit, seeks to stay in power until mid-2030s"
"Published: Jun 26, 2022 10:30 PM Updated: Jun 27, 2022 12:30 PM","Ordinary Europeans suffer from high inflation, commodity shortage woes as EU political elites follow US' lead in sanctioning Russia"
"Published: Jun 27, 2022 08:11 AM",Russia takes full control of Severodonetsk
"Published: Jun 27, 2022 04:30 PM",Earthquake survivors face disease
"Published: Jun 27, 2022 04:32 PM",Ecuador cuts gas prices in concession to protesters
"Published: Jun 27, 2022 04:40 PM",Foreign powers’ presence in Middle East causing problems: Iran president
"Published: Jun 27, 2022 04:47 PM",Ailing oceans under the spotlight in Lisbon
"Published: Jun 27, 2022 04:51 PM","WWF calls for new, ambitious framework to halt biodiversity loss"
"Published: Jun 27, 2022 04:54 PM",Planned strike threatens transportation in Sydney
"Published: Jun 27, 2022 05:41 PM",Police probe deaths of 21 teens
"Published: Jun 27, 2022 05:45 PM",Funeral held in Brazil for slain British journalist
"Published: Jun 27, 2022 05:47 PM","Japan braces for power crunch as temperatures climb, rainy season ends"
"Published: Jun 27, 2022 06:05 PM","‘Fear of dying, of being prosecuted’"
"Published: Jun 28, 2022 08:35 AM","Ukrainian, Moldovan presidents meet on cooperation, EU integration"
"Published: Jun 28, 2022 04:29 PM",World’s ‘largest’ freshwater fish netted in Cambodia
"Published: Jun 28, 2022 06:21 PM",46 migrants found dead in Texas
"Published: Jun 28, 2022 06:24 PM",EU Council adopts new regulation on gas storage
"Published: Jun 28, 2022 06:29 PM","Turkey objects to unilateral sanctions against Iran, wants nuclear deal restored: FM"
"Published: Jun 28, 2022 06:39 PM",Israel boosts abortion access
"Published: Jun 28, 2022 06:57 PM",UN Ocean Conference opens in Lisbon
"Published: Jun 28, 2022 06:59 PM",Pollution linked to 10% of cancer cases in Europe: report
"Published: Jun 28, 2022 07:02 PM",Solomon Airlines to resume flights to Australia
"Published: Jun 28, 2022 07:07 PM",Summer means suffering
"Published: Jun 28, 2022 07:41 PM",Ecuadorian protesters meet govt over living costs
"Published: Jun 29, 2022 01:33 AM",US' efforts to form small cliques against China 'a wrong approach' to shift attention from domestic economic problems
"Published: Jun 29, 2022 12:23 PM",EC President von der Leyen roasted for anti-China agenda in new infrastructure funding initiative
"Published: Jun 29, 2022 04:48 PM",2 men charged over migrant deaths
"Published: Jun 29, 2022 04:52 PM",Scottish govt proposes new ‘independence’ referendum
"Published: Jun 29, 2022 04:57 PM",Ecuador talks with Indigenous leaders falter after soldier killed by ‘violent’ protesters
"Published: Jun 29, 2022 05:08 PM",Life in the abyss
"Published: Jun 29, 2022 05:25 PM",52 dead in Colombia prison fire
"Published: Jun 29, 2022 05:30 PM",Israeli Knesset parliament approves bill for dissolution
"Published: Jun 29, 2022 05:32 PM","Sudanese leader stresses keenness on normal, balanced ties with Ethiopia"
"Published: Jun 29, 2022 05:59 PM",EU to end combustion engine vehicle sales
"Published: Jun 29, 2022 06:02 PM",Nearly 1 in 4 people globally at risk from flooding: new study
"Published: Jun 29, 2022 06:04 PM",NASA launches nanosatellite to return humans to moon
"Published: Jun 29, 2022 07:02 PM","GT investigates: Millions of prison laborers in US produce billions in annual profits while working in harsh conditions, risking their lives for pennies"
"Published: Jun 30, 2022 07:44 AM","Ukraine, Russia carry out largest prisoner exchange since conflict start"
"Published: Jun 30, 2022 04:32 PM",Israeli PM abandons election bid
"Published: Jun 30, 2022 04:36 PM",Main suspect handed life sentence for Paris attacks
"Published: Jun 30, 2022 04:37 PM",Thousands gather at all-male meeting to rubber-stamp Taliban rule
"Published: Jun 30, 2022 05:27 PM",NGOs warn of global food insecurity
"Published: Jun 30, 2022 05:31 PM",2 more men charged in truck smuggling incident that killed 53
"Published: Jun 30, 2022 05:33 PM",Sudan shows self-restraint on border crises with Ethiopia
"Published: Jul 02, 2022 01:11 AM","Putin, Modi discuss Ukrainian crisis, bilateral economic ties over phone"
"Published: Jul 02, 2022 01:14 AM","Ukraine needs ""hard work, determination"" to join EU, says von der Leyen"
