﻿"Published: May 06, 2022 09:55 PM",Ukraine evacuates 500 civilians from Mariupol: official
"Published: May 07, 2022 07:35 AM",Ukraine urges Russia's troop pullback to resume talks
"Published: May 07, 2022 07:36 AM","Ukraine, Russia conduct new prisoner swap"
"Published: May 07, 2022 07:36 AM",Ukraine evacuates 50 civilians from Mariupol's Azovstal
"Published: May 08, 2022 03:54 PM",Havana blast death toll rises to 27
"Published: May 08, 2022 03:58 PM",Japanese radioactive waste puts ocean at risk
"Published: May 08, 2022 04:00 PM",New Zealand reports its first case of Omicron BA.5 variant at border
"Published: May 08, 2022 04:49 PM",Campaign slot for Philippine top job ends
"Published: May 08, 2022 04:53 PM",Sinn Fein hails ‘new era’ for N.Ireland after historic poll win
"Published: May 08, 2022 04:59 PM",Mexico City demo seeks to revoke legal rights of abortion
"Published: May 08, 2022 05:02 PM",Macron vows to bring ‘new start’
"Published: May 08, 2022 05:04 PM","Lula launches presidential bid, lashes out at Bolsonaro"
"Published: May 08, 2022 05:07 PM",UN rights body calls for transparent probe into recent religious clashes in Ethiopia
"Published: May 08, 2022 07:24 PM",US responsible for Shanghai surge
"Published: May 09, 2022 04:48 PM",US Senate to vote on abortion bill
"Published: May 09, 2022 04:59 PM",Three security guards killed at Philippine polling station
"Published: May 09, 2022 05:06 PM","Assad and Khamenei meet in Tehran, call for stronger Iran-Syria ties"
"Published: May 09, 2022 05:10 PM",Israeli soldiers kill 2 Palestinians
"Published: May 09, 2022 05:12 PM",Mexico’s leader calls for end to US sanctions against Cuba
"Published: May 09, 2022 05:16 PM",Turkey hosts over 4m refugees in total; majority are Syrians: official
"Published: May 09, 2022 05:52 PM",French court to probe Yemenia airline crash
"Published: May 09, 2022 05:54 PM",South Sudan declares new cholera outbreak
"Published: May 09, 2022 05:59 PM",Australia in midst of COVID-19 reinfection wave: expert
"Published: May 09, 2022 06:42 PM","Big burdens, small shoulders"
"Published: May 09, 2022 06:39 PM",Sri Lankan prime minister resigns
"Published: May 10, 2022 08:25 AM",Ukraine hands over 2nd part of EU membership questionnaire
"Published: May 10, 2022 08:26 AM","Ukrainian PM, European Council president discuss issues of Ukraine's agri exports"
"Published: May 10, 2022 08:26 AM","Ukrainian president, Swedish PM discuss defense support for Ukraine over phone"
"Published: May 10, 2022 05:47 PM",Clashes spark Sri Lanka curfew
"Published: May 10, 2022 05:49 PM","Ecuador prison riot leaves 44 dead, 108 still on the run"
"Published: May 10, 2022 06:08 PM","Paris Agreement at risk, says UN"
"Published: May 10, 2022 06:10 PM",Rescuers in Cuba hotel blast hold hope for survivors
"Published: May 10, 2022 06:14 PM","Webb telescope’s first full ‘color,’ scientific images coming in mid-July"
"Published: May 10, 2022 06:36 PM",Two Mexican journalists murdered; authorities investigate motive
"Published: May 10, 2022 06:44 PM",EU split over push to overhaul treaties
"Published: May 10, 2022 06:48 PM","US cathedral bells toll 1,000 times for 1m COVID-19 deaths"
"Published: May 10, 2022 06:50 PM",Queen Elizabeth II pulls out of parliament opening
"Published: May 10, 2022 07:37 PM",‘Cascading impacts’
"Published: May 11, 2022 07:48 AM",Germany works to provide modern weapons to Ukraine: FM
"Published: May 11, 2022 07:49 AM",Ukrainian gov't approves seizure of Russian assets: PM
"Published: May 11, 2022 09:48 AM",Number of Super-Rich Americans Buying ‘Golden Passports’ in Other Countries Skyrockets - Report
"Published: May 11, 2022 04:51 PM",WHO looks into child hepatitis mystery
"Published: May 11, 2022 04:53 PM",Summer heat wave bleaches 91% of Great Barrier Reef coral
"Published: May 11, 2022 04:55 PM",Renewable energy ready to set new record in 2022: IEA
"Published: May 11, 2022 04:58 PM",Sri Lanka warns of ‘total anarchy’
"Published: May 11, 2022 05:00 PM","Kazakhstan, Turkey aim to reach $10b in bilateral trade"
"Published: May 11, 2022 05:02 PM","Mexican, Brazilian leaders suggest they may snub Biden’s Americas summit"
"Published: May 11, 2022 05:17 PM",Sustainability is the goal
"Published: May 11, 2022 05:24 PM",US gun deaths soared in 2020
"Published: May 11, 2022 05:27 PM",Sharp drop in civilian casualties since Yemen truce
"Published: May 11, 2022 05:30 PM",PM Ardern says New Zealand will fully reopen to the world in August
"Published: May 11, 2022 10:16 PM","GT Investigates: US epidemic incompetence creates 200,000 ‘COVID orphans’ with 75% of American children infected"
"Published: May 12, 2022 08:39 AM",Ukraine blames Russia for gas transit interruption
"Published: May 12, 2022 04:32 PM",Sunken tanker poses major risk
"Published: May 12, 2022 04:35 PM","Brazil firms, NGOs urge US to create $9b forest fund"
"Published: May 12, 2022 04:38 PM",Medical commission gives approval for Croatian woman’s abortion
"Published: May 12, 2022 04:41 PM",EU eases mask rules for flights
"Published: May 12, 2022 04:45 PM",Report: At least 500 Native American kids died in schools
"Published: May 12, 2022 04:47 PM","Sri Lankan president to appoint new PM, cabinet amid central bank chief threat"
"Published: May 12, 2022 05:31 PM",PM Johnson downplays sparking EU trade war over N.Ireland protocol
"Published: May 12, 2022 05:32 PM",Africa main target of IS attacks: Moroccan FM
"Published: May 12, 2022 06:19 PM",Mobility support needed
"Published: May 12, 2022 07:14 PM",Calls mount to probe reporter’s killing
"Published: May 13, 2022 08:52 AM",Ukraine says in talks with Russia over evacuation of injured from Mariupol's Azovstal
"Published: May 13, 2022 08:52 AM",Russian forces attack major oil refinery in central Ukraine
"Published: May 13, 2022 07:57 PM",UAE president passes away: ministry
"Published: May 13, 2022 08:22 PM",Russia vows retaliation against Finland's potential NATO membership
"Published: May 13, 2022 10:01 PM","Putin, Scholz discuss Ukraine crisis over phone"
"Published: May 14, 2022 07:45 AM","US, Russian defense chiefs hold first phone conversation since start of Ukraine conflict"
"Published: May 14, 2022 07:45 AM",Humanitarian aid reaches 6.4 mln people in Ukraine: UN
"Published: May 14, 2022 12:43 PM Updated: May 16, 2022 08:20 PM",GT Investigates: US failure in epidemic control drives burnout among medics in two-year COVID battle
"Published: May 14, 2022 09:01 PM",Ukraine says in talks with Russia over evacuation of 60 people from Azovstal
"Published: May 14, 2022 10:35 PM",Finland's ruling Social Democratic Party backs NATO application
"Published: May 15, 2022 07:12 AM",At least 10 killed in US supermarket shooting
"Published: May 15, 2022 05:01 PM",Unbearable situation
"Published: May 15, 2022 05:05 PM",Sheikh Zayed becomes UAE president
"Published: May 15, 2022 05:07 PM",Crisis-hit Sri Lanka lifts curfew for Buddhist festival
"Published: May 15, 2022 05:09 PM",Aussie PM issues new housing policy to boost votes
"Published: May 15, 2022 05:15 PM",Thousands attend abortion rally
"Published: May 15, 2022 05:20 PM","Stay away from Al-Aqsa, Palestine tells Israeli settlers"
"Published: May 15, 2022 05:33 PM",Scholz’s SDP party faces election test in key state of North Rhine-Westphalia
"Published: May 15, 2022 05:50 PM",Swiss vote on organ donation law
"Published: May 15, 2022 05:57 PM",Assembly in Chili rejects major mining rights overhaul
"Published: May 15, 2022 05:59 PM",Peru sues Spain’s Repsol for $4.5 billion over massive January oil spill
"Published: May 15, 2022 07:03 PM","India’s wheat ban to slightly push up prices, but impact on China limited: experts"
"Published: May 15, 2022 08:45 PM Updated: May 16, 2022 12:16 AM",US mass killing exposes dangerous trend of white supremacism
"Published: May 16, 2022 01:41 AM",Acute hepatitis in children of unknown cause may be associated with the super antigen of the Coronavirus: study
"Published: May 16, 2022 04:39 PM",One dead in US church shooting
"Published: May 16, 2022 04:41 PM",Scholz’s SPD facing heavy defeat in key German vote
"Published: May 16, 2022 04:51 PM",Ethiopian ex-peacekeepers from Tigray arrive in Sudan for asylum
"Published: May 16, 2022 04:53 PM",Pope declares 10 new Catholic saints
"Published: May 16, 2022 04:55 PM","Egypt has no wheat crisis, interest rate hike likely: PM"
"Published: May 16, 2022 04:57 PM",New Zealand seeks to promote electric car sales
"Published: May 16, 2022 05:41 PM",UAE’s MBZ meets world leaders
"Published: May 16, 2022 05:43 PM",Palestinians mark 74th anniversary of Nakba Day
"Published: May 16, 2022 05:45 PM",Indonesian president’s approval rating hits 6-year low as prices rise
"Published: May 16, 2022 06:45 PM",Unpredictable weather
"Published: May 16, 2022 10:01 PM","Sweden to apply to join NATO, says PM"
"Published: May 16, 2022 11:31 PM Updated: May 17, 2022 12:59 AM","Buffalo shooting shows ‘white supremacy, neo-Nazi ideology’ will further tear Western society apart"
"Published: May 17, 2022 02:26 AM",Neo-Nazi website influencing Buffalo shooter with .cn domain registered through proxy company and not under govt content review
"Published: May 17, 2022 07:51 AM","U.S. Treasury Secretary in Warsaw to discuss taxes, Ukraine issue"
"Published: May 17, 2022 07:52 AM","Ukrainian, EU officials discuss Ukraine's European integration aspirations"
"Published: May 17, 2022 07:52 AM","Putin says Russia would respond to expansion of NATO military infrastructure into Finland, Sweden"
