﻿"Published: Jan 22, 2020 09:15 PM Updated: Apr 25, 2022 09:00 AM",Real-time update on coronavirus outbreak
"Published: Apr 24, 2022 11:58 AM",US’ blatant threat to Solomon Islands exposes its hegemony and bullying: Chinese Embassy
"Published: Apr 24, 2022 01:01 PM","Chinese FM elaborates on China-proposed Global Security Initiative, stresses nation will always be the backbone of guarding world peace"
"Published: Apr 24, 2022 05:44 PM",China eyes near-Earth asteroid defense system
"Published: Apr 24, 2022 06:21 PM Updated: Apr 24, 2022 06:15 PM","Shanghai flare-up claimed 87 lives, sees increasing cluster infections at construction sites, companies"
"Published: Apr 24, 2022 07:02 PM Updated: Apr 24, 2022 11:22 PM","China’s home-built aircraft carrier Shandong starts 1st maintenance, refurbishment: media reports"
"Published: Apr 24, 2022 08:57 PM Updated: Apr 24, 2022 11:19 PM",China marks 7th Space Day amid busy mission schedule 
"Published: Apr 24, 2022 09:10 PM"," From community work to balcony concert, foreign volunteers lend a hand in Shanghai’s anti-epidemic battle"
"Published: Apr 24, 2022 09:42 PM",Acute hepatitis found in children among 12 nations grips nerves of Chinese public
"Published: Apr 24, 2022 10:01 PM Updated: Apr 24, 2022 10:59 PM"," US, EU show keener interest in French elections, ‘reflect West’s anxiety’"
"Published: Apr 24, 2022 10:12 PM","Shanghai flare-up develops at 'high level,' sees increasing cluster infections at construction sites"
"Published: Apr 24, 2022 10:56 PM",Beijing district to test 3.5m residents amid new surge; officials pledge sufficient supplies
"Published: Apr 24, 2022 11:18 PM","US low profile over Ukraine visit exposes differences between Kiev, Washington"
"Published: Apr 24, 2022 11:14 PM","Japan warned of worsening regional, global security as FM promises a stronger military in visit to US carrier"
"Published: Apr 25, 2022 12:01 AM",12 chief commanders and designers of China's missiles make their public debut after retirement
"Published: Apr 25, 2022 12:21 AM",Supermarkets extend business hours; online platforms increase staff amid Beijing virus surge
"Published: Apr 25, 2022 02:49 AM",Shanghai investigates more unauthorized suppliers of household goods during community lockdown
"Published: Apr 25, 2022 11:37 AM Updated: Apr 25, 2022 11:35 AM",Evolved sub-variant of Omicron found in cases detected in E.China's Yantai
"Published: Apr 25, 2022 12:49 PM",Xi visits Renmin University of China ahead of Youth Day
"Published: Apr 25, 2022 01:22 PM","Sufficient supply, stable prices… Beijing markets well-prepared for fighting COVID surge"
"Published: Apr 25, 2022 01:39 PM Updated: Apr 25, 2022 01:34 PM",Shanghai apartment manager apprehended for profiting from selling donated materials
"Published: Apr 25, 2022 02:36 PM Updated: Apr 25, 2022 02:31 PM",New round of citywide nucleic acid testing necessary to stamp out community infections in Shanghai
"Published: Apr 25, 2022 02:51 PM",Xi congratulates Emmanuel Macron on re-election as French president
"Published: Apr 25, 2022 07:01 PM",FM refutes Australia’s repeated smear on China-Solomon Islands security pact
"Published: Apr 25, 2022 08:22 PM",Highlights of President Xi's visits to universities ahead of China's Youth Day in recent years
"Published: Apr 25, 2022 08:47 PM","Shanghai makes initial progress in combating Omicron, facing challenges in treating severe cases: senior expert"
"Published: Apr 25, 2022 08:53 PM",Beijing’s COVID-19 tally soars to 70 in four days; transmission chains basically clear
"Published: Apr 25, 2022 09:38 PM Updated: Apr 25, 2022 10:20 PM","US promises more military aid to Ukraine as political gesture, ‘nothing significant to change battleground situation’"
"Published: Apr 25, 2022 09:35 PM Updated: Apr 25, 2022 10:25 PM",Beijing fights new surge with ensured supplies
"Published: Apr 25, 2022 09:39 PM Updated: Apr 25, 2022 10:21 PM","Macron’s victory a ‘relief’ for EU and US, for now"
"Published: Apr 25, 2022 09:59 PM","Chinese mainland detects Omicron BA.2.3 for 1st time, 'not likely to affect epidemic control'"
"Published: Apr 25, 2022 10:08 PM",China's legislation development in the past decade
"Published: Apr 25, 2022 10:19 PM","China sums up achievements on legal system in past decade, outlining strength of whole-process people's democracy"
"Published: Apr 25, 2022 10:42 PM","S.Korean delegation visits Japan for policy consultation, faces need to 'balance ties between China and US'"
"Published: Apr 25, 2022 11:00 PM","Beijing launches mass testing for nearly 90% of its population, 'timely, decisive and necessary'"
"Published: Apr 25, 2022 11:11 PM",India opens Raisina Dialogue to expand global influence; topics show balancing between China and West
"Published: Apr 25, 2022 11:10 PM Updated: Apr 26, 2022 10:10 AM",Deputy chief designer of CR929 dies of sudden illness in Shanghai: media
"Published: Apr 25, 2022 11:31 PM","Shanghai expats find creative ways to boost morale, bond with locals in Omicron fight "
"Published: Apr 26, 2022 12:51 AM",Shanghai city dwellers develop new bonds as they barter goods amid lockdown
"Published: Apr 26, 2022 02:26 AM","GT investigates: Australia pushes US ‘Indo-Pacific Strategy’ by military, economic coercion over Pacific Island nations"
"Published: Apr 26, 2022 10:57 AM Updated: Apr 26, 2022 10:54 AM",Several public venues in Beijing closed amid COVID-19 surge 
"Published: Apr 26, 2022 11:29 AM",Central Asia should be vigilant about major powers disrupting and undermining regional security: Chinese Defense Minister 
"Published: Apr 26, 2022 11:34 AM",33 years old male COVID-19-related patient died of sudden cardiac arrest in Shanghai
"Published: Apr 26, 2022 02:12 PM",Omicron-specific inactivated candidates approved for clinical trials in China
"Published: Apr 26, 2022 02:17 PM",Forest areas expand and ecological resources improve in China: authority
"Published: Apr 26, 2022 04:22 PM","Schools vital spots in epidemic control, prevention work: Beijing official"
"Published: Apr 26, 2022 06:18 PM Updated: Apr 26, 2022 06:15 PM",Shanghai sees largest drop of new infections with total tally of cases surpassing half a million
"Published: Apr 26, 2022 08:12 PM","Shanghai residents try hard to keep fashionable, positive lifestyle during arduous Omicron battle"
"Published: Apr 26, 2022 08:34 PM","Shanghai sees sharpest case drop since Omicron epidemic, yet far from time to let guard down: officials"
"Published: Apr 26, 2022 09:08 PM Updated: Apr 26, 2022 10:05 PM",Blood of Chinese people cannot be shed in vain: FM condemns terrorist attack that killed 3 Chinese in Pakistan
"Published: Apr 26, 2022 09:22 PM",Western defense chiefs meet to discuss further arming Ukraine following tough warning from Russia
"Published: Apr 26, 2022 09:25 PM",Record high 10.76m Chinese graduates diversify choices amid employment difficulty
"Published: Apr 26, 2022 09:50 PM","Beijing wages critical war against Omicron with largest nucleic acid testing, strictest community management"
"Published: Apr 26, 2022 10:03 PM","3 Chinese nationals killed in Pakistan blast, Chinese embassy in Pakistan told GT"
"Published: Apr 26, 2022 10:04 PM",Pakistan PM: strongly condemn the cowardly act of terrorism
"Published: Apr 26, 2022 10:17 PM",Australian politicians play 'China card' ahead of election; 'no illusion' for China on them
"Published: Apr 26, 2022 10:35 PM","Hours after the blast, Pakistani PM visited the Chinese Embassy in Pakistan to express his condolences to the Chinese nationals killed in the terrorist attack"
"Published: Apr 26, 2022 10:46 PM",Top meeting stresses strengthening China's infrastructure construction to lead industrial development and safeguard national security
"Published: Apr 26, 2022 11:05 PM","Japan’s Kishida meets with Yoon’s delegation, shows 'eagerness' to drive S.Korea into Quad"
"Published: Apr 26, 2022 11:13 PM",Bezos’ China conspiracy theory after Musk’s Twitter buyout just 'sour grapes'
"Published: Apr 26, 2022 11:12 PM",Chinese cities issue notices encouraging people to avoid May Day travel
"Published: Apr 27, 2022 12:34 AM",Xi calls for blazing new path to developing China's world-class universities
"Published: Apr 27, 2022 03:50 AM","Pakistan PM writes message of commitment at Chinese Embassy, swears to punish terrorists that killed 3 Chinese in attack"
"Published: Apr 27, 2022 12:48 PM","PLA shadows US destroyer transiting Taiwan Straits, condemns provocative move"
"Published: Apr 27, 2022 01:45 PM",Shanghai relaxes restrictions over communities that detect no new COVID-19 cases
"Published: Apr 27, 2022 02:53 PM","Sichuan university, Pakistani students mourned teachers who died in Karachi terror attack"
"Published: Apr 27, 2022 03:31 PM",DPP and Taiwan secessionists attack anything our compatriots across the Straits like and support: Taiwan Affairs Office of State Council
"Published: Apr 27, 2022 07:43 PM",President Xi calls for advancing infrastructure development
"Published: Apr 27, 2022 07:45 PM",Xi congratulates first innovation exchange conference for craftsmen
"Published: Apr 27, 2022 08:11 PM",School-related cases account for one third of total in Beijing's new COVID flare-up
"Published: Apr 27, 2022 09:07 PM Updated: Apr 27, 2022 11:20 PM",Shanghai to ease restrictions in areas under zero-COVID status; a ‘major step toward lifting lockdown’
"Published: Apr 27, 2022 09:19 PM","China agrees with subjecting UNSC veto to debate, but also raises concerns over its potential procedural confusion"
"Published: Apr 27, 2022 09:24 PM","Cities in NE China's Jilin to resume normal life, production"
"Published: Apr 27, 2022 09:27 PM",Chinese veteran provides shelter for wild animals at his zoo for over 30 years
"Published: Apr 27, 2022 09:31 PM",Karachi University students mourn Chinese teachers killed in terror attack
"Published: Apr 27, 2022 09:33 PM",Close contact praised for staying in car for 10 hours to spare community from quarantine
"Published: Apr 27, 2022 09:39 PM Updated: Apr 27, 2022 09:31 PM",China’s Ministry of Public Security vows to punish those who profit from disaster and crack down on violations that disrupt market order
"Published: Apr 27, 2022 10:04 PM","Taiwan's annual military drill emboldens secessionists, but PLA's operation 'will be like thunderbolt' if real war comes: expert"
"Published: Apr 27, 2022 10:44 PM",Fruitful decade for Chinese archaeology with magnificent finds and overseas expeditions
"Published: Apr 27, 2022 11:02 PM","Russia cuts gas to Poland and Bulgaria, 'a deterrent' amid West's stepped-up aid to Ukraine"
"Published: Apr 28, 2022 12:00 AM",China's space breeding
"Published: Apr 28, 2022 12:08 AM",Omicron-specific vaccine candidate triggers high levels of antibodies against the variant in pre-clinical studies: CNBG
"Published: Apr 28, 2022 01:24 AM",China's top legislature ready to work with African counterparts to contribute to realizing true democracy in relevant countries
"Published: Apr 28, 2022 01:45 AM",Chinese research team designs new COVID-19 vaccine shown to be effective against Omicron
"Published: Apr 28, 2022 02:25 AM",Chinese and US politicians call on both sides to jointly push forward bilateral relations
"Published: Apr 28, 2022 12:33 PM",Doctors aiding Shanghai suggest early warning system to prevent severe illness
"Published: Apr 28, 2022 01:34 PM","Beijing records 50 COVID-19 cases on Wed in screening, adds two more control zones"
"Published: Apr 28, 2022 03:30 PM","Pakistan’s new FM visits Chinese Embassy to mourn victims of bombing, ‘willing to learn Chinese experience in fighting terrorism’"
"Published: Apr 28, 2022 05:42 PM",Australia violates other countries' sovereignty by drawing 'red line' on China-Solomons cooperation: Chinese Vice FM
"Published: Apr 28, 2022 06:27 PM",Shanghai accelerates vaccination rate for seniors to prevent deaths; positive cases drop for six consecutive days
"Published: Apr 28, 2022 06:59 PM",Chinese Defense Minister’s Iran trip to help lift military ties to ‘unprecedented’ level
"Published: Apr 28, 2022 07:01 PM",Intl rules not the rules of a small circle: Chinese FM on Truss warning China
"Published: Apr 28, 2022 07:12 PM",Guangzhou launches mass nucleic acid testing in three districts after four infections discovered
"Published: Apr 28, 2022 08:23 PM",International Forum on People-to-People Exchange and Academic Cultural Season of Confucius Institute held in Peking University
"Published: Apr 28, 2022 08:36 PM",US bill to help Taiwan separatists get WHA observer status 'futile'  
"Published: Apr 28, 2022 08:48 PM","Infection numbers continue to decline in past 10 days; over 550,000 cases found in China in a month: NHC"
"Published: Apr 28, 2022 08:40 PM Updated: Apr 28, 2022 11:15 PM","Pakistan urged to fix counter-terror shield for all Chinese projects and personnel, especially during political reshuffle"
"Published: Apr 28, 2022 09:49 PM","COVID dulls cross-provincial travels for May Day, but efforts to stimulate spending rolled out"
"Published: Apr 28, 2022 10:40 PM","EU, US adjust COVID response, refusing to say ‘pandemic is over’"
"Published: Apr 28, 2022 10:58 PM Updated: Apr 28, 2022 11:43 PM",US ‘whole-of-govt’ animosity against China building up with Blinken's upcoming speech 
"Published: Apr 28, 2022 11:41 PM",Beijing’s health code system cyber attacked from overseas: officials
"Published: Apr 29, 2022 01:01 AM",Chinese netizens leave warm messages for skier Gu Ailing
"Published: Apr 29, 2022 02:14 PM",Dynamic zero provides a window period for China: top health expert
"Published: Apr 29, 2022 02:16 PM Updated: Apr 29, 2022 11:09 PM",Dynamic zero-COVID strategy seen as 'purchase insurance for 1.4 billion Chinese people': top expert
"Published: Apr 29, 2022 02:40 PM","China, Pacific Island countries join hands to combat climate change"
"Published: Apr 29, 2022 02:57 PM","Gen-Z director amazes world with ancient dancing show, pledges to be cultural promoter"
"Published: Apr 29, 2022 03:04 PM Updated: Apr 29, 2022 06:24 PM",Fighting Omicron does not mean lockdown and citywide nucleic acid: top Chinese health expert
"Published: Apr 29, 2022 06:39 PM","John Lee delivers policy platform, highlighting governance efficiency, housing support, and HK youth future"
"Published: Apr 29, 2022 07:25 PM",Condemnation of terrorism and condolences for victims of terror attack represent common voice of the world: Chinese FM
"Published: Apr 29, 2022 11:06 PM","Beijing to suspend performance, entertainment venues, close cinemas during May Day holidays"
