﻿"Published: May 23, 2022 06:34 PM",WHA to keep focus on pandemic
"Published: May 23, 2022 06:36 PM",Shortage of medicine in Sri Lanka will ‘cause deaths’
"Published: May 23, 2022 06:38 PM",Biden warns of potentially ‘consequential’ impact of further monkeypox spread
"Published: May 24, 2022 07:23 AM",Russia successfully deals with sanctions: Putin
"Published: May 24, 2022 04:54 PM",UK’s MPs blast Afghanistan failures
"Published: May 24, 2022 04:59 PM",Italy marks 30th anniversary of killing of anti-mafia judges
"Published: May 24, 2022 05:00 PM",Indigenous Australians hold just 0.7% of executive jobs
"Published: May 24, 2022 05:36 PM",Spur policy action
"Published: May 24, 2022 05:46 PM",Iraq sandstorm grounds flights
"Published: May 24, 2022 05:48 PM",Electric car sales soar but raw materials a concern: report
"Published: May 24, 2022 05:51 PM",Rich countries putting children both at home and around the world at risk: UNICEF
"Published: May 24, 2022 06:21 PM",Monkeypox not mutated: WHO
"Published: May 24, 2022 06:23 PM",UK’s PM in new ‘Partygate’ row after fresh photos surface
"Published: May 24, 2022 06:29 PM","Slight rise in US births in 2021 after pandemic dip, still below replacement rate"
"Published: May 25, 2022 01:03 AM","Modi meets Biden in Tokyo but refuses to toe US line on Russia, China"
"Published: May 25, 2022 07:09 AM","Update: 18 students, 3 adults dead in US Texas elementary school shooting"
"Published: May 25, 2022 08:28 AM",Russia imposes personal sanctions against 154 members of UK House of Lords
"Published: May 25, 2022 04:44 PM",Countries agree to overhaul WHO funding
"Published: May 25, 2022 04:47 PM",Risk of blood clots in lung doubled for COVID-19 survivors
"Published: May 25, 2022 04:50 PM",Egypt to focus on developing countries in climate talks
"Published: May 25, 2022 04:56 PM",Monkeypox containable: WHO
"Published: May 25, 2022 04:56 PM Updated: May 25, 2022 04:27 PM",Texas senators widely criticized for their ‘crocodile tears’ after the shooting tragedy in Uvalde
"Published: May 25, 2022 05:03 PM","UN concern over Taliban restrictions on women, girls"
"Published: May 25, 2022 05:11 PM",Hungary’s Orban declares state of emergency over Russia-Ukraine conflict
"Published: May 25, 2022 05:20 PM",US warns against Syria offensive
"Published: May 25, 2022 05:21 PM",Sri Lanka PM vows to slash expenditure in new budget
"Published: May 25, 2022 05:27 PM",Zimbabwe anti-sanctions lobby seeks support from American black congressmen
"Published: May 25, 2022 05:48 PM",Reputational risk
"Published: May 25, 2022 09:51 PM",Texas mass shooting exposes US system failure
"Published: May 25, 2022 11:05 PM","Japan PM to meet Asia-Pacific leaders, but efforts to promote IPEF will fail: analysts"
"Published: May 26, 2022 07:58 AM",Russian passports distributed in Mariupol: Ukrainian official
"Published: May 26, 2022 07:59 AM",Russia-Ukraine conflict increases financial stability risks: ECB
"Published: May 26, 2022 08:00 AM",West's decision to unblock Black Sea by force unlikely: Ukrainian FM
"Published: May 26, 2022 08:01 AM",Russia cancels upper age limit for military personnel
"Published: May 26, 2022 05:41 PM",Anger erupts over school murders
"Published: May 26, 2022 05:50 PM",Turkey to stop NATO bids until ‘concerns addressed’
"Published: May 26, 2022 05:52 PM",Russia says likely to strengthen defense capability amid Japan’s hostile activities
"Published: May 26, 2022 05:56 PM",70th year on the throne
"Published: May 26, 2022 06:12 PM",Boeing Starliner completes key test mission 
"Published: May 26, 2022 06:14 PM",Pfizer offers to sell medicines at cost to poorest countries
"Published: May 26, 2022 06:18 PM",US regulators unveil proposal to fight ‘greenwashing’
"Published: May 26, 2022 06:21 PM",Embattled UK PM refuses to quit over ‘Partygate’
"Published: May 26, 2022 06:24 PM",Pakistan proud of its support to African nations’ past freedom movements: FM
"Published: May 26, 2022 06:29 PM",16 killed in Afghanistan blasts
"Published: May 27, 2022 07:52 AM","Ukrainian, German FMs discuss heavy weapon supplies"
"Published: May 27, 2022 07:52 AM","Ukrainian president, Finnish PM discuss Ukraine's European integration, post-conflict recovery"
"Published: May 28, 2022 12:58 AM","Turkey expects concrete steps from Sweden, Finland for NATO's bids: FM"
"Published: May 28, 2022 01:00 AM",Lavrov accuses Western countries of waging a 'total war' on Russia
"Published: May 28, 2022 08:11 AM","Ukrainian PM, German development minister discuss Ukraine's post-conflict recovery"
"Published: May 28, 2022 08:12 AM","Ukrainian FM, U.S. secretary of state discuss military support for Ukraine"
"Published: May 28, 2022 11:56 PM","Putin discusses Ukraine situation, food security with Macron, Scholz"
"Published: May 28, 2022 11:58 PM",Russia conducts another test-launch of Tsirkon hypersonic missile
"Published: May 29, 2022 02:12 PM","Putin discusses Ukraine situation, food security with Macron, Scholz"
"Published: May 29, 2022 05:54 PM Updated: May 29, 2022 05:43 PM",Biden to console Uvalde residents
"Published: May 29, 2022 05:58 PM Updated: May 29, 2022 05:54 PM",Seized Greek tankers’ crew not arrested: Iran authority
"Published: May 29, 2022 06:02 PM Updated: May 29, 2022 05:59 PM","Putin discusses Ukraine situation, food security with Macron, Scholz"
"Published: May 29, 2022 06:09 PM Updated: May 29, 2022 06:05 PM",Israel on high alert over ‘flag march’
"Published: May 29, 2022 06:13 PM Updated: May 29, 2022 06:09 PM",Coal India to import for first time in years as power shortages loom
"Published: May 29, 2022 06:21 PM Updated: May 29, 2022 06:17 PM",At least 31 killed in stampede in southern Nigeria: police
"Published: May 29, 2022 06:28 PM Updated: May 29, 2022 06:22 PM",Downpours in Brazil leave 34 dead
"Published: May 29, 2022 06:35 PM Updated: May 29, 2022 06:29 PM",US doctors reconsidering Paxlovid for low-risk people
"Published: May 29, 2022 06:39 PM Updated: May 29, 2022 06:35 PM",Mexico’s first known case of monkeypox in US resident from New York
"Published: May 29, 2022 06:46 PM Updated: May 29, 2022 06:39 PM",‘It’s dry... really dry’
"Published: May 29, 2022 07:12 PM","China to offer technologies, equipment, training to help Pacific island countries tackle climate change: cooperation center director"
"Published: May 29, 2022 07:15 PM","Vulnerable island ecology threatened as developed countries dump waste, conduct nuclear test in Pacific"
"Published: May 30, 2022 12:52 AM",Prayers for Uvalde
"Published: May 30, 2022 04:33 PM","Daredevil granny, 103, beats record for parachute jump"
"Published: May 30, 2022 04:35 PM",Lumberjack athletes battle for woodcutting crown
"Published: May 30, 2022 04:55 PM",Death toll rises from Brazil floods
"Published: May 30, 2022 04:59 PM",Saudi Arabia names senior diplomat as 1st climate envoy
"Published: May 30, 2022 05:04 PM",Hurricane Agatha strengthens en route toward southwest Mexico
"Published: May 30, 2022 05:13 PM",EU struggles over sanctions plan
"Published: May 30, 2022 05:18 PM",Sri Lankan police tear-gas students in fresh clashes
"Published: May 30, 2022 05:24 PM","Monkeypox presents moderate risk to public health at global level, WHO says"
"Published: May 30, 2022 06:25 PM",Bodies found in Nepal plane wreckage
"Published: May 30, 2022 06:28 PM","AU chairman ‘gravely concerned’ by tensions between Rwanda, DRC"
"Published: May 30, 2022 06:32 PM",Pakistan calls for UN ideals of peace to be advanced
"Published: May 30, 2022 06:35 PM",Regulatory malfeasance
"Published: May 31, 2022 07:49 AM","Putin, Erdogan discuss situation in Ukraine over phone"
"Published: May 31, 2022 07:50 AM","Ukrainian president, French FM discuss support for Ukraine"
"Published: May 31, 2022 07:50 AM",Russia's Gazprom to stop gas supply to Netherlands
"Published: May 31, 2022 07:51 AM","Zelensky, Erdogan agree on need to restore peace in Ukraine"
"Published: May 31, 2022 04:42 PM",Lessons from around the world
"Published: May 31, 2022 04:51 PM",Big tobacco’s impact ‘devastating’: WHO
"Published: May 31, 2022 04:58 PM",Frenchman beats high-wire record at Mont Saint-Michel
"Published: May 31, 2022 04:56 PM",S.Africa committed to black economic empowerment
"Published: May 31, 2022 04:58 PM",Senegal arrests three over babies’ deaths in hospital blaze
"Published: May 31, 2022 05:04 PM","Zelensky, Erdogan agree on need to restore peace"
"Published: May 31, 2022 05:07 PM","Turkey tells US it wants ‘concrete steps’ from Finland, Sweden"
"Published: May 31, 2022 05:12 PM",The Bahamas says US must do more to control weapons smuggling
"Published: May 31, 2022 05:26 PM",All 22 passengers’ bodies recovered from Nepal plane
"Published: May 31, 2022 05:28 PM",Cambodia calls for strengthening ASEAN’s solidarity
"Published: May 31, 2022 05:45 PM",Funerals begin as nation mourns shooting
"Published: May 31, 2022 05:49 PM",‘Not just a coincidence’
"Published: May 31, 2022 06:00 PM",Canada moves to ban handguns
"Published: May 31, 2022 06:02 PM",Famine scare after Horn of Africa drought
"Published: May 31, 2022 06:06 PM",Mexican president’s ‘Mayan Train’ multi-billion-dollar project dealt new legal blow
"Published: May 31, 2022 06:11 PM",Monkeypox pandemic unlikely
"Published: May 31, 2022 06:13 PM",Pre-COVID-19 time returns to New York for Memorial Day
"Published: May 31, 2022 06:16 PM","Germany hands over looted artifacts to Namibia, but on loan basis"
"Published: Jun 01, 2022 02:05 AM","Survey shows most Americans believe US not a democracy, reflects 'discourse woven by elites far out of touch with people's feelings'"
"Published: Jun 01, 2022 08:07 AM","Russia to halt gas supplies to companies of Denmark, Germany"
"Published: Jun 01, 2022 08:07 AM","Ukrainian, Slovak presidents discuss defense support"
