﻿"Published: Mar 13, 2022 04:31 PM","Kenya's Raila Odinga, 77, endorsed for presidency"
"Published: Mar 13, 2022 04:34 PM","Turkish, Armenian FMs discuss ways to end decades-old hostilities"
"Published: Mar 13, 2022 04:44 PM",Colombians vote to shortlist presidential contenders
"Published: Mar 13, 2022 04:46 PM",Sanctions might cause space station to crash: Roscosmos
"Published: Mar 13, 2022 04:51 PM",Tens of thousands march for the climate in France ahead of elections
"Published: Mar 13, 2022 05:00 PM",Iraq's Kurdish capital hit in missile attack
"Published: Mar 13, 2022 05:02 PM","Macron, Scholz hold phone discussion with Putin on Ukraine crisis"
"Published: Mar 13, 2022 05:05 PM",At least 60 dead in SE DR Congo train accident
"Published: Mar 13, 2022 06:23 PM","GT investigates: From Guantanamo Bay to local prisons, human rights violations are pervasive in US jail system"
"Published: Mar 14, 2022 09:25 AM","Russia, Ukraine to hold online negotiations on Monday"
"Published: Mar 14, 2022 04:53 PM",US immigrants feel 'chilling effect' of Trump-era benefits rule
"Published: Mar 14, 2022 05:01 PM",Europe new arms hot spot: report
"Published: Mar 14, 2022 05:04 PM",External power supply restored at Chernobyl plant: IAEA
"Published: Mar 14, 2022 05:06 PM","Obama tests positive for COVID-19, reiterates support for vaccination program"
"Published: Mar 14, 2022 05:06 PM",Philippines approves emergency use of Sinovac COVID-19 vaccine for children
"Published: Mar 14, 2022 05:22 PM",US journalist shot dead in Ukraine
"Published: Mar 14, 2022 05:28 PM",Iraq demands Iran's explanation over attack on Kurdish region's capital
"Published: Mar 14, 2022 05:31 PM",Australian govt under pressure to cut fuel excise
"Published: Mar 14, 2022 05:54 PM",75 dead in DR Congo train crash
"Published: Mar 14, 2022 06:06 PM",Powerful quake strikes off western Indonesia
"Published: Mar 14, 2022 06:09 PM",Australia’s NSW opens recovery centers for flood-affected citizens
"Published: Mar 15, 2022 07:39 AM","Ukraine, Russia take technical pause in peace talks: Ukrainian negotiator"
"Published: Mar 15, 2022 04:37 PM",Agile fiscal policy for Euro area
"Published: Mar 15, 2022 04:44 PM","US smuggler arrested on border for snakes, lizards in pants"
"Published: Mar 15, 2022 04:43 PM",Gunfire rocks Mexico border city after drug lord captured
"Published: Mar 15, 2022 04:46 PM",Iran warns against 'threats' from Iraqi soil after missile strike on Israeli center
"Published: Mar 15, 2022 04:55 PM","Cost-effective, efficient, and easy-to-implement"
"Published: Mar 15, 2022 04:58 PM",Assange denied latest extradition appeal
"Published: Mar 15, 2022 05:00 PM",N.Ireland court rejects challenge to Brexit protocol
"Published: Mar 15, 2022 05:04 PM",Chicago Public Schools lift mask requirements
"Published: Mar 15, 2022 05:15 PM",UN chief calls for gender equality
"Published: Mar 15, 2022 05:22 PM",Aussie court strikes down landmark climate ruling
"Published: Mar 15, 2022 05:25 PM",EU urged to pass legislation banning all imports linked to deforestation
"Published: Mar 15, 2022 09:39 PM Updated: Mar 15, 2022 09:40 PM",China urges US to take concrete actions to ease situation in Ukraine
"Published: Mar 15, 2022 09:41 PM Updated: Mar 15, 2022 09:42 PM","Ukrainian, Russian delegations resume peace talks: Ukrainian negotiator"
"Published: Mar 15, 2022 09:42 PM Updated: Mar 15, 2022 09:43 PM",Ukrainian president proposes extending martial law
"Published: Mar 15, 2022 11:04 PM","Russia imposes sanctions on top U.S. officials, including Biden, Blinken"
"Published: Mar 16, 2022 08:31 AM","Ukraine, Russia to continue peace talks on Wednesday: Ukrainian negotiator"
"Published: Mar 16, 2022 08:32 AM",Russia launches procedure to quit Council of Europe
"Published: Mar 16, 2022 06:20 PM",Yemeni city looks to ancient times to survive climate change
"Published: Mar 16, 2022 06:30 PM",UN expert invited to Guantanamo Bay
"Published: Mar 16, 2022 06:32 PM",Iran says ball in the US court for end of Vienna talks on nuclear deal
"Published: Mar 16, 2022 06:38 PM",Peru's Castillo defends against corruption claims
"Published: Mar 16, 2022 06:50 PM",Fresh COVID-19 spike in Europe
"Published: Mar 16, 2022 06:52 PM",Iraq's MPs to vote for president on March 26
"Published: Mar 16, 2022 06:54 PM",More people in Afghanistan going hungry; fewer jobs available: World Bank
"Published: Mar 16, 2022 07:00 PM",Landslide buries over 60 homes
"Published: Mar 16, 2022 07:02 PM",Pfizer-Bio seek US approval of second booster shot for 65+
"Published: Mar 16, 2022 07:06 PM","Europe raptor numbers down 55,000 due to gun-lead poison: study"
"Published: Mar 16, 2022 11:05 PM",7.3-magnitude quake strikes Japan's Miyagi Prefecture: JMA
"Published: Mar 17, 2022 02:10 AM",No casualties of Chinese nationals reported so far after earthquake in Japan: Chinese embassy
"Published: Mar 17, 2022 07:56 AM",Ukraine integrates electricity network into European energy system
"Published: Mar 17, 2022 07:56 AM","Turkey, Poland agree on more diplomatic efforts for Ukrainian crisis"
"Published: Mar 17, 2022 07:57 AM","Ukrainian, Russian presidents may hold talks in coming days: Ukrainian presidential advisor"
"Published: Mar 17, 2022 02:15 PM",Russia ready to continue high-level negotiations with Ukraine as NATO mulling reset of deterrence
"Published: Mar 17, 2022 06:00 PM",US cities ponder future of free public transport beyond COVID-19
"Published: Mar 17, 2022 06:20 PM",Iran defies Western powers with enriched uranium conversions
"Published: Mar 17, 2022 06:22 PM",Ireland PM tests positive for COVID-19 in Washington
"Published: Mar 17, 2022 06:25 PM",French president expected to focus on pro-business domestic reforms
"Published: Mar 17, 2022 06:37 PM",UN raises less than a third of $4.27b sought for relief plan
"Published: Mar 17, 2022 06:40 PM",Ecuadoran toad breaks its silence after 100 years
"Published: Mar 17, 2022 06:43 PM",Under 2% of babies born to mothers with COVID-19 get infected
"Published: Mar 17, 2022 06:46 PM",Powerful Japan quake kills four
"Published: Mar 17, 2022 06:48 PM",FAO warns of food crisis from conflict in Ukraine
"Published: Mar 17, 2022 06:56 PM",US govt reaches $127.5m settlement with high school shooting victims
"Published: Mar 17, 2022 09:13 PM",Zelensky urges Germany to provide more support
"Published: Mar 17, 2022 09:23 PM","US, NATO hold key to solving Ukraine crisis: FM spokesperson"
"Published: Mar 17, 2022 09:52 PM",Russian-European Mars mission suspended over Ukraine war: ESA
"Published: Mar 17, 2022 10:37 PM",US-supervised Ukraine lab studies disease transmission via bats
"Published: Mar 17, 2022 11:43 PM","Russia, Ukraine at odds on meaning of 'neutral status'"
"Published: Mar 18, 2022 07:23 AM","Putin, Erdogan discuss Russia-Turkey ties, Ukraine"
"Published: Mar 18, 2022 07:24 AM","Ukraine, Russia may agree on peace deal within week and half: Ukrainian presidential advisor"
"Published: Mar 18, 2022 07:27 AM","Ukrainian, Turkish FMs to work on organizing meeting between Zelensky, Putin"
"Published: Mar 18, 2022 07:28 AM","Zelensky, Macron discuss France's support for Ukraine over phone"
"Published: Mar 18, 2022 04:06 PM",Missiles hit area near Ukraine's Lviv airport
"Published: Mar 18, 2022 04:08 PM",Russia sets up no-fly zone over Ukraine's Donbas region: Interfax
"Published: Mar 18, 2022 11:35 PM","Putin, Scholz hold phone talks over Ukraine situation"
"Published: Mar 19, 2022 08:24 AM","Putin, Macron discuss situation in Ukraine over phone"
"Published: Mar 19, 2022 08:27 AM",Ukraine's positions at peace talks with Russia remain unchanged: Ukraine's presidential advisor
"Published: Mar 19, 2022 08:28 AM",Ukrainian FM says ready for fresh talks with Russian counterpart
"Published: Mar 20, 2022 09:09 AM",Russia not to initiate reconciliation with West: Lavrov
"Published: Mar 20, 2022 04:24 PM",Victims of Dutch child-care benefits scandal struggle to move on
"Published: Mar 20, 2022 04:31 PM",Soaring prices lead to Spanish protests
"Published: Mar 20, 2022 04:34 PM",Huthi rebels attack Aramco facility in Saudi: coalition
"Published: Mar 20, 2022 05:19 PM",Popular app Telegram under fire
"Published: Mar 20, 2022 05:21 PM",Egypt unveils ancient tombs in vast Saqqara necropolis
"Published: Mar 20, 2022 05:26 PM",Top Australian scientists commit to plastic waste reduction initiative
"Published: Mar 20, 2022 05:33 PM",US biolabs unacceptable: Putin
"Published: Mar 20, 2022 05:52 PM",4 American troops killed in military plane crash
"Published: Mar 20, 2022 05:57 PM",Liberal Party suffers shock defeat in South Australia ahead of national polls
"Published: Mar 20, 2022 07:00 PM",Two police stations assaulted in southeast Nigeria
"Published: Mar 21, 2022 12:55 AM",'The motherland is behind you': Chinese Ambassador to Ukraine recounts moving details of evacuation mission in Russia-Ukraine conflict
"Published: Mar 21, 2022 02:03 PM",Navruz is a holiday of spring and renewal
"Published: Mar 21, 2022 04:22 PM",An enormous opportunity
"Published: Mar 21, 2022 04:28 PM",Saudi oil output reduced after drone attack
"Published: Mar 21, 2022 04:36 PM",Iran’s leaders praise nationals for defeating US sanction campaign
"Published: Mar 21, 2022 04:43 PM",Spain hit by yet another mass protest over rising prices
"Published: Mar 21, 2022 05:47 PM",Historic nomination in US Senate
"Published: Mar 21, 2022 05:49 PM",UN project to support displaced Somalians
"Published: Mar 21, 2022 05:55 PM","Belgium mourns after vehicle slams into carnival gathering, killing 6"
"Published: Mar 21, 2022 06:26 PM",Great Barrier Reef at risk: report
"Published: Mar 21, 2022 06:28 PM","Germany, Qatar vow to strengthen cooperation"
"Published: Mar 21, 2022 06:30 PM",Sea of ultra-Orthodox Jews in Israel for rabbi funeral under heavy guard
