﻿"Published: Apr 14, 2022 05:00 PM","4,800 people displaced after armed attacks by bandits on villages in central Nigeria"
"Published: Apr 14, 2022 05:05 PM",COVID-19 still an emergency: WHO
"Published: Apr 14, 2022 05:30 PM",Macron says Le Pen showing authoritarian intentions after ban
"Published: Apr 14, 2022 05:32 PM","Argentines march for jobs, food amid rampant inflation"
"Published: Apr 14, 2022 05:39 PM",Floods hit South Africa’s Durban
"Published: Apr 14, 2022 05:47 PM",‘Green cities’ focus of largest gardening fair in Netherlands
"Published: Apr 14, 2022 05:52 PM",LNG cargo ships worse for climate due to methane emissions: NGO
"Published: Apr 14, 2022 06:01 PM",Wildcat mining devours indigenous land
"Published: Apr 15, 2022 07:59 AM","Ukrainian FM, U.S. secretary of state discuss new military aid for Ukraine"
"Published: Apr 15, 2022 08:00 AM",UN releases funds for 7 countries as Ukraine conflict disrupts food markets
"Published: Apr 15, 2022 08:00 AM",IMF to downgrade forecast for over 140 economies amid Russia-Ukraine conflict
"Published: Apr 15, 2022 06:57 PM",Russian cruiser Moskva sinks following serious damage
"Published: Apr 15, 2022 11:14 PM",Ukraine opens 9 humanitarian corridors
"Published: Apr 15, 2022 11:22 PM",Moscow to increase missile strikes on Kiev targets
"Published: Apr 16, 2022 07:56 AM",Russia expels 18 EU diplomats in retaliatory move
"Published: Apr 16, 2022 07:58 AM",Ukraine says fighting for Mariupol continues
"Published: Apr 16, 2022 08:17 PM",Russia bans British top officials from entry
"Published: Apr 16, 2022 08:30 PM","Zelensky says more than 2,500 Ukrainian troops killed in conflict with Russia"
"Published: Apr 17, 2022 12:28 PM",Russia claims full control of urban area of Mariupol
"Published: Apr 17, 2022 04:55 PM",Contributions to reducing global warming critical
"Published: Apr 17, 2022 05:33 PM",Activists protest climate inaction
"Published: Apr 17, 2022 05:37 PM",Turkish rallies show support for women’s rights group
"Published: Apr 17, 2022 05:42 PM",Officials say spill unlikely as fuel-laden tanker sinks off Tunisian coast
"Published: Apr 17, 2022 05:46 PM",India’s minister rejects bigotry is rising
"Published: Apr 17, 2022 05:48 PM",Newly elected Somali lawmakers prepare to choose next president
"Published: Apr 17, 2022 05:50 PM",Orban wins big in Hungarian parliamentary votes
"Published: Apr 17, 2022 06:01 PM",Embattled Johnson to visit India
"Published: Apr 17, 2022 06:06 PM",Morocco calls Israeli actions in Jerusalem ‘provocation’
"Published: Apr 17, 2022 06:09 PM",EU anti-fraud body accuses Le Pen of embezzlement as elections loom
"Published: Apr 18, 2022 07:47 AM",Russian armed forces destroy ammunition plant in Kiev region
"Published: Apr 18, 2022 09:46 AM",Unmasking The Superpower: ‘Voldemort’ of global order
"Published: Apr 18, 2022 04:28 PM",Israeli government faces new split
"Published: Apr 18, 2022 04:33 PM",Leadership candidates in France gear up for final push
"Published: Apr 18, 2022 04:48 PM",Saudi Arabia threatened corruption exposure to push out Yemen’s president: report
"Published: Apr 18, 2022 04:51 PM",S.Africa flood toll rises to 443 as rains ease
"Published: Apr 18, 2022 04:53 PM",Divers find ‘no leaks’ from fuel-laden tanker sunk off Tunisia
"Published: Apr 18, 2022 04:57 PM",Cruise ships return to Australia after 2-year ban lifted
"Published: Apr 18, 2022 04:59 PM",Expert says Johnson broke the law he set for pandemic
"Published: Apr 18, 2022 05:04 PM",Peru’s ex-president Fujimori hospitalized for second time in a month
"Published: Apr 18, 2022 05:20 PM",Swedes clash at anti-Islam rally
"Published: Apr 18, 2022 05:24 PM",Protect a species
"Published: Apr 19, 2022 01:15 AM",Exclusive full interview with Pakistani ambassador: China-Pakistan ties are significant regardless of leadership change
"Published: Apr 19, 2022 08:06 AM",Ukraine sends first part of questionnaire for EU membership to European Commission
"Published: Apr 19, 2022 08:07 AM",Russia says foreign weapons destroyed near Ukraine's Lviv
"Published: Apr 19, 2022 08:09 AM",Zelensky hands over Ukraine's EU membership questionnaire to EU envoy
"Published: Apr 19, 2022 08:10 AM",Russian forces try to start active phase of offensive in eastern Ukraine: Ukraine's security chief
"Published: Apr 19, 2022 08:11 AM",Russian forces start battle for Donbas: Ukrainian president
"Published: Apr 19, 2022 04:39 PM",Ukraine cease-fire urgent: UN
"Published: Apr 19, 2022 04:42 PM",Israel hits back at Gaza after latest rocket attack
"Published: Apr 19, 2022 04:45 PM",Argentina condemns new British military exercises in South Atlantic 
"Published: Apr 19, 2022 05:19 PM",US announces pandemic summit
"Published: Apr 19, 2022 05:22 PM",NASA’s moon rocket returns to workshop after failed test
"Published: Apr 19, 2022 05:24 PM",World Bank seeking to create new crisis fund for poor nations: Malpass
"Published: Apr 19, 2022 05:35 PM",S.Africa floods declared national disaster
"Published: Apr 19, 2022 05:40 PM",Watchdog warned UK govt of spyware attacks inside No.10
"Published: Apr 19, 2022 06:06 PM",Sri Lanka asks IMF for rapid financial assistance
"Published: Apr 19, 2022 06:14 PM",‘No one will give us our rights’
"Published: Apr 19, 2022 09:35 PM",Chinese scientists analyze record low Antarctic sea-ice extent since 1978
"Published: Apr 20, 2022 07:50 AM",Ukrainian president proposes to extend martial law again
"Published: Apr 20, 2022 07:51 AM",UN chief calls for 4-day pause in fighting in Ukraine during Easter
"Published: Apr 20, 2022 07:53 AM","Ukraine, Russia conduct fifth prisoner swap"
"Published: Apr 20, 2022 08:05 AM","Russia expels diplomats from Netherlands, Belgium, Austria in retaliatory move"
"Published: Apr 20, 2022 08:06 AM","Ukrainian, EU leaders discuss more aid for Kiev"
"Published: Apr 20, 2022 09:44 AM",Russia begins second phase of special military operation in Ukraine: Lavrov
"Published: Apr 20, 2022 10:11 AM",Expert Predicts Much Higher Inflation as India Reels from Record Price Rise Due to Ukraine's Crisis
"Published: Apr 20, 2022 04:44 PM",Cheers in US as mask rule lifted
"Published: Apr 20, 2022 04:47 PM",Peru inflation protests grip historic tourist capital Cuzco
"Published: Apr 20, 2022 04:51 PM",WB to continue some Afghan projects but withhold education support
"Published: Apr 20, 2022 05:05 PM",IMF lowers 2022 global growth
"Published: Apr 20, 2022 05:11 PM",UN statement urges an end to violences in Jerusalem
"Published: Apr 20, 2022 05:14 PM",Indigenous lands block Brazil deforestation: study
"Published: Apr 20, 2022 05:17 PM",Blinken calls for global cooperation on migration in Panama trip
"Published: Apr 20, 2022 05:30 PM",WHO launches traditional medicine hub
"Published: Apr 20, 2022 05:32 PM",Record low Antarctic sea ice extent could signal major shift
"Published: Apr 20, 2022 05:35 PM",‘Scarcity to abundance’
"Published: Apr 20, 2022 10:24 PM","Experts say China should monitor mystery acute hepatitis cases among children in Europe, US"
"Published: Apr 20, 2022 11:04 PM",Global 'immunization gap' still exists despite growing vaccine production: Boao Forum
"Published: Apr 21, 2022 07:51 AM",Russia says NATO tries to prolong fighting in Ukraine
"Published: Apr 21, 2022 07:53 AM","UN chief asks Putin, Zelensky to meet with him in Moscow, Kiev"
"Published: Apr 21, 2022 07:56 AM",Ukraine says ready for any prisoner swap format to free people from Mariupol
"Published: Apr 21, 2022 07:57 AM",Ukrainian president thanks EU for support amid conflict with Russia
"Published: Apr 21, 2022 04:12 PM",US govt appeals lifting of mask edict
"Published: Apr 21, 2022 04:15 PM",Finnish MPs open debate on seeking NATO membership
"Published: Apr 21, 2022 04:18 PM",Australia not to challenge Assange’s extradition
"Published: Apr 21, 2022 04:34 PM",UK's Johnson rejects calls for resignation over Partygate
"Published: Apr 21, 2022 04:36 PM","Le Pen, Macron clash over Russia, Islamic headscarf ahead of French election"
"Published: Apr 21, 2022 04:52 PM",Israel-Gaza violence escalates
"Published: Apr 21, 2022 05:17 PM",Huge drop in insect populations 
"Published: Apr 21, 2022 05:18 PM",Venice to trial reservation system for day-trippers
"Published: Apr 21, 2022 05:22 PM",Flights grounded at airports as third dust storm in two weeks blankets Iraq
"Published: Apr 21, 2022 05:33 PM",QR codes and cranes
"Published: Apr 22, 2022 07:29 AM","Russia closes Latvian, Lithuanian, Estonian consulates in retaliation"
"Published: Apr 22, 2022 08:00 AM",Ukrainian parliament votes to extend martial law until May 25
"Published: Apr 22, 2022 08:03 AM","Ukraine, Russia conduct sixth prisoner exchange"
"Published: Apr 22, 2022 08:07 AM","Zelensky discusses assistance for Ukraine with Spanish, Danish PMs"
"Published: Apr 22, 2022 10:13 PM","Russia aims at full control of Donbass, southern Ukraine: general"
"Published: Apr 22, 2022 10:16 PM","Zelensky asks for help, heavy weapons from Portugal"
"Published: Apr 23, 2022 07:31 AM",UN chief to meet Putin in Moscow
"Published: Apr 23, 2022 07:33 AM",Ukraine says talks on security guarantees with partner countries to complete within week
"Published: Apr 23, 2022 07:50 PM",Japan outlines neighbors’ threats in annual diplomatic report as China ‘needs to be on guard’
"Published: Apr 24, 2022 12:35 AM",IAEA mission to visit Ukraine's Chernobyl plant
"Published: Apr 24, 2022 12:37 AM","UN chief to visit Russia, Ukraine next week"
"Published: Apr 24, 2022 12:46 AM",Ukraine to continue civilian evacuation from Mariupol
