﻿"Published: Jan 22, 2020 09:15 PM Updated: Jun 12, 2022 09:06 AM",Real-time update on coronavirus outbreak
"Published: Apr 16, 2022 10:38 AM Updated: Jun 05, 2022 01:00 PM",Launch history of manned missions to space by Long March-2F carrier rockets
"Published: Jun 06, 2022 08:16 PM",Bustling Beijing returns as capital city achieves initial victory in Omicron fight
"Published: Jun 06, 2022 08:01 PM",China urges explanation on US officials' revealed plan of ‘smearing Xinjiang to contain China’
"Published: Jun 06, 2022 08:12 PM Updated: Jun 06, 2022 08:08 PM","China deals with provoking Canadian warplanes with ‘professional, powerful measures’"
"Published: Jun 06, 2022 08:40 PM","China’s ‘super bowl’ roars back to life with tremendous economic dynamism, a potential driving engine"
"Published: Jun 06, 2022 09:02 PM",Record 11.9m students to take gaokao with full preparations under shadow of COVID-19
"Published: Jun 06, 2022 08:57 PM","Japan upping ante on Taiwan question, NATO expansion causes concern in Asia-Pacific"
"Published: Jun 06, 2022 09:39 PM","Wang Yi to attend FMs’ meeting with Central Asian nations, jointly tackle security challenge"
"Published: Jun 06, 2022 11:07 PM","China urges calm following missile launches in Korean Peninsula, as US continues to light powder keg"
"Published: Jun 06, 2022 11:39 PM",US-led Summit of the Americas never popular in LatAm for its neocolonial interventionist nature: sociologist
"Published: Jun 07, 2022 12:11 AM","Former head of local education department under investigation for smearing Chinese traditional festival, historical figure"
"Published: Jun 07, 2022 01:55 AM",US' refugees and migrants issue a boomerang of its own hegemonic and bullying practice: Chinese FM
"Published: Jun 07, 2022 02:20 AM",One shot of CanSino's vaccine has 95.35% efficacy against ICU admission: study
"Published: Jun 07, 2022 07:13 AM",Chinese envoy warns against providing weapons to Ukraine or imposing sanctions on Russia
"Published: Jun 07, 2022 11:16 AM Updated: Jun 07, 2022 11:12 AM",Only cease-fire and peace restoration can fundamentally avoid trauma for women and children: Chinese envoy on Ukrainian conflict
"Published: Jun 07, 2022 12:19 PM",5 people punished for delayed emergency rescue of a college student in C. China's Henan
"Published: Jun 07, 2022 12:54 PM Updated: Jun 07, 2022 12:50 PM",Funeral ceremony for hero driver of derailed high-speed train held in SW China’s Guizhou
"Published: Jun 07, 2022 02:47 PM",Taiwan commentator mocked for saying 'mainland missiles couldn't hit eastern island as Earth is round'
"Published: Jun 07, 2022 02:41 PM Updated: Jun 07, 2022 02:37 PM",PLA warns away Australian spy plane for close airspace trespass in China’s Xisha
"Published: Jun 07, 2022 07:45 PM",Chinese FM slams US media report faking ‘Chinese military base’ in Cambodia
"Published: Jun 07, 2022 07:55 PM","Chinese FM again urges explanation on US officials’ Xinjiang remarks, calls ‘genocide’ claim international joke"
"Published: Jun 07, 2022 08:48 PM","US rallies Canada, Australia for close-in recon on China; 'PLA could do similar to them' as countermeasure"
"Published: Jun 07, 2022 08:41 PM Updated: Jun 07, 2022 08:38 PM","Divorce registrations rise in Shanghai after lockdown lift, mainly due to ‘backlog of cases’"
"Published: Jun 07, 2022 08:47 PM","COVID era Chinese students take gaokao, braving restrictions and challenges"
"Published: Jun 07, 2022 09:22 PM","Old China hand nominated as new ambassador, expected to promote China-SK ties"
"Published: Jun 07, 2022 09:41 PM",Malevolent forces: How hypocritical US says one thing and does the opposite on Taiwan question?
"Published: Jun 07, 2022 10:13 PM","Yang Jiechi warns of intertwined ‘old, new’ problems in call with Japanese national security chief"
"Published: Jun 07, 2022 10:21 PM","Impact of EP’s resolution to smear China’s Xinjiang policies in question, serves as ‘political tool to win influence’"
"Published: Jun 07, 2022 11:03 PM","Wang Yi meets with Kazakh president, stresses vigilance against external forces"
"Published: Jun 07, 2022 11:23 PM","HK introduces textbooks for Citizenship, expected to resolve much criticized education problem"
"Published: Jun 07, 2022 11:26 PM",China to see negative population growth before 2025: scholar
"Published: Jun 08, 2022 01:13 AM",Parents of Galwan Valley martyr harvest wheat by themselves although many people offer help
"Published: Jun 08, 2022 01:59 AM Updated: Jun 08, 2022 01:59 AM",The Dream of the Red Chamber considered as one of the most difficult essay topics of this year's gaokao
"Published: Jun 08, 2022 02:31 AM",China's top security authority institutionalizes rewarding citizens for reporting activities that endanger national security
"Published: Jun 08, 2022 12:08 PM Updated: Jun 08, 2022 12:03 PM",Offender who defamed ‘father of hybrid rice’ Yuan Longping apologizes on national media
"Published: Jun 08, 2022 12:14 PM",Suspected gaokao leaks were just cheating attempts and malicious online editing: authorities
"Published: Jun 08, 2022 03:05 PM",China’s top medical authority requires ‘strictest supervision’ on coronavirus testing reagents
"Published: Jun 08, 2022 03:45 PM",N.China's Inner Mongolia registers 240 positive COVID-19 cases in six days
"Published: Jun 08, 2022 03:44 PM",European Parliament’s latest report concerning China is politically biased: Chinese Mission to the EU  
"Published: Jun 08, 2022 04:52 PM",Shanghai opens hukou to students who graduated from top 50 world universities 
"Published: Jun 08, 2022 06:05 PM","China-aided renovation kicks off in Cambodia's Ream Naval Base, Ambassador slams Western speculation"
"Published: Jun 08, 2022 06:32 PM Updated: Jun 08, 2022 06:29 PM",China vows to help Sri Lanka cope with economic difficulties as a response to Sri Lanka’s loan request: Chinese FM
"Published: Jun 08, 2022 07:08 PM",Chinese Go masters share views on widely discussed gaokao essay question about weiqi moves
"Published: Jun 08, 2022 07:09 PM","China agrees with Turkmenistan, Uzbekistan to intensify cooperation"
"Published: Jun 08, 2022 08:02 PM","PLA includes robots, drones in amphibious landing training for officer cadets"
"Published: Jun 08, 2022 08:08 PM","Our conquest is the sea of stars: Taikonauts growing up from hardship, poverty kindled ‘Chinese Dream’ with diligence and persistence"
"Published: Jun 08, 2022 08:28 PM",Exclusive: Ex-secretary to Lee Teng-hui may take up Japanese association post in Taiwan
"Published: Jun 08, 2022 08:49 PM","Chinese netizens congratulate Gu Ailing for being ambassador for US Olympics bid, dismiss move to hijack sports with geopolitics"
"Published: Jun 08, 2022 08:51 PM",Biden to tout economic plan at divisive Summit of Americas
"Published: Jun 08, 2022 09:03 PM",Central Asian countries and China agree to hold regular top-level meetings within C+C5 format
"Published: Jun 08, 2022 09:22 PM",US Disinformation Governance Board paused after widespread questions; US an ‘empire of lies’: Chinese FM
"Published: Jun 08, 2022 09:30 PM",Xi inspects southwestern Chinese city of Meishan
"Published: Jun 08, 2022 10:03 PM","China-aided renovation project kicks off in Cambodia's Ream Naval Base, ‘smears against normal exchange opposed’"
"Published: Jun 08, 2022 10:05 PM",Beijing cuts COVID-19 transmission chain: official
"Published: Jun 08, 2022 10:12 PM",Chinese netizens amazed at possible existence of life outside Earth
"Published: Jun 08, 2022 10:39 PM","China, Central Asia agree on broad cooperation covering BRI, trade and security at C+C5 FMs’ meeting"
"Published: Jun 08, 2022 11:04 PM",Chinese defense chief to expound on security at Shangri-La Dialogue as US pushes ‘Indo-Pacific’
"Published: Jun 08, 2022 10:57 PM",Renowned actor and former underground Party member passes away at 95
"Published: Jun 08, 2022 11:19 PM",China’s radio telescope detects first persistently active repeating fast radio burst from 3b light years away
"Published: Jun 09, 2022 12:17 AM",Young hearing impaired entrepreneur's AI app helps people 'see' sounds
"Published: Jun 09, 2022 12:32 AM",Intense rainfall in C China's Hunan leaves 10 dead and 3 missing
"Published: Jun 09, 2022 02:04 AM",How did the 'Japan-Taiwan Exchange Association' become a spearhead against the one-China principle?
"Published: Jun 09, 2022 11:50 AM Updated: Jun 09, 2022 11:45 AM",Rumor about citywide ‘carpet screening’ of COVID and lockdown in steps in Shanghai refuted
"Published: Jun 09, 2022 12:27 PM Updated: Jun 09, 2022 12:23 PM",US should stop pressuring Iran but start responding to Iran's legitimate concerns: Chinese envoy
"Published: Jun 09, 2022 01:38 PM",Lam stresses ‘patriots governing Hong Kong’ in her final address to LegCo
"Published: Jun 09, 2022 02:11 PM Updated: Jun 09, 2022 02:06 PM",J-7 fighter jet of PLA Air Force crashes in C China
"Published: Jun 09, 2022 02:31 PM",Taiwan Affairs Office urges KMT chairman to keep a clear mind after he said KMT will ‘fight against communism’ during US trip
"Published: Jun 09, 2022 04:15 PM Updated: Jun 09, 2022 04:04 PM","Ice and snow park in E. China’s Zhejiang caught on fire, injuring 7 people"
"Published: Jun 09, 2022 04:25 PM",Beijing’s Chaoyang district closes entertainment venues again after detection of cluster cases in bars
"Published: Jun 09, 2022 04:27 PM",Xi inspects southwestern Chinese city of Yibin
"Published: Jun 09, 2022 04:55 PM",N.China's Hebei slammed for adopting one-size-fits-all COVID-19 epidemic quarantine policy
"Published: Jun 09, 2022 06:51 PM",Nucleic acid testing should not be a 'new normal' in non-epidemic regions: top health authority
"Published: Jun 09, 2022 07:23 PM",China's stealth drone ship wraps up 1st autonomous sea trial
"Published: Jun 09, 2022 08:08 PM","Weapons sent by US and NATO may fall into dark net and even to terrorists, leading widespread and unbearable cost"
"Published: Jun 09, 2022 08:07 PM",Xi calls for efforts to pursue harmony between humanity and nature on Environment Day 2022
"Published: Jun 09, 2022 08:16 PM",Full text of Xi Jinping's congratulatory letter to National Event on Environment Day 2022
"Published: Jun 09, 2022 08:12 PM",Chinese FM condemns top US general’s discord-sowing remarks on China-India border issue
"Published: Jun 09, 2022 09:02 PM","Sichuan, Chongqing eye visa-free transit visits of 144 hours to boost tourism"
"Published: Jun 09, 2022 09:30 PM",Czech politicians warned of 'abandoning national interests for political capital to West' if nation quits China-led '16+1' investment platform 
"Published: Jun 09, 2022 10:17 PM","China, Philippines to further enhance economic cooperation; S. China Sea issue 'will not affect bilateral ties'"
"Published: Jun 09, 2022 10:49 PM",Chinese scientists make breakthrough in push toward intelligent robotics
"Published: Jun 09, 2022 10:59 PM","Biden admin's 4th arms sales to Taiwan slammed, 'cannot pose threat to PLA, only makes island cash cow'"
"Published: Jun 09, 2022 11:49 PM",Employees of a beauty salon in Shanghai test positive for COVID-19; city conducts mass screening in some areas
"Published: Jun 10, 2022 12:45 AM","Japan hijacks Asia with NATO collusion push, endangers region"
"Published: Jun 10, 2022 01:07 AM",7 dead and 1 missing after rainfall-triggered landslides in South China's Guangxi
"Published: Jun 10, 2022 01:37 AM","Xi stresses support for employment of college graduates, development of private sector in tour to Sichuan"
"Published: Jun 10, 2022 02:22 AM",China's National Defense Ministry slams US arms sales to the Taiwan region
"Published: Jun 10, 2022 09:05 AM",Maerkang in Sichuan hit by earthquakes; no casualties reported
"Published: Jun 10, 2022 10:04 AM",The illegal transfer of nuclear weapons materials involved in AUKUS cannot be denied: Chinese envoy
"Published: Jun 10, 2022 01:52 PM",D2809 train derailment accident caused by mudslide due to continuous rainfall: Chinese railway authority
"Published: Jun 10, 2022 04:54 PM Updated: Jun 10, 2022 11:15 PM","China, S.Korea defense chiefs agree to enhance exchanges, as a peaceful peninsula is in their interests"
"Published: Jun 10, 2022 05:22 PM",China top legislature condemns European Parliament's resolution on Xinjiang
"Published: Jun 10, 2022 06:05 PM Updated: Jun 10, 2022 07:03 PM","Chinese, US defense ministers hold talks in Singapore for their first meeting"
"Published: Jun 10, 2022 06:23 PM",State leaders call US' exclusion of some countries from Americas summit 'inexcusable'; Chinese FM urges US to stop bullying
"Published: Jun 10, 2022 07:03 PM","Chinese ambassador to S.Korea calls for dialogue over Peninsula issue, criticizes US for hindering unity of UN Security Council"
"Published: Jun 10, 2022 07:14 PM",Chinese defense minister vows to fight ‘Taiwan independence’ in 1st face-to-face meeting with Austin
"Published: Jun 10, 2022 07:37 PM",Approval rating of Tsai drops to historic low as Taiwan’s COVID mortality rate continues to climb
"Published: Jun 10, 2022 07:33 PM",Lab leak theory a ‘lie’ cooked up by anti-China forces: FM
"Published: Jun 10, 2022 09:08 PM",Beijing reports 21 more cases linked to cluster infection at popular bar
"Published: Jun 10, 2022 10:02 PM","Inspired by Taiwan ‘kung fu democracy,’ Slovakian politicians simulate ‘scuffle’ in ‘legislature,’ put secessionists brokenhearted"
"Published: Jun 10, 2022 10:46 PM Updated: Jun 11, 2022 06:18 PM",China draws security red line to US at defense ministers’ longer-than-expected first meeting
"Published: Jun 10, 2022 11:08 PM Updated: Jun 10, 2022 11:16 PM",Beijing and Shanghai manage to maintain reopening steps despite sporadic infections
"Published: Jun 11, 2022 12:37 AM",Chinese mainland customs to suspend grouper imports from Taiwan after detecting prohibited drugs
"Published: Jun 11, 2022 03:44 PM","All suspects caught for beating women in barbecue restaurant as high-profile case sparks discussion over gender, gang crimes"
"Published: Jun 11, 2022 03:58 PM","Bar-related outbreak makes 115 people infected,  6,158 quarantined in Beijing"
"Published: Jun 11, 2022 07:06 PM","China engages US and regional countries at Shangri-La dialogue ‘with confidence, determination to safeguard sovereignty, national interest, regional peace’"
"Published: Jun 11, 2022 08:01 PM",Chinese delegation says Indo-Pacific Strategy ‘fanning confrontation’ as US defense chief made ‘most barefaced’ Shangri-La speech attacking China
"Published: Jun 11, 2022 08:51 PM",Shanghai punishes officials for causing infection risks at two places
"Published: Jun 11, 2022 09:08 PM",Chinese public security ministry vows to enhance yearly campaign against crimes involving guns and explosive items
