﻿"Published: Feb 28, 2022 11:00 PM",Russia bans flights for airlines from 36 countries in retaliatory move
"Published: Feb 28, 2022 11:01 PM",UN rights body to hold emergency debate on Ukraine situation
"Published: Feb 28, 2022 11:18 PM","Exclusive: Chinese satellite shows Ukraine’s Vinnitsa air base hit by missile, 2,500m runway reduced to 1,600m"
"Published: Feb 28, 2022 11:46 PM",UK warns against all travel to Russia: foreign ministry
"Published: Mar 01, 2022 12:07 AM Updated: Mar 01, 2022 12:23 AM",All Russia's security concerns must be taken into account for settlement in Ukraine -- Putin
"Published: Mar 01, 2022 12:31 AM","NATO allies boost military, practical support to Ukraine"
"Published: Mar 01, 2022 12:32 AM",Fighting in Ukraine must stop: UN chief
"Published: Mar 01, 2022 12:34 AM",Hungary forbids EU weapon delivery to Ukraine across its territory
"Published: Mar 01, 2022 12:42 AM",Switzerland to follow EU packages of sanctions against Russia
"Published: Mar 01, 2022 01:00 AM",Next round of Russia-Ukraine peace talks to be held on Belarusian-Polish border -- head of Russian delegation
"Published: Mar 01, 2022 01:26 AM",U.S. advises its citizens in Russia to depart
"Published: Mar 01, 2022 08:03 AM",Gold rises on geopolitical tensions in Ukraine
"Published: Mar 01, 2022 08:05 AM",Ukraine officially appeals for EU membership
"Published: Mar 01, 2022 04:30 PM",Know your onions: US customs find $3m of meth disguised as veg
"Published: Mar 01, 2022 04:34 PM",Protester killed in Sudan in latest march
"Published: Mar 01, 2022 04:36 PM",UN Security Council extends Yemen arms embargo to all rebels
"Published: Mar 01, 2022 04:51 PM","Central square of Ukraine's second city, Kharkiv, shelled: governor"
"Published: Mar 01, 2022 05:10 PM",New Zealand signs free trade deal with Britain
"Published: Mar 01, 2022 05:16 PM Updated: Mar 01, 2022 06:49 AM",Chinese envoy warns against politicization of humanitarian aid to Ukraine
"Published: Mar 01, 2022 05:17 PM",Top US court hears climate case
"Published: Mar 01, 2022 05:18 PM Updated: Mar 01, 2022 07:36 AM","UN relief chief calls for protection of humanitarians, more resources for Ukraine"
"Published: Mar 01, 2022 05:21 PM","China welcomes Ukraine-Russia negotiations, hopes for continuation: spokesperson"
"Published: Mar 01, 2022 05:21 PM","Kenya aims to strengthen infrastructure, regional trade"
"Published: Mar 01, 2022 05:25 PM",Cambodia launches second decennial economic census to aid development policies
"Published: Mar 01, 2022 05:32 PM",Action is needed now
"Published: Mar 01, 2022 05:49 PM",ISS-bound tycoons not tourists
"Published: Mar 01, 2022 05:51 PM",Australia steps up flood relief efforts as rain shifts south
"Published: Mar 01, 2022 05:53 PM",Japanese govt spokesperson confirms cyberattack hit Toyota supplier
"Published: Mar 01, 2022 06:15 PM Updated: Mar 01, 2022 01:15 PM",Ukraine waives visa requirements for foreigners willing to join fight against Russia
"Published: Mar 01, 2022 06:16 PM Updated: Mar 01, 2022 07:24 PM",Russia to continue operation in Ukraine until goals achieved -- Shoigu
"Published: Mar 01, 2022 06:21 PM",Sputnik Agency Considers Labelling of Its Staff Accounts on Twitter 'Witch Hunt'
"Published: Mar 01, 2022 08:49 PM Updated: Mar 01, 2022 08:22 PM","Iran's top leader calls for ending tensions, blames US for Ukraine crisis"
"Published: Mar 01, 2022 08:51 PM Updated: Mar 01, 2022 08:01 PM","Civilian casualties, infrastructure damage continue to increase in Ukraine: UN"
"Published: Mar 01, 2022 08:53 PM Updated: Mar 01, 2022 07:47 PM",Russia's airstrike hits center of Ukraine's second largest city
"Published: Mar 01, 2022 09:07 PM","Russian forces hit 1,325 Ukrainian military infrastructure objects -- spokesman"
"Published: Mar 01, 2022 10:59 PM Updated: Mar 01, 2022 10:30 PM","Russian forces hit 1,325 Ukrainian military infrastructure objects -- spokesman"
"Published: Mar 01, 2022 11:17 PM Updated: Mar 01, 2022 11:09 PM",2nd round of Russia-Ukraine talks could happen Wednesday: TASS
"Published: Mar 01, 2022 11:53 PM","Russian strike hits Kiev TV tower, cuts broadcasts"
"Published: Mar 02, 2022 07:56 AM",Ukraine says Russia's shelling on Kiev TV tower kills five
"Published: Mar 02, 2022 07:58 AM",NATO chief stresses diplomatic efforts to solve Ukraine crisis
"Published: Mar 02, 2022 07:59 AM",US expels Russian national working for UN
"Published: Mar 02, 2022 10:17 AM",US bans Russian aircraft from American airspace
"Published: Mar 02, 2022 03:58 PM",The American Genocide of the Indians—Historical Facts and Real Evidence
"Published: Mar 02, 2022 05:20 PM",Climate crisis
"Published: Mar 02, 2022 05:28 PM",Biden outlines inflation plan
"Published: Mar 02, 2022 05:38 PM",Russia 'ready' to continue talks with Ukraine Wednesday night
"Published: Mar 02, 2022 06:03 PM",World Bank announces $1b in aid for Afghanistan
"Published: Mar 02, 2022 06:05 PM","France, Saudi Arabia to fund humanitarian projects in Lebanon amid crisis"
"Published: Mar 02, 2022 06:17 PM",Philippines lifts COVID-19 rules after infections drop
"Published: Mar 02, 2022 06:17 PM","Poorer nations need $60b a year to protect biodiversity, nature: NGOs"
"Published: Mar 02, 2022 06:17 PM",Resolution set to create intergovernmental committee
"Published: Mar 02, 2022 07:45 PM Updated: Mar 02, 2022 06:12 PM",Japan to temporarily close embassy in Ukraine
"Published: Mar 02, 2022 07:47 PM Updated: Mar 02, 2022 07:41 PM",Russian delegation ready to talk with Ukrainian side on Wednesday afternoon: Kremlin
"Published: Mar 02, 2022 07:52 PM",PM Ardern said the anti-vax demonstrations had become ‘disgraceful’
"Published: Mar 02, 2022 08:03 PM",Iraqi top court rules against reopening nominations for presidential candidates
"Published: Mar 02, 2022 08:07 PM",Japan’s Toyota resumes operations after cyberattack
"Published: Mar 02, 2022 08:49 PM","Ukraine, Russia to hold talks on Wednesday: Ukrainian official"
"Published: Mar 02, 2022 09:34 PM",Russia says it has seized Ukraine's largest nuclear power plant
"Published: Mar 02, 2022 11:31 PM",Russian delegation heads to place of talks: media
"Published: Mar 02, 2022 11:44 PM",UNHCR planning for 4m refugees depends on situation: spokesperson
"Published: Mar 03, 2022 07:42 AM",Russia's delegation arrives for second round of talks with Ukraine
"Published: Mar 03, 2022 07:43 AM","Ukrainian FM, U.S. secretary of state discuss new sanctions against Russia"
"Published: Mar 03, 2022 07:44 AM",WTO chief calls for a peaceful and quick resolution to the Ukrainian crisis
"Published: Mar 03, 2022 07:44 AM",EU imposes more restrictions on Belarus over Russia-Ukraine conflict
"Published: Mar 03, 2022 08:27 AM","The UN General Assembly adopts a resolution that ""demands that Russia immediately cease the use of force against Ukraine"""
"Published: Mar 03, 2022 03:24 PM","New Russia-Ukraine talks expected Thursday, as military activity continues in Ukraine"
"Published: Mar 03, 2022 05:09 PM Updated: Mar 03, 2022 04:17 PM","Russian forces disable reserve radio, television center in Kiev -- spokesman"
"Published: Mar 03, 2022 05:26 PM",Venezuela’s Maduro slams sanctions against Russia
"Published: Mar 03, 2022 05:29 PM","2,500 migrants storm Spain’s Melilla border in ‘biggest entry attempt on record’"
"Published: Mar 03, 2022 05:32 PM",Sydney braces for heavy floods
"Published: Mar 03, 2022 05:36 PM",2nd round of Russia-Ukraine talks will be held on Thursday: Lavrov
"Published: Mar 03, 2022 05:50 PM",Japan to freeze assets of 4 more Russian banks in line with moves by EU
"Published: Mar 03, 2022 06:13 PM",COVID-19’s mental health toll dire: WHO
"Published: Mar 03, 2022 06:17 PM",Bolsonaro calls for mining in Amazon amid Ukraine crisis
"Published: Mar 03, 2022 06:34 PM",Duterte clears path for nuclear power in Philippine energy mix
"Published: Mar 03, 2022 07:09 PM",US begins trials for Jan 6 Capitol riots
"Published: Mar 03, 2022 07:11 PM",S.Korea presidential candidate supports conservative nominee
"Published: Mar 03, 2022 07:18 PM",Canada-NZ police arrest 47 for child pornography
"Published: Mar 03, 2022 07:31 PM",Finnish president stresses need to keep calm amid Ukraine-Russia conflict
"Published: Mar 03, 2022 07:40 PM",Macron held new 90-minute call with Putin: Elysee
"Published: Mar 03, 2022 07:51 PM",Russia halts rocket engine deliveries to US
"Published: Mar 03, 2022 08:17 PM",Ukraine delegation headed to conflict talks with Russia: Kiev
"Published: Mar 03, 2022 09:35 PM Updated: Mar 03, 2022 09:29 PM",Russia captures building of Ukraine's Kherson regional administration
"Published: Mar 03, 2022 09:43 PM Updated: Mar 03, 2022 09:31 PM",Mechanism set in motion on Ukraine's EU accession: EC president
"Published: Mar 03, 2022 09:59 PM Updated: Mar 03, 2022 09:39 PM",Ukrainian delegation leaves for talks with Russia
"Published: Mar 03, 2022 10:04 PM",Ukrainian delegation arrives for 2nd round of talks with Russia -- Sputnik
"Published: Mar 03, 2022 10:32 PM",Chinese envoy says IAEA's resolution on Ukraine undermines agency's independence
"Published: Mar 03, 2022 10:59 PM",Second round of Russia-Ukraine talks starts: Belta
"Published: Mar 03, 2022 11:20 PM","Blinken's visit will not ease tension, but destroy basis of Ukraine-Russia dialogue"
"Published: Mar 04, 2022 07:06 AM",Russian operation in Ukraine goes as planned: Putin
"Published: Mar 04, 2022 07:07 AM","Russia, Ukraine end second round of talks, agree to organize humanitarian corridors"
"Published: Mar 04, 2022 09:01 AM","Zaporizhzhia nuclear power plant in southeastern Ukraine is on fire, said city mayor"
"Published: Mar 04, 2022 10:18 AM",IAEA: Ukraine says 'no change' in radiation levels at nuclear plant
"Published: Mar 04, 2022 03:23 PM",Zaporizhzhia nuclear power plant seized by Russian military
"Published: Mar 04, 2022 04:08 PM",China highly concerned about the security of nuclear facilities in Ukraine  
"Published: Mar 04, 2022 04:40 PM","Indian netizens swarm to Twitter to support Russia; even more around the world criticize West, US hypocrisy"
"Published: Mar 04, 2022 07:01 PM","US, Russia establish military hotline to prevent miscalculation"
"Published: Mar 04, 2022 09:20 PM","Zelensky left Ukraine for Poland, Russian State Duma speaker says: Sputnik"
"Published: Mar 04, 2022 10:48 PM",Ukraine plans third round of Russia talks this weekend
"Published: Mar 05, 2022 12:22 AM","Ukrainian parliament says President Zelensky remains in Kiev, after reports earlier he'd left to Poland: RT"
"Published: Mar 05, 2022 08:15 AM",Over 1 mln Ukrainians evacuated via state railway since fighting started
"Published: Mar 05, 2022 08:16 AM",Putin says open to dialogue with Ukraine
"Published: Mar 05, 2022 02:47 PM",Russia declares ceasefire in Ukraine for civilians evacuation: defense ministry
