﻿"Published: Jan 22, 2020 09:15 PM Updated: Mar 14, 2022 09:00 AM",Real-time update on coronavirus outbreak
"Published: Mar 09, 2022 08:43 PM",Beijing reports 5 more cases including a baby; nation faces record daily infection tally
"Published: Mar 09, 2022 08:53 PM","Disseminating false news about China is US old trick of ""a thief crying 'Stop thief!'"" Chinese FM"
"Published: Mar 09, 2022 09:03 PM Updated: Mar 09, 2022 11:54 PM",Chinese nationals' evacuation in Ukraine complete! All safe: embassy
"Published: Mar 09, 2022 09:08 PM",Changchun starts first round of city-wide nucleic acid testing after finding 48 COVID-19 cases
"Published: Mar 09, 2022 09:27 PM","GT investigates: US politicians, Western media, Taiwan online trolls co-orchestrated disinformation campaign against Chinese mainland amid Russia-Ukraine conflict"
"Published: Mar 09, 2022 10:03 PM","China fully capable of jet engine development, narrowing technology gaps"
"Published: Mar 09, 2022 09:51 PM",China sends first batch of humanitarian aid to Ukraine
"Published: Mar 09, 2022 10:05 PM",China welcomes UN human rights chief's visit to Xinjiang but rejects political tactics: FM
"Published: Mar 09, 2022 10:34 PM",Chinese satellite detects global gravity field data
"Published: Mar 09, 2022 11:06 PM","COVID cases in China surge to recent high, but 'won't spread widely' thanks to immunization barrier"
"Published: Mar 09, 2022 10:55 PM",PLA Navy reveals commissioning of two new Type 052D destroyers
"Published: Mar 10, 2022 12:24 AM",2nd temporary hospital delivered by the central govt to support HKSAR fight against epidemic
"Published: Mar 10, 2022 01:07 AM","Number of packaging layers for mooncakes, zongzi to be restricted"
"Published: Mar 10, 2022 02:49 AM","Political advisor calls for salary system improvement to attract, retain talents working for disease control and prevention"
"Published: Mar 10, 2022 09:22 AM","Advisors mustn't be ambiguous in political stance, deviate from right direction: CPPCC chief"
"Published: Mar 10, 2022 11:17 AM","PLA will hit every Taiwan secessionist move, external interference: military spokesperson"
"Published: Mar 10, 2022 12:06 PM",Siberian tigers return to NE China thanks to improved ecological environment: CPPCC member
"Published: Mar 10, 2022 05:16 PM","Chinese lawmaker suggests monitoring system and market mechanism to protect wildlife in Qinling, Shaanxi"
"Published: Mar 10, 2022 07:44 PM","China congratulates Yoon Suk-yeol on election as S.Korean president, hopes for rationality in ties"
"Published: Mar 10, 2022 07:47 PM","China's 'reasonable, appropriate' defense budget boost contributes to natl security, world peace: military delegation deputy"
"Published: Mar 10, 2022 08:26 PM",GT exclusive: China-Nepal relations are founded on mutual trust: President of Nepal
"Published: Mar 10, 2022 08:49 PM Updated: Mar 10, 2022 11:00 PM","Deputies, advisors propose plans to enhance para-welfare"
"Published: Mar 10, 2022 09:14 PM",Lawmakers call for anti-employment discrimination law 
"Published: Mar 10, 2022 09:45 PM",US dismissal of concerns over biomilitary activities shows irresponsible attitude: Chinese FM
"Published: Mar 10, 2022 09:50 PM",Five world heritage sites in Beijing to have restoration work in 2022
"Published: Mar 10, 2022 10:23 PM","Australia's military buildup 'controlled by US,' risks nuclear contamination"
"Published: Mar 10, 2022 11:01 PM Updated: Mar 10, 2022 10:55 PM",China welcomes positive step of Russia-Ukraine ministers' talks toward goal of peace
"Published: Mar 10, 2022 10:54 PM","University Party secretary deposed after COVID-19 campus outbreak, sparks heated discussion"
"Published: Mar 10, 2022 11:26 PM",Taiwan report touts self-importance to embolden secessionists as US pawns
"Published: Mar 10, 2022 11:36 PM",Third shot may be turning point for efficacy of inactivated vaccines: researchers
"Published: Mar 11, 2022 12:36 AM",China sees spike of local silent COVID carriers amid new wave
"Published: Mar 11, 2022 01:02 AM","Chinese FM exchanges views on Ukraine issue with French, Italian counterparts"
"Published: Mar 11, 2022 01:24 AM",17 officials from E China's city punished for severe loopholes in daily epidemic prevention
"Published: Mar 11, 2022 09:09 AM",China's national legislature holds closing meeting of annual session
"Published: Mar 11, 2022 11:23 AM",Chinese President Xi Jinping sends congratulations to South Korean President-elect Yoon Suk-yeol
"Published: Mar 11, 2022 12:55 PM","Chinese mainland’s daily domestically transmitted COVID-19 infections exceed 1,000 for the first time since Wuhan outbreak"
"Published: Mar 11, 2022 01:17 PM","COVID-19, two years on"
"Published: Mar 11, 2022 01:45 PM","China upholds independent policy on Ukraine issue, develops ties with all sides to inject stability into the world: Premier Li"
"Published: Mar 11, 2022 03:13 PM",Door between China and US should not be shut again or pushed toward decoupling: Chinese Premier
"Published: Mar 11, 2022 03:56 PM","Chinese President Xi congratulates S.Korean President-elect Yoon, stressing joint efforts in deepening ties"
"Published: Mar 11, 2022 05:06 PM",Changchun in NE China under closed-loop management; conducts 3 rounds city-wide nucleic acid testing
"Published: Mar 11, 2022 05:29 PM","Premier Li aggrieved over women trafficking, vows criminal punishment and responsibility-seeking"
"Published: Mar 11, 2022 05:47 PM",China delivers first J-10CE fighter jets to Pakistan in a milestone move
"Published: Mar 11, 2022 07:19 PM","US-address attackers scapegoat Chinese computers to attack Russia, Ukraine: cybersecurity center"
"Published: Mar 11, 2022 07:52 PM Updated: Mar 11, 2022 10:58 PM","US urged to come clean on bio-military activities as outcry grows after its ‘confusing, contradictory’ responses"
"Published: Mar 11, 2022 08:41 PM",Economic numbers highlighted at Premier Li’s press conference
"Published: Mar 11, 2022 10:39 PM",China's top legislature approves way to choose HK NPC deputies 
"Published: Mar 12, 2022 12:58 AM","Public-use antigen testing could help fight against COVID-19, does not mean an end to zero policy: expert"
"Published: Mar 12, 2022 10:19 AM",China's first batch of humanitarian aid arrives in Ukraine
"Published: Mar 12, 2022 12:44 PM","China’s model of aid distinctive, contrasting Western model that needs reflection: scholar"
"Published: Mar 12, 2022 03:00 PM","Mayor removed from position amid rapid COVID-19 increase in Jilin, Northeast China"
"Published: Mar 12, 2022 04:54 PM",Team China defeat Sweden to defend wheelchair curling gold at Beijing 2022
"Published: Mar 12, 2022 06:10 PM Updated: Mar 12, 2022 11:15 PM",China urges hard evidence from US to clarify bio weapons suspicion in Ukraine
"Published: Mar 12, 2022 07:52 PM","HK epidemic situation potentially stabilizing, but it’s early to say it has passed peak: Lam"
"Published: Mar 12, 2022 09:51 PM Updated: Mar 12, 2022 11:17 PM","Latest China-India border talks consolidate trust from previous round, as both disregard US agitation"
"Published: Mar 12, 2022 10:59 PM","China's vice premier urges local govts maintain zero-case policy, clear new cases asap"
"Published: Mar 13, 2022 11:29 AM","3 years on, courier's hope for serving customers in-person, saying 'enjoy your meal' is resonating among Chinese netizens"
"Published: Mar 13, 2022 12:32 PM",Shanghai tightens control over latest flare-up of COVID-19 in the city
"Published: Mar 13, 2022 01:07 PM",'1412 + 744' NE China's Jilin records sharp rise of infections
"Published: Mar 13, 2022 02:34 PM",Team China tops both gold and overall tally at 2022 Beijing Winter Paralympics
"Published: Mar 13, 2022 03:26 PM","'Making Olympics and Paralympics equally spectacular,' China carried out its promise: Organizing Committee"
"Published: Mar 13, 2022 03:40 PM",6 Guangdong officials sacked for management loopholes in COVID-19 prevention that caused cluster infections
"Published: Mar 13, 2022 04:27 PM","CPC Central Committee, State Council congratulate Chinese delegation on Winter Paralympics achievements"
"Published: Mar 13, 2022 05:50 PM",Team China's Gold Medals in Beijing 2022 Paralympic Winter Games
"Published: Mar 13, 2022 06:23 PM","GT investigates: From Guantanamo Bay to local prisons, human rights violations are pervasive in US jail system"
"Published: Mar 13, 2022 07:41 PM",Pharmacies prepare stocks as virus antigen detection products cleared for sale
"Published: Mar 13, 2022 08:06 PM",Xi attending closing ceremony of Beijing Winter Paralympics
"Published: Mar 13, 2022 08:40 PM",Paralympic '4S stores' provide 300 repairs to keep athletes' gear in perfect shape
"Published: Mar 13, 2022 08:57 PM",At least 26 officials dismissed for poor performance in dealing with COVID-19
"Published: Mar 13, 2022 09:18 PM","COVID-19 spreads among couriers in E.China, officials warn of risk of spillovers"
"Published: Mar 13, 2022 09:27 PM","India's 'accidental' missile fire into Pakistan raises questions, concerns"
"Published: Mar 13, 2022 10:14 PM","Shenzhen to close communities, suspend transportation, launch city-wide testing amid COVID-19 surge"
"Published: Mar 13, 2022 10:12 PM",Senior Chinese diplomat to meet Sullivan in Rome
"Published: Mar 13, 2022 10:41 PM",China fights severest COVID-19 outbreaks with swift responses
"Published: Mar 13, 2022 10:23 PM","US fans flames with more weapons to Ukraine as Russia, Ukraine, Europe ramp up diplomatic efforts"
"Published: Mar 13, 2022 10:46 PM",Shenzhen ports strengthen closed-loop management of cross-border shipping with Hong Kong
"Published: Mar 13, 2022 10:57 PM",Beijing to expand COVID-19 testing as it stands 'at a critical stage of epidemic control'
"Published: Mar 13, 2022 11:26 PM",US map ban regarding Taiwan part of 'cognition warfare' against Chinese mainland
"Published: Mar 14, 2022 12:38 AM",'Equally spectacular' Paralympics bring world message of solidarity
"Published: Mar 14, 2022 03:22 AM","Yang to meet Sullivan in Rome, sends 'positive sign' via high-level contact mechanism amid Russia-Ukraine crisis"
"Published: Mar 14, 2022 12:10 PM",Not time for China to lie flat: renowned infectious disease expert Zhang Wenhong
"Published: Mar 14, 2022 12:49 PM","Chinese vice premier urges thorough measures to curb virus as Jilin continues reporting 1,000 daily cases"
"Published: Mar 14, 2022 02:37 PM","Shanghai reports record daily COVID-19 infections of 169, with more areas placed under control"
"Published: Mar 14, 2022 03:27 PM",Vietnam bans blockbuster 'Uncharted' over scene featuring map of South China Sea
"Published: Mar 14, 2022 03:31 PM","Beijing orders some students to stay home, close parts of several hospitals amid COVID-19 surge"
"Published: Mar 14, 2022 06:48 PM",Senior Chinese diplomat meets US national security advisor
"Published: Mar 14, 2022 07:50 PM",China strongly opposes US' political manipulation over map ban regarding Taiwan
"Published: Mar 14, 2022 08:24 PM",Chinese tech hub Shenzhen to report more positive COVID-19 cases as city-wide mass testing rolls out
"Published: Mar 14, 2022 08:54 PM","Chinese FM raises six key questions on US bio labs in Ukraine, demanding truth"
"Published: Mar 14, 2022 09:09 PM",Pre-orders soar for antigen tests as China adapts COVID-19 response to Omicron
"Published: Mar 14, 2022 09:21 PM",Netizens express love and appreciation to mascots Bing Dwen Dwen and Shuey Rhon Rhon after waving goodbye to Olympics and Paralympics
"Published: Mar 14, 2022 09:32 PM","China's WS-15 turbofan engine undergoes tests, shows improved performance"
"Published: Mar 14, 2022 09:34 PM",Mirage 2000 fighter's crash reflects Taiwan military's lack of competence: experts
"Published: Mar 14, 2022 09:37 PM","Jilin records over 1,000 daily infections two days in a row, worst local outbreak since Wuhan"
"Published: Mar 14, 2022 09:46 PM",China likely to control new wave of local COVID-19 infections by early April: Lanzhou-based epidemic prediction team
"Published: Mar 14, 2022 09:55 PM",Exclusive: China captures powerful US NSA cyberspy tool
"Published: Mar 14, 2022 09:58 PM","Metropolises take strictest measures in 2 years as China reports more than 10,000 cases since March"
"Published: Mar 14, 2022 10:57 PM",Chinese donations ramp up to mitigate Afghan humanitarian disaster worsened by US sanctions and theft
"Published: Mar 14, 2022 11:19 PM","China, US keep dialogue, but 'no respect, no cooperation' "
"Published: Mar 14, 2022 11:35 PM",First batch of driving licenses to Serbian citizens issued in China
"Published: Mar 14, 2022 11:55 PM","India's new envoy to China assumes office amid welcoming voices, expectations to improve ties"
"Published: Mar 15, 2022 12:11 AM",Ahn Hyun-soo apologizes for wife's company mistakenly listing Taiwan as 'country'; experts call for rational reactions
"Published: Mar 15, 2022 12:17 AM",Hundreds of mainland health workers to visit and help treat COVID-19 patients in HK
"Published: Mar 15, 2022 01:13 AM",Chief epidemiologist reveals three causes of China's recent surge of COVID-19
"Published: Mar 15, 2022 01:26 AM",At least 6 Chinese provincial-level regions show declining population in 2021
"Published: Mar 15, 2022 02:00 AM",Inhaled third-generation vaccine developed by CanSinoBIO proves higher protection as booster against Omicron
"Published: Mar 15, 2022 02:14 AM",China's cyberspace regulator solicits public opinion on new rules to protect minors
"Published: Mar 15, 2022 06:16 AM",Senior Chinese official elaborates on China's position on Ukraine situation
"Published: Mar 15, 2022 06:43 AM",Senior Chinese diplomat meets US national security advisor
