﻿"Published: Aug 03, 2022 09:30 PM",World health experts vow to end AIDS
"Published: Aug 03, 2022 09:36 PM",Young noses better at blocking COVID-19 variants: researchers
"Published: Aug 03, 2022 09:38 PM",Novelist Stephen King star witness in anti-trust trial
"Published: Aug 03, 2022 09:42 PM",NZ industries face lack of workers
"Published: Aug 03, 2022 09:43 PM",At least 112 women hospitalized after gas leak in India apparel manufacturing plant
"Published: Aug 03, 2022 09:46 PM",Lawyers decry prison’s ban on ‘menacing’ spectacles
"Published: Aug 03, 2022 09:56 PM",Kansas voters back abortion rights
"Published: Aug 03, 2022 09:59 PM",Cambodian PM proposes special office to oversee RCEP
"Published: Aug 03, 2022 10:00 PM",DR Congo to reassess withdrawal of UN mission amid violent protests
"Published: Aug 04, 2022 09:41 PM",Deja vu as volcano erupts again near Iceland capital
"Published: Aug 04, 2022 09:42 PM",Survey shows Australians overwhelmingly trust in science
"Published: Aug 04, 2022 10:18 PM",Spark of hope at Great Barrier Reef
"Published: Aug 04, 2022 10:22 PM",Canadian company seeks Chief Candy Officer
"Published: Aug 04, 2022 10:24 PM",Large fire breaks out in Berlin forest after blast in munitions store
"Published: Aug 04, 2022 10:36 PM","Heavy rain hits north Japan, 200,000 urged to evacuate"
"Published: Aug 04, 2022 10:38 PM",10 Mexican workers remain trapped in coal mine after 3 rescued
"Published: Aug 04, 2022 10:45 PM",Euro court refuses to hear life-support case
"Published: Aug 04, 2022 10:49 PM",Texas jury begins deliberation in Alex Jones defamation case
"Published: Aug 04, 2022 10:50 PM",Liz Truss gains further heavyweight endorsement
"Published: Aug 04, 2022 10:51 PM","India’s daily COVID-19 caseload inches to 20,000 mark, with 53 related deaths"
"Published: Aug 06, 2022 10:12 PM",US must follow the Five NOs
"Published: Aug 07, 2022 09:22 PM",Scientists race to reveal melting glaciers' secrets
"Published: Aug 07, 2022 09:23 PM",Tons of fruit stranded in European Union-S.Africa battle of oranges
"Published: Aug 07, 2022 09:28 PM",Musk-Twitter buyout battle escalates
"Published: Aug 07, 2022 09:29 PM",Thai nightclub owner detained
"Published: Aug 07, 2022 09:31 PM",France to give vitamins to beluga stranded in the Seine
"Published: Aug 07, 2022 10:02 PM",'Decisive day' for trapped miners
"Published: Aug 07, 2022 10:05 PM",Brazil arrests five more in Amazon double murder
"Published: Aug 07, 2022 10:07 PM",US police say killings of four Muslim men in New Mexico may be linked
"Published: Aug 07, 2022 10:13 PM",Israel agrees on Egyptian-proposed cease-fire: media
"Published: Aug 07, 2022 10:42 PM",Leftist Petro takes office in Colombia amid challenges
"Published: Aug 07, 2022 10:58 PM",Senators advance Biden's $430 billion bill
"Published: Aug 08, 2022 05:51 PM",Giant tortoise on track halts trains in England
"Published: Aug 08, 2022 07:55 PM",Spain rethinks water use amid historic drought
"Published: Aug 08, 2022 07:56 PM","Seeking water, Brazilian indigenous group finds new home"
"Published: Aug 08, 2022 09:18 PM","COVID crisis shows China as a reliable ally, refuting Western mistrust narrative: Dominica Republic politician"
"Published: Aug 08, 2022 09:24 PM",Political will of the LAC region is safeguarding cooperation with China: Suriname envoy
"Published: Aug 08, 2022 10:57 PM",N.Mexico police seek public's help
"Published: Aug 08, 2022 10:58 PM",Research shows low mRNA vaccine risk for teens
"Published: Aug 08, 2022 11:00 PM",Statue reunited with its feet after New Zealand cop takes icy dip in river
"Published: Aug 08, 2022 11:04 PM",China to help Cuba after fuel tank explosion
"Published: Aug 08, 2022 11:05 PM",Mexico president urges increased effort to save trapped miners
"Published: Aug 08, 2022 11:10 PM",Attacker injures Japanese sailor at WWII ceremony
"Published: Aug 08, 2022 11:14 PM",UN chief hails Gaza-Israel truce
"Published: Aug 08, 2022 11:16 PM",US Senate passes climate and tax bill
"Published: Aug 08, 2022 11:18 PM","Iran does not seek nuclear weapons, foreign minister tells UN chief"
"Published: Aug 09, 2022 07:33 AM",Biden authorizes largest weapons assistance to Ukraine
"Published: Aug 09, 2022 07:52 PM",Earth overdue for volcanic super eruption
"Published: Aug 09, 2022 07:54 PM",Study seeks to help consumers to shop more sustainably 
"Published: Aug 09, 2022 08:14 PM",US returns 30 stolen antique artworks to Cambodia
"Published: Aug 09, 2022 08:16 PM",NYC renters desperate as soaring rents exacerbate housing crisis
"Published: Aug 09, 2022 08:25 PM",New Zealand's endangered kakapo parrot gets a big population boost
"Published: Aug 09, 2022 08:44 PM",Seoul rain leaves at least 8 dead
"Published: Aug 09, 2022 08:46 PM",Britons in Portugal left in limbo
"Published: Aug 09, 2022 08:55 PM",French experts ponder plan to transport whale back to sea from Seine
"Published: Aug 09, 2022 09:03 PM",US to give Ukraine $1b in weapons
"Published: Aug 09, 2022 09:05 PM",Nagasaki marks 77 years since atomic bombing
"Published: Aug 09, 2022 09:14 PM",Third fuel tank collapses as helicopters battle days-old Cuban blaze
"Published: Aug 10, 2022 07:18 PM","River chief guarding longest branch of the Yangtze River appreciates policies, governance support in last decade"
"Published: Aug 10, 2022 09:17 PM",Billboards get Poles talking about low birthrate amid sharp drop
"Published: Aug 10, 2022 09:21 PM",Cats eating New Zealand's critically endangered bats: research
"Published: Aug 10, 2022 09:22 PM",Ailing beluga dies during rescue
"Published: Aug 10, 2022 09:23 PM",Swiss mark 175 years since its first rail service
"Published: Aug 10, 2022 09:24 PM",Salt substitutes may reduce risks of early death from cardiovascular diseases
"Published: Aug 10, 2022 09:29 PM",Man charged over Muslim murders in US
"Published: Aug 10, 2022 09:31 PM",Britain plans for organized blackouts in Jan
"Published: Aug 10, 2022 09:32 PM",Cuba brings days-old fuel depot fire under control
"Published: Aug 10, 2022 09:37 PM",Europe to consider 'dose-sparing' to increase monkeypox vaccine
"Published: Aug 10, 2022 09:40 PM",Torrential rain lessens in Seoul amid heavy damage
"Published: Aug 10, 2022 09:41 PM","Venezuelans protest US-led sanctions, illegal seizures of nation's assets"
"Published: Aug 11, 2022 08:54 PM",Huge wildfires hit France again
"Published: Aug 11, 2022 09:03 PM",NYC mulls congestion charge in 2023
"Published: Aug 11, 2022 09:04 PM",UN trade body urges actions to curb cryptocurrencies in developing countries
"Published: Aug 11, 2022 09:13 PM",IS 'Beatle' appears in London court
"Published: Aug 11, 2022 09:14 PM",Three troopers die in Indian-controlled Kashmir
"Published: Aug 11, 2022 09:19 PM",12 vessels authorized to depart Ukrainian ports for grain export: UN official
"Published: Aug 11, 2022 09:23 PM",Antarctic ice crumbling faster than thought
"Published: Aug 11, 2022 09:26 PM",Giant meteorites created Earth's continents: study
"Published: Aug 11, 2022 09:33 PM",Brazilian woman arrested for stealing mother’s artwork
"Published: Aug 11, 2022 09:38 PM",Brazilian farmers bet on environmentally friendly cotton
"Published: Aug 11, 2022 09:40 PM",Agricultural technology to help protect Australia's reefs: foundation
"Published: Aug 14, 2022 09:17 PM",Iraq’s Garden of Eden suffers from drought
"Published: Aug 14, 2022 09:19 PM",Chinese medics boost treatment of non-communicable diseases in S.Sudan
"Published: Aug 14, 2022 09:33 PM",One killed after stage collapse in Spain
"Published: Aug 14, 2022 09:56 PM",41 dead in fire at mass in Cairo Copt church: officials
"Published: Aug 14, 2022 09:59 PM","Rakesh Jhunjhunwala, India’s ‘Warren Buffet,’ dies at 62"
"Published: Aug 14, 2022 10:00 PM",Gunman in custody after shooting
"Published: Aug 14, 2022 10:01 PM",One missing Vietnamese confirmed dead in UK fire
"Published: Aug 14, 2022 10:02 PM",Saudi Aramco unveils record $48.4 billion profit in second quarter
"Published: Aug 14, 2022 10:13 PM","Eight wounded, two critically, in ‘terror attack’ on Jerusalem bus"
"Published: Aug 14, 2022 10:14 PM Updated: Aug 14, 2022 10:36 PM",Liz Truss 22 points ahead in race to be next PM: poll
"Published: Aug 14, 2022 10:15 PM","India’s daily COVID-19 caseload falls to 14,092; total tally stands at 44,253,464"
"Published: Aug 15, 2022 09:03 PM",Egyptians mourn 41 killed in Cairo Coptic church fire
"Published: Aug 15, 2022 09:05 PM",Marshall Islands sees surging COVID-19 community transmission
"Published: Aug 15, 2022 09:21 PM",Najib seeks to admit new evidence
"Published: Aug 15, 2022 09:22 PM",Measles outbreak kills 80 children in Zimbabwe
"Published: Aug 15, 2022 09:24 PM",No toxins found so far in Oder river fish die-off: Polish minister
"Published: Aug 15, 2022 09:30 PM","Armenian market blast kills 6, injures 61"
"Published: Aug 15, 2022 09:32 PM",3 people shot in Illinois theme park
"Published: Aug 15, 2022 09:38 PM",Germany’s finance minister opposes taxing ‘excessive’ profits
"Published: Aug 15, 2022 09:45 PM",Officials threatened after Trump search
"Published: Aug 15, 2022 09:47 PM",Ex-Aussie PM Morrison secretly held ministry roles during pandemic
"Published: Aug 15, 2022 09:53 PM",Nuke talks must lead to US sanctions removal: Iran
