﻿"Published: Jan 22, 2020 09:15 PM Updated: Jun 06, 2022 09:06 AM",Real-time update on coronavirus outbreak
"Published: Apr 16, 2022 10:38 AM Updated: Jun 05, 2022 01:00 PM",Launch history of manned missions to space by Long March-2F carrier rockets
"Published: Jun 02, 2022 12:32 AM",Macao eases travel requirements for mainland visitors
"Published: Jun 02, 2022 01:20 AM",US scrambles to salvage Summit of the Americas amid distrust over meddling
"Published: Jun 02, 2022 01:51 PM",Updated: Wang Yi to arrive in Papua New Guinea; wide range of bilateral cooperation expected
"Published: Jun 02, 2022 02:06 PM Updated: Jun 02, 2022 02:00 PM",China kicks off construction of most advanced large unmanned ship
"Published: Jun 02, 2022 02:41 PM",China-Japan ties at a crucial crossroads; Tokyo’s handling of Taiwan question serious obstacle to bilateral relations: Chinese envoy
"Published: Jun 02, 2022 06:48 PM","Chinese Foreign Ministry hits back at Blinken, urging US to focus on own domestic problems"
"Published: Jun 02, 2022 07:16 PM","Public places in Beijing to set up COVID reporting mechanism, eat-in dining to remain suspended during Dragon Boat Festival"
"Published: Jun 02, 2022 08:52 PM",Youth of SCO member states hail closer exchanges for better regional prosperity and fight against terrorism
"Published: Jun 02, 2022 11:27 PM","What we do in Pacific Islands is building road and bridge, not increasing military presence: Chinese Foreign Minister"
"Published: Jun 03, 2022 08:03 AM",Rescue underway after earthquake hits China's Sichuan
"Published: Jun 03, 2022 04:58 PM","Most districts in Beijing clear community infection, enter normalized epidemic control era"
"Published: Jun 03, 2022 07:02 PM Updated: Jun 03, 2022 11:36 PM","After Bachelet’s Xinjiang visit fails to support ‘genocide’ allegations, US and UK plot another ‘investigation’ trip"
"Published: Jun 03, 2022 08:35 PM","US flip-flops on ‘Taiwan independence’ wording a big joke, lays bare anxiety over incapacity not matching ambition: experts"
"Published: Jun 03, 2022 10:12 PM","Wang Yi proposes 3 points for developing ties with S.Pacific countries, urges Australia to stop viewing China as an adversary"
"Published: Jun 03, 2022 10:42 PM",Wang Yi summarizes bilateral-multilateral ‘two-wheel drive’ for China-Pacific countries friendship at conclusion of 10-nation visit
"Published: Jun 04, 2022 09:12 AM","Chinese astronauts Chen Dong, Liu Yang and Cai Xuzhe to carry out Shenzhou-14 mission"
"Published: Jun 04, 2022 11:30 AM",The Shenzhou-14 crew for 6-month space station mission
"Published: Jun 04, 2022 11:43 AM","Shenzhou-14 mission to head for China Space Station on Sunday, to complete construction of national space lab"
"Published: Jun 04, 2022 12:51 PM",Two coaches of a bullet train derail in SW China due to mudslide; driver died
"Published: Jun 04, 2022 03:17 PM",Highlights of Shenzhou-14 Mission
"Published: Jun 04, 2022 08:27 PM Updated: Jun 04, 2022 08:18 PM",Beijing enters mop-up phase after latest COVID-19 outbreak; students expected to return to school soon
"Published: Jun 04, 2022 10:42 PM Updated: Jun 04, 2022 10:40 PM",Wang Yi meets Timor-Leste President on last day of Pacific Island countries visit
"Published: Jun 05, 2022 07:59 AM",Shenzhou-14 mission: Send-off ceremony held for astronauts
"Published: Jun 05, 2022 10:46 AM",Shenzhou-14 manned spaceflight mission launched from Jiuquan; taikonaut crew heads to Tianhe space station core module for a six-month stay
"Published: Jun 05, 2022 11:03 AM",Beijing to reopen dining in restaurants in most districts from June 6 as city further eases COVID restrictions
"Published: Jun 05, 2022 11:05 AM",Shenzhou-14 spacecraft delivers three taikonauts to China Space Station to complete national space lab construction
"Published: Jun 05, 2022 11:07 AM","China successfully launches Shenzhou-14 manned spacecraft, 577 seconds after take-off"
"Published: Jun 05, 2022 12:31 PM",Exclusive: Canadian warplanes provoke China with close-in recon over E.China Sea; claims that China buzzing military flights not true: source
"Published: Jun 05, 2022 07:55 PM","PLA aircraft deal with Canadian, Australian provocative close-in recon in East and South China Seas "
"Published: Jun 05, 2022 08:37 PM","Young CPC member inherits Saihanba spirit of strong sense of mission, arduous work, green development"
"Published: Jun 05, 2022 08:51 PM","NATO kicks off drills in Stockholm with prospective members, endless expansion casts shadow over global security "
"Published: Jun 05, 2022 08:57 PM",Saihanba is vivid reflection of  ‘lucid waters and lush mountains are invaluable assets’: expert
"Published: Jun 05, 2022 08:59 PM","China’s economic recovery on fast track for H2 in 2022 as Beijing, Shanghai lift COVID restrictions"
"Published: Jun 05, 2022 09:01 PM","Shenzhou-14 crew moves into Tianhe, kicking off ‘most complicated’ manned space mission to date"
"Published: Jun 05, 2022 09:30 PM","Train derailment sounds alarm for road, rail networks as flood season in S.China comes"
"Published: Jun 05, 2022 09:36 PM",Drones deployed on aircraft carrier Shandong; 'more advanced tech to come soon'
"Published: Jun 05, 2022 10:04 PM",More than a hundred COVID-19 silent carriers reported in NE China’s border city
"Published: Jun 05, 2022 10:22 PM",Japan warned of rise of militarism as air-raid sirens sound on 81st anniversary of its savage bombings in Chongqing
"Published: Jun 05, 2022 11:11 PM","Japan nibbles at one-China principle with ‘dangerous’ plan to send active-duty military staff to Taiwan, consequences far beyond ‘ties deterioration’"
"Published: Jun 05, 2022 11:13 PM",Beijing to stick to dynamic zero-COVID policy in its cleanup phase against COVID-19
"Published: Jun 06, 2022 03:14 AM",Chinese ambassador to India revisits Chennai to follow up summit's spirit; bilateral relations 'have opportunities for breakthrough'
"Published: Jun 06, 2022 12:31 PM","After 25 years ‘one country, two systems’ is a universally recognized success: John Lee"
"Published: Jun 06, 2022 01:31 PM","North China's Inner Mongolia hit by new round of epidemic as Beijing, Shanghai wave fades out"
"Published: Jun 06, 2022 04:40 PM",Update: Shenzhen authority denies senior SOE official involved in parking dispute for infringement behaviors
"Published: Jun 06, 2022 05:48 PM Updated: Jun 06, 2022 05:45 PM",Gender discrimination? Custom demanding women to stay away from dragon boats sparks debates
"Published: Jun 06, 2022 06:41 PM",China urges US to fulfill commitment after State Department adds back ‘not supporting Taiwan independence’ in fact sheet
"Published: Jun 06, 2022 07:28 PM",China bans tattoos services for minors
"Published: Jun 06, 2022 08:16 PM",Bustling Beijing returns as capital city achieves initial victory in Omicron fight
"Published: Jun 06, 2022 08:01 PM",China urges explanation on US officials' revealed plan of ‘smearing Xinjiang to contain China’
"Published: Jun 06, 2022 08:12 PM Updated: Jun 06, 2022 08:08 PM","China deals with provoking Canadian warplanes with ‘professional, powerful measures’"
"Published: Jun 06, 2022 08:40 PM","China’s ‘super bowl’ roars back to life with tremendous economic dynamism, a potential driving engine"
"Published: Jun 06, 2022 09:02 PM",Record 11.9m students to take gaokao with full preparations under shadow of COVID-19
"Published: Jun 06, 2022 08:57 PM","Japan upping ante on Taiwan question, NATO expansion causes concern in Asia-Pacific"
"Published: Jun 06, 2022 09:39 PM","Wang Yi to attend FMs’ meeting with Central Asian nations, jointly tackle security challenge"
"Published: Jun 06, 2022 11:07 PM","China urges calm following missile launches in Korean Peninsula, as US continues to light powder keg"
"Published: Jun 06, 2022 11:39 PM",US-led Summit of the Americas never popular in LatAm for its neocolonial interventionist nature: sociologist
"Published: Jun 07, 2022 12:11 AM","Former head of local education department under investigation for smearing Chinese traditional festival, historical figure"
"Published: Jun 07, 2022 01:55 AM",US' refugees and migrants issue a boomerang of its own hegemonic and bullying practice: Chinese FM
"Published: Jun 07, 2022 02:20 AM",One shot of CanSino's vaccine has 95.35% efficacy against ICU admission: study
"Published: Jun 07, 2022 07:13 AM",Chinese envoy warns against providing weapons to Ukraine or imposing sanctions on Russia
"Published: Jun 07, 2022 11:16 AM Updated: Jun 07, 2022 11:12 AM",Only cease-fire and peace restoration can fundamentally avoid trauma for women and children: Chinese envoy on Ukrainian conflict
"Published: Jun 07, 2022 12:19 PM",5 people punished for delayed emergency rescue of a college student in C. China's Henan
"Published: Jun 07, 2022 12:54 PM Updated: Jun 07, 2022 12:50 PM",Funeral ceremony for hero driver of derailed high-speed train held in SW China’s Guizhou
"Published: Jun 07, 2022 02:47 PM",Taiwan commentator mocked for saying 'mainland missiles couldn't hit eastern island as Earth is round'
"Published: Jun 07, 2022 02:41 PM Updated: Jun 07, 2022 02:37 PM",PLA warns away Australian spy plane for close airspace trespass in China’s Xisha
"Published: Jun 07, 2022 07:45 PM",Chinese FM slams US media report faking ‘Chinese military base’ in Cambodia
"Published: Jun 07, 2022 07:55 PM","Chinese FM again urges explanation on US officials’ Xinjiang remarks, calls ‘genocide’ claim international joke"
"Published: Jun 07, 2022 08:48 PM","US rallies Canada, Australia for close-in recon on China; 'PLA could do similar to them' as countermeasure"
"Published: Jun 07, 2022 08:41 PM Updated: Jun 07, 2022 08:38 PM","Divorce registrations rise in Shanghai after lockdown lift, mainly due to ‘backlog of cases’"
"Published: Jun 07, 2022 08:47 PM","COVID era Chinese students take gaokao, braving restrictions and challenges"
"Published: Jun 07, 2022 09:22 PM","Old China hand nominated as new ambassador, expected to promote China-SK ties"
"Published: Jun 07, 2022 09:41 PM",Malevolent forces: How hypocritical US says one thing and does the opposite on Taiwan question?
"Published: Jun 07, 2022 10:13 PM","Yang Jiechi warns of intertwined ‘old, new’ problems in call with Japanese national security chief"
"Published: Jun 07, 2022 10:21 PM","Impact of EP’s resolution to smear China’s Xinjiang policies in question, serves as ‘political tool to win influence’"
"Published: Jun 07, 2022 11:03 PM","Wang Yi meets with Kazakh president, stresses vigilance against external forces"
"Published: Jun 07, 2022 11:23 PM","HK introduces textbooks for Citizenship, expected to resolve much criticized education problem"
"Published: Jun 07, 2022 11:26 PM",China to see negative population growth before 2025: scholar
"Published: Jun 08, 2022 01:13 AM",Parents of Galwan Valley martyr harvest wheat by themselves although many people offer help
"Published: Jun 08, 2022 01:59 AM Updated: Jun 08, 2022 01:59 AM",The Dream of the Red Chamber considered as one of the most difficult essay topics of this year's gaokao
"Published: Jun 08, 2022 02:31 AM",China's top security authority institutionalizes rewarding citizens for reporting activities that endanger national security
"Published: Jun 08, 2022 12:08 PM Updated: Jun 08, 2022 12:03 PM",Offender who defamed ‘father of hybrid rice’ Yuan Longping apologizes on national media
"Published: Jun 08, 2022 12:14 PM",Suspected gaokao leaks were just cheating attempts and malicious online editing: authorities
"Published: Jun 08, 2022 03:05 PM",China’s top medical authority requires ‘strictest supervision’ on coronavirus testing reagents
"Published: Jun 08, 2022 03:45 PM",N.China's Inner Mongolia registers 240 positive COVID-19 cases in six days
"Published: Jun 08, 2022 03:44 PM",European Parliament’s latest report concerning China is politically biased: Chinese Mission to the EU  
"Published: Jun 08, 2022 04:52 PM",Shanghai opens hukou to students who graduated from top 50 world universities 
"Published: Jun 08, 2022 06:05 PM","China-aided renovation kicks off in Cambodia's Ream Naval Base, Ambassador slams Western speculation"
"Published: Jun 08, 2022 06:32 PM Updated: Jun 08, 2022 06:29 PM",China vows to help Sri Lanka cope with economic difficulties as a response to Sri Lanka’s loan request: Chinese FM
"Published: Jun 08, 2022 07:08 PM",Chinese Go masters share views on widely discussed gaokao essay question about weiqi moves
"Published: Jun 08, 2022 07:09 PM","China agrees with Turkmenistan, Uzbekistan to intensify cooperation"
"Published: Jun 08, 2022 08:02 PM","PLA includes robots, drones in amphibious landing training for officer cadets"
"Published: Jun 08, 2022 08:08 PM","Our conquest is the sea of stars: Taikonauts growing up from hardship, poverty kindled ‘Chinese Dream’ with diligence and persistence"
"Published: Jun 08, 2022 08:28 PM",Exclusive: Ex-secretary to Lee Teng-hui may take up Japanese association post in Taiwan
"Published: Jun 08, 2022 08:49 PM","Chinese netizens congratulate Gu Ailing for being ambassador for US Olympics bid, dismiss move to hijack sports with geopolitics"
"Published: Jun 08, 2022 08:51 PM",Biden to tout economic plan at divisive Summit of Americas
"Published: Jun 08, 2022 09:03 PM",Central Asian countries and China agree to hold regular top-level meetings within C+C5 format
"Published: Jun 08, 2022 09:22 PM",US Disinformation Governance Board paused after widespread questions; US an ‘empire of lies’: Chinese FM
"Published: Jun 08, 2022 09:30 PM",Xi inspects southwestern Chinese city of Meishan
"Published: Jun 08, 2022 10:03 PM","China-aided renovation project kicks off in Cambodia's Ream Naval Base, ‘smears against normal exchange opposed’"
"Published: Jun 08, 2022 10:05 PM",Beijing cuts COVID-19 transmission chain: official
"Published: Jun 08, 2022 10:12 PM",Chinese netizens amazed at possible existence of life outside Earth
"Published: Jun 08, 2022 10:39 PM","China, Central Asia agree on broad cooperation covering BRI, trade and security at C+C5 FMs’ meeting"
"Published: Jun 08, 2022 11:04 PM",Chinese defense chief to expound on security at Shangri-La Dialogue as US pushes ‘Indo-Pacific’
"Published: Jun 08, 2022 10:57 PM",Renowned actor and former underground Party member passes away at 95
"Published: Jun 08, 2022 11:19 PM",China’s radio telescope detects first persistently active repeating fast radio burst from 3b light years away
"Published: Jun 09, 2022 12:17 AM",Young hearing impaired entrepreneur's AI app helps people 'see' sounds
"Published: Jun 09, 2022 12:32 AM",Intense rainfall in C China's Hunan leaves 10 dead and 3 missing
"Published: Jun 09, 2022 02:04 AM",How did the 'Japan-Taiwan Exchange Association' become a spearhead against the one-China principle?
