﻿"Published: Jan 22, 2020 09:15 PM Updated: Feb 14, 2022 09:10 AM",Real-time update on coronavirus outbreak
"Published: Feb 13, 2022 07:41 PM",Beijing education regulator dismisses rumors of forcing kids to receive COVID-19 vaccines before new semester
"Published: Feb 13, 2022 08:02 PM","Winter Games offer great opportunities for Austria, China to deepen cooperation: ambassador"
"Published: Feb 13, 2022 08:24 PM","Simple, sincere greeting can create great power of touching: Olympics volunteer"
"Published: Feb 13, 2022 08:53 PM",DPP sacrifices Taiwan people’s interests by lifting ban on Japan‘nuclear food’ for political gain
"Published: Feb 13, 2022 08:56 PM",China's new military equipment experiment regulations eye combat capability boost
"Published: Feb 13, 2022 09:42 PM Updated: Feb 13, 2022 11:12 PM",US steps up moves to woo Pacific island countries after releasing Indo-Pacific strategy
"Published: Feb 13, 2022 10:28 PM","US needs Ukraine crisis to harm European economy, and legitimize its military presence"
"Published: Feb 13, 2022 11:02 PM","Snowy Beijing 2022 well protected by meteorological, operations teams"
"Published: Feb 13, 2022 11:03 PM","Chinese President Xi Jinping on Sunday congratulated Frank-Walter Steinmeier, who was re-elected as German president"
"Published: Feb 13, 2022 11:09 PM Updated: Feb 13, 2022 11:09 PM",Central govt aid to HK to boost public confidence
"Published: Feb 13, 2022 11:44 PM",Bakeries in several cities investigated for making Bing Dwen Dwen shaped cakes
"Published: Feb 14, 2022 10:29 AM","Suzhou in E.China suspends schools, medical services after reporting 8 Omicron infections"
"Published: Feb 14, 2022 06:57 PM",Foreign athlete who fails to win medals wins many hearts of the Chinese people 
"Published: Feb 14, 2022 06:49 PM",Chinese diplomatic mission in Ukraine working normally: Chinese FM  
"Published: Feb 14, 2022 07:29 PM",Beijing Organizing Committee issues guidebook on Bing Dwen Dwen usage amid mascot frenzy
"Published: Feb 14, 2022 07:45 PM","Solidarity, cooperation and hope demonstrated by Beijing 2022 injects confidence in world with record viewership: Chinese FM"
"Published: Feb 14, 2022 07:58 PM",Friendships built by mankind when faced with COVID-19 challenges ‘pretty precious’: Chinese FM
"Published: Feb 14, 2022 08:17 PM",China's freestyle skier Xu Mengtao wins historic gold in women's aerials at Beijing 2022
"Published: Feb 14, 2022 08:33 PM",Taiwan's first female skier to qualify for the Beijing Winter Olympics gains great encouragement and growth in the Games
"Published: Feb 14, 2022 08:54 PM",Beijing Winter Olympics most gender-balanced Winter Games ever
"Published: Feb 14, 2022 09:12 PM",Exclusive: New unmanned vessel deployed to monitor water quality for Beijing 2022: scientist
"Published: Feb 14, 2022 09:08 PM","Former officials call on China, US to withstand decoupling pressure, strengthen cooperation"
"Published: Feb 14, 2022 09:40 PM",China’s latest portable missile shows world-class defense ability
"Published: Feb 14, 2022 09:49 PM","Exclusive: Friendly interaction between Jin Boyang, Yuzuru Hanyu 'touching story' of China-Japan friendship in Beijing 2022: Chinese Embassy"
"Published: Feb 14, 2022 10:11 PM Updated: Feb 14, 2022 11:11 PM",Giant panda new ‘evil’ to US anti-China lawmakers
"Published: Feb 14, 2022 10:28 PM","Skater Yuzuru Hanyu thanks Chinese fans for support in Beijing 2022, popularity hints 'good start' for worsening ties"
"Published: Feb 14, 2022 10:46 PM","DPP, US link Ukraine crisis with Taiwan island, will only ‘draw China, Russia closer’"
"Published: Feb 14, 2022 10:57 PM","Exclusive: US-based PR professional receives death threats for contract to promote Beijing 2022, says Olympics should not be politized"
"Published: Feb 14, 2022 11:09 PM",PLA Navy flotilla to arrive in Tonga to deliver second batch of relief from China
"Published: Feb 14, 2022 11:52 PM",Shanghai court bans a livestream app from providing Beijing Winter Olympics content without authorization
"Published: Feb 15, 2022 12:55 AM",How has China managed to host 'safest' Olympics amid pandemic?
"Published: Feb 15, 2022 01:06 AM",Self-made curling goes viral amid Beijing Winter Olympics
"Published: Feb 15, 2022 02:02 AM","What is Jiucai Hezi, Gu Ailing's snack while waiting for her score?"
"Published: Feb 15, 2022 02:14 AM",No employment discrimination against ethnic minorities in Xinjiang: Chinese FM
"Published: Feb 15, 2022 02:40 AM",More couples in Chinese cities choose to marry on Feb 22 this year than on Valentine's Day
"Published: Feb 15, 2022 11:00 AM",Gu Ailing of China grabs silver in women's freeski slopestyle at Beijing 2022
"Published: Feb 15, 2022 01:45 PM",Paralympics mascot Shuey Rhon Rhon bounces back on Lantern Festival following Bing Dwen Dwen mania
"Published: Feb 15, 2022 02:11 PM Updated: Feb 15, 2022 02:03 PM","HK will stick to dynamic zero-case strategy, has asked central govt for help: Lam"
"Published: Feb 15, 2022 07:37 PM",Border city Manzhouli under lockdown after 5 positive COVID-19 cases found
"Published: Feb 15, 2022 07:55 PM",How does Zhangjiakou’s wind power light up Olympic venues?
"Published: Feb 15, 2022 08:20 PM","Bakeries, coffee shops selling Bing Dwen Dwen-shaped products under investigation in East China"
"Published: Feb 15, 2022 08:35 PM",Lantern Festival celebrated inside Winter Olympic closed loops; Chinese culture continues to shine at Games
"Published: Feb 15, 2022 08:57 PM",China vows clean Olympic squad with more anti-doping measures
"Published: Feb 15, 2022 09:25 PM",Chinese tech company develops AI coach to help athlete win at Beijing 2022
"Published: Feb 15, 2022 10:02 PM",Hong Kong to take measures to ensure supply of goods from mainland
"Published: Feb 15, 2022 10:18 PM","Yanqing’s dedication to meteorological security praised by officials, athletes"
"Published: Feb 15, 2022 10:13 PM",Home-developed ‘ICU in the air’ safeguards Beijing 2022 with rapid emergency response 
"Published: Feb 15, 2022 10:19 PM",Exclusive: Beijing 2022 a ‘catalyst’ for Japan-China friendship: former veteran Japanese diplomat Ogura
"Published: Feb 15, 2022 10:28 PM",Certain countries attempt to stir up new trouble with China a year after Canada's 'arbitrary detention' claim
"Published: Feb 15, 2022 10:28 PM",Officials punished in Huludao for neglecting duties amid COVID-19 outbreak
"Published: Feb 15, 2022 10:56 PM",China red lights up Nicaragua following reopening of embassy: Exclusive with Chinese envoy
"Published: Feb 15, 2022 11:17 PM",Dynamic ‘Zero-COVID’ only correct way out for HK: virologists
"Published: Feb 15, 2022 11:12 PM",China's gold medals at previous Winter Olympics
"Published: Feb 15, 2022 11:15 PM Updated: Feb 18, 2022 01:10 PM",China reaches record high gold medal haul at Beijing 2022
"Published: Feb 15, 2022 11:54 PM","Team China breaks record by winning six gold medals, more to come"
"Published: Feb 16, 2022 12:52 AM","UK Prime Minister uses China's Sina Weibo to 'warn' Putin, puzzling and amusing Chinese netizens"
"Published: Feb 16, 2022 11:49 AM Updated: Feb 16, 2022 11:44 AM","Xi urges HK to prioritize anti-epidemic work, stresses full support for SAR"
"Published: Feb 16, 2022 02:43 PM","3 districts in S. China’s Zhuhai reward tip-offs up to $15,786 targeting smuggling and illegal border crossing"
"Published: Feb 16, 2022 03:46 PM","High-tech, green and safe Beijing Winter Olympics guaranteed by 212 technologies"
"Published: Feb 16, 2022 04:50 PM","Residents’ average life expectancy reaches 84.11, Shanghai in line with advanced countries in health indexes"
"Published: Feb 16, 2022 07:14 PM","Relevant parties should seek a solution for Ukraine issue via dialogue, Xi told Macron over phone"
"Published: Feb 16, 2022 08:06 PM",Mainland aircraft spotted near Taiwan-occupied island ‘exposes weak air defense’
"Published: Feb 16, 2022 08:41 PM",Swedes optimistic about country’s largest delegation to Winter Games
"Published: Feb 16, 2022 08:58 PM",Exclusive: How China developed snow-making technology for Beijing 2022 amid complex climate conditions
"Published: Feb 16, 2022 09:24 PM Updated: Feb 16, 2022 09:04 PM",Former leader of Kokang region in Myanmar Pheung Kya-shin dies at 94: report
"Published: Feb 16, 2022 09:32 PM",Friendship and nostalgia preserved in copyrighted ‘Friends’ despite edited lines: Chinese fans
"Published: Feb 16, 2022 09:56 PM",So-called declaration against ‘arbitrary detention’ diplomatic fraud: FM
"Published: Feb 16, 2022 10:07 PM",China’s first team of ski doctors saves athletes on snow
"Published: Feb 16, 2022 10:20 PM",US Olympic & Paralympic Committee thanks Beijing for holding 'impressive' Games
"Published: Feb 16, 2022 11:10 PM",Beijing’s high-tech Olympic venues add ‘wings’ to athletes
"Published: Feb 16, 2022 11:11 PM","Liaison office in HK vows to implement Xi’s instructions on controlling COVID-19 in SAR, as flare-up continues"
"Published: Feb 17, 2022 12:02 AM","China offers fighters, training aircrafts, choppers and drones at the Singapore Airshow"
"Published: Feb 17, 2022 12:56 AM","Ukraine ‘invasion’ day passes peacefully, defies ‘war hype’"
"Published: Feb 17, 2022 02:15 AM","Xi, Macron agree on next stage bilateral cooperation, exchange views on Ukraine"
"Published: Feb 17, 2022 10:51 AM Updated: Feb 17, 2022 10:44 AM",IOC highly appreciates China’s ‘good job’ in complex epidemic prevention at Beijing 2022
"Published: Feb 17, 2022 12:05 PM",Second release of NFTs featuring Bing Dwen Dwen set to launch amid frenzy
"Published: Feb 17, 2022 03:12 PM",Mainland starts to dispatch expert team and mobile nucleic acid testing vehicles to help Hong Kong fight latest COVID-19 flare-up
"Published: Feb 17, 2022 06:39 PM","Hosting three Olympics in a row shows elevation of global influence of South Korea, Japan and China: Korean envoy"
"Published: Feb 17, 2022 07:14 PM","Chinese FM urges US to address systematic racial discrimination, protect interests of ethnic minorities"
"Published: Feb 17, 2022 09:08 PM",How technology helps Chinese athletes make breakthroughs at Beijing Winter Olympics
"Published: Feb 17, 2022 09:10 PM","18,000 volunteers serve in Beijing 2022 as ‘heroes behind scenes’"
"Published: Feb 17, 2022 09:16 PM",High-tech drives Chinese athletes to compete smarter at Beijing 2022
"Published: Feb 17, 2022 10:02 PM",Jiangsu provincial govt probes case of ‘chained woman having eight children’
"Published: Feb 17, 2022 11:20 PM","China's zero-COVID strategy: minimum costs for maximum gain, economists say"
"Published: Feb 17, 2022 11:13 PM","PLA’s Ka-28 chopper appears near Taiwan, ‘indicates joint operation’"
"Published: Feb 17, 2022 11:23 PM",Beijing 2022 guards against doping with golden goalkeepers
"Published: Feb 17, 2022 11:32 PM",Central govt sends 1st expert team to HK to help fight city’s acute epidemic surge
"Published: Feb 17, 2022 11:44 PM",Update: Recruiting information related to concerned people smuggling to Cambodia not found on platform: 58.com 
"Published: Feb 18, 2022 12:16 AM",China poised to succeed in Winter Olympics COVID-19 test
"Published: Feb 18, 2022 12:36 AM",Spreading false information and hyping potential Russian invasion of Ukraine only adds obstacles to dialogue: Chinese FM
"Published: Feb 18, 2022 12:49 AM",China establishes office to promote exports of the FC-31 stealth fighter
"Published: Feb 18, 2022 10:55 AM",Shanghai police begin probe into confirmed COVID-19 case that illegally crossed border from Hong Kong
"Published: Feb 18, 2022 02:00 PM","Multiple cities offer cash reward for reports of illegal border crossings from HK following Zhuhai's 100,000-yuan reward amid epidemic concerns"
"Published: Feb 18, 2022 02:37 PM","British Olympic officials 'incredibly pleased' with Beijing Olympic Village, competition venues' quality"
"Published: Feb 18, 2022 03:52 PM",Closed-loop management of the Beijing 2022 very successful: IOC head Bach
"Published: Feb 18, 2022 05:04 PM",Chinese scrambling for Beijing Winter Olympics commemorative coins
"Published: Feb 18, 2022 06:00 PM",Chinese PLA transport aircraft arrives in Solomon Islands with anti-epidemic supplies
"Published: Feb 18, 2022 06:42 PM","HKSAR postpones Chief Executive Election to May, prepares for mass nucleic tests"
"Published: Feb 18, 2022 06:43 PM",China fulfills commitment to host green Olympics through action; leaves ‘sustainable Olympic legacy’ 
"Published: Feb 18, 2022 06:58 PM",China opposes ‘coercive diplomacy’ of US in pushing MCC compact in Nepal
"Published: Feb 18, 2022 09:14 PM",We don't have the right to choose our food: Taiwan residents oppose as DPP lifts bans on eggs from avian flu-hit Japan
"Published: Feb 18, 2022 09:48 PM",Mainland tech giants donate millions to help HK amid pandemic surge
"Published: Feb 18, 2022 10:01 PM",Domestic production makes winter sports less elitist in China
"Published: Feb 18, 2022 10:04 PM","China grabs record 8 golds at Beijing 2022, while global winter sports win 1.4 billion supporters"
"Published: Feb 18, 2022 10:26 PM","Exclusive: China expected to have more Winter Olympians, but hard to have another such ‘special’ Su Yiming: Japanese coach Sato"
"Published: Feb 18, 2022 11:03 PM",Xi sends congratulatory letter to CPC-Sri Lankan parties conference on bilateral ties
"Published: Feb 18, 2022 11:24 PM","HK postpones Chief Executive Election amid epidemic, strives to meet mass testing, quarantine demands with mainland aid"
"Published: Feb 19, 2022 12:20 AM",GT survey shows 99% of respondents have watched Winter Olympics
"Published: Feb 19, 2022 12:31 AM",China will handle EU challenge at WTO in accordance with rules: Ministry of Commerce
