﻿"Published: Jan 22, 2020 09:15 PM Updated: Jun 13, 2022 09:00 AM",Real-time update on coronavirus outbreak
"Published: Apr 16, 2022 10:38 AM Updated: Jun 05, 2022 01:00 PM",Launch history of manned missions to space by Long March-2F carrier rockets
"Published: Jun 12, 2022 02:32 PM Updated: Jun 12, 2022 02:27 PM",Top expert suggests significantly more efficient vaccine for boosters
"Published: Jun 12, 2022 03:35 PM",Nine arrested after violent attack at Tangshan restaurant; case calls for deep probe to address public concerns  
"Published: Jun 12, 2022 04:55 PM",Cluster infections stemming from Beijing’s Paradise Supermarket Bar deemed more severe than Xinfadi cluster 
"Published: Jun 12, 2022 07:30 PM",Chinese attendee refutes Western scholars’ déjà vu rumors against China over reaction to Zelensky’s speech at Shangri-La Dialogue
"Published: Jun 12, 2022 08:09 PM Updated: Jun 12, 2022 08:06 PM",More cases of gang crimes reported in Tangshan following barbecue restaurant violence
"Published: Jun 12, 2022 09:19 PM","Adopting comprehensive, sustainable measures to ensure the effectiveness of fishing ban: expert"
"Published: Jun 12, 2022 09:35 PM",Resolute implementation of 10-year Yangtze fishing ban reflects CPC’s determination to restore ecology and a commitment to the people
"Published: Jun 12, 2022 10:23 PM",Tangshan launches special campaign against crimes in wake of brutality in restaurant 
"Published: Jun 12, 2022 11:04 PM",Chinese local governments speed up implementation of economic stimulus policy in crucial 2nd quarter
"Published: Jun 12, 2022 11:04 PM",Beijing's latest bar-related COVID-19 flare-up 'more difficult to contain' than 2020 Xinfadi market outbreak
"Published: Jun 12, 2022 11:29 PM",Chinese defense chief sends 'strongest warning' to US on Taiwan question; 'Indo-Pacific strategy will fail to divide region'
"Published: Jun 13, 2022 12:31 AM",Australia urged to show real actions to reset China ties amid confusing messages at key security meeting
"Published: Jun 13, 2022 01:36 AM",Some Chinese cities on trial to shorten quarantine period to 7+7days for international arrivals at entry points
"Published: Jun 13, 2022 02:04 AM","Japan continues to address 'concerns' over China during defense ministers' meeting, attempting to take advantage from regional conflicts"
"Published: Jun 13, 2022 03:47 AM",4 cities notified by China's State Council for 'excessive epidemic prevention and control' affecting logistics
"Published: Jun 13, 2022 03:04 PM Updated: Jun 13, 2022 03:01 PM",Tattoo services totally prohibited for minors in China even with parents’ approval
"Published: Jun 13, 2022 04:04 PM",Tangshan encourages tip-offs of illegal acts in wake of brutal restaurant assault 
"Published: Jun 13, 2022 05:52 PM",Opening new US Wuhan consulate office hardly corrects its negative policy toward China
"Published: Jun 13, 2022 07:33 PM",Chinese FM confirms receiving of appreciation letter from Aussie Prime Minister
"Published: Jun 13, 2022 07:57 PM","US gun control deal a political show to ‘deceive public, gain points before midterms’"
"Published: Jun 13, 2022 08:39 PM",Xi signs order to promulgate outlines on military operations other than war
"Published: Jun 13, 2022 08:45 PM",Zelensky’s Taiwan remarks ‘used by some forces to create tension between China and Ukraine’: Chinese FM
"Published: Jun 13, 2022 09:06 PM","Archaeologists find more cultural relics at Sanxingdui Ruins, presenting splendid ancient Shu culture"
"Published: Jun 13, 2022 09:04 PM Updated: Jun 13, 2022 08:57 PM",Update: College student expelled from Shanghai university for suspected attempt to drug schoolmate with ‘philter’
"Published: Jun 13, 2022 09:11 PM","Foreign English teachers requested to swear allegiance to Basic Law, ‘part of HK revamp plan’"
"Published: Jun 13, 2022 09:16 PM","Beijing suspends sports events, postpones return of classes as bar-related cluster infection involves 228"
"Published: Jun 13, 2022 09:36 PM",European Parliament's resolution on China's Xinjiang is nothing but huge disgrace in EU history: regional spokesperson
"Published: Jun 13, 2022 09:46 PM","Exclusive: Report reveals how US spy agencies stole 97b global internet data, 124b phone records in just 30 days"
"Published: Jun 13, 2022 09:59 PM",Construction starts on planetarium at highest global altitude in SW China's Xizang
"Published: Jun 13, 2022 10:09 PM",Dynamic zero-COVID approach underpins China’s sustainable growth
"Published: Jun 13, 2022 10:20 PM",China’s dynamic zero-COVID policy creates a strong fortress for world against virus: Japanese professor
"Published: Jun 13, 2022 10:15 PM Updated: Jun 13, 2022 10:00 PM",China enjoys sovereignty and jurisdiction over Taiwan Straits: Chinese FM
"Published: Jun 13, 2022 10:40 PM Updated: Jun 13, 2022 10:32 PM",Xi signs outlines that direct China’s military operations other than war
"Published: Jun 14, 2022 05:42 AM",A peek into Heaven Supermarket Bar: When 'Beijing's secret after-party' was unsurprisingly declared as the latest epicenter of the outbreak
"Published: Jun 14, 2022 07:58 AM",Senior Chinese diplomat meets US national security advisor
"Published: Jun 14, 2022 10:18 AM Updated: Jun 14, 2022 10:03 AM",Senior Chinese diplomat Yang Jiechi warns US not to have miscalculation or illusion on Taiwan question
"Published: Jun 14, 2022 12:54 PM",Update: Yang-Sullivan meeting draws bottom line for US
"Published: Jun 14, 2022 03:25 PM",Lam vows every effort in epidemic control to create favorable condition for central govt leaders' visit to HK
"Published: Jun 14, 2022 06:07 PM Updated: Jun 14, 2022 06:04 PM","Torrential rain hits E China’s Fujian, killing at least 3 people"
"Published: Jun 14, 2022 08:22 PM",Domestically trained postgraduates constitute a major force for national major projects
"Published: Jun 14, 2022 09:13 PM",Bachelet cites personal reasons for not seeking second term amid US' politicization of human rights body
"Published: Jun 14, 2022 10:26 PM",Chinese military launches non-commissioned officer recruitment program among gaokao sitters
"Published: Jun 14, 2022 10:39 PM","Beijing authorities file criminal case against owner of Heaven Supermarket, revoke bar's license "
"Published: Jun 14, 2022 10:59 PM",US sends special envoy to Pacific island nations with competition with China in mind
"Published: Jun 14, 2022 11:14 PM","Hong Kong SAR ups epidemic control, security and festive preparations ahead of 25th founding anniversary"
"Published: Jun 14, 2022 11:37 PM","GT Investigates: Western freelance journalists expose NATO propaganda fomenting Ukraine crisis, suffer merciless attacks by ‘civilized’ West"
"Published: Jun 15, 2022 12:29 AM","Inviting Taiwan to join PALS a provocative move by US, Japan: experts"
"Published: Jun 15, 2022 12:43 AM Updated: Jun 17, 2022 11:10 PM",Update: Henan authorities to investigate suspected abuse of health code system
"Published: Jun 15, 2022 12:47 AM",Tangshan updates hotlines to facilitate tip-offs on gang crimes; 'time to test city's resolve' to eradicate chronic problem of social governance
"Published: Jun 15, 2022 02:03 AM",Former Xinjiang Party head Chen Quanguo takes new post as deputy head of Central Rural Work Leading Group
"Published: Jun 15, 2022 09:51 AM Updated: Jun 15, 2022 09:45 AM",70 countries at UN oppose interference in China's internal affairs under pretext of human rights
"Published: Jun 15, 2022 12:04 PM",Cargo plane from Chengdu to Brussels rejected takeoff due to fire alarm
"Published: Jun 15, 2022 12:35 PM",Mainland customs to increase nucleic acid testing on imported cold-chain products and packages from Taiwan
"Published: Jun 15, 2022 03:12 PM","HK ranked as 5th most competitive place thanks to ‘one country, two systems’ principle"
"Published: Jun 15, 2022 04:38 PM",Xi's article on China's human rights development to be published
"Published: Jun 15, 2022 06:04 PM",Measures against ‘Taiwan independence’ provocations an act of justice to safeguard China's sovereignty: Taiwan Affairs Office
"Published: Jun 15, 2022 06:39 PM","Xi, Putin hold phone call, vow pragmatic cooperation"
"Published: Jun 15, 2022 08:53 PM",PLA Navy's Type 055 large destroyer Lhasa holds 1st far sea drills in Sea of Japan
"Published: Jun 15, 2022 09:12 PM",China issues monkeypox guidance as WHO considers declaring 'emergency of international concern'
"Published: Jun 15, 2022 09:39 PM",China calls on intl community to investigate forced labor in US
"Published: Jun 15, 2022 10:22 PM",More countries support China on Xinjiang amid US-led clique’s siege 
"Published: Jun 15, 2022 10:40 PM","China celebrates 10th National Low-carbon Day, eyes action to achieve ‘dual carbon’ goals"
"Published: Jun 15, 2022 10:44 PM","US likely to turn Taiwan island into 'bigger nut to crack' in military talks, but secessionists will find it hard to celebrate its 'cannon fodder' destiny"
"Published: Jun 15, 2022 11:00 PM",‘International waters’ merely a unilateral colloquial term used by US Navy: experts
"Published: Jun 15, 2022 11:11 PM",Comrades-in-arms and netizens share their tribute to commemorate border heroes on 2nd anniversary of Galwan Valley clash
"Published: Jun 15, 2022 11:42 PM","GT investigates: US, primary spreader of disinformation, manipulates propaganda machine for own gains under guise of ‘freedom, human rights’"
"Published: Jun 16, 2022 12:11 AM",Indians ready to return to China as embassy updates visa policy
"Published: Jun 16, 2022 12:36 AM",US anxiety to push decoupling with China in mineral supply chains 'a dangerous signal'
"Published: Jun 16, 2022 12:57 AM","Xi, Putin hold phone call, vow mutual support amid global turbulence"
"Published: Jun 16, 2022 02:21 AM",'Stable' opportunities become preferable choices for Chinese graduates amid epidemic and fierce competition
"Published: Jun 16, 2022 03:07 AM",People of Balochistan support China-Pakistan friendship and construction of Economic Corridor: acting Governor
"Published: Jun 16, 2022 04:31 AM",Strict use of health code urged as homebuyers suspectedly given red codes after complaints against unfinished residential project
"Published: Jun 16, 2022 11:10 AM Updated: Jun 16, 2022 11:07 AM",Airline denies man's claim of being refused to board a flight as COVID test was expired for 3 minutes
"Published: Jun 16, 2022 11:50 AM",GT Exclusive: US shoe company Skechers forced to prove 'no forced labor' ahead of US discriminative act on Xinjiang
"Published: Jun 16, 2022 06:52 PM",Reelection of Chinese candidate to CLCS a recognition to China's adherence to multilateralism: FM
"Published: Jun 16, 2022 06:53 PM",China issues guidance on acute severe hepatitis of unknown causes in children for early recognition
"Published: Jun 16, 2022 09:41 PM",Taiwan authorities paying US lobbyists to maintain ‘rock-solid’ ties
"Published: Jun 16, 2022 09:51 PM","More young people in China are seeking a career in rural areas and local communities, bringing with them knowledge, vitality"
"Published: Jun 16, 2022 09:57 PM",China prepares ground recipient system for space-based solar power station
"Published: Jun 16, 2022 10:27 PM",Aussie FM's  frequent visit to S.Pacific nations 'charm offensive' to exclude China from region
"Published: Jun 16, 2022 10:34 PM","E.China's Fujian, Jiangxi launch emergency flood responses following rain alert"
"Published: Jun 16, 2022 10:48 PM","Major cities 'battle for talent,' rolling out incentives amid hardest graduate season "
"Published: Jun 16, 2022 11:00 PM","Exclusive: Peak body of Aussie elite universities urges Canberra to refresh China policy, offer more incentives to attract Chinese students"
"Published: Jun 16, 2022 10:59 PM",Exclusive: Another group of Indian hackers exposed on decade-long attacks against China
"Published: Jun 17, 2022 01:11 AM","Russia, China seek new growth momentum at key economic forum amid US hegemony"
"Published: Jun 17, 2022 01:49 AM",University teacher removed from post for insulting remarks about women
"Published: Jun 17, 2022 10:05 AM","China urges US to fully lift unilateral sanction, return assets to Afghan people at UN human rights council"
"Published: Jun 17, 2022 10:10 AM",President Xi will preside over BRICS virtual summit on June 23 from Beijing
"Published: Jun 17, 2022 12:01 PM Updated: Jun 17, 2022 10:11 PM",China launches EM catapults-equipped 3rd aircraft carrier in Shanghai
"Published: Jun 17, 2022 02:20 PM",Exclusive: Including 'HK never been a colony' in textbooks corrects flawed thinking  
"Published: Jun 17, 2022 06:44 PM",UK sending refugees to Rwanda astonishes HK migrants as they see through 'fragile Western help'
"Published: Jun 17, 2022 08:43 PM",Sullivan reiterates ‘one-China policy’ as US in domestic chaos seeks to ‘stabilize ties’ with China
"Published: Jun 17, 2022 08:57 PM",Chinese regulators suspend implementation of wildlife trade ban notice in early 2020 amid further improvement of related legislature
"Published: Jun 17, 2022 10:07 PM","China, Russia sign new trade agreement on energy and food, expected to further unleash potential"
"Published: Jun 17, 2022 10:23 PM","US companies, people affected by crackdown on Chinese firms, says official"
"Published: Jun 17, 2022 10:53 PM",Xi to host BRICS Summit; China devt approach anticipated
"Published: Jun 17, 2022 10:50 PM Updated: Jun 18, 2022 04:55 PM","Xi stresses true multilateralism, rejecting decoupling and sanctions at Russian economic forum"
"Published: Jun 18, 2022 12:18 AM","US, Australia’s recent moves in South Pacific eye new small clique to contain China"
"Published: Jun 18, 2022 12:27 AM",China beefs up anti-corruption work in financial units
"Published: Jun 18, 2022 01:15 AM",Local govts adjust nucleic acid testing requirements
"Published: Jun 18, 2022 10:12 AM Updated: Jun 18, 2022 10:08 AM",China issues orange alert for high temperatures in seven provinces
"Published: Jun 18, 2022 10:16 AM Updated: Jun 18, 2022 10:14 AM",One person killed in fire at Shanghai ethylene glycol plant; no contamination to nearby environment
"Published: Jun 18, 2022 12:53 PM Updated: Jun 18, 2022 12:50 PM",China’s internet watchdog seeks to strengthen regulation of comments on social media platforms
"Published: Jun 18, 2022 01:59 PM Updated: Jun 18, 2022 01:56 PM",Transmission chain of Heaven Supermarket bar-related outbreak basically stifled: Beijing official
"Published: Jun 18, 2022 03:53 PM Updated: Jun 18, 2022 03:49 PM",Six killed in an explosion at a chemical factory in NW China’s Gansu
"Published: Jun 18, 2022 03:58 PM",Xi underscores improved capability in fighting corruption to ensure full victory
"Published: Jun 18, 2022 06:50 PM Updated: Jun 18, 2022 06:45 PM",Inner Mongolian police station confirmed it was vandalized by a Tangshan gang with three officers injured
"Published: Jun 18, 2022 09:23 PM Updated: Jun 18, 2022 09:20 PM",Five people died after strong rainfall hits Guangxi
