﻿"Published: Jul 03, 2022 11:29 PM Updated: Jul 11, 2022 10:01 PM",GT investigates: How US exploits minority workers and immigrants in agriculture and other labor-intensive industries
"Published: Jul 06, 2022 09:01 PM","Secretary-General of OPEC, Barkindo, dies unexpectedly at 63"
"Published: Jul 06, 2022 09:02 PM",FMD disease casts shadow over Eid in Indonesia
"Published: Jul 06, 2022 09:04 PM",Thousands flee Sydney floods
"Published: Jul 06, 2022 09:06 PM",Germany plans new path to residency for migrants
"Published: Jul 06, 2022 09:08 PM",Malaysian to be hanged in Singapore after court dismisses appeal
"Published: Jul 06, 2022 09:24 PM",July 4 gunman charged with seven counts of murder
"Published: Jul 06, 2022 09:46 PM",UK Prime Minister Johnson vows to plow on despite resignations
"Published: Jul 06, 2022 09:50 PM","Monkeypox cases top 5,000: WHO"
"Published: Jul 07, 2022 12:15 AM",Chinese and Australian astronomers make history discovering direct evidence for common envelope evolution
"Published: Jul 07, 2022 04:23 PM",UK's Johnson will resign Thursday as Conservative leader: BBC
"Published: Jul 07, 2022 07:41 PM",UK PM Boris Johnson resigns
"Published: Jul 07, 2022 08:36 PM",US women prepare for what’s to come after abortion ruling
"Published: Jul 07, 2022 08:46 PM",Spain bull-running fiesta returns
"Published: Jul 07, 2022 08:47 PM",Air Canada temporarily bans pets from baggage hold
"Published: Jul 07, 2022 08:48 PM","Explosion rocks Georgia Guidestones, dubbed ‘America’s Stonehenge’"
"Published: Jul 07, 2022 08:53 PM",Australia rolls out 4th COVID-19 doses
"Published: Jul 07, 2022 08:54 PM",Researchers make Alzheimer’s breakthrough
"Published: Jul 07, 2022 08:57 PM",Price spikes since March push 71 million into poverty: UN
"Published: Jul 07, 2022 09:05 PM",UK PM Johnson to step down
"Published: Jul 07, 2022 09:06 PM",Bridge trial opens 4 years after disaster killed 43
"Published: Jul 07, 2022 09:08 PM",East Congo clashes resume after de-escalation agreement with Rwanda
"Published: Jul 08, 2022 07:54 AM","Peace negotiations between Russia, Ukraine to get more difficult with time: Putin"
"Published: Jul 08, 2022 07:59 AM","Russian forces hit ammunition depots, Ukrainian troops in Donetsk"
"Published: Jul 08, 2022 08:30 AM","Exclusive: Japanese, US militaries plot to deploy mid-range missiles in Japan’s SW islands"
"Published: Jul 08, 2022 11:03 AM","Former Japanese prime minister Shinzo Abe has collapsed in Nara, and shots were heard, NHK reports"
"Published: Jul 08, 2022 12:15 PM",Former Japanese PM Abe shows no sign of life after being shot
"Published: Jul 08, 2022 12:38 PM",Political purpose can't be ruled out; 'biggest political incident in post-war Japan': expert
"Published: Jul 08, 2022 01:04 PM Updated: Jul 08, 2022 04:05 PM","Japan's ex-leader Shinzo Abe dies from gunshot, 'biggest political incident in post-WWII Japan'"
"Published: Jul 08, 2022 04:09 PM",Japanese PM Fumio Kishida condemns 'barbaric attack'
"Published: Jul 08, 2022 04:10 PM",Russian FM extends sympathy to Japan over attack on Abe
"Published: Jul 08, 2022 04:37 PM","Tokyo stocks close slightly higher, gains capped by Abe shooting"
"Published: Jul 08, 2022 04:55 PM Updated: Jul 09, 2022 01:21 PM",Abe remembered in China as controversial figure who 'ruined own contribution to bilateral ties'
"Published: Jul 08, 2022 10:20 PM",China offers condolences to family of former Japanese PM Abe
"Published: Jul 09, 2022 06:35 PM",The hearse carrying former Japanese Prime Minister Shinzo Abe’s body arrives at his home in Tokyo
"Published: Jul 09, 2022 09:04 PM",Condolences from world leaders underscore Abe’s diplomatic flexibility; incident may deepen link between US-Japan right wing forces: expert
"Published: Jul 10, 2022 07:50 PM",‘The lung of Tunisia’
"Published: Jul 10, 2022 07:52 PM","Five years after liberation from IS, normalcy returns to city of Mosul"
"Published: Jul 10, 2022 07:55 PM",NASA releases telescope ‘teaser’
"Published: Jul 10, 2022 07:56 PM",Thousands of Romanians march for LGBTQ rights
"Published: Jul 10, 2022 07:58 PM",Firefighters contain ‘mega-fire’ in southern France’s Gard region
"Published: Jul 10, 2022 08:01 PM",US monkeypox cases spread across 39 states
"Published: Jul 10, 2022 08:03 PM",German Chancellor’s summer party struck by date-rape sex scandal
"Published: Jul 10, 2022 08:06 PM","Two dead, 14 missing in Nigeria boat capsize"
"Published: Jul 10, 2022 08:08 PM",Four more enter race for UK PM
"Published: Jul 10, 2022 08:10 PM",US seeks to ‘erode’ nuke talks: Iranian lawmaker
"Published: Jul 10, 2022 08:12 PM",Brazilian pro-gun protesters call for extension of loosened firearm regulations
"Published: Jul 11, 2022 09:15 PM",Austria and Hungary fight nature to stop lake vanishing
"Published: Jul 11, 2022 09:16 PM",Panamanian fishermen compete to fish plastic in attempts to curb marine pollution
"Published: Jul 11, 2022 09:26 PM",Portugal battles forest fires amid heat wave
"Published: Jul 11, 2022 09:30 PM",Pakistan’s prized mango harvest hit by severe water scarcity
"Published: Jul 11, 2022 09:37 PM",Blizzard prompts evacuations in Andes mountains
"Published: Jul 11, 2022 09:41 PM",Opposition slams ‘secret deal’
"Published: Jul 11, 2022 10:05 PM",EU backs 2nd COVID-19 booster jab for over-60s
"Published: Jul 11, 2022 10:07 PM",World population expected to hit 8 billion in November 2022: UN
"Published: Jul 11, 2022 10:12 PM",Biden mulls drastic abortion move
"Published: Jul 11, 2022 10:13 PM","Yoon suspends briefings amid virus surge, poor ratings"
"Published: Jul 11, 2022 10:17 PM",Autopsy in Spain for ex-Angola leader Dos Santos amid foul play claims
"Published: Jul 12, 2022 08:01 AM","Ukrainian president, Dutch PM discuss financial, military aid for Kiev"
"Published: Jul 12, 2022 08:01 AM","Putin, Erdogan discuss bilateral relations, situation in Ukraine over phone"
"Published: Jul 12, 2022 04:50 PM",Belgium dips its toe into famous water bike races
"Published: Jul 12, 2022 08:03 PM",James Webb reveals early universe image
"Published: Jul 12, 2022 08:07 PM",Study highlights oximeter flaw
"Published: Jul 12, 2022 08:08 PM",Market values are destroying nature: major UN report
"Published: Jul 12, 2022 08:09 PM",Cruise ship headed to Australia’s NSW struck by COVID-19 outbreak
"Published: Jul 12, 2022 08:23 PM",Britain braces itself as temperatures soar throughout Europe
"Published: Jul 12, 2022 08:24 PM",US senators fear Facebook censoring abortion posts
"Published: Jul 12, 2022 08:27 PM",Paris 2015 attacker’s sentence stands after no appeal filed
"Published: Jul 12, 2022 08:31 PM","19,165 minors victims of conflicts"
"Published: Jul 12, 2022 08:32 PM",French PM survives no-confidence vote easily
"Published: Jul 12, 2022 08:34 PM","Haiti gang violence leaves more than 50 dead near capital, mayor says"
"Published: Jul 13, 2022 01:57 AM",Indian hackers launch fresh attack at Pakistan under China-related code name: Chinese cybersecurity firm
"Published: Jul 13, 2022 07:56 AM",Ukraine joins NATO's program of technological cooperation
"Published: Jul 13, 2022 07:56 AM",Ukrainian PM welcomes 1-bln-euro aid from EU
"Published: Jul 13, 2022 10:12 AM",World’s Largest Missile Being Prepared for New Tests in Russia
"Published: Jul 13, 2022 10:19 AM","BRICS Could Create Its Own Reserve Currency, Russia's Medvedev Says"
"Published: Jul 13, 2022 02:32 PM",State of emergency declared in Sri Lanka
"Published: Jul 13, 2022 08:29 PM",Drought hits Mexican industrial powerhouse
"Published: Jul 13, 2022 08:31 PM",Tree climbers vital for botanical research in Brazil’s Amazon 
"Published: Jul 13, 2022 08:39 PM",Twitter sues Elon Musk for contract breach
"Published: Jul 13, 2022 08:43 PM",Pig heart transplants see success in two brain-dead recipients
"Published: Jul 13, 2022 08:45 PM",Sydney to use AI technology to smooth bumpy roads
"Published: Jul 13, 2022 08:49 PM",1st round for Tory leadership held
"Published: Jul 13, 2022 08:50 PM",Video shows hesitant police response to Texas shooting
"Published: Jul 13, 2022 08:51 PM",Indonesia jails captain of tanker arrested for illegal anchorage
"Published: Jul 13, 2022 08:54 PM",Trump incited Jan 6 mob: panel
"Published: Jul 13, 2022 08:55 PM",Macron says ‘would not’ change Uber dealings
"Published: Jul 13, 2022 08:55 PM","‘No ultimatums’ from coalition, Italian Prime Minister Draghi says"
"Published: Jul 14, 2022 08:09 AM",Talks on Ukrainian grain exports conclude in Istanbul
"Published: Jul 14, 2022 08:10 AM","Ukraine, Russia make some progress at talks on grain exports: Zelensky"
"Published: Jul 14, 2022 08:10 AM",UN chief hails progress in talks over Ukraine grain exports
"Published: Jul 14, 2022 07:01 PM",Labor deficit
"Published: Jul 14, 2022 07:06 PM",Melilla migrants likely suffocated
"Published: Jul 14, 2022 07:07 PM",Ex-CIA coder found guilty in WikiLeaks case
"Published: Jul 14, 2022 07:10 PM","In Albania, divers fish for unexploded World War II munitions"
"Published: Jul 14, 2022 07:12 PM",EC warns France over Uber lobbying report
"Published: Jul 14, 2022 07:14 PM","In first, Pope Francis names 3 women to Dicastery for Bishops"
"Published: Jul 14, 2022 07:15 PM","Remains of 8,000 Nazi war victims found in Poland"
"Published: Jul 14, 2022 07:23 PM",Raped child left state for abortion
"Published: Jul 14, 2022 07:24 PM",UAE will remain as ‘reliable’ oil provider
"Published: Jul 14, 2022 07:27 PM","NZ announces free masks, tests as health system struggles with COVID-19"
"Published: Jul 14, 2022 07:39 PM","China, Greece should enhance ties in all areas to excellent level of political bond: senior Greek diplomat"
"Published: Jul 15, 2022 08:03 AM",Russia legalizes special economic measures to support military operations abroad
