﻿"Published: Feb 28, 2022 12:16 AM","Taiwan hypes mainland weather balloon presence, 'reflects suspicious, frightened mindset'"
"Published: Feb 28, 2022 12:12 AM",Receptionist recounts Nixon's visit to China in 1972
"Published: Feb 28, 2022 12:49 AM","Zheng Minzhi, witness of the Ping-Pong Diplomacy, recalls historical moment of Nixon's visit to China"
"Published: Feb 28, 2022 01:33 AM",'Our performances were not that revolutionary': Shanghai acrobat recounts Nixon's China Visit in 1972
"Published: Feb 28, 2022 02:03 AM",Provocative policies toward China main factor of plunge of Chinese impression of Japan: observers
"Published: Feb 28, 2022 03:01 AM",Tsai mocked for copying West to show 'verbal support' for Ukraine with light shows in cities on Taiwan island
"Published: Feb 28, 2022 03:21 AM",Affinity lies in mutual understanding between people: member of welcome team to greet then US first lady in 1972
"Published: Feb 28, 2022 03:39 AM",US guests moved by Chinese hospitality: 'China will remain in our memory for a long time'
"Published: Feb 28, 2022 08:28 AM","HKSAR chief executive meets with mainland health official, epidemiologists on combating COVID-19"
"Published: Feb 28, 2022 01:49 PM Updated: Feb 28, 2022 10:01 PM",Chinese officials urge US to respect one-China principle and return ties to normal at event commemorating Shanghai Communiqué
"Published: Feb 28, 2022 07:44 PM",Vaccination rate of crew from ships of Chinese nationality on international voyages reaches 90 percent
"Published: Feb 28, 2022 08:36 PM",50 years of China-US relations
"Published: Feb 28, 2022 09:18 PM",US' human rights situation worsened in 2021: report
"Published: Feb 28, 2022 09:47 PM","Chinese FM refutes US' allegation on China's inaction over Russia's move in Ukraine, calls it slander"
"Published: Feb 28, 2022 09:47 PM Updated: Feb 28, 2022 09:50 PM",Chinese in Ukraine mull alternative evacuation routes with embassy assistance
"Published: Feb 28, 2022 10:00 PM Updated: Feb 28, 2022 10:03 PM","Top-level mainland experts arrive to support Hong Kong, boosting Chief Executive's confidence in fighting against virus"
"Published: Feb 28, 2022 10:21 PM","Venues, Paralympic Villages, transportation and medical services speed up transition for Paralympic Winter Games"
"Published: Feb 28, 2022 10:22 PM",All unbiased foreigners welcome to visit Xinjiang: Foreign Minister Wang Yi
"Published: Feb 28, 2022 11:06 PM",Scientists propose measures to ensure well-being of gene-edited babies as jailed researcher to be released in near future
"Published: Feb 28, 2022 11:01 PM",Concert held to commemorate Shanghai Communiqué; 'the young represent our shared future'
"Published: Feb 28, 2022 11:20 PM",Chinese staff recalls their warm yet dignified reception of Richard Nixon in his Shanghai visit 50 years ago
"Published: Feb 28, 2022 11:31 PM","US urged to respect one-China principle, 'absorb wisdom' from Shanghai Communiqué"
"Published: Mar 01, 2022 12:24 AM Updated: Mar 01, 2022 12:43 AM",China won't abandon principles to repair ties with US: GT survey
"Published: Mar 01, 2022 12:43 AM","Kiev, Moscow talk amid conflicts; low hope for 'major breakthrough' "
"Published: Mar 01, 2022 01:12 AM",Case of 'kidnapped blood slave' in Cambodia fabricated: Chinese embassy
"Published: Mar 01, 2022 02:58 AM",Chinese readers rush to buy books on Russia and Ukraine as conflict escalates
"Published: Mar 01, 2022 08:03 AM",Chinese envoy calls for efforts to promote direct negotiations on Ukraine
"Published: Mar 01, 2022 11:13 AM","Embassy evacuates first batch of 600 Chinese from Ukraine; 1,000 prepared in second batch"
"Published: Mar 01, 2022 06:23 PM",Political adviser calls on China to build digital security emergency response system to address cyberattacks
"Published: Mar 01, 2022 07:11 PM",West's 'coexistence with virus' should not be standard for China's anti-epidemic strategy: top Chinese epidemiologist
"Published: Mar 01, 2022 07:11 PM","Exclusive: 1,700 Chinese nationals in Ukraine to be evacuated to neighboring countries: embassy"
"Published: Mar 01, 2022 08:54 PM",Tonga volcanic eruption unlikely to significantly affect climate or overwhelm long-term global warming trend: study
"Published: Mar 01, 2022 09:19 PM","China calls for solution through negotiations, supports all constructive intl efforts: FM Wang Yi"
"Published: Mar 01, 2022 09:26 PM Updated: Mar 01, 2022 10:46 PM",Beijing Paralympic Winter Games to have largest use of Braille with China-developed green printing technology
"Published: Mar 01, 2022 09:41 PM","Discovering Qitaihe, China's rust belt town that's become 'hometown of Winter Olympic champions'"
"Published: Mar 01, 2022 09:50 PM Updated: Mar 01, 2022 10:47 PM","Exoskeleton to assist bearers at Beijing Winter Paralympics torch relay, songs will light fire"
"Published: Mar 01, 2022 09:57 PM Updated: Mar 01, 2022 10:07 PM",HK mulls stay-at-home order during mass testing
"Published: Mar 01, 2022 10:06 PM","Exclusive: Beijing Winter Paralympics 'same impressive, splendid and safe' event as Winter Games: IPC chief"
"Published: Mar 01, 2022 10:37 PM",Certain politicians urged to end political publicity stunts: FM Commissioner's Office to HK
"Published: Mar 01, 2022 11:02 PM",China launches one of the largest Chinese citizens evacuations in Ukraine
"Published: Mar 01, 2022 11:07 PM","Biden sends former officials to Taiwan to 'offset Pompeo', pacify DPP"
"Published: Mar 01, 2022 10:55 PM","West's financial sanctions tougher than in 2014 , but Russian economy may withstand them, experts say"
"Published: Mar 01, 2022 11:25 PM",NPC deputy proposes broader crackdown on people trafficking
"Published: Mar 02, 2022 01:09 AM",Shaanxi police launch investigation into 'caged woman' living in captivity
"Published: Mar 02, 2022 07:55 AM","Chinese, Ukrainian FMs hold phone talks over Ukrainian situation"
"Published: Mar 02, 2022 10:33 AM Updated: Mar 02, 2022 10:27 AM",Chinese lawmaker proposes to build vaccines recognition system within Greater Bay Area
"Published: Mar 02, 2022 01:41 PM Updated: Mar 02, 2022 01:35 PM","Special campaign to crack down on trafficking women, children launched in China"
"Published: Mar 02, 2022 03:36 PM",China's top political advisory body prepares for annual session
"Published: Mar 02, 2022 03:51 PM","Exclusive: China a main target of US NSA cyberattacks, with key infrastructure under threat"
"Published: Mar 02, 2022 05:23 PM","New 'sanction' against Russian cats shocks Chinese netizens, trending top on social media"
"Published: Mar 02, 2022 05:29 PM",US NSA launches cyberattacks around the world for a decade
"Published: Mar 02, 2022 06:14 PM","Shanghai salvages Yangtze River Estuary No.2, launches world’s largest ancient wooden ship archaeological and cultural relic protection project"
"Published: Mar 02, 2022 06:55 PM","Beijing 2022 Games’ poster weaves together Chinese aesthetics, Olympic spirit"
"Published: Mar 02, 2022 07:13 PM","Hong Kong won't be locked down, Lam reiterates amid record daily infection high"
"Published: Mar 02, 2022 08:17 PM",Chinese Academy of Sciences publishes action plan to support national carbon goals
"Published: Mar 02, 2022 08:44 PM","China's 1st amphibious assault ship reaches initial operating capability, to make world tour"
"Published: Mar 02, 2022 08:55 PM Updated: Mar 03, 2022 12:19 AM","Beijing 2022 Paralympic Games torch relay kicks off, with advanced tech helping torchbearers with disabilities"
"Published: Mar 02, 2022 09:15 PM",Large scientific facilities onboard Tianhe yield fruitful outcomes
"Published: Mar 02, 2022 09:28 PM",Chinese experts find apparent errors in biased data on Chinese dams on Mekong River by US-funded project
"Published: Mar 02, 2022 10:40 PM",1st mainland-HK freight train carrying anti-epidemic supplies launched 
"Published: Mar 02, 2022 10:37 PM","Child sexual assault cases showed a trend of younger age and collectivism, which requires more perfect system protection: experts"
"Published: Mar 02, 2022 10:52 PM",China issues draft regulations for online pop-up news
"Published: Mar 02, 2022 11:32 PM","Chinese Embassy evacuates another 450 Chinese nationals and their families from Ukraine on Wed, over 1,000 have arrived in Romania"
"Published: Mar 03, 2022 12:36 AM",Biden fails to use Ukraine crisis to cover partisan struggles in US
"Published: Mar 03, 2022 01:17 AM Updated: Mar 03, 2022 10:32 AM","Urgency of talks arises amid ‘rising cost, spillover effect’"
"Published: Mar 03, 2022 02:13 AM",Apps should not excessively push notifications and hype socially sensitive events: China's top cyberspace regulator
"Published: Mar 03, 2022 04:03 AM",Senior Inner Mongolia official punished for ineffective management amid COVID-19 surge
"Published: Mar 03, 2022 07:42 AM",China concerned for safety of Ukraine's nuclear facilities: Chinese envoy
"Published: Mar 03, 2022 10:07 AM",White paper shows sports participation of people with disabilities amid China’s human rights protection
"Published: Mar 03, 2022 10:58 AM","China's UN envoy calls on enabling atmosphere for direct dialogues to ease tensions in Ukraine, following abstention at ESS"
"Published: Mar 03, 2022 01:08 PM","Beijing 2022 Paralympics opening to highlight passion and self-empowerment, with 30% performers with disabilities: director Zhang Yimou "
"Published: Mar 03, 2022 02:20 PM",China's national legislature to hold press conference ahead of annual session
"Published: Mar 03, 2022 03:12 PM",China's top political advisory body holds press conference ahead of annual session
"Published: Mar 03, 2022 05:18 PM",Omicron-specific shot by Sinovac in quick development for relieving hard-hit world: CEO
"Published: Mar 03, 2022 08:17 PM",US govt should reflect and work on easing tensions in Ukraine instead of passing the buck: Chinese FM
"Published: Mar 03, 2022 08:21 PM",Update: Nearly all Chinese nationals have been evacuated from Ukraine: Chinese Embassy
"Published: Mar 03, 2022 08:50 PM",Biased data updated after apparent errors revealed in US-funded project's monitoring against Chinese dams on Mekong River
"Published: Mar 03, 2022 10:06 PM",Xi to attend Paralympics opening ceremony as nation issues white paper on parasports progress
"Published: Mar 03, 2022 10:09 PM",Astronaut Wang Yaping fulfills her lawmaker duties from space
"Published: Mar 03, 2022 10:05 PM","West's 'absurd' sanctions on Russian people, animals mocked as venting of ager"
"Published: Mar 03, 2022 10:19 PM",China's defense budget expected to grow at around 7% in 2022 amid security threats: experts
"Published: Mar 03, 2022 10:34 PM",Chinese lawmaker suggests pilot projects for resuming international tourism
"Published: Mar 03, 2022 10:40 PM",New experimental satellite Tiankun-2 set to be launched soon: NPC deputy
"Published: Mar 03, 2022 11:08 PM",West-backed anti-China organization exploits Ukraine crisis to further antagonistic agenda and division
"Published: Mar 03, 2022 11:53 PM",China's Progress in Parasports
"Published: Mar 04, 2022 01:08 AM",China enters ‘two sessions’ time amid  new journey
"Published: Mar 04, 2022 12:57 AM","China's top political advisory body defends 'dynamic zero-COVID policy,' shrugs off adjustment"
"Published: Mar 04, 2022 01:13 AM",PLA warships wrap up far sea drills after Australia's laser incident hype
"Published: Mar 04, 2022 02:07 AM",10 inspirational role models honored in annual Touching China awards
"Published: Mar 04, 2022 11:24 AM","China urges US to return assets to Afghans in full; over 410,000 Chinese netizens sign GT’s joint letter"
"Published: Mar 04, 2022 12:02 PM","Professional guide dog team to work at Beijing Winter Paralympics, provide services in complex, cold situations"
"Published: Mar 04, 2022 12:40 PM","Practice proves China’s democracy is genuine, effective, rooted in China’s history, culture, and tailored to Chinese reality: NPC spokesperson"
"Published: Mar 04, 2022 01:12 PM","HK advisors propose ambulances transfer, data-sharing amid surging infections in HK"
"Published: Mar 04, 2022 02:21 PM",China's national legislature to be in session for six and a half days
"Published: Mar 04, 2022 02:46 PM",China to send six taikonauts in two batches to its space station in 2022: chief designer of manned space program
"Published: Mar 04, 2022 03:09 PM",The fifth session of the 13th National Committee of the Chinese People's Political Consultative Conference (CPPCC) opens in Beijing
"Published: Mar 04, 2022 03:42 PM","Paralympic flame ready to light up opening ceremony after 3-day relay, torchbearers express gratitude for improved welfare of people with disabilities"
"Published: Mar 04, 2022 03:50 PM",Taiwan island feels ‘deep disrespect’ as US delegation leader wears socks of ‘improper’ colorway
"Published: Mar 04, 2022 05:28 PM",Chinese FM questions US role in Ukraine crisis amid the latter's smears on China
"Published: Mar 04, 2022 06:14 PM",NPC spokesperson speaks on democracy
"Published: Mar 04, 2022 06:40 PM Updated: Mar 04, 2022 10:10 PM",Exclusive from Chinese Embassy in Ukraine: ‘Chinese students killed in Kharkiv school’ fake news
"Published: Mar 04, 2022 08:02 PM",Lawmaker proposes legislation of brain death per complex situations
"Published: Mar 04, 2022 08:01 PM",President Xi attends Beijing 2022 Paralympic Winter Games opening at Bird’s Nest stadium
"Published: Mar 04, 2022 09:03 PM",More than 1 billion voters participate in new round of elections in China
"Published: Mar 04, 2022 09:05 PM",President Xi declares opening of Beijing 2022 Paralympic Winter Games
"Published: Mar 04, 2022 09:18 PM",China’s strict anti-epidemic policies contribute to growth of global economy: NPC spokesperson
"Published: Mar 04, 2022 09:27 PM",Senior political advisor to propose law on natl reunification to deter Taiwan secessionists at two sessions 
"Published: Mar 04, 2022 10:13 PM","China's whole-process people's democracy effective, a contrast to US 'vetocracy' "
"Published: Mar 05, 2022 12:39 AM",Pakistan power project using China’s Hualong One connected to grid
"Published: Mar 05, 2022 12:48 AM","Equally splendid Beijing Paralympics a continuation of success, outline China’s humanistic care for people with disabilities"
