﻿"Published: Jul 18, 2022 08:55 PM",Long lines in NY for monkeypox vaccine
"Published: Jul 18, 2022 08:57 PM",COVID-19 escalates understaffing in Australian hospitals
"Published: Jul 18, 2022 08:59 PM",Pope calls Canada abuse trip a ‘penitential pilgrimage’
"Published: Jul 18, 2022 09:18 PM",France remembers Jewish victims
"Published: Jul 18, 2022 09:19 PM",Joe Biden intervenes to end union disputes
"Published: Jul 18, 2022 09:20 PM","Powerful car bomb kills 5 at Somalia hotel, Al Qaeda militants blamed"
"Published: Jul 18, 2022 09:26 PM",Legislators in India begin voting for new president
"Published: Jul 18, 2022 09:28 PM","Over 1,000 Italian mayors sign petition pleading with Draghi to stay"
"Published: Jul 18, 2022 09:30 PM",Tory leadership debate scrapped
"Published: Jul 19, 2022 08:30 AM",Ukrainian FM welcomes new 500-mln-euro military aid from EU
"Published: Jul 19, 2022 04:12 PM",Baby elephant pulled out of manhole in rescue in Thailand
"Published: Jul 19, 2022 07:48 PM",Johannesburg transport project digs into wounds of the past
"Published: Jul 19, 2022 08:00 PM",Scientists find exotic black hole
"Published: Jul 19, 2022 08:04 PM","Danish restaurant crowned world’s best, Peruvian eatery in at No.2"
"Published: Jul 19, 2022 08:05 PM",Millions of dollars in jewelry stolen in California
"Published: Jul 19, 2022 08:11 PM",EU to buy forest firefighting planes
"Published: Jul 19, 2022 08:20 PM",Mexican court temporarily blocks drug lord’s extradition
"Published: Jul 19, 2022 08:23 PM",Dozens of sea turtles stabbed to death off Japan island
"Published: Jul 19, 2022 08:27 PM",Rightist bloc may win Italy election
"Published: Jul 19, 2022 08:33 PM",Jury selected for contempt trial of Trump aide Bannon
"Published: Jul 19, 2022 08:36 PM","13 inmates killed in fresh fight in Ecuador prison, drug gangs blamed"
"Published: Jul 19, 2022 11:10 PM",More victims can be expected if the cult of Unification Church is connived with to continue its criminal activities: Japanese lawyer
"Published: Jul 20, 2022 08:14 AM",45 bodies of dead soldiers returned to Ukraine
"Published: Jul 20, 2022 03:20 PM",Ranil Wickremesinghe elected as new Sri Lankan president in parliament vote
"Published: Jul 20, 2022 08:18 PM",Scientists uncover history of ‘ridiculously charming’ penguins
"Published: Jul 20, 2022 08:41 PM",Europe heat sparks harmful ozone pollution
"Published: Jul 20, 2022 08:42 PM","US 2020 overdose deaths shot up for black, native people"
"Published: Jul 20, 2022 08:44 PM",Indonesian court rules against medicinal marijuana
"Published: Jul 20, 2022 08:50 PM",Aussies urged to work from home
"Published: Jul 20, 2022 08:51 PM",Spanish Senate OKs bill to tighten rape laws
"Published: Jul 20, 2022 08:52 PM","Striking S.Korea shipyard workers in talks to end siege, deliveries delayed"
"Published: Jul 20, 2022 08:56 PM",Bannon acted ‘above the law’
"Published: Jul 20, 2022 08:58 PM",Iran leader urges US to end presence in Syria
"Published: Jul 20, 2022 08:59 PM",UK will seize ‘benefits of Brexit’ by revoking EU laws: finance minister
"Published: Jul 20, 2022 09:07 PM","China's ‘blue helmets’ on frontlines of safeguarding world peace, stability with firm commitment over decades "
"Published: Jul 21, 2022 04:53 PM",Italian PM resigns
"Published: Jul 21, 2022 08:59 PM",‘Reclaiming what was once stolen’
"Published: Jul 21, 2022 09:10 PM",Inner-ear fossils clue to evolution
"Published: Jul 21, 2022 09:13 PM",California returns land taken from black family
"Published: Jul 21, 2022 09:15 PM","Nearly 1,000 migrants died trying to reach Spain in first half of 2022: NGO"
"Published: Jul 21, 2022 09:19 PM",Europeans seek cover from heat wave
"Published: Jul 21, 2022 09:20 PM","8 ex-officials to face trial for Mexico metro collapse, killing 26"
"Published: Jul 21, 2022 09:21 PM",At least 9 dead after ferry sinks in Indonesia
"Published: Jul 21, 2022 10:06 PM",Draghi resigns as coalition falls
"Published: Jul 21, 2022 10:07 PM",UK top court to hear Scottish independence case in October
"Published: Jul 21, 2022 10:08 PM","New Sri Lankan president sworn in, seeks to form unity government"
"Published: Jul 21, 2022 10:27 PM","Biden tests positive for Covid, 'very mild symptoms': White House"
"Published: Jul 22, 2022 09:55 PM","Erdogan says ""good news"" to be delivered on grain export"
"Published: Jul 22, 2022 09:58 PM",EU imposes more sanctions on Russia
"Published: Jul 22, 2022 10:02 PM",Deal on Ukraine's grain exports to be signed to resolve food crisis
"Published: Jul 23, 2022 01:01 AM",Russia imposes restrictions on diplomatic missions of 5 European countries
"Published: Jul 23, 2022 08:46 PM",Deal to resume grain exports signed in Istanbul
"Published: Jul 23, 2022 10:21 PM Updated: Jul 24, 2022 02:03 PM",COVID-19 prevention shows China capable of containing monkeypox as WHO declares it a global health emergency: expert
"Published: Jul 23, 2022 11:06 PM",White House announces 270-mln-USD security assistance to Ukraine
"Published: Jul 24, 2022 08:27 PM",Turf wars stall Ireland’s green agenda amid global climate crisis
"Published: Jul 24, 2022 08:32 PM",Rhino orphans get new South African home
"Published: Jul 24, 2022 08:36 PM",Thousands join Budapest Pride march despite sweltering heat
"Published: Jul 24, 2022 08:38 PM",Three killed in clash over DR Congo gold mine
"Published: Jul 24, 2022 08:40 PM",Hundreds of people evacuated in Greece as wildfires continue
"Published: Jul 24, 2022 08:42 PM",Blame game as Dover port tries to clear traffic logjam
"Published: Jul 24, 2022 08:49 PM",Iraq and Kurdistan region choose ‘dialogue’ to ease oil dispute 
"Published: Jul 24, 2022 08:53 PM",Sunak labels himself ‘underdog’
"Published: Jul 24, 2022 08:54 PM",Biden’s symptoms ‘continue to improve’
"Published: Jul 24, 2022 08:57 PM","Two Palestinians killed in Israeli West Bank raid, both sides report"
"Published: Jul 25, 2022 08:16 PM",US Capitol attack probe to push forward with new witnesses
"Published: Jul 25, 2022 08:18 PM",Egypt court calls for execution broadcast
"Published: Jul 25, 2022 08:21 PM","Indonesia foot-and-mouth outbreak prompts NZ, Australia restrictions"
"Published: Jul 25, 2022 08:41 PM",Russian FM Lavrov visits Egypt
"Published: Jul 25, 2022 08:46 PM",Murmu sworn in as India’s first tribal president 
"Published: Jul 25, 2022 08:57 PM",Bavarian Nordic monkeypox vaccine wins European Union approval
"Published: Jul 25, 2022 09:02 PM",EU unions call for work temperature caps 
"Published: Jul 25, 2022 09:04 PM",17 dead after boat carrying Haitian migrants capsizes
"Published: Jul 25, 2022 09:05 PM",Marauding monkeys injure 42 in Japanese city
"Published: Jul 25, 2022 09:08 PM",Why shark encounters are increasing along the US East Coast in recent past 
"Published: Jul 26, 2022 07:45 AM",Ukraine plans to start grain exports via seaports this week
"Published: Jul 26, 2022 07:45 AM",Ukrainian president appoints new commander of special operations forces
"Published: Jul 26, 2022 08:47 PM",Iraqi Kurd farmers battle drought
"Published: Jul 26, 2022 08:59 PM",Australian scientists begin to shine light into invisible dark matter
"Published: Jul 26, 2022 09:02 PM",Biden lashes Trump over Jan 6
"Published: Jul 26, 2022 09:03 PM",Israeli army razes homes of Jewish settler killers
"Published: Jul 26, 2022 09:05 PM",Japan carries out death sentence for 2008 Akihabara mass murderer
"Published: Jul 26, 2022 09:08 PM",UK scientists report hepatitis breakthrough 
"Published: Jul 26, 2022 09:09 PM","About 1,700 people in France infected with monkeypox"
"Published: Jul 26, 2022 09:12 PM",Firefighters start to contain raging California wildfire
"Published: Jul 26, 2022 09:14 PM",Scientists defend single species theory for Tyrannosaurus rex 
"Published: Jul 26, 2022 09:15 PM",Pope to hold mass in west Canada day after apology
"Published: Jul 26, 2022 09:16 PM",Croatia opens 2.4-km bridge around Bosnia to reach Dubrovnik
"Published: Jul 27, 2022 08:26 AM",Ukraine to get 1.6 bln euros from European Investment Bank: PM
"Published: Jul 27, 2022 10:21 AM","“My Dream is to Travel All Over China” Interview with Balumuene Nkuna F., Ambassador of the Democratic Republic of the Congo (DRC) to China"
"Published: Jul 27, 2022 04:51 PM",NASA Mars rover lately discovers mystery object
"Published: Jul 27, 2022 05:58 PM","Africa Will Play a Bigger Role in Russia's Foreign Policy, Lavrov Tells Sputnik"
"Published: Jul 27, 2022 06:00 PM",Russian Space Station to Replace ISS Will Be Built No Earlier Than 2028
"Published: Jul 27, 2022 09:11 PM",Japan’s baby hatch hospital offers mothers ‘last resort’
"Published: Jul 27, 2022 09:18 PM",Trump hints at 2024 rerun
"Published: Jul 27, 2022 09:21 PM",Half of adult Aussies have recently had COVID-19
"Published: Jul 27, 2022 09:23 PM","1 UN military peacekeeper, 2 police personnel killed in DR Congo"
"Published: Jul 27, 2022 09:28 PM",Powerful quake hits Philippines
"Published: Jul 27, 2022 09:30 PM",PM hopeful Sunak pitches UK energy 
"Published: Jul 27, 2022 09:33 PM",Lufthansa ground staff start walkout in Germany in pay dispute
"Published: Jul 27, 2022 09:37 PM",NYC asks WHO to rename monkeypox
"Published: Jul 27, 2022 09:40 PM",Twitter shareholders to vote on Musk purchase on Sep 13
"Published: Jul 27, 2022 09:41 PM","Marauding primate caught, killed after dozens injured"
"Published: Jul 28, 2022 07:12 AM",US Fed raises rates by another three-quarter point amid persistent inflation
