﻿"Published: Jun 01, 2022 04:57 PM Updated: Jun 01, 2022 04:54 PM",Singapore’s de-facto national dish affected by export ban
"Published: Jun 02, 2022 01:47 AM",US to send medium-range rocket systems to Ukraine
"Published: Jun 02, 2022 01:50 AM",Russian strategic missile forces hold drills
"Published: Jun 02, 2022 01:51 AM","US ""adds fuel to fire"" by supplying weapons to Ukraine: Kremlin"
"Published: Jun 02, 2022 08:01 AM",Russian forces seize part of key city in eastern Ukraine
"Published: Jun 02, 2022 08:02 AM","Ukraine, Poland agree on joint projects in defense, energy, regional development"
"Published: Jun 03, 2022 09:59 AM",Dublin hosts Ireland's 1st offline gardening festival since COVID-19 pandemic
"Published: Jun 05, 2022 05:02 PM",Hot days and more crime
"Published: Jun 05, 2022 05:07 PM",British Monarch ‘continues to make history’
"Published: Jun 05, 2022 05:11 PM","Oman and Iran ink deals on oil field, gas pipelines: official"
"Published: Jun 05, 2022 05:14 PM","Biden delays possible trip to Saudi Arabia, Israel: media"
"Published: Jun 05, 2022 05:30 PM",Somalia at increased risk of famine
"Published: Jun 05, 2022 05:33 PM",First foreign hajj pilgrims of pandemic arrive in Saudi
"Published: Jun 05, 2022 05:36 PM",Greece evacuates residents of Athens suburb due to wildfire threat
"Published: Jun 05, 2022 05:45 PM",34 dead in Bangladesh depot fire
"Published: Jun 05, 2022 05:47 PM",Commune elections kick off in Cambodia
"Published: Jun 05, 2022 05:50 PM","AU concerned over worsening security, humanitarian situations in Sahel region"
"Published: Jun 06, 2022 08:22 AM",Russia says tanks supplied by Eastern European countries destroyed near Kiev
"Published: Jun 06, 2022 04:35 PM","Cash couch: US woman finds $36,000 stuffed in free sofa"
"Published: Jun 06, 2022 04:47 PM",780 monkeypox outbreak cases: WHO
"Published: Jun 06, 2022 04:52 PM",Residents return home as Athens controls blaze
"Published: Jun 06, 2022 04:55 PM",Philippines raises alert level for Bulusan volcano
"Published: Jun 06, 2022 05:49 PM",Fruitful gains
"Published: Jun 06, 2022 05:56 PM",Elizabeth II ‘humbled’ by crowds
"Published: Jun 06, 2022 05:59 PM",Bangladeshi depot accused over giant blast with 49 dead
"Published: Jun 06, 2022 06:01 PM",At least 50 killed in massacre at Catholic church in southwest Nigeria
"Published: Jun 06, 2022 06:09 PM",5 killed in latest US gun attacks
"Published: Jun 06, 2022 06:12 PM","Yemen govt, Houthi rebels begin new talks on Taiz"
"Published: Jun 06, 2022 06:15 PM",Senior Indian official suspended after Gulf states condemn ‘Islamophobic’ remarks
"Published: Jun 07, 2022 01:00 AM","‘No longer US’ backyard,’ Latin America sends united message"
"Published: Jun 07, 2022 07:10 AM","UK's Johnson wins no-confidence vote, saves premiership"
"Published: Jun 07, 2022 07:14 AM",Russia bans more Americans from entry
"Published: Jun 07, 2022 07:15 AM","Ukraine, Moldova agree to facilitate border crossing"
"Published: Jun 07, 2022 04:34 PM",Boris Johnson scrapes no-confidence win
"Published: Jun 07, 2022 04:41 PM",Sudanese protesters blockade roads to crucial Red Sea port
"Published: Jun 07, 2022 04:45 PM",Dominican Republic minister shot dead in office
"Published: Jun 07, 2022 04:52 PM",Climate change still a priority: UN
"Published: Jun 07, 2022 05:03 PM",Outrage over Polish govt ‘register of pregnancies’
"Published: Jun 07, 2022 05:05 PM",Australians suffer mental health effects of COVID-19: university survey
"Published: Jun 07, 2022 05:09 PM","‘Just straw, no seeds’"
"Published: Jun 07, 2022 05:37 PM",Mexico leader to skip US summit
"Published: Jun 07, 2022 05:48 PM",Global tourist arrivals triple in first quarter; Europe leads
"Published: Jun 07, 2022 05:52 PM",Israel govt loses key vote to uphold laws in West bank in setback for coalition
"Published: Jun 08, 2022 08:15 AM",Ukraine says in talks with UN over humanitarian corridor for food exports
"Published: Jun 08, 2022 04:40 PM",Source of life found in asteroid samples collected by Japan’s space probe
"Published: Jun 08, 2022 05:06 PM",US experts recommend Novavax vaccine
"Published: Jun 08, 2022 05:17 PM",Health workers in France protest over pay ahead of polls
"Published: Jun 08, 2022 05:21 PM","Fears mount for UK journalist, Indigenous expert"
"Published: Jun 08, 2022 05:28 PM",UN calls for Somalia drought relief
"Published: Jun 08, 2022 05:35 PM",Belgian King Philippe lands in DR Congo for key visit
"Published: Jun 08, 2022 05:37 PM",Heavy fighting in West Sudan witnesses 27 killed in ethnic clashes
"Published: Jun 08, 2022 05:41 PM",US renewables ‘frenzy’ puts land conflicts on corporate radar
"Published: Jun 08, 2022 05:50 PM",Indian police arrest youth leader
"Published: Jun 08, 2022 05:52 PM",Turkey and Finland hold trade talks to promote ties
"Published: Jun 08, 2022 05:54 PM",Temporary gun violence memorial unveiled in DC in wake of Uvalde shooting
"Published: Jun 09, 2022 08:10 AM","Scholz, Zelensky discuss grain exports from Ukraine"
"Published: Jun 09, 2022 08:11 AM",German industrial production recovers after slump on Russia-Ukraine conflict
"Published: Jun 09, 2022 04:41 PM",UN chief warns of global chaos
"Published: Jun 09, 2022 04:44 PM",Venezuelans take to forums over exclusion from summit
"Published: Jun 09, 2022 04:48 PM",India tightens security after militants threaten attacks over anti-Muslim remarks
"Published: Jun 09, 2022 04:51 PM",Loss and damage
"Published: Jun 09, 2022 05:16 PM",Airline emissions must be slashed
"Published: Jun 09, 2022 05:20 PM",US to ban single-use plastics on public lands
"Published: Jun 09, 2022 05:23 PM","Brazil police arrest one in case of missing reporter, indigenous expert"
"Published: Jun 09, 2022 05:40 PM",Iran condemns ‘political’ IAEA resolution
"Published: Jun 09, 2022 05:50 PM",Afghan Taliban unveils reorganized police uniforms
"Published: Jun 09, 2022 05:53 PM",Sri Lanka hit by power cuts after key union goes on strike
"Published: Jun 10, 2022 12:19 PM","Ukrainian president signs sanction decrees on Russian president, officials"
"Published: Jun 11, 2022 12:59 AM",Russia completes massive military drills in the Pacific
"Published: Jun 11, 2022 09:27 PM",Russian PM authorizes Russia's withdrawal from UNWTO
"Published: Jun 11, 2022 09:33 PM",Russia-Ukraine conflict could push 11-19 mln into hunger worldwide: FAO
"Published: Jun 12, 2022 05:29 PM",Damascus’ airport rendered ‘unusable’ after Israel bombing
"Published: Jun 12, 2022 05:31 PM",Elections see left challenge to Macron
"Published: Jun 12, 2022 05:33 PM",Migrant caravan disbands as Mexico grants visas
"Published: Jun 12, 2022 05:46 PM","Iran, Venezuela sign 20-year deal"
"Published: Jun 12, 2022 05:48 PM",India ramps up response to unrest over Islam remarks
"Published: Jun 12, 2022 05:50 PM",Palestinian president hosts senior US officials ahead of Biden’s visit
"Published: Jun 12, 2022 06:19 PM",WTO negotiators see progress
"Published: Jun 12, 2022 06:30 PM",Australia reports highest number of influenza infections in May on record
"Published: Jun 12, 2022 06:44 PM",Monkeypox spread through close contact: UK survey
"Published: Jun 12, 2022 07:47 PM",March For Our Lives: Thousands across US rally against gun violence 
"Published: Jun 13, 2022 08:57 AM",22 reportedly injured in rocket attack in west Ukraine
"Published: Jun 13, 2022 04:24 PM",New Russian fast-food era begins
"Published: Jun 13, 2022 04:26 PM",Pope hopes to reschedule after Africa trip scrapped
"Published: Jun 13, 2022 04:28 PM",Palestinian PM calls for forming intl front to end Israeli occupation
"Published: Jun 13, 2022 05:23 PM",Sinn Fein alleges Tory ‘games’ over N.Ireland
"Published: Jun 13, 2022 05:26 PM",Net-zero vows suffer ‘credibility gap’
"Published: Jun 13, 2022 05:32 PM",Belongings of missing British reporter and expert in Brazil found
"Published: Jun 13, 2022 05:36 PM",NASA loses two hurricane monitoring satellites on launch
"Published: Jun 13, 2022 07:40 PM",Texas death row inmate ‘optimistic’ after 27 years
"Published: Jun 14, 2022 05:09 PM",UK sets up EU battle over Brexit
"Published: Jun 14, 2022 05:13 PM",Israel’s govt risks collapse as lawmaker quits coalition
"Published: Jun 14, 2022 05:16 PM",Canadian man who drove van into Toronto crowds given life sentence
"Published: Jun 14, 2022 05:20 PM",Trump became ‘detached from reality’
"Published: Jun 14, 2022 05:24 PM",Ecuador’s indigenous groups protest against economic policies
"Published: Jun 14, 2022 05:28 PM",Canada PM Trudeau contracts COVID-19 a 2nd time
"Published: Jun 14, 2022 05:37 PM",‘Extreme’ heat wave grips Spain
"Published: Jun 14, 2022 05:41 PM",More than 14% of world has had Lyme disease: study
"Published: Jun 14, 2022 05:46 PM",UN turns to crowd-funding to prevent oil spill disaster off Yemen
"Published: Jun 14, 2022 06:32 PM",Thaksin’s daughter takes Shinawatra brand to new Thai generation
"Published: Jun 15, 2022 08:06 AM","Russia imposes personal sanctions against British media representatives, defense figures"
"Published: Jun 15, 2022 08:07 AM","Ukraine, EU finalize deal on road transport liberalization"
"Published: Jun 15, 2022 08:08 AM","Ukrainian, Canadian leaders discuss defense cooperation"
