﻿"Published: Jan 22, 2020 09:15 PM Updated: Mar 21, 2022 09:06 AM",Real-time update on coronavirus outbreak
"Published: Mar 17, 2022 08:44 PM",What is the US hiding in the biolabs discovered in Ukraine?
"Published: Mar 18, 2022 08:55 PM Updated: Mar 19, 2022 01:09 AM","China receives first batch of Pfizer pills, domestic oral candidate may be ‘approved in months’"
"Published: Mar 18, 2022 09:41 PM","GT Investigates: China’s zero-COVID policy, flexible measures ensure minimum impact on supply chains"
"Published: Mar 18, 2022 11:14 PM Updated: Mar 19, 2022 11:49 PM",PLA fully monitors US destroyer’s transit through Taiwan Straits; maintains high alert to safeguard sovereignty: spokesperson
"Published: Mar 18, 2022 11:21 PM",Chinese cinemas facing temporary closure amid COVID-19 resurgence
"Published: Mar 19, 2022 12:43 AM","Xi urges US, NATO to talk with Russia, opposes indiscriminate sanctions"
"Published: Mar 19, 2022 09:52 AM",The 17th flight that brought back Chinese citizens evacuated from Ukraine arrives in Changsha
"Published: Mar 19, 2022 11:57 AM","US, Canada, Australia advised to reflect on wrongdoings, violations of indigenous people's rights at side event of UN Human Rights Council"
"Published: Mar 19, 2022 12:55 PM",Anti-COVID fight in Shanghai enters key stage: local health commission director
"Published: Mar 19, 2022 01:13 PM",China urges relevant parties to clarify over US bio labs in Ukraine at UNSC meeting
"Published: Mar 19, 2022 03:17 PM","Xi has candid, in-depth exchange of views with Biden"
"Published: Mar 19, 2022 06:01 PM","Chinese Vice FM highlights root cause of Ukraine crisis, urges Asia-Pacific to cherish peace"
"Published: Mar 19, 2022 07:07 PM","China under pressure amid global COVID resurgence, over 40% new cases appearing in surrounding countries and regions"
"Published: Mar 19, 2022 09:07 PM",US continues to push harsh narrative to pressure China over Ukraine crisis; a self-deceiving move of no help
"Published: Mar 20, 2022 10:27 AM Updated: Mar 20, 2022 10:20 AM",Time will prove China’s stance on Ukraine is on the right side of history: Wang Yi
"Published: Mar 20, 2022 03:28 PM","Underlying diseases lead to two patients' deaths in NE China, refuting accusations that nation has failed to fight COVID-19"
"Published: Mar 20, 2022 03:59 PM",Langfang near Beijing reports 534 asymptomatic COVID-19 cases as epidemic control pressure in Chinese capital rises
"Published: Mar 20, 2022 04:09 PM Updated: Mar 20, 2022 10:09 PM",West brings info war against Russia into space by 'distorting' cosmonauts' clothing choice
"Published: Mar 20, 2022 08:07 PM","China's plateau-operable drone makes 1st flight with hydrogen power, extends endurance"
"Published: Mar 20, 2022 07:57 PM",China's new rules on military equipment procurement contracts 'vital to modernization'
"Published: Mar 20, 2022 09:03 PM","Two cities in Jilin seal off communities, launch citywide testing as infections continue soaring"
"Published: Mar 20, 2022 09:19 PM","Update: 4 died, 10 injured in tragic car crash in Handan, N China’s Hebei"
"Published: Mar 20, 2022 09:40 PM Updated: Mar 21, 2022 12:56 AM",China strives to win long-term battle against virus with more targeted measures
"Published: Mar 20, 2022 09:50 PM","Marriages fall in 2021 leading to lower birth rates in China, despite declining divorce rate"
"Published: Mar 20, 2022 10:28 PM Updated: Mar 21, 2022 08:55 AM",China 'won't be coerced by US' on its ties with Russia
"Published: Mar 20, 2022 10:33 PM","Africa should not be forgotten, marginalized or victimized when Ukraine crisis hits world: Wang Yi"
"Published: Mar 20, 2022 10:55 PM",Shenzhen achieves dynamic zero-COVID in the community
"Published: Mar 20, 2022 11:17 PM",China sends oral medicine to fight in the frontline against COVID-19
"Published: Mar 20, 2022 11:38 PM",'Lobbyist' Kishida fails to sway India on Ukraine during visit
"Published: Mar 20, 2022 11:59 PM","Owners of roast duck restaurant under investigation after failing to register 477 customers, violating anti-epidemic regulations"
"Published: Mar 21, 2022 12:55 AM",'The motherland is behind you': Chinese Ambassador to Ukraine recounts moving details of evacuation mission in Russia-Ukraine conflict
"Published: Mar 21, 2022 12:51 AM",11 Guangxi officials and personnel punished following investigation on unmarried couple parenting 15 children
"Published: Mar 21, 2022 02:19 AM","4th shot to be in consideration; Vaccination rates, medicine stockpiles and medical resources to be focus of China’s COVID-19 prevention strategy: expert"
"Published: Mar 21, 2022 12:10 PM Updated: Mar 21, 2022 11:52 AM",Too early to treat COVID-19 fueled by Omicron like seasonal flu: senior Chinese expert from NHC
"Published: Mar 21, 2022 01:17 PM",Shanghai increases medical institutions to treat COVID-19 patients amid rising infections
"Published: Mar 21, 2022 03:38 PM",China to provide additional 10 million yuan worth of humanitarian assistance to Ukraine: FM
"Published: Mar 21, 2022 04:10 PM Updated: Mar 21, 2022 04:46 PM","A China Eastern Boeing 737 with 132 onboard crashes, casualties unknown"
"Published: Mar 21, 2022 06:28 PM",Chinese President Xi Jinping calls for immediate activation of emergency mechanism for plane crash
"Published: Mar 21, 2022 08:38 PM",China launches construction of first BeiDou-empowering subway project in Beijing
"Published: Mar 21, 2022 08:58 PM","Hong Kong to suspend mass testing, cancel flight bans on nine countries "
"Published: Mar 21, 2022 09:54 PM","10,000 doses of Pfizer’s COVID-19 drug arrive in epidemic-hit Jilin frontlines "
"Published: Mar 21, 2022 10:25 PM",US admiral hypes ‘China militarization’ in S.China Sea
"Published: Mar 21, 2022 10:13 PM","China's tech hub among first to curb Omicron spread amid nationwide outbreaks, showing effectiveness of dynamic zero-COVID policy"
"Published: Mar 21, 2022 10:49 PM",Italian union protests against sending weapons to Ukraine in humanitarian cargo – ‘We risk WWIII’
"Published: Mar 21, 2022 11:11 PM",Envoy upholds China’s position amid pressure to condemn Russia
"Published: Mar 21, 2022 11:33 PM","Unholy Crusade: White House leads KOL on anti-Russia propaganda, Western ‘rights groups’ turn blind eye to hate speech"
"Published: Mar 21, 2022 11:42 PM","China ends a record of 4,227 safe flight days after China Eastern's Boeing 737 crash"
"Published: Mar 21, 2022 11:59 PM",China's civil aviation regulator calls for an investigation on potential safety hazards after plane crash
"Published: Mar 22, 2022 12:13 AM","China includes coronavirus antigen detection reagents, tests into health insurance"
"Published: Mar 22, 2022 12:27 AM",Chinese social media platforms say no to users’ clout-chasing behavior on jet crash tragedy
"Published: Mar 22, 2022 01:46 AM",Average sleep time of Chinese people shortened by 1.5 hours compared with a decade ago
"Published: Mar 22, 2022 10:49 AM",Vice Premier Liu He leads team to Boeing plane crash site; belongings of passengers found
"Published: Mar 22, 2022 10:49 AM",Experts ready to assist with investigation into China Eastern Airlines aircraft crash: Boeing China
"Published: Mar 22, 2022 11:12 AM","China, Pakistan should strengthen coordination on Afghanistan and Ukraine issues: FM Wang Yi"
"Published: Mar 22, 2022 01:05 PM",Average age of Omicron patients is 40.6 years old in Shanghai’s latest outbreak
"Published: Mar 22, 2022 01:11 PM",Pakistani FM extends sympathy over Chinese passenger plane crash
"Published: Mar 22, 2022 01:56 PM",China and like-minded countries call for attention to human rights violations of indigenous people in some countries
"Published: Mar 22, 2022 04:32 PM",Rescue work continues after passenger plane crash
"Published: Mar 22, 2022 04:38 PM",Foreign leaders express condolences over China Eastern Airlines plane crash
"Published: Mar 22, 2022 07:34 PM","Exclusive: New evidence shows US hijacks, monitors users’ social media accounts, emails"
"Published: Mar 22, 2022 07:58 PM",HK police busts underground forces planning for separatist activities
"Published: Mar 22, 2022 08:07 PM",86 percent of unmarried Chinese women believe childbirth is a right
"Published: Mar 22, 2022 08:49 PM","China issues more targeted testing guideline under dynamic zero policy, no longer requires mass testing"
"Published: Mar 22, 2022 09:13 PM","China, Islamic world ‘standing closer’ as Chinese FM attends OIC meeting for first time"
"Published: Mar 22, 2022 09:13 PM",No survivors of plane crash found; cause of accident not yet known
"Published: Mar 22, 2022 10:13 PM","US expeditionary mobile base enters S.China Sea for 1st time, sending a worrying signal"
"Published: Mar 22, 2022 10:41 PM",US pardoned Japan’s war criminals in exchange for Unit 731 chemical weapons – how trustworthy is its clarification on Ukraine labs?
"Published: Mar 22, 2022 10:56 PM",China urges US to withdraw visa restrictions on officials or face countermeasures
"Published: Mar 22, 2022 11:21 PM",PLA Navy’s upgraded J-11B fighter jet joins S.China Sea exercise
"Published: Mar 22, 2022 11:47 PM",Search for black boxes ongoing after 30 hours; cause of accident still unknown: officials
"Published: Mar 23, 2022 12:12 AM",Chinese human genetic resources to be banned for use abroad: Ministry of Science and Technology
"Published: Mar 23, 2022 10:32 AM Updated: Mar 23, 2022 10:29 AM","Egypt opposes some countries for putting pressure on China over Ukraine issue, Egyptian FM said in meeting with Wang Yi"
"Published: Mar 23, 2022 01:55 PM","Shanghai insists on dynamic zero-COVID, denies ‘citywide lockdown’ rumors"
"Published: Mar 23, 2022 02:01 PM",Shenzhou-13 carry out groundbreaking experiments on life science during their orbit stay: deputy designer of taikonaut system
"Published: Mar 23, 2022 02:56 PM","Eight earthquakes hit Taiwan, ‘unlikely to trigger tsunamis or other severe secondary disasters’"
"Published: Mar 23, 2022 03:58 PM","Three shots of Sinovac vaccine offer 98% protection against death, severe illness for people aged 60 and above: real world data in HK"
"Published: Mar 23, 2022 05:09 PM",UPDATE: Human tissue from crashed plane found; cockpit voice recorder sent to Beijing for decoding
"Published: Mar 23, 2022 08:12 PM",‘Taiwan is not Japan’s business.’ Chinese FM protests Abe’s call with Tsai Ing-wen
"Published: Mar 23, 2022 08:44 PM","Australia sets up space command against China, a ‘political show risks arms race’"
"Published: Mar 23, 2022 09:07 PM","China, Pakistan share ‘common position’ on Ukraine crisis: ambassador"
"Published: Mar 23, 2022 09:12 PM","Human tissue debris, plane wreckage found from crashed plane MU5735: official"
"Published: Mar 23, 2022 10:25 PM","ZTE’s 5-year US probation ends, offers Chinese firms a lesson to use legal means to fight against US crackdown"
"Published: Mar 23, 2022 10:20 PM",BRICS vaccine R&D center kicks off to boost shots accessibility
"Published: Mar 23, 2022 10:27 PM",Sinopharm kicks off joint-production of COVID-19 vaccine in Myanmar
"Published: Mar 23, 2022 10:58 PM Updated: Mar 23, 2022 10:48 PM","One black box found at crash site, transferred for decoding"
"Published: Mar 23, 2022 10:57 PM Updated: Mar 24, 2022 09:25 AM",Biden’s Brussels trip eyes further sanctions on Russia but EU should regain its strategic autonomy: expert
"Published: Mar 23, 2022 11:09 PM","Jilin reports another 2,848 daily COVID-19 cases"
"Published: Mar 23, 2022 11:26 PM",Customs clearance with the mainland remains priority; nucleic acid testing for all residents continues: Carrie Lam
"Published: Mar 23, 2022 11:45 PM",Ukraine crisis instigator: US-led NATO reneges on ‘Not one inch eastward’ promise to compress Russia’s space to the extreme
"Published: Mar 23, 2022 11:42 PM",Beijing to strictly enforce emergency response mechanism for cross-province transportation
"Published: Mar 24, 2022 12:13 PM",Sustaining normal life as important as implementing dynamic zero-case policy: Zhang Wenhong
"Published: Mar 24, 2022 01:23 PM",Rescuers clearing rain-triggered landslide debris at plane crash site
"Published: Mar 24, 2022 01:24 PM",China supports Security Council's role in Ukraine's humanitarian issue
"Published: Mar 24, 2022 01:52 PM","Resolution on humanitarian issues in Ukraine vetoed at the UN, with China, Russia in favor and 13 abstentions"
"Published: Mar 24, 2022 05:31 PM",HK to seek help from TCM experts to help fight against epidemic
"Published: Mar 24, 2022 06:26 PM",US Navy deploys 3 spy ships near China at once ‘in support of submarine warfare’
"Published: Mar 24, 2022 07:32 PM","MU5735 crash updates: 21 belongings of victims, 183 pieces of wreckage, human remains found "
"Published: Mar 24, 2022 08:33 PM",Research from China’s LAMOST suggests Milky Way is older than believed 
"Published: Mar 24, 2022 09:04 PM",Shanghai registers highest daily tally of asymptomatic cases in Chinese mainland
"Published: Mar 24, 2022 09:36 PM","NATO summit to fan flames of Ukraine crisis, unlikely to reach major concrete consensus: expert"
"Published: Mar 24, 2022 09:49 PM",Late Albright’s views on China reflect contradictory attitudes of US politicians: experts
"Published: Mar 24, 2022 09:46 PM",China's top anti-corruption agency to keep close watch on virtual currency mining
"Published: Mar 24, 2022 10:01 PM","FM refutes NATO secretary general’s misinformation accusation, says groundless suspicions will collapse"
"Published: Mar 24, 2022 10:09 PM","Totally false information that China has 'prior knowledge, acquiescence, or connivance' on Russia's military operation: Ministry of Defense"
"Published: Mar 24, 2022 10:33 PM","More China Eastern Boeing 737 wreckage and remains of victims found, possibility of damage to the stored data of first black box not ruled out"
"Published: Mar 24, 2022 10:39 PM","Chinese FM visits Afghanistan, shows nation's role in easing humanitarian crisis"
"Published: Mar 24, 2022 11:51 PM",GT Investigates: Behind the online translation campaign are a few Chinese-speaking badfaith actors fed by antagonistic Western media
"Published: Mar 25, 2022 01:52 AM",Official in Shandong removed from post over improper behavior
"Published: Mar 25, 2022 10:23 AM","The second black box, flight data recorder is found: media"
