﻿"Published: Aug 08, 2022 09:24 PM",Political will of the LAC region is safeguarding cooperation with China: Suriname envoy
"Published: Aug 08, 2022 10:57 PM",N.Mexico police seek public's help
"Published: Aug 08, 2022 10:58 PM",Research shows low mRNA vaccine risk for teens
"Published: Aug 08, 2022 11:00 PM",Statue reunited with its feet after New Zealand cop takes icy dip in river
"Published: Aug 08, 2022 11:04 PM",China to help Cuba after fuel tank explosion
"Published: Aug 08, 2022 11:05 PM",Mexico president urges increased effort to save trapped miners
"Published: Aug 08, 2022 11:10 PM",Attacker injures Japanese sailor at WWII ceremony
"Published: Aug 08, 2022 11:14 PM",UN chief hails Gaza-Israel truce
"Published: Aug 08, 2022 11:16 PM",US Senate passes climate and tax bill
"Published: Aug 08, 2022 11:18 PM","Iran does not seek nuclear weapons, foreign minister tells UN chief"
"Published: Aug 09, 2022 07:33 AM",Biden authorizes largest weapons assistance to Ukraine
"Published: Aug 09, 2022 07:52 PM",Earth overdue for volcanic super eruption
"Published: Aug 09, 2022 07:54 PM",Study seeks to help consumers to shop more sustainably 
"Published: Aug 09, 2022 08:14 PM",US returns 30 stolen antique artworks to Cambodia
"Published: Aug 09, 2022 08:16 PM",NYC renters desperate as soaring rents exacerbate housing crisis
"Published: Aug 09, 2022 08:25 PM",New Zealand's endangered kakapo parrot gets a big population boost
"Published: Aug 09, 2022 08:44 PM",Seoul rain leaves at least 8 dead
"Published: Aug 09, 2022 08:46 PM",Britons in Portugal left in limbo
"Published: Aug 09, 2022 08:55 PM",French experts ponder plan to transport whale back to sea from Seine
"Published: Aug 09, 2022 09:03 PM",US to give Ukraine $1b in weapons
"Published: Aug 09, 2022 09:05 PM",Nagasaki marks 77 years since atomic bombing
"Published: Aug 09, 2022 09:14 PM",Third fuel tank collapses as helicopters battle days-old Cuban blaze
"Published: Aug 10, 2022 07:18 PM","River chief guarding longest branch of the Yangtze River appreciates policies, governance support in last decade"
"Published: Aug 10, 2022 09:17 PM",Billboards get Poles talking about low birthrate amid sharp drop
"Published: Aug 10, 2022 09:21 PM",Cats eating New Zealand's critically endangered bats: research
"Published: Aug 10, 2022 09:22 PM",Ailing beluga dies during rescue
"Published: Aug 10, 2022 09:23 PM",Swiss mark 175 years since its first rail service
"Published: Aug 10, 2022 09:24 PM",Salt substitutes may reduce risks of early death from cardiovascular diseases
"Published: Aug 10, 2022 09:29 PM",Man charged over Muslim murders in US
"Published: Aug 10, 2022 09:31 PM",Britain plans for organized blackouts in Jan
"Published: Aug 10, 2022 09:32 PM",Cuba brings days-old fuel depot fire under control
"Published: Aug 10, 2022 09:37 PM",Europe to consider 'dose-sparing' to increase monkeypox vaccine
"Published: Aug 10, 2022 09:40 PM",Torrential rain lessens in Seoul amid heavy damage
"Published: Aug 10, 2022 09:41 PM","Venezuelans protest US-led sanctions, illegal seizures of nation's assets"
"Published: Aug 11, 2022 08:54 PM",Huge wildfires hit France again
"Published: Aug 11, 2022 09:03 PM",NYC mulls congestion charge in 2023
"Published: Aug 11, 2022 09:04 PM",UN trade body urges actions to curb cryptocurrencies in developing countries
"Published: Aug 11, 2022 09:13 PM",IS 'Beatle' appears in London court
"Published: Aug 11, 2022 09:14 PM",Three troopers die in Indian-controlled Kashmir
"Published: Aug 11, 2022 09:19 PM",12 vessels authorized to depart Ukrainian ports for grain export: UN official
"Published: Aug 11, 2022 09:23 PM",Antarctic ice crumbling faster than thought
"Published: Aug 11, 2022 09:26 PM",Giant meteorites created Earth's continents: study
"Published: Aug 11, 2022 09:33 PM",Brazilian woman arrested for stealing mother’s artwork
"Published: Aug 11, 2022 09:38 PM",Brazilian farmers bet on environmentally friendly cotton
"Published: Aug 11, 2022 09:40 PM",Agricultural technology to help protect Australia's reefs: foundation
"Published: Aug 14, 2022 09:17 PM",Iraq’s Garden of Eden suffers from drought
"Published: Aug 14, 2022 09:19 PM",Chinese medics boost treatment of non-communicable diseases in S.Sudan
"Published: Aug 14, 2022 09:33 PM",One killed after stage collapse in Spain
"Published: Aug 14, 2022 09:56 PM",41 dead in fire at mass in Cairo Copt church: officials
"Published: Aug 14, 2022 09:59 PM","Rakesh Jhunjhunwala, India’s ‘Warren Buffet,’ dies at 62"
"Published: Aug 14, 2022 10:00 PM",Gunman in custody after shooting
"Published: Aug 14, 2022 10:01 PM",One missing Vietnamese confirmed dead in UK fire
"Published: Aug 14, 2022 10:02 PM",Saudi Aramco unveils record $48.4 billion profit in second quarter
"Published: Aug 14, 2022 10:13 PM","Eight wounded, two critically, in ‘terror attack’ on Jerusalem bus"
"Published: Aug 14, 2022 10:14 PM Updated: Aug 14, 2022 10:36 PM",Liz Truss 22 points ahead in race to be next PM: poll
"Published: Aug 14, 2022 10:15 PM","India’s daily COVID-19 caseload falls to 14,092; total tally stands at 44,253,464"
"Published: Aug 15, 2022 09:03 PM",Egyptians mourn 41 killed in Cairo Coptic church fire
"Published: Aug 15, 2022 09:05 PM",Marshall Islands sees surging COVID-19 community transmission
"Published: Aug 15, 2022 09:21 PM",Najib seeks to admit new evidence
"Published: Aug 15, 2022 09:22 PM",Measles outbreak kills 80 children in Zimbabwe
"Published: Aug 15, 2022 09:24 PM",No toxins found so far in Oder river fish die-off: Polish minister
"Published: Aug 15, 2022 09:30 PM","Armenian market blast kills 6, injures 61"
"Published: Aug 15, 2022 09:32 PM",3 people shot in Illinois theme park
"Published: Aug 15, 2022 09:38 PM",Germany’s finance minister opposes taxing ‘excessive’ profits
"Published: Aug 15, 2022 09:45 PM",Officials threatened after Trump search
"Published: Aug 15, 2022 09:47 PM",Ex-Aussie PM Morrison secretly held ministry roles during pandemic
"Published: Aug 15, 2022 09:53 PM",Nuke talks must lead to US sanctions removal: Iran
"Published: Aug 16, 2022 08:35 PM",‘Extreme heat belt’ to cover middle of US by 2053: report
"Published: Aug 16, 2022 08:36 PM",S.Korea’s foreign labor crunch puts older workers back in factories
"Published: Aug 16, 2022 08:48 PM",UK to kick off COVID-19 booster campaign
"Published: Aug 16, 2022 08:49 PM",Court to hear Malaysia ex-leader Najib’s final appeal of jail sentence
"Published: Aug 16, 2022 08:55 PM",Earth’s water may be from asteroids: study
"Published: Aug 16, 2022 08:58 PM",Australia’s former PM defends secret minister roles
"Published: Aug 16, 2022 09:01 PM",CIA sued over alleged surveillance
"Published: Aug 16, 2022 09:02 PM",Mexico prepares new plan for 10 trapped coal miners after setback
"Published: Aug 16, 2022 09:06 PM",Affidavit in Trump's search sealed
"Published: Aug 16, 2022 09:07 PM",UN ship with grain for Africa sets off from Ukraine
"Published: Aug 16, 2022 09:08 PM",Kenya’s Deputy President William Ruto declared election winner
"Published: Aug 16, 2022 09:55 PM","'Without the Communist Party, there would be no new China' lyric reveals how China achieved tremendous achievement: Argentine Ambassador to China"
"Published: Aug 17, 2022 12:37 AM",Malaysia cannot decouple from China's economy; closer integration expected: Malaysian ​ambassador
"Published: Aug 17, 2022 09:15 PM",Climate change driving unprecedented forest fire loss
"Published: Aug 17, 2022 09:16 PM","Pacific besieged with waves of plastic pollution, warns researcher"
"Published: Aug 17, 2022 09:19 PM",Monkeypox to receive new name
"Published: Aug 17, 2022 09:32 PM",Musk says he was joking about buying Man United
"Published: Aug 17, 2022 09:35 PM",Prominent Vatican cardinal accused in Canada sexual assault lawsuit
"Published: Aug 17, 2022 09:45 PM Updated: Aug 17, 2022 09:55 PM","US cuts water supply for some states, Mexico"
"Published: Aug 17, 2022 09:46 PM","Multiple bomb, arson attacks rock southern Thailand"
"Published: Aug 17, 2022 09:51 PM",Tokyo Olympics exec arrested over bribery allegations
"Published: Aug 17, 2022 09:57 PM",PM candidates defy UK’s split-up
"Published: Aug 17, 2022 09:59 PM",Iraqi PM urges rival parties to solve deadlock via dialogue
"Published: Aug 17, 2022 10:01 PM",Bolsonaro and Lula officially kick off Brazilian presidential campaign
"Published: Aug 18, 2022 08:46 PM",Dutch anglers save fish as Rhine drought bites
"Published: Aug 18, 2022 08:55 PM",COVID-19 jab coverage in poorer countries hits 50 percent: vaccine alliance
"Published: Aug 18, 2022 08:59 PM",Belugas enjoy summer at northern refuge
"Published: Aug 18, 2022 09:02 PM",Spacesuit battery glitch forces early end to Russian spacewalk
"Published: Aug 18, 2022 09:06 PM",Newly discovered immune cells vital to fighting cancer
"Published: Aug 18, 2022 09:12 PM",Court hears Najib’s final appeal
"Published: Aug 18, 2022 09:13 PM",Forest fires in N.Algeria leave 38 dead
"Published: Aug 18, 2022 09:16 PM",Hundreds evacuated as ‘frightening’ floods hit New Zealand
"Published: Aug 18, 2022 09:25 PM",US court denies teen an abortion
"Published: Aug 18, 2022 09:27 PM","Victims of terrorism must not be ignored, says UN chief"
"Published: Aug 18, 2022 09:28 PM","Death toll in Kabul mosque blast rises to 21, with 33 wounded: police"
"Published: Aug 18, 2022 11:28 PM",South Korean ambassador to China eyes cultural exchanges to nourish bilateral ties for another 30 years and beyond
