﻿"Published: Jan 22, 2020 09:15 PM Updated: Jun 03, 2022 09:28 AM",Real-time update on coronavirus outbreak
"Published: May 28, 2022 01:44 PM",Chinese FM spokesperson posts 11-point rebuttal to Blinken's duplicitous speech
"Published: May 28, 2022 01:56 PM","Xi urges efforts to advance study of Chinese civilization, strengthen cultural confidence"
"Published: May 28, 2022 02:42 PM",Meeting held to review CPC regulations on political consultation
"Published: May 28, 2022 06:25 PM","China inks deal on economic technologies with Samoa during FM’s trip, welcomes partnership with Australia, NZ to help PICs"
"Published: May 28, 2022 06:54 PM","Chinese Embassy in Cameroon welcomes clarification from local govt, refutes Western hype over iron ore mining deal"
"Published: May 28, 2022 09:36 PM",China’s education ministry orders nationwide check of textbooks after ‘ugly illustration’ scandal sparks furor
"Published: May 28, 2022 10:02 PM",Beijing to gradually return to normal with caution as Omicron flare-up effectively tamed in 37 days
"Published: May 29, 2022 12:14 AM","US has serious misconceptions in its views on world, China and China-US ties: Wang Yi on Blinken’s ‘China policy’ speech"
"Published: May 29, 2022 01:36 AM","Xinjiang visit 'unsupervised' and 'open,' UN human rights chief says as she wraps up China trip"
"Published: May 29, 2022 10:32 AM",Combo of Shenzhou-14 manned spacecraft and Long March-2F Y14 rocket rolls out to launch pad
"Published: May 29, 2022 11:31 AM","Beijing reopens shopping malls, cinemas, gyms after month-long tough battle against Omicron"
"Published: May 29, 2022 01:50 PM","One dismissed, three punished in Beijing for delayed emergency rescue that caused sudden death of a patient"
"Published: May 29, 2022 03:03 PM Updated: May 29, 2022 03:00 PM","Negative test results within 72 hours required at public venues, public transportation in Shanghai as city speeds up business resumption"
"Published: May 29, 2022 05:11 PM",State Councilor and Foreign Minister Wang Yi Cooperation milestones during his visit to the South Pacific Countries and Timor-Leste
"Published: May 29, 2022 05:54 PM","Long March-5B Y3, the rocket to launch Wentian space station lab module, arrives in Wenchang spaceport"
"Published: May 29, 2022 06:12 PM",China keeps close eye on US dual carrier drills after PLA exercises
"Published: May 29, 2022 06:27 PM",Texas shooting shows unresolved racial discrimination in US: UN Human Rights Chief
"Published: May 29, 2022 06:35 PM Updated: May 29, 2022 06:32 PM",Tombs from Ming Dynasty discovered in Central China’s Hubei; occupants remain unidentified
"Published: May 29, 2022 07:12 PM","China to offer technologies, equipment, training to help Pacific island countries tackle climate change: cooperation center director"
"Published: May 29, 2022 08:27 PM","Republicans, Democrats 'collude' to indulge gun violence, 'manage rather than address' problem"
"Published: May 29, 2022 08:27 PM Updated: May 29, 2022 08:22 PM",City revokes requirement to pay for compulsory weekly nucleic acid test after public outcry
"Published: May 29, 2022 09:07 PM","Beijing, Shanghai walk out of shadow of Omicron "
"Published: May 29, 2022 09:52 PM",Chinese FM visits Fiji; Pacific Island countries ‘won’t be used by anyone to become frontlines of great power competition’ 
"Published: May 29, 2022 10:20 PM",UN human rights chief wraps up China visit after wide interactions with all sectors
"Published: May 29, 2022 10:16 PM",Nationwide check of teaching materials launched after 'ugly textbook illustration' scandal
"Published: May 29, 2022 10:24 PM",China's J-16 fighter jets deployed in latest joint strategic patrol with Russia
"Published: May 29, 2022 10:27 PM","Risk of imported cases of monkeypox increases, but no need to panic 'due to anti-COVID experience, limited transmission capacity' "
"Published: May 29, 2022 10:25 PM",First infection of Omicron BA.5 reported in the Chinese mainland
"Published: May 30, 2022 12:05 AM Updated: May 30, 2022 12:00 AM",China commits to caring for women’s health and eliminating menstruation stigma
"Published: May 30, 2022 01:49 AM",Third COVID-19 testing lab investigated in Beijing's current outbreak
"Published: May 30, 2022 12:14 PM Updated: May 30, 2022 11:54 PM",Chinese customs steps up monkeypox monitoring after WHO labels it 'moderate risk'
"Published: May 30, 2022 01:29 PM",Xi delivers written remarks at China-Pacific Island Countries Foreign Ministers' Meeting
"Published: May 30, 2022 01:38 PM",Xi calls for advancing study of Chinese civilization
"Published: May 30, 2022 05:46 PM","Xi praises new HK chief John Lee for his patriotism, conveys central govt's trust in meeting in Beijing"
"Published: May 30, 2022 06:04 PM Updated: May 30, 2022 06:01 PM",Update: Publisher apologizes for incorrect use of picture of Japanese soldier to depict Chinese model soldier in a reference book
"Published: May 30, 2022 06:17 PM","Shanghai to lift lockdown on June 1, residential compounds will reopen, private cars, public transport systems to restart"
"Published: May 30, 2022 06:44 PM","Fosun releases data of first clinical trial in Chinese adults, showing robust results"
"Published: May 30, 2022 09:35 PM","China donates 10m doses of COVID-19 vaccine, 13m syringes, 2 mobile laboratory vehicles to Myanmar"
"Published: May 30, 2022 09:40 PM","China calls on Switzerland to exclude interferences over free trade upgrade, stresses deal not a gift"
"Published: May 30, 2022 09:37 PM",Chinese cities poised to embrace upcoming festival; stimulus policies to yield positive results in 2022 H2
"Published: May 30, 2022 10:29 PM","Blocking Finnish, Swedish bids shows NATO divergence and Turkey's unique role as a major power: experts"
"Published: May 30, 2022 10:46 PM",Residents welcome normal hustle and bustle as China’s top two cities reemerge from epidemic cautiously but steadily
"Published: May 30, 2022 10:52 PM","China, Pacific Island nations expand cooperation at second FMs’ meeting covering poverty alleviation, climate change and agriculture"
"Published: May 30, 2022 11:11 PM","Shanghai reopens community, transport resumes as city achieves milestones in anti-COVID fight "
"Published: May 30, 2022 11:10 PM","Xi voices 'full trust' for HK new chief, hopes city govt to unveil new changes"
"Published: May 30, 2022 11:26 PM",‘Toxic’ textbooks sound ideological security alarm from infiltration
"Published: May 30, 2022 11:41 PM","False alarm causes NYC stampede, highlights public trauma over mass shootings"
"Published: May 30, 2022 11:41 PM",Beijing reports community-level infection again; 'dynamic zero' remains tough task: officials
"Published: May 30, 2022 11:45 PM Updated: May 30, 2022 11:39 PM",China accuses US of being destroyer of international order
"Published: May 30, 2022 11:47 PM","CNBG gets approval for influenza vaccine as country prepares early for dual risk of flu, COVID-19"
"Published: May 30, 2022 11:49 PM",US keeps manipulating high-profile UN Xinjiang visit to attack China: FM
"Published: May 31, 2022 10:27 AM","Shanghai to fully resume normal production, daily operations from June 1"
"Published: May 31, 2022 03:14 PM Updated: May 31, 2022 03:04 PM","PLA sends 30 warplanes near Taiwan island amid US senator visit, carrier drills"
"Published: May 31, 2022 04:04 PM",Chinese Vice Premier urges solid preparation work for gaokao
"Published: May 31, 2022 06:15 PM Updated: May 31, 2022 06:12 PM",Firefighter variant of China’s large amphibious aircraft AG600 makes 1st flight with new configuration
"Published: May 31, 2022 07:00 PM","Beijing COVID-19 cases fall for 9th day, risks of resurgence persist during holidays"
"Published: May 31, 2022 06:52 PM","Xi stresses efforts to promote children's healthy, all-round development"
"Published: May 31, 2022 07:30 PM",US’ systemic genocide against American Indians shouldn’t be forgotten as US tries to smear China with Xinjiang allegations
"Published: May 31, 2022 07:57 PM",China gets COVID-prevention ready for gaokao with record test takers
"Published: May 31, 2022 08:29 PM","Atmosphere of China-US relations far from normal, extreme anxiety of the US completely unnecessary: Chinese FM  "
"Published: May 31, 2022 09:17 PM",Shanghai embraces new start after 2-month lockdown amid earnest expectations 
"Published: May 31, 2022 09:22 PM",Tested and trusted: CPC scores highly in pandemic ‘test’ en route to leading nation to socialist modernization
"Published: May 31, 2022 09:29 PM","Shanghai-based shipyard in full swing as Omicron abates, 'ready for launch of 3rd aircraft carrier'"
"Published: May 31, 2022 09:47 PM",Xi meets incoming HKSAR chief executive John Lee
"Published: May 31, 2022 10:15 PM",Chinese Defense Minister to attend Shangri-La Dialogue; throws possibility of a meeting with US defense chief into spotlight
"Published: May 31, 2022 10:59 PM",US senator’s trip to Taiwan ‘very dangerous’; PLA sent warplanes
"Published: May 31, 2022 11:22 PM",Shanghai to embrace a brand new start from Jun 1
"Published: May 31, 2022 11:05 PM",Experts call for enhanced management on private nucleic acid testing labs given recent violations
"Published: May 31, 2022 11:40 PM","China, Tonga to deepen ties in disaster relief, agri, health"
"Published: May 31, 2022 11:44 PM","Envoys, experts vow further cooperation amid challenges in the Lancang-Mekong region"
"Published: Jun 01, 2022 12:14 AM",Chinese city revokes unlawful administrative detention for residents who do not take a COVID-19 test after causing controversy
"Published: Jun 01, 2022 12:43 AM","China ready to boost Kiribati's law enforcement ability, unaffected by hyping of ‘failed security deal’: envoy"
"Published: Jun 01, 2022 12:48 AM","Japanese Grandpa Mori produces song to commemorate lockdown life: 'never thought of leaving, be grateful for Shanghai'"
"Published: Jun 01, 2022 01:39 AM",More Chinese students using e-cigarettes
"Published: Jun 01, 2022 11:47 AM",GT on the spot: Shanghai residents embrace and celebrate new start at midnight of June 1
"Published: Jun 01, 2022 02:18 PM",Chinese envoy slams EU's false claim about 'restrictions' during UN human rights chief's visit in China
"Published: Jun 01, 2022 01:53 PM Updated: Jun 01, 2022 01:51 PM","Firefighter killed and 13 injured in restaurant explosion in Changsha, Hunan"
"Published: Jun 01, 2022 02:30 PM Updated: Jun 01, 2022 02:27 PM",Sovereign states have the right to choose how they get along with other countries: King of Tonga responds to China-Tonga cooperation
"Published: Jun 01, 2022 04:44 PM Updated: Jun 01, 2022 04:50 PM",PLA holds three combat drills around Taiwan in one month amid US-Taiwan military collusion 
"Published: Jun 01, 2022 05:21 PM",A 6.1-magnitude earthquake reported in SW China's Sichuan Province
"Published: Jun 01, 2022 08:23 PM","Cooperation between China and PICs targets no third party, seeks no exclusive rights: Chinese Ambassador to Samoa "
"Published: Jun 01, 2022 09:08 PM",China steps up anti-epidemic efforts as Dragon Boat Festival holiday travel peak expected
"Published: Jun 01, 2022 09:26 PM",New Zealand parrots anti-China rhetoric as US exerts greater pressure on S.Pacific with empty talk of assistance
"Published: Jun 01, 2022 09:15 PM",Chinese young pioneers celebrate Children's Day with patriotic lessons
"Published: Jun 01, 2022 09:24 PM","US govt 'biggest producer of terrorism within or outside America,' victims around the world should sue: experts"
"Published: Jun 01, 2022 09:49 PM Updated: Jun 01, 2022 09:45 PM",Beijing to cautiously return to normal as COVID-19 risks still exist
"Published: Jun 01, 2022 10:12 PM",China won’t accept Philippines accusation on fishing ban
"Published: Jun 01, 2022 10:13 PM Updated: Jun 01, 2022 10:05 PM",6.1-magnitude earthquake causes casualties in Sichuan 
"Published: Jun 01, 2022 10:23 PM",Xi congratulates China Soong Ching Ling Foundation on its 40th anniversary
"Published: Jun 01, 2022 10:39 PM",No chaos or restricted media access during Wang Yi's visit to Pacific island countries: Chinese FM
"Published: Jun 01, 2022 10:37 PM",Xi congratulates China National Children's Center on its 40th anniversary
"Published: Jun 01, 2022 11:10 PM","Roaring back, Shanghai’s exuberance, potential on full display on first day of lockdown lift"
"Published: Jun 01, 2022 11:53 PM",Shanghai remains on high alert over virus resurgence; effective monitoring urged
"Published: Jun 01, 2022 11:55 PM","What did Shanghai people do after lockdown was lifted? Hairdressing, shopping, coffee!"
"Published: Jun 02, 2022 12:32 AM",Macao eases travel requirements for mainland visitors
"Published: Jun 02, 2022 01:20 AM",US scrambles to salvage Summit of the Americas amid distrust over meddling
"Published: Jun 02, 2022 01:51 PM",Updated: Wang Yi to arrive in Papua New Guinea; wide range of bilateral cooperation expected
"Published: Jun 02, 2022 02:06 PM Updated: Jun 02, 2022 02:00 PM",China kicks off construction of most advanced large unmanned ship
"Published: Jun 02, 2022 02:41 PM",China-Japan ties at a crucial crossroads; Tokyo’s handling of Taiwan question serious obstacle to bilateral relations: Chinese envoy
"Published: Jun 02, 2022 06:48 PM","Chinese Foreign Ministry hits back at Blinken, urging US to focus on own domestic problems"
"Published: Jun 02, 2022 07:16 PM","Public places in Beijing to set up COVID reporting mechanism, eat-in dining to remain suspended during Dragon Boat Festival"
"Published: Jun 02, 2022 08:52 PM",Youth of SCO member states hail closer exchanges for better regional prosperity and fight against terrorism
"Published: Jun 02, 2022 11:27 PM","What we do in Pacific Islands is building road and bridge, not increasing military presence: Chinese Foreign Minister"
"Published: Jun 03, 2022 08:03 AM",Rescue underway after earthquake hits China's Sichuan
"Published: Jun 03, 2022 04:58 PM","Most districts in Beijing clear community infection, enter normalized epidemic control era"
"Published: Jun 03, 2022 07:02 PM Updated: Jun 03, 2022 11:36 PM","After Bachelet’s Xinjiang visit fails to support ‘genocide’ allegations, US and UK plot another ‘investigation’ trip"
"Published: Jun 03, 2022 08:35 PM","US flip-flops on ‘Taiwan independence’ wording a big joke, lays bare anxiety over incapacity not matching ambition: experts"
"Published: Jun 03, 2022 10:12 PM","Wang Yi proposes 3 points for developing ties with S.Pacific countries, urges Australia to stop viewing China as an adversary"
"Published: Jun 03, 2022 10:42 PM",Wang Yi summarizes bilateral-multilateral ‘two-wheel drive’ for China-Pacific countries friendship at conclusion of 10-nation visit
