﻿"Published: Jan 22, 2020 09:15 PM Updated: Mar 07, 2022 09:20 AM",Real-time update on coronavirus outbreak
"Published: Mar 01, 2022 11:07 PM","Biden sends former officials to Taiwan to 'offset Pompeo', pacify DPP"
"Published: Mar 01, 2022 11:25 PM",NPC deputy proposes broader crackdown on people trafficking
"Published: Mar 02, 2022 01:09 AM",Shaanxi police launch investigation into 'caged woman' living in captivity
"Published: Mar 02, 2022 07:55 AM","Chinese, Ukrainian FMs hold phone talks over Ukrainian situation"
"Published: Mar 02, 2022 10:33 AM Updated: Mar 02, 2022 10:27 AM",Chinese lawmaker proposes to build vaccines recognition system within Greater Bay Area
"Published: Mar 02, 2022 01:41 PM Updated: Mar 02, 2022 01:35 PM","Special campaign to crack down on trafficking women, children launched in China"
"Published: Mar 02, 2022 03:36 PM",China's top political advisory body prepares for annual session
"Published: Mar 02, 2022 03:51 PM","Exclusive: China a main target of US NSA cyberattacks, with key infrastructure under threat"
"Published: Mar 02, 2022 05:23 PM","New 'sanction' against Russian cats shocks Chinese netizens, trending top on social media"
"Published: Mar 02, 2022 05:29 PM",US NSA launches cyberattacks around the world for a decade
"Published: Mar 02, 2022 06:14 PM","Shanghai salvages Yangtze River Estuary No.2, launches world’s largest ancient wooden ship archaeological and cultural relic protection project"
"Published: Mar 02, 2022 06:55 PM","Beijing 2022 Games’ poster weaves together Chinese aesthetics, Olympic spirit"
"Published: Mar 02, 2022 07:13 PM","Hong Kong won't be locked down, Lam reiterates amid record daily infection high"
"Published: Mar 02, 2022 08:17 PM",Chinese Academy of Sciences publishes action plan to support national carbon goals
"Published: Mar 02, 2022 08:44 PM","China's 1st amphibious assault ship reaches initial operating capability, to make world tour"
"Published: Mar 02, 2022 08:55 PM Updated: Mar 03, 2022 12:19 AM","Beijing 2022 Paralympic Games torch relay kicks off, with advanced tech helping torchbearers with disabilities"
"Published: Mar 02, 2022 09:15 PM",Large scientific facilities onboard Tianhe yield fruitful outcomes
"Published: Mar 02, 2022 09:28 PM",Chinese experts find apparent errors in biased data on Chinese dams on Mekong River by US-funded project
"Published: Mar 02, 2022 10:40 PM",1st mainland-HK freight train carrying anti-epidemic supplies launched 
"Published: Mar 02, 2022 10:37 PM","Child sexual assault cases showed a trend of younger age and collectivism, which requires more perfect system protection: experts"
"Published: Mar 02, 2022 10:52 PM",China issues draft regulations for online pop-up news
"Published: Mar 02, 2022 11:32 PM","Chinese Embassy evacuates another 450 Chinese nationals and their families from Ukraine on Wed, over 1,000 have arrived in Romania"
"Published: Mar 03, 2022 12:36 AM",Biden fails to use Ukraine crisis to cover partisan struggles in US
"Published: Mar 03, 2022 01:17 AM Updated: Mar 03, 2022 10:32 AM","Urgency of talks arises amid ‘rising cost, spillover effect’"
"Published: Mar 03, 2022 02:13 AM",Apps should not excessively push notifications and hype socially sensitive events: China's top cyberspace regulator
"Published: Mar 03, 2022 04:03 AM",Senior Inner Mongolia official punished for ineffective management amid COVID-19 surge
"Published: Mar 03, 2022 07:42 AM",China concerned for safety of Ukraine's nuclear facilities: Chinese envoy
"Published: Mar 03, 2022 10:07 AM",White paper shows sports participation of people with disabilities amid China’s human rights protection
"Published: Mar 03, 2022 10:58 AM","China's UN envoy calls on enabling atmosphere for direct dialogues to ease tensions in Ukraine, following abstention at ESS"
"Published: Mar 03, 2022 01:08 PM","Beijing 2022 Paralympics opening to highlight passion and self-empowerment, with 30% performers with disabilities: director Zhang Yimou "
"Published: Mar 03, 2022 02:20 PM",China's national legislature to hold press conference ahead of annual session
"Published: Mar 03, 2022 03:12 PM",China's top political advisory body holds press conference ahead of annual session
"Published: Mar 03, 2022 05:18 PM",Omicron-specific shot by Sinovac in quick development for relieving hard-hit world: CEO
"Published: Mar 03, 2022 08:17 PM",US govt should reflect and work on easing tensions in Ukraine instead of passing the buck: Chinese FM
"Published: Mar 03, 2022 08:21 PM",Update: Nearly all Chinese nationals have been evacuated from Ukraine: Chinese Embassy
"Published: Mar 03, 2022 08:50 PM",Biased data updated after apparent errors revealed in US-funded project's monitoring against Chinese dams on Mekong River
"Published: Mar 03, 2022 10:06 PM",Xi to attend Paralympics opening ceremony as nation issues white paper on parasports progress
"Published: Mar 03, 2022 10:09 PM",Astronaut Wang Yaping fulfills her lawmaker duties from space
"Published: Mar 03, 2022 10:05 PM","West's 'absurd' sanctions on Russian people, animals mocked as venting of ager"
"Published: Mar 03, 2022 10:19 PM",China's defense budget expected to grow at around 7% in 2022 amid security threats: experts
"Published: Mar 03, 2022 10:34 PM",Chinese lawmaker suggests pilot projects for resuming international tourism
"Published: Mar 03, 2022 10:40 PM",New experimental satellite Tiankun-2 set to be launched soon: NPC deputy
"Published: Mar 03, 2022 11:08 PM",West-backed anti-China organization exploits Ukraine crisis to further antagonistic agenda and division
"Published: Mar 03, 2022 11:53 PM",China's Progress in Parasports
"Published: Mar 04, 2022 01:08 AM",China enters ‘two sessions’ time amid  new journey
"Published: Mar 04, 2022 12:57 AM","China's top political advisory body defends 'dynamic zero-COVID policy,' shrugs off adjustment"
"Published: Mar 04, 2022 01:13 AM",PLA warships wrap up far sea drills after Australia's laser incident hype
"Published: Mar 04, 2022 02:07 AM",10 inspirational role models honored in annual Touching China awards
"Published: Mar 04, 2022 11:24 AM","China urges US to return assets to Afghans in full; over 410,000 Chinese netizens sign GT’s joint letter"
"Published: Mar 04, 2022 12:02 PM","Professional guide dog team to work at Beijing Winter Paralympics, provide services in complex, cold situations"
"Published: Mar 04, 2022 12:40 PM","Practice proves China’s democracy is genuine, effective, rooted in China’s history, culture, and tailored to Chinese reality: NPC spokesperson"
"Published: Mar 04, 2022 01:12 PM","HK advisors propose ambulances transfer, data-sharing amid surging infections in HK"
"Published: Mar 04, 2022 02:21 PM",China's national legislature to be in session for six and a half days
"Published: Mar 04, 2022 02:46 PM",China to send six taikonauts in two batches to its space station in 2022: chief designer of manned space program
"Published: Mar 04, 2022 03:09 PM",The fifth session of the 13th National Committee of the Chinese People's Political Consultative Conference (CPPCC) opens in Beijing
"Published: Mar 04, 2022 03:42 PM","Paralympic flame ready to light up opening ceremony after 3-day relay, torchbearers express gratitude for improved welfare of people with disabilities"
"Published: Mar 04, 2022 03:50 PM",Taiwan island feels ‘deep disrespect’ as US delegation leader wears socks of ‘improper’ colorway
"Published: Mar 04, 2022 05:28 PM",Chinese FM questions US role in Ukraine crisis amid the latter's smears on China
"Published: Mar 04, 2022 06:14 PM",NPC spokesperson speaks on democracy
"Published: Mar 04, 2022 06:40 PM Updated: Mar 04, 2022 10:10 PM",Exclusive from Chinese Embassy in Ukraine: ‘Chinese students killed in Kharkiv school’ fake news
"Published: Mar 04, 2022 08:02 PM",Lawmaker proposes legislation of brain death per complex situations
"Published: Mar 04, 2022 08:01 PM",President Xi attends Beijing 2022 Paralympic Winter Games opening at Bird’s Nest stadium
"Published: Mar 04, 2022 09:03 PM",More than 1 billion voters participate in new round of elections in China
"Published: Mar 04, 2022 09:05 PM",President Xi declares opening of Beijing 2022 Paralympic Winter Games
"Published: Mar 04, 2022 09:18 PM",China’s strict anti-epidemic policies contribute to growth of global economy: NPC spokesperson
"Published: Mar 04, 2022 09:27 PM",Senior political advisor to propose law on natl reunification to deter Taiwan secessionists at two sessions 
"Published: Mar 04, 2022 10:13 PM","China's whole-process people's democracy effective, a contrast to US 'vetocracy' "
"Published: Mar 05, 2022 12:39 AM",Pakistan power project using China’s Hualong One connected to grid
"Published: Mar 05, 2022 12:48 AM","Equally splendid Beijing Paralympics a continuation of success, outline China’s humanistic care for people with disabilities"
"Published: Mar 05, 2022 07:34 AM",Chinese nationals flown home from Ukraine on chartered fights
"Published: Mar 05, 2022 08:16 AM",Chinese envoy calls for joint efforts to ensure safety of nuclear facilities in Ukraine
"Published: Mar 05, 2022 09:19 AM",China plans to create more than 11 million new jobs in 2022
"Published: Mar 05, 2022 09:51 AM Updated: Mar 05, 2022 10:59 AM",China's major targets in 2022
"Published: Mar 05, 2022 10:33 AM",Team China wins first medal at the Beijing 2022 Winter Paralympic Games
"Published: Mar 05, 2022 10:59 AM",China's major economic data in 2021
"Published: Mar 05, 2022 11:20 AM",Liu Zixu wins China's first gold medal in Para biathlon at Beijing 2022 Paralympics
"Published: Mar 05, 2022 01:15 PM",China to crack down hard on trafficking of women and children: Premier Li
"Published: Mar 05, 2022 02:27 PM",What does the emblem for Beijing Paralympic Games stand for?
"Published: Mar 05, 2022 02:56 PM","China to start third nationwide soil census, build 6.67m hectares high quality cropland: govt work report"
"Published: Mar 05, 2022 04:07 PM",Xi takes part in deliberation of Inner Mongolia delegation at annual legislative session
"Published: Mar 05, 2022 04:22 PM","China vows to tighten up supervision of vaccines, refine epidemic containment measures"
"Published: Mar 05, 2022 04:57 PM",Team China makes strong start on first day of Beijing 2022 Winter Paralympics
"Published: Mar 05, 2022 05:18 PM","Political advisor proposes to allow unmarried women aged over 30 with one child to gain access to maternity leave, insurance"
"Published: Mar 05, 2022 05:34 PM",China boosts defense budget by 7.1% for 2022 amid complex global situation
"Published: Mar 05, 2022 06:13 PM",China's defense budget in 2022
"Published: Mar 05, 2022 10:40 PM","China supports Russia-Ukraine direct talks, opposes any moves that add fuel to flames, Wang Yi says in phone talks with Blinken"
"Published: Mar 06, 2022 11:47 AM","China’s EU Mission calls for fair talks between US, NATO, EU and Russia in response to EU official’s remarks of China being ‘mediator’ that ‘Western powers cannot fulfill’"
"Published: Mar 06, 2022 01:49 PM","Update: Qingdao authority says outbreak caused by Omicron-carrying object, reverses earlier statement that it was from deliveries"
"Published: Mar 06, 2022 02:32 PM",Chinese experts differ on whether ‘winter of 2021 will be the last winter associated with COVID-19’
"Published: Mar 06, 2022 03:33 PM",Chinese Embassy in UK condemns wrong remarks on Taiwan by members of House of Lords
"Published: Mar 06, 2022 04:06 PM","Xi visits political advisors, joins discussion at annual session"
"Published: Mar 06, 2022 04:34 PM","Sina Weibo punishes accounts for spreading content on Russia-Ukraine conflict to stir up hatred, warfare"
"Published: Mar 06, 2022 04:55 PM",Xi replies to letter from IOC chief Bach
"Published: Mar 06, 2022 05:43 PM",NPC deputy suggests to promote domestic innovative drugs go global
"Published: Mar 06, 2022 07:04 PM","Confirmed cases across China exceed 100, strict dynamic zero-COVID approach 'still necessary'"
"Published: Mar 06, 2022 07:40 PM","Technologies, accessible facilities at Beijing Winter Paralympics venues demonstrate 'China's warmth'"
"Published: Mar 06, 2022 08:10 PM Updated: Mar 06, 2022 10:47 PM",China's defense budget growth justified as restrained amid foreign media hype
"Published: Mar 06, 2022 09:05 PM",Social support system for childbirth should be improved to support China's third-child policy: political advisors
"Published: Mar 06, 2022 10:01 PM",Educators call for more attention to the prevention and treatment of depression among adolescents
"Published: Mar 06, 2022 10:24 PM","If US keeps intensifying Ukraine crisis with sanctions, military deployments, 'mediation would be useless'"
"Published: Mar 06, 2022 10:31 PM","Work starts on central govt-aided hospital in HK, response to COVID-19 outbreak"
"Published: Mar 06, 2022 10:45 PM",Advisors suggest promotion of nationwide DNA database to end child trafficking
"Published: Mar 06, 2022 10:48 PM",China to be 'stabilizer' of global economy in 2022
"Published: Mar 06, 2022 11:00 PM",Manufacturer of Chinese herbal medicine ramps up production for epidemic control in HKSAR
"Published: Mar 07, 2022 12:08 AM","China plans to retrieve samples from Mars by 2030, study the edge of solar system"
"Published: Mar 07, 2022 12:54 AM",Wind parks should be cautiously built in China's populated areas watching for environmental impact: CPPCC member
"Published: Mar 07, 2022 01:36 AM",'This experience is priceless to me': exploring the story of a barber at Beijing 2022
"Published: Mar 07, 2022 02:14 AM",China considers law amendment to make local authorities 'forge a strong sense of community for the Chinese nation'
"Published: Mar 07, 2022 02:58 AM","Political advisor urges faster approval of innovative COVID-19 vaccines, steppingstone for border reopening"
