﻿"Published: Apr 26, 2022 08:27 AM",Russia asks U.S. to stop arming Ukraine
"Published: Apr 26, 2022 08:28 AM",Russia expels 40 German diplomats in retaliatory mov
"Published: Apr 26, 2022 08:38 AM",Erdogan underlines Istanbul process in talks with Guterres to end Ukraine crisis
"Published: Apr 26, 2022 08:39 AM","5 killed, 18 injured in airstrike on transport infrastructure in central Ukraine"
"Published: Apr 26, 2022 08:39 AM",Russian forces seize Kherson city council building: media
"Published: Apr 26, 2022 08:41 AM",UN chief pushes for truce in Ukraine despite Russian envoy's negative response
"Published: Apr 26, 2022 08:41 AM","UN chief, Turkish president promise to work for peace in Ukraine"
"Published: Apr 26, 2022 04:15 PM",UN chief pushes Ukraine truce
"Published: Apr 26, 2022 04:19 PM",Israel reopens Gaza crossing after border calm returns
"Published: Apr 26, 2022 04:22 PM",US judge to block plan to lift COVID-19 border restrictions for migrants
"Published: Apr 26, 2022 05:00 PM",Indigenous leader presses for UN probe
"Published: Apr 26, 2022 05:03 PM",Remains of Nigeria oil blast victims to get mass burial
"Published: Apr 26, 2022 05:06 PM",IMF urges Sri Lanka to tighten monetary policy
"Published: Apr 26, 2022 05:30 PM",UN warns of increase in disasters around globe
"Published: Apr 26, 2022 05:32 PM",Anzac Day commemorations resume in France after COVID-19 hiatus
"Published: Apr 26, 2022 05:58 PM",Axiom-1 crew returns from ISS
"Published: Apr 26, 2022 06:17 PM",Strained to breaking
"Published: Apr 27, 2022 08:03 AM",UN chief condemns attack in Pakistan's Karachi University
"Published: Apr 27, 2022 08:15 AM","Lavrov, Guterres agree on need to continue Russia-Ukraine peace talks"
"Published: Apr 27, 2022 08:21 AM",U.S. State Department approves ammunition sale to Ukraine
"Published: Apr 27, 2022 08:23 AM",Germany confirms delivery of Gepard tanks to Ukraine
"Published: Apr 27, 2022 08:24 AM","Russian military appoints new ""head"" of Kherson region in Ukraine"
"Published: Apr 27, 2022 08:25 AM","Putin agrees to involvement of UN, ICRC in civilian evacuation from Azovstal: UN"
"Published: Apr 27, 2022 08:26 AM","Ukrainian president, Romanian PM discuss support for Ukraine"
"Published: Apr 27, 2022 08:27 AM","Putin, UN chief meet to discuss Ukraine"
"Published: Apr 27, 2022 08:28 AM","Russia to suspend natural gas supplies to Poland, Bulgaria"
"Published: Apr 27, 2022 04:35 PM",Nearly 60% of US had COVID-19 by Feb
"Published: Apr 27, 2022 04:37 PM",SpaceX set to launch its latest crew to ISS in Dragon capsule
"Published: Apr 27, 2022 04:39 PM",Austria closes compensation fund for victims of Nazi era
"Published: Apr 27, 2022 04:47 PM",UN estimates 8m Ukraine refugees
"Published: Apr 27, 2022 04:52 PM","US VP Harris tests positive for COVID-19, no symptoms"
"Published: Apr 27, 2022 04:55 PM",Harvard creates $100m slavery reparation fund to address historical injustices
"Published: Apr 27, 2022 05:08 PM",Novel concept to the industry
"Published: Apr 27, 2022 05:14 PM",Beneficial conservation strategy
"Published: Apr 27, 2022 05:32 PM",Watchdog takes Canada to task
"Published: Apr 27, 2022 05:38 PM",Temperatures on the rise in Scottish lochs: new report
"Published: Apr 27, 2022 05:40 PM",DR Congo suspends 12 forestry contracts for violating moratorium
"Published: Apr 27, 2022 06:04 PM",Spain’s monarchy to be more open
"Published: Apr 27, 2022 06:09 PM",Mali accuses France of spying after drone video
"Published: Apr 27, 2022 06:11 PM",Sri Lanka says World Bank agrees to provide $600m in financial aid
"Published: Apr 27, 2022 06:16 PM",US says ready for surge in asylum seekers
"Published: Apr 27, 2022 06:18 PM","Prince Charles, wife to reflect on Indigenous abuse on Canada visit"
"Published: Apr 27, 2022 06:22 PM",Singapore executes Malaysian on drugs charges
"Published: Apr 28, 2022 07:48 AM",EU prepared for Russian gas cut-off: von der Leyen
"Published: Apr 28, 2022 07:50 AM","Ukrainian, EU leaders discuss further support for Kiev"
"Published: Apr 28, 2022 07:51 AM",UN secretary-general arrives in Ukraine
"Published: Apr 28, 2022 05:13 PM",Jordan pushing to restore Jerusalem mosque status quo
"Published: Apr 28, 2022 05:15 PM","UNICEF, WHO warn of measles outbreaks"
"Published: Apr 28, 2022 05:53 PM",Moscow trades US ex-Marine for Russian pilot in prisoner swap
"Published: Apr 28, 2022 11:30 PM",UN coordinator heads to south Ukraine to prepare for evacuation from Mariupol
"Published: Apr 29, 2022 01:57 AM","NATO chief offers quick admission for Finland, Sweden despite Russia's objection"
"Published: Apr 29, 2022 08:08 AM","Erdogan, Putin discuss swap of Russian, U.S. prisoners in Turkey over phone"
"Published: Apr 29, 2022 08:09 AM","Ukraine, Russia conduct fresh prisoner exchange"
"Published: Apr 29, 2022 08:10 AM",UN Security Council condemns terrorist attack in Pakistan's Karachi University
"Published: Apr 29, 2022 08:10 AM","Ukrainian president, UN chief discuss evacuation from Mariupol"
"Published: Apr 29, 2022 08:12 AM",Canada plans to reopen embassy in Ukraine
"Published: Apr 29, 2022 10:05 PM","China reiterates call for peace between Russia, Ukraine through talks"
"Published: Apr 29, 2022 10:11 PM",UN chief visits Ukraine's Borodyanka town
"Published: Apr 29, 2022 10:13 PM",Ukraine seeks to seize Russia's assets for post-conflict recovery: PM
"Published: Apr 30, 2022 07:43 PM","Putin, Zelensky both invited to G20: Indonesian president"
"Published: May 01, 2022 11:40 AM","Ukrainian president, British PM discuss defensive support for Ukraine"
"Published: May 01, 2022 10:37 PM","Pelosi visits Kiev to 'maximize' US' support and prolong Russia-Ukraine conflict, inflate 'political legacy'"
"Published: May 04, 2022 07:54 AM",Putin approves retaliatory sanctions over Russia-Ukraine conflict
"Published: May 04, 2022 06:40 PM",Supreme Court draft leak ignites US abortion firestorm
"Published: May 04, 2022 06:43 PM",Brazil scraps invite for EU to observe elections
"Published: May 04, 2022 06:49 PM Updated: May 04, 2022 06:47 PM",Indian PM Modi urges ‘dialogue and diplomacy’ for Ukraine crisis
"Published: May 04, 2022 06:54 PM",Alliance to offer stiff opposition after poor election results
"Published: May 04, 2022 06:56 PM",Resumed gang fighting in Haiti kills 26; hundreds flee homes: UN
"Published: May 04, 2022 06:59 PM","Mexico metro crash marked by relatives, survivors"
"Published: May 04, 2022 07:05 PM","Crisis drives millions toward hunger, threatens wildlife across region"
"Published: May 04, 2022 07:08 PM",Greece’s new terminal aids energy independence
"Published: May 04, 2022 07:11 PM","Sudan’s electric rickshaws cut costs, help environment"
"Published: May 04, 2022 07:19 PM",‘Surprise’ urban Malaysia floods drive pleas for climate action
"Published: May 05, 2022 04:35 PM",40m more went hungry in 2021
"Published: May 05, 2022 04:38 PM","Microbe-based faux beef could save forests, cut emissions"
"Published: May 05, 2022 04:40 PM",White House to future-proof encryption against quantum computers
"Published: May 05, 2022 05:03 PM",Sri Lanka crisis to last 2 more yrs: govt
"Published: May 05, 2022 05:05 PM",European Parliament urges EU to rewrite underpinning treaties
"Published: May 05, 2022 05:07 PM","Blinken tests positive for COVID-19, to work remotely"
"Published: May 05, 2022 05:16 PM",UN seeks reboot of tourism sector
"Published: May 05, 2022 05:23 PM",Trudeau vows to guarantee women’s right to abortion
"Published: May 05, 2022 05:26 PM",Hungary ‘can’t support’ EU’s new sanctions against Russia in current form: FM
"Published: May 05, 2022 05:48 PM",Boost female participation
"Published: May 06, 2022 08:16 AM",Macron announces 2-bln-USD aid for Ukraine
"Published: May 06, 2022 08:16 AM",Ukraine crisis affects E. Africa's food security: WFP
"Published: May 06, 2022 08:17 AM","Putin, Bennett discuss Ukraine over phone"
"Published: May 06, 2022 08:18 AM","Ukrainian leader holds separate talks with British PM, German president"
"Published: May 06, 2022 08:19 AM","UN chief calls for end to ""cycle of death, destruction"" in Ukraine"
"Published: May 06, 2022 08:26 PM",Belarus will not participate in Russian special military operation in Ukraine: president
"Published: May 06, 2022 09:55 PM",Ukraine evacuates 500 civilians from Mariupol: official
"Published: May 07, 2022 07:35 AM",Ukraine urges Russia's troop pullback to resume talks
"Published: May 07, 2022 07:36 AM","Ukraine, Russia conduct new prisoner swap"
"Published: May 07, 2022 07:36 AM",Ukraine evacuates 50 civilians from Mariupol's Azovstal
"Published: May 08, 2022 03:54 PM",Havana blast death toll rises to 27
"Published: May 08, 2022 03:58 PM",Japanese radioactive waste puts ocean at risk
"Published: May 08, 2022 04:00 PM",New Zealand reports its first case of Omicron BA.5 variant at border
"Published: May 08, 2022 04:49 PM",Campaign slot for Philippine top job ends
"Published: May 08, 2022 04:53 PM",Sinn Fein hails ‘new era’ for N.Ireland after historic poll win
"Published: May 08, 2022 04:59 PM",Mexico City demo seeks to revoke legal rights of abortion
"Published: May 08, 2022 05:02 PM",Macron vows to bring ‘new start’
"Published: May 08, 2022 05:04 PM","Lula launches presidential bid, lashes out at Bolsonaro"
"Published: May 08, 2022 05:07 PM",UN rights body calls for transparent probe into recent religious clashes in Ethiopia
"Published: May 08, 2022 07:24 PM",US responsible for Shanghai surge
