﻿"Published: Jan 22, 2020 09:15 PM Updated: Sep 05, 2022 09:05 AM",Real-time update on coronavirus outbreak
"Published: Aug 30, 2022 08:45 PM","China-Russia military cooperation serves core interests, doesn’t target third party: Chinese envoy"
"Published: Aug 30, 2022 08:45 PM",China’s rapid development inspires Sri Lanka out of predicament: Sri Lankan Ambassador
"Published: Aug 30, 2022 08:57 PM","LMC mechanism provides blueprint for successful bilateral relations as China, Myanmar treasure friendship: Myanmar politician"
"Published: Aug 30, 2022 09:51 PM","China’s Sun-probing satellite achieves 5 historic ‘firsts,’ data shared globally: developer"
"Published: Aug 30, 2022 10:12 PM","Australian FM visits PNG nominally for cooperation to conceal veiled aim to sow discord through 'China debt trap' narrative, coercion"
"Published: Aug 30, 2022 10:49 PM","Pakistani ambassador hails China for being among the first to help as Y-20 aircraft arrived with 3,000 tents for flood-hit ‘ironclad’ brother"
"Published: Aug 30, 2022 11:22 PM",20th CPC National Congress proposed to be held on Oct 16 in Beijing; timing proves preparatory work ‘well-carried out’
"Published: Aug 31, 2022 12:14 AM",US plans missile sales to Taiwan in ‘escalation of provocation’ after Pelosi visit; ‘drains every last drop of blood from island before reunification’
"Published: Aug 31, 2022 01:27 AM","China, Russia, Mongolia to strengthen coordination in intl, regional affairs: Chinese Vice FM"
"Published: Aug 31, 2022 12:26 PM","Chinese observers express mixed feelings about Gorbachev, draw lessons from his immature policy of cozying up with West"
"Published: Aug 31, 2022 02:56 PM","China's netizen population reaches 1.051 billion, boosted by 5G network infrastructure: report"
"Published: Aug 31, 2022 03:04 PM",US is hit the hardest by ‘enforced disappearance’ no matter how hard it is to smear China: spokesperson
"Published: Aug 31, 2022 06:13 PM",Chinese designers vow to make air-to-air missiles superior to foreign counterparts
"Published: Aug 31, 2022 06:14 PM",China's humanitarian assistance for flood victims reaches Pakistan
"Published: Aug 31, 2022 06:17 PM",Young talents inject impetus into China's sci-tech development
"Published: Aug 31, 2022 06:41 PM",Scientists identify new gene behind rare blood disease
"Published: Aug 31, 2022 07:18 PM",China’s internet development in numbers
"Published: Aug 31, 2022 08:50 PM",Pointing fingers at China over Solomon Islands' suspension of foreign navies' visit shows Washington's deep insecurity: expert
"Published: Aug 31, 2022 09:54 PM",China opposes politicizing human rights as Bachelet steps down as UN human right chief
"Published: Aug 31, 2022 10:08 PM",Xi sends congratulatory letter to China int'l services trade fair
"Published: Aug 31, 2022 10:37 PM",China’s top education authority stresses preventing large-scale COVID-19 outbreaks in campus as new semesters start
"Published: Aug 31, 2022 10:41 PM","China revises laws on wildlife protection, enhances regulations on artificial breeding, invasive species"
"Published: Aug 31, 2022 10:48 PM",China’s annual marriage registrations drop at lowest since 1986
"Published: Aug 31, 2022 11:24 PM","2022 CIFTIS kicks off, to inject vitality into world economy "
"Published: Aug 31, 2022 11:32 PM","Exclusive: Aggression never in our diplomatic tradition, nor is groveling in character of the Chinese people: Ambassador to Russia"
"Published: Aug 31, 2022 11:40 PM",Exclusive: China-Russia military interactions ‘will not be affected by external environment:’ Chinese envoy to Russia
"Published: Sep 01, 2022 12:36 AM",Eastern coastal regions ordered to get ready for approaching Super Typhoon Hinnamnor
"Published: Sep 01, 2022 01:18 AM Updated: Sep 01, 2022 01:10 AM","China sends Army, Navy and Air force with over 2,000 troops to Russian Vostok-2022 drills  "
"Published: Sep 01, 2022 02:34 AM",Shenzhen tightens COVID-19 controls amid resurgence
"Published: Sep 01, 2022 01:17 PM",China's Guangdong makes great strides in high-quality development
"Published: Sep 01, 2022 02:53 PM Updated: Sep 01, 2022 02:39 PM",21.2 million residents in SW China’s Chengdu asked not to leave home unless necessary amid COVID-19 flare-ups
"Published: Sep 01, 2022 04:51 PM","China denounces OHCHR report on Xinjiang –‘a patchwork of disinformation, political tool for US, some Western forces’"
"Published: Sep 01, 2022 06:01 PM",China vows more measures to support childcare services impacted by COVID-19 amid lowest birth rate in decades
"Published: Sep 01, 2022 06:04 PM","27,600 criminal suspects arrested in N.China’s Hebei during 100-day crackdown on crimes threatening social security: Ministry of Public Security"
"Published: Sep 01, 2022 06:45 PM",Shenzhou-14 taikonauts conduct their first extravehicular activities
"Published: Sep 01, 2022 06:53 PM",China dispatches advanced main combat equipment to Russian Vostok-2022 drills
"Published: Sep 01, 2022 07:07 PM","Gen Z volunteers safeguard city with courage, wisdom in Chongqing rescue"
"Published: Sep 01, 2022 08:07 PM","Hong Kong, Guangdong to organize special team to discuss detailed cross-border travel arrangements"
"Published: Sep 01, 2022 08:57 PM",Students welcome first class of new semester under cloud of COVID resurgences
"Published: Sep 01, 2022 09:12 PM",Tokyo’s militaristic tendency raises regional tensions and alarm as anniversary of the victory in the War of Resistance Against Japanese Aggression approaches
"Published: Sep 01, 2022 08:59 PM","Germany expanding military presence in Indo-Pacific shows its defense policy is 'kidnapped by US, NATO'"
"Published: Sep 01, 2022 08:55 PM Updated: Sep 01, 2022 08:51 PM","Y-20 cargo plane debuts at European air show, displays China’s aviation achievements"
"Published: Sep 01, 2022 09:47 PM",US’ chip sales ban further disrupts supply chain; insiders optimistic about China breaking US’ stranglehold
"Published: Sep 01, 2022 09:56 PM",Chengdu asks 21m residents to stay home after city records 766 cases
"Published: Sep 01, 2022 11:09 PM","Taiwan authorities' hyping of tense atmosphere is meaningless, FM says after reports alleging civilian drones were shot down"
"Published: Sep 01, 2022 11:58 PM",‘Taiwan independence’ secessionist forces will never succeed; US uses Taiwan as chess piece to be abandoned at any time: ex-KMT chair Hung Hsiu-chu
"Published: Sep 02, 2022 12:09 AM",Separatist forces full of tricks to stall reunification underestimate resolve of Chinese people: analysts
"Published: Sep 02, 2022 12:08 AM",Shenzhou-14 crew completes 1st spacewalk mission; China's extravehicular tech 'more mature and task-oriented' 
"Published: Sep 02, 2022 02:10 PM",Verdict on Alibaba sexual assault case upheld in E.China with man jailed for 18 months
"Published: Sep 02, 2022 04:56 PM",SW China's Chengdu largely unaffected amid new COVID-19 flare-ups after power supply shortage eases
"Published: Sep 02, 2022 08:27 PM","Beijing now a moderately aging society, to become severely aging by 2035"
"Published: Sep 02, 2022 10:02 PM",French senators’ planned visit to Taiwan island aims at ‘extracting profit’
"Published: Sep 02, 2022 10:30 PM","Biden calling Trump, allies 'threat to democracy' highlights deep divisions in US"
"Published: Sep 02, 2022 11:59 PM","Chinese, Russian vessels join drills to uphold post-WWII global order"
"Published: Sep 03, 2022 10:16 AM",Long March 5B rocket arrives at Wenchang spaceport for Mengtian space station lab module October launch
"Published: Sep 03, 2022 11:22 AM",Chinese FM addresses seminar on UN Convention on the Law of the Sea
"Published: Sep 03, 2022 11:25 AM","Jointly Upholding True Multilateralism and Starting a New Journey of Maritime Governance --Remarks by H.E. Wang Yi State Councilor and Foreign Minister of The People’s Republic of China At the Opening Ceremony of ""UNCLOS at 40: Retrospect and Prospect"""
"Published: Sep 03, 2022 05:28 PM",Implement UNCLOS in Full and in Good Faith and Actively Contribute to Global Maritime Governance
"Published: Sep 03, 2022 06:29 PM",Chinese FM meets outgoing Russian ambassador to China
"Published: Sep 04, 2022 02:51 PM","China to provide another 300 million yuan aid to flood-ravaged Pakistan as flood death toll surpasses 1,200 "
"Published: Sep 04, 2022 02:57 PM","Easier, safer, brighter -- new equipment support Chinese spacewalkers"
"Published: Sep 04, 2022 03:17 PM",Hit-and-run female drunk driver detained in Hunan for dragging victim for 1 km
"Published: Sep 04, 2022 07:53 PM","Healthier, long lived population a sign of CPC’s dedicated commitment to safeguarding people’s health"
"Published: Sep 04, 2022 07:56 PM",Improved public health facilities at grassroots level reflect CPC’s pledge for health rights
"Published: Sep 04, 2022 08:25 PM",China vows countermeasures against US' arms sales to Taiwan; provocative move only 'accelerates' reunification
"Published: Sep 04, 2022 09:13 PM","UK to welcome new PM, urged to be ‘pragmatic’ on China-UK ties"
"Published: Sep 04, 2022 09:22 PM",China sees 13 provincial-level regions record 20% of population being aged 60 or above 
"Published: Sep 04, 2022 09:37 PM",China raises emergency response to level III as super typhoon Hinnamnor approaches eastern coastal areas
"Published: Sep 04, 2022 10:27 PM","Biden, Trump trade verbal attacks, escalate partisan struggle; ‘democracy fairy tale’ shattered"
"Published: Sep 04, 2022 10:33 PM","China's top legislator to start four-nation trip, attend EEF in Russia in show of firm ties"
"Published: Sep 05, 2022 12:00 AM",Chinese localities urge public to stay put or reduce travel during upcoming holidays to stop COVID
"Published: Sep 05, 2022 12:41 AM",GT investigates: What’s behind OHCHR so-called Xinjiang ‘report’?
"Published: Sep 05, 2022 02:17 AM",China and Russia may carry out joint naval patrol following Vostok-2022: expert
"Published: Sep 05, 2022 10:20 AM Updated: Sep 05, 2022 08:54 PM",Exclusive: Evidence shows US’ NSA behind attack on email system of leading Chinese aviation university
"Published: Sep 05, 2022 01:15 PM",M6.8 earthquake jolts southwest China's Sichuan: CENC
"Published: Sep 05, 2022 04:59 PM",New spokesperson of Chinese Foreign Ministry Mao Ning makes first public appearance
"Published: Sep 05, 2022 07:29 PM","Xi urges efforts to prioritize saving lives, minimizing casualties after 6.8-magnitude earthquake hits SW China’s Sichuan"
"Published: Sep 05, 2022 07:31 PM Updated: Sep 05, 2022 09:21 PM",Over 30 killed in Southwest China quake
"Published: Sep 05, 2022 07:51 PM","Kishida may attend event marking 50th anniversary of ties, but more concrete actions are needed to ease tensions: analysts"
"Published: Sep 05, 2022 08:31 PM",PLA practices counterattack in foreign territories during Russian Vostok-2022 drills
"Published: Sep 05, 2022 08:33 PM",Behind a trending ‘green horse’ plushie produced by a Chinese museum was design team wanting to narrow distance between cultural relics and the younger generation
"Published: Sep 05, 2022 09:04 PM","Liz Truss elected UK's new PM, faces tough job amid huge mess; 'pragmatic China ties crucial to overcome challenge'"
"Published: Sep 05, 2022 09:24 PM Updated: Sep 05, 2022 09:01 PM",China vows firm countermeasures against US’ $1.1b arms sales to Taiwan island: FM
"Published: Sep 05, 2022 09:37 PM","Shenzhen adopts tiered measures; Chengdu extends restrictions, mass testing amid rising COVID-19 clusters in China "
"Published: Sep 05, 2022 09:51 PM",India values ‘strategic independence’ over relying on US despite series of meetings with Quad members
"Published: Sep 05, 2022 10:51 PM","Xi orders all-out rescue efforts after 6.8-magnitude earthquake hits Sichuan, killing at least 46"
"Published: Sep 05, 2022 11:01 PM","Chinese language fever, China-made boom, hot sale of Russian delicacies – Chinese-Russian civilian affinity climbs to new heights amid strengthening strategic ties"
"Published: Sep 05, 2022 11:04 PM","Antipathy toward Western hegemony draws Chinese, Russians closer"
"Published: Sep 05, 2022 11:17 PM",China-Nepal railway is a way to prosperity; talk of ‘debt trap’ just noise : Nepali Ambassador to China
"Published: Sep 05, 2022 11:52 PM","Russia, China seek closer trade ties at key economic forum in Russia's Far East amid US hegemony"
"Published: Sep 05, 2022 11:50 PM",Nine government organs launch nationwide campaign to crack down on internet-related criminal activities 
"Published: Sep 06, 2022 01:25 AM",Sinovac making progress with Omicron-specific vaccine
"Published: Sep 06, 2022 02:52 AM",HK High Court hears cases as 3 ex-lawmakers ask for early sentencing
"Published: Sep 06, 2022 10:41 AM Updated: Sep 06, 2022 10:42 AM","Over 50,000 people relocated after Sichuan’s 6.8-magnitude earthquake killing at least 66; 10 aftershocks of 3.0-magnitude or above recorded "
"Published: Sep 06, 2022 12:10 PM",Pakistan expresses condolences over earthquake in SW China as two countries offer each other assistance in times of need
"Published: Sep 06, 2022 08:39 PM",Firms rush to offer donations to help earthquake-hit Sichuan
"Published: Sep 06, 2022 09:28 PM","China-Russia drills to safeguard regional peace, deter ‘troublemakers in the region’"
"Published: Sep 06, 2022 09:57 PM","Largest earthquake in Sichuan since 2017 claimed 66 lives in Luding; many countries, intl organizations expressed condolences"
"Published: Sep 06, 2022 09:48 PM","US-led West wages info war against Russia, China with rich resources, same tactics: EEP sub-forum "
"Published: Sep 06, 2022 09:53 PM","'After the establishment of diplomatic relations with China, it is like we are on a high-speed train'"
"Published: Sep 06, 2022 10:17 PM","US forces continue blatant looting of Syrian oil, ‘exposing gangster nature’"
"Published: Sep 06, 2022 10:55 PM",A bitter pill to swallow for Europe: locals gripped with severe energy crisis protest paying price for political games
"Published: Sep 06, 2022 11:15 PM",Close friendship with China is Nepal’s choice; China’s second centennial goal ‘definitely’ to be achieved: Nepali envoy
"Published: Sep 06, 2022 11:19 PM",BRI contributes to the devt of Nepal
"Published: Sep 06, 2022 11:40 PM","West skips climate summit, helping Africa’s climate adaptation with ‘empty cheque and indifferent attitude’"
"Published: Sep 07, 2022 12:51 AM",President Xi stresses improving system to achieve breakthroughs in core technologies in key fields
"Published: Sep 07, 2022 01:09 AM",Beijing tightens epidemic prevention on campus after flare-up of campus-related cluster infection reported
"Published: Sep 07, 2022 02:04 AM",Changchun reports first community-level infections related to previous in-hospital transmission
"Published: Sep 07, 2022 02:46 AM",Two gibbon species declared extinct in the wild in China due to excessive 'human activities'
