﻿"Published: Jan 22, 2020 09:15 PM Updated: May 24, 2022 09:00 AM",Real-time update on coronavirus outbreak
"Published: May 18, 2022 12:01 PM Updated: May 19, 2022 01:45 AM",Exclusive: US investigators tell CAAC they did not release China Eastern MU5735 crash probe info to media
"Published: May 18, 2022 10:57 PM",US guns: an incurable disease
"Published: May 18, 2022 11:01 PM Updated: May 18, 2022 10:56 PM",BRICS promotes post-COVID-19 world economic recovery against the backdrop of complex international situation: Chinese FM
"Published: May 18, 2022 11:35 PM","Washington hijacks ‘collective security of EU’ to serve anti-Russia strategy, benefit from NATO expansion"
"Published: May 19, 2022 12:18 AM",Chinese scholars share country’s remarkable human rights progress internationally with great confidence
"Published: May 19, 2022 12:56 AM",China adjusts pre-departure testing for overseas travelers
"Published: May 19, 2022 01:25 AM Updated: May 19, 2022 01:32 AM","Xi calls for joint efforts to defeat COVID-19, reinvigorate global trade"
"Published: May 19, 2022 02:01 AM","Top diplomat Yang Jiechi warns the US against playing ‘Taiwan card,’ vows China’s firm actions to safeguard sovereignty in phone talk with Sullivan"
"Published: May 19, 2022 02:42 AM",Top medical expert calls for the inclusion of makeshift hospitals' operation system into city's security system
"Published: May 19, 2022 01:06 PM","Xi highlights sci-tech self-reliance, cultural confidence in letter to scholars returning from overseas"
"Published: May 19, 2022 02:41 PM Updated: May 19, 2022 02:30 PM",COVID-19-affected spring gaokao goers can take exam: Tianjin reverses decision and rolls out specific policies after controversy
"Published: May 19, 2022 05:04 PM Updated: May 19, 2022 05:00 PM",Internet troll defaming ‘father of hybrid rice’ Yuan Longping ruled to apologize on national media
"Published: May 19, 2022 06:50 PM",PLA bombers hold drills in West Pacific 'in coordination with carrier group'
"Published: May 19, 2022 07:06 PM Updated: May 19, 2022 06:09 PM",Cases of abduction and trafficking of women and children in 2021 decrease 86.2% from 2013: MPS
"Published: May 19, 2022 07:38 PM","Shanghai plans to reopen transportation routes connecting airports, railways"
"Published: May 19, 2022 07:59 PM",Chinese astronomers propose space survey to seek Earth-like planets via astrometry
"Published: May 19, 2022 08:14 PM Updated: May 19, 2022 08:06 PM",Assisted reproductive technology expected to be financially covered by medical insurance in Chinese provinces to encourage childbirth
"Published: May 19, 2022 08:21 PM",WHO authorizes China's CanSinoBIO COVID-19 vaccine
"Published: May 19, 2022 08:31 PM Updated: May 19, 2022 08:24 PM",5 universities in a Beijing college town put under lockdown after 11 students infected by COVID-19
"Published: May 19, 2022 08:46 PM Updated: May 19, 2022 08:21 PM",Chinese FM urges US to stop interfering in China’s internal affairs by using Xizang-related affairs
"Published: May 19, 2022 09:08 PM Updated: May 19, 2022 08:59 PM",Chinese and foreign experts call for a better interpretation of the concept of China’s human rights
"Published: May 19, 2022 09:59 PM",Xi calls on BRICS countries to build global community of security for all
"Published: May 19, 2022 10:07 PM",Biden to peddle new economic framework in Asia as ‘geopolitical tool’ to counter China
"Published: May 19, 2022 10:16 PM",US’ push to invite Taiwan to WHA sparks backlash as COVID cases surpass 1 million mark on island
"Published: May 19, 2022 10:25 PM",Photographers’ work through decades shows Xinjiang's transformation and residents’ improving livelihoods
"Published: May 19, 2022 10:34 PM",What is the IPEF?
"Published: May 19, 2022 11:01 PM","Upgraded US-South Korea alliance threatens balance, security of Asia, experts  warn"
"Published: May 19, 2022 11:09 PM",Chinese aerospace experts slam NASA's chief for 'ridiculous and outrageous' allegations of 'stealing' technology
"Published: May 20, 2022 12:33 AM",Mental health services and support stepped up as Shanghai closes in on epidemic-fight victory
"Published: May 20, 2022 12:46 AM","China stresses BRICS solidarity in time of turbulence, transformation"
"Published: May 20, 2022 02:07 AM",City in C China's Henan set to build permanent Fangcang hospital
"Published: May 20, 2022 03:45 PM Updated: May 21, 2022 10:45 PM","Pakistan FM’s first official visit abroad to China to review entire gamut of bilateral relations, focus on stronger trade, economic cooperation"
"Published: May 20, 2022 04:03 PM","China calls for intl community to strengthen coordination, stabilize the global food market"
"Published: May 20, 2022 06:23 PM",UN human rights chief to visit China from May 23 to 28: Chinese FM
"Published: May 20, 2022 06:34 PM","Japan hypocritical, contradictory over nuclear disarmament: Chinese FM spokesperson"
"Published: May 20, 2022 07:15 PM",State Council appoints John Lee as Hong Kong chief executive
"Published: May 20, 2022 08:51 PM","Biden on mission to corner China visits Samsung on first leg of Asia trip, to be met with protests against ‘destroyer of world peace’"
"Published: May 20, 2022 08:54 PM","Broad consensus reached in BRICS meeting, offering pro-development stability amid US-led bloc politics"
"Published: May 20, 2022 10:03 PM",No expectation from China on Aussie election; whoever wins will stay in ‘shadow of US’
"Published: May 20, 2022 10:27 PM",Large-scale monkeypox cases in China unlikely: expert
"Published: May 21, 2022 12:05 AM","Tsai greets 6th year in office with disastrous COVID fiasco, sinking approval rate"
"Published: May 21, 2022 12:10 AM","BRICS urged to act as promoters of intl cooperation, global security and human progress at video forum "
"Published: May 21, 2022 01:31 AM","China prudently preparing for college, middle school entrance exams"
"Published: May 21, 2022 03:21 PM Updated: May 21, 2022 03:10 PM","BRICS will welcome new members, to better represent voices of emerging market economies: experts"
"Published: May 21, 2022 07:52 PM","Shopping malls suspended, work-from-home order imposed … Beijing further escalates restriction as COVID situation remains uncertain"
"Published: May 21, 2022 09:41 PM",Observe One-China principle: FM comments on Taiwan authorities’ failure to be invited to WHA
"Published: May 22, 2022 12:56 AM","Nearly 5,000 residents in Beijing’s Chaoyang district transferred for 7-day centralized quarantine"
"Published: May 22, 2022 01:42 PM","‘We miss you so much,’ Chinese people commemorate Yuan Longping, who helped save millions from hunger"
"Published: May 22, 2022 07:32 PM","Nuclear expert reaffirms harm of dumping nuclear-contaminated water into ocean, calls on Japan to stop pressuring opposition voices"
"Published: May 22, 2022 08:28 PM",China reports first case of 'more contagious' Omicron BA.4 variant infection
"Published: May 22, 2022 09:09 PM",Quad summit tests new Aussie PM’s political wisdom
"Published: May 22, 2022 09:02 PM","US, South Korea boost military cooperation, intensifying peninsula crisis "
"Published: May 22, 2022 10:56 PM","US uses sales of second-hand arms as bait to expand influence, but irresponsible transfers risk empowering terrorists, criminals"
"Published: May 22, 2022 11:16 PM","Universities are focus of COVID-19 prevention, control efforts in Beijing "
"Published: May 22, 2022 11:54 PM",Biden starts Japan visit to tout economic plan amid doubts
"Published: May 22, 2022 11:39 PM",US sanctions on Xinjiang have made Americans pay the bill: scholars
"Published: May 22, 2022 11:45 PM","Chinese, Pakistani FMs agree to launch ‘enhanced plan’ to safeguard security of Chinese in Pakistan"
"Published: May 23, 2022 12:27 AM","COVID-19 controls, reduced intl travel minimize China’s monkeypox risks: expert"
"Published: May 23, 2022 02:22 AM",Bright spots in epidemic control measures show positive and innovative attitude of Chinese people facing COVID-19 challenge
"Published: May 23, 2022 04:18 PM Updated: May 23, 2022 04:01 PM","India expected to maintain autonomy at upcoming Quad summit, still cautious about IPEF despite being initial signatory: analysts "
"Published: May 23, 2022 07:23 PM",China’s new-type armored recovery vehicle makes debut in plateau drills
"Published: May 23, 2022 07:28 PM","PLA Navy's Liaoning carrier group returns from West Pacific after 'longest, most sortie-intensive' exercise"
"Published: May 23, 2022 07:42 PM",China’s first aerosolized COVID-19 vaccine proven safe and effective as a booster shot after 2-dose priming with inactivated vaccines: study on Lancet
"Published: May 23, 2022 08:02 PM Updated: May 23, 2022 07:53 PM","Individual tourism abroad not encouraged, but people of special needs will certainly be given support, says China’s immigration authority"
"Published: May 23, 2022 08:38 PM Updated: May 23, 2022 08:36 PM","Pacific is venue of intl cooperation, not anyone’s backyard: Chinese Ambassador to Solomon Islands"
"Published: May 23, 2022 08:56 PM",WHA rejects Taiwan’s bid for 6th consecutive year as political tricks to challenge one-China principle are doomed to failure
"Published: May 23, 2022 09:25 PM",US should remember its commitment to one-China principle: Chinese FM
"Published: May 23, 2022 09:41 PM","China prepares test kits against monkeypox, can develop 'vaccine within a year' if needed"
"Published: May 23, 2022 10:17 PM",Beijing's fight against Omicron still at a stalemate as city sees record number of new cases
"Published: May 23, 2022 10:44 PM",Biden’s remarks on ‘intervening militarily’ in Taiwan question not gaffe but signals hollowing out one-China policy
"Published: May 23, 2022 11:19 PM","Ukraine tops Davos agenda as supporting Kiev becomes new ‘political correctness’ in West, but ‘divergences widen’"
"Published: May 23, 2022 11:20 PM","Beijing moves over 1,800 residents to Winter Olympics host city Zhangjiakou for quarantine amid outbreak of COVID-19"
"Published: May 23, 2022 11:44 PM","US may lack ‘ability to lead IPEF, reconcile interests’ with members"
"Published: May 24, 2022 12:14 AM","The Chinese Embassy in Japan firmly opposes Biden, Kishida's irresponsible remarks on China-related affairs during meeting"
"Published: May 24, 2022 01:10 AM",Preparing permanent support hospitals is not a signal of worsening epidemic: official
"Published: May 24, 2022 09:12 AM",Chinese delegation not applauding Zelensky in Davos? FM urges rumormonger US lawmaker to make correction
"Published: May 24, 2022 11:51 AM","China calls for end of geographical confrontation, technological decoupling in UN technology meeting"
"Published: May 24, 2022 11:56 AM Updated: May 24, 2022 11:50 AM","Wang Yi meets with UN human rights chief in Guangzhou, asks for mutual understanding, clearing misinformation"
"Published: May 24, 2022 06:37 PM","China launches diplomatic activities to boost ties with South Pacific islands; ‘US, Australian containment strategy doomed to fail’"
"Published: May 24, 2022 06:29 PM","PLA increases warship activities in key straits near Japan amid provocative US, Japanese remarks"
"Published: May 24, 2022 08:08 PM","China, Russia hold joint aerial patrol for 4th consecutive year amid Biden’s Asia visit at Quad summit"
"Published: May 24, 2022 09:33 PM",Albanese’s diplomatic debut at Quad meeting signals Australian new leader ‘not out of shadow’ of Morrison
"Published: May 24, 2022 10:04 PM","Mainland universities first option for graduates in HK with 'attractive policies, job opportunities'"
"Published: May 24, 2022 10:40 PM",Quad mechanism sugarcoats statements to woo regional countries
"Published: May 24, 2022 11:05 PM","China, US climate envoys meet in Davos amid tensions, signals room for cooperation"
"Published: May 24, 2022 11:23 PM","China warns ‘irretrievable consequences’, ‘unbearable price’ amid US’ Taiwan remarks swings"
"Published: May 24, 2022 11:39 PM","US military-led insect project feared to be weaponized and risks global food security, especially in ‘rival countries’ near its bio-labs"
"Published: May 24, 2022 11:45 PM","Tedros reelected as WHO chief, urged to resist West pressure, probe US bio labs in second term"
"Published: May 24, 2022 11:32 PM",Chinese FM lodges solemn representations over Tokyo's erroneous remarks at the Japan-US meeting
"Published: May 25, 2022 12:07 AM",Beijing requires more frequent nucleic acid testing for people in high mobility positions
"Published: May 25, 2022 12:45 AM",UK politicians have no rights to make irresponsible remarks on China and UN: Chinese Embassy
"Published: May 25, 2022 01:25 AM","Update: 1died, 5 injured in explosion caused by gas leak in E China’s Jiangsu"
"Published: May 25, 2022 01:48 AM",Multiple officials in Beijing punished for negligence managing two cluster infections
"Published: May 25, 2022 02:28 AM","'We wish UN human rights chief can see a real Xinjiang and introduce it to the world,' says Xinjiang official"
"Published: May 25, 2022 12:54 PM","Xi stresses China's human rights progress, warns certain countries not to lecture others, politicize human rights issues in video meeting with Bachelet"
"Published: May 25, 2022 07:36 PM Updated: May 25, 2022 07:28 PM","People visiting public places, residential areas have legal obligation to show their health info in Shanghai"
"Published: May 25, 2022 07:55 PM",China urges US to take American people’s human rights seriously following Texas school shooting
"Published: May 25, 2022 09:17 PM","China to provide South Pacific countries ‘what US, Australia failed to offer’"
"Published: May 25, 2022 09:04 PM",PLA holds 2nd large-scale drills around Taiwan this month after Biden claims to 'defend' island
"Published: May 25, 2022 09:51 PM",Texas mass shooting exposes US system failure
"Published: May 25, 2022 09:58 PM","Consumerism, fierce competition and false advertising lead to a boom of influencer culture in China"
"Published: May 25, 2022 10:03 PM",Tensions escalate in Korean Peninsula as QUAD summit shakes Asian stability
"Published: May 25, 2022 10:47 PM","Chinese scientists to create 3D map of glaciers on Mount Qomolangma, share it globally"
"Published: May 25, 2022 10:54 PM",Over 62% of international students in China intend to stay for work : survey
"Published: May 25, 2022 11:11 PM",UN human rights chief called to see Xinjiang's devt objectively despite US pressure
"Published: May 25, 2022 11:49 PM",BRICS countries establish joint commission on space cooperation
"Published: May 26, 2022 12:02 AM","US urged to disclose more info, conduct deeper probe into mysterious hepatitis outbreak in children"
"Published: May 26, 2022 04:01 AM","Beijing sees decline in infections, epidemic situation ‘controllable’: authorities"
"Published: May 26, 2022 04:14 AM","Youth in China, Arab countries urged to increase friendship, cooperation"
