﻿"Published: Jan 22, 2020 09:15 PM Updated: Mar 10, 2022 09:20 AM",Real-time update on coronavirus outbreak
"Published: Mar 07, 2022 11:25 AM","Domestically transmitted COVID-19 infections surpass 500 Sunday in Chinese mainland, affecting 13 provinces"
"Published: Mar 07, 2022 03:17 PM",Chinese FM proposes six initiatives to avoid humanitarian crisis in Ukraine
"Published: Mar 07, 2022 03:26 PM","Xi Visits CPPCC Members in Sectors of Agriculture, Welfare and Social Security"
"Published: Mar 07, 2022 03:36 PM",Consolidate Sense of Community for the Chinese Nation to Jointly Build the Great Motherland and Create a Better Life
"Published: Mar 07, 2022 03:43 PM Updated: Mar 07, 2022 09:10 PM","China-Russia friendship 'rock-solid, free from interference by any third party,' says Chinese FM"
"Published: Mar 07, 2022 03:56 PM","US Indo-Pacific strategy is to establish Indo-Pacific version of NATO, doomed to fail: Chinese FM"
"Published: Mar 07, 2022 04:10 PM","The world recognizes China’s democracy, Chinese people have full confidence in their path: Chinese FM"
"Published: Mar 07, 2022 04:12 PM","Taiwan question and the Ukraine issue different in nature, not comparable at all: Chinese FM"
"Published: Mar 07, 2022 04:24 PM","China, India should be partners for mutual success, not adversaries of mutual attrition: Chinese FM"
"Published: Mar 07, 2022 04:51 PM","China to provide humanitarian aid to Ukraine, lays out six initiatives on Ukraine crisis"
"Published: Mar 07, 2022 04:56 PM",Top scientist suggests plan on traditional Chinese medicine development to avoid external blockade at two sessions
"Published: Mar 07, 2022 06:20 PM","Chinese lawmakers, advisors call for tougher measures against cyber violence"
"Published: Mar 07, 2022 06:41 PM",Xi attends meeting of military delegation at annual legislative session
"Published: Mar 07, 2022 07:02 PM",Xi extends condolences to Pakistani president over terrorist attack
"Published: Mar 07, 2022 07:50 PM",GT investigates: Evidence suggests US may have supported neo-Nazi Azov Battalion
"Published: Mar 07, 2022 07:54 PM",What people of color are experiencing in Ukraine fully exposes deep-rooted racism and white supremacy the West upholds: African-British critic
"Published: Mar 07, 2022 08:25 PM",Highlights from Chinese State Councilor and FM Wang Yi's Press Conference
"Published: Mar 07, 2022 08:43 PM",Chinese FM criticizes US for drawing small circles to contain China
"Published: Mar 07, 2022 09:28 PM",Central govt 'concerned about epidemic in HK'
"Published: Mar 07, 2022 09:34 PM","New carrier rocket, Moon and Mars missions… lawmakers reveal China's forthcoming space programs"
"Published: Mar 07, 2022 10:09 PM",Setting 'US standard for democracy' goes against democracy: Wang Yi to the Global Times
"Published: Mar 07, 2022 10:17 PM",China should be on alert over Australia’s future nuclear-submarine base: experts
"Published: Mar 07, 2022 11:03 PM",Has India surpassed China as world’s most populous country? Expert says not yet.
"Published: Mar 07, 2022 10:51 PM Updated: Mar 07, 2022 11:48 PM",FM showcases China's strategic composure amid complex global situation
"Published: Mar 07, 2022 11:28 PM",Vice Premier urges authorities at all levels to crack down on women trafficking
"Published: Mar 07, 2022 11:41 PM",China enters new stage of COVID battle amid 2-year high daily tally
"Published: Mar 08, 2022 12:00 AM",Jackie Chan's proposal for rural publicly-funded cinemas wins support from Chinese moviegoers
"Published: Mar 08, 2022 12:10 AM","International antiques trade center unveiled in Shanghai, promoting return of cultural relics"
"Published: Mar 08, 2022 12:29 AM","FM gives advice on China-Japan relations amid challenges, showing China treats neighbors primarily as partners"
"Published: Mar 08, 2022 01:09 AM",Chaos in entertainment industry raises concerns of political advisors
"Published: Mar 08, 2022 02:28 AM",Lawmaker calls for turning Xinjiang into green energy hub
"Published: Mar 08, 2022 10:40 AM Updated: Mar 08, 2022 11:40 PM",GT Exclusive: Various sources reveal US National Security Council released disinformation on Ukraine crisis to smear China
"Published: Mar 08, 2022 12:54 PM",HKSAR should uphold ‘dynamic zero’ policy to reduce severe cases and deaths as priority: top Chinese health expert
"Published: Mar 08, 2022 01:54 PM","China to carry out Phase-4 lunar probe missions before 2030, build permanent station by 2035: project chief designer and political advisor Wu Weiren"
"Published: Mar 08, 2022 03:02 PM",China to send the world's first state-level TCM medical team to Cambodia
"Published: Mar 08, 2022 03:26 PM",Two children in Beijing test positive for COVID-19; community put under closed-loop management
"Published: Mar 08, 2022 06:15 PM","Beijing reports 7 new local cases, upholds ‘dynamic zero-COVID’ policy to curb the virus’ spread"
"Published: Mar 08, 2022 06:25 PM",President Xi holds virtual summit with French and German leaders
"Published: Mar 08, 2022 08:04 PM","US urged to clarify biomilitary activities, accept multilateral inspections as Ukraine found to have 30 biolabs"
"Published: Mar 08, 2022 08:14 PM","Chinese legislator urges efficient use of PLA strategic airlift, installing logistics support devices at civil airports"
"Published: Mar 08, 2022 08:39 PM",Woman power in China lights up social media
"Published: Mar 08, 2022 08:37 PM","China's judicial authorities vow to bolster protection of women, children"
"Published: Mar 08, 2022 08:53 PM","Instead of reflecting on its own untold sins, Japan obsesses with accusing other countries of ‘human rights violations’"
"Published: Mar 08, 2022 08:53 PM",West's 'discourse traps'over Ukraine crisis at Chinese FM's press conference
"Published: Mar 08, 2022 09:32 PM",Two new Chinese carrier rockets to make maiden flight this year amid growing demand for commercial launches
"Published: Mar 08, 2022 10:01 PM",China vows legislation focus on tackling foreign interference
"Published: Mar 08, 2022 09:53 PM","HK legislators, political advisors propose strengthening patriotic education"
"Published: Mar 08, 2022 09:59 PM",Chinese political advisor calls for stricter rating measures for short video platforms
"Published: Mar 08, 2022 10:26 PM",Political advisor proposes increasing economic compensations for full-time housewives in case of divorce
"Published: Mar 08, 2022 10:30 PM",China 'prepared for' S.Korea power shift
"Published: Mar 08, 2022 10:56 PM Updated: Mar 09, 2022 01:22 AM","Xi's virtual summit with Macron, Scholz to encourage Europe-Russia direct talks over Ukraine"
"Published: Mar 08, 2022 11:13 PM",Chinese FM praises criticism of NATO by leader of Germany's AfD party as rational and penetrating
"Published: Mar 08, 2022 11:43 PM Updated: Mar 09, 2022 12:28 AM",Exclusive: All nationals out of danger zone: Chinese Embassy in Ukraine
"Published: Mar 09, 2022 12:46 AM",FC-31 stealth fighter spearheads display of cutting-edge Chinese equipment at Saudi Arabia's 1st World Defense Show
"Published: Mar 09, 2022 04:26 PM",China's red cross society to provide 5m yuan worth of humanitarian aid to Ukraine
"Published: Mar 09, 2022 04:51 PM","Lawmakers, political advisors call on enhancing supervision on e-commerce livestreaming"
"Published: Mar 09, 2022 05:37 PM",Indian netizens have sufficient reasons to explain why India doesn't stand with West against Russia
"Published: Mar 09, 2022 06:22 PM",Shenzhou spacecraft good to go for space tourism: says chief designer Zhou Jianping
"Published: Mar 09, 2022 06:26 PM",HK seeks medical teams from mainland to combat raging COVID-19
"Published: Mar 09, 2022 06:56 PM",Some 50 foreign students evacuated with the Chinese convoy from Sumy: Chinese Embassy in Ukraine
"Published: Mar 09, 2022 08:43 PM",Beijing reports 5 more cases including a baby; nation faces record daily infection tally
"Published: Mar 09, 2022 08:53 PM","Disseminating false news about China is US old trick of ""a thief crying 'Stop thief!'"" Chinese FM"
"Published: Mar 09, 2022 09:03 PM Updated: Mar 09, 2022 11:54 PM",Chinese nationals' evacuation in Ukraine complete! All safe: embassy
"Published: Mar 09, 2022 09:08 PM",Changchun starts first round of city-wide nucleic acid testing after finding 48 COVID-19 cases
"Published: Mar 09, 2022 09:27 PM","GT investigates: US politicians, Western media, Taiwan online trolls co-orchestrated disinformation campaign against Chinese mainland amid Russia-Ukraine conflict"
"Published: Mar 09, 2022 10:03 PM","China fully capable of jet engine development, narrowing technology gaps"
"Published: Mar 09, 2022 09:51 PM",China sends first batch of humanitarian aid to Ukraine
"Published: Mar 09, 2022 10:05 PM",China welcomes UN human rights chief's visit to Xinjiang but rejects political tactics: FM
"Published: Mar 09, 2022 10:34 PM",Chinese satellite detects global gravity field data
"Published: Mar 09, 2022 11:06 PM","COVID cases in China surge to recent high, but 'won't spread widely' thanks to immunization barrier"
"Published: Mar 09, 2022 10:55 PM",PLA Navy reveals commissioning of two new Type 052D destroyers
"Published: Mar 10, 2022 12:24 AM",2nd temporary hospital delivered by the central govt to support HKSAR fight against epidemic
"Published: Mar 10, 2022 01:07 AM","Number of packaging layers for mooncakes, zongzi to be restricted"
"Published: Mar 10, 2022 02:49 AM","Political advisor calls for salary system improvement to attract, retain talents working for disease control and prevention"
"Published: Mar 10, 2022 09:22 AM","Advisors mustn't be ambiguous in political stance, deviate from right direction: CPPCC chief"
"Published: Mar 10, 2022 11:17 AM","PLA will hit every Taiwan secessionist move, external interference: military spokesperson"
"Published: Mar 10, 2022 12:06 PM",Siberian tigers return to NE China thanks to improved ecological environment: CPPCC member
"Published: Mar 10, 2022 05:16 PM","Chinese lawmaker suggests monitoring system and market mechanism to protect wildlife in Qinling, Shaanxi"
"Published: Mar 10, 2022 07:44 PM","China congratulates Yoon Suk-yeol on election as S.Korean president, hopes for rationality in ties"
"Published: Mar 10, 2022 07:47 PM","China's 'reasonable, appropriate' defense budget boost contributes to natl security, world peace: military delegation deputy"
"Published: Mar 10, 2022 08:26 PM",GT exclusive: China-Nepal relations are founded on mutual trust: President of Nepal
"Published: Mar 10, 2022 08:49 PM Updated: Mar 10, 2022 11:00 PM","Deputies, advisors propose plans to enhance para-welfare"
"Published: Mar 10, 2022 09:14 PM",Lawmakers call for anti-employment discrimination law 
"Published: Mar 10, 2022 09:45 PM",US dismissal of concerns over biomilitary activities shows irresponsible attitude: Chinese FM
"Published: Mar 10, 2022 09:50 PM",Five world heritage sites in Beijing to have restoration work in 2022
"Published: Mar 10, 2022 10:23 PM","Australia's military buildup 'controlled by US,' risks nuclear contamination"
"Published: Mar 10, 2022 11:01 PM Updated: Mar 10, 2022 10:55 PM",China welcomes positive step of Russia-Ukraine ministers' talks toward goal of peace
"Published: Mar 10, 2022 10:54 PM","University Party secretary deposed after COVID-19 campus outbreak, sparks heated discussion"
"Published: Mar 10, 2022 11:26 PM",Taiwan report touts self-importance to embolden secessionists as US pawns
"Published: Mar 10, 2022 11:36 PM",Third shot may be turning point for efficacy of inactivated vaccines: researchers
"Published: Mar 11, 2022 12:36 AM",China sees spike of local silent COVID carriers amid new wave
"Published: Mar 11, 2022 01:02 AM","Chinese FM exchanges views on Ukraine issue with French, Italian counterparts"
"Published: Mar 11, 2022 01:24 AM",17 officials from E China's city punished for severe loopholes in daily epidemic prevention
"Published: Mar 11, 2022 09:09 AM",China's national legislature holds closing meeting of annual session
"Published: Mar 11, 2022 11:23 AM",Chinese President Xi Jinping sends congratulations to South Korean President-elect Yoon Suk-yeol
"Published: Mar 11, 2022 12:55 PM","Chinese mainland’s daily domestically transmitted COVID-19 infections exceed 1,000 for the first time since Wuhan outbreak"
"Published: Mar 11, 2022 01:17 PM","COVID-19, two years on"
"Published: Mar 11, 2022 01:45 PM","China upholds independent policy on Ukraine issue, develops ties with all sides to inject stability into the world: Premier Li"
"Published: Mar 11, 2022 03:13 PM",Door between China and US should not be shut again or pushed toward decoupling: Chinese Premier
"Published: Mar 11, 2022 03:56 PM","Chinese President Xi congratulates S.Korean President-elect Yoon, stressing joint efforts in deepening ties"
"Published: Mar 11, 2022 05:06 PM",Changchun in NE China under closed-loop management; conducts 3 rounds city-wide nucleic acid testing
"Published: Mar 11, 2022 05:29 PM","Premier Li aggrieved over women trafficking, vows criminal punishment and responsibility-seeking"
"Published: Mar 11, 2022 05:47 PM",China delivers first J-10CE fighter jets to Pakistan in a milestone move
"Published: Mar 11, 2022 07:19 PM","US-address attackers scapegoat Chinese computers to attack Russia, Ukraine: cybersecurity center"
"Published: Mar 11, 2022 07:52 PM Updated: Mar 11, 2022 10:58 PM","US urged to come clean on bio-military activities as outcry grows after its ‘confusing, contradictory’ responses"
"Published: Mar 11, 2022 08:41 PM",Economic numbers highlighted at Premier Li’s press conference
"Published: Mar 11, 2022 10:39 PM",China's top legislature approves way to choose HK NPC deputies 
"Published: Mar 12, 2022 12:58 AM",China introduces antigen testing amid rise in cases
"Published: Mar 12, 2022 10:19 AM",China's first batch of humanitarian aid arrives in Ukraine
