﻿"Published: Feb 22, 2022 05:40 PM",Burkina Faso’s makeshift gold mine blast kills 55
"Published: Feb 22, 2022 05:43 PM",Cubans protest in Havana as Costa Rica tightens visa requirements
"Published: Feb 22, 2022 05:49 PM",England scraps COVID-19 rules
"Published: Feb 22, 2022 05:51 PM",Colombia decriminalizes abortion up to 24 weeks
"Published: Feb 22, 2022 05:53 PM",Israeli probe finds police spied on citizen with controversial Pegasus phone malware
"Published: Feb 22, 2022 06:22 PM",Violence against migrants on rise in Europe
"Published: Feb 22, 2022 06:24 PM","Denmark and Spain oppose EU green label for gas, nuclear"
"Published: Feb 22, 2022 06:26 PM","Germany wants to keep fuel motor cars, but get rid of petrol"
"Published: Feb 22, 2022 11:13 PM",Canada's description of demonstrators as ‘threat to democracy’ a blatant double standard: Chinese FM
"Published: Feb 23, 2022 09:34 AM",Ukrainian president expects no conflict with Russia
"Published: Feb 23, 2022 09:36 AM",Germany suspends certification of Nord Stream 2 pipeline
"Published: Feb 23, 2022 09:37 AM",British PM announces sanctions against Russia over Ukraine
"Published: Feb 23, 2022 09:41 AM",NATO chief urges Russia to choose diplomacy in Ukraine crisis
"Published: Feb 23, 2022 09:42 AM","EU agrees Russia sanctions package, warns of further action"
"Published: Feb 23, 2022 09:48 AM",Russia's upper house approves use of military abroad
"Published: Feb 23, 2022 12:11 PM","US sanctions Russia after Putin sends troops to Lugansk, Donetsk"
"Published: Feb 23, 2022 05:18 PM",Move over ‘tech bro’
"Published: Feb 23, 2022 05:24 PM",3 convicted of hate crimes in Georgia
"Published: Feb 23, 2022 05:28 PM",18 civilians feared killed near Niger’s border with Mali
"Published: Feb 23, 2022 05:29 PM","India sends 2,500 tons of wheat to Afghanistan"
"Published: Feb 23, 2022 05:36 PM",US maternal mortality increases
"Published: Feb 23, 2022 05:38 PM",Police arrest Amsterdam Apple store siege suspect
"Published: Feb 23, 2022 05:40 PM",Israeli forces kill Palestinian teen in occupied West Bank: ministry
"Published: Feb 23, 2022 05:42 PM Updated: Feb 23, 2022 12:43 PM",UN chief vows to find peaceful solution to Ukraine's crisis
"Published: Feb 23, 2022 05:48 PM",UN warns of extreme wildfires
"Published: Feb 23, 2022 05:52 PM",Activists urge halt to research after whales wash up alive
"Published: Feb 23, 2022 05:57 PM",Energy sector methane emissions underreported: IEA global tracker
"Published: Feb 23, 2022 11:43 PM","Russia vows ""strong response"" to new US sanctions"
"Published: Feb 24, 2022 12:46 AM","Ukraine introduces special measures in regions bordering Russia, Belarus"
"Published: Feb 24, 2022 08:54 AM","Putin, Erdogan discuss Ukraine, security guarantees over phone"
"Published: Feb 24, 2022 08:57 AM",Ukraine imposes state of emergency over tensions with Russia
"Published: Feb 24, 2022 09:10 AM","UN, partners continue delivering aid to both sides of contact line in Ukraine"
"Published: Feb 24, 2022 11:19 AM","Putin authorizes ""special operation"" in Donbass: TASS"
"Published: Feb 24, 2022 11:26 AM",Putin says Russia's plans do not include occupation of Ukraine
"Published: Feb 24, 2022 11:38 AM",Putin Authorizes Special Operation in Donbass
"Published: Feb 24, 2022 11:42 AM","Russian Defence Minister, Foreign Ministry Spokeswoman Put on EU Sanction List"
"Published: Feb 24, 2022 01:06 PM",Russian ruble falls as much as 5.77% to record low of 86.1198 per dollar: Reuters
"Published: Feb 24, 2022 01:07 PM",Rocket attacks on military facilities throughout Ukraine begin
"Published: Feb 24, 2022 01:10 PM","Russia closes airspace on borders with Ukraine, Belarus"
"Published: Feb 24, 2022 01:24 PM",Moscow Stock Exchange says trading 'suspended': AFP
"Published: Feb 24, 2022 02:10 PM",Russia's defense ministry says Ukraine's air defense has been degraded: Tass
"Published: Feb 24, 2022 02:39 PM",Ukraine declares martial law following Russia's military operation
"Published: Feb 24, 2022 03:28 PM","Moscow Stock Exchange reopens, plunging almost 14 percent: AFP"
"Published: Feb 24, 2022 04:23 PM",UN chief asks Putin to bring troops back to Russia
"Published: Feb 24, 2022 04:40 PM",Lithuania declares state of emergency - Lithuanian President
"Published: Feb 24, 2022 05:18 PM",Worse is to come
"Published: Feb 24, 2022 05:25 PM","Germany says EU, NATO, G7 to launch 'massive sanctions' against Russia"
"Published: Feb 24, 2022 05:27 PM",Amsterdam hostage-taker dies
"Published: Feb 24, 2022 05:30 PM",Prince Harry sues major British news publisher
"Published: Feb 24, 2022 05:29 PM",Biden to discuss within G7 on Russia's military operation in Donbass
"Published: Feb 24, 2022 05:34 PM",UK pledges $216m to global vaccine drive for developing nations
"Published: Feb 24, 2022 05:37 PM",US truckers start convoy protest
"Published: Feb 24, 2022 05:39 PM",Israeli strike kills 3 Syrian soldiers near Damascus
"Published: Feb 24, 2022 05:40 PM",Ukraine severs diplomatic relations with Russia
"Published: Feb 24, 2022 05:42 PM",Mexican president rejects Washington ‘interfering’ over recent journalist murders
"Published: Feb 24, 2022 06:12 PM",US offshore wind bids break 1.5b mark
"Published: Feb 24, 2022 06:17 PM",Brazil storm death toll passes 200: authorities
"Published: Feb 24, 2022 06:20 PM",Australia’s gas and mining emissions higher than estimated: report
"Published: Feb 24, 2022 07:11 PM","NATO planning battle groups on eastern flank, Slovak minister says"
"Published: Feb 24, 2022 08:07 PM Updated: Feb 25, 2022 01:03 AM",Update: Chinese Embassy in Kiev prepares to bring back Chinese nationals amid escalating Ukraine-Russia crisis
"Published: Feb 24, 2022 08:12 PM",No 'plans' to send NATO troops to Ukraine: Stoltenberg
"Published: Feb 24, 2022 08:30 PM","Ukraine recalls its Russian charge d'affaires, evacuates embassy"
"Published: Feb 24, 2022 08:46 PM",Ukraine military plane with 14 aboard crashes near Kyiv: emergency service
"Published: Feb 24, 2022 09:41 PM","Czech Republic to shut two Russian consulates, recall ambassadors"
"Published: Feb 24, 2022 10:23 PM","Russia says destroys over 70 military targets, including 11 airfields, in Ukraine"
"Published: Feb 24, 2022 11:43 PM","US sending F-35s jets to Baltics, extends stay of its troops"
"Published: Feb 25, 2022 12:37 AM",Russia ‘ready to talk’ after militarily paralyzing Ukraine in hours
"Published: Feb 25, 2022 07:59 AM",Russian forces capture Chernobyl nuclear plant
"Published: Feb 25, 2022 08:01 AM","Biden announces additional sanctions against Russia, more troops to Europe, amid Ukraine crisis"
"Published: Feb 25, 2022 08:07 AM",Britain unveils new round of sanctions against Russia
"Published: Feb 25, 2022 08:10 AM","Kiev plunges into chaos as Russia launches ""special military operation"""
"Published: Feb 25, 2022 08:11 AM",Putin discusses Ukraine issue with state leaders
"Published: Feb 25, 2022 10:14 AM",Ukrainian President Volodymyr Zelensky says Ukraine 'left alone' to fight Russia
"Published: Feb 25, 2022 11:26 AM",Explosions heard in central Kiev: Interfax
"Published: Feb 25, 2022 12:08 PM Updated: Feb 25, 2022 06:39 AM","US aviation regulator expands no-fly zone to include Ukraine, Belarus, parts of Russia"
"Published: Feb 25, 2022 12:09 PM Updated: Feb 25, 2022 04:34 AM","IMF chief ""deeply concerned"" about Ukraine crisis"
"Published: Feb 25, 2022 05:02 PM",US Congress eyes 600 mln USD weapons assistance to Ukraine
"Published: Feb 25, 2022 05:05 PM","UNGA president calls on Russia, Ukraine to settle disputes through dialogue"
"Published: Feb 25, 2022 05:23 PM",Gunfire reported near government district in Kyiv: RIA/AP
"Published: Feb 25, 2022 05:29 PM",Russia bans UK-linked planes from its airspace
"Published: Feb 25, 2022 06:53 PM",Russia says will only talk to Ukraine once Ukraine's military lays down arms
"Published: Feb 25, 2022 07:11 PM",Russian forces disable 118 military facilities in Ukraine: defense ministry
"Published: Feb 25, 2022 08:21 PM",Zelensky says West slow helping Ukraine as he calls on Putin to sit down to talks
"Published: Feb 25, 2022 09:00 PM",Putin ready to send delegation for talks with Kiev: Kremlin
"Published: Feb 25, 2022 09:38 PM",Russian airborne forces land near Kiev
"Published: Feb 25, 2022 09:50 PM","EU agrees to freeze Putin, Lavrov assets over Ukraine"
"Published: Feb 26, 2022 01:36 AM",Russian forces blockade Kiev from west
"Published: Feb 26, 2022 07:52 AM",Ukraine shots down Russia's transport plane
"Published: Feb 26, 2022 07:53 AM",Canadian PM calls for Russia's removal from SWIFT payment system
"Published: Feb 26, 2022 07:54 AM",IAEA: Ukraine's nuclear power reactors running safely
"Published: Feb 26, 2022 07:55 AM",UN Security Council fails to adopt resolution on Ukraine
"Published: Feb 26, 2022 07:55 AM","US sanctions Putin, Lavrov over Russian military operation in Ukraine"
"Published: Feb 26, 2022 07:56 AM","4 civilians killed, 15 injured in shelling in Kiev region"
"Published: Feb 26, 2022 12:41 PM","Video showing a weeping father biding goodbye to departing daughter in east Ukraine, is viral with ‘doctored narrative’"
"Published: Feb 26, 2022 03:38 PM",Fighting takes place in Kiev near military unit
"Published: Feb 26, 2022 03:46 PM",Kyiv apartment block hit by missile: emergency services
"Published: Feb 26, 2022 04:19 PM",Russia strikes Ukrainian military facilities with cruise missiles
"Published: Feb 26, 2022 04:49 PM",Russia says its forces have taken full control of Ukraine's Melitopol
"Published: Feb 26, 2022 06:00 PM",Russian forces hit 821 Ukrainian military infrastructure objects: spokesman
"Published: Feb 26, 2022 06:06 PM","Zelensky says weapons, equipment from partners ""on the way to Ukraine"""
"Published: Feb 26, 2022 06:09 PM",Hungary offers capital as venue for Russia-Ukraine peace talks
"Published: Feb 26, 2022 07:05 PM","Zelensky has fled Kiev for Lvov, Russian State Duma speaker says"
"Published: Feb 26, 2022 07:47 PM","Exclusive: Satellite images of major airports, port, air force base display some changes"
