﻿"Published: May 30, 2022 04:59 PM",Saudi Arabia names senior diplomat as 1st climate envoy
"Published: May 30, 2022 05:04 PM",Hurricane Agatha strengthens en route toward southwest Mexico
"Published: May 30, 2022 05:13 PM",EU struggles over sanctions plan
"Published: May 30, 2022 05:18 PM",Sri Lankan police tear-gas students in fresh clashes
"Published: May 30, 2022 05:24 PM","Monkeypox presents moderate risk to public health at global level, WHO says"
"Published: May 30, 2022 06:25 PM",Bodies found in Nepal plane wreckage
"Published: May 30, 2022 06:28 PM","AU chairman ‘gravely concerned’ by tensions between Rwanda, DRC"
"Published: May 30, 2022 06:32 PM",Pakistan calls for UN ideals of peace to be advanced
"Published: May 30, 2022 06:35 PM",Regulatory malfeasance
"Published: May 31, 2022 07:49 AM","Putin, Erdogan discuss situation in Ukraine over phone"
"Published: May 31, 2022 07:50 AM","Ukrainian president, French FM discuss support for Ukraine"
"Published: May 31, 2022 07:50 AM",Russia's Gazprom to stop gas supply to Netherlands
"Published: May 31, 2022 07:51 AM","Zelensky, Erdogan agree on need to restore peace in Ukraine"
"Published: May 31, 2022 04:42 PM",Lessons from around the world
"Published: May 31, 2022 04:51 PM",Big tobacco’s impact ‘devastating’: WHO
"Published: May 31, 2022 04:58 PM",Frenchman beats high-wire record at Mont Saint-Michel
"Published: May 31, 2022 04:56 PM",S.Africa committed to black economic empowerment
"Published: May 31, 2022 04:58 PM",Senegal arrests three over babies’ deaths in hospital blaze
"Published: May 31, 2022 05:04 PM","Zelensky, Erdogan agree on need to restore peace"
"Published: May 31, 2022 05:07 PM","Turkey tells US it wants ‘concrete steps’ from Finland, Sweden"
"Published: May 31, 2022 05:12 PM",The Bahamas says US must do more to control weapons smuggling
"Published: May 31, 2022 05:26 PM",All 22 passengers’ bodies recovered from Nepal plane
"Published: May 31, 2022 05:28 PM",Cambodia calls for strengthening ASEAN’s solidarity
"Published: May 31, 2022 05:45 PM",Funerals begin as nation mourns shooting
"Published: May 31, 2022 05:49 PM",‘Not just a coincidence’
"Published: May 31, 2022 06:00 PM",Canada moves to ban handguns
"Published: May 31, 2022 06:02 PM",Famine scare after Horn of Africa drought
"Published: May 31, 2022 06:06 PM",Mexican president’s ‘Mayan Train’ multi-billion-dollar project dealt new legal blow
"Published: May 31, 2022 06:11 PM",Monkeypox pandemic unlikely
"Published: May 31, 2022 06:13 PM",Pre-COVID-19 time returns to New York for Memorial Day
"Published: May 31, 2022 06:16 PM","Germany hands over looted artifacts to Namibia, but on loan basis"
"Published: Jun 01, 2022 02:05 AM","Survey shows most Americans believe US not a democracy, reflects 'discourse woven by elites far out of touch with people's feelings'"
"Published: Jun 01, 2022 08:07 AM","Russia to halt gas supplies to companies of Denmark, Germany"
"Published: Jun 01, 2022 08:07 AM","Ukrainian, Slovak presidents discuss defense support"
"Published: Jun 01, 2022 04:29 PM Updated: Jun 01, 2022 04:23 PM",Iran urges Greece to cooperate over seized ships without involving US
"Published: Jun 01, 2022 04:53 PM Updated: Jun 01, 2022 04:47 PM","Biden, Fed chair talk US inflation"
"Published: Jun 01, 2022 04:57 PM Updated: Jun 01, 2022 04:54 PM",Singapore’s de-facto national dish affected by export ban
"Published: Jun 02, 2022 01:47 AM",US to send medium-range rocket systems to Ukraine
"Published: Jun 02, 2022 01:50 AM",Russian strategic missile forces hold drills
"Published: Jun 02, 2022 01:51 AM","US ""adds fuel to fire"" by supplying weapons to Ukraine: Kremlin"
"Published: Jun 02, 2022 08:01 AM",Russian forces seize part of key city in eastern Ukraine
"Published: Jun 02, 2022 08:02 AM","Ukraine, Poland agree on joint projects in defense, energy, regional development"
"Published: Jun 03, 2022 09:59 AM",Dublin hosts Ireland's 1st offline gardening festival since COVID-19 pandemic
"Published: Jun 05, 2022 05:02 PM",Hot days and more crime
"Published: Jun 05, 2022 05:07 PM",British Monarch ‘continues to make history’
"Published: Jun 05, 2022 05:11 PM","Oman and Iran ink deals on oil field, gas pipelines: official"
"Published: Jun 05, 2022 05:14 PM","Biden delays possible trip to Saudi Arabia, Israel: media"
"Published: Jun 05, 2022 05:30 PM",Somalia at increased risk of famine
"Published: Jun 05, 2022 05:33 PM",First foreign hajj pilgrims of pandemic arrive in Saudi
"Published: Jun 05, 2022 05:36 PM",Greece evacuates residents of Athens suburb due to wildfire threat
"Published: Jun 05, 2022 05:45 PM",34 dead in Bangladesh depot fire
"Published: Jun 05, 2022 05:47 PM",Commune elections kick off in Cambodia
"Published: Jun 05, 2022 05:50 PM","AU concerned over worsening security, humanitarian situations in Sahel region"
"Published: Jun 06, 2022 08:22 AM",Russia says tanks supplied by Eastern European countries destroyed near Kiev
"Published: Jun 06, 2022 04:35 PM","Cash couch: US woman finds $36,000 stuffed in free sofa"
"Published: Jun 06, 2022 04:47 PM",780 monkeypox outbreak cases: WHO
"Published: Jun 06, 2022 04:52 PM",Residents return home as Athens controls blaze
"Published: Jun 06, 2022 04:55 PM",Philippines raises alert level for Bulusan volcano
"Published: Jun 06, 2022 05:49 PM",Fruitful gains
"Published: Jun 06, 2022 05:56 PM",Elizabeth II ‘humbled’ by crowds
"Published: Jun 06, 2022 05:59 PM",Bangladeshi depot accused over giant blast with 49 dead
"Published: Jun 06, 2022 06:01 PM",At least 50 killed in massacre at Catholic church in southwest Nigeria
"Published: Jun 06, 2022 06:09 PM",5 killed in latest US gun attacks
"Published: Jun 06, 2022 06:12 PM","Yemen govt, Houthi rebels begin new talks on Taiz"
"Published: Jun 06, 2022 06:15 PM",Senior Indian official suspended after Gulf states condemn ‘Islamophobic’ remarks
"Published: Jun 07, 2022 01:00 AM","‘No longer US’ backyard,’ Latin America sends united message"
"Published: Jun 07, 2022 07:10 AM","UK's Johnson wins no-confidence vote, saves premiership"
"Published: Jun 07, 2022 07:14 AM",Russia bans more Americans from entry
"Published: Jun 07, 2022 07:15 AM","Ukraine, Moldova agree to facilitate border crossing"
"Published: Jun 07, 2022 04:34 PM",Boris Johnson scrapes no-confidence win
"Published: Jun 07, 2022 04:41 PM",Sudanese protesters blockade roads to crucial Red Sea port
"Published: Jun 07, 2022 04:45 PM",Dominican Republic minister shot dead in office
"Published: Jun 07, 2022 04:52 PM",Climate change still a priority: UN
"Published: Jun 07, 2022 05:03 PM",Outrage over Polish govt ‘register of pregnancies’
"Published: Jun 07, 2022 05:05 PM",Australians suffer mental health effects of COVID-19: university survey
"Published: Jun 07, 2022 05:09 PM","‘Just straw, no seeds’"
"Published: Jun 07, 2022 05:37 PM",Mexico leader to skip US summit
"Published: Jun 07, 2022 05:48 PM",Global tourist arrivals triple in first quarter; Europe leads
"Published: Jun 07, 2022 05:52 PM",Israel govt loses key vote to uphold laws in West bank in setback for coalition
"Published: Jun 08, 2022 08:15 AM",Ukraine says in talks with UN over humanitarian corridor for food exports
"Published: Jun 08, 2022 04:40 PM",Source of life found in asteroid samples collected by Japan’s space probe
"Published: Jun 08, 2022 05:06 PM",US experts recommend Novavax vaccine
"Published: Jun 08, 2022 05:17 PM",Health workers in France protest over pay ahead of polls
"Published: Jun 08, 2022 05:21 PM","Fears mount for UK journalist, Indigenous expert"
"Published: Jun 08, 2022 05:28 PM",UN calls for Somalia drought relief
"Published: Jun 08, 2022 05:35 PM",Belgian King Philippe lands in DR Congo for key visit
"Published: Jun 08, 2022 05:37 PM",Heavy fighting in West Sudan witnesses 27 killed in ethnic clashes
"Published: Jun 08, 2022 05:41 PM",US renewables ‘frenzy’ puts land conflicts on corporate radar
"Published: Jun 08, 2022 05:50 PM",Indian police arrest youth leader
"Published: Jun 08, 2022 05:52 PM",Turkey and Finland hold trade talks to promote ties
"Published: Jun 08, 2022 05:54 PM",Temporary gun violence memorial unveiled in DC in wake of Uvalde shooting
"Published: Jun 09, 2022 08:10 AM","Scholz, Zelensky discuss grain exports from Ukraine"
"Published: Jun 09, 2022 08:11 AM",German industrial production recovers after slump on Russia-Ukraine conflict
"Published: Jun 09, 2022 04:41 PM",UN chief warns of global chaos
"Published: Jun 09, 2022 04:44 PM",Venezuelans take to forums over exclusion from summit
"Published: Jun 09, 2022 04:48 PM",India tightens security after militants threaten attacks over anti-Muslim remarks
"Published: Jun 09, 2022 04:51 PM",Loss and damage
"Published: Jun 09, 2022 05:16 PM",Airline emissions must be slashed
"Published: Jun 09, 2022 05:20 PM",US to ban single-use plastics on public lands
"Published: Jun 09, 2022 05:23 PM","Brazil police arrest one in case of missing reporter, indigenous expert"
"Published: Jun 09, 2022 05:40 PM",Iran condemns ‘political’ IAEA resolution
"Published: Jun 09, 2022 05:50 PM",Afghan Taliban unveils reorganized police uniforms
"Published: Jun 09, 2022 05:53 PM",Sri Lanka hit by power cuts after key union goes on strike
