﻿"Published: Mar 03, 2022 05:36 PM",2nd round of Russia-Ukraine talks will be held on Thursday: Lavrov
"Published: Mar 03, 2022 05:50 PM",Japan to freeze assets of 4 more Russian banks in line with moves by EU
"Published: Mar 03, 2022 06:13 PM",COVID-19’s mental health toll dire: WHO
"Published: Mar 03, 2022 06:17 PM",Bolsonaro calls for mining in Amazon amid Ukraine crisis
"Published: Mar 03, 2022 06:34 PM",Duterte clears path for nuclear power in Philippine energy mix
"Published: Mar 03, 2022 07:09 PM",US begins trials for Jan 6 Capitol riots
"Published: Mar 03, 2022 07:11 PM",S.Korea presidential candidate supports conservative nominee
"Published: Mar 03, 2022 07:18 PM",Canada-NZ police arrest 47 for child pornography
"Published: Mar 03, 2022 07:31 PM",Finnish president stresses need to keep calm amid Ukraine-Russia conflict
"Published: Mar 03, 2022 07:40 PM",Macron held new 90-minute call with Putin: Elysee
"Published: Mar 03, 2022 07:51 PM",Russia halts rocket engine deliveries to US
"Published: Mar 03, 2022 08:17 PM",Ukraine delegation headed to conflict talks with Russia: Kiev
"Published: Mar 03, 2022 09:35 PM Updated: Mar 03, 2022 09:29 PM",Russia captures building of Ukraine's Kherson regional administration
"Published: Mar 03, 2022 09:43 PM Updated: Mar 03, 2022 09:31 PM",Mechanism set in motion on Ukraine's EU accession: EC president
"Published: Mar 03, 2022 09:59 PM Updated: Mar 03, 2022 09:39 PM",Ukrainian delegation leaves for talks with Russia
"Published: Mar 03, 2022 10:04 PM",Ukrainian delegation arrives for 2nd round of talks with Russia -- Sputnik
"Published: Mar 03, 2022 10:32 PM",Chinese envoy says IAEA's resolution on Ukraine undermines agency's independence
"Published: Mar 03, 2022 10:59 PM",Second round of Russia-Ukraine talks starts: Belta
"Published: Mar 03, 2022 11:20 PM","Blinken's visit will not ease tension, but destroy basis of Ukraine-Russia dialogue"
"Published: Mar 04, 2022 07:06 AM",Russian operation in Ukraine goes as planned: Putin
"Published: Mar 04, 2022 07:07 AM","Russia, Ukraine end second round of talks, agree to organize humanitarian corridors"
"Published: Mar 04, 2022 09:01 AM","Zaporizhzhia nuclear power plant in southeastern Ukraine is on fire, said city mayor"
"Published: Mar 04, 2022 10:18 AM",IAEA: Ukraine says 'no change' in radiation levels at nuclear plant
"Published: Mar 04, 2022 03:23 PM",Zaporizhzhia nuclear power plant seized by Russian military
"Published: Mar 04, 2022 04:08 PM",China highly concerned about the security of nuclear facilities in Ukraine  
"Published: Mar 04, 2022 04:40 PM","Indian netizens swarm to Twitter to support Russia; even more around the world criticize West, US hypocrisy"
"Published: Mar 04, 2022 07:01 PM","US, Russia establish military hotline to prevent miscalculation"
"Published: Mar 04, 2022 09:20 PM","Zelensky left Ukraine for Poland, Russian State Duma speaker says: Sputnik"
"Published: Mar 04, 2022 10:48 PM",Ukraine plans third round of Russia talks this weekend
"Published: Mar 05, 2022 12:22 AM","Ukrainian parliament says President Zelensky remains in Kiev, after reports earlier he'd left to Poland: RT"
"Published: Mar 05, 2022 08:15 AM",Over 1 mln Ukrainians evacuated via state railway since fighting started
"Published: Mar 05, 2022 08:16 AM",Putin says open to dialogue with Ukraine
"Published: Mar 05, 2022 02:47 PM",Russia declares ceasefire in Ukraine for civilians evacuation: defense ministry
"Published: Mar 05, 2022 09:21 PM","Russia hits 2,037 Ukrainian military infrastructure objects: spokesman"
"Published: Mar 06, 2022 11:21 AM",Any countries imposing no-fly zone over Ukraine party to conflict: Putin
"Published: Mar 06, 2022 12:00 PM","Visa, Mastercard suspend operations in Russia"
"Published: Mar 06, 2022 05:18 PM",Your money or your life? 
"Published: Mar 06, 2022 05:23 PM",New species reveal Myanmar’s biodiversity
"Published: Mar 06, 2022 05:26 PM",Chile creates national park to conserve Andes glaciers
"Published: Mar 06, 2022 05:29 PM","Wildfires grow in US state Florida, force evacuation of 600 homes"
"Published: Mar 06, 2022 05:47 PM",Plan clears way for possible nuclear deal
"Published: Mar 06, 2022 05:49 PM","Turkey says Erdogan, Israel’s Herzog to discuss bilateral ties"
"Published: Mar 06, 2022 05:53 PM",Yemen’s Houthis accept UN proposal to avert oil spill
"Published: Mar 06, 2022 06:12 PM",Sydney expects more rain as death toll from floods rises
"Published: Mar 06, 2022 06:14 PM","UN chief voices concern over polarization in Libya, urges dialogue"
"Published: Mar 06, 2022 06:38 PM","Trucks, RVs, cars gather in DC"
"Published: Mar 06, 2022 10:30 PM Updated: Mar 06, 2022 08:19 PM",Ukraine starts evacuating civilians from Mariupol
"Published: Mar 06, 2022 10:28 PM","Erdogan, Putin discuss Ukraine crisis over phone"
"Published: Mar 07, 2022 05:42 PM",Bus attack kills 15 Syrian soldiers
"Published: Mar 07, 2022 05:44 PM","Putin, Macron hold phone discussion on Ukraine issue"
"Published: Mar 07, 2022 05:46 PM","1 dead, 23 wounded in grenade assault in Indian-controlled Kashmir"
"Published: Mar 07, 2022 05:50 PM",South Korea experiences voting problems
"Published: Mar 07, 2022 05:52 PM",Thousands of women march in El Salvador to demand abortion rights
"Published: Mar 07, 2022 05:55 PM",Two foreign MSF workers kidnapped in Yemen
"Published: Mar 07, 2022 06:02 PM",Demonstrators target US capital
"Published: Mar 07, 2022 06:05 PM",Ghana marks 65 years of independence from Britain
"Published: Mar 07, 2022 06:08 PM",African campaigners urge for people-centered investments to hasten green transition
"Published: Mar 07, 2022 06:12 PM",Learn or get left behind
"Published: Mar 07, 2022 06:14 PM",Global COVID-19 deaths surpass 6 mln -- Johns Hopkins University
"Published: Mar 07, 2022 07:27 PM Updated: Mar 07, 2022 07:02 PM","Russian forces announce ceasefire from 0700 GMT, Ukraine ready to discuss ""non-NATO models"""
"Published: Mar 07, 2022 07:50 PM",GT investigates: Evidence suggests US may have supported neo-Nazi Azov Battalion
"Published: Mar 07, 2022 07:54 PM",What people of color are experiencing in Ukraine fully exposes deep-rooted racism and white supremacy the West upholds: African-British critic
"Published: Mar 07, 2022 08:46 PM",Ukraine says nuclear plants operating stably
"Published: Mar 07, 2022 10:33 PM","Putin, EU leader discuss humanitarian issues in Ukraine over phone: Kremlin"
"Published: Mar 07, 2022 10:35 PM",Third round of Russia-Ukraine talks kicks off: Russian media
"Published: Mar 07, 2022 11:07 PM","Russian, Ukrainian FMs to meet in Turkey on Thursday: Turkish FM"
"Published: Mar 08, 2022 09:30 AM","Russia, Ukraine end 3rd round of peace talks with no significant results"
"Published: Mar 08, 2022 10:55 AM","US, UK on Russia's list of 'unfriendly' countries, regions"
"Published: Mar 08, 2022 04:45 PM",UK woman on 11-year mission to reproduce Bayeux Tapestry
"Published: Mar 08, 2022 04:40 PM",Faster and safer
"Published: Mar 08, 2022 05:11 PM",Elizabeth II greets PM Trudeau
"Published: Mar 08, 2022 05:13 PM",Group violence continues in South Sudan: UN official
"Published: Mar 08, 2022 05:18 PM","‘Tough 24 hours ahead’ as rains drench Sydney, forcing snap evacuations"
"Published: Mar 08, 2022 05:39 PM",No advances in Ukraine talks
"Published: Mar 08, 2022 05:42 PM",Airspace closures hit Asia routes most: IATA
"Published: Mar 08, 2022 05:45 PM",Guantanamo detainee called ‘20th Hijacker’ of 9/11 repatriated to Saudi Arabia
"Published: Mar 08, 2022 05:58 PM",US chemical recycling of plastic slammed
"Published: Mar 08, 2022 06:01 PM",Amazon nearing climate ‘tipping point’ faster than expected
"Published: Mar 08, 2022 06:04 PM",Aussie researcher warns of deadly risk of novel flu viruses
"Published: Mar 08, 2022 07:12 PM",Ukraine starts evacuating residents from Sumy
"Published: Mar 08, 2022 08:53 PM","Instead of reflecting on its own untold sins, Japan obsesses with accusing other countries of ‘human rights violations’"
"Published: Mar 09, 2022 12:18 AM","Zelensky says ready for dialogue with Russia on security guarantees, Donetsk, Lugansk"
"Published: Mar 09, 2022 12:19 AM","Russian, Turkish defense ministers discuss situation in Ukraine"
"Published: Mar 09, 2022 12:53 AM",US President Joe Biden says the US will ban all imports of Russian oil and gas.
"Published: Mar 09, 2022 10:01 AM",Biden announces imposition of energy embargo on Russia
"Published: Mar 09, 2022 06:23 PM",The disasters that never happened 
"Published: Mar 09, 2022 06:29 PM",PM to declare national emergency
"Published: Mar 09, 2022 06:36 PM",Scotland gives formal apology for ‘witchcraft’ executions
"Published: Mar 09, 2022 06:41 PM",First NASA photos from the moon go under the hammer in Denmark
"Published: Mar 09, 2022 06:49 PM",Omicron subvariant on the rise in US
"Published: Mar 09, 2022 06:51 PM",Labour Party suspends former British speaker: media
"Published: Mar 09, 2022 06:53 PM",German court authorizes surveillance of far-right AfD
"Published: Mar 09, 2022 07:01 PM",Sudan arrests opposition leader
"Published: Mar 09, 2022 07:04 PM",EU announces plan to slash Russian gas dependence
"Published: Mar 09, 2022 07:08 PM",UN rights official concerned over killings of people of African descent by US police
"Published: Mar 09, 2022 08:47 PM",Ukrainian FM says to discuss ceasefire with Russian counterpart
"Published: Mar 09, 2022 08:49 PM",Ukrainian president urges talks to end conflict with Russia
"Published: Mar 09, 2022 08:51 PM","Ukraine, Russia agree upon six humanitarian corridors for evacuation"
"Published: Mar 09, 2022 10:24 PM",Russia wants more talks with Ukraine: Kremlin
"Published: Mar 09, 2022 11:19 PM","Egyptian, Russian presidents hold phone talks over Ukraine situation"
"Published: Mar 09, 2022 11:21 PM",Ukraine says Chernobyl nuclear power plant disconnected from power grid
"Published: Mar 10, 2022 01:46 AM","US tries to refute 'rumors' about its bio-labs in Ukraine, but can we believe it?"
"Published: Mar 10, 2022 06:49 AM",Yoon Suk-yeol elected S.Korean president amid people's aspiration for transfer of power
