﻿"Published: May 14, 2022 12:43 PM Updated: May 16, 2022 08:20 PM",GT Investigates: US failure in epidemic control drives burnout among medics in two-year COVID battle
"Published: May 15, 2022 05:15 PM",Thousands attend abortion rally
"Published: May 15, 2022 05:20 PM","Stay away from Al-Aqsa, Palestine tells Israeli settlers"
"Published: May 15, 2022 05:33 PM",Scholz’s SDP party faces election test in key state of North Rhine-Westphalia
"Published: May 15, 2022 05:50 PM",Swiss vote on organ donation law
"Published: May 15, 2022 05:57 PM",Assembly in Chili rejects major mining rights overhaul
"Published: May 15, 2022 05:59 PM",Peru sues Spain’s Repsol for $4.5 billion over massive January oil spill
"Published: May 15, 2022 07:03 PM","India’s wheat ban to slightly push up prices, but impact on China limited: experts"
"Published: May 15, 2022 08:45 PM Updated: May 16, 2022 12:16 AM",US mass killing exposes dangerous trend of white supremacism
"Published: May 16, 2022 01:41 AM",Acute hepatitis in children of unknown cause may be associated with the super antigen of the Coronavirus: study
"Published: May 16, 2022 04:39 PM",One dead in US church shooting
"Published: May 16, 2022 04:41 PM",Scholz’s SPD facing heavy defeat in key German vote
"Published: May 16, 2022 04:51 PM",Ethiopian ex-peacekeepers from Tigray arrive in Sudan for asylum
"Published: May 16, 2022 04:53 PM",Pope declares 10 new Catholic saints
"Published: May 16, 2022 04:55 PM","Egypt has no wheat crisis, interest rate hike likely: PM"
"Published: May 16, 2022 04:57 PM",New Zealand seeks to promote electric car sales
"Published: May 16, 2022 05:41 PM",UAE’s MBZ meets world leaders
"Published: May 16, 2022 05:43 PM",Palestinians mark 74th anniversary of Nakba Day
"Published: May 16, 2022 05:45 PM",Indonesian president’s approval rating hits 6-year low as prices rise
"Published: May 16, 2022 06:45 PM",Unpredictable weather
"Published: May 16, 2022 10:01 PM","Sweden to apply to join NATO, says PM"
"Published: May 16, 2022 11:31 PM Updated: May 17, 2022 12:59 AM","Buffalo shooting shows ‘white supremacy, neo-Nazi ideology’ will further tear Western society apart"
"Published: May 17, 2022 02:26 AM",Neo-Nazi website influencing Buffalo shooter with .cn domain registered through proxy company and not under govt content review
"Published: May 17, 2022 07:51 AM","U.S. Treasury Secretary in Warsaw to discuss taxes, Ukraine issue"
"Published: May 17, 2022 07:52 AM","Ukrainian, EU officials discuss Ukraine's European integration aspirations"
"Published: May 17, 2022 07:52 AM","Putin says Russia would respond to expansion of NATO military infrastructure into Finland, Sweden"
"Published: May 17, 2022 06:45 PM",Extreme temperatures compound poverty in the hottest city of Pakistan
"Published: May 17, 2022 07:18 PM",Buffalo visit will highlight danger of right-wing extremism
"Published: May 17, 2022 07:29 PM",Mali junta says it thwarted coup attempt supported by Western state
"Published: May 17, 2022 07:31 PM",Taliban govt promises ‘good news’ on girls’ education
"Published: May 17, 2022 07:34 PM",Sri Lanka on edge
"Published: May 17, 2022 07:38 PM",US revises policy on Cuba
"Published: May 17, 2022 07:41 PM",Wheat prices in Europe hit record high due to Indian export ban
"Published: May 17, 2022 07:47 PM",Erdogan says no to Sweden’s NATO plans
"Published: May 17, 2022 07:50 PM",Bad air day
"Published: May 17, 2022 07:53 PM",Details to be released on Tuesday of how the plan will be carried out
"Published: May 17, 2022 07:54 PM",Lebanon Hezbollah bloc weakened in election results
"Published: May 17, 2022 07:56 PM",Australian PM touts fiscal discipline to woo voters
"Published: May 17, 2022 10:01 PM Updated: May 18, 2022 08:55 PM","‘Neo-Nazism’ poisons Ukraine, Europe under US, West’s connivance"
"Published: May 18, 2022 07:50 AM","Russia, Ukraine say their peace talks on hold"
"Published: May 18, 2022 07:51 AM",Ukraine says evacuation from Azovstal only way to save troops
"Published: May 18, 2022 07:53 AM","Ukrainian president holds phone talks with German, French leaders"
"Published: May 18, 2022 07:54 AM",Ukraine not to exchange territories for peace with Russia: negotiator
"Published: May 18, 2022 10:30 AM",How the US-Hosted Summit of the Americas May Deal a Humiliating Blow to Biden
"Published: May 18, 2022 04:09 PM Updated: May 18, 2022 04:06 PM",Nightmare on temple street: thieves return stolen Indian idols
"Published: May 18, 2022 05:15 PM",UN chief calls to rescue SDGs
"Published: May 18, 2022 05:18 PM",Japan nuclear regulator OKs Fukushima water release
"Published: May 18, 2022 05:27 PM",US eases some sanctions on Venezuela to ‘encourage dialogue with opponents’
"Published: May 18, 2022 05:32 PM",Move over
"Published: May 18, 2022 06:32 PM",Pollution major killer in 2019: study
"Published: May 18, 2022 06:46 PM",End of the line nears for NASA InSight Mars lander mission
"Published: May 18, 2022 06:48 PM",Prehistoric dolphin species discovered in Switzerland
"Published: May 18, 2022 07:17 PM",Hundreds in London protest Assange’s US extradition
"Published: May 18, 2022 07:21 PM",Mexico’s Guerrero state votes overwhelmingly to legalize abortions
"Published: May 18, 2022 07:48 PM",Uzbek president meets SCO head
"Published: May 19, 2022 07:37 AM",U.S. reopens embassy in Ukraine
"Published: May 19, 2022 05:12 PM",Never regret
"Published: May 19, 2022 05:14 PM",Turkey uneasy over NATO bid
"Published: May 19, 2022 05:22 PM",COVID-19 in Americas not going away soon: PAHO
"Published: May 19, 2022 05:24 PM","US sanctions on Iran ‘illegal’ and ‘devastating,’ says independent UN expert"
"Published: May 19, 2022 05:53 PM",Aussie leaders focus on undecided voters in final campaign push
"Published: May 19, 2022 05:56 PM",Thousands join Jewish pilgrimage year after stampede
"Published: May 19, 2022 06:12 PM",Nations urged to fight food insecurity 
"Published: May 19, 2022 06:49 PM",Paris climate goals not being met
"Published: May 19, 2022 06:53 PM",French towns sweat from record-high temperature
"Published: May 19, 2022 06:56 PM","Outbreaks of rare monkeypox disease detected in N.America, Europe"
"Published: May 20, 2022 12:34 AM Updated: May 20, 2022 12:48 AM",Voices grow stronger in US for China tariff cuts as inflation ‘singes US eyebrows’
"Published: May 20, 2022 08:05 AM","Russian, U.S. military chiefs discuss Ukraine over phone"
"Published: May 20, 2022 08:06 AM","UN chief urges reintegrating agricultural production of Russia, Ukraine into world markets"
"Published: May 20, 2022 11:59 PM",Russia's Pacific Fleet to receive new nuclear-powered submarines
"Published: May 21, 2022 11:19 AM",Ukraine gets 600-mln-euro financial aid from EU
"Published: May 21, 2022 11:20 AM",Demining in Ukraine to take 5-7 years: official
"Published: May 21, 2022 11:21 AM","Russian forces ""completely liberate"" Azovstal steel plant in Mariupol"
"Published: May 21, 2022 11:21 AM",Russia to strengthen Western flank in response to potential NATO expansion
"Published: May 21, 2022 11:22 AM",Canada bans targeted luxury goods trade with Russia
"Published: May 21, 2022 08:02 PM",Russia confirms halt of gas supply to Finland
"Published: May 21, 2022 11:16 PM",Russia publishes long list of Americans banned from entry
"Published: May 22, 2022 03:02 PM Updated: May 22, 2022 02:59 PM",Lingering bad blood: Le Drian says he is happy about Scott Morrison’s defeat
"Published: May 22, 2022 05:27 PM","Bangladesh, India hit by floods"
"Published: May 22, 2022 05:33 PM",Scientists in Mexico develop new means to clean up oil
"Published: May 22, 2022 05:35 PM",Jill Biden says US to increase funding to fight HIV/AIDS in Latin America
"Published: May 22, 2022 05:37 PM",Sleeping at a bus station
"Published: May 22, 2022 05:42 PM",Israeli forces kill Palestinian teenager
"Published: May 22, 2022 05:47 PM",Enraged mob riots rock N.Nigeria over blasphemy claim
"Published: May 22, 2022 05:50 PM",Tito’s 130th birthday celebrated at hometown
"Published: May 22, 2022 06:29 PM",Planning dilemmas
"Published: May 22, 2022 07:13 PM",US struggling to woo ASEAN
"Published: May 22, 2022 07:15 PM",Turkey urges Finland and Sweden to end terror support 
"Published: May 22, 2022 07:17 PM","Serbian, Hungarian presidents voice food security concerns at intl agricultural fair"
"Published: May 22, 2022 10:56 PM","US uses sales of second-hand arms as bait to expand influence, but irresponsible transfers risk empowering terrorists, criminals"
"Published: May 23, 2022 12:50 AM",Japanese anti-war groups protest against Quad meeting amid Biden's visit
"Published: May 23, 2022 05:25 PM Updated: May 23, 2022 05:21 PM",Writer of How To Murder Your Husband on trial for killing her husband
"Published: May 23, 2022 06:08 PM",7 killed in Philippine ferry fire
"Published: May 23, 2022 06:12 PM",Fresh floods in S.Africa force people to flee homes
"Published: May 23, 2022 06:14 PM",Ethiopia strives to accelerate biodiversity conservation for ‘Shared Future’
"Published: May 23, 2022 06:18 PM",No way to cool off
"Published: May 23, 2022 06:24 PM",EU-UK tensions surge over N.Ireland
"Published: May 23, 2022 06:25 PM","Armenia, Azerbaijan discuss ‘peace treaty’ over Nagorno-Karabakh"
"Published: May 23, 2022 06:29 PM",Palestinians condemn US terror group delisting
"Published: May 23, 2022 06:34 PM",WHA to keep focus on pandemic
"Published: May 23, 2022 06:36 PM",Shortage of medicine in Sri Lanka will ‘cause deaths’
"Published: May 23, 2022 06:38 PM",Biden warns of potentially ‘consequential’ impact of further monkeypox spread
"Published: May 24, 2022 07:23 AM",Russia successfully deals with sanctions: Putin
