﻿"Published: Jan 22, 2020 09:15 PM Updated: Aug 15, 2022 09:09 AM",Real-time update on coronavirus outbreak
"Published: Aug 12, 2022 11:14 PM","China sanctions Lithuanian deputy minister over Taiwan visit, first foreign official punished since Pelosi"
"Published: Aug 13, 2022 12:11 AM","‘Shortsighted’ Estonia and Latvia quit China-CEEC out of US pressure; not to affect mechanism with their marginal role

"
"Published: Aug 13, 2022 12:45 AM",Scholars outline conditions to be met for China’s peaceful reunification
"Published: Aug 13, 2022 01:08 AM",5 officials in SW China's Xizang removed for not fully implementing epidemic prevention measures
"Published: Aug 13, 2022 01:36 AM",DPP authorities urged to explain financial relationship after Pelosi’s son found to be among her delegation 
"Published: Aug 13, 2022 12:25 PM","Chinese embassy urges US to assume obligations, not to make excuses for own mistakes after remarks on China's decision of halting climate talks over Pelosi's Taiwan visit"
"Published: Aug 13, 2022 06:22 PM",China’s Shenzhou-14 crew to conduct their first spacewalk in near future
"Published: Aug 13, 2022 08:00 PM","Why summer 2022 is so hot both in China and globally? Experts point to La Nina, predict ‘roast mode’ to linger"
"Published: Aug 14, 2022 12:39 AM","Vice premier Sun Chunlan urges stopping community-level COVID-19 spread in Hainan, speed up arranging return trips for stranded travelers"
"Published: Aug 14, 2022 03:34 PM",SW China's Xizang removes 3 more officials due to ineffective anti-COVID work
"Published: Aug 14, 2022 04:30 PM Updated: Aug 14, 2022 04:27 PM","7 killed, 8 injured in flash floods in SW China's 'new Instagram-worthy' valley"
"Published: Aug 14, 2022 05:48 PM","Over 2,000 tourists still stranded in NW China's Xinjiang; circuit break mechanism initiated for trans-provincial tourism"
"Published: Aug 14, 2022 07:32 PM",People's voice: Whole-process people's democracy shows CPC's consistent philosophy of putting people first
"Published: Aug 14, 2022 07:41 PM","China, Thailand kick off air force drills, enhance mutual trust in safeguarding regional peace"
"Published: Aug 14, 2022 07:37 PM",China’s whole-process people’s democracy presents a new perspective on democracy in the world: expert
"Published: Aug 14, 2022 09:47 PM Updated: Aug 14, 2022 10:43 PM",China witnessing strongest heat wave in six decades; long-lasting high temperatures to become new normal in the future: meteorologists
"Published: Aug 14, 2022 10:02 PM Updated: Aug 14, 2022 10:45 PM",Trump's legal jeopardy could 'misguide US midterm elections' into partisan conflict rather than solving urgent economic problems
"Published: Aug 14, 2022 10:02 PM","Japan warned of returning to old path of militarism, after cabinet member visits infamous Yasukuni Shrine"
"Published: Aug 14, 2022 10:02 PM","Philippines, China resume railway talks: local media"
"Published: Aug 14, 2022 10:19 PM","Daily COVID-19 cases across 17 provincial-level regions surpass 2,000"
"Published: Aug 14, 2022 10:37 PM","India called on to honor one-China principle, as Chinese ambassador sees 'positive impetus' in ties"
"Published: Aug 14, 2022 10:38 PM","Shanghai to reopen kindergartens, primary and middle schools on Sep 1, with parents torn between joys and worries"
"Published: Aug 15, 2022 12:14 AM",Kissinger warns Biden administration against changing Taiwan status quo
"Published: Aug 15, 2022 12:13 AM",COVID-19-stricken Hainan in South China punishes 6 officials for dereliction of duty in fighting epidemic
"Published: Aug 15, 2022 12:46 AM",Sri Lanka gives clearance to deferred arrival of Chinese scientific research vessel: reports
"Published: Aug 15, 2022 01:23 AM","US keeps provoking tensions in Straits with lawmakers' sneaky visit, to face 'firm countermeasures'"
"Published: Aug 15, 2022 12:31 PM",Xi encourages 'Good Samaritans of China' to project positive energy for the good of society
"Published: Aug 15, 2022 12:32 PM",Full text of Xi Jinping's letter to grassroots heroes
"Published: Aug 15, 2022 02:18 PM",Xi replies to letter from grassroots heroes
"Published: Aug 15, 2022 02:40 PM",One year after US' withdrawal from Afghanistan
"Published: Aug 15, 2022 02:57 PM",PLA Eastern Theater Command organizes joint combat patrol and drills around Taiwan island on Monday
"Published: Aug 15, 2022 04:01 PM",Remember history
"Published: Aug 15, 2022 04:08 PM",Japanese aggression in numbers
"Published: Aug 15, 2022 05:52 PM Updated: Aug 15, 2022 08:49 PM",The PLA is to crush secessionist attempts for 'Taiwan independence' and external interference amid US lawmakers' sneaky visit: Defense Ministry
"Published: Aug 15, 2022 05:55 PM","Rivers in multiple Chinese provinces dry up due to persistent high temperatures, much less rainfalls"
"Published: Aug 15, 2022 08:56 PM Updated: Aug 15, 2022 11:00 PM",China resolutely responds to US' continuous provocations on Taiwan question
"Published: Aug 15, 2022 08:48 PM Updated: Aug 15, 2022 11:07 PM",Cambodian top military official reaffirms adhering to one-China principle amid Straits tensions
"Published: Aug 15, 2022 08:57 PM",Hainan extends 'static management' over fishing ports for a week
"Published: Aug 15, 2022 09:31 PM","Afghans experience better security under Taliban rule but challenges in economy, social governance remain"
"Published: Aug 15, 2022 09:41 PM",India expected to maintain 'strategic independence' on 75th independence day despite 'shared values' preached by Biden
"Published: Aug 15, 2022 10:11 PM Updated: Aug 16, 2022 11:45 AM","Japanese politicians' worship of Yasukuni Shrine angers neighboring countries; reflects Tokyo's right-leaning tendency, more twisted historical view"
"Published: Aug 15, 2022 10:44 PM Updated: Aug 15, 2022 10:40 PM",Exclusive: Chinese Embassy in Sri Lanka to launch welcoming ceremony for arrival of Chinese research vessel: source
"Published: Aug 15, 2022 10:52 PM Updated: Aug 15, 2022 10:59 PM",From blowing up Afghan land to snatching its assets – US still trapped in 'Kabul moment' one year after withdrawal
"Published: Aug 15, 2022 10:59 PM","Rivers in multiple provinces dry up due to high temperatures, less rain"
"Published: Aug 15, 2022 11:25 PM",China's home-produced Omicron-specific mRNA vaccine to start trials
"Published: Aug 15, 2022 11:30 PM",Detailed information of Japanese army's notorious chemical warfare unit made public in China for first time on 77th anniversary of Japan's WWII surrender
"Published: Aug 16, 2022 10:06 AM","Top office on Taiwan affairs announces sanctions on diehard separatists, adding more political figures into the list"
"Published: Aug 16, 2022 06:22 PM",E China's coastal city Xiamen to conduct mass COVID testing; virus detected as variant BA.2.76
"Published: Aug 16, 2022 06:41 PM","Xinjiang strives for smooth logistics, stable industrial chains in fight against COVID"
"Published: Aug 16, 2022 07:32 PM","PLA has never feared any enemy, has confidence, ability to defeat all intruders: Chinese defense chief"
"Published: Aug 16, 2022 08:11 PM Updated: Aug 16, 2022 07:53 PM","Top office expands list of diehard Taiwan separatists, announces punitive measures 'to make them feel the pain'"
"Published: Aug 16, 2022 07:52 PM",Local govts impose strict anti-COVID measures for fishermen as summer fishing ban ends
"Published: Aug 16, 2022 09:03 PM","Berlin fully joins Australia drills for 1st time, urged to resist US' anti-China game"
"Published: Aug 16, 2022 09:42 PM Updated: Aug 16, 2022 10:05 PM","Chinese defense minister stresses PLA's courage, capabilities to defeat intruders"
"Published: Aug 16, 2022 09:55 PM","'Without the Communist Party, there would be no new China' lyric reveals how China achieved tremendous achievement: Argentine Ambassador to China"
"Published: Aug 16, 2022 10:01 PM","China, Argentina see closer bond under BRI"
"Published: Aug 16, 2022 10:04 PM",17 Chinese govt departments issue guideline to boost population growth amid falling birth rate
"Published: Aug 16, 2022 10:31 PM Updated: Aug 16, 2022 10:10 PM",US falls into 'isolationist mentality' by pushing Inflation Reduction Act to curb China's new-energy rise
"Published: Aug 16, 2022 10:14 PM","China's research vessel Yuan Wang 5 docks at Sri Lankan port, dispels India's alienation of ties"
"Published: Aug 16, 2022 10:44 PM",Former CPC official given death sentence for taking $28.6 million in bribes
"Published: Aug 17, 2022 12:37 AM",Malaysia cannot decouple from China's economy; closer integration expected: Malaysian ​ambassador
"Published: Aug 17, 2022 01:24 AM",Shanghai police crack case involving fake Disney toys
"Published: Aug 17, 2022 10:14 AM",Xi inspects northeastern Chinese city of Jinzhou
"Published: Aug 17, 2022 11:29 AM Updated: Aug 17, 2022 11:24 AM","China is handling 'serious fallout' from Pelosi's visit, US should draw lessons from it: Chinese ambassador to US"
"Published: Aug 17, 2022 01:07 PM",Maritime authorities issue new warning for Yellow Sea military activity; PLA updates on recent live-fire drills
"Published: Aug 17, 2022 08:08 PM",China’s development in ethnic unity in past decade
"Published: Aug 17, 2022 08:31 PM",China vows to improve nursing services to encourage childbearing
"Published: Aug 17, 2022 08:44 PM","Japanese lawmakers' planned visit to Taiwan 'provocative,' could spark strong countermeasures: expert"
"Published: Aug 17, 2022 09:14 PM","Faster and fresher, a deliveryman's career shows transformation of China's modern life in a decade"
"Published: Aug 17, 2022 09:14 PM",China highly appreciates Putin’s criticism of Pelosi’s provocative Taiwan visit
"Published: Aug 17, 2022 09:26 PM","Persistent heat wave affecting China this year evaluated as the longest, strongest since 1961"
"Published: Aug 17, 2022 09:50 PM","China sternly warns US not to create a bigger crisis, vows to punish offenders: Chinese FM"
"Published: Aug 17, 2022 09:45 PM","Nearly 20% of children suffer from long COVID after infection, says HK pediatrician, highlighting vaccination urgency"
"Published: Aug 17, 2022 10:32 PM Updated: Aug 17, 2022 11:55 PM",Yangtze River basin faces severe drought after experiencing lowest rainfall for six decades
"Published: Aug 17, 2022 10:21 PM","CH-4 drone makes maiden flight with upgraded engine, longer endurance and heavier loads"
"Published: Aug 17, 2022 10:29 PM",US fleet commander's groundless accusation against PLA exercises rebutted; US urged to return to three joint communiqués
"Published: Aug 17, 2022 11:02 PM Updated: Aug 17, 2022 11:45 PM",China dials up mobilization push for regional economic powerhouses to rev up recovery
"Published: Aug 17, 2022 10:57 PM Updated: Aug 17, 2022 10:57 PM",'No obstacles' for ethnic minorities to learn their languages; so-called cultural genocide a deliberate smear: Chinese official
"Published: Aug 17, 2022 11:06 PM",Non-jury trial for national security case to ensure a fair trial: HK Department of Justice
"Published: Aug 17, 2022 11:44 PM","Yoon proposes aid-for-denuclearization plan with 'some good faith,' but US remains 'a major factor' of influence"
"Published: Aug 17, 2022 11:50 PM",Transcript of Ambassador Qin Gang's Interview with the US Mainstream Media
"Published: Aug 18, 2022 01:39 AM","China ready to work with Pakistan on CPEC in more fields, says Chinese FM in comment on GT's exclusive interview with Prime Minister Sharif"
"Published: Aug 18, 2022 02:31 AM",Cross-border telecom fraud cases sharply reduced in China
"Published: Aug 18, 2022 10:01 AM",Xi inspects northeastern Chinese city of Shenyang
"Published: Aug 18, 2022 12:38 PM","Dozens of anti-China figures including Benny Tai and Joshua Wong plead guilty, sending deterrent to secessionists"
"Published: Aug 18, 2022 01:30 PM Updated: Aug 18, 2022 09:30 PM",High-level emergency response to disaster initiated after flash flood in NW China kills 17
"Published: Aug 18, 2022 03:29 PM Updated: Aug 18, 2022 03:26 PM",Several Chinese universities delay fall semester amid COIVD-19 and high temperature
"Published: Aug 18, 2022 04:28 PM","Chinese envoy denies 'ban on S.Korean entertainment,' appreciates Seoul's sticking to one-China principle"
"Published: Aug 18, 2022 07:37 PM",Generation Z sprinkle sweat in China's rural revitalization; youth shine in remote corners
"Published: Aug 18, 2022 08:53 PM","Shanghai police arrests 42 suspects of economic crimes who fled overseas, recovers illegal gains of $20m this year"
"Published: Aug 18, 2022 08:58 PM",COVID resurgence spirals to highest in 3 months
"Published: Aug 18, 2022 09:22 PM","Taiwan question bears on basic trust, political foundation of ties, China tells Japan at high-level dialogue"
"Published: Aug 18, 2022 09:49 PM",China to join Vostok-2022 Russia with other countries; closer China-Russia ties 'crucial to defend global stability to counter US hegemony'
"Published: Aug 18, 2022 09:33 PM","Taiwan island's missile tests, US command aircraft's sortie 'no threat to PLA'"
"Published: Aug 18, 2022 10:29 PM","China releases plan on carbon emission innovations, shows determination to abide by climate commitment despite US interruptions"
"Published: Aug 18, 2022 10:57 PM Updated: Aug 18, 2022 10:59 PM",Wang Yi's attendance of follow-up meeting of FOCAC signals steady progress of ties
"Published: Aug 18, 2022 11:28 PM",South Korean envoy to China eyes cultural exchanges to nourish bilateral ties for another 30 years and beyond
"Published: Aug 18, 2022 11:34 PM","'Reply 1992': active, sincere communications see fruits along three decades"
"Published: Aug 19, 2022 12:46 AM",China’s poverty alleviation experience can help Afghanistan: ICRC special adviser 
"Published: Aug 19, 2022 12:03 PM","Update: Rescue work continuing after flash flood in NW China, with 23 killed, 8 missing"
"Published: Aug 19, 2022 04:58 PM",Mainland willing to help Taiwan compatriots stuck in overseas fraud gangs: Taiwan Affairs Office
"Published: Aug 19, 2022 09:43 PM","Joint meeting mechanism involving 26 departments on optimizing China’s birth policy established, after 17 departments issue guideline amid declining birth rate"
"Published: Aug 19, 2022 09:59 PM",Negative effects persist a year after US withdrawal from Afghanistan: Chinese FM
"Published: Aug 19, 2022 10:06 PM Updated: Aug 19, 2022 11:35 PM","US, Australia lead joint drills to flex muscles, upend regional stability amid tensions in Taiwan Straits"
"Published: Aug 19, 2022 10:14 PM","Indian FM wins recognition for using ‘Asian Century’ to call for strengthened ties with China, but border issue should not be an obstacle: expert"
"Published: Aug 19, 2022 10:51 PM","China’s necessary response to Lithuania’s erroneous acts on Taiwan question ‘legitimate, reasonable and lawful’: FM"
"Published: Aug 20, 2022 01:23 AM",Beijing reports 12 COVID-19 cases in 5 days
"Published: Aug 20, 2022 01:35 AM",China mounts full-fledged efforts to minimize impact of heat waves; economy to ‘grow within reasonable range’ despite dual pressure
"Published: Aug 20, 2022 02:08 AM",China successfully launches the fourth group of the Yaogan-35 family of remote sensing satellites
