﻿"Published: Mar 17, 2022 08:44 PM",What is the US hiding in the biolabs discovered in Ukraine?
"Published: Mar 31, 2022 11:22 PM","China hosts Russian, US officials at same table, urges Washington to return Afghan assets, lift sanctions"
"Published: Mar 31, 2022 11:08 PM Updated: Mar 31, 2022 11:28 PM","Shanghai in decisive battle against Omicron, admits being inadequately prepared for latest surge"
"Published: Apr 01, 2022 12:32 AM","Regional meeting on Afghanistan stresses 8 consensuses, pledges aid"
"Published: Apr 01, 2022 01:31 AM",5 million people join a joyful 'virtual disco dance' on the eve of Puxi's lockdown in Shanghai
"Published: Apr 01, 2022 02:07 AM","Management of outdoor sports strengthened; climbing mountains above 7,000 meters requires approval: sports authorities"
"Published: Apr 01, 2022 10:16 AM Updated: Apr 02, 2022 12:31 AM",Manifestation of China's tech prowess and green future – Xiong'an takes metropolis shape 5 years from 'blank sheet of paper'
"Published: Apr 01, 2022 01:35 PM","Chinese authorities slam misleading allegations on HK from UK, US "
"Published: Apr 01, 2022 02:38 PM",Xi Focus: Plant more trees to make the country's land greener
"Published: Apr 01, 2022 02:41 PM","Better for EU to manage unreasonable anticipation on China in talks, break from US' coercion: expert"
"Published: Apr 01, 2022 04:06 PM",S.China Sea collision martyr pilot Wang Wei hailed at 21st anniv
"Published: Apr 01, 2022 04:26 PM Updated: Apr 01, 2022 05:42 PM",Diplomatic recognition of Afghan govt to come naturally with stronger response to the concerns of all parties: Chinese FM Wang Yi
"Published: Apr 01, 2022 04:24 PM Updated: Apr 01, 2022 04:25 PM","China upholds dynamic-zero COVID strategy following 100,000+ domestically transmitted cases in a month"
"Published: Apr 01, 2022 04:40 PM","Shanghai's Puxi enters a 'pause,' mass nucleic acid screening conducted orderly"
"Published: Apr 01, 2022 05:36 PM",China-Solomon Islands security pact has no military connotation: Chinese FM
"Published: Apr 01, 2022 08:04 PM",Chinese President Xi Jinping meets with EU leaders via video link
"Published: Apr 01, 2022 08:29 PM",Xi urges EU to formulate independent understanding and policy toward China
"Published: Apr 02, 2022 12:15 AM","Xi calls on EU to form independent China policy, encourages bloc to take primary role for Ukraine resolution"
"Published: Apr 02, 2022 12:56 AM","China, EU should seek further cooperation, strengthen policy coordination: Premier Li"
"Published: Apr 02, 2022 11:09 AM",China to award 149 groups and 150 individuals for outstanding contributions to Beijing Winter Olympics
"Published: Apr 02, 2022 02:26 PM","2,086 +7,789! China's daily COVID-19 infections reach record high, with Shanghai most affected"
"Published: Apr 02, 2022 03:24 PM","China, EU share consensus, to jointly face global crisis as two major stabilizing forces: FM"
"Published: Apr 02, 2022 03:46 PM",Chinese Embassy in the US refutes attempt to use Ukraine issue to provoke confrontation across the Taiwan Straits
"Published: Apr 02, 2022 04:47 PM","‘Everything will be normal’ if Lithuania returns to the one-China principle, but there’s only one country that they would listen to: FM"
"Published: Apr 02, 2022 05:20 PM Updated: Apr 03, 2022 02:08 PM",ASEAN foreign ministers’ visit to China a continuation of longstanding ties and tradition to discuss hotspot issues: experts
"Published: Apr 02, 2022 06:36 PM",National teleconference on workplace safety held in Beijing
"Published: Apr 02, 2022 10:26 PM",Speculation over a Chinese military base in the Solomon Islands is fake news with a political agenda: Chinese embassy
"Published: Apr 03, 2022 10:18 AM","Vice-Premier Sun urges Shanghai to swiftly curb flare-up, stick to 'dynamic zero-COVID' policy"
"Published: Apr 03, 2022 11:45 AM Updated: Apr 03, 2022 11:48 AM","China reports record-high five-digit daily infections with Shanghai worst hit, new variant found in Suzhou"
"Published: Apr 03, 2022 12:51 PM",Shanghai to conduct citywide antigen and nucleic acid test successively to efficiently curb Omicron spread
"Published: Apr 03, 2022 02:04 PM","Most Russians optimistic about future, more united against external sanctions: experts"
"Published: Apr 03, 2022 04:15 PM","North China's Inner Mongolia reports plague among mice, issues level IV warning"
"Published: Apr 04, 2022 08:04 AM",Thousands of medical workers nationwide rushing to aid Shanghai in COVID-19 response
"Published: Apr 04, 2022 08:12 AM",Chinese FM holds talks with Philippine counterpart on bilateral ties
"Published: Apr 04, 2022 09:53 AM","China sends 2,000 military doctors, more medical workers to Shanghai to fight COVID flare-up, test 25 million residents"
"Published: Apr 04, 2022 10:58 AM",CanSinoBIO's COVID-19 mRNA vaccine receives approval for clinical trial application in China
"Published: Apr 04, 2022 12:13 PM",HK’s incumbent CE Carrie Lam says she won’t run for a second term
"Published: Apr 04, 2022 12:25 PM",COVID-19 cases in 3 regions in China linked to S.Korea clothing stores or clothes
"Published: Apr 04, 2022 05:59 PM","Over 38k medical workers deployed to aid Shanghai in Omicron battle, the highest number since Wuhan in early 2020"
"Published: Apr 04, 2022 06:24 PM",Beijing reports eight local COVID cases linked to S.Korean imported clothes store
"Published: Apr 04, 2022 07:22 PM Updated: Apr 04, 2022 10:22 PM",Shanghai completes city-wide COVID sampling for 25 million residents in toughest Omicron battle
"Published: Apr 05, 2022 12:14 AM",Shanghai builds on experience from Wuhan in toughest COVID-19 fight since 2020
"Published: Apr 05, 2022 12:30 AM","China hopes Ukraine as gate to Europe can lead to peace, China-Europe cooperation, Wang Yi says to Ukrainian FM in phone call"
"Published: Apr 05, 2022 08:25 AM","China, Hungary agree to enhance cooperation in various fields"
"Published: Apr 05, 2022 10:32 AM","Shanghai reports more than 13,000 new positive COVID-19 cases Monday, exceeding 10,000 for the first time"
"Published: Apr 05, 2022 11:40 AM",Chinese FM holds talks with Panamanian counterpart
"Published: Apr 05, 2022 01:26 PM",Beijing recommends caution in receiving goods from epidemic-rampant countries after 8 cases were linked to a S.Korean cloth store
"Published: Apr 05, 2022 02:26 PM","Shanghai registers largest-ever daily increase of COVID-19 cases, bringing total number of infections to 73,000"
"Published: Apr 05, 2022 02:43 PM",Shanghai COVID fight: 98% of infected cases being treated with TCM
"Published: Apr 05, 2022 06:02 PM",China’s new military helicopter with innovative design makes 1st flight
"Published: Apr 05, 2022 05:51 PM",Xi congratulates Aleksandar Vucic on reelection as Serbian President 
"Published: Apr 05, 2022 06:46 PM","Beijing warns of infection risks brought by imported goods, to start antigen self-testing"
"Published: Apr 05, 2022 07:38 PM",73rd anniv of NATO foundation a reminder of US long-term control of Europe’s security
"Published: Apr 05, 2022 08:33 PM","BeiDou-powered machinery performs with high efficiency in Xinjiang cotton sowing season, debunks forced labor accusations"
"Published: Apr 05, 2022 09:22 PM","Cold War schemer: Reminiscing in its past ‘victory,’ US brings color revolutions to 21st century to maintain its hegemony"
"Published: Apr 05, 2022 09:24 PM","More sanctions against Russia would further harm Europe, ‘keep crisis from ending’"
"Published: Apr 05, 2022 10:37 PM",Chinese pay tributes to martyrs in the country and abroad at Qingming Festival
"Published: Apr 05, 2022 11:02 PM","'Effective' mRNA vaccines approved for clinical trials, key to building immune barrier"
"Published: Apr 05, 2022 11:24 PM",PLA Air Force's JL-10 trainer jet drops 500kg bombs in training exercise for the first time
"Published: Apr 06, 2022 12:01 AM",Family-friendly COVID-19 ward launched in Shanghai provisional center allows parents to accompany infected children
"Published: Apr 06, 2022 12:15 AM","Shanghai explores more venues for makeshift hospitals, isolation"
"Published: Apr 06, 2022 12:20 AM",'Weep agent' for China's Qingming Festival becomes a new hot service offered on China's e-commerce platform
"Published: Apr 06, 2022 12:44 AM","Shenzhen asks residents to provide negative COVID-19 results taken within 72hrs when entering public places, transportation"
"Published: Apr 06, 2022 12:59 AM",Renewed US hype of 'China's nuclear expansion' filled with hegemonic intentions
"Published: Apr 06, 2022 01:10 AM",China builds its first pet care center for owners under COVID-19 quarantine
"Published: Apr 06, 2022 10:23 AM","Wang Yi calls on Canada to respect China's interests, avoid placing fresh obstacles on bilateral relations"
"Published: Apr 06, 2022 01:58 PM","Nearly 20,000 students and faculty members return to campuses in Jilin after taming COVID-19 outbreak "
"Published: Apr 06, 2022 02:43 PM",Shanghai improves care services for COVID-19-infected children; allowing parents to accompany
"Published: Apr 06, 2022 02:48 PM","Shanghai grappling with record 17,000 new infections, to conduct new round of mass testing"
"Published: Apr 06, 2022 04:05 PM",Beijing expects to eliminate heavy air pollution by 2025
"Published: Apr 06, 2022 04:10 PM",Kintor Pharma’s phase III trials data of oral medicine show reductions in hospitalization or mortality for patients with mild to moderate symptoms
"Published: Apr 06, 2022 04:57 PM",Value of China’s BeiDou Navigation Satellite System tops 400b yuan: official 
"Published: Apr 06, 2022 06:50 PM",Shanghai builds more makeshift hospitals to receive COVID-19 mild and asymptomatic carriers
"Published: Apr 06, 2022 07:39 PM",Beijing finds multiple COVID-19 transmission chains; Omicron subvariant detected in city
"Published: Apr 06, 2022 07:57 PM",9 provinces in China experience natural negative increase in population in 2021
"Published: Apr 06, 2022 08:08 PM","Xi to attend event commending role models of Beijing Olympic, Paralympic Winter Games"
"Published: Apr 06, 2022 09:01 PM","Total number of COVID-19 positive cases in NE China's Jilin likely to reach 120,000 by late May: expert"
"Published: Apr 06, 2022 09:27 PM","China urges restraint, probe of Bucha incident in Ukraine"
"Published: Apr 06, 2022 09:29 PM",China will unwaveringly adhere to dynamic zero-case policy
"Published: Apr 06, 2022 09:52 PM",6 people including former leader of CTU arrested by HK national security department
"Published: Apr 06, 2022 09:53 PM","AUKUS plans hypersonic weapons to confront China as US speeds up NATO, Asian allies' coordination"
"Published: Apr 06, 2022 10:34 PM",Vaccination still best way to reduce health risks from COVID-19: chief immunologist
"Published: Apr 06, 2022 10:57 PM","Biden admin’s 3rd arms deal to Taiwan won’t boost DPP’s security, only benefits arms dealers: expert"
"Published: Apr 06, 2022 10:52 PM","GT Investigates: Western media bad-mouths China’s food security amid Ukraine crisis, while blaming Chinese for global supply strain"
"Published: Apr 06, 2022 11:14 PM","5.1-magnitude quake hits Sichuan, no casualties reported"
"Published: Apr 06, 2022 11:20 PM",Abuse claims against a trafficked woman in NW China are false; 13 officials punished: police
"Published: Apr 06, 2022 11:38 PM",Shanghai police refutes claims of sale of temporary passes to leave sealed-off communities in the city
"Published: Apr 07, 2022 12:03 AM",Omicron fatality rate is still much higher than flu: experts
"Published: Apr 07, 2022 12:25 AM","Shanghai fights decisive battle against Omicron with swifter actions; nearby cities provide 60,000 beds for quarantine"
"Published: Apr 07, 2022 11:16 AM",CAAC vows to ensure an absolute safety after plane crash
"Published: Apr 07, 2022 01:43 PM",China launches new civilian remote sensing satellite with high-resolution imaging capability 
"Published: Apr 07, 2022 03:10 PM","China strongly opposes latest US arms sales to Taiwan island, vows to take powerful measures"
"Published: Apr 07, 2022 04:43 PM Updated: Apr 07, 2022 09:03 PM","Pelosi ‘tests positive, postpones Asia trip’ after China warns resolute, forceful measures over reported Taiwan visit"
"Published: Apr 07, 2022 05:41 PM","Shanghai assures supply of daily necessities to 25 million, vows to solve ‘last 100-meter’ problem"
"Published: Apr 07, 2022 06:49 PM",Changing negative impression toward China: What lesson have Indians learned from their own experiences
"Published: Apr 07, 2022 06:48 PM","23 CDC experts selected as the global top 100,000 scientists"
"Published: Apr 07, 2022 07:31 PM","Cluster infections reported in E China port city, 17 of 18 crew members of a fishing boat tested positive"
"Published: Apr 07, 2022 08:03 PM","5 people under investigation for deliberately concealing information, risking COVID-19 transmission"
"Published: Apr 07, 2022 08:22 PM","Two batches of imported clothes test positive for COVID-19 in Beijing, as 4 transmission chains found in 5 days"
"Published: Apr 07, 2022 09:03 PM",Virus-hit Jilin Province closer to dynamic-zero goal as Yanbian clears all lockdown communities
"Published: Apr 07, 2022 09:31 PM","National agro and reserve system, needs-based imports ensure food security for 1.4 billion"
"Published: Apr 07, 2022 09:45 PM","US, NATO seek united front with Asia-Pacific allies to isolate Russia, pressure China over Ukraine crisis"
"Published: Apr 07, 2022 09:54 PM","Shanghai vows to ensure daily supplies, solve delivery difficulties as local infections exceed 100k"
"Published: Apr 07, 2022 10:28 PM","China urges US to apologize, compensate Afghans for drug problems it inflicted on country"
"Published: Apr 07, 2022 10:16 PM",Exclusive: Next-generation circRNA COVID-19 vaccine prepares for clinical trials: Chinese scientist
"Published: Apr 07, 2022 11:11 PM",US shuns UN meeting on biological security to 'cover up guilt conscience'
"Published: Apr 07, 2022 11:26 PM",Shanghai officials dismissed for poor efforts in COVID-19 battle
"Published: Apr 08, 2022 01:55 AM","Resolution to suspend Russia from UN Human Rights Council not open or transparent, aggravates division among member states: Chinese envoy"
"Published: Apr 08, 2022 02:45 AM",COVID-devastated Shanghai could clean up cases in the community in as soon as 10 days: CDC chief epidemiologist
"Published: Apr 08, 2022 03:04 AM","Ignoring the facts, needs of China-Solomon Islands security cooperation and hyping groundless accusations on China show Western arrogance, hegemony: experts"
