﻿"Published: Apr 07, 2022 04:58 PM",Weaponized drones to go to Germany for first time
"Published: Apr 07, 2022 05:01 PM",Palestinian mission urges UN to bring end to Israeli actions in Jerusalem
"Published: Apr 07, 2022 05:06 PM",‘Lives at risk’
"Published: Apr 07, 2022 06:49 PM",Changing negative impression toward China: What lesson have Indians learned from their own experiences
"Published: Apr 07, 2022 11:20 PM","Nancy Pelosi tests positive for COVID-19, trip to Asia to be postponed"
"Published: Apr 07, 2022 11:53 PM Updated: Apr 07, 2022 11:00 PM",WHO official urges for peace in Ukraine
"Published: Apr 08, 2022 08:00 AM",UN General Assembly adopts resolution to suspend Russia from Human Rights Council
"Published: Apr 08, 2022 08:01 AM",Ukraine wants to get part of funds from seized Russian assets: PM
"Published: Apr 08, 2022 08:02 AM",Russia vows retaliation against latest U.S. sanctions
"Published: Apr 08, 2022 08:03 AM",Russia declares early termination of membership of UN Human Rights Council
"Published: Apr 08, 2022 09:46 PM",Russia denies missile strike on Kramatorsk railway station
"Published: Apr 08, 2022 10:15 PM",US’ exclusive opposition to the biological weapons verification regime an egregious act of seeking global hegemony
"Published: Apr 09, 2022 12:48 AM","Russia hopes to end operation in Ukraine ""in foreseeable future:"" Kremlin"
"Published: Apr 09, 2022 08:10 AM","Turkish, Italian, British defense ministers meet in Istanbul over Ukraine crisis"
"Published: Apr 09, 2022 08:11 AM",Ukrainian president hails visit of senior European officials to Ukraine
"Published: Apr 10, 2022 04:27 PM",Israel strikes government positions in Syria: state media
"Published: Apr 10, 2022 04:32 PM",Saudi Arabia to allow one million hajj pilgrims in 2022
"Published: Apr 10, 2022 04:33 PM",Imran Khan unsuccessfully tried to dissolve parliament to retain power
"Published: Apr 10, 2022 05:39 PM",Axiom’s four-member crew to spend eight days in orbit
"Published: Apr 10, 2022 05:42 PM",24 Americans sanctioned by Iran as nuclear deal talks stall
"Published: Apr 10, 2022 05:44 PM","Long rainy season leaves 57 dead, 110 injured in Ecuador, says agency"
"Published: Apr 10, 2022 06:34 PM",Israeli army raids gunmen’s hometown Tel Aviv area
"Published: Apr 10, 2022 06:45 PM","In ‘project of the century,’ the Swiss seek to bury radioactive waste"
"Published: Apr 10, 2022 06:56 PM","Morrison calls for May 21 election, launching battle to stay in power"
"Published: Apr 10, 2022 07:11 PM",Tunisia to compensate victims of revolution
"Published: Apr 11, 2022 05:30 PM",Spain resurrects Easter traditions
"Published: Apr 11, 2022 05:32 PM",Crisis-hit Sri Lanka nearly out of meds
"Published: Apr 11, 2022 05:35 PM",UK’s Queen Elizabeth II felt ‘exhausted’ after contracting COVID-19
"Published: Apr 11, 2022 05:40 PM",Iran rejects US’ nuclear demands
"Published: Apr 11, 2022 05:42 PM",EU official says UK-France fishing dispute nearly resolved
"Published: Apr 11, 2022 05:45 PM",Australian election campaign begins; polls show opposition in the lead
"Published: Apr 11, 2022 05:49 PM",Worried about the future
"Published: Apr 11, 2022 05:56 PM",Macron heads to blue-collar France aiming for more votes
"Published: Apr 11, 2022 05:58 PM",Pro-Russia protesters rally in Germany
"Published: Apr 11, 2022 06:00 PM",Israel and West Bank on edge after more bloodshed
"Published: Apr 11, 2022 07:25 PM",Shahbaz Sharif set to become new Pakistan PM
"Published: Apr 12, 2022 08:16 AM",EU resumes diplomatic presence in Ukraine
"Published: Apr 12, 2022 08:16 AM",Crisis in Ukraine could slash global trade growth by half in 2022: WTO
"Published: Apr 12, 2022 08:18 AM",Canada imposes new sanctions on Russian defence sector
"Published: Apr 12, 2022 04:43 PM",Ukraine crisis to slash trade
"Published: Apr 12, 2022 04:47 PM",20 countries still below 10% COVID-19 jab rate: WHO
"Published: Apr 12, 2022 04:52 PM",Sweden’s ruling party launches internal NATO debate as public support grows
"Published: Apr 12, 2022 05:14 PM",Extreme rain in SE Africa driven by climate change
"Published: Apr 12, 2022 05:16 PM",Chile reveals unprecedented water rationing plan for 13-year drought 
"Published: Apr 12, 2022 05:22 PM",Biden increases ‘ghost guns’ regulations
"Published: Apr 12, 2022 05:28 PM",UN envoy makes first trip to Yemen capital following cease-firee
"Published: Apr 12, 2022 05:30 PM",Sri Lanka PM appeals for ‘patience’ from protesters
"Published: Apr 12, 2022 05:35 PM",‘Start from zero’
"Published: Apr 12, 2022 05:56 PM",Philippine Megi deaths rise to 27
"Published: Apr 12, 2022 08:19 PM",Chinese scholars willing to lend a helping hand to Afghan counterparts in conserving relics along the Silk Road
"Published: Apr 13, 2022 07:50 AM","Russia, Belarus to deepen integration amid Western sanctions: Putin"
"Published: Apr 13, 2022 07:51 AM",World Bank preparing 1.5 bln USD aid package for Ukraine
"Published: Apr 13, 2022 07:51 AM","Ukraine tightens security on borders with Belarus, Moldova's Transnistria"
"Published: Apr 13, 2022 07:52 AM",Ukraine's position at talks with Russia unchanged: chief negotiator
"Published: Apr 13, 2022 04:40 PM",Somalia at risk of famine ‘catastrophe’: UN agencies
"Published: Apr 13, 2022 04:43 PM",S.Korea to expand rollout of 2nd COVID-19 booster shot to people over 60
"Published: Apr 13, 2022 04:46 PM",Frequency of tropical storms on the rise
"Published: Apr 13, 2022 04:52 PM",Philippines’ death toll rises to 58
"Published: Apr 13, 2022 04:54 PM",Indigenous Australians disproportionately impacted by Black Summer bushfires
"Published: Apr 13, 2022 04:56 PM",Dust blankets Iraq for second time in a week
"Published: Apr 13, 2022 05:03 PM",‘Pie has to be vastly expanded’
"Published: Apr 13, 2022 05:07 PM",Moscow claims biolab threats
"Published: Apr 13, 2022 05:10 PM",Turkey aims to be ‘logistics superpower’ by 2053: Erdogan
"Published: Apr 13, 2022 05:12 PM",Khamenei says Iran’s future should not be tied to nuclear talks with world powers
"Published: Apr 14, 2022 07:31 AM",BRICS countries support Russia-Ukraine dialogue for comprehensive solution
"Published: Apr 14, 2022 07:32 AM",Ukraine crisis darkens Finland's economic outlook: ministry
"Published: Apr 14, 2022 07:33 AM",Ukraine internally relocates more than 250 enterprises
"Published: Apr 14, 2022 07:33 AM",UN chief calls for action to mitigate global impact of Russia-Ukraine conflict
"Published: Apr 14, 2022 07:34 AM",Biden announces additional 800 mln USD in aid to Ukraine
"Published: Apr 14, 2022 07:35 AM",Nationwide humanitarian cease-fire in Ukraine not possible: UN chief
"Published: Apr 14, 2022 07:36 AM",Russia expels senior Czech diplomat in retaliatory move
"Published: Apr 14, 2022 07:36 AM","Russia sanctions U.S. congressmen, Canadian senators"
"Published: Apr 14, 2022 04:52 PM",UN chief sounds alarm over crisis
"Published: Apr 14, 2022 04:57 PM",Video of police shooting black man triggers protest in US
"Published: Apr 14, 2022 05:00 PM","4,800 people displaced after armed attacks by bandits on villages in central Nigeria"
"Published: Apr 14, 2022 05:05 PM",COVID-19 still an emergency: WHO
"Published: Apr 14, 2022 05:30 PM",Macron says Le Pen showing authoritarian intentions after ban
"Published: Apr 14, 2022 05:32 PM","Argentines march for jobs, food amid rampant inflation"
"Published: Apr 14, 2022 05:39 PM",Floods hit South Africa’s Durban
"Published: Apr 14, 2022 05:47 PM",‘Green cities’ focus of largest gardening fair in Netherlands
"Published: Apr 14, 2022 05:52 PM",LNG cargo ships worse for climate due to methane emissions: NGO
"Published: Apr 14, 2022 06:01 PM",Wildcat mining devours indigenous land
"Published: Apr 15, 2022 07:59 AM","Ukrainian FM, U.S. secretary of state discuss new military aid for Ukraine"
"Published: Apr 15, 2022 08:00 AM",UN releases funds for 7 countries as Ukraine conflict disrupts food markets
"Published: Apr 15, 2022 08:00 AM",IMF to downgrade forecast for over 140 economies amid Russia-Ukraine conflict
"Published: Apr 15, 2022 06:57 PM",Russian cruiser Moskva sinks following serious damage
"Published: Apr 15, 2022 11:14 PM",Ukraine opens 9 humanitarian corridors
"Published: Apr 15, 2022 11:22 PM",Moscow to increase missile strikes on Kiev targets
"Published: Apr 16, 2022 07:56 AM",Russia expels 18 EU diplomats in retaliatory move
"Published: Apr 16, 2022 07:58 AM",Ukraine says fighting for Mariupol continues
"Published: Apr 16, 2022 08:17 PM",Russia bans British top officials from entry
"Published: Apr 16, 2022 08:30 PM","Zelensky says more than 2,500 Ukrainian troops killed in conflict with Russia"
"Published: Apr 17, 2022 12:28 PM",Russia claims full control of urban area of Mariupol
"Published: Apr 17, 2022 04:55 PM",Contributions to reducing global warming critical
"Published: Apr 17, 2022 05:33 PM",Activists protest climate inaction
"Published: Apr 17, 2022 05:37 PM",Turkish rallies show support for women’s rights group
"Published: Apr 17, 2022 05:42 PM",Officials say spill unlikely as fuel-laden tanker sinks off Tunisian coast
"Published: Apr 17, 2022 05:46 PM",India’s minister rejects bigotry is rising
"Published: Apr 17, 2022 05:48 PM",Newly elected Somali lawmakers prepare to choose next president
"Published: Apr 17, 2022 05:50 PM",Orban wins big in Hungarian parliamentary votes
"Published: Apr 17, 2022 06:01 PM",Embattled Johnson to visit India
"Published: Apr 17, 2022 06:06 PM",Morocco calls Israeli actions in Jerusalem ‘provocation’
"Published: Apr 17, 2022 06:09 PM",EU anti-fraud body accuses Le Pen of embezzlement as elections loom
