﻿"Published: Mar 25, 2022 10:35 PM",Germany to halve Russian oil imports by mid-2022
"Published: Mar 25, 2022 10:37 PM","NATO summit fails to address disagreement, concerns among members amid Ukraine crisis"
"Published: Mar 26, 2022 07:46 AM",Russian operation in Ukraine to continue until goals achieved: Medvedev
"Published: Mar 26, 2022 07:47 AM",Russia announces completion of 1st stage of military operation in Ukraine
"Published: Mar 26, 2022 07:49 AM",No Moscow-Kiev deal with Russian concerns unaddressed: negotiator
"Published: Mar 26, 2022 07:49 AM","Ukrainian FM says negotiation process with Russia ""very difficult"""
"Published: Mar 26, 2022 07:50 AM",Turkey's Erdogan holds phone talks with Ukrainian president
"Published: Mar 26, 2022 10:02 PM",No Moscow-Kiev deal with Russian concerns unaddressed: negotiator
"Published: Mar 26, 2022 10:06 PM","Ukrainian FM says negotiation process with Russia ""very difficult"""
"Published: Mar 27, 2022 08:07 AM",Russia announces completion of 1st stage of military operation in Ukraine
"Published: Mar 27, 2022 04:37 PM",Cow power
"Published: Mar 27, 2022 04:43 PM",Nuclear agreement very close: EU diplomat
"Published: Mar 27, 2022 04:45 PM",Iraq fails again to elect new president
"Published: Mar 27, 2022 05:00 PM","Gunmen attack NW Nigerian airport, disrupt flights"
"Published: Mar 27, 2022 05:02 PM",Philippine volcano Taal erupts
"Published: Mar 27, 2022 05:06 PM",Transition to renewable energies highlighted
"Published: Mar 27, 2022 05:09 PM",Turkish people dim lights to raise climate awareness for Earth Hour
"Published: Mar 27, 2022 05:15 PM",Houthis suspend Saudi strikes
"Published: Mar 27, 2022 05:19 PM","Egypt FM to join Arab, US diplomats in Israel meeting"
"Published: Mar 27, 2022 05:22 PM",Ukraine insists on security guarantees at peace talks with Russia: negotiator
"Published: Mar 27, 2022 09:56 PM Updated: Mar 28, 2022 09:20 PM",Instability brewer: Behind every war and turmoil in the world is shadow of the Star-Spangled Banner
"Published: Mar 28, 2022 08:36 AM","Russia, Ukraine to hold new round of peace talks"
"Published: Mar 28, 2022 05:48 PM",Unmasking the superpower: Warfare-addicted
"Published: Mar 28, 2022 06:23 PM",Meet takes place amid concerns over possible nuclear deal with Iran
"Published: Mar 28, 2022 06:25 PM",German SPD wins Saarland election in boost for Scholz
"Published: Mar 28, 2022 06:27 PM","Brazil vote pits good against bad, says Bolsonaro "
"Published: Mar 28, 2022 07:34 PM",A state of emergency declared; police powers expanded
"Published: Mar 28, 2022 07:36 PM",Japan marks foundation of new ‘electromagnetic’ defense unit
"Published: Mar 28, 2022 07:38 PM",Meat off menu in crisis-hit Lebanon as poverty bites
"Published: Mar 28, 2022 07:42 PM","In Yemen, racism dooms black people to life on the margins"
"Published: Mar 28, 2022 07:50 PM",Money at the heart of international efforts to save nature
"Published: Mar 28, 2022 07:53 PM",Experts fear Sao Jorge tremors may trigger quake
"Published: Mar 28, 2022 07:55 PM","Seniors more likely to see silver linings, shows Australian research"
"Published: Mar 29, 2022 08:37 AM",UN chief launches initiative for humanitarian cease-fire in Ukraine
"Published: Mar 29, 2022 09:15 AM",Ukraine to get fuel from Azerbaijan for sowing campaign
"Published: Mar 29, 2022 09:16 AM","Ukraine, Russia to start new round of peace talks on Tuesday: Ukrainian media"
"Published: Mar 29, 2022 09:17 AM",Biden administration proposes 6.9 bln USD in FY 2023 budget for countering Ukraine war
"Published: Mar 29, 2022 09:19 AM","Turkish president to meet Ukrainian, Russian delegations before talks in Istanbul"
"Published: Mar 29, 2022 09:20 AM",Russia's airstrike hits oil depot in Ukraine's northwest
"Published: Mar 29, 2022 09:20 AM","Oil prices drop amid demand concerns, optimism about Russia-Ukraine talks"
"Published: Mar 29, 2022 12:57 PM",Actor Will Smith apologizes on China’s social media Weibo for slapping comedian Chris Rock at the Oscars 
"Published: Mar 29, 2022 03:46 PM","Russia, Ukraine start new round of peace talks: media"
"Published: Mar 29, 2022 03:48 PM","Erdogan: Turkey Ready to Arrange Putin-Zelensky Meeting, Facilitate Russia-Ukraine Talks"
"Published: Mar 29, 2022 04:29 PM",UN envoy warns of Sudan’s collapse
"Published: Mar 29, 2022 04:32 PM",Singapore court rejects Malaysian’s appeal in noted execution case
"Published: Mar 29, 2022 04:35 PM",Brazil’s Bolsonaro hospitalized after feeling unwell: press
"Published: Mar 29, 2022 04:45 PM",Heavy rains trigger evacuations
"Published: Mar 29, 2022 04:48 PM",Ghana reopens borders to boost flagging local economy
"Published: Mar 29, 2022 04:51 PM",Canada advancing small nuclear reactors to reduce GHG emission
"Published: Mar 29, 2022 04:55 PM",Fighting against starvation
"Published: Mar 29, 2022 04:58 PM",Biden proposes 20% wealth tax
"Published: Mar 29, 2022 05:03 PM",Conference of Israel-Arab FMs will be annual: Lapid
"Published: Mar 29, 2022 05:11 PM",At least 20 people shot dead at Mexican cockfighting ring involving criminal gangs
"Published: Mar 29, 2022 09:38 PM Updated: Mar 29, 2022 08:55 PM","Russia, Ukraine end 1st day talks in Istanbul: media"
"Published: Mar 29, 2022 09:40 PM Updated: Mar 29, 2022 09:03 PM","Russian military to significantly reduce hostilities near Kiev, Chernihiv"
"Published: Mar 30, 2022 07:59 AM",Russia expels 10 diplomats of Baltic states in retaliation
"Published: Mar 30, 2022 07:59 AM",Ukraine in talks with int'l partners over fuel supplies: PM
"Published: Mar 30, 2022 08:00 AM","Putin, Macron discuss situation in Ukraine over phone"
"Published: Mar 30, 2022 08:01 AM",Ukraine puts indirect losses from conflict with Russia at over 1 trln USD
"Published: Mar 30, 2022 08:01 AM",Oil prices drop amid positive signs from Russia-Ukraine peace talks
"Published: Mar 30, 2022 08:02 AM","Ukrainian president says signals from peace talks ""positive"""
"Published: Mar 30, 2022 08:02 AM","12 killed, 33 injured in Russia's airstrike on Ukraine's regional administration building"
"Published: Mar 30, 2022 08:04 AM",US dollar skids amid progress in Russia-Ukraine peace talks
"Published: Mar 30, 2022 04:13 PM",8 UN peacekeepers killed in DR Congo
"Published: Mar 30, 2022 04:18 PM",Gun attacks kill 5 near Tel Aviv as officials condemn violence
"Published: Mar 30, 2022 04:21 PM",Saudi-led coalition announces new Yemen cease-fire
"Published: Mar 30, 2022 04:39 PM",US COVID-19 funds drying up
"Published: Mar 30, 2022 04:42 PM",Australia PM seeks to sell voters on Budget breaks
"Published: Mar 30, 2022 04:44 PM",Brazil’s Bolsonaro discharged from hospital and ‘ready for combat’
"Published: Mar 30, 2022 04:49 PM",Achieve connectivity
"Published: Mar 30, 2022 05:13 PM",Canada announces climate plan
"Published: Mar 30, 2022 05:16 PM",Giant ice volcanoes identified on Pluto: study
"Published: Mar 30, 2022 05:20 PM","Qatar to invest $5 billion in Egypt, eyes potential offshore gas exploration"
"Published: Mar 30, 2022 08:25 PM",Ukraine sets up three humanitarian corridors
"Published: Mar 31, 2022 08:00 AM","Zelensky, Biden discuss support for Ukraine over phone"
"Published: Mar 31, 2022 08:04 AM","Ukraine confirms partial withdrawal of Russian troops from Kiev, Chernihiv directions"
"Published: Mar 31, 2022 08:12 AM","Biden says U.S. to give Ukraine 500 mln USD in ""direct budgetary aid"""
"Published: Mar 31, 2022 08:17 AM","Putin, Scholz in telephone call discuss gas payment issues, Russia-Ukraine talks"
"Published: Mar 31, 2022 08:19 AM","Russia redeploys troops from Kiev, Chernihiv directions to east: Ukraine's security chief"
"Published: Mar 31, 2022 08:20 AM","Egypt, Ukraine leaders discuss Russia-Ukraine peace talks over phone"
"Published: Mar 31, 2022 08:21 AM",Italian PM calls for Russia-Ukraine ceasefire in phone call with Putin
"Published: Mar 31, 2022 11:43 AM",Unmasking The Superpower: Vampires in the war
"Published: Mar 31, 2022 04:27 PM",Biden under fire over immigration crisis
"Published: Mar 31, 2022 04:30 PM",Palestinians rally to mark 46th Land Day anniversary
"Published: Mar 31, 2022 04:32 PM","Indigenous Aussie suicide, incarceration rates rise"
"Published: Mar 31, 2022 04:32 PM","Conserving 30% of the land, sea by 2030 just the beginning"
"Published: Mar 31, 2022 04:38 PM",405 mln schoolchildren missing
"Published: Mar 31, 2022 05:05 PM",Saudi-led bloc refutes human-rights violations
"Published: Mar 31, 2022 05:09 PM",El Salvador boosts jail time for gang members after rash of murders
"Published: Mar 31, 2022 05:17 PM",Hubble spots star 12.9b lys away
"Published: Mar 31, 2022 05:26 PM",People raised in cities are worse at navigation
"Published: Mar 31, 2022 05:31 PM",LatAm ministers map pathway to transform agri-food systems at FAO conference
"Published: Apr 01, 2022 09:03 AM",Russia bans top EU officials from entry
"Published: Apr 01, 2022 09:03 AM","Erdogan, Zelensky discuss Ukraine crisis over phone"
"Published: Apr 01, 2022 09:07 AM",Ukraine's nuclear power plants switch from Moscow to Paris directorate
"Published: Apr 01, 2022 09:08 AM",Zelensky says Turkey ready to become guarantor of Ukraine's security
"Published: Apr 01, 2022 09:10 AM",Ukraine tells IAEA Russian forces leaving Chernobyl plant
"Published: Apr 01, 2022 03:31 PM Updated: Apr 01, 2022 10:13 PM","Governor says Ukrainian helicopters attacked oil depot in Russia, causing fire"
"Published: Apr 01, 2022 05:51 PM","Ukraine, Russia to resume peace talks Friday: Ukrainian media"
"Published: Apr 01, 2022 10:51 PM",Russia-Ukraine peace talks resume in online format
"Published: Apr 02, 2022 08:19 AM","Ukraine, Russia conduct prisoner swap"
"Published: Apr 02, 2022 05:53 PM","New evidence shows US-funded biolabs used to attack Donbass, Russia: RT"
"Published: Apr 03, 2022 08:24 AM",Draft documents ready for discussion by presidents: Ukrainian chief negotiator
