﻿"Published: Jan 22, 2020 09:15 PM Updated: Apr 18, 2022 09:00 AM",Real-time update on coronavirus outbreak
"Published: Apr 12, 2022 09:22 PM","Dynamic zero-COVID strategy ‘the best choice' as infections surpass 325,000: chief epidemiologist of China's CDC"
"Published: Apr 12, 2022 10:12 PM",John Lee highlights Article 23 of the HK Basic Law as top priority
"Published: Apr 12, 2022 10:33 PM",FM firmly opposes US hegemony as recent survey shows 90% of Chinese netizens believe so
"Published: Apr 12, 2022 11:23 PM","Biden plans Japan visit to coordinate Indo-Pacific, but ‘India’s reluctance to sway on Ukraine weakens QUAD’"
"Published: Apr 12, 2022 11:41 PM",Chinese transport authorities to boost development of domestic cold-chain logistics
"Published: Apr 12, 2022 11:44 PM",Govt of Solomon Islands cautions public against fake news following 'leaked correspondence with Chinese embassy'
"Published: Apr 12, 2022 11:57 PM",China doubles down on efforts to unclog transport and logistics arteries
"Published: Apr 13, 2022 12:02 AM",Home quarantine for asymptomatic COVID-19 patients risky for treatment and spread: top CDC expert
"Published: Apr 13, 2022 12:12 AM","Sinovac COVID-19 shot safe and effective for people with HIV, latest study shows"
"Published: Apr 13, 2022 12:14 AM","Ukraine crisis risks escalating amid stalled talks, rising hostility"
"Published: Apr 13, 2022 08:57 AM",Xi inspects economic development zone in Hainan Province
"Published: Apr 13, 2022 10:13 AM",Pakistani new-elected PM Shehbaz vows to further strengthen bilateral cooperation with China
"Published: Apr 13, 2022 11:59 AM",Motor vehicles prohibited on roads amid epidemic: Shanghai public security authority
"Published: Apr 13, 2022 12:14 PM","John Lee secures 786 nominations, far exceeding Chief Executive applicant threshold, formally submits application"
"Published: Apr 13, 2022 02:18 PM", China’s state security ministry issues posters ahead of seventh National Security Education Day
"Published: Apr 13, 2022 02:33 PM",US arms sale to Taiwan tantamount to tying a bomb to every Taiwan compatriot: Taiwan Affairs Office  
"Published: Apr 13, 2022 06:54 PM","Compared with China, UK's handling of COVID 'an unmitigated disaster': British scholar"
"Published: Apr 13, 2022 06:56 PM",No casualties of Chinese nationals reported so far in the Brooklyn subway shooting: FM
"Published: Apr 13, 2022 07:48 PM","J-20 fighter jet starts routine training patrols in East, South China Seas"
"Published: Apr 13, 2022 08:15 PM",Japan must not dump nuclear-contaminated water into sea without proper solution fully discussed: Chinese FM
"Published: Apr 13, 2022 09:10 PM","Pentagon’s ‘China, Russia threat in space’ hype aims at hegemony, developing own military: FM"
"Published: Apr 13, 2022 09:48 PM","China lists US human rights abuses worldwide, rebuts Washington’s report"
"Published: Apr 13, 2022 10:11 PM","China's foreign trade mirrors stable start in Q1 despite Omicron outbreak, Ukraine crisis"
"Published: Apr 13, 2022 10:21 PM","Human rights destroyer: US causes humanitarian disasters around globe, killing innocent civilians and creating millions of refugees"
"Published: Apr 13, 2022 10:32 PM","Japanese groups voice growing opposition, organize rallies over govt's nuclear-contaminated water dumping plan decided one year before"
"Published: Apr 13, 2022 10:57 PM",Serbia confirms procurement of Chinese FK-3 air defense missile system: media
"Published: Apr 13, 2022 11:00 PM",N China's Shanxi suspends province-wide mail and courier services after 7 logistics workers test positive for COVID-19
"Published: Apr 13, 2022 11:14 PM",Aussie minister pays 'unprecedented coercive visit' to Solomon Islands over China security pact
"Published: Apr 13, 2022 11:24 PM",Cases of aerosol transmission of COVID-19 raise concern across China
"Published: Apr 14, 2022 12:10 AM","Xi calls for building Hainan 
FTP with global influence"
"Published: Apr 14, 2022 12:44 AM",Chinese research team discovers new ichthyosaur fossil from S China's Guangxi
"Published: Apr 14, 2022 01:03 AM",Hubei doctors battle Omicron in Shanghai; unified discharging standards established at makeshift hospitals
"Published: Apr 14, 2022 03:07 AM","New Chinese ambassador to Indonesia opens Twitter account on 72nd anniversary of establishment of diplomatic ties, expressing gratitude"
"Published: Apr 14, 2022 01:21 PM","China’s CDC issues instructions for home quarantine, requires independent toilet"
"Published: Apr 14, 2022 02:37 PM","All cities, prefectures in NE China's Jilin achieve goal of COVID clearance in communities"
"Published: Apr 14, 2022 04:18 PM","US should introspect and reform itself, stop interfering in HK affairs under guise of 'human rights': official"
"Published: Apr 14, 2022 06:44 PM",Xi orders building world-leading spacecraft launch site
"Published: Apr 14, 2022 06:49 PM",China to check sexual abuse record in school recruitment to protect women's rights
"Published: Apr 14, 2022 06:52 PM Updated: Apr 14, 2022 06:46 PM","Surges in COVID-19 infections in Shanghai stem from delayed release of screening data, family infections and logistics transmission"
"Published: Apr 14, 2022 06:59 PM",Chinese FM demands US provides details on biological military activities
"Published: Apr 14, 2022 09:16 PM",CPC solicits public opinions on upcoming national congress
"Published: Apr 14, 2022 10:27 PM",Did Chinese state media distort WHO report? Some netizens too quick to make accusation 
"Published: Apr 14, 2022 10:42 PM Updated: Apr 14, 2022 11:42 PM","Chinese economists expect RRR cut this week after Premier’s signal, also forecast interest rate cuts"
"Published: Apr 14, 2022 10:34 PM","Twisted in translation: Western media, social groups set up language barriers by intentionally misreading, misinterpreting Chinese materials"
"Published: Apr 14, 2022 10:48 PM",US provocations before N.Korea's vital event 'would worsen situation' 
"Published: Apr 14, 2022 11:12 PM","Emancipate mind, strive for innovation, work hard together to accelerate the construction of Hainan Free Trade Port: Xi"
"Published: Apr 14, 2022 11:24 PM","China's BDS accuracy comparable to GPS, even better in Asia-Pacific region: authorities"
"Published: Apr 14, 2022 11:24 PM","Update: Shenzhou-13 separates from Tianhe core module, to bring 3 taikonauts to Earth in 8 hours"
"Published: Apr 14, 2022 11:33 PM","Shanghai’s daily cases may peak this week; total infections may reach 700,000 in outbreak: experts"
"Published: Apr 14, 2022 11:55 PM","Two freight trains collide on major coal transport railway, causing heavy congestion"
"Published: Apr 15, 2022 12:07 AM",Alibaba’s vice president of technology says trip to US was just to see doctor
"Published: Apr 15, 2022 12:26 AM",US lawmakers visit Taiwan to pacify DPP after Pelosi’s farce
"Published: Apr 15, 2022 12:44 AM","New Pakistani PM, Chinese officials voice confidence to further cement 'iron-clad' ties"
"Published: Apr 15, 2022 02:02 AM","Shanghai fights Omicron with persistence and solidarity, offers lesson on importance of sticking to zero-COVID path"
"Published: Apr 15, 2022 02:14 AM",Chinese public alerted against COVID-19 transmission from objects to humans as cities nationwide report cases on courier workers
"Published: Apr 15, 2022 10:06 AM Updated: Apr 15, 2022 10:52 AM",Full Text: Increasing Racial Discrimination Against Asians Exposes Overall Racist Nature of US Society
"Published: Apr 15, 2022 01:00 PM",John Lee pushes for Article 23 legislation on National Security Education Day 
"Published: Apr 15, 2022 01:31 PM Updated: Apr 15, 2022 08:41 PM","PLA drills around Taiwan targeted at US lawmakers' visit, rehearse 'real action' once necessary"
"Published: Apr 15, 2022 01:44 PM","Solomon govt refutes misinformation on deal with China, condemning those who attempt to undermine its stability"
"Published: Apr 15, 2022 03:06 PM","Typical spy cases released as China embraces 7th National Security Education Day, emphasizing digital and cyber security"
"Published: Apr 15, 2022 04:43 PM",Shanghai adopts citywide COVID-19 testing in nursing homes to reduce infection risk among seniors
"Published: Apr 15, 2022 05:56 PM",CPC opens 1st online public opinions on natl congress; offers reference for report of 20th congress
"Published: Apr 15, 2022 06:03 PM","Xi, Mauritian president exchange congratulations on 50th anniversary of diplomatic ties"
"Published: Apr 15, 2022 06:12 PM","Wang Yi speaks with Vietnamese FM, vowing won't let Ukraine-like tragedy happen in the region"
"Published: Apr 16, 2022 01:38 AM",Xi’an launches temporary closed-off management amid latest COVID-19 flare-up
"Published: Apr 16, 2022 09:32 AM",Shenzhou-13 return capsule separates from propelling part
"Published: Apr 16, 2022 09:44 AM",Main parachute of Shenzhou-13 return capsule deployed
"Published: Apr 16, 2022 09:57 AM",Shenzhou-13 crew return safely to Earth after record six months in orbit
"Published: Apr 16, 2022 10:38 AM",Launch history of manned missions to space by Long March-2F carrier rockets
"Published: Apr 16, 2022 11:11 AM",All three Shenzhou-13 taikonauts exit return capusle by 11:05 am
"Published: Apr 16, 2022 11:43 AM","GT Exclusive: ""Absolutely yes"": vice chief designer on whether China's Tiangong can become space post house for mankind"
"Published: Apr 16, 2022 02:00 PM",Three mainland inactivated vaccines against Omicron approved for clinical research in HK
"Published: Apr 16, 2022 03:10 PM",Shanghai steps up efforts to ensure daily necessities supply; neighboring Suzhou tightens epidemic control
"Published: Apr 16, 2022 03:47 PM",Temporary controls in Xi'an 'not lockdown'; residents feel impact to life 'not as big as imagined'
"Published: Apr 16, 2022 05:10 PM",Three Shenzhou-13 taikonauts arrive in Beijing
"Published: Apr 16, 2022 11:37 PM",Shanghai issues epidemic prevention guidelines for local industrial enterprises to resume operation
"Published: Apr 17, 2022 04:01 PM Updated: Apr 17, 2022 03:56 PM",Proportion of positive cases in at-risk groups declining in Shanghai
"Published: Apr 17, 2022 04:21 PM","China, US should break current frigid bilateral relations through dialogue: Chinese Ambassador"
"Published: Apr 17, 2022 07:29 PM",Timeline of the building of China's Space Station
"Published: Apr 17, 2022 07:41 PM",'Voldemort' of global order: America is the 'Dark Lord' set on destroying international order
"Published: Apr 17, 2022 08:46 PM Updated: Apr 18, 2022 10:09 AM",Mariupol capture could be ‘a crucial turning point’ for Ukraine-Russia conflict
"Published: Apr 17, 2022 09:57 PM",US attempt to unite Southeast Asian nations against China via US-ASEAN summit a ‘wild goose chase’
"Published: Apr 17, 2022 10:10 PM","China eyes next-generation manned carrier rocket, spaceship"
"Published: Apr 17, 2022 10:34 PM","Several Chinese cities put under 'static management' against COVID-19 to 'minimize social, economic impact'"
"Published: Apr 17, 2022 11:04 PM","Fanning Ukraine crisis, exporting refugees expose UK's hypocrisy"
"Published: Apr 18, 2022 02:04 AM",Doctor from Wuhan shares experience in preventing severe cases in Shanghai
"Published: Apr 18, 2022 02:30 AM",Wedding photographer sentenced to 14 years in prison for providing hundreds of photos of warships and military ports to a person overseas
"Published: Apr 18, 2022 12:37 PM",Shanghai reports three COVID-19 related deaths due to underlying diseases for the first time amid the latest flare-up
"Published: Apr 18, 2022 02:25 PM",Chinese top health authority slams wrong claims about ‘coexisting with COVID’ and ‘virus just like flu’
"Published: Apr 18, 2022 04:53 PM",Xi expresses sympathy to Philippine president over typhoon attack
"Published: Apr 18, 2022 08:23 PM",HK Chief Executive candidate eyes border reopening with mainland as top work priority if elected 
"Published: Apr 18, 2022 08:51 PM","Human rights issues in the US 'long-term, systematic' problem: Chinese FM"
"Published: Apr 18, 2022 09:14 PM",Shanghai’s lockdown-born residential community ‘bulk-buying organizers’ become grass-roots ‘life-savers’ in modern battle against coronavirus disease
"Published: Apr 18, 2022 09:56 PM","High speed, AI trends for future helicopters: Chinese attack chopper designer"
"Published: Apr 18, 2022 10:00 PM","Update: Over 20 regions under static management to fight Omicron flare-ups, affecting about 50 million people"
"Published: Apr 18, 2022 10:12 PM","Korean Peninsula situation unlikely to intensify due to ‘cautious’ moves by N.Korea, US"
"Published: Apr 18, 2022 10:09 PM",Draft law amendment expected to target trafficking of women
"Published: Apr 18, 2022 10:24 PM","Shanghai reports three deaths, all elderly, unvaccinated"
"Published: Apr 18, 2022 10:39 PM",Exclusive with Pakistani ambassador: China-Pakistan iron-clad friendship time-tested and timeless
"Published: Apr 18, 2022 10:42 PM",Beijing encourages residents to 'stay put' during Labor Day holidays
"Published: Apr 18, 2022 10:46 PM",CASIC's radar products key in safeguarding Shenzhou-13's rapid return: developers
"Published: Apr 18, 2022 11:52 PM",China’s space station first to be open to all UN member states: Chinese FM
"Published: Apr 19, 2022 01:15 AM",Exclusive full interview with Pakistani ambassador: China-Pakistan ties are significant regardless of leadership change
"Published: Apr 19, 2022 01:57 AM","Smears, threats, military escalation: US, Aussie allies collusion to corner China in the South Pacific 'backyard' shows their own fear: experts"
"Published: Apr 19, 2022 02:11 AM",DPP cannot escape 'iron law of destruction' despite begging for mercy from external forces: Taiwan Affairs Office
"Published: Apr 19, 2022 02:51 AM",Research database in hot water as China's top science academy suspends its services for expensive subscription fees
"Published: Apr 19, 2022 03:14 AM",Dynamic zero-COVID policy is the best option currently: chief epidemiologist of China's CDC
"Published: Apr 19, 2022 03:41 AM","Robots help with deliveries, disinfection amid fight against Omicron in Shanghai"
"Published: Apr 19, 2022 03:55 AM","China may see negative population growth in 2022, 12 years earlier than UN prediction: experts"
