﻿"Published: Jun 28, 2022 04:29 PM",World’s ‘largest’ freshwater fish netted in Cambodia
"Published: Jun 28, 2022 06:21 PM",46 migrants found dead in Texas
"Published: Jun 28, 2022 06:24 PM",EU Council adopts new regulation on gas storage
"Published: Jun 28, 2022 06:29 PM","Turkey objects to unilateral sanctions against Iran, wants nuclear deal restored: FM"
"Published: Jun 28, 2022 06:39 PM",Israel boosts abortion access
"Published: Jun 28, 2022 06:57 PM",UN Ocean Conference opens in Lisbon
"Published: Jun 28, 2022 06:59 PM",Pollution linked to 10% of cancer cases in Europe: report
"Published: Jun 28, 2022 07:02 PM",Solomon Airlines to resume flights to Australia
"Published: Jun 28, 2022 07:07 PM",Summer means suffering
"Published: Jun 28, 2022 07:41 PM",Ecuadorian protesters meet govt over living costs
"Published: Jun 29, 2022 01:33 AM",US' efforts to form small cliques against China 'a wrong approach' to shift attention from domestic economic problems
"Published: Jun 29, 2022 12:23 PM",EC President von der Leyen roasted for anti-China agenda in new infrastructure funding initiative
"Published: Jun 29, 2022 04:48 PM",2 men charged over migrant deaths
"Published: Jun 29, 2022 04:52 PM",Scottish govt proposes new ‘independence’ referendum
"Published: Jun 29, 2022 04:57 PM",Ecuador talks with Indigenous leaders falter after soldier killed by ‘violent’ protesters
"Published: Jun 29, 2022 05:08 PM",Life in the abyss
"Published: Jun 29, 2022 05:25 PM",52 dead in Colombia prison fire
"Published: Jun 29, 2022 05:30 PM",Israeli Knesset parliament approves bill for dissolution
"Published: Jun 29, 2022 05:32 PM","Sudanese leader stresses keenness on normal, balanced ties with Ethiopia"
"Published: Jun 29, 2022 05:59 PM",EU to end combustion engine vehicle sales
"Published: Jun 29, 2022 06:02 PM",Nearly 1 in 4 people globally at risk from flooding: new study
"Published: Jun 29, 2022 06:04 PM",NASA launches nanosatellite to return humans to moon
"Published: Jun 29, 2022 07:02 PM Updated: Jul 04, 2022 07:02 PM","GT investigates: Millions of prison laborers in US produce billions in annual profits while working in harsh conditions, risking their lives for pennies"
"Published: Jun 30, 2022 07:44 AM","Ukraine, Russia carry out largest prisoner exchange since conflict start"
"Published: Jun 30, 2022 04:32 PM",Israeli PM abandons election bid
"Published: Jun 30, 2022 04:36 PM",Main suspect handed life sentence for Paris attacks
"Published: Jun 30, 2022 04:37 PM",Thousands gather at all-male meeting to rubber-stamp Taliban rule
"Published: Jun 30, 2022 05:27 PM",NGOs warn of global food insecurity
"Published: Jun 30, 2022 05:31 PM",2 more men charged in truck smuggling incident that killed 53
"Published: Jun 30, 2022 05:33 PM",Sudan shows self-restraint on border crises with Ethiopia
"Published: Jul 02, 2022 01:11 AM","Putin, Modi discuss Ukrainian crisis, bilateral economic ties over phone"
"Published: Jul 02, 2022 01:14 AM","Ukraine needs ""hard work, determination"" to join EU, says von der Leyen"
"Published: Jul 02, 2022 11:53 PM","Russian FM says Moscow no longer trusts US, EU"
"Published: Jul 03, 2022 05:39 PM",Israel army downs 3 Hezbollah drones
"Published: Jul 03, 2022 05:41 PM",Pope Francis ‘greatly disappointed’ over canceled Africa visit
"Published: Jul 03, 2022 05:45 PM",Thousands told to evacuate for Sydney flood fears
"Published: Jul 03, 2022 05:53 PM",Cambodia tackles landmine threat
"Published: Jul 03, 2022 05:57 PM",Romanian firefighters arrive in Greek capital
"Published: Jul 03, 2022 06:00 PM",Palestinian authority hands bullet that killed Al Jazeera journalist to US
"Published: Jul 03, 2022 06:10 PM",Iran warns Turkey against actions
"Published: Jul 03, 2022 06:12 PM",Afghan Jirga calls on nation to support administration
"Published: Jul 03, 2022 06:17 PM","Argentina economy minister, IMF deal architect, quits as government crisis builds"
"Published: Jul 03, 2022 06:23 PM",Shorelines reshaped
"Published: Jul 03, 2022 11:29 PM",GT investigates: How US exploits minority workers and immigrants in agriculture and other labor-intensive industries
"Published: Jul 04, 2022 05:38 PM",US protests killing of black man
"Published: Jul 04, 2022 05:41 PM",Israel interim PM pledges to run functional government
"Published: Jul 04, 2022 05:44 PM","West African leaders lift economic, financial sanctions imposed on Mali"
"Published: Jul 04, 2022 05:50 PM",Sydney residents ordered to evacuate
"Published: Jul 04, 2022 06:08 PM",Rescuers to resume search after Italian glacier collapse kills 6
"Published: Jul 04, 2022 06:31 PM",22 foreign countries join Tanzania’s largest trade fair
"Published: Jul 04, 2022 06:39 PM",‘They’re everywhere’
"Published: Jul 04, 2022 06:54 PM",New economy minister for Argentina after Guzman quits
"Published: Jul 04, 2022 06:59 PM",Three killed in Copenhagen mall
"Published: Jul 05, 2022 07:49 AM","Kiev says Ukraine's military operation in Lugansk region ""successful"""
"Published: Jul 05, 2022 04:45 PM",Real-time information crucial 
"Published: Jul 05, 2022 05:07 PM",Indigenous protests cost Ecuador $1b
"Published: Jul 05, 2022 05:09 PM",Pope Francis denies he is planning to resign in near future
"Published: Jul 05, 2022 05:12 PM","Laos, Cuba pledge to strengthen long-standing friendship"
"Published: Jul 05, 2022 05:56 PM","Wine, olive production threatened"
"Published: Jul 05, 2022 05:59 PM",Italy blames climate change for deadly glacier collapse
"Published: Jul 05, 2022 06:01 PM","Iran shuts government offices, schools as sandstorm blankets Tehran"
"Published: Jul 05, 2022 06:29 PM",Danish mall attack ‘not terror’
"Published: Jul 05, 2022 06:32 PM",Palestine rejects results of US probe into death of Al Jazeera reporter
"Published: Jul 05, 2022 06:35 PM","Israel, Poland to restore relations strained by Holocaust restitution row"
"Published: Jul 05, 2022 10:31 PM Updated: Jul 05, 2022 11:31 PM","Fourth of July marred by gun violence, protests"
"Published: Jul 06, 2022 07:58 AM",Ukraine's economy to shrink by at least 35 pct this year: PM
"Published: Jul 06, 2022 08:55 PM",Rising heat drives crippling sandstorms across the Middle East
"Published: Jul 06, 2022 08:59 PM",Tokyo school swaps fresh fruit for jelly
"Published: Jul 06, 2022 09:01 PM","Secretary-General of OPEC, Barkindo, dies unexpectedly at 63"
"Published: Jul 06, 2022 09:02 PM",FMD disease casts shadow over Eid in Indonesia
"Published: Jul 06, 2022 09:04 PM",Thousands flee Sydney floods
"Published: Jul 06, 2022 09:06 PM",Germany plans new path to residency for migrants
"Published: Jul 06, 2022 09:08 PM",Malaysian to be hanged in Singapore after court dismisses appeal
"Published: Jul 06, 2022 09:24 PM",July 4 gunman charged with seven counts of murder
"Published: Jul 06, 2022 09:46 PM",UK Prime Minister Johnson vows to plow on despite resignations
"Published: Jul 06, 2022 09:50 PM","Monkeypox cases top 5,000: WHO"
"Published: Jul 07, 2022 12:15 AM",Chinese and Australian astronomers make history discovering direct evidence for common envelope evolution
"Published: Jul 07, 2022 04:23 PM",UK's Johnson will resign Thursday as Conservative leader: BBC
"Published: Jul 07, 2022 07:41 PM",UK PM Boris Johnson resigns
"Published: Jul 07, 2022 08:36 PM",US women prepare for what’s to come after abortion ruling
"Published: Jul 07, 2022 08:46 PM",Spain bull-running fiesta returns
"Published: Jul 07, 2022 08:47 PM",Air Canada temporarily bans pets from baggage hold
"Published: Jul 07, 2022 08:48 PM","Explosion rocks Georgia Guidestones, dubbed ‘America’s Stonehenge’"
"Published: Jul 07, 2022 08:53 PM",Australia rolls out 4th COVID-19 doses
"Published: Jul 07, 2022 08:54 PM",Researchers make Alzheimer’s breakthrough
"Published: Jul 07, 2022 08:57 PM",Price spikes since March push 71 million into poverty: UN
"Published: Jul 07, 2022 09:05 PM",UK PM Johnson to step down
"Published: Jul 07, 2022 09:06 PM",Bridge trial opens 4 years after disaster killed 43
"Published: Jul 07, 2022 09:08 PM",East Congo clashes resume after de-escalation agreement with Rwanda
"Published: Jul 08, 2022 07:54 AM","Peace negotiations between Russia, Ukraine to get more difficult with time: Putin"
"Published: Jul 08, 2022 07:59 AM","Russian forces hit ammunition depots, Ukrainian troops in Donetsk"
"Published: Jul 08, 2022 08:30 AM","Exclusive: Japanese, US militaries plot to deploy mid-range missiles in Japan’s SW islands"
"Published: Jul 08, 2022 11:03 AM","Former Japanese prime minister Shinzo Abe has collapsed in Nara, and shots were heard, NHK reports"
"Published: Jul 08, 2022 12:15 PM",Former Japanese PM Abe shows no sign of life after being shot
"Published: Jul 08, 2022 12:38 PM",Political purpose can't be ruled out; 'biggest political incident in post-war Japan': expert
"Published: Jul 08, 2022 01:04 PM Updated: Jul 08, 2022 04:05 PM","Japan's ex-leader Shinzo Abe dies from gunshot, 'biggest political incident in post-WWII Japan'"
"Published: Jul 08, 2022 04:09 PM",Japanese PM Fumio Kishida condemns 'barbaric attack'
"Published: Jul 08, 2022 04:10 PM",Russian FM extends sympathy to Japan over attack on Abe
"Published: Jul 08, 2022 04:37 PM","Tokyo stocks close slightly higher, gains capped by Abe shooting"
"Published: Jul 08, 2022 04:55 PM Updated: Jul 09, 2022 01:21 PM",Abe remembered in China as controversial figure who 'ruined own contribution to bilateral ties'
"Published: Jul 08, 2022 10:20 PM",China offers condolences to family of former Japanese PM Abe
"Published: Jul 09, 2022 06:35 PM",The hearse carrying former Japanese Prime Minister Shinzo Abe’s body arrives at his home in Tokyo
"Published: Jul 09, 2022 09:04 PM",Condolences from world leaders underscore Abe’s diplomatic flexibility; incident may deepen link between US-Japan right wing forces: expert
