﻿"Published: Aug 10, 2022 09:22 PM",Ailing beluga dies during rescue
"Published: Aug 10, 2022 09:23 PM",Swiss mark 175 years since its first rail service
"Published: Aug 10, 2022 09:24 PM",Salt substitutes may reduce risks of early death from cardiovascular diseases
"Published: Aug 10, 2022 09:29 PM",Man charged over Muslim murders in US
"Published: Aug 10, 2022 09:31 PM",Britain plans for organized blackouts in Jan
"Published: Aug 10, 2022 09:32 PM",Cuba brings days-old fuel depot fire under control
"Published: Aug 10, 2022 09:37 PM",Europe to consider 'dose-sparing' to increase monkeypox vaccine
"Published: Aug 10, 2022 09:40 PM",Torrential rain lessens in Seoul amid heavy damage
"Published: Aug 10, 2022 09:41 PM","Venezuelans protest US-led sanctions, illegal seizures of nation's assets"
"Published: Aug 11, 2022 08:54 PM",Huge wildfires hit France again
"Published: Aug 11, 2022 09:03 PM",NYC mulls congestion charge in 2023
"Published: Aug 11, 2022 09:04 PM",UN trade body urges actions to curb cryptocurrencies in developing countries
"Published: Aug 11, 2022 09:13 PM",IS 'Beatle' appears in London court
"Published: Aug 11, 2022 09:14 PM",Three troopers die in Indian-controlled Kashmir
"Published: Aug 11, 2022 09:19 PM",12 vessels authorized to depart Ukrainian ports for grain export: UN official
"Published: Aug 11, 2022 09:23 PM",Antarctic ice crumbling faster than thought
"Published: Aug 11, 2022 09:26 PM",Giant meteorites created Earth's continents: study
"Published: Aug 11, 2022 09:33 PM",Brazilian woman arrested for stealing mother’s artwork
"Published: Aug 11, 2022 09:38 PM",Brazilian farmers bet on environmentally friendly cotton
"Published: Aug 11, 2022 09:40 PM",Agricultural technology to help protect Australia's reefs: foundation
"Published: Aug 14, 2022 09:17 PM",Iraq’s Garden of Eden suffers from drought
"Published: Aug 14, 2022 09:19 PM",Chinese medics boost treatment of non-communicable diseases in S.Sudan
"Published: Aug 14, 2022 09:33 PM",One killed after stage collapse in Spain
"Published: Aug 14, 2022 09:56 PM",41 dead in fire at mass in Cairo Copt church: officials
"Published: Aug 14, 2022 09:59 PM","Rakesh Jhunjhunwala, India’s ‘Warren Buffet,’ dies at 62"
"Published: Aug 14, 2022 10:00 PM",Gunman in custody after shooting
"Published: Aug 14, 2022 10:01 PM",One missing Vietnamese confirmed dead in UK fire
"Published: Aug 14, 2022 10:02 PM",Saudi Aramco unveils record $48.4 billion profit in second quarter
"Published: Aug 14, 2022 10:13 PM","Eight wounded, two critically, in ‘terror attack’ on Jerusalem bus"
"Published: Aug 14, 2022 10:14 PM Updated: Aug 14, 2022 10:36 PM",Liz Truss 22 points ahead in race to be next PM: poll
"Published: Aug 14, 2022 10:15 PM","India’s daily COVID-19 caseload falls to 14,092; total tally stands at 44,253,464"
"Published: Aug 15, 2022 09:03 PM",Egyptians mourn 41 killed in Cairo Coptic church fire
"Published: Aug 15, 2022 09:05 PM",Marshall Islands sees surging COVID-19 community transmission
"Published: Aug 15, 2022 09:21 PM",Najib seeks to admit new evidence
"Published: Aug 15, 2022 09:22 PM",Measles outbreak kills 80 children in Zimbabwe
"Published: Aug 15, 2022 09:24 PM",No toxins found so far in Oder river fish die-off: Polish minister
"Published: Aug 15, 2022 09:30 PM","Armenian market blast kills 6, injures 61"
"Published: Aug 15, 2022 09:32 PM",3 people shot in Illinois theme park
"Published: Aug 15, 2022 09:38 PM",Germany’s finance minister opposes taxing ‘excessive’ profits
"Published: Aug 15, 2022 09:45 PM",Officials threatened after Trump search
"Published: Aug 15, 2022 09:47 PM",Ex-Aussie PM Morrison secretly held ministry roles during pandemic
"Published: Aug 15, 2022 09:53 PM",Nuke talks must lead to US sanctions removal: Iran
"Published: Aug 16, 2022 08:35 PM",‘Extreme heat belt’ to cover middle of US by 2053: report
"Published: Aug 16, 2022 08:36 PM",S.Korea’s foreign labor crunch puts older workers back in factories
"Published: Aug 16, 2022 08:48 PM",UK to kick off COVID-19 booster campaign
"Published: Aug 16, 2022 08:49 PM",Court to hear Malaysia ex-leader Najib’s final appeal of jail sentence
"Published: Aug 16, 2022 08:55 PM",Earth’s water may be from asteroids: study
"Published: Aug 16, 2022 08:58 PM",Australia’s former PM defends secret minister roles
"Published: Aug 16, 2022 09:01 PM",CIA sued over alleged surveillance
"Published: Aug 16, 2022 09:02 PM",Mexico prepares new plan for 10 trapped coal miners after setback
"Published: Aug 16, 2022 09:06 PM",Affidavit in Trump's search sealed
"Published: Aug 16, 2022 09:07 PM",UN ship with grain for Africa sets off from Ukraine
"Published: Aug 16, 2022 09:08 PM",Kenya’s Deputy President William Ruto declared election winner
"Published: Aug 16, 2022 09:55 PM","'Without the Communist Party, there would be no new China' lyric reveals how China achieved tremendous achievement: Argentine Ambassador to China"
"Published: Aug 17, 2022 12:37 AM",Malaysia cannot decouple from China's economy; closer integration expected: Malaysian ​ambassador
"Published: Aug 17, 2022 09:15 PM",Climate change driving unprecedented forest fire loss
"Published: Aug 17, 2022 09:16 PM","Pacific besieged with waves of plastic pollution, warns researcher"
"Published: Aug 17, 2022 09:19 PM",Monkeypox to receive new name
"Published: Aug 17, 2022 09:32 PM",Musk says he was joking about buying Man United
"Published: Aug 17, 2022 09:35 PM",Prominent Vatican cardinal accused in Canada sexual assault lawsuit
"Published: Aug 17, 2022 09:45 PM Updated: Aug 17, 2022 09:55 PM","US cuts water supply for some states, Mexico"
"Published: Aug 17, 2022 09:46 PM","Multiple bomb, arson attacks rock southern Thailand"
"Published: Aug 17, 2022 09:51 PM",Tokyo Olympics exec arrested over bribery allegations
"Published: Aug 17, 2022 09:57 PM",PM candidates defy UK’s split-up
"Published: Aug 17, 2022 09:59 PM",Iraqi PM urges rival parties to solve deadlock via dialogue
"Published: Aug 17, 2022 10:01 PM",Bolsonaro and Lula officially kick off Brazilian presidential campaign
"Published: Aug 18, 2022 08:46 PM",Dutch anglers save fish as Rhine drought bites
"Published: Aug 18, 2022 08:55 PM",COVID-19 jab coverage in poorer countries hits 50 percent: vaccine alliance
"Published: Aug 18, 2022 08:59 PM",Belugas enjoy summer at northern refuge
"Published: Aug 18, 2022 09:02 PM",Spacesuit battery glitch forces early end to Russian spacewalk
"Published: Aug 18, 2022 09:06 PM",Newly discovered immune cells vital to fighting cancer
"Published: Aug 18, 2022 09:12 PM",Court hears Najib’s final appeal
"Published: Aug 18, 2022 09:13 PM",Forest fires in N.Algeria leave 38 dead
"Published: Aug 18, 2022 09:16 PM",Hundreds evacuated as ‘frightening’ floods hit New Zealand
"Published: Aug 18, 2022 09:25 PM",US court denies teen an abortion
"Published: Aug 18, 2022 09:27 PM","Victims of terrorism must not be ignored, says UN chief"
"Published: Aug 18, 2022 09:28 PM","Death toll in Kabul mosque blast rises to 21, with 33 wounded: police"
"Published: Aug 18, 2022 11:28 PM",South Korean envoy to China eyes cultural exchanges to nourish bilateral ties for another 30 years and beyond
"Published: Aug 21, 2022 08:49 PM",What rodent drivers can teach people about mental health
"Published: Aug 21, 2022 08:58 PM",UNESCO-listed park damaged by fire
"Published: Aug 21, 2022 09:00 PM",At least 34 killed in 2 Turkey road accidents
"Published: Aug 21, 2022 09:02 PM",Climate change impacting bumblebee wings
"Published: Aug 21, 2022 09:04 PM",Monsoon rains lash India
"Published: Aug 21, 2022 09:23 PM",DR Congo reports one suspected Ebola case: WHO
"Published: Aug 21, 2022 09:29 PM",Australian PM could launch inquiry into Morrison’s secret ministries saga
"Published: Aug 21, 2022 09:57 PM",Possible return
"Published: Aug 21, 2022 10:00 PM",21 killed in Somalia hotel siege
"Published: Aug 21, 2022 10:01 PM",UN chief inspects Ukraine’s grain export
"Published: Aug 21, 2022 10:04 PM",Iran says the West wants to prevent it from producing nuclear fuel
"Published: Aug 21, 2022 11:41 PM","Japan's plan to amass 1,000 long-range missiles against China 'has nothing to do with situation across Taiwan Straits, exposes Japan's peace-breaking ambitions'"
"Published: Aug 22, 2022 07:28 PM",Japan PM Kishida’s support tumbles
"Published: Aug 22, 2022 07:36 PM",Relative of NZ suitcase kids in S.Korea: police
"Published: Aug 22, 2022 07:40 PM",Habeck rejects extending Germany’s nuclear power plants
"Published: Aug 22, 2022 07:42 PM",Schools reopen in Philippines
"Published: Aug 22, 2022 07:43 PM",Tyson Fury calls for action on knife crime
"Published: Aug 22, 2022 07:45 PM","Australia launches preventative DNA screening for cancer, heart disease risks"
"Published: Aug 22, 2022 07:49 PM",Lake upends life for tiny Kenyan tribe
"Published: Aug 22, 2022 08:16 PM",Cheney vows to fight Trump loyalists
"Published: Aug 22, 2022 08:17 PM",Serbia warns it will protect Kosovo Serbs if NATO doesn’t
"Published: Aug 22, 2022 08:19 PM",Somalia prime minister vows accountability over deadly hotel siege
"Published: Aug 22, 2022 10:02 PM","China’s visible achievement in high tech, green energy inspires PICs: Fijian envoy"
"Published: Aug 22, 2022 09:51 PM","US revives drill with S.Korea, ups efforts to disturb region; ‘flexing muscles shows its adventurism’"
"Published: Aug 22, 2022 10:12 PM",People and govt of Vanuatu invited China in as stabilizer for region: Vanuatu observer
