﻿"Published: Aug 01, 2022 07:54 PM Updated: Aug 01, 2022 10:25 PM","GT Investigates: US 'evil bill' against Xinjiang wreaks havoc on global supply chains, green push"
"Published: Aug 01, 2022 10:37 PM",New S.Korean ambassador inaugurated; experts say THAAD's threat to China's national security key obstacle to bilateral ties
"Published: Aug 01, 2022 10:43 PM Updated: Aug 01, 2022 10:38 PM",Chinese FM spokesperson urges Biden not to allow Pelosi's visit to Taiwan
"Published: Aug 01, 2022 11:09 PM","With lower fertility intentions, China's population to see negative growth before 2025: National Health Commission"
"Published: Aug 01, 2022 11:29 PM",China vows decisive crackdown on job discrimination against recovered COVID-19 patients
"Published: Aug 02, 2022 12:05 AM",HKSAR to conduct measures to ensure performance safety after meeting about Mirror accident
"Published: Aug 02, 2022 01:44 AM Updated: Aug 02, 2022 01:23 AM","China sternly warns Biden admin not to arrange Pelosi's visit to Taiwan, PLA 'will not sit idly by'"
"Published: Aug 02, 2022 03:44 AM",Exclusive: Environmental authority explains how China has handled medical waste amid mass COVID-19 nucleic acid tests to avoid damage to the environment
"Published: Aug 02, 2022 10:07 AM","Pelosi's potential visit to Taiwan dangerous, provocative: China's UN envoy"
"Published: Aug 02, 2022 01:43 PM Updated: Aug 02, 2022 01:40 PM","Beijing, Shanghai start inter-regional recognition of COVID test result to reduce economic impact"
"Published: Aug 02, 2022 03:35 PM Updated: Aug 02, 2022 05:58 PM",Tension escalates hours ahead of Pelosi's potential Taiwan visit as PLA remains fully prepared for any crisis
"Published: Aug 02, 2022 03:53 PM",Dogs and cats get wearable fans to cool down (190)
"Published: Aug 02, 2022 03:56 PM",Beautiful sunset
"Published: Aug 02, 2022 03:57 PM",Shared roof garden
"Published: Aug 02, 2022 04:05 PM","Xinjiang is my second hometown, says accidental internet sensation"
"Published: Aug 02, 2022 04:45 PM Updated: Aug 02, 2022 05:57 PM","PLA’s two aircraft carriers move out from homeports amid Pelosi’s alleged imminent Taiwan visit, satellite images and reports show"
"Published: Aug 02, 2022 04:57 PM",Zoo keeper ‘exchanges’ popcorn for slipper from orangutan in East China
"Published: Aug 02, 2022 05:01 PM",Zoo makes soup for orangutans to beat the heat
"Published: Aug 02, 2022 06:10 PM",Navigational warnings for military exercises amid Taiwan Straits tensions
"Published: Aug 02, 2022 06:16 PM",Quotes from Mao Zedong on how to respond to US imperialism
"Published: Aug 02, 2022 07:58 PM Updated: Aug 03, 2022 12:37 AM","US bears full responsibility for all consequences of Pelosi's Taiwan visit, China warns"
"Published: Aug 02, 2022 08:51 PM",'Snail awards' given to sluggish civil servants as China ramps up efforts to rectify indolent govt performances
"Published: Aug 02, 2022 09:00 PM Updated: Aug 03, 2022 12:38 AM",China to speed up reunification process with comprehensive action as it ramps up military readiness against Pelosi’s Taiwan visit
"Published: Aug 02, 2022 09:22 PM","Japan’s Mihama nuclear plant reports radioactive water leak, sparking concerns after Fukushima discharge plan"
"Published: Aug 02, 2022 09:52 PM",US kills Qaeda leader with drone strike that ‘violates Afghanistan’s sovereignty’
"Published: Aug 02, 2022 09:48 PM","Hua Chunying shows up 5 months after briefing on Russia-Ukraine crisis, denounces Pelosi's potential Taiwan visit 'stupid, dangerous gambling'"
"Published: Aug 02, 2022 10:29 PM",Community with a shared future for mankind’ contrasts sharply with Western thesis of ‘clash of civilizations’: scholars
"Published: Aug 02, 2022 10:32 PM Updated: Aug 02, 2022 10:27 PM","'Get out!' Civic groups, politicians, industry representatives in Taiwan protest Pelosi's visit"
"Published: Aug 02, 2022 10:23 PM",PLA Air Force's Su-35 fighter jet(s) is crossing the Taiwan Straits: report
"Published: Aug 02, 2022 10:56 PM","8,800 cases busted in 7 months as China vows zero tolerance for farmland violations"
"Published: Aug 02, 2022 11:09 PM Updated: Aug 02, 2022 11:33 PM",Wang Yi has no plan to meet Blinken during ASEAN meetings amid tensions caused by Pelosi’s trip to Taiwan island
"Published: Aug 02, 2022 10:58 PM",Statement by China's Ministry of Foreign Affairs on Pelosi's visit to Taiwan
"Published: Aug 02, 2022 10:58 PM",China’s Foreign Ministry issues statement to condemn Pelosi’s Taiwan island visit
"Published: Aug 02, 2022 11:03 PM",China’s top legislature issues a statement in condemning Pelosi’s Taiwan island visit
"Published: Aug 02, 2022 11:03 PM",Sanya suspends onsite services at some public venues after BA.5.1.3 detected
"Published: Aug 02, 2022 11:29 PM",PLA to conduct drills around island of Taiwan Tuesday night including conventional missile test launches
"Published: Aug 03, 2022 12:09 AM",Foreign Affairs Committee of CPPCC National Committee issues statement on Pelosi's visit to China's Taiwan region
"Published: Aug 03, 2022 12:09 AM",Taiwan Work Office of CPC Central Committee issues statement on Pelosi's visit to Taiwan
"Published: Aug 03, 2022 12:10 AM",NPC Standing Committee spokesperson makes remarks on U.S. House Speaker Pelosi's visit to China's Taiwan region
"Published: Aug 03, 2022 01:25 AM","J-20 stealth fighter jets join PLA drills surrounding Taiwan, reports show"
"Published: Aug 03, 2022 01:33 AM",Dior accused again of cultural appropriation by Chinese netizens
"Published: Aug 03, 2022 01:55 AM",Hebei man apprehended by police for killing girlfriend by running her over
"Published: Aug 03, 2022 02:07 AM Updated: Aug 03, 2022 02:03 AM",PLA launches missile drill to east of Taiwan as Pelosi arrives; China to turn on a new status quo for Taiwan situation as ‘US has broken the old one’
"Published: Aug 03, 2022 02:11 AM","PLA drills involving missiles, J-20 stealth fighters surround Taiwan as Pelosi lands on island"
"Published: Aug 03, 2022 02:33 AM","China summons US ambassador overnight to protest against Pelosi's Taiwan visit, warns US of paying price for its mistake"
"Published: Aug 03, 2022 08:15 AM Updated: Aug 03, 2022 11:03 AM",Chinese Foreign Minister condemns US intrusion of China’s sovereignty
"Published: Aug 03, 2022 12:59 PM Updated: Aug 03, 2022 01:01 PM","China punishes diehard 'Taiwan secessionists,' foundations and companies in accordance with law"
"Published: Aug 03, 2022 04:50 PM Updated: Aug 03, 2022 04:41 PM","Update: Suspect arrested for killing 3, injuring another 6 during a kindergarten killing spree in C China’s Jiangxi"
"Published: Aug 03, 2022 07:21 PM Updated: Aug 03, 2022 10:11 PM","PLA drills around Taiwan continue to 'rehearse reunification operation' after Pelosi's visit, 'exercises blockading island to become routine'"
"Published: Aug 03, 2022 09:11 PM",Mainland ramps up sanctions on Taiwan over Pelosi visit
"Published: Aug 03, 2022 09:26 PM",China refutes German FM's wrong remarks over Taiwan question
"Published: Aug 03, 2022 09:51 PM",Snap the blue: Beijing resident witnesses 10-year steady air quality improvement as nation beats pollution as promised
"Published: Aug 03, 2022 09:56 PM","Monkeypox infections soar in US, as country 'fails' again to contain virus"
"Published: Aug 03, 2022 10:23 PM Updated: Aug 03, 2022 10:12 PM","Pelosi changes status quo of Taiwan Straits with provocative visit, exposes US long-term miscalculation"
"Published: Aug 03, 2022 10:10 PM",Pelosi's 'reckless' Taiwan visit keeps SE Asian countries on tenterhooks
"Published: Aug 03, 2022 10:17 PM","Nationwide campaign to combat illegal wildlife trade handles 12,000 cases"
"Published: Aug 03, 2022 10:44 PM",Chinese experts warn of higher risk of COVID-19 rebound among elderly after Biden's case
"Published: Aug 03, 2022 11:15 PM",International community reiterates adherence to one-China principle; ‘time to review fact’ that Taiwan is part of China
"Published: Aug 03, 2022 11:01 PM",Chinese FM reiterates strong opposition against Japan's dumping of nuclear-contaminated water ahead of facility construction
"Published: Aug 03, 2022 11:34 PM","Chinese netizens erupt in anger over Pelosi's Taiwan visit, shows 1.4b people's willpower, confidence in reunification"
"Published: Aug 03, 2022 11:28 PM","From desert highway to green corridor: a glimpse into Yulin, NW China"
"Published: Aug 04, 2022 12:08 AM","PLA to start live fire drills 2 days after Pelosi's visit, leaves time for ship evacuations, airline adjustments"
"Published: Aug 04, 2022 12:22 AM",Americans protest in front of Pelosi's office against her political showmanship in Taiwan
"Published: Aug 04, 2022 01:21 AM",Zhejiang state security organ summons Taiwan-born suspect for secession investigation
"Published: Aug 04, 2022 01:56 AM",PLA launches military drills around the island of Taiwan
"Published: Aug 04, 2022 08:41 AM",Chinese Ambassador to India H.E. Sun Weidong Gave an Exclusive Interview to the Times of India on US House Speaker Pelosi’s Visit to China’s Taiwan Region
"Published: Aug 04, 2022 08:43 AM",Spokesperson of Chinese Embassy in India Counsellor Wang Xiaojian issued a solemn statement on Speaker of the U.S. House of Representatives Nancy Pelosi's visit to China's Taiwan region
"Published: Aug 04, 2022 11:02 AM Updated: Aug 04, 2022 10:56 AM","G7 statement over Taiwan ‘shameless,’ reminiscent of ‘Eight-Power Allied Forces’: Chinese FM, Mission to EU"
"Published: Aug 04, 2022 01:26 PM","PLA Eastern Theater Command Army conducts long-range artillery live-fire shooting drills, striking targets on eastern side of Taiwan Straits"
"Published: Aug 04, 2022 03:15 PM Updated: Aug 04, 2022 03:11 PM","China's comprehensive measures are necessary, timely defensive countermeasures: State Councilor and Foreign Minister Wang Yi"
"Published: Aug 04, 2022 03:30 PM","PLA Eastern Theater Command Rocket Force launches conventional missiles to designated sea regions east of Taiwan, accurately hitting targets"
"Published: Aug 04, 2022 04:59 PM",PLA conducts live-fire drills surrounding Taiwan island
"Published: Aug 04, 2022 05:24 PM","PLA launches long-range rocket artillery, conventional missiles in drills around Taiwan"
"Published: Aug 04, 2022 05:59 PM",PLA aircraft carrier group with nuclear-powered submarine joins drills around Taiwan: expert
"Published: Aug 04, 2022 06:13 PM Updated: Aug 04, 2022 06:09 PM",US only brings about disaster to people they said they stand with: Chinese FM responds to Pelosi's provocative claim and visit to island of Taiwan
"Published: Aug 04, 2022 09:19 PM",Temperatures in July hit second-highest levels since 1961: NMC
"Published: Aug 04, 2022 10:08 PM","Exclusive: Zimbabwean envoy commends China for exercising restraint in the face of provocation by Pelosi, stresses adherence to one-China principle"
"Published: Aug 04, 2022 10:35 PM Updated: Aug 04, 2022 11:48 PM","US-led G7 repeats playbook of stirring tension, framing China over Straits tension; Pelosi's mess prompts US media to explain why one-China policy matters"
"Published: Aug 04, 2022 10:33 PM",China-Japan FM talks cancelled after G7 unjustly criticizes China over Taiwan question
"Published: Aug 04, 2022 10:34 PM","DPP faces backlash following mainland's import suspensions, slammed for damaging residents' interests"
"Published: Aug 04, 2022 10:59 PM",China hails its carrier rocket family’s 100th consecutive successful launch as US space debris falls on Australian farmland
"Published: Aug 04, 2022 10:51 PM",Outbreak in 'Hawaii of China' Sanya likely triggered by imports through fishery trade: official
"Published: Aug 04, 2022 11:18 PM","Revealing a confident, vigorous and real China via window of short videos on rural life"
"Published: Aug 04, 2022 11:22 PM","State, party leaders, govt agencies from 12 more countries join reaffirmation of their adherence to the one-China principle"
"Published: Aug 04, 2022 11:47 PM","Yoon snubs Pelosi amid regional tensions, as 'playing high-profile host to US House Speaker risks antagonizing China'"
"Published: Aug 05, 2022 12:54 AM Updated: Aug 05, 2022 12:33 AM","PLA's 'Taiwan lockdown' drills stun secessionists, external forces as precision strike, area denial capabilities proved"
"Published: Aug 05, 2022 10:54 AM Updated: Aug 05, 2022 12:54 PM","Chinese Foreign Ministry summons European, Japanese envoys to protest against G7's wrong statement on Taiwan question, urging countries not to go further down dangerous path"
"Published: Aug 05, 2022 01:18 PM",New Zealand adheres to one-China principle; hopes China continues to strengthen cooperation with island countries through forum: NZ FM
"Published: Aug 05, 2022 04:22 PM",China sanctions US House Speaker Nancy Pelosi and her immediate family members following her Taiwan visit
"Published: Aug 05, 2022 05:57 PM",China announces eight countermeasures in response to Pelosi’s Taiwan island visit
"Published: Aug 05, 2022 06:22 PM",‘Every street is a road back to home’: netizens heatedly discuss new detailed Taiwan city maps on mainland apps
"Published: Aug 05, 2022 07:08 PM",Japanese leaders' recent actions on Taiwan question disappoint China very much: FM
"Published: Aug 05, 2022 09:23 PM","Sanya, Yiwu see flare-ups during summer season; large-scale transmission risk still 'small'"
"Published: Aug 05, 2022 09:58 PM Updated: Aug 05, 2022 11:59 PM","Pelosi wraps up Asia trip, leaves disastrous legacy, massive mess for Biden, Taiwan"
"Published: Aug 05, 2022 10:05 PM","China launches reusable spacecraft, new step to support peaceful use of space"
"Published: Aug 05, 2022 10:07 PM Updated: Aug 05, 2022 11:59 PM",China justly reacts against Japanese meddling as Tokyo shifts to US line on Taiwan
"Published: Aug 05, 2022 11:07 PM","China’s countermeasures after Pelosi’s visit are necessary, says Chinese FM in response to Western accusations of ‘overreaction’"
"Published: Aug 05, 2022 11:24 PM","China halts military, climate change talks, sanctions Pelosi in ‘unprecedented’ countermeasures, showcases ‘resolve in protecting core interest’ "
"Published: Aug 05, 2022 11:17 PM",‘Slap in the face’ of US media as Chinese netizens express full support for govt’s countermeasures against US and Pelosi
"Published: Aug 05, 2022 11:32 PM","PLA continues drills around Taiwan; warplane pilots visually confirm coastline, Central Mountain Range"
"Published: Aug 06, 2022 11:55 AM",'US should bear responsibility' for four times of grounding of China-US military ties over Taiwan question
"Published: Aug 06, 2022 04:03 PM",HK supports central govt's  countermeasures against Pelosi's visit; sanctions may cause 'substantial financial loss if economic connection is cut off'
"Published: Aug 06, 2022 04:45 PM",Pakistan firmly supports one-China principle and iron brother’s efforts in safeguarding national sovereignty and territorial integrity: Pakistani Ambassador
"Published: Aug 06, 2022 05:17 PM","PLA focuses on land attack, sea assault on 3rd day of drills around Taiwan island"
"Published: Aug 06, 2022 06:01 PM","Sanya offers hotel concessions for 80,000 tourists stranded under static management"
"Published: Aug 06, 2022 06:22 PM",ASEAN representatives vow to strengthen cooperation with China amid complex situation at forum
"Published: Aug 06, 2022 07:03 PM","Japan, US to be judged by history for interfering in China's internal affairs, Japanese scholars say as tensions in Taiwan Straits worry Okinawans"
"Published: Aug 06, 2022 07:28 PM","Sweet revitalization: former revolutionary base prospers through unique agriculture, successful marketing"
"Published: Aug 06, 2022 08:46 PM","US receives limited endorsements from allies on its groundless accusation against China on Taiwan Straits tension, proving one-China principle a strong international consensus"
