﻿"Published: Jan 22, 2020 09:15 PM Updated: Aug 15, 2022 09:09 AM",Real-time update on coronavirus outbreak
"Published: Aug 01, 2022 07:54 PM Updated: Aug 10, 2022 12:25 PM","GT Investigates: US 'evil bill' against Xinjiang wreaks havoc on global supply chains, green push"
"Published: Aug 09, 2022 01:39 PM Updated: Aug 09, 2022 01:34 PM","China's Shandong and Henan detect new zoonotic virus, 35 people reportedly infected"
"Published: Aug 09, 2022 02:07 PM",Lhasa's rare COVID flare-up caused by imported Omicron subvariant BA.2.76
"Published: Aug 09, 2022 06:35 PM",US should not be surprised or frustrated by China canceling cooperation: Vice FM on Pelosi's Taiwan visit
"Published: Aug 09, 2022 07:39 PM",US attempts to break into China's 360 internet security firm but fails: company founder
"Published: Aug 09, 2022 08:39 PM","Report on human rights violations in Middle East exposes US' barbarity, cruelty and hypocrisy"
"Published: Aug 09, 2022 08:51 PM Updated: Aug 09, 2022 11:56 PM","US partisan struggle further escalates, 'political system more dysfunctional' as Trump's Mar-a-Lago searched by FBI"
"Published: Aug 09, 2022 08:49 PM","US' new Africa strategy points at China, Russia 'threats' when 'overwhelming' evidence shows the West working against African interests: experts"
"Published: Aug 09, 2022 09:10 PM","China's border regions face test on capability in handling COVID-19 as Xinjiang, Xizang register flare-ups"
"Published: Aug 09, 2022 09:18 PM",Witnessing military progress
"Published: Aug 09, 2022 09:29 PM",Media role to boost BRI cooperation highlighted at Xi'an forum against hegemonic voices
"Published: Aug 09, 2022 09:37 PM",US commits serious crimes of violating human rights in the Middle East and beyond
"Published: Aug 09, 2022 09:59 PM",Hainan starts to fly back stranded tourists eligible for leaving home in batches
"Published: Aug 09, 2022 10:37 PM Updated: Aug 10, 2022 10:12 AM","China, US face 'high risks of miscalculations, crisis' with US' possible more provocative moves over Taiwan amid Biden's 'buck-passing' remarks"
"Published: Aug 09, 2022 10:44 PM",Traditional Chinese medicine promoted at grass-roots medical service centers in home of ancient 'Medicine King'
"Published: Aug 09, 2022 10:52 PM",Eight juveniles suspected of assaulting and killing 21-year-old man in NW China: local police
"Published: Aug 09, 2022 11:55 PM","Chinese FM urges more independent, mature bilateral ties"
"Published: Aug 10, 2022 12:01 AM","More Americans denounce Pelosi's overstepping of boundaries on China-US relations, realize importance of 'one-China principle'"
"Published: Aug 10, 2022 12:12 AM","Pelosi's unilateral visit to Taiwan is personal political stunt by an aging Western leader, leaves irrevocable damage to local society and cross-Straits relations"
"Published: Aug 10, 2022 01:44 AM",Chinese PLA is prepared no matter how US forces transit the Taiwan Straits: experts
"Published: Aug 10, 2022 10:05 AM Updated: Aug 10, 2022 10:06 PM","China releases white paper on Taiwan question and reunification, outlines irreversible historical process, stronger capability and rock-solid resolution in new era"
"Published: Aug 10, 2022 10:34 AM",Full Text: The Taiwan Question and China's Reunification in the New Era
"Published: Aug 10, 2022 11:06 AM Updated: Aug 10, 2022 11:01 AM",Urumqi enforces 'static management' in parts of city to stem new wave of coronavirus resurgence
"Published: Aug 10, 2022 01:13 PM","China, not even a bit can be left behind"
"Published: Aug 10, 2022 03:00 PM",Taiwan resident Yang Chih-yuan suspected of endangering national security transferred to designated residential surveillance
"Published: Aug 10, 2022 04:48 PM Updated: Aug 10, 2022 11:42 PM",PLA to conduct regular combat readiness security patrol in Taiwan Straits
"Published: Aug 10, 2022 06:05 PM",China opposes using counter-terrorism for geopolitical self-interests at UN briefing
"Published: Aug 10, 2022 07:18 PM","River chief guarding longest branch of the Yangtze River appreciates policies, governance support in last decade"
"Published: Aug 10, 2022 07:31 PM","Exclusive: Chinese medical team in Solomon Islands wins respect with professionalism, sincerity"
"Published: Aug 10, 2022 07:33 PM",China-US climate talks suspension is legitimate countermeasure; US must bear consequences: Chinese FM
"Published: Aug 10, 2022 08:19 PM",Chinese Embassy in S.Korea provides timely assistance to relatives of Chinese victims in rainstorm disaster: FM
"Published: Aug 10, 2022 09:04 PM",Chinese Ambassador calls for Canberra's independent foreign policy 'free from third party interference'
"Published: Aug 10, 2022 09:29 PM","Chinese, Indian observers underscore rebuilding trust as divergences remain despite positive signals in ties"
"Published: Aug 10, 2022 09:43 PM Updated: Aug 10, 2022 11:43 PM",US CHIPS Act 'economic coercion' against China; but won't succeed in changing global semiconductor industrial distribution: expert
"Published: Aug 10, 2022 10:13 PM",Kishida reshuffles cabinet amid cult controversy as 'real threat not from China but within Japan'
"Published: Aug 10, 2022 10:18 PM",KMT delegation's mainland visit a normal one; absurd for DPP to hype it with malicious intent: Taiwan Affairs Office
"Published: Aug 10, 2022 11:08 PM Updated: Aug 10, 2022 11:04 PM",Neither China nor international community will accept US' gangster logic: Chinese FM
"Published: Aug 10, 2022 11:41 PM","Summer vacation destinations in China hit by new resurgence, to 'deal blow to tourism in short time'"
"Published: Aug 11, 2022 01:26 AM",Xizang authorities offer support for local people after COVID-19 flare-up
"Published: Aug 11, 2022 02:48 AM",Chinese FM holds talks with Nepalese counterpart
"Published: Aug 11, 2022 09:50 AM Updated: Aug 11, 2022 09:44 AM","Yiwu, world's largest commodities hub, enters into 'static management' to curb latest coronavirus resurgence"
"Published: Aug 11, 2022 11:16 AM Updated: Aug 11, 2022 11:11 AM","Over 2,000 stranded tourists depart Sanya, 1,254 new COVID cases are detected"
"Published: Aug 11, 2022 07:37 PM","One Country, Two Systems will eventually be understood and recognized by Taiwan compatriots: Taiwan Affairs Office"
"Published: Aug 11, 2022 08:41 PM Updated: Aug 11, 2022 10:20 PM","Biden admin's plan to tie tariffs to Taiwan question 'ridiculous,' a useless card to be played again in the face of mid-term elections"
"Published: Aug 11, 2022 09:43 PM","China prepares for possible 'twindemic' of influenza, COVID-19"
"Published: Aug 11, 2022 09:50 PM",Dangerous religious sects' close ties with powerful politicians revealed as survey finds over 100 Japanese lawmakers have links with Unification Church
"Published: Aug 11, 2022 10:14 PM","City in China's Xizang prolongs static management for 3 days, provides free accommodation to stranded visitors"
"Published: Aug 11, 2022 10:16 PM",UK descends into being 'colony of US' as Truss summons Chinese ambassador over Taiwan
"Published: Aug 11, 2022 10:19 PM",China vows to act resolutely against provocation as Lithuanian delegation's Taiwan visit infringes on China's sovereignty
"Published: Aug 11, 2022 10:31 PM","High temperatures up to 40 C hit 15 provinces, likely to linger as climatic background persists"
"Published: Aug 11, 2022 10:39 PM Updated: Aug 11, 2022 11:26 PM",Japan should rectify mindset of 'being close to China in economy but relying on US on security': representative director of Japan-China Friendship Center
"Published: Aug 11, 2022 11:52 PM","'One country, two systems' to be 'recognized' by Taiwan island; smearing of DPP authorities cannot deny goodwill of the mainland"
"Published: Aug 12, 2022 12:13 AM",High temperatures boost China's ice-making industry as demand surges
"Published: Aug 12, 2022 12:18 AM",Illegal maps violating one-China principal seized by Chongqing Customs
"Published: Aug 12, 2022 01:21 AM Updated: Aug 12, 2022 01:11 AM",THAAD issue should not be stumbling block in China-S. Korea relations again: analysts
"Published: Aug 12, 2022 07:20 PM","China, Thailand to hold joint air force exercise in large scale, as PLA sends fighter-bomber for first time"
"Published: Aug 12, 2022 07:33 PM",China sanctions Lithuanian deputy minister of transport and communications following Taiwan island visit
"Published: Aug 12, 2022 09:00 PM",Elephant ‘baby boom’ shows China's robust protection of mammoth stars after legendary journey in 2021
"Published: Aug 12, 2022 09:31 PM","Chinese oral anti-COVID drug delivered to epidemic-hit regions, ‘effective’ in inhibiting virus"
"Published: Aug 12, 2022 10:23 PM",Survey says China ahead of US in popularity among Arab people
"Published: Aug 12, 2022 11:14 PM","China sanctions Lithuanian deputy minister over Taiwan visit, first foreign official punished since Pelosi"
"Published: Aug 13, 2022 12:11 AM","‘Shortsighted’ Estonia and Latvia quit China-CEEC out of US pressure; not to affect mechanism with their marginal role

"
"Published: Aug 13, 2022 12:45 AM",Scholars outline conditions to be met for China’s peaceful reunification
"Published: Aug 13, 2022 01:08 AM",5 officials in SW China's Xizang removed for not fully implementing epidemic prevention measures
"Published: Aug 13, 2022 01:36 AM",DPP authorities urged to explain financial relationship after Pelosi’s son found to be among her delegation 
"Published: Aug 13, 2022 12:25 PM","Chinese embassy urges US to assume obligations, not to make excuses for own mistakes after remarks on China's decision of halting climate talks over Pelosi's Taiwan visit"
"Published: Aug 13, 2022 06:22 PM",China’s Shenzhou-14 crew to conduct their first spacewalk in near future
"Published: Aug 13, 2022 08:00 PM","Why summer 2022 is so hot both in China and globally? Experts point to La Nina, predict ‘roast mode’ to linger"
"Published: Aug 14, 2022 12:39 AM","Vice premier Sun Chunlan urges stopping community-level COVID-19 spread in Hainan, speed up arranging return trips for stranded travelers"
"Published: Aug 14, 2022 03:34 PM",SW China's Xizang removes 3 more officials due to ineffective anti-COVID work
"Published: Aug 14, 2022 04:30 PM Updated: Aug 14, 2022 04:27 PM","7 killed, 8 injured in flash floods in SW China's 'new Instagram-worthy' valley"
"Published: Aug 14, 2022 05:48 PM","Over 2,000 tourists still stranded in NW China's Xinjiang; circuit break mechanism initiated for trans-provincial tourism"
"Published: Aug 14, 2022 07:32 PM",People's voice: Whole-process people's democracy shows CPC's consistent philosophy of putting people first
"Published: Aug 14, 2022 07:41 PM","China, Thailand kick off air force drills, enhance mutual trust in safeguarding regional peace"
"Published: Aug 14, 2022 07:37 PM",China’s whole-process people’s democracy presents a new perspective on democracy in the world: expert
"Published: Aug 14, 2022 09:47 PM Updated: Aug 14, 2022 10:43 PM",China witnessing strongest heat wave in six decades; long-lasting high temperatures to become new normal in the future: meteorologists
"Published: Aug 14, 2022 10:02 PM Updated: Aug 14, 2022 10:45 PM",Trump's legal jeopardy could 'misguide US midterm elections' into partisan conflict rather than solving urgent economic problems
"Published: Aug 14, 2022 10:02 PM","Japan warned of returning to old path of militarism, after cabinet member visits infamous Yasukuni Shrine"
"Published: Aug 14, 2022 10:02 PM","Philippines, China resume railway talks: local media"
"Published: Aug 14, 2022 10:19 PM","Daily COVID-19 cases across 17 provincial-level regions surpass 2,000"
"Published: Aug 14, 2022 10:37 PM","India called on to honor one-China principle, as Chinese ambassador sees 'positive impetus' in ties"
"Published: Aug 14, 2022 10:38 PM","Shanghai to reopen kindergartens, primary and middle schools on Sep 1, with parents torn between joys and worries"
"Published: Aug 15, 2022 12:14 AM",Kissinger warns Biden administration against changing Taiwan status quo
"Published: Aug 15, 2022 12:13 AM",COVID-19-stricken Hainan in South China punishes 6 officials for dereliction of duty in fighting epidemic
"Published: Aug 15, 2022 12:46 AM",Sri Lanka gives clearance to deferred arrival of Chinese scientific research vessel: reports
"Published: Aug 15, 2022 01:23 AM","US keeps provoking tensions in Straits with lawmakers' sneaky visit, to face 'firm countermeasures'"
"Published: Aug 15, 2022 12:31 PM",Xi encourages 'Good Samaritans of China' to project positive energy for the good of society
"Published: Aug 15, 2022 12:32 PM",Full text of Xi Jinping's letter to grassroots heroes
"Published: Aug 15, 2022 02:18 PM",Xi replies to letter from grassroots heroes
"Published: Aug 15, 2022 02:40 PM",One year after US' withdrawal from Afghanistan
"Published: Aug 15, 2022 02:57 PM",PLA Eastern Theater Command organizes joint combat patrol and drills around Taiwan island on Monday
"Published: Aug 15, 2022 04:01 PM",Remember history
"Published: Aug 15, 2022 04:08 PM",Japanese aggression in numbers
"Published: Aug 15, 2022 05:00 PM","Rural basketball game goes viral on Chinese social media platforms, attracting Yao Ming’s attention"
"Published: Aug 15, 2022 05:01 PM",300 farmers take a month to ‘grow’ image of Yuan Longping
"Published: Aug 15, 2022 05:23 PM",Wild elephants help inspectors catch 5 suspected stowaways
"Published: Aug 15, 2022 05:52 PM Updated: Aug 15, 2022 08:49 PM",The PLA is to crush secessionist attempts for 'Taiwan independence' and external interference amid US lawmakers' sneaky visit: Defense Ministry
"Published: Aug 15, 2022 05:55 PM","Rivers in multiple Chinese provinces dry up due to persistent high temperatures, much less rainfalls"
"Published: Aug 15, 2022 08:56 PM Updated: Aug 15, 2022 11:00 PM",China resolutely responds to US' continuous provocations on Taiwan question
"Published: Aug 15, 2022 08:48 PM Updated: Aug 15, 2022 11:07 PM",Cambodian top military official reaffirms adhering to one-China principle amid Straits tensions
"Published: Aug 15, 2022 08:57 PM",Hainan extends 'static management' over fishing ports for a week
"Published: Aug 15, 2022 09:31 PM","Afghans experience better security under Taliban rule but challenges in economy, social governance remain"
"Published: Aug 15, 2022 09:41 PM",India expected to maintain 'strategic independence' on 75th independence day despite 'shared values' preached by Biden
"Published: Aug 15, 2022 10:11 PM Updated: Aug 15, 2022 09:53 PM","Japanese politicians' worship of Yasukuni Shrine angers neighboring countries; reflects Tokyo's right-leaning tendency, more twisted historical view"
"Published: Aug 15, 2022 10:44 PM Updated: Aug 15, 2022 10:40 PM",Exclusive: Chinese Embassy in Sri Lanka to launch welcoming ceremony for arrival of Chinese research vessel: source
"Published: Aug 15, 2022 10:52 PM Updated: Aug 15, 2022 10:59 PM",From blowing up Afghan land to snatching its assets – US still trapped in 'Kabul moment' one year after withdrawal
"Published: Aug 15, 2022 10:59 PM","Rivers in multiple provinces dry up due to high temperatures, less rain"
"Published: Aug 15, 2022 11:25 PM",China's home-produced Omicron-specific mRNA vaccine to start trials
"Published: Aug 15, 2022 11:30 PM",Detailed information of Japanese army's notorious chemical warfare unit made public in China for first time on 77th anniversary of Japan's WWII surrender
