﻿"Published: Jan 22, 2020 09:15 PM Updated: Jul 10, 2022 09:00 AM",Real-time update on coronavirus outbreak
"Published: Jun 29, 2022 07:02 PM Updated: Jul 04, 2022 07:02 PM","GT investigates: Millions of prison laborers in US produce billions in annual profits while working in harsh conditions, risking their lives for pennies"
"Published: Jul 01, 2022 05:42 PM Updated: Jul 06, 2022 10:19 PM","GT investigates: Cheaper than machines, working 70 hours under exploitive laws – life of 500,000 US child farmworkers"
"Published: Jul 04, 2022 06:35 PM",Red Building sets up educational base for students to practice ideological and political classes
"Published: Jul 04, 2022 07:33 PM",Singer Jacky Cheung says he is ‘proud to be Chinese’ after controversial video message
"Published: Jul 04, 2022 07:39 PM",China's latest CH tilt-rotor drone gets domestically developed engine
"Published: Jul 04, 2022 09:10 PM",All-out rescue continues as 12 bodies found after typhoon shipwreck
"Published: Jul 04, 2022 09:48 PM","Chinese, Russian warships approach Diaoyu Islands as Russia ‘sends warning to Japan’"
"Published: Jul 04, 2022 10:33 PM",Outbreak in Anhui county reveals anti-epidemic dilemma in rural areas
"Published: Jul 04, 2022 10:32 PM Updated: Jul 04, 2022 10:27 PM","China opens more than 5,000 free blood sampling sites to help family reunions"
"Published: Jul 04, 2022 10:54 PM Updated: Jul 04, 2022 11:28 PM","US, Russian envoys clash over Ukraine crisis at Beijing forum as Chinese experts call on major powers to control ‘spillover effect’"
"Published: Jul 04, 2022 11:08 PM",Approval ratings of Yoon of S.Korea plummet after presence at NATO
"Published: Jul 04, 2022 11:13 PM",Sinovac launches clinical trial for Omicron-specific vaccine
"Published: Jul 04, 2022 11:23 PM",China proposes 6 programs with Lancang-Mekong countries despite ‘customary’ Western provocation of ties
"Published: Jul 04, 2022 11:40 PM","Commissioner's Office of Chinese FM condemns French politicians for slandering the practice of 'one country, two systems' in Hong Kong"
"Published: Jul 05, 2022 12:44 AM",China further streamlines procedures for intl arrivals
"Published: Jul 05, 2022 11:54 AM Updated: Jul 05, 2022 11:59 AM","New CE of HKSAR to focus on epidemic work, housing woes as first meetings begin"
"Published: Jul 05, 2022 12:15 PM Updated: Jul 05, 2022 12:07 PM","Shenzhen passes regulation respecting patients’ end-of-life decisions, becoming first Chinese city to allow death with dignity"
"Published: Jul 05, 2022 02:05 PM","China reports '112+306' cases on Monday, infections in Anhui Province show declining tendency"
"Published: Jul 05, 2022 02:43 PM",Xi congratulates Algerian president on 60th anniversary of independence
"Published: Jul 05, 2022 07:20 PM",Health officials from S. China’s Guangxi suspended from work for disregarding petitions from the public
"Published: Jul 05, 2022 08:39 PM",Chinese experts call for more innovative vaccines amid expansion of COVID sub-variant
"Published: Jul 05, 2022 09:51 PM","NATO’s expansion, ‘going wherever I want’ posture bring instability, confrontations around the world"
"Published: Jul 05, 2022 10:07 PM","Serious crisis, worse security situation lie ahead as Finland, Sweden advance to final stage of NATO membership"
"Published: Jul 05, 2022 11:05 PM",Mastermind behind Karachi Confucius Institute attack busted with foreign forces suspected of playing a role 
"Published: Jul 05, 2022 11:17 PM",Hyping 'Taiwan volunteers on Ukraine battlefield' to gain intl support for Taiwan secessionists unrealistic: experts
"Published: Jul 05, 2022 11:29 PM",Chinese FM’s visit expected to kick-start China-Philippine relations in new era
"Published: Jul 05, 2022 11:48 PM",Xi'an enters a 7-day close-off management as COVID-19 cases found in region's largest trading market
"Published: Jul 06, 2022 12:02 AM",Hunan police cracks down on online criminal gang targeting overseas internet users
"Published: Jul 06, 2022 12:11 AM",Beautiful Xinjiang in numbers
"Published: Jul 06, 2022 12:12 AM",US seeks China's help to ease inflation in latest interaction
"Published: Jul 06, 2022 01:05 AM",Underlying efforts to push US-Nepal military pact not terminated despite of huge backlash: source
"Published: Jul 06, 2022 01:56 AM","So-called San Francisco Peace Treaty illegal, invalid: Chinese FM"
"Published: Jul 06, 2022 02:03 AM",China unfolds deorbiting sail for in-orbit spacecraft
"Published: Jul 06, 2022 12:27 PM","John Lee rejects 'lying flat,' looking for halfway plan for border opening with mainland"
"Published: Jul 06, 2022 01:14 PM","Shanghai reports 2 new community cases; 4 high-risk, 22 medium-risk regions listed amid latest COVID-19 flare-up"
"Published: Jul 06, 2022 02:31 PM",'Hermes of ice cream' Zhong Xue Gao defends its product's safety after videos show it doesn't melt even with the help of a flame
"Published: Jul 06, 2022 04:22 PM",Update: SOHO China being investigated on suspicion of insider trading
"Published: Jul 06, 2022 05:50 PM","Xi’an authorities say temporary prevention conducted in some public places, no city lockdown"
"Published: Jul 06, 2022 06:22 PM",China urges US to stop lies-based Xinjiang bill and to fulfill promise of no support to ‘Taiwan independence’
"Published: Jul 06, 2022 08:51 PM","Beijing, Xi’an report new infections caused by BA.5.2"
"Published: Jul 06, 2022 09:08 PM",Companies deny accusations of discriminating against recovered COVID-19 patients
"Published: Jul 06, 2022 09:13 PM","PLA naval activities around Japan intensify amid Tokyo provocation, ‘to become routine’"
"Published: Jul 06, 2022 09:33 PM",Latest Beijing outbreak caused by imported Omicron subvariant BA.5.2
"Published: Jul 06, 2022 11:04 PM",'Concrete actions required' for Albanese govt to replace 'microphone diplomacy' to improve damaged China-Australia ties
"Published: Jul 06, 2022 11:22 PM","EP hijacks EU members with report hyping enhanced 
‘economic ties’ with secessionist Taiwan authorities"
"Published: Jul 06, 2022 11:30 PM","China among fastest, 
biggest earthquake relief 
donor to Afghanistan with 
$8m cash, materials: FM"
"Published: Jul 06, 2022 11:42 PM",China-Philippines ties usher in ‘golden era’: FM
"Published: Jul 06, 2022 11:48 PM",Shanghai prepares for postponed college entrance exams amid epidemic 
"Published: Jul 06, 2022 11:54 PM",Indentured by hegemony - US builds slavery empire by exploiting other countries
"Published: Jul 07, 2022 12:07 AM",Beijing to gradually resume direct international commercial passenger flights
"Published: Jul 07, 2022 12:31 AM",Data specialist job offered by a temple draws the attention of waves of Chinese netizens
"Published: Jul 07, 2022 12:53 AM",US to push Ukraine agenda but ‘G20 FMs not to be misled’
"Published: Jul 07, 2022 12:59 AM","China-developed oral COVID-19 prevention medicine progresses fast, eyes overseas clinical trials"
"Published: Jul 07, 2022 01:33 AM",Advocacy for decoupling from China is decoupling from future opportunities: Chinese Ambassador to South Korea
"Published: Jul 07, 2022 01:52 AM",China calls for thorough investigation into some countries' history of mutilation and abuse against indigenous children
"Published: Jul 07, 2022 03:31 AM",Chinese scientists make significant breakthrough in hyperfine wind observation with coherent Doppler wind LIDAR
"Published: Jul 07, 2022 11:23 AM Updated: Jul 07, 2022 11:17 AM",China’s domestic neutralizing antibody combination COVID-19 therapy products commercially enter market
"Published: Jul 07, 2022 11:39 AM Updated: Jul 07, 2022 11:35 AM",Nearly 70 percent of respondents do not agree that wives should obey their husbands: survey on women’s social status in E. China’s Zhejiang
"Published: Jul 07, 2022 04:30 PM Updated: Jul 07, 2022 04:25 PM",‘Chinese espionage’ remarks by US and UK intelligence officials pure shadow chasing: embassy
"Published: Jul 07, 2022 06:53 PM",China successfully breeds Pallas' cat kitten for first time in Qinghai
"Published: Jul 07, 2022 07:59 PM",Beijing’s govt and public institutions should be placed under temporary lockdown after detection of COVID case: guideline
"Published: Jul 07, 2022 09:07 PM","50,000 Shanghai students attend postponed college entrance exams amid new resurgence"
"Published: Jul 07, 2022 09:48 PM",‘We dare not forget’: Chinese commemorate 85th anniversary of the July 7 Incident
"Published: Jul 07, 2022 10:36 PM Updated: Jul 07, 2022 11:37 PM","US, UK poison perception of China with intelligence chiefs’ cliched accusations"
"Published: Jul 07, 2022 10:59 PM","NATO employs 30-year Europe-meddling ‘experience’ on Asia, meets with increasing opposition"
"Published: Jul 07, 2022 11:09 PM","China to conduct flight test for aircraft of key 'strategic, historic significance'"
"Published: Jul 07, 2022 11:36 PM",Chinese FM lays out three points of concern on Ukraine crisis
"Published: Jul 07, 2022 11:41 PM",New Zealand PM softens her stance on China during visit to Australia; Canberra's plan to rally Wellington against Beijing at the Pacific Islands Forum 'may be blown'
"Published: Jul 07, 2022 11:56 PM",Exclusive: Uzbek MFA stresses correct measures taken to stabilize Karakalpakstan region
"Published: Jul 08, 2022 12:28 AM","China to orderly resume onsite sports events, boosting industry revival"
"Published: Jul 08, 2022 01:01 AM","10 years on, with growing confidence, China’s Gen-Z finds the West no longer attractive: GT surveys"
"Published: Jul 08, 2022 01:05 AM",Beijing residents can enter all public venues after temperature check and with a negative COVID-19 test result within 72 hours: health official
"Published: Jul 08, 2022 01:13 AM","Former Xizang official expelled from Party for violations of discipline, laws"
"Published: Jul 08, 2022 02:44 AM",Chinese general stresses no compromise on China's core interest with US counterpart in 4th bilateral high-level contact in a month
"Published: Jul 08, 2022 02:53 AM",Nature reserve born in 'world's factory' in the Greater Bay Area offers wisdom in the competition between the economy and nature
"Published: Jul 08, 2022 03:27 AM","China and India share common interests, will make greater contributions to the future of mankind: Chinese FM"
"Published: Jul 08, 2022 11:07 AM",Beijing further adjusts prevention measures to facilitate inbound travel
"Published: Jul 08, 2022 11:43 AM",PLA holds joint drills around Taiwan over US senator visit: Chinese military
"Published: Jul 08, 2022 12:01 PM","China lauds resilient ties with Russia at FMs' meeting, calls for de-escalating Ukraine situation"
"Published: Jul 08, 2022 04:00 PM Updated: Jul 08, 2022 04:11 PM","China extends sympathy, hopes Abe is out of danger soon: FM spokesperson"
"Published: Jul 08, 2022 04:55 PM Updated: Jul 09, 2022 01:21 PM",Abe remembered in China as controversial figure who 'ruined own contribution to bilateral ties'
"Published: Jul 08, 2022 05:15 PM",Authority in C.China Henan cites 'switch of systems' after some rural bank depositors' health codes turn red again
"Published: Jul 08, 2022 05:22 PM",Open trial on case of former vice minister of public security Sun Lijun held in NE China's Jilin on Fri: media
"Published: Jul 08, 2022 05:36 PM","China-developed neutralizing antibody combination therapy enters market; effective against BA.4, BA.5: experts"
"Published: Jul 08, 2022 06:19 PM",China and NZ key partners of South Pacific; region not arena for power competition: Chinese FM
"Published: Jul 08, 2022 10:03 PM","Frequent China-US high-level meetings show consensus for avoiding escalating tension, while US is urged to honor its words"
"Published: Jul 08, 2022 11:26 PM Updated: Jul 09, 2022 01:05 AM",China stresses true multilateralism at G20 FMs’ meeting amid US attempt to split bloc over Russia-Ukraine conflict
"Published: Jul 09, 2022 12:52 AM","10 years on, world views China as established power different from West: GT surveys"
"Published: Jul 09, 2022 11:56 AM",Xi sends condolences to Japanese PM on Abe’s death
"Published: Jul 09, 2022 09:04 PM",Condolences from world leaders underscore Abe’s diplomatic flexibility; incident may deepen link between US-Japan right wing forces: expert
"Published: Jul 10, 2022 12:47 AM",Wang-Blinken ‘constructive’ meeting in Bali reduces misunderstanding; China makes stance clear by raising four lists
"Published: Jul 10, 2022 01:10 PM","Chinese Embassy in Sri Lanka reminds Chinese nationals not to participate in any protests, offering food donations to local people"
"Published: Jul 10, 2022 06:38 PM",Aerospace scientist elaborates on how CPC’s practice-oriented concept helps drive scientific innovation
"Published: Jul 10, 2022 06:40 PM",China’s leading aerospace innovation relies on exploration independence
"Published: Jul 10, 2022 07:03 PM","China, Pakistan kick off joint naval drill off Shanghai, with China-built warship from Pakistan joining"
"Published: Jul 10, 2022 08:20 PM",China’s CDC head calls for updated booster vaccines as contagious BA.5.2 found in at least four cities
"Published: Jul 10, 2022 08:41 PM",Exclusive: Chinese and US senior officials hold “well-communicated” five-hour meeting in Bali
"Published: Jul 10, 2022 09:43 PM Updated: Jul 11, 2022 12:17 AM","Sri Lankan president, prime minister to resign after protesters stormed their houses and offices"
"Published: Jul 10, 2022 10:21 PM Updated: Jul 11, 2022 12:15 AM",Abe’s killing turns Japan upper house election into ‘war of condolences’
"Published: Jul 10, 2022 10:13 PM","China begins construction on world’s most far-reaching radar system, to boost defense against near-Earth asteroid impact"
"Published: Jul 10, 2022 10:31 PM",Extreme weather alerts issued as heat waves of up to 40 C set to smother China
"Published: Jul 10, 2022 11:12 PM",Authorities in China jointly ban ads of fake military-related products to safeguard army’s good reputation
"Published: Jul 11, 2022 12:03 AM","Canberra called on to show rationality, political wisdom to reset China ties after FMs’ meeting"
"Published: Jul 11, 2022 12:14 AM",China-US five-hour meeting in Bali thoroughly communicated; 'frequent dialogues help solve prominent issues'
"Published: Jul 10, 2022 11:57 PM",Several districts in Shanghai launch a large-scale nucleic acid campaign to prevent ballooned COVID-19 infections
"Published: Jul 11, 2022 12:04 AM","AstraZeneca’s preventive COVID-19 therapy administered in Hainan, hospitals ‘considers double dosage against BA.4 and 5 subvariants’"
"Published: Jul 11, 2022 06:06 AM",Hong Kong mulls rollout of health code amid fifth COVID wave
"Published: Jul 11, 2022 06:14 AM","China and Indonesia to jointly push for major landmark projects on transportation, vaccine: FM "
"Published: Jul 11, 2022 07:17 AM"," Exclusive: Reports claiming ‘China building military base’ in PNG baseless, hype with ulterior motives: Chinese Embassy"
