﻿"Published: Feb 14, 2022 05:20 PM",Top Taliban diplomat in Qatar in bid to unlock Afghan aid
"Published: Feb 14, 2022 05:44 PM",Fukushima water review begins
"Published: Feb 14, 2022 05:46 PM",Kiwi cops blast musical tactic to clear protesters
"Published: Feb 14, 2022 05:49 PM",Nations to finalize harrowing catalog of climate impacts at meeting
"Published: Feb 14, 2022 06:12 PM",Risk of violations
"Published: Feb 14, 2022 06:19 PM",Observing voting
"Published: Feb 14, 2022 06:21 PM",Protest convoy heads to Brussels
"Published: Feb 14, 2022 06:27 PM","Saudi coalition hits Yemen capital after drone attacks, destroying communications"
"Published: Feb 14, 2022 06:28 PM",Nuclear talks harder as West ‘pretends’ to take initiative
"Published: Feb 15, 2022 06:08 PM","In a rare move, Trudeau uses measures to cut off the protesters’ funding"
"Published: Feb 15, 2022 06:10 PM",US engineer admits trying to sell nuclear sub secrets
"Published: Feb 15, 2022 06:14 PM",S.Korea presidential candidates kick off ‘tightest’ race
"Published: Feb 15, 2022 06:13 PM",Earth’s future threatened: study
"Published: Feb 15, 2022 06:17 PM",Tunisia to return illegally imported waste to Italy
"Published: Feb 15, 2022 06:23 PM","Climate-boosted megadrought in western US worst in past 1,200 years"
"Published: Feb 15, 2022 06:50 PM",Environmental dilemma
"Published: Feb 15, 2022 07:23 PM",Accountants drop Trump firm
"Published: Feb 15, 2022 07:28 PM",Israeli PM arrives in Bahrain in first visit
"Published: Feb 15, 2022 07:30 PM",Taliban call on Biden to reverse move to retain half of frozen Afghan funds
"Published: Feb 15, 2022 10:18 PM","Yanqing’s dedication to meteorological security praised by officials, athletes"
"Published: Feb 16, 2022 06:08 PM",Data sets to help target aid
"Published: Feb 16, 2022 06:23 PM",Climate crisis reaches ‘code red’ status
"Published: Feb 16, 2022 06:25 PM",Faroe Islands begin review of controversial dolphin hunt
"Published: Feb 16, 2022 06:28 PM",Agreement made on transfer of oil from abandoned tanker: UN
"Published: Feb 16, 2022 06:48 PM",EU court to deliver key judgement
"Published: Feb 16, 2022 06:51 PM",Senior schools reopen in India’s Karnataka amid hijab ban protests
"Published: Feb 16, 2022 06:54 PM",Italy turns down national right-to-die referendum  
"Published: Feb 16, 2022 07:12 PM",Ottawa police chief steps down
"Published: Feb 16, 2022 07:16 PM","10 dead, 11 missing as Spanish trawler sinks off eastern Canada in rough seas"
"Published: Feb 16, 2022 07:19 PM",Migrants sew their mouths shut in a bid for US border
"Published: Feb 16, 2022 08:41 PM",Swedes optimistic about country’s largest delegation to Winter Games
"Published: Feb 16, 2022 09:32 PM",Friendship and nostalgia preserved in copyrighted ‘Friends’ despite edited lines: Chinese fans
"Published: Feb 17, 2022 04:31 PM",Struggle to weather crisis
"Published: Feb 17, 2022 05:35 PM",Canada police warn demonstrators
"Published: Feb 17, 2022 05:51 PM",$600 million in relief aid pledged after Haiti’s quake
"Published: Feb 17, 2022 05:55 PM",Ramaphosa says S.Africa not xenophobic amid anti-migrant protests
"Published: Feb 17, 2022 05:59 PM",Rescuers scour for survivors in Brazil
"Published: Feb 17, 2022 06:01 PM",Anger in UK over Prince Andrew settlement
"Published: Feb 17, 2022 06:03 PM",BioNTech plans to ship mobile COVID-19 vaccine labs to Africa
"Published: Feb 17, 2022 06:39 PM","Hosting three Olympics in a row shows elevation of global influence of South Korea, Japan and China: Korean envoy"
"Published: Feb 17, 2022 07:41 PM",EU seeks to reset ties with Africa
"Published: Feb 17, 2022 07:43 PM",France warns Iran only days left to agree nuclear deal
"Published: Feb 17, 2022 08:04 PM","Morocco, Germany renew ‘amicable relations’ after year-long diplomatic freeze"
"Published: Feb 17, 2022 09:47 PM","China, France deepen RMB Cross-Border Interbank Payment System cooperation"
"Published: Feb 20, 2022 05:42 PM",Officers begin to clear Ottawa occupiers
"Published: Feb 20, 2022 05:45 PM",Australian borders to reopen for visiting international tourists
"Published: Feb 20, 2022 05:47 PM",Britain plans to end COVID-19 self-isolation laws
"Published: Feb 20, 2022 05:51 PM",Fighting deforestation
"Published: Feb 20, 2022 07:18 PM",Ferry fire off Greece burns on
"Published: Feb 20, 2022 07:20 PM",Colombian drug lord trial experiences another blow
"Published: Feb 20, 2022 07:23 PM",Ethiopia starts electricity production at controversial Nile mega-dam
"Published: Feb 20, 2022 07:38 PM",Storm Eunice leaves 16 dead
"Published: Feb 20, 2022 07:42 PM",Germany sees ‘moment of truth’ for Iran nuclear talks
"Published: Feb 20, 2022 07:44 PM",Toll mounts as Brazil rescuers retrieve more bodies from landslides
"Published: Feb 20, 2022 11:20 PM",US’ attempt to woo Pacific islands serves its regional interests after realizing Western power vacuum in region
"Published: Feb 21, 2022 04:02 PM",British man dumbfounded after getting his dentures back from Spain 11 years on thanks to DNA
"Published: Feb 21, 2022 05:25 PM",Seasonal migration becomes harder
"Published: Feb 21, 2022 05:32 PM",Trump’s new social media app released
"Published: Feb 21, 2022 06:16 PM",UAE drone conference warns of rising threat of attacks by militants
"Published: Feb 21, 2022 06:18 PM",Messages pour in after Queen Elizabeth II tests positive
"Published: Feb 21, 2022 06:53 PM",Brazil storm death toll rises to 165
"Published: Feb 21, 2022 06:55 PM",Over a dozen pre-Columbian relics returned to Mexico
"Published: Feb 21, 2022 06:58 PM",New Zealand police say anti-vaxxers hurled human waste at officers
"Published: Feb 21, 2022 07:20 PM",Police end Canada capital protests
"Published: Feb 21, 2022 07:22 PM",DR Congo leader hails ‘historic day’ for relations with Turkey amid Erdogan visit
"Published: Feb 21, 2022 07:28 PM",‘Significant progress’ made amid nuclear talks: Iran
"Published: Feb 22, 2022 06:41 AM",Putin signs decrees recognizing two 'independent republics' in east Ukraine's Donbass
"Published: Feb 22, 2022 09:32 AM","Putin signs decrees recognizing two ""independent republics"" in east Ukraine's Donbass"
"Published: Feb 22, 2022 01:55 PM Updated: Feb 22, 2022 02:42 AM",Ukraine calls for UN Security Council meeting to de-escalate tensions
"Published: Feb 22, 2022 02:04 PM Updated: Feb 22, 2022 05:20 AM",EU says to impose sanctions against Russia's recognition of two regions in eastern Ukraine
"Published: Feb 22, 2022 02:07 PM Updated: Feb 22, 2022 06:13 AM","Putin signs decrees recognizing two ""independent republics"" in east Ukraine's Donbass"
"Published: Feb 22, 2022 02:09 PM Updated: Feb 22, 2022 06:16 AM",Biden to issue executive order after Russia recognizes independence of Ukraine's breakaway territories
"Published: Feb 22, 2022 04:47 PM",Sudden spike in interest
"Published: Feb 22, 2022 05:13 PM",US Olympian watches birth of first child via video call
"Published: Feb 22, 2022 05:34 PM",Riot police clash with NZ’s anti-vaccine demonstrators
"Published: Feb 22, 2022 05:40 PM",Burkina Faso’s makeshift gold mine blast kills 55
"Published: Feb 22, 2022 05:43 PM",Cubans protest in Havana as Costa Rica tightens visa requirements
"Published: Feb 22, 2022 05:49 PM",England scraps COVID-19 rules
"Published: Feb 22, 2022 05:51 PM",Colombia decriminalizes abortion up to 24 weeks
"Published: Feb 22, 2022 05:53 PM",Israeli probe finds police spied on citizen with controversial Pegasus phone malware
"Published: Feb 22, 2022 06:22 PM",Violence against migrants on rise in Europe
"Published: Feb 22, 2022 06:24 PM","Denmark and Spain oppose EU green label for gas, nuclear"
"Published: Feb 22, 2022 06:26 PM","Germany wants to keep fuel motor cars, but get rid of petrol"
"Published: Feb 22, 2022 11:13 PM",Canada's description of demonstrators as ‘threat to democracy’ a blatant double standard: Chinese FM
"Published: Feb 23, 2022 09:34 AM",Ukrainian president expects no conflict with Russia
"Published: Feb 23, 2022 09:36 AM",Germany suspends certification of Nord Stream 2 pipeline
"Published: Feb 23, 2022 09:37 AM",British PM announces sanctions against Russia over Ukraine
"Published: Feb 23, 2022 09:41 AM",NATO chief urges Russia to choose diplomacy in Ukraine crisis
"Published: Feb 23, 2022 09:42 AM","EU agrees Russia sanctions package, warns of further action"
"Published: Feb 23, 2022 09:48 AM",Russia's upper house approves use of military abroad
"Published: Feb 23, 2022 12:11 PM","US sanctions Russia after Putin sends troops to Lugansk, Donetsk"
"Published: Feb 23, 2022 05:18 PM",Move over ‘tech bro’
"Published: Feb 23, 2022 05:24 PM",3 convicted of hate crimes in Georgia
"Published: Feb 23, 2022 05:28 PM",18 civilians feared killed near Niger’s border with Mali
"Published: Feb 23, 2022 05:29 PM","India sends 2,500 tons of wheat to Afghanistan"
"Published: Feb 23, 2022 05:36 PM",US maternal mortality increases
"Published: Feb 23, 2022 05:38 PM",Police arrest Amsterdam Apple store siege suspect
"Published: Feb 23, 2022 05:40 PM",Israeli forces kill Palestinian teen in occupied West Bank: ministry
"Published: Feb 23, 2022 05:42 PM Updated: Feb 23, 2022 12:43 PM",UN chief vows to find peaceful solution to Ukraine's crisis
"Published: Feb 23, 2022 05:48 PM",UN warns of extreme wildfires
"Published: Feb 23, 2022 05:52 PM",Activists urge halt to research after whales wash up alive
"Published: Feb 23, 2022 05:57 PM",Energy sector methane emissions underreported: IEA global tracker
"Published: Feb 23, 2022 11:43 PM","Russia vows ""strong response"" to new US sanctions"
