﻿"Published: Apr 01, 2022 09:03 AM","Erdogan, Zelensky discuss Ukraine crisis over phone"
"Published: Apr 01, 2022 09:07 AM",Ukraine's nuclear power plants switch from Moscow to Paris directorate
"Published: Apr 01, 2022 09:08 AM",Zelensky says Turkey ready to become guarantor of Ukraine's security
"Published: Apr 01, 2022 09:10 AM",Ukraine tells IAEA Russian forces leaving Chernobyl plant
"Published: Apr 01, 2022 03:31 PM Updated: Apr 01, 2022 10:13 PM","Governor says Ukrainian helicopters attacked oil depot in Russia, causing fire"
"Published: Apr 01, 2022 05:51 PM","Ukraine, Russia to resume peace talks Friday: Ukrainian media"
"Published: Apr 01, 2022 10:51 PM",Russia-Ukraine peace talks resume in online format
"Published: Apr 02, 2022 08:19 AM","Ukraine, Russia conduct prisoner swap"
"Published: Apr 02, 2022 05:53 PM","New evidence shows US-funded biolabs used to attack Donbass, Russia: RT"
"Published: Apr 03, 2022 08:24 AM",Draft documents ready for discussion by presidents: Ukrainian chief negotiator
"Published: Apr 03, 2022 05:13 PM",Ukraine's Odesa comes under airstrike
"Published: Apr 03, 2022 05:19 PM","Ukraine retakes ""whole Kiev region"": deputy defense minister"
"Published: Apr 04, 2022 07:46 AM",Serbian President Vucic declares 2nd mandate after elections
"Published: Apr 05, 2022 01:53 PM",WHO warns severe air pollutions
"Published: Apr 05, 2022 05:04 PM",Carbon cuts must come now: UN
"Published: Apr 05, 2022 05:07 PM",Coldest April day in 75 years hits rural France
"Published: Apr 05, 2022 05:10 PM","West Africa faces historic food crisis driven by conflict, surge in prices"
"Published: Apr 05, 2022 05:18 PM",Jackson boost to US Democrats
"Published: Apr 05, 2022 05:21 PM",Indigenous protest camp erected in Brazil’s capital
"Published: Apr 05, 2022 05:24 PM",S.Africa ends all COVID-19 legal restrictions amid struggling economy
"Published: Apr 05, 2022 05:42 PM",Rainbow Nation?
"Published: Apr 05, 2022 05:48 PM",One arrested after California shooting
"Published: Apr 05, 2022 05:51 PM","After Yemen truce, two fuel ships enter rebel-held Hodeida"
"Published: Apr 05, 2022 05:53 PM",Macron’s far-right rival reaches all-time high in latest poll
"Published: Apr 05, 2022 08:48 PM Updated: Apr 05, 2022 08:00 PM",Ukraine sets up 7 humanitarian corridors
"Published: Apr 05, 2022 08:49 PM",Over 20 bln USD of int'l aid allocated for Ukraine: central bank chief
"Published: Apr 05, 2022 09:22 PM","Cold War schemer: Reminiscing in its past ‘victory,’ US brings color revolutions to 21st century to maintain its hegemony"
"Published: Apr 05, 2022 10:35 PM Updated: Apr 05, 2022 09:15 PM",Putin-Zelensky meeting possible only after treaty ready: Kremlin
"Published: Apr 06, 2022 07:56 AM",Ukraine's National Guard retakes control of Chernobyl nuclear power plant
"Published: Apr 06, 2022 08:14 AM",Iconic China-gifted bridge opens in Manila
"Published: Apr 06, 2022 04:53 PM",US Fed wants inflation reduced
"Published: Apr 06, 2022 04:56 PM",Opposition in Armenia rallies against govt’s land handling
"Published: Apr 06, 2022 04:59 PM",Israel’s Gantz speaks with Palestinian President Abbas for Ramadan
"Published: Apr 06, 2022 05:02 PM",Funding to combat pandemics needed
"Published: Apr 06, 2022 05:07 PM",NASA delays final test for moon shot
"Published: Apr 06, 2022 05:10 PM",Brazil to hold first offshore wind tender by October
"Published: Apr 06, 2022 05:28 PM",Education becomes separator of society
"Published: Apr 06, 2022 05:35 PM",New US sanctions on Iran ‘ill will’
"Published: Apr 06, 2022 05:39 PM",Sri Lanka’s parliament warns crisis risks starvation
"Published: Apr 06, 2022 05:48 PM","France reports over 200,000 COVID-19 cases as presidential elections approach"
"Published: Apr 06, 2022 06:41 PM Updated: Apr 06, 2022 06:01 PM",Ukraine opens 11 humanitarian corridors
"Published: Apr 06, 2022 10:47 PM","India witnesses 14th hike in petrol, diesel prices in half month"
"Published: Apr 06, 2022 11:55 PM Updated: Apr 06, 2022 09:55 PM",Russia-Ukraine talks continue: Kremlin
"Published: Apr 07, 2022 07:46 AM","U.S. imposes sanctions on Russia's major financial institutions, Putin's daughters"
"Published: Apr 07, 2022 07:47 AM","Zelensky says talks with Russia to continue despite ""atrocities"" of Russian military"
"Published: Apr 07, 2022 07:51 AM",Ukrainian president orders formal halt of trade with Russia
"Published: Apr 07, 2022 03:58 PM",US lawmakers test positive for COVID-19
"Published: Apr 07, 2022 04:02 PM","Armenia, Azerbaijan agree Karabakh peace talks to discuss border"
"Published: Apr 07, 2022 04:06 PM",IMF cuts Japan’s growth forecast citing Ukraine crisis
"Published: Apr 07, 2022 04:33 PM",Canada approves offshore oil plan
"Published: Apr 07, 2022 04:36 PM",COVID-19 increases blood clot risk for up to six months
"Published: Apr 07, 2022 04:39 PM",Climate-related health emergencies on the rise in Africa: WHO analysis
"Published: Apr 07, 2022 04:52 PM",Negotiations to continue: Zelensky
"Published: Apr 07, 2022 04:58 PM",Weaponized drones to go to Germany for first time
"Published: Apr 07, 2022 05:01 PM",Palestinian mission urges UN to bring end to Israeli actions in Jerusalem
"Published: Apr 07, 2022 05:06 PM",‘Lives at risk’
"Published: Apr 07, 2022 06:49 PM",Changing negative impression toward China: What lesson have Indians learned from their own experiences
"Published: Apr 07, 2022 11:20 PM","Nancy Pelosi tests positive for COVID-19, trip to Asia to be postponed"
"Published: Apr 07, 2022 11:53 PM Updated: Apr 07, 2022 11:00 PM",WHO official urges for peace in Ukraine
"Published: Apr 08, 2022 08:00 AM",UN General Assembly adopts resolution to suspend Russia from Human Rights Council
"Published: Apr 08, 2022 08:01 AM",Ukraine wants to get part of funds from seized Russian assets: PM
"Published: Apr 08, 2022 08:02 AM",Russia vows retaliation against latest U.S. sanctions
"Published: Apr 08, 2022 08:03 AM",Russia declares early termination of membership of UN Human Rights Council
"Published: Apr 08, 2022 09:46 PM",Russia denies missile strike on Kramatorsk railway station
"Published: Apr 08, 2022 10:15 PM",US’ exclusive opposition to the biological weapons verification regime an egregious act of seeking global hegemony
"Published: Apr 09, 2022 12:48 AM","Russia hopes to end operation in Ukraine ""in foreseeable future:"" Kremlin"
"Published: Apr 09, 2022 08:10 AM","Turkish, Italian, British defense ministers meet in Istanbul over Ukraine crisis"
"Published: Apr 09, 2022 08:11 AM",Ukrainian president hails visit of senior European officials to Ukraine
"Published: Apr 10, 2022 04:27 PM",Israel strikes government positions in Syria: state media
"Published: Apr 10, 2022 04:32 PM",Saudi Arabia to allow one million hajj pilgrims in 2022
"Published: Apr 10, 2022 04:33 PM",Imran Khan unsuccessfully tried to dissolve parliament to retain power
"Published: Apr 10, 2022 05:39 PM",Axiom’s four-member crew to spend eight days in orbit
"Published: Apr 10, 2022 05:42 PM",24 Americans sanctioned by Iran as nuclear deal talks stall
"Published: Apr 10, 2022 05:44 PM","Long rainy season leaves 57 dead, 110 injured in Ecuador, says agency"
"Published: Apr 10, 2022 06:34 PM",Israeli army raids gunmen’s hometown Tel Aviv area
"Published: Apr 10, 2022 06:45 PM","In ‘project of the century,’ the Swiss seek to bury radioactive waste"
"Published: Apr 10, 2022 06:56 PM","Morrison calls for May 21 election, launching battle to stay in power"
"Published: Apr 10, 2022 07:11 PM",Tunisia to compensate victims of revolution
"Published: Apr 11, 2022 05:30 PM",Spain resurrects Easter traditions
"Published: Apr 11, 2022 05:32 PM",Crisis-hit Sri Lanka nearly out of meds
"Published: Apr 11, 2022 05:35 PM",UK’s Queen Elizabeth II felt ‘exhausted’ after contracting COVID-19
"Published: Apr 11, 2022 05:40 PM",Iran rejects US’ nuclear demands
"Published: Apr 11, 2022 05:42 PM",EU official says UK-France fishing dispute nearly resolved
"Published: Apr 11, 2022 05:45 PM",Australian election campaign begins; polls show opposition in the lead
"Published: Apr 11, 2022 05:49 PM",Worried about the future
"Published: Apr 11, 2022 05:56 PM",Macron heads to blue-collar France aiming for more votes
"Published: Apr 11, 2022 05:58 PM",Pro-Russia protesters rally in Germany
"Published: Apr 11, 2022 06:00 PM",Israel and West Bank on edge after more bloodshed
"Published: Apr 11, 2022 07:25 PM",Shahbaz Sharif set to become new Pakistan PM
"Published: Apr 12, 2022 08:16 AM",EU resumes diplomatic presence in Ukraine
"Published: Apr 12, 2022 08:16 AM",Crisis in Ukraine could slash global trade growth by half in 2022: WTO
"Published: Apr 12, 2022 08:18 AM",Canada imposes new sanctions on Russian defence sector
"Published: Apr 12, 2022 04:43 PM",Ukraine crisis to slash trade
"Published: Apr 12, 2022 04:47 PM",20 countries still below 10% COVID-19 jab rate: WHO
"Published: Apr 12, 2022 04:52 PM",Sweden’s ruling party launches internal NATO debate as public support grows
"Published: Apr 12, 2022 05:14 PM",Extreme rain in SE Africa driven by climate change
"Published: Apr 12, 2022 05:16 PM",Chile reveals unprecedented water rationing plan for 13-year drought 
"Published: Apr 12, 2022 05:22 PM",Biden increases ‘ghost guns’ regulations
"Published: Apr 12, 2022 05:28 PM",UN envoy makes first trip to Yemen capital following cease-firee
"Published: Apr 12, 2022 05:30 PM",Sri Lanka PM appeals for ‘patience’ from protesters
"Published: Apr 12, 2022 05:35 PM",‘Start from zero’
"Published: Apr 12, 2022 05:56 PM",Philippine Megi deaths rise to 27
"Published: Apr 12, 2022 08:19 PM",Chinese scholars willing to lend a helping hand to Afghan counterparts in conserving relics along the Silk Road
