﻿"Published: Jan 22, 2020 09:15 PM Updated: Aug 22, 2022 09:05 AM",Real-time update on coronavirus outbreak
"Published: Aug 17, 2022 08:08 PM",China’s development in ethnic unity in past decade
"Published: Aug 17, 2022 08:31 PM",China vows to improve nursing services to encourage childbearing
"Published: Aug 17, 2022 08:44 PM","Japanese lawmakers' planned visit to Taiwan 'provocative,' could spark strong countermeasures: expert"
"Published: Aug 17, 2022 09:14 PM","Faster and fresher, a deliveryman's career shows transformation of China's modern life in a decade"
"Published: Aug 17, 2022 09:14 PM",China highly appreciates Putin’s criticism of Pelosi’s provocative Taiwan visit
"Published: Aug 17, 2022 09:26 PM","Persistent heat wave affecting China this year evaluated as the longest, strongest since 1961"
"Published: Aug 17, 2022 09:50 PM","China sternly warns US not to create a bigger crisis, vows to punish offenders: Chinese FM"
"Published: Aug 17, 2022 09:45 PM","Nearly 20% of children suffer from long COVID after infection, says HK pediatrician, highlighting vaccination urgency"
"Published: Aug 17, 2022 10:32 PM Updated: Aug 17, 2022 11:55 PM",Yangtze River basin faces severe drought after experiencing lowest rainfall for six decades
"Published: Aug 17, 2022 10:21 PM","CH-4 drone makes maiden flight with upgraded engine, longer endurance and heavier loads"
"Published: Aug 17, 2022 10:29 PM",US fleet commander's groundless accusation against PLA exercises rebutted; US urged to return to three joint communiqués
"Published: Aug 17, 2022 11:02 PM Updated: Aug 17, 2022 11:45 PM",China dials up mobilization push for regional economic powerhouses to rev up recovery
"Published: Aug 17, 2022 10:57 PM Updated: Aug 17, 2022 10:57 PM",'No obstacles' for ethnic minorities to learn their languages; so-called cultural genocide a deliberate smear: Chinese official
"Published: Aug 17, 2022 11:06 PM",Non-jury trial for national security case to ensure a fair trial: HK Department of Justice
"Published: Aug 17, 2022 11:44 PM","Yoon proposes aid-for-denuclearization plan with 'some good faith,' but US remains 'a major factor' of influence"
"Published: Aug 17, 2022 11:50 PM",Transcript of Ambassador Qin Gang's Interview with the US Mainstream Media
"Published: Aug 18, 2022 01:39 AM","China ready to work with Pakistan on CPEC in more fields, says Chinese FM in comment on GT's exclusive interview with Prime Minister Sharif"
"Published: Aug 18, 2022 02:31 AM",Cross-border telecom fraud cases sharply reduced in China
"Published: Aug 18, 2022 10:01 AM",Xi inspects northeastern Chinese city of Shenyang
"Published: Aug 18, 2022 12:38 PM","Dozens of anti-China figures including Benny Tai and Joshua Wong plead guilty, sending deterrent to secessionists"
"Published: Aug 18, 2022 01:30 PM Updated: Aug 18, 2022 09:30 PM",High-level emergency response to disaster initiated after flash flood in NW China kills 17
"Published: Aug 18, 2022 03:29 PM Updated: Aug 18, 2022 03:26 PM",Several Chinese universities delay fall semester amid COIVD-19 and high temperature
"Published: Aug 18, 2022 04:28 PM","Chinese envoy denies 'ban on S.Korean entertainment,' appreciates Seoul's sticking to one-China principle"
"Published: Aug 18, 2022 07:37 PM",Generation Z sprinkle sweat in China's rural revitalization; youth shine in remote corners
"Published: Aug 18, 2022 08:53 PM","Shanghai police arrests 42 suspects of economic crimes who fled overseas, recovers illegal gains of $20m this year"
"Published: Aug 18, 2022 08:58 PM",COVID resurgence spirals to highest in 3 months
"Published: Aug 18, 2022 09:22 PM","Taiwan question bears on basic trust, political foundation of ties, China tells Japan at high-level dialogue"
"Published: Aug 18, 2022 09:49 PM",China to join Vostok-2022 Russia with other countries; closer China-Russia ties 'crucial to defend global stability to counter US hegemony'
"Published: Aug 18, 2022 09:33 PM","Taiwan island's missile tests, US command aircraft's sortie 'no threat to PLA'"
"Published: Aug 18, 2022 10:29 PM","China releases plan on carbon emission innovations, shows determination to abide by climate commitment despite US interruptions"
"Published: Aug 18, 2022 10:57 PM Updated: Aug 18, 2022 10:59 PM",Wang Yi's attendance of follow-up meeting of FOCAC signals steady progress of ties
"Published: Aug 18, 2022 11:28 PM",South Korean envoy to China eyes cultural exchanges to nourish bilateral ties for another 30 years and beyond
"Published: Aug 18, 2022 11:34 PM","'Reply 1992': active, sincere communications see fruits along three decades"
"Published: Aug 19, 2022 12:46 AM",China’s poverty alleviation experience can help Afghanistan: ICRC special adviser 
"Published: Aug 19, 2022 12:03 PM","Update: Rescue work continuing after flash flood in NW China, with 23 killed, 8 missing"
"Published: Aug 19, 2022 04:58 PM",Mainland willing to help Taiwan compatriots stuck in overseas fraud gangs: Taiwan Affairs Office
"Published: Aug 19, 2022 09:43 PM","Joint meeting mechanism involving 26 departments on optimizing China’s birth policy established, after 17 departments issue guideline amid declining birth rate"
"Published: Aug 19, 2022 09:59 PM",Negative effects persist a year after US withdrawal from Afghanistan: Chinese FM
"Published: Aug 19, 2022 10:06 PM Updated: Aug 19, 2022 11:35 PM","US, Australia lead joint drills to flex muscles, upend regional stability amid tensions in Taiwan Straits"
"Published: Aug 19, 2022 10:14 PM","Indian FM wins recognition for using ‘Asian Century’ to call for strengthened ties with China, but border issue should not be an obstacle: expert"
"Published: Aug 19, 2022 10:51 PM","China’s necessary response to Lithuania’s erroneous acts on Taiwan question ‘legitimate, reasonable and lawful’: FM"
"Published: Aug 20, 2022 01:23 AM",Beijing reports 12 COVID-19 cases in 5 days
"Published: Aug 20, 2022 01:35 AM",China mounts full-fledged efforts to minimize impact of heat waves; economy to ‘grow within reasonable range’ despite dual pressure
"Published: Aug 20, 2022 02:08 AM",China successfully launches the fourth group of the Yaogan-35 family of remote sensing satellites
"Published: Aug 20, 2022 03:43 PM",Six members of HK secessionist organization promoting 'uprising' plead guilty to conspiracy to subvert state power
"Published: Aug 20, 2022 07:46 PM Updated: Aug 20, 2022 09:40 PM",China’s agriculture ministry coordinates drought-relief for autumn grain harvest in the south
"Published: Aug 20, 2022 08:27 PM","Chinese embassy in Solomons encourages bilateral biz deals, dismisses ‘debt trap’ as West’s ‘narrative trap’"
"Published: Aug 21, 2022 12:11 PM",Red alert for high temperature issued for 10th consecutive day; water supply for 2.46m people affected
"Published: Aug 21, 2022 03:02 PM Updated: Aug 21, 2022 03:01 PM","Chinese Embassy in Cambodia tells ‘Taiwan compatriots’ in difficulty to contact them after reports of people ‘trapped’ in fraud, violence"
"Published: Aug 21, 2022 08:08 PM",Chinese PLA's two newly commissioned large destroyers 'ready for combat' with latest drills  
"Published: Aug 21, 2022 08:48 PM",Serving the future: China sees progress in strengthening care for children in past decade under CPC leadership
"Published: Aug 21, 2022 08:52 PM","Caring for young, vulnerable children shows CPC’s people-centric philosophy: expert"
"Published: Aug 21, 2022 09:32 PM",'China's Nobel Prize' awards domestic scientists for outstanding achievement in basic scientific research  
"Published: Aug 21, 2022 09:39 PM",More than 20 Chinese universities postpone new semester to stop COVID-19 
"Published: Aug 21, 2022 10:02 PM","Concerns over escalating tensions in Asia-Pacific intensified as US, S.Korea to begin biggest military drills in years"
"Published: Aug 21, 2022 10:46 PM",Berlin warned against joining anti-China alliance at its own expense 
"Published: Aug 21, 2022 11:58 PM","US governor’s visit to Taiwan a toxic trend of US politicians exploiting cross-Straits tension; China to perfect normalized measures, prepare to take actions any time"
"Published: Aug 22, 2022 12:59 AM","China ramps up efforts to alleviate drought for autumn harvest, impact of power shortage limited as 'heat wave to ebb away soon'"
"Published: Aug 22, 2022 01:10 AM",Chinese Embassy in Cambodia helps scam victims from Taiwan island; DPP incompetence policy failure exposed
"Published: Aug 22, 2022 01:03 AM","Epidemic situation in S China's Hainan reaches a turning point, with the number of confirmed COVID-19 cases declining"
"Published: Aug 22, 2022 12:29 PM","Mountain forest fires under control in SW China’s Chongqing, urgent order released to ensure people’s safety"
"Published: Aug 22, 2022 01:30 PM",27 people punished over problematic math textbook illustrations
"Published: Aug 22, 2022 01:55 PM","China's space tracking ship Yuanwang-3 sails for maritime tracking, monitoring tasks"
"Published: Aug 22, 2022 02:32 PM Updated: Aug 22, 2022 02:29 PM"," ‘It was US, not China’ responsible for crisis across Taiwan Straits: Chinese FM refutes US ambassador"
"Published: Aug 22, 2022 06:30 PM",Xi sends message of sympathy to Kishida over COVID-19 infection
"Published: Aug 22, 2022 08:01 PM","Japan weighs up amassing missiles, ramping up cognitive warfare capability amid cross-Straits tensions "
"Published: Aug 22, 2022 09:08 PM",Children of martyrs from public security organs to enjoy preferential recruitment policies: Ministry of Public Security
"Published: Aug 22, 2022 09:19 PM Updated: Aug 22, 2022 11:00 PM",China lodges stern demarche over US politicians’ latest Taiwan visit; ‘nation to steadily advance reunification process’ amid frequent provocations
"Published: Aug 22, 2022 09:31 PM",Six former staff of infamous Apple Daily to plead guilty; 'little time left' for diehard secessionists like Jimmy Lai
"Published: Aug 22, 2022 10:02 PM","China’s visible achievement in high tech, green energy inspires PICs: Fijian envoy"
"Published: Aug 22, 2022 10:12 PM",People and govt of Vanuatu invited China in as stabilizer for region: Vanuatu observer
"Published: Aug 22, 2022 10:02 PM","Chongqing fights drought, bushfires amid severe heat"
"Published: Aug 22, 2022 10:13 PM","Indian FM criticized for blaming China over border issue, as it’s India, not China, that has ‘disregarded’ and ‘violated’ bilateral pacts  "
"Published: Aug 22, 2022 11:13 PM","Xi, Yoon to send messages on 30th anniv of bilateral ties"
"Published: Aug 22, 2022 11:48 PM",Schools in Beijing to run normally with stricter epidemic prevention measures
"Published: Aug 23, 2022 12:04 AM Updated: Aug 22, 2022 11:59 PM",Are ‘new’ traffic light rules too complicated? Chinese netizens find they may have misread the guidebook
"Published: Aug 23, 2022 01:09 AM",Urumqi to restore normal production and life after curbing latest spread of COVID-19
"Published: Aug 23, 2022 02:22 PM",No country can put up its own security fence at others’ doorstep: Chinese ambassador to UN
"Published: Aug 23, 2022 07:00 PM","Alarming tree-shape landscape seen in lakebed of China's largest freshwater lake, which shrunk 66% due to severe heat"
"Published: Aug 23, 2022 07:58 PM","China strongly deplores Japanese lawmaker’s Taiwan visit, vows to take strong measures to defend natl sovereignty"
"Published: Aug 23, 2022 07:57 PM","China restarts mass production of Type 052D destroyers, media reports say"
"Published: Aug 23, 2022 08:06 PM Updated: Aug 24, 2022 12:02 PM","China, South Korea to enhance mutual trust, avoid sensitive issues like THAAD as countries celebrate 30th anniversary of diplomatic ties"
"Published: Aug 23, 2022 08:15 PM","Fauci close to his contentious curtain call, but not scapegoat for US system failure in face of coronavirus pandemic  "
"Published: Aug 23, 2022 09:08 PM","China issues urgent notice, vows all-out efforts to win battle of autumn harvest against drought, heat waves "
"Published: Aug 23, 2022 09:29 PM","Taiwan export orders slump amid US-incited tension, DPP hostile policy"
"Published: Aug 23, 2022 09:59 PM","Dazhou, Sichuan facing power shortage amid ongoing heatwave"
"Published: Aug 23, 2022 10:33 PM Updated: Aug 23, 2022 10:23 PM","China's vaccine regulator reaches new WHO rank for safety, quality, efficacy, lays foundation for vaccine exports"
"Published: Aug 23, 2022 10:35 PM",Indian students prepare for return to China as China resumes visas for intl students 
"Published: Aug 23, 2022 11:01 PM",China builds up world’s largest ultra-low emission thermal power plant cluster
"Published: Aug 23, 2022 11:58 PM Updated: Aug 24, 2022 12:02 PM","China’s power supply, energy structure tested in extreme drought amid transition to cleaner energy future"
"Published: Aug 24, 2022 12:37 AM",Harmful online information removed in nationwide campaign to crack down on cyber violence 
"Published: Aug 24, 2022 02:44 AM",HK students studying in mainland prioritized at border crossing: HK govt
"Published: Aug 24, 2022 03:38 PM","Chinese consulate in San Francisco condemns continuous anti-Asian hate crimes in Oakland, reminds citizens to be cautious"
"Published: Aug 24, 2022 06:32 PM", Taiwan is China’s Taiwan and Taiwan question is China’s domestic affairs: China’s Defense Minister
"Published: Aug 24, 2022 06:51 PM","China, South Korea eye more mature ties on 30th anniversary"
"Published: Aug 24, 2022 07:04 PM","US, Australia discuss possibility of B-21 bomber deal, 'posing serious threats to China'"
"Published: Aug 24, 2022 08:16 PM",Guangzhou reports 2 infections of Omicron variant BA.2.76 with existing risks of transmission at community level
"Published: Aug 24, 2022 08:19 PM",Veteran stand-up comedian witnesses boom of China’s live performance scene enthralling both young and old
"Published: Aug 24, 2022 09:02 PM",US airstrikes on Iran-linked targets in areas of eastern Syria aim to make Iran bow down on the nuclear deal: experts
"Published: Aug 24, 2022 09:11 PM",YU-20 aerial tanker to star in PLA Air Force's open day event
"Published: Aug 24, 2022 09:26 PM",Netizens send blessings to Chengdu after city finally gets some rainfall
"Published: Aug 24, 2022 10:20 PM Updated: Aug 24, 2022 10:13 PM","China expresses condolences to victims of floods in Pakistan, provides relief supplies, aid"
"Published: Aug 24, 2022 11:19 PM",More Chinese embassies ease visa restrictions as intl students prepare their return to universities in China
"Published: Aug 24, 2022 11:40 PM",Reuters report on China's COVID-19 policy's damage to childbearing 'groundless': experts
"Published: Aug 24, 2022 11:33 PM","Sichuan issues emergency notice about heavy rainfall, natural disasters following extreme heat"
"Published: Aug 24, 2022 11:35 PM","Six months on, US adds fuel to Ukraine crisis with $3b aid as world order alters, West hegemony weakens "
"Published: Aug 24, 2022 11:56 PM","Taiwan Straits has entered a more dangerous and fragile new stage featuring long-term confrontation, but windows of peaceful reunification are not completely closed: experts"
"Published: Aug 25, 2022 01:06 AM",US embassy taught a lesson by Chinese netizens after trying to lecture over Soviet Union's history
"Published: Aug 25, 2022 01:46 AM",Did the PLA fly a drone around watchhouse in Kinmen?
