﻿"Published: Jan 22, 2020 09:15 PM Updated: Apr 11, 2022 09:00 AM",Real-time update on coronavirus outbreak
"Published: Mar 17, 2022 08:44 PM",What is the US hiding in the biolabs discovered in Ukraine?
"Published: Apr 06, 2022 01:58 PM","Nearly 20,000 students and faculty members return to campuses in Jilin after taming COVID-19 outbreak "
"Published: Apr 06, 2022 02:43 PM",Shanghai improves care services for COVID-19-infected children; allowing parents to accompany
"Published: Apr 06, 2022 02:48 PM","Shanghai grappling with record 17,000 new infections, to conduct new round of mass testing"
"Published: Apr 06, 2022 04:05 PM",Beijing expects to eliminate heavy air pollution by 2025
"Published: Apr 06, 2022 04:10 PM",Kintor Pharma’s phase III trials data of oral medicine show reductions in hospitalization or mortality for patients with mild to moderate symptoms
"Published: Apr 06, 2022 04:57 PM",Value of China’s BeiDou Navigation Satellite System tops 400b yuan: official 
"Published: Apr 06, 2022 06:50 PM",Shanghai builds more makeshift hospitals to receive COVID-19 mild and asymptomatic carriers
"Published: Apr 06, 2022 07:39 PM",Beijing finds multiple COVID-19 transmission chains; Omicron subvariant detected in city
"Published: Apr 06, 2022 07:57 PM",9 provinces in China experience natural negative increase in population in 2021
"Published: Apr 06, 2022 08:08 PM","Xi to attend event commending role models of Beijing Olympic, Paralympic Winter Games"
"Published: Apr 06, 2022 09:01 PM","Total number of COVID-19 positive cases in NE China's Jilin likely to reach 120,000 by late May: expert"
"Published: Apr 06, 2022 09:27 PM","China urges restraint, probe of Bucha incident in Ukraine"
"Published: Apr 06, 2022 09:29 PM",China will unwaveringly adhere to dynamic zero-case policy
"Published: Apr 06, 2022 09:52 PM",6 people including former leader of CTU arrested by HK national security department
"Published: Apr 06, 2022 09:53 PM","AUKUS plans hypersonic weapons to confront China as US speeds up NATO, Asian allies' coordination"
"Published: Apr 06, 2022 10:34 PM",Vaccination still best way to reduce health risks from COVID-19: chief immunologist
"Published: Apr 06, 2022 10:57 PM","Biden admin’s 3rd arms deal to Taiwan won’t boost DPP’s security, only benefits arms dealers: expert"
"Published: Apr 06, 2022 10:52 PM","GT Investigates: Western media bad-mouths China’s food security amid Ukraine crisis, while blaming Chinese for global supply strain"
"Published: Apr 06, 2022 11:14 PM","5.1-magnitude quake hits Sichuan, no casualties reported"
"Published: Apr 06, 2022 11:20 PM",Abuse claims against a trafficked woman in NW China are false; 13 officials punished: police
"Published: Apr 06, 2022 11:38 PM",Shanghai police refutes claims of sale of temporary passes to leave sealed-off communities in the city
"Published: Apr 07, 2022 12:03 AM",Omicron fatality rate is still much higher than flu: experts
"Published: Apr 07, 2022 12:25 AM","Shanghai fights decisive battle against Omicron with swifter actions; nearby cities provide 60,000 beds for quarantine"
"Published: Apr 07, 2022 11:16 AM",CAAC vows to ensure an absolute safety after plane crash
"Published: Apr 07, 2022 01:43 PM",China launches new civilian remote sensing satellite with high-resolution imaging capability 
"Published: Apr 07, 2022 03:10 PM","China strongly opposes latest US arms sales to Taiwan island, vows to take powerful measures"
"Published: Apr 07, 2022 04:43 PM Updated: Apr 08, 2022 10:48 AM","Pelosi ‘tests positive, postpones Asia trip’ after China warns resolute, forceful measures over reported Taiwan visit"
"Published: Apr 07, 2022 05:41 PM","Shanghai assures supply of daily necessities to 25 million, vows to solve ‘last 100-meter’ problem"
"Published: Apr 07, 2022 06:49 PM",Changing negative impression toward China: What lesson have Indians learned from their own experiences
"Published: Apr 07, 2022 06:48 PM","23 CDC experts selected as the global top 100,000 scientists"
"Published: Apr 07, 2022 07:31 PM","Cluster infections reported in E China port city, 17 of 18 crew members of a fishing boat tested positive"
"Published: Apr 07, 2022 08:03 PM","5 people under investigation for deliberately concealing information, risking COVID-19 transmission"
"Published: Apr 07, 2022 08:22 PM","Two batches of imported clothes test positive for COVID-19 in Beijing, as 4 transmission chains found in 5 days"
"Published: Apr 07, 2022 09:03 PM",Virus-hit Jilin Province closer to dynamic-zero goal as Yanbian clears all lockdown communities
"Published: Apr 07, 2022 09:31 PM","National agro and reserve system, needs-based imports ensure food security for 1.4 billion"
"Published: Apr 07, 2022 09:45 PM","US, NATO seek united front with Asia-Pacific allies to isolate Russia, pressure China over Ukraine crisis"
"Published: Apr 07, 2022 09:54 PM","Shanghai vows to ensure daily supplies, solve delivery difficulties as local infections exceed 100k"
"Published: Apr 07, 2022 10:28 PM","China urges US to apologize, compensate Afghans for drug problems it inflicted on country"
"Published: Apr 07, 2022 10:16 PM",Exclusive: Next-generation circRNA COVID-19 vaccine prepares for clinical trials: Chinese scientist
"Published: Apr 07, 2022 11:11 PM",US shuns UN meeting on biological security to 'cover up guilt conscience'
"Published: Apr 07, 2022 11:26 PM",Shanghai officials dismissed for poor efforts in COVID-19 battle
"Published: Apr 08, 2022 01:55 AM","Resolution to suspend Russia from UN Human Rights Council not open or transparent, aggravates division among member states: Chinese envoy"
"Published: Apr 08, 2022 02:45 AM",COVID-devastated Shanghai could clean up cases in the community in as soon as 10 days: CDC chief epidemiologist
"Published: Apr 08, 2022 03:04 AM","Ignoring the facts, needs of China-Solomon Islands security cooperation and hyping groundless accusations on China show Western arrogance, hegemony: experts"
"Published: Apr 08, 2022 10:34 AM",Xi calls on nation to carry on Beijing 2022 Olympic spirit toward rejuvenation at event honoring role models
"Published: Apr 08, 2022 11:23 AM","China realizes goal of involving 300 million people in ice, snow activities: Xi"
"Published: Apr 08, 2022 11:27 AM","China has presented the world with streamlined, safe and splendid Games, honoring its promise to the international community: Xi"
"Published: Apr 08, 2022 11:45 AM","China’s socialist system a solid foundation for successful Beijing Olympic, Paralympic Winter Games: Xi"
"Published: Apr 08, 2022 01:12 PM",China's central govt approves resignation of John Lee who would run for HK Chief Executive
"Published: Apr 08, 2022 01:12 PM","Shanghai cyberspace regulator dismisses epidemic-related rumors, calls for punishment on perpetrators"
"Published: Apr 08, 2022 04:53 PM","Chinese netizens advise Pelosi to see a doctor, not secessionists on Taiwan island"
"Published: Apr 08, 2022 05:27 PM","Shanghai registers 130,000 COVID-19 positive cases amid Omicron outbreak; one in critical condition"
"Published: Apr 08, 2022 06:57 PM",Xi-Duterte talks stress safeguarding joint security by regional countries
"Published: Apr 08, 2022 07:25 PM","90 percent of Chinese netizens believe the US is a bully in Ukraine crisis, coercive toward China: survey"
"Published: Apr 08, 2022 07:56 PM","US-pushed resolution suspends Russia from human rights body, ‘splits UN with partial facts’"
"Published: Apr 08, 2022 08:48 PM","Shenzhen reopens high schools, cultural venues, as anti-Omicron method ensures 'quickest recovery’"
"Published: Apr 08, 2022 09:25 PM","Two years after lifting of Wuhan lockdown, national mobilization led by CPC continues to inject confidence in Shanghai’s virus fight"
"Published: Apr 08, 2022 09:26 PM",Shanghai officials sacked for dereliction of duty over COVID-19
"Published: Apr 08, 2022 09:53 PM",Beijing COVID-19 cases associated with imported clothes
"Published: Apr 08, 2022 10:15 PM",US’ exclusive opposition to the biological weapons verification regime an egregious act of seeking global hegemony
"Published: Apr 08, 2022 10:23 PM",China firmly rejects US accusations about hacking
"Published: Apr 08, 2022 10:28 PM",Shanghai to conduct a new round of citywide COVID19 antigen tests on Saturday
"Published: Apr 08, 2022 11:25 PM","US stretches ‘black hand’ for long-arm jurisdiction; hearing on ‘forced labor’ hypocritical, absurd: Xinjiang official"
"Published: Apr 08, 2022 11:49 PM",Top expert recommends using different vaccine for booster shots
"Published: Apr 09, 2022 02:03 PM Updated: Apr 10, 2022 07:55 AM",Coexistence with virus the West's choice out of no choice; China still has better choice: Hong Kong professional
"Published: Apr 09, 2022 02:16 PM",Guangzhou starts citywide anti-COVID efforts amid situation more severe than previous Delta-driven flare-up
"Published: Apr 09, 2022 05:03 PM","HK’s John Lee joins Chief Executive race, highlighting national loyalty and rule of law"
"Published: Apr 09, 2022 06:21 PM","Shanghai opens largest makeshift hospital with 50,000 beds, may see ‘end of epidemic in early May’ under strict measures"
"Published: Apr 09, 2022 08:18 PM Updated: Apr 10, 2022 07:55 AM","Wang Yi supports Serbia’s independent foreign policy, Serbian FM vows to uphold ‘true friendship’ during phone call"
"Published: Apr 10, 2022 10:59 AM",Shanghai Big Data Center apologizes for inconvenience caused by network jam
"Published: Apr 10, 2022 11:21 AM","China should stick to dynamic zero-COVID policy rather than ‘lie flat,’ said leading expert in Shanghai"
"Published: Apr 10, 2022 02:37 PM Updated: Apr 10, 2022 12:00 AM","Shanghai says crucial supplies to residents to increase, with e-commerce platforms, couriers resuming operation"
"Published: Apr 10, 2022 06:49 PM",Spotting of six Y-20 cargo planes in Serbia 'displays China's strategic transport capabilities'
"Published: Apr 10, 2022 06:55 PM","China, US need to write more stories of cooperation like Flying Tigers: Chinese Ambassador"
"Published: Apr 10, 2022 07:09 PM",French election 'a tight race' between Macron and Le Pen
"Published: Apr 10, 2022 07:47 PM","Japan, Philippines hold first '2+2' security talks on S.China Sea"
"Published: Apr 10, 2022 08:50 PM Updated: Apr 11, 2022 02:21 PM",‘Omicron just a big flu’ a misperception; some in West attempt to delude Chinese public
"Published: Apr 10, 2022 09:45 PM","How US spread biological 'poison', ethnic division and ideological antagonism around the world"
"Published: Apr 10, 2022 09:42 PM","NE China's Jilin to gradually resume work, life routines after it clears COVID-19 in communities"
"Published: Apr 10, 2022 10:03 PM",Pakistan’s political change ‘won’t affect solid friendship with China’
"Published: Apr 10, 2022 09:58 PM",Exclusive: Booster shots still effective in preventing deaths from Omicron: Sinopharm scientist
"Published: Apr 10, 2022 10:02 PM",Guangzhou renovates key fair venue to makeshift hospital amid latest spike
"Published: Apr 10, 2022 10:24 PM",S China's Guangzhou suspends primary and middle schools' in-person classes after reporting 23 COVID-19 infections
"Published: Apr 10, 2022 11:07 PM","E-commerce platforms, couriers in Shanghai multiply supply channels to ensure food, daily necessities"
"Published: Apr 11, 2022 12:07 AM","Shanghai must adhere to dynamic zero-COVID policy, detect and deal with virus spread faster: top Chinese health expert"
"Published: Apr 11, 2022 02:06 AM",Update: Shanghai’s largest residential oxygen manufacturer suspends production as employees tested positive for COVID-19
"Published: Apr 11, 2022 10:32 AM","Over 25,000 COVID-19 abnormal cases detected amid citywide testing in Shanghai"
"Published: Apr 11, 2022 11:03 AM","Former RTHK show host Allan Au arrested, ‘linked to Stand News’"
"Published: Apr 11, 2022 12:14 PM",Xi inspects south China's Hainan Province
"Published: Apr 11, 2022 02:17 PM","Jilin, Shandong to resume production after stamping out community infections"
"Published: Apr 11, 2022 02:02 PM Updated: Apr 11, 2022 02:26 PM",Xi stresses role of 'Chinese seeds' in ensuring food security
"Published: Apr 11, 2022 04:01 PM","Negative nucleic acid results within 48 hours required for subway, bus in Wuhan"
"Published: Apr 11, 2022 04:18 PM","Over 14,000 people in Shanghai discharged from hospital; 7,565 residential communities lift lockdown"
"Published: Apr 11, 2022 04:50 PM","China-S.Korea relationship mutually beneficial, not zero-sum game like in Squid Game: Chinese Ambassador"
"Published: Apr 11, 2022 05:37 PM",Former Party chief of E.China’s Hangzhou to be prosecuted for corruption 
"Published: Apr 11, 2022 06:00 PM",FM slams some Western countries for linking Ukraine crisis and China-Russia ties to achieve ulterior purposes
"Published: Apr 11, 2022 07:46 PM","PLA's delivery of normal military goods to Serbia a 'scheduled cooperation project,' does not target 3rd party: FM"
"Published: Apr 11, 2022 09:25 PM",Balcony orchards: a new way for Chinese people to be self-sufficient during the epidemic
"Published: Apr 11, 2022 09:40 PM",A man trapped after jumping into wishing pond to collect coins leading monks to call the police
"Published: Apr 11, 2022 10:09 PM","Multiple regions learn from Shanghai’s experience, take proactive measures for Omicron spread"
"Published: Apr 11, 2022 10:05 PM",India unlikely to serve as Washington’s pawn over Ukraine despite Biden-Modi meeting: expert
"Published: Apr 11, 2022 10:03 PM","Taiwan celebrities donate supplies, post positive messages on social media to cheer up Omicron hit Shanghai"
"Published: Apr 11, 2022 10:17 PM","PLA gathers hundreds of arms firms, seeks logistics boost from intelligent drones"
"Published: Apr 11, 2022 10:27 PM",Divorced couple rekindles old love after being quarantined under the same roof
"Published: Apr 11, 2022 10:39 PM",US claims of China’s nukes ‘excuse for own expansion’
"Published: Apr 12, 2022 12:04 AM","Shehbaz Sharif elected new Pakistan PM, vows to promote CPEC projects"
"Published: Apr 12, 2022 12:08 AM","Former NASA astronauts, Elon Musk invited to Tiangong Q&A Session with US students for ‘legendary experiences and special roles’"
"Published: Apr 12, 2022 08:14 AM","Chinese envoy calls for end to Ukraine conflict to spare women, children from violence"
