﻿"Published: Jan 22, 2020 09:15 PM Updated: May 30, 2022 09:10 AM",Real-time update on coronavirus outbreak
"Published: May 24, 2022 10:04 PM","Mainland universities first option for graduates in HK with 'attractive policies, job opportunities'"
"Published: May 24, 2022 10:40 PM",Quad mechanism sugarcoats statements to woo regional countries
"Published: May 24, 2022 11:05 PM","China, US climate envoys meet in Davos amid tensions, signals room for cooperation"
"Published: May 24, 2022 11:23 PM","China warns ‘irretrievable consequences’, ‘unbearable price’ amid US’ Taiwan remarks swings"
"Published: May 24, 2022 11:39 PM","US military-led insect project feared to be weaponized and risks global food security, especially in ‘rival countries’ near its bio-labs"
"Published: May 24, 2022 11:45 PM","Tedros reelected as WHO chief, urged to resist West pressure, probe US bio labs in second term"
"Published: May 24, 2022 11:32 PM",Chinese FM lodges solemn representations over Tokyo's erroneous remarks at the Japan-US meeting
"Published: May 25, 2022 12:07 AM",Beijing requires more frequent nucleic acid testing for people in high mobility positions
"Published: May 25, 2022 12:45 AM",UK politicians have no rights to make irresponsible remarks on China and UN: Chinese Embassy
"Published: May 25, 2022 01:25 AM","Update: 1died, 5 injured in explosion caused by gas leak in E China’s Jiangsu"
"Published: May 25, 2022 01:48 AM",Multiple officials in Beijing punished for negligence managing two cluster infections
"Published: May 25, 2022 02:28 AM","'We wish UN human rights chief can see a real Xinjiang and introduce it to the world,' says Xinjiang official"
"Published: May 25, 2022 12:54 PM","Xi stresses China's human rights progress, warns certain countries not to lecture others, politicize human rights issues in video meeting with Bachelet"
"Published: May 25, 2022 07:36 PM Updated: May 25, 2022 07:28 PM","People visiting public places, residential areas have legal obligation to show their health info in Shanghai"
"Published: May 25, 2022 07:55 PM",China urges US to take American people’s human rights seriously following Texas school shooting
"Published: May 25, 2022 09:17 PM","China to provide South Pacific countries ‘what US, Australia failed to offer’"
"Published: May 25, 2022 09:04 PM",PLA holds 2nd large-scale drills around Taiwan this month after Biden claims to 'defend' island
"Published: May 25, 2022 09:51 PM",Texas mass shooting exposes US system failure
"Published: May 25, 2022 09:58 PM","Consumerism, fierce competition and false advertising lead to a boom of influencer culture in China"
"Published: May 25, 2022 10:03 PM",Tensions escalate in Korean Peninsula as QUAD summit shakes Asian stability
"Published: May 25, 2022 10:47 PM","Chinese scientists to create 3D map of glaciers on Mount Qomolangma, share it globally"
"Published: May 25, 2022 10:54 PM",Over 62% of international students in China intend to stay for work : survey
"Published: May 25, 2022 11:11 PM",UN human rights chief called to see Xinjiang's devt objectively despite US pressure
"Published: May 25, 2022 11:49 PM",BRICS countries establish joint commission on space cooperation
"Published: May 26, 2022 12:02 AM","US urged to disclose more info, conduct deeper probe into mysterious hepatitis outbreak in children"
"Published: May 26, 2022 04:01 AM","Beijing sees decline in infections, epidemic situation ‘controllable’: authorities"
"Published: May 26, 2022 04:14 AM","Youth in China, Arab countries urged to increase friendship, cooperation"
"Published: May 26, 2022 10:45 AM Updated: May 26, 2022 10:38 AM",CNN admits mistake in misreporting  ‘Chinese delegation’s reaction to Zelensky’s speech
"Published: May 26, 2022 10:52 AM",C.China's Henan suspends operation of four enterprises for emission of pungent gas allegedly causing nosebleeds in children
"Published: May 26, 2022 05:12 PM",Students in Shanghai to resume on-site classes from June 6 after more than 2 months at home
"Published: May 26, 2022 05:18 PM",Nepal never allows any forces to use its territory for anti-China separatist activities: Nepali Foreign Secretary
"Published: May 26, 2022 06:45 PM","China sees improved air quality, increased average temperature and rainfall: annual report"
"Published: May 26, 2022 07:21 PM",National campaign held to urge more people to hold an 'umbrella' for kids suffering from AIDS
"Published: May 26, 2022 07:42 PM","China slams NATO chief's double-standard smearing, urges to stop spreading 'China threat' theory"
"Published: May 26, 2022 08:50 PM","Referred in Russia-Ukraine conflict, 'The Art of War' teaches not military tactics, but peace and harmony"
"Published: May 26, 2022 09:02 PM","ASEAN leaders call for open, integrated trade in Asia as Japan woos region over US-led IPEF"
"Published: May 26, 2022 09:28 PM","HK police to perform Chinese-style foot drills starting July 1, a removal of British 'colonial overtones'"
"Published: May 26, 2022 10:12 PM","Government meeting on stabilizing economy lifts market sentiment, with experts feeling upbeat about GDP rebound after COVID wanes"
"Published: May 26, 2022 10:34 PM","China slams Japan for close-range tracking of aircraft carrier, says it doesn’t want ‘dedicated photographers’"
"Published: May 26, 2022 11:37 PM",Chinese FM starts trip to South Pacific; ‘Solomon Islands shows respectable courage in developing ties with China’
"Published: May 26, 2022 11:22 PM",In numbers: 2021 China ecological and Environmental Status Report
"Published: May 26, 2022 11:41 PM","China, South Korea to embrace larger devt; hope Seoul ‘does what it says’: ambassador"
"Published: May 26, 2022 11:31 PM",Distorted reports hyping up potential China-Kiribati security pack 'purely absurd and senseless': Kiribati parliamentarian
"Published: May 27, 2022 01:28 AM",Blinken’s long-awaited China policy address 'unexciting'
"Published: May 27, 2022 01:51 AM",Insurance program launched in Beijing to encourage vaccination among the elderly
"Published: May 27, 2022 01:10 PM Updated: May 27, 2022 03:55 PM",China and Solomon Islands reach consensuses in deepening bilateral mutually beneficial cooperation: Wang Yi
"Published: May 27, 2022 02:51 PM","Kiribati to ink 10 MOUs with China – a true, trusted friend to South Pacific countries: ambassador"
"Published: May 27, 2022 03:47 PM","US claimed competition in its China strategy not 'fair, healthy,' but a 'malicious confrontation:' ambassador"
"Published: May 27, 2022 07:24 PM","China issues third budget round worth $60bln to support local tax rebates, key social spending as virus bites"
"Published: May 27, 2022 07:30 PM","Coconut farming bridges China-South Pacific friendship, ‘most effective way’ to improve local people’s lives"
"Published: May 27, 2022 08:28 PM",South China’s Wenchang expects to realize regular commercial space launch in 2024
"Published: May 27, 2022 09:19 PM Updated: May 28, 2022 12:39 AM","World scholars urge UN human rights chief to resist US disinformation, deliver factual Xinjiang judgment"
"Published: May 27, 2022 09:40 PM",China will take stern and firm initiatives if someone tries to spread war to Korean peninsula: China’s UN envoy
"Published: May 27, 2022 09:54 PM",China firmly opposes US Secretary of State’s speech: FM
"Published: May 27, 2022 11:20 PM Updated: May 28, 2022 12:40 AM","Wang’s visit to Kiribati shows devt opportunities, injects firmness to one-China principle"
"Published: May 28, 2022 12:14 AM",Beijing testing lab staff punished for violations threatening anti-epidemic battle
"Published: May 28, 2022 01:39 PM",Chinese actress Jing Tian fined $1.08 million for illegal advertising endorsement
"Published: May 28, 2022 01:44 PM",Chinese FM spokesperson posts 11-point rebuttal to Blinken's duplicitous speech
"Published: May 28, 2022 01:56 PM","Xi urges efforts to advance study of Chinese civilization, strengthen cultural confidence"
"Published: May 28, 2022 02:42 PM",Meeting held to review CPC regulations on political consultation
"Published: May 28, 2022 06:25 PM","China inks deal on economic technologies with Samoa during FM’s trip, welcomes partnership with Australia, NZ to help PICs"
"Published: May 28, 2022 06:54 PM","Chinese Embassy in Cameroon welcomes clarification from local govt, refutes Western hype over iron ore mining deal"
"Published: May 28, 2022 09:36 PM",China’s education ministry orders nationwide check of textbooks after ‘ugly illustration’ scandal sparks furor
"Published: May 28, 2022 10:02 PM",Beijing to gradually return to normal with caution as Omicron flare-up effectively tamed in 37 days
"Published: May 29, 2022 12:14 AM","US has serious misconceptions in its views on world, China and China-US ties: Wang Yi on Blinken’s ‘China policy’ speech"
"Published: May 29, 2022 01:36 AM","Xinjiang visit 'unsupervised' and 'open,' UN human rights chief says as she wraps up China trip"
"Published: May 29, 2022 10:32 AM",Combo of Shenzhou-14 manned spacecraft and Long March-2F Y14 rocket rolls out to launch pad
"Published: May 29, 2022 11:31 AM","Beijing reopens shopping malls, cinemas, gyms after month-long tough battle against Omicron"
"Published: May 29, 2022 01:50 PM","One dismissed, three punished in Beijing for delayed emergency rescue that caused sudden death of a patient"
"Published: May 29, 2022 03:03 PM Updated: May 29, 2022 03:00 PM","Negative test results within 72 hours required at public venues, public transportation in Shanghai as city speeds up business resumption"
"Published: May 29, 2022 05:11 PM",State Councilor and Foreign Minister Wang Yi Cooperation milestones during his visit to the South Pacific Countries and Timor-Leste
"Published: May 29, 2022 05:54 PM","Long March-5B Y3, the rocket to launch Wentian space station lab module, arrives in Wenchang spaceport"
"Published: May 29, 2022 06:12 PM",China keeps close eye on US dual carrier drills after PLA exercises
"Published: May 29, 2022 06:27 PM",Texas shooting shows unresolved racial discrimination in US: UN Human Rights Chief
"Published: May 29, 2022 06:35 PM Updated: May 29, 2022 06:32 PM",Tombs from Ming Dynasty discovered in Central China’s Hubei; occupants remain unidentified
"Published: May 29, 2022 07:12 PM","China to offer technologies, equipment, training to help Pacific island countries tackle climate change: cooperation center director"
"Published: May 29, 2022 08:27 PM","Republicans, Democrats 'collude' to indulge gun violence, 'manage rather than address' problem"
"Published: May 29, 2022 08:27 PM Updated: May 29, 2022 08:22 PM",City revokes requirement to pay for compulsory weekly nucleic acid test after public outcry
"Published: May 29, 2022 09:07 PM","Beijing, Shanghai walk out of shadow of Omicron "
"Published: May 29, 2022 09:52 PM",Chinese FM visits Fiji; Pacific Island countries ‘won’t be used by anyone to become frontlines of great power competition’
"Published: May 29, 2022 10:20 PM",UN human rights chief wraps up China visit after wide interactions with all sectors
"Published: May 29, 2022 10:16 PM",Nationwide check of teaching materials launched after 'ugly textbook illustration' scandal
"Published: May 29, 2022 10:24 PM",China's J-16 fighter jets deployed in latest joint strategic patrol with Russia
"Published: May 29, 2022 10:27 PM","Risk of imported cases of monkeypox increases, but no need to panic 'due to anti-COVID experience, limited transmission capacity' "
"Published: May 29, 2022 10:25 PM",First infection of Omicron BA.5 reported in the Chinese mainland
"Published: May 30, 2022 12:05 AM Updated: May 30, 2022 12:00 AM",China commits to caring for women’s health and eliminating menstruation stigma
"Published: May 30, 2022 01:49 AM",Third COVID-19 testing lab investigated in Beijing's current outbreak
"Published: May 30, 2022 12:14 PM Updated: May 30, 2022 11:54 PM",Chinese customs steps up monkeypox monitoring after WHO labels it 'moderate risk'
"Published: May 30, 2022 01:29 PM",Xi delivers written remarks at China-Pacific Island Countries Foreign Ministers' Meeting
"Published: May 30, 2022 01:38 PM",Xi calls for advancing study of Chinese civilization
"Published: May 30, 2022 05:46 PM","Xi praises new HK chief John Lee for his patriotism, conveys central govt's trust in meeting in Beijing"
"Published: May 30, 2022 06:04 PM Updated: May 30, 2022 06:01 PM",Exam reference book with picture of a Japanese soldier depicted as model soldier under public scrutiny
"Published: May 30, 2022 06:17 PM","Shanghai to lift lockdown on June 1, residential compounds will reopen, private cars, public transport systems to restart"
"Published: May 30, 2022 06:44 PM","Fosun releases data of first clinical trial in Chinese adults, showing robust results"
"Published: May 30, 2022 09:35 PM","China donates 10m doses of COVID-19 vaccine, 13m syringes, 2 mobile laboratory vehicles to Myanmar"
"Published: May 30, 2022 09:40 PM","China calls on Switzerland to exclude interferences over free trade upgrade, stresses deal not a gift"
"Published: May 30, 2022 09:37 PM",Chinese cities poised to embrace upcoming festival; stimulus policies to yield positive results in 2022 H2
"Published: May 30, 2022 10:29 PM","Blocking Finnish, Swedish bids shows NATO divergence and Turkey's unique role as a major power: experts"
"Published: May 30, 2022 10:46 PM",Residents welcome normal hustle and bustle as China’s top two cities reemerge from epidemic cautiously but steadily
"Published: May 30, 2022 10:52 PM","China, Pacific Island nations expand cooperation at second FMs’ meeting covering poverty alleviation, climate change and agriculture"
"Published: May 30, 2022 11:11 PM","Shanghai reopens community, transport resumes as city achieves milestones in anti-COVID fight "
"Published: May 30, 2022 11:10 PM","Xi voices 'full trust' for HK new chief, hopes city govt to unveil new changes"
"Published: May 30, 2022 11:26 PM",‘Toxic’ textbooks sound ideological security alarm from infiltration
"Published: May 30, 2022 11:41 PM","False alarm causes NYC stampede, highlights public trauma over mass shootings"
"Published: May 30, 2022 11:41 PM",Beijing reports community-level infection again; 'dynamic zero' remains tough task: officials
"Published: May 30, 2022 11:45 PM Updated: May 30, 2022 11:39 PM",China accuses US of being destroyer of international order
"Published: May 30, 2022 11:47 PM","CNBG gets approval for influenza vaccine as country prepares early for dual risk of flu, COVID-19"
"Published: May 30, 2022 11:49 PM",US keeps manipulating high-profile UN Xinjiang visit to attack China: FM
"Published: May 31, 2022 10:27 AM",Shanghai to fully restore normal production and life order of the entire city starting from June 1
