﻿"Published: Jan 22, 2020 09:15 PM Updated: May 24, 2022 09:00 AM",Real-time update on coronavirus outbreak
"Published: May 20, 2022 12:46 AM","China stresses BRICS solidarity in time of turbulence, transformation"
"Published: May 20, 2022 02:07 AM",City in C China's Henan set to build permanent Fangcang hospital
"Published: May 20, 2022 03:45 PM Updated: May 21, 2022 10:45 PM","Pakistan FM’s first official visit abroad to China to review entire gamut of bilateral relations, focus on stronger trade, economic cooperation"
"Published: May 20, 2022 04:03 PM","China calls for intl community to strengthen coordination, stabilize the global food market"
"Published: May 20, 2022 06:23 PM",UN human rights chief to visit China from May 23 to 28: Chinese FM
"Published: May 20, 2022 06:34 PM","Japan hypocritical, contradictory over nuclear disarmament: Chinese FM spokesperson"
"Published: May 20, 2022 07:15 PM",State Council appoints John Lee as Hong Kong chief executive
"Published: May 20, 2022 08:51 PM","Biden on mission to corner China visits Samsung on first leg of Asia trip, to be met with protests against ‘destroyer of world peace’"
"Published: May 20, 2022 08:54 PM","Broad consensus reached in BRICS meeting, offering pro-development stability amid US-led bloc politics"
"Published: May 20, 2022 10:03 PM",No expectation from China on Aussie election; whoever wins will stay in ‘shadow of US’
"Published: May 20, 2022 10:27 PM",Large-scale monkeypox cases in China unlikely: expert
"Published: May 21, 2022 12:05 AM","Tsai greets 6th year in office with disastrous COVID fiasco, sinking approval rate"
"Published: May 21, 2022 12:10 AM","BRICS urged to act as promoters of intl cooperation, global security and human progress at video forum "
"Published: May 21, 2022 01:31 AM","China prudently preparing for college, middle school entrance exams"
"Published: May 21, 2022 03:21 PM Updated: May 21, 2022 03:10 PM","BRICS will welcome new members, to better represent voices of emerging market economies: experts"
"Published: May 21, 2022 07:52 PM","Shopping malls suspended, work-from-home order imposed … Beijing further escalates restriction as COVID situation remains uncertain"
"Published: May 21, 2022 09:41 PM",Observe One-China principle: FM comments on Taiwan authorities’ failure to be invited to WHA
"Published: May 22, 2022 12:56 AM","Nearly 5,000 residents in Beijing’s Chaoyang district transferred for 7-day centralized quarantine"
"Published: May 22, 2022 01:42 PM","‘We miss you so much,’ Chinese people commemorate Yuan Longping, who helped save millions from hunger"
"Published: May 22, 2022 07:32 PM","Nuclear expert reaffirms harm of dumping nuclear-contaminated water into ocean, calls on Japan to stop pressuring opposition voices"
"Published: May 22, 2022 08:28 PM",China reports first case of 'more contagious' Omicron BA.4 variant infection
"Published: May 22, 2022 09:09 PM",Quad summit tests new Aussie PM’s political wisdom
"Published: May 22, 2022 09:02 PM","US, South Korea boost military cooperation, intensifying peninsula crisis "
"Published: May 22, 2022 10:56 PM","US uses sales of second-hand arms as bait to expand influence, but irresponsible transfers risk empowering terrorists, criminals"
"Published: May 22, 2022 11:16 PM","Universities are focus of COVID-19 prevention, control efforts in Beijing "
"Published: May 22, 2022 11:54 PM",Biden starts Japan visit to tout economic plan amid doubts
"Published: May 22, 2022 11:39 PM",US sanctions on Xinjiang have made Americans pay the bill: scholars
"Published: May 22, 2022 11:45 PM","Chinese, Pakistani FMs agree to launch ‘enhanced plan’ to safeguard security of Chinese in Pakistan"
"Published: May 23, 2022 12:27 AM","COVID-19 controls, reduced intl travel minimize China’s monkeypox risks: expert"
"Published: May 23, 2022 02:22 AM",Bright spots in epidemic control measures show positive and innovative attitude of Chinese people facing COVID-19 challenge
"Published: May 23, 2022 04:18 PM Updated: May 23, 2022 04:01 PM","India expected to maintain autonomy at upcoming Quad summit, still cautious about IPEF despite being initial signatory: analysts "
"Published: May 23, 2022 07:23 PM",China’s new-type armored recovery vehicle makes debut in plateau drills
"Published: May 23, 2022 07:28 PM","PLA Navy's Liaoning carrier group returns from West Pacific after 'longest, most sortie-intensive' exercise"
"Published: May 23, 2022 07:42 PM",China’s first aerosolized COVID-19 vaccine proven safe and effective as a booster shot after 2-dose priming with inactivated vaccines: study on Lancet
"Published: May 23, 2022 08:02 PM Updated: May 23, 2022 07:53 PM","Individual tourism abroad not encouraged, but people of special needs will certainly be given support, says China’s immigration authority"
"Published: May 23, 2022 08:38 PM Updated: May 23, 2022 08:36 PM","Pacific is venue of intl cooperation, not anyone’s backyard: Chinese Ambassador to Solomon Islands"
"Published: May 23, 2022 08:56 PM",WHA rejects Taiwan’s bid for 6th consecutive year as political tricks to challenge one-China principle are doomed to failure
"Published: May 23, 2022 09:25 PM",US should remember its commitment to one-China principle: Chinese FM
"Published: May 23, 2022 09:41 PM","China prepares test kits against monkeypox, can develop 'vaccine within a year' if needed"
"Published: May 23, 2022 10:17 PM",Beijing's fight against Omicron still at a stalemate as city sees record number of new cases
"Published: May 23, 2022 10:44 PM",Biden’s remarks on ‘intervening militarily’ in Taiwan question not gaffe but signals hollowing out one-China policy
"Published: May 23, 2022 11:19 PM","Ukraine tops Davos agenda as supporting Kiev becomes new ‘political correctness’ in West, but ‘divergences widen’"
"Published: May 23, 2022 11:20 PM","Beijing moves over 1,800 residents to Winter Olympics host city Zhangjiakou for quarantine amid outbreak of COVID-19"
"Published: May 23, 2022 11:44 PM","US may lack ‘ability to lead IPEF, reconcile interests’ with members"
"Published: May 24, 2022 12:14 AM","The Chinese Embassy in Japan firmly opposes Biden, Kishida's irresponsible remarks on China-related affairs during meeting"
"Published: May 24, 2022 01:10 AM",Preparing permanent support hospitals is not a signal of worsening epidemic: official
"Published: May 24, 2022 09:12 AM",Chinese delegation not applauding Zelensky in Davos? FM urges rumormonger US lawmaker to make correction
"Published: May 24, 2022 11:51 AM","China calls for end of geographical confrontation, technological decoupling in UN technology meeting"
"Published: May 24, 2022 11:56 AM Updated: May 24, 2022 11:50 AM","Wang Yi meets with UN human rights chief in Guangzhou, asks for mutual understanding, clearing misinformation"
"Published: May 24, 2022 06:37 PM","China launches diplomatic activities to boost ties with South Pacific islands; ‘US, Australian containment strategy doomed to fail’"
"Published: May 24, 2022 06:29 PM","PLA increases warship activities in key straits near Japan amid provocative US, Japanese remarks"
"Published: May 24, 2022 08:08 PM","China, Russia hold joint aerial patrol for 4th consecutive year amid Biden’s Asia visit at Quad summit"
"Published: May 24, 2022 09:33 PM",Albanese’s diplomatic debut at Quad meeting signals Australian new leader ‘not out of shadow’ of Morrison
"Published: May 24, 2022 10:04 PM","Mainland universities first option for graduates in HK with 'attractive policies, job opportunities'"
"Published: May 24, 2022 10:40 PM",Quad mechanism sugarcoats statements to woo regional countries
"Published: May 24, 2022 11:05 PM","China, US climate envoys meet in Davos amid tensions, signals room for cooperation"
"Published: May 24, 2022 11:23 PM","China warns ‘irretrievable consequences’, ‘unbearable price’ amid US’ Taiwan remarks swings"
"Published: May 24, 2022 11:39 PM","US military-led insect project feared to be weaponized and risks global food security, especially in ‘rival countries’ near its bio-labs"
"Published: May 24, 2022 11:45 PM","Tedros reelected as WHO chief, urged to resist West pressure, probe US bio labs in second term"
"Published: May 24, 2022 11:32 PM",Chinese FM lodges solemn representations over Tokyo's erroneous remarks at the Japan-US meeting
"Published: May 25, 2022 12:07 AM",Beijing requires more frequent nucleic acid testing for people in high mobility positions
"Published: May 25, 2022 12:45 AM",UK politicians have no rights to make irresponsible remarks on China and UN: Chinese Embassy
"Published: May 25, 2022 01:25 AM","Update: 1died, 5 injured in explosion caused by gas leak in E China’s Jiangsu"
"Published: May 25, 2022 01:48 AM",Multiple officials in Beijing punished for negligence managing two cluster infections
"Published: May 25, 2022 02:28 AM","'We wish UN human rights chief can see a real Xinjiang and introduce it to the world,' says Xinjiang official"
"Published: May 25, 2022 12:54 PM","Xi stresses China's human rights progress, warns certain countries not to lecture others, politicize human rights issues in video meeting with Bachelet"
"Published: May 25, 2022 07:36 PM Updated: May 25, 2022 07:28 PM","People visiting public places, residential areas have legal obligation to show their health info in Shanghai"
"Published: May 25, 2022 07:55 PM",China urges US to take American people’s human rights seriously following Texas school shooting
"Published: May 25, 2022 09:17 PM","China to provide South Pacific countries ‘what US, Australia failed to offer’"
"Published: May 25, 2022 09:04 PM",PLA holds 2nd large-scale drills around Taiwan this month after Biden claims to 'defend' island
"Published: May 25, 2022 09:51 PM",Texas mass shooting exposes US system failure
"Published: May 25, 2022 09:58 PM","Consumerism, fierce competition and false advertising lead to a boom of influencer culture in China"
"Published: May 25, 2022 10:03 PM",Tensions escalate in Korean Peninsula as QUAD summit shakes Asian stability
"Published: May 25, 2022 10:47 PM","Chinese scientists to create 3D map of glaciers on Mount Qomolangma, share it globally"
"Published: May 25, 2022 10:54 PM",Over 62% of international students in China intend to stay for work : survey
"Published: May 25, 2022 11:11 PM",UN human rights chief called to see Xinjiang's devt objectively despite US pressure
"Published: May 25, 2022 11:49 PM",BRICS countries establish joint commission on space cooperation
"Published: May 26, 2022 12:02 AM","US urged to disclose more info, conduct deeper probe into mysterious hepatitis outbreak in children"
"Published: May 26, 2022 04:01 AM","Beijing sees decline in infections, epidemic situation ‘controllable’: authorities"
"Published: May 26, 2022 04:14 AM","Youth in China, Arab countries urged to increase friendship, cooperation"
"Published: May 26, 2022 10:45 AM Updated: May 26, 2022 10:38 AM",CNN admits mistake in misreporting  ‘Chinese delegation’s reaction to Zelensky’s speech
"Published: May 26, 2022 10:52 AM",C.China's Henan suspends operation of four enterprises for emission of pungent gas allegedly causing nosebleeds in children
"Published: May 26, 2022 05:12 PM",Students in Shanghai to resume on-site classes from June 6 after more than 2 months at home
"Published: May 26, 2022 05:18 PM",Nepal never allows any forces to use its territory for anti-China separatist activities: Nepali Foreign Secretary
"Published: May 26, 2022 06:45 PM","China sees improved air quality, increased average temperature and rainfall: annual report"
"Published: May 26, 2022 07:21 PM",National campaign held to urge more people to hold an 'umbrella' for kids suffering from AIDS
"Published: May 26, 2022 07:42 PM","China slams NATO chief's double-standard smearing, urges to stop spreading 'China threat' theory"
"Published: May 26, 2022 08:50 PM","Referred in Russia-Ukraine conflict, 'The Art of War' teaches not military tactics, but peace and harmony"
"Published: May 26, 2022 09:02 PM","ASEAN leaders call for open, integrated trade in Asia as Japan woos region over US-led IPEF"
"Published: May 26, 2022 09:28 PM","HK police to perform Chinese-style foot drills starting July 1, a removal of British 'colonial overtones'"
"Published: May 26, 2022 10:12 PM","Government meeting on stabilizing economy lifts market sentiment, with experts feeling upbeat about GDP rebound after COVID wanes"
"Published: May 26, 2022 10:34 PM","China slams Japan for close-range tracking of aircraft carrier, says it doesn’t want ‘dedicated photographers’"
"Published: May 26, 2022 11:37 PM",Chinese FM starts trip to South Pacific; ‘Solomon Islands shows respectable courage in developing ties with China’
"Published: May 26, 2022 11:22 PM",In numbers: 2021 China ecological and Environmental Status Report
"Published: May 26, 2022 11:41 PM","China, South Korea to embrace larger devt; hope Seoul ‘does what it says’: ambassador"
"Published: May 26, 2022 11:31 PM",Distorted reports hyping up potential China-Kiribati security pack 'purely absurd and senseless': Kiribati parliamentarian
"Published: May 27, 2022 01:28 AM",Blinken’s long-awaited China policy address 'unexciting'
"Published: May 27, 2022 01:51 AM",Insurance program launched in Beijing to encourage vaccination among the elderly
"Published: May 27, 2022 01:10 PM Updated: May 27, 2022 03:55 PM",China and Solomon Islands reach consensuses in deepening bilateral mutually beneficial cooperation: Wang Yi
"Published: May 27, 2022 02:51 PM","Kiribati to ink 10 MOUs with China – a true, trusted friend to South Pacific countries: ambassador"
"Published: May 27, 2022 03:47 PM","US claimed competition in its China strategy not 'fair, healthy,' but a 'malicious confrontation:' ambassador"
"Published: May 27, 2022 07:24 PM","China issues third budget round worth $60bln to support local tax rebates, key social spending as virus bites"
"Published: May 27, 2022 07:30 PM","Coconut farming bridges China-South Pacific friendship, ‘most effective way’ to improve local people’s lives"
"Published: May 27, 2022 08:28 PM",South China’s Wenchang expects to realize regular commercial space launch in 2024
"Published: May 27, 2022 09:19 PM Updated: May 28, 2022 12:39 AM","World scholars urge UN human rights chief to resist US disinformation, deliver factual Xinjiang judgment"
"Published: May 27, 2022 09:40 PM",China will take stern and firm initiatives if someone tries to spread war to Korean peninsula: China’s UN envoy
"Published: May 27, 2022 09:54 PM",China firmly opposes US Secretary of State’s speech: FM
"Published: May 27, 2022 11:20 PM Updated: May 28, 2022 12:40 AM","Wang’s visit to Kiribati shows devt opportunities, injects firmness to one-China principle"
"Published: May 28, 2022 12:14 AM",Beijing testing lab staff punished for violations threatening anti-epidemic battle
