﻿"Published: Jul 12, 2022 08:34 PM","Haiti gang violence leaves more than 50 dead near capital, mayor says"
"Published: Jul 13, 2022 01:57 AM",Indian hackers launch fresh attack at Pakistan under China-related code name: Chinese cybersecurity firm
"Published: Jul 13, 2022 07:56 AM",Ukraine joins NATO's program of technological cooperation
"Published: Jul 13, 2022 07:56 AM",Ukrainian PM welcomes 1-bln-euro aid from EU
"Published: Jul 13, 2022 10:12 AM",World’s Largest Missile Being Prepared for New Tests in Russia
"Published: Jul 13, 2022 10:19 AM","BRICS Could Create Its Own Reserve Currency, Russia's Medvedev Says"
"Published: Jul 13, 2022 02:32 PM",State of emergency declared in Sri Lanka
"Published: Jul 13, 2022 08:29 PM",Drought hits Mexican industrial powerhouse
"Published: Jul 13, 2022 08:31 PM",Tree climbers vital for botanical research in Brazil’s Amazon 
"Published: Jul 13, 2022 08:39 PM",Twitter sues Elon Musk for contract breach
"Published: Jul 13, 2022 08:43 PM",Pig heart transplants see success in two brain-dead recipients
"Published: Jul 13, 2022 08:45 PM",Sydney to use AI technology to smooth bumpy roads
"Published: Jul 13, 2022 08:49 PM",1st round for Tory leadership held
"Published: Jul 13, 2022 08:50 PM",Video shows hesitant police response to Texas shooting
"Published: Jul 13, 2022 08:51 PM",Indonesia jails captain of tanker arrested for illegal anchorage
"Published: Jul 13, 2022 08:54 PM",Trump incited Jan 6 mob: panel
"Published: Jul 13, 2022 08:55 PM",Macron says ‘would not’ change Uber dealings
"Published: Jul 13, 2022 08:55 PM","‘No ultimatums’ from coalition, Italian Prime Minister Draghi says"
"Published: Jul 14, 2022 08:09 AM",Talks on Ukrainian grain exports conclude in Istanbul
"Published: Jul 14, 2022 08:10 AM","Ukraine, Russia make some progress at talks on grain exports: Zelensky"
"Published: Jul 14, 2022 08:10 AM",UN chief hails progress in talks over Ukraine grain exports
"Published: Jul 14, 2022 07:01 PM",Labor deficit
"Published: Jul 14, 2022 07:06 PM",Melilla migrants likely suffocated
"Published: Jul 14, 2022 07:07 PM",Ex-CIA coder found guilty in WikiLeaks case
"Published: Jul 14, 2022 07:10 PM","In Albania, divers fish for unexploded World War II munitions"
"Published: Jul 14, 2022 07:12 PM",EC warns France over Uber lobbying report
"Published: Jul 14, 2022 07:14 PM","In first, Pope Francis names 3 women to Dicastery for Bishops"
"Published: Jul 14, 2022 07:15 PM","Remains of 8,000 Nazi war victims found in Poland"
"Published: Jul 14, 2022 07:23 PM",Raped child left state for abortion
"Published: Jul 14, 2022 07:24 PM",UAE will remain as ‘reliable’ oil provider
"Published: Jul 14, 2022 07:27 PM","NZ announces free masks, tests as health system struggles with COVID-19"
"Published: Jul 14, 2022 07:39 PM","China, Greece should enhance ties in all areas to excellent level of political bond: senior Greek diplomat"
"Published: Jul 15, 2022 08:03 AM",Russia legalizes special economic measures to support military operations abroad
"Published: Jul 16, 2022 12:59 AM",Russia sees progress of quadripartite talks on grain exports
"Published: Jul 16, 2022 11:04 PM",Ukraine gets M270 multiple launch rocket systems: defense minister
"Published: Jul 17, 2022 08:47 AM",Russian aerospace forces destroy three Ukrainian aircrafts
"Published: Jul 17, 2022 06:14 PM",Forest fires rage in scorching southwest Europe
"Published: Jul 17, 2022 06:28 PM",Fatal cargo plane crash in Greece
"Published: Jul 17, 2022 06:36 PM","Iraq asks Turkey to release more water along Tigris, Euphrates rivers"
"Published: Jul 17, 2022 06:39 PM",Morocco sex abuse case against French tycoon widens
"Published: Jul 17, 2022 06:58 PM",Israel strikes Gaza Strip after rocket fire
"Published: Jul 17, 2022 06:59 PM",N.Macedonia agrees compromise for EU membership talks: PM
"Published: Jul 17, 2022 07:00 PM",33 dead in Sudan tribal clashes near Ethiopia border
"Published: Jul 17, 2022 07:03 PM",UK PM hopefuls clash in debate
"Published: Jul 17, 2022 07:04 PM",Memo details lawyer’s plan for Trump to overturn loss
"Published: Jul 17, 2022 07:05 PM","Armenia, Azerbaijan FMs hold first bilateral talks since 2020 war"
"Published: Jul 18, 2022 10:53 AM",Sri Lanka declares state of emergency
"Published: Jul 18, 2022 11:46 AM",Sri Lanka to maintain excellent ties with China regardless of change in govt: Ambassador to China
"Published: Jul 18, 2022 08:50 PM",US doctors embroiled in sudden legal uncertainty over abortions
"Published: Jul 18, 2022 08:55 PM",Long lines in NY for monkeypox vaccine
"Published: Jul 18, 2022 08:57 PM",COVID-19 escalates understaffing in Australian hospitals
"Published: Jul 18, 2022 08:59 PM",Pope calls Canada abuse trip a ‘penitential pilgrimage’
"Published: Jul 18, 2022 09:18 PM",France remembers Jewish victims
"Published: Jul 18, 2022 09:19 PM",Joe Biden intervenes to end union disputes
"Published: Jul 18, 2022 09:20 PM","Powerful car bomb kills 5 at Somalia hotel, Al Qaeda militants blamed"
"Published: Jul 18, 2022 09:26 PM",Legislators in India begin voting for new president
"Published: Jul 18, 2022 09:28 PM","Over 1,000 Italian mayors sign petition pleading with Draghi to stay"
"Published: Jul 18, 2022 09:30 PM",Tory leadership debate scrapped
"Published: Jul 19, 2022 08:30 AM",Ukrainian FM welcomes new 500-mln-euro military aid from EU
"Published: Jul 19, 2022 04:12 PM",Baby elephant pulled out of manhole in rescue in Thailand
"Published: Jul 19, 2022 07:48 PM",Johannesburg transport project digs into wounds of the past
"Published: Jul 19, 2022 08:00 PM",Scientists find exotic black hole
"Published: Jul 19, 2022 08:04 PM","Danish restaurant crowned world’s best, Peruvian eatery in at No.2"
"Published: Jul 19, 2022 08:05 PM",Millions of dollars in jewelry stolen in California
"Published: Jul 19, 2022 08:11 PM",EU to buy forest firefighting planes
"Published: Jul 19, 2022 08:20 PM",Mexican court temporarily blocks drug lord’s extradition
"Published: Jul 19, 2022 08:23 PM",Dozens of sea turtles stabbed to death off Japan island
"Published: Jul 19, 2022 08:27 PM",Rightist bloc may win Italy election
"Published: Jul 19, 2022 08:33 PM",Jury selected for contempt trial of Trump aide Bannon
"Published: Jul 19, 2022 08:36 PM","13 inmates killed in fresh fight in Ecuador prison, drug gangs blamed"
"Published: Jul 19, 2022 11:10 PM",More victims can be expected if the cult of Unification Church is connived with to continue its criminal activities: Japanese lawyer
"Published: Jul 20, 2022 08:14 AM",45 bodies of dead soldiers returned to Ukraine
"Published: Jul 20, 2022 03:20 PM",Ranil Wickremesinghe elected as new Sri Lankan president in parliament vote
"Published: Jul 20, 2022 08:18 PM",Scientists uncover history of ‘ridiculously charming’ penguins
"Published: Jul 20, 2022 08:41 PM",Europe heat sparks harmful ozone pollution
"Published: Jul 20, 2022 08:42 PM","US 2020 overdose deaths shot up for black, native people"
"Published: Jul 20, 2022 08:44 PM",Indonesian court rules against medicinal marijuana
"Published: Jul 20, 2022 08:50 PM",Aussies urged to work from home
"Published: Jul 20, 2022 08:51 PM",Spanish Senate OKs bill to tighten rape laws
"Published: Jul 20, 2022 08:52 PM","Striking S.Korea shipyard workers in talks to end siege, deliveries delayed"
"Published: Jul 20, 2022 08:56 PM",Bannon acted ‘above the law’
"Published: Jul 20, 2022 08:58 PM",Iran leader urges US to end presence in Syria
"Published: Jul 20, 2022 08:59 PM",UK will seize ‘benefits of Brexit’ by revoking EU laws: finance minister
"Published: Jul 20, 2022 09:07 PM","China's ‘blue helmets’ on frontlines of safeguarding world peace, stability with firm commitment over decades "
"Published: Jul 21, 2022 04:53 PM",Italian PM resigns
"Published: Jul 21, 2022 08:59 PM",‘Reclaiming what was once stolen’
"Published: Jul 21, 2022 09:10 PM",Inner-ear fossils clue to evolution
"Published: Jul 21, 2022 09:13 PM",California returns land taken from black family
"Published: Jul 21, 2022 09:15 PM","Nearly 1,000 migrants died trying to reach Spain in first half of 2022: NGO"
"Published: Jul 21, 2022 09:19 PM",Europeans seek cover from heat wave
"Published: Jul 21, 2022 09:20 PM","8 ex-officials to face trial for Mexico metro collapse, killing 26"
"Published: Jul 21, 2022 09:21 PM",At least 9 dead after ferry sinks in Indonesia
"Published: Jul 21, 2022 10:06 PM",Draghi resigns as coalition falls
"Published: Jul 21, 2022 10:07 PM",UK top court to hear Scottish independence case in October
"Published: Jul 21, 2022 10:08 PM","New Sri Lankan president sworn in, seeks to form unity government"
"Published: Jul 21, 2022 10:27 PM","Biden tests positive for Covid, 'very mild symptoms': White House"
"Published: Jul 22, 2022 09:55 PM","Erdogan says ""good news"" to be delivered on grain export"
"Published: Jul 22, 2022 09:58 PM",EU imposes more sanctions on Russia
"Published: Jul 22, 2022 10:02 PM",Deal on Ukraine's grain exports to be signed to resolve food crisis
"Published: Jul 23, 2022 01:01 AM",Russia imposes restrictions on diplomatic missions of 5 European countries
"Published: Jul 23, 2022 08:46 PM",Deal to resume grain exports signed in Istanbul
"Published: Jul 23, 2022 10:21 PM",COVID-19 prevention shows China capable of containing monkeypox as WHO declares it a global health emergency: expert
"Published: Jul 23, 2022 11:06 PM",White House announces 270-mln-USD security assistance to Ukraine
