﻿"Published: Jan 22, 2020 09:15 PM Updated: Aug 28, 2022 09:04 AM",Real-time update on coronavirus outbreak
"Published: Aug 19, 2022 09:59 PM",Negative effects persist a year after US withdrawal from Afghanistan: Chinese FM
"Published: Aug 19, 2022 10:06 PM Updated: Aug 19, 2022 11:35 PM","US, Australia lead joint drills to flex muscles, upend regional stability amid tensions in Taiwan Straits"
"Published: Aug 19, 2022 10:14 PM","Indian FM wins recognition for using ‘Asian Century’ to call for strengthened ties with China, but border issue should not be an obstacle: expert"
"Published: Aug 19, 2022 10:51 PM","China’s necessary response to Lithuania’s erroneous acts on Taiwan question ‘legitimate, reasonable and lawful’: FM"
"Published: Aug 20, 2022 01:23 AM",Beijing reports 12 COVID-19 cases in 5 days
"Published: Aug 20, 2022 01:35 AM",China mounts full-fledged efforts to minimize impact of heat waves; economy to ‘grow within reasonable range’ despite dual pressure
"Published: Aug 20, 2022 02:08 AM",China successfully launches the fourth group of the Yaogan-35 family of remote sensing satellites
"Published: Aug 20, 2022 03:43 PM",Six members of HK secessionist organization promoting 'uprising' plead guilty to conspiracy to subvert state power
"Published: Aug 20, 2022 07:46 PM Updated: Aug 20, 2022 09:40 PM",China’s agriculture ministry coordinates drought-relief for autumn grain harvest in the south
"Published: Aug 20, 2022 08:27 PM","Chinese embassy in Solomons encourages bilateral biz deals, dismisses ‘debt trap’ as West’s ‘narrative trap’"
"Published: Aug 21, 2022 12:11 PM",Red alert for high temperature issued for 10th consecutive day; water supply for 2.46m people affected
"Published: Aug 21, 2022 03:02 PM Updated: Aug 21, 2022 03:01 PM","Chinese Embassy in Cambodia tells ‘Taiwan compatriots’ in difficulty to contact them after reports of people ‘trapped’ in fraud, violence"
"Published: Aug 21, 2022 08:08 PM",Chinese PLA's two newly commissioned large destroyers 'ready for combat' with latest drills  
"Published: Aug 21, 2022 08:48 PM",Serving the future: China sees progress in strengthening care for children in past decade under CPC leadership
"Published: Aug 21, 2022 08:52 PM","Caring for young, vulnerable children shows CPC’s people-centric philosophy: expert"
"Published: Aug 21, 2022 09:32 PM",'China's Nobel Prize' awards domestic scientists for outstanding achievement in basic scientific research  
"Published: Aug 21, 2022 09:39 PM",More than 20 Chinese universities postpone new semester to stop COVID-19 
"Published: Aug 21, 2022 10:02 PM","Concerns over escalating tensions in Asia-Pacific intensified as US, S.Korea to begin biggest military drills in years"
"Published: Aug 21, 2022 10:46 PM",Berlin warned against joining anti-China alliance at its own expense 
"Published: Aug 21, 2022 11:58 PM","US governor’s visit to Taiwan a toxic trend of US politicians exploiting cross-Straits tension; China to perfect normalized measures, prepare to take actions any time"
"Published: Aug 22, 2022 12:59 AM","China ramps up efforts to alleviate drought for autumn harvest, impact of power shortage limited as 'heat wave to ebb away soon'"
"Published: Aug 22, 2022 01:10 AM",Chinese Embassy in Cambodia helps scam victims from Taiwan island; DPP incompetence policy failure exposed
"Published: Aug 22, 2022 01:03 AM","Epidemic situation in S China's Hainan reaches a turning point, with the number of confirmed COVID-19 cases declining"
"Published: Aug 22, 2022 12:29 PM","Mountain forest fires under control in SW China’s Chongqing, urgent order released to ensure people’s safety"
"Published: Aug 22, 2022 01:30 PM",27 people punished over problematic math textbook illustrations
"Published: Aug 22, 2022 01:55 PM","China's space tracking ship Yuanwang-3 sails for maritime tracking, monitoring tasks"
"Published: Aug 22, 2022 02:32 PM Updated: Aug 22, 2022 02:29 PM"," ‘It was US, not China’ responsible for crisis across Taiwan Straits: Chinese FM refutes US ambassador"
"Published: Aug 22, 2022 06:30 PM",Xi sends message of sympathy to Kishida over COVID-19 infection
"Published: Aug 22, 2022 08:01 PM","Japan weighs up amassing missiles, ramping up cognitive warfare capability amid cross-Straits tensions "
"Published: Aug 22, 2022 09:08 PM",Children of martyrs from public security organs to enjoy preferential recruitment policies: Ministry of Public Security
"Published: Aug 22, 2022 09:19 PM Updated: Aug 22, 2022 11:00 PM",China lodges stern demarche over US politicians’ latest Taiwan visit; ‘nation to steadily advance reunification process’ amid frequent provocations
"Published: Aug 22, 2022 09:31 PM",Six former staff of infamous Apple Daily to plead guilty; 'little time left' for diehard secessionists like Jimmy Lai
"Published: Aug 22, 2022 10:02 PM","China’s visible achievement in high tech, green energy inspires PICs: Fijian envoy"
"Published: Aug 22, 2022 10:12 PM",People and govt of Vanuatu invited China in as stabilizer for region: Vanuatu observer
"Published: Aug 22, 2022 10:02 PM","Chongqing fights drought, bushfires amid severe heat"
"Published: Aug 22, 2022 10:13 PM","Indian FM criticized for blaming China over border issue, as it’s India, not China, that has ‘disregarded’ and ‘violated’ bilateral pacts  "
"Published: Aug 22, 2022 11:13 PM","Xi, Yoon to send messages on 30th anniv of bilateral ties"
"Published: Aug 22, 2022 11:48 PM",Schools in Beijing to run normally with stricter epidemic prevention measures
"Published: Aug 23, 2022 12:04 AM Updated: Aug 22, 2022 11:59 PM",Are ‘new’ traffic light rules too complicated? Chinese netizens find they may have misread the guidebook
"Published: Aug 23, 2022 01:09 AM",Urumqi to restore normal production and life after curbing latest spread of COVID-19
"Published: Aug 23, 2022 02:22 PM",No country can put up its own security fence at others’ doorstep: Chinese ambassador to UN
"Published: Aug 23, 2022 07:00 PM","Alarming tree-shape landscape seen in lakebed of China's largest freshwater lake, which shrunk 66% due to severe heat"
"Published: Aug 23, 2022 07:58 PM","China strongly deplores Japanese lawmaker’s Taiwan visit, vows to take strong measures to defend natl sovereignty"
"Published: Aug 23, 2022 07:57 PM","China restarts mass production of Type 052D destroyers, media reports say"
"Published: Aug 23, 2022 08:06 PM Updated: Aug 24, 2022 12:02 PM","China, South Korea to enhance mutual trust, avoid sensitive issues like THAAD as countries celebrate 30th anniversary of diplomatic ties"
"Published: Aug 23, 2022 08:15 PM","Fauci close to his contentious curtain call, but not scapegoat for US system failure in face of coronavirus pandemic  "
"Published: Aug 23, 2022 09:08 PM","China issues urgent notice, vows all-out efforts to win battle of autumn harvest against drought, heat waves "
"Published: Aug 23, 2022 09:29 PM","Taiwan export orders slump amid US-incited tension, DPP hostile policy"
"Published: Aug 23, 2022 09:59 PM","Dazhou, Sichuan facing power shortage amid ongoing heatwave"
"Published: Aug 23, 2022 10:33 PM Updated: Aug 23, 2022 10:23 PM","China's vaccine regulator reaches new WHO rank for safety, quality, efficacy, lays foundation for vaccine exports"
"Published: Aug 23, 2022 10:35 PM",Indian students prepare for return to China as China resumes visas for intl students 
"Published: Aug 23, 2022 11:01 PM",China builds up world’s largest ultra-low emission thermal power plant cluster
"Published: Aug 23, 2022 11:58 PM Updated: Aug 24, 2022 12:02 PM","China’s power supply, energy structure tested in extreme drought amid transition to cleaner energy future"
"Published: Aug 24, 2022 12:37 AM",Harmful online information removed in nationwide campaign to crack down on cyber violence 
"Published: Aug 24, 2022 02:44 AM",HK students studying in mainland prioritized at border crossing: HK govt
"Published: Aug 24, 2022 03:38 PM","Chinese consulate in San Francisco condemns continuous anti-Asian hate crimes in Oakland, reminds citizens to be cautious"
"Published: Aug 24, 2022 06:32 PM", Taiwan is China’s Taiwan and Taiwan question is China’s domestic affairs: China’s Defense Minister
"Published: Aug 24, 2022 06:51 PM","China, South Korea eye more mature ties on 30th anniversary"
"Published: Aug 24, 2022 07:04 PM","US, Australia discuss possibility of B-21 bomber deal, 'posing serious threats to China'"
"Published: Aug 24, 2022 08:16 PM",Guangzhou reports 2 infections of Omicron variant BA.2.76 with existing risks of transmission at community level
"Published: Aug 24, 2022 08:19 PM",Veteran stand-up comedian witnesses boom of China’s live performance scene enthralling both young and old
"Published: Aug 24, 2022 09:02 PM",US airstrikes on Iran-linked targets in areas of eastern Syria aim to make Iran bow down on the nuclear deal: experts
"Published: Aug 24, 2022 09:11 PM",YU-20 aerial tanker to star in PLA Air Force's open day event
"Published: Aug 24, 2022 09:26 PM",Netizens send blessings to Chengdu after city finally gets some rainfall
"Published: Aug 24, 2022 10:20 PM Updated: Aug 24, 2022 10:13 PM","China expresses condolences to victims of floods in Pakistan, provides relief supplies, aid"
"Published: Aug 24, 2022 11:19 PM",More Chinese embassies ease visa restrictions as intl students prepare their return to universities in China
"Published: Aug 24, 2022 11:40 PM",Reuters report on China's COVID-19 policy's damage to childbearing 'groundless': experts
"Published: Aug 24, 2022 11:33 PM","Sichuan issues emergency notice about heavy rainfall, natural disasters following extreme heat"
"Published: Aug 24, 2022 11:35 PM","Six months on, US adds fuel to Ukraine crisis with $3b aid as world order alters, West hegemony weakens "
"Published: Aug 24, 2022 11:56 PM","Taiwan Straits has entered a more dangerous and fragile new stage featuring long-term confrontation, but windows of peaceful reunification are not completely closed: experts"
"Published: Aug 25, 2022 01:06 AM",US embassy taught a lesson by Chinese netizens after trying to lecture over Soviet Union's history
"Published: Aug 25, 2022 01:46 AM",Did the PLA fly a drone around watchhouse in Kinmen?
"Published: Aug 25, 2022 10:25 AM",Some Facts About Pelosi's Visit to Taiwan
"Published: Aug 25, 2022 12:02 PM",Never allow the world to slide into a new Cold War: Chinese UN ambassador
"Published: Aug 25, 2022 02:56 PM",China beefs up measures against imported malaria cases amid COVID-19 prevention
"Published: Aug 25, 2022 05:33 PM",Exclusive: Chinese embassy in Cambodia receives more than 10 requests for help from scam victims from Taiwan island 
"Published: Aug 25, 2022 05:25 PM",Chinese authorities reiterate prohibitions on job discrimination against recovered COVID-19 patients
"Published: Aug 25, 2022 07:39 PM","Chinese CDC allows simultaneous flu, COVID shots for adults to avoid ‘twindemic’ scenario  "
"Published: Aug 25, 2022 08:27 PM",PLA aircraft carrier Shandong holds drills in South China Sea in full combat group
"Published: Aug 25, 2022 08:38 PM","For 1st time China sends ground, naval, air forces to join Russian Vostok drills "
"Published: Aug 25, 2022 09:24 PM Updated: Aug 25, 2022 09:19 PM",The China-Indian border issue doesn’t need third-party interference: Defense Ministry
"Published: Aug 25, 2022 09:52 PM",Chinese ministry vows measures to tackle record youth unemployment
"Published: Aug 25, 2022 09:52 PM",US double standards shown again in latest state department report; manipulation of Xinjiang-related affairs worth alert of all developing countries 
"Published: Aug 25, 2022 10:20 PM","Creativity, self-expression, flexible work culture drive Gen-Z’s innovative approach to employment"
"Published: Aug 25, 2022 10:35 PM","China no longer requires COVID test info for international arrivals, as it further eases restrictions "
"Published: Aug 25, 2022 10:40 PM","China shouldn't be targeted as India, Japan eye to strengthen ties on diplomacy, security"
"Published: Aug 25, 2022 10:51 PM",China lays out 11 facts to firmly rebut US chicanery on Taiwan question after Pelosi’s provocative trip
"Published: Aug 25, 2022 11:08 PM",China's water transport in the past decade
"Published: Aug 26, 2022 12:41 AM",Western countries backpedal blustery promises on climate change; US poisons global cooperation by politicizing the issue  
"Published: Aug 26, 2022 12:53 AM",Taiwan’s expanding defense budget only makes US arms dealers richer instead of really helping the island: expert
"Published: Aug 26, 2022 01:18 AM",China court upholds death sentence of US citizen convicted of homicide
"Published: Aug 26, 2022 01:36 AM","China uses UAVs, rockets to assist fight against drought in Southwest China"
"Published: Aug 26, 2022 01:43 AM",China launches first network for senior talent to help elderly people 
"Published: Aug 26, 2022 03:41 AM","Volunteers, rescue teams from neighboring provinces flock to scenes of Chongqing mountain fire to help rescue efforts"
"Published: Aug 26, 2022 01:14 PM","China’s sub-orbital carrier makes 1st successful repeated-use flight, a great step forward in reusable space transportation technologies"
"Published: Aug 26, 2022 02:15 PM",China Volleyball Association apologizes for failing to remind players to remove facial masks timely in AVC
"Published: Aug 26, 2022 06:33 PM","Several mountain fires extinguished in SW China’s Chongqing, with rescue teams’ selfless spirit winning applause"
"Published: Aug 26, 2022 09:09 PM",Australian media hype ‘ban’ on journalists entering Solomon Islands to maliciously sabotage cooperation with China
"Published: Aug 26, 2022 09:42 PM","Flight performances of J-20, Y-20 on PLA Air Force open day highlight real-combat capabilities in safeguarding sovereignty, territorial integrity"
"Published: Aug 26, 2022 09:55 PM","At least 10 Chinese provinces use cloud-seeding to combat heat wave; ‘no effect’ on climate change, ecosystem"
"Published: Aug 26, 2022 11:33 PM",PLA conducts realistic combat exercise as US senator met with Tsai in Taiwan island
"Published: Aug 27, 2022 01:24 AM","China, US’ initial deal on audit cooperation a significant step, but not a ‘once-for-all’ antidote: analysts"
"Published: Aug 27, 2022 01:50 AM",Largest animal bronze ware ever seen unearthed at Sanxingdui Ruins
"Published: Aug 27, 2022 01:56 AM",China's south-to-north water diversion project passes verification test
"Published: Aug 27, 2022 02:05 AM",China supports Sri Lanka in resisting foreign interference: ambassador
"Published: Aug 27, 2022 11:25 AM",Xi replies to letter from families of 'Lisbon Maru' survivors
"Published: Aug 27, 2022 05:06 PM Updated: Aug 27, 2022 05:42 PM",Xinjiang witnesses booming development in past decade; numbers serve as counterstrike to defy Western slander
"Published: Aug 27, 2022 05:31 PM","Chongqing residents see off Yunnan firefighters by lining up to salute, throwing food into their vehicles"
"Published: Aug 27, 2022 09:31 PM",Y-20 aircraft can fly to anywhere at any time when needed: PLA Air Force spokesperson
