﻿"Published: Jan 22, 2020 09:15 PM Updated: May 08, 2022 09:10 AM",Real-time update on coronavirus outbreak
"Published: Apr 28, 2022 01:24 AM",China's top legislature ready to work with African counterparts to contribute to realizing true democracy in relevant countries
"Published: Apr 28, 2022 01:45 AM",Chinese research team designs new COVID-19 vaccine shown to be effective against Omicron
"Published: Apr 28, 2022 02:25 AM",Chinese and US politicians call on both sides to jointly push forward bilateral relations
"Published: Apr 28, 2022 12:33 PM",Doctors aiding Shanghai suggest early warning system to prevent severe illness
"Published: Apr 28, 2022 01:34 PM","Beijing records 50 COVID-19 cases on Wed in screening, adds two more control zones"
"Published: Apr 28, 2022 03:30 PM","Pakistan’s new FM visits Chinese Embassy to mourn victims of bombing, ‘willing to learn Chinese experience in fighting terrorism’"
"Published: Apr 28, 2022 05:42 PM",Australia violates other countries' sovereignty by drawing 'red line' on China-Solomons cooperation: Chinese Vice FM
"Published: Apr 28, 2022 06:27 PM",Shanghai accelerates vaccination rate for seniors to prevent deaths; positive cases drop for six consecutive days
"Published: Apr 28, 2022 06:59 PM",Chinese Defense Minister’s Iran trip to help lift military ties to ‘unprecedented’ level
"Published: Apr 28, 2022 07:01 PM",Intl rules not the rules of a small circle: Chinese FM on Truss warning China
"Published: Apr 28, 2022 07:12 PM",Guangzhou launches mass nucleic acid testing in three districts after four infections discovered
"Published: Apr 28, 2022 08:23 PM",International Forum on People-to-People Exchange and Academic Cultural Season of Confucius Institute held in Peking University
"Published: Apr 28, 2022 08:36 PM",US bill to help Taiwan separatists get WHA observer status 'futile'  
"Published: Apr 28, 2022 08:48 PM","Infection numbers continue to decline in past 10 days; over 550,000 cases found in China in a month: NHC"
"Published: Apr 28, 2022 08:40 PM Updated: Apr 28, 2022 11:15 PM","Pakistan urged to fix counter-terror shield for all Chinese projects and personnel, especially during political reshuffle"
"Published: Apr 28, 2022 09:49 PM","COVID dulls cross-provincial travels for May Day, but efforts to stimulate spending rolled out"
"Published: Apr 28, 2022 10:40 PM","EU, US adjust COVID response, refusing to say ‘pandemic is over’"
"Published: Apr 28, 2022 10:58 PM Updated: Apr 28, 2022 11:43 PM",US ‘whole-of-govt’ animosity against China building up with Blinken's upcoming speech 
"Published: Apr 28, 2022 11:41 PM",Beijing’s health code system cyber attacked from overseas: officials
"Published: Apr 29, 2022 01:01 AM",Chinese netizens leave warm messages for skier Gu Ailing
"Published: Apr 29, 2022 02:14 PM",Dynamic zero provides a window period for China: top health expert
"Published: Apr 29, 2022 02:16 PM Updated: Apr 29, 2022 11:09 PM",Dynamic zero-COVID strategy seen as 'purchase insurance for 1.4 billion Chinese people': top expert
"Published: Apr 29, 2022 02:40 PM","China, Pacific Island countries join hands to combat climate change"
"Published: Apr 29, 2022 02:57 PM","Gen-Z director amazes world with ancient dancing show, pledges to be cultural promoter"
"Published: Apr 29, 2022 03:04 PM Updated: Apr 29, 2022 06:24 PM",Fighting Omicron does not mean lockdown and citywide nucleic acid: top Chinese health expert
"Published: Apr 29, 2022 06:39 PM","John Lee delivers policy platform, highlighting governance efficiency, housing support, and HK youth future"
"Published: Apr 29, 2022 07:25 PM",Condemnation of terrorism and condolences for victims of terror attack represent common voice of the world: Chinese FM
"Published: Apr 29, 2022 11:06 PM","Beijing to suspend performance, entertainment venues, close cinemas during May Day holidays"
"Published: Apr 30, 2022 11:55 AM Updated: May 03, 2022 11:55 AM",Safeguards in style: Designer arms youth with pride from China’s self-made aircraft carrier
"Published: Apr 30, 2022 12:12 PM",China sends five satellites to orbits in one-go launch onboard Long March-11 from sea
"Published: Apr 30, 2022 04:51 PM Updated: Apr 30, 2022 04:47 PM",Zero new infection outside quarantine for the first time in Shanghai but ‘guard cannot be let down for now’
"Published: Apr 30, 2022 06:05 PM",Special fund for rehabilitation of the Confucius Institute at the University of Karachi given in the wake of the terrorist attack
"Published: Apr 30, 2022 08:03 PM","Beijing reports 67 new cases, building makeshift hospitals with 4,000 beds, and suspending dine-in service in all restaurants during May Day holidays"
"Published: Apr 30, 2022 10:15 PM Updated: Apr 30, 2022 10:46 PM","Chinese cities move to normalize nucleic acid testing, to achieve a balance between coronavirus control, economic growth"
"Published: May 01, 2022 10:23 AM Updated: May 01, 2022 10:52 PM",Shanghai achieves phased results in latest battle against Omicron with 6 districts basically registering no community transmissions
"Published: May 01, 2022 03:26 PM Updated: May 01, 2022 07:24 PM","Serbia displays 'powerful, affordable' Chinese air defense missiles for the 1st time, 'not meant as a threat but rightful natl defense devt'"
"Published: May 01, 2022 05:25 PM Updated: May 01, 2022 08:49 PM","Normalizing nucleic acid testing in Chinese metropolises 'transitional means' with minimum cost to fully social opening, resumption: expert"
"Published: May 01, 2022 06:14 PM Updated: May 01, 2022 09:14 PM",Beijing’s Xiaotangshan makeshift hospital put into use for COVID patients amid latest flare-up
"Published: May 01, 2022 07:11 PM Updated: May 02, 2022 08:02 PM",Update: 8th person rescued from building collapse in Changsha after 79 hours
"Published: May 02, 2022 12:31 PM","Shanghai dispatches 160,000 personnel for disinfection covering 13,000 residential compounds as new cases keep declining"
"Published: May 02, 2022 03:19 PM",Young Chinese designers of creative products bring ancient Sanxingdui culture to life
"Published: May 02, 2022 06:13 PM","US howitzer sale to Taiwan ‘halted,’ but mainland should remain alert over ‘advanced alternatives’"
"Published: May 02, 2022 06:27 PM Updated: May 02, 2022 06:34 PM",World’s 1st Omicron-specific inactivated vaccine administered in China’s Hangzhou
"Published: May 02, 2022 06:50 PM",Five officials held accountable after a video showing a Shanghai welfare house wrongly transferring a living person to mortuary 
"Published: May 02, 2022 09:49 PM Updated: May 03, 2022 10:49 AM",Beijing to conduct three more rounds of testing in three days to stamp out latest flare-up
"Published: May 03, 2022 10:16 AM Updated: May 04, 2022 08:59 AM",More info on IT department director born in 1985 under investigation for subversive activities unveiled
"Published: May 03, 2022 11:41 AM","Liaoning aircraft carrier group starts routine, realistic combat training in West Pacific"
"Published: May 03, 2022 12:54 PM Updated: May 03, 2022 03:54 PM",President Xi encourages youth to help boost China's aerospace sci-tech self-reliance ahead of Youth Day
"Published: May 03, 2022 02:13 PM Updated: May 04, 2022 08:58 AM","Beijing to continue strict anti-virus measures amid 53 new cases in last 24 hours, postpone resuming classes for a week"
"Published: May 03, 2022 05:00 PM","China awards May 4th Medals to outstanding individuals, groups, including Olympic champions, Mars probe design team"
"Published: May 03, 2022 05:37 PM","Beijing to suspend classes for kindergartens, primary and middle schools and secondary vocational schools for a week between May 5 and 11 due to COVID-19 situation"
"Published: May 04, 2022 08:55 AM Updated: May 04, 2022 09:21 AM",Chinese Gen-Z carries on Long March spirit to fight COVID-19 epidemic
"Published: May 04, 2022 01:01 PM",Chinese scientific expedition team reaches Mt. Qomolangma summit
"Published: May 04, 2022 01:12 PM",China sets up world's highest automatic weather station
"Published: May 04, 2022 05:13 PM Updated: May 04, 2022 05:09 PM","Shanghai sees stable, improving epidemic situation; youth thanked for efforts in COVID battle"
"Published: May 04, 2022 05:24 PM",Beijing’s Chaoyang district asks residents to work from home from Thursday amid fresh flare-up
"Published: May 04, 2022 06:11 PM",Beijing tightens anti-epidemic measures in public facilities after shocking toilet infection
"Published: May 04, 2022 07:48 PM",PLA's Y-8 anti-submarine warfare aircraft resumes patrols around Taiwan island
"Published: May 04, 2022 09:13 PM","China sets up world's highest automatic weather station at over 8,800m altitude on Mount Qomolangma"
"Published: May 04, 2022 10:11 PM","Beijing extends suspension of restaurants' eat-in services, asks Chaoyang district residents to work from home"
"Published: May 04, 2022 10:44 PM",‘Striving spirit’ main theme of Chinese youth
"Published: May 04, 2022 11:56 PM","Japan delegation visits Taiwan, ‘attempt to rope in island delusional’"
"Published: May 05, 2022 12:07 AM",Central China's Zhengzhou presses 'pause button' for a week to reach zero-COVID at community level
"Published: May 05, 2022 12:21 AM","UPDATE: Aircraft carrier Liaoning hosts fighter jet drills in Philippine Sea, ‘displays confidence’"
"Published: May 05, 2022 02:00 AM",Survivors continue to be found at site of collapsed building in Central China; effective self-rescue methods play vital role
"Published: May 05, 2022 09:16 AM",Falsehoods spread by the US on the Ukraine Issue
"Published: May 05, 2022 11:39 AM",China launches Jilin-1 commercial satellites
"Published: May 05, 2022 04:48 PM",Shanghai establishes team of 500 experts to support severe COVID-19 patients’ treatment
"Published: May 05, 2022 07:04 PM",US senior official hypes 'China threat' for own military expansion: FM
"Published: May 05, 2022 08:27 PM","Marrakesh Treaty effective in China, grants 17m print-disabled people with more access to culture, education"
"Published: May 05, 2022 08:31 PM","China acting as safe haven and stabilizer for world economy in time of crisis, official says"
"Published: May 05, 2022 09:02 PM","Both Russia, Ukraine FMs praise China's fair, just stance on current crisis in recent interviews: FM"
"Published: May 05, 2022 09:10 PM","China will surely win anti-COVID war in Shanghai, with time-tested epidemic control policy: top leadership"
"Published: May 05, 2022 09:19 PM",Death toll rises to 26 in Changsha building collapse
"Published: May 05, 2022 09:21 PM Updated: May 05, 2022 09:16 PM",China’s recombinant protein vaccine 87.6% effective against severe cases
"Published: May 05, 2022 09:42 PM","Shanghai universities, companies join hands to stabilize jobs in toughest employment year"
"Published: May 05, 2022 09:54 PM",Special envoy promotes China's goodwill to mediate during Seoul visit amid rising tensions on Korean Peninsula
"Published: May 05, 2022 10:20 PM",Shanghai likely to gradually lift lockdowns 'by end of May'
"Published: May 05, 2022 10:31 PM",Life skills to become part of curriculum for schools in China
"Published: May 05, 2022 10:56 PM Updated: May 05, 2022 10:46 PM",CPC top leadership stresses sticking to zero-COVID policy
"Published: May 05, 2022 10:44 PM",Online celebrity given jail term for violating martyrs' reputation
"Published: May 05, 2022 11:17 PM",Chinese FM wishes Blinken speedy recovery from COVID after virus postpones his speech on 'China strategy'
"Published: May 05, 2022 11:42 PM","Hospital, local health commission punished for child's death; clues of denied or delayed treatment for COVID-19 test not found"
"Published: May 06, 2022 12:05 AM","China will surely win anti-COVID war in Shanghai, with time-tested epidemic control policy: top leadership"
"Published: May 06, 2022 12:16 AM","US, Japan defense chiefs hype neighbors' 'threats' ahead of Biden's Asia tour, justifying own hegemony"
"Published: May 06, 2022 12:34 AM",Shanghai residents buy hairdressing services in bulk after being under static management for over one month
"Published: May 06, 2022 01:47 AM",Volunteer of world's first dose of inactivated vaccine against Omicron shows no physical discomfort
"Published: May 06, 2022 10:11 AM",53 confirmed dead in central China building collapse
"Published: May 06, 2022 01:44 PM Updated: May 06, 2022 01:36 PM","Former deputy head of China Development Bank being prosecuted for taking bribes, issuing illegal loans"
"Published: May 06, 2022 02:07 PM",19th Asian Games to be postponed: organizer
"Published: May 06, 2022 03:37 PM",Wang Qishan to attend inauguration of Yoon Suk-yeol: Chinese FM
"Published: May 06, 2022 04:34 PM","Shanghai vows to continue decisive battle against epidemic, stick to dynamic zero-COVID policy after CPC top leadership meeting"
"Published: May 06, 2022 05:29 PM",S.China's Guangdong no longer uses birth registration to restrict births; moves closer to 'scraping all restrictions'
"Published: May 06, 2022 06:31 PM Updated: May 06, 2022 11:06 PM",Asian countries warned of NATO's global expansion as China honors people killed in 1999 bombing against former Yugoslavia
"Published: May 06, 2022 06:33 PM",Pursuing zero-COVID policy is to avoid citywide lockdowns as much as possible: top Chinese health expert
"Published: May 06, 2022 06:58 PM","Taiwan authorities abandon US anti-sub helicopters sale due to 'high price,' sparking speculation over discord and divergence"
"Published: May 06, 2022 09:48 PM","2022 Hangzhou Asian Games rescheduled, Chengdu 2021 FISU World University Games postponed over COVID concerns"
"Published: May 06, 2022 10:25 PM","China’s State Council launches investigation into Changsha building collapse, vows to deal with nationwide self-constructed structures issue"
"Published: May 06, 2022 10:24 PM Updated: May 06, 2022 11:07 PM","HK expects solidarity, effective governance as chief executive election to kick off on Sunday"
"Published: May 07, 2022 01:13 AM",US urged to learn lesson from Ukraine crisis: Chinese vice foreign minister
"Published: May 07, 2022 01:21 PM",Spokesperson of Chinese Embassy in the UK rejects Japanese Prime Minister’s words concerning Taiwan during UK visit
"Published: May 07, 2022 02:51 PM","Shanghai postpones high school, college entrance exams amid epidemic"
"Published: May 07, 2022 06:03 PM","Former official at China’s top court sentenced to 14 years in prison for taking bribes, illegally obtaining national secrets"
"Published: May 07, 2022 10:06 PM Updated: May 08, 2022 09:16 AM","China, Serbia mark anniversary of NATO bombing of Chinese Embassy in 1999"
"Published: May 07, 2022 11:23 PM",Fact Sheet on the National Endowment for Democracy
"Published: May 08, 2022 12:09 AM","Chinese Embassy strongly opposes Canada over visit of so-called Tibetan ""government-in-exile"" leader Penpa Tsering"
"Published: May 08, 2022 08:53 AM",Hong Kong Chief Executive Election begins the voting process on Sunday morning
