﻿"Published: Jan 22, 2020 09:15 PM Updated: Jul 25, 2022 09:05 AM",Real-time update on coronavirus outbreak
"Published: Jul 19, 2022 10:33 PM","War crimes committed by the US, the UK and Australia "
"Published: Jul 20, 2022 06:41 PM",European Parliament slammed for poisoning China-EU relations and urged to abide by one-China principle
"Published: Jul 20, 2022 06:58 PM",AUKUS sub deal could involve transferring tons of weapons-grade nuke material: Chinese report
"Published: Jul 20, 2022 07:44 PM",US beautifying itself as the top country in its annual human trafficking report only brings disgrace on its own head: Chinese Foreign Ministry
"Published: Jul 20, 2022 07:41 PM","Sri Lanka's acting president voted as new president, to carry on negotiations with IMF, other intl lenders"
"Published: Jul 20, 2022 08:30 PM",Judging committee meeting of 1st Silk Road Global News Awards held in Beijing
"Published: Jul 20, 2022 08:55 PM","Kissinger warns Biden on China ties amid Washington's enhanced provocations against Beijing; consequences would be 'fatal, unbearable' for Biden"
"Published: Jul 20, 2022 09:07 PM","China's ‘blue helmets’ on frontlines of safeguarding world peace, stability with firm commitment over decades "
"Published: Jul 20, 2022 09:29 PM",Western countries tumble in coping with heat wave; time to realize necessity of climate cooperation
"Published: Jul 20, 2022 09:47 PM","Hydrogen energy in industrial production and handling could be the next breakthrough for decarbonization in China, industrial insiders say"
"Published: Jul 20, 2022 10:19 PM",Häagen-Dazs takes batches of vanilla-flavored ice cream off shelves on the mainland market after a chemical carcinogen was detected
"Published: Jul 20, 2022 10:48 PM","Premier Li makes latest avowal of opening-up, reasonable growth in reassuring message to foreign business community"
"Published: Jul 20, 2022 11:14 PM","Chinese tanning salons embrace booming period amid pandemic, fitness fad"
"Published: Jul 20, 2022 11:24 PM","Smaller Chinese cities battle Omicron resurgence with limited medical resources, financial pressure"
"Published: Jul 21, 2022 09:54 AM","Update: Tornado in E.China's Jiangsu kills one, injures 25, affecting 2,272 people"
"Published: Jul 21, 2022 10:55 AM",China's Feng Bin wins women's discus throw gold at World Athletics Championships
"Published: Jul 21, 2022 02:38 PM",Indonesian President Joko Widodo to visit China: Chinese FM
"Published: Jul 21, 2022 05:32 PM",Resident in E.China discovers dinosaur-era creatures in the pond
"Published: Jul 21, 2022 06:28 PM",Shanghai govt bans job discrimination against people who recovered from infectious diseases including COVID
"Published: Jul 21, 2022 09:37 PM",Positive signs flicker for stranded Indian students to return to China for study
"Published: Jul 21, 2022 10:00 PM Updated: Jul 21, 2022 10:30 PM",China 'to observe deeds' of future British PM as UK leadership race enters end stage
"Published: Jul 21, 2022 10:09 PM","Y-20 large transport aircraft excels at aid delivery to foreign countries, shows China’s duty of care as a major country  "
"Published: Jul 21, 2022 10:21 PM",Shanghai bans job discrimination against recovered COVID patients 
"Published: Jul 21, 2022 10:18 PM",Chinese envoy to US criticizes Biden admin for undermining the one-China principle with support for Taiwan secessionists
"Published: Jul 21, 2022 10:27 PM","China mulls further reduction of quarantine period, more precise anti-epidemic measures"
"Published: Jul 21, 2022 10:46 PM",Trade cooperation to top agenda during Indonesian president's China visit
"Published: Jul 21, 2022 11:04 PM",Saying good-bye
"Published: Jul 21, 2022 11:23 PM",New record for horizontal drilling tech set in Xizang hydropower project
"Published: Jul 21, 2022 11:15 PM","China, S Korea made substantial progress for 2nd phase FTA talk: MOFCOM"
"Published: Jul 22, 2022 12:09 AM",Pro-US or pro-India forces likely behind Nepali civic group's repeated smears of 'land encroachment by China'
"Published: Jul 22, 2022 12:15 AM",China's top economic planner steps up mechanism against food waste to ensure food security
"Published: Jul 22, 2022 12:57 AM",11th China-Africa Think Tanks Forum promotes spirit of China-Africa friendship and cooperation
"Published: Jul 22, 2022 01:30 AM Updated: Jul 22, 2022 01:32 AM",China's message of warning 'received' as Pentagon opposes Pelosi's planned Taiwan visit
"Published: Jul 22, 2022 01:31 AM","US, allies eye exclusive supply chains despite soaring inflation; Politicized move hard to carry out as it pushes up prices, ‘against globalization’"
"Published: Jul 22, 2022 01:31 AM",Extinction of Chinese paddlefish and wild Yangtze sturgeon announced by IUCN
"Published: Jul 22, 2022 02:58 PM Updated: Jul 23, 2022 07:18 PM",Biden’s COVID-19 diagnosis highlights US as having ‘biggest number of infections among senior officials’
"Published: Jul 22, 2022 04:17 PM",Abbot dismissed and religious officials punished as Japanese war criminals’ memorial tablets found in a Nanjing temple
"Published: Jul 22, 2022 05:03 PM",Extreme heatwaves to rise to 32% of days in N.America by 2100: Chinese researchers
"Published: Jul 22, 2022 08:00 PM",Yangtze fishing ban helps avoid further losses as public laments Chinese paddlefish extinction
"Published: Jul 22, 2022 08:35 PM",Japan slammed for seeking excuses for military expansion by hyping threats from neighbors in annual defense report
"Published: Jul 22, 2022 09:06 PM","Xinjiang region sees booming tourism with more domestic, foreign visitors, a strong response to smears: regional spokesperson"
"Published: Jul 22, 2022 09:49 PM","Japan approves nuclear-contaminated water discharge plan, may turn Japanese people into ‘sick men of Asia,’ seafood consumption and export nosedive"
"Published: Jul 23, 2022 11:34 AM",Ex-husband of Douyin influencer Lamu executed for setting her on fire during livestream
"Published: Jul 23, 2022 12:13 PM","Nanjing vows thorough investigation, zero tolerance amid outrage over discovery of Japanese war criminals’ memorial tablets in a local temple"
"Published: Jul 23, 2022 02:47 PM",China's AVIC completes onboard testing flight for shipborne unmanned helicopter
"Published: Jul 23, 2022 04:16 PM Updated: Jul 23, 2022 07:19 PM","Heatwaves hit China with temperatures reaching record high in E.China’s Zhejiang, Fujian"
"Published: Jul 23, 2022 04:30 PM Updated: Jul 23, 2022 07:39 PM","Vaccination of Chinese incumbent Party, state leaders assures shots' safety, promotes inoculation among elderly"
"Published: Jul 23, 2022 07:01 PM Updated: Jul 24, 2022 01:47 PM",96% of respondents support UN probe into US shocking human rights abuses in Global Times online poll
"Published: Jul 23, 2022 10:21 PM Updated: Jul 24, 2022 02:03 PM",COVID-19 prevention shows China capable of containing monkeypox as WHO declares it a global health emergency: expert
"Published: Jul 24, 2022 11:54 AM Updated: Jul 24, 2022 02:32 PM","China successfully launches Wentian lab module, construction of China’s space station enters full speed stage"
"Published: Jul 24, 2022 02:38 PM","Working group sent to investigate Gansu coal mine collapse that kills 10, injures 7"
"Published: Jul 24, 2022 02:35 PM",China’s Supreme People’s Court urges to prohibit job discriminations against recovered COVID-19 patients
"Published: Jul 24, 2022 02:45 PM",China successfully launches Wentian lab module for space station
"Published: Jul 24, 2022 04:06 PM",World Youth Development Forum highlights youth participation in digital economy
"Published: Jul 24, 2022 06:43 PM",Beijing's latest local COVID-19 case infection may have been due to contacting imported frozen food
"Published: Jul 24, 2022 07:15 PM",PLA to train pilots faster with new programs amid warplane production capacity boost
"Published: Jul 24, 2022 09:02 PM","Dulong people achieve miracle of eradicating poverty, embracing better life under firm leadership of CPC"
"Published: Jul 24, 2022 09:05 PM","CPC Central Committee’s determination, targeted measures are key behind historic leap of Dulong people shaking off poverty: observer"
"Published: Jul 24, 2022 09:26 PM",Huawei equipment disrupting US military communications? An ‘ignorant assumption’
"Published: Jul 24, 2022 09:30 PM",China ready to cope with imported monkeypox cases
"Published: Jul 24, 2022 09:35 PM",White House’s concern over Pelosi’s visit hints at danger of miscalculation; time to ‘test Biden’s commitment’ made to China
"Published: Jul 24, 2022 10:29 PM",China's population expected to see negative growth before 2025: official 
"Published: Jul 24, 2022 11:05 PM Updated: Jul 25, 2022 11:00 PM","China’s space program eyes peaceful cooperation, contribution to human progress despite US smears of militarization"
"Published: Jul 25, 2022 12:34 AM",Xinjiang tourism authorities called on tourists to keep the Duku Highway clean and tidy
"Published: Jul 25, 2022 01:23 AM",Community transmission chain of Omicron subvariant BA.2 in Shenzhen has not been cut: local health authority
"Published: Jul 25, 2022 02:01 AM","Woman detained in Nanjing for enshrining Japanese war criminals at temple; pure individual act out of selfish motive, probe says"
"Published: Jul 25, 2022 04:13 AM","Shenzhou-14 crew receives 1st lab module Wentian at China Space Station, verifying country’s ability to assemble ultra-large spacecraft in orbit"
"Published: Jul 25, 2022 10:28 AM",Shenzhou-14 crew enter Wentian lab module
"Published: Jul 25, 2022 02:34 PM",Sense of security among Chinese people reaches 98.62% in 2021: Ministry of Public Security
"Published: Jul 25, 2022 03:34 PM",Shaoyang University Party chief removed following overseas doctorate candidates hire controversy
"Published: Jul 25, 2022 04:39 PM",Xi extends congratulations to new Indian president
"Published: Jul 25, 2022 09:02 PM",Sticking to biased views on China and Cold War mentality won’t work: Chinese FM spokesperson criticizes German FM’s remarks on Taiwan question
"Published: Jul 25, 2022 10:11 PM","Exclusive: School education in Putonghua necessary in HK, to be realized when conditions are met: HK Education Secretary"
"Published: Jul 25, 2022 10:36 PM",‘Marginal figure’ Pompeo seeks to garner attention for possible 2024 election with offer to visit Taiwan island with Pelosi
"Published: Jul 25, 2022 10:53 PM",FM urges US officials to stop hyping ‘China threat’ theory as top US military officer claims Chinese military ‘aggressive’
"Published: Jul 25, 2022 11:10 PM",US plans high-level visit to Solomon Islands in a political offensive to bully Pacific countries with colonialist mentality 
"Published: Jul 25, 2022 11:12 PM",Taiwan's Han Kuang military drills slammed as a show
"Published: Jul 25, 2022 11:55 PM","Shenzhou-14 crew enters Wentian lab module, as China's space station is near completion"
"Published: Jul 25, 2022 11:57 PM","Officials from China, ASEAN vow to build S.China Sea into sea of peace, friendship and cooperation at symposium marking 20th anniv. of DOC signing"
"Published: Jul 26, 2022 12:00 AM","Widodo starts China trip, to focus on trade, mutual coordination on regional affairs"
"Published: Jul 26, 2022 12:03 AM","Chinese people's sense of security reaches 98.62% in 2021, the highest in a decade: Ministry of Public Security"
"Published: Jul 26, 2022 12:07 AM",More Chinese students overseas join protest against Dior's 'cultural appropriation' of traditional Chinese design
"Published: Jul 26, 2022 12:34 AM","China issues conditional approval for domestic HIV drug for COVID-19 treatment; officials vow to ramp up development, approval work of COVID-19 therapies"
"Published: Jul 26, 2022 01:03 AM",UK PM candidates race for toughness against China 'to cover domestic mess'
"Published: Jul 26, 2022 01:11 AM",Monkeypox will not cause mass infection in China: chief epidemiologist
"Published: Jul 26, 2022 11:53 AM","UN chief appoints Li Junhua of China as next under-secretary-general for economic, social affairs"
"Published: Jul 26, 2022 02:54 PM",Open letter to UN High Commissioner for human rights
"Published: Jul 26, 2022 03:49 PM","Shanghai further improves infectious diseases treatment system amid pandemic, including 600 medical personnel "
"Published: Jul 26, 2022 05:01 PM",China-France developed Z-15 helicopter receives qualification certificate to enter market
"Published: Jul 26, 2022 06:47 PM",Xi holds talks with Indonesian President Joko Widodo
"Published: Jul 26, 2022 06:51 PM",China urges S. Korea to care for global industrial and supply chain stability
"Published: Jul 26, 2022 07:05 PM Updated: Jul 26, 2022 06:51 PM",CNBG’s monoclonal antibody against Omicron variants approved for clinical trials 
"Published: Jul 26, 2022 08:11 PM","Western media shows ‘sour grapes’ mentality to keep hyping Chinese rocket re-entry, despite flawless safety record"
"Published: Jul 26, 2022 08:35 PM",2 young swimmers test positive for adenovirus after swimming in a swimming pool in Leshan city in Southwest China’s Sichuan
"Published: Jul 26, 2022 09:24 PM","China’s contribution to promoting global human rights hailed at Beijing forum; unilateralism, sanctions by West denounced as challenging global governance"
"Published: Jul 26, 2022 09:31 PM",Extinction of Chinese paddlefish raises awareness on biodiversity protection in China’s largest river
"Published: Jul 26, 2022 10:06 PM","Chinese Foreign Minister Wang Yi to attend SCO ministers meeting, visit Uzbekistan, Tajikistan and Kyrgyzstan: FM spokesperson"
"Published: Jul 26, 2022 10:09 PM","PLA will not sit idly by if Pelosi visits Taiwan island, Chinese defense ministry warns; indicating PLA ‘fully prepared’ for all scenarios"
"Published: Jul 26, 2022 10:19 PM",Electricity use sets records in multiple Chinese locations amid extreme heat
"Published: Jul 26, 2022 10:48 PM",US convenes IPEF meeting to ‘rally partners to counter China for US economic gains’ 
"Published: Jul 26, 2022 10:50 PM","Xinjiang residents send emails to UN human rights chief to tell truth of region, dismiss West's rumor campaign"
"Published: Jul 26, 2022 10:57 PM",China sees 32.3m entry and exit trips in Q2 as authorities optimize measures amid controlled COVID-19 situation
"Published: Jul 26, 2022 11:07 PM",Chinese FM refutes China’s anti-epidemic measures trampling on rights of US diplomats
"Published: Jul 26, 2022 11:17 PM",US urged to return life-saving money to Afghan people in full at intl conference on Afghanistan in Uzbekistan
"Published: Jul 26, 2022 11:50 PM",China's FH-95 electronic warfare drone passes performance test
"Published: Jul 27, 2022 12:01 AM","Religious authority, Buddhist association require nationwide rectification after Japanese war criminals found enshrined in Nanjing temple"
"Published: Jul 27, 2022 12:25 AM","China, Indonesia deepen ties, inject stability to region, world in international landscape full of uncertainties"
"Published: Jul 27, 2022 12:58 AM",Exclusive: Code of Conduct in South China Sea will definitely be reached: Chinese official on ocean affairs
"Published: Jul 27, 2022 02:13 AM",New China CDC chief appointed as Gao Fu retires
