﻿"Published: Jan 22, 2020 09:15 PM Updated: Aug 29, 2022 09:04 AM",Real-time update on coronavirus outbreak
"Published: Aug 25, 2022 01:06 AM",US embassy taught a lesson by Chinese netizens after trying to lecture over Soviet Union's history
"Published: Aug 25, 2022 01:46 AM",Did the PLA fly a drone around watchhouse in Kinmen?
"Published: Aug 25, 2022 10:25 AM",Some Facts About Pelosi's Visit to Taiwan
"Published: Aug 25, 2022 12:02 PM",Never allow the world to slide into a new Cold War: Chinese UN ambassador
"Published: Aug 25, 2022 02:56 PM",China beefs up measures against imported malaria cases amid COVID-19 prevention
"Published: Aug 25, 2022 05:33 PM",Exclusive: Chinese embassy in Cambodia receives more than 10 requests for help from scam victims from Taiwan island 
"Published: Aug 25, 2022 05:25 PM",Chinese authorities reiterate prohibitions on job discrimination against recovered COVID-19 patients
"Published: Aug 25, 2022 07:39 PM","Chinese CDC allows simultaneous flu, COVID shots for adults to avoid ‘twindemic’ scenario  "
"Published: Aug 25, 2022 08:27 PM",PLA aircraft carrier Shandong holds drills in South China Sea in full combat group
"Published: Aug 25, 2022 08:38 PM","For 1st time China sends ground, naval, air forces to join Russian Vostok drills "
"Published: Aug 25, 2022 09:24 PM Updated: Aug 25, 2022 09:19 PM",The China-Indian border issue doesn’t need third-party interference: Defense Ministry
"Published: Aug 25, 2022 09:52 PM",Chinese ministry vows measures to tackle record youth unemployment
"Published: Aug 25, 2022 09:52 PM",US double standards shown again in latest state department report; manipulation of Xinjiang-related affairs worth alert of all developing countries 
"Published: Aug 25, 2022 10:20 PM","Creativity, self-expression, flexible work culture drive Gen-Z’s innovative approach to employment"
"Published: Aug 25, 2022 10:35 PM","China no longer requires COVID test info for international arrivals, as it further eases restrictions "
"Published: Aug 25, 2022 10:40 PM","China shouldn't be targeted as India, Japan eye to strengthen ties on diplomacy, security"
"Published: Aug 25, 2022 10:51 PM",China lays out 11 facts to firmly rebut US chicanery on Taiwan question after Pelosi’s provocative trip
"Published: Aug 25, 2022 11:08 PM",China's water transport in the past decade
"Published: Aug 26, 2022 12:41 AM",Western countries backpedal blustery promises on climate change; US poisons global cooperation by politicizing the issue  
"Published: Aug 26, 2022 12:53 AM",Taiwan’s expanding defense budget only makes US arms dealers richer instead of really helping the island: expert
"Published: Aug 26, 2022 01:18 AM",China court upholds death sentence of US citizen convicted of homicide
"Published: Aug 26, 2022 01:36 AM","China uses UAVs, rockets to assist fight against drought in Southwest China"
"Published: Aug 26, 2022 01:43 AM",China launches first network for senior talent to help elderly people 
"Published: Aug 26, 2022 03:41 AM","Volunteers, rescue teams from neighboring provinces flock to scenes of Chongqing mountain fire to help rescue efforts"
"Published: Aug 26, 2022 01:14 PM","China’s sub-orbital carrier makes 1st successful repeated-use flight, a great step forward in reusable space transportation technologies"
"Published: Aug 26, 2022 02:15 PM",China Volleyball Association apologizes for failing to remind players to remove facial masks timely in AVC
"Published: Aug 26, 2022 06:33 PM","Several mountain fires extinguished in SW China’s Chongqing, with rescue teams’ selfless spirit winning applause"
"Published: Aug 26, 2022 09:09 PM",Australian media hype ‘ban’ on journalists entering Solomon Islands to maliciously sabotage cooperation with China
"Published: Aug 26, 2022 09:42 PM","Flight performances of J-20, Y-20 on PLA Air Force open day highlight real-combat capabilities in safeguarding sovereignty, territorial integrity"
"Published: Aug 26, 2022 09:55 PM","At least 10 Chinese provinces use cloud-seeding to combat heat wave; ‘no effect’ on climate change, ecosystem"
"Published: Aug 26, 2022 11:33 PM",PLA conducts realistic combat exercise as US senator met with Tsai in Taiwan island
"Published: Aug 27, 2022 01:24 AM","China, US’ initial deal on audit cooperation a significant step, but not a ‘once-for-all’ antidote: analysts"
"Published: Aug 27, 2022 01:50 AM",Largest animal bronze ware ever seen unearthed at Sanxingdui Ruins
"Published: Aug 27, 2022 01:56 AM",China's south-to-north water diversion project passes verification test
"Published: Aug 27, 2022 02:05 AM",China supports Sri Lanka in resisting foreign interference: ambassador
"Published: Aug 27, 2022 11:25 AM",Xi replies to letter from families of 'Lisbon Maru' survivors
"Published: Aug 27, 2022 05:06 PM Updated: Aug 27, 2022 05:42 PM",Xinjiang witnesses booming development in past decade; numbers serve as counterstrike to defy Western slander
"Published: Aug 27, 2022 05:31 PM","Chongqing residents see off Yunnan firefighters by lining up to salute, throwing food into their vehicles"
"Published: Aug 27, 2022 09:31 PM",Y-20 aircraft can fly to anywhere at any time when needed: PLA Air Force spokesperson
"Published: Aug 28, 2022 02:48 PM","PLA on high alert over two US warships through the Taiwan Straits, ready to thwart any provocation: spokesperson"
"Published: Aug 28, 2022 06:14 PM","First batch of 4,258 fishing boats from 4 coastal cities in South China’s Hainan Province resumes fishing at sea"
"Published: Aug 28, 2022 06:35 PM","US' old warships sailing through Taiwan Straits can't deter PLA at all, only confirms US' hostility toward China's reunification      "
"Published: Aug 28, 2022 07:19 PM",300 living harvester ants smuggled from Europe busted by Shanghai customs
"Published: Aug 28, 2022 07:39 PM","46,400 people evacuated overnight as heavy rainfall hits SW China’s Sichuan after prolonged extreme heat"
"Published: Aug 28, 2022 08:04 PM",YU-20 tanker aircraft already deployed for China-Russia joint aerial strategic patrol: PLA Air Force spokesperson
"Published: Aug 28, 2022 08:49 PM","‘Toilet revolution’ benefits the most vulnerable in China, reflects CPC’s focus on people’s well-being: expert"
"Published: Aug 28, 2022 09:00 PM",The Party’s resolve to commit far-reaching ‘toilet revolution’ in enhancing overall state of society shows human rights values
"Published: Aug 28, 2022 10:16 PM","US paints Russia, China as rivals with new ambassadorial post for Arctic, brings conflicts to peaceful North Pole"
"Published: Aug 28, 2022 10:54 PM",Hong Kong health expert warns new clinical features among children COVID-19 patients as new school year approaches
"Published: Aug 28, 2022 11:05 PM","Beijing mulls ban on paddle boarding, kayaking in downtown waterways out of security concerns"
"Published: Aug 28, 2022 11:12 PM","Japan offers ‘generous aid’ to Africa with selfish intention, sows discord through ‘China debt trap’ hype"
"Published: Aug 28, 2022 11:27 PM",Plastic film recycling system contributes to sustainable agricultural devt in SW China's Yunnan
"Published: Aug 28, 2022 11:55 PM","Shijiazhuang close to Beijing suspends railway, bus operations amid new COVID-19 spike"
"Published: Aug 28, 2022 11:52 PM","China, S.Korea agree to deepen economic cooperation in ministerial meeting"
"Published: Aug 28, 2022 11:51 PM",Chinese vice premier supervises drought relief and grain production work in East China's Jiangxi
"Published: Aug 29, 2022 02:53 PM",28 prosecuted in Tangshan restaurant assault case; 8 police officers taken into custody for providing 'protection' to gangs
"Published: Aug 29, 2022 05:49 PM","Henan police arrested 234 suspects involved in a rural bank scandal, achieved major development in money recovery"
"Published: Aug 29, 2022 07:24 PM","Responsible neighbor: China maintains water release to downstream Mekong countries despite extreme heat, drought"
"Published: Aug 29, 2022 07:28 PM","""After coming to Beijing, I've learned how to shop online very soon."""
"Published: Aug 29, 2022 08:16 PM","YU-20 tanker 'compatible with bombers, early warning craft' with 3rd refuel point"
"Published: Aug 29, 2022 08:22 PM",Rice seedlings shipped to space with Wentian module grow to 30cm high: CAS
"Published: Aug 29, 2022 08:32 PM","Western leaders shun African counterparts on climate meeting, dodge moral obligation and hamper global cooperation"
"Published: Aug 29, 2022 08:46 PM Updated: Aug 29, 2022 08:43 PM",Several Chinese cities tighten epidemic prevention measures amid new flare-ups
"Published: Aug 29, 2022 09:10 PM",Indian mission to Sri Lanka's referral to Taiwan question reveals some politicians' speculative illusion: analysts
"Published: Aug 29, 2022 10:02 PM",Chinese Embassy in Cambodia has saved some scam victims from Taiwan island: FM
"Published: Aug 29, 2022 10:24 PM",Multiple places across China launch survey on invasive aquatic animals for sake of ecosystems
"Published: Aug 29, 2022 11:50 PM","China’s role in helping Middle East realize strategic autonomy, devt hailed at Beijing event"
"Published: Aug 30, 2022 12:16 AM","UK PM candidate's reported 'China threat' label plan 'an irresponsible vote-puller', no good for solving its own problems: analysts"
"Published: Aug 30, 2022 01:33 AM",Port city Dalian strengthens prevention and control management amid latest COVID-19 flare-up
"Published: Aug 30, 2022 01:41 AM",Lhasa cuts off community transmission after 20-day battle against COVID-19
"Published: Aug 30, 2022 01:27 PM","Two persons with rarest ‘Golden Blood’ found in East China, raising global number to nearly 50"
"Published: Aug 30, 2022 01:33 PM","China dispatches Y-20 large transport aircraft with 3,000 tents to aid flood-hit Pakistan"
"Published: Aug 30, 2022 02:58 PM",Chengdu in SW China’s Sichuan tightens management to curb the fast spreading of the latest Omicron BA.2.76 flare-up
"Published: Aug 30, 2022 04:09 PM Updated: Aug 30, 2022 04:06 PM","US’ plan to sell missiles to Taiwan island after Pelosi’s visit slammed as provocative, futile"
"Published: Aug 30, 2022 04:27 PM Updated: Aug 30, 2022 04:24 PM",Chinese Embassy in Iraq reminds citizens and institutions to strengthen security precautions amidst escalating protests
"Published: Aug 30, 2022 06:56 PM",Meeting of CPC Central Committee Political Bureau proposes convening 20th CPC National Congress on Oct 16 in Beijing
"Published: Aug 30, 2022 08:18 PM","Japan should learn from history, win intl trust, Chinese FM says amid Tokyo’s ambition in hypersonic weapons"
"Published: Aug 30, 2022 08:31 PM",China mulls listing telecom fraud suspects into social credit system
"Published: Aug 30, 2022 08:35 PM",Taiwan island’s weak defense exposed amid mainland civilian drones’ Kinmen excursion
"Published: Aug 30, 2022 08:45 PM","China-Russia military cooperation serves core interests, doesn’t target third party: Chinese envoy"
"Published: Aug 30, 2022 08:45 PM",China’s rapid development inspires Sri Lanka out of predicament: Sri Lankan Ambassador
"Published: Aug 30, 2022 08:46 PM Updated: Aug 30, 2022 08:43 PM","Z-20 utility helicopter confirmed in service with PLA Air Force, Hong Kong Garrison"
"Published: Aug 30, 2022 08:57 PM","LMC mechanism provides blueprint for successful bilateral relations as China, Myanmar treasure friendship: Myanmar politician"
"Published: Aug 30, 2022 09:51 PM","China’s Sun-probing satellite achieves 5 historic ‘firsts,’ data shared globally: developer"
"Published: Aug 30, 2022 10:12 PM","Australian FM visits PNG nominally for cooperation to conceal veiled aim to sow discord through 'China debt trap' narrative, coercion"
"Published: Aug 30, 2022 10:49 PM","Pakistani ambassador hails China for being among the first to help as Y-20 aircraft arrived with 3,000 tents for flood-hit ‘ironclad’ brother"
"Published: Aug 30, 2022 11:22 PM",20th CPC National Congress proposed to be held on Oct 16 in Beijing; timing proves preparatory work ‘well-carried out’
"Published: Aug 31, 2022 12:14 AM",US plans missile sales to Taiwan in ‘escalation of provocation’ after Pelosi visit; ‘drains every last drop of blood from island before reunification’
"Published: Aug 31, 2022 01:27 AM","China, Russia, Mongolia to strengthen coordination in intl, regional affairs: Chinese Vice FM"
"Published: Aug 31, 2022 12:26 PM","Chinese observers express mixed feelings about Gorbachev, draw lessons from his immature policy of cozying up with West"
"Published: Aug 31, 2022 02:56 PM","China's netizen population reaches 1.051 billion, boosted by 5G network infrastructure: report"
"Published: Aug 31, 2022 03:04 PM",US is hit the hardest by ‘enforced disappearance’ no matter how hard it is to smear China: spokesperson
"Published: Aug 31, 2022 06:13 PM",Chinese designers vow to make air-to-air missiles superior to foreign counterparts
"Published: Aug 31, 2022 06:14 PM",China's humanitarian assistance for flood victims reaches Pakistan
"Published: Aug 31, 2022 06:17 PM",Young talents inject impetus into China's sci-tech development
"Published: Aug 31, 2022 06:41 PM",Scientists identify new gene behind rare blood disease
"Published: Aug 31, 2022 07:18 PM",China’s internet development in numbers
"Published: Aug 31, 2022 08:50 PM",Pointing fingers at China over Solomon Islands' suspension of foreign navies' visit shows Washington's deep insecurity: expert
"Published: Aug 31, 2022 09:54 PM",China opposes politicizing human rights as Bachelet steps down as UN human right chief
"Published: Aug 31, 2022 10:08 PM",Xi sends congratulatory letter to China int'l services trade fair
"Published: Aug 31, 2022 10:37 PM",China’s top education authority stresses preventing large-scale COVID-19 outbreaks in campus as new semesters start
"Published: Aug 31, 2022 10:41 PM","China revises laws on wildlife protection, enhances regulations on artificial breeding, invasive species"
"Published: Aug 31, 2022 10:48 PM",China’s annual marriage registrations drop at lowest since 1986
"Published: Aug 31, 2022 11:24 PM","2022 CIFTIS kicks off, to inject vitality into world economy "
"Published: Aug 31, 2022 11:32 PM","Exclusive: Aggression never in our diplomatic tradition, nor is groveling in character of the Chinese people: Ambassador to Russia"
"Published: Aug 31, 2022 11:40 PM",Exclusive: China-Russia military interactions ‘will not be affected by external environment:’ Chinese envoy to Russia
"Published: Sep 01, 2022 12:36 AM",Eastern coastal regions ordered to get ready for approaching Super Typhoon Hinnamnor
"Published: Sep 01, 2022 01:18 AM Updated: Sep 01, 2022 01:10 AM","China sends Army, Navy and Air force with over 2,000 troops to Russian Vostok-2022 drills  "
"Published: Sep 01, 2022 02:34 AM",Shenzhen tightens COVID-19 controls amid resurgence
