﻿"Published: Jan 22, 2020 09:15 PM Updated: Aug 29, 2022 09:04 AM",Real-time update on coronavirus outbreak
"Published: Aug 22, 2022 09:19 PM Updated: Aug 22, 2022 11:00 PM",China lodges stern demarche over US politicians’ latest Taiwan visit; ‘nation to steadily advance reunification process’ amid frequent provocations
"Published: Aug 22, 2022 10:02 PM","China’s visible achievement in high tech, green energy inspires PICs: Fijian envoy"
"Published: Aug 22, 2022 10:12 PM",People and govt of Vanuatu invited China in as stabilizer for region: Vanuatu observer
"Published: Aug 22, 2022 10:02 PM","Chongqing fights drought, bushfires amid severe heat"
"Published: Aug 22, 2022 10:13 PM","Indian FM criticized for blaming China over border issue, as it’s India, not China, that has ‘disregarded’ and ‘violated’ bilateral pacts  "
"Published: Aug 22, 2022 11:13 PM","Xi, Yoon to send messages on 30th anniv of bilateral ties"
"Published: Aug 22, 2022 11:48 PM",Schools in Beijing to run normally with stricter epidemic prevention measures
"Published: Aug 23, 2022 12:04 AM Updated: Aug 22, 2022 11:59 PM",Are ‘new’ traffic light rules too complicated? Chinese netizens find they may have misread the guidebook
"Published: Aug 23, 2022 01:09 AM",Urumqi to restore normal production and life after curbing latest spread of COVID-19
"Published: Aug 23, 2022 02:22 PM",No country can put up its own security fence at others’ doorstep: Chinese ambassador to UN
"Published: Aug 23, 2022 07:00 PM","Alarming tree-shape landscape seen in lakebed of China's largest freshwater lake, which shrunk 66% due to severe heat"
"Published: Aug 23, 2022 07:58 PM","China strongly deplores Japanese lawmaker’s Taiwan visit, vows to take strong measures to defend natl sovereignty"
"Published: Aug 23, 2022 07:57 PM","China restarts mass production of Type 052D destroyers, media reports say"
"Published: Aug 23, 2022 08:06 PM Updated: Aug 24, 2022 12:02 PM","China, South Korea to enhance mutual trust, avoid sensitive issues like THAAD as countries celebrate 30th anniversary of diplomatic ties"
"Published: Aug 23, 2022 08:15 PM","Fauci close to his contentious curtain call, but not scapegoat for US system failure in face of coronavirus pandemic  "
"Published: Aug 23, 2022 09:08 PM","China issues urgent notice, vows all-out efforts to win battle of autumn harvest against drought, heat waves "
"Published: Aug 23, 2022 09:29 PM","Taiwan export orders slump amid US-incited tension, DPP hostile policy"
"Published: Aug 23, 2022 09:59 PM","Dazhou, Sichuan facing power shortage amid ongoing heatwave"
"Published: Aug 23, 2022 10:33 PM Updated: Aug 23, 2022 10:23 PM","China's vaccine regulator reaches new WHO rank for safety, quality, efficacy, lays foundation for vaccine exports"
"Published: Aug 23, 2022 10:35 PM",Indian students prepare for return to China as China resumes visas for intl students 
"Published: Aug 23, 2022 11:01 PM",China builds up world’s largest ultra-low emission thermal power plant cluster
"Published: Aug 23, 2022 11:58 PM Updated: Aug 24, 2022 12:02 PM","China’s power supply, energy structure tested in extreme drought amid transition to cleaner energy future"
"Published: Aug 24, 2022 12:37 AM",Harmful online information removed in nationwide campaign to crack down on cyber violence 
"Published: Aug 24, 2022 02:44 AM",HK students studying in mainland prioritized at border crossing: HK govt
"Published: Aug 24, 2022 03:38 PM","Chinese consulate in San Francisco condemns continuous anti-Asian hate crimes in Oakland, reminds citizens to be cautious"
"Published: Aug 24, 2022 06:32 PM", Taiwan is China’s Taiwan and Taiwan question is China’s domestic affairs: China’s Defense Minister
"Published: Aug 24, 2022 06:51 PM","China, South Korea eye more mature ties on 30th anniversary"
"Published: Aug 24, 2022 07:04 PM","US, Australia discuss possibility of B-21 bomber deal, 'posing serious threats to China'"
"Published: Aug 24, 2022 08:16 PM",Guangzhou reports 2 infections of Omicron variant BA.2.76 with existing risks of transmission at community level
"Published: Aug 24, 2022 08:19 PM",Veteran stand-up comedian witnesses boom of China’s live performance scene enthralling both young and old
"Published: Aug 24, 2022 09:02 PM",US airstrikes on Iran-linked targets in areas of eastern Syria aim to make Iran bow down on the nuclear deal: experts
"Published: Aug 24, 2022 09:11 PM",YU-20 aerial tanker to star in PLA Air Force's open day event
"Published: Aug 24, 2022 09:26 PM",Netizens send blessings to Chengdu after city finally gets some rainfall
"Published: Aug 24, 2022 10:20 PM Updated: Aug 24, 2022 10:13 PM","China expresses condolences to victims of floods in Pakistan, provides relief supplies, aid"
"Published: Aug 24, 2022 11:19 PM",More Chinese embassies ease visa restrictions as intl students prepare their return to universities in China
"Published: Aug 24, 2022 11:40 PM",Reuters report on China's COVID-19 policy's damage to childbearing 'groundless': experts
"Published: Aug 24, 2022 11:33 PM","Sichuan issues emergency notice about heavy rainfall, natural disasters following extreme heat"
"Published: Aug 24, 2022 11:35 PM","Six months on, US adds fuel to Ukraine crisis with $3b aid as world order alters, West hegemony weakens "
"Published: Aug 24, 2022 11:56 PM","Taiwan Straits has entered a more dangerous and fragile new stage featuring long-term confrontation, but windows of peaceful reunification are not completely closed: experts"
"Published: Aug 25, 2022 01:06 AM",US embassy taught a lesson by Chinese netizens after trying to lecture over Soviet Union's history
"Published: Aug 25, 2022 01:46 AM",Did the PLA fly a drone around watchhouse in Kinmen?
"Published: Aug 25, 2022 10:25 AM",Some Facts About Pelosi's Visit to Taiwan
"Published: Aug 25, 2022 12:02 PM",Never allow the world to slide into a new Cold War: Chinese UN ambassador
"Published: Aug 25, 2022 02:56 PM",China beefs up measures against imported malaria cases amid COVID-19 prevention
"Published: Aug 25, 2022 05:33 PM",Exclusive: Chinese embassy in Cambodia receives more than 10 requests for help from scam victims from Taiwan island 
"Published: Aug 25, 2022 05:25 PM",Chinese authorities reiterate prohibitions on job discrimination against recovered COVID-19 patients
"Published: Aug 25, 2022 07:39 PM","Chinese CDC allows simultaneous flu, COVID shots for adults to avoid ‘twindemic’ scenario  "
"Published: Aug 25, 2022 08:27 PM",PLA aircraft carrier Shandong holds drills in South China Sea in full combat group
"Published: Aug 25, 2022 08:38 PM","For 1st time China sends ground, naval, air forces to join Russian Vostok drills "
"Published: Aug 25, 2022 09:24 PM Updated: Aug 25, 2022 09:19 PM",The China-Indian border issue doesn’t need third-party interference: Defense Ministry
"Published: Aug 25, 2022 09:52 PM",Chinese ministry vows measures to tackle record youth unemployment
"Published: Aug 25, 2022 09:52 PM",US double standards shown again in latest state department report; manipulation of Xinjiang-related affairs worth alert of all developing countries 
"Published: Aug 25, 2022 10:20 PM","Creativity, self-expression, flexible work culture drive Gen-Z’s innovative approach to employment"
"Published: Aug 25, 2022 10:35 PM","China no longer requires COVID test info for international arrivals, as it further eases restrictions "
"Published: Aug 25, 2022 10:40 PM","China shouldn't be targeted as India, Japan eye to strengthen ties on diplomacy, security"
"Published: Aug 25, 2022 10:51 PM",China lays out 11 facts to firmly rebut US chicanery on Taiwan question after Pelosi’s provocative trip
"Published: Aug 25, 2022 11:08 PM",China's water transport in the past decade
"Published: Aug 26, 2022 12:41 AM",Western countries backpedal blustery promises on climate change; US poisons global cooperation by politicizing the issue  
"Published: Aug 26, 2022 12:53 AM",Taiwan’s expanding defense budget only makes US arms dealers richer instead of really helping the island: expert
"Published: Aug 26, 2022 01:18 AM",China court upholds death sentence of US citizen convicted of homicide
"Published: Aug 26, 2022 01:36 AM","China uses UAVs, rockets to assist fight against drought in Southwest China"
"Published: Aug 26, 2022 01:43 AM",China launches first network for senior talent to help elderly people 
"Published: Aug 26, 2022 03:41 AM","Volunteers, rescue teams from neighboring provinces flock to scenes of Chongqing mountain fire to help rescue efforts"
"Published: Aug 26, 2022 01:14 PM","China’s sub-orbital carrier makes 1st successful repeated-use flight, a great step forward in reusable space transportation technologies"
"Published: Aug 26, 2022 02:15 PM",China Volleyball Association apologizes for failing to remind players to remove facial masks timely in AVC
"Published: Aug 26, 2022 06:33 PM","Several mountain fires extinguished in SW China’s Chongqing, with rescue teams’ selfless spirit winning applause"
"Published: Aug 26, 2022 09:09 PM",Australian media hype ‘ban’ on journalists entering Solomon Islands to maliciously sabotage cooperation with China
"Published: Aug 26, 2022 09:42 PM","Flight performances of J-20, Y-20 on PLA Air Force open day highlight real-combat capabilities in safeguarding sovereignty, territorial integrity"
"Published: Aug 26, 2022 09:55 PM","At least 10 Chinese provinces use cloud-seeding to combat heat wave; ‘no effect’ on climate change, ecosystem"
"Published: Aug 26, 2022 11:33 PM",PLA conducts realistic combat exercise as US senator met with Tsai in Taiwan island
"Published: Aug 27, 2022 01:24 AM","China, US’ initial deal on audit cooperation a significant step, but not a ‘once-for-all’ antidote: analysts"
"Published: Aug 27, 2022 01:50 AM",Largest animal bronze ware ever seen unearthed at Sanxingdui Ruins
"Published: Aug 27, 2022 01:56 AM",China's south-to-north water diversion project passes verification test
"Published: Aug 27, 2022 02:05 AM",China supports Sri Lanka in resisting foreign interference: ambassador
"Published: Aug 27, 2022 11:25 AM",Xi replies to letter from families of 'Lisbon Maru' survivors
"Published: Aug 27, 2022 05:06 PM Updated: Aug 27, 2022 05:42 PM",Xinjiang witnesses booming development in past decade; numbers serve as counterstrike to defy Western slander
"Published: Aug 27, 2022 05:31 PM","Chongqing residents see off Yunnan firefighters by lining up to salute, throwing food into their vehicles"
"Published: Aug 27, 2022 09:31 PM",Y-20 aircraft can fly to anywhere at any time when needed: PLA Air Force spokesperson
"Published: Aug 28, 2022 02:48 PM","PLA on high alert over two US warships through the Taiwan Straits, ready to thwart any provocation: spokesperson"
"Published: Aug 28, 2022 06:14 PM","First batch of 4,258 fishing boats from 4 coastal cities in South China’s Hainan Province resumes fishing at sea"
"Published: Aug 28, 2022 06:35 PM","US' old warships sailing through Taiwan Straits can't deter PLA at all, only confirms US' hostility toward China's reunification      "
"Published: Aug 28, 2022 07:19 PM",300 living harvester ants smuggled from Europe busted by Shanghai customs
"Published: Aug 28, 2022 07:39 PM","46,400 people evacuated overnight as heavy rainfall hits SW China’s Sichuan after prolonged extreme heat"
"Published: Aug 28, 2022 08:04 PM",YU-20 tanker aircraft already deployed for China-Russia joint aerial strategic patrol: PLA Air Force spokesperson
"Published: Aug 28, 2022 08:49 PM","‘Toilet revolution’ benefits the most vulnerable in China, reflects CPC’s focus on people’s well-being: expert"
"Published: Aug 28, 2022 09:00 PM",The Party’s resolve to commit far-reaching ‘toilet revolution’ in enhancing overall state of society shows human rights values
"Published: Aug 28, 2022 10:16 PM","US paints Russia, China as rivals with new ambassadorial post for Arctic, brings conflicts to peaceful North Pole"
"Published: Aug 28, 2022 10:54 PM",Hong Kong health expert warns new clinical features among children COVID-19 patients as new school year approaches
"Published: Aug 28, 2022 11:05 PM","Beijing mulls ban on paddle boarding, kayaking in downtown waterways out of security concerns"
"Published: Aug 28, 2022 11:12 PM","Japan offers ‘generous aid’ to Africa with selfish intention, sows discord through ‘China debt trap’ hype"
"Published: Aug 28, 2022 11:27 PM",Plastic film recycling system contributes to sustainable agricultural devt in SW China's Yunnan
"Published: Aug 28, 2022 11:55 PM","Shijiazhuang close to Beijing suspends railway, bus operations amid new COVID-19 spike"
"Published: Aug 28, 2022 11:52 PM","China, S.Korea agree to deepen economic cooperation in ministerial meeting"
"Published: Aug 28, 2022 11:51 PM",Chinese vice premier supervises drought relief and grain production work in East China's Jiangxi
"Published: Aug 29, 2022 02:53 PM",28 prosecuted in Tangshan restaurant assault case; 8 police officers taken into custody for providing 'protection' to gangs
"Published: Aug 29, 2022 05:49 PM","Henan police arrested 234 suspects involved in a rural bank scandal, achieved major development in money recovery"
"Published: Aug 29, 2022 07:24 PM","Responsible neighbor: China maintains water release to downstream Mekong countries despite extreme heat, drought"
"Published: Aug 29, 2022 07:28 PM","""After coming to Beijing, I've learned how to shop online very soon."""
"Published: Aug 29, 2022 08:16 PM","YU-20 tanker 'compatible with bombers, early warning craft' with 3rd refuel point"
"Published: Aug 29, 2022 08:22 PM",Rice seedlings shipped to space with Wentian module grow to 30cm high: CAS
"Published: Aug 29, 2022 08:32 PM","Western leaders shun African counterparts on climate meeting, dodge moral obligation and hamper global cooperation"
"Published: Aug 29, 2022 08:46 PM Updated: Aug 29, 2022 08:43 PM",Several Chinese cities tighten epidemic prevention measures amid new flare-ups
"Published: Aug 29, 2022 09:10 PM",Indian mission to Sri Lanka's referral to Taiwan question reveals some politicians' speculative illusion: analysts
"Published: Aug 29, 2022 10:02 PM",Chinese Embassy in Cambodia has saved some scam victims from Taiwan island: FM
"Published: Aug 29, 2022 10:24 PM",Multiple places across China launch survey on invasive aquatic animals for sake of ecosystems
"Published: Aug 29, 2022 11:50 PM","China’s role in helping Middle East realize strategic autonomy, devt hailed at Beijing event"
"Published: Aug 30, 2022 12:16 AM","UK PM candidate's reported 'China threat' label plan 'an irresponsible vote-puller', no good for solving its own problems: analysts"
"Published: Aug 30, 2022 01:33 AM",Port city Dalian strengthens prevention and control management amid latest COVID-19 flare-up
"Published: Aug 30, 2022 01:41 AM",Lhasa cuts off community transmission after 20-day battle against COVID-19
