﻿"Published: May 17, 2022 07:34 PM",Sri Lanka on edge
"Published: May 17, 2022 07:38 PM",US revises policy on Cuba
"Published: May 17, 2022 07:41 PM",Wheat prices in Europe hit record high due to Indian export ban
"Published: May 17, 2022 07:47 PM",Erdogan says no to Sweden’s NATO plans
"Published: May 17, 2022 07:50 PM",Bad air day
"Published: May 17, 2022 07:53 PM",Details to be released on Tuesday of how the plan will be carried out
"Published: May 17, 2022 07:54 PM",Lebanon Hezbollah bloc weakened in election results
"Published: May 17, 2022 07:56 PM",Australian PM touts fiscal discipline to woo voters
"Published: May 17, 2022 10:01 PM Updated: May 18, 2022 08:55 PM","‘Neo-Nazism’ poisons Ukraine, Europe under US, West’s connivance"
"Published: May 18, 2022 07:50 AM","Russia, Ukraine say their peace talks on hold"
"Published: May 18, 2022 07:51 AM",Ukraine says evacuation from Azovstal only way to save troops
"Published: May 18, 2022 07:53 AM","Ukrainian president holds phone talks with German, French leaders"
"Published: May 18, 2022 07:54 AM",Ukraine not to exchange territories for peace with Russia: negotiator
"Published: May 18, 2022 10:30 AM",How the US-Hosted Summit of the Americas May Deal a Humiliating Blow to Biden
"Published: May 18, 2022 04:09 PM Updated: May 18, 2022 04:06 PM",Nightmare on temple street: thieves return stolen Indian idols
"Published: May 18, 2022 05:15 PM",UN chief calls to rescue SDGs
"Published: May 18, 2022 05:18 PM",Japan nuclear regulator OKs Fukushima water release
"Published: May 18, 2022 05:27 PM",US eases some sanctions on Venezuela to ‘encourage dialogue with opponents’
"Published: May 18, 2022 05:32 PM",Move over
"Published: May 18, 2022 06:32 PM",Pollution major killer in 2019: study
"Published: May 18, 2022 06:46 PM",End of the line nears for NASA InSight Mars lander mission
"Published: May 18, 2022 06:48 PM",Prehistoric dolphin species discovered in Switzerland
"Published: May 18, 2022 07:17 PM",Hundreds in London protest Assange’s US extradition
"Published: May 18, 2022 07:21 PM",Mexico’s Guerrero state votes overwhelmingly to legalize abortions
"Published: May 18, 2022 07:48 PM",Uzbek president meets SCO head
"Published: May 19, 2022 07:37 AM",U.S. reopens embassy in Ukraine
"Published: May 19, 2022 05:12 PM",Never regret
"Published: May 19, 2022 05:14 PM",Turkey uneasy over NATO bid
"Published: May 19, 2022 05:22 PM",COVID-19 in Americas not going away soon: PAHO
"Published: May 19, 2022 05:24 PM","US sanctions on Iran ‘illegal’ and ‘devastating,’ says independent UN expert"
"Published: May 19, 2022 05:53 PM",Aussie leaders focus on undecided voters in final campaign push
"Published: May 19, 2022 05:56 PM",Thousands join Jewish pilgrimage year after stampede
"Published: May 19, 2022 06:12 PM",Nations urged to fight food insecurity 
"Published: May 19, 2022 06:49 PM",Paris climate goals not being met
"Published: May 19, 2022 06:53 PM",French towns sweat from record-high temperature
"Published: May 19, 2022 06:56 PM","Outbreaks of rare monkeypox disease detected in N.America, Europe"
"Published: May 20, 2022 12:34 AM Updated: May 20, 2022 12:48 AM",Voices grow stronger in US for China tariff cuts as inflation ‘singes US eyebrows’
"Published: May 20, 2022 08:05 AM","Russian, U.S. military chiefs discuss Ukraine over phone"
"Published: May 20, 2022 08:06 AM","UN chief urges reintegrating agricultural production of Russia, Ukraine into world markets"
"Published: May 20, 2022 11:59 PM",Russia's Pacific Fleet to receive new nuclear-powered submarines
"Published: May 21, 2022 11:19 AM",Ukraine gets 600-mln-euro financial aid from EU
"Published: May 21, 2022 11:20 AM",Demining in Ukraine to take 5-7 years: official
"Published: May 21, 2022 11:21 AM","Russian forces ""completely liberate"" Azovstal steel plant in Mariupol"
"Published: May 21, 2022 11:21 AM",Russia to strengthen Western flank in response to potential NATO expansion
"Published: May 21, 2022 11:22 AM",Canada bans targeted luxury goods trade with Russia
"Published: May 21, 2022 08:02 PM",Russia confirms halt of gas supply to Finland
"Published: May 21, 2022 11:16 PM",Russia publishes long list of Americans banned from entry
"Published: May 22, 2022 03:02 PM Updated: May 22, 2022 02:59 PM",Lingering bad blood: Le Drian says he is happy about Scott Morrison’s defeat
"Published: May 22, 2022 05:27 PM","Bangladesh, India hit by floods"
"Published: May 22, 2022 05:33 PM",Scientists in Mexico develop new means to clean up oil
"Published: May 22, 2022 05:35 PM",Jill Biden says US to increase funding to fight HIV/AIDS in Latin America
"Published: May 22, 2022 05:37 PM",Sleeping at a bus station
"Published: May 22, 2022 05:42 PM",Israeli forces kill Palestinian teenager
"Published: May 22, 2022 05:47 PM",Enraged mob riots rock N.Nigeria over blasphemy claim
"Published: May 22, 2022 05:50 PM",Tito’s 130th birthday celebrated at hometown
"Published: May 22, 2022 06:29 PM",Planning dilemmas
"Published: May 22, 2022 07:13 PM",US struggling to woo ASEAN
"Published: May 22, 2022 07:15 PM",Turkey urges Finland and Sweden to end terror support 
"Published: May 22, 2022 07:17 PM","Serbian, Hungarian presidents voice food security concerns at intl agricultural fair"
"Published: May 22, 2022 10:56 PM","US uses sales of second-hand arms as bait to expand influence, but irresponsible transfers risk empowering terrorists, criminals"
"Published: May 23, 2022 12:50 AM",Japanese anti-war groups protest against Quad meeting amid Biden's visit
"Published: May 23, 2022 05:25 PM Updated: May 23, 2022 05:21 PM",Writer of How To Murder Your Husband on trial for killing her husband
"Published: May 23, 2022 06:08 PM",7 killed in Philippine ferry fire
"Published: May 23, 2022 06:12 PM",Fresh floods in S.Africa force people to flee homes
"Published: May 23, 2022 06:14 PM",Ethiopia strives to accelerate biodiversity conservation for ‘Shared Future’
"Published: May 23, 2022 06:18 PM",No way to cool off
"Published: May 23, 2022 06:24 PM",EU-UK tensions surge over N.Ireland
"Published: May 23, 2022 06:25 PM","Armenia, Azerbaijan discuss ‘peace treaty’ over Nagorno-Karabakh"
"Published: May 23, 2022 06:29 PM",Palestinians condemn US terror group delisting
"Published: May 23, 2022 06:34 PM",WHA to keep focus on pandemic
"Published: May 23, 2022 06:36 PM",Shortage of medicine in Sri Lanka will ‘cause deaths’
"Published: May 23, 2022 06:38 PM",Biden warns of potentially ‘consequential’ impact of further monkeypox spread
"Published: May 24, 2022 07:23 AM",Russia successfully deals with sanctions: Putin
"Published: May 24, 2022 04:54 PM",UK’s MPs blast Afghanistan failures
"Published: May 24, 2022 04:59 PM",Italy marks 30th anniversary of killing of anti-mafia judges
"Published: May 24, 2022 05:00 PM",Indigenous Australians hold just 0.7% of executive jobs
"Published: May 24, 2022 05:36 PM",Spur policy action
"Published: May 24, 2022 05:46 PM",Iraq sandstorm grounds flights
"Published: May 24, 2022 05:48 PM",Electric car sales soar but raw materials a concern: report
"Published: May 24, 2022 05:51 PM",Rich countries putting children both at home and around the world at risk: UNICEF
"Published: May 24, 2022 06:21 PM",Monkeypox not mutated: WHO
"Published: May 24, 2022 06:23 PM",UK’s PM in new ‘Partygate’ row after fresh photos surface
"Published: May 24, 2022 06:29 PM","Slight rise in US births in 2021 after pandemic dip, still below replacement rate"
"Published: May 25, 2022 01:03 AM","Modi meets Biden in Tokyo but refuses to toe US line on Russia, China"
"Published: May 25, 2022 07:09 AM","Update: 18 students, 3 adults dead in US Texas elementary school shooting"
"Published: May 25, 2022 08:28 AM",Russia imposes personal sanctions against 154 members of UK House of Lords
"Published: May 25, 2022 04:44 PM",Countries agree to overhaul WHO funding
"Published: May 25, 2022 04:47 PM",Risk of blood clots in lung doubled for COVID-19 survivors
"Published: May 25, 2022 04:50 PM",Egypt to focus on developing countries in climate talks
"Published: May 25, 2022 04:56 PM",Monkeypox containable: WHO
"Published: May 25, 2022 04:56 PM Updated: May 25, 2022 04:27 PM",Texas senators widely criticized for their ‘crocodile tears’ after the shooting tragedy in Uvalde
"Published: May 25, 2022 05:03 PM","UN concern over Taliban restrictions on women, girls"
"Published: May 25, 2022 05:11 PM",Hungary’s Orban declares state of emergency over Russia-Ukraine conflict
"Published: May 25, 2022 05:20 PM",US warns against Syria offensive
"Published: May 25, 2022 05:21 PM",Sri Lanka PM vows to slash expenditure in new budget
"Published: May 25, 2022 05:27 PM",Zimbabwe anti-sanctions lobby seeks support from American black congressmen
"Published: May 25, 2022 05:48 PM",Reputational risk
"Published: May 25, 2022 09:51 PM",Texas mass shooting exposes US system failure
"Published: May 25, 2022 11:05 PM","Japan PM to meet Asia-Pacific leaders, but efforts to promote IPEF will fail: analysts"
"Published: May 26, 2022 07:58 AM",Russian passports distributed in Mariupol: Ukrainian official
"Published: May 26, 2022 07:59 AM",Russia-Ukraine conflict increases financial stability risks: ECB
"Published: May 26, 2022 08:00 AM",West's decision to unblock Black Sea by force unlikely: Ukrainian FM
"Published: May 26, 2022 08:01 AM",Russia cancels upper age limit for military personnel
