﻿"Published: Apr 21, 2022 04:12 PM",US govt appeals lifting of mask edict
"Published: Apr 21, 2022 04:15 PM",Finnish MPs open debate on seeking NATO membership
"Published: Apr 21, 2022 04:18 PM",Australia not to challenge Assange’s extradition
"Published: Apr 21, 2022 04:34 PM",UK's Johnson rejects calls for resignation over Partygate
"Published: Apr 21, 2022 04:36 PM","Le Pen, Macron clash over Russia, Islamic headscarf ahead of French election"
"Published: Apr 21, 2022 04:52 PM",Israel-Gaza violence escalates
"Published: Apr 21, 2022 05:17 PM",Huge drop in insect populations 
"Published: Apr 21, 2022 05:18 PM",Venice to trial reservation system for day-trippers
"Published: Apr 21, 2022 05:22 PM",Flights grounded at airports as third dust storm in two weeks blankets Iraq
"Published: Apr 21, 2022 05:33 PM",QR codes and cranes
"Published: Apr 22, 2022 07:29 AM","Russia closes Latvian, Lithuanian, Estonian consulates in retaliation"
"Published: Apr 22, 2022 08:00 AM",Ukrainian parliament votes to extend martial law until May 25
"Published: Apr 22, 2022 08:03 AM","Ukraine, Russia conduct sixth prisoner exchange"
"Published: Apr 22, 2022 08:07 AM","Zelensky discusses assistance for Ukraine with Spanish, Danish PMs"
"Published: Apr 22, 2022 10:13 PM","Russia aims at full control of Donbass, southern Ukraine: general"
"Published: Apr 22, 2022 10:16 PM","Zelensky asks for help, heavy weapons from Portugal"
"Published: Apr 23, 2022 07:31 AM",UN chief to meet Putin in Moscow
"Published: Apr 23, 2022 07:33 AM",Ukraine says talks on security guarantees with partner countries to complete within week
"Published: Apr 23, 2022 07:50 PM",Japan outlines neighbors’ threats in annual diplomatic report as China ‘needs to be on guard’
"Published: Apr 24, 2022 12:35 AM",IAEA mission to visit Ukraine's Chernobyl plant
"Published: Apr 24, 2022 12:37 AM","UN chief to visit Russia, Ukraine next week"
"Published: Apr 24, 2022 12:46 AM",Ukraine to continue civilian evacuation from Mariupol
"Published: Apr 24, 2022 01:50 PM",Russian forces hit logistics terminal of foreign weapons near Odessa
"Published: Apr 24, 2022 05:15 PM",Study takes aim at plastic pollution
"Published: Apr 24, 2022 05:17 PM",Thousands protest mine expansion in German town
"Published: Apr 24, 2022 05:20 PM",Scuba diving boat ‘Albatroz’ sinks off Ecuador’s Galapagos Islands
"Published: Apr 24, 2022 05:35 PM",World Bank readies Sri Lanka relief fund
"Published: Apr 24, 2022 05:40 PM",Wife of Assange urges UK to block his extradition to US
"Published: Apr 24, 2022 05:55 PM",Thousands of Argentine farmers stage anti-tax protest
"Published: Apr 24, 2022 06:00 PM",Israel closes crossing to Gazans
"Published: Apr 24, 2022 06:03 PM",Lebanon hunts for survivors after migrant boat capsizes
"Published: Apr 24, 2022 06:06 PM",Washington police seek motive of perpetrator behind ‘sniper-type’ shooting
"Published: Apr 24, 2022 06:22 PM",Much-needed support
"Published: Apr 25, 2022 08:18 AM","UN secretary-general to visit Turkey before having talks in Russia, Ukraine: ministry"
"Published: Apr 25, 2022 05:17 PM",Israel ‘committed’ to status quo
"Published: Apr 25, 2022 05:19 PM",Violence in Sudan’s restive Darfur kills 168: aid group
"Published: Apr 25, 2022 05:22 PM",Lebanese rescue teams search Mediterranean for migrant boat disaster survivors
"Published: Apr 25, 2022 05:24 PM",Japan searches for missing boat
"Published: Apr 25, 2022 05:27 PM",Spanish govt vows probe into spying on Catalan leaders
"Published: Apr 25, 2022 05:30 PM","Uganda, Rwanda agree on joint approach to insecurity in DR Congo"
"Published: Apr 25, 2022 05:36 PM",EU must recycle more to hit green goals
"Published: Apr 25, 2022 05:40 PM",Crew of first fully private flight to ISS head back to Earth
"Published: Apr 25, 2022 05:43 PM",Study warns long COVID could be common condition
"Published: Apr 25, 2022 05:52 PM",Prettier in pink
"Published: Apr 26, 2022 08:27 AM",Russia asks U.S. to stop arming Ukraine
"Published: Apr 26, 2022 08:28 AM",Russia expels 40 German diplomats in retaliatory mov
"Published: Apr 26, 2022 08:38 AM",Erdogan underlines Istanbul process in talks with Guterres to end Ukraine crisis
"Published: Apr 26, 2022 08:39 AM","5 killed, 18 injured in airstrike on transport infrastructure in central Ukraine"
"Published: Apr 26, 2022 08:39 AM",Russian forces seize Kherson city council building: media
"Published: Apr 26, 2022 08:41 AM",UN chief pushes for truce in Ukraine despite Russian envoy's negative response
"Published: Apr 26, 2022 08:41 AM","UN chief, Turkish president promise to work for peace in Ukraine"
"Published: Apr 26, 2022 04:15 PM",UN chief pushes Ukraine truce
"Published: Apr 26, 2022 04:19 PM",Israel reopens Gaza crossing after border calm returns
"Published: Apr 26, 2022 04:22 PM",US judge to block plan to lift COVID-19 border restrictions for migrants
"Published: Apr 26, 2022 05:00 PM",Indigenous leader presses for UN probe
"Published: Apr 26, 2022 05:03 PM",Remains of Nigeria oil blast victims to get mass burial
"Published: Apr 26, 2022 05:06 PM",IMF urges Sri Lanka to tighten monetary policy
"Published: Apr 26, 2022 05:30 PM",UN warns of increase in disasters around globe
"Published: Apr 26, 2022 05:32 PM",Anzac Day commemorations resume in France after COVID-19 hiatus
"Published: Apr 26, 2022 05:58 PM",Axiom-1 crew returns from ISS
"Published: Apr 26, 2022 06:17 PM",Strained to breaking
"Published: Apr 27, 2022 08:03 AM",UN chief condemns attack in Pakistan's Karachi University
"Published: Apr 27, 2022 08:15 AM","Lavrov, Guterres agree on need to continue Russia-Ukraine peace talks"
"Published: Apr 27, 2022 08:21 AM",U.S. State Department approves ammunition sale to Ukraine
"Published: Apr 27, 2022 08:23 AM",Germany confirms delivery of Gepard tanks to Ukraine
"Published: Apr 27, 2022 08:24 AM","Russian military appoints new ""head"" of Kherson region in Ukraine"
"Published: Apr 27, 2022 08:25 AM","Putin agrees to involvement of UN, ICRC in civilian evacuation from Azovstal: UN"
"Published: Apr 27, 2022 08:26 AM","Ukrainian president, Romanian PM discuss support for Ukraine"
"Published: Apr 27, 2022 08:27 AM","Putin, UN chief meet to discuss Ukraine"
"Published: Apr 27, 2022 08:28 AM","Russia to suspend natural gas supplies to Poland, Bulgaria"
"Published: Apr 27, 2022 04:35 PM",Nearly 60% of US had COVID-19 by Feb
"Published: Apr 27, 2022 04:37 PM",SpaceX set to launch its latest crew to ISS in Dragon capsule
"Published: Apr 27, 2022 04:39 PM",Austria closes compensation fund for victims of Nazi era
"Published: Apr 27, 2022 04:47 PM",UN estimates 8m Ukraine refugees
"Published: Apr 27, 2022 04:52 PM","US VP Harris tests positive for COVID-19, no symptoms"
"Published: Apr 27, 2022 04:55 PM",Harvard creates $100m slavery reparation fund to address historical injustices
"Published: Apr 27, 2022 05:08 PM",Novel concept to the industry
"Published: Apr 27, 2022 05:14 PM",Beneficial conservation strategy
"Published: Apr 27, 2022 05:32 PM",Watchdog takes Canada to task
"Published: Apr 27, 2022 05:38 PM",Temperatures on the rise in Scottish lochs: new report
"Published: Apr 27, 2022 05:40 PM",DR Congo suspends 12 forestry contracts for violating moratorium
"Published: Apr 27, 2022 06:04 PM",Spain’s monarchy to be more open
"Published: Apr 27, 2022 06:09 PM",Mali accuses France of spying after drone video
"Published: Apr 27, 2022 06:11 PM",Sri Lanka says World Bank agrees to provide $600m in financial aid
"Published: Apr 27, 2022 06:16 PM",US says ready for surge in asylum seekers
"Published: Apr 27, 2022 06:18 PM","Prince Charles, wife to reflect on Indigenous abuse on Canada visit"
"Published: Apr 27, 2022 06:22 PM",Singapore executes Malaysian on drugs charges
"Published: Apr 28, 2022 07:48 AM",EU prepared for Russian gas cut-off: von der Leyen
"Published: Apr 28, 2022 07:50 AM","Ukrainian, EU leaders discuss further support for Kiev"
"Published: Apr 28, 2022 07:51 AM",UN secretary-general arrives in Ukraine
"Published: Apr 28, 2022 05:13 PM",Jordan pushing to restore Jerusalem mosque status quo
"Published: Apr 28, 2022 05:15 PM","UNICEF, WHO warn of measles outbreaks"
"Published: Apr 28, 2022 05:53 PM",Moscow trades US ex-Marine for Russian pilot in prisoner swap
"Published: Apr 28, 2022 11:30 PM",UN coordinator heads to south Ukraine to prepare for evacuation from Mariupol
"Published: Apr 29, 2022 01:57 AM","NATO chief offers quick admission for Finland, Sweden despite Russia's objection"
"Published: Apr 29, 2022 08:08 AM","Erdogan, Putin discuss swap of Russian, U.S. prisoners in Turkey over phone"
"Published: Apr 29, 2022 08:09 AM","Ukraine, Russia conduct fresh prisoner exchange"
"Published: Apr 29, 2022 08:10 AM",UN Security Council condemns terrorist attack in Pakistan's Karachi University
"Published: Apr 29, 2022 08:10 AM","Ukrainian president, UN chief discuss evacuation from Mariupol"
"Published: Apr 29, 2022 08:12 AM",Canada plans to reopen embassy in Ukraine
"Published: Apr 29, 2022 10:05 PM","China reiterates call for peace between Russia, Ukraine through talks"
"Published: Apr 29, 2022 10:11 PM",UN chief visits Ukraine's Borodyanka town
"Published: Apr 29, 2022 10:13 PM",Ukraine seeks to seize Russia's assets for post-conflict recovery: PM
