﻿"Published: Jan 22, 2020 09:15 PM Updated: Mar 08, 2022 09:15 AM",Real-time update on coronavirus outbreak
"Published: Mar 05, 2022 11:20 AM",Liu Zixu wins China's first gold medal in Para biathlon at Beijing 2022 Paralympics
"Published: Mar 05, 2022 01:15 PM",China to crack down hard on trafficking of women and children: Premier Li
"Published: Mar 05, 2022 02:27 PM",What does the emblem for Beijing Paralympic Games stand for?
"Published: Mar 05, 2022 02:56 PM","China to start third nationwide soil census, build 6.67m hectares high quality cropland: govt work report"
"Published: Mar 05, 2022 04:07 PM",Xi takes part in deliberation of Inner Mongolia delegation at annual legislative session
"Published: Mar 05, 2022 04:22 PM","China vows to tighten up supervision of vaccines, refine epidemic containment measures"
"Published: Mar 05, 2022 04:57 PM",Team China makes strong start on first day of Beijing 2022 Winter Paralympics
"Published: Mar 05, 2022 05:18 PM","Political advisor proposes to allow unmarried women aged over 30 with one child to gain access to maternity leave, insurance"
"Published: Mar 05, 2022 05:34 PM",China boosts defense budget by 7.1% for 2022 amid complex global situation
"Published: Mar 05, 2022 06:13 PM",China's defense budget in 2022
"Published: Mar 05, 2022 10:40 PM","China supports Russia-Ukraine direct talks, opposes any moves that add fuel to flames, Wang Yi says in phone talks with Blinken"
"Published: Mar 06, 2022 11:47 AM","China’s EU Mission calls for fair talks between US, NATO, EU and Russia in response to EU official’s remarks of China being ‘mediator’ that ‘Western powers cannot fulfill’"
"Published: Mar 06, 2022 01:49 PM","Update: Qingdao authority says outbreak caused by Omicron-carrying object, reverses earlier statement that it was from deliveries"
"Published: Mar 06, 2022 02:32 PM",Chinese experts differ on whether ‘winter of 2021 will be the last winter associated with COVID-19’
"Published: Mar 06, 2022 03:33 PM",Chinese Embassy in UK condemns wrong remarks on Taiwan by members of House of Lords
"Published: Mar 06, 2022 04:06 PM","Xi visits political advisors, joins discussion at annual session"
"Published: Mar 06, 2022 04:34 PM","Sina Weibo punishes accounts for spreading content on Russia-Ukraine conflict to stir up hatred, warfare"
"Published: Mar 06, 2022 04:55 PM",Xi replies to letter from IOC chief Bach
"Published: Mar 06, 2022 05:43 PM",NPC deputy suggests to promote domestic innovative drugs go global
"Published: Mar 06, 2022 07:04 PM","Confirmed cases across China exceed 100, strict dynamic zero-COVID approach 'still necessary'"
"Published: Mar 06, 2022 07:40 PM","Technologies, accessible facilities at Beijing Winter Paralympics venues demonstrate 'China's warmth'"
"Published: Mar 06, 2022 08:10 PM Updated: Mar 06, 2022 10:47 PM",China's defense budget growth justified as restrained amid foreign media hype
"Published: Mar 06, 2022 09:05 PM",Social support system for childbirth should be improved to support China's third-child policy: political advisors
"Published: Mar 06, 2022 10:01 PM",Educators call for more attention to the prevention and treatment of depression among adolescents
"Published: Mar 06, 2022 10:24 PM","If US keeps intensifying Ukraine crisis with sanctions, military deployments, 'mediation would be useless'"
"Published: Mar 06, 2022 10:31 PM","Work starts on central govt-aided hospital in HK, response to COVID-19 outbreak"
"Published: Mar 06, 2022 10:45 PM",Advisors suggest promotion of nationwide DNA database to end child trafficking
"Published: Mar 06, 2022 10:48 PM",China to be 'stabilizer' of global economy in 2022
"Published: Mar 06, 2022 11:00 PM",Manufacturer of Chinese herbal medicine ramps up production for epidemic control in HKSAR
"Published: Mar 07, 2022 12:08 AM","China plans to retrieve samples from Mars by 2030, study the edge of solar system"
"Published: Mar 07, 2022 12:54 AM",Wind parks should be cautiously built in China's populated areas watching for environmental impact: CPPCC member
"Published: Mar 07, 2022 01:36 AM",'This experience is priceless to me': exploring the story of a barber at Beijing 2022
"Published: Mar 07, 2022 02:14 AM",China considers law amendment to make local authorities 'forge a strong sense of community for the Chinese nation'
"Published: Mar 07, 2022 02:58 AM","Political advisor urges faster approval of innovative COVID-19 vaccines, steppingstone for border reopening"
"Published: Mar 07, 2022 10:36 AM",Chinese Embassy in Ukraine reminds citizens who are still in Ukraine to leave ASAP
"Published: Mar 07, 2022 11:25 AM","Domestically transmitted COVID-19 infections surpass 500 Sunday in Chinese mainland, affecting 13 provinces"
"Published: Mar 07, 2022 03:17 PM",Chinese FM proposes six initiatives to avoid humanitarian crisis in Ukraine
"Published: Mar 07, 2022 03:26 PM","Xi Visits CPPCC Members in Sectors of Agriculture, Welfare and Social Security"
"Published: Mar 07, 2022 03:36 PM",Consolidate Sense of Community for the Chinese Nation to Jointly Build the Great Motherland and Create a Better Life
"Published: Mar 07, 2022 03:43 PM Updated: Mar 07, 2022 09:10 PM","China-Russia friendship 'rock-solid, free from interference by any third party,' says Chinese FM"
"Published: Mar 07, 2022 03:56 PM","US Indo-Pacific strategy is to establish Indo-Pacific version of NATO, doomed to fail: Chinese FM"
"Published: Mar 07, 2022 04:10 PM","The world recognizes China’s democracy, Chinese people have full confidence in their path: Chinese FM"
"Published: Mar 07, 2022 04:12 PM","Taiwan question and the Ukraine issue different in nature, not comparable at all: Chinese FM"
"Published: Mar 07, 2022 04:24 PM","China, India should be partners for mutual success, not adversaries of mutual attrition: Chinese FM"
"Published: Mar 07, 2022 04:51 PM","China to provide humanitarian aid to Ukraine, lays out six initiatives on Ukraine crisis"
"Published: Mar 07, 2022 04:56 PM",Top scientist suggests plan on traditional Chinese medicine development to avoid external blockade at two sessions
"Published: Mar 07, 2022 06:20 PM","Chinese lawmakers, advisors call for tougher measures against cyber violence"
"Published: Mar 07, 2022 06:41 PM",Xi attends meeting of military delegation at annual legislative session
"Published: Mar 07, 2022 07:02 PM",Xi extends condolences to Pakistani president over terrorist attack
"Published: Mar 07, 2022 07:50 PM",GT investigates: Evidence suggests US may have supported neo-Nazi Azov Battalion
"Published: Mar 07, 2022 07:54 PM",What people of color are experiencing in Ukraine fully exposes deep-rooted racism and white supremacy the West upholds: African-British critic
"Published: Mar 07, 2022 08:25 PM",Highlights from Chinese State Councilor and FM Wang Yi's Press Conference
"Published: Mar 07, 2022 08:43 PM",Chinese FM criticizes US for drawing small circles to contain China
"Published: Mar 07, 2022 09:28 PM",Central govt 'concerned about epidemic in HK'
"Published: Mar 07, 2022 09:34 PM","New carrier rocket, Moon and Mars missions… lawmakers reveal China's forthcoming space programs"
"Published: Mar 07, 2022 10:09 PM",Setting 'US standard for democracy' goes against democracy: Wang Yi to the Global Times
"Published: Mar 07, 2022 10:17 PM",China should be on alert over Australia’s future nuclear-submarine base: experts
"Published: Mar 07, 2022 11:03 PM",Has India surpassed China as world’s most populous country? Expert says not yet.
"Published: Mar 07, 2022 10:51 PM Updated: Mar 07, 2022 11:48 PM",FM showcases China's strategic composure amid complex global situation
"Published: Mar 07, 2022 11:28 PM",Vice Premier urges authorities at all levels to crack down on women trafficking
"Published: Mar 07, 2022 11:41 PM",China enters new stage of COVID battle amid 2-year high daily tally
"Published: Mar 08, 2022 12:00 AM",Jackie Chan's proposal for rural publicly-funded cinemas wins support from Chinese moviegoers
"Published: Mar 08, 2022 12:10 AM","International antiques trade center unveiled in Shanghai, promoting return of cultural relics"
"Published: Mar 08, 2022 12:29 AM","FM gives advice on China-Japan relations amid challenges, showing China treats neighbors primarily as partners"
"Published: Mar 08, 2022 01:09 AM",Chaos in entertainment industry raises concerns of political advisors
"Published: Mar 08, 2022 02:28 AM",Lawmaker calls for turning Xinjiang into green energy hub
"Published: Mar 08, 2022 10:40 AM Updated: Mar 08, 2022 11:40 PM",GT Exclusive: Various sources reveal US National Security Council released disinformation on Ukraine crisis to smear China
"Published: Mar 08, 2022 12:54 PM",HKSAR should uphold ‘dynamic zero’ policy to reduce severe cases and deaths as priority: top Chinese health expert
"Published: Mar 08, 2022 01:54 PM","China to carry out Phase-4 lunar probe missions before 2030, build permanent station by 2035: project chief designer and political advisor Wu Weiren"
"Published: Mar 08, 2022 03:02 PM",China to send the world's first state-level TCM medical team to Cambodia
"Published: Mar 08, 2022 03:26 PM",Two children in Beijing test positive for COVID-19; community put under closed-loop management
"Published: Mar 08, 2022 06:15 PM","Beijing reports 7 new local cases, upholds ‘dynamic zero-COVID’ policy to curb the virus’ spread"
"Published: Mar 08, 2022 06:25 PM",President Xi holds virtual summit with French and German leaders
"Published: Mar 08, 2022 08:04 PM","US urged to clarify biomilitary activities, accept multilateral inspections as Ukraine found to have 30 biolabs"
"Published: Mar 08, 2022 08:14 PM","Chinese legislator urges efficient use of PLA strategic airlift, installing logistics support devices at civil airports"
"Published: Mar 08, 2022 08:39 PM",Woman power in China lights up social media
"Published: Mar 08, 2022 08:37 PM","China's judicial authorities vow to bolster protection of women, children"
"Published: Mar 08, 2022 08:53 PM","Instead of reflecting on its own untold sins, Japan obsesses with accusing other countries of ‘human rights violations’"
"Published: Mar 08, 2022 08:53 PM",West's 'discourse traps'over Ukraine crisis at Chinese FM's press conference
"Published: Mar 08, 2022 09:32 PM",Two new Chinese carrier rockets to make maiden flight this year amid growing demand for commercial launches
"Published: Mar 08, 2022 10:01 PM",China vows legislation focus on tackling foreign interference
"Published: Mar 08, 2022 09:53 PM","HK legislators, political advisors propose strengthening patriotic education"
"Published: Mar 08, 2022 09:59 PM",Chinese political advisor calls for stricter rating measures for short video platforms
"Published: Mar 08, 2022 10:26 PM",Political advisor proposes increasing economic compensations for full-time housewives in case of divorce
"Published: Mar 08, 2022 10:30 PM",China 'prepared for' S.Korea power shift
"Published: Mar 08, 2022 10:56 PM Updated: Mar 09, 2022 01:22 AM","Xi's virtual summit with Macron, Scholz to encourage Europe-Russia direct talks over Ukraine"
"Published: Mar 08, 2022 11:13 PM",Chinese FM praises criticism of NATO by leader of Germany's AfD party as rational and penetrating
"Published: Mar 08, 2022 11:43 PM Updated: Mar 09, 2022 12:28 AM",Exclusive: All nationals out of danger zone: Chinese Embassy in Ukraine
"Published: Mar 09, 2022 12:46 AM",FC-31 stealth fighter spearheads display of cutting-edge Chinese equipment at Saudi Arabia's 1st World Defense Show
"Published: Mar 09, 2022 04:26 PM",China's red cross society to provide 5m yuan worth of humanitarian aid to Ukraine
"Published: Mar 09, 2022 04:51 PM","Lawmakers, political advisors call on enhancing supervision on e-commerce livestreaming"
"Published: Mar 09, 2022 05:37 PM",Indian netizens have sufficient reasons to explain why India doesn't stand with West against Russia
"Published: Mar 09, 2022 06:22 PM",Shenzhou spacecraft good to go for space tourism: says chief designer Zhou Jianping
"Published: Mar 09, 2022 06:26 PM",HK seeks medical teams from mainland to combat raging COVID-19
"Published: Mar 09, 2022 06:56 PM",Some 50 foreign students evacuated with the Chinese convoy from Sumy: Chinese Embassy in Ukraine
"Published: Mar 09, 2022 08:43 PM","Beijing reports 5 more cases including a baby, nation faces record infection tally"
"Published: Mar 09, 2022 08:53 PM","Disseminating false news about China is US old trick of ""a thief crying 'Stop thief!'"" Chinese FM"
"Published: Mar 09, 2022 09:03 PM Updated: Mar 09, 2022 11:54 PM",Chinese nationals' evacuation in Ukraine complete! All safe: embassy
"Published: Mar 09, 2022 09:08 PM",Changchun starts first round of city-wide nucleic acid testing after finding 48 COVID-19 cases
"Published: Mar 09, 2022 09:27 PM","GT investigates: Forces behind fiction US politicians, Western media, Taiwan online trolls co-orchestrated disinformation campaign against Chinese mainland amid Russia-Ukraine conflict"
"Published: Mar 09, 2022 10:03 PM","China fully capable of jet engine development, narrowing technology gaps"
"Published: Mar 09, 2022 09:51 PM",China sends first batch of humanitarian aid to Ukraine
"Published: Mar 09, 2022 10:05 PM",China welcomes UN human rights chief's visit to Xinjiang but rejects political tactics: FM
"Published: Mar 09, 2022 10:34 PM",Chinese satellite detects global gravity field data
"Published: Mar 09, 2022 11:06 PM","COVID cases in China surge to recent high, but 'won't spread widely' thanks to immunization barrier"
"Published: Mar 09, 2022 10:55 PM",PLA Navy reveals commissioning of two new Type 052D destroyers
"Published: Mar 10, 2022 12:24 AM",2nd temporary hospital delivered by the central govt to support HKSAR fight against epidemic
"Published: Mar 10, 2022 01:07 AM","Number of packaging layers for mooncakes, zongzi to be restricted"
"Published: Mar 10, 2022 02:49 AM","Political advisor calls for salary system improvement to attract, retain talents working for disease control and prevention"
