﻿"Published: Jan 22, 2020 09:15 PM Updated: Aug 08, 2022 09:09 AM",Real-time update on coronavirus outbreak
"Published: Aug 01, 2022 07:54 PM Updated: Aug 10, 2022 12:25 PM","GT Investigates: US 'evil bill' against Xinjiang wreaks havoc on global supply chains, green push"
"Published: Aug 06, 2022 07:03 PM","Japan, US to be judged by history for interfering in China's internal affairs, Japanese scholars say as tensions in Taiwan Straits worry Okinawans"
"Published: Aug 06, 2022 07:28 PM","Sweet revitalization: former revolutionary base prospers through unique agriculture, successful marketing"
"Published: Aug 06, 2022 08:46 PM","US receives limited endorsements from allies on its groundless accusation against China on Taiwan Straits tension, proving one-China principle a strong international consensus"
"Published: Aug 07, 2022 12:59 PM Updated: Aug 07, 2022 11:11 PM",PLA bomber formations cross Taiwan Straits from two directions in latest drills
"Published: Aug 07, 2022 01:50 PM Updated: Aug 07, 2022 01:51 PM",China’s first domestic oral anti-COVID-19 drug is priced at less than 300 yuan per bottle/35 tablets
"Published: Aug 07, 2022 04:52 PM","Four more cities in Hainan in ‘static management’ as 1,140 COVID-19 cases reported in a week"
"Published: Aug 07, 2022 05:04 PM",Over 160 countries reiterated commitment to one-China principle after Pelosi's Taiwan visit
"Published: Aug 07, 2022 05:49 PM",China's 900-year-old wood arch bridge collapsed in fire; experts call for enhancing protection of ancient buildings
"Published: Aug 07, 2022 07:47 PM","Like seeds of a pomegranate: Xinjiang primary school headmaster provides better education for children, forging sense of community for Chinese nation"
"Published: Aug 07, 2022 07:51 PM",CPC leads 56 ethnic groups on the road to achieving national rejuvenation
"Published: Aug 07, 2022 09:41 PM","Japan warned of playing 'Taiwan card' to rationalize defense spending boost, striking another blow to ties"
"Published: Aug 07, 2022 10:20 PM Updated: Aug 07, 2022 11:12 PM","Pelosi's provocative Taiwan visit lashed out by mainstream US media, intl politicians"
"Published: Aug 07, 2022 10:35 PM Updated: Aug 07, 2022 11:15 PM","China frequently introduces historical context and the merits of Taiwan question to the world, reinforces 'one-China principle' as internationally recognized consensus"
"Published: Aug 07, 2022 10:40 PM","Blinken kicks off trip to Africa, 'unable to form a new Cold War club' to counter Russia, China"
"Published: Aug 07, 2022 11:00 PM",The US is main threat to world stability; Pelosi's Taiwan visit aimed at destabilizing regional peace: Cuban Ambassador
"Published: Aug 07, 2022 11:11 PM",Sherman visits South Pacific to 'sabotage' region's growing ties with China
"Published: Aug 07, 2022 11:13 PM",Autumn of bumper harvest  
"Published: Aug 07, 2022 11:39 PM","Beijing reports 2 new COVID-19 infections, tightens restrictions on entry"
"Published: Aug 08, 2022 12:02 AM","'You are wrong', Chinese FM spokesperson posts 8 tweets in a row rebuking US claims of China's 'overreaction' to Pelosi's Taiwan visit"
"Published: Aug 08, 2022 12:13 PM","Countermeasures against Pelosi’s Taiwan visit necessary, justified and proper: Chinese defense ministry"
"Published: Aug 08, 2022 12:36 PM Updated: Aug 08, 2022 08:39 PM","PLA extends ‘Taiwan encirclement’ exercises with anti-submarine warfare, showcases unrivaled area denial capability; ‘drills will not stop until reunification’"
"Published: Aug 08, 2022 01:54 PM","China faces risk of imported monkeypox, alert and monitoring needed: medical experts"
"Published: Aug 08, 2022 06:53 PM","'Three keywords represent China-Comoros affinity' – Interview with Maoulana Charif, Ambassador of Union of Comoros to China"
"Published: Aug 08, 2022 08:47 PM",Chinese coastal cities issue warnings of imported COVID-19 cases to fishermen in wake of flare-ups in Hainan
"Published: Aug 08, 2022 09:02 PM","'Taiwan independence' secessionists warned not to be 'unworthy descendants' amid rumor of relic relocation to US, Japan"
"Published: Aug 08, 2022 09:18 PM","COVID crisis shows China as a reliable ally, refuting Western mistrust narrative: Dominica Republic politician"
"Published: Aug 08, 2022 09:24 PM",Political will of the LAC region is safeguarding cooperation with China: Suriname envoy
"Published: Aug 08, 2022 09:47 PM Updated: Aug 08, 2022 09:52 PM",US urged to take action in correcting mistakes first to resume dialogue channel with China
"Published: Aug 08, 2022 09:50 PM","PLA launches recruitment with priority on students in science, tech majors, with skills for actual combat"
"Published: Aug 08, 2022 09:56 PM","HK cuts arrivals' hotel quarantine to 3 days, 'an exploration based on mainland's dynamic zero-COVID policy'"
"Published: Aug 08, 2022 10:55 PM",Lithuania to face ‘costly price’ for shadowing US with risky Taiwan visit following Pelosi’s provocation
"Published: Aug 08, 2022 10:57 PM","SW China's Xizang reports 22 COVID cases, ending 920-day zero record"
"Published: Aug 08, 2022 11:32 PM","South Korea strives to secure China ties amid US pressure on chips, missile system"
"Published: Aug 08, 2022 11:28 PM",Hainan faces 'high risk' of community transmission but situation is 'under control'
"Published: Aug 08, 2022 11:28 PM Updated: Aug 08, 2022 11:25 PM",NW China's Xinjiang reports 274 COVID-19 cases in a week; imported variant triggers flare-up
"Published: Aug 09, 2022 12:35 AM",Chinese FM condemns Japan's 'high-profile' response toward PLA drills
"Published: Aug 09, 2022 01:19 AM","Nepal adheres to one-China policy, welcomes Chinese tourists for mountain trekking: Nepali Ambassador to China "
"Published: Aug 09, 2022 02:07 AM","Chinese envoy to the Solomon Islands refutes Sherman’s false remarks on Taiwan question, security deal"
"Published: Aug 09, 2022 10:07 AM",Chinese NGO reveals US violation of human rights
"Published: Aug 09, 2022 11:19 AM",Japan's unilateral decision of dumping nuclear-contaminated water into ocean not responsible: Chinese ambassador for disarmament affairs
"Published: Aug 09, 2022 01:39 PM Updated: Aug 09, 2022 01:34 PM","China's Shandong and Henan detect new zoonotic virus, 35 people reportedly infected"
"Published: Aug 09, 2022 02:07 PM",Lhasa's rare COVID flare-up caused by imported Omicron subvariant BA.2.76
"Published: Aug 09, 2022 06:35 PM",US should not be surprised or frustrated by China canceling cooperation: Vice FM on Pelosi's Taiwan visit
"Published: Aug 09, 2022 07:39 PM",US attempts to break into China's 360 internet security firm but fails: company founder
"Published: Aug 09, 2022 08:39 PM","Report on human rights violations in Middle East exposes US' barbarity, cruelty and hypocrisy"
"Published: Aug 09, 2022 08:51 PM Updated: Aug 09, 2022 11:56 PM","US partisan struggle further escalates, 'political system more dysfunctional' as Trump's Mar-a-Lago searched by FBI"
"Published: Aug 09, 2022 08:49 PM","US' new Africa strategy points at China, Russia 'threats' when 'overwhelming' evidence shows the West working against African interests: experts"
"Published: Aug 09, 2022 09:10 PM","China's border regions face test on capability in handling COVID-19 as Xinjiang, Xizang register flare-ups"
"Published: Aug 09, 2022 09:18 PM",Witnessing military progress
"Published: Aug 09, 2022 09:29 PM",Media role to boost BRI cooperation highlighted at Xi'an forum against hegemonic voices
"Published: Aug 09, 2022 09:37 PM",US commits serious crimes of violating human rights in the Middle East and beyond
"Published: Aug 09, 2022 09:59 PM",Hainan starts to fly back stranded tourists eligible for leaving home in batches
"Published: Aug 09, 2022 10:37 PM Updated: Aug 10, 2022 10:12 AM","China, US face 'high risks of miscalculations, crisis' with US' possible more provocative moves over Taiwan amid Biden's 'buck-passing' remarks"
"Published: Aug 09, 2022 10:44 PM",Traditional Chinese medicine promoted at grass-roots medical service centers in home of ancient 'Medicine King'
"Published: Aug 09, 2022 10:52 PM",Eight juveniles suspected of assaulting and killing 21-year-old man in NW China: local police
"Published: Aug 09, 2022 11:55 PM","Chinese FM urges more independent, mature bilateral ties"
"Published: Aug 10, 2022 12:01 AM","More Americans denounce Pelosi's overstepping of boundaries on China-US relations, realize importance of 'one-China principle'"
"Published: Aug 10, 2022 12:12 AM","Pelosi's unilateral visit to Taiwan is personal political stunt by an aging Western leader, leaves irrevocable damage to local society and cross-Straits relations"
"Published: Aug 10, 2022 01:44 AM",Chinese PLA is prepared no matter how US forces transit the Taiwan Straits: experts
"Published: Aug 10, 2022 10:05 AM Updated: Aug 10, 2022 10:06 PM","China releases white paper on Taiwan question and reunification, outlines irreversible historical process, stronger capability and rock-solid resolution in new era"
"Published: Aug 10, 2022 10:34 AM",Full Text: The Taiwan Question and China's Reunification in the New Era
"Published: Aug 10, 2022 11:06 AM Updated: Aug 10, 2022 11:01 AM",Urumqi enforces 'static management' in parts of city to stem new wave of coronavirus resurgence
"Published: Aug 10, 2022 01:13 PM","China, not even a bit can be left behind"
"Published: Aug 10, 2022 03:00 PM",Taiwan resident Yang Chih-yuan suspected of endangering national security transferred to designated residential surveillance
"Published: Aug 10, 2022 04:48 PM Updated: Aug 10, 2022 11:42 PM",PLA to conduct regular combat readiness security patrol in Taiwan Straits
"Published: Aug 10, 2022 06:05 PM",China opposes using counter-terrorism for geopolitical self-interests at UN briefing
"Published: Aug 10, 2022 07:18 PM","River chief guarding longest branch of the Yangtze River appreciates policies, governance support in last decade"
"Published: Aug 10, 2022 07:31 PM","Exclusive: Chinese medical team in Solomon Islands wins respect with professionalism, sincerity"
"Published: Aug 10, 2022 07:33 PM",China-US climate talks suspension is legitimate countermeasure; US must bear consequences: Chinese FM
"Published: Aug 10, 2022 08:19 PM",Chinese Embassy in S.Korea provides timely assistance to relatives of Chinese victims in rainstorm disaster: FM
"Published: Aug 10, 2022 09:04 PM",Chinese Ambassador calls for Canberra's independent foreign policy 'free from third party interference'
"Published: Aug 10, 2022 09:29 PM","Chinese, Indian observers underscore rebuilding trust as divergences remain despite positive signals in ties"
"Published: Aug 10, 2022 09:43 PM Updated: Aug 10, 2022 11:43 PM",US CHIPS Act 'economic coercion' against China; but won't succeed in changing global semiconductor industrial distribution: expert
"Published: Aug 10, 2022 10:13 PM",Kishida reshuffles cabinet amid cult controversy as 'real threat not from China but within Japan'
"Published: Aug 10, 2022 10:18 PM",KMT delegation's mainland visit a normal one; absurd for DPP to hype it with malicious intent: Taiwan Affairs Office
"Published: Aug 10, 2022 11:08 PM Updated: Aug 10, 2022 11:04 PM",Neither China nor international community will accept US' gangster logic: Chinese FM
"Published: Aug 10, 2022 11:41 PM","Summer vacation destinations in China hit by new resurgence, to 'deal blow to tourism in short time'"
"Published: Aug 11, 2022 01:26 AM",Xizang authorities offer support for local people after COVID-19 flare-up
"Published: Aug 11, 2022 02:48 AM",Chinese FM holds talks with Nepalese counterpart
"Published: Aug 11, 2022 09:50 AM Updated: Aug 11, 2022 09:44 AM","Yiwu, world's largest commodities hub, enters into 'static management' to curb latest coronavirus resurgence"
"Published: Aug 11, 2022 11:16 AM Updated: Aug 11, 2022 11:11 AM","Over 2,000 stranded tourists depart Sanya, 1,254 new COVID cases are detected"
"Published: Aug 11, 2022 07:37 PM","One Country, Two Systems will eventually be understood and recognized by Taiwan compatriots: Taiwan Affairs Office"
"Published: Aug 11, 2022 08:41 PM Updated: Aug 11, 2022 10:20 PM","Biden admin's plan to tie tariffs to Taiwan question 'ridiculous,' a useless card to be played again in the face of mid-term elections"
"Published: Aug 11, 2022 09:43 PM","China prepares for possible 'twindemic' of influenza, COVID-19"
"Published: Aug 11, 2022 09:50 PM",Dangerous religious sects' close ties with powerful politicians revealed as Japanese PM reshuffles cabinet to cut controversial link
"Published: Aug 11, 2022 10:14 PM","City in China's Xizang prolongs static management for 3 days, provides free accommodation to stranded visitors"
"Published: Aug 11, 2022 10:16 PM",UK descends into being 'colony of US' as Truss summons Chinese ambassador over Taiwan
"Published: Aug 11, 2022 10:19 PM",China vows to act resolutely against provocation as Lithuanian delegation's Taiwan visit infringes on China's sovereignty
"Published: Aug 11, 2022 10:31 PM","High temperatures up to 40 C hit 15 provinces, likely to linger as climatic background persists"
"Published: Aug 11, 2022 10:39 PM Updated: Aug 11, 2022 11:26 PM",Japan should rectify mindset of 'being close to China in economy but relying on US on security': representative director of Japan-China Friendship Center
"Published: Aug 11, 2022 11:52 PM","'One country, two systems' to be 'recognized' by Taiwan island; smearing of DPP authorities cannot deny goodwill of the mainland"
"Published: Aug 12, 2022 12:13 AM",High temperatures boost China's ice-making industry as demand surges
"Published: Aug 12, 2022 12:18 AM",Illegal maps violating one-China principal seized by Chongqing Customs
"Published: Aug 12, 2022 01:21 AM Updated: Aug 12, 2022 01:11 AM",THAAD issue should not be stumbling block in China-S. Korea relations again: analysts
"Published: Aug 12, 2022 07:20 PM","China, Thailand to hold joint air force exercise in large scale, as PLA sends fighter-bomber for first time"
"Published: Aug 12, 2022 07:33 PM",China sanctions Lithuanian deputy minister of transport and communications following Taiwan island visit
"Published: Aug 12, 2022 09:00 PM",Elephant ‘baby boom’ shows China's robust protection of mammoth stars after legendary journey in 2021
"Published: Aug 12, 2022 09:31 PM","Chinese oral anti-COVID drug delivered to epidemic-hit regions, ‘effective’ in inhibiting virus"
"Published: Aug 12, 2022 10:23 PM",Survey says China ahead of US in popularity among Arab people
"Published: Aug 12, 2022 11:14 PM","China sanctions Lithuanian deputy minister over Taiwan visit, first foreign official punished since Pelosi"
"Published: Aug 13, 2022 12:11 AM","‘Shortsighted’ Estonia and Latvia quit China-CEEC out of US pressure; not to affect mechanism with their marginal role

"
"Published: Aug 13, 2022 12:45 AM",Scholars outline conditions to be met for China’s peaceful reunification
"Published: Aug 13, 2022 01:08 AM",5 officials in SW China's Xizang removed for not fully implementing epidemic prevention measures
"Published: Aug 13, 2022 01:36 AM",DPP authorities urged to explain financial relationship after Pelosi’s son found to be among her delegation 
"Published: Aug 13, 2022 12:25 PM","Chinese embassy urges US to assume obligations, not to make excuses for own mistakes after remarks on China's decision of halting climate talks over Pelosi's Taiwan visit"
"Published: Aug 13, 2022 06:22 PM",China’s Shenzhou-14 crew to conduct their first spacewalk in near future
"Published: Aug 13, 2022 08:00 PM","Why summer 2022 is so hot both in China and globally? Experts point to La Nina, predict ‘roast mode’ to linger"
"Published: Aug 14, 2022 12:39 AM","Vice premier Sun Chunlan urges stopping community-level COVID-19 spread in Hainan, speed up arranging return trips for stranded travelers"
