﻿"Published: Jan 22, 2020 09:15 PM Updated: Mar 27, 2022 09:04 AM",Real-time update on coronavirus outbreak
"Published: Mar 17, 2022 08:44 PM",What is the US hiding in the biolabs discovered in Ukraine?
"Published: Mar 21, 2022 08:58 PM","Hong Kong to suspend mass testing, cancel flight bans on nine countries "
"Published: Mar 21, 2022 09:54 PM","10,000 doses of Pfizer’s COVID-19 drug arrive in epidemic-hit Jilin frontlines "
"Published: Mar 21, 2022 10:25 PM",US admiral hypes ‘China militarization’ in S.China Sea
"Published: Mar 21, 2022 10:13 PM","China's tech hub among first to curb Omicron spread amid nationwide outbreaks, showing effectiveness of dynamic zero-COVID policy"
"Published: Mar 21, 2022 10:49 PM",Italian union protests against sending weapons to Ukraine in humanitarian cargo – ‘We risk WWIII’
"Published: Mar 21, 2022 11:11 PM",Envoy upholds China’s position amid pressure to condemn Russia
"Published: Mar 21, 2022 11:33 PM","Unholy Crusade: White House leads KOL on anti-Russia propaganda, Western ‘rights groups’ turn blind eye to hate speech"
"Published: Mar 21, 2022 11:42 PM","China ends a record of 4,227 safe flight days after China Eastern's Boeing 737 crash"
"Published: Mar 21, 2022 11:59 PM",China's civil aviation regulator calls for an investigation on potential safety hazards after plane crash
"Published: Mar 22, 2022 12:13 AM","China includes coronavirus antigen detection reagents, tests into health insurance"
"Published: Mar 22, 2022 12:27 AM",Chinese social media platforms say no to users’ clout-chasing behavior on jet crash tragedy
"Published: Mar 22, 2022 01:46 AM",Average sleep time of Chinese people shortened by 1.5 hours compared with a decade ago
"Published: Mar 22, 2022 10:49 AM",Vice Premier Liu He leads team to Boeing plane crash site; belongings of passengers found
"Published: Mar 22, 2022 10:49 AM",Experts ready to assist with investigation into China Eastern Airlines aircraft crash: Boeing China
"Published: Mar 22, 2022 11:12 AM","China, Pakistan should strengthen coordination on Afghanistan and Ukraine issues: FM Wang Yi"
"Published: Mar 22, 2022 01:05 PM",Average age of Omicron patients is 40.6 years old in Shanghai’s latest outbreak
"Published: Mar 22, 2022 01:11 PM",Pakistani FM extends sympathy over Chinese passenger plane crash
"Published: Mar 22, 2022 01:56 PM",China and like-minded countries call for attention to human rights violations of indigenous people in some countries
"Published: Mar 22, 2022 04:32 PM",Rescue work continues after passenger plane crash
"Published: Mar 22, 2022 04:38 PM",Foreign leaders express condolences over China Eastern Airlines plane crash
"Published: Mar 22, 2022 07:34 PM","Exclusive: New evidence shows US hijacks, monitors users’ social media accounts, emails"
"Published: Mar 22, 2022 07:58 PM",HK police busts underground forces planning for separatist activities
"Published: Mar 22, 2022 08:07 PM",86 percent of unmarried Chinese women believe childbirth is a right
"Published: Mar 22, 2022 08:49 PM","China issues more targeted testing guideline under dynamic zero policy, no longer requires mass testing"
"Published: Mar 22, 2022 09:13 PM","China, Islamic world ‘standing closer’ as Chinese FM attends OIC meeting for first time"
"Published: Mar 22, 2022 09:13 PM",No survivors of plane crash found; cause of accident not yet known
"Published: Mar 22, 2022 10:13 PM","US expeditionary mobile base enters S.China Sea for 1st time, sending a worrying signal"
"Published: Mar 22, 2022 10:41 PM",US pardoned Japan’s war criminals in exchange for Unit 731 chemical weapons – how trustworthy is its clarification on Ukraine labs?
"Published: Mar 22, 2022 10:56 PM",China urges US to withdraw visa restrictions on officials or face countermeasures
"Published: Mar 22, 2022 11:21 PM",PLA Navy’s upgraded J-11B fighter jet joins S.China Sea exercise
"Published: Mar 22, 2022 11:47 PM",Search for black boxes ongoing after 30 hours; cause of accident still unknown: officials
"Published: Mar 23, 2022 12:12 AM",Chinese human genetic resources to be banned for use abroad: Ministry of Science and Technology
"Published: Mar 23, 2022 10:32 AM Updated: Mar 23, 2022 10:29 AM","Egypt opposes some countries for putting pressure on China over Ukraine issue, Egyptian FM said in meeting with Wang Yi"
"Published: Mar 23, 2022 01:55 PM","Shanghai insists on dynamic zero-COVID, denies ‘citywide lockdown’ rumors"
"Published: Mar 23, 2022 02:01 PM",Shenzhou-13 carry out groundbreaking experiments on life science during their orbit stay: deputy designer of taikonaut system
"Published: Mar 23, 2022 02:56 PM","Eight earthquakes hit Taiwan, ‘unlikely to trigger tsunamis or other severe secondary disasters’"
"Published: Mar 23, 2022 03:58 PM","Three shots of Sinovac vaccine offer 98% protection against death, severe illness for people aged 60 and above: real world data in HK"
"Published: Mar 23, 2022 05:09 PM",UPDATE: Human tissue from crashed plane found; cockpit voice recorder sent to Beijing for decoding
"Published: Mar 23, 2022 08:12 PM",‘Taiwan is not Japan’s business.’ Chinese FM protests Abe’s call with Tsai Ing-wen
"Published: Mar 23, 2022 08:44 PM","Australia sets up space command against China, a ‘political show risks arms race’"
"Published: Mar 23, 2022 09:07 PM","China, Pakistan share ‘common position’ on Ukraine crisis: ambassador"
"Published: Mar 23, 2022 09:12 PM","Human tissue debris, plane wreckage found from crashed plane MU5735: official"
"Published: Mar 23, 2022 10:25 PM","ZTE’s 5-year US probation ends, offers Chinese firms a lesson to use legal means to fight against US crackdown"
"Published: Mar 23, 2022 10:20 PM",BRICS vaccine R&D center kicks off to boost shots accessibility
"Published: Mar 23, 2022 10:27 PM",Sinopharm kicks off joint-production of COVID-19 vaccine in Myanmar
"Published: Mar 23, 2022 10:58 PM Updated: Mar 23, 2022 10:48 PM","One black box found at crash site, transferred for decoding"
"Published: Mar 23, 2022 10:57 PM Updated: Mar 24, 2022 09:25 AM",Biden’s Brussels trip eyes further sanctions on Russia but EU should regain its strategic autonomy: expert
"Published: Mar 23, 2022 11:09 PM","Jilin reports another 2,848 daily COVID-19 cases"
"Published: Mar 23, 2022 11:26 PM",Customs clearance with the mainland remains priority; nucleic acid testing for all residents continues: Carrie Lam
"Published: Mar 23, 2022 11:45 PM Updated: Mar 25, 2022 10:04 PM",Ukraine crisis instigator: US-led NATO reneges on ‘Not one inch eastward’ promise to compress Russia’s space to the extreme
"Published: Mar 23, 2022 11:42 PM",Beijing to strictly enforce emergency response mechanism for cross-province transportation
"Published: Mar 24, 2022 12:13 PM",Sustaining normal life as important as implementing dynamic zero-case policy: Zhang Wenhong
"Published: Mar 24, 2022 01:23 PM",Rescuers clearing rain-triggered landslide debris at plane crash site
"Published: Mar 24, 2022 01:24 PM",China supports Security Council's role in Ukraine's humanitarian issue
"Published: Mar 24, 2022 01:52 PM","Resolution on humanitarian issues in Ukraine vetoed at the UN, with China, Russia in favor and 13 abstentions"
"Published: Mar 24, 2022 05:31 PM",HK to seek help from TCM experts to help fight against epidemic
"Published: Mar 24, 2022 06:26 PM",US Navy deploys 3 spy ships near China at once ‘in support of submarine warfare’
"Published: Mar 24, 2022 07:32 PM","MU5735 crash updates: 21 belongings of victims, 183 pieces of wreckage, human remains found"
"Published: Mar 24, 2022 09:04 PM",Shanghai registers highest daily tally of asymptomatic cases in Chinese mainland
"Published: Mar 24, 2022 09:36 PM","NATO summit to fan flames of Ukraine crisis, unlikely to reach major concrete consensus: expert"
"Published: Mar 24, 2022 09:49 PM",Late Albright’s views on China reflect contradictory attitudes of US politicians: experts
"Published: Mar 24, 2022 09:46 PM",China's top anti-corruption agency to keep close watch on virtual currency mining
"Published: Mar 24, 2022 10:01 PM","FM refutes NATO secretary general’s misinformation accusation, says groundless suspicions will collapse"
"Published: Mar 24, 2022 10:09 PM","Totally false information that China has 'prior knowledge, acquiescence, or connivance' on Russia's military operation: Ministry of Defense"
"Published: Mar 24, 2022 10:33 PM","More China Eastern Boeing 737 wreckage and remains of victims found, possibility of damage to the stored data of first black box not ruled out"
"Published: Mar 24, 2022 10:39 PM","Chinese FM visits Afghanistan, shows nation's role in easing humanitarian crisis"
"Published: Mar 24, 2022 11:51 PM",GT Investigates: Behind the online translation campaign are a few Chinese-speaking badfaith actors fed by antagonistic Western media
"Published: Mar 25, 2022 01:52 AM",Official in Shandong removed from post over improper behavior
"Published: Mar 25, 2022 10:23 AM Updated: Mar 25, 2022 11:16 AM",Second black box not found yet: Xinhua
"Published: Mar 25, 2022 10:55 AM","NATO needs to reflect on itself, reject Cold War mentality: Chinese Mission to the EU"
"Published: Mar 25, 2022 01:58 PM",Shanghai health authorities send condolences over nurse who died of asthma
"Published: Mar 25, 2022 02:11 PM",Chinese tourism city Huangshan offers tea-picking jobs for unemployed tour guides to 'tide over current difficulties'
"Published: Mar 25, 2022 03:14 PM","Taiwan's DPP sends delegation to Japan after being rejected by IAEA, on mission to defend food imports from nuclear-affected areas: source"
"Published: Mar 25, 2022 03:23 PM",N.Korea's latest test launch showcases capability in developing ICBMs as deterrent to US threat: analyst
"Published: Mar 25, 2022 05:28 PM Updated: Mar 27, 2022 07:56 AM",Xi stresses shared responsibility in regional stability during rare phone call with SK president-elect
"Published: Mar 25, 2022 07:00 PM",Preliminary investigation report to be submitted to ICAO within 30 days after crash: officials 
"Published: Mar 25, 2022 09:36 PM",Chip industry faces foreign capital flight as Taiwan authority ‘plays with fire’
"Published: Mar 25, 2022 09:58 PM",China fires back at NATO’s ill intention on Ukraine crisis amid anniversary of Yugoslavia bombing
"Published: Mar 25, 2022 10:03 PM Updated: Mar 25, 2022 10:18 PM",Lost control of plane could have led to crash: experts
"Published: Mar 25, 2022 10:48 PM","China, India stress managing border dispute, urge Ukraine peace and dialogue during Wang Yi’s visit"
"Published: Mar 25, 2022 11:11 PM",Shanghai sees highest daily increase in asymptomatic cases amid calls for home quarantine
"Published: Mar 26, 2022 03:14 AM","Xi-Johnson talks stress need for cooperation, show China’s mutually trusted communication with Russia, Europe amid Ukraine crisis"
"Published: Mar 26, 2022 07:48 AM",State councilor guides emergency response work for plane crash
"Published: Mar 26, 2022 10:43 AM",Xi talks with British PM over phone
"Published: Mar 26, 2022 10:44 AM",Xi talks with South Korean president-elect over phone
"Published: Mar 26, 2022 02:27 PM",US Embassy in China promotes Nazi-whitewashing Ukrainian organization
"Published: Mar 26, 2022 02:52 PM Updated: Mar 26, 2022 11:26 PM",Shanghai can't be locked down; nucleic acid and antigen self-testing an exploration for the city: official
"Published: Mar 26, 2022 04:30 PM Updated: Mar 27, 2022 07:54 AM",China and India should put border issues at a proper position in bilateral ties: Chinese Foreign Minister
"Published: Mar 26, 2022 04:59 PM",No signs of life near the crash site after repeated search: CCTV
"Published: Mar 26, 2022 06:51 PM","No survivors found, black box yet to be recovered, says search team on China Eastern crash"
"Published: Mar 26, 2022 10:15 PM Updated: Mar 27, 2022 12:38 PM",All 132 on board crashed MU5735 confirmed dead: official
"Published: Mar 27, 2022 10:54 AM Updated: Mar 27, 2022 02:32 PM",Second data recorder of crashed Boeing 737-800 plane is found
"Published: Mar 27, 2022 11:29 AM",China opposes any attempt to undermine Nepal's sovereignty and engage in geopolitical games in the country: FM Wang Yi
"Published: Mar 27, 2022 11:36 AM","China’s internet watchdog urges platforms to clean rumors, false messages about crashed MU5735"
"Published: Mar 27, 2022 02:22 PM Updated: Mar 27, 2022 02:34 PM",China holds event to mourn plane crash victims
"Published: Mar 27, 2022 04:59 PM",China's Tianzhou-2 cargo craft leaves space station core module
"Published: Mar 27, 2022 05:16 PM",The exterior of data storage unit of the second black box from crashed flight MU5735 remains intact: official
"Published: Mar 27, 2022 05:51 PM","China determines over 40 elements in Chang’e-5 lunar samples, ‘significant for Moon formation studies’"
"Published: Mar 27, 2022 07:42 PM",US practices new war concepts with 100+ drills near China: think tank report
"Published: Mar 27, 2022 08:13 PM",HK needs comprehensive review on public health crisis response: Lam
"Published: Mar 27, 2022 09:13 PM Updated: Mar 27, 2022 10:33 PM",Biden makes US tensions with Russia ‘personal’; calling for ‘regime change’ in a nuclear power dangerous: expert
"Published: Mar 27, 2022 09:56 PM",Instability brewer: Behind every war and turmoil in the world is shadow of the Star-Spangled Banner
"Published: Mar 27, 2022 10:13 PM","Chinese people mourn crash victims, hope two black boxes provide more clues to cause of tragedy"
"Published: Mar 27, 2022 10:21 PM","Morrison declines to meet new Chinese envoy, continues anti-China rhetoric to boost re-election bid"
"Published: Mar 27, 2022 10:22 PM","More than 14m residents complete ‘rapid, convenient’ antigen self-testing, more to come"
"Published: Mar 27, 2022 10:59 PM",Japan PM’s talk with US envoy in Hiroshima on Russian nuclear threat mocked for insulting A-bomb victims
"Published: Mar 27, 2022 10:42 PM",China Eastern starts compensation process for crashed MU5735
"Published: Mar 27, 2022 11:44 PM","Chinese FM Wang Yi visits Nepal, last stop of whirlwind tour to neighbors in Asia"
