﻿"Published: Jan 22, 2020 09:15 PM Updated: Jul 18, 2022 09:00 AM",Real-time update on coronavirus outbreak
"Published: Jul 06, 2022 11:54 PM Updated: Jul 13, 2022 08:54 PM",Indentured by hegemony - US builds slavery empire by exploiting other countries
"Published: Jul 12, 2022 09:48 PM Updated: Jul 12, 2022 11:55 PM",Iran to obtain full SCO membership in 2023: embassy
"Published: Jul 13, 2022 12:28 AM","Abe leaves ‘complex legacy’ to China-Japan relations, Chinese public opinions reasonable; objective evaluation becomes world’s mainstream when initial shock ebbs away"
"Published: Jul 13, 2022 12:35 AM",Writers of UK think tank's reports on Xinjiang revealed as related to terrorist groups: regional spokesperson
"Published: Jul 13, 2022 12:51 AM","Chinese local govts redress too strict anti-epidemic policies amid central govt, public supervision"
"Published: Jul 13, 2022 01:05 AM Updated: Jul 13, 2022 01:00 AM",Xi urges young people across Taiwan Straits to strive for national rejuvenation
"Published: Jul 13, 2022 01:11 AM",Average life expectancy in China rises to 78.2 years in 2021
"Published: Jul 13, 2022 11:21 AM",Full text of Xi Jinping's letter to young people from Taiwan attending the Straits Youth Forum
"Published: Jul 13, 2022 11:51 AM Updated: Jul 13, 2022 08:11 PM","PLA releases photos of warning away trespassing US warship, shows confidence in tackling navigational hegemony"
"Published: Jul 13, 2022 02:07 PM",143 new COVID cases reported: NW China’s Lanzhou enters a 7-day lockdown
"Published: Jul 13, 2022 05:19 PM Updated: Jul 13, 2022 10:45 PM","At least one dead, two dozen hospitalized amid record-breaking heat in southern China"
"Published: Jul 13, 2022 07:19 PM",Embassy reminds Chinese citizens in Cambodia to stay away from online gambling syndicates
"Published: Jul 13, 2022 08:21 PM",China set to launch Wentian lab module in July: developer
"Published: Jul 13, 2022 08:53 PM","China urges US to respect China’s sovereignty, interests on S.China Sea matter"
"Published: Jul 13, 2022 09:39 PM",Japan warned for strengthening ties with Taiwan secessionists in post-Abe era as Tokyo to send lawmakers to island
"Published: Jul 13, 2022 09:46 PM",Biden’s Mideast trip would find ‘dilemma between confronting Iran and sanctioning Russia’
"Published: Jul 13, 2022 10:20 PM Updated: Jul 14, 2022 12:36 AM",China H1 trade posts resilient growth of 9.4% as economy bounces from Omicron shock
"Published: Jul 13, 2022 10:16 PM",Several Chinese cities temporarily seal off residential compounds amid COVID flare-ups
"Published: Jul 13, 2022 10:17 PM","China and Nicaragua sign free trade agreement, building a government level cooperation mechanism"
"Published: Jul 13, 2022 11:51 PM",Do you wanna visit China again? Chinese netizens launch search campaign for a foreigner who lost photos in Beijing Summer Olympic Games visit
"Published: Jul 13, 2022 11:57 PM","China, S Korea make ‘positive progress’ in talks for 2nd phase FTA despite ‘disturbing factors’"
"Published: Jul 14, 2022 12:35 AM",US rushes sudden interest in PICs in unpopular push to counter China
"Published: Jul 14, 2022 03:12 AM Updated: Jul 13, 2022 07:04 PM","More policies to come to facilitate convenient life in the mainland for HK, Macao SAR residents: Ministry of Public Security"
"Published: Jul 14, 2022 03:44 AM",Chinese premier stresses equal rights of employment for recovered COVID-19 patients
"Published: Jul 14, 2022 10:53 AM",S.China’s Zhuhai refutes lockdown rumor after kindergarten cluster infection
"Published: Jul 14, 2022 11:59 AM Updated: Jul 14, 2022 11:52 AM",N.China Hebei's 100-day campaign targeting illegal behaviors arrests 693 suspects and criminals
"Published: Jul 14, 2022 06:40 PM",US ‘escalates provocation’ in South China Sea with carrier operation
"Published: Jul 14, 2022 06:51 PM",China urges Japan to attend to concern of various parties over nuclear-contaminated water dump after Pacific FMs declaration
"Published: Jul 14, 2022 07:39 PM","China, Greece should enhance ties in all areas to excellent level of political bond: senior Greek diplomat"
"Published: Jul 14, 2022 07:41 PM",Close cooperation between China and Greece under the BRI
"Published: Jul 14, 2022 07:53 PM Updated: Jul 14, 2022 09:55 PM",China-UK ties ‘might improve’ with arrival of new PM
"Published: Jul 14, 2022 09:04 PM","China, CELAC to deepen cooperation on poverty reeducation in fresh sign of growing ties"
"Published: Jul 14, 2022 09:10 PM","CoronaVac approved in Brazil for children aged 3-5, effective in reducing disease, death from Omicron: company"
"Published: Jul 14, 2022 09:38 PM",Latest Omicron-fueled Lanzhou flare-up shows upward trend with transmission detected in communities
"Published: Jul 14, 2022 09:53 PM",Sporadic COVID-19 resurgences in China will not stop economic recovery: expert
"Published: Jul 14, 2022 09:57 PM","EU’s new sanctions against Russia ‘largely symbolic,’ reflects US’ declining leadership"
"Published: Jul 14, 2022 11:02 PM Updated: Jul 15, 2022 12:04 AM","Scorching heatwaves roast China with 900m affected, to persist into August, as authorities, industries brace for intense heat"
"Published: Jul 14, 2022 10:53 PM","Abe’s death exposes long-neglected collusion between politicians and Unification Church in Japan, South Korea"
"Published: Jul 14, 2022 11:06 PM",Shanghai revokes bar's business license after violation of anti-epidemic regulations
"Published: Jul 14, 2022 11:11 PM",PLA’s attack helicopters start routine border patrols in high-altitude Karakoram
"Published: Jul 14, 2022 11:26 PM","South Pacific to be an arena for cooperation, not vicious competition: Chinese FM"
"Published: Jul 15, 2022 12:02 AM",Chinese regulator vows guidance to help address mortgage default risks; ‘tougher regulation urged to clog loophole’
"Published: Jul 15, 2022 12:12 AM",More Chinese volunteers take actions to bring back clearer water and fresh air to Xizang
"Published: Jul 15, 2022 12:21 AM","Xi inspects Urumqi in China's Xinjiang, second visit in eight years"
"Published: Jul 15, 2022 12:55 AM",Exclusive: Japanese journalist returns to a different China after seven years
"Published: Jul 15, 2022 02:00 AM",Assumption of Kiribati’s exit from Pacific Islands Forum a decision coerced by China untrue: Kiribati Secretary of FM
"Published: Jul 15, 2022 09:29 AM","Xi stresses making Xinjiang Production and Construction Corps stronger, more prosperous"
"Published: Jul 15, 2022 02:11 PM","Four seafood samples test positive for cholera virus in Wuhan, unrelated to the previous case"
"Published: Jul 15, 2022 07:33 PM","Xi stresses implementing Party's policies on Xinjiang, highlights stability, security"
"Published: Jul 15, 2022 08:11 PM","Stop abusing China’s restraint on warplane provocations, Chinese FM tells US, Canada & Australia"
"Published: Jul 15, 2022 09:53 PM","US House hypes ‘China threat’ to boost military budget, shows sense of insecurity amid economic woes"
"Published: Jul 15, 2022 10:32 PM Updated: Jul 16, 2022 01:09 AM","China’s H1 GDP up 2.5%, Q2 positive growth in hard-won outcome as nation braves headwinds"
"Published: Jul 15, 2022 10:35 PM","Biden visits Saudi Arabia to woo oil and geopolitical support, but may bring back lower approval rate"
"Published: Jul 15, 2022 11:08 PM",SCO receives application from Belarus; its enlargement ‘essentially different’ from NATO expansion
"Published: Jul 16, 2022 01:05 AM","Xinjiang no longer a remote corner, but a core area, hub in BRI: Xi"
"Published: Jul 16, 2022 01:05 AM","Anhui county in E.China in closed management as 151 positive results discovered in one day; domestic vaccines, drugs send good news"
"Published: Jul 16, 2022 01:38 AM",Dior in controversy again in China over suspicion to copycat traditional Chinese design in Fall 2022 Collection
"Published: Jul 16, 2022 09:43 AM","China urges US, West to stop interfering in Middle East"
"Published: Jul 16, 2022 01:20 PM","China finishes construction of Haiji One, Asia’s first 300-meter deep-water jacket"
"Published: Jul 16, 2022 02:16 PM","China's national carbon market records 194m tons trading volume in one year, making it world's largest"
"Published: Jul 16, 2022 05:22 PM","National Theatre denies ‘tailor-made recruitment’ upon investigation, after admission of young celebrities sparks backlash"
"Published: Jul 16, 2022 05:43 PM Updated: Jul 16, 2022 10:37 PM",Biden admin’s 5th arms sale to Taiwan slammed for double dealing
"Published: Jul 16, 2022 05:52 PM","US warship’s consecutive trespasses into Nansha, Xisha islands ‘exposes own anxiety’"
"Published: Jul 16, 2022 10:09 PM Updated: Jul 16, 2022 10:37 PM",Exclusive: Sri Lanka’s ambassador urges his country’s largest creditors Asian Development Bank and World Bank to take bigger role in debt restructure
"Published: Jul 16, 2022 10:30 PM Updated: Jul 16, 2022 11:00 PM","Shanghai identifies 23,000 close contacts related to infections spread in a karaoke"
"Published: Jul 16, 2022 10:36 PM","Team China bags another gold at 2022 International Maths Olympiad, with all six competitors recording perfect score"
"Published: Jul 16, 2022 11:57 PM","Latest COVID-19 playbook revision ‘an optimization, not a relaxation,’ still valid in combating latest variants: top health experts"
"Published: Jul 17, 2022 10:55 AM",China's Wang Jianan wins men's long jump gold at World Athletics Championships
"Published: Jul 17, 2022 11:42 AM","Specialized rescue, maritime management stationed in China's Nansha Islands & reefs"
"Published: Jul 17, 2022 11:57 AM",A Special Friendship
"Published: Jul 17, 2022 02:14 PM",South Korean newspaper Joongang Ilbo apologizes and reiterates its adherence to One-China principle
"Published: Jul 17, 2022 03:58 PM","Chinese young star gives up position at national theatre, denies taking shortcuts"
"Published: Jul 17, 2022 04:09 PM",Xi Jinping's inspection tour of Xinjiang
"Published: Jul 17, 2022 05:51 PM",Patriotic Education Center launched in Hong Kong as youth education tops agenda of SAR govt 
"Published: Jul 17, 2022 08:30 PM",US ramps up military provocations despite calls to set 'guardrails' in high-level meeting
"Published: Jul 17, 2022 08:36 PM","China’s daily COVID-19 tally nears 600, highest in July"
"Published: Jul 17, 2022 09:04 PM Updated: Jul 18, 2022 12:04 PM",Biden’s Middle East visit ‘empty- handed’ despite U-turn in stance
"Published: Jul 17, 2022 08:51 PM","Heavy rains, floods in Western China leave at least 12 dead, 12 missing "
"Published: Jul 17, 2022 09:38 PM",S.Korean FM kicks off 'ice-breaking' visit to Japan amid souring public sentiments
"Published: Jul 17, 2022 10:03 PM Updated: Jul 18, 2022 12:07 PM",Why Western predictions on China were mostly wrong in past decade
"Published: Jul 17, 2022 10:00 PM","China, European countries engulfed in record extreme heat"
"Published: Jul 17, 2022 10:29 PM",US Ambassador nominee's claim that Nepal grants MCC amid 'China's disinformation campaign' baseless and offensive: Chinese embassy
"Published: Jul 17, 2022 10:45 PM","100 million year-old dinosaur footprints discovered at a restaurant in Leshan, SW China’s Sichuan"
"Published: Jul 17, 2022 11:04 PM",Historical relics in Xinjiang Museum show cultural exchanges and integration process since ancient times
"Published: Jul 18, 2022 12:00 AM","China and India hold commander-level talks, marking a positive trend in relations despite remaining differences: observer"
"Published: Jul 18, 2022 12:23 AM","More than 450 infections reported over 5 days in tourist resort in S. China’s Guangxi, leaving over 2,000 stranded"
"Published: Jul 18, 2022 11:46 AM",Sri Lanka to maintain excellent ties with China regardless of change in govt: Ambassador to China
"Published: Jul 18, 2022 11:55 AM",China prepares to launch Wentian lab module
"Published: Jul 18, 2022 12:05 PM",District govt in S.China's Guangzhou apologizes for unlocking 84 houses of residents under collective quarantine
"Published: Jul 18, 2022 01:35 PM",China is a partner who brings cooperation with Europe: Hungarian FM Peter Szijjarto
"Published: Jul 18, 2022 02:45 PM Updated: Jul 18, 2022 02:42 PM",SW China’s Chengdu hit by faster spreading Omicron variant BA.2.12.1
"Published: Jul 18, 2022 03:30 PM",Anyone who dares to assume anti-China stance and instigate riots in SARs will be severely punished: top official on Hong Kong affairs
"Published: Jul 18, 2022 07:22 PM","NW China’s Lanzhou detects 87 positive cases amid sixth mass screening; 9,383 residents under quarantine"
"Published: Jul 18, 2022 08:10 PM",Overthrowing foreign governments deep in bones of how US conducts its foreign policy: Chinese FM
"Published: Jul 18, 2022 08:29 PM",China’s legal supervision development in procuratorial organs in the past decade
"Published: Jul 18, 2022 09:12 PM","Inbound flight crew member tests positive for COVID-19, cutting record of Beijing reporting zero new cases in seven days"
"Published: Jul 18, 2022 09:54 PM","First lab module for China Space Station rolled out to launch pad, expected to be launched soon"
"Published: Jul 18, 2022 10:08 PM",Vacation destination Beihai strives to answer requests of stranded tourists due to sudden COVID flare-up
"Published: Jul 18, 2022 10:21 PM",CPC’s innovative strategies determine China’s tech achievements in past decade
"Published: Jul 18, 2022 10:44 PM Updated: Jul 18, 2022 11:15 PM","Xinjiang shows strong vitality, defying US' smear, crackdown"
"Published: Jul 18, 2022 10:33 PM",CPC-led scientific innovation breaks foreign tech blockade to make strides in ‘artificial sun’ research
"Published: Jul 18, 2022 10:44 PM Updated: Jul 18, 2022 11:14 PM","Trump’s defense chief visits Taiwan for further arms lobbying, with prospect of fat ‘welcoming fees’"
"Published: Jul 18, 2022 11:11 PM","China reaffirms determination to wipe out mafia gangsters, protectors"
"Published: Jul 18, 2022 11:09 PM","Human rights abuses by US, allies persistent, systematic: FM spokesperson"
"Published: Jul 19, 2022 12:07 AM",Rare large 'red mountain' discovered in Hoh Xil
"Published: Jul 19, 2022 12:10 AM",Profiting from children and adult content involving minors among main targets of China's cyberspace regulator’s summer campaign
"Published: Jul 19, 2022 12:19 AM",EU’s sanctions against Russia less effective; EU may not impose more
"Published: Jul 19, 2022 01:09 AM",Failed law enforcement ‘tip of iceberg’ amid deep social woes
"Published: Jul 19, 2022 01:39 AM","China, India agree at latest commander-level meeting to work out mutually acceptable resolution of remaining border issues at the earliest"
