﻿"Published: Jul 22, 2022 10:02 PM",Deal on Ukraine's grain exports to be signed to resolve food crisis
"Published: Jul 23, 2022 01:01 AM",Russia imposes restrictions on diplomatic missions of 5 European countries
"Published: Jul 23, 2022 08:46 PM",Deal to resume grain exports signed in Istanbul
"Published: Jul 23, 2022 10:21 PM Updated: Jul 24, 2022 02:03 PM",COVID-19 prevention shows China capable of containing monkeypox as WHO declares it a global health emergency: expert
"Published: Jul 23, 2022 11:06 PM",White House announces 270-mln-USD security assistance to Ukraine
"Published: Jul 24, 2022 08:27 PM",Turf wars stall Ireland’s green agenda amid global climate crisis
"Published: Jul 24, 2022 08:32 PM",Rhino orphans get new South African home
"Published: Jul 24, 2022 08:36 PM",Thousands join Budapest Pride march despite sweltering heat
"Published: Jul 24, 2022 08:38 PM",Three killed in clash over DR Congo gold mine
"Published: Jul 24, 2022 08:40 PM",Hundreds of people evacuated in Greece as wildfires continue
"Published: Jul 24, 2022 08:42 PM",Blame game as Dover port tries to clear traffic logjam
"Published: Jul 24, 2022 08:49 PM",Iraq and Kurdistan region choose ‘dialogue’ to ease oil dispute 
"Published: Jul 24, 2022 08:53 PM",Sunak labels himself ‘underdog’
"Published: Jul 24, 2022 08:54 PM",Biden’s symptoms ‘continue to improve’
"Published: Jul 24, 2022 08:57 PM","Two Palestinians killed in Israeli West Bank raid, both sides report"
"Published: Jul 25, 2022 08:16 PM",US Capitol attack probe to push forward with new witnesses
"Published: Jul 25, 2022 08:18 PM",Egypt court calls for execution broadcast
"Published: Jul 25, 2022 08:21 PM","Indonesia foot-and-mouth outbreak prompts NZ, Australia restrictions"
"Published: Jul 25, 2022 08:41 PM",Russian FM Lavrov visits Egypt
"Published: Jul 25, 2022 08:46 PM",Murmu sworn in as India’s first tribal president 
"Published: Jul 25, 2022 08:57 PM",Bavarian Nordic monkeypox vaccine wins European Union approval
"Published: Jul 25, 2022 09:02 PM",EU unions call for work temperature caps 
"Published: Jul 25, 2022 09:04 PM",17 dead after boat carrying Haitian migrants capsizes
"Published: Jul 25, 2022 09:05 PM",Marauding monkeys injure 42 in Japanese city
"Published: Jul 25, 2022 09:08 PM",Why shark encounters are increasing along the US East Coast in recent past 
"Published: Jul 26, 2022 07:45 AM",Ukraine plans to start grain exports via seaports this week
"Published: Jul 26, 2022 07:45 AM",Ukrainian president appoints new commander of special operations forces
"Published: Jul 26, 2022 08:47 PM",Iraqi Kurd farmers battle drought
"Published: Jul 26, 2022 08:59 PM",Australian scientists begin to shine light into invisible dark matter
"Published: Jul 26, 2022 09:02 PM",Biden lashes Trump over Jan 6
"Published: Jul 26, 2022 09:03 PM",Israeli army razes homes of Jewish settler killers
"Published: Jul 26, 2022 09:05 PM",Japan carries out death sentence for 2008 Akihabara mass murderer
"Published: Jul 26, 2022 09:08 PM",UK scientists report hepatitis breakthrough 
"Published: Jul 26, 2022 09:09 PM","About 1,700 people in France infected with monkeypox"
"Published: Jul 26, 2022 09:12 PM",Firefighters start to contain raging California wildfire
"Published: Jul 26, 2022 09:14 PM",Scientists defend single species theory for Tyrannosaurus rex 
"Published: Jul 26, 2022 09:15 PM",Pope to hold mass in west Canada day after apology
"Published: Jul 26, 2022 09:16 PM",Croatia opens 2.4-km bridge around Bosnia to reach Dubrovnik
"Published: Jul 27, 2022 08:26 AM",Ukraine to get 1.6 bln euros from European Investment Bank: PM
"Published: Jul 27, 2022 10:21 AM","“My Dream is to Travel All Over China” Interview with Balumuene Nkuna F., Ambassador of the Democratic Republic of the Congo (DRC) to China"
"Published: Jul 27, 2022 04:51 PM",NASA Mars rover lately discovers mystery object
"Published: Jul 27, 2022 05:58 PM","Africa Will Play a Bigger Role in Russia's Foreign Policy, Lavrov Tells Sputnik"
"Published: Jul 27, 2022 06:00 PM",Russian Space Station to Replace ISS Will Be Built No Earlier Than 2028
"Published: Jul 27, 2022 09:11 PM",Japan’s baby hatch hospital offers mothers ‘last resort’
"Published: Jul 27, 2022 09:18 PM",Trump hints at 2024 rerun
"Published: Jul 27, 2022 09:21 PM",Half of adult Aussies have recently had COVID-19
"Published: Jul 27, 2022 09:23 PM","1 UN military peacekeeper, 2 police personnel killed in DR Congo"
"Published: Jul 27, 2022 09:28 PM",Powerful quake hits Philippines
"Published: Jul 27, 2022 09:30 PM",PM hopeful Sunak pitches UK energy 
"Published: Jul 27, 2022 09:33 PM",Lufthansa ground staff start walkout in Germany in pay dispute
"Published: Jul 27, 2022 09:37 PM",NYC asks WHO to rename monkeypox
"Published: Jul 27, 2022 09:40 PM",Twitter shareholders to vote on Musk purchase on Sep 13
"Published: Jul 27, 2022 09:41 PM","Marauding primate caught, killed after dozens injured"
"Published: Jul 28, 2022 07:12 AM",US Fed raises rates by another three-quarter point amid persistent inflation
"Published: Jul 28, 2022 09:13 PM","James Lovelock, creator of Gaia theory, dies on 103rd birthday"
"Published: Jul 28, 2022 09:16 PM",British sea levels rising quicker than a century ago: annual study
"Published: Jul 28, 2022 09:19 PM",Alarms sound as Earth hits ‘Overshoot Day’
"Published: Jul 28, 2022 09:21 PM","Long-lasting loss of smell, taste in 5% of COVID-19 cases: study"
"Published: Jul 28, 2022 09:23 PM",NASA details plans to bring back Mars rock samples
"Published: Jul 28, 2022 09:26 PM",Aftershocks shake N.Philippines
"Published: Jul 28, 2022 09:27 PM",Pope hears horrors of indigenous schools
"Published: Jul 28, 2022 09:29 PM","At least 42 dead in India after drinking toxic alcohol, nearly 100 hospitalized"
"Published: Jul 28, 2022 09:52 PM",2 ex-cops sentenced in Floyd case
"Published: Jul 28, 2022 09:54 PM","Iran welcomes ‘diplomacy’ to revive nuclear deal, says FM"
"Published: Jul 28, 2022 09:55 PM",Dozens of bodies found in northern Syria mass grave: local officials
"Published: Jul 30, 2022 12:39 AM",Ukraine's GDP to drop 33.4 pct in 2022: central bank
"Published: Jul 30, 2022 11:27 PM","Lavrov, Blinken discuss situation in Ukraine over phone"
"Published: Jul 31, 2022 08:40 PM",Mountain melt shutters classic Alpine routes amid heat waves
"Published: Jul 31, 2022 08:42 PM","After starting New Mexico fire, US asks victims to pay"
"Published: Jul 31, 2022 08:46 PM",Australian PM says Indigenous voice details to follow referendum
"Published: Jul 31, 2022 08:48 PM",Ex-Tokyo 2020 organizer defends payments
"Published: Jul 31, 2022 08:49 PM",US lottery player in Illinois wins massive jackpot topping $1.3 billion
"Published: Jul 31, 2022 08:52 PM","India’s daily caseload falls below 20,000"
"Published: Jul 31, 2022 08:54 PM",Weeklong Iran flooding leaves 
"Published: Jul 31, 2022 08:55 PM",Thousands of children displaced in eastern DR Congo
"Published: Jul 31, 2022 08:57 PM",Biden tests positive for COVID again
"Published: Jul 31, 2022 08:58 PM",UNAMI and Arab League call for end 
"Published: Jul 31, 2022 08:59 PM",Prince Charles’ charity accepted donation from Bin Laden family in 2013: report
"Published: Aug 01, 2022 08:36 PM",Kentucky flood death toll hits 28 with more bodies expected
"Published: Aug 01, 2022 08:37 PM",Tunisia library races to preserve rich polyglot press archives
"Published: Aug 01, 2022 08:41 PM","Portugal, France battle major forest fires"
"Published: Aug 01, 2022 08:43 PM",Aussie Aboriginal MP blasts ‘colonizing’ queen in oath of office
"Published: Aug 01, 2022 08:44 PM",Education a must for poor children in Mexico: expert
"Published: Aug 01, 2022 08:48 PM",S.Koreans protest early school age
"Published: Aug 01, 2022 08:50 PM",Mali blasts Macron over ‘neocolonial’ attitude 
"Published: Aug 01, 2022 08:51 PM",8 security personnel killed in central Nigeria ambush: spokesperson
"Published: Aug 01, 2022 09:01 PM",1st ship with grain leaves Ukraine’s Black Sea port
"Published: Aug 01, 2022 09:02 PM",Voting begins in UK PM contest
"Published: Aug 01, 2022 09:05 PM",‘Saddened and dismayed’ UN chief outraged after peacekeepers kill 2 in DRC
"Published: Aug 01, 2022 09:08 PM","Young Ghanaian Much in Favor of China -- Interview with Dr Winfred Nii Okai Hammond, Ambassador of Ghana to China"
"Published: Aug 01, 2022 11:34 PM",Ukraine gets 500-mln-euro financial aid from EU: PM
"Published: Aug 02, 2022 08:06 AM",Biden says US killed al-Qaeda leader al-Zawahiri in drone strike
"Published: Aug 02, 2022 08:20 AM",UN chief welcomes 1st sailing of vessel from Ukraine's Odesa under grain export deal
"Published: Aug 02, 2022 08:23 PM",2 dead in California’s largest wildfire of 2022
"Published: Aug 02, 2022 08:26 PM",VR helps separate conjoined twins
"Published: Aug 02, 2022 08:30 PM",Land iguanas born again on island in Galapagos
"Published: Aug 02, 2022 08:40 PM","Israel limits cash payments to fight financial crimes, tax evasion"
"Published: Aug 02, 2022 08:53 PM","France, parts of England hit by driest July"
"Published: Aug 02, 2022 08:55 PM",Madagascar massacre village deserted after bandits killed dozens
"Published: Aug 02, 2022 08:57 PM",Somalia to create breastfeeding-friendly environments
"Published: Aug 02, 2022 09:11 PM",Capitol rioter gets 7 years in jail
"Published: Aug 02, 2022 09:13 PM",Iraqi PM calls for national dialogue to settle deadlock
"Published: Aug 02, 2022 09:15 PM",British PM hopeful Truss sparks anger with jibe at Scottish leader
