﻿"Published: Jul 28, 2022 09:52 PM",2 ex-cops sentenced in Floyd case
"Published: Jul 28, 2022 09:54 PM","Iran welcomes ‘diplomacy’ to revive nuclear deal, says FM"
"Published: Jul 28, 2022 09:55 PM",Dozens of bodies found in northern Syria mass grave: local officials
"Published: Jul 30, 2022 12:39 AM",Ukraine's GDP to drop 33.4 pct in 2022: central bank
"Published: Jul 30, 2022 11:27 PM","Lavrov, Blinken discuss situation in Ukraine over phone"
"Published: Jul 31, 2022 08:40 PM",Mountain melt shutters classic Alpine routes amid heat waves
"Published: Jul 31, 2022 08:42 PM","After starting New Mexico fire, US asks victims to pay"
"Published: Jul 31, 2022 08:46 PM",Australian PM says Indigenous voice details to follow referendum
"Published: Jul 31, 2022 08:48 PM",Ex-Tokyo 2020 organizer defends payments
"Published: Jul 31, 2022 08:49 PM",US lottery player in Illinois wins massive jackpot topping $1.3 billion
"Published: Jul 31, 2022 08:52 PM","India’s daily caseload falls below 20,000"
"Published: Jul 31, 2022 08:54 PM",Weeklong Iran flooding leaves 
"Published: Jul 31, 2022 08:55 PM",Thousands of children displaced in eastern DR Congo
"Published: Jul 31, 2022 08:57 PM",Biden tests positive for COVID again
"Published: Jul 31, 2022 08:58 PM",UNAMI and Arab League call for end 
"Published: Jul 31, 2022 08:59 PM",Prince Charles’ charity accepted donation from Bin Laden family in 2013: report
"Published: Aug 01, 2022 08:36 PM",Kentucky flood death toll hits 28 with more bodies expected
"Published: Aug 01, 2022 08:37 PM",Tunisia library races to preserve rich polyglot press archives
"Published: Aug 01, 2022 08:41 PM","Portugal, France battle major forest fires"
"Published: Aug 01, 2022 08:43 PM",Aussie Aboriginal MP blasts ‘colonizing’ queen in oath of office
"Published: Aug 01, 2022 08:44 PM",Education a must for poor children in Mexico: expert
"Published: Aug 01, 2022 08:48 PM",S.Koreans protest early school age
"Published: Aug 01, 2022 08:50 PM",Mali blasts Macron over ‘neocolonial’ attitude 
"Published: Aug 01, 2022 08:51 PM",8 security personnel killed in central Nigeria ambush: spokesperson
"Published: Aug 01, 2022 09:01 PM",1st ship with grain leaves Ukraine’s Black Sea port
"Published: Aug 01, 2022 09:02 PM",Voting begins in UK PM contest
"Published: Aug 01, 2022 09:05 PM",‘Saddened and dismayed’ UN chief outraged after peacekeepers kill 2 in DRC
"Published: Aug 01, 2022 09:08 PM","Young Ghanaian Much in Favor of China -- Interview with Dr Winfred Nii Okai Hammond, Ambassador of Ghana to China"
"Published: Aug 01, 2022 11:34 PM",Ukraine gets 500-mln-euro financial aid from EU: PM
"Published: Aug 02, 2022 08:06 AM",Biden says US killed al-Qaeda leader al-Zawahiri in drone strike
"Published: Aug 02, 2022 08:20 AM",UN chief welcomes 1st sailing of vessel from Ukraine's Odesa under grain export deal
"Published: Aug 02, 2022 08:23 PM",2 dead in California’s largest wildfire of 2022
"Published: Aug 02, 2022 08:26 PM",VR helps separate conjoined twins
"Published: Aug 02, 2022 08:30 PM",Land iguanas born again on island in Galapagos
"Published: Aug 02, 2022 08:40 PM","Israel limits cash payments to fight financial crimes, tax evasion"
"Published: Aug 02, 2022 08:53 PM","France, parts of England hit by driest July"
"Published: Aug 02, 2022 08:55 PM",Madagascar massacre village deserted after bandits killed dozens
"Published: Aug 02, 2022 08:57 PM",Somalia to create breastfeeding-friendly environments
"Published: Aug 02, 2022 09:11 PM",Capitol rioter gets 7 years in jail
"Published: Aug 02, 2022 09:13 PM",Iraqi PM calls for national dialogue to settle deadlock
"Published: Aug 02, 2022 09:15 PM",British PM hopeful Truss sparks anger with jibe at Scottish leader
"Published: Aug 03, 2022 07:13 PM",An eye on the ugly face of the US Justice System
"Published: Aug 03, 2022 07:39 PM","Russia and Cambodia eyeing switching to national currencies in mutual settlements, Ambassador says"
"Published: Aug 03, 2022 07:43 PM","Thailand eagerly awaits Putin's participation in APEC summit in November, envoy says"
"Published: Aug 03, 2022 08:59 PM",Dutch farmer protests reap populist support
"Published: Aug 03, 2022 09:30 PM",World health experts vow to end AIDS
"Published: Aug 03, 2022 09:36 PM",Young noses better at blocking COVID-19 variants: researchers
"Published: Aug 03, 2022 09:38 PM",Novelist Stephen King star witness in anti-trust trial
"Published: Aug 03, 2022 09:42 PM",NZ industries face lack of workers
"Published: Aug 03, 2022 09:43 PM",At least 112 women hospitalized after gas leak in India apparel manufacturing plant
"Published: Aug 03, 2022 09:46 PM",Lawyers decry prison’s ban on ‘menacing’ spectacles
"Published: Aug 03, 2022 09:56 PM",Kansas voters back abortion rights
"Published: Aug 03, 2022 09:59 PM",Cambodian PM proposes special office to oversee RCEP
"Published: Aug 03, 2022 10:00 PM",DR Congo to reassess withdrawal of UN mission amid violent protests
"Published: Aug 04, 2022 09:41 PM",Deja vu as volcano erupts again near Iceland capital
"Published: Aug 04, 2022 09:42 PM",Survey shows Australians overwhelmingly trust in science
"Published: Aug 04, 2022 10:18 PM",Spark of hope at Great Barrier Reef
"Published: Aug 04, 2022 10:22 PM",Canadian company seeks Chief Candy Officer
"Published: Aug 04, 2022 10:24 PM",Large fire breaks out in Berlin forest after blast in munitions store
"Published: Aug 04, 2022 10:36 PM","Heavy rain hits north Japan, 200,000 urged to evacuate"
"Published: Aug 04, 2022 10:38 PM",10 Mexican workers remain trapped in coal mine after 3 rescued
"Published: Aug 04, 2022 10:45 PM",Euro court refuses to hear life-support case
"Published: Aug 04, 2022 10:49 PM",Texas jury begins deliberation in Alex Jones defamation case
"Published: Aug 04, 2022 10:50 PM",Liz Truss gains further heavyweight endorsement
"Published: Aug 04, 2022 10:51 PM","India’s daily COVID-19 caseload inches to 20,000 mark, with 53 related deaths"
"Published: Aug 06, 2022 10:12 PM",US must follow the Five NOs
"Published: Aug 07, 2022 09:22 PM",Scientists race to reveal melting glaciers' secrets
"Published: Aug 07, 2022 09:23 PM",Tons of fruit stranded in European Union-S.Africa battle of oranges
"Published: Aug 07, 2022 09:28 PM",Musk-Twitter buyout battle escalates
"Published: Aug 07, 2022 09:29 PM",Thai nightclub owner detained
"Published: Aug 07, 2022 09:31 PM",France to give vitamins to beluga stranded in the Seine
"Published: Aug 07, 2022 10:02 PM",'Decisive day' for trapped miners
"Published: Aug 07, 2022 10:05 PM",Brazil arrests five more in Amazon double murder
"Published: Aug 07, 2022 10:07 PM",US police say killings of four Muslim men in New Mexico may be linked
"Published: Aug 07, 2022 10:13 PM",Israel agrees on Egyptian-proposed cease-fire: media
"Published: Aug 07, 2022 10:42 PM",Leftist Petro takes office in Colombia amid challenges
"Published: Aug 07, 2022 10:58 PM",Senators advance Biden's $430 billion bill
"Published: Aug 08, 2022 05:51 PM",Giant tortoise on track halts trains in England
"Published: Aug 08, 2022 07:55 PM",Spain rethinks water use amid historic drought
"Published: Aug 08, 2022 07:56 PM","Seeking water, Brazilian indigenous group finds new home"
"Published: Aug 08, 2022 09:18 PM","COVID crisis shows China as a reliable ally, refuting Western mistrust narrative: Dominica Republic politician"
"Published: Aug 08, 2022 09:24 PM",Political will of the LAC region is safeguarding cooperation with China: Suriname envoy
"Published: Aug 08, 2022 10:57 PM",N.Mexico police seek public's help
"Published: Aug 08, 2022 10:58 PM",Research shows low mRNA vaccine risk for teens
"Published: Aug 08, 2022 11:00 PM",Statue reunited with its feet after New Zealand cop takes icy dip in river
"Published: Aug 08, 2022 11:04 PM",China to help Cuba after fuel tank explosion
"Published: Aug 08, 2022 11:05 PM",Mexico president urges increased effort to save trapped miners
"Published: Aug 08, 2022 11:10 PM",Attacker injures Japanese sailor at WWII ceremony
"Published: Aug 08, 2022 11:14 PM",UN chief hails Gaza-Israel truce
"Published: Aug 08, 2022 11:16 PM",US Senate passes climate and tax bill
"Published: Aug 08, 2022 11:18 PM","Iran does not seek nuclear weapons, foreign minister tells UN chief"
"Published: Aug 09, 2022 07:33 AM",Biden authorizes largest weapons assistance to Ukraine
"Published: Aug 09, 2022 07:52 PM",Earth overdue for volcanic super eruption
"Published: Aug 09, 2022 07:54 PM",Study seeks to help consumers to shop more sustainably 
"Published: Aug 09, 2022 08:14 PM",US returns 30 stolen antique artworks to Cambodia
"Published: Aug 09, 2022 08:16 PM",NYC renters desperate as soaring rents exacerbate housing crisis
"Published: Aug 09, 2022 08:25 PM",New Zealand's endangered kakapo parrot gets a big population boost
"Published: Aug 09, 2022 08:44 PM",Seoul rain leaves at least 8 dead
"Published: Aug 09, 2022 08:46 PM",Britons in Portugal left in limbo
"Published: Aug 09, 2022 08:55 PM",French experts ponder plan to transport whale back to sea from Seine
"Published: Aug 09, 2022 09:03 PM",US to give Ukraine $1b in weapons
"Published: Aug 09, 2022 09:05 PM",Nagasaki marks 77 years since atomic bombing
"Published: Aug 09, 2022 09:14 PM",Third fuel tank collapses as helicopters battle days-old Cuban blaze
