﻿"Published: Jan 22, 2020 09:15 PM Updated: Jun 27, 2022 09:00 AM",Real-time update on coronavirus outbreak
"Published: Jun 22, 2022 10:16 PM Updated: Jun 23, 2022 09:20 PM",Update: Overseas hacker group attacks email system of Chinese university; case filed for further investigations
"Published: Jun 22, 2022 11:12 PM",2022 marks ‘year of launch’ for BRICS remote satellite network
"Published: Jun 22, 2022 11:31 PM",China bans 31 misbehaviors by livestreamers in latest effort to clean up cyberspace
"Published: Jun 23, 2022 12:07 AM",Xi offers answers to questions of the times at BRICS forum
"Published: Jun 23, 2022 12:32 AM",7 injured of Tianjin gas explosion discharged from hospital; 9 held accountable under custody
"Published: Jun 23, 2022 12:55 AM",China's largest social media platform pledges crackdown on rumors 
"Published: Jun 23, 2022 01:23 AM",BRICS vaccine cooperation boosted as two of three WHO-approved Chinese shots are co-produced with member states
"Published: Jun 23, 2022 11:36 AM Updated: Jun 23, 2022 11:33 AM",China's representative at UN Human Rights Council concerned about extrajudicial execution in US
"Published: Jun 23, 2022 02:55 PM",Regular testing slows down as cities across China cancel or reduce frequency of nucleic acid testing amid improved epidemic situation
"Published: Jun 23, 2022 03:58 PM",China's environment ministry refutes claims of medical waste crisis due to COVID testing
"Published: Jun 23, 2022 08:09 PM",Xi chairs BRICS Summit
"Published: Jun 23, 2022 08:21 PM","Xi calls on BRICS countries to bring positive, stabilizing and constructive strength to the world"
"Published: Jun 23, 2022 08:39 PM",‘Dynamic and scientific’: Shenzhen tightens regular testing request amid sporadic infections while epidemic-free cities slow down regular screening
"Published: Jun 23, 2022 08:52 PM",China delivers 2nd Type 054A/P frigate to Pakistan
"Published: Jun 23, 2022 09:09 PM",Exclusive: BRICS cooperation ‘not an exclusive club’ but with practical measures in addressing challenges: South African ambassador to China
"Published: Jun 23, 2022 10:01 PM","FM meets Indian Ambassador, says China, India ‘should speak for developing countries together’"
"Published: Jun 23, 2022 10:40 PM","Impressed by freedom of Xinjiang youth, French writer keeps publishing to unmask anti-China propaganda"
"Published: Jun 23, 2022 10:41 PM",China denounces NATO’s Asia reach as ‘dangerous’ as bloc intensifies anti-China rhetoric ahead of summit  
"Published: Jun 23, 2022 10:45 PM",Highlights of President Xi’s speech at the 14th BRICS Summit
"Published: Jun 23, 2022 11:19 PM",PLA vessels join aircraft in large-scale drills around Taiwan
"Published: Jun 23, 2022 11:59 PM",Chinese FM reveals meeting with Taliban-affiliated Afghan Chargé d’affaires for first time
"Published: Jun 24, 2022 12:55 AM",Xi calls on BRICS to form one big family to reject small circles 
"Published: Jun 24, 2022 01:17 AM","Entertainment venues closed, dine-in services banned in Macao after Omicron cases surge to 110"
"Published: Jun 24, 2022 03:57 AM","NE China's Liaoning orders border city Dandong to abandon one-size-fits-all COVID-19 epidemic control measures, ensure residents' medical need after controversial attacking police case"
"Published: Jun 24, 2022 02:26 PM",Qatar reiterates one-China principle; timely correction of Taiwan island reference on World Cup App appreciated
"Published: Jun 24, 2022 02:32 PM",China's revised Anti-Monopoly Law to come into effect on August 1
"Published: Jun 24, 2022 04:38 PM","China willing to work with Philippine new govt to promote joint maritime gas, oil exploration: FM"
"Published: Jun 24, 2022 07:49 PM",WHO considers declaring monkeypox 'emergency of international concern' as Asia reports more imported cases
"Published: Jun 24, 2022 08:45 PM",China to add $1b to Global Development and South-South Cooperation Fund on top of $3b committed: Xi
"Published: Jun 24, 2022 08:58 PM","EU grants Ukraine candidate status, aims at 'prolonged military conflict' to drag down Russia"
"Published: Jun 24, 2022 09:05 PM",Xi stresses placing development at center of intl agenda
"Published: Jun 24, 2022 10:01 PM Updated: Jun 25, 2022 06:43 PM",Update: China to offer $7.5 million in emergency humanitarian aid to quake-hit Afghanistan
"Published: Jun 24, 2022 10:07 PM",4th helicopter crash in two years in Taiwan military shows ‘low capacity’ of island defense
"Published: Jun 24, 2022 11:09 PM","EU grants Ukraine candidate status in show of solidarity, as US rallies allies to target adversaries"
"Published: Jun 24, 2022 10:59 PM Updated: Jun 24, 2022 11:10 PM",Supreme Court rules against NY gun law in huge step backward in tackling mass shootings 
"Published: Jun 25, 2022 12:12 AM",Xi stresses placing devt at the center of intl agenda at global devt dialogue
"Published: Jun 25, 2022 12:40 AM",US malicious 'forced labor' law based on lie of century poisons intl businesses: regional spokesperson
"Published: Jun 25, 2022 01:03 AM",Changing people's health codes for reasons other than epidemic control forbidden: National Health Commission
"Published: Jun 25, 2022 01:11 AM",Residents in risk-free regions allowed free movement in border city Dandong
"Published: Jun 25, 2022 01:20 AM","BRICS summit yields fruitful trade results, boost for global economic recovery: minister"
"Published: Jun 25, 2022 09:10 AM Updated: Jun 25, 2022 06:18 PM","Xi to attend meeting marking 25th anniversary of HK's return to motherland, ‘charting city’s future course of devt’"
"Published: Jun 25, 2022 09:17 AM","Xi stresses need to build basic data systems, enhance administrative division management"
"Published: Jun 25, 2022 10:00 AM Updated: Jun 25, 2022 08:33 PM","PLA monitors US spy aircraft flyover in Taiwan Straits, vows to safeguard national sovereignty"
"Published: Jun 25, 2022 12:20 PM","Beijing primary, middle schools to reopen on Monday as Omicron further subsides; nucleic tests twice a week required"
"Published: Jun 25, 2022 02:10 PM","President Xi 'speaks for the aspirations of developing countries, charts clear course for global governance system reform at BRICS events,' Chinese FM says"
"Published: Jun 25, 2022 05:13 PM","Shanghai Party chief declares victory against Omicron at key meeting, says history will remember all those who contribute"
"Published: Jun 25, 2022 05:56 PM","Universal Beijing Resort reopens on Saturday, with booking numbers beating all theme parks in China"
"Published: Jun 25, 2022 08:31 PM Updated: Jun 25, 2022 08:34 PM","Supreme Court ruling of abortion rights reversal exposes US system hypocrisy, ignites fuse on dangerous political bomb: analysts"
"Published: Jun 26, 2022 12:22 PM","Xi stresses listening to people's voices through internet, other channels"
"Published: Jun 26, 2022 12:46 PM Updated: Jun 26, 2022 12:24 PM","Rights of residents, businesses more fully protected by national security law and new electoral system: HKSAR representative at UN session"
"Published: Jun 26, 2022 01:59 PM","Xi underscores importance of better respecting public opinion, following aspirations of the people"
"Published: Jun 26, 2022 03:25 PM",Epidemic situation remains grim and complex in Dandong with more sporadic COVID-19 cases expected
"Published: Jun 26, 2022 06:31 PM","Global refugee figure surpasses 100 million mark, over half directly caused by US-waged wars"
"Published: Jun 26, 2022 07:24 PM","Beijing issues flood and landslide alerts, closes scenic spots as ‘heaviest’ rainstorm is about to hit northern China"
"Published: Jun 26, 2022 07:42 PM",Shaping history: A path of Chinese-style modernization creates new form of civilization
"Published: Jun 26, 2022 08:06 PM",US sends destroyer to South China Sea after provocative spy plane flyover in Taiwan Straits
"Published: Jun 26, 2022 09:23 PM",Medical experts voice confidence in China to prevent big monkeypox outbreaks as WHO says infections not 'Public Health Emergency of International Concern'
"Published: Jun 26, 2022 09:48 PM",British film producer lauded for 'unbiased' documentaries on HK
"Published: Jun 26, 2022 10:00 PM",Tokyo's hope for boosting cooperation with NATO exposes 'anxiety for lack of US' long-term promises' in Asia-Pacific
"Published: Jun 26, 2022 10:30 PM Updated: Jun 27, 2022 12:30 PM","Ordinary Europeans suffer from high inflation, commodity shortage woes as EU political elites follow US' lead in sanctioning Russia"
"Published: Jun 26, 2022 11:20 PM","‘No slack’ stressed as Beijing, Shanghai emerge from Omicron shade"
"Published: Jun 26, 2022 11:43 PM",Ready for fun in Beijing
"Published: Jun 27, 2022 12:09 AM Updated: Jun 27, 2022 12:59 AM",US Supreme Court's abortion ruling decried as 'historical regression'
"Published: Jun 27, 2022 12:45 AM Updated: Jun 27, 2022 12:39 AM",Largest China-aided hydropower station put into operation in Burundi
"Published: Jun 27, 2022 12:58 AM","US eyes Russia, China at G7 summit amid woes at home"
"Published: Jun 27, 2022 01:19 AM",Overseas Chinese commemorate seamen buried in the UK with photos of China's 3rd aircraft carrier
"Published: Jun 27, 2022 02:30 AM",Chinese lawmakers revise the law to promote development of sports
"Published: Jun 27, 2022 02:45 PM",6-month-long nationwide campaign launched to crack down on internet water army
"Published: Jun 27, 2022 03:54 PM",Beijing's all major ambient air pollutants in 2021 reach national quality standards for 1st time: report
"Published: Jun 27, 2022 05:29 PM",Floods devastate Chinese cities as heavy rainfall continues
"Published: Jun 27, 2022 06:19 PM","Exclusive: Hudson Institute’s “China Center,” with Pompeo as its “distinguished fellow,” aims to concoct, disseminate anti-China rhetoric: sources"
"Published: Jun 27, 2022 07:48 PM","Taiwan regional personnel degrade themselves, follow Tuvalu delegation in attempt to attend UN ocean conference, only bringing disgrace: Chinese FM"
"Published: Jun 27, 2022 08:28 PM","Flu spreads rapidly in southern China, possibly linked to COVID-19 controls: experts "
"Published: Jun 27, 2022 09:50 PM","Beijing schools resume in-person classes, 2 months after resurgence of virus"
"Published: Jun 27, 2022 09:49 PM",Incorrect sitting and dancing postures lead to spinal deformity for Chinese children and adolescents
"Published: Jun 27, 2022 10:19 PM","Exclusive: Hong Kong still faces threats, to push Article 23 legislation for national security: Secretary of Security"
"Published: Jun 27, 2022 10:24 PM","Exclusive: Hong Kong has all-weather, cross-market mechanism to deal with sanctions, speculation: Financial Secretary"
"Published: Jun 27, 2022 10:19 PM","Forced labor exists in US, not China: Chinese FM"
"Published: Jun 27, 2022 10:57 PM",China's Central Military Commission announces 3 nominees for August 1 Medal
"Published: Jun 27, 2022 11:17 PM Updated: Jun 27, 2022 11:47 PM","G7’s $600 billion PGII met with skepticism, mockery"
"Published: Jun 27, 2022 11:34 PM","NATO to set stage for extending into Asia-Pacific, faces internal difference"
"Published: Jun 27, 2022 11:58 PM",Japan announces ill-intended ambition to hike military spending at G7 summit
"Published: Jun 27, 2022 11:57 PM",The US should take a serious look at the Global Security Initiative: Chinese diplomat
"Published: Jun 28, 2022 01:08 AM","S.Korea warned over fraying China ties, losing ‘diplomatic independence’ in bloc’s Asia push before NATO summit"
"Published: Jun 28, 2022 01:52 AM",Babysitter suspected of causing the deadly fall of a 2-year-old girl is under police investigation
"Published: Jun 28, 2022 09:58 AM","On behalf of 90 nations, China urges solidarity on pushing recovery from pandemic"
"Published: Jun 28, 2022 10:14 AM Updated: Jun 28, 2022 10:06 AM",Shenzhen bans drones and small aircraft during celebrations on Hong Kong SAR's 25th anniversary
"Published: Jun 28, 2022 11:59 AM",Xi encourages grain farmers to contribute to national food security
"Published: Jun 28, 2022 12:00 PM",Two shipments of earthquake relief supplies from China arrive in Afghanistan; more on the way over next three days
"Published: Jun 28, 2022 02:12 PM","China shortens collective quarantine time of close contacts, intl arrivals from 14 days to 7 days"
"Published: Jun 28, 2022 03:25 PM","Beijing, Shanghai walk out of Omicron shadow as no new infections found"
"Published: Jun 28, 2022 03:40 PM",Vice President Wang Qishan to attend the Philippines' president’s inauguration
"Published: Jun 28, 2022 05:22 PM",Sinopharm’s COVID-19 vaccine shows good immunogenicity in senior people with underlying diseases as well as in healthy subjects: study
"Published: Jun 28, 2022 05:20 PM",Driver rescued after bus slides into river in Shanghai
"Published: Jun 28, 2022 06:28 PM",China launches a 100-day campaign to crack down on illegal behaviors in wake of brutality at Tangshan restaurant
"Published: Jun 28, 2022 07:58 PM",FM urges politicians refrain from making irresponsible remarks after Aussie PM warns China to learn from Putin's 'strategic failure'
"Published: Jun 28, 2022 08:44 PM",China shortens quarantine for close contacts & intl arrivals from 14+7 to 7+3; adjustment ‘not a relaxation but more accurate’
"Published: Jun 28, 2022 09:07 PM",How NATO began with confrontation and ends with poisoning world peace?
"Published: Jun 28, 2022 09:57 PM",Academic institutes should be bridges rather than platforms for anti-China lies: FM spokesperson 
"Published: Jun 28, 2022 10:05 PM","Iran, Argentina’s applications to BRICS underscores pursuit of development, solidarity"
"Published: Jun 28, 2022 10:23 PM",Flags fly in Hong Kong ahead of 25th anniversary
"Published: Jun 28, 2022 10:44 PM",Celebrations prepared for HKSAR’s 25th anniversary
"Published: Jun 28, 2022 11:40 PM","Chinese VP to attend Philippine presidential inauguration; experts say ties likely to remain friendly under Marcos, Jr"
"Published: Jun 29, 2022 01:00 AM",US pushes anti-China stunt in new ‘illegal fishing’ plan
"Published: Jun 29, 2022 12:39 AM",China tweaks COVID playbook for more precise epidemic control
"Published: Jun 29, 2022 12:45 AM",NATO summit to show unity amid deeper cracks
"Published: Jun 29, 2022 01:08 AM","US’ trade talks with Taiwan authorities ‘lack substance,’ to ‘squeeze more’ from its pawn"
"Published: Jun 29, 2022 10:27 AM Updated: Jun 29, 2022 10:22 AM","NATO itself is the cause of trouble, China opposes 'Asia-Pacific version of NATO': Chinese UN representative"
"Published: Jun 29, 2022 11:59 AM","Exclusive: US plants Trojan horse programs in hundreds of important Chinese information systems; new cyber weapon targets China, Russia"
