﻿"Published: Jan 22, 2020 09:15 PM Updated: May 16, 2022 09:00 AM",Real-time update on coronavirus outbreak
"Published: May 14, 2022 12:43 PM Updated: May 16, 2022 08:20 PM",GT Investigates: US failure in epidemic control drives burnout among medics in two-year COVID battle
"Published: May 15, 2022 10:18 AM Updated: May 15, 2022 10:08 AM",Pakistan vows to bring criminals to justice at memorial service for Chinese teachers killed in terrorist attack
"Published: May 15, 2022 10:45 AM","Shanghai to restart business, services operation in phases, after one-and-half-month lockdown"
"Published: May 15, 2022 12:49 PM",China’s domestically developed airship sets world’s highest record of atmospheric science observation
"Published: May 15, 2022 04:29 PM","Xi's article on major theoretical, practical issues in China's development to be published"
"Published: May 15, 2022 04:42 PM",District authority in Shanghai apologizes after disinfection pills cause residents’ sore throat and headache
"Published: May 15, 2022 05:40 PM",Western countries’ knowledge about pandemic prevention remained stuck at the 1918 level: Austrian scholar
"Published: May 15, 2022 05:43 PM",FAST FACTS: The ‘Sequelae’ After Loosening Anti-Virus Measures In Europe
"Published: May 15, 2022 07:07 PM Updated: May 15, 2022 06:58 PM","China’s 2nd large destroyer passes comprehensive test, ‘fully ready for far sea missions’"
"Published: May 15, 2022 07:30 PM","Beijing’s Fengtai district suspends operations of all indoor recreational, fitness venues and training institutions"
"Published: May 15, 2022 08:05 PM",All-out rescue continues for missing 3-year-old boy who fell into sewer drain
"Published: May 15, 2022 08:25 PM",Xi sends congratulatory message to new UAE president
"Published: May 15, 2022 08:41 PM Updated: May 15, 2022 08:25 PM",​E.China's Zhejiang gives options to users to shut off calls from overseas to combat telecom frauds
"Published: May 15, 2022 08:45 PM",Surge of Omicron cases in Taiwan ‘result of DDP’s political manipulation over anti-epidemic work’
"Published: May 15, 2022 09:50 PM","Beijing reports four clusters of infections, continues mass testing in 12 areas"
"Published: May 15, 2022 10:14 PM Updated: May 17, 2022 07:14 PM","GT Investigates: Higher infection and mortality, increasing ethnic violence, unemployment, and deep-rooted racism in the US deprive minorities of a present and a future"
"Published: May 15, 2022 10:38 PM",US’ notorious record of gun violence deaths
"Published: May 15, 2022 11:09 PM","Shanghai restarts business and services in phases, with more than 10,000 commercial outlets in operation"
"Published: May 15, 2022 11:58 PM","Exclusive: Not China but US, Japan try to turn Okinawa into ‘battlefield’ again, says Japanese observer who refutes ‘China threat’ theory"
"Published: May 15, 2022 11:48 PM",What recovery from COVID-19 looks like and what are the long-term effects? Chinese patients share their stories of long COVID
"Published: May 16, 2022 12:17 AM","NATO expansion with Finland, Sweden’s bid tips balance, adds uncertainty to Europe"
"Published: May 16, 2022 02:31 AM","'Fourth dose' or combination vaccine being evaluated in China: Gao Fu, head of the Chinese CDC"
"Published: May 16, 2022 10:21 AM","Shanghai vice mayor says city will resume normal life in June; daily new cases drop under 1,000 for first time"
"Published: May 16, 2022 05:52 PM Updated: May 16, 2022 05:46 PM",Shanghai restarts businesses and services in phases with multiple districts rolling out resumption plans
"Published: May 16, 2022 07:17 PM",Shanghai details plan of resuming normalcy in June
"Published: May 16, 2022 07:48 PM","Chinese provinces, cities start training to prevent pilots, air traffic controllers from becoming rusty amid light air traffic"
"Published: May 16, 2022 07:53 PM","China's Z-20 chopper sling-loads all-terrain vehicle for 1st time, can transport 'artillery, drones'"
"Published: May 16, 2022 09:10 PM",Chinese premier urges bringing Karachi terrorist attackers to justice
"Published: May 16, 2022 10:05 PM",China should invest more resources on COVID-19 prevention to avoid treatment pressure: health chief
"Published: May 16, 2022 10:46 PM",White supremacists: US’ biggest domestic terrorism
"Published: May 16, 2022 11:25 PM",Modi’s visit to Nepal aimed at exerting soft power to calm angry nerves: Chinese experts
"Published: May 16, 2022 11:26 PM",Strange black circles in Chengdu sky caused by electrical facility failure: officials
"Published: May 16, 2022 11:40 PM","Taiwan changes computerized war games to map-based simulation, shows ‘lack of confidence, self-deception'"
"Published: May 17, 2022 12:01 AM",CSTO leaders meet in Moscow to tackle threats of terrorism and ‘color revolution’ 
"Published: May 17, 2022 12:14 AM","Pakistan busts fresh terrorist attack on Chinese convoy, as leaders vow joint counterterrorism efforts"
"Published: May 17, 2022 12:41 AM",Port city of Tianjin responds to cold-chain related outbreak in time to prevent virus from spreading
"Published: May 17, 2022 02:26 AM",Neo-Nazi website influencing Buffalo shooter with .cn domain registered through proxy company and not under govt content review
"Published: May 17, 2022 10:16 AM",All 16 districts in Shanghai report no new COVID-19 positive cases at the community level
"Published: May 17, 2022 12:51 PM",China reports first case of highly transmissible Omicron subvariant from overseas
"Published: May 17, 2022 12:52 PM Updated: May 17, 2022 12:48 PM",Men and women in NE China’s Dalian to take nucleic acid tests on Tuesday and Thursday respectively to improve detection timeliness
"Published: May 17, 2022 01:50 PM Updated: May 17, 2022 01:47 PM",Over 500 infections in one week: Small county in SW China's Sichuan grapples with Omicron surge
"Published: May 17, 2022 06:43 PM",Beijing requires merchants at wholesale agricultural markets to take daily COVID-19 tests
"Published: May 17, 2022 07:03 PM Updated: May 17, 2022 06:59 PM",Company shuts down Neo-Nazi website with .cn domain after being unknowingly exploited in wake of Buffalo shooting  
"Published: May 17, 2022 07:23 PM",China establishes world's largest higher education system with 240 million college graduates
"Published: May 17, 2022 07:32 PM Updated: May 17, 2022 07:25 PM",Chinese FM urges Japan to immediately stop construction of nuclear wastewater discharge project
"Published: May 17, 2022 07:42 PM",China's latest large helicopter AC313A makes maiden flight
"Published: May 17, 2022 07:42 PM","UNICEF unveils a mock convenience store to bring attention to children’s food environments, as part of a ‘Know Your Food’ campaign"
"Published: May 17, 2022 08:33 PM","HK chief executive-elect unveils govt restructuring plan, accepts Lam’s proposals in full"
"Published: May 17, 2022 08:31 PM",Talent cultivation on 'new path with Chinese characteristics' as nation establishes world's largest higher education system
"Published: May 17, 2022 09:30 PM",US media frames Taiwan-born California shooter as ‘mainland Chinese in hate crime’
"Published: May 17, 2022 09:51 PM",Vaccinated people can develop stronger antibody responses against COVID-19 variants: study
"Published: May 17, 2022 10:11 PM","India increases presence on Afghan issue by hosting SCO meeting, shows Asian consensus on security"
"Published: May 17, 2022 10:28 PM",China’s fiscal and taxation development in the past decade
"Published: May 17, 2022 11:34 PM","US envoy reveals Biden's true purpose of targeting China by Asia visit, but experts say 'countries don't easily buy it'"
"Published: May 17, 2022 11:43 PM",Beijing seafood market closes temporarily due to coronavirus
"Published: May 18, 2022 12:31 AM",Shanghai's crackdown on rumors about COVID-19 epidemic prevention and control starts to take effect
"Published: May 18, 2022 02:38 AM",Chinese cities train and hire large numbers of nucleic acid testers
"Published: May 18, 2022 11:28 AM Updated: May 18, 2022 11:23 AM",First clinical study of China’s antiviral oral drug against Omicron published
"Published: May 18, 2022 12:01 PM Updated: May 19, 2022 01:45 AM",Exclusive: US investigators tell CAAC they did not release China Eastern MU5735 crash probe info to media
"Published: May 18, 2022 12:12 PM Updated: May 18, 2022 09:49 PM","Xi, Marcos discuss expanding ties, carrying forward friendship"
"Published: May 18, 2022 02:54 PM",At least 13 Chinese cities encourage families with 2 or 3 kids with preferential housing policies
"Published: May 18, 2022 06:56 PM",Shanghai allows residents to leave with travel permit valid within six hours
"Published: May 18, 2022 07:36 PM","Shanghai allows people with urgent needs to leave, with conditions"
"Published: May 18, 2022 08:21 PM","Xi, Dutch King exchange congratulations on 50th anniversary of diplomatic ties"
"Published: May 18, 2022 08:24 PM",More Sanxingdui Ruins cultural relics debut on Museums Day
"Published: May 18, 2022 08:51 PM",Xi reiterates China's resolve to open up at high standard
"Published: May 18, 2022 10:38 PM Updated: May 18, 2022 10:52 PM","Senior diplomats warn US, Japan over Taiwan question before QUAD summit "
"Published: May 18, 2022 10:57 PM",US guns: an incurable disease
"Published: May 18, 2022 11:01 PM Updated: May 18, 2022 10:56 PM",BRICS promotes post-COVID-19 world economic recovery against the backdrop of complex international situation: Chinese FM
"Published: May 18, 2022 11:35 PM","Washington hijacks ‘collective security of EU’ to serve anti-Russia strategy, benefit from NATO expansion"
"Published: May 19, 2022 12:18 AM",Chinese scholars share country’s remarkable human rights progress internationally with great confidence
"Published: May 19, 2022 12:56 AM",China adjusts pre-departure testing for overseas travelers
"Published: May 19, 2022 01:25 AM Updated: May 19, 2022 01:32 AM","Xi calls for joint efforts to defeat COVID-19, reinvigorate global trade"
"Published: May 19, 2022 02:01 AM","Top diplomat Yang Jiechi warns the US against playing ‘Taiwan card,’ vows China’s firm actions to safeguard sovereignty in phone talk with Sullivan"
"Published: May 19, 2022 02:42 AM",Top medical expert calls for the inclusion of makeshift hospitals' operation system into city's security system
"Published: May 19, 2022 01:06 PM","Xi highlights sci-tech self-reliance, cultural confidence in letter to scholars returning from overseas"
"Published: May 19, 2022 02:41 PM Updated: May 19, 2022 02:30 PM",COVID-19-affected spring gaokao goers can take exam: Tianjin reverses decision and rolls out specific policies after controversy
"Published: May 19, 2022 05:04 PM Updated: May 19, 2022 05:00 PM",Internet troll defaming ‘father of hybrid rice’ Yuan Longping ruled to apologize on national media
"Published: May 19, 2022 06:50 PM",PLA bombers hold drills in West Pacific 'in coordination with carrier group'
"Published: May 19, 2022 07:06 PM Updated: May 19, 2022 06:09 PM",Cases of abduction and trafficking of women and children in 2021 decrease 86.2% from 2013: MPS
"Published: May 19, 2022 07:38 PM","Shanghai plans to reopen transportation routes connecting airports, railways"
"Published: May 19, 2022 07:59 PM",Chinese astronomers propose space survey to seek Earth-like planets via astrometry
"Published: May 19, 2022 08:14 PM Updated: May 19, 2022 08:06 PM",Assisted reproductive technology expected to be financially covered by medical insurance in Chinese provinces to encourage childbirth
"Published: May 19, 2022 08:21 PM",WHO authorizes China's CanSinoBIO COVID-19 vaccine
"Published: May 19, 2022 08:31 PM Updated: May 19, 2022 08:24 PM",5 universities in a Beijing college town put under lockdown after 11 students infected by COVID-19
"Published: May 19, 2022 08:46 PM Updated: May 19, 2022 08:21 PM",Chinese FM urges US to stop interfering in China’s internal affairs by using Xizang-related affairs
"Published: May 19, 2022 09:08 PM Updated: May 19, 2022 08:59 PM",Chinese and foreign experts call for a better interpretation of the concept of China’s human rights
"Published: May 19, 2022 09:59 PM",Xi calls on BRICS countries to build global community of security for all
"Published: May 19, 2022 10:07 PM",Biden to peddle new economic framework in Asia as ‘geopolitical tool’ to counter China
"Published: May 19, 2022 10:16 PM",US’ push to invite Taiwan to WHA sparks backlash as COVID cases surpass 1 million mark on island
"Published: May 19, 2022 10:25 PM",Photographers’ work through decades shows Xinjiang's transformation and residents’ improving livelihoods
"Published: May 19, 2022 10:34 PM",What is the IPEF?
"Published: May 19, 2022 11:01 PM","Upgraded US-South Korea alliance threatens balance, security of Asia, experts  warn"
"Published: May 19, 2022 11:09 PM",Chinese aerospace experts slam NASA's chief for 'ridiculous and outrageous' allegations of 'stealing' technology
"Published: May 20, 2022 12:33 AM",Mental health services and support step up as epidemic in Shanghai triggers anxiety and depression
"Published: May 20, 2022 12:46 AM","China stresses BRICS solidarity in time of turbulence, transformation"
"Published: May 20, 2022 02:07 AM",City in C China's Henan set to build permanent Fangcang hospital
"Published: May 20, 2022 03:45 PM Updated: May 20, 2022 05:26 PM",Pakistan FM to visit China in first official visit
"Published: May 20, 2022 04:03 PM","China calls for intl community to strengthen coordination, stabilize the global food market"
"Published: May 20, 2022 06:23 PM",UN human rights chief to visit China from May 23 to 28: Chinese FM
"Published: May 20, 2022 06:34 PM","Japan hypocritical, contradictory over nuclear disarmament: Chinese FM spokesperson"
"Published: May 20, 2022 07:15 PM",State Council appoints John Lee as Hong Kong chief executive
"Published: May 20, 2022 08:51 PM","Biden on mission to corner China visits Samsung on first leg of Asia trip, to be met with protests against ‘destroyer of world peace’"
"Published: May 20, 2022 08:54 PM","Broad consensus reached in BRICS meeting, offering pro-development stability amid US-led bloc politics"
"Published: May 20, 2022 10:03 PM",No expectation from China on Aussie election; whoever wins will stay in ‘shadow of US’
"Published: May 20, 2022 10:27 PM",Large-scale monkeypox cases in China unlikely: expert
"Published: May 21, 2022 12:05 AM","Tsai greets 6th year in office with disastrous COVID fiasco, sinking approval rate"
"Published: May 21, 2022 12:10 AM","BRICS urged to act as promoters of intl cooperation, global security and human progress at video forum "
"Published: May 21, 2022 01:31 AM","China prudently preparing for college, middle school entrance exams"
