﻿"Published: Aug 28, 2022 09:17 PM","Pakistan floods death toll tops 1,000"
"Published: Aug 28, 2022 09:19 PM",Iranian lawmaker says nuclear deal is near
"Published: Aug 28, 2022 09:20 PM",US judge indicates intent to name special master in Trump FBI search
"Published: Aug 29, 2022 05:26 PM",A primate suspect: US monkey dials 911
"Published: Aug 29, 2022 06:41 PM",‘Quiet quitting’ raising a din in stressful US workplaces
"Published: Aug 29, 2022 07:15 PM",6 dead as truck hits community barbecue
"Published: Aug 29, 2022 07:18 PM",Firefighting plane in deadly Australia crash likely stalled: report
"Published: Aug 29, 2022 07:19 PM","Somalia, UN agencies to scale up COVID-19 vaccination"
"Published: Aug 29, 2022 08:21 PM",Pakistan floods death toll rises
"Published: Aug 29, 2022 08:24 PM",6.1-magnitude quake strikes off Indonesia’s Sumatra island
"Published: Aug 29, 2022 08:26 PM","Bolsonaro, Lula trade jabs in Brazilian presidential debate on TV"
"Published: Aug 29, 2022 08:31 PM",Detroit gunman nabbed by police
"Published: Aug 29, 2022 08:33 PM","Colombia, Venezuela restore full diplomatic ties"
"Published: Aug 29, 2022 08:34 PM",European judges challenge EU approval of Poland’s recovery plan
"Published: Aug 29, 2022 08:55 PM",Artemis I launch canceled amid NASA chief hyping ‘space race’
"Published: Aug 30, 2022 08:45 PM",China’s rapid development inspires Sri Lanka out of predicament: Sri Lankan Ambassador
"Published: Aug 30, 2022 08:42 PM",Monkeypox patients reveal psychological scars
"Published: Aug 30, 2022 08:44 PM",Last member of Brazilian indigenous community found dead
"Published: Aug 30, 2022 08:48 PM",Major sea level rise inevitable
"Published: Aug 30, 2022 08:52 PM",We’re hiring: Babies wanted for Japanese nursing home
"Published: Aug 30, 2022 08:54 PM",Spanish scientists find clues to immortal jellyfish’s secret to longevity
"Published: Aug 30, 2022 08:57 PM","LMC mechanism provides blueprint for successful bilateral relations as China, Myanmar treasure friendship: Myanmar politician"
"Published: Aug 30, 2022 09:21 PM",Swiss ‘IS’ woman shows no remorse in trial
"Published: Aug 30, 2022 09:27 PM",French PM warns of rationing risk this winter
"Published: Aug 30, 2022 09:30 PM",Man stabbed to death as Notting Hill Carnival returns
"Published: Aug 30, 2022 09:33 PM",Audit of Mar-a-Lago documents ends
"Published: Aug 30, 2022 09:34 PM",UN ship with Ukrainian wheat docks in Horn of Africa
"Published: Aug 30, 2022 09:36 PM","Half of world’s health facilities lack basic hygiene, 4 billion people at risk"
"Published: Aug 31, 2022 01:13 AM","Deadly clashes erupt in Iraq; US blamed for being root of chaos, disturbance in Middle East and elsewhere"
"Published: Aug 31, 2022 05:39 AM",Former leader of Soviet Union Mikhail Gorbachev has died
"Published: Aug 31, 2022 06:38 PM",Reviving past glory of Bangladeshi Jamdani with China-made materials
"Published: Aug 31, 2022 08:48 PM",Water woes deepen misery for families in Syria shattered by war
"Published: Aug 31, 2022 08:52 PM",NASA to make second moon rocket attempt
"Published: Aug 31, 2022 08:53 PM",New Aussie research center aims to speed up antiviral drugs R&D
"Published: Aug 31, 2022 09:02 PM",London mayor warns of possible ‘Tube’ fare hikes
"Published: Aug 31, 2022 09:07 PM",Japan PM Kishida says ruling party to cut ties with Unification Church
"Published: Aug 31, 2022 09:12 PM",Mahathir in hospital with coronavirus
"Published: Aug 31, 2022 09:14 PM",Musk looks to delay Twitter trial following whistle-blower claims
"Published: Aug 31, 2022 09:19 PM",Iraqi PM threatens to leave post
"Published: Aug 31, 2022 09:20 PM",Ex-Brazilian president Lula leads polls ahead of race
"Published: Aug 31, 2022 09:21 PM","Biden blasts MAGA Congress members, ‘sickening’ threats against FBI"
"Published: Aug 31, 2022 11:32 PM","Exclusive: Aggression never in our diplomatic tradition, nor is groveling in character of the Chinese people: Ambassador to Russia"
"Published: Sep 01, 2022 01:45 PM","Inflation, rising interest rates weigh on New Zealand's economic recovery"
"Published: Sep 01, 2022 08:38 PM",Californians told not to charge EVs as grid struggles in heat wave
"Published: Sep 01, 2022 08:39 PM","Black Americans see racism as persistent challenge, says new poll"
"Published: Sep 01, 2022 08:59 PM","Greenhouse gases, sea levels set new records in 2021"
"Published: Sep 01, 2022 09:00 PM",Oil tanker refloated after breakdown in Suez Canal
"Published: Sep 01, 2022 09:01 PM",Arrested Tokyo 2020 sponsor executive says he gave cash to Japan’s ex-PM Mori
"Published: Sep 01, 2022 09:12 PM",Pandemic-weary nurses strike in Australia
"Published: Sep 01, 2022 09:13 PM",27 killed in rain spells across Pakistan in 24 hours
"Published: Sep 01, 2022 09:15 PM",Malaysia’s former first lady Rosmah sentenced to 10 years in jail 
"Published: Sep 01, 2022 09:19 PM",UK PM hopefuls hold final hustings
"Published: Sep 01, 2022 09:27 PM",Secret files ‘likely concealed’ at Trump’s home
"Published: Sep 01, 2022 09:32 PM","World monkeypox outbreak tops 50,000 cases; transmission slowing in hot spots"
"Published: Sep 04, 2022 06:36 PM",Military aid called in after operation of aging treatment plant disrupted
"Published: Sep 04, 2022 06:46 PM",Four deaths linked to Legionnaires’ disease in Argentina
"Published: Sep 04, 2022 06:46 PM",Turkish president threatens to take action against Greece
"Published: Sep 04, 2022 06:48 PM",Storm-hit E.Australia under new flood warnings
"Published: Sep 04, 2022 06:48 PM",Zaporizhzhia nuclear plant’s main external power line off
"Published: Sep 04, 2022 06:51 PM",Al-Qaeda in Yemen releases video of kidnapped UN worker: monitor
"Published: Sep 04, 2022 06:56 PM",Norway’s CO2 cemetery draws praises and criticism in climate crisis
"Published: Sep 04, 2022 07:10 PM",Iran readies civil defenses
"Published: Sep 04, 2022 07:17 PM",Australia favors boosting temporary skilled migrants’ income threshold
"Published: Sep 04, 2022 07:21 PM","70,000 people protest in Prague against Czech government, EU and NATO"
"Published: Sep 05, 2022 05:26 PM",Rogue seal on inland trek through Australian paddock
"Published: Sep 05, 2022 07:40 PM",More than a dozen boats passed through crowded shipping lanes: UK govt
"Published: Sep 05, 2022 07:46 PM",Webb space telescope captures image of exoplanet
"Published: Sep 05, 2022 07:45 PM",Liz Truss to be next UK prime minister after winning party vote
"Published: Sep 05, 2022 07:50 PM",Nile islanders face eviction to make way for Egypt’s latest grand plan
"Published: Sep 05, 2022 08:07 PM",‘Social’ investment strategies under fire in Republican-led US 
"Published: Sep 05, 2022 08:11 PM",Finnish govt issues rescue plan for energy firms
"Published: Sep 05, 2022 08:15 PM",Trial opens in France over 2016 Nice truck massacre
"Published: Sep 05, 2022 08:23 PM",50 years to agree Olympic attack compensation ‘shameful’: German president
"Published: Sep 05, 2022 09:10 PM","2 Russian embassy staff killed, 7 others wounded in Kabul suicide attack: embassy"
"Published: Sep 05, 2022 09:16 PM",Suspects on the run in Canada
"Published: Sep 05, 2022 09:25 PM",7 wounded in West Bank shooting
"Published: Sep 05, 2022 09:43 PM","Death toll in Nigeria building collapse rises to 5, regulations urged"
"Published: Sep 06, 2022 07:45 PM",Activists sign petitions as at least 10 dead from controversial tradition
"Published: Sep 06, 2022 07:54 PM",Contractor at heart of US Navy’s biggest scandal flees
"Published: Sep 06, 2022 07:58 PM","Power outages, damage as Typhoon Hinnamnor hits South Korea"
"Published: Sep 06, 2022 08:06 PM",Stabbing suspect found dead
"Published: Sep 06, 2022 08:08 PM",Suicide attack at Russian embassy condemned
"Published: Sep 06, 2022 08:10 PM",Japan expects to spend $12m on ex-PM Shinzo Abe’s state funeral
"Published: Sep 06, 2022 08:51 PM",‘Support Truss every step of way’
"Published: Sep 06, 2022 08:53 PM",Israel concedes soldier likely shot Al Jazeera journalist
"Published: Sep 06, 2022 08:55 PM","Kenya’s incoming president Ruto pledges economic revival, cohesion"
"Published: Sep 06, 2022 09:25 PM",South African tech entrepreneurs tackle ‘digital divide’ in townships
"Published: Sep 06, 2022 11:15 PM",Close friendship with China is Nepal’s choice; China’s second centennial goal ‘definitely’ to be achieved: Nepali envoy
"Published: Sep 06, 2022 11:19 PM",BRI contributes to the devt of Nepal
"Published: Sep 07, 2022 09:16 PM",UN appeals for massive Pakistan support
"Published: Sep 07, 2022 09:36 PM",Study finds surge in illegal gold mining in Brazil
"Published: Sep 07, 2022 09:34 PM",Scientists fight to protect DR Congo rainforest as threats increase
"Published: Sep 07, 2022 09:43 PM","New York polio case stirs fear, vaccine push"
"Published: Sep 07, 2022 09:56 PM","23 dead, 11 injured in Vietnam karaoke bar fire"
"Published: Sep 07, 2022 10:10 PM",US foresees annual boosters
"Published: Sep 07, 2022 10:21 PM","Heat waves, wildfires to worsen air pollution: UN"
"Published: Sep 07, 2022 10:26 PM",EU blocks biotech giant Illumina’s buyout of US cancer test company
"Published: Sep 07, 2022 10:27 PM",Theranos startup founder Elizabeth Holmes seeks new fraud trial
"Published: Sep 07, 2022 10:36 PM","Israel’s closure of NGOs ‘void, illegal’: Palestinian PM"
"Published: Sep 07, 2022 10:38 PM",IAEA calls for safety zone around Ukraine’s Zaporizhzhia nuclear plant
"Published: Sep 07, 2022 10:50 PM",Africa fossil fuel investment surges
"Published: Sep 07, 2022 10:52 PM",Egypt’s Sisi reaffirms support for Palestine
"Published: Sep 07, 2022 10:55 PM",Spain to extend labor benefits to domestic cleaners and carers: govt
