﻿"Published: Jan 22, 2020 09:15 PM Updated: Apr 25, 2022 09:00 AM",Real-time update on coronavirus outbreak
"Published: Apr 19, 2022 10:04 PM",Unmasking a villain: Revealing the true nature of the US and what it has wrought onto the world with CG cartoons
"Published: Apr 19, 2022 10:07 PM",10 deaths in Shanghai spark concern over vaccination rate among elderly group
"Published: Apr 19, 2022 10:00 PM","497,214 locally transmitted COVID-19 cases reported in Chinese mainland since March"
"Published: Apr 19, 2022 10:26 PM",Shanghai improves mechanism to welcome recovered COVID-19 patients back home
"Published: Apr 19, 2022 10:48 PM",China launches remote sensing on crops to forecast production and ensure food safety
"Published: Apr 19, 2022 11:17 PM","US’ high-level visit to Solomon Islands aims to nullify China security pact, uses region as hegemonic fulcrum"
"Published: Apr 19, 2022 11:23 PM",Talks of HK-mainland border reopening regain momentum amid fall in cases in HK
"Published: Apr 19, 2022 11:41 PM",Shanghai at crucial stage toward zero-COVID goal in communities
"Published: Apr 20, 2022 12:03 AM",UK's controversial refugee policies cause double standards and human rights concerns similar to the US
"Published: Apr 20, 2022 09:06 AM",Xi Jinping to deliver a keynote speech via video at the Boao Forum for Asia annual conference
"Published: Apr 20, 2022 09:53 AM",China’s Tianzhou-3 cargo spacecraft completes fly-around and automatic docking with Tianhe core module
"Published: Apr 20, 2022 10:10 AM Updated: Apr 20, 2022 09:59 AM","One Chinese died, three injured from a rollover accident in Los Angeles, Chinese Consulate General confirms"
"Published: Apr 20, 2022 02:37 PM",Shanghai reports 52 COVID-19 patients in critical conditions; death tally reaches 17
"Published: Apr 20, 2022 03:27 PM",China calls for early end to conflict to fundamentally resolve Ukrainian humanitarian crisis
"Published: Apr 20, 2022 03:50 PM","Chinese netizens watch livestreaming of machines planting cotton in Xinjiang, defying groundless 'forced labor' allegation"
"Published: Apr 20, 2022 05:03 PM Updated: Apr 20, 2022 04:55 PM",Wild monkey attacks and nearly kidnaps 3-year-old girl in Chongqing
"Published: Apr 20, 2022 07:08 PM","Two new Type 055 large destroyers, a new Type 052D destroyer confirmed in PLA Navy service"
"Published: Apr 20, 2022 08:44 PM","Defense minister stresses China's resolve, warns against US provocations in ‘late’ first phone talk with Austin"
"Published: Apr 20, 2022 09:39 PM",Latest anti-epidemic measures in Tangshan not badly affecting domestic steel output: analysts
"Published: Apr 20, 2022 10:03 PM",Two Shanghai districts eliminate community infections
"Published: Apr 20, 2022 10:25 PM","US vows more weapons supply to Ukraine, aimed at ‘prolonged attrition’ to Russia"
"Published: Apr 20, 2022 10:44 PM","CAAC releases preliminary report on MU5735 crash, 'no abnormality' found  "
"Published: Apr 20, 2022 10:51 PM","Von der Leyen, Johnson to visit India, but Modi not expected to give up independent stand on Ukraine"
"Published: Apr 20, 2022 11:35 PM","China stresses transparency of security pact with Solomon Islands, questions US’ motive in South Pacific"
"Published: Apr 21, 2022 01:09 AM",Suspected mouse droppings found in instant noodles in NE China
"Published: Apr 21, 2022 09:45 AM","Xi proposes Global Security Initiative at Boao Forum, ‘sends signal of peace, stability amid global turmoil’"
"Published: Apr 21, 2022 10:03 AM",Xi proposes Global Security Initiative
"Published: Apr 21, 2022 10:07 AM","China issues first white paper on youth, demonstrating their commitment in new era"
"Published: Apr 21, 2022 11:03 AM",Complex crash accident investigations usually take more than two years: CAAC
"Published: Apr 21, 2022 02:40 PM",Shanghai reports 139 severe and 20 critical COVID-19 patients; death tally reaches 25
"Published: Apr 21, 2022 03:30 PM",China to use fusion power in 30 to 50 years: scientist
"Published: Apr 21, 2022 04:33 PM","China’s generation-Z is not ‘lying flat,’ working hard is a mainstream mentality: official"
"Published: Apr 21, 2022 06:51 PM",China opposes restriction of enterprises from normal trade: FM responds to US threat over Russia
"Published: Apr 21, 2022 07:35 PM Updated: Apr 23, 2022 12:45 PM",President Xi sends congratulatory letter for national reading campaign as innovative ways across China to encourage youths to open books
"Published: Apr 21, 2022 07:56 PM",Shanghai continues its crackdown on rumors about COVID-19 epidemic prevention and control on social media
"Published: Apr 21, 2022 08:14 PM",American teacher sentenced to death for killing Chinese woman with knife
"Published: Apr 21, 2022 08:20 PM","At least 15 Shanghai officials punished for slack response, malpractice in latest Omicron outbreak"
"Published: Apr 21, 2022 08:48 PM","Australia fails to reflect on its human rights misdeeds, turning refugee acceptance into a glaring political farce"
"Published: Apr 21, 2022 08:48 PM","Foreign media reports on China's ship-launched, air-launched anti-ship ballistic missiles 'merely speculative'"
"Published: Apr 21, 2022 09:23 PM","PLA Navy announces commissioning of 2nd Type 075 amphibious assault ship, 6th Type 055 large destroyer"
"Published: Apr 21, 2022 09:38 PM",Shanghai vows to secure quality of supplies sent to residents in static management
"Published: Apr 21, 2022 09:35 PM Updated: Apr 21, 2022 09:27 PM",Fatality rate of vulnerable population an important indicator of whether COVID-19 is over: epidemiologist Zhang Wenhong
"Published: Apr 21, 2022 10:19 PM",China's ratification of intl forced labor conventions has little to do with Western pressure: expert
"Published: Apr 21, 2022 10:33 PM","US spreads ‘Cold War’ antagonism into G20 to corner Russia, ups pressure against neutrality of China"
"Published: Apr 21, 2022 10:41 PM",Chinese police launch crackdown on forgery cases of mascots Bing Dwen Dwen and Shuey Ryon Ryon
"Published: Apr 21, 2022 10:54 PM",Suspension of HK chief executive candidate’s YouTube sparks urge to impose Anti-Foreign Sanctions Law
"Published: Apr 21, 2022 11:58 PM Updated: Apr 22, 2022 03:37 PM","Young Chinese in new era confident, able to realize 'national rejuvenation': white paper"
"Published: Apr 22, 2022 12:03 AM","Sherman to discuss China with EU partners, but ‘won’t succeed’ in swaying China or alienating it"
"Published: Apr 22, 2022 12:11 AM",Japan seeks to 'expand its ambitions' amid Ukraine crisis with defense minister tour to the US 
"Published: Apr 22, 2022 02:47 AM",Shanghai rolls out campaign in decisive battle against raging COVID-19
"Published: Apr 22, 2022 10:20 AM",President Xi Jinping wrote a letter in reply to 15 senior professors from University of Science and Technology Beijing
"Published: Apr 22, 2022 12:16 PM Updated: Apr 23, 2022 07:37 AM",UPDATE: Shanghai shipyard to resume production following epidemic after PLA implies imminent launch of 3rd aircraft carrier
"Published: Apr 22, 2022 03:46 PM Updated: Apr 22, 2022 03:38 PM",China makes great strides in judicial reforms over the past decade: officials
"Published: Apr 22, 2022 04:19 PM Updated: Apr 22, 2022 04:07 PM",Shanghai enters 'decisive battle' to stamp out infections within communities; doubles down control measures and testing
"Published: Apr 22, 2022 05:34 PM Updated: Apr 22, 2022 05:20 PM",Xinjiang regional govt guarantees all workers’ rights to be protected: spokesperson
"Published: Apr 22, 2022 06:00 PM",Xi unanimously elected delegate to 20th CPC National Congress
"Published: Apr 22, 2022 06:10 PM Updated: Apr 22, 2022 06:07 PM",Sherman’s criticism against China for “supporting” Russia a cliché and old trick of throwing mud : FM spokesperson
"Published: Apr 22, 2022 09:59 PM Updated: Apr 22, 2022 09:52 PM","Three shots of inactivated COVID-19 vaccine effectively reduces severity of Omicron symptoms , shortens recovery period: study"
"Published: Apr 23, 2022 12:08 AM","Beijing faces high risk of COVID-19 infection as four COVID-19 patients, 10 silent coronavirus carriers found "
"Published: Apr 23, 2022 11:30 AM",Deepened ties with China prove Solomon Islands on right side of history: Solomons PM
"Published: Apr 23, 2022 12:13 PM",Xi encourages whole Chinese society to read more
"Published: Apr 23, 2022 03:25 PM Updated: Apr 23, 2022 11:59 PM","PLA Navy celebrates 73rd birthday with half dozen new warships, conspicuous hint on third aircraft carrier"
"Published: Apr 23, 2022 06:08 PM",Xi encourages Chinese society to read more; president's booklist trending on social media
"Published: Apr 23, 2022 06:29 PM",Shanghai builds courier stations supporting delivery personnel
"Published: Apr 23, 2022 07:50 PM",Japan outlines neighbors’ threats in annual diplomatic report as China ‘needs to be on guard’
"Published: Apr 23, 2022 10:25 PM Updated: Apr 24, 2022 12:06 AM","Beijing takes swift, strict measures amid latest COVID flare-up"
"Published: Apr 23, 2022 10:25 PM","US officials’ warning to China-Solomon Islands cooperation a serious provocation, reveals ‘hooliganism’ and ‘bullying’"
"Published: Apr 23, 2022 10:54 PM Updated: Apr 24, 2022 09:04 AM",Global express giants deny rumors about service suspension in China
"Published: Apr 23, 2022 10:58 PM",Shanghai keeps up decisive battle against Omicron; costs worth it ‘like premium for all 1.4b Chinese’
"Published: Apr 23, 2022 11:30 PM",Demand for TCM soaring in Taiwan amid record spike in cases
"Published: Apr 24, 2022 11:58 AM",US’ blatant threat to Solomon Islands exposes its hegemony and bullying: Chinese Embassy
"Published: Apr 24, 2022 01:01 PM","Chinese FM elaborates on China-proposed Global Security Initiative, stresses nation will always be the backbone of guarding world peace"
"Published: Apr 24, 2022 05:44 PM",China eyes near-Earth asteroid defense system
"Published: Apr 24, 2022 06:21 PM Updated: Apr 24, 2022 06:15 PM","Shanghai flare-up claimed 87 lives, sees increasing cluster infections at construction sites, companies"
"Published: Apr 24, 2022 07:02 PM Updated: Apr 24, 2022 11:22 PM","China’s home-built aircraft carrier Shandong starts 1st maintenance, refurbishment: media reports"
"Published: Apr 24, 2022 08:57 PM Updated: Apr 24, 2022 11:19 PM",China marks 7th Space Day amid busy mission schedule 
"Published: Apr 24, 2022 09:10 PM"," From community work to balcony concert, foreign volunteers lend a hand in Shanghai’s anti-epidemic battle"
"Published: Apr 24, 2022 09:42 PM",Acute hepatitis found in children among 12 nations grips nerves of Chinese public
"Published: Apr 24, 2022 10:01 PM Updated: Apr 24, 2022 10:59 PM"," US, EU show keener interest in French elections, ‘reflect West’s anxiety’"
"Published: Apr 24, 2022 10:12 PM","Shanghai flare-up develops at 'high level,' sees increasing cluster infections at construction sites"
"Published: Apr 24, 2022 10:56 PM",Beijing district to test 3.5m residents amid new surge; officials pledge sufficient supplies
"Published: Apr 24, 2022 11:18 PM","US low profile over Ukraine visit exposes differences between Kiev, Washington"
"Published: Apr 24, 2022 11:14 PM","Japan warned of worsening regional, global security as FM promises a stronger military in visit to US carrier"
"Published: Apr 25, 2022 12:01 AM",12 chief commanders and designers of China's missiles make their public debut after retirement
"Published: Apr 25, 2022 12:21 AM",Supermarkets extend business hours; online platforms increase staff amid Beijing virus surge
"Published: Apr 25, 2022 02:49 AM",Shanghai investigates more unauthorized suppliers of household goods during community lockdown
"Published: Apr 25, 2022 11:37 AM Updated: Apr 25, 2022 11:35 AM",Evolved sub-variant of Omicron found in cases detected in E.China's Yantai
"Published: Apr 25, 2022 12:49 PM",Xi visits Renmin University of China ahead of Youth Day
"Published: Apr 25, 2022 01:22 PM","Sufficient supply, stable prices… Beijing markets well-prepared for fighting COVID surge"
"Published: Apr 25, 2022 01:39 PM Updated: Apr 25, 2022 01:34 PM",Shanghai apartment manager apprehended for profiting from selling donated materials
"Published: Apr 25, 2022 02:36 PM Updated: Apr 25, 2022 02:31 PM",New round of citywide nucleic acid testing necessary to stamp out community infections in Shanghai
"Published: Apr 25, 2022 02:51 PM",Xi congratulates Emmanuel Macron on re-election as French president
"Published: Apr 25, 2022 07:01 PM",FM refutes Australia’s repeated smear on China-Solomon Islands security pact
"Published: Apr 25, 2022 08:22 PM",Highlights of President Xi's visits to universities ahead of China's Youth Day in recent years
"Published: Apr 25, 2022 08:47 PM","Shanghai makes initial progress in combating Omicron, facing challenges in treating severe cases: senior expert"
"Published: Apr 25, 2022 08:53 PM",Beijing’s COVID-19 tally soars to 70 in four days; transmission chains basically clear
"Published: Apr 25, 2022 09:38 PM Updated: Apr 25, 2022 10:20 PM","US promises more military aid to Ukraine as political gesture, ‘nothing significant to change battleground situation’"
"Published: Apr 25, 2022 09:35 PM Updated: Apr 25, 2022 10:25 PM",Beijing fights new surge with ensured supplies
"Published: Apr 25, 2022 09:39 PM Updated: Apr 25, 2022 10:21 PM","Macron’s victory a ‘relief’ for EU and US, for now"
"Published: Apr 25, 2022 09:59 PM","Chinese mainland detects Omicron BA.2.3 for 1st time, 'not likely to affect epidemic control'"
"Published: Apr 25, 2022 10:08 PM",China's legislation development in the past decade
"Published: Apr 25, 2022 10:19 PM","China sums up achievements on legal system in past decade, outlining strength of whole-process people's democracy"
"Published: Apr 25, 2022 10:42 PM","S.Korean delegation visits Japan for policy consultation, faces need to 'balance ties between China and US'"
"Published: Apr 25, 2022 11:00 PM","Beijing launches mass testing for nearly 90% of its population, 'timely, decisive and necessary'"
"Published: Apr 25, 2022 11:11 PM",India opens Raisina Dialogue to expand global influence; topics show balancing between China and West
"Published: Apr 25, 2022 11:10 PM",Senior designer of COMAC dies of sudden illness in Shanghai
"Published: Apr 25, 2022 11:31 PM","Shanghai expats find creative ways to boost morale, bond with locals in Omicron fight"
"Published: Apr 26, 2022 12:51 AM",Shanghai city dwellers develop new bonds as they barter goods amid lockdown
"Published: Apr 26, 2022 02:26 AM","Seeing island states as its 'vassals,' Australia has been closely following rampant hegemony of the US in South Pacific region for decades"
