﻿"Published: Jan 22, 2020 09:15 PM Updated: Feb 21, 2022 09:10 AM",Real-time update on coronavirus outbreak
"Published: Feb 15, 2022 11:15 PM Updated: Feb 18, 2022 01:10 PM",China reaches record high gold medal haul at Beijing 2022
"Published: Feb 17, 2022 11:20 PM","China's zero-COVID strategy: minimum costs for maximum gain, economists say"
"Published: Feb 17, 2022 11:23 PM",Beijing 2022 guards against doping with golden goalkeepers
"Published: Feb 17, 2022 11:32 PM",Central govt sends 1st expert team to HK to help fight city’s acute epidemic surge
"Published: Feb 18, 2022 12:16 AM",China poised to succeed in Winter Olympics COVID-19 test
"Published: Feb 18, 2022 12:36 AM",Spreading false information and hyping potential Russian invasion of Ukraine only adds obstacles to dialogue: Chinese FM
"Published: Feb 18, 2022 12:49 AM",China establishes office to promote exports of the FC-31 stealth fighter
"Published: Feb 18, 2022 10:55 AM",Shanghai police begin probe into confirmed COVID-19 case that illegally crossed border from Hong Kong
"Published: Feb 18, 2022 02:00 PM","Multiple cities offer cash reward for reports of illegal border crossings from HK following Zhuhai's 100,000-yuan reward amid epidemic concerns"
"Published: Feb 18, 2022 02:37 PM","British Olympic officials 'incredibly pleased' with Beijing Olympic Village, competition venues' quality"
"Published: Feb 18, 2022 03:52 PM",Closed-loop management of the Beijing 2022 very successful: IOC head Bach
"Published: Feb 18, 2022 05:04 PM",Chinese scrambling for Beijing Winter Olympics commemorative coins
"Published: Feb 18, 2022 06:00 PM",Chinese PLA transport aircraft arrives in Solomon Islands with anti-epidemic supplies
"Published: Feb 18, 2022 06:42 PM","HKSAR postpones Chief Executive Election to May, prepares for mass nucleic tests"
"Published: Feb 18, 2022 06:43 PM",China fulfills commitment to host green Olympics through action; leaves ‘sustainable Olympic legacy’ 
"Published: Feb 18, 2022 06:58 PM",China opposes ‘coercive diplomacy’ of US in pushing MCC compact in Nepal
"Published: Feb 18, 2022 09:14 PM",We don't have the right to choose our food: Taiwan residents oppose as DPP lifts bans on eggs from avian flu-hit Japan
"Published: Feb 18, 2022 09:48 PM",Mainland tech giants donate millions to help HK amid pandemic surge
"Published: Feb 18, 2022 10:01 PM",Domestic production makes winter sports less elitist in China
"Published: Feb 18, 2022 10:04 PM","China grabs record 8 golds at Beijing 2022, while global winter sports win 1.4 billion supporters"
"Published: Feb 18, 2022 10:26 PM","Exclusive: China expected to have more Winter Olympians, but hard to have another such ‘special’ Su Yiming: Japanese coach Sato"
"Published: Feb 18, 2022 11:03 PM",Xi sends congratulatory letter to CPC-Sri Lankan parties conference on bilateral ties
"Published: Feb 18, 2022 11:24 PM","HK postpones Chief Executive Election amid epidemic, strives to meet mass testing, quarantine demands with mainland aid"
"Published: Feb 19, 2022 12:20 AM",GT survey shows 99% of respondents have watched Winter Olympics
"Published: Feb 19, 2022 12:31 AM",China will handle EU challenge at WTO in accordance with rules: Ministry of Commerce
"Published: Feb 19, 2022 12:39 PM","Beijing 2022 closing ceremony focuses on athletes, dual Olympic city: directing team"
"Published: Feb 19, 2022 03:45 PM",China kicks off mixed doses of booster vaccination
"Published: Feb 19, 2022 04:36 PM","Olympic flagship store on Tmall receives 7,000 preorders of gold Bing Dwen Dwen necklace in two hours"
"Published: Feb 19, 2022 09:03 PM","As Winter Olympics draws to an end, foreign athletes share memorable moments, special bonds with Chinese people"
"Published: Feb 19, 2022 09:57 PM Updated: Feb 19, 2022 11:58 PM",Be each other’s bridge: China’s figure skating pair Han Cong/Sui Wenjing wins Olympic gold
"Published: Feb 19, 2022 11:13 PM","'Flawless! Wonderful!' Samaranch praises Beijing 2022, thanks organizing committee, volunteers, and closed-loop system for Winter Olympics"
"Published: Feb 20, 2022 12:45 AM","Chinese FM Wang Yi calls for diplomatic solution, not hyping war over Ukraine issue"
"Published: Feb 20, 2022 10:21 AM","Gao Tingyu, Xu Mengtao to be flag bearers of Chinese delegation at closing ceremony"
"Published: Feb 20, 2022 03:39 PM",The success of Beijing 2022 is historic: BOCOG chief
"Published: Feb 20, 2022 07:44 PM",Figure skating stars bid farewell to Beijing Games with spectacular show
"Published: Feb 20, 2022 08:04 PM",Chinese President Xi Jinping and IOC President Thomas Bach attend the closing ceremony of the Olympic Winter Games Beijing2022
"Published: Feb 20, 2022 08:41 PM",Vast majority of 437 positive cases in ‘safest’ closed loop of Beijing Games didn't need medical treatment: organizing committee
"Published: Feb 20, 2022 08:49 PM",Intl Winter sports talents contribute to Chinese team’s best ever performance in history at Beijing Games
"Published: Feb 20, 2022 09:15 PM",Car-hailing driver turns in fugitive after receiving call from police 
"Published: Feb 20, 2022 09:31 PM",Chicken closing its eyes in bliss over $30 bath goes viral 
"Published: Feb 20, 2022 09:36 PM",Mom shocked to find daughter bringing over 100 cosmetics to school
"Published: Feb 20, 2022 10:21 PM Updated: Feb 21, 2022 02:02 PM",‘Together for a shared future’: 2022 Olympics highlight genuine friendship beyond borders
"Published: Feb 20, 2022 11:06 PM",Ukraine crisis 'could escalate' but all-out war unlikely: experts
"Published: Feb 20, 2022 11:28 PM","Bidding farewell to Beijing 2022 with tears, hugs and hope"
"Published: Feb 20, 2022 11:20 PM",US’ attempt to woo Pacific islands serves its regional interests after realizing Western power vacuum in region
"Published: Feb 20, 2022 11:18 PM",Pakistan's acquisition of Chinese J-10C fighter jets significant for both sides: analysts
"Published: Feb 20, 2022 11:29 PM",Lighting equipment of Beijing 2022 closing ceremony 100% made in China: chief lighting designer
"Published: Feb 20, 2022 11:57 PM",Aid from mainland to Hong Kong brings Wuhan experience against epidemic
"Published: Feb 21, 2022 12:06 AM",Australia's accusation of PLA vessel's laser deployment 'false mud-throwing at China'
"Published: Feb 21, 2022 12:20 AM",17-day Beijing Winter Olympics successfully closes curtain on Sunday. What's left for Chinese people and the world?
"Published: Feb 21, 2022 12:58 PM",Chinese capital releases letter of thanks to 21m Beijingers for contributions to successfully hosting Olympics
"Published: Feb 21, 2022 01:27 PM",Inner Mongolia's Hohhot sees COVID-19 spike fueled by days of hidden transmission
"Published: Feb 21, 2022 05:04 PM",China takes countermeasures against US military firms
"Published: Feb 21, 2022 06:00 PM","China vows to take countermeasures against Raytheon, Lockheed Martin for US’ arms sale plan to Taiwan"
"Published: Feb 21, 2022 06:01 PM Updated: Feb 21, 2022 08:41 PM",China to send largest delegation ever with 96 athletes to Beijing Winter Paralympics
"Published: Feb 21, 2022 06:26 PM Updated: Feb 22, 2022 12:48 AM",UPDATE: Australia’s claim about PLA vessel’s laser deployment false: Chinese authorities
"Published: Feb 21, 2022 09:05 PM","China sees COVID-19 surges caused by multiple,'invisible' sources of infection"
"Published: Feb 21, 2022 09:20 PM",Recent Chinese-S.Korean negative sentiment is temporary as friendly cooperation remains mainstream: Chinese envoy
"Published: Feb 21, 2022 09:34 PM",Japanese volunteer hopes to cheer on Chinese counterparts for Paralympic Games
"Published: Feb 21, 2022 10:05 PM",COVID-19 infections in Hong Kong reach record high; 'vaccine pass' to be rolled out
"Published: Feb 21, 2022 10:18 PM","China's Z-20 helicopter enters armed police service, offers mobility in anti-terrorist missions"
"Published: Feb 21, 2022 10:24 PM Updated: Feb 21, 2022 11:10 PM","Beijing begins Paralympics preparations, highlighting humanity, warmth and considerable care"
"Published: Feb 21, 2022 10:52 PM","France to host 1st ministerial meeting on Indo-Pacific, eyes ‘leading role’"
"Published: Feb 21, 2022 10:57 PM Updated: Feb 22, 2022 09:35 AM",China shows its rejuvenation path to world via Winter Olympics 14 years after Beijing 2008
"Published: Feb 21, 2022 11:09 PM Updated: Feb 21, 2022 11:38 PM","Olympic volunteers, logistical staff saluted for excellent work that made ‘truly exceptional’ Beijing event possible"
"Published: Feb 21, 2022 11:21 PM",'First foreigner labeled as China state-affiliated media' calls unfair Western coverage of China part of systemic slander campaign
"Published: Feb 21, 2022 11:30 PM","Beijing sends off Olympians in safe, orderly manner "
"Published: Feb 21, 2022 11:36 PM",'Hard to say goodbye' to Bing Dwen Dwen as Beijing Winter Olympics end
"Published: Feb 21, 2022 11:53 PM","DPP to probe Chinese Taipei athlete for wearing uniform of Team China, a 'typical case of political crackdown on sports'"
"Published: Feb 21, 2022 11:57 PM","50 years after Nixon's historic visit, China to be more connected with world 'but US could be more isolated'"
"Published: Feb 22, 2022 01:04 AM","Reputation of deceased heroes, martyrs and role models like Yuan Longping should be protected"
"Published: Feb 22, 2022 01:25 AM","China's Type 055 large destroyer Lhasa conducts live-fire drills, enhances combat capabilities"
"Published: Feb 22, 2022 01:48 AM",Hong Kong's dynamic zero tolerance 'still our policy': top epidemiologist
"Published: Feb 22, 2022 02:27 AM",Beijing Winter Games show new possibility of simultaneously carrying out COVID-19 controls and opening to the world: Zhang Wenhong
"Published: Feb 22, 2022 11:49 AM",Top anti-corruption body calls for officials to draw lesson from Zhou Jiangyong's case
"Published: Feb 22, 2022 11:35 AM",China calls on all parties concerned on Ukraine issue to solve disputes by peaceful means at UNSC emergency meeting
"Published: Feb 22, 2022 12:55 PM Updated: Feb 22, 2022 10:03 PM","Chinese Foreign Minister calls on all parties on Ukraine issue to remain restrained, resolving disputes through peaceful means"
"Published: Feb 22, 2022 01:29 PM","Cost of raising a child until age 18 in China 6.9 times China's GDP per capita, higher than US, France and Germany: report"
"Published: Feb 22, 2022 02:06 PM",Auspicious 20220222: Chinese rush to get married on Feb 22 of 2022
"Published: Feb 22, 2022 03:59 PM","Chinese FM calls on all parties to remain calm, resolve Ukraine issue through dialogue"
"Published: Feb 22, 2022 05:47 PM","Omicron hits Wuhan, centered on cosmetics staff training"
"Published: Feb 22, 2022 05:49 PM","Chinese FM calls on all parties to remain calm, resolve Ukraine issue through dialogue"
"Published: Feb 22, 2022 06:33 PM",Hong Kong to test 7.3 million residents for COVID-19    
"Published: Feb 22, 2022 07:17 PM",Communities in Beijing launch mass nucleic acid testing after reports of four cases related to Wuhan
"Published: Feb 22, 2022 08:50 PM","How US media, liberal or conservative, turn Beijing Winter Olympics into another feather in their anti-China campaign cap"
"Published: Feb 22, 2022 09:17 PM Updated: Feb 23, 2022 02:44 PM","China handles complex Ukraine crisis with caution, principle"
"Published: Feb 22, 2022 10:00 PM","Russian, Ukrainian, French, UK embassies turn to Chinese Twitter-like Weibo for statements on Ukraine situation"
"Published: Feb 22, 2022 10:46 PM","Security guards, couriers among top 10 positions seeing labor shortage in China"
"Published: Feb 22, 2022 11:13 PM",Canada's description of demonstrators as ‘threat to democracy’ a blatant double standard: Chinese FM
"Published: Feb 22, 2022 11:38 PM",S.Korean celebrities should help ease negative feelings among Chinese and S.Koreans instead of pouring fuel over the fire
"Published: Feb 22, 2022 11:51 PM",Indian media sow discord with maritime road map hype against China
"Published: Feb 22, 2022 11:55 PM",Zhejiang aiming to boost development of sport
"Published: Feb 23, 2022 12:05 AM",PLA vessels to wrap up relief supplies delivery to Tonga
"Published: Feb 23, 2022 12:41 AM",Veteran diplomat Lu Kang takes over as China's new ambassador to Indonesia
"Published: Feb 23, 2022 10:18 AM Updated: Feb 23, 2022 10:15 AM",China urges Japan to restrain diplomats from activities inconsistent with their capacity
"Published: Feb 23, 2022 01:17 PM",DPP's so-called sympathy for Ukraine 'self-serving': spokesperson
"Published: Feb 23, 2022 02:08 PM Updated: Feb 23, 2022 11:54 PM","Exclusive: Evidence of US monitoring 45 countries, regions exposed by Chinese cybersecurity experts for the 1st time"
"Published: Feb 23, 2022 02:13 PM",Global Times’ online petition demands US return money to Afghans
"Published: Feb 23, 2022 02:44 PM",Chinese expert calls for nationwide campaign to fight women trafficking
"Published: Feb 23, 2022 03:59 PM",17 officials punished in woman trafficking case in East China
"Published: Feb 23, 2022 05:21 PM",Shenzhen police investigate company for cross-border transportation against anti-epidemic rules as HK infections rise
"Published: Feb 23, 2022 05:52 PM","Wuhan tests over 720,000 residents as 23 COVID-19 infections reported in three days"
"Published: Feb 23, 2022 08:16 PM",PLA Navy's corvette transfers to coast guard ‘reflect development of both forces’
"Published: Feb 23, 2022 09:04 PM","How can US ‘gift’ to Nepal be delivered by ultimatum, asks Chinese FM"
"Published: Feb 23, 2022 10:03 PM",Exclusive: Hong Kong takes mainland zero-COVID policy as ‘successful’; advised to take stricter measures: HK Hospital Authority chief
"Published: Feb 23, 2022 11:51 PM",DPP's Taiwan-Ukraine comparison self-indulging: mainland official 
"Published: Feb 24, 2022 12:12 AM",Giant panda-lending program widely endeared among animal and peace lovers despite frail voice of politicization
"Published: Feb 24, 2022 12:09 AM",Western sanctions won’t help solve Ukraine crisis: FM
"Published: Feb 24, 2022 01:17 AM",Figures released by IOC confirm the success of the Beijing Winter Olympics
