﻿"Published: Jan 22, 2020 09:15 PM Updated: Mar 28, 2022 09:00 AM",Real-time update on coronavirus outbreak
"Published: Mar 17, 2022 08:44 PM",What is the US hiding in the biolabs discovered in Ukraine?
"Published: Mar 23, 2022 11:45 PM Updated: Mar 25, 2022 10:04 PM",Ukraine crisis instigator: US-led NATO reneges on ‘Not one inch eastward’ promise to compress Russia’s space to the extreme
"Published: Mar 24, 2022 10:09 PM","Totally false information that China has 'prior knowledge, acquiescence, or connivance' on Russia's military operation: Ministry of Defense"
"Published: Mar 24, 2022 10:33 PM","More China Eastern Boeing 737 wreckage and remains of victims found, possibility of damage to the stored data of first black box not ruled out"
"Published: Mar 24, 2022 10:39 PM","Chinese FM visits Afghanistan, shows nation's role in easing humanitarian crisis"
"Published: Mar 24, 2022 11:51 PM",GT Investigates: Behind the online translation campaign are a few Chinese-speaking badfaith actors fed by antagonistic Western media
"Published: Mar 25, 2022 01:52 AM",Official in Shandong removed from post over improper behavior
"Published: Mar 25, 2022 10:23 AM Updated: Mar 25, 2022 11:16 AM",Second black box not found yet: Xinhua
"Published: Mar 25, 2022 10:55 AM","NATO needs to reflect on itself, reject Cold War mentality: Chinese Mission to the EU"
"Published: Mar 25, 2022 01:58 PM",Shanghai health authorities send condolences over nurse who died of asthma
"Published: Mar 25, 2022 02:11 PM",Chinese tourism city Huangshan offers tea-picking jobs for unemployed tour guides to 'tide over current difficulties'
"Published: Mar 25, 2022 03:14 PM","Taiwan's DPP sends delegation to Japan after being rejected by IAEA, on mission to defend food imports from nuclear-affected areas: source"
"Published: Mar 25, 2022 03:23 PM",N.Korea's latest test launch showcases capability in developing ICBMs as deterrent to US threat: analyst
"Published: Mar 25, 2022 05:28 PM Updated: Mar 27, 2022 07:56 AM",Xi stresses shared responsibility in regional stability during rare phone call with SK president-elect
"Published: Mar 25, 2022 07:00 PM",Preliminary investigation report to be submitted to ICAO within 30 days after crash: officials 
"Published: Mar 25, 2022 09:36 PM",Chip industry faces foreign capital flight as Taiwan authority ‘plays with fire’
"Published: Mar 25, 2022 09:58 PM",China fires back at NATO’s ill intention on Ukraine crisis amid anniversary of Yugoslavia bombing
"Published: Mar 25, 2022 10:03 PM Updated: Mar 25, 2022 10:18 PM",Lost control of plane could have led to crash: experts
"Published: Mar 25, 2022 10:48 PM","China, India stress managing border dispute, urge Ukraine peace and dialogue during Wang Yi's visit"
"Published: Mar 25, 2022 11:11 PM",Shanghai sees highest daily increase in asymptomatic cases amid calls for home quarantine
"Published: Mar 26, 2022 03:14 AM","Xi-Johnson talks stress need for cooperation, show China’s mutually trusted communication with Russia, Europe amid Ukraine crisis"
"Published: Mar 26, 2022 07:48 AM",State councilor guides emergency response work for plane crash
"Published: Mar 26, 2022 10:43 AM",Xi talks with British PM over phone
"Published: Mar 26, 2022 10:44 AM",Xi talks with South Korean president-elect over phone
"Published: Mar 26, 2022 02:27 PM",US Embassy in China promotes Nazi-whitewashing Ukrainian organization
"Published: Mar 26, 2022 02:52 PM Updated: Mar 26, 2022 11:26 PM",Shanghai can't be locked down; nucleic acid and antigen self-testing an exploration for the city: official
"Published: Mar 26, 2022 04:30 PM Updated: Mar 27, 2022 07:54 AM",China and India should put border issues at a proper position in bilateral ties: Chinese Foreign Minister
"Published: Mar 26, 2022 04:59 PM",No signs of life near the crash site after repeated search: CCTV
"Published: Mar 26, 2022 06:51 PM","No survivors found, black box yet to be recovered, says search team on China Eastern crash"
"Published: Mar 26, 2022 10:15 PM Updated: Mar 27, 2022 12:38 PM",All 132 on board crashed MU5735 confirmed dead: official
"Published: Mar 27, 2022 10:54 AM Updated: Mar 27, 2022 02:32 PM",Second data recorder of crashed Boeing 737-800 plane is found
"Published: Mar 27, 2022 11:29 AM",China opposes any attempt to undermine Nepal's sovereignty and engage in geopolitical games in the country: FM Wang Yi
"Published: Mar 27, 2022 11:36 AM","China’s internet watchdog urges platforms to clean rumors, false messages about crashed MU5735"
"Published: Mar 27, 2022 02:22 PM Updated: Mar 27, 2022 02:34 PM",China holds event to mourn plane crash victims
"Published: Mar 27, 2022 04:59 PM","Tianzhou-2 cargo spacecraft detaches from China’s space station, to re-enter atmosphere "
"Published: Mar 27, 2022 05:16 PM",The exterior of data storage unit of the second black box from crashed flight MU5735 remains intact: official
"Published: Mar 27, 2022 07:42 PM",US practices new war concepts with 100+ drills near China: think tank report
"Published: Mar 27, 2022 08:13 PM",HK needs comprehensive review on public health crisis response: Lam
"Published: Mar 27, 2022 09:13 PM Updated: Mar 27, 2022 10:33 PM",Biden makes US tensions with Russia ‘personal’; calling for ‘regime change’ in a nuclear power dangerous: expert
"Published: Mar 27, 2022 09:56 PM Updated: Mar 28, 2022 09:20 PM",Instability brewer: Behind every war and turmoil in the world is shadow of the Star-Spangled Banner
"Published: Mar 27, 2022 10:13 PM","Chinese people mourn crash victims, hope two black boxes provide more clues to cause of tragedy"
"Published: Mar 27, 2022 10:21 PM","Morrison declines to meet new Chinese envoy, continues anti-China rhetoric to boost re-election bid"
"Published: Mar 27, 2022 10:22 PM","More than 14m residents complete ‘rapid, convenient’ antigen self-testing, more to come"
"Published: Mar 27, 2022 10:59 PM",Japan PM’s talk with US envoy in Hiroshima on Russian nuclear threat mocked for insulting A-bomb victims
"Published: Mar 27, 2022 10:42 PM",China Eastern starts compensation process for crashed MU5735
"Published: Mar 27, 2022 11:44 PM",Chinese FM stresses support in safeguarding each other’s core interests in meeting with Nepali leaders
"Published: Mar 27, 2022 11:28 PM",PLA Marine Corps holds amphibious landing drills with the world's largest hovercraft
"Published: Mar 27, 2022 11:46 PM","Shanghai to close communities, suspend transportation in half city for mass testing"
"Published: Mar 28, 2022 12:14 AM","Chinese ancient temple on fire, an alert on further needed measures to protect cultural relics from fire hazards"
"Published: Mar 28, 2022 01:34 AM",The commemoration of Zheng Chenggong's recovery of Taiwan reaffirmed the one-China principle
"Published: Mar 28, 2022 01:19 PM Updated: Mar 28, 2022 01:07 PM",NE China’s Jilin builds 19 makeshift hospitals amid surging COVID-19 infections
"Published: Mar 28, 2022 01:23 PM","Shanghai carries out staggered lockdown, vows to ensure sufficient daily commodities in closed-loop management"
"Published: Mar 28, 2022 03:37 PM",President Xi Jinping pays tribute to victims killed in MU5735 plane crash
"Published: Mar 28, 2022 05:13 PM",DNA identification of 132 victims of the crashed plane has been completed
"Published: Mar 28, 2022 05:53 PM","China donates tents, aid packages, school bags to Afghanistan in cooperation with UNHCR"
"Published: Mar 28, 2022 06:52 PM","‘Taiwan is not Ukraine,’ linking the two is to create new crisis across Taiwan Straits: Chinese FM"
"Published: Mar 28, 2022 07:51 PM","US, Philippines hold largest joint military drills in years ‘with different goals’"
"Published: Mar 28, 2022 08:26 PM","GT investigates: Who are the mouthpieces of US-led war of public opinion on “Chinese dams’ threats” along Mekong River, and what are their typical methods?"
"Published: Mar 28, 2022 09:15 PM",Shenzhou-13 taikonauts to head home after 6-month stay in orbit
"Published: Mar 28, 2022 09:16 PM Updated: Mar 28, 2022 09:30 PM","China to host meeting of Afghanistan’s neighbors to tackle humanitarian needs, urge US return Afghan assets"
"Published: Mar 28, 2022 09:45 PM","Chinese population of first-marrieds halves over the past 7 years, indicating extremely low birth rates"
"Published: Mar 28, 2022 09:48 PM",China’s quest for new ways to handle Omicron
"Published: Mar 28, 2022 10:08 PM",Large destroyer Nanchang holds live-fire cross-regional drills
"Published: Mar 28, 2022 10:22 PM"," 'Bully' Australia coerces Pacific island countries, smears China's role in the region"
"Published: Mar 28, 2022 10:53 PM",China's Ministry of Emergency Management vows to resolutely curb major accidents after plane crash
"Published: Mar 28, 2022 11:04 PM","Ukraine 'prepared to discuss neutrality,' but referendum 'won't solve sticking points'"
"Published: Mar 28, 2022 11:06 PM","Shanghai enters partial ‘pause’, vows sufficient daily supplies "
"Published: Mar 28, 2022 11:41 PM",Visit by ASEAN ministers shows willingness to cooperate with China rather than serving US interests
"Published: Mar 29, 2022 01:16 AM",Man in NE China sentenced to 9 months for injuring staff amid COVID-19 prevention
"Published: Mar 29, 2022 01:58 AM",No natural reproduction of Chinese sturgeon detected for 5 years: experts
"Published: Mar 29, 2022 12:23 PM",Asia refuses to be chessboard in game of major powers: Wang Yi
"Published: Mar 29, 2022 06:21 PM",China’s new rocket makes successful maiden flight
"Published: Mar 29, 2022 06:28 PM",Changchun authority apologies for short supply of vegetables amid soaring COVID-19 outbreak
"Published: Mar 29, 2022 07:11 PM Updated: Mar 30, 2022 11:24 AM","NATO's actions belie its words in accepting Ukrainian refugees, causing more chaos and humanitarian disasters"
"Published: Mar 29, 2022 07:52 PM",Shale oil being developed on large scale on Qinghai-Xizang Plateau
"Published: Mar 29, 2022 08:05 PM",Man arrested after organizing others to illegally cross into Shenzhen from Hong Kong
"Published: Mar 29, 2022 08:11 PM",China lodges representations with Australia over repatriation of Chinese students
"Published: Mar 29, 2022 08:30 PM",Mainland TCM experts arrive in Hong Kong to help fighting COVID-19
"Published: Mar 29, 2022 08:49 PM","NED to host democracy meeting in Taiwan, ‘a poison to incite separatism’: Chinese FM"
"Published: Mar 29, 2022 09:12 PM",Alleged PLA Navy ship’s port call in Djibouti ‘contributes to regional stability’
"Published: Mar 29, 2022 08:54 PM",Trade protectionism will damage US’ own interests: FM
"Published: Mar 29, 2022 09:18 PM Updated: Mar 30, 2022 10:25 AM","Russian, US officials to attend meeting in China on Afghan situation, amid China’s efforts to mediate heated issues"
"Published: Mar 29, 2022 10:30 PM",China toughens up to battle COVID as local cases surpass 70k in mainland since March
"Published: Mar 29, 2022 11:47 PM","Russia promises reduced military activity, as Ukraine proposes 'neutral' status at talks"
"Published: Mar 29, 2022 11:46 PM",Fossil found on edge of the roof of the world reveals an owl active during the day 6 million years ago
"Published: Mar 29, 2022 11:57 PM Updated: Mar 30, 2022 10:25 AM",Biden mired in credibility crisis on Ukraine amid attempt to seek defense spending boost
"Published: Mar 30, 2022 01:13 AM",China releases guidelines to accelerate development of clean energy bases in Xizang region
"Published: Mar 30, 2022 08:03 AM",Chinese envoy warns of consequences of indiscriminate sanctions over Ukraine conflict
"Published: Mar 30, 2022 09:47 AM","Extreme sanctions inflict mutual harm, lead to unrelated parties paying for Ukraine crisis: Chinese Foreign Minister"
"Published: Mar 30, 2022 03:28 PM","China, EU to hold 23rd leaders' meeting via video on Friday"
"Published: Mar 30, 2022 03:48 PM",China’s solid rocket Long March-11 makes 12th successful launch
"Published: Mar 30, 2022 04:26 PM","Xi to meet EU leaders virtually on Friday, discuss global affairs"
"Published: Mar 30, 2022 05:24 PM",2nd-round mass testing to be conducted in half of Shanghai as positive cases outside closed-loop management exist
"Published: Mar 30, 2022 06:20 PM",China to continue playing constructive role in promoting de-escalation of Ukraine crisis: FM
"Published: Mar 30, 2022 06:55 PM Updated: Mar 30, 2022 06:51 PM",Study by Chinese researchers confirms Pfizer’s oral COVID-19 drug Paxlovid effective
"Published: Mar 30, 2022 07:30 PM",COVID-hit Jilin urged to fix loopholes in anti-epidemic work
"Published: Mar 30, 2022 07:50 PM",Securing food security
"Published: Mar 30, 2022 07:42 PM","PLA fighter jets hold cross-regional drills over 5,000km, show capabilities"
"Published: Mar 30, 2022 08:30 PM",NBA games return to China’s state broadcaster after 17 months’ absence
"Published: Mar 30, 2022 08:57 PM",‘Vampires’ in the war: US warmongers feeding on the bloody turbulence in other countries. 
"Published: Mar 30, 2022 09:33 PM",More than ten marriage certificates found at MU5735 crash site
"Published: Mar 30, 2022 09:58 PM","Biden peddles ‘Indo-Pacific’ strategy to Singapore's Lee, but ASEAN members ‘aware US targeting China’"
"Published: Mar 30, 2022 09:49 PM",Japan’s watering down of wartime atrocities will never hide truth: Chinese FM
"Published: Mar 30, 2022 10:03 PM","Xi to meet EU leaders virtually at key summit, to inject positive energy to world amid Ukraine crisis"
"Published: Mar 30, 2022 11:51 PM",Australia continues to boost defense budget amid ‘naive ambition’ of weaponizing self for US strategy
"Published: Mar 30, 2022 11:44 PM","Wang meets Lavrov in China, hails ties as withstanding test of changing intl situation"
"Published: Mar 30, 2022 11:52 PM",Chinese 'Rainbow' drone to be used for exploration of geological resources in Qinghai-Xizang Plateau
"Published: Mar 31, 2022 12:20 AM",Shanghai enters static management as cases keep surging; life necessity supplies and medical services for residents stressed: officials
"Published: Mar 31, 2022 01:56 AM",HK govt refutes inaccurate statements on the independence and impartiality of judges after two UK magistrates resign
