﻿"Published: Jan 22, 2020 09:15 PM Updated: Jun 06, 2022 09:06 AM",Real-time update on coronavirus outbreak
"Published: Apr 16, 2022 10:38 AM Updated: Jun 05, 2022 01:00 PM",Launch history of manned missions to space by Long March-2F carrier rockets
"Published: May 30, 2022 12:05 AM Updated: May 30, 2022 12:00 AM",China commits to caring for women’s health and eliminating menstruation stigma
"Published: May 30, 2022 01:49 AM",Third COVID-19 testing lab investigated in Beijing's current outbreak
"Published: May 30, 2022 12:14 PM Updated: May 30, 2022 11:54 PM",Chinese customs steps up monkeypox monitoring after WHO labels it 'moderate risk'
"Published: May 30, 2022 01:29 PM",Xi delivers written remarks at China-Pacific Island Countries Foreign Ministers' Meeting
"Published: May 30, 2022 01:38 PM",Xi calls for advancing study of Chinese civilization
"Published: May 30, 2022 05:46 PM","Xi praises new HK chief John Lee for his patriotism, conveys central govt's trust in meeting in Beijing"
"Published: May 30, 2022 06:04 PM Updated: May 30, 2022 06:01 PM",Update: Publisher apologizes for incorrect use of picture of Japanese soldier to depict Chinese model soldier in a reference book
"Published: May 30, 2022 06:17 PM","Shanghai to lift lockdown on June 1, residential compounds will reopen, private cars, public transport systems to restart"
"Published: May 30, 2022 06:44 PM","Fosun releases data of first clinical trial in Chinese adults, showing robust results"
"Published: May 30, 2022 09:35 PM","China donates 10m doses of COVID-19 vaccine, 13m syringes, 2 mobile laboratory vehicles to Myanmar"
"Published: May 30, 2022 09:40 PM","China calls on Switzerland to exclude interferences over free trade upgrade, stresses deal not a gift"
"Published: May 30, 2022 09:37 PM",Chinese cities poised to embrace upcoming festival; stimulus policies to yield positive results in 2022 H2
"Published: May 30, 2022 10:29 PM","Blocking Finnish, Swedish bids shows NATO divergence and Turkey's unique role as a major power: experts"
"Published: May 30, 2022 10:46 PM",Residents welcome normal hustle and bustle as China’s top two cities reemerge from epidemic cautiously but steadily
"Published: May 30, 2022 10:52 PM","China, Pacific Island nations expand cooperation at second FMs’ meeting covering poverty alleviation, climate change and agriculture"
"Published: May 30, 2022 11:11 PM","Shanghai reopens community, transport resumes as city achieves milestones in anti-COVID fight "
"Published: May 30, 2022 11:10 PM","Xi voices 'full trust' for HK new chief, hopes city govt to unveil new changes"
"Published: May 30, 2022 11:26 PM",‘Toxic’ textbooks sound ideological security alarm from infiltration
"Published: May 30, 2022 11:41 PM","False alarm causes NYC stampede, highlights public trauma over mass shootings"
"Published: May 30, 2022 11:41 PM",Beijing reports community-level infection again; 'dynamic zero' remains tough task: officials
"Published: May 30, 2022 11:45 PM Updated: May 30, 2022 11:39 PM",China accuses US of being destroyer of international order
"Published: May 30, 2022 11:47 PM","CNBG gets approval for influenza vaccine as country prepares early for dual risk of flu, COVID-19"
"Published: May 30, 2022 11:49 PM",US keeps manipulating high-profile UN Xinjiang visit to attack China: FM
"Published: May 31, 2022 10:27 AM","Shanghai to fully resume normal production, daily operations from June 1"
"Published: May 31, 2022 03:14 PM Updated: May 31, 2022 03:04 PM","PLA sends 30 warplanes near Taiwan island amid US senator visit, carrier drills"
"Published: May 31, 2022 04:04 PM",Chinese Vice Premier urges solid preparation work for gaokao
"Published: May 31, 2022 06:15 PM Updated: May 31, 2022 06:12 PM",Firefighter variant of China’s large amphibious aircraft AG600 makes 1st flight with new configuration
"Published: May 31, 2022 07:00 PM","Beijing COVID-19 cases fall for 9th day, risks of resurgence persist during holidays"
"Published: May 31, 2022 06:52 PM","Xi stresses efforts to promote children's healthy, all-round development"
"Published: May 31, 2022 07:30 PM",US’ systemic genocide against American Indians shouldn’t be forgotten as US tries to smear China with Xinjiang allegations
"Published: May 31, 2022 07:57 PM",China gets COVID-prevention ready for gaokao with record test takers
"Published: May 31, 2022 08:29 PM","Atmosphere of China-US relations far from normal, extreme anxiety of the US completely unnecessary: Chinese FM  "
"Published: May 31, 2022 09:17 PM",Shanghai embraces new start after 2-month lockdown amid earnest expectations 
"Published: May 31, 2022 09:22 PM",Tested and trusted: CPC scores highly in pandemic ‘test’ en route to leading nation to socialist modernization
"Published: May 31, 2022 09:29 PM","Shanghai-based shipyard in full swing as Omicron abates, 'ready for launch of 3rd aircraft carrier'"
"Published: May 31, 2022 09:47 PM",Xi meets incoming HKSAR chief executive John Lee
"Published: May 31, 2022 10:15 PM",Chinese Defense Minister to attend Shangri-La Dialogue; throws possibility of a meeting with US defense chief into spotlight
"Published: May 31, 2022 10:59 PM",US senator’s trip to Taiwan ‘very dangerous’; PLA sent warplanes
"Published: May 31, 2022 11:22 PM",Shanghai to embrace a brand new start from Jun 1
"Published: May 31, 2022 11:05 PM",Experts call for enhanced management on private nucleic acid testing labs given recent violations
"Published: May 31, 2022 11:40 PM","China, Tonga to deepen ties in disaster relief, agri, health"
"Published: May 31, 2022 11:44 PM","Envoys, experts vow further cooperation amid challenges in the Lancang-Mekong region"
"Published: Jun 01, 2022 12:14 AM",Chinese city revokes unlawful administrative detention for residents who do not take a COVID-19 test after causing controversy
"Published: Jun 01, 2022 12:43 AM","China ready to boost Kiribati's law enforcement ability, unaffected by hyping of ‘failed security deal’: envoy"
"Published: Jun 01, 2022 12:48 AM","Japanese Grandpa Mori produces song to commemorate lockdown life: 'never thought of leaving, be grateful for Shanghai'"
"Published: Jun 01, 2022 01:39 AM",More Chinese students using e-cigarettes
"Published: Jun 01, 2022 11:47 AM",GT on the spot: Shanghai residents embrace and celebrate new start at midnight of June 1
"Published: Jun 01, 2022 02:18 PM",Chinese envoy slams EU's false claim about 'restrictions' during UN human rights chief's visit in China
"Published: Jun 01, 2022 01:53 PM Updated: Jun 01, 2022 01:51 PM","Firefighter killed and 13 injured in restaurant explosion in Changsha, Hunan"
"Published: Jun 01, 2022 02:30 PM Updated: Jun 01, 2022 02:27 PM",Sovereign states have the right to choose how they get along with other countries: King of Tonga responds to China-Tonga cooperation
"Published: Jun 01, 2022 04:44 PM Updated: Jun 01, 2022 04:50 PM",PLA holds three combat drills around Taiwan in one month amid US-Taiwan military collusion 
"Published: Jun 01, 2022 05:21 PM",A 6.1-magnitude earthquake reported in SW China's Sichuan Province
"Published: Jun 01, 2022 08:23 PM","Cooperation between China and PICs targets no third party, seeks no exclusive rights: Chinese Ambassador to Samoa "
"Published: Jun 01, 2022 09:08 PM",China steps up anti-epidemic efforts as Dragon Boat Festival holiday travel peak expected
"Published: Jun 01, 2022 09:26 PM",New Zealand parrots anti-China rhetoric as US exerts greater pressure on S.Pacific with empty talk of assistance
"Published: Jun 01, 2022 09:15 PM",Chinese young pioneers celebrate Children's Day with patriotic lessons
"Published: Jun 01, 2022 09:24 PM","US govt 'biggest producer of terrorism within or outside America,' victims around the world should sue: experts"
"Published: Jun 01, 2022 09:49 PM Updated: Jun 01, 2022 09:45 PM",Beijing to cautiously return to normal as COVID-19 risks still exist
"Published: Jun 01, 2022 10:12 PM",China won’t accept Philippines accusation on fishing ban
"Published: Jun 01, 2022 10:13 PM Updated: Jun 01, 2022 10:05 PM",6.1-magnitude earthquake causes casualties in Sichuan 
"Published: Jun 01, 2022 10:23 PM",Xi congratulates China Soong Ching Ling Foundation on its 40th anniversary
"Published: Jun 01, 2022 10:39 PM",No chaos or restricted media access during Wang Yi's visit to Pacific island countries: Chinese FM
"Published: Jun 01, 2022 10:37 PM",Xi congratulates China National Children's Center on its 40th anniversary
"Published: Jun 01, 2022 11:10 PM","Roaring back, Shanghai’s exuberance, potential on full display on first day of lockdown lift"
"Published: Jun 01, 2022 11:53 PM",Shanghai remains on high alert over virus resurgence; effective monitoring urged
"Published: Jun 01, 2022 11:55 PM","What did Shanghai people do after lockdown was lifted? Hairdressing, shopping, coffee!"
"Published: Jun 02, 2022 12:32 AM",Macao eases travel requirements for mainland visitors
"Published: Jun 02, 2022 01:20 AM",US scrambles to salvage Summit of the Americas amid distrust over meddling
"Published: Jun 02, 2022 01:51 PM",Updated: Wang Yi to arrive in Papua New Guinea; wide range of bilateral cooperation expected
"Published: Jun 02, 2022 02:06 PM Updated: Jun 02, 2022 02:00 PM",China kicks off construction of most advanced large unmanned ship
"Published: Jun 02, 2022 02:41 PM",China-Japan ties at a crucial crossroads; Tokyo’s handling of Taiwan question serious obstacle to bilateral relations: Chinese envoy
"Published: Jun 02, 2022 06:48 PM","Chinese Foreign Ministry hits back at Blinken, urging US to focus on own domestic problems"
"Published: Jun 02, 2022 07:16 PM","Public places in Beijing to set up COVID reporting mechanism, eat-in dining to remain suspended during Dragon Boat Festival"
"Published: Jun 02, 2022 08:52 PM",Youth of SCO member states hail closer exchanges for better regional prosperity and fight against terrorism
"Published: Jun 02, 2022 11:27 PM","What we do in Pacific Islands is building road and bridge, not increasing military presence: Chinese Foreign Minister"
"Published: Jun 03, 2022 08:03 AM",Rescue underway after earthquake hits China's Sichuan
"Published: Jun 03, 2022 04:58 PM","Most districts in Beijing clear community infection, enter normalized epidemic control era"
"Published: Jun 03, 2022 07:02 PM Updated: Jun 03, 2022 11:36 PM","After Bachelet’s Xinjiang visit fails to support ‘genocide’ allegations, US and UK plot another ‘investigation’ trip"
"Published: Jun 03, 2022 08:35 PM","US flip-flops on ‘Taiwan independence’ wording a big joke, lays bare anxiety over incapacity not matching ambition: experts"
"Published: Jun 03, 2022 10:12 PM","Wang Yi proposes 3 points for developing ties with S.Pacific countries, urges Australia to stop viewing China as an adversary"
"Published: Jun 03, 2022 10:42 PM",Wang Yi summarizes bilateral-multilateral ‘two-wheel drive’ for China-Pacific countries friendship at conclusion of 10-nation visit
"Published: Jun 04, 2022 09:12 AM","Chinese astronauts Chen Dong, Liu Yang and Cai Xuzhe to carry out Shenzhou-14 mission"
"Published: Jun 04, 2022 11:30 AM",The Shenzhou-14 crew for 6-month space station mission
"Published: Jun 04, 2022 11:43 AM","Shenzhou-14 mission to head for China Space Station on Sunday, to complete construction of national space lab"
"Published: Jun 04, 2022 12:51 PM",Two coaches of a bullet train derail in SW China due to mudslide; driver died
"Published: Jun 04, 2022 03:17 PM",Highlights of Shenzhou-14 Mission
"Published: Jun 04, 2022 08:27 PM Updated: Jun 04, 2022 08:18 PM",Beijing enters mop-up phase after latest COVID-19 outbreak; students expected to return to school soon
"Published: Jun 04, 2022 10:42 PM Updated: Jun 04, 2022 10:40 PM",Wang Yi meets Timor-Leste President on last day of Pacific Island countries visit
"Published: Jun 05, 2022 07:59 AM",Shenzhou-14 mission: Send-off ceremony held for astronauts
"Published: Jun 05, 2022 10:46 AM",Shenzhou-14 manned spaceflight mission launched from Jiuquan; taikonaut crew heads to Tianhe space station core module for a six-month stay
"Published: Jun 05, 2022 11:03 AM",Beijing to reopen dining in restaurants in most districts from June 6 as city further eases COVID restrictions
"Published: Jun 05, 2022 11:05 AM",Shenzhou-14 spacecraft delivers three taikonauts to China Space Station to complete national space lab construction
"Published: Jun 05, 2022 11:07 AM","China successfully launches Shenzhou-14 manned spacecraft, 577 seconds after take-off"
"Published: Jun 05, 2022 12:31 PM",Exclusive: Canadian warplanes provoke China with close-in recon over E.China Sea; claims that China buzzing military flights not true: source
"Published: Jun 05, 2022 12:44 PM",Quotes from Chinese President Xi Jinping on environmental protection
"Published: Jun 05, 2022 07:55 PM","PLA aircraft deal with Canadian, Australian provocative close-in recon in East and South China Seas"
"Published: Jun 05, 2022 08:37 PM","Young CPC member inherits Saihanba spirit of strong sense of mission, arduous work, green development"
"Published: Jun 05, 2022 08:51 PM","NATO kicks off drills in Stockholm with prospective members, endless expansion casts shadow over global security"
"Published: Jun 05, 2022 08:57 PM",Saihanba is vivid reflection of  ‘lucid waters and lush mountains are invaluable assets’: expert
"Published: Jun 05, 2022 08:59 PM","China’s economic recovery on fast track for H2 in 2022 as Beijing, Shanghai lift COVID restrictions"
"Published: Jun 05, 2022 09:01 PM","Shenzhou-14 crew moves into Tianhe, kicking off ‘most complicated’ manned space mission to date"
"Published: Jun 05, 2022 09:30 PM","Train derailment sounds alarm for road, rail networks as flood season in S.China comes"
"Published: Jun 05, 2022 09:36 PM",Drones deployed on aircraft carrier Shandong; 'more advanced tech to come soon'
"Published: Jun 05, 2022 10:04 PM",More than a hundred COVID-19 silent carriers reported in NE China’s border city
"Published: Jun 05, 2022 10:22 PM",Japan warned of rise of militarism as air-raid sirens sound on 81st anniversary of its savage bombings in Chongqing
"Published: Jun 05, 2022 11:11 PM","Japan nibbles at one-China principle with ‘dangerous’ plan to send active-duty military staff to Taiwan, consequences far beyond ‘ties deterioration’"
"Published: Jun 05, 2022 11:13 PM",Beijing to stick to dynamic zero-COVID policy in its cleanup phase against COVID-19
"Published: Jun 06, 2022 03:14 AM",Chinese ambassador to India revisits Chennai to follow up summit's spirit; bilateral relations 'have opportunities for breakthrough'
