﻿"Published: Jan 22, 2020 09:15 PM Updated: May 16, 2022 09:00 AM",Real-time update on coronavirus outbreak
"Published: May 11, 2022 10:17 PM",China urges US to stop eroding one-China principle after State Department revisions
"Published: May 11, 2022 10:38 PM",Tedros’ remarks on China’s zero-COVID ‘irresponsible’
"Published: May 11, 2022 10:40 PM Updated: May 11, 2022 10:38 PM",Top political advisor hopes youth in Taiwan island contribute to national reunification
"Published: May 11, 2022 10:41 PM",Shanghai refutes rumor about household disinfection
"Published: May 11, 2022 11:09 PM Updated: May 11, 2022 11:10 PM","Time for US to lift China tariffs, ‘toxic’ monetary policy biting global economy"
"Published: May 11, 2022 10:59 PM",47% of infertile women in 9 low and middle income countries suffer intimate partner violence in their lifetime: study
"Published: May 12, 2022 12:25 AM",Four trustees of fund supporting rioters arrested for suspicion of violating national security law: HK media
"Published: May 12, 2022 02:18 AM","China, Pakistan vow to defeat conspiracies intended to destroy bilateral relationship"
"Published: May 12, 2022 11:23 AM","Beijing orders more residents to work from home, cuts taxi services to curb COVID flare-up"
"Published: May 12, 2022 11:25 AM Updated: May 12, 2022 11:23 AM",All 113 passengers and 9 crew evacuated in the flight that veered off the runway and caught fire at Chongqing Airport
"Published: May 12, 2022 02:23 PM Updated: May 12, 2022 11:54 PM",Philippine President-elect expresses confidence in China ties in meeting with Chinese envoy who delivers Xi’s congratulatory message
"Published: May 12, 2022 02:37 PM Updated: May 12, 2022 02:30 PM",Little Chinese girl’s analysis of Russia-Ukraine conflict through the perspective of Romance of Three Kingdom receives praise from Philippine Foreign Affairs Secretary
"Published: May 12, 2022 03:06 PM Updated: May 12, 2022 02:57 PM",Wenchuan people thriving 14 years after devastating earthquake
"Published: May 12, 2022 04:03 PM",Shanghai’s epidemic situation further stabilized with fewer daily cases
"Published: May 12, 2022 04:07 PM Updated: May 12, 2022 04:01 PM",Shanghai authority praises contribution of nurses in Omicron outbreak on International Nurses Day
"Published: May 12, 2022 06:02 PM",China refutes West's irresponsible remarks on arrest of HK cardinal in the case of funding rioters
"Published: May 12, 2022 06:47 PM Updated: May 12, 2022 06:43 PM",Hongkongers see double standard in UK’s forcing through new anti-protest offences
"Published: May 12, 2022 06:55 PM Updated: May 12, 2022 06:53 PM",Aussie politicians urged to stop distorting facts and blaming China by slamming China-Solomons security pact: Chinese FM
"Published: May 12, 2022 07:13 PM",US COVID-19 deaths surpass 1 million
"Published: May 12, 2022 08:25 PM","PLA Navy holds 1st dual amphibious assault ship drills, ‘gains powerful new instrument in reunification’"
"Published: May 12, 2022 08:27 PM Updated: May 13, 2022 11:00 AM",N.Korea reports first death from COVID-19; China stands ready to help it combat outbreak
"Published: May 12, 2022 08:52 PM","Taiwan authorities attend US-led COVID meeting amid new surge, ‘an ironic farce’"
"Published: May 12, 2022 08:54 PM",‘Fantastic Four’: How four Shanghai residents contribute to anti-epidemic work with unique professional skills
"Published: May 12, 2022 10:25 PM Updated: May 12, 2022 11:25 PM",US eyes ‘luring’ ASEAN to ‘decouple from China’ with its Indo-Pacific economic framework
"Published: May 12, 2022 10:33 PM","Beijing refutes rumors of lockdown, reassures of adequate food supplies amid hoarding"
"Published: May 12, 2022 10:30 PM","NATO northward expansion further threatens Europe, world security as Finland, Sweden on verge of membership bid"
"Published: May 12, 2022 11:19 PM",‘Lip service’ Biden admin urged to take real action against pandemic
"Published: May 12, 2022 11:10 PM",Full text of Xi Jinping's speech at ceremony marking centenary of Communist Youth League of China
"Published: May 12, 2022 11:12 PM",Ceremony marking the Centenary of the Communist Youth League of China
"Published: May 12, 2022 11:16 PM",The polluted 'blood red' river in Guangxi is again clean and clear with no impact on the ecosystem
"Published: May 12, 2022 11:18 PM",China’s economic development in the past decade
"Published: May 12, 2022 11:49 PM","Japan's joint statement with EU hyping 'China threat' detrimental to its own, regional security: experts"
"Published: May 13, 2022 02:08 AM",Astronomers unveil first image of black hole at the heart of the Milky Way
"Published: May 13, 2022 02:24 AM",Beijing juvenile courts reprimand 137 guardians for problematic family education
"Published: May 13, 2022 11:19 AM",China immigration authorities debunk disinformation over alleged heavy-handed border controls
"Published: May 13, 2022 02:46 PM","Shanghai aims zero COVID-19 cases at community level by mid-May; schools, public traffics to resume gradually"
"Published: May 13, 2022 09:13 PM","A million COVID deaths expose US systematic failures, as Americans call for more than flags at half-mast to save lives"
"Published: May 13, 2022 09:29 PM","15-minute circle of testing services constructive to fight Omicron in cities, as Shanghai expects to see zero community infections by mid-May"
"Published: May 13, 2022 09:50 PM","Chinese scientists find extract from TCM effective to treat COVID, ready to kick off clinical trials"
"Published: May 13, 2022 09:42 PM",New Sri Lanka PM to steadfastly push forward BRI projects in the country
"Published: May 13, 2022 10:02 PM","Biden’s summit pushes ASEAN to confront China, runs counter to their interest"
"Published: May 13, 2022 09:59 PM",From online groups to anti-China outlets: how rumors were created about ‘China suspending or cutting up people’s passports’
"Published: May 13, 2022 11:23 PM","NED unveiled as main supporter of farce, disinformation, rumors related to Xinjiang"
"Published: May 13, 2022 11:41 PM",Chinese expert slams Australia for hyping ‘spy ship’ to win votes before election
"Published: May 14, 2022 12:24 AM","RCEP, China-Laos Railway to give rise to Made in Laos: state container transport operator"
"Published: May 14, 2022 02:49 AM","Food stocks, delivery capacity increased in Beijing to ensure sufficient supply of daily necessities"
"Published: May 14, 2022 03:08 AM",Beijingers volunteer for strengthened dynamic-zero measures in arduous Omicron fight
"Published: May 14, 2022 12:23 PM",COMAC completes first test flight of first home-made C919 aircraft to be delivered
"Published: May 14, 2022 12:43 PM Updated: May 16, 2022 08:20 PM",GT Investigates: US failure in epidemic control drives burnout among medics in two-year COVID battle
"Published: May 14, 2022 02:49 PM",13 missing travelers in Yunnan rescued safe and sound
"Published: May 14, 2022 02:51 PM Updated: May 14, 2022 04:38 PM",Shanghai closes half of city-level makeshift hospitals but warns of epidemic rebounds in some old neighborhoods
"Published: May 14, 2022 03:42 PM","2023 AFC Asian Cup, scheduled to be held next year in China, will be hosted elsewhere due to epidemic: organizer"
"Published: May 14, 2022 08:16 PM","Beijing’s Fangshan district imposes stay-at-home order, suspends bus, subway, car hailing services as cluster infections emerge"
"Published: May 15, 2022 10:18 AM Updated: May 15, 2022 10:08 AM",Pakistan vows to bring criminals to justice at memorial service for Chinese teachers killed in terrorist attack
"Published: May 15, 2022 10:45 AM","Shanghai to restart business, services operation in phases, after one-and-half-month lockdown"
"Published: May 15, 2022 12:49 PM",China’s domestically developed airship sets world’s highest record of atmospheric science observation
"Published: May 15, 2022 04:29 PM","Xi's article on major theoretical, practical issues in China's development to be published"
"Published: May 15, 2022 04:42 PM",District authority in Shanghai apologizes after disinfection pills cause residents’ sore throat and headache
"Published: May 15, 2022 05:40 PM",Western countries’ knowledge about pandemic prevention remained stuck at the 1918 level: Austrian scholar
"Published: May 15, 2022 05:43 PM",FAST FACTS: The ‘Sequelae’ After Loosening Anti-Virus Measures In Europe
"Published: May 15, 2022 07:07 PM Updated: May 15, 2022 06:58 PM","China’s 2nd large destroyer passes comprehensive test, ‘fully ready for far sea missions’"
"Published: May 15, 2022 07:30 PM","Beijing’s Fengtai district suspends operations of all indoor recreational, fitness venues and training institutions"
"Published: May 15, 2022 08:05 PM",All-out rescue continues for missing 3-year-old boy who fell into sewer drain
"Published: May 15, 2022 08:25 PM",Xi sends congratulatory message to new UAE president
"Published: May 15, 2022 08:41 PM Updated: May 15, 2022 08:25 PM",​E.China's Zhejiang gives options to users to shut off calls from overseas to combat telecom frauds
"Published: May 15, 2022 08:45 PM",Surge of Omicron cases in Taiwan ‘result of DDP’s political manipulation over anti-epidemic work’
"Published: May 15, 2022 09:50 PM","Beijing reports four clusters of infections, continues mass testing in 12 areas"
"Published: May 15, 2022 10:14 PM Updated: May 17, 2022 07:14 PM","GT Investigates: Higher infection and mortality, increasing ethnic violence, unemployment, and deep-rooted racism in the US deprive minorities of a present and a future"
"Published: May 15, 2022 10:38 PM",US’ notorious record of gun violence deaths
"Published: May 15, 2022 11:09 PM","Shanghai restarts business and services in phases, with more than 10,000 commercial outlets in operation"
"Published: May 15, 2022 11:58 PM","Exclusive: Not China but US, Japan try to turn Okinawa into ‘battlefield’ again, says Japanese observer who refutes ‘China threat’ theory"
"Published: May 15, 2022 11:48 PM",What recovery from COVID-19 looks like and what are the long-term effects? Chinese patients share their stories of long COVID
"Published: May 16, 2022 12:17 AM","NATO expansion with Finland, Sweden’s bid tips balance, adds uncertainty to Europe"
"Published: May 16, 2022 02:31 AM","'Fourth dose' or combination vaccine being evaluated in China: Gao Fu, head of the Chinese CDC"
"Published: May 16, 2022 10:21 AM","Shanghai vice mayor says city will resume normal life in June; daily new cases drop under 1,000 for first time"
"Published: May 16, 2022 05:52 PM Updated: May 16, 2022 05:46 PM",Shanghai restarts businesses and services in phases with multiple districts rolling out resumption plans
"Published: May 16, 2022 07:17 PM",Shanghai details plan of resuming normalcy in June
"Published: May 16, 2022 07:48 PM","Chinese provinces, cities start training to prevent pilots, air traffic controllers from becoming rusty amid light air traffic"
"Published: May 16, 2022 07:53 PM","China's Z-20 chopper sling-loads all-terrain vehicle for 1st time, can transport 'artillery, drones'"
"Published: May 16, 2022 09:10 PM",Chinese premier urges bringing Karachi terrorist attackers to justice
"Published: May 16, 2022 10:05 PM",China should invest more resources on COVID-19 prevention to avoid treatment pressure: health chief
"Published: May 16, 2022 10:46 PM",White supremacists: US’ biggest domestic terrorism
"Published: May 16, 2022 11:25 PM",Modi’s visit to Nepal aimed at exerting soft power to calm angry nerves: Chinese experts
"Published: May 16, 2022 11:26 PM",Strange black circles in Chengdu sky caused by electrical facility failure: officials
"Published: May 16, 2022 11:40 PM","Taiwan changes computerized war games to map-based simulation, shows ‘lack of confidence, self-deception'"
"Published: May 17, 2022 12:01 AM",CSTO leaders meet in Moscow to tackle threats of terrorism and ‘color revolution’ 
"Published: May 17, 2022 12:14 AM","Pakistan busts fresh terrorist attack on Chinese convoy, as leaders vow joint counterterrorism efforts"
"Published: May 17, 2022 12:41 AM",Port city of Tianjin responds to cold-chain related outbreak in time to prevent virus from spreading
"Published: May 17, 2022 02:26 AM",Neo-Nazi website influencing Buffalo shooter with .cn domain registered through proxy company and not under govt content review
"Published: May 17, 2022 10:16 AM",All 16 districts in Shanghai report no new COVID-19 positive cases at the community level
"Published: May 17, 2022 12:51 PM",China reports first case of highly transmissible Omicron subvariant from overseas
"Published: May 17, 2022 12:52 PM Updated: May 17, 2022 12:48 PM",Men and women in NE China’s Dalian to take nucleic acid tests on Tuesday and Thursday respectively to improve detection timeliness
"Published: May 17, 2022 01:50 PM Updated: May 17, 2022 01:47 PM",Over 500 infections in one week: Small county in SW China's Sichuan grapples with Omicron surge
"Published: May 17, 2022 06:43 PM",Beijing requires merchants at wholesale agricultural markets to take daily COVID-19 tests
"Published: May 17, 2022 07:03 PM Updated: May 17, 2022 06:59 PM",Company shuts down Neo-Nazi website with .cn domain after being unknowingly exploited in wake of Buffalo shooting  
"Published: May 17, 2022 07:23 PM",China establishes world's largest higher education system with 240 million college graduates
"Published: May 17, 2022 07:32 PM Updated: May 17, 2022 07:25 PM",Chinese FM urges Japan to immediately stop construction of nuclear wastewater discharge project
"Published: May 17, 2022 07:42 PM",China's latest large helicopter AC313A makes maiden flight
"Published: May 17, 2022 07:42 PM","UNICEF unveils a mock convenience store to bring attention to children’s food environments, as part of a ‘Know Your Food’ campaign"
"Published: May 17, 2022 08:33 PM","HK chief executive-elect unveils govt restructuring plan, accepts Lam’s proposals in full"
"Published: May 17, 2022 08:31 PM",Talent cultivation on 'new path with Chinese characteristics' as nation establishes world's largest higher education system
"Published: May 17, 2022 09:30 PM",US media frames Taiwan-born California shooter as ‘mainland Chinese in hate crime’
"Published: May 17, 2022 09:51 PM",Vaccinated people can develop stronger antibody responses against COVID-19 variants: study
"Published: May 17, 2022 10:11 PM","India increases presence on Afghan issue by hosting SCO meeting, shows Asian consensus on security"
"Published: May 17, 2022 10:28 PM",China’s fiscal and taxation development in the past decade
"Published: May 17, 2022 11:34 PM","US envoy reveals Biden's true purpose of targeting China by Asia visit, but experts say 'countries don't easily buy it'"
"Published: May 17, 2022 11:43 PM",Beijing seafood market closes temporarily due to coronavirus
"Published: May 18, 2022 12:31 AM",Shanghai's crackdown on rumors about COVID-19 epidemic prevention and control starts to take effect
"Published: May 18, 2022 02:38 AM",Chinese cities train and hire large numbers of nucleic acid testers
