﻿"Published: Mar 29, 2022 09:17 AM",Biden administration proposes 6.9 bln USD in FY 2023 budget for countering Ukraine war
"Published: Mar 29, 2022 09:19 AM","Turkish president to meet Ukrainian, Russian delegations before talks in Istanbul"
"Published: Mar 29, 2022 09:20 AM",Russia's airstrike hits oil depot in Ukraine's northwest
"Published: Mar 29, 2022 09:20 AM","Oil prices drop amid demand concerns, optimism about Russia-Ukraine talks"
"Published: Mar 29, 2022 12:57 PM",Actor Will Smith apologizes on China’s social media Weibo for slapping comedian Chris Rock at the Oscars 
"Published: Mar 29, 2022 03:46 PM","Russia, Ukraine start new round of peace talks: media"
"Published: Mar 29, 2022 03:48 PM","Erdogan: Turkey Ready to Arrange Putin-Zelensky Meeting, Facilitate Russia-Ukraine Talks"
"Published: Mar 29, 2022 04:29 PM",UN envoy warns of Sudan’s collapse
"Published: Mar 29, 2022 04:32 PM",Singapore court rejects Malaysian’s appeal in noted execution case
"Published: Mar 29, 2022 04:35 PM",Brazil’s Bolsonaro hospitalized after feeling unwell: press
"Published: Mar 29, 2022 04:45 PM",Heavy rains trigger evacuations
"Published: Mar 29, 2022 04:48 PM",Ghana reopens borders to boost flagging local economy
"Published: Mar 29, 2022 04:51 PM",Canada advancing small nuclear reactors to reduce GHG emission
"Published: Mar 29, 2022 04:55 PM",Fighting against starvation
"Published: Mar 29, 2022 04:58 PM",Biden proposes 20% wealth tax
"Published: Mar 29, 2022 05:03 PM",Conference of Israel-Arab FMs will be annual: Lapid
"Published: Mar 29, 2022 05:11 PM",At least 20 people shot dead at Mexican cockfighting ring involving criminal gangs
"Published: Mar 29, 2022 09:38 PM Updated: Mar 29, 2022 08:55 PM","Russia, Ukraine end 1st day talks in Istanbul: media"
"Published: Mar 29, 2022 09:40 PM Updated: Mar 29, 2022 09:03 PM","Russian military to significantly reduce hostilities near Kiev, Chernihiv"
"Published: Mar 30, 2022 07:59 AM",Russia expels 10 diplomats of Baltic states in retaliation
"Published: Mar 30, 2022 07:59 AM",Ukraine in talks with int'l partners over fuel supplies: PM
"Published: Mar 30, 2022 08:00 AM","Putin, Macron discuss situation in Ukraine over phone"
"Published: Mar 30, 2022 08:01 AM",Ukraine puts indirect losses from conflict with Russia at over 1 trln USD
"Published: Mar 30, 2022 08:01 AM",Oil prices drop amid positive signs from Russia-Ukraine peace talks
"Published: Mar 30, 2022 08:02 AM","Ukrainian president says signals from peace talks ""positive"""
"Published: Mar 30, 2022 08:02 AM","12 killed, 33 injured in Russia's airstrike on Ukraine's regional administration building"
"Published: Mar 30, 2022 08:04 AM",US dollar skids amid progress in Russia-Ukraine peace talks
"Published: Mar 30, 2022 04:13 PM",8 UN peacekeepers killed in DR Congo
"Published: Mar 30, 2022 04:18 PM",Gun attacks kill 5 near Tel Aviv as officials condemn violence
"Published: Mar 30, 2022 04:21 PM",Saudi-led coalition announces new Yemen cease-fire
"Published: Mar 30, 2022 04:39 PM",US COVID-19 funds drying up
"Published: Mar 30, 2022 04:42 PM",Australia PM seeks to sell voters on Budget breaks
"Published: Mar 30, 2022 04:44 PM",Brazil’s Bolsonaro discharged from hospital and ‘ready for combat’
"Published: Mar 30, 2022 04:49 PM",Achieve connectivity
"Published: Mar 30, 2022 05:13 PM",Canada announces climate plan
"Published: Mar 30, 2022 05:16 PM",Giant ice volcanoes identified on Pluto: study
"Published: Mar 30, 2022 05:20 PM","Qatar to invest $5 billion in Egypt, eyes potential offshore gas exploration"
"Published: Mar 30, 2022 08:25 PM",Ukraine sets up three humanitarian corridors
"Published: Mar 31, 2022 08:00 AM","Zelensky, Biden discuss support for Ukraine over phone"
"Published: Mar 31, 2022 08:04 AM","Ukraine confirms partial withdrawal of Russian troops from Kiev, Chernihiv directions"
"Published: Mar 31, 2022 08:12 AM","Biden says U.S. to give Ukraine 500 mln USD in ""direct budgetary aid"""
"Published: Mar 31, 2022 08:17 AM","Putin, Scholz in telephone call discuss gas payment issues, Russia-Ukraine talks"
"Published: Mar 31, 2022 08:19 AM","Russia redeploys troops from Kiev, Chernihiv directions to east: Ukraine's security chief"
"Published: Mar 31, 2022 08:20 AM","Egypt, Ukraine leaders discuss Russia-Ukraine peace talks over phone"
"Published: Mar 31, 2022 08:21 AM",Italian PM calls for Russia-Ukraine ceasefire in phone call with Putin
"Published: Mar 31, 2022 11:43 AM",Unmasking The Superpower: Vampires in the war
"Published: Mar 31, 2022 04:27 PM",Biden under fire over immigration crisis
"Published: Mar 31, 2022 04:30 PM",Palestinians rally to mark 46th Land Day anniversary
"Published: Mar 31, 2022 04:32 PM","Indigenous Aussie suicide, incarceration rates rise"
"Published: Mar 31, 2022 04:32 PM","Conserving 30% of the land, sea by 2030 just the beginning"
"Published: Mar 31, 2022 04:38 PM",405 mln schoolchildren missing
"Published: Mar 31, 2022 05:05 PM",Saudi-led bloc refutes human-rights violations
"Published: Mar 31, 2022 05:09 PM",El Salvador boosts jail time for gang members after rash of murders
"Published: Mar 31, 2022 05:17 PM",Hubble spots star 12.9b lys away
"Published: Mar 31, 2022 05:26 PM",People raised in cities are worse at navigation
"Published: Mar 31, 2022 05:31 PM",LatAm ministers map pathway to transform agri-food systems at FAO conference
"Published: Apr 01, 2022 09:03 AM",Russia bans top EU officials from entry
"Published: Apr 01, 2022 09:03 AM","Erdogan, Zelensky discuss Ukraine crisis over phone"
"Published: Apr 01, 2022 09:07 AM",Ukraine's nuclear power plants switch from Moscow to Paris directorate
"Published: Apr 01, 2022 09:08 AM",Zelensky says Turkey ready to become guarantor of Ukraine's security
"Published: Apr 01, 2022 09:10 AM",Ukraine tells IAEA Russian forces leaving Chernobyl plant
"Published: Apr 01, 2022 03:31 PM Updated: Apr 01, 2022 10:13 PM","Governor says Ukrainian helicopters attacked oil depot in Russia, causing fire"
"Published: Apr 01, 2022 05:51 PM","Ukraine, Russia to resume peace talks Friday: Ukrainian media"
"Published: Apr 01, 2022 10:51 PM",Russia-Ukraine peace talks resume in online format
"Published: Apr 02, 2022 08:19 AM","Ukraine, Russia conduct prisoner swap"
"Published: Apr 02, 2022 05:53 PM","New evidence shows US-funded biolabs used to attack Donbass, Russia: RT"
"Published: Apr 03, 2022 08:24 AM",Draft documents ready for discussion by presidents: Ukrainian chief negotiator
"Published: Apr 03, 2022 05:13 PM",Ukraine's Odesa comes under airstrike
"Published: Apr 03, 2022 05:19 PM","Ukraine retakes ""whole Kiev region"": deputy defense minister"
"Published: Apr 04, 2022 07:46 AM",Serbian President Vucic declares 2nd mandate after elections
"Published: Apr 05, 2022 01:53 PM",WHO warns severe air pollutions
"Published: Apr 05, 2022 05:04 PM",Carbon cuts must come now: UN
"Published: Apr 05, 2022 05:07 PM",Coldest April day in 75 years hits rural France
"Published: Apr 05, 2022 05:10 PM","West Africa faces historic food crisis driven by conflict, surge in prices"
"Published: Apr 05, 2022 05:18 PM",Jackson boost to US Democrats
"Published: Apr 05, 2022 05:21 PM",Indigenous protest camp erected in Brazil’s capital
"Published: Apr 05, 2022 05:24 PM",S.Africa ends all COVID-19 legal restrictions amid struggling economy
"Published: Apr 05, 2022 05:42 PM",Rainbow Nation?
"Published: Apr 05, 2022 05:48 PM",One arrested after California shooting
"Published: Apr 05, 2022 05:51 PM","After Yemen truce, two fuel ships enter rebel-held Hodeida"
"Published: Apr 05, 2022 05:53 PM",Macron’s far-right rival reaches all-time high in latest poll
"Published: Apr 05, 2022 08:48 PM Updated: Apr 05, 2022 08:00 PM",Ukraine sets up 7 humanitarian corridors
"Published: Apr 05, 2022 08:49 PM",Over 20 bln USD of int'l aid allocated for Ukraine: central bank chief
"Published: Apr 05, 2022 09:22 PM","Cold War schemer: Reminiscing in its past ‘victory,’ US brings color revolutions to 21st century to maintain its hegemony"
"Published: Apr 05, 2022 10:35 PM Updated: Apr 05, 2022 09:15 PM",Putin-Zelensky meeting possible only after treaty ready: Kremlin
"Published: Apr 06, 2022 07:56 AM",Ukraine's National Guard retakes control of Chernobyl nuclear power plant
"Published: Apr 06, 2022 08:14 AM",Iconic China-gifted bridge opens in Manila
"Published: Apr 06, 2022 04:53 PM",US Fed wants inflation reduced
"Published: Apr 06, 2022 04:56 PM",Opposition in Armenia rallies against govt’s land handling
"Published: Apr 06, 2022 04:59 PM",Israel’s Gantz speaks with Palestinian President Abbas for Ramadan
"Published: Apr 06, 2022 05:02 PM",Funding to combat pandemics needed
"Published: Apr 06, 2022 05:07 PM",NASA delays final test for moon shot
"Published: Apr 06, 2022 05:10 PM",Brazil to hold first offshore wind tender by October
"Published: Apr 06, 2022 05:28 PM",Education becomes separator of society
"Published: Apr 06, 2022 05:35 PM",New US sanctions on Iran ‘ill will’
"Published: Apr 06, 2022 05:39 PM",Sri Lanka’s parliament warns crisis risks starvation
"Published: Apr 06, 2022 05:48 PM","France reports over 200,000 COVID-19 cases as presidential elections approach"
"Published: Apr 06, 2022 06:41 PM Updated: Apr 06, 2022 06:01 PM",Ukraine opens 11 humanitarian corridors
"Published: Apr 06, 2022 10:47 PM","India witnesses 14th hike in petrol, diesel prices in half month"
"Published: Apr 06, 2022 11:55 PM Updated: Apr 06, 2022 09:55 PM",Russia-Ukraine talks continue: Kremlin
"Published: Apr 07, 2022 07:46 AM","U.S. imposes sanctions on Russia's major financial institutions, Putin's daughters"
"Published: Apr 07, 2022 07:47 AM","Zelensky says talks with Russia to continue despite ""atrocities"" of Russian military"
"Published: Apr 07, 2022 07:51 AM",Ukrainian president orders formal halt of trade with Russia
