﻿"Published: Jan 22, 2020 09:15 PM Updated: Jul 17, 2022 09:00 AM",Real-time update on coronavirus outbreak
"Published: Jul 06, 2022 12:11 AM",Beautiful Xinjiang in numbers
"Published: Jul 06, 2022 11:54 PM Updated: Jul 13, 2022 08:54 PM",Indentured by hegemony - US builds slavery empire by exploiting other countries
"Published: Jul 11, 2022 03:48 PM Updated: Jul 11, 2022 10:13 PM",All students test negative in same building as Wuhan University’s cholera case
"Published: Jul 11, 2022 09:47 PM Updated: Jul 11, 2022 11:50 PM","UK loses global influence with declining national strength, shaky internal politics"
"Published: Jul 11, 2022 10:38 PM","China's second national botanical garden unveiled in Guangdong, a boost to biological diversity"
"Published: Jul 11, 2022 11:00 PM",Shanghai govt stresses employers cannot fire or refuse to hire employees because of past COVID-19 infection following media reports of work discrimination
"Published: Jul 11, 2022 11:11 PM","China’s first homemade subsea tree for oil drilling put into use in S.China Sea, breaks foreign monopoly"
"Published: Jul 11, 2022 11:34 PM","IMF, other intl institutions urged to take responsibility in tackling Sri Lankan crisis to prevent more nations in Africa, LatAm to follow suits"
"Published: Jul 12, 2022 12:10 AM","Chinese FM stresses no interest in geostrategic jostling in PICs, refutes ‘unfounded’ rumors"
"Published: Jul 12, 2022 01:22 AM","Chinese FM calls on ASEAN to uphold vision of peace, independence, insulate region from geopolitical calculations"
"Published: Jul 12, 2022 04:11 AM",Second CELAC-China Forum on Poverty Reduction and Development to kick off for increased cooperation in post COVID19 era
"Published: Jul 12, 2022 04:21 AM","Beijing set to resume on-site sporting events after a month, as China’s top soccer league ready to embrace spectators again"
"Published: Jul 12, 2022 01:06 PM",Claims linking Kiribati withdrawal with China influence are groundless: Chinese embassy
"Published: Jul 12, 2022 01:29 PM",Xi urges young people across Taiwan Straits to strive for national rejuvenation
"Published: Jul 12, 2022 03:59 PM Updated: Jul 12, 2022 03:51 PM",US consul general’s ‘farewell remarks’ a symbol of US’ bankruptcy of using HKSAR to contain China: Commissioner's office of Chinese FM
"Published: Jul 12, 2022 04:48 PM",Chinese top diplomat says one-China principle is the mainstay of stabilizing Taiwan Straits at ASEAN Secretariat
"Published: Jul 12, 2022 08:46 PM",China-Pakistan joint naval drill enters live-fire phase with participation of both countries’ Type 054A frigates for 1st time
"Published: Jul 12, 2022 09:24 PM","China ready to work with relevant countries, intl financial institutions to help Sri Lanka tackle current difficulties: FM"
"Published: Jul 12, 2022 09:48 PM Updated: Jul 12, 2022 11:55 PM",Iran to obtain full SCO membership in 2023: embassy
"Published: Jul 12, 2022 10:03 PM",Theater in S. China’s Guangdong apologizes for its admission notice banning the entry of visitors with an infection history of COVID-19
"Published: Jul 12, 2022 10:17 PM","HK relieved to bid farewell to US consul Hanscom Smith, a ‘Chris Patten-like politician’ who failed his subversion mission"
"Published: Jul 12, 2022 10:22 PM",Former head of Xi’an emergency center dismissed for afflicting a great negative impact on local COVID-19 prevention efforts
"Published: Jul 12, 2022 10:49 PM","Unification Church linked to Abe’s death, sounds alarm in China over cult group’s infiltration"
"Published: Jul 12, 2022 10:54 PM",Abe’s assassination ‘sounds alarm on bigger political crisis’ of emboldened conservative forces’
"Published: Jul 12, 2022 11:52 PM",Australia to hype ‘China influence’ at regional forum to assert its ‘patriarch’ role against PICs’ interest
"Published: Jul 13, 2022 12:28 AM","Abe leaves ‘complex legacy’ to China-Japan relations, Chinese public opinions reasonable; objective evaluation becomes world’s mainstream when initial shock ebbs away"
"Published: Jul 13, 2022 12:35 AM",Writers of UK think tank's reports on Xinjiang revealed as related to terrorist groups: regional spokesperson
"Published: Jul 13, 2022 12:51 AM","Chinese local govts redress too strict anti-epidemic policies amid central govt, public supervision"
"Published: Jul 13, 2022 01:05 AM Updated: Jul 13, 2022 01:00 AM",Xi urges young people across Taiwan Straits to strive for national rejuvenation
"Published: Jul 13, 2022 01:11 AM",Average life expectancy in China rises to 78.2 years in 2021
"Published: Jul 13, 2022 11:21 AM",Full text of Xi Jinping's letter to young people from Taiwan attending the Straits Youth Forum
"Published: Jul 13, 2022 11:51 AM Updated: Jul 13, 2022 08:11 PM","PLA releases photos of warning away trespassing US warship, shows confidence in tackling navigational hegemony"
"Published: Jul 13, 2022 02:07 PM",143 new COVID cases reported: NW China’s Lanzhou enters a 7-day lockdown
"Published: Jul 13, 2022 05:19 PM Updated: Jul 13, 2022 10:45 PM","At least one dead, two dozen hospitalized amid record-breaking heat in southern China"
"Published: Jul 13, 2022 07:19 PM",Embassy reminds Chinese citizens in Cambodia to stay away from online gambling syndicates
"Published: Jul 13, 2022 08:21 PM",China set to launch Wentian lab module in July: developer
"Published: Jul 13, 2022 08:53 PM","China urges US to respect China’s sovereignty, interests on S.China Sea matter"
"Published: Jul 13, 2022 09:39 PM",Japan warned for strengthening ties with Taiwan secessionists in post-Abe era as Tokyo to send lawmakers to island
"Published: Jul 13, 2022 09:46 PM",Biden’s Mideast trip would find ‘dilemma between confronting Iran and sanctioning Russia’
"Published: Jul 13, 2022 10:20 PM Updated: Jul 14, 2022 12:36 AM",China H1 trade posts resilient growth of 9.4% as economy bounces from Omicron shock
"Published: Jul 13, 2022 10:16 PM",Several Chinese cities temporarily seal off residential compounds amid COVID flare-ups
"Published: Jul 13, 2022 10:17 PM","China and Nicaragua sign free trade agreement, building a government level cooperation mechanism"
"Published: Jul 13, 2022 11:51 PM",Do you wanna visit China again? Chinese netizens launch search campaign for a foreigner who lost photos in Beijing Summer Olympic Games visit
"Published: Jul 13, 2022 11:57 PM","China, S Korea make ‘positive progress’ in talks for 2nd phase FTA despite ‘disturbing factors’"
"Published: Jul 14, 2022 12:35 AM",US rushes sudden interest in PICs in unpopular push to counter China
"Published: Jul 14, 2022 03:12 AM Updated: Jul 13, 2022 07:04 PM","More policies to come to facilitate convenient life in the mainland for HK, Macao SAR residents: Ministry of Public Security"
"Published: Jul 14, 2022 03:44 AM",Chinese premier stresses equal rights of employment for recovered COVID-19 patients
"Published: Jul 14, 2022 10:53 AM",S.China’s Zhuhai refutes lockdown rumor after kindergarten cluster infection
"Published: Jul 14, 2022 11:59 AM Updated: Jul 14, 2022 11:52 AM",N.China Hebei's 100-day campaign targeting illegal behaviors arrests 693 suspects and criminals
"Published: Jul 14, 2022 06:40 PM",US ‘escalates provocation’ in South China Sea with carrier operation
"Published: Jul 14, 2022 06:51 PM",China urges Japan to attend to concern of various parties over nuclear-contaminated water dump after Pacific FMs declaration
"Published: Jul 14, 2022 07:39 PM","China, Greece should enhance ties in all areas to excellent level of political bond: senior Greek diplomat"
"Published: Jul 14, 2022 07:41 PM",Close cooperation between China and Greece under the BRI
"Published: Jul 14, 2022 07:53 PM Updated: Jul 14, 2022 09:55 PM",China-UK ties ‘might improve’ with arrival of new PM
"Published: Jul 14, 2022 09:04 PM","China, CELAC to deepen cooperation on poverty reeducation in fresh sign of growing ties"
"Published: Jul 14, 2022 09:10 PM","CoronaVac approved in Brazil for children aged 3-5, effective in reducing disease, death from Omicron: company"
"Published: Jul 14, 2022 09:38 PM",Latest Omicron-fueled Lanzhou flare-up shows upward trend with transmission detected in communities
"Published: Jul 14, 2022 09:53 PM",Sporadic COVID-19 resurgences in China will not stop economic recovery: expert
"Published: Jul 14, 2022 09:57 PM","EU’s new sanctions against Russia ‘largely symbolic,’ reflects US’ declining leadership"
"Published: Jul 14, 2022 11:02 PM Updated: Jul 15, 2022 12:04 AM","Scorching heatwaves roast China with 900m affected, to persist into August, as authorities, industries brace for intense heat"
"Published: Jul 14, 2022 10:53 PM","Abe’s death exposes long-neglected collusion between politicians and Unification Church in Japan, South Korea"
"Published: Jul 14, 2022 11:06 PM",Shanghai revokes bar's business license after violation of anti-epidemic regulations
"Published: Jul 14, 2022 11:11 PM",PLA’s attack helicopters start routine border patrols in high-altitude Karakoram
"Published: Jul 14, 2022 11:26 PM","South Pacific to be an arena for cooperation, not vicious competition: Chinese FM"
"Published: Jul 15, 2022 12:02 AM",Chinese regulator vows guidance to help address mortgage default risks; ‘tougher regulation urged to clog loophole’
"Published: Jul 15, 2022 12:12 AM",More Chinese volunteers take actions to bring back clearer water and fresh air to Xizang
"Published: Jul 15, 2022 12:21 AM","Xi inspects Urumqi in China's Xinjiang, second visit in eight years"
"Published: Jul 15, 2022 12:55 AM",Exclusive: Japanese journalist returns to a different China after seven years
"Published: Jul 15, 2022 02:00 AM",Assumption of Kiribati’s exit from Pacific Islands Forum a decision coerced by China untrue: Kiribati Secretary of FM
"Published: Jul 15, 2022 09:29 AM","Xi stresses making Xinjiang Production and Construction Corps stronger, more prosperous"
"Published: Jul 15, 2022 02:11 PM","Four seafood samples test positive for cholera virus in Wuhan, unrelated to the previous case"
"Published: Jul 15, 2022 07:33 PM","Xi stresses implementing Party's policies on Xinjiang, highlights stability, security"
"Published: Jul 15, 2022 08:11 PM","Stop abusing China’s restraint on warplane provocations, Chinese FM tells US, Canada & Australia"
"Published: Jul 15, 2022 09:53 PM","US House hypes ‘China threat’ to boost military budget, shows sense of insecurity amid economic woes"
"Published: Jul 15, 2022 10:32 PM Updated: Jul 16, 2022 01:09 AM","China’s H1 GDP up 2.5%, Q2 positive growth in hard-won outcome as nation braves headwinds"
"Published: Jul 15, 2022 10:35 PM","Biden visits Saudi Arabia to woo oil and geopolitical support, but may bring back lower approval rate"
"Published: Jul 15, 2022 11:08 PM",SCO receives application from Belarus; its enlargement ‘essentially different’ from NATO expansion
"Published: Jul 16, 2022 01:05 AM","Xinjiang no longer a remote corner, but a core area, hub in BRI: Xi"
"Published: Jul 16, 2022 01:05 AM","Anhui county in E.China in closed management as 151 positive results discovered in one day; domestic vaccines, drugs send good news"
"Published: Jul 16, 2022 01:38 AM",Dior in controversy again in China over suspicion to copycat traditional Chinese design in Fall 2022 Collection
"Published: Jul 16, 2022 09:43 AM","China urges US, West to stop interfering in Middle East"
"Published: Jul 16, 2022 01:20 PM","China finishes construction of Haiji One, Asia’s first 300-meter deep-water jacket"
"Published: Jul 16, 2022 02:16 PM","China's national carbon market records 194m tons trading volume in one year, making it world's largest"
"Published: Jul 16, 2022 05:22 PM","National Theatre denies ‘tailor-made recruitment’ upon investigation, after admission of young celebrities sparks backlash"
"Published: Jul 16, 2022 05:43 PM Updated: Jul 16, 2022 10:37 PM",Biden admin’s 5th arms sale to Taiwan slammed for double dealing
"Published: Jul 16, 2022 05:52 PM","US warship’s consecutive trespasses into Nansha, Xisha islands ‘exposes own anxiety’"
"Published: Jul 16, 2022 10:09 PM Updated: Jul 16, 2022 10:37 PM",Exclusive: Sri Lanka’s ambassador urges his country’s largest creditors Asian Development Bank and World Bank to take bigger role in debt restructure
"Published: Jul 16, 2022 10:30 PM Updated: Jul 16, 2022 11:00 PM","Shanghai identifies 23,000 close contacts related to infections spread in a karaoke"
"Published: Jul 16, 2022 10:36 PM","Team China bags another gold at 2022 International Maths Olympiad, with all six competitors recording perfect score"
"Published: Jul 16, 2022 11:57 PM","Latest COVID-19 playbook revision ‘an optimization, not a relaxation,’ still valid in combating latest variants: top health experts"
"Published: Jul 17, 2022 10:55 AM",China's Wang Jianan wins men's long jump gold at World Athletics Championships
"Published: Jul 17, 2022 11:42 AM","Specialized rescue, maritime management stationed in China's Nansha Islands & reefs"
"Published: Jul 17, 2022 11:57 AM",A Special Friendship
"Published: Jul 17, 2022 02:14 PM",South Korean newspaper Joongang Ilbo apologizes and reiterates its adherence to One-China principle
"Published: Jul 17, 2022 03:58 PM","Chinese young star gives up position at national theatre, denies taking shortcuts"
"Published: Jul 17, 2022 04:09 PM",Xi Jinping's inspection tour of Xinjiang
"Published: Jul 17, 2022 05:51 PM",Patriotic Education Center launched in Hong Kong as youth education tops agenda of SAR govt 
"Published: Jul 17, 2022 08:30 PM",US ramps up military provocations despite calls to set 'guardrails' in high-level meeting
"Published: Jul 17, 2022 08:36 PM","China’s daily COVID-19 tally nears 600, highest in July"
"Published: Jul 17, 2022 09:04 PM",Biden’s Middle East visit ‘empty- handed’ despite U-turn in stance
"Published: Jul 17, 2022 08:51 PM","Heavy rains, floods in Western China leave at least 12 dead, 12 missing"
"Published: Jul 17, 2022 09:38 PM",S.Korean FM kicks off 'ice-breaking' visit to Japan amid souring public sentiments
"Published: Jul 17, 2022 10:03 PM",Why Western predictions on China were mostly wrong in past decade
"Published: Jul 17, 2022 10:00 PM","China, European countries engulfed in record extreme heat"
"Published: Jul 17, 2022 10:29 PM",US Ambassador nominee's claim that Nepal grants MCC amid 'China's disinformation campaign' baseless and offensive: Chinese embassy
"Published: Jul 17, 2022 10:45 PM","100 million year-old dinosaur footprints discovered at a restaurant in Leshan, SW China’s Sichuan"
"Published: Jul 17, 2022 11:04 PM",Historical relics in Xinjiang Museum show cultural exchanges and integration process since ancient times
"Published: Jul 18, 2022 12:00 AM","China and India hold commander-level talks, marking a positive trend in relations despite remaining differences: observer"
"Published: Jul 18, 2022 12:23 AM","More than 450 infections reported over 5 days in tourist resort in S. China’s Guangxi, leaving over 2,000 stranded"
