﻿"Published: Mar 20, 2022 04:31 PM",Soaring prices lead to Spanish protests
"Published: Mar 20, 2022 04:34 PM",Huthi rebels attack Aramco facility in Saudi: coalition
"Published: Mar 20, 2022 05:19 PM",Popular app Telegram under fire
"Published: Mar 20, 2022 05:21 PM",Egypt unveils ancient tombs in vast Saqqara necropolis
"Published: Mar 20, 2022 05:26 PM",Top Australian scientists commit to plastic waste reduction initiative
"Published: Mar 20, 2022 05:33 PM",US biolabs unacceptable: Putin
"Published: Mar 20, 2022 05:52 PM",4 American troops killed in military plane crash
"Published: Mar 20, 2022 05:57 PM",Liberal Party suffers shock defeat in South Australia ahead of national polls
"Published: Mar 20, 2022 07:00 PM",Two police stations assaulted in southeast Nigeria
"Published: Mar 21, 2022 12:55 AM",'The motherland is behind you': Chinese Ambassador to Ukraine recounts moving details of evacuation mission in Russia-Ukraine conflict
"Published: Mar 21, 2022 02:03 PM",Navruz is a holiday of spring and renewal
"Published: Mar 21, 2022 04:22 PM",An enormous opportunity
"Published: Mar 21, 2022 04:28 PM",Saudi oil output reduced after drone attack
"Published: Mar 21, 2022 04:36 PM",Iran’s leaders praise nationals for defeating US sanction campaign
"Published: Mar 21, 2022 04:43 PM",Spain hit by yet another mass protest over rising prices
"Published: Mar 21, 2022 05:47 PM",Historic nomination in US Senate
"Published: Mar 21, 2022 05:49 PM",UN project to support displaced Somalians
"Published: Mar 21, 2022 05:55 PM","Belgium mourns after vehicle slams into carnival gathering, killing 6"
"Published: Mar 21, 2022 06:26 PM",Great Barrier Reef at risk: report
"Published: Mar 21, 2022 06:28 PM","Germany, Qatar vow to strengthen cooperation"
"Published: Mar 21, 2022 06:30 PM",Sea of ultra-Orthodox Jews in Israel for rabbi funeral under heavy guard
"Published: Mar 22, 2022 09:27 AM",Iranian Foreign Ministry Spokesman offers condolences with China over plane crash
"Published: Mar 22, 2022 09:28 AM",Pakistani Prime Minister expresses sorrow over China plane crash
"Published: Mar 22, 2022 10:22 AM",Indian Prime Minister expresses sadness over China’s plane crash
"Published: Mar 22, 2022 03:20 PM",Chief of Russia's Roscosmos Says Bioweapon Developed in Ukraine Affects Fertility
"Published: Mar 22, 2022 03:24 PM",Russia's Upper House to Take Part in Joint Probe With Duma on Biological Labs in Ukraine
"Published: Mar 22, 2022 04:22 PM","Russia bans Instagram, Facebook"
"Published: Mar 22, 2022 04:24 PM",UN deplores Houthi attacks on civilian Saudi sites
"Published: Mar 22, 2022 04:31 PM",Majority of Germans see racism in the country as ‘serious problem’: survey
"Published: Mar 22, 2022 04:34 PM",1.5 C goal on life support: UN chief
"Published: Mar 22, 2022 04:38 PM",New US rule to require emission disclosures
"Published: Mar 22, 2022 04:47 PM",Moo-ve over: Loose cow stops cars on California freeway
"Published: Mar 22, 2022 04:41 PM",WHO sounds alarm on global funding for fight against tuberculosis 
"Published: Mar 22, 2022 05:13 PM",Western Europe COVID-19 cases surge
"Published: Mar 22, 2022 05:17 PM",2 passenger trains collide in Tunisia; 95 people injured
"Published: Mar 22, 2022 05:19 PM",Japan ends emergency virus measures in 18 prefectures
"Published: Mar 22, 2022 05:52 PM","Aging, unmaintained infrastructure"
"Published: Mar 23, 2022 04:09 PM",The tide is high
"Published: Mar 23, 2022 04:13 PM",Tropical fish pushing further south
"Published: Mar 23, 2022 04:17 PM",Sweden gives go-ahead for controversial mining plan
"Published: Mar 23, 2022 04:26 PM",Court tells S.African government to curb air pollution in coal hot spot
"Published: Mar 23, 2022 04:49 PM",Egypt’s Sisi hosts historic summit
"Published: Mar 23, 2022 04:53 PM",WikiLeaks’ Assange to wed partner Stella Moris at prison ceremony
"Published: Mar 23, 2022 05:01 PM",Trudeau gains support to rule with NDP through 2025
"Published: Mar 23, 2022 05:06 PM",US lifts Trump-era tariffs on UK steel
"Published: Mar 23, 2022 05:09 PM",Erdogan asks EU to relaunch negotiations on stalled membership
"Published: Mar 23, 2022 05:13 PM",Hillary Clinton contracts COVID-19 with mild symptoms
"Published: Mar 23, 2022 08:33 PM",Warmongering US
"Published: Mar 24, 2022 10:54 AM","Putin, Bennett discuss Ukraine over phone"
"Published: Mar 24, 2022 10:55 AM","Ukrainian president, British PM discuss further assistance to Ukraine"
"Published: Mar 24, 2022 10:58 AM",Security Council fails to adopt resolution on humanitarian situation in Ukraine
"Published: Mar 24, 2022 05:29 PM",Different option needed
"Published: Mar 24, 2022 05:45 PM",Weather monitoring saves lives
"Published: Mar 24, 2022 05:58 PM",Male oral contraceptive pill found 99% effective
"Published: Mar 24, 2022 06:00 PM",Moderna says infant COVID-19 vaccine succeeded in trial research
"Published: Mar 24, 2022 06:27 PM",Trump guilty: resigned prosecutor
"Published: Mar 24, 2022 06:33 PM","Iraqi president, PM nominated by bloc led by cleric Sadrists"
"Published: Mar 24, 2022 06:36 PM",EU countries in disarray after Putin announces payment change in gas deal
"Published: Mar 24, 2022 06:43 PM",Singapore to lift virus travel restrictions
"Published: Mar 24, 2022 06:46 PM",Australia accepts New Zealand offer to take 450 refugees
"Published: Mar 24, 2022 06:49 PM",South Korea’s ex-president Park returns home
"Published: Mar 24, 2022 09:53 PM Updated: Mar 24, 2022 09:23 PM",Russian armed forces take control of Ukraine's Izyum city
"Published: Mar 24, 2022 09:55 PM Updated: Mar 24, 2022 08:45 PM",Ukraine sets up 7 humanitarian corridors
"Published: Mar 24, 2022 10:09 PM","Totally false information that China has 'prior knowledge, acquiescence, or connivance' on Russia's military operation: Ministry of Defense"
"Published: Mar 24, 2022 10:22 PM",US owes the world a clear explanation on its biomilitary activities: China's Ministry of Defense
"Published: Mar 25, 2022 12:31 AM",Hunter Biden's investment fund linked to Ukrainian biolabs engaged in pathogen research: Russian Defense Ministry
"Published: Mar 25, 2022 07:48 AM",UN General Assembly adopts resolution on humanitarian situation in Ukraine
"Published: Mar 25, 2022 07:50 AM","Ukraine, Russia conduct first prisoner swap"
"Published: Mar 25, 2022 07:50 AM","Ukrainian, Egyptian leaders discuss Russia-Ukraine conflict over phone"
"Published: Mar 25, 2022 03:23 PM",N.Korea's latest test launch showcases capability in developing ICBMs as deterrent to US threat: analyst
"Published: Mar 25, 2022 10:35 PM",Germany to halve Russian oil imports by mid-2022
"Published: Mar 25, 2022 10:37 PM","NATO summit fails to address disagreement, concerns among members amid Ukraine crisis"
"Published: Mar 26, 2022 07:46 AM",Russian operation in Ukraine to continue until goals achieved: Medvedev
"Published: Mar 26, 2022 07:47 AM",Russia announces completion of 1st stage of military operation in Ukraine
"Published: Mar 26, 2022 07:49 AM",No Moscow-Kiev deal with Russian concerns unaddressed: negotiator
"Published: Mar 26, 2022 07:49 AM","Ukrainian FM says negotiation process with Russia ""very difficult"""
"Published: Mar 26, 2022 07:50 AM",Turkey's Erdogan holds phone talks with Ukrainian president
"Published: Mar 26, 2022 10:02 PM",No Moscow-Kiev deal with Russian concerns unaddressed: negotiator
"Published: Mar 26, 2022 10:06 PM","Ukrainian FM says negotiation process with Russia ""very difficult"""
"Published: Mar 27, 2022 08:07 AM",Russia announces completion of 1st stage of military operation in Ukraine
"Published: Mar 27, 2022 04:37 PM",Cow power
"Published: Mar 27, 2022 04:43 PM",Nuclear agreement very close: EU diplomat
"Published: Mar 27, 2022 04:45 PM",Iraq fails again to elect new president
"Published: Mar 27, 2022 05:00 PM","Gunmen attack NW Nigerian airport, disrupt flights"
"Published: Mar 27, 2022 05:02 PM",Philippine volcano Taal erupts
"Published: Mar 27, 2022 05:06 PM",Transition to renewable energies highlighted
"Published: Mar 27, 2022 05:09 PM",Turkish people dim lights to raise climate awareness for Earth Hour
"Published: Mar 27, 2022 05:15 PM",Houthis suspend Saudi strikes
"Published: Mar 27, 2022 05:19 PM","Egypt FM to join Arab, US diplomats in Israel meeting"
"Published: Mar 27, 2022 05:22 PM",Ukraine insists on security guarantees at peace talks with Russia: negotiator
"Published: Mar 27, 2022 09:56 PM Updated: Mar 28, 2022 09:20 PM",Instability brewer: Behind every war and turmoil in the world is shadow of the Star-Spangled Banner
"Published: Mar 28, 2022 08:36 AM","Russia, Ukraine to hold new round of peace talks"
"Published: Mar 28, 2022 05:48 PM",Unmasking the superpower: Warfare-addicted
"Published: Mar 28, 2022 06:23 PM",Meet takes place amid concerns over possible nuclear deal with Iran
"Published: Mar 28, 2022 06:25 PM",German SPD wins Saarland election in boost for Scholz
"Published: Mar 28, 2022 06:27 PM","Brazil vote pits good against bad, says Bolsonaro "
"Published: Mar 28, 2022 07:34 PM",A state of emergency declared; police powers expanded
"Published: Mar 28, 2022 07:36 PM",Japan marks foundation of new ‘electromagnetic’ defense unit
"Published: Mar 28, 2022 07:38 PM",Meat off menu in crisis-hit Lebanon as poverty bites
"Published: Mar 28, 2022 07:42 PM","In Yemen, racism dooms black people to life on the margins"
"Published: Mar 28, 2022 07:50 PM",Money at the heart of international efforts to save nature
"Published: Mar 28, 2022 07:53 PM",Experts fear Sao Jorge tremors may trigger quake
"Published: Mar 28, 2022 07:55 PM","Seniors more likely to see silver linings, shows Australian research"
