﻿"Published: Jan 22, 2020 09:15 PM Updated: Mar 21, 2022 09:06 AM",Real-time update on coronavirus outbreak
"Published: Mar 15, 2022 11:05 AM Updated: Mar 15, 2022 08:45 PM",Chinese mainland's COVID cases soar to 15k since March 1; situation 'grim' but 'controllable'
"Published: Mar 15, 2022 03:44 PM",COVID-19 patient in Xi'an placed under investigation for failing to report itinerary and infecting 10 others
"Published: Mar 15, 2022 03:48 PM","China reports 15,000 COVID-19 cases in half a month in March"
"Published: Mar 15, 2022 04:08 PM",Shenzhou-13 taikonauts to give 2nd live lecture in space before concluding 6-month mission
"Published: Mar 15, 2022 05:43 PM",Omicron spreads to 28 provinces and regions in China
"Published: Mar 15, 2022 06:55 PM",China pushes vaccination for people aged 80 and above amid spread of stealth Omicron
"Published: Mar 15, 2022 07:01 PM","Letting guard down one reason for campus infections in more than 10 Chinese provinces, regions"
"Published: Mar 15, 2022 07:36 PM",Chinese actor Deng Lun fined $16.6 million for tax evasion
"Published: Mar 15, 2022 08:26 PM","Musk challenges Putin to 'single combat,' 'advanced in tech but innocent in politics'"
"Published: Mar 15, 2022 08:42 PM",China encourages Europe to build 'indivisible security' mechanism with Russia
"Published: Mar 15, 2022 08:50 PM",Chinese FM supports Indonesia to keep Ukraine crisis off G20 agenda
"Published: Mar 15, 2022 09:02 PM",Beijing reports another 7 COVID-19 cases as neighboring city enters lockdown
"Published: Mar 15, 2022 09:18 PM","Shanghai authority probes quarantine hotel as source of flare-up, says lockdown unnecessary"
"Published: Mar 15, 2022 09:27 PM","Pharmacies, online shops to offer antigen self-test kits nationwide amid soaring COVID-19 infections"
"Published: Mar 15, 2022 10:11 PM","EU, US move to revoke Russia's MFN trade status, trying to isolate country from global economy"
"Published: Mar 15, 2022 10:43 PM",US covertly experiments mind control on people across continents for decades; no official apology
"Published: Mar 15, 2022 10:56 PM",My father endured secret brainwashing experiment; he came back a totally different person
"Published: Mar 15, 2022 11:18 PM",US fails to trap China over Ukraine at Yang-Sullivan meeting
"Published: Mar 15, 2022 11:19 PM Updated: Mar 15, 2022 11:13 PM",Clinical trials for two COVID-19 small molecule drugs to kick off this year: Chinese scientist
"Published: Mar 16, 2022 03:01 AM","China updates COVID-19 treatment playbook, a further step to a ‘scientifically relaxed’ anti-epidemic policy, not ‘lie flat’"
"Published: Mar 16, 2022 11:33 AM",Chinese vice premier urges Jilin to realize dynamic-zero target soon with proper use of antigen test
"Published: Mar 16, 2022 01:57 PM",China willing to push forward Iranian nuclear issue in a direction conducive to regional peace and stability: Chinese FM
"Published: Mar 16, 2022 02:53 PM",Over 3.2 billion COVID-19 vaccine doses administered on the Chinese mainland
"Published: Mar 16, 2022 06:03 PM",US obliged to clarify the concerns of intl community on its military bio-labs around the world: Chinese FM
"Published: Mar 16, 2022 06:27 PM",China to take strong countermeasures if US enforces sanctions against China while seeking support: Chinese FM
"Published: Mar 16, 2022 07:51 PM","Chinese, Indonesian presidents hold phone talks"
"Published: Mar 16, 2022 08:15 PM",Taiwan question is fundamentally different from Ukraine issue: Taiwan Affairs Office
"Published: Mar 16, 2022 08:57 PM",Changes in China's latest Diagnosis and Treatment Protocol for COVID-19
"Published: Mar 16, 2022 09:00 PM","US boosts arms sales despite falling global trend, 'capitalizes on wars'"
"Published: Mar 16, 2022 09:52 PM",Tropical terrestrial methane emissions explain over 80% of changes in global atmospheric methane growth rate: study
"Published: Mar 16, 2022 10:01 PM",Beijing reports cluster outbreak at school
"Published: Mar 16, 2022 10:11 PM","'War of sanctions' between Russia and the US escalates, 'a diplomatic solution not yet in sight'"
"Published: Mar 16, 2022 10:40 PM","'Fight to the finish': Jilin builds 8 makeshift hospitals, vows to bring outbreak under control ASAP"
"Published: Mar 16, 2022 10:58 PM",Chinese envoy debunks Ukraine crisis rumors
"Published: Mar 16, 2022 11:10 PM","Ukraine crisis prompts India to reflect on ties with West, rediscover dignified position"
"Published: Mar 16, 2022 11:05 PM","Another COVID-19 oral drug available in HK, expected to lower death rate"
"Published: Mar 16, 2022 11:26 PM",Sinovac's vaccine remains highly effective against severe disease on minors aged 3-5 in Chile: study
"Published: Mar 17, 2022 12:11 AM Updated: Mar 17, 2022 12:20 AM","Chinese official clears monetary policies, platform management"
"Published: Mar 16, 2022 11:51 PM",No system is secure against US' cyberattack capabilities: Chinese tech company
"Published: Mar 17, 2022 12:17 AM",China updates its COVID-19 playbook to allow mild symptoms patients undergo collective quarantine
"Published: Mar 17, 2022 12:09 AM Updated: Mar 17, 2022 12:05 AM","Taiwan Affairs Office says it listens, studies proposal on natl reunification law to deter Taiwan secessionists"
"Published: Mar 17, 2022 12:50 AM","Woman was 18 when delivering first child, Gansu authorities clarify amid concerns over sexual abuse"
"Published: Mar 17, 2022 01:38 AM",PLA Navy's 2nd Sovremenny-class destroyer returns after upgrades
"Published: Mar 17, 2022 02:10 AM",No casualties of Chinese nationals reported so far after earthquake in Japan: Chinese embassy
"Published: Mar 17, 2022 10:51 AM",Over a dozen countries including Russia and Iran voice support for China's Hong Kong policy at side meeting of UN
"Published: Mar 17, 2022 11:27 AM Updated: Mar 17, 2022 11:16 AM",Pains and sufferings of other countries remind China who bombed our embassy: Chinese Mission to EU
"Published: Mar 17, 2022 12:58 PM",Powerful quakes off the east coast of Japan unsettle local Chinese who raised safety concern of Fukushima nuclear facilities 
"Published: Mar 17, 2022 02:46 PM","Jilin, still at transmission peak, needs concrete measures to curb COVID-19 spread: Vice Premier"
"Published: Mar 17, 2022 03:33 PM Updated: Mar 17, 2022 11:00 PM",J-20s' alleged close contact with F-35s over E.China Sea 'countermeasures against US activities'
"Published: Mar 17, 2022 05:41 PM",Acupuncture adopted in China's updated COVID-19 guidelines
"Published: Mar 17, 2022 06:24 PM",China willing to make efforts to help Ukraine overcome humanitarian crisis: Chinese FM
"Published: Mar 17, 2022 07:52 PM Updated: Mar 17, 2022 11:44 PM",Experts fear Japan may accelerate plan to dump Fukushima wastewater after earthquake
"Published: Mar 17, 2022 08:13 PM",Xi requires swift containment of latest COVID-19 outbreaks
"Published: Mar 17, 2022 08:50 PM",Russia-Ukraine conflict can be regarded as a 'preview' of US' possible acts in Asia: Zheng Yongnian
"Published: Mar 17, 2022 08:44 PM",What is the US hiding in the biolabs discovered in Ukraine?
"Published: Mar 17, 2022 09:25 PM Updated: Mar 17, 2022 11:00 PM",Chinese FM hits back as West pressures China to choose sides in Ukraine crisis
"Published: Mar 17, 2022 09:50 PM",French Embassy in China enrages Chinese netizens over inappropriate post amid Ukraine crisis
"Published: Mar 17, 2022 09:58 PM",Chinese FM refutes US accusations about spying
"Published: Mar 17, 2022 10:11 PM Updated: Mar 17, 2022 11:05 PM","Who's repressing media? US, Russian embassies take war of words to China's Weibo"
"Published: Mar 17, 2022 10:12 PM Updated: Mar 17, 2022 11:45 PM",International voices urge US explanation for bioweapons accusations
"Published: Mar 17, 2022 10:27 PM",China's cyberspace regulator punishes accounts abusing athletes like Gu Ailing
"Published: Mar 17, 2022 10:49 PM",Xi to speak with Biden on Friday: Chinese FM
"Published: Mar 17, 2022 11:35 PM",Cyberspace watchdog to rectify improper use of algorithms
"Published: Mar 18, 2022 12:30 AM","Xi orders swift containment of virus, sticking to dynamic zero-COVID"
"Published: Mar 18, 2022 12:32 AM",Shenzhen's catering industry calls for support amid ongoing COVID-19 epidemic
"Published: Mar 18, 2022 12:56 AM","Measures taken to crack down on cyber bullying against Beijing 2022 athletes, including Gu Ailing"
"Published: Mar 18, 2022 01:13 AM",Beijing reports 60 local COVID-19 cases in latest outbreak with 9 transmission chains
"Published: Mar 18, 2022 10:11 AM","Chinese envoy to UN calls for attention to problems faced by African, Mid-East evacuees in Ukraine crisis"
"Published: Mar 18, 2022 01:29 PM",Standing Committee of Political Bureau of CPC Central Committee convenes meeting on COVID-19 situation and better and more stringent epidemic prevention and control
"Published: Mar 18, 2022 02:04 PM",Eight officials dismissed in S.China's Shenzhen for failure of duty in Omicron outbreak
"Published: Mar 18, 2022 02:33 PM",Quanzhou in E.China starts mass nucleic acid testing to combat Omicron; authorities clarify no ‘lockdown’
"Published: Mar 18, 2022 03:13 PM","Exclusive: China never accepts US coercion on Ukraine, will take strong countermeasures if interests of Chinese companies, individuals violated"
"Published: Mar 18, 2022 05:40 PM",Jilin COVID-19 cases surge after 2-day drop; avoiding infection risk at testing sites key to week-long clearance plan
"Published: Mar 18, 2022 05:35 PM","China sends tough signal ahead of Xi-Biden talk to set firm position on bilateral ties, Ukraine issue"
"Published: Mar 18, 2022 06:15 PM",Chinese President Xi Jinping talks with South African President Cyril Ramaphosa over phone on Friday
"Published: Mar 18, 2022 08:17 PM",Chinese FM urges US to reflect on its responsibility using a string of questions to respond to foreign media’s pressure over the Ukraine crisis
"Published: Mar 18, 2022 08:55 PM Updated: Mar 19, 2022 01:09 AM","China receives first batch of Pfizer pills, domestic oral candidate may be ‘approved in months’"
"Published: Mar 18, 2022 09:10 PM",China reiterates unshakable stand on dynamic zero COVID-19 policy 
"Published: Mar 18, 2022 09:41 PM","GT Investigates: China’s zero-COVID policy, flexible measures ensure minimum impact on supply chains"
"Published: Mar 18, 2022 11:14 PM Updated: Mar 19, 2022 11:49 PM",PLA fully monitors US destroyer’s transit through Taiwan Straits; maintains high alert to safeguard sovereignty: spokesperson
"Published: Mar 18, 2022 11:21 PM",Cinemas facing temporary closure amid COVID-19 resurgence
"Published: Mar 19, 2022 12:43 AM","Xi urges US, NATO to talk with Russia, opposes indiscriminate sanctions"
"Published: Mar 19, 2022 09:52 AM",The 17th flight that brought back Chinese citizens evacuated from Ukraine arrives in Changsha
"Published: Mar 19, 2022 11:57 AM","US, Canada, Australia advised to reflect on wrongdoings, violations of indigenous people's rights at side event of UN Human Rights Council"
"Published: Mar 19, 2022 12:55 PM",Anti-COVID fight in Shanghai enters key stage: local health commission director
"Published: Mar 19, 2022 01:13 PM",China urges relevant parties to clarify over US bio labs in Ukraine at UNSC meeting
"Published: Mar 19, 2022 03:17 PM","Xi has candid, in-depth exchange of views with Biden"
"Published: Mar 19, 2022 06:01 PM","Chinese Vice FM highlights root cause of Ukraine crisis, urges Asia-Pacific to cherish peace"
"Published: Mar 19, 2022 07:07 PM","China under pressure amid global COVID resurgence, over 40% new cases appearing in surrounding countries and regions"
"Published: Mar 19, 2022 09:07 PM",US continues to push harsh narrative to pressure China over Ukraine crisis; a self-deceiving move of no help
"Published: Mar 20, 2022 10:27 AM Updated: Mar 20, 2022 10:20 AM",Time will prove China’s stance on Ukraine is on the right side of history: Wang Yi
"Published: Mar 20, 2022 03:28 PM","Underlying diseases lead to two patients' deaths in NE China, refuting accusations that nation has failed to fight COVID-19"
"Published: Mar 20, 2022 03:59 PM",Langfang near Beijing reports 534 asymptomatic COVID-19 cases as epidemic control pressure in Chinese capital rises
"Published: Mar 20, 2022 04:09 PM Updated: Mar 20, 2022 10:09 PM",West brings info war against Russia into space by 'distorting' cosmonauts' clothing choice
"Published: Mar 20, 2022 08:07 PM","China's plateau-operable drone makes 1st flight with hydrogen power, extends endurance"
"Published: Mar 20, 2022 07:57 PM",China's new rules on military equipment procurement contracts 'vital to modernization'
"Published: Mar 20, 2022 09:03 PM","Two cities in Jilin seal off communities, launch citywide testing as infections continue soaring"
"Published: Mar 20, 2022 09:19 PM","Update: 4 died, 10 injured in tragic car crash in Handan, N China’s Hebei"
"Published: Mar 20, 2022 09:40 PM Updated: Mar 21, 2022 12:56 AM",China strives to win long-term battle against virus with more targeted measures
"Published: Mar 20, 2022 09:50 PM","Marriages fall in 2021 leading to lower birth rates in China, despite declining divorce rate"
"Published: Mar 20, 2022 10:28 PM Updated: Mar 21, 2022 08:55 AM",China 'won't be coerced by US' on its ties with Russia
"Published: Mar 20, 2022 10:33 PM","Africa should not be forgotten, marginalized or victimized when Ukraine crisis hits world: Wang Yi"
"Published: Mar 20, 2022 10:55 PM",Shenzhen achieves dynamic zero-COVID in the community
"Published: Mar 20, 2022 11:17 PM",China sends oral medicine to fight in the frontline against COVID-19
"Published: Mar 20, 2022 11:38 PM",'Lobbyist' Kishida fails to sway India on Ukraine during visit
"Published: Mar 20, 2022 11:59 PM","Owners of roast duck restaurant under investigation after failing to register 477 customers, violating anti-epidemic regulations"
"Published: Mar 21, 2022 12:55 AM",'The motherland is behind you': Chinese Ambassador to Ukraine recounts moving details of evacuation mission in Russia-Ukraine conflict
"Published: Mar 21, 2022 12:51 AM",11 Guangxi officials and personnel punished following investigation on unmarried couple parenting 15 children
"Published: Mar 21, 2022 02:19 AM","Vaccination rates, medicine stockpiles and medical resources to be the focus of China's next stage against COVID-19: expert"
