﻿"Published: Jan 22, 2020 09:15 PM Updated: Mar 14, 2022 09:00 AM",Real-time update on coronavirus outbreak
"Published: Mar 08, 2022 10:40 AM Updated: Mar 08, 2022 11:40 PM",GT Exclusive: Various sources reveal US National Security Council released disinformation on Ukraine crisis to smear China
"Published: Mar 08, 2022 12:54 PM",HKSAR should uphold ‘dynamic zero’ policy to reduce severe cases and deaths as priority: top Chinese health expert
"Published: Mar 08, 2022 01:54 PM","China to carry out Phase-4 lunar probe missions before 2030, build permanent station by 2035: project chief designer and political advisor Wu Weiren"
"Published: Mar 08, 2022 03:02 PM",China to send the world's first state-level TCM medical team to Cambodia
"Published: Mar 08, 2022 03:26 PM",Two children in Beijing test positive for COVID-19; community put under closed-loop management
"Published: Mar 08, 2022 06:15 PM","Beijing reports 7 new local cases, upholds ‘dynamic zero-COVID’ policy to curb the virus’ spread"
"Published: Mar 08, 2022 06:25 PM",President Xi holds virtual summit with French and German leaders
"Published: Mar 08, 2022 08:04 PM","US urged to clarify biomilitary activities, accept multilateral inspections as Ukraine found to have 30 biolabs"
"Published: Mar 08, 2022 08:14 PM","Chinese legislator urges efficient use of PLA strategic airlift, installing logistics support devices at civil airports"
"Published: Mar 08, 2022 08:39 PM",Woman power in China lights up social media
"Published: Mar 08, 2022 08:37 PM","China's judicial authorities vow to bolster protection of women, children"
"Published: Mar 08, 2022 08:53 PM","Instead of reflecting on its own untold sins, Japan obsesses with accusing other countries of ‘human rights violations’"
"Published: Mar 08, 2022 08:53 PM",West's 'discourse traps'over Ukraine crisis at Chinese FM's press conference
"Published: Mar 08, 2022 09:32 PM",Two new Chinese carrier rockets to make maiden flight this year amid growing demand for commercial launches
"Published: Mar 08, 2022 10:01 PM",China vows legislation focus on tackling foreign interference
"Published: Mar 08, 2022 09:53 PM","HK legislators, political advisors propose strengthening patriotic education"
"Published: Mar 08, 2022 09:59 PM",Chinese political advisor calls for stricter rating measures for short video platforms
"Published: Mar 08, 2022 10:26 PM",Political advisor proposes increasing economic compensations for full-time housewives in case of divorce
"Published: Mar 08, 2022 10:30 PM",China 'prepared for' S.Korea power shift
"Published: Mar 08, 2022 10:56 PM Updated: Mar 09, 2022 01:22 AM","Xi's virtual summit with Macron, Scholz to encourage Europe-Russia direct talks over Ukraine"
"Published: Mar 08, 2022 11:13 PM",Chinese FM praises criticism of NATO by leader of Germany's AfD party as rational and penetrating
"Published: Mar 08, 2022 11:43 PM Updated: Mar 09, 2022 12:28 AM",Exclusive: All nationals out of danger zone: Chinese Embassy in Ukraine
"Published: Mar 09, 2022 12:46 AM",FC-31 stealth fighter spearheads display of cutting-edge Chinese equipment at Saudi Arabia's 1st World Defense Show
"Published: Mar 09, 2022 04:26 PM",China's red cross society to provide 5m yuan worth of humanitarian aid to Ukraine
"Published: Mar 09, 2022 04:51 PM","Lawmakers, political advisors call on enhancing supervision on e-commerce livestreaming"
"Published: Mar 09, 2022 05:37 PM",Indian netizens have sufficient reasons to explain why India doesn't stand with West against Russia
"Published: Mar 09, 2022 06:22 PM",Shenzhou spacecraft good to go for space tourism: says chief designer Zhou Jianping
"Published: Mar 09, 2022 06:26 PM",HK seeks medical teams from mainland to combat raging COVID-19
"Published: Mar 09, 2022 06:56 PM",Some 50 foreign students evacuated with the Chinese convoy from Sumy: Chinese Embassy in Ukraine
"Published: Mar 09, 2022 08:43 PM",Beijing reports 5 more cases including a baby; nation faces record daily infection tally
"Published: Mar 09, 2022 08:53 PM","Disseminating false news about China is US old trick of ""a thief crying 'Stop thief!'"" Chinese FM"
"Published: Mar 09, 2022 09:03 PM Updated: Mar 09, 2022 11:54 PM",Chinese nationals' evacuation in Ukraine complete! All safe: embassy
"Published: Mar 09, 2022 09:08 PM",Changchun starts first round of city-wide nucleic acid testing after finding 48 COVID-19 cases
"Published: Mar 09, 2022 09:27 PM","GT investigates: US politicians, Western media, Taiwan online trolls co-orchestrated disinformation campaign against Chinese mainland amid Russia-Ukraine conflict"
"Published: Mar 09, 2022 10:03 PM","China fully capable of jet engine development, narrowing technology gaps"
"Published: Mar 09, 2022 09:51 PM",China sends first batch of humanitarian aid to Ukraine
"Published: Mar 09, 2022 10:05 PM",China welcomes UN human rights chief's visit to Xinjiang but rejects political tactics: FM
"Published: Mar 09, 2022 10:34 PM",Chinese satellite detects global gravity field data
"Published: Mar 09, 2022 11:06 PM","COVID cases in China surge to recent high, but 'won't spread widely' thanks to immunization barrier"
"Published: Mar 09, 2022 10:55 PM",PLA Navy reveals commissioning of two new Type 052D destroyers
"Published: Mar 10, 2022 12:24 AM",2nd temporary hospital delivered by the central govt to support HKSAR fight against epidemic
"Published: Mar 10, 2022 01:07 AM","Number of packaging layers for mooncakes, zongzi to be restricted"
"Published: Mar 10, 2022 02:49 AM","Political advisor calls for salary system improvement to attract, retain talents working for disease control and prevention"
"Published: Mar 10, 2022 09:22 AM","Advisors mustn't be ambiguous in political stance, deviate from right direction: CPPCC chief"
"Published: Mar 10, 2022 11:17 AM","PLA will hit every Taiwan secessionist move, external interference: military spokesperson"
"Published: Mar 10, 2022 12:06 PM",Siberian tigers return to NE China thanks to improved ecological environment: CPPCC member
"Published: Mar 10, 2022 05:16 PM","Chinese lawmaker suggests monitoring system and market mechanism to protect wildlife in Qinling, Shaanxi"
"Published: Mar 10, 2022 07:44 PM","China congratulates Yoon Suk-yeol on election as S.Korean president, hopes for rationality in ties"
"Published: Mar 10, 2022 07:47 PM","China's 'reasonable, appropriate' defense budget boost contributes to natl security, world peace: military delegation deputy"
"Published: Mar 10, 2022 08:26 PM",GT exclusive: China-Nepal relations are founded on mutual trust: President of Nepal
"Published: Mar 10, 2022 08:49 PM Updated: Mar 10, 2022 11:00 PM","Deputies, advisors propose plans to enhance para-welfare"
"Published: Mar 10, 2022 09:14 PM",Lawmakers call for anti-employment discrimination law 
"Published: Mar 10, 2022 09:45 PM",US dismissal of concerns over biomilitary activities shows irresponsible attitude: Chinese FM
"Published: Mar 10, 2022 09:50 PM",Five world heritage sites in Beijing to have restoration work in 2022
"Published: Mar 10, 2022 10:23 PM","Australia's military buildup 'controlled by US,' risks nuclear contamination"
"Published: Mar 10, 2022 11:01 PM Updated: Mar 10, 2022 10:55 PM",China welcomes positive step of Russia-Ukraine ministers' talks toward goal of peace
"Published: Mar 10, 2022 10:54 PM","University Party secretary deposed after COVID-19 campus outbreak, sparks heated discussion"
"Published: Mar 10, 2022 11:26 PM",Taiwan report touts self-importance to embolden secessionists as US pawns
"Published: Mar 10, 2022 11:36 PM",Third shot may be turning point for efficacy of inactivated vaccines: researchers
"Published: Mar 11, 2022 12:36 AM",China sees spike of local silent COVID carriers amid new wave
"Published: Mar 11, 2022 01:02 AM","Chinese FM exchanges views on Ukraine issue with French, Italian counterparts"
"Published: Mar 11, 2022 01:24 AM",17 officials from E China's city punished for severe loopholes in daily epidemic prevention
"Published: Mar 11, 2022 09:09 AM",China's national legislature holds closing meeting of annual session
"Published: Mar 11, 2022 11:23 AM",Chinese President Xi Jinping sends congratulations to South Korean President-elect Yoon Suk-yeol
"Published: Mar 11, 2022 12:55 PM","Chinese mainland’s daily domestically transmitted COVID-19 infections exceed 1,000 for the first time since Wuhan outbreak"
"Published: Mar 11, 2022 01:17 PM","COVID-19, two years on"
"Published: Mar 11, 2022 01:45 PM","China upholds independent policy on Ukraine issue, develops ties with all sides to inject stability into the world: Premier Li"
"Published: Mar 11, 2022 03:13 PM",Door between China and US should not be shut again or pushed toward decoupling: Chinese Premier
"Published: Mar 11, 2022 03:56 PM","Chinese President Xi congratulates S.Korean President-elect Yoon, stressing joint efforts in deepening ties"
"Published: Mar 11, 2022 05:06 PM",Changchun in NE China under closed-loop management; conducts 3 rounds city-wide nucleic acid testing
"Published: Mar 11, 2022 05:29 PM","Premier Li aggrieved over women trafficking, vows criminal punishment and responsibility-seeking"
"Published: Mar 11, 2022 05:47 PM",China delivers first J-10CE fighter jets to Pakistan in a milestone move
"Published: Mar 11, 2022 07:19 PM","US-address attackers scapegoat Chinese computers to attack Russia, Ukraine: cybersecurity center"
"Published: Mar 11, 2022 07:52 PM Updated: Mar 11, 2022 10:58 PM","US urged to come clean on bio-military activities as outcry grows after its ‘confusing, contradictory’ responses"
"Published: Mar 11, 2022 08:41 PM",Economic numbers highlighted at Premier Li’s press conference
"Published: Mar 11, 2022 10:39 PM",China's top legislature approves way to choose HK NPC deputies 
"Published: Mar 12, 2022 12:58 AM","Public-use antigen testing could help fight against COVID-19, does not mean an end to zero policy: expert"
"Published: Mar 12, 2022 10:19 AM",China's first batch of humanitarian aid arrives in Ukraine
"Published: Mar 12, 2022 12:44 PM","China’s model of aid distinctive, contrasting Western model that needs reflection: scholar"
"Published: Mar 12, 2022 03:00 PM","Mayor removed from position amid rapid COVID-19 increase in Jilin, Northeast China"
"Published: Mar 12, 2022 04:54 PM",Team China defeat Sweden to defend wheelchair curling gold at Beijing 2022
"Published: Mar 12, 2022 06:10 PM Updated: Mar 12, 2022 11:15 PM",China urges hard evidence from US to clarify bio weapons suspicion in Ukraine
"Published: Mar 12, 2022 07:52 PM","HK epidemic situation potentially stabilizing, but it’s early to say it has passed peak: Lam"
"Published: Mar 12, 2022 09:51 PM Updated: Mar 12, 2022 11:17 PM","Latest China-India border talks consolidate trust from previous round, as both disregard US agitation"
"Published: Mar 12, 2022 10:59 PM","China's vice premier urges local govts maintain zero-case policy, clear new cases asap"
"Published: Mar 13, 2022 11:29 AM","3 years on, courier's hope for serving customers in-person, saying 'enjoy your meal' is resonating among Chinese netizens"
"Published: Mar 13, 2022 12:32 PM",Shanghai tightens control over latest flare-up of COVID-19 in the city
"Published: Mar 13, 2022 01:07 PM",'1412 + 744' NE China's Jilin records sharp rise of infections
"Published: Mar 13, 2022 02:34 PM",Team China tops both gold and overall tally at 2022 Beijing Winter Paralympics
"Published: Mar 13, 2022 03:26 PM","'Making Olympics and Paralympics equally spectacular,' China carried out its promise: Organizing Committee"
"Published: Mar 13, 2022 03:40 PM",6 Guangdong officials sacked for management loopholes in COVID-19 prevention that caused cluster infections
"Published: Mar 13, 2022 04:27 PM","CPC Central Committee, State Council congratulate Chinese delegation on Winter Paralympics achievements"
"Published: Mar 13, 2022 05:50 PM",Team China's Gold Medals in Beijing 2022 Paralympic Winter Games
"Published: Mar 13, 2022 06:23 PM","GT investigates: From Guantanamo Bay to local prisons, human rights violations are pervasive in US jail system"
"Published: Mar 13, 2022 07:41 PM",Pharmacies prepare stocks as virus antigen detection products cleared for sale
"Published: Mar 13, 2022 08:06 PM",Xi attending closing ceremony of Beijing Winter Paralympics
"Published: Mar 13, 2022 08:40 PM",Paralympic '4S stores' provide 300 repairs to keep athletes' gear in perfect shape 
"Published: Mar 13, 2022 08:57 PM",At least 26 officials dismissed for poor performance in dealing with COVID-19
"Published: Mar 13, 2022 09:18 PM","COVID-19 spreads among couriers in E.China, officials warn of risk of spillovers"
"Published: Mar 13, 2022 09:27 PM","India's 'accidental' missile fire into Pakistan raises questions, concerns"
"Published: Mar 13, 2022 10:14 PM","Shenzhen to close communities, suspend transportation, launch city-wide testing amid COVID-19 surge"
"Published: Mar 13, 2022 10:12 PM",Senior Chinese diplomat to meet Sullivan in Rome
"Published: Mar 13, 2022 10:41 PM",China fights severest COVID-19 outbreaks with swift responses
"Published: Mar 13, 2022 10:23 PM","US fans flames with more weapons to Ukraine as Russia, Ukraine, Europe ramp up diplomatic efforts"
"Published: Mar 13, 2022 10:46 PM",Shenzhen ports strengthen closed-loop management of cross-border shipping with Hong Kong
"Published: Mar 13, 2022 10:57 PM",Beijing to expand COVID-19 testing as it stands 'at a critical stage of epidemic control'
"Published: Mar 13, 2022 11:26 PM",US map ban regarding Taiwan part of 'cognition warfare' against Chinese mainland
"Published: Mar 14, 2022 12:38 AM",'Equally spectacular' Paralympics bring world message of solidarity
"Published: Mar 14, 2022 03:22 AM","Yang to meet Sullivan in Rome, sends 'positive sign' via high-level contact mechanism amid Russia-Ukraine crisis"
