﻿"Published: Jan 22, 2020 09:15 PM Updated: May 09, 2022 09:00 AM",Real-time update on coronavirus outbreak
"Published: May 08, 2022 10:39 PM Updated: May 09, 2022 04:00 AM",Post-00s Chinese confidently express love to their country at bigger stages
"Published: May 09, 2022 01:01 AM Updated: May 09, 2022 03:57 AM",Generation born in the 1980s inspired by the fastest-growing decade in China
"Published: May 09, 2022 02:00 AM",US Embassy in China mocked by Chinese netizens after comparing Russia with Nazi Germany
"Published: May 09, 2022 03:08 AM",World should listen more to Asian voices as global governance enters the 'Asian time': Wang Yi
"Published: May 09, 2022 03:56 AM","China's 1950s generation looks back on the intertwining of their destiny and China's development, thanking the opportunities presented by the times"
"Published: May 09, 2022 07:10 AM","PLA holds joint drills east, southwest to Taiwan island, ‘sends warning to secessionists, external forces’"
"Published: May 09, 2022 02:58 PM",China's customs authority enhances medical checks for arrivals to prevent introduction of acute hepatitis in children
"Published: May 09, 2022 06:15 PM","Xi speaks to Scholz, stressing stabilizing, constructive, steering role of China-Germany ties"
"Published: May 09, 2022 07:00 PM Updated: May 09, 2022 06:55 PM",Yangtze River Delta region steps up epidemic prevention to curb community transmission of COVID-19
"Published: May 09, 2022 07:48 PM",Beijing races against time in combating COVID-19 with new rounds of testing
"Published: May 09, 2022 08:17 PM","Hong Kong CE-elect discusses tasks for transition, successful election plunges West into hysteria, fury"
"Published: May 09, 2022 08:53 PM Updated: May 09, 2022 08:51 PM","Umbrellas, poems become new '1-meter line' at COVID-19 testing sites"
"Published: May 09, 2022 09:03 PM","Visiting Chinese VP meets Moon Jae-in, says ‘friendly cooperation should not change’"
"Published: May 09, 2022 09:42 PM",China starts world’s 1st sequential trial on Omicron-specific vaccine
"Published: May 09, 2022 10:54 PM",Engagement with China ‘to continue’ in post-Duterte era despite US factor
"Published: May 09, 2022 10:41 PM",China-bashing tactics ahead of elections ‘hurt Aussie parties’
"Published: May 09, 2022 11:01 PM","Chinese people born in 1950s, 1980s, and 2000s experience different youth, yet share same national dream and passion"
"Published: May 09, 2022 11:36 PM Updated: May 10, 2022 09:00 PM","Putin’s calm, restrained Victory Day speech 'left room for negotiations'"
"Published: May 09, 2022 11:47 PM",Some French media and scholars expect to see China's 'Chernobyl moment' by attacking the dynamic zero-COVID policy: Chinese Ambassador to France
"Published: May 10, 2022 12:49 AM","China to launch Tianzhou-4 cargo spacecraft to resupply China Space Station around 2 am, local time, on Tuesday: CMSA"
"Published: May 10, 2022 01:57 AM",China launches Tianzhou-4 cargo resupply mission to help build space station
"Published: May 10, 2022 09:10 AM","Tianzhou-4 carries out fast rendezvous and docking with Tianhe core module, kicking off construction of China’s Space Station"
"Published: May 10, 2022 09:14 AM",Tianzhou-4 cargo ship docks with China's space station
"Published: May 10, 2022 10:57 AM Updated: May 10, 2022 03:57 PM","Xi highlights Youth League’s significance, raises expectations for youth on centennial of CYLC’s founding"
"Published: May 10, 2022 01:53 PM","Urine treatment system renewal parts brought to China space station with Tianzhou-4, system reliability 'fully verified'"
"Published: May 10, 2022 03:01 PM Updated: May 10, 2022 02:57 PM",Update: Shanghai refutes rumors of a person infected with COVID-19 hid in a building for 14 days
"Published: May 10, 2022 03:35 PM Updated: May 10, 2022 03:29 PM",Little Red Book cracks down on wealthy show-offs
"Published: May 10, 2022 04:46 PM Updated: May 10, 2022 04:24 PM",US attempts to erase one-China principle by changing Taiwan-related statement: Chinese scholar
"Published: May 10, 2022 08:06 PM",Tianzhou-4 cargo spacecraft delivers supplies to Tiangong in 1st of six China Space Station construction missions
"Published: May 10, 2022 08:37 PM",Marcos wins Philippine elections in landslide; analysts say close China ties to remain
"Published: May 10, 2022 08:39 PM","Xi, Macron speak on phone, agree related parties should support Russia-Ukraine peace talks"
"Published: May 10, 2022 09:04 PM","Chinese VP attends SK president inauguration, showing sincerity in furthering ties amid US Indo-Pacific strategy push"
"Published: May 10, 2022 09:17 PM","Beijing issues new guideline for home quarantine, conditions ‘grow mature as most people vaccinated’"
"Published: May 10, 2022 09:27 PM",How Chinese view China-ASEAN relations
"Published: May 10, 2022 09:47 PM",China's fishing activities in Pacific 'new target' under US' hegemonic strategy
"Published: May 10, 2022 10:10 PM","Xinjiang invites Muslim residents, imams via video link to debunk disinformation ahead of UN human rights chief’s visit"
"Published: May 10, 2022 10:44 PM",GT investigates: Nine out of 10 Chinese see friendly China-ASEAN ties
"Published: May 10, 2022 11:01 PM","US ‘biggest disruptor’ of China-ASEAN ties, with the South China Sea question in focus: GT survey"
"Published: May 10, 2022 11:15 PM","Singapore tops level of interest, affection of Chinese public for ASEAN"
"Published: May 10, 2022 11:44 PM",Nongfu Spring packaging triggers controversy over animal shows
"Published: May 11, 2022 12:07 AM Updated: May 10, 2022 11:48 PM","Xi’s speech on centennial of CYLC’s founding encourages Chinese youth, ‘explained echelon formation of the CPC that keeps the Party’s vigor forever’"
"Published: May 10, 2022 11:53 PM","Guangzhou launches emergency response for rainstorm, flooding"
"Published: May 11, 2022 12:14 AM","GT Investigates: West ignores scientific wisdom with premature reopening, most vulnerable left to die"
"Published: May 11, 2022 12:18 AM",Guangzhou takes measures to deal with upcoming rainstorm
"Published: May 11, 2022 12:35 AM",A wild panda is found dead on rocky beach; police rule out hunting
"Published: May 11, 2022 01:32 AM","PLA shadows US cruiser through Taiwan Straits, vows to counter provocations"
"Published: May 11, 2022 10:39 AM","Shanghai's latest outbreak caused by Omicron's BA.2 and BA.2.2 mutations, no new variants detected"
"Published: May 11, 2022 10:56 AM",China finds world’s best-preserved duck-billed dinosaur embryos 
"Published: May 11, 2022 11:44 AM Updated: May 11, 2022 11:19 AM","Superpowers promising not to seek hegemony primary responsible for space security, Chinese diplomat urges"
"Published: May 11, 2022 12:38 PM Updated: May 11, 2022 12:47 PM","China, Solomon Islands economies complementary, cooperation benefits two peoples: Chinese Embassy"
"Published: May 11, 2022 01:23 PM Updated: May 11, 2022 01:13 PM",City near Shanghai to give cash rewards for residents participating in nucleic acid testing
"Published: May 11, 2022 03:42 PM","Transmission risk curbed effectively in Shanghai, no new Omicron variants detected"
"Published: May 11, 2022 08:11 PM","Over 100 aircraft drill sorties from carrier Liaoning in 6 days near Japan, Taiwan island ‘demonstrate readiness’"
"Published: May 11, 2022 08:30 PM","Shanghai records lowest daily tally since March 24, may need fight at community level ‘till June 8’"
"Published: May 11, 2022 08:41 PM","US, Australia's attack on China-Solomon Islands blue economy cooperation 'hysterical'"
"Published: May 11, 2022 09:31 PM","US eyes China containment at upcoming ASEAN summit, but regional countries want to stay away from US-China rivalry: experts"
"Published: May 11, 2022 09:45 PM",Suspending schools and public transport… Guangdong in full swing for ‘strongest’ rainstorm this year
"Published: May 11, 2022 09:53 PM",Chinese FM slams US for huge harm caused by unexploded bombs it left in Southeast Asia
"Published: May 11, 2022 10:16 PM","GT Investigates: US epidemic incompetence creates 200,000 ‘COVID orphans’ with 75% of American children infected"
"Published: May 11, 2022 10:17 PM",China urges US to stop eroding one-China principle after State Department revisions
"Published: May 11, 2022 10:14 PM",Foreign reports on PLA Navy’s new submarine ‘speculative and biased’
"Published: May 11, 2022 10:38 PM",Tedros’ remarks on China’s zero-COVID ‘irresponsible’
"Published: May 11, 2022 10:40 PM Updated: May 11, 2022 10:38 PM",Top political advisor hopes youth in Taiwan island contribute to national reunification
"Published: May 11, 2022 10:41 PM",Shanghai refutes rumor about household disinfection
"Published: May 11, 2022 11:09 PM Updated: May 11, 2022 11:10 PM","Time for US to lift China tariffs, ‘toxic’ monetary policy biting global economy"
"Published: May 11, 2022 10:59 PM",47% of infertile women in 9 low and middle income countries suffer intimate partner violence in their lifetime: study
"Published: May 12, 2022 12:25 AM",Four trustees of fund supporting rioters arrested for suspicion of violating national security law: HK media
"Published: May 12, 2022 02:18 AM","China, Pakistan vow to defeat conspiracies intended to destroy bilateral relationship"
"Published: May 12, 2022 11:23 AM","Beijing orders more residents to work from home, cuts taxi services to curb COVID flare-up"
"Published: May 12, 2022 11:25 AM Updated: May 12, 2022 11:23 AM",All 113 passengers and 9 crew evacuated in the flight that veered off the runway and caught fire at Chongqing Airport
"Published: May 12, 2022 02:23 PM Updated: May 12, 2022 11:54 PM",Philippine President-elect expresses confidence in China ties in meeting with Chinese envoy who delivers Xi’s congratulatory message
"Published: May 12, 2022 02:37 PM Updated: May 12, 2022 02:30 PM",Little Chinese girl’s analysis of Russia-Ukraine conflict through the perspective of Romance of Three Kingdom receives praise from Philippine Foreign Affairs Secretary
"Published: May 12, 2022 03:06 PM Updated: May 12, 2022 02:57 PM",Wenchuan people thriving 14 years after devastating earthquake
"Published: May 12, 2022 04:03 PM",Shanghai’s epidemic situation further stabilized with fewer daily cases
"Published: May 12, 2022 04:07 PM Updated: May 12, 2022 04:01 PM",Shanghai authority praises contribution of nurses in Omicron outbreak on International Nurses Day
"Published: May 12, 2022 04:26 PM",China’s Zhurong rover finds evidence of water on Mars: researchers
"Published: May 12, 2022 06:02 PM",China refutes West's irresponsible remarks on arrest of HK cardinal in the case of funding rioters
"Published: May 12, 2022 06:47 PM Updated: May 12, 2022 06:43 PM",Hongkongers see double standard in UK’s forcing through new anti-protest offences
"Published: May 12, 2022 06:55 PM Updated: May 12, 2022 06:53 PM",Aussie politicians urged to stop distorting facts and blaming China by slamming China-Solomons security pact: Chinese FM
"Published: May 12, 2022 07:13 PM",US COVID-19 deaths surpass 1 million
"Published: May 12, 2022 08:25 PM","PLA Navy holds 1st dual amphibious assault ship drills, ‘gains powerful new instrument in reunification’"
"Published: May 12, 2022 08:27 PM Updated: May 13, 2022 11:00 AM",N.Korea reports first death from COVID-19; China stands ready to help it combat outbreak
"Published: May 12, 2022 08:52 PM","Taiwan authorities attend US-led COVID meeting amid new surge, ‘an ironic farce’"
"Published: May 12, 2022 08:54 PM",‘Fantastic Four’: How four Shanghai residents contribute to anti-epidemic work with unique professional skills
"Published: May 12, 2022 10:25 PM Updated: May 12, 2022 11:25 PM",US eyes ‘luring’ ASEAN to ‘decouple from China’ with its Indo-Pacific economic framework
"Published: May 12, 2022 10:33 PM","Beijing refutes rumors of lockdown, reassures of adequate food supplies amid hoarding"
"Published: May 12, 2022 10:30 PM","NATO northward expansion further threatens Europe, world security as Finland, Sweden on verge of membership bid"
"Published: May 12, 2022 11:19 PM",‘Lip service’ Biden admin urged to take real action against pandemic
"Published: May 12, 2022 11:10 PM",Full text of Xi Jinping's speech at ceremony marking centenary of Communist Youth League of China
"Published: May 12, 2022 11:12 PM",Ceremony marking the Centenary of the Communist Youth League of China
"Published: May 12, 2022 11:16 PM",The polluted 'blood red' river in Guangxi is again clean and clear with no impact on the ecosystem
"Published: May 12, 2022 11:18 PM",China’s economic development in the past decade
"Published: May 12, 2022 11:49 PM","Japan's joint statement with EU hyping 'China threat' detrimental to its own, regional security: experts"
"Published: May 13, 2022 02:08 AM",Astronomers unveil first image of black hole at the heart of the Milky Way
"Published: May 13, 2022 02:24 AM",Beijing juvenile courts reprimand 137 guardians for problematic family education
"Published: May 13, 2022 11:19 AM",China immigration authorities debunk disinformation over alleged heavy-handed border controls
"Published: May 13, 2022 02:46 PM","Shanghai aims zero COVID-19 cases at community level by mid-May; schools, public traffics to resume gradually"
"Published: May 13, 2022 09:13 PM","A million COVID deaths expose US systematic failures, as Americans call for more than flags at half-mast to save lives"
"Published: May 13, 2022 09:29 PM","15-minute circle of testing services constructive to fight Omicron in cities, as Shanghai expects to see zero community infections by mid-May"
"Published: May 13, 2022 09:50 PM","Chinese scientists find extract from TCM effective to treat COVID, ready to kick off clinical trials"
"Published: May 13, 2022 09:42 PM",New Sri Lanka PM to steadfastly push forward BRI projects in the country
"Published: May 13, 2022 10:02 PM","Biden’s summit pushes ASEAN to confront China, runs counter to their interest"
"Published: May 13, 2022 09:59 PM",From online groups to anti-China outlets: how rumors were created about ‘China suspending or cutting up people’s passports’
"Published: May 13, 2022 11:23 PM","NED unveiled as main supporter of farce, disinformation, rumors related to Xinjiang"
"Published: May 13, 2022 11:41 PM",Chinese expert slams Australia for hyping ‘spy ship’ to win votes before election
"Published: May 14, 2022 12:24 AM","RCEP, China-Laos Railway to give rise to Made in Laos: state container transport operator"
"Published: May 14, 2022 02:49 AM","Food stocks, delivery capacity increased in Beijing to ensure sufficient supply of daily necessities"
"Published: May 14, 2022 03:08 AM",Beijingers volunteer for strengthened dynamic-zero measures in arduous Omicron fight
