﻿"Published: Jan 22, 2020 09:15 PM Updated: Jul 25, 2022 09:05 AM",Real-time update on coronavirus outbreak
"Published: Jul 24, 2022 02:38 PM","Working group sent to investigate Gansu coal mine collapse that kills 10, injures 7"
"Published: Jul 24, 2022 02:45 PM",China successfully launches Wentian lab module for space station
"Published: Jul 24, 2022 04:06 PM",World Youth Development Forum highlights youth participation in digital economy
"Published: Jul 24, 2022 06:43 PM",Beijing's latest local COVID-19 case infection may have been due to contacting imported frozen food
"Published: Jul 24, 2022 07:15 PM",PLA to train pilots faster with new programs amid warplane production capacity boost
"Published: Jul 24, 2022 09:02 PM","Dulong people achieve miracle of eradicating poverty, embracing better life under firm leadership of CPC"
"Published: Jul 24, 2022 09:05 PM","CPC Central Committee’s determination, targeted measures are key behind historic leap of Dulong people shaking off poverty: observer"
"Published: Jul 24, 2022 09:26 PM",Huawei equipment disrupting US military communications? An ‘ignorant assumption’
"Published: Jul 24, 2022 09:30 PM",China ready to cope with imported monkeypox cases
"Published: Jul 24, 2022 09:35 PM",White House’s concern over Pelosi’s visit hints at danger of miscalculation; time to ‘test Biden’s commitment’ made to China
"Published: Jul 24, 2022 10:29 PM",China's population expected to see negative growth before 2025: official 
"Published: Jul 24, 2022 11:05 PM Updated: Jul 25, 2022 11:00 PM","China’s space program eyes peaceful cooperation, contribution to human progress despite US smears of militarization"
"Published: Jul 25, 2022 12:34 AM",Xinjiang tourism authorities called on tourists to keep the Duku Highway clean and tidy
"Published: Jul 25, 2022 01:23 AM",Community transmission chain of Omicron subvariant BA.2 in Shenzhen has not been cut: local health authority
"Published: Jul 25, 2022 02:01 AM","Woman detained in Nanjing for enshrining Japanese war criminals at temple; pure individual act out of selfish motive, probe says"
"Published: Jul 25, 2022 04:13 AM","Shenzhou-14 crew receives 1st lab module Wentian at China Space Station, verifying country’s ability to assemble ultra-large spacecraft in orbit"
"Published: Jul 25, 2022 10:28 AM",Shenzhou-14 crew enter Wentian lab module
"Published: Jul 25, 2022 02:34 PM",Sense of security among Chinese people reaches 98.62% in 2021: Ministry of Public Security
"Published: Jul 25, 2022 03:34 PM",Shaoyang University Party chief removed following overseas doctorate candidates hire controversy
"Published: Jul 25, 2022 04:39 PM",Xi extends congratulations to new Indian president
"Published: Jul 25, 2022 09:02 PM",Sticking to biased views on China and Cold War mentality won’t work: Chinese FM spokesperson criticizes German FM’s remarks on Taiwan question
"Published: Jul 25, 2022 10:11 PM","Exclusive: School education in Putonghua necessary in HK, to be realized when conditions are met: HK Education Secretary"
"Published: Jul 25, 2022 10:36 PM",‘Marginal figure’ Pompeo seeks to garner attention for possible 2024 election with offer to visit Taiwan island with Pelosi
"Published: Jul 25, 2022 10:53 PM",FM urges US officials to stop hyping ‘China threat’ theory as top US military officer claims Chinese military ‘aggressive’
"Published: Jul 25, 2022 11:10 PM",US plans high-level visit to Solomon Islands in a political offensive to bully Pacific countries with colonialist mentality 
"Published: Jul 25, 2022 11:12 PM",Taiwan's Han Kuang military drills slammed as a show
"Published: Jul 25, 2022 11:55 PM","Shenzhou-14 crew enters Wentian lab module, as China's space station is near completion"
"Published: Jul 25, 2022 11:57 PM","Officials from China, ASEAN vow to build S.China Sea into sea of peace, friendship and cooperation at symposium marking 20th anniv. of DOC signing"
"Published: Jul 26, 2022 12:00 AM","Widodo starts China trip, to focus on trade, mutual coordination on regional affairs"
"Published: Jul 26, 2022 12:03 AM","Chinese people's sense of security reaches 98.62% in 2021, the highest in a decade: Ministry of Public Security"
"Published: Jul 26, 2022 12:07 AM",More Chinese students overseas join protest against Dior's 'cultural appropriation' of traditional Chinese design
"Published: Jul 26, 2022 12:34 AM","China issues conditional approval for domestic HIV drug for COVID-19 treatment; officials vow to ramp up development, approval work of COVID-19 therapies"
"Published: Jul 26, 2022 01:03 AM",UK PM candidates race for toughness against China 'to cover domestic mess'
"Published: Jul 26, 2022 01:11 AM",Monkeypox will not cause mass infection in China: chief epidemiologist
"Published: Jul 26, 2022 11:53 AM","UN chief appoints Li Junhua of China as next under-secretary-general for economic, social affairs"
"Published: Jul 26, 2022 02:54 PM",Open letter to UN High Commissioner for human rights
"Published: Jul 26, 2022 03:49 PM","Shanghai further improves infectious diseases treatment system amid pandemic, including 600 medical personnel "
"Published: Jul 26, 2022 05:01 PM",China-France developed Z-15 helicopter receives qualification certificate to enter market
"Published: Jul 26, 2022 06:47 PM",Xi holds talks with Indonesian President Joko Widodo
"Published: Jul 26, 2022 06:51 PM",China urges S. Korea to care for global industrial and supply chain stability
"Published: Jul 26, 2022 07:05 PM Updated: Jul 26, 2022 06:51 PM",CNBG’s monoclonal antibody against Omicron variants approved for clinical trials 
"Published: Jul 26, 2022 08:11 PM","Western media shows ‘sour grapes’ mentality to keep hyping Chinese rocket re-entry, despite flawless safety record"
"Published: Jul 26, 2022 08:35 PM",2 young swimmers test positive for adenovirus after swimming in a swimming pool in Leshan city in Southwest China’s Sichuan
"Published: Jul 26, 2022 09:24 PM","China’s contribution to promoting global human rights hailed at Beijing forum; unilateralism, sanctions by West denounced as challenging global governance"
"Published: Jul 26, 2022 09:31 PM",Extinction of Chinese paddlefish raises awareness on biodiversity protection in China’s largest river
"Published: Jul 26, 2022 10:06 PM","Chinese Foreign Minister Wang Yi to attend SCO ministers meeting, visit Uzbekistan, Tajikistan and Kyrgyzstan: FM spokesperson"
"Published: Jul 26, 2022 10:09 PM","PLA will not sit idly by if Pelosi visits Taiwan island, Chinese defense ministry warns; indicating PLA ‘fully prepared’ for all scenarios"
"Published: Jul 26, 2022 10:19 PM",Electricity use sets records in multiple Chinese locations amid extreme heat
"Published: Jul 26, 2022 10:48 PM",US convenes IPEF meeting to ‘rally partners to counter China for US economic gains’
"Published: Jul 26, 2022 10:50 PM","Xinjiang residents send emails to UN human rights chief to tell truth of region, dismiss West's rumor campaign"
"Published: Jul 26, 2022 10:57 PM",China sees 32.3m entry and exit trips in Q2 as authorities optimize measures amid controlled COVID-19 situation
"Published: Jul 26, 2022 11:07 PM",Chinese FM refutes China’s anti-epidemic measures trampling on rights of US diplomats
"Published: Jul 26, 2022 11:17 PM",US urged to return life-saving money to Afghan people in full at intl conference on Afghanistan in Uzbekistan
"Published: Jul 26, 2022 11:50 PM",China's FH-95 electronic warfare drone passes performance test
"Published: Jul 27, 2022 12:01 AM","Religious authority, Buddhist association require nationwide rectification after Japanese war criminals found enshrined in Nanjing temple"
"Published: Jul 27, 2022 12:25 AM","China, Indonesia deepen ties, inject stability to region, world in international landscape full of uncertainties"
"Published: Jul 27, 2022 12:58 AM",Exclusive: Code of Conduct in South China Sea will definitely be reached: Chinese official on ocean affairs
"Published: Jul 27, 2022 02:13 AM",New China CDC chief appointed as Gao Fu retires
"Published: Jul 27, 2022 08:41 AM","Top political advisor stresses upholding 1992 Consensus, working toward reunification of motherland"
"Published: Jul 27, 2022 12:42 PM","China’s largest solid propellant rocket makes maiden flight, sending six satellites into orbit"
"Published: Jul 27, 2022 01:10 PM",SW China’s Chongqing online memorial service platform apologizes after Japanese war criminals’ pages found on website; services suspended
"Published: Jul 27, 2022 03:04 PM","Gannan in NW China’s Gansu plans makeshift hospital with 1,500 beds to step up efforts combating latest flare-up"
"Published: Jul 27, 2022 03:55 PM Updated: Jul 27, 2022 03:49 PM",District in Wuhan is placed under 3-day lockdown amid latest coronavirus resurgence
"Published: Jul 27, 2022 06:11 PM Updated: Jul 27, 2022 06:06 PM","Taiwan fails to report PLA drone’s 1st island-circulating flight, ‘reflects great vulnerability’"
"Published: Jul 27, 2022 08:47 PM",Exclusive: Sri Lanka’s new president thanks China for assistance: ambassador
"Published: Jul 27, 2022 10:06 PM",US poses 'real risk of conflict' as politicians keep smearing China’s role in South China Sea
"Published: Jul 27, 2022 10:11 PM",US responsible for Russia’s decision to quit space cooperation: experts
"Published: Jul 27, 2022 10:17 PM",Xi presents August 1 Medal to outstanding military personnel
"Published: Jul 27, 2022 11:14 PM","China has always followed intl norms and laws on space activities, including the disposal of rocket debris: Chinese FM"
"Published: Jul 27, 2022 11:19 PM","Voyages to starry ocean: 10 years on, PLA Navy remains a staunch force in safeguarding natl sovereignty, world peace"
"Published: Jul 27, 2022 11:28 PM",Cities cancel summer Matsuri amid controversial Japan-related incident
"Published: Jul 27, 2022 11:29 PM","US pushes chip bill to encircle China, but ‘unable to lure firms to decouple with mainland’  "
"Published: Jul 27, 2022 11:30 PM","China urges SK to stick to commitment despite change of govt, as ‘Three No’s’ on THAAD ‘plays key role in mutual trust’"
"Published: Jul 27, 2022 11:45 PM",Washington should respect position of SE Asian countries of taking no sides between US and China: SSILR
"Published: Jul 28, 2022 12:24 AM",Japanese delegation's visit to Taiwan bodes ill for island: experts
"Published: Jul 28, 2022 12:20 AM",China reinforces bilateral ‘guardrail’ to US; Partisan struggle may ‘bring crisis to Taiwan Straits’
"Published: Jul 28, 2022 03:16 AM",Questioning the use of Chinese language on China's space station shows Western double standards: netizens
"Published: Jul 28, 2022 07:21 AM",HKSAR govt awards 889 persons including Olympic champion and police officer stabbed in a 'lone-wolf' terrorist attack in 2021
"Published: Jul 28, 2022 09:15 AM",China's gold output sees stable recovery in H1: industry association
"Published: Jul 28, 2022 11:16 AM","If anyone tries to separate Taiwan from China and wants to challenge China’s bottom line, PLA will take forceful measures: Chinese ambassador to US"
"Published: Jul 28, 2022 02:59 PM","Hit-and-run accident in Henan kills 1, injures 28"
"Published: Jul 28, 2022 05:00 PM",China's MIIT minister under investigation: CCDI
"Published: Jul 28, 2022 05:16 PM","Gunman in SW China’s Sichuan remains at large, with hundreds of people searching in mountains: media"
"Published: Jul 28, 2022 05:29 PM",Xi stresses upholding socialism with Chinese characteristics to build modern socialist country
"Published: Jul 28, 2022 06:38 PM","Chinese leadership analyzes economic situation, reviews disciplinary inspection report"
"Published: Jul 28, 2022 07:44 PM",China urges UN human rights chief's office to refuse lie-based Xinjiang ‘assessment’
"Published: Jul 28, 2022 08:07 PM",Xi stresses persistent efforts to reach PLA centenary goals
"Published: Jul 28, 2022 08:17 PM",Authorities investigate sudden death of 22-year-old woman after days of overworking
"Published: Jul 28, 2022 09:24 PM","Growing cohesion of SCO, attraction of Shanghai Spirit highlighted amid Russia-Ukraine conflict and US-led bloc confrontation"
"Published: Jul 28, 2022 10:15 PM",Z-10 attack helicopter enters service with PLA Hong Kong Garrison
"Published: Jul 28, 2022 10:36 PM","UN human rights report on HK 'full of bias, beyond its scope of authority'"
"Published: Jul 28, 2022 10:49 PM",India should work with China to solve bilateral difficulties amid recent positive signals: experts
"Published: Jul 28, 2022 10:49 PM","China’s defense ministry issues fresh, rare warning ‘action the most powerful language’ over Pelosi’s Taiwan visit; reinforces resolve"
"Published: Jul 28, 2022 11:08 PM Updated: Jul 29, 2022 01:47 AM","Xi criticizes US rivalry policy in candid talk with Biden, warns over Taiwan question but both sides emphasize cooperation"
"Published: Jul 28, 2022 11:33 PM","Exclusive: China-Solomon Islands police training enhances friendship, law-enforcement capacity after Chinatown losses"
"Published: Jul 29, 2022 12:00 AM",Nuclear power ship wins China Patent Award
"Published: Jul 29, 2022 12:14 AM","US, SK urged to ease military pressure, address NK’s concerns as Pyongyang says ‘nuclear deterrence’ is ready"
"Published: Jul 29, 2022 01:06 AM","China's ex-minister of justice pleads guilty in 1st trial for suspected bribery, law violations for personal gains"
"Published: Jul 29, 2022 01:29 AM","Abrupt US official visit to Nepal aims to push SPP, reveals anxiety to contain China: source"
"Published: Jul 29, 2022 03:05 AM",Southern China was an ocean connected to NW China's arid Tarim Basin 438m years ago: Chinese paleontologists
"Published: Jul 29, 2022 11:07 AM",HKSAR official says Mirror concert accident caused by metal cord that snapped; organizer apologizes and probes continue
"Published: Jul 29, 2022 07:06 PM",President Xi stresses upholding socialism with Chinese characteristics to build modern socialist country
"Published: Jul 29, 2022 09:53 PM Updated: Jul 30, 2022 12:26 AM",PLA’s post ‘Preparing for war’ draws wide support from netizens ahead of Army Day
"Published: Jul 29, 2022 11:05 PM Updated: Jul 29, 2022 11:21 PM","Don’t say we didn’t warn you – Symposium of China’s top think tank sends classic, pre-war warning to provocative Pelosi"
"Published: Jul 29, 2022 11:10 PM","The ‘eccentric, bigoted’ Pelosi does not care about others’ thoughts, but Biden is the key in the 82-year-old’s planned Taiwan trip"
"Published: Jul 29, 2022 11:22 PM","China exempts import tariffs, resumes issuing visas for Afghan citizens"
"Published: Jul 29, 2022 11:24 PM",DPP authorities show ‘ambivalence’ after Biden reiterates support for one-China policy
"Published: Jul 30, 2022 12:48 AM",India’s first indigenous aircraft carrier delivered to navy; ambition displayed despite gap with China
"Published: Jul 30, 2022 02:06 AM","Hatred, racism-loaded Twitter account suspended, as Chinese netizens call for permanent ban"
