﻿"Published: Jan 22, 2020 09:15 PM Updated: Jul 11, 2022 09:00 AM",Real-time update on coronavirus outbreak
"Published: Jul 03, 2022 11:29 PM Updated: Jul 11, 2022 10:01 PM",GT investigates: How US exploits minority workers and immigrants in agriculture and other labor-intensive industries
"Published: Jul 06, 2022 12:11 AM",Beautiful Xinjiang in numbers
"Published: Jul 06, 2022 11:54 PM Updated: Jul 13, 2022 08:54 PM",Indentured by hegemony - US builds slavery empire by exploiting other countries
"Published: Jul 08, 2022 04:55 PM Updated: Jul 09, 2022 01:21 PM",Abe remembered in China as controversial figure who 'ruined own contribution to bilateral ties'
"Published: Jul 08, 2022 11:26 PM Updated: Jul 09, 2022 01:05 AM",China stresses true multilateralism at G20 FMs’ meeting amid US attempt to split bloc over Russia-Ukraine conflict
"Published: Jul 09, 2022 12:52 AM","10 years on, world views China as established power different from West: GT surveys"
"Published: Jul 09, 2022 11:56 AM",Xi sends condolences to Japanese PM on Abe’s death
"Published: Jul 09, 2022 09:04 PM",Condolences from world leaders underscore Abe’s diplomatic flexibility; incident may deepen link between US-Japan right wing forces: expert
"Published: Jul 10, 2022 12:47 AM",Wang-Blinken ‘constructive’ meeting in Bali reduces misunderstanding; China makes stance clear by raising four lists
"Published: Jul 10, 2022 01:10 PM","Chinese Embassy in Sri Lanka reminds Chinese nationals not to participate in any protests, offering food donations to local people"
"Published: Jul 10, 2022 06:38 PM",Aerospace scientist elaborates on how CPC’s practice-oriented concept helps drive scientific innovation
"Published: Jul 10, 2022 06:40 PM",China’s leading aerospace innovation relies on exploration independence
"Published: Jul 10, 2022 07:03 PM","China, Pakistan kick off joint naval drill off Shanghai, with China-built warship from Pakistan joining"
"Published: Jul 10, 2022 08:20 PM",China’s CDC head calls for updated booster vaccines as contagious BA.5.2 found in at least four cities
"Published: Jul 10, 2022 08:41 PM",Exclusive: Chinese and US senior officials hold “well-communicated” five-hour meeting in Bali
"Published: Jul 10, 2022 09:43 PM Updated: Jul 11, 2022 12:17 AM","Sri Lankan president, prime minister to resign after protesters stormed their houses and offices"
"Published: Jul 10, 2022 10:21 PM Updated: Jul 11, 2022 12:15 AM",Abe’s killing turns Japan upper house election into ‘war of condolences’
"Published: Jul 10, 2022 10:13 PM","China begins construction on world’s most far-reaching radar system, to boost defense against near-Earth asteroid impact"
"Published: Jul 10, 2022 10:31 PM",Extreme weather alerts issued as heat waves of up to 40 C set to smother China
"Published: Jul 10, 2022 11:12 PM",Authorities in China jointly ban ads of fake military-related products to safeguard army’s good reputation
"Published: Jul 11, 2022 12:03 AM","Canberra called on to show rationality, political wisdom to reset China ties after FMs’ meeting"
"Published: Jul 11, 2022 12:14 AM",China-US five-hour meeting in Bali thoroughly communicated; 'frequent dialogues help solve prominent issues'
"Published: Jul 10, 2022 11:57 PM",Several districts in Shanghai launch a large-scale nucleic acid campaign to prevent ballooned COVID-19 infections
"Published: Jul 11, 2022 12:04 AM","AstraZeneca’s preventive COVID-19 therapy administered in Hainan, hospitals ‘considers double dosage against BA.4 and 5 subvariants’"
"Published: Jul 11, 2022 06:06 AM",Hong Kong mulls rollout of health code amid fifth COVID wave
"Published: Jul 11, 2022 06:14 AM","China and Indonesia to jointly push for major landmark projects on transportation, vaccine: FM"
"Published: Jul 11, 2022 07:17 AM","Exclusive: Reports claiming ‘China building military base’ in PNG baseless, hype with ulterior motives: Chinese Embassy"
"Published: Jul 11, 2022 07:28 AM",Three former Japanese prime ministers I received at the memorial hall of the Nanjing Massacre expressed wishes for peace and friendship: curator
"Published: Jul 11, 2022 03:48 PM Updated: Jul 11, 2022 10:13 PM",All students test negative in same building as Wuhan University’s cholera case
"Published: Jul 11, 2022 09:00 PM",Taiwan’s Tsai suspected of violating regional law by flying flags at half-staff to honor Abe
"Published: Jul 11, 2022 09:47 PM Updated: Jul 11, 2022 11:50 PM","UK loses global influence with declining national strength, shaky internal politics"
"Published: Jul 11, 2022 09:28 PM Updated: Jul 11, 2022 09:48 PM","In ‘high-profile’ mourning of Abe, Blinken’s blitz Tokyo visit serves to tie Japan closer as US policy trumpeter in Asia"
"Published: Jul 11, 2022 09:39 PM",Shanghai launches new round of mass testing to tackle new Omicron subvariant
"Published: Jul 11, 2022 09:59 PM",China vows to crack down on invasive species including the Fushou snail and Canadian goldenrod
"Published: Jul 11, 2022 10:11 PM","China’s first large-scale patrol vessel in Taiwan Straits commissioned,  ‘enhances emergency response to accidents in region’"
"Published: Jul 11, 2022 10:38 PM","China's second national botanical garden unveiled in Guangdong, a boost to biological diversity"
"Published: Jul 11, 2022 11:00 PM",Shanghai govt stresses employers cannot fire or refuse to hire employees because of past COVID-19 infection following media reports of work discrimination
"Published: Jul 11, 2022 11:11 PM","China’s first homemade subsea tree for oil drilling put into use in S.China Sea, breaks foreign monopoly"
"Published: Jul 11, 2022 11:34 PM","IMF, other intl institutions urged to take responsibility in tackling Sri Lankan crisis to prevent more nations in Africa, LatAm to follow suits"
"Published: Jul 12, 2022 12:10 AM","Chinese FM stresses no interest in geostrategic jostling in PICs, refutes ‘unfounded’ rumors"
"Published: Jul 12, 2022 01:22 AM","Chinese FM calls on ASEAN to uphold vision of peace, independence, insulate region from geopolitical calculations"
"Published: Jul 12, 2022 04:11 AM",Second CELAC-China Forum on Poverty Reduction and Development to kick off for increased cooperation in post COVID19 era
"Published: Jul 12, 2022 04:21 AM","Beijing set to resume on-site sporting events after a month, as China’s top soccer league ready to embrace spectators again"
"Published: Jul 12, 2022 01:06 PM",Claims linking Kiribati withdrawal with China influence are groundless: Chinese embassy
"Published: Jul 12, 2022 01:29 PM",Xi urges young people across Taiwan Straits to strive for national rejuvenation
"Published: Jul 12, 2022 03:59 PM Updated: Jul 12, 2022 03:51 PM",US consul general’s ‘farewell remarks’ a symbol of US’ bankruptcy of using HKSAR to contain China: Commissioner's office of Chinese FM
"Published: Jul 12, 2022 04:48 PM",Chinese top diplomat says one-China principle is the mainstay of stabilizing Taiwan Straits at ASEAN Secretariat
"Published: Jul 12, 2022 08:46 PM",China-Pakistan joint naval drill enters live-fire phase with participation of both countries’ Type 054A frigates for 1st time
"Published: Jul 12, 2022 09:24 PM","China ready to work with relevant countries, intl financial institutions to help Sri Lanka tackle current difficulties: FM"
"Published: Jul 12, 2022 09:48 PM Updated: Jul 12, 2022 11:55 PM",Iran to obtain full SCO membership in 2023: embassy
"Published: Jul 12, 2022 10:03 PM",Theater in S. China’s Guangdong apologizes for its admission notice banning the entry of visitors with an infection history of COVID-19
"Published: Jul 12, 2022 10:17 PM","HK relieved to bid farewell to US consul Hanscom Smith, a ‘Chris Patten-like politician’ who failed his subversion mission"
"Published: Jul 12, 2022 10:22 PM",Former head of Xi’an emergency center dismissed for afflicting a great negative impact on local COVID-19 prevention efforts
"Published: Jul 12, 2022 10:49 PM","Unification Church linked to Abe’s death, sounds alarm in China over cult group’s infiltration"
"Published: Jul 12, 2022 10:54 PM",Abe’s assassination ‘sounds alarm on bigger political crisis’ of emboldened conservative forces’
"Published: Jul 12, 2022 11:52 PM",Australia to hype ‘China influence’ at regional forum to assert its ‘patriarch’ role against PICs’ interest
"Published: Jul 13, 2022 12:28 AM","Abe leaves ‘complex legacy’ to China-Japan relations, Chinese public opinions reasonable; objective evaluation becomes world’s mainstream when initial shock ebbs away"
"Published: Jul 13, 2022 12:35 AM",Writers of UK think tank's reports on Xinjiang revealed as related to terrorist groups: regional spokesperson
"Published: Jul 13, 2022 12:51 AM","Chinese local govts redress too strict anti-epidemic policies amid central govt, public supervision"
"Published: Jul 13, 2022 01:05 AM Updated: Jul 13, 2022 01:00 AM",Xi urges young people across Taiwan Straits to strive for national rejuvenation
"Published: Jul 13, 2022 01:11 AM",Average life expectancy in China rises to 78.2 years in 2021
"Published: Jul 13, 2022 11:21 AM",Full text of Xi Jinping's letter to young people from Taiwan attending the Straits Youth Forum
"Published: Jul 13, 2022 11:51 AM Updated: Jul 13, 2022 08:11 PM","PLA releases photos of warning away trespassing US warship, shows confidence in tackling navigational hegemony"
"Published: Jul 13, 2022 02:07 PM",143 new COVID cases reported: NW China’s Lanzhou enters a 7-day lockdown
"Published: Jul 13, 2022 05:19 PM Updated: Jul 13, 2022 10:45 PM","At least one dead, two dozen hospitalized amid record-breaking heat in southern China"
"Published: Jul 13, 2022 07:19 PM",Embassy reminds Chinese citizens in Cambodia to stay away from online gambling syndicates
"Published: Jul 13, 2022 08:21 PM",China set to launch Wentian lab module in July: developer
"Published: Jul 13, 2022 08:53 PM","China urges US to respect China’s sovereignty, interests on S.China Sea matter"
"Published: Jul 13, 2022 09:39 PM",Japan warned for strengthening ties with Taiwan secessionists in post-Abe era as Tokyo to send lawmakers to island
"Published: Jul 13, 2022 09:46 PM",Biden’s Mideast trip would find ‘dilemma between confronting Iran and sanctioning Russia’
"Published: Jul 13, 2022 10:20 PM Updated: Jul 14, 2022 12:36 AM",China H1 trade posts resilient growth of 9.4% as economy bounces from Omicron shock
"Published: Jul 13, 2022 10:16 PM",Several Chinese cities temporarily seal off residential compounds amid COVID flare-ups
"Published: Jul 13, 2022 10:17 PM","China and Nicaragua sign free trade agreement, building a government level cooperation mechanism"
"Published: Jul 13, 2022 11:51 PM",Do you wanna visit China again? Chinese netizens launch search campaign for a foreigner who lost photos in Beijing Summer Olympic Games visit
"Published: Jul 13, 2022 11:57 PM","China, S Korea make ‘positive progress’ in talks for 2nd phase FTA despite ‘disturbing factors’"
"Published: Jul 14, 2022 12:35 AM",US rushes sudden interest in PICs in unpopular push to counter China
"Published: Jul 14, 2022 03:12 AM Updated: Jul 13, 2022 07:04 PM","More policies to come to facilitate convenient life in the mainland for HK, Macao SAR residents: Ministry of Public Security"
"Published: Jul 14, 2022 03:44 AM",Chinese premier stresses equal rights of employment for recovered COVID-19 patients
"Published: Jul 14, 2022 10:53 AM",S.China’s Zhuhai refutes lockdown rumor after kindergarten cluster infection
"Published: Jul 14, 2022 11:59 AM Updated: Jul 14, 2022 11:52 AM",N.China Hebei's 100-day campaign targeting illegal behaviors arrests 693 suspects and criminals
"Published: Jul 14, 2022 06:40 PM",US ‘escalates provocation’ in South China Sea with carrier operation
"Published: Jul 14, 2022 06:51 PM",China urges Japan to attend to concern of various parties over nuclear-contaminated water dump after Pacific FMs declaration
"Published: Jul 14, 2022 07:39 PM","China, Greece should enhance ties in all areas to excellent level of political bond: senior Greek diplomat"
"Published: Jul 14, 2022 07:41 PM",Close cooperation between China and Greece under the BRI
"Published: Jul 14, 2022 07:53 PM Updated: Jul 14, 2022 09:55 PM",China-UK ties ‘might improve’ with arrival of new PM
"Published: Jul 14, 2022 09:04 PM","China, CELAC to deepen cooperation on poverty reeducation in fresh sign of growing ties"
"Published: Jul 14, 2022 09:10 PM","CoronaVac approved in Brazil for children aged 3-5, effective in reducing disease, death from Omicron: company"
"Published: Jul 14, 2022 09:38 PM",Latest Omicron-fueled Lanzhou flare-up shows upward trend with transmission detected in communities
"Published: Jul 14, 2022 09:53 PM",Sporadic COVID-19 resurgences in China will not stop economic recovery: expert
"Published: Jul 14, 2022 09:57 PM","EU’s new sanctions against Russia ‘largely symbolic,’ reflects US’ declining leadership"
"Published: Jul 14, 2022 11:02 PM Updated: Jul 15, 2022 12:04 AM","Scorching heatwaves roast China with 900m affected, to persist into August, as authorities, industries brace for intense heat"
"Published: Jul 14, 2022 10:53 PM","Abe’s death exposes long-neglected collusion between politicians and Unification Church in Japan, South Korea"
"Published: Jul 14, 2022 11:06 PM",Shanghai revokes bar's business license after violation of anti-epidemic regulations
"Published: Jul 14, 2022 11:11 PM",PLA’s attack helicopters start routine border patrols in high-altitude Karakoram
"Published: Jul 14, 2022 11:26 PM","South Pacific to be an arena for cooperation, not vicious competition: Chinese FM"
"Published: Jul 15, 2022 12:02 AM",Chinese regulator vows guidance to help address mortgage default risks; ‘tougher regulation urged to clog loophole’
"Published: Jul 15, 2022 12:12 AM",More Chinese volunteers take actions to bring back clearer water and fresh air to Xizang
"Published: Jul 15, 2022 12:21 AM","Xi inspects Urumqi in China's Xinjiang, second visit in eight years"
"Published: Jul 15, 2022 09:29 AM","Xi stresses making Xinjiang Production and Construction Corps stronger, more prosperous"
"Published: Jul 15, 2022 02:11 PM","Four seafood samples test positive for cholera virus in Wuhan, unrelated to the previous case"
"Published: Jul 15, 2022 07:33 PM","Xi stresses implementing Party's policies on Xinjiang, highlights stability, security"
"Published: Jul 15, 2022 08:11 PM","Stop abusing China’s restraint on warplane provocations, Chinese FM tells US, Canada & Australia"
"Published: Jul 15, 2022 09:53 PM","US House hypes ‘China threat’ to boost military budget, shows sense of insecurity amid economic woes"
"Published: Jul 15, 2022 10:32 PM Updated: Jul 16, 2022 01:09 AM","China’s H1 GDP up 2.5%, Q2 positive growth in hard-won outcome as nation braves headwinds"
"Published: Jul 15, 2022 10:35 PM","Biden visits Saudi Arabia to woo oil and geopolitical support, but may bring back lower approval rate"
"Published: Jul 15, 2022 11:08 PM",SCO receives application from Belarus; its enlargement ‘essentially different’ from NATO expansion
"Published: Jul 16, 2022 01:05 AM","Xinjiang no longer a remote corner, but a core area, hub in BRI: Xi"
"Published: Jul 16, 2022 01:05 AM","Anhui county in E.China in closed management as 151 positive results discovered in one day; domestic vaccines, drugs send good news"
"Published: Jul 16, 2022 01:38 AM",Dior in controversy again in China over suspicion to copycat traditional Chinese design in Fall 2022 Collection
