﻿"Published: Jun 06, 2022 05:56 PM",Elizabeth II ‘humbled’ by crowds
"Published: Jun 06, 2022 05:59 PM",Bangladeshi depot accused over giant blast with 49 dead
"Published: Jun 06, 2022 06:01 PM",At least 50 killed in massacre at Catholic church in southwest Nigeria
"Published: Jun 06, 2022 06:09 PM",5 killed in latest US gun attacks
"Published: Jun 06, 2022 06:12 PM","Yemen govt, Houthi rebels begin new talks on Taiz"
"Published: Jun 06, 2022 06:15 PM",Senior Indian official suspended after Gulf states condemn ‘Islamophobic’ remarks
"Published: Jun 07, 2022 01:00 AM","‘No longer US’ backyard,’ Latin America sends united message"
"Published: Jun 07, 2022 07:10 AM","UK's Johnson wins no-confidence vote, saves premiership"
"Published: Jun 07, 2022 07:14 AM",Russia bans more Americans from entry
"Published: Jun 07, 2022 07:15 AM","Ukraine, Moldova agree to facilitate border crossing"
"Published: Jun 07, 2022 04:34 PM",Boris Johnson scrapes no-confidence win
"Published: Jun 07, 2022 04:41 PM",Sudanese protesters blockade roads to crucial Red Sea port
"Published: Jun 07, 2022 04:45 PM",Dominican Republic minister shot dead in office
"Published: Jun 07, 2022 04:52 PM",Climate change still a priority: UN
"Published: Jun 07, 2022 05:03 PM",Outrage over Polish govt ‘register of pregnancies’
"Published: Jun 07, 2022 05:05 PM",Australians suffer mental health effects of COVID-19: university survey
"Published: Jun 07, 2022 05:09 PM","‘Just straw, no seeds’"
"Published: Jun 07, 2022 05:37 PM",Mexico leader to skip US summit
"Published: Jun 07, 2022 05:48 PM",Global tourist arrivals triple in first quarter; Europe leads
"Published: Jun 07, 2022 05:52 PM",Israel govt loses key vote to uphold laws in West bank in setback for coalition
"Published: Jun 08, 2022 08:15 AM",Ukraine says in talks with UN over humanitarian corridor for food exports
"Published: Jun 08, 2022 04:40 PM",Source of life found in asteroid samples collected by Japan’s space probe
"Published: Jun 08, 2022 05:06 PM",US experts recommend Novavax vaccine
"Published: Jun 08, 2022 05:17 PM",Health workers in France protest over pay ahead of polls
"Published: Jun 08, 2022 05:21 PM","Fears mount for UK journalist, Indigenous expert"
"Published: Jun 08, 2022 05:28 PM",UN calls for Somalia drought relief
"Published: Jun 08, 2022 05:35 PM",Belgian King Philippe lands in DR Congo for key visit
"Published: Jun 08, 2022 05:37 PM",Heavy fighting in West Sudan witnesses 27 killed in ethnic clashes
"Published: Jun 08, 2022 05:41 PM",US renewables ‘frenzy’ puts land conflicts on corporate radar
"Published: Jun 08, 2022 05:50 PM",Indian police arrest youth leader
"Published: Jun 08, 2022 05:52 PM",Turkey and Finland hold trade talks to promote ties
"Published: Jun 08, 2022 05:54 PM",Temporary gun violence memorial unveiled in DC in wake of Uvalde shooting
"Published: Jun 09, 2022 08:10 AM","Scholz, Zelensky discuss grain exports from Ukraine"
"Published: Jun 09, 2022 08:11 AM",German industrial production recovers after slump on Russia-Ukraine conflict
"Published: Jun 09, 2022 04:41 PM",UN chief warns of global chaos
"Published: Jun 09, 2022 04:44 PM",Venezuelans take to forums over exclusion from summit
"Published: Jun 09, 2022 04:48 PM",India tightens security after militants threaten attacks over anti-Muslim remarks
"Published: Jun 09, 2022 04:51 PM",Loss and damage
"Published: Jun 09, 2022 05:16 PM",Airline emissions must be slashed
"Published: Jun 09, 2022 05:20 PM",US to ban single-use plastics on public lands
"Published: Jun 09, 2022 05:23 PM","Brazil police arrest one in case of missing reporter, indigenous expert"
"Published: Jun 09, 2022 05:40 PM",Iran condemns ‘political’ IAEA resolution
"Published: Jun 09, 2022 05:50 PM",Afghan Taliban unveils reorganized police uniforms
"Published: Jun 09, 2022 05:53 PM",Sri Lanka hit by power cuts after key union goes on strike
"Published: Jun 10, 2022 12:19 PM","Ukrainian president signs sanction decrees on Russian president, officials"
"Published: Jun 11, 2022 12:59 AM",Russia completes massive military drills in the Pacific
"Published: Jun 11, 2022 09:27 PM",Russian PM authorizes Russia's withdrawal from UNWTO
"Published: Jun 11, 2022 09:33 PM",Russia-Ukraine conflict could push 11-19 mln into hunger worldwide: FAO
"Published: Jun 12, 2022 05:29 PM",Damascus’ airport rendered ‘unusable’ after Israel bombing
"Published: Jun 12, 2022 05:31 PM",Elections see left challenge to Macron
"Published: Jun 12, 2022 05:33 PM",Migrant caravan disbands as Mexico grants visas
"Published: Jun 12, 2022 05:46 PM","Iran, Venezuela sign 20-year deal"
"Published: Jun 12, 2022 05:48 PM",India ramps up response to unrest over Islam remarks
"Published: Jun 12, 2022 05:50 PM",Palestinian president hosts senior US officials ahead of Biden’s visit
"Published: Jun 12, 2022 06:19 PM",WTO negotiators see progress
"Published: Jun 12, 2022 06:30 PM",Australia reports highest number of influenza infections in May on record
"Published: Jun 12, 2022 06:44 PM",Monkeypox spread through close contact: UK survey
"Published: Jun 12, 2022 07:47 PM",March For Our Lives: Thousands across US rally against gun violence 
"Published: Jun 13, 2022 08:57 AM",22 reportedly injured in rocket attack in west Ukraine
"Published: Jun 13, 2022 04:24 PM",New Russian fast-food era begins 
"Published: Jun 13, 2022 04:26 PM",Pope hopes to reschedule after Africa trip scrapped
"Published: Jun 13, 2022 04:28 PM",Palestinian PM calls for forming intl front to end Israeli occupation
"Published: Jun 13, 2022 05:23 PM",Sinn Fein alleges Tory ‘games’ over N.Ireland
"Published: Jun 13, 2022 05:26 PM",Net-zero vows suffer ‘credibility gap’
"Published: Jun 13, 2022 05:32 PM",Belongings of missing British reporter and expert in Brazil found
"Published: Jun 13, 2022 05:36 PM",NASA loses two hurricane monitoring satellites on launch
"Published: Jun 13, 2022 07:40 PM",Texas death row inmate ‘optimistic’ after 27 years
"Published: Jun 14, 2022 05:09 PM",UK sets up EU battle over Brexit
"Published: Jun 14, 2022 05:13 PM",Israel’s govt risks collapse as lawmaker quits coalition
"Published: Jun 14, 2022 05:16 PM",Canadian man who drove van into Toronto crowds given life sentence
"Published: Jun 14, 2022 05:20 PM",Trump became ‘detached from reality’
"Published: Jun 14, 2022 05:24 PM",Ecuador’s indigenous groups protest against economic policies
"Published: Jun 14, 2022 05:28 PM",Canada PM Trudeau contracts COVID-19 a 2nd time
"Published: Jun 14, 2022 05:37 PM",‘Extreme’ heat wave grips Spain
"Published: Jun 14, 2022 05:41 PM",More than 14% of world has had Lyme disease: study
"Published: Jun 14, 2022 05:46 PM",UN turns to crowd-funding to prevent oil spill disaster off Yemen
"Published: Jun 14, 2022 06:32 PM",Thaksin’s daughter takes Shinawatra brand to new Thai generation
"Published: Jun 15, 2022 08:06 AM","Russia imposes personal sanctions against British media representatives, defense figures"
"Published: Jun 15, 2022 08:07 AM","Ukraine, EU finalize deal on road transport liberalization"
"Published: Jun 15, 2022 08:08 AM","Ukrainian, Canadian leaders discuss defense cooperation"
"Published: Jun 15, 2022 04:54 PM",UK asylum policy to remain
"Published: Jun 15, 2022 04:56 PM",South Korean truck drivers return to work after strike
"Published: Jun 15, 2022 05:00 PM",Over 25% of Japanese singles in their 30s not willing to marry: survey
"Published: Jun 15, 2022 05:06 PM",US struggles with climate catastrophes
"Published: Jun 15, 2022 05:09 PM",Polluted air shortens global life expectancy by more than 2 years
"Published: Jun 15, 2022 05:12 PM",Second arrest made in Brazil missing persons case 
"Published: Jun 15, 2022 05:28 PM",Biden signals US-Saudi thaw
"Published: Jun 15, 2022 05:34 PM",S.Baptists to create abuser database of former staff
"Published: Jun 15, 2022 05:36 PM","Italy’s lifting of mask mandate likely to exclude public transport, hospitals"
"Published: Jun 15, 2022 08:08 PM",Hard landing
"Published: Jun 16, 2022 07:53 AM",Russia continues to slash gas supply to Europe
"Published: Jun 16, 2022 07:54 AM",Canada to provide further military aid for Ukraine
"Published: Jun 16, 2022 07:56 AM",U.S. to provide 1-bln-USD additional security assistance to Ukraine
"Published: Jun 16, 2022 04:59 PM",Black Death origin mystery solved
"Published: Jun 16, 2022 05:02 PM",Sections of Yellowstone to remain shut for rest of year
"Published: Jun 16, 2022 05:04 PM",Australia submits more ambitious 2030 emissions targets to UN reduction 
"Published: Jun 16, 2022 05:07 PM",Fight monkeypox together: WHO
"Published: Jun 16, 2022 05:10 PM","Senior ISIS figure detained in Syria, says US-led forces"
"Published: Jun 16, 2022 05:15 PM","Fauci tests positive for COVID-19, having no recent contact with US president"
"Published: Jun 16, 2022 05:21 PM",UK govt could ditch European court after Rwanda plan blocked
"Published: Jun 16, 2022 05:26 PM",Stripper halts Peruvian president’s corruption hearing
"Published: Jun 16, 2022 05:42 PM",UNHCR warns of acute migratory crisis
"Published: Jun 16, 2022 07:06 PM",Phillips and Pereira: Two men who loved the Amazon
