﻿"Published: Jan 22, 2020 09:15 PM Updated: Jul 04, 2022 09:00 AM",Real-time update on coronavirus outbreak
"Published: Jun 29, 2022 11:59 AM","Exclusive: US plants Trojan horse programs in hundreds of important Chinese information systems; new cyber weapon targets China, Russia"
"Published: Jun 29, 2022 12:23 PM",EC President von der Leyen roasted for anti-China agenda in new infrastructure funding initiative
"Published: Jun 29, 2022 12:30 PM","HK university’s new campus in mainland to boost synergy in education, national identity among youth"
"Published: Jun 29, 2022 02:04 PM","Xi inspects Wuhan, stresses China's self-reliance in science, technology"
"Published: Jun 29, 2022 03:33 PM","China removes COVID infection risk marks in constant exploration for ‘better balance of epidemic prevention, devt’"
"Published: Jun 29, 2022 06:03 PM",Exclusive: Hong Kong to walk on its own democratic path: veteran HK lawmaker
"Published: Jun 29, 2022 05:47 PM",China’s Tianwen-1 Mars probe accomplishes all assigned tasks: CNSA
"Published: Jun 29, 2022 05:57 PM",China’s sci-tech achievements’ commercialization contract amount reaches $18.6 billion: report
"Published: Jun 29, 2022 06:37 PM",Chinese FM calls on US to review and correct its bad records on migrant issues following Texas tragedy 
"Published: Jun 29, 2022 06:48 PM","Shanghai to reopen museums, galleries, tourist attractions from July 1"
"Published: Jun 29, 2022 07:02 PM Updated: Jul 04, 2022 07:02 PM","GT investigates: Millions of prison laborers in US produce billions in annual profits while working in harsh conditions, risking their lives for pennies"
"Published: Jun 29, 2022 07:39 PM",Hong Kong’s achievements are backed by the motherland’s overall strength: first LegCo president
"Published: Jun 29, 2022 08:28 PM",Taiwan officials disgrace themselves by stooping to join foreign entourage to wedge into UN conference
"Published: Jun 29, 2022 08:30 PM",President Xi's remarks on Hong Kong
"Published: Jun 29, 2022 08:54 PM","NATO expansionist agenda a threat to global security, a US tool to control EU and enhance hegemonic manipulation capacity"
"Published: Jun 29, 2022 09:23 PM",The Economist deletes racist tweet amid torrents of criticism
"Published: Jun 29, 2022 09:23 PM",Public consultation enables people’s direct participation in law making: China’s top legislature
"Published: Jun 29, 2022 10:21 PM","PLA Navy transport aircraft hold simulated landing on carrier, ‘indicate 3rd carrier to be equipped with cargo planes’"
"Published: Jun 29, 2022 10:20 PM Updated: Jun 30, 2022 11:00 PM",From chaos to governance: HKPF witnesses city's transition
"Published: Jun 29, 2022 11:35 PM",West's HK slander shows 'sour grapes' mentality before anniversary
"Published: Jun 29, 2022 11:56 PM","Kishida, Yoon debut at NATO, casting shadow on Asian peace"
"Published: Jun 30, 2022 12:57 AM Updated: Jun 30, 2022 10:57 PM","More risks, conflicts ensue as NATO formally invites Finland, Sweden to join after Turkey lifts veto"
"Published: Jun 30, 2022 12:37 AM",US surveillance satellite probe poses big security threat: experts
"Published: Jun 30, 2022 11:28 AM",China firmly opposes NATO's Strategic Concept filled with Cold War thinking and ideological bias: Chinese Mission to EU
"Published: Jun 30, 2022 02:12 PM","Changes in travel tracking marks ‘refined methods’ of ‘dynamic-zero,’ suit new realities: CDC expert"
"Published: Jun 30, 2022 02:58 PM",China to strengthen coordination with Pakistan on multilateral affairs and safeguard common interests of developing countries: top Chinese diplomat
"Published: Jun 30, 2022 03:24 PM","President Xi's visit to Hong Kong underscores trust, confidence"
"Published: Jun 30, 2022 03:42 PM","Xi extends congratulations, best wishes to Hong Kong compatriots"
"Published: Jun 30, 2022 04:02 PM","The Economist rephrases controversial article, clarifies it never intended to cause offense amid accusations of racism"
"Published: Jun 30, 2022 07:15 PM",County in E. China placed under urgent lockdown to curb spillover risk after 32 silent COVID-19 carriers spotted
"Published: Jun 30, 2022 07:23 PM",President Xi meets HKSAR Chief Executive Carrie Lam
"Published: Jun 30, 2022 07:48 PM",A tale of two cities: ever closer bond between Shenzhen and HK
"Published: Jun 30, 2022 07:49 PM",Sharp contrast: China brings hope with assistance vs US taking lives in chaotic withdrawal from Afghanistan
"Published: Jun 30, 2022 09:05 PM Updated: Jun 30, 2022 11:05 PM",HK youth keen to embrace opportunities under broad natl devt plan amid city's deeper integration with mainland
"Published: Jun 30, 2022 09:14 PM",A glimpse of the Greater Bay Area development
"Published: Jun 30, 2022 09:23 PM",Tourism warms up as COVID restrictions relax
"Published: Jun 30, 2022 09:25 PM",25th anniversary of HK’s return to the motherland: 1997 vs Now
"Published: Jun 30, 2022 09:47 PM",Liz Truss’ ‘unjustified’ comments on China lack common sense: Chinese FM
"Published: Jun 30, 2022 10:50 PM",China’s future aircraft carrier program ‘depends on security needs’: defense ministry
"Published: Jun 30, 2022 10:48 PM",China punishes 4.7 million people in decade-long anti-graft campaign
"Published: Jun 30, 2022 11:07 PM",Tourism booms after relaxed COVID rules; China's strong economic resilience to reward precise epidemic prevention approach
"Published: Jun 30, 2022 11:09 PM Updated: Jun 30, 2022 10:57 PM",Journey of Hong Kong: City shows bright future coming through twists and turns
"Published: Jun 30, 2022 11:26 PM",President Xi's trip to Hong Kong puts spotlight on high-speed rail link
"Published: Jun 30, 2022 11:28 PM","Three years on, ‘Pearl of Orient’ returns, well guarded by NSL"
"Published: Jun 30, 2022 11:38 PM","‘Reassured, proud, no regrets:’ Lam concludes ‘most challenging’ term"
"Published: Jul 01, 2022 12:18 AM",Xi congratulates Marcos on inauguration as Philippine president，‘sets good start for pushing ties toward new golden era’
"Published: Jul 01, 2022 12:48 AM",FM denounces NATO as having blood of world's people on its hands after it smears China as ‘systemic challenge’ in new ‘strategic concept’
"Published: Jul 01, 2022 12:57 AM",Modern Slavery Empire under 'human rights beacon': Childhood on production line
"Published: Jul 01, 2022 01:16 AM",Maritime Silk Road International Tea Culture Forum held in Fujian to boost exchanges and share highlights of China's rural revitalization
"Published: Jul 01, 2022 01:45 AM",Earthquake relief supplies from Chinese NGOs and charities arrive in Afghanistan after official aid
"Published: Jul 01, 2022 01:57 AM",Bridge with world's tallest rigid-frame pier opens to traffic in SW China
"Published: Jul 01, 2022 10:12 AM","Celebration of 25th anniversary of Hong Kong’s return to motherland and inauguration ceremony of sixth-term HKSAR government start, President Xi to deliver an important speech"
"Published: Jul 01, 2022 10:20 AM",John Lee and the 6th-term HKSAR government sworn in by Chinese President Xi Jinping
"Published: Jul 01, 2022 11:00 AM","Practice of “one country, two systems” in HK is a success recognized by all: Xi"
"Published: Jul 01, 2022 11:14 AM","No reason to change 'one country, two systems'; such a good system must be upheld over long run: Xi"
"Published: Jul 01, 2022 11:21 AM",Keeping administering power in HKSAR firmly in the hands of patriots will ensure long-term stability: Xi
"Published: Jul 01, 2022 01:09 PM","John Lee sworn in as HKSAR new chief executive, vows to build a dynamic, harmonious city full of opportunities"
"Published: Jul 01, 2022 01:33 PM",Surface tension explains stagnant water: China responds to foreign conspiracy theories on space training video
"Published: Jul 01, 2022 01:49 PM","HK's new chief executive joins social media to share work, thanks his wife in post"
"Published: Jul 01, 2022 04:58 PM","'Not qualified to comment on a prosperous, stable and united HK,' Foreign Ministry slams Blinken, Johnson's 'outdated colonial' remarks"
"Published: Jul 01, 2022 05:42 PM Updated: Jul 02, 2022 09:00 PM","GT investigates: Cheaper than machines, working 70 hours under exploitive laws – life of 500,000 US child farmworkers"
"Published: Jul 01, 2022 08:58 PM","Xi marks HKSAR’s 25th anniversary, points clear future of city as ‘no need to change a good system’"
"Published: Jul 01, 2022 09:46 PM","HK’s ‘hardline’ new chief vows inclusive, vibrant city, expected to firmly heed Xi’s 4-point expectations"
"Published: Jul 01, 2022 10:21 PM","HK police bid farewell to “Yes, Sir”; changes remove colonial marks, bring back memories of ending century-long humiliation in 1997"
"Published: Jul 01, 2022 11:39 PM Updated: Jul 02, 2022 08:59 PM",Xi praises PLA’s HK Garrison for serving central govt’s administration of HK
"Published: Jul 02, 2022 12:17 AM",Red tourism resumes as epidemic wanes and CPC celebrates 101st birthday
"Published: Jul 02, 2022 12:51 AM","China, Solomon Islands see security cooperation progress"
"Published: Jul 02, 2022 01:25 AM","S.Korea sends largest-ever contingent to RIMPAC, a ‘dangerous’ move to deviate from neutral stance for US Indo-Pacific strategy"
"Published: Jul 02, 2022 01:37 AM",Retaking the oath
"Published: Jul 02, 2022 12:06 PM","China's UN envoy urges US to lift coercion on Afghanistan, fix its humanitarian damage on civilians"
"Published: Jul 02, 2022 07:44 PM",Multiple Chinese cities tighten anti-epidemic measures as nearly 200 new COVID infections are found in a day across China
"Published: Jul 02, 2022 08:16 PM","Beijing, Shanghai expedite air, train transport recovery as Omicron ebbs"
"Published: Jul 02, 2022 08:53 PM",Typhoon Chaba lands in Guangdong; opening of Hong Kong Palace Museum postponed
"Published: Jul 03, 2022 10:54 AM","Fourth volume of ""Xi Jinping: The Governance of China"" published"
"Published: Jul 03, 2022 12:37 PM Updated: Jul 03, 2022 12:15 PM","E. China’s Anhui Province reports a COVID-19 spike, with a county’s infections reaching nearly 300 in one day"
"Published: Jul 03, 2022 12:44 PM Updated: Jul 03, 2022 12:37 PM",FT is playing the trick of a thief crying stop thief: Chinese Embassy in the UK responds to media’s accusations of digital espionage
"Published: Jul 03, 2022 01:27 PM",27 missing after vessel sinks while resisting typhoon Chaba in S.China's Guangdong
"Published: Jul 03, 2022 03:50 PM Updated: Jul 03, 2022 03:46 PM",HK will surely embrace prosperity and sound governance and those who go against the trend have no future: Commissioner’s office
"Published: Jul 03, 2022 06:39 PM","Aircraft carrier Shandong wraps up maintenance, prepares for voyage"
"Published: Jul 03, 2022 07:32 PM","Typhoon Chaba heads north after making landfall in S. China’s Guangdong, raising flood alarm"
"Published: Jul 03, 2022 07:29 PM Updated: Jul 03, 2022 07:23 PM","E China’s Anhui Party chief urges some local officials to rectify bureaucratic work style, not engage in vanity projects"
"Published: Jul 03, 2022 08:21 PM","Hong Kong Palace Museum opens to public, using unique culture heritage to tell China's story"
"Published: Jul 03, 2022 08:39 PM","China faces challenges posed by new resurgences, links with policy adjustment dismissed"
"Published: Jul 03, 2022 09:00 PM","UK urged to shake off ""colonial"" and ""sour grapes"" mentality after British officials make reckless remarks on HK"
"Published: Jul 03, 2022 09:03 PM","Taiwan island personnel fail to sneak into UN ocean conference, shame themselves: Chinese Embassy in Fiji"
"Published: Jul 03, 2022 09:12 PM",City of the future: Xiong’an becomes a model for urban high-quality devt under CPC leadership
"Published: Jul 03, 2022 09:17 PM",Adhering to people-centered principle to promote high-quality economic development
"Published: Jul 03, 2022 09:56 PM Updated: Jul 04, 2022 12:20 AM",NASA chief urged to drop Cold War mentality after his lashing out at China's space progress
"Published: Jul 03, 2022 10:03 PM","China hit by year's first typhoon, raising flood alarm"
"Published: Jul 03, 2022 10:07 PM Updated: Jul 04, 2022 12:32 AM","Independence Day overshadowed by inflation, public anger over incompetence of Biden administration"
"Published: Jul 03, 2022 11:00 PM",Gansu Provincial Museum restocks its inventory of a plush toy of an ancient bronze horse statue
"Published: Jul 03, 2022 11:15 PM",Modern Slavery Empire under 'human rights beacon'
"Published: Jul 03, 2022 11:18 PM",9th batch of the remains of CPV martyrs to return to China from South Korea
"Published: Jul 04, 2022 12:27 AM","China to contribute wisdom, solution, enhance unity as its diplomacy enters ‘Asian moment’ in second half of 2022"
"Published: Jul 04, 2022 12:46 AM","Former Japanese PM criticizes US and Japanese politicians' hype on the Taiwan question, stressing importance of the one-China principle"
"Published: Jul 04, 2022 01:12 AM","China to promote practical cooperation with Myanmar, increase direct flights for students to return to China"
"Published: Jul 04, 2022 06:35 PM",Red Building sets up educational base for students to practice ideological and political classes
"Published: Jul 04, 2022 07:33 PM",Singer Jacky Cheung says he is ‘proud to be Chinese’ after controversial video message
"Published: Jul 04, 2022 07:39 PM",China's latest CH tilt-rotor drone gets domestically developed engine
"Published: Jul 04, 2022 09:10 PM",All-out rescue continues as 12 bodies found after typhoon shipwreck
"Published: Jul 04, 2022 09:48 PM","Chinese, Russian warships approach Diaoyu Islands as Russia ‘sends warning to Japan’"
"Published: Jul 04, 2022 10:33 PM",Outbreak in Anhui county reveals anti-epidemic dilemma in rural areas
"Published: Jul 04, 2022 10:32 PM Updated: Jul 04, 2022 10:27 PM","China opens more than 5,000 free blood sampling sites to help family reunions"
"Published: Jul 04, 2022 10:54 PM Updated: Jul 04, 2022 11:28 PM","US, Russian envoys clash over Ukraine crisis at Beijing forum as Chinese experts call on major powers to control ‘spillover effect’"
"Published: Jul 04, 2022 11:08 PM",Approval ratings of Yoon of S.Korea plummet after presence at NATO
"Published: Jul 04, 2022 11:13 PM",Sinovac launches clinical trial for Omicron-specific vaccine
"Published: Jul 04, 2022 11:23 PM",China proposes 6 programs with Lancang-Mekong countries despite ‘customary’ Western provocation of ties
"Published: Jul 04, 2022 11:40 PM","Commissioner's Office of Chinese FM condemns French politicians for slandering the practice of 'one country, two systems' in Hong Kong"
"Published: Jul 05, 2022 12:44 AM",China further streamlines procedures for intl arrivals
