﻿"Published: Jan 22, 2020 09:15 PM Updated: Apr 11, 2022 09:00 AM",Real-time update on coronavirus outbreak
"Published: Mar 17, 2022 08:44 PM",What is the US hiding in the biolabs discovered in Ukraine?
"Published: Apr 07, 2022 12:03 AM",Omicron fatality rate is still much higher than flu: experts
"Published: Apr 07, 2022 12:25 AM","Shanghai fights decisive battle against Omicron with swifter actions; nearby cities provide 60,000 beds for quarantine"
"Published: Apr 07, 2022 11:16 AM",CAAC vows to ensure an absolute safety after plane crash
"Published: Apr 07, 2022 01:43 PM",China launches new civilian remote sensing satellite with high-resolution imaging capability 
"Published: Apr 07, 2022 03:10 PM","China strongly opposes latest US arms sales to Taiwan island, vows to take powerful measures"
"Published: Apr 07, 2022 04:43 PM Updated: Apr 08, 2022 10:48 AM","Pelosi ‘tests positive, postpones Asia trip’ after China warns resolute, forceful measures over reported Taiwan visit"
"Published: Apr 07, 2022 05:41 PM","Shanghai assures supply of daily necessities to 25 million, vows to solve ‘last 100-meter’ problem"
"Published: Apr 07, 2022 06:49 PM",Changing negative impression toward China: What lesson have Indians learned from their own experiences
"Published: Apr 07, 2022 06:48 PM","23 CDC experts selected as the global top 100,000 scientists"
"Published: Apr 07, 2022 07:31 PM","Cluster infections reported in E China port city, 17 of 18 crew members of a fishing boat tested positive"
"Published: Apr 07, 2022 08:03 PM","5 people under investigation for deliberately concealing information, risking COVID-19 transmission"
"Published: Apr 07, 2022 08:22 PM","Two batches of imported clothes test positive for COVID-19 in Beijing, as 4 transmission chains found in 5 days"
"Published: Apr 07, 2022 09:03 PM",Virus-hit Jilin Province closer to dynamic-zero goal as Yanbian clears all lockdown communities
"Published: Apr 07, 2022 09:31 PM","National agro and reserve system, needs-based imports ensure food security for 1.4 billion"
"Published: Apr 07, 2022 09:45 PM","US, NATO seek united front with Asia-Pacific allies to isolate Russia, pressure China over Ukraine crisis"
"Published: Apr 07, 2022 09:54 PM","Shanghai vows to ensure daily supplies, solve delivery difficulties as local infections exceed 100k"
"Published: Apr 07, 2022 10:28 PM","China urges US to apologize, compensate Afghans for drug problems it inflicted on country"
"Published: Apr 07, 2022 10:16 PM",Exclusive: Next-generation circRNA COVID-19 vaccine prepares for clinical trials: Chinese scientist
"Published: Apr 07, 2022 11:11 PM",US shuns UN meeting on biological security to 'cover up guilt conscience'
"Published: Apr 07, 2022 11:26 PM",Shanghai officials dismissed for poor efforts in COVID-19 battle
"Published: Apr 08, 2022 01:55 AM","Resolution to suspend Russia from UN Human Rights Council not open or transparent, aggravates division among member states: Chinese envoy"
"Published: Apr 08, 2022 02:45 AM",COVID-devastated Shanghai could clean up cases in the community in as soon as 10 days: CDC chief epidemiologist
"Published: Apr 08, 2022 03:04 AM","Ignoring the facts, needs of China-Solomon Islands security cooperation and hyping groundless accusations on China show Western arrogance, hegemony: experts"
"Published: Apr 08, 2022 10:34 AM",Xi calls on nation to carry on Beijing 2022 Olympic spirit toward rejuvenation at event honoring role models
"Published: Apr 08, 2022 11:23 AM","China realizes goal of involving 300 million people in ice, snow activities: Xi"
"Published: Apr 08, 2022 11:27 AM","China has presented the world with streamlined, safe and splendid Games, honoring its promise to the international community: Xi"
"Published: Apr 08, 2022 11:45 AM","China’s socialist system a solid foundation for successful Beijing Olympic, Paralympic Winter Games: Xi"
"Published: Apr 08, 2022 01:12 PM",China's central govt approves resignation of John Lee who would run for HK Chief Executive
"Published: Apr 08, 2022 01:12 PM","Shanghai cyberspace regulator dismisses epidemic-related rumors, calls for punishment on perpetrators"
"Published: Apr 08, 2022 04:53 PM","Chinese netizens advise Pelosi to see a doctor, not secessionists on Taiwan island"
"Published: Apr 08, 2022 05:27 PM","Shanghai registers 130,000 COVID-19 positive cases amid Omicron outbreak; one in critical condition"
"Published: Apr 08, 2022 06:57 PM",Xi-Duterte talks stress safeguarding joint security by regional countries
"Published: Apr 08, 2022 07:25 PM","90 percent of Chinese netizens believe the US is a bully in Ukraine crisis, coercive toward China: survey"
"Published: Apr 08, 2022 07:56 PM","US-pushed resolution suspends Russia from human rights body, ‘splits UN with partial facts’"
"Published: Apr 08, 2022 08:48 PM","Shenzhen reopens high schools, cultural venues, as anti-Omicron method ensures 'quickest recovery’"
"Published: Apr 08, 2022 09:25 PM","Two years after lifting of Wuhan lockdown, national mobilization led by CPC continues to inject confidence in Shanghai’s virus fight"
"Published: Apr 08, 2022 09:26 PM",Shanghai officials sacked for dereliction of duty over COVID-19
"Published: Apr 08, 2022 09:53 PM",Beijing COVID-19 cases associated with imported clothes
"Published: Apr 08, 2022 10:15 PM",US’ exclusive opposition to the biological weapons verification regime an egregious act of seeking global hegemony
"Published: Apr 08, 2022 10:23 PM",China firmly rejects US accusations about hacking
"Published: Apr 08, 2022 10:28 PM",Shanghai to conduct a new round of citywide COVID19 antigen tests on Saturday
"Published: Apr 08, 2022 11:25 PM","US stretches ‘black hand’ for long-arm jurisdiction; hearing on ‘forced labor’ hypocritical, absurd: Xinjiang official"
"Published: Apr 08, 2022 11:49 PM",Top expert recommends using different vaccine for booster shots
"Published: Apr 09, 2022 02:03 PM Updated: Apr 10, 2022 07:55 AM",Coexistence with virus the West's choice out of no choice; China still has better choice: Hong Kong professional
"Published: Apr 09, 2022 02:16 PM",Guangzhou starts citywide anti-COVID efforts amid situation more severe than previous Delta-driven flare-up
"Published: Apr 09, 2022 05:03 PM","HK’s John Lee joins Chief Executive race, highlighting national loyalty and rule of law"
"Published: Apr 09, 2022 06:21 PM","Shanghai opens largest makeshift hospital with 50,000 beds, may see ‘end of epidemic in early May’ under strict measures"
"Published: Apr 09, 2022 08:18 PM Updated: Apr 10, 2022 07:55 AM","Wang Yi supports Serbia’s independent foreign policy, Serbian FM vows to uphold ‘true friendship’ during phone call"
"Published: Apr 10, 2022 10:59 AM",Shanghai Big Data Center apologizes for inconvenience caused by network jam
"Published: Apr 10, 2022 11:21 AM","China should stick to dynamic zero-COVID policy rather than ‘lie flat,’ said leading expert in Shanghai"
"Published: Apr 10, 2022 02:37 PM Updated: Apr 10, 2022 12:00 AM","Shanghai says crucial supplies to residents to increase, with e-commerce platforms, couriers resuming operation"
"Published: Apr 10, 2022 06:49 PM",Spotting of six Y-20 cargo planes in Serbia 'displays China's strategic transport capabilities'
"Published: Apr 10, 2022 06:55 PM","China, US need to write more stories of cooperation like Flying Tigers: Chinese Ambassador"
"Published: Apr 10, 2022 07:09 PM",French election 'a tight race' between Macron and Le Pen
"Published: Apr 10, 2022 07:47 PM","Japan, Philippines hold first '2+2' security talks on S.China Sea"
"Published: Apr 10, 2022 08:50 PM Updated: Apr 11, 2022 02:21 PM",‘Omicron just a big flu’ a misperception; some in West attempt to delude Chinese public
"Published: Apr 10, 2022 09:45 PM","The poison disseminator: How US spread biological 'poison', ethnic division and ideological antagonism around the world"
"Published: Apr 10, 2022 09:42 PM","NE China's Jilin to gradually resume work, life routines after it clears COVID-19 in communities"
"Published: Apr 10, 2022 10:03 PM",Pakistan’s political change ‘won’t affect solid friendship with China’
"Published: Apr 10, 2022 09:58 PM",Exclusive: Booster shots still effective in preventing deaths from Omicron: Sinopharm scientist
"Published: Apr 10, 2022 10:02 PM",Guangzhou renovates key fair venue to makeshift hospital amid latest spike
"Published: Apr 10, 2022 10:24 PM",S China's Guangzhou suspends primary and middle schools' in-person classes after reporting 23 COVID-19 infections
"Published: Apr 10, 2022 11:07 PM","E-commerce platforms, couriers in Shanghai multiply supply channels to ensure food, daily necessities"
"Published: Apr 11, 2022 12:07 AM","Shanghai must adhere to dynamic zero-COVID policy, detect and deal with virus spread faster: top Chinese health expert"
"Published: Apr 11, 2022 02:06 AM",Update: Shanghai’s largest residential oxygen manufacturer suspends production as employees tested positive for COVID-19
"Published: Apr 11, 2022 10:32 AM","Over 25,000 COVID-19 abnormal cases detected amid citywide testing in Shanghai"
"Published: Apr 11, 2022 11:03 AM","Former RTHK show host Allan Au arrested, ‘linked to Stand News’"
"Published: Apr 11, 2022 12:14 PM",Xi inspects south China's Hainan Province
"Published: Apr 11, 2022 02:17 PM","Jilin, Shandong to resume production after stamping out community infections"
"Published: Apr 11, 2022 02:02 PM Updated: Apr 11, 2022 02:26 PM",Xi stresses role of 'Chinese seeds' in ensuring food security
"Published: Apr 11, 2022 04:01 PM","Negative nucleic acid results within 48 hours required for subway, bus in Wuhan"
"Published: Apr 11, 2022 04:18 PM","Over 14,000 people in Shanghai discharged from hospital; 7,565 residential communities lift lockdown"
"Published: Apr 11, 2022 04:50 PM","China-S.Korea relationship mutually beneficial, not zero-sum game like in Squid Game: Chinese Ambassador"
"Published: Apr 11, 2022 05:37 PM",Former Party chief of E.China’s Hangzhou to be prosecuted for corruption 
"Published: Apr 11, 2022 06:00 PM",FM slams some Western countries for linking Ukraine crisis and China-Russia ties to achieve ulterior purposes
"Published: Apr 11, 2022 07:46 PM","PLA's delivery of normal military goods to Serbia a 'scheduled cooperation project,' does not target 3rd party: FM"
"Published: Apr 11, 2022 09:25 PM",Balcony orchards: a new way for Chinese people to be self-sufficient during the epidemic
"Published: Apr 11, 2022 09:40 PM",A man trapped after jumping into wishing pond to collect coins leading monks to call the police
"Published: Apr 11, 2022 10:09 PM","Multiple regions learn from Shanghai’s experience, take proactive measures for Omicron spread"
"Published: Apr 11, 2022 10:05 PM",India unlikely to serve as Washington’s pawn over Ukraine despite Biden-Modi meeting: expert
"Published: Apr 11, 2022 10:03 PM","Taiwan celebrities donate supplies, post positive messages on social media to cheer up Omicron hit Shanghai"
"Published: Apr 11, 2022 10:17 PM","PLA gathers hundreds of arms firms, seeks logistics boost from intelligent drones"
"Published: Apr 11, 2022 10:27 PM",Divorced couple may rekindle old love after being quarantined together
"Published: Apr 11, 2022 10:39 PM",US claims of China’s nukes ‘excuse for own expansion’
"Published: Apr 12, 2022 12:04 AM","Shehbaz Sharif elected new Pakistan PM, vows to promote CPEC projects"
"Published: Apr 12, 2022 12:08 AM","Former NASA astronauts, Elon Musk invited to Tiangong Q&A Session with US students for ‘legendary experiences and special roles’"
"Published: Apr 12, 2022 08:14 AM","Chinese envoy calls for end to Ukraine conflict to spare women, children from violence"
"Published: Apr 12, 2022 12:08 PM Updated: Apr 12, 2022 12:04 PM","Production safety accidents in Q1 rebound, cause 3,935 deaths: Chinese authority"
"Published: Apr 12, 2022 02:33 PM Updated: Apr 12, 2022 02:24 PM",National health authority calls for regular monitoring and early warning on campus for epidemic prevention
"Published: Apr 12, 2022 03:13 PM",Over 3.3b doses of vaccines administered in mainland
"Published: Apr 12, 2022 03:14 PM",Xi inspects Wuzhishan in Hainan
"Published: Apr 12, 2022 06:02 PM Updated: Apr 12, 2022 06:11 PM",Boy smashes TV while trying to help Ultraman fight monsters
"Published: Apr 12, 2022 06:06 PM","Guy appeals to court repeatedly for 4 years over 1,000 hair follicles that never got fixed to his head"
"Published: Apr 12, 2022 07:05 PM","China opposes US politicizing ‘consular staff departure’ from Shanghai, urges it to stop attacking China’s COVID policy"
"Published: Apr 12, 2022 07:14 PM",Number of asymptomatic infections decreases for first time since April in Shanghai
"Published: Apr 12, 2022 07:36 PM",Chinese celebrate Intl Day of Human Space Flight in anxious wait for Shenzhou-13's return
"Published: Apr 12, 2022 08:19 PM",Chinese scholars willing to lend a helping hand to Afghan counterparts in conserving relics along the Silk Road
"Published: Apr 12, 2022 09:05 PM","Taiwan’s drills, defense handbook ‘futile in resisting reunification’"
"Published: Apr 12, 2022 09:22 PM","Dynamic zero-COVID strategy ‘the best choice' as infections surpass 325,000: chief epidemiologist of China's CDC"
"Published: Apr 12, 2022 10:12 PM",John Lee highlights Article 23 of the HK Basic Law as top priority
"Published: Apr 12, 2022 10:33 PM",FM firmly opposes US hegemony as recent survey shows 90% of Chinese netizens believe so
"Published: Apr 12, 2022 11:23 PM","Biden plans Japan visit to coordinate Indo-Pacific, but ‘India’s reluctance to sway on Ukraine weakens QUAD’"
"Published: Apr 12, 2022 11:41 PM",Chinese transport authorities to boost development of domestic cold-chain logistics
"Published: Apr 12, 2022 11:44 PM",Govt of Solomon Islands cautions public against fake news following 'leaked correspondence with Chinese embassy'
"Published: Apr 12, 2022 11:57 PM",China doubles down on efforts to unclog transport and logistics arteries
"Published: Apr 13, 2022 12:02 AM",Home quarantine for asymptomatic COVID-19 patients risky for treatment and spread: top CDC expert
"Published: Apr 13, 2022 12:12 AM","Sinovac COVID-19 shot safe and effective for people with HIV, latest study shows"
"Published: Apr 13, 2022 12:14 AM","Ukraine crisis risks escalating amid stalled talks, rising hostility"
