﻿"Published: Aug 16, 2022 09:55 PM","'Without the Communist Party, there would be no new China' lyric reveals how China achieved tremendous achievement: Argentine Ambassador to China"
"Published: Aug 17, 2022 12:37 AM",Malaysia cannot decouple from China's economy; closer integration expected: Malaysian ​ambassador
"Published: Aug 17, 2022 09:15 PM",Climate change driving unprecedented forest fire loss
"Published: Aug 17, 2022 09:16 PM","Pacific besieged with waves of plastic pollution, warns researcher"
"Published: Aug 17, 2022 09:19 PM",Monkeypox to receive new name
"Published: Aug 17, 2022 09:32 PM",Musk says he was joking about buying Man United
"Published: Aug 17, 2022 09:35 PM",Prominent Vatican cardinal accused in Canada sexual assault lawsuit
"Published: Aug 17, 2022 09:45 PM Updated: Aug 17, 2022 09:55 PM","US cuts water supply for some states, Mexico"
"Published: Aug 17, 2022 09:46 PM","Multiple bomb, arson attacks rock southern Thailand"
"Published: Aug 17, 2022 09:51 PM",Tokyo Olympics exec arrested over bribery allegations
"Published: Aug 17, 2022 09:57 PM",PM candidates defy UK’s split-up
"Published: Aug 17, 2022 09:59 PM",Iraqi PM urges rival parties to solve deadlock via dialogue
"Published: Aug 17, 2022 10:01 PM",Bolsonaro and Lula officially kick off Brazilian presidential campaign
"Published: Aug 18, 2022 08:46 PM",Dutch anglers save fish as Rhine drought bites
"Published: Aug 18, 2022 08:55 PM",COVID-19 jab coverage in poorer countries hits 50 percent: vaccine alliance
"Published: Aug 18, 2022 08:59 PM",Belugas enjoy summer at northern refuge
"Published: Aug 18, 2022 09:02 PM",Spacesuit battery glitch forces early end to Russian spacewalk
"Published: Aug 18, 2022 09:06 PM",Newly discovered immune cells vital to fighting cancer
"Published: Aug 18, 2022 09:12 PM",Court hears Najib’s final appeal
"Published: Aug 18, 2022 09:13 PM",Forest fires in N.Algeria leave 38 dead
"Published: Aug 18, 2022 09:16 PM",Hundreds evacuated as ‘frightening’ floods hit New Zealand
"Published: Aug 18, 2022 09:25 PM",US court denies teen an abortion
"Published: Aug 18, 2022 09:27 PM","Victims of terrorism must not be ignored, says UN chief"
"Published: Aug 18, 2022 09:28 PM","Death toll in Kabul mosque blast rises to 21, with 33 wounded: police"
"Published: Aug 18, 2022 11:28 PM",South Korean envoy to China eyes cultural exchanges to nourish bilateral ties for another 30 years and beyond
"Published: Aug 21, 2022 08:49 PM",What rodent drivers can teach people about mental health
"Published: Aug 21, 2022 08:58 PM",UNESCO-listed park damaged by fire
"Published: Aug 21, 2022 09:00 PM",At least 34 killed in 2 Turkey road accidents
"Published: Aug 21, 2022 09:02 PM",Climate change impacting bumblebee wings
"Published: Aug 21, 2022 09:04 PM",Monsoon rains lash India
"Published: Aug 21, 2022 09:23 PM",DR Congo reports one suspected Ebola case: WHO
"Published: Aug 21, 2022 09:29 PM",Australian PM could launch inquiry into Morrison’s secret ministries saga
"Published: Aug 21, 2022 09:57 PM",Possible return
"Published: Aug 21, 2022 10:00 PM",21 killed in Somalia hotel siege
"Published: Aug 21, 2022 10:01 PM",UN chief inspects Ukraine’s grain export
"Published: Aug 21, 2022 10:04 PM",Iran says the West wants to prevent it from producing nuclear fuel
"Published: Aug 21, 2022 11:41 PM","Japan's plan to amass 1,000 long-range missiles against China 'has nothing to do with situation across Taiwan Straits, exposes Japan's peace-breaking ambitions'"
"Published: Aug 22, 2022 07:28 PM",Japan PM Kishida’s support tumbles
"Published: Aug 22, 2022 07:36 PM",Relative of NZ suitcase kids in S.Korea: police
"Published: Aug 22, 2022 07:40 PM",Habeck rejects extending Germany’s nuclear power plants
"Published: Aug 22, 2022 07:42 PM",Schools reopen in Philippines
"Published: Aug 22, 2022 07:43 PM",Tyson Fury calls for action on knife crime
"Published: Aug 22, 2022 07:45 PM","Australia launches preventative DNA screening for cancer, heart disease risks"
"Published: Aug 22, 2022 07:49 PM",Lake upends life for tiny Kenyan tribe
"Published: Aug 22, 2022 08:16 PM",Cheney vows to fight Trump loyalists
"Published: Aug 22, 2022 08:17 PM",Serbia warns it will protect Kosovo Serbs if NATO doesn’t
"Published: Aug 22, 2022 08:19 PM",Somalia prime minister vows accountability over deadly hotel siege
"Published: Aug 22, 2022 10:02 PM","China’s visible achievement in high tech, green energy inspires PICs: Fijian envoy"
"Published: Aug 22, 2022 09:51 PM","US revives drill with S.Korea, ups efforts to disturb region; ‘flexing muscles shows its adventurism’"
"Published: Aug 22, 2022 10:12 PM",People and govt of Vanuatu invited China in as stabilizer for region: Vanuatu observer
"Published: Aug 23, 2022 04:41 PM",Putin: Russia to Pursue Only Those Policies That Meet Its Vital Interests
"Published: Aug 23, 2022 04:45 PM",‘Thankless Task’: Deputy FM Says Resumption of US-Russia Dialogue on Strategic Stability Doubtful
"Published: Aug 23, 2022 08:25 PM",Extreme floods spark fears of further damage among Sudanese
"Published: Aug 23, 2022 08:27 PM",Severe drought in Europe ‘further expanding and worsening’: EU experts
"Published: Aug 23, 2022 08:34 PM",Malaysia’s ex-PM Najib loses final appeal
"Published: Aug 23, 2022 08:35 PM",Aussie researchers advance music therapy for dementia 
"Published: Aug 23, 2022 08:53 PM",Britain to pilot using smaller doses of monkeypox vaccine
"Published: Aug 23, 2022 08:56 PM",Ex-PM Morrison ‘undermined’ govt
"Published: Aug 23, 2022 08:57 PM",Finnish PM tests negative for drugs after party video leak
"Published: Aug 23, 2022 08:58 PM",Swedish police say they disarmed explosives found in Stockholm park
"Published: Aug 23, 2022 09:01 PM",Trump seeks independent vetting
"Published: Aug 23, 2022 09:03 PM",Thousands protest outside New Zealand’s parliament
"Published: Aug 23, 2022 09:05 PM",Japan weighs relaxing border rules on COVID-19: domestic media
"Published: Aug 24, 2022 01:04 AM",Chinese coast guards rescue Vietnamese fisherman in South China Sea
"Published: Aug 24, 2022 04:51 PM",Indian gang runs a fake police station for eight months
"Published: Aug 24, 2022 08:24 PM",Sweltering Saudis escape to mountainous ‘City of Fog’
"Published: Aug 24, 2022 08:26 PM",Edinburgh streets overflowing with rubbish as council staff continue strike
"Published: Aug 24, 2022 08:35 PM",Murdoch sues Aussie media outlet 
"Published: Aug 24, 2022 08:37 PM",Dinosaur tracks in US park revealed by drought
"Published: Aug 24, 2022 08:39 PM",New study links C-section births to major childhood health risks
"Published: Aug 24, 2022 08:43 PM",2 found guilty of plot to kidnap MI governor
"Published: Aug 24, 2022 08:53 PM",Pedro I’s heart back in Brazil for 200th Independence Day
"Published: Aug 24, 2022 08:55 PM",COVID-19 sets back Asia-Pacific’s poverty fight by 2 years: ADB
"Published: Aug 24, 2022 09:02 PM",Kenyans suing UK in EU court
"Published: Aug 24, 2022 09:03 PM",Japan considering building next-gen nuclear reactors: PM Kishida
"Published: Aug 24, 2022 09:06 PM",Ukraine’s grain exports near levels before start of conflict with Russia
"Published: Aug 24, 2022 11:35 PM","Six months on, US adds fuel to Ukraine crisis with $3b aid as world order alters, West hegemony weakens "
"Published: Aug 25, 2022 07:08 PM",Trouser snakes: US smuggler admits carrying reptiles in pants
"Published: Aug 25, 2022 08:55 PM",Relative of man walked upright 7m yrs ago
"Published: Aug 25, 2022 09:00 PM",NY’s highest court allows Harvey Weinstein’s rape appeal
"Published: Aug 25, 2022 09:02 PM",Famed Churchill photograph at Canadian hotel swapped for fake
"Published: Aug 25, 2022 09:10 PM",Ex-Mexican top official to face trial
"Published: Aug 25, 2022 09:16 PM","Tropical storm Ma-on kills 3, injures 4 in Philippines"
"Published: Aug 25, 2022 09:17 PM",Switzerland to buy monkeypox vaccines after criticism over delay
"Published: Aug 25, 2022 09:19 PM",Japan’s national police chief resigns over ex-PM Abe’s assassination
"Published: Aug 25, 2022 09:22 PM",UN official voices concern
"Published: Aug 25, 2022 09:24 PM",US judge blocks part of restrictive Idaho abortion law
"Published: Aug 25, 2022 09:27 PM",Heat wave triggers early leaf fall in UK
"Published: Aug 25, 2022 09:28 PM",British-Belgian teen becomes youngest person to fly solo around the world
"Published: Aug 26, 2022 01:59 AM",Japan must face up to its history of aggression: experts
"Published: Aug 28, 2022 05:24 PM Updated: Aug 28, 2022 05:22 PM",Bull races into Israeli bank
"Published: Aug 28, 2022 05:29 PM Updated: Aug 28, 2022 05:25 PM",Japan’s plastic food artists get creative
"Published: Aug 28, 2022 08:58 PM",‘Dangerous’ heat waves likely to grip the tropics daily by 2100: study
"Published: Aug 28, 2022 08:59 PM",‘Sight to behold’: Tourists flock to Florida for moon rocket launch
"Published: Aug 28, 2022 09:00 PM",Pope Francis creates 20 new cardinals
"Published: Aug 28, 2022 09:01 PM",Plumes of dust as India demolishes illegal skyscrapers
"Published: Aug 28, 2022 09:02 PM","Princess Diana’s Ford Escort sells for 737,000 pounds at auction"
"Published: Aug 28, 2022 09:06 PM","France, Algeria ‘to open new era’"
"Published: Aug 28, 2022 09:08 PM",Tunisia and Morocco recall envoys in W.Sahara row
"Published: Aug 28, 2022 09:09 PM","Bolsonaro, Lula set to face off in Brazil’s presidential election debate"
"Published: Aug 28, 2022 09:17 PM","Pakistan floods death toll tops 1,000"
"Published: Aug 28, 2022 09:19 PM",Iranian lawmaker says nuclear deal is near
"Published: Aug 28, 2022 09:20 PM",US judge indicates intent to name special master in Trump FBI search
